[0 : output] Output to be read-from/written-into folder '.', with prefix 'planck'
[0 : camb] `camb` module loaded successfully from /mnt/project_mnt/farm_fs/mraveri/projects/cobaya/code/CAMB/camb
[2 : planck_2020_lollipop.lowlb] Initialized!
[0 : planck_2020_lollipop.lowlb] Initialized!
[3 : planck_2020_lollipop.lowlb] Initialized!
[1 : planck_2020_lollipop.lowlb] Initialized!
[1 : planck_2020_lollipop.lowleb] Initialized!
[3 : planck_2020_lollipop.lowleb] Initialized!
[2 : planck_2020_lollipop.lowleb] Initialized!
[0 : planck_2020_lollipop.lowleb] Initialized!
[0 : planck_2020_hillipop.ttteee] Initialized!
[3 : planck_2020_hillipop.ttteee] Initialized!
[2 : planck_2020_hillipop.ttteee] Initialized!
[1 : planck_2020_hillipop.ttteee] Initialized!
[0 : mcmc] Getting initial point... (this may take a few seconds)
[1 : mcmc] Getting initial point... (this may take a few seconds)
[2 : mcmc] Getting initial point... (this may take a few seconds)
[3 : mcmc] Getting initial point... (this may take a few seconds)
[3 : mcmc] Initial point: logA:3.049226, ns:0.9659411, theta_MC_100:1.041133, ombh2:0.02237836, omch2:0.1194875, tau:0.0548852, A_planck:0.9988455, cal100A:1, cal100B:1, cal143B:1, cal217A:1, cal217B:1, Aradio:60, Adusty:6, AdustT:1, beta_dustT:1.51, Acib:4, beta_cib:1.75, Atsz:3, Aksz:1, xi:0.1, AdustP:1, beta_dustP:1.59
[1 : mcmc] Initial point: logA:3.049335, ns:0.9562769, theta_MC_100:1.041427, ombh2:0.02227824, omch2:0.1211145, tau:0.05760876, A_planck:0.9976227, cal100A:1, cal100B:1, cal143B:1, cal217A:1, cal217B:1, Aradio:60, Adusty:6, AdustT:1, beta_dustT:1.51, Acib:4, beta_cib:1.75, Atsz:3, Aksz:1, xi:0.1, AdustP:1, beta_dustP:1.59
[0 : mcmc] Initial point: logA:3.048886, ns:0.9640956, theta_MC_100:1.041061, ombh2:0.02243962, omch2:0.121515, tau:0.04831856, A_planck:1.005127, cal100A:1, cal100B:1, cal143B:1, cal217A:1, cal217B:1, Aradio:60, Adusty:6, AdustT:1, beta_dustT:1.51, Acib:4, beta_cib:1.75, Atsz:3, Aksz:1, xi:0.1, AdustP:1, beta_dustP:1.59
[2 : mcmc] Initial point: logA:3.050635, ns:0.9643827, theta_MC_100:1.04105, ombh2:0.02226812, omch2:0.119145, tau:0.06708484, A_planck:0.99636, cal100A:1, cal100B:1, cal143B:1, cal217A:1, cal217B:1, Aradio:60, Adusty:6, AdustT:1, beta_dustT:1.51, Acib:4, beta_cib:1.75, Atsz:3, Aksz:1, xi:0.1, AdustP:1, beta_dustP:1.59
[0 : model] Measuring speeds... (this may take a few seconds)
[0 : model] Setting measured speeds (per sec): {planck_2018_lowl.EE: 4120.0, planck_2018_lowl.TT: 232.0, planck_2020_lollipop.lowlB: 2110.0, planck_2020_lollipop.lowlEB: 97.6, planck_2020_hillipop.TTTEEE: 0.925, camb.transfers: 0.17, camb: 0.315}
[0 : mcmc] Dragging with number of interpolating steps:
[0 : mcmc] * 1 : [['theta_MC_100', 'ombh2', 'omch2', 'tau'], ['logA', 'ns']]
[0 : mcmc] * 6 : [['A_planck'], ['cal100A', 'cal100B', 'cal143B', 'cal217A', 'cal217B', 'Aradio', 'Adusty', 'AdustT', 'beta_dustT', 'Acib', 'beta_cib', 'Atsz', 'Aksz', 'xi', 'AdustP', 'beta_dustP']]
[0 : autoselect_covmat] No cached covmat database present, not usable or not up-to-date. Will be re-created and cached.
[0 : mcmc] Covariance matrix selected automatically: /mnt/project_mnt/farm_fs/mraveri/projects/cobaya/data/planck_supp_data_and_covmats/covmats/base_TT_lowE_plikHM.covmat
[0 : mcmc] Covariance matrix loaded for params ['ombh2', 'omch2', 'theta_MC_100', 'tau', 'logA', 'ns', 'A_planck', 'xi']
[0 : mcmc] Missing proposal covariance for params ['cal100A', 'cal100B', 'cal143B', 'cal217A', 'cal217B', 'Aradio', 'Adusty', 'AdustT', 'beta_dustT', 'Acib', 'beta_cib', 'Atsz', 'Aksz', 'AdustP', 'beta_dustP']
[0 : mcmc] Covariance matrix not complete. We will start learning the covariance of the proposal earlier: R-1 = 3000 (would be 300 if all params loaded).
[0 : mcmc] Sampling!
[2 : mcmc] Progress @ 2025-04-17 08:50:59 : 1 steps taken, and 0 accepted.
[0 : mcmc] Progress @ 2025-04-17 08:51:04 : 1 steps taken, and 0 accepted.
[1 : mcmc] Progress @ 2025-04-17 08:51:04 : 1 steps taken, and 0 accepted.
[3 : mcmc] Progress @ 2025-04-17 08:51:05 : 1 steps taken, and 0 accepted.
[2 : mcmc] Progress @ 2025-04-17 08:53:01 : 11 steps taken, and 2 accepted.
[3 : mcmc] Progress @ 2025-04-17 08:53:05 : 12 steps taken, and 3 accepted.
[0 : mcmc] Progress @ 2025-04-17 08:53:11 : 13 steps taken, and 3 accepted.
[1 : mcmc] Progress @ 2025-04-17 08:53:18 : 12 steps taken, and 3 accepted.
[2 : mcmc] Progress @ 2025-04-17 08:55:06 : 22 steps taken, and 5 accepted.
[3 : mcmc] Progress @ 2025-04-17 08:55:12 : 23 steps taken, and 6 accepted.
[0 : mcmc] Progress @ 2025-04-17 08:55:15 : 25 steps taken, and 4 accepted.
[1 : mcmc] Progress @ 2025-04-17 08:55:30 : 23 steps taken, and 3 accepted.
[2 : mcmc] Progress @ 2025-04-17 08:57:08 : 33 steps taken, and 8 accepted.
[3 : mcmc] Progress @ 2025-04-17 08:57:19 : 35 steps taken, and 10 accepted.
[0 : mcmc] Progress @ 2025-04-17 08:57:24 : 37 steps taken, and 7 accepted.
[1 : mcmc] Progress @ 2025-04-17 08:57:30 : 33 steps taken, and 6 accepted.
[2 : mcmc] Progress @ 2025-04-17 08:59:15 : 44 steps taken, and 9 accepted.
[3 : mcmc] Progress @ 2025-04-17 08:59:23 : 46 steps taken, and 11 accepted.
[1 : mcmc] Progress @ 2025-04-17 08:59:34 : 44 steps taken, and 8 accepted.
[0 : mcmc] Progress @ 2025-04-17 08:59:36 : 50 steps taken, and 15 accepted.
[2 : mcmc] Progress @ 2025-04-17 09:01:21 : 55 steps taken, and 11 accepted.
[3 : mcmc] Progress @ 2025-04-17 09:01:27 : 58 steps taken, and 13 accepted.
[1 : mcmc] Progress @ 2025-04-17 09:01:40 : 55 steps taken, and 13 accepted.
[0 : mcmc] Progress @ 2025-04-17 09:01:45 : 62 steps taken, and 18 accepted.
[2 : mcmc] Progress @ 2025-04-17 09:03:24 : 66 steps taken, and 13 accepted.
[3 : mcmc] Progress @ 2025-04-17 09:03:32 : 71 steps taken, and 16 accepted.
[1 : mcmc] Progress @ 2025-04-17 09:03:45 : 66 steps taken, and 15 accepted.
[0 : mcmc] Progress @ 2025-04-17 09:03:56 : 74 steps taken, and 20 accepted.
[2 : mcmc] Progress @ 2025-04-17 09:05:27 : 77 steps taken, and 13 accepted.
[3 : mcmc] Progress @ 2025-04-17 09:05:40 : 84 steps taken, and 19 accepted.
[1 : mcmc] Progress @ 2025-04-17 09:05:49 : 77 steps taken, and 16 accepted.
[0 : mcmc] Progress @ 2025-04-17 09:05:58 : 86 steps taken, and 22 accepted.
[2 : mcmc] Progress @ 2025-04-17 09:07:32 : 88 steps taken, and 13 accepted.
[3 : mcmc] Progress @ 2025-04-17 09:07:51 : 97 steps taken, and 19 accepted.
[1 : mcmc] Progress @ 2025-04-17 09:07:57 : 88 steps taken, and 17 accepted.
[0 : mcmc] Progress @ 2025-04-17 09:08:06 : 99 steps taken, and 24 accepted.
[2 : mcmc] Progress @ 2025-04-17 09:09:35 : 98 steps taken, and 15 accepted.
[3 : mcmc] Progress @ 2025-04-17 09:09:54 : 109 steps taken, and 19 accepted.
[1 : mcmc] Progress @ 2025-04-17 09:10:03 : 99 steps taken, and 20 accepted.
[0 : mcmc] Progress @ 2025-04-17 09:10:15 : 110 steps taken, and 24 accepted.
[2 : mcmc] Progress @ 2025-04-17 09:11:38 : 109 steps taken, and 17 accepted.
[3 : mcmc] Progress @ 2025-04-17 09:12:00 : 123 steps taken, and 21 accepted.
[1 : mcmc] Progress @ 2025-04-17 09:12:11 : 110 steps taken, and 23 accepted.
[0 : mcmc] Progress @ 2025-04-17 09:12:18 : 122 steps taken, and 28 accepted.
[2 : mcmc] Progress @ 2025-04-17 09:13:41 : 120 steps taken, and 18 accepted.
[3 : mcmc] Progress @ 2025-04-17 09:14:10 : 137 steps taken, and 23 accepted.
[1 : mcmc] Progress @ 2025-04-17 09:14:21 : 122 steps taken, and 26 accepted.
[0 : mcmc] Progress @ 2025-04-17 09:14:26 : 135 steps taken, and 30 accepted.
[2 : mcmc] Progress @ 2025-04-17 09:15:47 : 131 steps taken, and 21 accepted.
[3 : mcmc] Progress @ 2025-04-17 09:16:18 : 150 steps taken, and 24 accepted.
[1 : mcmc] Progress @ 2025-04-17 09:16:23 : 133 steps taken, and 28 accepted.
[0 : mcmc] Progress @ 2025-04-17 09:16:28 : 147 steps taken, and 32 accepted.
[2 : mcmc] Progress @ 2025-04-17 09:17:49 : 142 steps taken, and 22 accepted.
[3 : mcmc] Progress @ 2025-04-17 09:18:21 : 163 steps taken, and 26 accepted.
[1 : mcmc] Progress @ 2025-04-17 09:18:30 : 144 steps taken, and 31 accepted.
[0 : mcmc] Progress @ 2025-04-17 09:18:35 : 160 steps taken, and 35 accepted.
[2 : mcmc] Progress @ 2025-04-17 09:19:51 : 153 steps taken, and 23 accepted.
[3 : mcmc] Progress @ 2025-04-17 09:20:26 : 175 steps taken, and 29 accepted.
[1 : mcmc] Progress @ 2025-04-17 09:20:35 : 155 steps taken, and 31 accepted.
[0 : mcmc] Progress @ 2025-04-17 09:20:42 : 174 steps taken, and 37 accepted.
[2 : mcmc] Progress @ 2025-04-17 09:22:00 : 164 steps taken, and 25 accepted.
[3 : mcmc] Progress @ 2025-04-17 09:22:30 : 188 steps taken, and 32 accepted.
[0 : mcmc] Progress @ 2025-04-17 09:22:46 : 187 steps taken, and 40 accepted.
[1 : mcmc] Progress @ 2025-04-17 09:22:48 : 167 steps taken, and 31 accepted.
[2 : mcmc] Progress @ 2025-04-17 09:24:10 : 176 steps taken, and 27 accepted.
[3 : mcmc] Progress @ 2025-04-17 09:24:36 : 200 steps taken, and 32 accepted.
[0 : mcmc] Progress @ 2025-04-17 09:24:51 : 199 steps taken, and 42 accepted.
[1 : mcmc] Progress @ 2025-04-17 09:24:57 : 179 steps taken, and 33 accepted.
[2 : mcmc] Progress @ 2025-04-17 09:26:20 : 187 steps taken, and 31 accepted.
[3 : mcmc] Progress @ 2025-04-17 09:26:41 : 213 steps taken, and 34 accepted.
[0 : mcmc] Progress @ 2025-04-17 09:26:57 : 212 steps taken, and 46 accepted.
[1 : mcmc] Progress @ 2025-04-17 09:26:59 : 189 steps taken, and 35 accepted.
[2 : mcmc] Progress @ 2025-04-17 09:28:21 : 198 steps taken, and 33 accepted.
[3 : mcmc] Progress @ 2025-04-17 09:28:44 : 225 steps taken, and 36 accepted.
[0 : mcmc] Progress @ 2025-04-17 09:28:58 : 223 steps taken, and 47 accepted.
[1 : mcmc] Progress @ 2025-04-17 09:29:06 : 201 steps taken, and 40 accepted.
[2 : mcmc] Progress @ 2025-04-17 09:30:24 : 209 steps taken, and 34 accepted.
[3 : mcmc] Progress @ 2025-04-17 09:30:53 : 237 steps taken, and 36 accepted.
[0 : mcmc] Progress @ 2025-04-17 09:31:05 : 235 steps taken, and 48 accepted.
[1 : mcmc] Progress @ 2025-04-17 09:31:18 : 212 steps taken, and 41 accepted.
[2 : mcmc] Progress @ 2025-04-17 09:32:30 : 220 steps taken, and 36 accepted.
[3 : mcmc] Progress @ 2025-04-17 09:33:03 : 250 steps taken, and 38 accepted.
[0 : mcmc] Progress @ 2025-04-17 09:33:05 : 246 steps taken, and 49 accepted.
[1 : mcmc] Progress @ 2025-04-17 09:33:20 : 223 steps taken, and 42 accepted.
[2 : mcmc] Progress @ 2025-04-17 09:34:34 : 231 steps taken, and 39 accepted.
[3 : mcmc] Progress @ 2025-04-17 09:35:07 : 262 steps taken, and 40 accepted.
[0 : mcmc] Progress @ 2025-04-17 09:35:14 : 258 steps taken, and 53 accepted.
[1 : mcmc] Progress @ 2025-04-17 09:35:32 : 235 steps taken, and 46 accepted.
[2 : mcmc] Progress @ 2025-04-17 09:36:38 : 243 steps taken, and 41 accepted.
[3 : mcmc] Progress @ 2025-04-17 09:37:13 : 273 steps taken, and 43 accepted.
[0 : mcmc] Progress @ 2025-04-17 09:37:18 : 271 steps taken, and 57 accepted.
[1 : mcmc] Progress @ 2025-04-17 09:37:38 : 248 steps taken, and 47 accepted.
[2 : mcmc] Progress @ 2025-04-17 09:38:48 : 256 steps taken, and 43 accepted.
[3 : mcmc] Progress @ 2025-04-17 09:39:14 : 286 steps taken, and 45 accepted.
[0 : mcmc] Progress @ 2025-04-17 09:39:28 : 284 steps taken, and 59 accepted.
[1 : mcmc] Progress @ 2025-04-17 09:39:45 : 259 steps taken, and 48 accepted.
[0 : mcmc] Learn + convergence test @ 60 samples accepted.
[0 : mcmc] Ready to check convergence and learn a new proposal covmat (waiting for the rest...)
[2 : mcmc] Progress @ 2025-04-17 09:40:54 : 267 steps taken, and 43 accepted.
[3 : mcmc] Progress @ 2025-04-17 09:41:16 : 298 steps taken, and 47 accepted.
[0 : mcmc] Progress @ 2025-04-17 09:41:29 : 295 steps taken, and 63 accepted.
[1 : mcmc] Progress @ 2025-04-17 09:41:50 : 270 steps taken, and 50 accepted.
[2 : mcmc] Progress @ 2025-04-17 09:43:04 : 279 steps taken, and 44 accepted.
[3 : mcmc] Progress @ 2025-04-17 09:43:17 : 310 steps taken, and 50 accepted.
[0 : mcmc] Progress @ 2025-04-17 09:43:32 : 307 steps taken, and 63 accepted.
[1 : mcmc] Progress @ 2025-04-17 09:43:50 : 281 steps taken, and 52 accepted.
[2 : mcmc] Progress @ 2025-04-17 09:45:09 : 290 steps taken, and 44 accepted.
[3 : mcmc] Progress @ 2025-04-17 09:45:19 : 321 steps taken, and 52 accepted.
[0 : mcmc] Progress @ 2025-04-17 09:45:44 : 320 steps taken, and 66 accepted.
[1 : mcmc] Progress @ 2025-04-17 09:45:56 : 292 steps taken, and 54 accepted.
[2 : mcmc] Progress @ 2025-04-17 09:47:12 : 301 steps taken, and 45 accepted.
[3 : mcmc] Progress @ 2025-04-17 09:47:24 : 334 steps taken, and 55 accepted.
[0 : mcmc] Progress @ 2025-04-17 09:47:44 : 331 steps taken, and 68 accepted.
[1 : mcmc] Progress @ 2025-04-17 09:48:01 : 303 steps taken, and 57 accepted.
[2 : mcmc] Progress @ 2025-04-17 09:49:24 : 313 steps taken, and 46 accepted.
[3 : mcmc] Progress @ 2025-04-17 09:49:27 : 347 steps taken, and 57 accepted.
[0 : mcmc] Progress @ 2025-04-17 09:49:47 : 343 steps taken, and 72 accepted.
[1 : mcmc] Progress @ 2025-04-17 09:50:05 : 314 steps taken, and 59 accepted.
[2 : mcmc] Progress @ 2025-04-17 09:51:34 : 325 steps taken, and 46 accepted.
[3 : mcmc] Progress @ 2025-04-17 09:51:36 : 359 steps taken, and 58 accepted.
[0 : mcmc] Progress @ 2025-04-17 09:51:52 : 354 steps taken, and 76 accepted.
[1 : mcmc] Learn + convergence test @ 60 samples accepted.
[1 : mcmc] Ready to check convergence and learn a new proposal covmat (waiting for the rest...)
[1 : mcmc] Progress @ 2025-04-17 09:52:10 : 325 steps taken, and 60 accepted.
[3 : mcmc] Learn + convergence test @ 60 samples accepted.
[3 : mcmc] Ready to check convergence and learn a new proposal covmat (waiting for the rest...)
[3 : mcmc] Progress @ 2025-04-17 09:53:40 : 371 steps taken, and 61 accepted.
[2 : mcmc] Progress @ 2025-04-17 09:53:41 : 337 steps taken, and 46 accepted.
[0 : mcmc] Progress @ 2025-04-17 09:53:58 : 365 steps taken, and 80 accepted.
[1 : mcmc] Progress @ 2025-04-17 09:54:16 : 336 steps taken, and 61 accepted.
[2 : mcmc] Progress @ 2025-04-17 09:55:45 : 348 steps taken, and 49 accepted.
[3 : mcmc] Progress @ 2025-04-17 09:55:49 : 383 steps taken, and 64 accepted.
[0 : mcmc] Progress @ 2025-04-17 09:56:04 : 377 steps taken, and 81 accepted.
[1 : mcmc] Progress @ 2025-04-17 09:56:26 : 347 steps taken, and 63 accepted.
[2 : mcmc] Progress @ 2025-04-17 09:57:47 : 359 steps taken, and 53 accepted.
[3 : mcmc] Progress @ 2025-04-17 09:57:58 : 395 steps taken, and 64 accepted.
[0 : mcmc] Progress @ 2025-04-17 09:58:10 : 389 steps taken, and 86 accepted.
[1 : mcmc] Progress @ 2025-04-17 09:58:37 : 359 steps taken, and 65 accepted.
[2 : mcmc] Progress @ 2025-04-17 09:59:54 : 371 steps taken, and 55 accepted.
[3 : mcmc] Progress @ 2025-04-17 09:59:58 : 406 steps taken, and 66 accepted.
[0 : mcmc] Progress @ 2025-04-17 10:00:15 : 400 steps taken, and 88 accepted.
[1 : mcmc] Progress @ 2025-04-17 10:00:41 : 370 steps taken, and 67 accepted.
[2 : mcmc] Progress @ 2025-04-17 10:01:58 : 383 steps taken, and 57 accepted.
[3 : mcmc] Progress @ 2025-04-17 10:02:08 : 419 steps taken, and 68 accepted.
[0 : mcmc] Progress @ 2025-04-17 10:02:18 : 412 steps taken, and 92 accepted.
[1 : mcmc] Progress @ 2025-04-17 10:02:47 : 382 steps taken, and 69 accepted.
[2 : mcmc] Learn + convergence test @ 60 samples accepted.
[2 : mcmc] Ready to check convergence and learn a new proposal covmat (waiting for the rest...)
[3 : mcmc] Progress @ 2025-04-17 10:04:13 : 431 steps taken, and 74 accepted.
[0 : mcmc] Progress @ 2025-04-17 10:04:19 : 423 steps taken, and 96 accepted.
[0 : mcmc] All chains are ready to check convergence and learn a new proposal covmat
[0 : mcmc]  - Acceptance rate: 0.193 = avg([0.2424, 0.1791, 0.1429, 0.1836])
[0 : mcmc]  - Convergence of means: R-1 = 11486.806801 after 303 accepted steps = sum([96, 72, 60, 75])
[0 : mcmc] Convergence less than requested for updates: waiting until the next convergence check.
[2 : mcmc] Progress @ 2025-04-17 10:06:01 : 393 steps taken, and 60 accepted.
[1 : mcmc] Progress @ 2025-04-17 10:06:03 : 392 steps taken, and 73 accepted.
[3 : mcmc] Progress @ 2025-04-17 10:06:21 : 448 steps taken, and 76 accepted.
[0 : mcmc] Progress @ 2025-04-17 10:06:25 : 426 steps taken, and 98 accepted.
[2 : mcmc] Progress @ 2025-04-17 10:08:02 : 405 steps taken, and 61 accepted.
[1 : mcmc] Progress @ 2025-04-17 10:08:12 : 403 steps taken, and 74 accepted.
[3 : mcmc] Progress @ 2025-04-17 10:08:22 : 459 steps taken, and 81 accepted.
[0 : mcmc] Progress @ 2025-04-17 10:08:37 : 438 steps taken, and 98 accepted.
[2 : mcmc] Progress @ 2025-04-17 10:10:10 : 416 steps taken, and 62 accepted.
[1 : mcmc] Progress @ 2025-04-17 10:10:16 : 414 steps taken, and 78 accepted.
[3 : mcmc] Progress @ 2025-04-17 10:10:31 : 471 steps taken, and 84 accepted.
[0 : mcmc] Progress @ 2025-04-17 10:10:40 : 449 steps taken, and 98 accepted.
[2 : mcmc] Progress @ 2025-04-17 10:12:18 : 428 steps taken, and 63 accepted.
[1 : mcmc] Progress @ 2025-04-17 10:12:21 : 425 steps taken, and 79 accepted.
[3 : mcmc] Progress @ 2025-04-17 10:12:34 : 484 steps taken, and 87 accepted.
[0 : mcmc] Progress @ 2025-04-17 10:12:41 : 460 steps taken, and 101 accepted.
[2 : mcmc] Progress @ 2025-04-17 10:14:22 : 439 steps taken, and 66 accepted.
[1 : mcmc] Progress @ 2025-04-17 10:14:29 : 436 steps taken, and 83 accepted.
[3 : mcmc] Progress @ 2025-04-17 10:14:46 : 497 steps taken, and 88 accepted.
[0 : mcmc] Progress @ 2025-04-17 10:14:51 : 472 steps taken, and 106 accepted.
[2 : mcmc] Progress @ 2025-04-17 10:16:25 : 451 steps taken, and 71 accepted.
[1 : mcmc] Progress @ 2025-04-17 10:16:42 : 448 steps taken, and 84 accepted.
[3 : mcmc] Progress @ 2025-04-17 10:16:52 : 509 steps taken, and 91 accepted.
[0 : mcmc] Progress @ 2025-04-17 10:16:54 : 484 steps taken, and 109 accepted.
[2 : mcmc] Progress @ 2025-04-17 10:18:26 : 462 steps taken, and 71 accepted.
[0 : mcmc] Progress @ 2025-04-17 10:18:54 : 497 steps taken, and 110 accepted.
[1 : mcmc] Progress @ 2025-04-17 10:18:56 : 459 steps taken, and 87 accepted.
[3 : mcmc] Progress @ 2025-04-17 10:18:57 : 521 steps taken, and 94 accepted.
[2 : mcmc] Progress @ 2025-04-17 10:20:35 : 474 steps taken, and 71 accepted.
[0 : mcmc] Progress @ 2025-04-17 10:21:01 : 509 steps taken, and 112 accepted.
[1 : mcmc] Progress @ 2025-04-17 10:21:02 : 471 steps taken, and 88 accepted.
[3 : mcmc] Progress @ 2025-04-17 10:21:08 : 534 steps taken, and 94 accepted.
[2 : mcmc] Progress @ 2025-04-17 10:22:38 : 485 steps taken, and 72 accepted.
[3 : mcmc] Progress @ 2025-04-17 10:23:10 : 546 steps taken, and 96 accepted.
[0 : mcmc] Progress @ 2025-04-17 10:23:12 : 522 steps taken, and 117 accepted.
[1 : mcmc] Progress @ 2025-04-17 10:23:15 : 482 steps taken, and 90 accepted.
[0 : mcmc] Learn + convergence test @ 120 samples accepted.
[0 : mcmc] Ready to check convergence and learn a new proposal covmat (waiting for the rest...)
[2 : mcmc] Progress @ 2025-04-17 10:24:43 : 497 steps taken, and 75 accepted.
[1 : mcmc] Progress @ 2025-04-17 10:25:19 : 493 steps taken, and 92 accepted.
[0 : mcmc] Progress @ 2025-04-17 10:25:21 : 534 steps taken, and 121 accepted.
[3 : mcmc] Progress @ 2025-04-17 10:25:21 : 559 steps taken, and 96 accepted.
[2 : mcmc] Progress @ 2025-04-17 10:26:48 : 508 steps taken, and 77 accepted.
[1 : mcmc] Progress @ 2025-04-17 10:27:22 : 503 steps taken, and 93 accepted.
[0 : mcmc] Progress @ 2025-04-17 10:27:24 : 545 steps taken, and 122 accepted.
[3 : mcmc] Progress @ 2025-04-17 10:27:26 : 571 steps taken, and 98 accepted.
[2 : mcmc] Progress @ 2025-04-17 10:28:59 : 520 steps taken, and 78 accepted.
[0 : mcmc] Progress @ 2025-04-17 10:29:27 : 556 steps taken, and 125 accepted.
[1 : mcmc] Progress @ 2025-04-17 10:29:27 : 514 steps taken, and 96 accepted.
[3 : mcmc] Progress @ 2025-04-17 10:29:33 : 583 steps taken, and 101 accepted.
[2 : mcmc] Progress @ 2025-04-17 10:30:59 : 531 steps taken, and 79 accepted.
[1 : mcmc] Progress @ 2025-04-17 10:31:27 : 525 steps taken, and 99 accepted.
[0 : mcmc] Progress @ 2025-04-17 10:31:38 : 569 steps taken, and 126 accepted.
[3 : mcmc] Progress @ 2025-04-17 10:31:41 : 595 steps taken, and 103 accepted.
[2 : mcmc] Progress @ 2025-04-17 10:33:11 : 544 steps taken, and 81 accepted.
[1 : mcmc] Progress @ 2025-04-17 10:33:32 : 535 steps taken, and 102 accepted.
[0 : mcmc] Progress @ 2025-04-17 10:33:39 : 580 steps taken, and 127 accepted.
[3 : mcmc] Progress @ 2025-04-17 10:33:51 : 607 steps taken, and 106 accepted.
[2 : mcmc] Progress @ 2025-04-17 10:35:13 : 556 steps taken, and 82 accepted.
[1 : mcmc] Progress @ 2025-04-17 10:35:33 : 546 steps taken, and 102 accepted.
[0 : mcmc] Progress @ 2025-04-17 10:35:43 : 592 steps taken, and 127 accepted.
[3 : mcmc] Progress @ 2025-04-17 10:36:02 : 620 steps taken, and 112 accepted.
[2 : mcmc] Progress @ 2025-04-17 10:37:13 : 567 steps taken, and 87 accepted.
[1 : mcmc] Progress @ 2025-04-17 10:37:37 : 557 steps taken, and 105 accepted.
[0 : mcmc] Progress @ 2025-04-17 10:37:55 : 605 steps taken, and 130 accepted.
[3 : mcmc] Progress @ 2025-04-17 10:38:07 : 633 steps taken, and 114 accepted.
[2 : mcmc] Progress @ 2025-04-17 10:39:22 : 579 steps taken, and 89 accepted.
[1 : mcmc] Progress @ 2025-04-17 10:39:39 : 568 steps taken, and 106 accepted.
[0 : mcmc] Progress @ 2025-04-17 10:40:03 : 617 steps taken, and 131 accepted.
[3 : mcmc] Progress @ 2025-04-17 10:40:16 : 645 steps taken, and 115 accepted.
[2 : mcmc] Progress @ 2025-04-17 10:41:27 : 590 steps taken, and 90 accepted.
[1 : mcmc] Progress @ 2025-04-17 10:41:47 : 579 steps taken, and 108 accepted.
[0 : mcmc] Progress @ 2025-04-17 10:42:12 : 629 steps taken, and 133 accepted.
[3 : mcmc] Progress @ 2025-04-17 10:42:21 : 657 steps taken, and 116 accepted.
[2 : mcmc] Progress @ 2025-04-17 10:43:28 : 602 steps taken, and 93 accepted.
[1 : mcmc] Progress @ 2025-04-17 10:43:50 : 590 steps taken, and 109 accepted.
[0 : mcmc] Progress @ 2025-04-17 10:44:13 : 641 steps taken, and 134 accepted.
[3 : mcmc] Progress @ 2025-04-17 10:44:30 : 669 steps taken, and 118 accepted.
[3 : mcmc] Learn + convergence test @ 120 samples accepted.
[3 : mcmc] Ready to check convergence and learn a new proposal covmat (waiting for the rest...)
[2 : mcmc] Progress @ 2025-04-17 10:45:40 : 614 steps taken, and 93 accepted.
[1 : mcmc] Progress @ 2025-04-17 10:45:56 : 601 steps taken, and 111 accepted.
[0 : mcmc] Progress @ 2025-04-17 10:46:21 : 653 steps taken, and 134 accepted.
[3 : mcmc] Progress @ 2025-04-17 10:46:39 : 682 steps taken, and 122 accepted.
[2 : mcmc] Progress @ 2025-04-17 10:47:53 : 626 steps taken, and 94 accepted.
[1 : mcmc] Progress @ 2025-04-17 10:48:02 : 612 steps taken, and 113 accepted.
[0 : mcmc] Progress @ 2025-04-17 10:48:32 : 665 steps taken, and 135 accepted.
[3 : mcmc] Progress @ 2025-04-17 10:48:44 : 693 steps taken, and 123 accepted.
[2 : mcmc] Progress @ 2025-04-17 10:49:56 : 638 steps taken, and 94 accepted.
[1 : mcmc] Progress @ 2025-04-17 10:50:14 : 624 steps taken, and 116 accepted.
[0 : mcmc] Progress @ 2025-04-17 10:50:32 : 677 steps taken, and 138 accepted.
[3 : mcmc] Progress @ 2025-04-17 10:50:45 : 705 steps taken, and 125 accepted.
[1 : mcmc] Learn + convergence test @ 120 samples accepted.
[1 : mcmc] Ready to check convergence and learn a new proposal covmat (waiting for the rest...)
[2 : mcmc] Progress @ 2025-04-17 10:52:08 : 650 steps taken, and 97 accepted.
[1 : mcmc] Progress @ 2025-04-17 10:52:17 : 636 steps taken, and 120 accepted.
[0 : mcmc] Progress @ 2025-04-17 10:52:38 : 688 steps taken, and 138 accepted.
[3 : mcmc] Progress @ 2025-04-17 10:52:54 : 717 steps taken, and 126 accepted.
[2 : mcmc] Progress @ 2025-04-17 10:54:12 : 661 steps taken, and 98 accepted.
[1 : mcmc] Progress @ 2025-04-17 10:54:25 : 647 steps taken, and 122 accepted.
[0 : mcmc] Progress @ 2025-04-17 10:54:45 : 700 steps taken, and 140 accepted.
[3 : mcmc] Progress @ 2025-04-17 10:54:57 : 728 steps taken, and 127 accepted.
[2 : mcmc] Progress @ 2025-04-17 10:56:23 : 673 steps taken, and 99 accepted.
[1 : mcmc] Progress @ 2025-04-17 10:56:28 : 658 steps taken, and 125 accepted.
[0 : mcmc] Progress @ 2025-04-17 10:56:51 : 712 steps taken, and 143 accepted.
[3 : mcmc] Progress @ 2025-04-17 10:57:03 : 740 steps taken, and 128 accepted.
[2 : mcmc] Progress @ 2025-04-17 10:58:29 : 685 steps taken, and 101 accepted.
[1 : mcmc] Progress @ 2025-04-17 10:58:34 : 669 steps taken, and 126 accepted.
[0 : mcmc] Progress @ 2025-04-17 10:58:59 : 723 steps taken, and 146 accepted.
[3 : mcmc] Progress @ 2025-04-17 10:59:14 : 753 steps taken, and 130 accepted.
[2 : mcmc] Progress @ 2025-04-17 11:00:40 : 697 steps taken, and 104 accepted.
[1 : mcmc] Progress @ 2025-04-17 11:00:41 : 680 steps taken, and 126 accepted.
[0 : mcmc] Progress @ 2025-04-17 11:01:06 : 735 steps taken, and 149 accepted.
[3 : mcmc] Progress @ 2025-04-17 11:01:19 : 765 steps taken, and 134 accepted.
[2 : mcmc] Progress @ 2025-04-17 11:02:50 : 709 steps taken, and 107 accepted.
[1 : mcmc] Progress @ 2025-04-17 11:02:52 : 692 steps taken, and 130 accepted.
[0 : mcmc] Progress @ 2025-04-17 11:03:13 : 746 steps taken, and 151 accepted.
[3 : mcmc] Progress @ 2025-04-17 11:03:25 : 777 steps taken, and 137 accepted.
[2 : mcmc] Progress @ 2025-04-17 11:04:52 : 721 steps taken, and 108 accepted.
[1 : mcmc] Progress @ 2025-04-17 11:04:58 : 703 steps taken, and 131 accepted.
[0 : mcmc] Progress @ 2025-04-17 11:05:13 : 759 steps taken, and 154 accepted.
[3 : mcmc] Progress @ 2025-04-17 11:05:32 : 789 steps taken, and 141 accepted.
[2 : mcmc] Progress @ 2025-04-17 11:07:05 : 733 steps taken, and 109 accepted.
[1 : mcmc] Progress @ 2025-04-17 11:07:07 : 714 steps taken, and 132 accepted.
[0 : mcmc] Progress @ 2025-04-17 11:07:22 : 770 steps taken, and 154 accepted.
[3 : mcmc] Progress @ 2025-04-17 11:07:43 : 802 steps taken, and 143 accepted.
[2 : mcmc] Progress @ 2025-04-17 11:09:17 : 745 steps taken, and 109 accepted.
[1 : mcmc] Progress @ 2025-04-17 11:09:20 : 725 steps taken, and 134 accepted.
[0 : mcmc] Progress @ 2025-04-17 11:09:22 : 782 steps taken, and 157 accepted.
[3 : mcmc] Progress @ 2025-04-17 11:09:52 : 814 steps taken, and 146 accepted.
[2 : mcmc] Progress @ 2025-04-17 11:11:20 : 756 steps taken, and 110 accepted.
[1 : mcmc] Progress @ 2025-04-17 11:11:27 : 736 steps taken, and 136 accepted.
[0 : mcmc] Progress @ 2025-04-17 11:11:27 : 794 steps taken, and 160 accepted.
[3 : mcmc] Progress @ 2025-04-17 11:11:58 : 826 steps taken, and 147 accepted.
[2 : mcmc] Progress @ 2025-04-17 11:13:32 : 768 steps taken, and 112 accepted.
[0 : mcmc] Progress @ 2025-04-17 11:13:32 : 806 steps taken, and 163 accepted.
[1 : mcmc] Progress @ 2025-04-17 11:13:36 : 747 steps taken, and 140 accepted.
[3 : mcmc] Progress @ 2025-04-17 11:14:04 : 838 steps taken, and 150 accepted.
[0 : mcmc] Progress @ 2025-04-17 11:15:32 : 817 steps taken, and 163 accepted.
[1 : mcmc] Progress @ 2025-04-17 11:15:37 : 759 steps taken, and 143 accepted.
[2 : mcmc] Progress @ 2025-04-17 11:15:44 : 780 steps taken, and 114 accepted.
[3 : mcmc] Progress @ 2025-04-17 11:16:07 : 850 steps taken, and 151 accepted.
[0 : mcmc] Progress @ 2025-04-17 11:17:35 : 829 steps taken, and 165 accepted.
[1 : mcmc] Progress @ 2025-04-17 11:17:42 : 770 steps taken, and 144 accepted.
[2 : mcmc] Progress @ 2025-04-17 11:17:55 : 792 steps taken, and 117 accepted.
[3 : mcmc] Progress @ 2025-04-17 11:18:16 : 863 steps taken, and 151 accepted.
[2 : mcmc] Learn + convergence test @ 120 samples accepted.
[2 : mcmc] Ready to check convergence and learn a new proposal covmat (waiting for the rest...)
[0 : mcmc] All chains are ready to check convergence and learn a new proposal covmat
[1 : mcmc] Progress @ 2025-04-17 11:19:47 : 781 steps taken, and 146 accepted.
[0 : mcmc]  - Acceptance rate: 0.176 = avg([0.1826, 0.1878, 0.1478, 0.1808])
[0 : mcmc]  - Convergence of means: R-1 = 5978.755234 after 588 accepted steps = sum([167, 147, 120, 154])
[0 : mcmc] Convergence less than requested for updates: waiting until the next convergence check.
[0 : mcmc] Progress @ 2025-04-17 11:20:41 : 841 steps taken, and 167 accepted.
[3 : mcmc] Progress @ 2025-04-17 11:20:42 : 876 steps taken, and 154 accepted.
[2 : mcmc] Progress @ 2025-04-17 11:20:43 : 799 steps taken, and 121 accepted.
[1 : mcmc] Progress @ 2025-04-17 11:21:52 : 793 steps taken, and 148 accepted.
[0 : mcmc] Progress @ 2025-04-17 11:22:42 : 853 steps taken, and 169 accepted.
[2 : mcmc] Progress @ 2025-04-17 11:22:47 : 811 steps taken, and 124 accepted.
[3 : mcmc] Progress @ 2025-04-17 11:22:49 : 888 steps taken, and 154 accepted.
[1 : mcmc] Progress @ 2025-04-17 11:23:56 : 804 steps taken, and 151 accepted.
[0 : mcmc] Progress @ 2025-04-17 11:24:44 : 865 steps taken, and 172 accepted.
[3 : mcmc] Progress @ 2025-04-17 11:24:53 : 900 steps taken, and 157 accepted.
[2 : mcmc] Progress @ 2025-04-17 11:24:55 : 823 steps taken, and 125 accepted.
[1 : mcmc] Progress @ 2025-04-17 11:26:00 : 815 steps taken, and 154 accepted.
[0 : mcmc] Progress @ 2025-04-17 11:26:49 : 878 steps taken, and 174 accepted.
[2 : mcmc] Progress @ 2025-04-17 11:27:00 : 834 steps taken, and 127 accepted.
[3 : mcmc] Progress @ 2025-04-17 11:27:01 : 912 steps taken, and 159 accepted.
[1 : mcmc] Progress @ 2025-04-17 11:28:02 : 826 steps taken, and 156 accepted.
[2 : mcmc] Progress @ 2025-04-17 11:29:00 : 845 steps taken, and 129 accepted.
[0 : mcmc] Progress @ 2025-04-17 11:29:00 : 891 steps taken, and 175 accepted.
[3 : mcmc] Progress @ 2025-04-17 11:29:10 : 924 steps taken, and 163 accepted.
[1 : mcmc] Progress @ 2025-04-17 11:30:09 : 837 steps taken, and 157 accepted.
[0 : mcmc] Progress @ 2025-04-17 11:31:05 : 903 steps taken, and 179 accepted.
[2 : mcmc] Progress @ 2025-04-17 11:31:06 : 856 steps taken, and 132 accepted.
[3 : mcmc] Progress @ 2025-04-17 11:31:18 : 935 steps taken, and 166 accepted.
[0 : mcmc] Learn + convergence test @ 180 samples accepted.
[0 : mcmc] Ready to check convergence and learn a new proposal covmat (waiting for the rest...)
[1 : mcmc] Progress @ 2025-04-17 11:32:12 : 848 steps taken, and 158 accepted.
[2 : mcmc] Progress @ 2025-04-17 11:33:10 : 868 steps taken, and 135 accepted.
[0 : mcmc] Progress @ 2025-04-17 11:33:14 : 916 steps taken, and 181 accepted.
[3 : mcmc] Progress @ 2025-04-17 11:33:30 : 948 steps taken, and 167 accepted.
[1 : mcmc] Progress @ 2025-04-17 11:34:22 : 859 steps taken, and 161 accepted.
[2 : mcmc] Progress @ 2025-04-17 11:35:14 : 879 steps taken, and 136 accepted.
[0 : mcmc] Progress @ 2025-04-17 11:35:25 : 928 steps taken, and 182 accepted.
[3 : mcmc] Progress @ 2025-04-17 11:35:40 : 960 steps taken, and 170 accepted.
[1 : mcmc] Progress @ 2025-04-17 11:36:25 : 870 steps taken, and 163 accepted.
[2 : mcmc] Progress @ 2025-04-17 11:37:22 : 891 steps taken, and 137 accepted.
[0 : mcmc] Progress @ 2025-04-17 11:37:25 : 940 steps taken, and 183 accepted.
[3 : mcmc] Progress @ 2025-04-17 11:37:43 : 972 steps taken, and 172 accepted.
[1 : mcmc] Progress @ 2025-04-17 11:38:27 : 881 steps taken, and 167 accepted.
[2 : mcmc] Progress @ 2025-04-17 11:39:29 : 903 steps taken, and 139 accepted.
[0 : mcmc] Progress @ 2025-04-17 11:39:36 : 953 steps taken, and 186 accepted.
[3 : mcmc] Progress @ 2025-04-17 11:39:51 : 984 steps taken, and 172 accepted.
[1 : mcmc] Progress @ 2025-04-17 11:40:33 : 892 steps taken, and 169 accepted.
[2 : mcmc] Progress @ 2025-04-17 11:41:30 : 914 steps taken, and 140 accepted.
[0 : mcmc] Progress @ 2025-04-17 11:41:45 : 966 steps taken, and 188 accepted.
[3 : mcmc] Progress @ 2025-04-17 11:42:00 : 996 steps taken, and 177 accepted.
[1 : mcmc] Progress @ 2025-04-17 11:42:40 : 903 steps taken, and 171 accepted.
[2 : mcmc] Progress @ 2025-04-17 11:43:30 : 927 steps taken, and 141 accepted.
[0 : mcmc] Progress @ 2025-04-17 11:43:49 : 979 steps taken, and 193 accepted.
[3 : mcmc] Progress @ 2025-04-17 11:44:09 : 1009 steps taken, and 178 accepted.
[1 : mcmc] Progress @ 2025-04-17 11:44:41 : 914 steps taken, and 172 accepted.
[3 : mcmc] Learn + convergence test @ 180 samples accepted.
[3 : mcmc] Ready to check convergence and learn a new proposal covmat (waiting for the rest...)
[2 : mcmc] Progress @ 2025-04-17 11:45:38 : 938 steps taken, and 142 accepted.
[0 : mcmc] Progress @ 2025-04-17 11:45:54 : 992 steps taken, and 198 accepted.
[3 : mcmc] Progress @ 2025-04-17 11:46:19 : 1022 steps taken, and 181 accepted.
[1 : mcmc] Progress @ 2025-04-17 11:46:51 : 925 steps taken, and 173 accepted.
[2 : mcmc] Progress @ 2025-04-17 11:47:41 : 950 steps taken, and 144 accepted.
[0 : mcmc] Progress @ 2025-04-17 11:48:03 : 1004 steps taken, and 199 accepted.
[3 : mcmc] Progress @ 2025-04-17 11:48:19 : 1033 steps taken, and 185 accepted.
[1 : mcmc] Progress @ 2025-04-17 11:48:58 : 936 steps taken, and 175 accepted.
[2 : mcmc] Progress @ 2025-04-17 11:49:47 : 961 steps taken, and 145 accepted.
[0 : mcmc] Progress @ 2025-04-17 11:50:08 : 1016 steps taken, and 201 accepted.
[3 : mcmc] Progress @ 2025-04-17 11:50:26 : 1045 steps taken, and 188 accepted.
[1 : mcmc] Progress @ 2025-04-17 11:51:03 : 947 steps taken, and 177 accepted.
[2 : mcmc] Progress @ 2025-04-17 11:51:59 : 973 steps taken, and 147 accepted.
[0 : mcmc] Progress @ 2025-04-17 11:52:14 : 1028 steps taken, and 203 accepted.
[3 : mcmc] Progress @ 2025-04-17 11:52:28 : 1057 steps taken, and 189 accepted.
[1 : mcmc] Progress @ 2025-04-17 11:53:06 : 957 steps taken, and 179 accepted.
[2 : mcmc] Progress @ 2025-04-17 11:54:10 : 985 steps taken, and 149 accepted.
[0 : mcmc] Progress @ 2025-04-17 11:54:25 : 1041 steps taken, and 207 accepted.
[3 : mcmc] Progress @ 2025-04-17 11:54:33 : 1068 steps taken, and 190 accepted.
[1 : mcmc] Learn + convergence test @ 180 samples accepted.
[1 : mcmc] Ready to check convergence and learn a new proposal covmat (waiting for the rest...)
[1 : mcmc] Progress @ 2025-04-17 11:55:17 : 969 steps taken, and 183 accepted.
[2 : mcmc] Progress @ 2025-04-17 11:56:18 : 997 steps taken, and 152 accepted.
[0 : mcmc] Progress @ 2025-04-17 11:56:27 : 1053 steps taken, and 210 accepted.
[3 : mcmc] Progress @ 2025-04-17 11:56:40 : 1080 steps taken, and 193 accepted.
[1 : mcmc] Progress @ 2025-04-17 11:57:29 : 981 steps taken, and 186 accepted.
[2 : mcmc] Progress @ 2025-04-17 11:58:24 : 1009 steps taken, and 155 accepted.
[0 : mcmc] Progress @ 2025-04-17 11:58:28 : 1064 steps taken, and 212 accepted.
[3 : mcmc] Progress @ 2025-04-17 11:58:45 : 1091 steps taken, and 195 accepted.
[1 : mcmc] Progress @ 2025-04-17 11:59:40 : 992 steps taken, and 189 accepted.
[2 : mcmc] Progress @ 2025-04-17 12:00:31 : 1021 steps taken, and 156 accepted.
[0 : mcmc] Progress @ 2025-04-17 12:00:32 : 1076 steps taken, and 214 accepted.
[3 : mcmc] Progress @ 2025-04-17 12:00:49 : 1103 steps taken, and 196 accepted.
[1 : mcmc] Progress @ 2025-04-17 12:01:48 : 1003 steps taken, and 190 accepted.
[0 : mcmc] Progress @ 2025-04-17 12:02:34 : 1087 steps taken, and 218 accepted.
[2 : mcmc] Progress @ 2025-04-17 12:02:36 : 1032 steps taken, and 159 accepted.
[3 : mcmc] Progress @ 2025-04-17 12:02:53 : 1114 steps taken, and 199 accepted.
[1 : mcmc] Progress @ 2025-04-17 12:03:52 : 1014 steps taken, and 191 accepted.
[0 : mcmc] Progress @ 2025-04-17 12:04:37 : 1099 steps taken, and 218 accepted.
[2 : mcmc] Progress @ 2025-04-17 12:04:44 : 1044 steps taken, and 160 accepted.
[3 : mcmc] Progress @ 2025-04-17 12:05:03 : 1126 steps taken, and 201 accepted.
[1 : mcmc] Progress @ 2025-04-17 12:05:53 : 1025 steps taken, and 194 accepted.
[2 : mcmc] Progress @ 2025-04-17 12:06:44 : 1055 steps taken, and 161 accepted.
[0 : mcmc] Progress @ 2025-04-17 12:06:48 : 1111 steps taken, and 219 accepted.
[3 : mcmc] Progress @ 2025-04-17 12:07:10 : 1138 steps taken, and 206 accepted.
[1 : mcmc] Progress @ 2025-04-17 12:07:55 : 1036 steps taken, and 194 accepted.
[2 : mcmc] Progress @ 2025-04-17 12:08:52 : 1067 steps taken, and 163 accepted.
[0 : mcmc] Progress @ 2025-04-17 12:08:54 : 1123 steps taken, and 221 accepted.
[3 : mcmc] Progress @ 2025-04-17 12:09:17 : 1149 steps taken, and 207 accepted.
[1 : mcmc] Progress @ 2025-04-17 12:09:58 : 1046 steps taken, and 196 accepted.
[0 : mcmc] Progress @ 2025-04-17 12:11:02 : 1135 steps taken, and 222 accepted.
[2 : mcmc] Progress @ 2025-04-17 12:11:04 : 1078 steps taken, and 166 accepted.
[3 : mcmc] Progress @ 2025-04-17 12:11:20 : 1160 steps taken, and 207 accepted.
[1 : mcmc] Progress @ 2025-04-17 12:12:09 : 1058 steps taken, and 199 accepted.
[2 : mcmc] Progress @ 2025-04-17 12:13:06 : 1090 steps taken, and 168 accepted.
[0 : mcmc] Progress @ 2025-04-17 12:13:10 : 1147 steps taken, and 225 accepted.
[3 : mcmc] Progress @ 2025-04-17 12:13:29 : 1172 steps taken, and 210 accepted.
[1 : mcmc] Progress @ 2025-04-17 12:14:13 : 1069 steps taken, and 201 accepted.
[0 : mcmc] Progress @ 2025-04-17 12:15:17 : 1159 steps taken, and 228 accepted.
[2 : mcmc] Progress @ 2025-04-17 12:15:19 : 1102 steps taken, and 170 accepted.
[3 : mcmc] Progress @ 2025-04-17 12:15:35 : 1184 steps taken, and 211 accepted.
[1 : mcmc] Progress @ 2025-04-17 12:16:21 : 1080 steps taken, and 202 accepted.
[2 : mcmc] Progress @ 2025-04-17 12:17:22 : 1114 steps taken, and 173 accepted.
[0 : mcmc] Progress @ 2025-04-17 12:17:25 : 1171 steps taken, and 228 accepted.
[3 : mcmc] Progress @ 2025-04-17 12:17:42 : 1195 steps taken, and 213 accepted.
[1 : mcmc] Progress @ 2025-04-17 12:18:24 : 1091 steps taken, and 203 accepted.
[0 : mcmc] Progress @ 2025-04-17 12:19:29 : 1183 steps taken, and 229 accepted.
[2 : mcmc] Progress @ 2025-04-17 12:19:32 : 1126 steps taken, and 178 accepted.
[3 : mcmc] Progress @ 2025-04-17 12:19:53 : 1207 steps taken, and 215 accepted.
[1 : mcmc] Progress @ 2025-04-17 12:20:30 : 1102 steps taken, and 203 accepted.
[0 : mcmc] Progress @ 2025-04-17 12:21:35 : 1196 steps taken, and 230 accepted.
[2 : mcmc] Progress @ 2025-04-17 12:21:40 : 1138 steps taken, and 179 accepted.
[3 : mcmc] Progress @ 2025-04-17 12:22:00 : 1219 steps taken, and 216 accepted.
[2 : mcmc] Learn + convergence test @ 180 samples accepted.
[2 : mcmc] Ready to check convergence and learn a new proposal covmat (waiting for the rest...)
[1 : mcmc] Progress @ 2025-04-17 12:22:31 : 1113 steps taken, and 206 accepted.
[0 : mcmc] All chains are ready to check convergence and learn a new proposal covmat
[3 : mcmc] Progress @ 2025-04-17 12:24:03 : 1233 steps taken, and 218 accepted.
[0 : mcmc]  - Acceptance rate: 0.172 = avg([0.1696, 0.1815, 0.1607, 0.1752])
[0 : mcmc]  - Convergence of means: R-1 = 3156.298478 after 837 accepted steps = sum([232, 207, 180, 218])
[0 : mcmc] Convergence less than requested for updates: waiting until the next convergence check.
[2 : mcmc] Progress @ 2025-04-17 12:24:16 : 1141 steps taken, and 180 accepted.
[0 : mcmc] Progress @ 2025-04-17 12:24:18 : 1206 steps taken, and 232 accepted.
[1 : mcmc] Progress @ 2025-04-17 12:24:32 : 1123 steps taken, and 207 accepted.
[3 : mcmc] Progress @ 2025-04-17 12:26:12 : 1244 steps taken, and 220 accepted.
[2 : mcmc] Progress @ 2025-04-17 12:26:21 : 1153 steps taken, and 181 accepted.
[0 : mcmc] Progress @ 2025-04-17 12:26:22 : 1217 steps taken, and 234 accepted.
[1 : mcmc] Progress @ 2025-04-17 12:26:38 : 1134 steps taken, and 211 accepted.
[3 : mcmc] Progress @ 2025-04-17 12:28:17 : 1255 steps taken, and 222 accepted.
[0 : mcmc] Progress @ 2025-04-17 12:28:30 : 1229 steps taken, and 236 accepted.
[2 : mcmc] Progress @ 2025-04-17 12:28:34 : 1165 steps taken, and 182 accepted.
[1 : mcmc] Progress @ 2025-04-17 12:28:48 : 1145 steps taken, and 214 accepted.
[3 : mcmc] Progress @ 2025-04-17 12:30:21 : 1267 steps taken, and 224 accepted.
[0 : mcmc] Progress @ 2025-04-17 12:30:35 : 1241 steps taken, and 239 accepted.
[2 : mcmc] Progress @ 2025-04-17 12:30:38 : 1177 steps taken, and 182 accepted.
[1 : mcmc] Progress @ 2025-04-17 12:30:52 : 1156 steps taken, and 215 accepted.
[0 : mcmc] Learn + convergence test @ 240 samples accepted.
[0 : mcmc] Ready to check convergence and learn a new proposal covmat (waiting for the rest...)
[3 : mcmc] Progress @ 2025-04-17 12:32:24 : 1278 steps taken, and 227 accepted.
[2 : mcmc] Progress @ 2025-04-17 12:32:40 : 1188 steps taken, and 185 accepted.
[0 : mcmc] Progress @ 2025-04-17 12:32:47 : 1254 steps taken, and 241 accepted.
[1 : mcmc] Progress @ 2025-04-17 12:32:53 : 1167 steps taken, and 216 accepted.
[3 : mcmc] Progress @ 2025-04-17 12:34:35 : 1290 steps taken, and 229 accepted.
[0 : mcmc] Progress @ 2025-04-17 12:34:50 : 1266 steps taken, and 247 accepted.
[2 : mcmc] Progress @ 2025-04-17 12:34:50 : 1200 steps taken, and 187 accepted.
[1 : mcmc] Progress @ 2025-04-17 12:34:53 : 1178 steps taken, and 217 accepted.
[3 : mcmc] Progress @ 2025-04-17 12:36:40 : 1303 steps taken, and 231 accepted.
[2 : mcmc] Progress @ 2025-04-17 12:36:52 : 1211 steps taken, and 188 accepted.
[0 : mcmc] Progress @ 2025-04-17 12:36:54 : 1278 steps taken, and 249 accepted.
[1 : mcmc] Progress @ 2025-04-17 12:36:57 : 1189 steps taken, and 220 accepted.
[3 : mcmc] Progress @ 2025-04-17 12:38:51 : 1315 steps taken, and 234 accepted.
[0 : mcmc] Progress @ 2025-04-17 12:38:59 : 1290 steps taken, and 249 accepted.
[2 : mcmc] Progress @ 2025-04-17 12:39:04 : 1223 steps taken, and 191 accepted.
[1 : mcmc] Progress @ 2025-04-17 12:39:06 : 1200 steps taken, and 222 accepted.
[3 : mcmc] Progress @ 2025-04-17 12:40:52 : 1326 steps taken, and 238 accepted.
[0 : mcmc] Progress @ 2025-04-17 12:41:05 : 1302 steps taken, and 250 accepted.
[2 : mcmc] Progress @ 2025-04-17 12:41:09 : 1235 steps taken, and 194 accepted.
[1 : mcmc] Progress @ 2025-04-17 12:41:09 : 1211 steps taken, and 224 accepted.
[3 : mcmc] Progress @ 2025-04-17 12:42:54 : 1337 steps taken, and 238 accepted.
[0 : mcmc] Progress @ 2025-04-17 12:43:06 : 1313 steps taken, and 253 accepted.
[2 : mcmc] Progress @ 2025-04-17 12:43:14 : 1246 steps taken, and 196 accepted.
[1 : mcmc] Progress @ 2025-04-17 12:43:19 : 1222 steps taken, and 226 accepted.
[3 : mcmc] Learn + convergence test @ 240 samples accepted.
[3 : mcmc] Ready to check convergence and learn a new proposal covmat (waiting for the rest...)
[3 : mcmc] Progress @ 2025-04-17 12:44:59 : 1349 steps taken, and 241 accepted.
[0 : mcmc] Progress @ 2025-04-17 12:45:09 : 1324 steps taken, and 256 accepted.
[2 : mcmc] Progress @ 2025-04-17 12:45:23 : 1258 steps taken, and 198 accepted.
[1 : mcmc] Progress @ 2025-04-17 12:45:23 : 1233 steps taken, and 229 accepted.
[3 : mcmc] Progress @ 2025-04-17 12:47:03 : 1361 steps taken, and 242 accepted.
[0 : mcmc] Progress @ 2025-04-17 12:47:14 : 1336 steps taken, and 256 accepted.
[1 : mcmc] Progress @ 2025-04-17 12:47:28 : 1245 steps taken, and 229 accepted.
[2 : mcmc] Progress @ 2025-04-17 12:47:28 : 1270 steps taken, and 201 accepted.
[3 : mcmc] Progress @ 2025-04-17 12:49:05 : 1373 steps taken, and 244 accepted.
[0 : mcmc] Progress @ 2025-04-17 12:49:19 : 1348 steps taken, and 257 accepted.
[2 : mcmc] Progress @ 2025-04-17 12:49:30 : 1280 steps taken, and 203 accepted.
[1 : mcmc] Progress @ 2025-04-17 12:49:40 : 1256 steps taken, and 230 accepted.
[3 : mcmc] Progress @ 2025-04-17 12:51:14 : 1384 steps taken, and 244 accepted.
[0 : mcmc] Progress @ 2025-04-17 12:51:19 : 1359 steps taken, and 260 accepted.
[2 : mcmc] Progress @ 2025-04-17 12:51:38 : 1292 steps taken, and 206 accepted.
[1 : mcmc] Progress @ 2025-04-17 12:51:51 : 1268 steps taken, and 231 accepted.
[0 : mcmc] Progress @ 2025-04-17 12:53:22 : 1370 steps taken, and 265 accepted.
[3 : mcmc] Progress @ 2025-04-17 12:53:24 : 1397 steps taken, and 246 accepted.
[2 : mcmc] Progress @ 2025-04-17 12:53:38 : 1303 steps taken, and 206 accepted.
[1 : mcmc] Progress @ 2025-04-17 12:54:03 : 1279 steps taken, and 233 accepted.
[0 : mcmc] Progress @ 2025-04-17 12:55:24 : 1381 steps taken, and 266 accepted.
[3 : mcmc] Progress @ 2025-04-17 12:55:36 : 1409 steps taken, and 248 accepted.
[2 : mcmc] Progress @ 2025-04-17 12:55:44 : 1315 steps taken, and 211 accepted.
[1 : mcmc] Progress @ 2025-04-17 12:56:05 : 1290 steps taken, and 234 accepted.
[0 : mcmc] Progress @ 2025-04-17 12:57:31 : 1393 steps taken, and 266 accepted.
[3 : mcmc] Progress @ 2025-04-17 12:57:45 : 1421 steps taken, and 249 accepted.
[2 : mcmc] Progress @ 2025-04-17 12:57:46 : 1326 steps taken, and 213 accepted.
[1 : mcmc] Progress @ 2025-04-17 12:58:08 : 1301 steps taken, and 236 accepted.
[0 : mcmc] Progress @ 2025-04-17 12:59:32 : 1405 steps taken, and 267 accepted.
[2 : mcmc] Progress @ 2025-04-17 12:59:56 : 1338 steps taken, and 214 accepted.
[3 : mcmc] Progress @ 2025-04-17 12:59:58 : 1434 steps taken, and 252 accepted.
[1 : mcmc] Progress @ 2025-04-17 13:00:14 : 1312 steps taken, and 238 accepted.
[1 : mcmc] Learn + convergence test @ 240 samples accepted.
[1 : mcmc] Ready to check convergence and learn a new proposal covmat (waiting for the rest...)
[0 : mcmc] Progress @ 2025-04-17 13:01:35 : 1416 steps taken, and 268 accepted.
[3 : mcmc] Progress @ 2025-04-17 13:02:04 : 1446 steps taken, and 255 accepted.
[2 : mcmc] Progress @ 2025-04-17 13:02:06 : 1350 steps taken, and 216 accepted.
[1 : mcmc] Progress @ 2025-04-17 13:02:26 : 1324 steps taken, and 240 accepted.
[0 : mcmc] Progress @ 2025-04-17 13:03:39 : 1428 steps taken, and 269 accepted.
[3 : mcmc] Progress @ 2025-04-17 13:04:12 : 1458 steps taken, and 258 accepted.
[2 : mcmc] Progress @ 2025-04-17 13:04:14 : 1362 steps taken, and 217 accepted.
[1 : mcmc] Progress @ 2025-04-17 13:04:27 : 1334 steps taken, and 240 accepted.
[0 : mcmc] Progress @ 2025-04-17 13:05:46 : 1440 steps taken, and 272 accepted.
[2 : mcmc] Progress @ 2025-04-17 13:06:18 : 1373 steps taken, and 219 accepted.
[3 : mcmc] Progress @ 2025-04-17 13:06:22 : 1470 steps taken, and 262 accepted.
[1 : mcmc] Progress @ 2025-04-17 13:06:30 : 1345 steps taken, and 240 accepted.
[0 : mcmc] Progress @ 2025-04-17 13:07:55 : 1452 steps taken, and 278 accepted.
[2 : mcmc] Progress @ 2025-04-17 13:08:22 : 1385 steps taken, and 220 accepted.
[3 : mcmc] Progress @ 2025-04-17 13:08:28 : 1482 steps taken, and 264 accepted.
[1 : mcmc] Progress @ 2025-04-17 13:08:35 : 1356 steps taken, and 243 accepted.
[0 : mcmc] Progress @ 2025-04-17 13:10:01 : 1464 steps taken, and 279 accepted.
[2 : mcmc] Progress @ 2025-04-17 13:10:25 : 1396 steps taken, and 221 accepted.
[3 : mcmc] Progress @ 2025-04-17 13:10:32 : 1494 steps taken, and 265 accepted.
[1 : mcmc] Progress @ 2025-04-17 13:10:36 : 1366 steps taken, and 244 accepted.
[0 : mcmc] Progress @ 2025-04-17 13:12:09 : 1476 steps taken, and 284 accepted.
[2 : mcmc] Progress @ 2025-04-17 13:12:31 : 1408 steps taken, and 222 accepted.
[3 : mcmc] Progress @ 2025-04-17 13:12:38 : 1506 steps taken, and 266 accepted.
[1 : mcmc] Progress @ 2025-04-17 13:12:47 : 1378 steps taken, and 244 accepted.
[0 : mcmc] Progress @ 2025-04-17 13:14:11 : 1488 steps taken, and 285 accepted.
[2 : mcmc] Progress @ 2025-04-17 13:14:31 : 1419 steps taken, and 225 accepted.
[3 : mcmc] Progress @ 2025-04-17 13:14:43 : 1518 steps taken, and 268 accepted.
[1 : mcmc] Progress @ 2025-04-17 13:14:47 : 1388 steps taken, and 247 accepted.
[0 : mcmc] Progress @ 2025-04-17 13:16:17 : 1500 steps taken, and 286 accepted.
[2 : mcmc] Progress @ 2025-04-17 13:16:37 : 1432 steps taken, and 229 accepted.
[3 : mcmc] Progress @ 2025-04-17 13:16:44 : 1529 steps taken, and 271 accepted.
[1 : mcmc] Progress @ 2025-04-17 13:16:52 : 1399 steps taken, and 248 accepted.
[0 : mcmc] Progress @ 2025-04-17 13:18:19 : 1512 steps taken, and 289 accepted.
[2 : mcmc] Progress @ 2025-04-17 13:18:41 : 1444 steps taken, and 231 accepted.
[3 : mcmc] Progress @ 2025-04-17 13:18:46 : 1542 steps taken, and 274 accepted.
[1 : mcmc] Progress @ 2025-04-17 13:18:56 : 1411 steps taken, and 250 accepted.
[0 : mcmc] Progress @ 2025-04-17 13:20:21 : 1526 steps taken, and 292 accepted.
[3 : mcmc] Progress @ 2025-04-17 13:20:48 : 1554 steps taken, and 277 accepted.
[2 : mcmc] Progress @ 2025-04-17 13:20:53 : 1457 steps taken, and 234 accepted.
[1 : mcmc] Progress @ 2025-04-17 13:21:09 : 1423 steps taken, and 250 accepted.
[0 : mcmc] Progress @ 2025-04-17 13:22:30 : 1540 steps taken, and 294 accepted.
[2 : mcmc] Progress @ 2025-04-17 13:22:53 : 1469 steps taken, and 237 accepted.
[3 : mcmc] Progress @ 2025-04-17 13:22:56 : 1566 steps taken, and 280 accepted.
[1 : mcmc] Progress @ 2025-04-17 13:23:18 : 1434 steps taken, and 251 accepted.
[0 : mcmc] Progress @ 2025-04-17 13:24:31 : 1552 steps taken, and 295 accepted.
[2 : mcmc] Progress @ 2025-04-17 13:24:56 : 1480 steps taken, and 239 accepted.
[3 : mcmc] Progress @ 2025-04-17 13:25:02 : 1577 steps taken, and 282 accepted.
[1 : mcmc] Progress @ 2025-04-17 13:25:21 : 1445 steps taken, and 255 accepted.
[2 : mcmc] Learn + convergence test @ 240 samples accepted.
[2 : mcmc] Ready to check convergence and learn a new proposal covmat (waiting for the rest...)
[0 : mcmc] Progress @ 2025-04-17 13:26:35 : 1565 steps taken, and 297 accepted.
[1 : mcmc] Progress @ 2025-04-17 13:27:31 : 1458 steps taken, and 255 accepted.
[0 : mcmc] All chains are ready to check convergence and learn a new proposal covmat
[0 : mcmc]  - Acceptance rate: 0.173 = avg([0.1759, 0.1633, 0.1752, 0.1784])
[0 : mcmc]  - Convergence of means: R-1 = 2878.528973 after 1078 accepted steps = sum([298, 256, 240, 284])
[0 : mcmc]  - Updated covariance matrix of proposal pdf.
[2 : mcmc] Progress @ 2025-04-17 13:29:11 : 1484 steps taken, and 240 accepted.
[3 : mcmc] Progress @ 2025-04-17 13:29:18 : 1590 steps taken, and 285 accepted.
[0 : mcmc] Progress @ 2025-04-17 13:29:18 : 1581 steps taken, and 299 accepted.
[1 : mcmc] Progress @ 2025-04-17 13:29:39 : 1472 steps taken, and 258 accepted.
[0 : mcmc] Learn + convergence test @ 300 samples accepted.
[0 : mcmc] Ready to check convergence and learn a new proposal covmat (waiting for the rest...)
[2 : mcmc] Progress @ 2025-04-17 13:31:17 : 1495 steps taken, and 244 accepted.
[3 : mcmc] Progress @ 2025-04-17 13:31:26 : 1601 steps taken, and 288 accepted.
[0 : mcmc] Progress @ 2025-04-17 13:31:29 : 1592 steps taken, and 300 accepted.
[1 : mcmc] Progress @ 2025-04-17 13:31:44 : 1483 steps taken, and 258 accepted.
[2 : mcmc] Progress @ 2025-04-17 13:33:27 : 1507 steps taken, and 248 accepted.
[3 : mcmc] Progress @ 2025-04-17 13:33:35 : 1612 steps taken, and 295 accepted.
[0 : mcmc] Progress @ 2025-04-17 13:33:40 : 1604 steps taken, and 304 accepted.
[1 : mcmc] Progress @ 2025-04-17 13:33:51 : 1494 steps taken, and 259 accepted.
[2 : mcmc] Progress @ 2025-04-17 13:35:29 : 1518 steps taken, and 251 accepted.
[3 : mcmc] Progress @ 2025-04-17 13:35:41 : 1623 steps taken, and 296 accepted.
[0 : mcmc] Progress @ 2025-04-17 13:35:45 : 1615 steps taken, and 307 accepted.
[1 : mcmc] Progress @ 2025-04-17 13:35:57 : 1505 steps taken, and 261 accepted.
[2 : mcmc] Progress @ 2025-04-17 13:37:36 : 1530 steps taken, and 255 accepted.
[3 : mcmc] Progress @ 2025-04-17 13:37:42 : 1634 steps taken, and 298 accepted.
[0 : mcmc] Progress @ 2025-04-17 13:37:45 : 1626 steps taken, and 308 accepted.
[1 : mcmc] Progress @ 2025-04-17 13:38:05 : 1517 steps taken, and 265 accepted.
[3 : mcmc] Learn + convergence test @ 300 samples accepted.
[3 : mcmc] Ready to check convergence and learn a new proposal covmat (waiting for the rest...)
[3 : mcmc] Progress @ 2025-04-17 13:39:46 : 1646 steps taken, and 303 accepted.
[2 : mcmc] Progress @ 2025-04-17 13:39:46 : 1543 steps taken, and 257 accepted.
[0 : mcmc] Progress @ 2025-04-17 13:39:55 : 1639 steps taken, and 309 accepted.
[1 : mcmc] Progress @ 2025-04-17 13:40:08 : 1528 steps taken, and 269 accepted.
[2 : mcmc] Progress @ 2025-04-17 13:41:47 : 1554 steps taken, and 260 accepted.
[3 : mcmc] Progress @ 2025-04-17 13:41:59 : 1657 steps taken, and 305 accepted.
[0 : mcmc] Progress @ 2025-04-17 13:42:00 : 1650 steps taken, and 310 accepted.
[1 : mcmc] Progress @ 2025-04-17 13:42:08 : 1538 steps taken, and 272 accepted.
[2 : mcmc] Progress @ 2025-04-17 13:43:49 : 1564 steps taken, and 263 accepted.
[0 : mcmc] Progress @ 2025-04-17 13:44:01 : 1660 steps taken, and 312 accepted.
[3 : mcmc] Progress @ 2025-04-17 13:44:06 : 1668 steps taken, and 310 accepted.
[1 : mcmc] Progress @ 2025-04-17 13:44:09 : 1548 steps taken, and 276 accepted.
[2 : mcmc] Progress @ 2025-04-17 13:45:58 : 1576 steps taken, and 267 accepted.
[0 : mcmc] Progress @ 2025-04-17 13:46:08 : 1672 steps taken, and 315 accepted.
[3 : mcmc] Progress @ 2025-04-17 13:46:11 : 1679 steps taken, and 313 accepted.
[1 : mcmc] Progress @ 2025-04-17 13:46:14 : 1559 steps taken, and 280 accepted.
[2 : mcmc] Progress @ 2025-04-17 13:47:59 : 1587 steps taken, and 272 accepted.
[0 : mcmc] Progress @ 2025-04-17 13:48:08 : 1682 steps taken, and 322 accepted.
[1 : mcmc] Progress @ 2025-04-17 13:48:15 : 1569 steps taken, and 285 accepted.
[3 : mcmc] Progress @ 2025-04-17 13:48:22 : 1690 steps taken, and 316 accepted.
[2 : mcmc] Progress @ 2025-04-17 13:50:01 : 1598 steps taken, and 276 accepted.
[0 : mcmc] Progress @ 2025-04-17 13:50:08 : 1692 steps taken, and 325 accepted.
[1 : mcmc] Progress @ 2025-04-17 13:50:23 : 1580 steps taken, and 289 accepted.
[3 : mcmc] Progress @ 2025-04-17 13:50:26 : 1701 steps taken, and 320 accepted.
[2 : mcmc] Progress @ 2025-04-17 13:52:06 : 1609 steps taken, and 279 accepted.
[0 : mcmc] Progress @ 2025-04-17 13:52:10 : 1703 steps taken, and 325 accepted.
[1 : mcmc] Progress @ 2025-04-17 13:52:32 : 1591 steps taken, and 293 accepted.
[3 : mcmc] Progress @ 2025-04-17 13:52:37 : 1712 steps taken, and 326 accepted.
[2 : mcmc] Progress @ 2025-04-17 13:54:07 : 1621 steps taken, and 283 accepted.
[0 : mcmc] Progress @ 2025-04-17 13:54:21 : 1714 steps taken, and 330 accepted.
[1 : mcmc] Progress @ 2025-04-17 13:54:37 : 1602 steps taken, and 295 accepted.
[3 : mcmc] Progress @ 2025-04-17 13:54:43 : 1723 steps taken, and 332 accepted.
[2 : mcmc] Progress @ 2025-04-17 13:56:14 : 1633 steps taken, and 288 accepted.
[0 : mcmc] Progress @ 2025-04-17 13:56:32 : 1726 steps taken, and 330 accepted.
[1 : mcmc] Progress @ 2025-04-17 13:56:40 : 1613 steps taken, and 297 accepted.
[3 : mcmc] Progress @ 2025-04-17 13:56:48 : 1734 steps taken, and 335 accepted.
[2 : mcmc] Progress @ 2025-04-17 13:58:14 : 1647 steps taken, and 292 accepted.
[0 : mcmc] Progress @ 2025-04-17 13:58:42 : 1737 steps taken, and 331 accepted.
[1 : mcmc] Progress @ 2025-04-17 13:58:50 : 1624 steps taken, and 299 accepted.
[3 : mcmc] Progress @ 2025-04-17 13:58:53 : 1745 steps taken, and 338 accepted.
[1 : mcmc] Learn + convergence test @ 300 samples accepted.
[1 : mcmc] Ready to check convergence and learn a new proposal covmat (waiting for the rest...)
[2 : mcmc] Progress @ 2025-04-17 14:00:22 : 1658 steps taken, and 293 accepted.
[0 : mcmc] Progress @ 2025-04-17 14:00:51 : 1748 steps taken, and 335 accepted.
[1 : mcmc] Progress @ 2025-04-17 14:00:53 : 1635 steps taken, and 302 accepted.
[3 : mcmc] Progress @ 2025-04-17 14:00:58 : 1756 steps taken, and 341 accepted.
[2 : mcmc] Progress @ 2025-04-17 14:02:34 : 1670 steps taken, and 296 accepted.
[1 : mcmc] Progress @ 2025-04-17 14:02:59 : 1645 steps taken, and 305 accepted.
[0 : mcmc] Progress @ 2025-04-17 14:03:00 : 1759 steps taken, and 337 accepted.
[3 : mcmc] Progress @ 2025-04-17 14:03:07 : 1768 steps taken, and 344 accepted.
[2 : mcmc] Progress @ 2025-04-17 14:04:36 : 1684 steps taken, and 299 accepted.
[2 : mcmc] Learn + convergence test @ 300 samples accepted.
[2 : mcmc] Ready to check convergence and learn a new proposal covmat (waiting for the rest...)
[1 : mcmc] Progress @ 2025-04-17 14:05:06 : 1656 steps taken, and 308 accepted.
[0 : mcmc] Progress @ 2025-04-17 14:05:06 : 1770 steps taken, and 341 accepted.
[0 : mcmc] All chains are ready to check convergence and learn a new proposal covmat
[3 : mcmc] Progress @ 2025-04-17 14:05:08 : 1779 steps taken, and 350 accepted.
[0 : mcmc]  - Acceptance rate: 0.202 = avg([0.1869, 0.1839, 0.2143, 0.2221])
[0 : mcmc]  - Convergence of means: R-1 = 1329.361551 after 1300 accepted steps = sum([341, 309, 300, 350])
[0 : mcmc]  - Updated covariance matrix of proposal pdf.
[2 : mcmc] Progress @ 2025-04-17 14:06:39 : 1697 steps taken, and 303 accepted.
[0 : mcmc] Progress @ 2025-04-17 14:07:07 : 1780 steps taken, and 344 accepted.
[3 : mcmc] Progress @ 2025-04-17 14:07:08 : 1789 steps taken, and 352 accepted.
[1 : mcmc] Progress @ 2025-04-17 14:07:11 : 1667 steps taken, and 312 accepted.
[2 : mcmc] Progress @ 2025-04-17 14:08:50 : 1711 steps taken, and 306 accepted.
[1 : mcmc] Progress @ 2025-04-17 14:09:12 : 1678 steps taken, and 314 accepted.
[0 : mcmc] Progress @ 2025-04-17 14:09:18 : 1791 steps taken, and 349 accepted.
[3 : mcmc] Progress @ 2025-04-17 14:09:19 : 1800 steps taken, and 356 accepted.
[2 : mcmc] Progress @ 2025-04-17 14:10:52 : 1722 steps taken, and 308 accepted.
[1 : mcmc] Progress @ 2025-04-17 14:11:14 : 1690 steps taken, and 317 accepted.
[3 : mcmc] Progress @ 2025-04-17 14:11:20 : 1810 steps taken, and 357 accepted.
[0 : mcmc] Progress @ 2025-04-17 14:11:27 : 1802 steps taken, and 350 accepted.
[2 : mcmc] Progress @ 2025-04-17 14:12:56 : 1733 steps taken, and 311 accepted.
[3 : mcmc] Learn + convergence test @ 360 samples accepted.
[3 : mcmc] Ready to check convergence and learn a new proposal covmat (waiting for the rest...)
[1 : mcmc] Progress @ 2025-04-17 14:13:15 : 1700 steps taken, and 319 accepted.
[3 : mcmc] Progress @ 2025-04-17 14:13:22 : 1821 steps taken, and 361 accepted.
[0 : mcmc] Progress @ 2025-04-17 14:13:31 : 1813 steps taken, and 352 accepted.
[2 : mcmc] Progress @ 2025-04-17 14:15:03 : 1745 steps taken, and 314 accepted.
[1 : mcmc] Progress @ 2025-04-17 14:15:21 : 1711 steps taken, and 323 accepted.
[3 : mcmc] Progress @ 2025-04-17 14:15:27 : 1832 steps taken, and 364 accepted.
[0 : mcmc] Progress @ 2025-04-17 14:15:38 : 1824 steps taken, and 356 accepted.
[2 : mcmc] Progress @ 2025-04-17 14:17:05 : 1756 steps taken, and 320 accepted.
[1 : mcmc] Progress @ 2025-04-17 14:17:26 : 1722 steps taken, and 325 accepted.
[3 : mcmc] Progress @ 2025-04-17 14:17:33 : 1843 steps taken, and 367 accepted.
[0 : mcmc] Progress @ 2025-04-17 14:17:44 : 1835 steps taken, and 359 accepted.
[0 : mcmc] Learn + convergence test @ 360 samples accepted.
[0 : mcmc] Ready to check convergence and learn a new proposal covmat (waiting for the rest...)
[2 : mcmc] Progress @ 2025-04-17 14:19:13 : 1768 steps taken, and 322 accepted.
[1 : mcmc] Progress @ 2025-04-17 14:19:32 : 1733 steps taken, and 327 accepted.
[3 : mcmc] Progress @ 2025-04-17 14:19:44 : 1854 steps taken, and 369 accepted.
[0 : mcmc] Progress @ 2025-04-17 14:19:55 : 1846 steps taken, and 364 accepted.
[2 : mcmc] Progress @ 2025-04-17 14:21:20 : 1780 steps taken, and 324 accepted.
[1 : mcmc] Progress @ 2025-04-17 14:21:35 : 1744 steps taken, and 331 accepted.
[3 : mcmc] Progress @ 2025-04-17 14:21:55 : 1866 steps taken, and 374 accepted.
[0 : mcmc] Progress @ 2025-04-17 14:21:56 : 1856 steps taken, and 367 accepted.
[2 : mcmc] Progress @ 2025-04-17 14:23:20 : 1796 steps taken, and 326 accepted.
[1 : mcmc] Progress @ 2025-04-17 14:23:40 : 1755 steps taken, and 333 accepted.
[3 : mcmc] Progress @ 2025-04-17 14:24:00 : 1877 steps taken, and 377 accepted.
[0 : mcmc] Progress @ 2025-04-17 14:24:04 : 1867 steps taken, and 371 accepted.
[2 : mcmc] Progress @ 2025-04-17 14:25:24 : 1812 steps taken, and 331 accepted.
[1 : mcmc] Progress @ 2025-04-17 14:25:45 : 1766 steps taken, and 337 accepted.
[3 : mcmc] Progress @ 2025-04-17 14:26:03 : 1888 steps taken, and 380 accepted.
[0 : mcmc] Progress @ 2025-04-17 14:26:08 : 1878 steps taken, and 375 accepted.
[2 : mcmc] Progress @ 2025-04-17 14:27:26 : 1825 steps taken, and 336 accepted.
[1 : mcmc] Progress @ 2025-04-17 14:27:54 : 1777 steps taken, and 340 accepted.
[3 : mcmc] Progress @ 2025-04-17 14:28:13 : 1899 steps taken, and 386 accepted.
[0 : mcmc] Progress @ 2025-04-17 14:28:17 : 1890 steps taken, and 379 accepted.
[2 : mcmc] Progress @ 2025-04-17 14:29:36 : 1842 steps taken, and 338 accepted.
[1 : mcmc] Progress @ 2025-04-17 14:30:02 : 1788 steps taken, and 343 accepted.
[3 : mcmc] Progress @ 2025-04-17 14:30:19 : 1910 steps taken, and 389 accepted.
[0 : mcmc] Progress @ 2025-04-17 14:30:23 : 1901 steps taken, and 382 accepted.
[2 : mcmc] Progress @ 2025-04-17 14:31:43 : 1855 steps taken, and 343 accepted.
[1 : mcmc] Progress @ 2025-04-17 14:32:08 : 1799 steps taken, and 346 accepted.
[0 : mcmc] Progress @ 2025-04-17 14:32:24 : 1912 steps taken, and 385 accepted.
[3 : mcmc] Progress @ 2025-04-17 14:32:30 : 1922 steps taken, and 393 accepted.
[2 : mcmc] Progress @ 2025-04-17 14:33:51 : 1868 steps taken, and 346 accepted.
[1 : mcmc] Progress @ 2025-04-17 14:34:13 : 1809 steps taken, and 352 accepted.
[0 : mcmc] Progress @ 2025-04-17 14:34:29 : 1923 steps taken, and 390 accepted.
[3 : mcmc] Progress @ 2025-04-17 14:34:35 : 1933 steps taken, and 395 accepted.
[2 : mcmc] Progress @ 2025-04-17 14:35:59 : 1880 steps taken, and 350 accepted.
[1 : mcmc] Progress @ 2025-04-17 14:36:14 : 1820 steps taken, and 358 accepted.
[0 : mcmc] Progress @ 2025-04-17 14:36:29 : 1937 steps taken, and 395 accepted.
[1 : mcmc] Learn + convergence test @ 360 samples accepted.
[1 : mcmc] Ready to check convergence and learn a new proposal covmat (waiting for the rest...)
[3 : mcmc] Progress @ 2025-04-17 14:36:42 : 1944 steps taken, and 395 accepted.
[2 : mcmc] Progress @ 2025-04-17 14:38:08 : 1892 steps taken, and 352 accepted.
[1 : mcmc] Progress @ 2025-04-17 14:38:17 : 1831 steps taken, and 362 accepted.
[0 : mcmc] Progress @ 2025-04-17 14:38:37 : 1950 steps taken, and 399 accepted.
[3 : mcmc] Progress @ 2025-04-17 14:38:47 : 1955 steps taken, and 398 accepted.
[1 : mcmc] Progress @ 2025-04-17 14:40:19 : 1841 steps taken, and 364 accepted.
[2 : mcmc] Progress @ 2025-04-17 14:40:20 : 1904 steps taken, and 357 accepted.
[0 : mcmc] Progress @ 2025-04-17 14:40:40 : 1962 steps taken, and 404 accepted.
[3 : mcmc] Progress @ 2025-04-17 14:40:48 : 1965 steps taken, and 399 accepted.
[2 : mcmc] Learn + convergence test @ 360 samples accepted.
[2 : mcmc] Ready to check convergence and learn a new proposal covmat (waiting for the rest...)
[1 : mcmc] Progress @ 2025-04-17 14:42:27 : 1852 steps taken, and 371 accepted.
[0 : mcmc] Progress @ 2025-04-17 14:42:45 : 1978 steps taken, and 410 accepted.
[0 : mcmc] All chains are ready to check convergence and learn a new proposal covmat
[3 : mcmc] Progress @ 2025-04-17 14:42:56 : 1978 steps taken, and 401 accepted.
[0 : mcmc]  - Acceptance rate: 0.224 = avg([0.2169, 0.2131, 0.2323, 0.2351])
[0 : mcmc]  - Convergence of means: R-1 = 735.676623 after 1544 accepted steps = sum([410, 372, 360, 402])
[0 : mcmc]  - Updated covariance matrix of proposal pdf.
[2 : mcmc] Progress @ 2025-04-17 14:43:21 : 1916 steps taken, and 360 accepted.
[1 : mcmc] Progress @ 2025-04-17 14:44:36 : 1860 steps taken, and 373 accepted.
[0 : mcmc] Progress @ 2025-04-17 14:44:49 : 1987 steps taken, and 415 accepted.
[3 : mcmc] Progress @ 2025-04-17 14:45:01 : 1990 steps taken, and 404 accepted.
[2 : mcmc] Progress @ 2025-04-17 14:45:28 : 1929 steps taken, and 366 accepted.
[1 : mcmc] Progress @ 2025-04-17 14:46:48 : 1871 steps taken, and 376 accepted.
[0 : mcmc] Progress @ 2025-04-17 14:46:49 : 1997 steps taken, and 418 accepted.
[3 : mcmc] Progress @ 2025-04-17 14:47:09 : 2001 steps taken, and 410 accepted.
[2 : mcmc] Progress @ 2025-04-17 14:47:33 : 1943 steps taken, and 372 accepted.
[0 : mcmc] Learn + convergence test @ 420 samples accepted.
[0 : mcmc] Ready to check convergence and learn a new proposal covmat (waiting for the rest...)
[1 : mcmc] Progress @ 2025-04-17 14:48:54 : 1882 steps taken, and 379 accepted.
[0 : mcmc] Progress @ 2025-04-17 14:48:54 : 2008 steps taken, and 423 accepted.
[3 : mcmc] Progress @ 2025-04-17 14:49:20 : 2013 steps taken, and 412 accepted.
[2 : mcmc] Progress @ 2025-04-17 14:49:34 : 1954 steps taken, and 375 accepted.
[0 : mcmc] Progress @ 2025-04-17 14:50:56 : 2018 steps taken, and 425 accepted.
[1 : mcmc] Progress @ 2025-04-17 14:51:03 : 1894 steps taken, and 382 accepted.
[3 : mcmc] Progress @ 2025-04-17 14:51:20 : 2023 steps taken, and 415 accepted.
[2 : mcmc] Progress @ 2025-04-17 14:51:40 : 1966 steps taken, and 381 accepted.
[0 : mcmc] Progress @ 2025-04-17 14:53:00 : 2029 steps taken, and 425 accepted.
[1 : mcmc] Progress @ 2025-04-17 14:53:14 : 1908 steps taken, and 385 accepted.
[3 : mcmc] Progress @ 2025-04-17 14:53:24 : 2034 steps taken, and 419 accepted.
[2 : mcmc] Progress @ 2025-04-17 14:53:42 : 1977 steps taken, and 384 accepted.
[3 : mcmc] Learn + convergence test @ 420 samples accepted.
[3 : mcmc] Ready to check convergence and learn a new proposal covmat (waiting for the rest...)
[0 : mcmc] Progress @ 2025-04-17 14:55:05 : 2040 steps taken, and 426 accepted.
[1 : mcmc] Progress @ 2025-04-17 14:55:16 : 1919 steps taken, and 387 accepted.
[3 : mcmc] Progress @ 2025-04-17 14:55:31 : 2046 steps taken, and 423 accepted.
[2 : mcmc] Progress @ 2025-04-17 14:55:45 : 1988 steps taken, and 385 accepted.
[0 : mcmc] Progress @ 2025-04-17 14:57:12 : 2051 steps taken, and 430 accepted.
[1 : mcmc] Progress @ 2025-04-17 14:57:21 : 1930 steps taken, and 390 accepted.
[3 : mcmc] Progress @ 2025-04-17 14:57:37 : 2058 steps taken, and 426 accepted.
[2 : mcmc] Progress @ 2025-04-17 14:57:50 : 2000 steps taken, and 388 accepted.
[0 : mcmc] Progress @ 2025-04-17 14:59:21 : 2062 steps taken, and 435 accepted.
[1 : mcmc] Progress @ 2025-04-17 14:59:28 : 1941 steps taken, and 392 accepted.
[3 : mcmc] Progress @ 2025-04-17 14:59:44 : 2069 steps taken, and 430 accepted.
[2 : mcmc] Progress @ 2025-04-17 14:59:56 : 2012 steps taken, and 390 accepted.
[0 : mcmc] Progress @ 2025-04-17 15:01:27 : 2073 steps taken, and 439 accepted.
[1 : mcmc] Progress @ 2025-04-17 15:01:31 : 1951 steps taken, and 398 accepted.
[3 : mcmc] Progress @ 2025-04-17 15:01:54 : 2081 steps taken, and 432 accepted.
[2 : mcmc] Progress @ 2025-04-17 15:02:05 : 2025 steps taken, and 394 accepted.
[0 : mcmc] Progress @ 2025-04-17 15:03:29 : 2084 steps taken, and 439 accepted.
[1 : mcmc] Progress @ 2025-04-17 15:03:37 : 1963 steps taken, and 400 accepted.
[3 : mcmc] Progress @ 2025-04-17 15:03:57 : 2093 steps taken, and 435 accepted.
[2 : mcmc] Progress @ 2025-04-17 15:04:12 : 2040 steps taken, and 399 accepted.
[0 : mcmc] Progress @ 2025-04-17 15:05:39 : 2095 steps taken, and 441 accepted.
[1 : mcmc] Progress @ 2025-04-17 15:05:46 : 1975 steps taken, and 403 accepted.
[3 : mcmc] Progress @ 2025-04-17 15:06:01 : 2104 steps taken, and 438 accepted.
[2 : mcmc] Progress @ 2025-04-17 15:06:18 : 2055 steps taken, and 402 accepted.
[0 : mcmc] Progress @ 2025-04-17 15:07:46 : 2106 steps taken, and 442 accepted.
[1 : mcmc] Progress @ 2025-04-17 15:07:48 : 1986 steps taken, and 404 accepted.
[3 : mcmc] Progress @ 2025-04-17 15:08:07 : 2115 steps taken, and 443 accepted.
[2 : mcmc] Progress @ 2025-04-17 15:08:27 : 2066 steps taken, and 405 accepted.
[0 : mcmc] Progress @ 2025-04-17 15:09:52 : 2119 steps taken, and 446 accepted.
[1 : mcmc] Progress @ 2025-04-17 15:10:00 : 1997 steps taken, and 410 accepted.
[3 : mcmc] Progress @ 2025-04-17 15:10:11 : 2126 steps taken, and 445 accepted.
[2 : mcmc] Progress @ 2025-04-17 15:10:39 : 2078 steps taken, and 410 accepted.
[0 : mcmc] Progress @ 2025-04-17 15:11:58 : 2130 steps taken, and 450 accepted.
[1 : mcmc] Progress @ 2025-04-17 15:12:03 : 2008 steps taken, and 411 accepted.
[3 : mcmc] Progress @ 2025-04-17 15:12:23 : 2137 steps taken, and 448 accepted.
[2 : mcmc] Progress @ 2025-04-17 15:12:40 : 2089 steps taken, and 416 accepted.
[0 : mcmc] Progress @ 2025-04-17 15:14:11 : 2142 steps taken, and 453 accepted.
[1 : mcmc] Progress @ 2025-04-17 15:14:11 : 2019 steps taken, and 413 accepted.
[3 : mcmc] Progress @ 2025-04-17 15:14:27 : 2148 steps taken, and 451 accepted.
[2 : mcmc] Progress @ 2025-04-17 15:14:51 : 2101 steps taken, and 418 accepted.
[2 : mcmc] Learn + convergence test @ 420 samples accepted.
[2 : mcmc] Ready to check convergence and learn a new proposal covmat (waiting for the rest...)
[0 : mcmc] Progress @ 2025-04-17 15:16:14 : 2153 steps taken, and 454 accepted.
[1 : mcmc] Progress @ 2025-04-17 15:16:16 : 2030 steps taken, and 415 accepted.
[3 : mcmc] Progress @ 2025-04-17 15:16:31 : 2159 steps taken, and 454 accepted.
[2 : mcmc] Progress @ 2025-04-17 15:16:56 : 2113 steps taken, and 422 accepted.
[0 : mcmc] Progress @ 2025-04-17 15:18:16 : 2164 steps taken, and 457 accepted.
[1 : mcmc] Progress @ 2025-04-17 15:18:29 : 2041 steps taken, and 419 accepted.
[1 : mcmc] Learn + convergence test @ 420 samples accepted.
[1 : mcmc] Ready to check convergence and learn a new proposal covmat (waiting for the rest...)
[3 : mcmc] Progress @ 2025-04-17 15:18:43 : 2170 steps taken, and 457 accepted.
[2 : mcmc] Progress @ 2025-04-17 15:18:58 : 2124 steps taken, and 425 accepted.
[0 : mcmc] All chains are ready to check convergence and learn a new proposal covmat
[0 : mcmc]  - Acceptance rate: 0.246 = avg([0.2314, 0.2308, 0.2636, 0.2585])
[0 : mcmc]  - Convergence of means: R-1 = 309.013342 after 1762 accepted steps = sum([459, 420, 425, 458])
[0 : mcmc]  - Updated covariance matrix of proposal pdf.
[0 : mcmc] Progress @ 2025-04-17 15:20:29 : 2177 steps taken, and 460 accepted.
[1 : mcmc] Progress @ 2025-04-17 15:20:42 : 2050 steps taken, and 421 accepted.
[3 : mcmc] Progress @ 2025-04-17 15:20:44 : 2179 steps taken, and 459 accepted.
[2 : mcmc] Progress @ 2025-04-17 15:21:02 : 2135 steps taken, and 428 accepted.
[0 : mcmc] Progress @ 2025-04-17 15:22:40 : 2188 steps taken, and 462 accepted.
[1 : mcmc] Progress @ 2025-04-17 15:22:45 : 2061 steps taken, and 423 accepted.
[3 : mcmc] Progress @ 2025-04-17 15:22:48 : 2190 steps taken, and 462 accepted.
[2 : mcmc] Progress @ 2025-04-17 15:23:11 : 2147 steps taken, and 430 accepted.
[1 : mcmc] Progress @ 2025-04-17 15:24:49 : 2071 steps taken, and 426 accepted.
[0 : mcmc] Progress @ 2025-04-17 15:24:49 : 2201 steps taken, and 464 accepted.
[3 : mcmc] Progress @ 2025-04-17 15:24:53 : 2201 steps taken, and 466 accepted.
[2 : mcmc] Progress @ 2025-04-17 15:25:18 : 2158 steps taken, and 433 accepted.
[0 : mcmc] Progress @ 2025-04-17 15:26:52 : 2212 steps taken, and 466 accepted.
[3 : mcmc] Progress @ 2025-04-17 15:26:55 : 2212 steps taken, and 468 accepted.
[1 : mcmc] Progress @ 2025-04-17 15:26:56 : 2082 steps taken, and 429 accepted.
[2 : mcmc] Progress @ 2025-04-17 15:27:18 : 2173 steps taken, and 437 accepted.
[0 : mcmc] Progress @ 2025-04-17 15:28:52 : 2223 steps taken, and 468 accepted.
[3 : mcmc] Progress @ 2025-04-17 15:28:56 : 2224 steps taken, and 468 accepted.
[1 : mcmc] Progress @ 2025-04-17 15:29:09 : 2092 steps taken, and 432 accepted.
[2 : mcmc] Progress @ 2025-04-17 15:29:21 : 2187 steps taken, and 441 accepted.
[0 : mcmc] Progress @ 2025-04-17 15:31:05 : 2235 steps taken, and 473 accepted.
[3 : mcmc] Progress @ 2025-04-17 15:31:06 : 2236 steps taken, and 470 accepted.
[1 : mcmc] Progress @ 2025-04-17 15:31:17 : 2106 steps taken, and 435 accepted.
[2 : mcmc] Progress @ 2025-04-17 15:31:28 : 2198 steps taken, and 446 accepted.
[0 : mcmc] Progress @ 2025-04-17 15:33:06 : 2245 steps taken, and 475 accepted.
[3 : mcmc] Progress @ 2025-04-17 15:33:16 : 2248 steps taken, and 475 accepted.
[1 : mcmc] Progress @ 2025-04-17 15:33:17 : 2117 steps taken, and 439 accepted.
[2 : mcmc] Progress @ 2025-04-17 15:33:28 : 2212 steps taken, and 450 accepted.
[0 : mcmc] Progress @ 2025-04-17 15:35:13 : 2256 steps taken, and 478 accepted.
[3 : mcmc] Progress @ 2025-04-17 15:35:21 : 2259 steps taken, and 478 accepted.
[1 : mcmc] Progress @ 2025-04-17 15:35:28 : 2128 steps taken, and 445 accepted.
[2 : mcmc] Progress @ 2025-04-17 15:35:29 : 2223 steps taken, and 452 accepted.
[0 : mcmc] Learn + convergence test @ 480 samples accepted.
[0 : mcmc] Ready to check convergence and learn a new proposal covmat (waiting for the rest...)
[3 : mcmc] Learn + convergence test @ 480 samples accepted.
[3 : mcmc] Ready to check convergence and learn a new proposal covmat (waiting for the rest...)
[0 : mcmc] Progress @ 2025-04-17 15:37:22 : 2267 steps taken, and 484 accepted.
[1 : mcmc] Progress @ 2025-04-17 15:37:30 : 2140 steps taken, and 448 accepted.
[3 : mcmc] Progress @ 2025-04-17 15:37:31 : 2270 steps taken, and 482 accepted.
[2 : mcmc] Progress @ 2025-04-17 15:37:34 : 2234 steps taken, and 456 accepted.
[0 : mcmc] Progress @ 2025-04-17 15:39:28 : 2278 steps taken, and 485 accepted.
[3 : mcmc] Progress @ 2025-04-17 15:39:35 : 2281 steps taken, and 487 accepted.
[1 : mcmc] Progress @ 2025-04-17 15:39:36 : 2152 steps taken, and 449 accepted.
[2 : mcmc] Progress @ 2025-04-17 15:39:39 : 2246 steps taken, and 457 accepted.
[0 : mcmc] Progress @ 2025-04-17 15:41:31 : 2289 steps taken, and 485 accepted.
[3 : mcmc] Progress @ 2025-04-17 15:41:42 : 2293 steps taken, and 488 accepted.
[2 : mcmc] Progress @ 2025-04-17 15:41:44 : 2258 steps taken, and 458 accepted.
[1 : mcmc] Progress @ 2025-04-17 15:41:45 : 2164 steps taken, and 454 accepted.
[0 : mcmc] Progress @ 2025-04-17 15:43:43 : 2300 steps taken, and 489 accepted.
[2 : mcmc] Progress @ 2025-04-17 15:43:50 : 2269 steps taken, and 460 accepted.
[3 : mcmc] Progress @ 2025-04-17 15:43:50 : 2304 steps taken, and 491 accepted.
[1 : mcmc] Progress @ 2025-04-17 15:43:52 : 2174 steps taken, and 456 accepted.
[0 : mcmc] Progress @ 2025-04-17 15:45:50 : 2311 steps taken, and 494 accepted.
[3 : mcmc] Progress @ 2025-04-17 15:45:52 : 2315 steps taken, and 492 accepted.
[1 : mcmc] Progress @ 2025-04-17 15:45:57 : 2194 steps taken, and 463 accepted.
[2 : mcmc] Progress @ 2025-04-17 15:45:57 : 2280 steps taken, and 463 accepted.
[0 : mcmc] Progress @ 2025-04-17 15:47:55 : 2322 steps taken, and 495 accepted.
[1 : mcmc] Progress @ 2025-04-17 15:47:58 : 2207 steps taken, and 465 accepted.
[3 : mcmc] Progress @ 2025-04-17 15:47:59 : 2326 steps taken, and 495 accepted.
[2 : mcmc] Progress @ 2025-04-17 15:48:03 : 2291 steps taken, and 466 accepted.
[1 : mcmc] Progress @ 2025-04-17 15:50:01 : 2221 steps taken, and 468 accepted.
[0 : mcmc] Progress @ 2025-04-17 15:50:02 : 2333 steps taken, and 499 accepted.
[2 : mcmc] Progress @ 2025-04-17 15:50:06 : 2303 steps taken, and 467 accepted.
[3 : mcmc] Progress @ 2025-04-17 15:50:09 : 2337 steps taken, and 500 accepted.
[0 : mcmc] Progress @ 2025-04-17 15:52:03 : 2343 steps taken, and 500 accepted.
[2 : mcmc] Progress @ 2025-04-17 15:52:09 : 2314 steps taken, and 469 accepted.
[1 : mcmc] Progress @ 2025-04-17 15:52:10 : 2234 steps taken, and 471 accepted.
[3 : mcmc] Progress @ 2025-04-17 15:52:13 : 2348 steps taken, and 503 accepted.
[2 : mcmc] Progress @ 2025-04-17 15:54:10 : 2325 steps taken, and 472 accepted.
[0 : mcmc] Progress @ 2025-04-17 15:54:10 : 2354 steps taken, and 502 accepted.
[1 : mcmc] Progress @ 2025-04-17 15:54:11 : 2247 steps taken, and 476 accepted.
[3 : mcmc] Progress @ 2025-04-17 15:54:15 : 2359 steps taken, and 505 accepted.
[0 : mcmc] Progress @ 2025-04-17 15:56:11 : 2365 steps taken, and 505 accepted.
[1 : mcmc] Progress @ 2025-04-17 15:56:12 : 2257 steps taken, and 479 accepted.
[2 : mcmc] Progress @ 2025-04-17 15:56:18 : 2338 steps taken, and 473 accepted.
[3 : mcmc] Progress @ 2025-04-17 15:56:27 : 2371 steps taken, and 508 accepted.
[1 : mcmc] Learn + convergence test @ 480 samples accepted.
[1 : mcmc] Ready to check convergence and learn a new proposal covmat (waiting for the rest...)
[0 : mcmc] Progress @ 2025-04-17 15:58:21 : 2376 steps taken, and 505 accepted.
[2 : mcmc] Progress @ 2025-04-17 15:58:22 : 2349 steps taken, and 474 accepted.
[1 : mcmc] Progress @ 2025-04-17 15:58:23 : 2271 steps taken, and 483 accepted.
[3 : mcmc] Progress @ 2025-04-17 15:58:29 : 2382 steps taken, and 510 accepted.
[0 : mcmc] Progress @ 2025-04-17 16:00:27 : 2387 steps taken, and 507 accepted.
[2 : mcmc] Progress @ 2025-04-17 16:00:29 : 2361 steps taken, and 477 accepted.
[1 : mcmc] Progress @ 2025-04-17 16:00:30 : 2285 steps taken, and 485 accepted.
[3 : mcmc] Progress @ 2025-04-17 16:00:31 : 2393 steps taken, and 514 accepted.
[0 : mcmc] Progress @ 2025-04-17 16:02:30 : 2398 steps taken, and 511 accepted.
[1 : mcmc] Progress @ 2025-04-17 16:02:34 : 2296 steps taken, and 487 accepted.
[3 : mcmc] Progress @ 2025-04-17 16:02:38 : 2404 steps taken, and 516 accepted.
[2 : mcmc] Progress @ 2025-04-17 16:02:40 : 2372 steps taken, and 478 accepted.
[0 : mcmc] Progress @ 2025-04-17 16:04:40 : 2409 steps taken, and 511 accepted.
[3 : mcmc] Progress @ 2025-04-17 16:04:42 : 2415 steps taken, and 520 accepted.
[1 : mcmc] Progress @ 2025-04-17 16:04:43 : 2307 steps taken, and 489 accepted.
[2 : mcmc] Progress @ 2025-04-17 16:04:50 : 2384 steps taken, and 479 accepted.
[2 : mcmc] Learn + convergence test @ 480 samples accepted.
[2 : mcmc] Ready to check convergence and learn a new proposal covmat (waiting for the rest...)
[0 : mcmc] All chains are ready to check convergence and learn a new proposal covmat
[0 : mcmc]  - Acceptance rate: 0.259 = avg([0.2342, 0.2623, 0.2655, 0.2742])
[0 : mcmc]  - Convergence of means: R-1 = 98.297008 after 2005 accepted steps = sum([512, 491, 480, 522])
[0 : mcmc]  - Updated covariance matrix of proposal pdf.
[0 : mcmc] Progress @ 2025-04-17 16:06:45 : 2419 steps taken, and 512 accepted.
[3 : mcmc] Progress @ 2025-04-17 16:06:47 : 2422 steps taken, and 523 accepted.
[1 : mcmc] Progress @ 2025-04-17 16:06:51 : 2321 steps taken, and 493 accepted.
[2 : mcmc] Progress @ 2025-04-17 16:07:00 : 2390 steps taken, and 483 accepted.
[0 : mcmc] Progress @ 2025-04-17 16:08:49 : 2430 steps taken, and 515 accepted.
[3 : mcmc] Progress @ 2025-04-17 16:08:51 : 2433 steps taken, and 527 accepted.
[1 : mcmc] Progress @ 2025-04-17 16:08:52 : 2334 steps taken, and 496 accepted.
[2 : mcmc] Progress @ 2025-04-17 16:09:13 : 2402 steps taken, and 487 accepted.
[0 : mcmc] Progress @ 2025-04-17 16:10:58 : 2441 steps taken, and 516 accepted.
[1 : mcmc] Progress @ 2025-04-17 16:10:59 : 2346 steps taken, and 500 accepted.
[3 : mcmc] Progress @ 2025-04-17 16:11:02 : 2445 steps taken, and 529 accepted.
[2 : mcmc] Progress @ 2025-04-17 16:11:20 : 2414 steps taken, and 488 accepted.
[0 : mcmc] Progress @ 2025-04-17 16:12:59 : 2452 steps taken, and 519 accepted.
[3 : mcmc] Progress @ 2025-04-17 16:13:07 : 2456 steps taken, and 531 accepted.
[1 : mcmc] Progress @ 2025-04-17 16:13:11 : 2360 steps taken, and 502 accepted.
[2 : mcmc] Progress @ 2025-04-17 16:13:25 : 2425 steps taken, and 489 accepted.
[0 : mcmc] Progress @ 2025-04-17 16:15:02 : 2462 steps taken, and 521 accepted.
[1 : mcmc] Progress @ 2025-04-17 16:15:13 : 2374 steps taken, and 505 accepted.
[3 : mcmc] Progress @ 2025-04-17 16:15:16 : 2467 steps taken, and 536 accepted.
[2 : mcmc] Progress @ 2025-04-17 16:15:32 : 2437 steps taken, and 490 accepted.
[0 : mcmc] Progress @ 2025-04-17 16:17:04 : 2473 steps taken, and 524 accepted.
[1 : mcmc] Progress @ 2025-04-17 16:17:16 : 2385 steps taken, and 510 accepted.
[3 : mcmc] Progress @ 2025-04-17 16:17:19 : 2481 steps taken, and 537 accepted.
[2 : mcmc] Progress @ 2025-04-17 16:17:39 : 2448 steps taken, and 491 accepted.
[0 : mcmc] Progress @ 2025-04-17 16:19:12 : 2483 steps taken, and 528 accepted.
[1 : mcmc] Progress @ 2025-04-17 16:19:20 : 2396 steps taken, and 516 accepted.
[3 : mcmc] Progress @ 2025-04-17 16:19:24 : 2493 steps taken, and 539 accepted.
[2 : mcmc] Progress @ 2025-04-17 16:19:49 : 2459 steps taken, and 496 accepted.
[3 : mcmc] Learn + convergence test @ 540 samples accepted.
[3 : mcmc] Ready to check convergence and learn a new proposal covmat (waiting for the rest...)
[0 : mcmc] Progress @ 2025-04-17 16:21:16 : 2493 steps taken, and 532 accepted.
[1 : mcmc] Progress @ 2025-04-17 16:21:27 : 2411 steps taken, and 520 accepted.
[3 : mcmc] Progress @ 2025-04-17 16:21:36 : 2504 steps taken, and 540 accepted.
[2 : mcmc] Progress @ 2025-04-17 16:21:51 : 2472 steps taken, and 499 accepted.
[0 : mcmc] Progress @ 2025-04-17 16:23:16 : 2504 steps taken, and 535 accepted.
[1 : mcmc] Progress @ 2025-04-17 16:23:39 : 2422 steps taken, and 522 accepted.
[3 : mcmc] Progress @ 2025-04-17 16:23:42 : 2516 steps taken, and 541 accepted.
[2 : mcmc] Progress @ 2025-04-17 16:24:00 : 2485 steps taken, and 499 accepted.
[0 : mcmc] Progress @ 2025-04-17 16:25:28 : 2515 steps taken, and 539 accepted.
[1 : mcmc] Progress @ 2025-04-17 16:25:46 : 2434 steps taken, and 524 accepted.
[3 : mcmc] Progress @ 2025-04-17 16:25:50 : 2527 steps taken, and 545 accepted.
[2 : mcmc] Progress @ 2025-04-17 16:26:09 : 2498 steps taken, and 501 accepted.
[0 : mcmc] Learn + convergence test @ 540 samples accepted.
[0 : mcmc] Ready to check convergence and learn a new proposal covmat (waiting for the rest...)
[0 : mcmc] Progress @ 2025-04-17 16:27:33 : 2526 steps taken, and 542 accepted.
[1 : mcmc] Progress @ 2025-04-17 16:27:55 : 2445 steps taken, and 525 accepted.
[3 : mcmc] Progress @ 2025-04-17 16:27:56 : 2539 steps taken, and 549 accepted.
[2 : mcmc] Progress @ 2025-04-17 16:28:21 : 2512 steps taken, and 504 accepted.
[0 : mcmc] Progress @ 2025-04-17 16:29:37 : 2537 steps taken, and 545 accepted.
[3 : mcmc] Progress @ 2025-04-17 16:29:57 : 2550 steps taken, and 555 accepted.
[1 : mcmc] Progress @ 2025-04-17 16:30:01 : 2456 steps taken, and 526 accepted.
[2 : mcmc] Progress @ 2025-04-17 16:30:30 : 2523 steps taken, and 506 accepted.
[0 : mcmc] Progress @ 2025-04-17 16:31:39 : 2547 steps taken, and 546 accepted.
[3 : mcmc] Progress @ 2025-04-17 16:31:59 : 2561 steps taken, and 558 accepted.
[1 : mcmc] Progress @ 2025-04-17 16:32:03 : 2467 steps taken, and 529 accepted.
[2 : mcmc] Progress @ 2025-04-17 16:32:37 : 2535 steps taken, and 509 accepted.
[0 : mcmc] Progress @ 2025-04-17 16:33:45 : 2558 steps taken, and 551 accepted.
[3 : mcmc] Progress @ 2025-04-17 16:34:01 : 2572 steps taken, and 562 accepted.
[1 : mcmc] Progress @ 2025-04-17 16:34:07 : 2478 steps taken, and 533 accepted.
[2 : mcmc] Progress @ 2025-04-17 16:34:45 : 2546 steps taken, and 513 accepted.
[0 : mcmc] Progress @ 2025-04-17 16:35:50 : 2569 steps taken, and 556 accepted.
[3 : mcmc] Progress @ 2025-04-17 16:36:03 : 2582 steps taken, and 565 accepted.
[1 : mcmc] Progress @ 2025-04-17 16:36:19 : 2490 steps taken, and 535 accepted.
[2 : mcmc] Progress @ 2025-04-17 16:36:53 : 2559 steps taken, and 518 accepted.
[0 : mcmc] Progress @ 2025-04-17 16:37:57 : 2580 steps taken, and 560 accepted.
[3 : mcmc] Progress @ 2025-04-17 16:38:07 : 2593 steps taken, and 569 accepted.
[1 : mcmc] Progress @ 2025-04-17 16:38:29 : 2504 steps taken, and 537 accepted.
[2 : mcmc] Progress @ 2025-04-17 16:39:03 : 2571 steps taken, and 523 accepted.
[0 : mcmc] Progress @ 2025-04-17 16:40:02 : 2591 steps taken, and 562 accepted.
[3 : mcmc] Progress @ 2025-04-17 16:40:12 : 2604 steps taken, and 572 accepted.
[1 : mcmc] Progress @ 2025-04-17 16:40:31 : 2522 steps taken, and 540 accepted.
[1 : mcmc] Learn + convergence test @ 540 samples accepted.
[1 : mcmc] Ready to check convergence and learn a new proposal covmat (waiting for the rest...)
[2 : mcmc] Progress @ 2025-04-17 16:41:05 : 2582 steps taken, and 525 accepted.
[0 : mcmc] Progress @ 2025-04-17 16:42:13 : 2602 steps taken, and 563 accepted.
[3 : mcmc] Progress @ 2025-04-17 16:42:17 : 2615 steps taken, and 573 accepted.
[1 : mcmc] Progress @ 2025-04-17 16:42:33 : 2537 steps taken, and 544 accepted.
[2 : mcmc] Progress @ 2025-04-17 16:43:10 : 2593 steps taken, and 528 accepted.
[0 : mcmc] Progress @ 2025-04-17 16:44:21 : 2613 steps taken, and 565 accepted.
[3 : mcmc] Progress @ 2025-04-17 16:44:24 : 2626 steps taken, and 576 accepted.
[1 : mcmc] Progress @ 2025-04-17 16:44:39 : 2549 steps taken, and 546 accepted.
[2 : mcmc] Progress @ 2025-04-17 16:45:10 : 2603 steps taken, and 532 accepted.
[3 : mcmc] Progress @ 2025-04-17 16:46:29 : 2637 steps taken, and 578 accepted.
[0 : mcmc] Progress @ 2025-04-17 16:46:33 : 2624 steps taken, and 569 accepted.
[1 : mcmc] Progress @ 2025-04-17 16:46:48 : 2562 steps taken, and 548 accepted.
[2 : mcmc] Progress @ 2025-04-17 16:47:17 : 2615 steps taken, and 536 accepted.
[0 : mcmc] Progress @ 2025-04-17 16:48:35 : 2635 steps taken, and 573 accepted.
[3 : mcmc] Progress @ 2025-04-17 16:48:39 : 2649 steps taken, and 582 accepted.
[1 : mcmc] Progress @ 2025-04-17 16:48:51 : 2573 steps taken, and 551 accepted.
[2 : mcmc] Progress @ 2025-04-17 16:49:24 : 2626 steps taken, and 539 accepted.
[2 : mcmc] Learn + convergence test @ 540 samples accepted.
[2 : mcmc] Ready to check convergence and learn a new proposal covmat (waiting for the rest...)
[0 : mcmc] Progress @ 2025-04-17 16:50:36 : 2646 steps taken, and 576 accepted.
[0 : mcmc] All chains are ready to check convergence and learn a new proposal covmat
[0 : mcmc]  - Acceptance rate: 0.265 = avg([0.2535, 0.2694, 0.2579, 0.2778])
[0 : mcmc]  - Convergence of means: R-1 = 66.891764 after 2255 accepted steps = sum([576, 555, 540, 584])
[0 : mcmc]  - Updated covariance matrix of proposal pdf.
[1 : mcmc] Progress @ 2025-04-17 16:50:56 : 2585 steps taken, and 555 accepted.
[3 : mcmc] Progress @ 2025-04-17 16:51:00 : 2659 steps taken, and 584 accepted.
[2 : mcmc] Progress @ 2025-04-17 16:51:24 : 2631 steps taken, and 542 accepted.
[0 : mcmc] Progress @ 2025-04-17 16:52:44 : 2656 steps taken, and 579 accepted.
[1 : mcmc] Progress @ 2025-04-17 16:53:00 : 2596 steps taken, and 556 accepted.
[3 : mcmc] Progress @ 2025-04-17 16:53:02 : 2670 steps taken, and 587 accepted.
[2 : mcmc] Progress @ 2025-04-17 16:53:32 : 2642 steps taken, and 547 accepted.
[0 : mcmc] Progress @ 2025-04-17 16:54:47 : 2674 steps taken, and 584 accepted.
[1 : mcmc] Progress @ 2025-04-17 16:55:07 : 2608 steps taken, and 560 accepted.
[3 : mcmc] Progress @ 2025-04-17 16:55:12 : 2681 steps taken, and 592 accepted.
[2 : mcmc] Progress @ 2025-04-17 16:55:35 : 2654 steps taken, and 550 accepted.
[0 : mcmc] Progress @ 2025-04-17 16:56:58 : 2686 steps taken, and 587 accepted.
[1 : mcmc] Progress @ 2025-04-17 16:57:15 : 2621 steps taken, and 564 accepted.
[3 : mcmc] Progress @ 2025-04-17 16:57:18 : 2692 steps taken, and 596 accepted.
[2 : mcmc] Progress @ 2025-04-17 16:57:42 : 2666 steps taken, and 554 accepted.
[0 : mcmc] Progress @ 2025-04-17 16:59:03 : 2698 steps taken, and 592 accepted.
[3 : mcmc] Progress @ 2025-04-17 16:59:22 : 2704 steps taken, and 599 accepted.
[1 : mcmc] Progress @ 2025-04-17 16:59:28 : 2632 steps taken, and 567 accepted.
[2 : mcmc] Progress @ 2025-04-17 16:59:44 : 2679 steps taken, and 557 accepted.
[3 : mcmc] Learn + convergence test @ 600 samples accepted.
[3 : mcmc] Ready to check convergence and learn a new proposal covmat (waiting for the rest...)
[0 : mcmc] Progress @ 2025-04-17 17:01:07 : 2712 steps taken, and 596 accepted.
[3 : mcmc] Progress @ 2025-04-17 17:01:27 : 2715 steps taken, and 600 accepted.
[1 : mcmc] Progress @ 2025-04-17 17:01:31 : 2643 steps taken, and 570 accepted.
[2 : mcmc] Progress @ 2025-04-17 17:01:53 : 2691 steps taken, and 560 accepted.
[0 : mcmc] Progress @ 2025-04-17 17:03:13 : 2723 steps taken, and 599 accepted.
[3 : mcmc] Progress @ 2025-04-17 17:03:29 : 2726 steps taken, and 604 accepted.
[1 : mcmc] Progress @ 2025-04-17 17:03:42 : 2657 steps taken, and 573 accepted.
[2 : mcmc] Progress @ 2025-04-17 17:03:54 : 2705 steps taken, and 563 accepted.
[0 : mcmc] Learn + convergence test @ 600 samples accepted.
[0 : mcmc] Ready to check convergence and learn a new proposal covmat (waiting for the rest...)
[0 : mcmc] Progress @ 2025-04-17 17:05:14 : 2734 steps taken, and 600 accepted.
[3 : mcmc] Progress @ 2025-04-17 17:05:36 : 2737 steps taken, and 607 accepted.
[1 : mcmc] Progress @ 2025-04-17 17:05:45 : 2668 steps taken, and 576 accepted.
[2 : mcmc] Progress @ 2025-04-17 17:06:02 : 2721 steps taken, and 568 accepted.
[0 : mcmc] Progress @ 2025-04-17 17:07:25 : 2745 steps taken, and 603 accepted.
[3 : mcmc] Progress @ 2025-04-17 17:07:39 : 2748 steps taken, and 611 accepted.
[1 : mcmc] Progress @ 2025-04-17 17:07:51 : 2679 steps taken, and 580 accepted.
[2 : mcmc] Progress @ 2025-04-17 17:08:12 : 2734 steps taken, and 572 accepted.
[0 : mcmc] Progress @ 2025-04-17 17:09:26 : 2756 steps taken, and 608 accepted.
[3 : mcmc] Progress @ 2025-04-17 17:09:48 : 2759 steps taken, and 615 accepted.
[1 : mcmc] Progress @ 2025-04-17 17:09:55 : 2691 steps taken, and 582 accepted.
[2 : mcmc] Progress @ 2025-04-17 17:10:18 : 2745 steps taken, and 575 accepted.
[0 : mcmc] Progress @ 2025-04-17 17:11:30 : 2767 steps taken, and 611 accepted.
[3 : mcmc] Progress @ 2025-04-17 17:11:48 : 2769 steps taken, and 617 accepted.
[1 : mcmc] Progress @ 2025-04-17 17:11:58 : 2703 steps taken, and 585 accepted.
[2 : mcmc] Progress @ 2025-04-17 17:12:22 : 2757 steps taken, and 580 accepted.
[0 : mcmc] Progress @ 2025-04-17 17:13:32 : 2777 steps taken, and 612 accepted.
[3 : mcmc] Progress @ 2025-04-17 17:13:57 : 2780 steps taken, and 620 accepted.
[1 : mcmc] Progress @ 2025-04-17 17:13:58 : 2714 steps taken, and 587 accepted.
[2 : mcmc] Progress @ 2025-04-17 17:14:30 : 2768 steps taken, and 582 accepted.
[0 : mcmc] Progress @ 2025-04-17 17:15:43 : 2790 steps taken, and 617 accepted.
[3 : mcmc] Progress @ 2025-04-17 17:16:00 : 2791 steps taken, and 624 accepted.
[1 : mcmc] Progress @ 2025-04-17 17:16:06 : 2725 steps taken, and 588 accepted.
[2 : mcmc] Progress @ 2025-04-17 17:16:32 : 2779 steps taken, and 584 accepted.
[0 : mcmc] Progress @ 2025-04-17 17:17:48 : 2801 steps taken, and 620 accepted.
[3 : mcmc] Progress @ 2025-04-17 17:18:05 : 2802 steps taken, and 632 accepted.
[1 : mcmc] Progress @ 2025-04-17 17:18:12 : 2737 steps taken, and 592 accepted.
[2 : mcmc] Progress @ 2025-04-17 17:18:38 : 2792 steps taken, and 586 accepted.
[0 : mcmc] Progress @ 2025-04-17 17:19:57 : 2812 steps taken, and 625 accepted.
[3 : mcmc] Progress @ 2025-04-17 17:20:08 : 2813 steps taken, and 635 accepted.
[1 : mcmc] Progress @ 2025-04-17 17:20:20 : 2748 steps taken, and 595 accepted.
[2 : mcmc] Progress @ 2025-04-17 17:20:46 : 2805 steps taken, and 588 accepted.
[1 : mcmc] Learn + convergence test @ 600 samples accepted.
[1 : mcmc] Ready to check convergence and learn a new proposal covmat (waiting for the rest...)
[0 : mcmc] Progress @ 2025-04-17 17:22:00 : 2822 steps taken, and 630 accepted.
[3 : mcmc] Progress @ 2025-04-17 17:22:12 : 2824 steps taken, and 638 accepted.
[1 : mcmc] Progress @ 2025-04-17 17:22:23 : 2759 steps taken, and 600 accepted.
[2 : mcmc] Progress @ 2025-04-17 17:22:46 : 2818 steps taken, and 591 accepted.
[0 : mcmc] Progress @ 2025-04-17 17:24:13 : 2835 steps taken, and 633 accepted.
[3 : mcmc] Progress @ 2025-04-17 17:24:13 : 2834 steps taken, and 642 accepted.
[1 : mcmc] Progress @ 2025-04-17 17:24:31 : 2770 steps taken, and 602 accepted.
[2 : mcmc] Progress @ 2025-04-17 17:24:54 : 2830 steps taken, and 595 accepted.
[0 : mcmc] Progress @ 2025-04-17 17:26:19 : 2845 steps taken, and 635 accepted.
[3 : mcmc] Progress @ 2025-04-17 17:26:25 : 2846 steps taken, and 644 accepted.
[1 : mcmc] Progress @ 2025-04-17 17:26:35 : 2781 steps taken, and 604 accepted.
[2 : mcmc] Progress @ 2025-04-17 17:27:03 : 2846 steps taken, and 599 accepted.
[2 : mcmc] Learn + convergence test @ 600 samples accepted.
[2 : mcmc] Ready to check convergence and learn a new proposal covmat (waiting for the rest...)
[0 : mcmc] All chains are ready to check convergence and learn a new proposal covmat
[0 : mcmc]  - Acceptance rate: 0.270 = avg([0.2717, 0.2637, 0.2584, 0.2835])
[0 : mcmc]  - Convergence of means: R-1 = 39.721139 after 2491 accepted steps = sum([637, 607, 600, 647])
[0 : mcmc]  - Updated covariance matrix of proposal pdf.
[0 : mcmc] Progress @ 2025-04-17 17:28:21 : 2854 steps taken, and 638 accepted.
[3 : mcmc] Progress @ 2025-04-17 17:28:30 : 2855 steps taken, and 649 accepted.
[1 : mcmc] Progress @ 2025-04-17 17:28:42 : 2794 steps taken, and 610 accepted.
[2 : mcmc] Progress @ 2025-04-17 17:29:11 : 2854 steps taken, and 602 accepted.
[0 : mcmc] Progress @ 2025-04-17 17:30:22 : 2864 steps taken, and 640 accepted.
[3 : mcmc] Progress @ 2025-04-17 17:30:37 : 2866 steps taken, and 652 accepted.
[1 : mcmc] Progress @ 2025-04-17 17:30:48 : 2805 steps taken, and 615 accepted.
[2 : mcmc] Progress @ 2025-04-17 17:31:12 : 2865 steps taken, and 603 accepted.
[0 : mcmc] Progress @ 2025-04-17 17:32:26 : 2875 steps taken, and 643 accepted.
[3 : mcmc] Progress @ 2025-04-17 17:32:40 : 2877 steps taken, and 656 accepted.
[1 : mcmc] Progress @ 2025-04-17 17:32:52 : 2820 steps taken, and 618 accepted.
[2 : mcmc] Progress @ 2025-04-17 17:33:15 : 2878 steps taken, and 604 accepted.
[3 : mcmc] Learn + convergence test @ 660 samples accepted.
[3 : mcmc] Ready to check convergence and learn a new proposal covmat (waiting for the rest...)
[0 : mcmc] Progress @ 2025-04-17 17:34:37 : 2886 steps taken, and 646 accepted.
[3 : mcmc] Progress @ 2025-04-17 17:34:47 : 2889 steps taken, and 660 accepted.
[1 : mcmc] Progress @ 2025-04-17 17:35:00 : 2833 steps taken, and 619 accepted.
[2 : mcmc] Progress @ 2025-04-17 17:35:24 : 2895 steps taken, and 607 accepted.
[0 : mcmc] Progress @ 2025-04-17 17:36:48 : 2897 steps taken, and 649 accepted.
[3 : mcmc] Progress @ 2025-04-17 17:36:54 : 2901 steps taken, and 663 accepted.
[1 : mcmc] Progress @ 2025-04-17 17:37:01 : 2845 steps taken, and 621 accepted.
[2 : mcmc] Progress @ 2025-04-17 17:37:29 : 2908 steps taken, and 609 accepted.
[0 : mcmc] Progress @ 2025-04-17 17:38:48 : 2908 steps taken, and 651 accepted.
[3 : mcmc] Progress @ 2025-04-17 17:39:05 : 2915 steps taken, and 666 accepted.
[1 : mcmc] Progress @ 2025-04-17 17:39:06 : 2859 steps taken, and 623 accepted.
[2 : mcmc] Progress @ 2025-04-17 17:39:32 : 2920 steps taken, and 613 accepted.
[0 : mcmc] Progress @ 2025-04-17 17:40:52 : 2918 steps taken, and 653 accepted.
[1 : mcmc] Progress @ 2025-04-17 17:41:12 : 2871 steps taken, and 626 accepted.
[3 : mcmc] Progress @ 2025-04-17 17:41:14 : 2927 steps taken, and 672 accepted.
[2 : mcmc] Progress @ 2025-04-17 17:41:34 : 2932 steps taken, and 615 accepted.
[0 : mcmc] Progress @ 2025-04-17 17:43:00 : 2929 steps taken, and 656 accepted.
[3 : mcmc] Progress @ 2025-04-17 17:43:20 : 2939 steps taken, and 676 accepted.
[1 : mcmc] Progress @ 2025-04-17 17:43:24 : 2889 steps taken, and 629 accepted.
[2 : mcmc] Progress @ 2025-04-17 17:43:40 : 2948 steps taken, and 622 accepted.
[0 : mcmc] Progress @ 2025-04-17 17:45:08 : 2942 steps taken, and 659 accepted.
[0 : mcmc] Learn + convergence test @ 660 samples accepted.
[0 : mcmc] Ready to check convergence and learn a new proposal covmat (waiting for the rest...)
[3 : mcmc] Progress @ 2025-04-17 17:45:28 : 2951 steps taken, and 680 accepted.
[1 : mcmc] Progress @ 2025-04-17 17:45:30 : 2902 steps taken, and 633 accepted.
[2 : mcmc] Progress @ 2025-04-17 17:45:44 : 2960 steps taken, and 626 accepted.
[0 : mcmc] Progress @ 2025-04-17 17:47:13 : 2953 steps taken, and 663 accepted.
[1 : mcmc] Progress @ 2025-04-17 17:47:36 : 2916 steps taken, and 636 accepted.
[3 : mcmc] Progress @ 2025-04-17 17:47:41 : 2962 steps taken, and 686 accepted.
[2 : mcmc] Progress @ 2025-04-17 17:47:51 : 2971 steps taken, and 630 accepted.
[0 : mcmc] Progress @ 2025-04-17 17:49:21 : 2964 steps taken, and 666 accepted.
[1 : mcmc] Progress @ 2025-04-17 17:49:49 : 2927 steps taken, and 639 accepted.
[3 : mcmc] Progress @ 2025-04-17 17:49:51 : 2974 steps taken, and 689 accepted.
[2 : mcmc] Progress @ 2025-04-17 17:49:59 : 2983 steps taken, and 633 accepted.
[0 : mcmc] Progress @ 2025-04-17 17:51:29 : 2975 steps taken, and 667 accepted.
[1 : mcmc] Progress @ 2025-04-17 17:51:58 : 2939 steps taken, and 641 accepted.
[3 : mcmc] Progress @ 2025-04-17 17:51:59 : 2985 steps taken, and 689 accepted.
[2 : mcmc] Progress @ 2025-04-17 17:52:05 : 2994 steps taken, and 636 accepted.
[0 : mcmc] Progress @ 2025-04-17 17:53:33 : 2986 steps taken, and 669 accepted.
[3 : mcmc] Progress @ 2025-04-17 17:54:00 : 2996 steps taken, and 690 accepted.
[1 : mcmc] Progress @ 2025-04-17 17:54:04 : 2955 steps taken, and 643 accepted.
[2 : mcmc] Progress @ 2025-04-17 17:54:08 : 3005 steps taken, and 641 accepted.
[0 : mcmc] Progress @ 2025-04-17 17:55:39 : 2997 steps taken, and 672 accepted.
[3 : mcmc] Progress @ 2025-04-17 17:56:02 : 3007 steps taken, and 693 accepted.
[1 : mcmc] Progress @ 2025-04-17 17:56:08 : 2968 steps taken, and 645 accepted.
[2 : mcmc] Progress @ 2025-04-17 17:56:09 : 3016 steps taken, and 642 accepted.
[0 : mcmc] Progress @ 2025-04-17 17:57:48 : 3010 steps taken, and 674 accepted.
[3 : mcmc] Progress @ 2025-04-17 17:58:06 : 3018 steps taken, and 695 accepted.
[1 : mcmc] Progress @ 2025-04-17 17:58:14 : 2980 steps taken, and 649 accepted.
[2 : mcmc] Progress @ 2025-04-17 17:58:16 : 3027 steps taken, and 643 accepted.
[0 : mcmc] Progress @ 2025-04-17 17:59:54 : 3027 steps taken, and 677 accepted.
[3 : mcmc] Progress @ 2025-04-17 18:00:07 : 3029 steps taken, and 699 accepted.
[1 : mcmc] Progress @ 2025-04-17 18:00:21 : 2992 steps taken, and 651 accepted.
[2 : mcmc] Progress @ 2025-04-17 18:00:22 : 3039 steps taken, and 646 accepted.
[0 : mcmc] Progress @ 2025-04-17 18:02:04 : 3040 steps taken, and 684 accepted.
[3 : mcmc] Progress @ 2025-04-17 18:02:14 : 3040 steps taken, and 701 accepted.
[1 : mcmc] Progress @ 2025-04-17 18:02:21 : 3002 steps taken, and 653 accepted.
[2 : mcmc] Progress @ 2025-04-17 18:02:23 : 3050 steps taken, and 646 accepted.
[0 : mcmc] Progress @ 2025-04-17 18:04:16 : 3051 steps taken, and 689 accepted.
[3 : mcmc] Progress @ 2025-04-17 18:04:16 : 3051 steps taken, and 703 accepted.
[1 : mcmc] Progress @ 2025-04-17 18:04:26 : 3013 steps taken, and 654 accepted.
[2 : mcmc] Progress @ 2025-04-17 18:04:30 : 3062 steps taken, and 649 accepted.
[3 : mcmc] Progress @ 2025-04-17 18:06:16 : 3062 steps taken, and 704 accepted.
[0 : mcmc] Progress @ 2025-04-17 18:06:27 : 3062 steps taken, and 690 accepted.
[1 : mcmc] Progress @ 2025-04-17 18:06:30 : 3025 steps taken, and 658 accepted.
[2 : mcmc] Progress @ 2025-04-17 18:06:34 : 3073 steps taken, and 651 accepted.
[1 : mcmc] Learn + convergence test @ 660 samples accepted.
[1 : mcmc] Ready to check convergence and learn a new proposal covmat (waiting for the rest...)
[3 : mcmc] Progress @ 2025-04-17 18:08:28 : 3073 steps taken, and 709 accepted.
[0 : mcmc] Progress @ 2025-04-17 18:08:31 : 3072 steps taken, and 692 accepted.
[1 : mcmc] Progress @ 2025-04-17 18:08:31 : 3041 steps taken, and 660 accepted.
[2 : mcmc] Progress @ 2025-04-17 18:08:39 : 3085 steps taken, and 653 accepted.
[3 : mcmc] Progress @ 2025-04-17 18:10:30 : 3084 steps taken, and 710 accepted.
[0 : mcmc] Progress @ 2025-04-17 18:10:38 : 3084 steps taken, and 694 accepted.
[1 : mcmc] Progress @ 2025-04-17 18:10:44 : 3057 steps taken, and 665 accepted.
[2 : mcmc] Progress @ 2025-04-17 18:10:44 : 3096 steps taken, and 657 accepted.
[3 : mcmc] Progress @ 2025-04-17 18:12:37 : 3095 steps taken, and 714 accepted.
[0 : mcmc] Progress @ 2025-04-17 18:12:49 : 3095 steps taken, and 696 accepted.
[1 : mcmc] Progress @ 2025-04-17 18:12:54 : 3068 steps taken, and 668 accepted.
[2 : mcmc] Progress @ 2025-04-17 18:12:54 : 3108 steps taken, and 659 accepted.
[2 : mcmc] Learn + convergence test @ 660 samples accepted.
[2 : mcmc] Ready to check convergence and learn a new proposal covmat (waiting for the rest...)
[0 : mcmc] Progress @ 2025-04-17 18:14:54 : 3107 steps taken, and 699 accepted.
[1 : mcmc] Progress @ 2025-04-17 18:14:57 : 3086 steps taken, and 673 accepted.
[0 : mcmc] All chains are ready to check convergence and learn a new proposal covmat
[0 : mcmc]  - Acceptance rate: 0.263 = avg([0.2660, 0.2549, 0.2529, 0.2781])
[0 : mcmc]  - Convergence of means: R-1 = 17.378155 after 2751 accepted steps = sum([700, 674, 660, 717])
[0 : mcmc]  - Updated covariance matrix of proposal pdf.
[3 : mcmc] Progress @ 2025-04-17 18:15:14 : 3105 steps taken, and 717 accepted.
[2 : mcmc] Progress @ 2025-04-17 18:15:17 : 3116 steps taken, and 661 accepted.
[0 : mcmc] Progress @ 2025-04-17 18:16:55 : 3117 steps taken, and 703 accepted.
[1 : mcmc] Progress @ 2025-04-17 18:16:57 : 3098 steps taken, and 678 accepted.
[2 : mcmc] Progress @ 2025-04-17 18:17:18 : 3127 steps taken, and 665 accepted.
[3 : mcmc] Progress @ 2025-04-17 18:17:19 : 3116 steps taken, and 718 accepted.
[3 : mcmc] Learn + convergence test @ 720 samples accepted.
[3 : mcmc] Ready to check convergence and learn a new proposal covmat (waiting for the rest...)
[0 : mcmc] Progress @ 2025-04-17 18:19:00 : 3128 steps taken, and 707 accepted.
[1 : mcmc] Progress @ 2025-04-17 18:19:04 : 3110 steps taken, and 681 accepted.
[2 : mcmc] Progress @ 2025-04-17 18:19:19 : 3139 steps taken, and 669 accepted.
[3 : mcmc] Progress @ 2025-04-17 18:19:26 : 3128 steps taken, and 723 accepted.
[0 : mcmc] Progress @ 2025-04-17 18:21:04 : 3139 steps taken, and 710 accepted.
[1 : mcmc] Progress @ 2025-04-17 18:21:04 : 3125 steps taken, and 684 accepted.
[2 : mcmc] Progress @ 2025-04-17 18:21:25 : 3151 steps taken, and 673 accepted.
[3 : mcmc] Progress @ 2025-04-17 18:21:32 : 3139 steps taken, and 727 accepted.
[1 : mcmc] Progress @ 2025-04-17 18:23:07 : 3143 steps taken, and 689 accepted.
[0 : mcmc] Progress @ 2025-04-17 18:23:10 : 3150 steps taken, and 713 accepted.
[3 : mcmc] Progress @ 2025-04-17 18:23:36 : 3152 steps taken, and 729 accepted.
[2 : mcmc] Progress @ 2025-04-17 18:23:37 : 3164 steps taken, and 673 accepted.
[0 : mcmc] Progress @ 2025-04-17 18:25:16 : 3161 steps taken, and 714 accepted.
[1 : mcmc] Progress @ 2025-04-17 18:25:18 : 3157 steps taken, and 693 accepted.
[3 : mcmc] Progress @ 2025-04-17 18:25:42 : 3168 steps taken, and 734 accepted.
[2 : mcmc] Progress @ 2025-04-17 18:25:49 : 3176 steps taken, and 675 accepted.
[1 : mcmc] Progress @ 2025-04-17 18:27:19 : 3169 steps taken, and 696 accepted.
[0 : mcmc] Progress @ 2025-04-17 18:27:26 : 3172 steps taken, and 718 accepted.
[3 : mcmc] Progress @ 2025-04-17 18:27:44 : 3179 steps taken, and 740 accepted.
[2 : mcmc] Progress @ 2025-04-17 18:27:51 : 3189 steps taken, and 676 accepted.
[0 : mcmc] Learn + convergence test @ 720 samples accepted.
[0 : mcmc] Ready to check convergence and learn a new proposal covmat (waiting for the rest...)
[1 : mcmc] Progress @ 2025-04-17 18:29:22 : 3180 steps taken, and 698 accepted.
[0 : mcmc] Progress @ 2025-04-17 18:29:33 : 3184 steps taken, and 721 accepted.
[3 : mcmc] Progress @ 2025-04-17 18:29:51 : 3192 steps taken, and 743 accepted.
[2 : mcmc] Progress @ 2025-04-17 18:29:53 : 3201 steps taken, and 679 accepted.
[1 : mcmc] Progress @ 2025-04-17 18:31:23 : 3191 steps taken, and 702 accepted.
[0 : mcmc] Progress @ 2025-04-17 18:31:34 : 3196 steps taken, and 723 accepted.
[3 : mcmc] Progress @ 2025-04-17 18:31:55 : 3204 steps taken, and 748 accepted.
[2 : mcmc] Progress @ 2025-04-17 18:32:01 : 3214 steps taken, and 680 accepted.
[1 : mcmc] Progress @ 2025-04-17 18:33:25 : 3203 steps taken, and 706 accepted.
[0 : mcmc] Progress @ 2025-04-17 18:33:42 : 3208 steps taken, and 727 accepted.
[3 : mcmc] Progress @ 2025-04-17 18:34:05 : 3216 steps taken, and 753 accepted.
[2 : mcmc] Progress @ 2025-04-17 18:34:06 : 3227 steps taken, and 685 accepted.
[1 : mcmc] Progress @ 2025-04-17 18:35:34 : 3215 steps taken, and 710 accepted.
[0 : mcmc] Progress @ 2025-04-17 18:35:51 : 3221 steps taken, and 732 accepted.
[3 : mcmc] Progress @ 2025-04-17 18:36:09 : 3230 steps taken, and 758 accepted.
[2 : mcmc] Progress @ 2025-04-17 18:36:17 : 3239 steps taken, and 690 accepted.
[1 : mcmc] Progress @ 2025-04-17 18:37:41 : 3229 steps taken, and 715 accepted.
[0 : mcmc] Progress @ 2025-04-17 18:37:59 : 3232 steps taken, and 734 accepted.
[3 : mcmc] Progress @ 2025-04-17 18:38:11 : 3242 steps taken, and 760 accepted.
[2 : mcmc] Progress @ 2025-04-17 18:38:23 : 3252 steps taken, and 693 accepted.
[1 : mcmc] Progress @ 2025-04-17 18:39:46 : 3241 steps taken, and 719 accepted.
[1 : mcmc] Learn + convergence test @ 720 samples accepted.
[1 : mcmc] Ready to check convergence and learn a new proposal covmat (waiting for the rest...)
[0 : mcmc] Progress @ 2025-04-17 18:40:12 : 3244 steps taken, and 737 accepted.
[3 : mcmc] Progress @ 2025-04-17 18:40:12 : 3254 steps taken, and 762 accepted.
[2 : mcmc] Progress @ 2025-04-17 18:40:23 : 3263 steps taken, and 696 accepted.
[1 : mcmc] Progress @ 2025-04-17 18:41:51 : 3252 steps taken, and 723 accepted.
[3 : mcmc] Progress @ 2025-04-17 18:42:15 : 3268 steps taken, and 767 accepted.
[0 : mcmc] Progress @ 2025-04-17 18:42:19 : 3255 steps taken, and 739 accepted.
[2 : mcmc] Progress @ 2025-04-17 18:42:25 : 3277 steps taken, and 700 accepted.
[1 : mcmc] Progress @ 2025-04-17 18:44:01 : 3264 steps taken, and 727 accepted.
[0 : mcmc] Progress @ 2025-04-17 18:44:21 : 3266 steps taken, and 742 accepted.
[3 : mcmc] Progress @ 2025-04-17 18:44:27 : 3281 steps taken, and 772 accepted.
[2 : mcmc] Progress @ 2025-04-17 18:44:35 : 3289 steps taken, and 702 accepted.
[1 : mcmc] Progress @ 2025-04-17 18:46:04 : 3275 steps taken, and 729 accepted.
[0 : mcmc] Progress @ 2025-04-17 18:46:32 : 3278 steps taken, and 747 accepted.
[3 : mcmc] Progress @ 2025-04-17 18:46:33 : 3293 steps taken, and 776 accepted.
[2 : mcmc] Progress @ 2025-04-17 18:46:46 : 3302 steps taken, and 706 accepted.
[1 : mcmc] Progress @ 2025-04-17 18:48:09 : 3285 steps taken, and 730 accepted.
[0 : mcmc] Progress @ 2025-04-17 18:48:34 : 3289 steps taken, and 749 accepted.
[3 : mcmc] Progress @ 2025-04-17 18:48:45 : 3305 steps taken, and 777 accepted.
[2 : mcmc] Progress @ 2025-04-17 18:48:55 : 3314 steps taken, and 710 accepted.
[1 : mcmc] Progress @ 2025-04-17 18:50:12 : 3298 steps taken, and 733 accepted.
[0 : mcmc] Progress @ 2025-04-17 18:50:45 : 3300 steps taken, and 754 accepted.
[3 : mcmc] Progress @ 2025-04-17 18:50:52 : 3317 steps taken, and 778 accepted.
[2 : mcmc] Progress @ 2025-04-17 18:51:06 : 3326 steps taken, and 717 accepted.
[3 : mcmc] Learn + convergence test @ 780 samples accepted.
[1 : mcmc] Progress @ 2025-04-17 18:52:12 : 3309 steps taken, and 736 accepted.
[0 : mcmc] Progress @ 2025-04-17 18:52:46 : 3311 steps taken, and 757 accepted.
[3 : mcmc] Progress @ 2025-04-17 18:52:56 : 3329 steps taken, and 782 accepted.
[2 : mcmc] Learn + convergence test @ 720 samples accepted.
[2 : mcmc] Ready to check convergence and learn a new proposal covmat (waiting for the rest...)
[0 : mcmc] All chains are ready to check convergence and learn a new proposal covmat
[1 : mcmc] Progress @ 2025-04-17 18:54:14 : 3321 steps taken, and 737 accepted.
[0 : mcmc]  - Acceptance rate: 0.261 = avg([0.2650, 0.2503, 0.2530, 0.2759])
[0 : mcmc]  - Convergence of means: R-1 = 6.681427 after 2999 accepted steps = sum([758, 737, 720, 784])
[0 : mcmc]  - Updated covariance matrix of proposal pdf.
[2 : mcmc] Progress @ 2025-04-17 18:54:27 : 3339 steps taken, and 720 accepted.
[0 : mcmc] Progress @ 2025-04-17 18:54:54 : 3322 steps taken, and 758 accepted.
[3 : mcmc] Progress @ 2025-04-17 18:55:04 : 3340 steps taken, and 786 accepted.
[1 : mcmc] Progress @ 2025-04-17 18:56:27 : 3337 steps taken, and 739 accepted.
[2 : mcmc] Progress @ 2025-04-17 18:56:39 : 3350 steps taken, and 724 accepted.
[0 : mcmc] Progress @ 2025-04-17 18:56:55 : 3334 steps taken, and 763 accepted.
[3 : mcmc] Progress @ 2025-04-17 18:57:05 : 3354 steps taken, and 789 accepted.
[1 : mcmc] Progress @ 2025-04-17 18:58:36 : 3350 steps taken, and 743 accepted.
[2 : mcmc] Progress @ 2025-04-17 18:58:45 : 3364 steps taken, and 729 accepted.
[3 : mcmc] Progress @ 2025-04-17 18:59:06 : 3365 steps taken, and 792 accepted.
[0 : mcmc] Progress @ 2025-04-17 18:59:06 : 3347 steps taken, and 765 accepted.
[1 : mcmc] Progress @ 2025-04-17 19:00:40 : 3363 steps taken, and 745 accepted.
[2 : mcmc] Progress @ 2025-04-17 19:00:56 : 3377 steps taken, and 734 accepted.
[0 : mcmc] Progress @ 2025-04-17 19:01:09 : 3358 steps taken, and 768 accepted.
[3 : mcmc] Progress @ 2025-04-17 19:01:17 : 3377 steps taken, and 794 accepted.
[1 : mcmc] Progress @ 2025-04-17 19:02:46 : 3380 steps taken, and 752 accepted.
[2 : mcmc] Progress @ 2025-04-17 19:03:02 : 3389 steps taken, and 737 accepted.
[0 : mcmc] Progress @ 2025-04-17 19:03:21 : 3370 steps taken, and 771 accepted.
[3 : mcmc] Progress @ 2025-04-17 19:03:26 : 3390 steps taken, and 799 accepted.
[1 : mcmc] Progress @ 2025-04-17 19:04:52 : 3392 steps taken, and 757 accepted.
[2 : mcmc] Progress @ 2025-04-17 19:05:04 : 3400 steps taken, and 741 accepted.
[0 : mcmc] Progress @ 2025-04-17 19:05:30 : 3385 steps taken, and 778 accepted.
[3 : mcmc] Progress @ 2025-04-17 19:05:30 : 3401 steps taken, and 802 accepted.
[1 : mcmc] Progress @ 2025-04-17 19:07:02 : 3403 steps taken, and 762 accepted.
[2 : mcmc] Progress @ 2025-04-17 19:07:09 : 3412 steps taken, and 745 accepted.
[3 : mcmc] Progress @ 2025-04-17 19:07:35 : 3414 steps taken, and 808 accepted.
[0 : mcmc] Progress @ 2025-04-17 19:07:36 : 3397 steps taken, and 779 accepted.
[0 : mcmc] Learn + convergence test @ 780 samples accepted.
[0 : mcmc] Ready to check convergence and learn a new proposal covmat (waiting for the rest...)
[1 : mcmc] Progress @ 2025-04-17 19:09:05 : 3414 steps taken, and 764 accepted.
[2 : mcmc] Progress @ 2025-04-17 19:09:17 : 3424 steps taken, and 748 accepted.
[0 : mcmc] Progress @ 2025-04-17 19:09:36 : 3410 steps taken, and 783 accepted.
[3 : mcmc] Progress @ 2025-04-17 19:09:46 : 3426 steps taken, and 810 accepted.
[1 : mcmc] Progress @ 2025-04-17 19:11:11 : 3425 steps taken, and 767 accepted.
[2 : mcmc] Progress @ 2025-04-17 19:11:26 : 3436 steps taken, and 751 accepted.
[0 : mcmc] Progress @ 2025-04-17 19:11:46 : 3421 steps taken, and 787 accepted.
[3 : mcmc] Progress @ 2025-04-17 19:11:49 : 3437 steps taken, and 813 accepted.
[1 : mcmc] Progress @ 2025-04-17 19:13:14 : 3436 steps taken, and 771 accepted.
[2 : mcmc] Progress @ 2025-04-17 19:13:35 : 3448 steps taken, and 755 accepted.
[0 : mcmc] Progress @ 2025-04-17 19:13:52 : 3432 steps taken, and 789 accepted.
[3 : mcmc] Progress @ 2025-04-17 19:13:54 : 3448 steps taken, and 815 accepted.
[1 : mcmc] Progress @ 2025-04-17 19:15:17 : 3447 steps taken, and 776 accepted.
[2 : mcmc] Progress @ 2025-04-17 19:15:39 : 3460 steps taken, and 759 accepted.
[3 : mcmc] Progress @ 2025-04-17 19:15:56 : 3459 steps taken, and 818 accepted.
[0 : mcmc] Progress @ 2025-04-17 19:15:57 : 3443 steps taken, and 791 accepted.
[1 : mcmc] Progress @ 2025-04-17 19:17:19 : 3458 steps taken, and 778 accepted.
[2 : mcmc] Progress @ 2025-04-17 19:17:48 : 3471 steps taken, and 764 accepted.
[3 : mcmc] Progress @ 2025-04-17 19:17:56 : 3469 steps taken, and 821 accepted.
[0 : mcmc] Progress @ 2025-04-17 19:18:06 : 3454 steps taken, and 796 accepted.
[1 : mcmc] Learn + convergence test @ 780 samples accepted.
[1 : mcmc] Ready to check convergence and learn a new proposal covmat (waiting for the rest...)
[1 : mcmc] Progress @ 2025-04-17 19:19:27 : 3470 steps taken, and 782 accepted.
[2 : mcmc] Progress @ 2025-04-17 19:19:59 : 3484 steps taken, and 766 accepted.
[3 : mcmc] Progress @ 2025-04-17 19:20:01 : 3480 steps taken, and 829 accepted.
[0 : mcmc] Progress @ 2025-04-17 19:20:09 : 3464 steps taken, and 799 accepted.
[1 : mcmc] Progress @ 2025-04-17 19:21:30 : 3481 steps taken, and 785 accepted.
[2 : mcmc] Progress @ 2025-04-17 19:22:04 : 3495 steps taken, and 769 accepted.
[3 : mcmc] Progress @ 2025-04-17 19:22:06 : 3491 steps taken, and 834 accepted.
[0 : mcmc] Progress @ 2025-04-17 19:22:21 : 3477 steps taken, and 805 accepted.
[1 : mcmc] Progress @ 2025-04-17 19:23:33 : 3493 steps taken, and 786 accepted.
[2 : mcmc] Progress @ 2025-04-17 19:24:04 : 3505 steps taken, and 771 accepted.
[3 : mcmc] Progress @ 2025-04-17 19:24:08 : 3503 steps taken, and 838 accepted.
[0 : mcmc] Progress @ 2025-04-17 19:24:33 : 3489 steps taken, and 810 accepted.
[1 : mcmc] Progress @ 2025-04-17 19:25:37 : 3504 steps taken, and 788 accepted.
[3 : mcmc] Learn + convergence test @ 840 samples accepted.
[3 : mcmc] Ready to check convergence and learn a new proposal covmat (waiting for the rest...)
[2 : mcmc] Progress @ 2025-04-17 19:26:05 : 3516 steps taken, and 774 accepted.
[3 : mcmc] Progress @ 2025-04-17 19:26:19 : 3515 steps taken, and 841 accepted.
[0 : mcmc] Progress @ 2025-04-17 19:26:35 : 3500 steps taken, and 815 accepted.
[1 : mcmc] Progress @ 2025-04-17 19:27:39 : 3515 steps taken, and 792 accepted.
[2 : mcmc] Progress @ 2025-04-17 19:28:08 : 3528 steps taken, and 777 accepted.
[3 : mcmc] Progress @ 2025-04-17 19:28:22 : 3526 steps taken, and 843 accepted.
[0 : mcmc] Progress @ 2025-04-17 19:28:40 : 3511 steps taken, and 819 accepted.
[1 : mcmc] Progress @ 2025-04-17 19:29:44 : 3526 steps taken, and 795 accepted.
[2 : mcmc] Progress @ 2025-04-17 19:30:19 : 3540 steps taken, and 780 accepted.
[2 : mcmc] Learn + convergence test @ 780 samples accepted.
[2 : mcmc] Ready to check convergence and learn a new proposal covmat (waiting for the rest...)
[3 : mcmc] Progress @ 2025-04-17 19:30:22 : 3538 steps taken, and 846 accepted.
[0 : mcmc] Progress @ 2025-04-17 19:30:45 : 3522 steps taken, and 822 accepted.
[0 : mcmc] All chains are ready to check convergence and learn a new proposal covmat
[0 : mcmc]  - Acceptance rate: 0.264 = avg([0.2668, 0.2525, 0.2549, 0.2821])
[0 : mcmc]  - Convergence of means: R-1 = 4.022931 after 3248 accepted steps = sum([823, 798, 780, 847])
[0 : mcmc]  - Updated covariance matrix of proposal pdf.
[1 : mcmc] Progress @ 2025-04-17 19:31:53 : 3538 steps taken, and 800 accepted.
[2 : mcmc] Progress @ 2025-04-17 19:32:21 : 3550 steps taken, and 781 accepted.
[3 : mcmc] Progress @ 2025-04-17 19:32:29 : 3552 steps taken, and 849 accepted.
[0 : mcmc] Progress @ 2025-04-17 19:32:54 : 3533 steps taken, and 827 accepted.
[1 : mcmc] Progress @ 2025-04-17 19:33:58 : 3550 steps taken, and 808 accepted.
[2 : mcmc] Progress @ 2025-04-17 19:34:25 : 3562 steps taken, and 789 accepted.
[3 : mcmc] Progress @ 2025-04-17 19:34:37 : 3564 steps taken, and 855 accepted.
[0 : mcmc] Progress @ 2025-04-17 19:34:57 : 3545 steps taken, and 833 accepted.
[1 : mcmc] Progress @ 2025-04-17 19:36:03 : 3562 steps taken, and 811 accepted.
[2 : mcmc] Progress @ 2025-04-17 19:36:33 : 3574 steps taken, and 796 accepted.
[3 : mcmc] Progress @ 2025-04-17 19:36:47 : 3576 steps taken, and 856 accepted.
[0 : mcmc] Progress @ 2025-04-17 19:37:00 : 3556 steps taken, and 836 accepted.
[1 : mcmc] Progress @ 2025-04-17 19:38:16 : 3574 steps taken, and 819 accepted.
[0 : mcmc] Learn + convergence test @ 840 samples accepted.
[0 : mcmc] Ready to check convergence and learn a new proposal covmat (waiting for the rest...)
[2 : mcmc] Progress @ 2025-04-17 19:38:43 : 3585 steps taken, and 799 accepted.
[3 : mcmc] Progress @ 2025-04-17 19:38:50 : 3589 steps taken, and 859 accepted.
[0 : mcmc] Progress @ 2025-04-17 19:39:13 : 3569 steps taken, and 841 accepted.
[1 : mcmc] Progress @ 2025-04-17 19:40:22 : 3587 steps taken, and 823 accepted.
[2 : mcmc] Progress @ 2025-04-17 19:40:45 : 3598 steps taken, and 803 accepted.
[3 : mcmc] Progress @ 2025-04-17 19:40:52 : 3601 steps taken, and 860 accepted.
[0 : mcmc] Progress @ 2025-04-17 19:41:20 : 3580 steps taken, and 844 accepted.
[1 : mcmc] Progress @ 2025-04-17 19:42:31 : 3601 steps taken, and 823 accepted.
[2 : mcmc] Progress @ 2025-04-17 19:42:51 : 3611 steps taken, and 808 accepted.
[3 : mcmc] Progress @ 2025-04-17 19:42:57 : 3613 steps taken, and 863 accepted.
[0 : mcmc] Progress @ 2025-04-17 19:43:25 : 3591 steps taken, and 850 accepted.
[1 : mcmc] Progress @ 2025-04-17 19:44:38 : 3613 steps taken, and 830 accepted.
[2 : mcmc] Progress @ 2025-04-17 19:44:57 : 3624 steps taken, and 810 accepted.
[3 : mcmc] Progress @ 2025-04-17 19:45:04 : 3624 steps taken, and 865 accepted.
[0 : mcmc] Progress @ 2025-04-17 19:45:29 : 3602 steps taken, and 854 accepted.
[1 : mcmc] Progress @ 2025-04-17 19:46:45 : 3625 steps taken, and 835 accepted.
[2 : mcmc] Progress @ 2025-04-17 19:46:58 : 3636 steps taken, and 811 accepted.
[3 : mcmc] Progress @ 2025-04-17 19:47:14 : 3636 steps taken, and 868 accepted.
[0 : mcmc] Progress @ 2025-04-17 19:47:41 : 3613 steps taken, and 856 accepted.
[1 : mcmc] Progress @ 2025-04-17 19:48:53 : 3644 steps taken, and 840 accepted.
[1 : mcmc] Learn + convergence test @ 840 samples accepted.
[1 : mcmc] Ready to check convergence and learn a new proposal covmat (waiting for the rest...)
[2 : mcmc] Progress @ 2025-04-17 19:48:59 : 3647 steps taken, and 817 accepted.
[3 : mcmc] Progress @ 2025-04-17 19:49:18 : 3648 steps taken, and 871 accepted.
[0 : mcmc] Progress @ 2025-04-17 19:49:48 : 3624 steps taken, and 860 accepted.
[1 : mcmc] Progress @ 2025-04-17 19:50:57 : 3657 steps taken, and 847 accepted.
[2 : mcmc] Progress @ 2025-04-17 19:51:11 : 3659 steps taken, and 818 accepted.
[3 : mcmc] Progress @ 2025-04-17 19:51:22 : 3662 steps taken, and 875 accepted.
[0 : mcmc] Progress @ 2025-04-17 19:51:58 : 3635 steps taken, and 863 accepted.
[1 : mcmc] Progress @ 2025-04-17 19:53:00 : 3670 steps taken, and 850 accepted.
[2 : mcmc] Progress @ 2025-04-17 19:53:21 : 3671 steps taken, and 822 accepted.
[3 : mcmc] Progress @ 2025-04-17 19:53:29 : 3673 steps taken, and 880 accepted.
[0 : mcmc] Progress @ 2025-04-17 19:53:58 : 3645 steps taken, and 866 accepted.
[1 : mcmc] Progress @ 2025-04-17 19:55:10 : 3681 steps taken, and 852 accepted.
[2 : mcmc] Progress @ 2025-04-17 19:55:25 : 3682 steps taken, and 824 accepted.
[3 : mcmc] Progress @ 2025-04-17 19:55:38 : 3685 steps taken, and 881 accepted.
[0 : mcmc] Progress @ 2025-04-17 19:56:07 : 3656 steps taken, and 870 accepted.
[1 : mcmc] Progress @ 2025-04-17 19:57:11 : 3692 steps taken, and 853 accepted.
[2 : mcmc] Progress @ 2025-04-17 19:57:36 : 3694 steps taken, and 826 accepted.
[3 : mcmc] Progress @ 2025-04-17 19:57:48 : 3699 steps taken, and 884 accepted.
[0 : mcmc] Progress @ 2025-04-17 19:58:12 : 3667 steps taken, and 872 accepted.
[1 : mcmc] Progress @ 2025-04-17 19:59:18 : 3703 steps taken, and 854 accepted.
[2 : mcmc] Progress @ 2025-04-17 19:59:44 : 3706 steps taken, and 830 accepted.
[3 : mcmc] Progress @ 2025-04-17 19:59:59 : 3712 steps taken, and 887 accepted.
[0 : mcmc] Progress @ 2025-04-17 20:00:13 : 3678 steps taken, and 877 accepted.
[1 : mcmc] Progress @ 2025-04-17 20:01:21 : 3714 steps taken, and 855 accepted.
[2 : mcmc] Progress @ 2025-04-17 20:01:48 : 3717 steps taken, and 834 accepted.
[3 : mcmc] Progress @ 2025-04-17 20:02:02 : 3723 steps taken, and 888 accepted.
[0 : mcmc] Progress @ 2025-04-17 20:02:18 : 3690 steps taken, and 881 accepted.
[1 : mcmc] Progress @ 2025-04-17 20:03:26 : 3725 steps taken, and 856 accepted.
[2 : mcmc] Progress @ 2025-04-17 20:03:51 : 3729 steps taken, and 837 accepted.
[3 : mcmc] Progress @ 2025-04-17 20:04:08 : 3734 steps taken, and 890 accepted.
[0 : mcmc] Progress @ 2025-04-17 20:04:26 : 3701 steps taken, and 885 accepted.
[2 : mcmc] Learn + convergence test @ 840 samples accepted.
[2 : mcmc] Ready to check convergence and learn a new proposal covmat (waiting for the rest...)
[1 : mcmc] Progress @ 2025-04-17 20:05:27 : 3735 steps taken, and 858 accepted.
[2 : mcmc] Progress @ 2025-04-17 20:05:56 : 3741 steps taken, and 840 accepted.
[3 : mcmc] Progress @ 2025-04-17 20:06:10 : 3745 steps taken, and 892 accepted.
[0 : mcmc] Progress @ 2025-04-17 20:06:31 : 3712 steps taken, and 887 accepted.
[1 : mcmc] Progress @ 2025-04-17 20:07:31 : 3746 steps taken, and 862 accepted.
[2 : mcmc] Progress @ 2025-04-17 20:08:00 : 3752 steps taken, and 843 accepted.
[3 : mcmc] Progress @ 2025-04-17 20:08:12 : 3756 steps taken, and 897 accepted.
[0 : mcmc] Progress @ 2025-04-17 20:08:35 : 3724 steps taken, and 889 accepted.
[3 : mcmc] Learn + convergence test @ 900 samples accepted.
[3 : mcmc] Ready to check convergence and learn a new proposal covmat (waiting for the rest...)
[1 : mcmc] Progress @ 2025-04-17 20:09:31 : 3757 steps taken, and 862 accepted.
[0 : mcmc] All chains are ready to check convergence and learn a new proposal covmat
[0 : mcmc]  - Acceptance rate: 0.267 = avg([0.2747, 0.2584, 0.2565, 0.2788])
[0 : mcmc]  - Convergence of means: R-1 = 3.550207 after 3499 accepted steps = sum([890, 863, 846, 900])
[0 : mcmc]  - Updated covariance matrix of proposal pdf.
[3 : mcmc] Progress @ 2025-04-17 20:10:20 : 3761 steps taken, and 901 accepted.
[2 : mcmc] Progress @ 2025-04-17 20:10:26 : 3764 steps taken, and 846 accepted.
[0 : mcmc] Progress @ 2025-04-17 20:10:40 : 3739 steps taken, and 891 accepted.
[1 : mcmc] Progress @ 2025-04-17 20:11:35 : 3765 steps taken, and 865 accepted.
[3 : mcmc] Progress @ 2025-04-17 20:12:24 : 3773 steps taken, and 903 accepted.
[2 : mcmc] Progress @ 2025-04-17 20:12:30 : 3775 steps taken, and 846 accepted.
[0 : mcmc] Progress @ 2025-04-17 20:12:48 : 3754 steps taken, and 896 accepted.
[1 : mcmc] Progress @ 2025-04-17 20:13:43 : 3776 steps taken, and 869 accepted.
[3 : mcmc] Progress @ 2025-04-17 20:14:31 : 3784 steps taken, and 907 accepted.
[2 : mcmc] Progress @ 2025-04-17 20:14:37 : 3787 steps taken, and 849 accepted.
[0 : mcmc] Progress @ 2025-04-17 20:14:53 : 3765 steps taken, and 898 accepted.
[1 : mcmc] Progress @ 2025-04-17 20:15:48 : 3787 steps taken, and 872 accepted.
[0 : mcmc] Learn + convergence test @ 900 samples accepted.
[0 : mcmc] Ready to check convergence and learn a new proposal covmat (waiting for the rest...)
[3 : mcmc] Progress @ 2025-04-17 20:16:33 : 3795 steps taken, and 909 accepted.
[2 : mcmc] Progress @ 2025-04-17 20:16:48 : 3799 steps taken, and 854 accepted.
[0 : mcmc] Progress @ 2025-04-17 20:17:00 : 3776 steps taken, and 901 accepted.
[1 : mcmc] Progress @ 2025-04-17 20:17:57 : 3799 steps taken, and 878 accepted.
[3 : mcmc] Progress @ 2025-04-17 20:18:36 : 3806 steps taken, and 911 accepted.
[2 : mcmc] Progress @ 2025-04-17 20:18:59 : 3811 steps taken, and 858 accepted.
[0 : mcmc] Progress @ 2025-04-17 20:19:11 : 3787 steps taken, and 904 accepted.
[1 : mcmc] Progress @ 2025-04-17 20:20:03 : 3810 steps taken, and 880 accepted.
[3 : mcmc] Progress @ 2025-04-17 20:20:48 : 3817 steps taken, and 916 accepted.
[2 : mcmc] Progress @ 2025-04-17 20:21:09 : 3823 steps taken, and 861 accepted.
[0 : mcmc] Progress @ 2025-04-17 20:21:21 : 3798 steps taken, and 908 accepted.
[1 : mcmc] Progress @ 2025-04-17 20:22:04 : 3823 steps taken, and 883 accepted.
[3 : mcmc] Progress @ 2025-04-17 20:22:59 : 3830 steps taken, and 920 accepted.
[2 : mcmc] Progress @ 2025-04-17 20:23:18 : 3835 steps taken, and 863 accepted.
[0 : mcmc] Progress @ 2025-04-17 20:23:29 : 3808 steps taken, and 914 accepted.
[1 : mcmc] Progress @ 2025-04-17 20:24:06 : 3834 steps taken, and 884 accepted.
[3 : mcmc] Progress @ 2025-04-17 20:25:05 : 3841 steps taken, and 922 accepted.
[2 : mcmc] Progress @ 2025-04-17 20:25:30 : 3848 steps taken, and 869 accepted.
[0 : mcmc] Progress @ 2025-04-17 20:25:43 : 3819 steps taken, and 917 accepted.
[1 : mcmc] Progress @ 2025-04-17 20:26:12 : 3845 steps taken, and 884 accepted.
[3 : mcmc] Progress @ 2025-04-17 20:27:05 : 3851 steps taken, and 926 accepted.
[2 : mcmc] Progress @ 2025-04-17 20:27:37 : 3863 steps taken, and 874 accepted.
[0 : mcmc] Progress @ 2025-04-17 20:27:51 : 3831 steps taken, and 921 accepted.
[1 : mcmc] Progress @ 2025-04-17 20:28:17 : 3856 steps taken, and 887 accepted.
[3 : mcmc] Progress @ 2025-04-17 20:29:11 : 3863 steps taken, and 930 accepted.
[2 : mcmc] Progress @ 2025-04-17 20:29:42 : 3878 steps taken, and 878 accepted.
[0 : mcmc] Progress @ 2025-04-17 20:29:57 : 3843 steps taken, and 925 accepted.
[1 : mcmc] Progress @ 2025-04-17 20:30:21 : 3866 steps taken, and 888 accepted.
[3 : mcmc] Progress @ 2025-04-17 20:31:23 : 3876 steps taken, and 934 accepted.
[2 : mcmc] Progress @ 2025-04-17 20:31:52 : 3895 steps taken, and 882 accepted.
[0 : mcmc] Progress @ 2025-04-17 20:32:00 : 3854 steps taken, and 925 accepted.
[1 : mcmc] Progress @ 2025-04-17 20:32:24 : 3877 steps taken, and 892 accepted.
[3 : mcmc] Progress @ 2025-04-17 20:33:25 : 3886 steps taken, and 937 accepted.
[2 : mcmc] Progress @ 2025-04-17 20:34:04 : 3908 steps taken, and 885 accepted.
[0 : mcmc] Progress @ 2025-04-17 20:34:07 : 3865 steps taken, and 929 accepted.
[1 : mcmc] Progress @ 2025-04-17 20:34:28 : 3889 steps taken, and 897 accepted.
[1 : mcmc] Learn + convergence test @ 900 samples accepted.
[1 : mcmc] Ready to check convergence and learn a new proposal covmat (waiting for the rest...)
[3 : mcmc] Progress @ 2025-04-17 20:35:29 : 3898 steps taken, and 941 accepted.
[2 : mcmc] Progress @ 2025-04-17 20:36:04 : 3920 steps taken, and 887 accepted.
[0 : mcmc] Progress @ 2025-04-17 20:36:11 : 3876 steps taken, and 933 accepted.
[1 : mcmc] Progress @ 2025-04-17 20:36:28 : 3900 steps taken, and 902 accepted.
[3 : mcmc] Progress @ 2025-04-17 20:37:37 : 3909 steps taken, and 944 accepted.
[2 : mcmc] Progress @ 2025-04-17 20:38:09 : 3931 steps taken, and 890 accepted.
[0 : mcmc] Progress @ 2025-04-17 20:38:17 : 3887 steps taken, and 935 accepted.
[1 : mcmc] Progress @ 2025-04-17 20:38:34 : 3912 steps taken, and 907 accepted.
[3 : mcmc] Progress @ 2025-04-17 20:39:37 : 3922 steps taken, and 947 accepted.
[0 : mcmc] Progress @ 2025-04-17 20:40:20 : 3898 steps taken, and 938 accepted.
[2 : mcmc] Progress @ 2025-04-17 20:40:23 : 3943 steps taken, and 896 accepted.
[1 : mcmc] Progress @ 2025-04-17 20:40:39 : 3923 steps taken, and 909 accepted.
[3 : mcmc] Progress @ 2025-04-17 20:41:49 : 3934 steps taken, and 952 accepted.
[2 : mcmc] Learn + convergence test @ 900 samples accepted.
[2 : mcmc] Ready to check convergence and learn a new proposal covmat (waiting for the rest...)
[2 : mcmc] Progress @ 2025-04-17 20:42:30 : 3956 steps taken, and 901 accepted.
[0 : mcmc] Progress @ 2025-04-17 20:42:33 : 3909 steps taken, and 943 accepted.
[1 : mcmc] Progress @ 2025-04-17 20:42:45 : 3934 steps taken, and 913 accepted.
[3 : mcmc] Progress @ 2025-04-17 20:43:57 : 3947 steps taken, and 957 accepted.
[2 : mcmc] Progress @ 2025-04-17 20:44:31 : 3970 steps taken, and 904 accepted.
[0 : mcmc] Progress @ 2025-04-17 20:44:38 : 3920 steps taken, and 950 accepted.
[1 : mcmc] Progress @ 2025-04-17 20:44:48 : 3946 steps taken, and 916 accepted.
[3 : mcmc] Learn + convergence test @ 960 samples accepted.
[3 : mcmc] Ready to check convergence and learn a new proposal covmat (waiting for the rest...)
[2 : mcmc] Progress @ 2025-04-17 20:46:31 : 3982 steps taken, and 906 accepted.
[0 : mcmc] Progress @ 2025-04-17 20:46:44 : 3933 steps taken, and 954 accepted.
[0 : mcmc] All chains are ready to check convergence and learn a new proposal covmat
[0 : mcmc]  - Acceptance rate: 0.271 = avg([0.2836, 0.2594, 0.2561, 0.2840])
[0 : mcmc]  - Convergence of means: R-1 = 1.881644 after 3741 accepted steps = sum([954, 920, 907, 960])
[1 : mcmc] Progress @ 2025-04-17 20:48:07 : 3956 steps taken, and 920 accepted.
[0 : mcmc]  - Updated covariance matrix of proposal pdf.
[3 : mcmc] Progress @ 2025-04-17 20:48:19 : 3957 steps taken, and 960 accepted.
[2 : mcmc] Progress @ 2025-04-17 20:48:34 : 4000 steps taken, and 908 accepted.
[0 : mcmc] Progress @ 2025-04-17 20:48:54 : 3937 steps taken, and 955 accepted.
[1 : mcmc] Progress @ 2025-04-17 20:50:13 : 3968 steps taken, and 923 accepted.
[3 : mcmc] Progress @ 2025-04-17 20:50:19 : 3969 steps taken, and 965 accepted.
[2 : mcmc] Progress @ 2025-04-17 20:50:37 : 4012 steps taken, and 912 accepted.
[0 : mcmc] Progress @ 2025-04-17 20:51:00 : 3948 steps taken, and 959 accepted.
[0 : mcmc] Learn + convergence test @ 960 samples accepted.
[0 : mcmc] Ready to check convergence and learn a new proposal covmat (waiting for the rest...)
[1 : mcmc] Progress @ 2025-04-17 20:52:15 : 3979 steps taken, and 926 accepted.
[3 : mcmc] Progress @ 2025-04-17 20:52:21 : 3985 steps taken, and 971 accepted.
[2 : mcmc] Progress @ 2025-04-17 20:52:43 : 4024 steps taken, and 917 accepted.
[0 : mcmc] Progress @ 2025-04-17 20:53:11 : 3959 steps taken, and 964 accepted.
[1 : mcmc] Progress @ 2025-04-17 20:54:17 : 4000 steps taken, and 929 accepted.
[3 : mcmc] Progress @ 2025-04-17 20:54:34 : 4003 steps taken, and 973 accepted.
[2 : mcmc] Progress @ 2025-04-17 20:54:48 : 4035 steps taken, and 920 accepted.
[0 : mcmc] Progress @ 2025-04-17 20:55:13 : 3970 steps taken, and 966 accepted.
[1 : mcmc] Progress @ 2025-04-17 20:56:21 : 4017 steps taken, and 930 accepted.
[3 : mcmc] Progress @ 2025-04-17 20:56:35 : 4014 steps taken, and 978 accepted.
[2 : mcmc] Progress @ 2025-04-17 20:56:57 : 4047 steps taken, and 923 accepted.
[0 : mcmc] Progress @ 2025-04-17 20:57:15 : 3980 steps taken, and 970 accepted.
[1 : mcmc] Progress @ 2025-04-17 20:58:30 : 4029 steps taken, and 934 accepted.
[3 : mcmc] Progress @ 2025-04-17 20:58:45 : 4026 steps taken, and 980 accepted.
[2 : mcmc] Progress @ 2025-04-17 20:58:58 : 4059 steps taken, and 926 accepted.
[0 : mcmc] Progress @ 2025-04-17 20:59:19 : 3993 steps taken, and 974 accepted.
[1 : mcmc] Progress @ 2025-04-17 21:00:33 : 4043 steps taken, and 937 accepted.
[3 : mcmc] Progress @ 2025-04-17 21:00:49 : 4037 steps taken, and 981 accepted.
[2 : mcmc] Progress @ 2025-04-17 21:01:06 : 4071 steps taken, and 929 accepted.
[0 : mcmc] Progress @ 2025-04-17 21:01:25 : 4004 steps taken, and 978 accepted.
[1 : mcmc] Progress @ 2025-04-17 21:02:37 : 4055 steps taken, and 943 accepted.
[3 : mcmc] Progress @ 2025-04-17 21:02:51 : 4048 steps taken, and 986 accepted.
[2 : mcmc] Progress @ 2025-04-17 21:03:15 : 4082 steps taken, and 934 accepted.
[0 : mcmc] Progress @ 2025-04-17 21:03:30 : 4019 steps taken, and 985 accepted.
[1 : mcmc] Progress @ 2025-04-17 21:04:45 : 4066 steps taken, and 946 accepted.
[3 : mcmc] Progress @ 2025-04-17 21:04:51 : 4059 steps taken, and 992 accepted.
[2 : mcmc] Progress @ 2025-04-17 21:05:22 : 4094 steps taken, and 937 accepted.
[0 : mcmc] Progress @ 2025-04-17 21:05:43 : 4031 steps taken, and 987 accepted.
[1 : mcmc] Progress @ 2025-04-17 21:06:50 : 4080 steps taken, and 948 accepted.
[3 : mcmc] Progress @ 2025-04-17 21:07:03 : 4071 steps taken, and 998 accepted.
[2 : mcmc] Progress @ 2025-04-17 21:07:28 : 4105 steps taken, and 937 accepted.
[0 : mcmc] Progress @ 2025-04-17 21:07:51 : 4042 steps taken, and 989 accepted.
[1 : mcmc] Progress @ 2025-04-17 21:08:54 : 4092 steps taken, and 952 accepted.
[3 : mcmc] Progress @ 2025-04-17 21:09:08 : 4082 steps taken, and 1002 accepted.
[2 : mcmc] Progress @ 2025-04-17 21:09:40 : 4117 steps taken, and 941 accepted.
[0 : mcmc] Progress @ 2025-04-17 21:10:00 : 4053 steps taken, and 991 accepted.
[1 : mcmc] Progress @ 2025-04-17 21:10:58 : 4106 steps taken, and 956 accepted.
[3 : mcmc] Progress @ 2025-04-17 21:11:16 : 4093 steps taken, and 1004 accepted.
[2 : mcmc] Progress @ 2025-04-17 21:11:43 : 4128 steps taken, and 945 accepted.
[0 : mcmc] Progress @ 2025-04-17 21:12:04 : 4064 steps taken, and 992 accepted.
[1 : mcmc] Progress @ 2025-04-17 21:13:01 : 4117 steps taken, and 958 accepted.
[3 : mcmc] Progress @ 2025-04-17 21:13:17 : 4104 steps taken, and 1006 accepted.
[2 : mcmc] Progress @ 2025-04-17 21:13:53 : 4140 steps taken, and 945 accepted.
[0 : mcmc] Progress @ 2025-04-17 21:14:10 : 4075 steps taken, and 996 accepted.
[1 : mcmc] Progress @ 2025-04-17 21:15:11 : 4130 steps taken, and 959 accepted.
[3 : mcmc] Progress @ 2025-04-17 21:15:18 : 4115 steps taken, and 1008 accepted.
[1 : mcmc] Learn + convergence test @ 960 samples accepted.
[1 : mcmc] Ready to check convergence and learn a new proposal covmat (waiting for the rest...)
[2 : mcmc] Progress @ 2025-04-17 21:16:01 : 4151 steps taken, and 950 accepted.
[0 : mcmc] Progress @ 2025-04-17 21:16:13 : 4086 steps taken, and 999 accepted.
[1 : mcmc] Progress @ 2025-04-17 21:17:22 : 4142 steps taken, and 963 accepted.
[3 : mcmc] Progress @ 2025-04-17 21:17:30 : 4127 steps taken, and 1011 accepted.
[2 : mcmc] Progress @ 2025-04-17 21:18:02 : 4162 steps taken, and 952 accepted.
[0 : mcmc] Progress @ 2025-04-17 21:18:19 : 4098 steps taken, and 1001 accepted.
[1 : mcmc] Progress @ 2025-04-17 21:19:29 : 4155 steps taken, and 968 accepted.
[3 : mcmc] Progress @ 2025-04-17 21:19:31 : 4138 steps taken, and 1016 accepted.
[2 : mcmc] Progress @ 2025-04-17 21:20:09 : 4173 steps taken, and 955 accepted.
[0 : mcmc] Progress @ 2025-04-17 21:20:24 : 4109 steps taken, and 1003 accepted.
[1 : mcmc] Progress @ 2025-04-17 21:21:30 : 4169 steps taken, and 970 accepted.
[3 : mcmc] Progress @ 2025-04-17 21:21:38 : 4149 steps taken, and 1019 accepted.
[3 : mcmc] Learn + convergence test @ 1020 samples accepted.
[3 : mcmc] Ready to check convergence and learn a new proposal covmat (waiting for the rest...)
[2 : mcmc] Progress @ 2025-04-17 21:22:16 : 4185 steps taken, and 958 accepted.
[0 : mcmc] Progress @ 2025-04-17 21:22:30 : 4127 steps taken, and 1007 accepted.
[2 : mcmc] Learn + convergence test @ 960 samples accepted.
[2 : mcmc] Ready to check convergence and learn a new proposal covmat (waiting for the rest...)
[0 : mcmc] All chains are ready to check convergence and learn a new proposal covmat
[3 : mcmc] Progress @ 2025-04-17 21:23:45 : 4162 steps taken, and 1021 accepted.
[0 : mcmc]  - Acceptance rate: 0.274 = avg([0.2853, 0.2581, 0.2664, 0.2863])
[0 : mcmc]  - Convergence of means: R-1 = 1.296984 after 3966 accepted steps = sum([1009, 975, 960, 1022])
[0 : mcmc]  - Updated covariance matrix of proposal pdf.
[0 : mcmc] Progress @ 2025-04-17 21:24:46 : 4135 steps taken, and 1009 accepted.
[2 : mcmc] Progress @ 2025-04-17 21:24:47 : 4190 steps taken, and 960 accepted.
[1 : mcmc] Progress @ 2025-04-17 21:24:47 : 4181 steps taken, and 975 accepted.
[3 : mcmc] Progress @ 2025-04-17 21:25:51 : 4175 steps taken, and 1025 accepted.
[0 : mcmc] Progress @ 2025-04-17 21:26:49 : 4147 steps taken, and 1010 accepted.
[1 : mcmc] Progress @ 2025-04-17 21:26:52 : 4192 steps taken, and 981 accepted.
[2 : mcmc] Progress @ 2025-04-17 21:26:53 : 4201 steps taken, and 965 accepted.
[3 : mcmc] Progress @ 2025-04-17 21:27:54 : 4186 steps taken, and 1026 accepted.
[0 : mcmc] Progress @ 2025-04-17 21:28:53 : 4159 steps taken, and 1011 accepted.
[1 : mcmc] Progress @ 2025-04-17 21:28:54 : 4203 steps taken, and 985 accepted.
[2 : mcmc] Progress @ 2025-04-17 21:28:57 : 4213 steps taken, and 967 accepted.
[3 : mcmc] Progress @ 2025-04-17 21:30:00 : 4197 steps taken, and 1029 accepted.
[0 : mcmc] Progress @ 2025-04-17 21:30:53 : 4170 steps taken, and 1015 accepted.
[1 : mcmc] Progress @ 2025-04-17 21:31:04 : 4214 steps taken, and 987 accepted.
[2 : mcmc] Progress @ 2025-04-17 21:31:09 : 4227 steps taken, and 972 accepted.
[3 : mcmc] Progress @ 2025-04-17 21:32:04 : 4208 steps taken, and 1031 accepted.
[0 : mcmc] Progress @ 2025-04-17 21:33:02 : 4182 steps taken, and 1019 accepted.
[1 : mcmc] Progress @ 2025-04-17 21:33:06 : 4225 steps taken, and 990 accepted.
[2 : mcmc] Progress @ 2025-04-17 21:33:13 : 4239 steps taken, and 973 accepted.
[0 : mcmc] Learn + convergence test @ 1020 samples accepted.
[0 : mcmc] Ready to check convergence and learn a new proposal covmat (waiting for the rest...)
[3 : mcmc] Progress @ 2025-04-17 21:34:09 : 4222 steps taken, and 1033 accepted.
[0 : mcmc] Progress @ 2025-04-17 21:35:02 : 4194 steps taken, and 1023 accepted.
[1 : mcmc] Progress @ 2025-04-17 21:35:11 : 4237 steps taken, and 992 accepted.
[2 : mcmc] Progress @ 2025-04-17 21:35:18 : 4252 steps taken, and 978 accepted.
[3 : mcmc] Progress @ 2025-04-17 21:36:19 : 4234 steps taken, and 1040 accepted.
[0 : mcmc] Progress @ 2025-04-17 21:37:09 : 4205 steps taken, and 1028 accepted.
[2 : mcmc] Progress @ 2025-04-17 21:37:23 : 4263 steps taken, and 985 accepted.
[1 : mcmc] Progress @ 2025-04-17 21:37:23 : 4251 steps taken, and 995 accepted.
[3 : mcmc] Progress @ 2025-04-17 21:38:22 : 4248 steps taken, and 1044 accepted.
[0 : mcmc] Progress @ 2025-04-17 21:39:15 : 4216 steps taken, and 1032 accepted.
[1 : mcmc] Progress @ 2025-04-17 21:39:26 : 4262 steps taken, and 997 accepted.
[2 : mcmc] Progress @ 2025-04-17 21:39:31 : 4275 steps taken, and 988 accepted.
[3 : mcmc] Progress @ 2025-04-17 21:40:26 : 4260 steps taken, and 1048 accepted.
[0 : mcmc] Progress @ 2025-04-17 21:41:24 : 4228 steps taken, and 1039 accepted.
[1 : mcmc] Progress @ 2025-04-17 21:41:29 : 4275 steps taken, and 1002 accepted.
[2 : mcmc] Progress @ 2025-04-17 21:41:39 : 4290 steps taken, and 993 accepted.
[3 : mcmc] Progress @ 2025-04-17 21:42:30 : 4271 steps taken, and 1052 accepted.
[0 : mcmc] Progress @ 2025-04-17 21:43:31 : 4240 steps taken, and 1040 accepted.
[1 : mcmc] Progress @ 2025-04-17 21:43:34 : 4286 steps taken, and 1005 accepted.
[2 : mcmc] Progress @ 2025-04-17 21:43:44 : 4302 steps taken, and 996 accepted.
[3 : mcmc] Progress @ 2025-04-17 21:44:30 : 4282 steps taken, and 1056 accepted.
[0 : mcmc] Progress @ 2025-04-17 21:45:39 : 4254 steps taken, and 1043 accepted.
[1 : mcmc] Progress @ 2025-04-17 21:45:41 : 4299 steps taken, and 1010 accepted.
[2 : mcmc] Progress @ 2025-04-17 21:45:45 : 4314 steps taken, and 998 accepted.
[3 : mcmc] Progress @ 2025-04-17 21:46:33 : 4295 steps taken, and 1058 accepted.
[2 : mcmc] Progress @ 2025-04-17 21:47:47 : 4327 steps taken, and 1002 accepted.
[0 : mcmc] Progress @ 2025-04-17 21:47:50 : 4265 steps taken, and 1047 accepted.
[1 : mcmc] Progress @ 2025-04-17 21:47:51 : 4310 steps taken, and 1015 accepted.
[3 : mcmc] Progress @ 2025-04-17 21:48:40 : 4306 steps taken, and 1061 accepted.
[2 : mcmc] Progress @ 2025-04-17 21:49:48 : 4339 steps taken, and 1006 accepted.
[1 : mcmc] Progress @ 2025-04-17 21:49:54 : 4321 steps taken, and 1019 accepted.
[0 : mcmc] Progress @ 2025-04-17 21:49:59 : 4278 steps taken, and 1048 accepted.
[1 : mcmc] Learn + convergence test @ 1020 samples accepted.
[1 : mcmc] Ready to check convergence and learn a new proposal covmat (waiting for the rest...)
[3 : mcmc] Progress @ 2025-04-17 21:50:49 : 4317 steps taken, and 1065 accepted.
[2 : mcmc] Progress @ 2025-04-17 21:51:51 : 4354 steps taken, and 1007 accepted.
[0 : mcmc] Progress @ 2025-04-17 21:52:00 : 4289 steps taken, and 1050 accepted.
[1 : mcmc] Progress @ 2025-04-17 21:52:02 : 4332 steps taken, and 1022 accepted.
[3 : mcmc] Progress @ 2025-04-17 21:52:50 : 4328 steps taken, and 1071 accepted.
[0 : mcmc] Progress @ 2025-04-17 21:54:01 : 4302 steps taken, and 1056 accepted.
[2 : mcmc] Progress @ 2025-04-17 21:54:02 : 4371 steps taken, and 1011 accepted.
[1 : mcmc] Progress @ 2025-04-17 21:54:14 : 4343 steps taken, and 1024 accepted.
[3 : mcmc] Progress @ 2025-04-17 21:54:58 : 4340 steps taken, and 1073 accepted.
[0 : mcmc] Progress @ 2025-04-17 21:56:03 : 4314 steps taken, and 1062 accepted.
[2 : mcmc] Progress @ 2025-04-17 21:56:04 : 4382 steps taken, and 1014 accepted.
[1 : mcmc] Progress @ 2025-04-17 21:56:15 : 4354 steps taken, and 1027 accepted.
[3 : mcmc] Progress @ 2025-04-17 21:57:05 : 4351 steps taken, and 1075 accepted.
[2 : mcmc] Progress @ 2025-04-17 21:58:14 : 4394 steps taken, and 1018 accepted.
[0 : mcmc] Progress @ 2025-04-17 21:58:14 : 4331 steps taken, and 1067 accepted.
[1 : mcmc] Progress @ 2025-04-17 21:58:18 : 4365 steps taken, and 1031 accepted.
[2 : mcmc] Learn + convergence test @ 1020 samples accepted.
[2 : mcmc] Ready to check convergence and learn a new proposal covmat (waiting for the rest...)
[3 : mcmc] Progress @ 2025-04-17 21:59:10 : 4362 steps taken, and 1080 accepted.
[3 : mcmc] Learn + convergence test @ 1080 samples accepted.
[3 : mcmc] Ready to check convergence and learn a new proposal covmat (waiting for the rest...)
[0 : mcmc] All chains are ready to check convergence and learn a new proposal covmat
[0 : mcmc]  - Acceptance rate: 0.279 = avg([0.2906, 0.2612, 0.2756, 0.2894])
[0 : mcmc]  - Convergence of means: R-1 = 1.131775 after 4207 accepted steps = sum([1070, 1034, 1023, 1080])
[0 : mcmc]  - Updated covariance matrix of proposal pdf.
[0 : mcmc] Progress @ 2025-04-17 22:00:23 : 4341 steps taken, and 1070 accepted.
[2 : mcmc] Progress @ 2025-04-17 22:00:25 : 4402 steps taken, and 1023 accepted.
[1 : mcmc] Progress @ 2025-04-17 22:00:26 : 4378 steps taken, and 1034 accepted.
[3 : mcmc] Progress @ 2025-04-17 22:01:19 : 4368 steps taken, and 1081 accepted.
[0 : mcmc] Progress @ 2025-04-17 22:02:26 : 4354 steps taken, and 1074 accepted.
[1 : mcmc] Progress @ 2025-04-17 22:02:26 : 4388 steps taken, and 1039 accepted.
[2 : mcmc] Progress @ 2025-04-17 22:02:30 : 4414 steps taken, and 1025 accepted.
[3 : mcmc] Progress @ 2025-04-17 22:03:26 : 4380 steps taken, and 1082 accepted.
[1 : mcmc] Progress @ 2025-04-17 22:04:36 : 4399 steps taken, and 1042 accepted.
[2 : mcmc] Progress @ 2025-04-17 22:04:37 : 4427 steps taken, and 1027 accepted.
[0 : mcmc] Progress @ 2025-04-17 22:04:38 : 4367 steps taken, and 1077 accepted.
[3 : mcmc] Progress @ 2025-04-17 22:05:33 : 4391 steps taken, and 1086 accepted.
[2 : mcmc] Progress @ 2025-04-17 22:06:37 : 4439 steps taken, and 1031 accepted.
[1 : mcmc] Progress @ 2025-04-17 22:06:42 : 4410 steps taken, and 1046 accepted.
[0 : mcmc] Progress @ 2025-04-17 22:06:43 : 4381 steps taken, and 1079 accepted.
[0 : mcmc] Learn + convergence test @ 1080 samples accepted.
[0 : mcmc] Ready to check convergence and learn a new proposal covmat (waiting for the rest...)
[3 : mcmc] Progress @ 2025-04-17 22:07:36 : 4402 steps taken, and 1090 accepted.
[2 : mcmc] Progress @ 2025-04-17 22:08:40 : 4452 steps taken, and 1034 accepted.
[1 : mcmc] Progress @ 2025-04-17 22:08:44 : 4420 steps taken, and 1052 accepted.
[0 : mcmc] Progress @ 2025-04-17 22:08:54 : 4392 steps taken, and 1083 accepted.
[3 : mcmc] Progress @ 2025-04-17 22:09:41 : 4413 steps taken, and 1094 accepted.
[2 : mcmc] Progress @ 2025-04-17 22:10:40 : 4465 steps taken, and 1039 accepted.
[1 : mcmc] Progress @ 2025-04-17 22:10:52 : 4432 steps taken, and 1056 accepted.
[0 : mcmc] Progress @ 2025-04-17 22:10:57 : 4403 steps taken, and 1086 accepted.
[3 : mcmc] Progress @ 2025-04-17 22:11:43 : 4424 steps taken, and 1099 accepted.
[2 : mcmc] Progress @ 2025-04-17 22:12:42 : 4477 steps taken, and 1046 accepted.
[0 : mcmc] Progress @ 2025-04-17 22:12:57 : 4414 steps taken, and 1090 accepted.
[1 : mcmc] Progress @ 2025-04-17 22:13:04 : 4443 steps taken, and 1059 accepted.
[3 : mcmc] Progress @ 2025-04-17 22:13:50 : 4435 steps taken, and 1102 accepted.
[2 : mcmc] Progress @ 2025-04-17 22:14:44 : 4492 steps taken, and 1049 accepted.
[0 : mcmc] Progress @ 2025-04-17 22:14:59 : 4425 steps taken, and 1093 accepted.
[1 : mcmc] Progress @ 2025-04-17 22:15:14 : 4454 steps taken, and 1060 accepted.
[3 : mcmc] Progress @ 2025-04-17 22:15:50 : 4446 steps taken, and 1104 accepted.
[2 : mcmc] Progress @ 2025-04-17 22:16:47 : 4505 steps taken, and 1052 accepted.
[0 : mcmc] Progress @ 2025-04-17 22:17:00 : 4436 steps taken, and 1097 accepted.
[1 : mcmc] Progress @ 2025-04-17 22:17:20 : 4467 steps taken, and 1063 accepted.
[3 : mcmc] Progress @ 2025-04-17 22:17:54 : 4457 steps taken, and 1105 accepted.
[2 : mcmc] Progress @ 2025-04-17 22:18:51 : 4517 steps taken, and 1059 accepted.
[0 : mcmc] Progress @ 2025-04-17 22:19:06 : 4448 steps taken, and 1102 accepted.
[1 : mcmc] Progress @ 2025-04-17 22:19:30 : 4478 steps taken, and 1065 accepted.
[3 : mcmc] Progress @ 2025-04-17 22:20:06 : 4468 steps taken, and 1109 accepted.
[2 : mcmc] Progress @ 2025-04-17 22:20:52 : 4528 steps taken, and 1064 accepted.
[0 : mcmc] Progress @ 2025-04-17 22:21:14 : 4459 steps taken, and 1104 accepted.
[1 : mcmc] Progress @ 2025-04-17 22:21:36 : 4489 steps taken, and 1066 accepted.
[3 : mcmc] Progress @ 2025-04-17 22:22:17 : 4480 steps taken, and 1115 accepted.
[2 : mcmc] Progress @ 2025-04-17 22:23:04 : 4540 steps taken, and 1067 accepted.
[0 : mcmc] Progress @ 2025-04-17 22:23:25 : 4470 steps taken, and 1108 accepted.
[1 : mcmc] Progress @ 2025-04-17 22:23:42 : 4500 steps taken, and 1073 accepted.
[3 : mcmc] Progress @ 2025-04-17 22:24:18 : 4491 steps taken, and 1117 accepted.
[2 : mcmc] Progress @ 2025-04-17 22:25:12 : 4553 steps taken, and 1071 accepted.
[0 : mcmc] Progress @ 2025-04-17 22:25:34 : 4481 steps taken, and 1111 accepted.
[1 : mcmc] Progress @ 2025-04-17 22:25:48 : 4511 steps taken, and 1077 accepted.
[3 : mcmc] Progress @ 2025-04-17 22:26:25 : 4502 steps taken, and 1122 accepted.
[2 : mcmc] Progress @ 2025-04-17 22:27:20 : 4567 steps taken, and 1075 accepted.
[0 : mcmc] Progress @ 2025-04-17 22:27:45 : 4493 steps taken, and 1116 accepted.
[1 : mcmc] Progress @ 2025-04-17 22:27:52 : 4522 steps taken, and 1079 accepted.
[3 : mcmc] Progress @ 2025-04-17 22:28:26 : 4513 steps taken, and 1126 accepted.
[1 : mcmc] Learn + convergence test @ 1080 samples accepted.
[1 : mcmc] Ready to check convergence and learn a new proposal covmat (waiting for the rest...)
[2 : mcmc] Progress @ 2025-04-17 22:29:24 : 4581 steps taken, and 1079 accepted.
[0 : mcmc] Progress @ 2025-04-17 22:29:54 : 4505 steps taken, and 1122 accepted.
[1 : mcmc] Progress @ 2025-04-17 22:29:55 : 4532 steps taken, and 1084 accepted.
[2 : mcmc] Learn + convergence test @ 1080 samples accepted.
[2 : mcmc] Ready to check convergence and learn a new proposal covmat (waiting for the rest...)
[3 : mcmc] Progress @ 2025-04-17 22:30:29 : 4524 steps taken, and 1131 accepted.
[2 : mcmc] Progress @ 2025-04-17 22:31:31 : 4592 steps taken, and 1081 accepted.
[0 : mcmc] Progress @ 2025-04-17 22:32:00 : 4516 steps taken, and 1125 accepted.
[1 : mcmc] Progress @ 2025-04-17 22:32:03 : 4545 steps taken, and 1088 accepted.
[3 : mcmc] Progress @ 2025-04-17 22:32:38 : 4537 steps taken, and 1134 accepted.
[2 : mcmc] Progress @ 2025-04-17 22:33:37 : 4604 steps taken, and 1084 accepted.
[0 : mcmc] Progress @ 2025-04-17 22:34:07 : 4528 steps taken, and 1131 accepted.
[1 : mcmc] Progress @ 2025-04-17 22:34:13 : 4561 steps taken, and 1093 accepted.
[3 : mcmc] Progress @ 2025-04-17 22:34:42 : 4550 steps taken, and 1136 accepted.
[2 : mcmc] Progress @ 2025-04-17 22:35:45 : 4616 steps taken, and 1087 accepted.
[0 : mcmc] Progress @ 2025-04-17 22:36:10 : 4539 steps taken, and 1134 accepted.
[1 : mcmc] Progress @ 2025-04-17 22:36:20 : 4574 steps taken, and 1094 accepted.
[3 : mcmc] Progress @ 2025-04-17 22:36:54 : 4563 steps taken, and 1138 accepted.
[3 : mcmc] Learn + convergence test @ 1140 samples accepted.
[3 : mcmc] Ready to check convergence and learn a new proposal covmat (waiting for the rest...)
[2 : mcmc] Progress @ 2025-04-17 22:37:46 : 4628 steps taken, and 1090 accepted.
[0 : mcmc] Progress @ 2025-04-17 22:38:13 : 4551 steps taken, and 1136 accepted.
[1 : mcmc] Progress @ 2025-04-17 22:38:22 : 4586 steps taken, and 1100 accepted.
[0 : mcmc] All chains are ready to check convergence and learn a new proposal covmat
[0 : mcmc]  - Acceptance rate: 0.282 = avg([0.2939, 0.2727, 0.2736, 0.2886])
[0 : mcmc]  - Convergence of means: R-1 = 0.897183 after 4467 accepted steps = sum([1137, 1100, 1090, 1140])
[3 : mcmc] Progress @ 2025-04-17 22:39:08 : 4570 steps taken, and 1140 accepted.
[0 : mcmc]  - Updated covariance matrix of proposal pdf.
[2 : mcmc] Progress @ 2025-04-17 22:39:50 : 4634 steps taken, and 1091 accepted.
[0 : mcmc] Progress @ 2025-04-17 22:40:22 : 4564 steps taken, and 1138 accepted.
[1 : mcmc] Progress @ 2025-04-17 22:40:24 : 4593 steps taken, and 1101 accepted.
[3 : mcmc] Progress @ 2025-04-17 22:41:13 : 4581 steps taken, and 1144 accepted.
[0 : mcmc] Learn + convergence test @ 1140 samples accepted.
[0 : mcmc] Ready to check convergence and learn a new proposal covmat (waiting for the rest...)
[2 : mcmc] Progress @ 2025-04-17 22:41:56 : 4647 steps taken, and 1093 accepted.
[1 : mcmc] Progress @ 2025-04-17 22:42:25 : 4604 steps taken, and 1104 accepted.
[0 : mcmc] Progress @ 2025-04-17 22:42:33 : 4583 steps taken, and 1141 accepted.
[3 : mcmc] Progress @ 2025-04-17 22:43:25 : 4592 steps taken, and 1148 accepted.
[2 : mcmc] Progress @ 2025-04-17 22:44:03 : 4662 steps taken, and 1100 accepted.
[1 : mcmc] Progress @ 2025-04-17 22:44:31 : 4616 steps taken, and 1106 accepted.
[0 : mcmc] Progress @ 2025-04-17 22:44:44 : 4595 steps taken, and 1145 accepted.
[3 : mcmc] Progress @ 2025-04-17 22:45:28 : 4603 steps taken, and 1151 accepted.
[2 : mcmc] Progress @ 2025-04-17 22:46:15 : 4674 steps taken, and 1105 accepted.
[1 : mcmc] Progress @ 2025-04-17 22:46:37 : 4627 steps taken, and 1111 accepted.
[0 : mcmc] Progress @ 2025-04-17 22:46:56 : 4607 steps taken, and 1150 accepted.
[3 : mcmc] Progress @ 2025-04-17 22:47:38 : 4615 steps taken, and 1154 accepted.
[2 : mcmc] Progress @ 2025-04-17 22:48:24 : 4686 steps taken, and 1107 accepted.
[1 : mcmc] Progress @ 2025-04-17 22:48:44 : 4640 steps taken, and 1113 accepted.
[0 : mcmc] Progress @ 2025-04-17 22:48:58 : 4620 steps taken, and 1154 accepted.
[3 : mcmc] Progress @ 2025-04-17 22:49:50 : 4627 steps taken, and 1158 accepted.
[2 : mcmc] Progress @ 2025-04-17 22:50:30 : 4699 steps taken, and 1110 accepted.
[1 : mcmc] Progress @ 2025-04-17 22:50:45 : 4651 steps taken, and 1115 accepted.
[0 : mcmc] Progress @ 2025-04-17 22:51:04 : 4634 steps taken, and 1159 accepted.
[3 : mcmc] Progress @ 2025-04-17 22:51:52 : 4638 steps taken, and 1161 accepted.
[2 : mcmc] Progress @ 2025-04-17 22:52:40 : 4711 steps taken, and 1113 accepted.
[1 : mcmc] Progress @ 2025-04-17 22:52:50 : 4662 steps taken, and 1117 accepted.
[0 : mcmc] Progress @ 2025-04-17 22:53:09 : 4648 steps taken, and 1162 accepted.
[3 : mcmc] Progress @ 2025-04-17 22:53:57 : 4649 steps taken, and 1164 accepted.
[2 : mcmc] Progress @ 2025-04-17 22:54:48 : 4724 steps taken, and 1115 accepted.
[1 : mcmc] Progress @ 2025-04-17 22:54:58 : 4675 steps taken, and 1122 accepted.
[0 : mcmc] Progress @ 2025-04-17 22:55:10 : 4660 steps taken, and 1164 accepted.
[3 : mcmc] Progress @ 2025-04-17 22:56:02 : 4660 steps taken, and 1166 accepted.
[2 : mcmc] Progress @ 2025-04-17 22:56:50 : 4735 steps taken, and 1118 accepted.
[1 : mcmc] Progress @ 2025-04-17 22:57:09 : 4687 steps taken, and 1125 accepted.
[0 : mcmc] Progress @ 2025-04-17 22:57:19 : 4674 steps taken, and 1166 accepted.
[3 : mcmc] Progress @ 2025-04-17 22:58:04 : 4671 steps taken, and 1172 accepted.
[2 : mcmc] Progress @ 2025-04-17 22:58:52 : 4747 steps taken, and 1121 accepted.
[1 : mcmc] Progress @ 2025-04-17 22:59:21 : 4699 steps taken, and 1130 accepted.
[0 : mcmc] Progress @ 2025-04-17 22:59:21 : 4685 steps taken, and 1167 accepted.
[3 : mcmc] Progress @ 2025-04-17 23:00:06 : 4682 steps taken, and 1175 accepted.
[2 : mcmc] Progress @ 2025-04-17 23:00:53 : 4759 steps taken, and 1122 accepted.
[0 : mcmc] Progress @ 2025-04-17 23:01:28 : 4696 steps taken, and 1172 accepted.
[1 : mcmc] Progress @ 2025-04-17 23:01:30 : 4711 steps taken, and 1133 accepted.
[3 : mcmc] Progress @ 2025-04-17 23:02:12 : 4693 steps taken, and 1177 accepted.
[2 : mcmc] Progress @ 2025-04-17 23:03:00 : 4777 steps taken, and 1124 accepted.
[1 : mcmc] Progress @ 2025-04-17 23:03:30 : 4721 steps taken, and 1134 accepted.
[0 : mcmc] Progress @ 2025-04-17 23:03:34 : 4708 steps taken, and 1176 accepted.
[3 : mcmc] Progress @ 2025-04-17 23:04:22 : 4705 steps taken, and 1179 accepted.
[2 : mcmc] Progress @ 2025-04-17 23:05:06 : 4797 steps taken, and 1125 accepted.
[1 : mcmc] Progress @ 2025-04-17 23:05:36 : 4732 steps taken, and 1138 accepted.
[0 : mcmc] Progress @ 2025-04-17 23:05:40 : 4725 steps taken, and 1182 accepted.
[3 : mcmc] Progress @ 2025-04-17 23:06:30 : 4719 steps taken, and 1184 accepted.
[1 : mcmc] Learn + convergence test @ 1140 samples accepted.
[1 : mcmc] Ready to check convergence and learn a new proposal covmat (waiting for the rest...)
[2 : mcmc] Progress @ 2025-04-17 23:07:07 : 4809 steps taken, and 1129 accepted.
[1 : mcmc] Progress @ 2025-04-17 23:07:43 : 4743 steps taken, and 1141 accepted.
[0 : mcmc] Progress @ 2025-04-17 23:07:47 : 4737 steps taken, and 1187 accepted.
[3 : mcmc] Progress @ 2025-04-17 23:08:37 : 4734 steps taken, and 1188 accepted.
[2 : mcmc] Progress @ 2025-04-17 23:09:08 : 4820 steps taken, and 1131 accepted.
[1 : mcmc] Progress @ 2025-04-17 23:09:47 : 4754 steps taken, and 1146 accepted.
[0 : mcmc] Progress @ 2025-04-17 23:09:49 : 4751 steps taken, and 1190 accepted.
[3 : mcmc] Progress @ 2025-04-17 23:10:41 : 4749 steps taken, and 1192 accepted.
[2 : mcmc] Progress @ 2025-04-17 23:11:15 : 4831 steps taken, and 1134 accepted.
[1 : mcmc] Progress @ 2025-04-17 23:11:49 : 4765 steps taken, and 1150 accepted.
[0 : mcmc] Progress @ 2025-04-17 23:11:50 : 4762 steps taken, and 1194 accepted.
[3 : mcmc] Progress @ 2025-04-17 23:12:42 : 4765 steps taken, and 1194 accepted.
[2 : mcmc] Progress @ 2025-04-17 23:13:22 : 4843 steps taken, and 1139 accepted.
[0 : mcmc] Progress @ 2025-04-17 23:13:55 : 4772 steps taken, and 1197 accepted.
[1 : mcmc] Progress @ 2025-04-17 23:14:02 : 4777 steps taken, and 1155 accepted.
[2 : mcmc] Learn + convergence test @ 1140 samples accepted.
[2 : mcmc] Ready to check convergence and learn a new proposal covmat (waiting for the rest...)
[3 : mcmc] Progress @ 2025-04-17 23:14:51 : 4777 steps taken, and 1197 accepted.
[2 : mcmc] Progress @ 2025-04-17 23:15:33 : 4855 steps taken, and 1143 accepted.
[0 : mcmc] Learn + convergence test @ 1200 samples accepted.
[0 : mcmc] Progress @ 2025-04-17 23:16:02 : 4784 steps taken, and 1200 accepted.
[1 : mcmc] Progress @ 2025-04-17 23:16:03 : 4788 steps taken, and 1157 accepted.
[3 : mcmc] Learn + convergence test @ 1200 samples accepted.
[3 : mcmc] Ready to check convergence and learn a new proposal covmat (waiting for the rest...)
[0 : mcmc] All chains are ready to check convergence and learn a new proposal covmat
[0 : mcmc]  - Acceptance rate: 0.281 = avg([0.2925, 0.2737, 0.2695, 0.2889])
[0 : mcmc]  - Convergence of means: R-1 = 0.614570 after 4709 accepted steps = sum([1202, 1160, 1147, 1200])
[0 : mcmc]  - Updated covariance matrix of proposal pdf.
[3 : mcmc] Progress @ 2025-04-17 23:17:51 : 4788 steps taken, and 1200 accepted.
[2 : mcmc] Progress @ 2025-04-17 23:17:52 : 4866 steps taken, and 1148 accepted.
[0 : mcmc] Progress @ 2025-04-17 23:18:06 : 4792 steps taken, and 1203 accepted.
[1 : mcmc] Progress @ 2025-04-17 23:18:13 : 4803 steps taken, and 1163 accepted.
[3 : mcmc] Progress @ 2025-04-17 23:19:56 : 4800 steps taken, and 1203 accepted.
[2 : mcmc] Progress @ 2025-04-17 23:19:56 : 4877 steps taken, and 1151 accepted.
[0 : mcmc] Progress @ 2025-04-17 23:20:09 : 4808 steps taken, and 1209 accepted.
[1 : mcmc] Progress @ 2025-04-17 23:20:19 : 4814 steps taken, and 1164 accepted.
[2 : mcmc] Progress @ 2025-04-17 23:21:57 : 4888 steps taken, and 1153 accepted.
[3 : mcmc] Progress @ 2025-04-17 23:21:58 : 4816 steps taken, and 1208 accepted.
[0 : mcmc] Progress @ 2025-04-17 23:22:12 : 4821 steps taken, and 1213 accepted.
[1 : mcmc] Progress @ 2025-04-17 23:22:24 : 4825 steps taken, and 1168 accepted.
[3 : mcmc] Progress @ 2025-04-17 23:23:59 : 4826 steps taken, and 1213 accepted.
[2 : mcmc] Progress @ 2025-04-17 23:23:59 : 4901 steps taken, and 1160 accepted.
[0 : mcmc] Progress @ 2025-04-17 23:24:19 : 4839 steps taken, and 1217 accepted.
[1 : mcmc] Progress @ 2025-04-17 23:24:34 : 4836 steps taken, and 1172 accepted.
[3 : mcmc] Progress @ 2025-04-17 23:25:59 : 4837 steps taken, and 1216 accepted.
[2 : mcmc] Progress @ 2025-04-17 23:26:00 : 4912 steps taken, and 1164 accepted.
[0 : mcmc] Progress @ 2025-04-17 23:26:27 : 4853 steps taken, and 1223 accepted.
[1 : mcmc] Progress @ 2025-04-17 23:26:41 : 4848 steps taken, and 1174 accepted.
[3 : mcmc] Progress @ 2025-04-17 23:28:00 : 4848 steps taken, and 1222 accepted.
[2 : mcmc] Progress @ 2025-04-17 23:28:01 : 4924 steps taken, and 1167 accepted.
[0 : mcmc] Progress @ 2025-04-17 23:28:27 : 4863 steps taken, and 1226 accepted.
[1 : mcmc] Progress @ 2025-04-17 23:28:42 : 4858 steps taken, and 1177 accepted.
[2 : mcmc] Progress @ 2025-04-17 23:30:03 : 4935 steps taken, and 1171 accepted.
[3 : mcmc] Progress @ 2025-04-17 23:30:08 : 4859 steps taken, and 1226 accepted.
[0 : mcmc] Progress @ 2025-04-17 23:30:29 : 4876 steps taken, and 1230 accepted.
[1 : mcmc] Progress @ 2025-04-17 23:30:47 : 4870 steps taken, and 1180 accepted.
[2 : mcmc] Progress @ 2025-04-17 23:32:05 : 4947 steps taken, and 1173 accepted.
[3 : mcmc] Progress @ 2025-04-17 23:32:12 : 4873 steps taken, and 1231 accepted.
[0 : mcmc] Progress @ 2025-04-17 23:32:39 : 4888 steps taken, and 1232 accepted.
[1 : mcmc] Progress @ 2025-04-17 23:32:51 : 4881 steps taken, and 1183 accepted.
[2 : mcmc] Progress @ 2025-04-17 23:34:12 : 4959 steps taken, and 1175 accepted.
[3 : mcmc] Progress @ 2025-04-17 23:34:15 : 4888 steps taken, and 1237 accepted.
[0 : mcmc] Progress @ 2025-04-17 23:34:41 : 4898 steps taken, and 1235 accepted.
[1 : mcmc] Progress @ 2025-04-17 23:35:02 : 4896 steps taken, and 1187 accepted.
[2 : mcmc] Progress @ 2025-04-17 23:36:22 : 4972 steps taken, and 1179 accepted.
[3 : mcmc] Progress @ 2025-04-17 23:36:26 : 4905 steps taken, and 1243 accepted.
[0 : mcmc] Progress @ 2025-04-17 23:36:50 : 4913 steps taken, and 1240 accepted.
[1 : mcmc] Progress @ 2025-04-17 23:37:10 : 4908 steps taken, and 1192 accepted.
[2 : mcmc] Progress @ 2025-04-17 23:38:30 : 4984 steps taken, and 1182 accepted.
[3 : mcmc] Progress @ 2025-04-17 23:38:35 : 4919 steps taken, and 1246 accepted.
[0 : mcmc] Progress @ 2025-04-17 23:38:56 : 4925 steps taken, and 1247 accepted.
[1 : mcmc] Progress @ 2025-04-17 23:39:12 : 4920 steps taken, and 1194 accepted.
[3 : mcmc] Progress @ 2025-04-17 23:40:36 : 4940 steps taken, and 1252 accepted.
[2 : mcmc] Progress @ 2025-04-17 23:40:40 : 4996 steps taken, and 1184 accepted.
[0 : mcmc] Progress @ 2025-04-17 23:40:59 : 4939 steps taken, and 1250 accepted.
[1 : mcmc] Progress @ 2025-04-17 23:41:14 : 4932 steps taken, and 1198 accepted.
[1 : mcmc] Learn + convergence test @ 1200 samples accepted.
[1 : mcmc] Ready to check convergence and learn a new proposal covmat (waiting for the rest...)
[3 : mcmc] Progress @ 2025-04-17 23:42:41 : 4956 steps taken, and 1255 accepted.
[2 : mcmc] Progress @ 2025-04-17 23:42:54 : 5008 steps taken, and 1186 accepted.
[0 : mcmc] Progress @ 2025-04-17 23:43:07 : 4954 steps taken, and 1256 accepted.
[1 : mcmc] Progress @ 2025-04-17 23:43:16 : 4944 steps taken, and 1204 accepted.
[3 : mcmc] Progress @ 2025-04-17 23:44:48 : 4968 steps taken, and 1256 accepted.
[2 : mcmc] Progress @ 2025-04-17 23:45:02 : 5021 steps taken, and 1190 accepted.
[1 : mcmc] Progress @ 2025-04-17 23:45:17 : 4955 steps taken, and 1207 accepted.
[0 : mcmc] Progress @ 2025-04-17 23:45:17 : 4966 steps taken, and 1259 accepted.
[0 : mcmc] Learn + convergence test @ 1260 samples accepted.
[0 : mcmc] Ready to check convergence and learn a new proposal covmat (waiting for the rest...)
[3 : mcmc] Progress @ 2025-04-17 23:46:50 : 4980 steps taken, and 1258 accepted.
[2 : mcmc] Progress @ 2025-04-17 23:47:05 : 5033 steps taken, and 1193 accepted.
[0 : mcmc] Progress @ 2025-04-17 23:47:28 : 4977 steps taken, and 1261 accepted.
[1 : mcmc] Progress @ 2025-04-17 23:47:30 : 4967 steps taken, and 1213 accepted.
[3 : mcmc] Learn + convergence test @ 1260 samples accepted.
[3 : mcmc] Ready to check convergence and learn a new proposal covmat (waiting for the rest...)
[3 : mcmc] Progress @ 2025-04-17 23:49:00 : 4992 steps taken, and 1263 accepted.
[2 : mcmc] Progress @ 2025-04-17 23:49:07 : 5046 steps taken, and 1196 accepted.
[1 : mcmc] Progress @ 2025-04-17 23:49:30 : 4978 steps taken, and 1218 accepted.
[0 : mcmc] Progress @ 2025-04-17 23:49:42 : 4989 steps taken, and 1264 accepted.
[3 : mcmc] Progress @ 2025-04-17 23:51:05 : 5009 steps taken, and 1269 accepted.
[2 : mcmc] Progress @ 2025-04-17 23:51:09 : 5058 steps taken, and 1198 accepted.
[1 : mcmc] Progress @ 2025-04-17 23:51:41 : 4991 steps taken, and 1222 accepted.
[0 : mcmc] Progress @ 2025-04-17 23:51:43 : 4999 steps taken, and 1267 accepted.
[2 : mcmc] Learn + convergence test @ 1200 samples accepted.
[2 : mcmc] Ready to check convergence and learn a new proposal covmat (waiting for the rest...)
[0 : mcmc] All chains are ready to check convergence and learn a new proposal covmat
[0 : mcmc]  - Acceptance rate: 0.283 = avg([0.2932, 0.2783, 0.2706, 0.2878])
[0 : mcmc]  - Convergence of means: R-1 = 0.434904 after 4964 accepted steps = sum([1269, 1224, 1200, 1271])
[0 : mcmc]  - Updated covariance matrix of proposal pdf.
[2 : mcmc] Progress @ 2025-04-17 23:53:09 : 5066 steps taken, and 1200 accepted.
[3 : mcmc] Progress @ 2025-04-17 23:53:22 : 5024 steps taken, and 1271 accepted.
[0 : mcmc] Progress @ 2025-04-17 23:53:44 : 5012 steps taken, and 1269 accepted.
[1 : mcmc] Progress @ 2025-04-17 23:53:50 : 5002 steps taken, and 1225 accepted.
[2 : mcmc] Progress @ 2025-04-17 23:55:20 : 5081 steps taken, and 1205 accepted.
[3 : mcmc] Progress @ 2025-04-17 23:55:24 : 5036 steps taken, and 1273 accepted.
[0 : mcmc] Progress @ 2025-04-17 23:55:48 : 5024 steps taken, and 1272 accepted.
[1 : mcmc] Progress @ 2025-04-17 23:55:56 : 5013 steps taken, and 1228 accepted.
[2 : mcmc] Progress @ 2025-04-17 23:57:28 : 5094 steps taken, and 1208 accepted.
[3 : mcmc] Progress @ 2025-04-17 23:57:30 : 5047 steps taken, and 1279 accepted.
[0 : mcmc] Progress @ 2025-04-17 23:57:53 : 5035 steps taken, and 1275 accepted.
[1 : mcmc] Progress @ 2025-04-17 23:58:03 : 5024 steps taken, and 1230 accepted.
[2 : mcmc] Progress @ 2025-04-17 23:59:31 : 5109 steps taken, and 1214 accepted.
[3 : mcmc] Progress @ 2025-04-17 23:59:31 : 5058 steps taken, and 1286 accepted.
[0 : mcmc] Progress @ 2025-04-17 23:59:55 : 5047 steps taken, and 1277 accepted.
[1 : mcmc] Progress @ 2025-04-18 00:00:14 : 5036 steps taken, and 1236 accepted.
[2 : mcmc] Progress @ 2025-04-18 00:01:35 : 5121 steps taken, and 1217 accepted.
[3 : mcmc] Progress @ 2025-04-18 00:01:39 : 5070 steps taken, and 1291 accepted.
[0 : mcmc] Progress @ 2025-04-18 00:01:57 : 5060 steps taken, and 1279 accepted.
[1 : mcmc] Progress @ 2025-04-18 00:02:15 : 5046 steps taken, and 1241 accepted.
[2 : mcmc] Progress @ 2025-04-18 00:03:46 : 5133 steps taken, and 1223 accepted.
[3 : mcmc] Progress @ 2025-04-18 00:03:50 : 5082 steps taken, and 1294 accepted.
[0 : mcmc] Progress @ 2025-04-18 00:04:02 : 5072 steps taken, and 1280 accepted.
[1 : mcmc] Progress @ 2025-04-18 00:04:26 : 5057 steps taken, and 1244 accepted.
[2 : mcmc] Progress @ 2025-04-18 00:05:52 : 5145 steps taken, and 1230 accepted.
[3 : mcmc] Progress @ 2025-04-18 00:05:52 : 5094 steps taken, and 1299 accepted.
[0 : mcmc] Progress @ 2025-04-18 00:06:10 : 5085 steps taken, and 1286 accepted.
[1 : mcmc] Progress @ 2025-04-18 00:06:28 : 5068 steps taken, and 1247 accepted.
[3 : mcmc] Progress @ 2025-04-18 00:07:54 : 5105 steps taken, and 1302 accepted.
[2 : mcmc] Progress @ 2025-04-18 00:07:55 : 5157 steps taken, and 1233 accepted.
[0 : mcmc] Progress @ 2025-04-18 00:08:16 : 5098 steps taken, and 1290 accepted.
[1 : mcmc] Progress @ 2025-04-18 00:08:41 : 5081 steps taken, and 1251 accepted.
[2 : mcmc] Progress @ 2025-04-18 00:09:57 : 5170 steps taken, and 1236 accepted.
[3 : mcmc] Progress @ 2025-04-18 00:09:59 : 5116 steps taken, and 1305 accepted.
[0 : mcmc] Progress @ 2025-04-18 00:10:19 : 5111 steps taken, and 1292 accepted.
[1 : mcmc] Progress @ 2025-04-18 00:10:53 : 5093 steps taken, and 1258 accepted.
[1 : mcmc] Learn + convergence test @ 1260 samples accepted.
[1 : mcmc] Ready to check convergence and learn a new proposal covmat (waiting for the rest...)
[2 : mcmc] Progress @ 2025-04-18 00:12:02 : 5181 steps taken, and 1239 accepted.
[3 : mcmc] Progress @ 2025-04-18 00:12:03 : 5128 steps taken, and 1309 accepted.
[0 : mcmc] Progress @ 2025-04-18 00:12:20 : 5124 steps taken, and 1297 accepted.
[1 : mcmc] Progress @ 2025-04-18 00:12:57 : 5104 steps taken, and 1261 accepted.
[2 : mcmc] Progress @ 2025-04-18 00:14:05 : 5192 steps taken, and 1246 accepted.
[3 : mcmc] Progress @ 2025-04-18 00:14:16 : 5140 steps taken, and 1315 accepted.
[0 : mcmc] Progress @ 2025-04-18 00:14:22 : 5135 steps taken, and 1301 accepted.
[1 : mcmc] Progress @ 2025-04-18 00:15:06 : 5116 steps taken, and 1266 accepted.
[2 : mcmc] Progress @ 2025-04-18 00:16:12 : 5214 steps taken, and 1253 accepted.
[3 : mcmc] Progress @ 2025-04-18 00:16:22 : 5151 steps taken, and 1318 accepted.
[0 : mcmc] Progress @ 2025-04-18 00:16:27 : 5146 steps taken, and 1307 accepted.
[3 : mcmc] Learn + convergence test @ 1320 samples accepted.
[3 : mcmc] Ready to check convergence and learn a new proposal covmat (waiting for the rest...)
[1 : mcmc] Progress @ 2025-04-18 00:17:18 : 5129 steps taken, and 1273 accepted.
[2 : mcmc] Progress @ 2025-04-18 00:18:22 : 5234 steps taken, and 1257 accepted.
[3 : mcmc] Progress @ 2025-04-18 00:18:27 : 5162 steps taken, and 1321 accepted.
[0 : mcmc] Progress @ 2025-04-18 00:18:33 : 5158 steps taken, and 1309 accepted.
[2 : mcmc] Learn + convergence test @ 1260 samples accepted.
[2 : mcmc] Ready to check convergence and learn a new proposal covmat (waiting for the rest...)
[1 : mcmc] Progress @ 2025-04-18 00:19:26 : 5140 steps taken, and 1275 accepted.
[2 : mcmc] Progress @ 2025-04-18 00:20:24 : 5249 steps taken, and 1264 accepted.
[0 : mcmc] Progress @ 2025-04-18 00:20:34 : 5170 steps taken, and 1314 accepted.
[3 : mcmc] Progress @ 2025-04-18 00:20:35 : 5180 steps taken, and 1326 accepted.
[1 : mcmc] Progress @ 2025-04-18 00:21:34 : 5151 steps taken, and 1281 accepted.
[2 : mcmc] Progress @ 2025-04-18 00:22:25 : 5261 steps taken, and 1267 accepted.
[0 : mcmc] Progress @ 2025-04-18 00:22:40 : 5185 steps taken, and 1315 accepted.
[3 : mcmc] Progress @ 2025-04-18 00:22:40 : 5194 steps taken, and 1331 accepted.
[1 : mcmc] Progress @ 2025-04-18 00:23:44 : 5163 steps taken, and 1285 accepted.
[0 : mcmc] Learn + convergence test @ 1320 samples accepted.
[0 : mcmc] Ready to check convergence and learn a new proposal covmat (waiting for the rest...)
[0 : mcmc] All chains are ready to check convergence and learn a new proposal covmat
[2 : mcmc] Progress @ 2025-04-18 00:24:31 : 5274 steps taken, and 1272 accepted.
[3 : mcmc] Progress @ 2025-04-18 00:24:49 : 5207 steps taken, and 1336 accepted.
[0 : mcmc]  - Acceptance rate: 0.289 = avg([0.2928, 0.2911, 0.2788, 0.2920])
[0 : mcmc]  - Convergence of means: R-1 = 0.388768 after 5217 accepted steps = sum([1320, 1288, 1272, 1337])
[0 : mcmc]  - Updated covariance matrix of proposal pdf.
[0 : mcmc] Progress @ 2025-04-18 00:25:39 : 5199 steps taken, and 1321 accepted.
[1 : mcmc] Progress @ 2025-04-18 00:25:52 : 5172 steps taken, and 1289 accepted.
[2 : mcmc] Progress @ 2025-04-18 00:26:43 : 5282 steps taken, and 1276 accepted.
[3 : mcmc] Progress @ 2025-04-18 00:26:59 : 5221 steps taken, and 1342 accepted.
[0 : mcmc] Progress @ 2025-04-18 00:27:39 : 5210 steps taken, and 1324 accepted.
[1 : mcmc] Progress @ 2025-04-18 00:27:55 : 5183 steps taken, and 1292 accepted.
[2 : mcmc] Progress @ 2025-04-18 00:28:52 : 5294 steps taken, and 1280 accepted.
[3 : mcmc] Progress @ 2025-04-18 00:29:11 : 5234 steps taken, and 1345 accepted.
[0 : mcmc] Progress @ 2025-04-18 00:29:50 : 5221 steps taken, and 1327 accepted.
[1 : mcmc] Progress @ 2025-04-18 00:29:58 : 5194 steps taken, and 1298 accepted.
[2 : mcmc] Progress @ 2025-04-18 00:31:03 : 5308 steps taken, and 1284 accepted.
[3 : mcmc] Progress @ 2025-04-18 00:31:18 : 5245 steps taken, and 1349 accepted.
[0 : mcmc] Progress @ 2025-04-18 00:31:56 : 5232 steps taken, and 1331 accepted.
[1 : mcmc] Progress @ 2025-04-18 00:32:05 : 5205 steps taken, and 1303 accepted.
[2 : mcmc] Progress @ 2025-04-18 00:33:04 : 5321 steps taken, and 1290 accepted.
[3 : mcmc] Progress @ 2025-04-18 00:33:30 : 5257 steps taken, and 1354 accepted.
[0 : mcmc] Progress @ 2025-04-18 00:34:00 : 5244 steps taken, and 1332 accepted.
[1 : mcmc] Progress @ 2025-04-18 00:34:14 : 5224 steps taken, and 1310 accepted.
[2 : mcmc] Progress @ 2025-04-18 00:35:06 : 5333 steps taken, and 1294 accepted.
[3 : mcmc] Progress @ 2025-04-18 00:35:43 : 5269 steps taken, and 1357 accepted.
[0 : mcmc] Progress @ 2025-04-18 00:36:01 : 5255 steps taken, and 1335 accepted.
[1 : mcmc] Progress @ 2025-04-18 00:36:17 : 5237 steps taken, and 1312 accepted.
[2 : mcmc] Progress @ 2025-04-18 00:37:14 : 5346 steps taken, and 1300 accepted.
[3 : mcmc] Progress @ 2025-04-18 00:37:50 : 5280 steps taken, and 1361 accepted.
[0 : mcmc] Progress @ 2025-04-18 00:38:09 : 5267 steps taken, and 1338 accepted.
[1 : mcmc] Progress @ 2025-04-18 00:38:25 : 5248 steps taken, and 1316 accepted.
[2 : mcmc] Progress @ 2025-04-18 00:39:21 : 5360 steps taken, and 1305 accepted.
[3 : mcmc] Progress @ 2025-04-18 00:39:50 : 5291 steps taken, and 1364 accepted.
[0 : mcmc] Progress @ 2025-04-18 00:40:10 : 5278 steps taken, and 1341 accepted.
[1 : mcmc] Progress @ 2025-04-18 00:40:37 : 5260 steps taken, and 1319 accepted.
[1 : mcmc] Learn + convergence test @ 1320 samples accepted.
[1 : mcmc] Ready to check convergence and learn a new proposal covmat (waiting for the rest...)
[2 : mcmc] Progress @ 2025-04-18 00:41:25 : 5378 steps taken, and 1307 accepted.
[3 : mcmc] Progress @ 2025-04-18 00:41:54 : 5302 steps taken, and 1365 accepted.
[0 : mcmc] Progress @ 2025-04-18 00:42:12 : 5289 steps taken, and 1345 accepted.
[1 : mcmc] Progress @ 2025-04-18 00:42:43 : 5271 steps taken, and 1322 accepted.
[2 : mcmc] Progress @ 2025-04-18 00:43:34 : 5400 steps taken, and 1308 accepted.
[3 : mcmc] Progress @ 2025-04-18 00:43:57 : 5313 steps taken, and 1365 accepted.
[0 : mcmc] Progress @ 2025-04-18 00:44:15 : 5300 steps taken, and 1347 accepted.
[1 : mcmc] Progress @ 2025-04-18 00:44:53 : 5282 steps taken, and 1325 accepted.
[2 : mcmc] Progress @ 2025-04-18 00:45:41 : 5414 steps taken, and 1311 accepted.
[3 : mcmc] Progress @ 2025-04-18 00:46:09 : 5325 steps taken, and 1365 accepted.
[0 : mcmc] Progress @ 2025-04-18 00:46:20 : 5311 steps taken, and 1352 accepted.
[1 : mcmc] Progress @ 2025-04-18 00:47:04 : 5294 steps taken, and 1328 accepted.
[2 : mcmc] Progress @ 2025-04-18 00:47:52 : 5432 steps taken, and 1314 accepted.
[3 : mcmc] Progress @ 2025-04-18 00:48:13 : 5336 steps taken, and 1368 accepted.
[0 : mcmc] Progress @ 2025-04-18 00:48:25 : 5321 steps taken, and 1355 accepted.
[1 : mcmc] Progress @ 2025-04-18 00:49:14 : 5308 steps taken, and 1332 accepted.
[2 : mcmc] Progress @ 2025-04-18 00:49:57 : 5446 steps taken, and 1319 accepted.
[3 : mcmc] Progress @ 2025-04-18 00:50:21 : 5348 steps taken, and 1373 accepted.
[0 : mcmc] Progress @ 2025-04-18 00:50:29 : 5332 steps taken, and 1359 accepted.
[2 : mcmc] Learn + convergence test @ 1320 samples accepted.
[2 : mcmc] Ready to check convergence and learn a new proposal covmat (waiting for the rest...)
[1 : mcmc] Progress @ 2025-04-18 00:51:23 : 5322 steps taken, and 1335 accepted.
[2 : mcmc] Progress @ 2025-04-18 00:52:05 : 5458 steps taken, and 1322 accepted.
[3 : mcmc] Progress @ 2025-04-18 00:52:25 : 5361 steps taken, and 1378 accepted.
[0 : mcmc] Progress @ 2025-04-18 00:52:29 : 5343 steps taken, and 1363 accepted.
[1 : mcmc] Progress @ 2025-04-18 00:53:24 : 5333 steps taken, and 1340 accepted.
[3 : mcmc] Learn + convergence test @ 1380 samples accepted.
[3 : mcmc] Ready to check convergence and learn a new proposal covmat (waiting for the rest...)
[2 : mcmc] Progress @ 2025-04-18 00:54:12 : 5470 steps taken, and 1325 accepted.
[3 : mcmc] Progress @ 2025-04-18 00:54:27 : 5372 steps taken, and 1381 accepted.
[0 : mcmc] Progress @ 2025-04-18 00:54:36 : 5364 steps taken, and 1369 accepted.
[1 : mcmc] Progress @ 2025-04-18 00:55:28 : 5345 steps taken, and 1344 accepted.
[2 : mcmc] Progress @ 2025-04-18 00:56:21 : 5483 steps taken, and 1328 accepted.
[3 : mcmc] Progress @ 2025-04-18 00:56:29 : 5385 steps taken, and 1382 accepted.
[0 : mcmc] Progress @ 2025-04-18 00:56:49 : 5376 steps taken, and 1374 accepted.
[1 : mcmc] Progress @ 2025-04-18 00:57:32 : 5363 steps taken, and 1349 accepted.
[2 : mcmc] Progress @ 2025-04-18 00:58:32 : 5505 steps taken, and 1332 accepted.
[3 : mcmc] Progress @ 2025-04-18 00:58:39 : 5397 steps taken, and 1385 accepted.
[0 : mcmc] Progress @ 2025-04-18 00:58:53 : 5387 steps taken, and 1376 accepted.
[1 : mcmc] Progress @ 2025-04-18 00:59:42 : 5375 steps taken, and 1351 accepted.
[2 : mcmc] Progress @ 2025-04-18 01:00:33 : 5517 steps taken, and 1336 accepted.
[3 : mcmc] Progress @ 2025-04-18 01:00:47 : 5409 steps taken, and 1388 accepted.
[0 : mcmc] Learn + convergence test @ 1380 samples accepted.
[0 : mcmc] Ready to check convergence and learn a new proposal covmat (waiting for the rest...)
[0 : mcmc] All chains are ready to check convergence and learn a new proposal covmat
[1 : mcmc] Progress @ 2025-04-18 01:01:43 : 5387 steps taken, and 1352 accepted.
[0 : mcmc]  - Acceptance rate: 0.290 = avg([0.2953, 0.2950, 0.2810, 0.2891])
[0 : mcmc]  - Convergence of means: R-1 = 0.382570 after 5462 accepted steps = sum([1380, 1353, 1339, 1390])
[0 : mcmc]  - Updated covariance matrix of proposal pdf.
[0 : mcmc] Progress @ 2025-04-18 01:02:17 : 5398 steps taken, and 1380 accepted.
[2 : mcmc] Progress @ 2025-04-18 01:02:42 : 5524 steps taken, and 1339 accepted.
[3 : mcmc] Progress @ 2025-04-18 01:02:55 : 5423 steps taken, and 1391 accepted.
[1 : mcmc] Progress @ 2025-04-18 01:03:49 : 5397 steps taken, and 1356 accepted.
[0 : mcmc] Progress @ 2025-04-18 01:04:29 : 5410 steps taken, and 1382 accepted.
[2 : mcmc] Progress @ 2025-04-18 01:04:45 : 5536 steps taken, and 1341 accepted.
[3 : mcmc] Progress @ 2025-04-18 01:05:02 : 5436 steps taken, and 1395 accepted.
[1 : mcmc] Progress @ 2025-04-18 01:06:02 : 5409 steps taken, and 1359 accepted.
[0 : mcmc] Progress @ 2025-04-18 01:06:33 : 5422 steps taken, and 1386 accepted.
[2 : mcmc] Progress @ 2025-04-18 01:06:48 : 5547 steps taken, and 1346 accepted.
[3 : mcmc] Progress @ 2025-04-18 01:07:09 : 5448 steps taken, and 1397 accepted.
[1 : mcmc] Progress @ 2025-04-18 01:08:03 : 5420 steps taken, and 1363 accepted.
[0 : mcmc] Progress @ 2025-04-18 01:08:39 : 5433 steps taken, and 1388 accepted.
[2 : mcmc] Progress @ 2025-04-18 01:08:52 : 5560 steps taken, and 1352 accepted.
[3 : mcmc] Progress @ 2025-04-18 01:09:23 : 5460 steps taken, and 1401 accepted.
[1 : mcmc] Progress @ 2025-04-18 01:10:06 : 5444 steps taken, and 1366 accepted.
[0 : mcmc] Progress @ 2025-04-18 01:10:49 : 5449 steps taken, and 1394 accepted.
[2 : mcmc] Progress @ 2025-04-18 01:11:03 : 5572 steps taken, and 1356 accepted.
[3 : mcmc] Progress @ 2025-04-18 01:11:29 : 5471 steps taken, and 1404 accepted.
[1 : mcmc] Progress @ 2025-04-18 01:12:06 : 5460 steps taken, and 1373 accepted.
[0 : mcmc] Progress @ 2025-04-18 01:12:51 : 5463 steps taken, and 1397 accepted.
[2 : mcmc] Progress @ 2025-04-18 01:13:13 : 5584 steps taken, and 1359 accepted.
[3 : mcmc] Progress @ 2025-04-18 01:13:41 : 5483 steps taken, and 1407 accepted.
[1 : mcmc] Progress @ 2025-04-18 01:14:13 : 5472 steps taken, and 1377 accepted.
[1 : mcmc] Learn + convergence test @ 1380 samples accepted.
[1 : mcmc] Ready to check convergence and learn a new proposal covmat (waiting for the rest...)
[0 : mcmc] Progress @ 2025-04-18 01:15:03 : 5477 steps taken, and 1404 accepted.
[2 : mcmc] Progress @ 2025-04-18 01:15:21 : 5596 steps taken, and 1362 accepted.
[3 : mcmc] Progress @ 2025-04-18 01:15:42 : 5493 steps taken, and 1413 accepted.
[1 : mcmc] Progress @ 2025-04-18 01:16:20 : 5483 steps taken, and 1381 accepted.
[0 : mcmc] Progress @ 2025-04-18 01:17:07 : 5488 steps taken, and 1411 accepted.
[2 : mcmc] Progress @ 2025-04-18 01:17:27 : 5607 steps taken, and 1368 accepted.
[3 : mcmc] Progress @ 2025-04-18 01:17:50 : 5505 steps taken, and 1416 accepted.
[1 : mcmc] Progress @ 2025-04-18 01:18:20 : 5495 steps taken, and 1384 accepted.
[0 : mcmc] Progress @ 2025-04-18 01:19:09 : 5498 steps taken, and 1414 accepted.
[2 : mcmc] Progress @ 2025-04-18 01:19:28 : 5619 steps taken, and 1372 accepted.
[3 : mcmc] Progress @ 2025-04-18 01:19:58 : 5516 steps taken, and 1421 accepted.
[1 : mcmc] Progress @ 2025-04-18 01:20:27 : 5507 steps taken, and 1385 accepted.
[0 : mcmc] Progress @ 2025-04-18 01:21:10 : 5508 steps taken, and 1417 accepted.
[2 : mcmc] Progress @ 2025-04-18 01:21:36 : 5631 steps taken, and 1374 accepted.
[3 : mcmc] Progress @ 2025-04-18 01:22:01 : 5527 steps taken, and 1423 accepted.
[1 : mcmc] Progress @ 2025-04-18 01:22:32 : 5519 steps taken, and 1388 accepted.
[0 : mcmc] Progress @ 2025-04-18 01:23:17 : 5519 steps taken, and 1419 accepted.
[2 : mcmc] Progress @ 2025-04-18 01:23:40 : 5642 steps taken, and 1378 accepted.
[3 : mcmc] Progress @ 2025-04-18 01:24:06 : 5539 steps taken, and 1429 accepted.
[2 : mcmc] Learn + convergence test @ 1380 samples accepted.
[2 : mcmc] Ready to check convergence and learn a new proposal covmat (waiting for the rest...)
[1 : mcmc] Progress @ 2025-04-18 01:24:37 : 5530 steps taken, and 1389 accepted.
[0 : mcmc] Progress @ 2025-04-18 01:25:23 : 5531 steps taken, and 1421 accepted.
[2 : mcmc] Progress @ 2025-04-18 01:25:52 : 5655 steps taken, and 1381 accepted.
[3 : mcmc] Progress @ 2025-04-18 01:26:15 : 5550 steps taken, and 1433 accepted.
[1 : mcmc] Progress @ 2025-04-18 01:26:41 : 5541 steps taken, and 1395 accepted.
[0 : mcmc] Progress @ 2025-04-18 01:27:23 : 5541 steps taken, and 1423 accepted.
[2 : mcmc] Progress @ 2025-04-18 01:28:00 : 5667 steps taken, and 1384 accepted.
[3 : mcmc] Progress @ 2025-04-18 01:28:16 : 5561 steps taken, and 1435 accepted.
[1 : mcmc] Progress @ 2025-04-18 01:28:43 : 5552 steps taken, and 1398 accepted.
[0 : mcmc] Progress @ 2025-04-18 01:29:33 : 5554 steps taken, and 1425 accepted.
[2 : mcmc] Progress @ 2025-04-18 01:30:02 : 5682 steps taken, and 1392 accepted.
[3 : mcmc] Progress @ 2025-04-18 01:30:29 : 5575 steps taken, and 1437 accepted.
[1 : mcmc] Progress @ 2025-04-18 01:30:50 : 5564 steps taken, and 1402 accepted.
[0 : mcmc] Progress @ 2025-04-18 01:31:36 : 5566 steps taken, and 1428 accepted.
[2 : mcmc] Progress @ 2025-04-18 01:32:06 : 5694 steps taken, and 1396 accepted.
[3 : mcmc] Progress @ 2025-04-18 01:32:37 : 5587 steps taken, and 1439 accepted.
[1 : mcmc] Progress @ 2025-04-18 01:32:55 : 5575 steps taken, and 1407 accepted.
[0 : mcmc] Progress @ 2025-04-18 01:33:42 : 5577 steps taken, and 1431 accepted.
[3 : mcmc] Learn + convergence test @ 1440 samples accepted.
[3 : mcmc] Ready to check convergence and learn a new proposal covmat (waiting for the rest...)
[2 : mcmc] Progress @ 2025-04-18 01:34:15 : 5707 steps taken, and 1403 accepted.
[3 : mcmc] Progress @ 2025-04-18 01:34:44 : 5599 steps taken, and 1441 accepted.
[1 : mcmc] Progress @ 2025-04-18 01:35:06 : 5587 steps taken, and 1411 accepted.
[0 : mcmc] Progress @ 2025-04-18 01:35:46 : 5590 steps taken, and 1434 accepted.
[2 : mcmc] Progress @ 2025-04-18 01:36:27 : 5720 steps taken, and 1409 accepted.
[3 : mcmc] Progress @ 2025-04-18 01:36:46 : 5610 steps taken, and 1445 accepted.
[1 : mcmc] Progress @ 2025-04-18 01:37:11 : 5599 steps taken, and 1414 accepted.
[0 : mcmc] Progress @ 2025-04-18 01:37:52 : 5601 steps taken, and 1437 accepted.
[0 : mcmc] Learn + convergence test @ 1440 samples accepted.
[0 : mcmc] Ready to check convergence and learn a new proposal covmat (waiting for the rest...)
[0 : mcmc] All chains are ready to check convergence and learn a new proposal covmat
[2 : mcmc] Progress @ 2025-04-18 01:38:37 : 5733 steps taken, and 1415 accepted.
[3 : mcmc] Progress @ 2025-04-18 01:38:57 : 5623 steps taken, and 1450 accepted.
[1 : mcmc] Progress @ 2025-04-18 01:39:16 : 5611 steps taken, and 1415 accepted.
[0 : mcmc]  - Acceptance rate: 0.293 = avg([0.2968, 0.2929, 0.2917, 0.2910])
[0 : mcmc]  - Convergence of means: R-1 = 0.276574 after 5722 accepted steps = sum([1440, 1416, 1416, 1450])
[0 : mcmc]  - Updated covariance matrix of proposal pdf.
[2 : mcmc] Progress @ 2025-04-18 01:40:47 : 5736 steps taken, and 1416 accepted.
[0 : mcmc] Progress @ 2025-04-18 01:40:51 : 5606 steps taken, and 1441 accepted.
[3 : mcmc] Progress @ 2025-04-18 01:40:58 : 5625 steps taken, and 1451 accepted.
[1 : mcmc] Progress @ 2025-04-18 01:41:25 : 5627 steps taken, and 1419 accepted.
[2 : mcmc] Progress @ 2025-04-18 01:42:58 : 5748 steps taken, and 1420 accepted.
[0 : mcmc] Progress @ 2025-04-18 01:43:00 : 5618 steps taken, and 1446 accepted.
[3 : mcmc] Progress @ 2025-04-18 01:43:05 : 5638 steps taken, and 1457 accepted.
[1 : mcmc] Progress @ 2025-04-18 01:43:27 : 5642 steps taken, and 1425 accepted.
[2 : mcmc] Progress @ 2025-04-18 01:44:59 : 5761 steps taken, and 1423 accepted.
[0 : mcmc] Progress @ 2025-04-18 01:45:04 : 5630 steps taken, and 1450 accepted.
[3 : mcmc] Progress @ 2025-04-18 01:45:07 : 5652 steps taken, and 1459 accepted.
[1 : mcmc] Progress @ 2025-04-18 01:45:29 : 5659 steps taken, and 1429 accepted.
[2 : mcmc] Progress @ 2025-04-18 01:47:05 : 5774 steps taken, and 1425 accepted.
[3 : mcmc] Progress @ 2025-04-18 01:47:13 : 5664 steps taken, and 1462 accepted.
[0 : mcmc] Progress @ 2025-04-18 01:47:14 : 5642 steps taken, and 1456 accepted.
[1 : mcmc] Progress @ 2025-04-18 01:47:34 : 5670 steps taken, and 1434 accepted.
[2 : mcmc] Progress @ 2025-04-18 01:49:09 : 5785 steps taken, and 1428 accepted.
[3 : mcmc] Progress @ 2025-04-18 01:49:13 : 5675 steps taken, and 1467 accepted.
[0 : mcmc] Progress @ 2025-04-18 01:49:19 : 5654 steps taken, and 1457 accepted.
[1 : mcmc] Progress @ 2025-04-18 01:49:42 : 5681 steps taken, and 1438 accepted.
[1 : mcmc] Learn + convergence test @ 1440 samples accepted.
[1 : mcmc] Ready to check convergence and learn a new proposal covmat (waiting for the rest...)
[3 : mcmc] Progress @ 2025-04-18 01:51:16 : 5693 steps taken, and 1468 accepted.
[2 : mcmc] Progress @ 2025-04-18 01:51:17 : 5797 steps taken, and 1435 accepted.
[0 : mcmc] Progress @ 2025-04-18 01:51:31 : 5666 steps taken, and 1460 accepted.
[1 : mcmc] Progress @ 2025-04-18 01:51:43 : 5693 steps taken, and 1442 accepted.
[2 : mcmc] Progress @ 2025-04-18 01:53:22 : 5809 steps taken, and 1437 accepted.
[3 : mcmc] Progress @ 2025-04-18 01:53:25 : 5712 steps taken, and 1472 accepted.
[0 : mcmc] Progress @ 2025-04-18 01:53:40 : 5676 steps taken, and 1462 accepted.
[1 : mcmc] Progress @ 2025-04-18 01:53:46 : 5705 steps taken, and 1446 accepted.
[2 : mcmc] Learn + convergence test @ 1440 samples accepted.
[2 : mcmc] Ready to check convergence and learn a new proposal covmat (waiting for the rest...)
[2 : mcmc] Progress @ 2025-04-18 01:55:29 : 5821 steps taken, and 1442 accepted.
[3 : mcmc] Progress @ 2025-04-18 01:55:30 : 5724 steps taken, and 1474 accepted.
[0 : mcmc] Progress @ 2025-04-18 01:55:48 : 5688 steps taken, and 1467 accepted.
[1 : mcmc] Progress @ 2025-04-18 01:55:59 : 5717 steps taken, and 1449 accepted.
[2 : mcmc] Progress @ 2025-04-18 01:57:31 : 5832 steps taken, and 1446 accepted.
[3 : mcmc] Progress @ 2025-04-18 01:57:38 : 5737 steps taken, and 1478 accepted.
[0 : mcmc] Progress @ 2025-04-18 01:57:59 : 5700 steps taken, and 1469 accepted.
[1 : mcmc] Progress @ 2025-04-18 01:58:01 : 5728 steps taken, and 1450 accepted.
[2 : mcmc] Progress @ 2025-04-18 01:59:41 : 5844 steps taken, and 1448 accepted.
[3 : mcmc] Progress @ 2025-04-18 01:59:45 : 5748 steps taken, and 1482 accepted.
[1 : mcmc] Progress @ 2025-04-18 02:00:01 : 5738 steps taken, and 1452 accepted.
[0 : mcmc] Progress @ 2025-04-18 02:00:07 : 5711 steps taken, and 1473 accepted.
[2 : mcmc] Progress @ 2025-04-18 02:01:44 : 5855 steps taken, and 1454 accepted.
[3 : mcmc] Progress @ 2025-04-18 02:01:45 : 5758 steps taken, and 1484 accepted.
[1 : mcmc] Progress @ 2025-04-18 02:02:05 : 5749 steps taken, and 1453 accepted.
[0 : mcmc] Progress @ 2025-04-18 02:02:09 : 5721 steps taken, and 1479 accepted.
[2 : mcmc] Progress @ 2025-04-18 02:03:49 : 5866 steps taken, and 1459 accepted.
[3 : mcmc] Progress @ 2025-04-18 02:03:55 : 5771 steps taken, and 1489 accepted.
[0 : mcmc] Progress @ 2025-04-18 02:04:10 : 5732 steps taken, and 1484 accepted.
[1 : mcmc] Progress @ 2025-04-18 02:04:14 : 5761 steps taken, and 1457 accepted.
[2 : mcmc] Progress @ 2025-04-18 02:05:51 : 5879 steps taken, and 1464 accepted.
[3 : mcmc] Progress @ 2025-04-18 02:05:56 : 5782 steps taken, and 1494 accepted.
[0 : mcmc] Progress @ 2025-04-18 02:06:13 : 5743 steps taken, and 1487 accepted.
[1 : mcmc] Progress @ 2025-04-18 02:06:26 : 5776 steps taken, and 1460 accepted.
[3 : mcmc] Progress @ 2025-04-18 02:07:57 : 5792 steps taken, and 1497 accepted.
[2 : mcmc] Progress @ 2025-04-18 02:07:57 : 5894 steps taken, and 1468 accepted.
[0 : mcmc] Progress @ 2025-04-18 02:08:18 : 5754 steps taken, and 1492 accepted.
[1 : mcmc] Progress @ 2025-04-18 02:08:30 : 5789 steps taken, and 1464 accepted.
[3 : mcmc] Learn + convergence test @ 1500 samples accepted.
[3 : mcmc] Ready to check convergence and learn a new proposal covmat (waiting for the rest...)
[3 : mcmc] Progress @ 2025-04-18 02:09:57 : 5803 steps taken, and 1500 accepted.
[2 : mcmc] Progress @ 2025-04-18 02:10:06 : 5909 steps taken, and 1473 accepted.
[0 : mcmc] Progress @ 2025-04-18 02:10:19 : 5765 steps taken, and 1495 accepted.
[1 : mcmc] Progress @ 2025-04-18 02:10:31 : 5805 steps taken, and 1466 accepted.
[0 : mcmc] Learn + convergence test @ 1500 samples accepted.
[0 : mcmc] Ready to check convergence and learn a new proposal covmat (waiting for the rest...)
[0 : mcmc] All chains are ready to check convergence and learn a new proposal covmat
[3 : mcmc] Progress @ 2025-04-18 02:12:00 : 5817 steps taken, and 1505 accepted.
[2 : mcmc] Progress @ 2025-04-18 02:12:07 : 5926 steps taken, and 1474 accepted.
[1 : mcmc] Progress @ 2025-04-18 02:12:31 : 5821 steps taken, and 1469 accepted.
[0 : mcmc]  - Acceptance rate: 0.293 = avg([0.3022, 0.2914, 0.2903, 0.2892])
[0 : mcmc]  - Convergence of means: R-1 = 0.288096 after 5951 accepted steps = sum([1500, 1470, 1475, 1506])
[0 : mcmc]  - Updated covariance matrix of proposal pdf.
[0 : mcmc] Progress @ 2025-04-18 02:13:08 : 5773 steps taken, and 1500 accepted.
[3 : mcmc] Progress @ 2025-04-18 02:14:03 : 5830 steps taken, and 1508 accepted.
[2 : mcmc] Progress @ 2025-04-18 02:14:07 : 5936 steps taken, and 1477 accepted.
[1 : mcmc] Progress @ 2025-04-18 02:14:40 : 5835 steps taken, and 1471 accepted.
[0 : mcmc] Progress @ 2025-04-18 02:15:16 : 5785 steps taken, and 1502 accepted.
[3 : mcmc] Progress @ 2025-04-18 02:16:12 : 5843 steps taken, and 1515 accepted.
[2 : mcmc] Progress @ 2025-04-18 02:16:18 : 5948 steps taken, and 1486 accepted.
[1 : mcmc] Progress @ 2025-04-18 02:16:48 : 5846 steps taken, and 1477 accepted.
[0 : mcmc] Progress @ 2025-04-18 02:17:23 : 5797 steps taken, and 1504 accepted.
[3 : mcmc] Progress @ 2025-04-18 02:18:15 : 5862 steps taken, and 1519 accepted.
[2 : mcmc] Progress @ 2025-04-18 02:18:26 : 5961 steps taken, and 1489 accepted.
[1 : mcmc] Progress @ 2025-04-18 02:18:49 : 5857 steps taken, and 1480 accepted.
[0 : mcmc] Progress @ 2025-04-18 02:19:28 : 5808 steps taken, and 1506 accepted.
[3 : mcmc] Progress @ 2025-04-18 02:20:18 : 5873 steps taken, and 1522 accepted.
[2 : mcmc] Progress @ 2025-04-18 02:20:33 : 5974 steps taken, and 1490 accepted.
[1 : mcmc] Progress @ 2025-04-18 02:20:57 : 5871 steps taken, and 1482 accepted.
[0 : mcmc] Progress @ 2025-04-18 02:21:30 : 5819 steps taken, and 1513 accepted.
[3 : mcmc] Progress @ 2025-04-18 02:22:20 : 5884 steps taken, and 1524 accepted.
[2 : mcmc] Progress @ 2025-04-18 02:22:44 : 5987 steps taken, and 1495 accepted.
[1 : mcmc] Progress @ 2025-04-18 02:22:58 : 5889 steps taken, and 1488 accepted.
[0 : mcmc] Progress @ 2025-04-18 02:23:33 : 5834 steps taken, and 1516 accepted.
[3 : mcmc] Progress @ 2025-04-18 02:24:22 : 5896 steps taken, and 1528 accepted.
[2 : mcmc] Progress @ 2025-04-18 02:24:47 : 5999 steps taken, and 1498 accepted.
[1 : mcmc] Progress @ 2025-04-18 02:25:11 : 5900 steps taken, and 1492 accepted.
[2 : mcmc] Learn + convergence test @ 1500 samples accepted.
[2 : mcmc] Ready to check convergence and learn a new proposal covmat (waiting for the rest...)
[0 : mcmc] Progress @ 2025-04-18 02:25:42 : 5845 steps taken, and 1522 accepted.
[3 : mcmc] Progress @ 2025-04-18 02:26:28 : 5907 steps taken, and 1534 accepted.
[2 : mcmc] Progress @ 2025-04-18 02:26:56 : 6016 steps taken, and 1501 accepted.
[1 : mcmc] Progress @ 2025-04-18 02:27:18 : 5911 steps taken, and 1495 accepted.
[0 : mcmc] Progress @ 2025-04-18 02:27:51 : 5856 steps taken, and 1524 accepted.
[1 : mcmc] Learn + convergence test @ 1500 samples accepted.
[1 : mcmc] Ready to check convergence and learn a new proposal covmat (waiting for the rest...)
[3 : mcmc] Progress @ 2025-04-18 02:28:37 : 5921 steps taken, and 1539 accepted.
[2 : mcmc] Progress @ 2025-04-18 02:29:01 : 6036 steps taken, and 1508 accepted.
[1 : mcmc] Progress @ 2025-04-18 02:29:21 : 5923 steps taken, and 1502 accepted.
[0 : mcmc] Progress @ 2025-04-18 02:29:52 : 5868 steps taken, and 1528 accepted.
[3 : mcmc] Progress @ 2025-04-18 02:30:41 : 5934 steps taken, and 1540 accepted.
[2 : mcmc] Progress @ 2025-04-18 02:31:01 : 6047 steps taken, and 1513 accepted.
[1 : mcmc] Progress @ 2025-04-18 02:31:27 : 5934 steps taken, and 1505 accepted.
[0 : mcmc] Progress @ 2025-04-18 02:31:57 : 5881 steps taken, and 1534 accepted.
[3 : mcmc] Progress @ 2025-04-18 02:32:50 : 5947 steps taken, and 1545 accepted.
[2 : mcmc] Progress @ 2025-04-18 02:33:01 : 6059 steps taken, and 1517 accepted.
[1 : mcmc] Progress @ 2025-04-18 02:33:31 : 5945 steps taken, and 1506 accepted.
[0 : mcmc] Progress @ 2025-04-18 02:34:02 : 5901 steps taken, and 1539 accepted.
[3 : mcmc] Progress @ 2025-04-18 02:34:51 : 5958 steps taken, and 1547 accepted.
[2 : mcmc] Progress @ 2025-04-18 02:35:04 : 6072 steps taken, and 1523 accepted.
[1 : mcmc] Progress @ 2025-04-18 02:35:33 : 5955 steps taken, and 1509 accepted.
[0 : mcmc] Progress @ 2025-04-18 02:36:04 : 5913 steps taken, and 1541 accepted.
[3 : mcmc] Progress @ 2025-04-18 02:36:55 : 5969 steps taken, and 1550 accepted.
[2 : mcmc] Progress @ 2025-04-18 02:37:06 : 6087 steps taken, and 1526 accepted.
[1 : mcmc] Progress @ 2025-04-18 02:37:44 : 5968 steps taken, and 1514 accepted.
[0 : mcmc] Progress @ 2025-04-18 02:38:15 : 5925 steps taken, and 1544 accepted.
[3 : mcmc] Progress @ 2025-04-18 02:39:07 : 5981 steps taken, and 1557 accepted.
[2 : mcmc] Progress @ 2025-04-18 02:39:13 : 6102 steps taken, and 1530 accepted.
[1 : mcmc] Progress @ 2025-04-18 02:39:54 : 5982 steps taken, and 1519 accepted.
[0 : mcmc] Progress @ 2025-04-18 02:40:19 : 5937 steps taken, and 1547 accepted.
[3 : mcmc] Progress @ 2025-04-18 02:41:12 : 5992 steps taken, and 1559 accepted.
[2 : mcmc] Progress @ 2025-04-18 02:41:13 : 6116 steps taken, and 1535 accepted.
[3 : mcmc] Learn + convergence test @ 1560 samples accepted.
[3 : mcmc] Ready to check convergence and learn a new proposal covmat (waiting for the rest...)
[1 : mcmc] Progress @ 2025-04-18 02:41:59 : 5994 steps taken, and 1527 accepted.
[0 : mcmc] Progress @ 2025-04-18 02:42:31 : 5949 steps taken, and 1552 accepted.
[3 : mcmc] Progress @ 2025-04-18 02:43:13 : 6003 steps taken, and 1561 accepted.
[2 : mcmc] Progress @ 2025-04-18 02:43:22 : 6128 steps taken, and 1542 accepted.
[1 : mcmc] Progress @ 2025-04-18 02:44:05 : 6007 steps taken, and 1531 accepted.
[0 : mcmc] Progress @ 2025-04-18 02:44:34 : 5961 steps taken, and 1558 accepted.
[3 : mcmc] Progress @ 2025-04-18 02:45:17 : 6015 steps taken, and 1563 accepted.
[2 : mcmc] Progress @ 2025-04-18 02:45:22 : 6139 steps taken, and 1546 accepted.
[0 : mcmc] Learn + convergence test @ 1560 samples accepted.
[0 : mcmc] Ready to check convergence and learn a new proposal covmat (waiting for the rest...)
[0 : mcmc] All chains are ready to check convergence and learn a new proposal covmat
[0 : mcmc]  - Acceptance rate: 0.297 = avg([0.3040, 0.2964, 0.2947, 0.2909])
[0 : mcmc]  - Convergence of means: R-1 = 0.256792 after 6208 accepted steps = sum([1560, 1536, 1548, 1564])
[0 : mcmc]  - Updated covariance matrix of proposal pdf.
[1 : mcmc] Progress @ 2025-04-18 02:46:17 : 6020 steps taken, and 1536 accepted.
[0 : mcmc] Progress @ 2025-04-18 02:46:45 : 5969 steps taken, and 1561 accepted.
[3 : mcmc] Progress @ 2025-04-18 02:47:24 : 6024 steps taken, and 1566 accepted.
[2 : mcmc] Progress @ 2025-04-18 02:47:25 : 6154 steps taken, and 1552 accepted.
[1 : mcmc] Progress @ 2025-04-18 02:48:27 : 6031 steps taken, and 1543 accepted.
[0 : mcmc] Progress @ 2025-04-18 02:48:50 : 5981 steps taken, and 1564 accepted.
[3 : mcmc] Progress @ 2025-04-18 02:49:26 : 6035 steps taken, and 1569 accepted.
[2 : mcmc] Progress @ 2025-04-18 02:49:31 : 6166 steps taken, and 1554 accepted.
[1 : mcmc] Progress @ 2025-04-18 02:50:33 : 6042 steps taken, and 1546 accepted.
[0 : mcmc] Progress @ 2025-04-18 02:51:00 : 5992 steps taken, and 1567 accepted.
[2 : mcmc] Progress @ 2025-04-18 02:51:35 : 6177 steps taken, and 1557 accepted.
[3 : mcmc] Progress @ 2025-04-18 02:51:36 : 6047 steps taken, and 1570 accepted.
[2 : mcmc] Learn + convergence test @ 1560 samples accepted.
[2 : mcmc] Ready to check convergence and learn a new proposal covmat (waiting for the rest...)
[1 : mcmc] Progress @ 2025-04-18 02:52:40 : 6053 steps taken, and 1548 accepted.
[0 : mcmc] Progress @ 2025-04-18 02:53:01 : 6003 steps taken, and 1572 accepted.
[2 : mcmc] Progress @ 2025-04-18 02:53:36 : 6189 steps taken, and 1563 accepted.
[3 : mcmc] Progress @ 2025-04-18 02:53:45 : 6058 steps taken, and 1572 accepted.
[1 : mcmc] Progress @ 2025-04-18 02:54:45 : 6065 steps taken, and 1554 accepted.
[0 : mcmc] Progress @ 2025-04-18 02:55:07 : 6014 steps taken, and 1576 accepted.
[2 : mcmc] Progress @ 2025-04-18 02:55:46 : 6201 steps taken, and 1567 accepted.
[3 : mcmc] Progress @ 2025-04-18 02:55:57 : 6071 steps taken, and 1577 accepted.
[1 : mcmc] Progress @ 2025-04-18 02:56:56 : 6077 steps taken, and 1559 accepted.
[1 : mcmc] Learn + convergence test @ 1560 samples accepted.
[1 : mcmc] Ready to check convergence and learn a new proposal covmat (waiting for the rest...)
[0 : mcmc] Progress @ 2025-04-18 02:57:19 : 6025 steps taken, and 1582 accepted.
[2 : mcmc] Progress @ 2025-04-18 02:57:49 : 6213 steps taken, and 1568 accepted.
[3 : mcmc] Progress @ 2025-04-18 02:58:04 : 6083 steps taken, and 1580 accepted.
[1 : mcmc] Progress @ 2025-04-18 02:58:58 : 6091 steps taken, and 1564 accepted.
[0 : mcmc] Progress @ 2025-04-18 02:59:30 : 6037 steps taken, and 1584 accepted.
[2 : mcmc] Progress @ 2025-04-18 02:59:54 : 6225 steps taken, and 1569 accepted.
[3 : mcmc] Progress @ 2025-04-18 03:00:10 : 6095 steps taken, and 1582 accepted.
[1 : mcmc] Progress @ 2025-04-18 03:01:00 : 6104 steps taken, and 1565 accepted.
[0 : mcmc] Progress @ 2025-04-18 03:01:35 : 6048 steps taken, and 1589 accepted.
[2 : mcmc] Progress @ 2025-04-18 03:01:59 : 6237 steps taken, and 1570 accepted.
[3 : mcmc] Progress @ 2025-04-18 03:02:18 : 6106 steps taken, and 1583 accepted.
[1 : mcmc] Progress @ 2025-04-18 03:03:08 : 6116 steps taken, and 1569 accepted.
[0 : mcmc] Progress @ 2025-04-18 03:03:40 : 6059 steps taken, and 1594 accepted.
[2 : mcmc] Progress @ 2025-04-18 03:04:00 : 6250 steps taken, and 1572 accepted.
[3 : mcmc] Progress @ 2025-04-18 03:04:19 : 6119 steps taken, and 1586 accepted.
[1 : mcmc] Progress @ 2025-04-18 03:05:18 : 6127 steps taken, and 1570 accepted.
[0 : mcmc] Progress @ 2025-04-18 03:05:44 : 6071 steps taken, and 1603 accepted.
[2 : mcmc] Progress @ 2025-04-18 03:06:08 : 6264 steps taken, and 1575 accepted.
[3 : mcmc] Progress @ 2025-04-18 03:06:28 : 6131 steps taken, and 1590 accepted.
[1 : mcmc] Progress @ 2025-04-18 03:07:20 : 6140 steps taken, and 1574 accepted.
[0 : mcmc] Progress @ 2025-04-18 03:07:45 : 6084 steps taken, and 1607 accepted.
[2 : mcmc] Progress @ 2025-04-18 03:08:12 : 6277 steps taken, and 1578 accepted.
[3 : mcmc] Progress @ 2025-04-18 03:08:38 : 6144 steps taken, and 1592 accepted.
[1 : mcmc] Progress @ 2025-04-18 03:09:20 : 6163 steps taken, and 1575 accepted.
[0 : mcmc] Progress @ 2025-04-18 03:09:47 : 6095 steps taken, and 1612 accepted.
[2 : mcmc] Progress @ 2025-04-18 03:10:12 : 6289 steps taken, and 1582 accepted.
[3 : mcmc] Progress @ 2025-04-18 03:10:49 : 6156 steps taken, and 1592 accepted.
[1 : mcmc] Progress @ 2025-04-18 03:11:22 : 6176 steps taken, and 1578 accepted.
[0 : mcmc] Progress @ 2025-04-18 03:11:57 : 6108 steps taken, and 1615 accepted.
[2 : mcmc] Progress @ 2025-04-18 03:12:16 : 6301 steps taken, and 1585 accepted.
[3 : mcmc] Progress @ 2025-04-18 03:12:52 : 6167 steps taken, and 1596 accepted.
[1 : mcmc] Progress @ 2025-04-18 03:13:26 : 6187 steps taken, and 1582 accepted.
[0 : mcmc] Learn + convergence test @ 1620 samples accepted.
[0 : mcmc] Ready to check convergence and learn a new proposal covmat (waiting for the rest...)
[0 : mcmc] Progress @ 2025-04-18 03:14:08 : 6121 steps taken, and 1620 accepted.
[2 : mcmc] Progress @ 2025-04-18 03:14:20 : 6315 steps taken, and 1590 accepted.
[3 : mcmc] Progress @ 2025-04-18 03:14:58 : 6179 steps taken, and 1600 accepted.
[1 : mcmc] Progress @ 2025-04-18 03:15:30 : 6198 steps taken, and 1585 accepted.
[0 : mcmc] Progress @ 2025-04-18 03:16:10 : 6141 steps taken, and 1624 accepted.
[2 : mcmc] Progress @ 2025-04-18 03:16:22 : 6328 steps taken, and 1595 accepted.
[3 : mcmc] Progress @ 2025-04-18 03:16:59 : 6190 steps taken, and 1603 accepted.
[1 : mcmc] Progress @ 2025-04-18 03:17:37 : 6209 steps taken, and 1587 accepted.
[0 : mcmc] Progress @ 2025-04-18 03:18:16 : 6153 steps taken, and 1631 accepted.
[2 : mcmc] Progress @ 2025-04-18 03:18:25 : 6341 steps taken, and 1600 accepted.
[3 : mcmc] Progress @ 2025-04-18 03:19:12 : 6200 steps taken, and 1607 accepted.
[1 : mcmc] Progress @ 2025-04-18 03:19:48 : 6221 steps taken, and 1587 accepted.
[0 : mcmc] Progress @ 2025-04-18 03:20:20 : 6165 steps taken, and 1634 accepted.
[2 : mcmc] Progress @ 2025-04-18 03:20:34 : 6355 steps taken, and 1607 accepted.
[3 : mcmc] Progress @ 2025-04-18 03:21:19 : 6214 steps taken, and 1615 accepted.
[1 : mcmc] Progress @ 2025-04-18 03:21:53 : 6236 steps taken, and 1590 accepted.
[0 : mcmc] Progress @ 2025-04-18 03:22:25 : 6180 steps taken, and 1638 accepted.
[2 : mcmc] Progress @ 2025-04-18 03:22:36 : 6371 steps taken, and 1613 accepted.
[3 : mcmc] Progress @ 2025-04-18 03:23:28 : 6233 steps taken, and 1620 accepted.
[3 : mcmc] Learn + convergence test @ 1620 samples accepted.
[3 : mcmc] Ready to check convergence and learn a new proposal covmat (waiting for the rest...)
[0 : mcmc] All chains are ready to check convergence and learn a new proposal covmat
[0 : mcmc]  - Acceptance rate: 0.295 = avg([0.3065, 0.2936, 0.2910, 0.2885])
[0 : mcmc]  - Convergence of means: R-1 = 0.268401 after 6472 accepted steps = sum([1642, 1595, 1615, 1620])
[0 : mcmc]  - Updated covariance matrix of proposal pdf.
[1 : mcmc] Progress @ 2025-04-18 03:24:17 : 6251 steps taken, and 1596 accepted.
[0 : mcmc] Progress @ 2025-04-18 03:24:26 : 6194 steps taken, and 1644 accepted.
[2 : mcmc] Progress @ 2025-04-18 03:24:44 : 6388 steps taken, and 1617 accepted.
[3 : mcmc] Progress @ 2025-04-18 03:25:33 : 6245 steps taken, and 1623 accepted.
[2 : mcmc] Learn + convergence test @ 1620 samples accepted.
[2 : mcmc] Ready to check convergence and learn a new proposal covmat (waiting for the rest...)
[1 : mcmc] Progress @ 2025-04-18 03:26:19 : 6267 steps taken, and 1602 accepted.
[0 : mcmc] Progress @ 2025-04-18 03:26:26 : 6209 steps taken, and 1648 accepted.
[2 : mcmc] Progress @ 2025-04-18 03:26:47 : 6406 steps taken, and 1624 accepted.
[3 : mcmc] Progress @ 2025-04-18 03:27:42 : 6267 steps taken, and 1628 accepted.
[1 : mcmc] Progress @ 2025-04-18 03:28:25 : 6284 steps taken, and 1608 accepted.
[0 : mcmc] Progress @ 2025-04-18 03:28:28 : 6225 steps taken, and 1654 accepted.
[2 : mcmc] Progress @ 2025-04-18 03:28:52 : 6421 steps taken, and 1629 accepted.
[3 : mcmc] Progress @ 2025-04-18 03:29:43 : 6283 steps taken, and 1635 accepted.
[0 : mcmc] Progress @ 2025-04-18 03:30:29 : 6241 steps taken, and 1660 accepted.
[1 : mcmc] Progress @ 2025-04-18 03:30:31 : 6299 steps taken, and 1615 accepted.
[2 : mcmc] Progress @ 2025-04-18 03:30:56 : 6436 steps taken, and 1633 accepted.
[3 : mcmc] Progress @ 2025-04-18 03:31:45 : 6297 steps taken, and 1639 accepted.
[1 : mcmc] Learn + convergence test @ 1620 samples accepted.
[1 : mcmc] Ready to check convergence and learn a new proposal covmat (waiting for the rest...)
[0 : mcmc] Progress @ 2025-04-18 03:32:34 : 6260 steps taken, and 1665 accepted.
[1 : mcmc] Progress @ 2025-04-18 03:32:38 : 6315 steps taken, and 1622 accepted.
[2 : mcmc] Progress @ 2025-04-18 03:32:58 : 6451 steps taken, and 1636 accepted.
[3 : mcmc] Progress @ 2025-04-18 03:33:49 : 6313 steps taken, and 1646 accepted.
[0 : mcmc] Progress @ 2025-04-18 03:34:35 : 6277 steps taken, and 1671 accepted.
[1 : mcmc] Progress @ 2025-04-18 03:34:41 : 6330 steps taken, and 1624 accepted.
[2 : mcmc] Progress @ 2025-04-18 03:35:04 : 6467 steps taken, and 1643 accepted.
[3 : mcmc] Progress @ 2025-04-18 03:35:53 : 6330 steps taken, and 1650 accepted.
[0 : mcmc] Progress @ 2025-04-18 03:36:38 : 6293 steps taken, and 1678 accepted.
[1 : mcmc] Progress @ 2025-04-18 03:36:42 : 6346 steps taken, and 1627 accepted.
[2 : mcmc] Progress @ 2025-04-18 03:37:05 : 6486 steps taken, and 1649 accepted.
[0 : mcmc] Learn + convergence test @ 1680 samples accepted.
[0 : mcmc] Ready to check convergence and learn a new proposal covmat (waiting for the rest...)
[3 : mcmc] Progress @ 2025-04-18 03:37:54 : 6344 steps taken, and 1656 accepted.
[0 : mcmc] Progress @ 2025-04-18 03:38:43 : 6309 steps taken, and 1682 accepted.
[1 : mcmc] Progress @ 2025-04-18 03:38:51 : 6361 steps taken, and 1630 accepted.
[2 : mcmc] Progress @ 2025-04-18 03:39:09 : 6508 steps taken, and 1654 accepted.
[3 : mcmc] Progress @ 2025-04-18 03:40:00 : 6359 steps taken, and 1662 accepted.
[0 : mcmc] Progress @ 2025-04-18 03:40:46 : 6330 steps taken, and 1686 accepted.
[1 : mcmc] Progress @ 2025-04-18 03:40:52 : 6375 steps taken, and 1631 accepted.
[2 : mcmc] Progress @ 2025-04-18 03:41:14 : 6524 steps taken, and 1658 accepted.
[3 : mcmc] Progress @ 2025-04-18 03:42:00 : 6375 steps taken, and 1666 accepted.
[0 : mcmc] Progress @ 2025-04-18 03:42:47 : 6345 steps taken, and 1691 accepted.
[1 : mcmc] Progress @ 2025-04-18 03:42:58 : 6389 steps taken, and 1638 accepted.
[2 : mcmc] Progress @ 2025-04-18 03:43:18 : 6545 steps taken, and 1667 accepted.
[3 : mcmc] Progress @ 2025-04-18 03:44:05 : 6390 steps taken, and 1672 accepted.
[0 : mcmc] Progress @ 2025-04-18 03:44:57 : 6360 steps taken, and 1697 accepted.
[1 : mcmc] Progress @ 2025-04-18 03:45:04 : 6405 steps taken, and 1644 accepted.
[2 : mcmc] Progress @ 2025-04-18 03:45:19 : 6560 steps taken, and 1673 accepted.
[3 : mcmc] Progress @ 2025-04-18 03:46:09 : 6405 steps taken, and 1678 accepted.
[3 : mcmc] Learn + convergence test @ 1680 samples accepted.
[3 : mcmc] Ready to check convergence and learn a new proposal covmat (waiting for the rest...)
[0 : mcmc] Progress @ 2025-04-18 03:47:00 : 6376 steps taken, and 1700 accepted.
[0 : mcmc] All chains are ready to check convergence and learn a new proposal covmat
[1 : mcmc] Progress @ 2025-04-18 03:47:10 : 6421 steps taken, and 1645 accepted.
[2 : mcmc] Progress @ 2025-04-18 03:47:22 : 6578 steps taken, and 1677 accepted.
[0 : mcmc]  - Acceptance rate: 0.295 = avg([0.3055, 0.2896, 0.2949, 0.2898])
[0 : mcmc]  - Convergence of means: R-1 = 0.242091 after 6705 accepted steps = sum([1701, 1646, 1678, 1680])
[0 : mcmc]  - Updated covariance matrix of proposal pdf.
[3 : mcmc] Progress @ 2025-04-18 03:48:10 : 6412 steps taken, and 1680 accepted.
[2 : mcmc] Learn + convergence test @ 1680 samples accepted.
[2 : mcmc] Ready to check convergence and learn a new proposal covmat (waiting for the rest...)
[0 : mcmc] Progress @ 2025-04-18 03:49:08 : 6385 steps taken, and 1702 accepted.
[1 : mcmc] Progress @ 2025-04-18 03:49:21 : 6438 steps taken, and 1649 accepted.
[2 : mcmc] Progress @ 2025-04-18 03:49:25 : 6591 steps taken, and 1684 accepted.
[3 : mcmc] Progress @ 2025-04-18 03:50:14 : 6426 steps taken, and 1683 accepted.
[0 : mcmc] Progress @ 2025-04-18 03:51:15 : 6401 steps taken, and 1706 accepted.
[1 : mcmc] Progress @ 2025-04-18 03:51:23 : 6454 steps taken, and 1654 accepted.
[2 : mcmc] Progress @ 2025-04-18 03:51:29 : 6607 steps taken, and 1689 accepted.
[3 : mcmc] Progress @ 2025-04-18 03:52:17 : 6440 steps taken, and 1689 accepted.
[0 : mcmc] Progress @ 2025-04-18 03:53:23 : 6417 steps taken, and 1710 accepted.
[1 : mcmc] Progress @ 2025-04-18 03:53:24 : 6468 steps taken, and 1659 accepted.
[2 : mcmc] Progress @ 2025-04-18 03:53:29 : 6621 steps taken, and 1690 accepted.
[3 : mcmc] Progress @ 2025-04-18 03:54:18 : 6454 steps taken, and 1694 accepted.
[0 : mcmc] Progress @ 2025-04-18 03:55:25 : 6432 steps taken, and 1717 accepted.
[1 : mcmc] Progress @ 2025-04-18 03:55:26 : 6483 steps taken, and 1664 accepted.
[2 : mcmc] Progress @ 2025-04-18 03:55:30 : 6637 steps taken, and 1692 accepted.
[3 : mcmc] Progress @ 2025-04-18 03:56:27 : 6475 steps taken, and 1701 accepted.
[0 : mcmc] Progress @ 2025-04-18 03:57:30 : 6447 steps taken, and 1723 accepted.
[2 : mcmc] Progress @ 2025-04-18 03:57:31 : 6654 steps taken, and 1695 accepted.
[1 : mcmc] Progress @ 2025-04-18 03:57:35 : 6501 steps taken, and 1669 accepted.
[3 : mcmc] Progress @ 2025-04-18 03:58:34 : 6492 steps taken, and 1707 accepted.
[0 : mcmc] Progress @ 2025-04-18 03:59:34 : 6463 steps taken, and 1727 accepted.
[2 : mcmc] Progress @ 2025-04-18 03:59:36 : 6674 steps taken, and 1699 accepted.
[1 : mcmc] Progress @ 2025-04-18 03:59:37 : 6516 steps taken, and 1675 accepted.
[3 : mcmc] Progress @ 2025-04-18 04:00:35 : 6506 steps taken, and 1710 accepted.
[2 : mcmc] Progress @ 2025-04-18 04:01:39 : 6698 steps taken, and 1705 accepted.
[0 : mcmc] Progress @ 2025-04-18 04:01:39 : 6480 steps taken, and 1732 accepted.
[1 : mcmc] Progress @ 2025-04-18 04:01:44 : 6532 steps taken, and 1679 accepted.
[3 : mcmc] Progress @ 2025-04-18 04:02:42 : 6528 steps taken, and 1716 accepted.
[1 : mcmc] Learn + convergence test @ 1680 samples accepted.
[1 : mcmc] Ready to check convergence and learn a new proposal covmat (waiting for the rest...)
[2 : mcmc] Progress @ 2025-04-18 04:03:41 : 6720 steps taken, and 1712 accepted.
[0 : mcmc] Progress @ 2025-04-18 04:03:41 : 6494 steps taken, and 1736 accepted.
[1 : mcmc] Progress @ 2025-04-18 04:03:52 : 6547 steps taken, and 1682 accepted.
[3 : mcmc] Progress @ 2025-04-18 04:04:48 : 6544 steps taken, and 1724 accepted.
[0 : mcmc] Learn + convergence test @ 1740 samples accepted.
[0 : mcmc] Ready to check convergence and learn a new proposal covmat (waiting for the rest...)
[0 : mcmc] Progress @ 2025-04-18 04:05:41 : 6509 steps taken, and 1741 accepted.
[2 : mcmc] Progress @ 2025-04-18 04:05:45 : 6736 steps taken, and 1721 accepted.
[1 : mcmc] Progress @ 2025-04-18 04:06:01 : 6562 steps taken, and 1686 accepted.
[3 : mcmc] Progress @ 2025-04-18 04:06:49 : 6558 steps taken, and 1728 accepted.
[0 : mcmc] Progress @ 2025-04-18 04:07:43 : 6528 steps taken, and 1749 accepted.
[2 : mcmc] Progress @ 2025-04-18 04:07:51 : 6752 steps taken, and 1727 accepted.
[1 : mcmc] Progress @ 2025-04-18 04:08:02 : 6576 steps taken, and 1689 accepted.
[3 : mcmc] Progress @ 2025-04-18 04:08:51 : 6573 steps taken, and 1730 accepted.
[0 : mcmc] Progress @ 2025-04-18 04:09:46 : 6542 steps taken, and 1754 accepted.
[2 : mcmc] Progress @ 2025-04-18 04:09:59 : 6767 steps taken, and 1731 accepted.
[1 : mcmc] Progress @ 2025-04-18 04:10:05 : 6592 steps taken, and 1692 accepted.
[3 : mcmc] Progress @ 2025-04-18 04:10:56 : 6587 steps taken, and 1736 accepted.
[3 : mcmc] Learn + convergence test @ 1740 samples accepted.
[3 : mcmc] Ready to check convergence and learn a new proposal covmat (waiting for the rest...)
[0 : mcmc] Progress @ 2025-04-18 04:11:48 : 6557 steps taken, and 1756 accepted.
[2 : mcmc] Progress @ 2025-04-18 04:12:06 : 6783 steps taken, and 1735 accepted.
[1 : mcmc] Progress @ 2025-04-18 04:12:08 : 6608 steps taken, and 1695 accepted.
[0 : mcmc] All chains are ready to check convergence and learn a new proposal covmat
[0 : mcmc]  - Acceptance rate: 0.296 = avg([0.3050, 0.2877, 0.2953, 0.2951])
[0 : mcmc]  - Convergence of means: R-1 = 0.269603 after 6928 accepted steps = sum([1757, 1696, 1735, 1740])
[0 : mcmc]  - Updated covariance matrix of proposal pdf.
[3 : mcmc] Progress @ 2025-04-18 04:13:01 : 6598 steps taken, and 1742 accepted.
[0 : mcmc] Progress @ 2025-04-18 04:13:54 : 6571 steps taken, and 1763 accepted.
[2 : mcmc] Progress @ 2025-04-18 04:14:10 : 6795 steps taken, and 1739 accepted.
[2 : mcmc] Learn + convergence test @ 1740 samples accepted.
[2 : mcmc] Ready to check convergence and learn a new proposal covmat (waiting for the rest...)
[1 : mcmc] Progress @ 2025-04-18 04:14:17 : 6629 steps taken, and 1699 accepted.
[3 : mcmc] Progress @ 2025-04-18 04:15:10 : 6615 steps taken, and 1743 accepted.
[0 : mcmc] Progress @ 2025-04-18 04:15:58 : 6589 steps taken, and 1771 accepted.
[2 : mcmc] Progress @ 2025-04-18 04:16:11 : 6811 steps taken, and 1745 accepted.
[1 : mcmc] Progress @ 2025-04-18 04:16:21 : 6648 steps taken, and 1699 accepted.
[3 : mcmc] Progress @ 2025-04-18 04:17:10 : 6631 steps taken, and 1748 accepted.
[0 : mcmc] Progress @ 2025-04-18 04:18:03 : 6604 steps taken, and 1777 accepted.
[2 : mcmc] Progress @ 2025-04-18 04:18:16 : 6826 steps taken, and 1750 accepted.
[1 : mcmc] Progress @ 2025-04-18 04:18:26 : 6664 steps taken, and 1703 accepted.
[3 : mcmc] Progress @ 2025-04-18 04:19:16 : 6645 steps taken, and 1752 accepted.
[0 : mcmc] Progress @ 2025-04-18 04:20:03 : 6634 steps taken, and 1781 accepted.
[2 : mcmc] Progress @ 2025-04-18 04:20:19 : 6845 steps taken, and 1755 accepted.
[1 : mcmc] Progress @ 2025-04-18 04:20:31 : 6680 steps taken, and 1707 accepted.
[3 : mcmc] Progress @ 2025-04-18 04:21:22 : 6660 steps taken, and 1755 accepted.
[0 : mcmc] Progress @ 2025-04-18 04:22:07 : 6652 steps taken, and 1787 accepted.
[2 : mcmc] Progress @ 2025-04-18 04:22:21 : 6862 steps taken, and 1758 accepted.
[1 : mcmc] Progress @ 2025-04-18 04:22:35 : 6694 steps taken, and 1713 accepted.
[3 : mcmc] Progress @ 2025-04-18 04:23:30 : 6677 steps taken, and 1761 accepted.
[0 : mcmc] Progress @ 2025-04-18 04:24:13 : 6669 steps taken, and 1792 accepted.
[2 : mcmc] Progress @ 2025-04-18 04:24:29 : 6879 steps taken, and 1762 accepted.
[1 : mcmc] Progress @ 2025-04-18 04:24:44 : 6709 steps taken, and 1718 accepted.
[3 : mcmc] Progress @ 2025-04-18 04:25:36 : 6692 steps taken, and 1770 accepted.
[0 : mcmc] Progress @ 2025-04-18 04:26:20 : 6689 steps taken, and 1796 accepted.
[2 : mcmc] Progress @ 2025-04-18 04:26:34 : 6894 steps taken, and 1768 accepted.
[1 : mcmc] Progress @ 2025-04-18 04:26:51 : 6724 steps taken, and 1724 accepted.
[0 : mcmc] Learn + convergence test @ 1800 samples accepted.
[0 : mcmc] Ready to check convergence and learn a new proposal covmat (waiting for the rest...)
[3 : mcmc] Progress @ 2025-04-18 04:27:37 : 6711 steps taken, and 1775 accepted.
[0 : mcmc] Progress @ 2025-04-18 04:28:24 : 6704 steps taken, and 1803 accepted.
[2 : mcmc] Progress @ 2025-04-18 04:28:39 : 6910 steps taken, and 1771 accepted.
[1 : mcmc] Progress @ 2025-04-18 04:28:57 : 6740 steps taken, and 1727 accepted.
[3 : mcmc] Progress @ 2025-04-18 04:29:44 : 6732 steps taken, and 1783 accepted.
[0 : mcmc] Progress @ 2025-04-18 04:30:27 : 6725 steps taken, and 1811 accepted.
[2 : mcmc] Progress @ 2025-04-18 04:30:42 : 6928 steps taken, and 1780 accepted.
[1 : mcmc] Progress @ 2025-04-18 04:31:00 : 6759 steps taken, and 1732 accepted.
[3 : mcmc] Progress @ 2025-04-18 04:31:51 : 6747 steps taken, and 1788 accepted.
[0 : mcmc] Progress @ 2025-04-18 04:32:31 : 6745 steps taken, and 1816 accepted.
[2 : mcmc] Progress @ 2025-04-18 04:32:45 : 6944 steps taken, and 1783 accepted.
[1 : mcmc] Progress @ 2025-04-18 04:33:00 : 6781 steps taken, and 1737 accepted.
[3 : mcmc] Learn + convergence test @ 1800 samples accepted.
[3 : mcmc] Ready to check convergence and learn a new proposal covmat (waiting for the rest...)
[1 : mcmc] Learn + convergence test @ 1740 samples accepted.
[1 : mcmc] Ready to check convergence and learn a new proposal covmat (waiting for the rest...)
[3 : mcmc] Progress @ 2025-04-18 04:33:57 : 6764 steps taken, and 1801 accepted.
[0 : mcmc] Progress @ 2025-04-18 04:34:37 : 6760 steps taken, and 1819 accepted.
[0 : mcmc] All chains are ready to check convergence and learn a new proposal covmat
[0 : mcmc]  - Acceptance rate: 0.298 = avg([0.3073, 0.2892, 0.2954, 0.2999])
[0 : mcmc]  - Convergence of means: R-1 = 0.277683 after 7149 accepted steps = sum([1819, 1741, 1788, 1801])
[0 : mcmc]  - Updated covariance matrix of proposal pdf.
[2 : mcmc] Progress @ 2025-04-18 04:34:52 : 6965 steps taken, and 1788 accepted.
[1 : mcmc] Progress @ 2025-04-18 04:35:02 : 6795 steps taken, and 1741 accepted.
[3 : mcmc] Progress @ 2025-04-18 04:36:03 : 6775 steps taken, and 1803 accepted.
[0 : mcmc] Progress @ 2025-04-18 04:36:41 : 6777 steps taken, and 1824 accepted.
[2 : mcmc] Progress @ 2025-04-18 04:36:54 : 6985 steps taken, and 1789 accepted.
[1 : mcmc] Progress @ 2025-04-18 04:37:11 : 6810 steps taken, and 1747 accepted.
[3 : mcmc] Progress @ 2025-04-18 04:38:06 : 6790 steps taken, and 1810 accepted.
[0 : mcmc] Progress @ 2025-04-18 04:38:42 : 6793 steps taken, and 1826 accepted.
[2 : mcmc] Progress @ 2025-04-18 04:38:57 : 7005 steps taken, and 1792 accepted.
[1 : mcmc] Progress @ 2025-04-18 04:39:18 : 6825 steps taken, and 1752 accepted.
[3 : mcmc] Progress @ 2025-04-18 04:40:10 : 6807 steps taken, and 1814 accepted.
[0 : mcmc] Progress @ 2025-04-18 04:40:43 : 6811 steps taken, and 1831 accepted.
[2 : mcmc] Progress @ 2025-04-18 04:41:05 : 7028 steps taken, and 1800 accepted.
[2 : mcmc] Learn + convergence test @ 1800 samples accepted.
[2 : mcmc] Ready to check convergence and learn a new proposal covmat (waiting for the rest...)
[1 : mcmc] Progress @ 2025-04-18 04:41:23 : 6840 steps taken, and 1758 accepted.
[3 : mcmc] Progress @ 2025-04-18 04:42:17 : 6822 steps taken, and 1820 accepted.
[0 : mcmc] Progress @ 2025-04-18 04:42:52 : 6827 steps taken, and 1835 accepted.
[2 : mcmc] Progress @ 2025-04-18 04:43:09 : 7044 steps taken, and 1805 accepted.
[1 : mcmc] Progress @ 2025-04-18 04:43:27 : 6854 steps taken, and 1763 accepted.
[3 : mcmc] Progress @ 2025-04-18 04:44:21 : 6837 steps taken, and 1826 accepted.
[0 : mcmc] Progress @ 2025-04-18 04:44:53 : 6845 steps taken, and 1842 accepted.
[2 : mcmc] Progress @ 2025-04-18 04:45:10 : 7061 steps taken, and 1810 accepted.
[1 : mcmc] Progress @ 2025-04-18 04:45:33 : 6869 steps taken, and 1765 accepted.
[3 : mcmc] Progress @ 2025-04-18 04:46:23 : 6852 steps taken, and 1831 accepted.
[0 : mcmc] Progress @ 2025-04-18 04:46:56 : 6862 steps taken, and 1848 accepted.
[2 : mcmc] Progress @ 2025-04-18 04:47:17 : 7077 steps taken, and 1814 accepted.
[1 : mcmc] Progress @ 2025-04-18 04:47:42 : 6885 steps taken, and 1769 accepted.
[3 : mcmc] Progress @ 2025-04-18 04:48:32 : 6867 steps taken, and 1835 accepted.
[0 : mcmc] Progress @ 2025-04-18 04:48:57 : 6880 steps taken, and 1853 accepted.
[2 : mcmc] Progress @ 2025-04-18 04:49:18 : 7092 steps taken, and 1820 accepted.
[1 : mcmc] Progress @ 2025-04-18 04:49:49 : 6901 steps taken, and 1772 accepted.
[3 : mcmc] Progress @ 2025-04-18 04:50:38 : 6882 steps taken, and 1839 accepted.
[0 : mcmc] Progress @ 2025-04-18 04:51:00 : 6896 steps taken, and 1856 accepted.
[2 : mcmc] Progress @ 2025-04-18 04:51:22 : 7120 steps taken, and 1825 accepted.
[0 : mcmc] Learn + convergence test @ 1860 samples accepted.
[0 : mcmc] Ready to check convergence and learn a new proposal covmat (waiting for the rest...)
[1 : mcmc] Progress @ 2025-04-18 04:51:59 : 6918 steps taken, and 1776 accepted.
[3 : mcmc] Progress @ 2025-04-18 04:52:42 : 6897 steps taken, and 1841 accepted.
[0 : mcmc] Progress @ 2025-04-18 04:53:03 : 6913 steps taken, and 1863 accepted.
[2 : mcmc] Progress @ 2025-04-18 04:53:22 : 7144 steps taken, and 1830 accepted.
[1 : mcmc] Progress @ 2025-04-18 04:54:08 : 6933 steps taken, and 1780 accepted.
[3 : mcmc] Progress @ 2025-04-18 04:54:48 : 6912 steps taken, and 1846 accepted.
[0 : mcmc] Progress @ 2025-04-18 04:55:07 : 6931 steps taken, and 1868 accepted.
[2 : mcmc] Progress @ 2025-04-18 04:55:24 : 7162 steps taken, and 1834 accepted.
[1 : mcmc] Progress @ 2025-04-18 04:56:15 : 6950 steps taken, and 1784 accepted.
[3 : mcmc] Progress @ 2025-04-18 04:56:49 : 6927 steps taken, and 1852 accepted.
[0 : mcmc] Progress @ 2025-04-18 04:57:08 : 6949 steps taken, and 1872 accepted.
[2 : mcmc] Progress @ 2025-04-18 04:57:26 : 7181 steps taken, and 1841 accepted.
[1 : mcmc] Progress @ 2025-04-18 04:58:17 : 6970 steps taken, and 1788 accepted.
[3 : mcmc] Progress @ 2025-04-18 04:58:54 : 6942 steps taken, and 1855 accepted.
[0 : mcmc] Progress @ 2025-04-18 04:59:13 : 6966 steps taken, and 1874 accepted.
[2 : mcmc] Progress @ 2025-04-18 04:59:30 : 7199 steps taken, and 1847 accepted.
[3 : mcmc] Learn + convergence test @ 1860 samples accepted.
[3 : mcmc] Ready to check convergence and learn a new proposal covmat (waiting for the rest...)
[1 : mcmc] Progress @ 2025-04-18 05:00:19 : 6983 steps taken, and 1794 accepted.
[3 : mcmc] Progress @ 2025-04-18 05:01:00 : 6957 steps taken, and 1862 accepted.
[0 : mcmc] Progress @ 2025-04-18 05:01:18 : 6982 steps taken, and 1879 accepted.
[2 : mcmc] Progress @ 2025-04-18 05:01:31 : 7215 steps taken, and 1850 accepted.
[1 : mcmc] Progress @ 2025-04-18 05:02:24 : 6997 steps taken, and 1799 accepted.
[1 : mcmc] Learn + convergence test @ 1800 samples accepted.
[1 : mcmc] Ready to check convergence and learn a new proposal covmat (waiting for the rest...)
[3 : mcmc] Progress @ 2025-04-18 05:03:03 : 6972 steps taken, and 1867 accepted.
[0 : mcmc] Progress @ 2025-04-18 05:03:22 : 6998 steps taken, and 1882 accepted.
[0 : mcmc] All chains are ready to check convergence and learn a new proposal covmat
[0 : mcmc]  - Acceptance rate: 0.297 = avg([0.3045, 0.2896, 0.2924, 0.3014])
[0 : mcmc]  - Convergence of means: R-1 = 0.294500 after 7403 accepted steps = sum([1883, 1800, 1853, 1867])
[0 : mcmc]  - Updated covariance matrix of proposal pdf.
[2 : mcmc] Progress @ 2025-04-18 05:03:48 : 7230 steps taken, and 1853 accepted.
[1 : mcmc] Progress @ 2025-04-18 05:04:28 : 7006 steps taken, and 1802 accepted.
[3 : mcmc] Progress @ 2025-04-18 05:05:03 : 6984 steps taken, and 1869 accepted.
[0 : mcmc] Progress @ 2025-04-18 05:05:30 : 7028 steps taken, and 1890 accepted.
[2 : mcmc] Learn + convergence test @ 1860 samples accepted.
[2 : mcmc] Ready to check convergence and learn a new proposal covmat (waiting for the rest...)
[2 : mcmc] Progress @ 2025-04-18 05:05:52 : 7245 steps taken, and 1860 accepted.
[1 : mcmc] Progress @ 2025-04-18 05:06:32 : 7027 steps taken, and 1807 accepted.
[3 : mcmc] Progress @ 2025-04-18 05:07:07 : 7002 steps taken, and 1876 accepted.
[0 : mcmc] Progress @ 2025-04-18 05:07:32 : 7043 steps taken, and 1896 accepted.
[2 : mcmc] Progress @ 2025-04-18 05:07:57 : 7261 steps taken, and 1865 accepted.
[1 : mcmc] Progress @ 2025-04-18 05:08:34 : 7045 steps taken, and 1812 accepted.
[3 : mcmc] Progress @ 2025-04-18 05:09:10 : 7022 steps taken, and 1881 accepted.
[0 : mcmc] Progress @ 2025-04-18 05:09:37 : 7061 steps taken, and 1901 accepted.
[2 : mcmc] Progress @ 2025-04-18 05:09:58 : 7277 steps taken, and 1867 accepted.
[1 : mcmc] Progress @ 2025-04-18 05:10:38 : 7063 steps taken, and 1816 accepted.
[3 : mcmc] Progress @ 2025-04-18 05:11:11 : 7038 steps taken, and 1888 accepted.
[0 : mcmc] Progress @ 2025-04-18 05:11:43 : 7077 steps taken, and 1910 accepted.
[2 : mcmc] Progress @ 2025-04-18 05:12:02 : 7295 steps taken, and 1870 accepted.
[1 : mcmc] Progress @ 2025-04-18 05:12:45 : 7081 steps taken, and 1818 accepted.
[3 : mcmc] Progress @ 2025-04-18 05:13:19 : 7056 steps taken, and 1893 accepted.
[0 : mcmc] Progress @ 2025-04-18 05:13:44 : 7092 steps taken, and 1912 accepted.
[2 : mcmc] Progress @ 2025-04-18 05:14:08 : 7310 steps taken, and 1875 accepted.
[1 : mcmc] Progress @ 2025-04-18 05:14:49 : 7102 steps taken, and 1822 accepted.
[3 : mcmc] Progress @ 2025-04-18 05:15:22 : 7072 steps taken, and 1897 accepted.
[0 : mcmc] Progress @ 2025-04-18 05:15:48 : 7107 steps taken, and 1918 accepted.
[2 : mcmc] Progress @ 2025-04-18 05:16:15 : 7327 steps taken, and 1880 accepted.
[0 : mcmc] Learn + convergence test @ 1920 samples accepted.
[0 : mcmc] Ready to check convergence and learn a new proposal covmat (waiting for the rest...)
[1 : mcmc] Progress @ 2025-04-18 05:16:54 : 7118 steps taken, and 1823 accepted.
[3 : mcmc] Progress @ 2025-04-18 05:17:27 : 7094 steps taken, and 1902 accepted.
[0 : mcmc] Progress @ 2025-04-18 05:17:52 : 7125 steps taken, and 1925 accepted.
[2 : mcmc] Progress @ 2025-04-18 05:18:23 : 7344 steps taken, and 1886 accepted.
[1 : mcmc] Progress @ 2025-04-18 05:18:55 : 7135 steps taken, and 1827 accepted.
[3 : mcmc] Progress @ 2025-04-18 05:19:28 : 7109 steps taken, and 1908 accepted.
[0 : mcmc] Progress @ 2025-04-18 05:19:56 : 7141 steps taken, and 1928 accepted.
[2 : mcmc] Progress @ 2025-04-18 05:20:30 : 7360 steps taken, and 1891 accepted.
[1 : mcmc] Progress @ 2025-04-18 05:21:01 : 7150 steps taken, and 1832 accepted.
[3 : mcmc] Progress @ 2025-04-18 05:21:36 : 7127 steps taken, and 1914 accepted.
[0 : mcmc] Progress @ 2025-04-18 05:21:57 : 7155 steps taken, and 1938 accepted.
[2 : mcmc] Progress @ 2025-04-18 05:22:34 : 7376 steps taken, and 1899 accepted.
[1 : mcmc] Progress @ 2025-04-18 05:23:08 : 7167 steps taken, and 1838 accepted.
[3 : mcmc] Progress @ 2025-04-18 05:23:37 : 7141 steps taken, and 1918 accepted.
[0 : mcmc] Progress @ 2025-04-18 05:24:00 : 7171 steps taken, and 1943 accepted.
[2 : mcmc] Progress @ 2025-04-18 05:24:43 : 7392 steps taken, and 1905 accepted.
[3 : mcmc] Learn + convergence test @ 1920 samples accepted.
[3 : mcmc] Ready to check convergence and learn a new proposal covmat (waiting for the rest...)
[1 : mcmc] Progress @ 2025-04-18 05:25:10 : 7180 steps taken, and 1845 accepted.
[3 : mcmc] Progress @ 2025-04-18 05:25:39 : 7163 steps taken, and 1923 accepted.
[0 : mcmc] Progress @ 2025-04-18 05:26:07 : 7188 steps taken, and 1947 accepted.
[2 : mcmc] Progress @ 2025-04-18 05:26:51 : 7407 steps taken, and 1908 accepted.
[1 : mcmc] Progress @ 2025-04-18 05:27:11 : 7195 steps taken, and 1848 accepted.
[3 : mcmc] Progress @ 2025-04-18 05:27:41 : 7180 steps taken, and 1928 accepted.
[0 : mcmc] Progress @ 2025-04-18 05:28:12 : 7204 steps taken, and 1952 accepted.
[2 : mcmc] Progress @ 2025-04-18 05:28:54 : 7422 steps taken, and 1913 accepted.
[1 : mcmc] Progress @ 2025-04-18 05:29:14 : 7210 steps taken, and 1850 accepted.
[3 : mcmc] Progress @ 2025-04-18 05:29:48 : 7197 steps taken, and 1933 accepted.
[0 : mcmc] Progress @ 2025-04-18 05:30:18 : 7219 steps taken, and 1956 accepted.
[2 : mcmc] Progress @ 2025-04-18 05:30:56 : 7437 steps taken, and 1915 accepted.
[1 : mcmc] Progress @ 2025-04-18 05:31:17 : 7225 steps taken, and 1855 accepted.
[3 : mcmc] Progress @ 2025-04-18 05:31:52 : 7214 steps taken, and 1934 accepted.
[0 : mcmc] Progress @ 2025-04-18 05:32:23 : 7234 steps taken, and 1959 accepted.
[2 : mcmc] Learn + convergence test @ 1920 samples accepted.
[2 : mcmc] Progress @ 2025-04-18 05:33:04 : 7453 steps taken, and 1922 accepted.
[1 : mcmc] Progress @ 2025-04-18 05:33:21 : 7240 steps taken, and 1859 accepted.
[1 : mcmc] Learn + convergence test @ 1860 samples accepted.
[1 : mcmc] Ready to check convergence and learn a new proposal covmat (waiting for the rest...)
[3 : mcmc] Progress @ 2025-04-18 05:33:55 : 7232 steps taken, and 1937 accepted.
[0 : mcmc] Progress @ 2025-04-18 05:34:25 : 7250 steps taken, and 1962 accepted.
[0 : mcmc] All chains are ready to check convergence and learn a new proposal covmat
[0 : mcmc]  - Acceptance rate: 0.296 = avg([0.3030, 0.2875, 0.2943, 0.2975])
[0 : mcmc]  - Convergence of means: R-1 = 0.241553 after 7685 accepted steps = sum([1963, 1860, 1924, 1938])
[0 : mcmc]  - Updated covariance matrix of proposal pdf.
[2 : mcmc] Progress @ 2025-04-18 05:35:09 : 7470 steps taken, and 1925 accepted.
[1 : mcmc] Progress @ 2025-04-18 05:35:23 : 7249 steps taken, and 1862 accepted.
[3 : mcmc] Progress @ 2025-04-18 05:35:59 : 7245 steps taken, and 1939 accepted.
[0 : mcmc] Progress @ 2025-04-18 05:36:30 : 7264 steps taken, and 1967 accepted.
[2 : mcmc] Progress @ 2025-04-18 05:37:12 : 7486 steps taken, and 1927 accepted.
[1 : mcmc] Progress @ 2025-04-18 05:37:28 : 7266 steps taken, and 1867 accepted.
[3 : mcmc] Progress @ 2025-04-18 05:38:01 : 7260 steps taken, and 1941 accepted.
[0 : mcmc] Progress @ 2025-04-18 05:38:36 : 7279 steps taken, and 1970 accepted.
[2 : mcmc] Progress @ 2025-04-18 05:39:13 : 7507 steps taken, and 1932 accepted.
[1 : mcmc] Progress @ 2025-04-18 05:39:29 : 7282 steps taken, and 1872 accepted.
[3 : mcmc] Progress @ 2025-04-18 05:40:05 : 7275 steps taken, and 1943 accepted.
[0 : mcmc] Progress @ 2025-04-18 05:40:37 : 7294 steps taken, and 1975 accepted.
[2 : mcmc] Progress @ 2025-04-18 05:41:15 : 7521 steps taken, and 1938 accepted.
[1 : mcmc] Progress @ 2025-04-18 05:41:38 : 7300 steps taken, and 1877 accepted.
[3 : mcmc] Progress @ 2025-04-18 05:42:09 : 7291 steps taken, and 1946 accepted.
[0 : mcmc] Learn + convergence test @ 1980 samples accepted.
[0 : mcmc] Ready to check convergence and learn a new proposal covmat (waiting for the rest...)
[0 : mcmc] Progress @ 2025-04-18 05:42:39 : 7307 steps taken, and 1980 accepted.
[2 : mcmc] Progress @ 2025-04-18 05:43:16 : 7539 steps taken, and 1944 accepted.
[1 : mcmc] Progress @ 2025-04-18 05:43:47 : 7317 steps taken, and 1884 accepted.
[3 : mcmc] Progress @ 2025-04-18 05:44:17 : 7307 steps taken, and 1953 accepted.
[0 : mcmc] Progress @ 2025-04-18 05:44:40 : 7323 steps taken, and 1985 accepted.
[2 : mcmc] Progress @ 2025-04-18 05:45:18 : 7556 steps taken, and 1948 accepted.
[1 : mcmc] Progress @ 2025-04-18 05:45:54 : 7333 steps taken, and 1891 accepted.
[3 : mcmc] Progress @ 2025-04-18 05:46:26 : 7323 steps taken, and 1958 accepted.
[0 : mcmc] Progress @ 2025-04-18 05:46:42 : 7338 steps taken, and 1991 accepted.
[2 : mcmc] Progress @ 2025-04-18 05:47:23 : 7571 steps taken, and 1951 accepted.
[1 : mcmc] Progress @ 2025-04-18 05:47:59 : 7352 steps taken, and 1896 accepted.
[3 : mcmc] Progress @ 2025-04-18 05:48:27 : 7341 steps taken, and 1961 accepted.
[0 : mcmc] Progress @ 2025-04-18 05:48:51 : 7354 steps taken, and 1997 accepted.
[2 : mcmc] Progress @ 2025-04-18 05:49:25 : 7591 steps taken, and 1955 accepted.
[1 : mcmc] Progress @ 2025-04-18 05:50:03 : 7366 steps taken, and 1901 accepted.
[3 : mcmc] Progress @ 2025-04-18 05:50:34 : 7356 steps taken, and 1965 accepted.
[0 : mcmc] Progress @ 2025-04-18 05:50:51 : 7368 steps taken, and 2003 accepted.
[2 : mcmc] Progress @ 2025-04-18 05:51:29 : 7606 steps taken, and 1960 accepted.
[1 : mcmc] Progress @ 2025-04-18 05:52:10 : 7381 steps taken, and 1907 accepted.
[3 : mcmc] Progress @ 2025-04-18 05:52:39 : 7371 steps taken, and 1968 accepted.
[0 : mcmc] Progress @ 2025-04-18 05:52:57 : 7383 steps taken, and 2005 accepted.
[2 : mcmc] Progress @ 2025-04-18 05:53:29 : 7621 steps taken, and 1962 accepted.
[1 : mcmc] Progress @ 2025-04-18 05:54:19 : 7400 steps taken, and 1913 accepted.
[3 : mcmc] Progress @ 2025-04-18 05:54:41 : 7385 steps taken, and 1971 accepted.
[0 : mcmc] Progress @ 2025-04-18 05:55:01 : 7399 steps taken, and 2011 accepted.
[2 : mcmc] Progress @ 2025-04-18 05:55:34 : 7636 steps taken, and 1967 accepted.
[1 : mcmc] Progress @ 2025-04-18 05:56:24 : 7416 steps taken, and 1918 accepted.
[3 : mcmc] Progress @ 2025-04-18 05:56:44 : 7400 steps taken, and 1979 accepted.
[0 : mcmc] Progress @ 2025-04-18 05:57:03 : 7418 steps taken, and 2014 accepted.
[3 : mcmc] Learn + convergence test @ 1980 samples accepted.
[3 : mcmc] Ready to check convergence and learn a new proposal covmat (waiting for the rest...)
[1 : mcmc] Learn + convergence test @ 1920 samples accepted.
[1 : mcmc] Ready to check convergence and learn a new proposal covmat (waiting for the rest...)
[2 : mcmc] Progress @ 2025-04-18 05:57:36 : 7653 steps taken, and 1972 accepted.
[1 : mcmc] Progress @ 2025-04-18 05:58:27 : 7433 steps taken, and 1927 accepted.
[3 : mcmc] Progress @ 2025-04-18 05:58:48 : 7415 steps taken, and 1984 accepted.
[0 : mcmc] Progress @ 2025-04-18 05:59:10 : 7435 steps taken, and 2021 accepted.
[2 : mcmc] Progress @ 2025-04-18 05:59:37 : 7672 steps taken, and 1974 accepted.
[1 : mcmc] Progress @ 2025-04-18 06:00:37 : 7452 steps taken, and 1931 accepted.
[3 : mcmc] Progress @ 2025-04-18 06:00:56 : 7431 steps taken, and 1987 accepted.
[0 : mcmc] Progress @ 2025-04-18 06:01:15 : 7450 steps taken, and 2029 accepted.
[2 : mcmc] Progress @ 2025-04-18 06:01:38 : 7686 steps taken, and 1980 accepted.
[2 : mcmc] Learn + convergence test @ 1980 samples accepted.
[2 : mcmc] Ready to check convergence and learn a new proposal covmat (waiting for the rest...)
[0 : mcmc] All chains are ready to check convergence and learn a new proposal covmat
[0 : mcmc]  - Acceptance rate: 0.297 = avg([0.3093, 0.2920, 0.2905, 0.2953])
[0 : mcmc]  - Convergence of means: R-1 = 0.210042 after 7937 accepted steps = sum([2032, 1934, 1980, 1991])
[0 : mcmc]  - Updated covariance matrix of proposal pdf.
[1 : mcmc] Progress @ 2025-04-18 06:02:38 : 7468 steps taken, and 1936 accepted.
[3 : mcmc] Progress @ 2025-04-18 06:03:00 : 7447 steps taken, and 1993 accepted.
[0 : mcmc] Progress @ 2025-04-18 06:03:21 : 7464 steps taken, and 2036 accepted.
[2 : mcmc] Progress @ 2025-04-18 06:03:41 : 7699 steps taken, and 1983 accepted.
[0 : mcmc] Learn + convergence test @ 2040 samples accepted.
[0 : mcmc] Ready to check convergence and learn a new proposal covmat (waiting for the rest...)
[1 : mcmc] Progress @ 2025-04-18 06:04:48 : 7483 steps taken, and 1944 accepted.
[3 : mcmc] Progress @ 2025-04-18 06:05:06 : 7463 steps taken, and 1998 accepted.
[0 : mcmc] Progress @ 2025-04-18 06:05:25 : 7486 steps taken, and 2042 accepted.
[2 : mcmc] Progress @ 2025-04-18 06:05:46 : 7714 steps taken, and 1986 accepted.
[1 : mcmc] Progress @ 2025-04-18 06:06:50 : 7498 steps taken, and 1948 accepted.
[3 : mcmc] Progress @ 2025-04-18 06:07:13 : 7478 steps taken, and 2006 accepted.
[0 : mcmc] Progress @ 2025-04-18 06:07:33 : 7506 steps taken, and 2050 accepted.
[2 : mcmc] Progress @ 2025-04-18 06:07:54 : 7734 steps taken, and 1993 accepted.
[1 : mcmc] Progress @ 2025-04-18 06:08:53 : 7512 steps taken, and 1953 accepted.
[3 : mcmc] Progress @ 2025-04-18 06:09:20 : 7493 steps taken, and 2011 accepted.
[0 : mcmc] Progress @ 2025-04-18 06:09:41 : 7525 steps taken, and 2055 accepted.
[2 : mcmc] Progress @ 2025-04-18 06:10:01 : 7750 steps taken, and 1997 accepted.
[1 : mcmc] Progress @ 2025-04-18 06:11:02 : 7528 steps taken, and 1958 accepted.
[3 : mcmc] Progress @ 2025-04-18 06:11:29 : 7509 steps taken, and 2018 accepted.
[0 : mcmc] Progress @ 2025-04-18 06:11:52 : 7541 steps taken, and 2056 accepted.
[2 : mcmc] Progress @ 2025-04-18 06:12:09 : 7765 steps taken, and 1999 accepted.
[1 : mcmc] Progress @ 2025-04-18 06:13:02 : 7545 steps taken, and 1962 accepted.
[3 : mcmc] Progress @ 2025-04-18 06:13:35 : 7523 steps taken, and 2020 accepted.
[0 : mcmc] Progress @ 2025-04-18 06:13:55 : 7557 steps taken, and 2062 accepted.
[2 : mcmc] Progress @ 2025-04-18 06:14:14 : 7780 steps taken, and 2002 accepted.
[1 : mcmc] Progress @ 2025-04-18 06:15:07 : 7560 steps taken, and 1966 accepted.
[3 : mcmc] Progress @ 2025-04-18 06:15:40 : 7541 steps taken, and 2026 accepted.
[0 : mcmc] Progress @ 2025-04-18 06:16:01 : 7576 steps taken, and 2069 accepted.
[2 : mcmc] Progress @ 2025-04-18 06:16:17 : 7795 steps taken, and 2002 accepted.
[1 : mcmc] Progress @ 2025-04-18 06:17:13 : 7577 steps taken, and 1972 accepted.
[3 : mcmc] Progress @ 2025-04-18 06:17:45 : 7560 steps taken, and 2031 accepted.
[0 : mcmc] Progress @ 2025-04-18 06:18:07 : 7593 steps taken, and 2073 accepted.
[2 : mcmc] Progress @ 2025-04-18 06:18:21 : 7810 steps taken, and 2003 accepted.
[1 : mcmc] Progress @ 2025-04-18 06:19:16 : 7594 steps taken, and 1978 accepted.
[3 : mcmc] Progress @ 2025-04-18 06:19:48 : 7576 steps taken, and 2033 accepted.
[1 : mcmc] Learn + convergence test @ 1980 samples accepted.
[1 : mcmc] Ready to check convergence and learn a new proposal covmat (waiting for the rest...)
[0 : mcmc] Progress @ 2025-04-18 06:20:11 : 7609 steps taken, and 2081 accepted.
[2 : mcmc] Progress @ 2025-04-18 06:20:27 : 7825 steps taken, and 2010 accepted.
[1 : mcmc] Progress @ 2025-04-18 06:21:19 : 7631 steps taken, and 1983 accepted.
[3 : mcmc] Progress @ 2025-04-18 06:21:53 : 7590 steps taken, and 2037 accepted.
[0 : mcmc] Progress @ 2025-04-18 06:22:14 : 7627 steps taken, and 2086 accepted.
[3 : mcmc] Learn + convergence test @ 2040 samples accepted.
[3 : mcmc] Ready to check convergence and learn a new proposal covmat (waiting for the rest...)
[2 : mcmc] Progress @ 2025-04-18 06:22:32 : 7841 steps taken, and 2017 accepted.
[1 : mcmc] Progress @ 2025-04-18 06:23:27 : 7653 steps taken, and 1987 accepted.
[3 : mcmc] Progress @ 2025-04-18 06:23:56 : 7613 steps taken, and 2042 accepted.
[0 : mcmc] Progress @ 2025-04-18 06:24:15 : 7643 steps taken, and 2090 accepted.
[2 : mcmc] Progress @ 2025-04-18 06:24:35 : 7860 steps taken, and 2024 accepted.
[1 : mcmc] Progress @ 2025-04-18 06:25:36 : 7669 steps taken, and 1994 accepted.
[3 : mcmc] Progress @ 2025-04-18 06:25:58 : 7629 steps taken, and 2044 accepted.
[0 : mcmc] Progress @ 2025-04-18 06:26:21 : 7659 steps taken, and 2096 accepted.
[2 : mcmc] Progress @ 2025-04-18 06:26:40 : 7878 steps taken, and 2030 accepted.
[1 : mcmc] Progress @ 2025-04-18 06:27:39 : 7688 steps taken, and 2000 accepted.
[3 : mcmc] Progress @ 2025-04-18 06:28:03 : 7643 steps taken, and 2048 accepted.
[0 : mcmc] Progress @ 2025-04-18 06:28:22 : 7674 steps taken, and 2099 accepted.
[0 : mcmc] Learn + convergence test @ 2100 samples accepted.
[2 : mcmc] Progress @ 2025-04-18 06:28:45 : 7896 steps taken, and 2035 accepted.
[1 : mcmc] Progress @ 2025-04-18 06:29:44 : 7703 steps taken, and 2006 accepted.
[3 : mcmc] Progress @ 2025-04-18 06:30:08 : 7661 steps taken, and 2054 accepted.
[0 : mcmc] Progress @ 2025-04-18 06:30:25 : 7693 steps taken, and 2105 accepted.
[2 : mcmc] Progress @ 2025-04-18 06:30:51 : 7918 steps taken, and 2038 accepted.
[2 : mcmc] Learn + convergence test @ 2040 samples accepted.
[2 : mcmc] Ready to check convergence and learn a new proposal covmat (waiting for the rest...)
[1 : mcmc] Progress @ 2025-04-18 06:31:49 : 7719 steps taken, and 2011 accepted.
[3 : mcmc] Progress @ 2025-04-18 06:32:08 : 7678 steps taken, and 2061 accepted.
[0 : mcmc] All chains are ready to check convergence and learn a new proposal covmat
[0 : mcmc]  - Acceptance rate: 0.297 = avg([0.3099, 0.2932, 0.2889, 0.2969])
[0 : mcmc]  - Convergence of means: R-1 = 0.184632 after 8225 accepted steps = sum([2111, 2012, 2040, 2062])
[0 : mcmc]  - Updated covariance matrix of proposal pdf.
[0 : mcmc] Progress @ 2025-04-18 06:32:31 : 7711 steps taken, and 2111 accepted.
[2 : mcmc] Progress @ 2025-04-18 06:32:51 : 7936 steps taken, and 2043 accepted.
[1 : mcmc] Progress @ 2025-04-18 06:33:50 : 7733 steps taken, and 2014 accepted.
[3 : mcmc] Progress @ 2025-04-18 06:34:14 : 7698 steps taken, and 2064 accepted.
[0 : mcmc] Progress @ 2025-04-18 06:34:39 : 7731 steps taken, and 2115 accepted.
[2 : mcmc] Progress @ 2025-04-18 06:34:55 : 7952 steps taken, and 2048 accepted.
[1 : mcmc] Progress @ 2025-04-18 06:35:52 : 7747 steps taken, and 2016 accepted.
[3 : mcmc] Progress @ 2025-04-18 06:36:24 : 7715 steps taken, and 2070 accepted.
[0 : mcmc] Progress @ 2025-04-18 06:36:42 : 7745 steps taken, and 2118 accepted.
[2 : mcmc] Progress @ 2025-04-18 06:36:57 : 7968 steps taken, and 2052 accepted.
[1 : mcmc] Progress @ 2025-04-18 06:37:55 : 7767 steps taken, and 2022 accepted.
[3 : mcmc] Progress @ 2025-04-18 06:38:33 : 7733 steps taken, and 2076 accepted.
[0 : mcmc] Progress @ 2025-04-18 06:38:48 : 7761 steps taken, and 2123 accepted.
[2 : mcmc] Progress @ 2025-04-18 06:39:00 : 7984 steps taken, and 2059 accepted.
[1 : mcmc] Progress @ 2025-04-18 06:39:55 : 7783 steps taken, and 2031 accepted.
[3 : mcmc] Progress @ 2025-04-18 06:40:40 : 7749 steps taken, and 2081 accepted.
[0 : mcmc] Progress @ 2025-04-18 06:40:57 : 7778 steps taken, and 2130 accepted.
[2 : mcmc] Progress @ 2025-04-18 06:41:04 : 8001 steps taken, and 2063 accepted.
[1 : mcmc] Progress @ 2025-04-18 06:41:58 : 7798 steps taken, and 2038 accepted.
[1 : mcmc] Learn + convergence test @ 2040 samples accepted.
[1 : mcmc] Ready to check convergence and learn a new proposal covmat (waiting for the rest...)
[3 : mcmc] Progress @ 2025-04-18 06:42:47 : 7770 steps taken, and 2087 accepted.
[0 : mcmc] Progress @ 2025-04-18 06:43:03 : 7793 steps taken, and 2133 accepted.
[2 : mcmc] Progress @ 2025-04-18 06:43:11 : 8024 steps taken, and 2068 accepted.
[1 : mcmc] Progress @ 2025-04-18 06:44:01 : 7814 steps taken, and 2045 accepted.
[3 : mcmc] Progress @ 2025-04-18 06:44:47 : 7788 steps taken, and 2092 accepted.
[0 : mcmc] Progress @ 2025-04-18 06:45:05 : 7807 steps taken, and 2137 accepted.
[2 : mcmc] Progress @ 2025-04-18 06:45:16 : 8039 steps taken, and 2071 accepted.
[1 : mcmc] Progress @ 2025-04-18 06:46:08 : 7830 steps taken, and 2049 accepted.
[3 : mcmc] Progress @ 2025-04-18 06:46:49 : 7809 steps taken, and 2098 accepted.
[0 : mcmc] Progress @ 2025-04-18 06:47:08 : 7822 steps taken, and 2140 accepted.
[2 : mcmc] Progress @ 2025-04-18 06:47:22 : 8054 steps taken, and 2073 accepted.
[3 : mcmc] Learn + convergence test @ 2100 samples accepted.
[3 : mcmc] Ready to check convergence and learn a new proposal covmat (waiting for the rest...)
[1 : mcmc] Progress @ 2025-04-18 06:48:12 : 7845 steps taken, and 2052 accepted.
[3 : mcmc] Progress @ 2025-04-18 06:48:51 : 7824 steps taken, and 2101 accepted.
[0 : mcmc] Progress @ 2025-04-18 06:49:09 : 7839 steps taken, and 2148 accepted.
[2 : mcmc] Progress @ 2025-04-18 06:49:22 : 8070 steps taken, and 2078 accepted.
[1 : mcmc] Progress @ 2025-04-18 06:50:13 : 7860 steps taken, and 2054 accepted.
[3 : mcmc] Progress @ 2025-04-18 06:50:52 : 7841 steps taken, and 2103 accepted.
[0 : mcmc] Progress @ 2025-04-18 06:51:15 : 7854 steps taken, and 2155 accepted.
[2 : mcmc] Progress @ 2025-04-18 06:51:26 : 8092 steps taken, and 2086 accepted.
[1 : mcmc] Progress @ 2025-04-18 06:52:18 : 7875 steps taken, and 2057 accepted.
[3 : mcmc] Progress @ 2025-04-18 06:52:59 : 7863 steps taken, and 2107 accepted.
[0 : mcmc] Learn + convergence test @ 2160 samples accepted.
[0 : mcmc] Ready to check convergence and learn a new proposal covmat (waiting for the rest...)
[0 : mcmc] Progress @ 2025-04-18 06:53:19 : 7869 steps taken, and 2160 accepted.
[2 : mcmc] Progress @ 2025-04-18 06:53:33 : 8112 steps taken, and 2091 accepted.
[1 : mcmc] Progress @ 2025-04-18 06:54:23 : 7891 steps taken, and 2062 accepted.
[3 : mcmc] Progress @ 2025-04-18 06:55:01 : 7878 steps taken, and 2113 accepted.
[0 : mcmc] Progress @ 2025-04-18 06:55:19 : 7886 steps taken, and 2167 accepted.
[2 : mcmc] Progress @ 2025-04-18 06:55:36 : 8134 steps taken, and 2093 accepted.
[1 : mcmc] Progress @ 2025-04-18 06:56:29 : 7908 steps taken, and 2068 accepted.
[3 : mcmc] Progress @ 2025-04-18 06:57:07 : 7894 steps taken, and 2116 accepted.
[0 : mcmc] Progress @ 2025-04-18 06:57:21 : 7901 steps taken, and 2170 accepted.
[2 : mcmc] Progress @ 2025-04-18 06:57:43 : 8159 steps taken, and 2098 accepted.
[1 : mcmc] Progress @ 2025-04-18 06:58:31 : 7924 steps taken, and 2073 accepted.
[2 : mcmc] Learn + convergence test @ 2100 samples accepted.
[2 : mcmc] Ready to check convergence and learn a new proposal covmat (waiting for the rest...)
[3 : mcmc] Progress @ 2025-04-18 06:59:10 : 7913 steps taken, and 2121 accepted.
[0 : mcmc] All chains are ready to check convergence and learn a new proposal covmat
[0 : mcmc]  - Acceptance rate: 0.296 = avg([0.3092, 0.2928, 0.2862, 0.2940])
[0 : mcmc]  - Convergence of means: R-1 = 0.170638 after 8470 accepted steps = sum([2174, 2075, 2100, 2121])
[0 : mcmc]  - Updated covariance matrix of proposal pdf.
[0 : mcmc] Progress @ 2025-04-18 06:59:28 : 7923 steps taken, and 2174 accepted.
[2 : mcmc] Progress @ 2025-04-18 06:59:48 : 8174 steps taken, and 2101 accepted.
[1 : mcmc] Progress @ 2025-04-18 07:00:33 : 7939 steps taken, and 2079 accepted.
[3 : mcmc] Progress @ 2025-04-18 07:01:12 : 7930 steps taken, and 2128 accepted.
[0 : mcmc] Progress @ 2025-04-18 07:01:33 : 7942 steps taken, and 2179 accepted.
[2 : mcmc] Progress @ 2025-04-18 07:01:57 : 8193 steps taken, and 2109 accepted.
[1 : mcmc] Progress @ 2025-04-18 07:02:35 : 7953 steps taken, and 2084 accepted.
[3 : mcmc] Progress @ 2025-04-18 07:03:14 : 7944 steps taken, and 2134 accepted.
[0 : mcmc] Progress @ 2025-04-18 07:03:42 : 7959 steps taken, and 2184 accepted.
[2 : mcmc] Progress @ 2025-04-18 07:03:59 : 8208 steps taken, and 2112 accepted.
[1 : mcmc] Progress @ 2025-04-18 07:04:44 : 7967 steps taken, and 2088 accepted.
[3 : mcmc] Progress @ 2025-04-18 07:05:17 : 7961 steps taken, and 2137 accepted.
[0 : mcmc] Progress @ 2025-04-18 07:05:48 : 7974 steps taken, and 2186 accepted.
[2 : mcmc] Progress @ 2025-04-18 07:06:06 : 8229 steps taken, and 2112 accepted.
[1 : mcmc] Progress @ 2025-04-18 07:06:51 : 7982 steps taken, and 2092 accepted.
[3 : mcmc] Progress @ 2025-04-18 07:07:20 : 7979 steps taken, and 2139 accepted.
[0 : mcmc] Progress @ 2025-04-18 07:07:53 : 7988 steps taken, and 2187 accepted.
[2 : mcmc] Progress @ 2025-04-18 07:08:09 : 8247 steps taken, and 2116 accepted.
[1 : mcmc] Progress @ 2025-04-18 07:08:55 : 7998 steps taken, and 2097 accepted.
[3 : mcmc] Progress @ 2025-04-18 07:09:22 : 7998 steps taken, and 2145 accepted.
[1 : mcmc] Learn + convergence test @ 2100 samples accepted.
[1 : mcmc] Ready to check convergence and learn a new proposal covmat (waiting for the rest...)
[0 : mcmc] Progress @ 2025-04-18 07:09:59 : 8004 steps taken, and 2190 accepted.
[2 : mcmc] Progress @ 2025-04-18 07:10:13 : 8263 steps taken, and 2121 accepted.
[1 : mcmc] Progress @ 2025-04-18 07:10:58 : 8013 steps taken, and 2104 accepted.
[3 : mcmc] Progress @ 2025-04-18 07:11:23 : 8019 steps taken, and 2148 accepted.
[0 : mcmc] Progress @ 2025-04-18 07:12:05 : 8034 steps taken, and 2194 accepted.
[2 : mcmc] Progress @ 2025-04-18 07:12:18 : 8278 steps taken, and 2124 accepted.
[1 : mcmc] Progress @ 2025-04-18 07:12:59 : 8027 steps taken, and 2109 accepted.
[3 : mcmc] Progress @ 2025-04-18 07:13:31 : 8035 steps taken, and 2153 accepted.
[0 : mcmc] Progress @ 2025-04-18 07:14:09 : 8052 steps taken, and 2198 accepted.
[2 : mcmc] Progress @ 2025-04-18 07:14:23 : 8299 steps taken, and 2127 accepted.
[1 : mcmc] Progress @ 2025-04-18 07:15:04 : 8043 steps taken, and 2110 accepted.
[3 : mcmc] Progress @ 2025-04-18 07:15:40 : 8051 steps taken, and 2158 accepted.
[0 : mcmc] Progress @ 2025-04-18 07:16:12 : 8067 steps taken, and 2206 accepted.
[2 : mcmc] Progress @ 2025-04-18 07:16:28 : 8317 steps taken, and 2135 accepted.
[3 : mcmc] Learn + convergence test @ 2160 samples accepted.
[3 : mcmc] Ready to check convergence and learn a new proposal covmat (waiting for the rest...)
[1 : mcmc] Progress @ 2025-04-18 07:17:10 : 8060 steps taken, and 2113 accepted.
[3 : mcmc] Progress @ 2025-04-18 07:17:44 : 8067 steps taken, and 2163 accepted.
[0 : mcmc] Progress @ 2025-04-18 07:18:15 : 8084 steps taken, and 2207 accepted.
[2 : mcmc] Progress @ 2025-04-18 07:18:31 : 8332 steps taken, and 2139 accepted.
[1 : mcmc] Progress @ 2025-04-18 07:19:19 : 8078 steps taken, and 2119 accepted.
[3 : mcmc] Progress @ 2025-04-18 07:19:50 : 8082 steps taken, and 2170 accepted.
[0 : mcmc] Progress @ 2025-04-18 07:20:18 : 8098 steps taken, and 2211 accepted.
[2 : mcmc] Progress @ 2025-04-18 07:20:33 : 8349 steps taken, and 2143 accepted.
[1 : mcmc] Progress @ 2025-04-18 07:21:22 : 8093 steps taken, and 2123 accepted.
[3 : mcmc] Progress @ 2025-04-18 07:21:52 : 8096 steps taken, and 2174 accepted.
[0 : mcmc] Progress @ 2025-04-18 07:22:22 : 8112 steps taken, and 2215 accepted.
[2 : mcmc] Progress @ 2025-04-18 07:22:43 : 8365 steps taken, and 2149 accepted.
[1 : mcmc] Progress @ 2025-04-18 07:23:23 : 8108 steps taken, and 2127 accepted.
[3 : mcmc] Progress @ 2025-04-18 07:23:59 : 8114 steps taken, and 2179 accepted.
[0 : mcmc] Progress @ 2025-04-18 07:24:25 : 8127 steps taken, and 2219 accepted.
[0 : mcmc] Learn + convergence test @ 2220 samples accepted.
[0 : mcmc] Ready to check convergence and learn a new proposal covmat (waiting for the rest...)
[2 : mcmc] Progress @ 2025-04-18 07:24:48 : 8381 steps taken, and 2154 accepted.
[1 : mcmc] Progress @ 2025-04-18 07:25:26 : 8123 steps taken, and 2134 accepted.
[3 : mcmc] Progress @ 2025-04-18 07:26:04 : 8128 steps taken, and 2182 accepted.
[0 : mcmc] Progress @ 2025-04-18 07:26:34 : 8147 steps taken, and 2226 accepted.
[2 : mcmc] Progress @ 2025-04-18 07:26:57 : 8397 steps taken, and 2156 accepted.
[1 : mcmc] Progress @ 2025-04-18 07:27:28 : 8142 steps taken, and 2136 accepted.
[3 : mcmc] Progress @ 2025-04-18 07:28:06 : 8144 steps taken, and 2189 accepted.
[0 : mcmc] Progress @ 2025-04-18 07:28:36 : 8163 steps taken, and 2228 accepted.
[2 : mcmc] Learn + convergence test @ 2160 samples accepted.
[2 : mcmc] Ready to check convergence and learn a new proposal covmat (waiting for the rest...)
[0 : mcmc] All chains are ready to check convergence and learn a new proposal covmat
[0 : mcmc]  - Acceptance rate: 0.293 = avg([0.3023, 0.2923, 0.2822, 0.2936])
[0 : mcmc]  - Convergence of means: R-1 = 0.188395 after 8723 accepted steps = sum([2230, 2140, 2160, 2193])
[0 : mcmc]  - Updated covariance matrix of proposal pdf.
[2 : mcmc] Progress @ 2025-04-18 07:30:31 : 8413 steps taken, and 2161 accepted.
[1 : mcmc] Progress @ 2025-04-18 07:30:33 : 8158 steps taken, and 2140 accepted.
[3 : mcmc] Progress @ 2025-04-18 07:30:36 : 8153 steps taken, and 2193 accepted.
[0 : mcmc] Progress @ 2025-04-18 07:30:43 : 8182 steps taken, and 2230 accepted.
[1 : mcmc] Progress @ 2025-04-18 07:32:36 : 8173 steps taken, and 2146 accepted.
[2 : mcmc] Progress @ 2025-04-18 07:32:39 : 8432 steps taken, and 2167 accepted.
[3 : mcmc] Progress @ 2025-04-18 07:32:42 : 8169 steps taken, and 2198 accepted.
[0 : mcmc] Progress @ 2025-04-18 07:32:45 : 8199 steps taken, and 2237 accepted.
[2 : mcmc] Progress @ 2025-04-18 07:34:39 : 8449 steps taken, and 2172 accepted.
[1 : mcmc] Progress @ 2025-04-18 07:34:44 : 8191 steps taken, and 2149 accepted.
[0 : mcmc] Progress @ 2025-04-18 07:34:45 : 8214 steps taken, and 2241 accepted.
[3 : mcmc] Progress @ 2025-04-18 07:34:49 : 8187 steps taken, and 2200 accepted.
[1 : mcmc] Progress @ 2025-04-18 07:36:44 : 8207 steps taken, and 2151 accepted.
[2 : mcmc] Progress @ 2025-04-18 07:36:49 : 8465 steps taken, and 2177 accepted.
[3 : mcmc] Progress @ 2025-04-18 07:36:52 : 8203 steps taken, and 2203 accepted.
[0 : mcmc] Progress @ 2025-04-18 07:36:53 : 8234 steps taken, and 2247 accepted.
[1 : mcmc] Progress @ 2025-04-18 07:38:46 : 8223 steps taken, and 2158 accepted.
[2 : mcmc] Progress @ 2025-04-18 07:38:51 : 8481 steps taken, and 2180 accepted.
[0 : mcmc] Progress @ 2025-04-18 07:38:55 : 8251 steps taken, and 2251 accepted.
[3 : mcmc] Progress @ 2025-04-18 07:38:55 : 8217 steps taken, and 2209 accepted.
[1 : mcmc] Learn + convergence test @ 2160 samples accepted.
[1 : mcmc] Ready to check convergence and learn a new proposal covmat (waiting for the rest...)
[1 : mcmc] Progress @ 2025-04-18 07:40:50 : 8243 steps taken, and 2164 accepted.
[2 : mcmc] Progress @ 2025-04-18 07:40:51 : 8496 steps taken, and 2185 accepted.
[0 : mcmc] Progress @ 2025-04-18 07:41:03 : 8268 steps taken, and 2258 accepted.
[3 : mcmc] Progress @ 2025-04-18 07:41:04 : 8242 steps taken, and 2213 accepted.
[1 : mcmc] Progress @ 2025-04-18 07:42:50 : 8264 steps taken, and 2167 accepted.
[2 : mcmc] Progress @ 2025-04-18 07:42:56 : 8512 steps taken, and 2191 accepted.
[0 : mcmc] Progress @ 2025-04-18 07:43:07 : 8290 steps taken, and 2266 accepted.
[3 : mcmc] Progress @ 2025-04-18 07:43:11 : 8266 steps taken, and 2220 accepted.
[3 : mcmc] Learn + convergence test @ 2220 samples accepted.
[3 : mcmc] Ready to check convergence and learn a new proposal covmat (waiting for the rest...)
[1 : mcmc] Progress @ 2025-04-18 07:44:54 : 8282 steps taken, and 2172 accepted.
[2 : mcmc] Progress @ 2025-04-18 07:44:59 : 8528 steps taken, and 2195 accepted.
[3 : mcmc] Progress @ 2025-04-18 07:45:13 : 8286 steps taken, and 2228 accepted.
[0 : mcmc] Progress @ 2025-04-18 07:45:15 : 8309 steps taken, and 2271 accepted.
[1 : mcmc] Progress @ 2025-04-18 07:46:59 : 8298 steps taken, and 2178 accepted.
[2 : mcmc] Progress @ 2025-04-18 07:47:01 : 8546 steps taken, and 2198 accepted.
[0 : mcmc] Progress @ 2025-04-18 07:47:16 : 8325 steps taken, and 2276 accepted.
[3 : mcmc] Progress @ 2025-04-18 07:47:21 : 8305 steps taken, and 2234 accepted.
[1 : mcmc] Progress @ 2025-04-18 07:49:00 : 8313 steps taken, and 2180 accepted.
[2 : mcmc] Progress @ 2025-04-18 07:49:08 : 8563 steps taken, and 2203 accepted.
[0 : mcmc] Progress @ 2025-04-18 07:49:21 : 8341 steps taken, and 2279 accepted.
[3 : mcmc] Progress @ 2025-04-18 07:49:23 : 8325 steps taken, and 2242 accepted.
[0 : mcmc] Learn + convergence test @ 2280 samples accepted.
[0 : mcmc] Ready to check convergence and learn a new proposal covmat (waiting for the rest...)
[1 : mcmc] Progress @ 2025-04-18 07:51:02 : 8330 steps taken, and 2186 accepted.
[2 : mcmc] Progress @ 2025-04-18 07:51:14 : 8582 steps taken, and 2207 accepted.
[0 : mcmc] Progress @ 2025-04-18 07:51:22 : 8356 steps taken, and 2283 accepted.
[3 : mcmc] Progress @ 2025-04-18 07:51:25 : 8344 steps taken, and 2248 accepted.
[1 : mcmc] Progress @ 2025-04-18 07:53:10 : 8344 steps taken, and 2190 accepted.
[2 : mcmc] Progress @ 2025-04-18 07:53:15 : 8599 steps taken, and 2212 accepted.
[3 : mcmc] Progress @ 2025-04-18 07:53:26 : 8366 steps taken, and 2254 accepted.
[0 : mcmc] Progress @ 2025-04-18 07:53:27 : 8371 steps taken, and 2288 accepted.
[1 : mcmc] Progress @ 2025-04-18 07:55:13 : 8358 steps taken, and 2194 accepted.
[2 : mcmc] Progress @ 2025-04-18 07:55:17 : 8614 steps taken, and 2218 accepted.
[0 : mcmc] Progress @ 2025-04-18 07:55:32 : 8387 steps taken, and 2294 accepted.
[3 : mcmc] Progress @ 2025-04-18 07:55:33 : 8384 steps taken, and 2256 accepted.
[2 : mcmc] Learn + convergence test @ 2220 samples accepted.
[2 : mcmc] Ready to check convergence and learn a new proposal covmat (waiting for the rest...)
[0 : mcmc] All chains are ready to check convergence and learn a new proposal covmat
[0 : mcmc]  - Acceptance rate: 0.292 = avg([0.3024, 0.2902, 0.2832, 0.2915])
[0 : mcmc]  - Convergence of means: R-1 = 0.153293 after 8971 accepted steps = sum([2295, 2198, 2220, 2258])
[0 : mcmc]  - Updated covariance matrix of proposal pdf.
[2 : mcmc] Progress @ 2025-04-18 07:57:18 : 8620 steps taken, and 2221 accepted.
[1 : mcmc] Progress @ 2025-04-18 07:57:20 : 8373 steps taken, and 2200 accepted.
[3 : mcmc] Progress @ 2025-04-18 07:57:38 : 8401 steps taken, and 2261 accepted.
[0 : mcmc] Progress @ 2025-04-18 07:57:40 : 8403 steps taken, and 2298 accepted.
[1 : mcmc] Progress @ 2025-04-18 07:59:20 : 8389 steps taken, and 2207 accepted.
[2 : mcmc] Progress @ 2025-04-18 07:59:23 : 8635 steps taken, and 2224 accepted.
[3 : mcmc] Progress @ 2025-04-18 07:59:42 : 8417 steps taken, and 2264 accepted.
[0 : mcmc] Progress @ 2025-04-18 07:59:46 : 8419 steps taken, and 2303 accepted.
[1 : mcmc] Progress @ 2025-04-18 08:01:23 : 8404 steps taken, and 2212 accepted.
[2 : mcmc] Progress @ 2025-04-18 08:01:27 : 8651 steps taken, and 2227 accepted.
[3 : mcmc] Progress @ 2025-04-18 08:01:46 : 8432 steps taken, and 2270 accepted.
[0 : mcmc] Progress @ 2025-04-18 08:01:52 : 8442 steps taken, and 2306 accepted.
[1 : mcmc] Progress @ 2025-04-18 08:03:29 : 8419 steps taken, and 2216 accepted.
[2 : mcmc] Progress @ 2025-04-18 08:03:30 : 8669 steps taken, and 2232 accepted.
[3 : mcmc] Progress @ 2025-04-18 08:03:54 : 8450 steps taken, and 2274 accepted.
[0 : mcmc] Progress @ 2025-04-18 08:03:57 : 8463 steps taken, and 2309 accepted.
[1 : mcmc] Learn + convergence test @ 2220 samples accepted.
[1 : mcmc] Ready to check convergence and learn a new proposal covmat (waiting for the rest...)
[2 : mcmc] Progress @ 2025-04-18 08:05:31 : 8685 steps taken, and 2238 accepted.
[1 : mcmc] Progress @ 2025-04-18 08:05:38 : 8435 steps taken, and 2220 accepted.
[3 : mcmc] Progress @ 2025-04-18 08:05:59 : 8467 steps taken, and 2279 accepted.
[0 : mcmc] Progress @ 2025-04-18 08:05:59 : 8481 steps taken, and 2312 accepted.
[3 : mcmc] Learn + convergence test @ 2280 samples accepted.
[3 : mcmc] Ready to check convergence and learn a new proposal covmat (waiting for the rest...)
[2 : mcmc] Progress @ 2025-04-18 08:07:36 : 8703 steps taken, and 2244 accepted.
[1 : mcmc] Progress @ 2025-04-18 08:07:41 : 8462 steps taken, and 2228 accepted.
[0 : mcmc] Progress @ 2025-04-18 08:08:07 : 8496 steps taken, and 2316 accepted.
[3 : mcmc] Progress @ 2025-04-18 08:08:07 : 8483 steps taken, and 2282 accepted.
[2 : mcmc] Progress @ 2025-04-18 08:09:37 : 8720 steps taken, and 2247 accepted.
[1 : mcmc] Progress @ 2025-04-18 08:09:48 : 8483 steps taken, and 2232 accepted.
[0 : mcmc] Progress @ 2025-04-18 08:10:11 : 8511 steps taken, and 2323 accepted.
[3 : mcmc] Progress @ 2025-04-18 08:10:13 : 8499 steps taken, and 2285 accepted.
[2 : mcmc] Progress @ 2025-04-18 08:11:37 : 8738 steps taken, and 2253 accepted.
[1 : mcmc] Progress @ 2025-04-18 08:11:49 : 8502 steps taken, and 2239 accepted.
[0 : mcmc] Progress @ 2025-04-18 08:12:15 : 8525 steps taken, and 2326 accepted.
[3 : mcmc] Progress @ 2025-04-18 08:12:16 : 8517 steps taken, and 2289 accepted.
[2 : mcmc] Progress @ 2025-04-18 08:13:41 : 8757 steps taken, and 2259 accepted.
[1 : mcmc] Progress @ 2025-04-18 08:13:57 : 8520 steps taken, and 2243 accepted.
[0 : mcmc] Progress @ 2025-04-18 08:14:19 : 8540 steps taken, and 2330 accepted.
[3 : mcmc] Progress @ 2025-04-18 08:14:22 : 8538 steps taken, and 2292 accepted.
[2 : mcmc] Progress @ 2025-04-18 08:15:46 : 8772 steps taken, and 2265 accepted.
[1 : mcmc] Progress @ 2025-04-18 08:15:57 : 8538 steps taken, and 2251 accepted.
[3 : mcmc] Progress @ 2025-04-18 08:16:25 : 8562 steps taken, and 2297 accepted.
[0 : mcmc] Progress @ 2025-04-18 08:16:27 : 8556 steps taken, and 2337 accepted.
[2 : mcmc] Progress @ 2025-04-18 08:17:52 : 8787 steps taken, and 2269 accepted.
[1 : mcmc] Progress @ 2025-04-18 08:17:59 : 8553 steps taken, and 2257 accepted.
[0 : mcmc] Learn + convergence test @ 2340 samples accepted.
[0 : mcmc] Ready to check convergence and learn a new proposal covmat (waiting for the rest...)
[0 : mcmc] Progress @ 2025-04-18 08:18:27 : 8571 steps taken, and 2341 accepted.
[3 : mcmc] Progress @ 2025-04-18 08:18:34 : 8594 steps taken, and 2301 accepted.
[2 : mcmc] Progress @ 2025-04-18 08:19:56 : 8802 steps taken, and 2273 accepted.
[1 : mcmc] Progress @ 2025-04-18 08:19:59 : 8570 steps taken, and 2264 accepted.
[3 : mcmc] Progress @ 2025-04-18 08:20:34 : 8622 steps taken, and 2303 accepted.
[0 : mcmc] Progress @ 2025-04-18 08:20:35 : 8586 steps taken, and 2346 accepted.
[2 : mcmc] Progress @ 2025-04-18 08:22:01 : 8816 steps taken, and 2279 accepted.
[1 : mcmc] Progress @ 2025-04-18 08:22:05 : 8593 steps taken, and 2273 accepted.
[2 : mcmc] Learn + convergence test @ 2280 samples accepted.
[2 : mcmc] Ready to check convergence and learn a new proposal covmat (waiting for the rest...)
[0 : mcmc] Progress @ 2025-04-18 08:22:38 : 8601 steps taken, and 2347 accepted.
[3 : mcmc] Progress @ 2025-04-18 08:22:39 : 8639 steps taken, and 2310 accepted.
[0 : mcmc] All chains are ready to check convergence and learn a new proposal covmat
[0 : mcmc]  - Acceptance rate: 0.292 = avg([0.3006, 0.2935, 0.2873, 0.2870])
[0 : mcmc]  - Convergence of means: R-1 = 0.149370 after 9214 accepted steps = sum([2348, 2275, 2280, 2311])
[0 : mcmc]  - Updated covariance matrix of proposal pdf.
[2 : mcmc] Progress @ 2025-04-18 08:24:04 : 8821 steps taken, and 2280 accepted.
[1 : mcmc] Progress @ 2025-04-18 08:24:09 : 8609 steps taken, and 2277 accepted.
[0 : mcmc] Progress @ 2025-04-18 08:24:42 : 8615 steps taken, and 2348 accepted.
[3 : mcmc] Progress @ 2025-04-18 08:24:43 : 8653 steps taken, and 2313 accepted.
[1 : mcmc] Learn + convergence test @ 2280 samples accepted.
[1 : mcmc] Ready to check convergence and learn a new proposal covmat (waiting for the rest...)
[2 : mcmc] Progress @ 2025-04-18 08:26:05 : 8836 steps taken, and 2289 accepted.
[1 : mcmc] Progress @ 2025-04-18 08:26:16 : 8625 steps taken, and 2281 accepted.
[3 : mcmc] Progress @ 2025-04-18 08:26:45 : 8667 steps taken, and 2317 accepted.
[0 : mcmc] Progress @ 2025-04-18 08:26:46 : 8629 steps taken, and 2350 accepted.
[2 : mcmc] Progress @ 2025-04-18 08:28:07 : 8854 steps taken, and 2295 accepted.
[1 : mcmc] Progress @ 2025-04-18 08:28:17 : 8639 steps taken, and 2284 accepted.
[0 : mcmc] Progress @ 2025-04-18 08:28:49 : 8644 steps taken, and 2354 accepted.
[3 : mcmc] Progress @ 2025-04-18 08:28:49 : 8682 steps taken, and 2326 accepted.
[2 : mcmc] Progress @ 2025-04-18 08:30:10 : 8883 steps taken, and 2299 accepted.
[1 : mcmc] Progress @ 2025-04-18 08:30:23 : 8654 steps taken, and 2289 accepted.
[3 : mcmc] Progress @ 2025-04-18 08:30:51 : 8697 steps taken, and 2330 accepted.
[0 : mcmc] Progress @ 2025-04-18 08:30:51 : 8659 steps taken, and 2361 accepted.
[2 : mcmc] Progress @ 2025-04-18 08:32:14 : 8914 steps taken, and 2302 accepted.
[1 : mcmc] Progress @ 2025-04-18 08:32:32 : 8674 steps taken, and 2296 accepted.
[0 : mcmc] Progress @ 2025-04-18 08:32:55 : 8677 steps taken, and 2365 accepted.
[3 : mcmc] Progress @ 2025-04-18 08:32:57 : 8716 steps taken, and 2334 accepted.
[2 : mcmc] Progress @ 2025-04-18 08:34:16 : 8932 steps taken, and 2310 accepted.
[1 : mcmc] Progress @ 2025-04-18 08:34:38 : 8691 steps taken, and 2301 accepted.
[0 : mcmc] Progress @ 2025-04-18 08:34:58 : 8693 steps taken, and 2368 accepted.
[3 : mcmc] Progress @ 2025-04-18 08:34:59 : 8732 steps taken, and 2337 accepted.
[2 : mcmc] Progress @ 2025-04-18 08:36:20 : 8952 steps taken, and 2315 accepted.
[3 : mcmc] Learn + convergence test @ 2340 samples accepted.
[3 : mcmc] Ready to check convergence and learn a new proposal covmat (waiting for the rest...)
[1 : mcmc] Progress @ 2025-04-18 08:36:42 : 8707 steps taken, and 2306 accepted.
[3 : mcmc] Progress @ 2025-04-18 08:37:03 : 8748 steps taken, and 2341 accepted.
[0 : mcmc] Progress @ 2025-04-18 08:37:05 : 8710 steps taken, and 2372 accepted.
[2 : mcmc] Progress @ 2025-04-18 08:38:27 : 8969 steps taken, and 2320 accepted.
[1 : mcmc] Progress @ 2025-04-18 08:38:50 : 8723 steps taken, and 2312 accepted.
[3 : mcmc] Progress @ 2025-04-18 08:39:04 : 8771 steps taken, and 2347 accepted.
[0 : mcmc] Progress @ 2025-04-18 08:39:11 : 8725 steps taken, and 2374 accepted.
[2 : mcmc] Progress @ 2025-04-18 08:40:32 : 8986 steps taken, and 2323 accepted.
[1 : mcmc] Progress @ 2025-04-18 08:40:53 : 8738 steps taken, and 2316 accepted.
[3 : mcmc] Progress @ 2025-04-18 08:41:05 : 8788 steps taken, and 2349 accepted.
[0 : mcmc] Progress @ 2025-04-18 08:41:17 : 8744 steps taken, and 2379 accepted.
[2 : mcmc] Progress @ 2025-04-18 08:42:33 : 9002 steps taken, and 2326 accepted.
[1 : mcmc] Progress @ 2025-04-18 08:42:57 : 8755 steps taken, and 2320 accepted.
[3 : mcmc] Progress @ 2025-04-18 08:43:07 : 8807 steps taken, and 2356 accepted.
[0 : mcmc] Progress @ 2025-04-18 08:43:22 : 8762 steps taken, and 2386 accepted.
[2 : mcmc] Progress @ 2025-04-18 08:44:37 : 9018 steps taken, and 2335 accepted.
[1 : mcmc] Progress @ 2025-04-18 08:45:00 : 8770 steps taken, and 2326 accepted.
[3 : mcmc] Progress @ 2025-04-18 08:45:12 : 8823 steps taken, and 2364 accepted.
[0 : mcmc] Progress @ 2025-04-18 08:45:26 : 8779 steps taken, and 2391 accepted.
[2 : mcmc] Progress @ 2025-04-18 08:46:40 : 9033 steps taken, and 2339 accepted.
[1 : mcmc] Progress @ 2025-04-18 08:47:01 : 8783 steps taken, and 2333 accepted.
[3 : mcmc] Progress @ 2025-04-18 08:47:19 : 8840 steps taken, and 2374 accepted.
[2 : mcmc] Learn + convergence test @ 2340 samples accepted.
[2 : mcmc] Ready to check convergence and learn a new proposal covmat (waiting for the rest...)
[0 : mcmc] Progress @ 2025-04-18 08:47:28 : 8793 steps taken, and 2395 accepted.
[2 : mcmc] Progress @ 2025-04-18 08:48:47 : 9051 steps taken, and 2344 accepted.
[1 : mcmc] Progress @ 2025-04-18 08:49:03 : 8797 steps taken, and 2338 accepted.
[3 : mcmc] Progress @ 2025-04-18 08:49:20 : 8859 steps taken, and 2380 accepted.
[0 : mcmc] Progress @ 2025-04-18 08:49:35 : 8809 steps taken, and 2400 accepted.
[0 : mcmc] Learn + convergence test @ 2400 samples accepted.
[0 : mcmc] Ready to check convergence and learn a new proposal covmat (waiting for the rest...)
[0 : mcmc] All chains are ready to check convergence and learn a new proposal covmat
[1 : mcmc] Learn + convergence test @ 2340 samples accepted.
[0 : mcmc]  - Acceptance rate: 0.292 = avg([0.2980, 0.2945, 0.2855, 0.2891])
[0 : mcmc]  - Convergence of means: R-1 = 0.166192 after 9472 accepted steps = sum([2400, 2341, 2348, 2383])
[0 : mcmc]  - Updated covariance matrix of proposal pdf.
[2 : mcmc] Progress @ 2025-04-18 08:50:53 : 9067 steps taken, and 2351 accepted.
[1 : mcmc] Progress @ 2025-04-18 08:51:09 : 8814 steps taken, and 2345 accepted.
[3 : mcmc] Progress @ 2025-04-18 08:51:30 : 8880 steps taken, and 2384 accepted.
[0 : mcmc] Progress @ 2025-04-18 08:51:40 : 8819 steps taken, and 2404 accepted.
[2 : mcmc] Progress @ 2025-04-18 08:52:59 : 9083 steps taken, and 2355 accepted.
[1 : mcmc] Progress @ 2025-04-18 08:53:11 : 8828 steps taken, and 2351 accepted.
[3 : mcmc] Progress @ 2025-04-18 08:53:31 : 8900 steps taken, and 2389 accepted.
[0 : mcmc] Progress @ 2025-04-18 08:53:43 : 8834 steps taken, and 2409 accepted.
[2 : mcmc] Progress @ 2025-04-18 08:55:02 : 9098 steps taken, and 2363 accepted.
[1 : mcmc] Progress @ 2025-04-18 08:55:17 : 8843 steps taken, and 2359 accepted.
[3 : mcmc] Progress @ 2025-04-18 08:55:34 : 8918 steps taken, and 2396 accepted.
[0 : mcmc] Progress @ 2025-04-18 08:55:45 : 8851 steps taken, and 2415 accepted.
[2 : mcmc] Progress @ 2025-04-18 08:57:08 : 9116 steps taken, and 2368 accepted.
[1 : mcmc] Progress @ 2025-04-18 08:57:20 : 8858 steps taken, and 2363 accepted.
[3 : mcmc] Learn + convergence test @ 2400 samples accepted.
[3 : mcmc] Ready to check convergence and learn a new proposal covmat (waiting for the rest...)
[3 : mcmc] Progress @ 2025-04-18 08:57:36 : 8933 steps taken, and 2401 accepted.
[0 : mcmc] Progress @ 2025-04-18 08:57:47 : 8867 steps taken, and 2420 accepted.
[2 : mcmc] Progress @ 2025-04-18 08:59:13 : 9137 steps taken, and 2373 accepted.
[1 : mcmc] Progress @ 2025-04-18 08:59:23 : 8874 steps taken, and 2366 accepted.
[3 : mcmc] Progress @ 2025-04-18 08:59:45 : 8949 steps taken, and 2406 accepted.
[0 : mcmc] Progress @ 2025-04-18 08:59:55 : 8884 steps taken, and 2425 accepted.
[2 : mcmc] Progress @ 2025-04-18 09:01:13 : 9156 steps taken, and 2378 accepted.
[1 : mcmc] Progress @ 2025-04-18 09:01:28 : 8889 steps taken, and 2368 accepted.
[3 : mcmc] Progress @ 2025-04-18 09:01:52 : 8965 steps taken, and 2412 accepted.
[0 : mcmc] Progress @ 2025-04-18 09:01:59 : 8900 steps taken, and 2427 accepted.
[2 : mcmc] Progress @ 2025-04-18 09:03:17 : 9171 steps taken, and 2383 accepted.
[1 : mcmc] Progress @ 2025-04-18 09:03:31 : 8905 steps taken, and 2375 accepted.
[3 : mcmc] Progress @ 2025-04-18 09:03:54 : 8986 steps taken, and 2418 accepted.
[0 : mcmc] Progress @ 2025-04-18 09:04:04 : 8916 steps taken, and 2431 accepted.
[2 : mcmc] Progress @ 2025-04-18 09:05:24 : 9187 steps taken, and 2385 accepted.
[1 : mcmc] Progress @ 2025-04-18 09:05:36 : 8920 steps taken, and 2379 accepted.
[3 : mcmc] Progress @ 2025-04-18 09:05:57 : 9002 steps taken, and 2422 accepted.
[0 : mcmc] Progress @ 2025-04-18 09:06:05 : 8930 steps taken, and 2436 accepted.
[2 : mcmc] Progress @ 2025-04-18 09:07:26 : 9202 steps taken, and 2389 accepted.
[1 : mcmc] Progress @ 2025-04-18 09:07:41 : 8935 steps taken, and 2382 accepted.
[3 : mcmc] Progress @ 2025-04-18 09:08:03 : 9019 steps taken, and 2430 accepted.
[0 : mcmc] Progress @ 2025-04-18 09:08:07 : 8944 steps taken, and 2439 accepted.
[2 : mcmc] Progress @ 2025-04-18 09:09:31 : 9218 steps taken, and 2392 accepted.
[1 : mcmc] Progress @ 2025-04-18 09:09:47 : 8951 steps taken, and 2387 accepted.
[3 : mcmc] Progress @ 2025-04-18 09:10:13 : 9034 steps taken, and 2435 accepted.
[0 : mcmc] Progress @ 2025-04-18 09:10:13 : 8959 steps taken, and 2440 accepted.
[2 : mcmc] Progress @ 2025-04-18 09:11:35 : 9234 steps taken, and 2394 accepted.
[1 : mcmc] Progress @ 2025-04-18 09:11:56 : 8966 steps taken, and 2393 accepted.
[3 : mcmc] Progress @ 2025-04-18 09:12:17 : 9049 steps taken, and 2440 accepted.
[0 : mcmc] Progress @ 2025-04-18 09:12:19 : 8974 steps taken, and 2445 accepted.
[1 : mcmc] Learn + convergence test @ 2400 samples accepted.
[1 : mcmc] Ready to check convergence and learn a new proposal covmat (waiting for the rest...)
[2 : mcmc] Progress @ 2025-04-18 09:13:43 : 9250 steps taken, and 2395 accepted.
[1 : mcmc] Progress @ 2025-04-18 09:14:03 : 8984 steps taken, and 2401 accepted.
[3 : mcmc] Progress @ 2025-04-18 09:14:24 : 9064 steps taken, and 2447 accepted.
[0 : mcmc] Progress @ 2025-04-18 09:14:28 : 8990 steps taken, and 2448 accepted.
[2 : mcmc] Learn + convergence test @ 2400 samples accepted.
[2 : mcmc] Ready to check convergence and learn a new proposal covmat (waiting for the rest...)
[2 : mcmc] Progress @ 2025-04-18 09:15:50 : 9265 steps taken, and 2400 accepted.
[1 : mcmc] Progress @ 2025-04-18 09:16:04 : 8998 steps taken, and 2407 accepted.
[0 : mcmc] Progress @ 2025-04-18 09:16:32 : 9005 steps taken, and 2455 accepted.
[3 : mcmc] Progress @ 2025-04-18 09:16:38 : 9079 steps taken, and 2449 accepted.
[2 : mcmc] Progress @ 2025-04-18 09:17:55 : 9281 steps taken, and 2402 accepted.
[1 : mcmc] Progress @ 2025-04-18 09:18:13 : 9027 steps taken, and 2413 accepted.
[0 : mcmc] Learn + convergence test @ 2460 samples accepted.
[0 : mcmc] Ready to check convergence and learn a new proposal covmat (waiting for the rest...)
[0 : mcmc] All chains are ready to check convergence and learn a new proposal covmat
[3 : mcmc] Progress @ 2025-04-18 09:18:43 : 9093 steps taken, and 2455 accepted.
[0 : mcmc]  - Acceptance rate: 0.292 = avg([0.2966, 0.2965, 0.2850, 0.2902])
[0 : mcmc]  - Convergence of means: R-1 = 0.191176 after 9734 accepted steps = sum([2460, 2416, 2403, 2455])
[0 : mcmc]  - Updated covariance matrix of proposal pdf.
[0 : mcmc] Progress @ 2025-04-18 09:18:52 : 9021 steps taken, and 2461 accepted.
[3 : mcmc] Learn + convergence test @ 2460 samples accepted.
[3 : mcmc] Ready to check convergence and learn a new proposal covmat (waiting for the rest...)
[2 : mcmc] Progress @ 2025-04-18 09:19:57 : 9297 steps taken, and 2407 accepted.
[1 : mcmc] Progress @ 2025-04-18 09:20:15 : 9040 steps taken, and 2420 accepted.
[3 : mcmc] Progress @ 2025-04-18 09:20:52 : 9112 steps taken, and 2465 accepted.
[0 : mcmc] Progress @ 2025-04-18 09:20:57 : 9039 steps taken, and 2465 accepted.
[2 : mcmc] Progress @ 2025-04-18 09:21:59 : 9312 steps taken, and 2412 accepted.
[1 : mcmc] Progress @ 2025-04-18 09:22:16 : 9056 steps taken, and 2422 accepted.
[3 : mcmc] Progress @ 2025-04-18 09:22:59 : 9129 steps taken, and 2468 accepted.
[0 : mcmc] Progress @ 2025-04-18 09:23:01 : 9054 steps taken, and 2470 accepted.
[2 : mcmc] Progress @ 2025-04-18 09:24:05 : 9328 steps taken, and 2414 accepted.
[1 : mcmc] Progress @ 2025-04-18 09:24:17 : 9071 steps taken, and 2427 accepted.
[0 : mcmc] Progress @ 2025-04-18 09:25:04 : 9068 steps taken, and 2476 accepted.
[3 : mcmc] Progress @ 2025-04-18 09:25:04 : 9147 steps taken, and 2472 accepted.
[2 : mcmc] Progress @ 2025-04-18 09:26:11 : 9348 steps taken, and 2423 accepted.
[1 : mcmc] Progress @ 2025-04-18 09:26:23 : 9089 steps taken, and 2429 accepted.
[3 : mcmc] Progress @ 2025-04-18 09:27:04 : 9168 steps taken, and 2478 accepted.
[0 : mcmc] Progress @ 2025-04-18 09:27:06 : 9083 steps taken, and 2484 accepted.
[2 : mcmc] Progress @ 2025-04-18 09:28:16 : 9367 steps taken, and 2431 accepted.
[1 : mcmc] Progress @ 2025-04-18 09:28:24 : 9107 steps taken, and 2432 accepted.
[0 : mcmc] Progress @ 2025-04-18 09:29:07 : 9098 steps taken, and 2487 accepted.
[3 : mcmc] Progress @ 2025-04-18 09:29:11 : 9194 steps taken, and 2484 accepted.
[2 : mcmc] Progress @ 2025-04-18 09:30:21 : 9390 steps taken, and 2438 accepted.
[1 : mcmc] Progress @ 2025-04-18 09:30:29 : 9125 steps taken, and 2435 accepted.
[0 : mcmc] Progress @ 2025-04-18 09:31:16 : 9114 steps taken, and 2493 accepted.
[3 : mcmc] Progress @ 2025-04-18 09:31:16 : 9214 steps taken, and 2489 accepted.
[2 : mcmc] Progress @ 2025-04-18 09:32:27 : 9411 steps taken, and 2442 accepted.
[1 : mcmc] Progress @ 2025-04-18 09:32:36 : 9141 steps taken, and 2437 accepted.
[0 : mcmc] Progress @ 2025-04-18 09:33:21 : 9131 steps taken, and 2500 accepted.
[3 : mcmc] Progress @ 2025-04-18 09:33:21 : 9229 steps taken, and 2492 accepted.
[2 : mcmc] Progress @ 2025-04-18 09:34:36 : 9429 steps taken, and 2447 accepted.
[1 : mcmc] Progress @ 2025-04-18 09:34:42 : 9156 steps taken, and 2444 accepted.
[3 : mcmc] Progress @ 2025-04-18 09:35:25 : 9261 steps taken, and 2496 accepted.
[0 : mcmc] Progress @ 2025-04-18 09:35:29 : 9149 steps taken, and 2504 accepted.
[2 : mcmc] Progress @ 2025-04-18 09:36:38 : 9447 steps taken, and 2452 accepted.
[1 : mcmc] Progress @ 2025-04-18 09:36:45 : 9172 steps taken, and 2447 accepted.
[3 : mcmc] Progress @ 2025-04-18 09:37:32 : 9278 steps taken, and 2500 accepted.
[0 : mcmc] Progress @ 2025-04-18 09:37:39 : 9170 steps taken, and 2508 accepted.
[2 : mcmc] Progress @ 2025-04-18 09:38:44 : 9462 steps taken, and 2457 accepted.
[1 : mcmc] Progress @ 2025-04-18 09:38:52 : 9190 steps taken, and 2451 accepted.
[3 : mcmc] Progress @ 2025-04-18 09:39:36 : 9293 steps taken, and 2505 accepted.
[0 : mcmc] Progress @ 2025-04-18 09:39:43 : 9187 steps taken, and 2514 accepted.
[2 : mcmc] Learn + convergence test @ 2460 samples accepted.
[2 : mcmc] Ready to check convergence and learn a new proposal covmat (waiting for the rest...)
[2 : mcmc] Progress @ 2025-04-18 09:40:44 : 9477 steps taken, and 2462 accepted.
[1 : mcmc] Progress @ 2025-04-18 09:40:58 : 9209 steps taken, and 2459 accepted.
[3 : mcmc] Progress @ 2025-04-18 09:41:37 : 9311 steps taken, and 2512 accepted.
[0 : mcmc] Progress @ 2025-04-18 09:41:43 : 9203 steps taken, and 2519 accepted.
[0 : mcmc] Learn + convergence test @ 2520 samples accepted.
[0 : mcmc] Ready to check convergence and learn a new proposal covmat (waiting for the rest...)
[1 : mcmc] Learn + convergence test @ 2460 samples accepted.
[1 : mcmc] Ready to check convergence and learn a new proposal covmat (waiting for the rest...)
[0 : mcmc] All chains are ready to check convergence and learn a new proposal covmat
[0 : mcmc]  - Acceptance rate: 0.291 = avg([0.2973, 0.2936, 0.2837, 0.2892])
[0 : mcmc]  - Convergence of means: R-1 = 0.215134 after 9961 accepted steps = sum([2522, 2461, 2463, 2515])
[0 : mcmc]  - Updated covariance matrix of proposal pdf.
[2 : mcmc] Progress @ 2025-04-18 09:43:12 : 9494 steps taken, and 2464 accepted.
[1 : mcmc] Progress @ 2025-04-18 09:43:13 : 9218 steps taken, and 2462 accepted.
[3 : mcmc] Progress @ 2025-04-18 09:43:38 : 9323 steps taken, and 2517 accepted.
[0 : mcmc] Progress @ 2025-04-18 09:43:43 : 9220 steps taken, and 2524 accepted.
[1 : mcmc] Progress @ 2025-04-18 09:45:14 : 9235 steps taken, and 2468 accepted.
[3 : mcmc] Learn + convergence test @ 2520 samples accepted.
[3 : mcmc] Ready to check convergence and learn a new proposal covmat (waiting for the rest...)
[2 : mcmc] Progress @ 2025-04-18 09:45:21 : 9510 steps taken, and 2467 accepted.
[3 : mcmc] Progress @ 2025-04-18 09:45:41 : 9338 steps taken, and 2520 accepted.
[0 : mcmc] Progress @ 2025-04-18 09:45:51 : 9235 steps taken, and 2529 accepted.
[1 : mcmc] Progress @ 2025-04-18 09:47:16 : 9255 steps taken, and 2474 accepted.
[2 : mcmc] Progress @ 2025-04-18 09:47:22 : 9524 steps taken, and 2473 accepted.
[3 : mcmc] Progress @ 2025-04-18 09:47:46 : 9353 steps taken, and 2527 accepted.
[0 : mcmc] Progress @ 2025-04-18 09:47:55 : 9250 steps taken, and 2534 accepted.
[1 : mcmc] Progress @ 2025-04-18 09:49:16 : 9279 steps taken, and 2480 accepted.
[2 : mcmc] Progress @ 2025-04-18 09:49:24 : 9539 steps taken, and 2478 accepted.
[3 : mcmc] Progress @ 2025-04-18 09:49:52 : 9369 steps taken, and 2529 accepted.
[0 : mcmc] Progress @ 2025-04-18 09:49:58 : 9264 steps taken, and 2538 accepted.
[1 : mcmc] Progress @ 2025-04-18 09:51:24 : 9297 steps taken, and 2483 accepted.
[2 : mcmc] Progress @ 2025-04-18 09:51:29 : 9553 steps taken, and 2482 accepted.
[3 : mcmc] Progress @ 2025-04-18 09:51:53 : 9384 steps taken, and 2530 accepted.
[0 : mcmc] Progress @ 2025-04-18 09:52:07 : 9281 steps taken, and 2542 accepted.
[1 : mcmc] Progress @ 2025-04-18 09:53:25 : 9312 steps taken, and 2489 accepted.
[2 : mcmc] Progress @ 2025-04-18 09:53:30 : 9570 steps taken, and 2487 accepted.
[3 : mcmc] Progress @ 2025-04-18 09:53:56 : 9404 steps taken, and 2533 accepted.
[0 : mcmc] Progress @ 2025-04-18 09:54:07 : 9296 steps taken, and 2551 accepted.
[1 : mcmc] Progress @ 2025-04-18 09:55:28 : 9327 steps taken, and 2494 accepted.
[2 : mcmc] Progress @ 2025-04-18 09:55:38 : 9586 steps taken, and 2490 accepted.
[3 : mcmc] Progress @ 2025-04-18 09:56:02 : 9419 steps taken, and 2539 accepted.
[0 : mcmc] Progress @ 2025-04-18 09:56:13 : 9313 steps taken, and 2556 accepted.
[1 : mcmc] Progress @ 2025-04-18 09:57:38 : 9342 steps taken, and 2499 accepted.
[2 : mcmc] Progress @ 2025-04-18 09:57:47 : 9601 steps taken, and 2491 accepted.
[3 : mcmc] Progress @ 2025-04-18 09:58:10 : 9437 steps taken, and 2544 accepted.
[0 : mcmc] Progress @ 2025-04-18 09:58:21 : 9329 steps taken, and 2559 accepted.
[1 : mcmc] Progress @ 2025-04-18 09:59:43 : 9357 steps taken, and 2503 accepted.
[2 : mcmc] Progress @ 2025-04-18 09:59:48 : 9616 steps taken, and 2495 accepted.
[3 : mcmc] Progress @ 2025-04-18 10:00:13 : 9456 steps taken, and 2550 accepted.
[0 : mcmc] Progress @ 2025-04-18 10:00:26 : 9348 steps taken, and 2563 accepted.
[1 : mcmc] Progress @ 2025-04-18 10:01:44 : 9370 steps taken, and 2506 accepted.
[2 : mcmc] Progress @ 2025-04-18 10:01:48 : 9630 steps taken, and 2500 accepted.
[3 : mcmc] Progress @ 2025-04-18 10:02:14 : 9476 steps taken, and 2556 accepted.
[0 : mcmc] Progress @ 2025-04-18 10:02:36 : 9363 steps taken, and 2570 accepted.
[1 : mcmc] Progress @ 2025-04-18 10:03:48 : 9385 steps taken, and 2509 accepted.
[2 : mcmc] Progress @ 2025-04-18 10:03:53 : 9648 steps taken, and 2508 accepted.
[3 : mcmc] Progress @ 2025-04-18 10:04:18 : 9491 steps taken, and 2558 accepted.
[0 : mcmc] Progress @ 2025-04-18 10:04:43 : 9380 steps taken, and 2576 accepted.
[1 : mcmc] Progress @ 2025-04-18 10:05:51 : 9399 steps taken, and 2515 accepted.
[2 : mcmc] Progress @ 2025-04-18 10:05:56 : 9663 steps taken, and 2511 accepted.
[3 : mcmc] Progress @ 2025-04-18 10:06:22 : 9510 steps taken, and 2561 accepted.
[0 : mcmc] Learn + convergence test @ 2580 samples accepted.
[0 : mcmc] Ready to check convergence and learn a new proposal covmat (waiting for the rest...)
[0 : mcmc] Progress @ 2025-04-18 10:06:48 : 9395 steps taken, and 2581 accepted.
[1 : mcmc] Progress @ 2025-04-18 10:07:56 : 9415 steps taken, and 2518 accepted.
[2 : mcmc] Progress @ 2025-04-18 10:08:00 : 9681 steps taken, and 2516 accepted.
[3 : mcmc] Progress @ 2025-04-18 10:08:25 : 9525 steps taken, and 2567 accepted.
[0 : mcmc] Progress @ 2025-04-18 10:08:51 : 9410 steps taken, and 2584 accepted.
[1 : mcmc] Learn + convergence test @ 2520 samples accepted.
[1 : mcmc] Ready to check convergence and learn a new proposal covmat (waiting for the rest...)
[2 : mcmc] Learn + convergence test @ 2520 samples accepted.
[2 : mcmc] Ready to check convergence and learn a new proposal covmat (waiting for the rest...)
[1 : mcmc] Progress @ 2025-04-18 10:09:58 : 9430 steps taken, and 2522 accepted.
[0 : mcmc] All chains are ready to check convergence and learn a new proposal covmat
[0 : mcmc]  - Acceptance rate: 0.291 = avg([0.3008, 0.2914, 0.2828, 0.2869])
[0 : mcmc]  - Convergence of means: R-1 = 0.238392 after 10204 accepted steps = sum([2589, 2522, 2521, 2572])
[0 : mcmc]  - Updated covariance matrix of proposal pdf.
[3 : mcmc] Progress @ 2025-04-18 10:10:28 : 9542 steps taken, and 2572 accepted.
[2 : mcmc] Progress @ 2025-04-18 10:10:33 : 9698 steps taken, and 2521 accepted.
[0 : mcmc] Progress @ 2025-04-18 10:10:56 : 9426 steps taken, and 2590 accepted.
[1 : mcmc] Progress @ 2025-04-18 10:11:59 : 9448 steps taken, and 2529 accepted.
[3 : mcmc] Progress @ 2025-04-18 10:12:31 : 9567 steps taken, and 2579 accepted.
[2 : mcmc] Progress @ 2025-04-18 10:12:36 : 9724 steps taken, and 2526 accepted.
[3 : mcmc] Learn + convergence test @ 2580 samples accepted.
[3 : mcmc] Ready to check convergence and learn a new proposal covmat (waiting for the rest...)
[0 : mcmc] Progress @ 2025-04-18 10:12:57 : 9453 steps taken, and 2595 accepted.
[1 : mcmc] Progress @ 2025-04-18 10:14:03 : 9477 steps taken, and 2536 accepted.
[3 : mcmc] Progress @ 2025-04-18 10:14:32 : 9604 steps taken, and 2589 accepted.
[2 : mcmc] Progress @ 2025-04-18 10:14:39 : 9752 steps taken, and 2536 accepted.
[0 : mcmc] Progress @ 2025-04-18 10:14:58 : 9477 steps taken, and 2604 accepted.
[1 : mcmc] Progress @ 2025-04-18 10:16:06 : 9502 steps taken, and 2545 accepted.
[3 : mcmc] Progress @ 2025-04-18 10:16:33 : 9637 steps taken, and 2599 accepted.
[2 : mcmc] Progress @ 2025-04-18 10:16:40 : 9778 steps taken, and 2541 accepted.
[0 : mcmc] Progress @ 2025-04-18 10:17:02 : 9503 steps taken, and 2612 accepted.
[1 : mcmc] Progress @ 2025-04-18 10:18:09 : 9529 steps taken, and 2554 accepted.
[3 : mcmc] Progress @ 2025-04-18 10:18:36 : 9662 steps taken, and 2605 accepted.
[2 : mcmc] Progress @ 2025-04-18 10:18:43 : 9802 steps taken, and 2544 accepted.
[0 : mcmc] Progress @ 2025-04-18 10:19:07 : 9531 steps taken, and 2622 accepted.
[1 : mcmc] Progress @ 2025-04-18 10:20:12 : 9552 steps taken, and 2558 accepted.
[3 : mcmc] Progress @ 2025-04-18 10:20:36 : 9688 steps taken, and 2611 accepted.
[2 : mcmc] Progress @ 2025-04-18 10:20:48 : 9828 steps taken, and 2554 accepted.
[0 : mcmc] Progress @ 2025-04-18 10:21:09 : 9555 steps taken, and 2630 accepted.
[1 : mcmc] Progress @ 2025-04-18 10:22:12 : 9576 steps taken, and 2562 accepted.
[3 : mcmc] Progress @ 2025-04-18 10:22:40 : 9723 steps taken, and 2617 accepted.
[2 : mcmc] Progress @ 2025-04-18 10:22:50 : 9857 steps taken, and 2560 accepted.
[0 : mcmc] Progress @ 2025-04-18 10:23:11 : 9580 steps taken, and 2639 accepted.
[0 : mcmc] Learn + convergence test @ 2640 samples accepted.
[0 : mcmc] Ready to check convergence and learn a new proposal covmat (waiting for the rest...)
[1 : mcmc] Progress @ 2025-04-18 10:24:17 : 9601 steps taken, and 2567 accepted.
[3 : mcmc] Progress @ 2025-04-18 10:24:42 : 9749 steps taken, and 2628 accepted.
[2 : mcmc] Progress @ 2025-04-18 10:24:55 : 9881 steps taken, and 2569 accepted.
[0 : mcmc] Progress @ 2025-04-18 10:25:12 : 9602 steps taken, and 2643 accepted.
[1 : mcmc] Progress @ 2025-04-18 10:26:23 : 9630 steps taken, and 2576 accepted.
[3 : mcmc] Progress @ 2025-04-18 10:26:43 : 9772 steps taken, and 2638 accepted.
[1 : mcmc] Learn + convergence test @ 2580 samples accepted.
[1 : mcmc] Ready to check convergence and learn a new proposal covmat (waiting for the rest...)
[2 : mcmc] Progress @ 2025-04-18 10:26:56 : 9905 steps taken, and 2572 accepted.
[3 : mcmc] Learn + convergence test @ 2640 samples accepted.
[0 : mcmc] Progress @ 2025-04-18 10:27:13 : 9629 steps taken, and 2648 accepted.
[1 : mcmc] Progress @ 2025-04-18 10:28:25 : 9655 steps taken, and 2584 accepted.
[3 : mcmc] Progress @ 2025-04-18 10:28:49 : 9798 steps taken, and 2646 accepted.
[2 : mcmc] Progress @ 2025-04-18 10:28:56 : 9932 steps taken, and 2575 accepted.
[0 : mcmc] Progress @ 2025-04-18 10:29:17 : 9671 steps taken, and 2656 accepted.
[2 : mcmc] Learn + convergence test @ 2580 samples accepted.
[2 : mcmc] Ready to check convergence and learn a new proposal covmat (waiting for the rest...)
[0 : mcmc] All chains are ready to check convergence and learn a new proposal covmat
[0 : mcmc]  - Acceptance rate: 0.288 = avg([0.2979, 0.2880, 0.2785, 0.2863])
[0 : mcmc]  - Convergence of means: R-1 = 0.231454 after 10483 accepted steps = sum([2661, 2587, 2580, 2655])
[0 : mcmc]  - Updated covariance matrix of proposal pdf.
[1 : mcmc] Progress @ 2025-04-18 10:30:37 : 9680 steps taken, and 2587 accepted.
[3 : mcmc] Progress @ 2025-04-18 10:30:52 : 9824 steps taken, and 2656 accepted.
[2 : mcmc] Progress @ 2025-04-18 10:30:56 : 9957 steps taken, and 2582 accepted.
[0 : mcmc] Progress @ 2025-04-18 10:31:21 : 9708 steps taken, and 2664 accepted.
[1 : mcmc] Progress @ 2025-04-18 10:32:39 : 9704 steps taken, and 2590 accepted.
[3 : mcmc] Progress @ 2025-04-18 10:32:56 : 9852 steps taken, and 2665 accepted.
[2 : mcmc] Progress @ 2025-04-18 10:33:02 : 9982 steps taken, and 2589 accepted.
[0 : mcmc] Progress @ 2025-04-18 10:33:25 : 9731 steps taken, and 2674 accepted.
[1 : mcmc] Progress @ 2025-04-18 10:34:45 : 9728 steps taken, and 2598 accepted.
[3 : mcmc] Progress @ 2025-04-18 10:34:56 : 9875 steps taken, and 2676 accepted.
[2 : mcmc] Progress @ 2025-04-18 10:35:04 : 10004 steps taken, and 2597 accepted.
[0 : mcmc] Progress @ 2025-04-18 10:35:25 : 9752 steps taken, and 2675 accepted.
[1 : mcmc] Progress @ 2025-04-18 10:36:50 : 9752 steps taken, and 2609 accepted.
[3 : mcmc] Progress @ 2025-04-18 10:36:59 : 9900 steps taken, and 2680 accepted.
[2 : mcmc] Progress @ 2025-04-18 10:37:04 : 10027 steps taken, and 2604 accepted.
[0 : mcmc] Progress @ 2025-04-18 10:37:29 : 9776 steps taken, and 2679 accepted.
[1 : mcmc] Progress @ 2025-04-18 10:38:55 : 9780 steps taken, and 2622 accepted.
[3 : mcmc] Progress @ 2025-04-18 10:39:02 : 9927 steps taken, and 2687 accepted.
[2 : mcmc] Progress @ 2025-04-18 10:39:05 : 10052 steps taken, and 2618 accepted.
[0 : mcmc] Progress @ 2025-04-18 10:39:29 : 9802 steps taken, and 2689 accepted.
[1 : mcmc] Progress @ 2025-04-18 10:40:57 : 9812 steps taken, and 2633 accepted.
[3 : mcmc] Progress @ 2025-04-18 10:41:04 : 9970 steps taken, and 2690 accepted.
[2 : mcmc] Progress @ 2025-04-18 10:41:08 : 10080 steps taken, and 2622 accepted.
[0 : mcmc] Progress @ 2025-04-18 10:41:31 : 9828 steps taken, and 2692 accepted.
[1 : mcmc] Learn + convergence test @ 2640 samples accepted.
[1 : mcmc] Ready to check convergence and learn a new proposal covmat (waiting for the rest...)
[1 : mcmc] Progress @ 2025-04-18 10:42:58 : 9840 steps taken, and 2643 accepted.
[3 : mcmc] Progress @ 2025-04-18 10:43:06 : 9997 steps taken, and 2697 accepted.
[2 : mcmc] Progress @ 2025-04-18 10:43:12 : 10108 steps taken, and 2631 accepted.
[0 : mcmc] Progress @ 2025-04-18 10:43:32 : 9852 steps taken, and 2699 accepted.
[3 : mcmc] Learn + convergence test @ 2700 samples accepted.
[3 : mcmc] Ready to check convergence and learn a new proposal covmat (waiting for the rest...)
[0 : mcmc] Learn + convergence test @ 2700 samples accepted.
[0 : mcmc] Ready to check convergence and learn a new proposal covmat (waiting for the rest...)
[2 : mcmc] Learn + convergence test @ 2640 samples accepted.
[2 : mcmc] Ready to check convergence and learn a new proposal covmat (waiting for the rest...)
[1 : mcmc] Progress @ 2025-04-18 10:44:59 : 9864 steps taken, and 2648 accepted.
[3 : mcmc] Progress @ 2025-04-18 10:45:11 : 10029 steps taken, and 2702 accepted.
[0 : mcmc] All chains are ready to check convergence and learn a new proposal covmat
[0 : mcmc]  - Acceptance rate: 0.288 = avg([0.2974, 0.2889, 0.2822, 0.2824])
[0 : mcmc]  - Convergence of means: R-1 = 0.197197 after 10699 accepted steps = sum([2708, 2648, 2640, 2703])
[0 : mcmc]  - Updated covariance matrix of proposal pdf.
[2 : mcmc] Progress @ 2025-04-18 10:45:34 : 10130 steps taken, and 2640 accepted.
[0 : mcmc] Progress @ 2025-04-18 10:45:36 : 9874 steps taken, and 2709 accepted.
[1 : mcmc] Progress @ 2025-04-18 10:47:01 : 9883 steps taken, and 2651 accepted.
[3 : mcmc] Progress @ 2025-04-18 10:47:15 : 10062 steps taken, and 2709 accepted.
[0 : mcmc] Progress @ 2025-04-18 10:47:37 : 9898 steps taken, and 2722 accepted.
[2 : mcmc] Progress @ 2025-04-18 10:47:39 : 10158 steps taken, and 2650 accepted.
[1 : mcmc] Progress @ 2025-04-18 10:49:02 : 9910 steps taken, and 2659 accepted.
[3 : mcmc] Progress @ 2025-04-18 10:49:18 : 10091 steps taken, and 2718 accepted.
[0 : mcmc] Progress @ 2025-04-18 10:49:38 : 9922 steps taken, and 2731 accepted.
[2 : mcmc] Progress @ 2025-04-18 10:49:41 : 10188 steps taken, and 2661 accepted.
[1 : mcmc] Progress @ 2025-04-18 10:51:06 : 9934 steps taken, and 2666 accepted.
[3 : mcmc] Progress @ 2025-04-18 10:51:19 : 10115 steps taken, and 2725 accepted.
[0 : mcmc] Progress @ 2025-04-18 10:51:38 : 9960 steps taken, and 2743 accepted.
[2 : mcmc] Progress @ 2025-04-18 10:51:45 : 10221 steps taken, and 2669 accepted.
[1 : mcmc] Progress @ 2025-04-18 10:53:10 : 9959 steps taken, and 2673 accepted.
[3 : mcmc] Progress @ 2025-04-18 10:53:21 : 10145 steps taken, and 2728 accepted.
[0 : mcmc] Progress @ 2025-04-18 10:53:41 : 9994 steps taken, and 2748 accepted.
[2 : mcmc] Progress @ 2025-04-18 10:53:46 : 10248 steps taken, and 2676 accepted.
[1 : mcmc] Progress @ 2025-04-18 10:55:15 : 9984 steps taken, and 2677 accepted.
[3 : mcmc] Progress @ 2025-04-18 10:55:22 : 10173 steps taken, and 2735 accepted.
[0 : mcmc] Progress @ 2025-04-18 10:55:41 : 10021 steps taken, and 2753 accepted.
[2 : mcmc] Progress @ 2025-04-18 10:55:48 : 10274 steps taken, and 2682 accepted.
[1 : mcmc] Progress @ 2025-04-18 10:57:19 : 10011 steps taken, and 2682 accepted.
[3 : mcmc] Progress @ 2025-04-18 10:57:26 : 10202 steps taken, and 2744 accepted.
[0 : mcmc] Progress @ 2025-04-18 10:57:45 : 10050 steps taken, and 2759 accepted.
[2 : mcmc] Progress @ 2025-04-18 10:57:51 : 10302 steps taken, and 2689 accepted.
[0 : mcmc] Learn + convergence test @ 2760 samples accepted.
[0 : mcmc] Ready to check convergence and learn a new proposal covmat (waiting for the rest...)
[1 : mcmc] Progress @ 2025-04-18 10:59:25 : 10039 steps taken, and 2688 accepted.
[3 : mcmc] Progress @ 2025-04-18 10:59:28 : 10236 steps taken, and 2753 accepted.
[0 : mcmc] Progress @ 2025-04-18 10:59:49 : 10077 steps taken, and 2768 accepted.
[2 : mcmc] Progress @ 2025-04-18 10:59:51 : 10327 steps taken, and 2697 accepted.
[2 : mcmc] Learn + convergence test @ 2700 samples accepted.
[2 : mcmc] Ready to check convergence and learn a new proposal covmat (waiting for the rest...)
[3 : mcmc] Learn + convergence test @ 2760 samples accepted.
[3 : mcmc] Ready to check convergence and learn a new proposal covmat (waiting for the rest...)
[1 : mcmc] Progress @ 2025-04-18 11:01:27 : 10068 steps taken, and 2697 accepted.
[3 : mcmc] Progress @ 2025-04-18 11:01:30 : 10268 steps taken, and 2762 accepted.
[0 : mcmc] Progress @ 2025-04-18 11:01:49 : 10105 steps taken, and 2779 accepted.
[2 : mcmc] Progress @ 2025-04-18 11:01:52 : 10352 steps taken, and 2705 accepted.
[1 : mcmc] Learn + convergence test @ 2700 samples accepted.
[1 : mcmc] Ready to check convergence and learn a new proposal covmat (waiting for the rest...)
[0 : mcmc] All chains are ready to check convergence and learn a new proposal covmat
[0 : mcmc]  - Acceptance rate: 0.287 = avg([0.2975, 0.2866, 0.2821, 0.2834])
[0 : mcmc]  - Convergence of means: R-1 = 0.187237 after 10956 accepted steps = sum([2782, 2700, 2706, 2768])
[0 : mcmc]  - Updated covariance matrix of proposal pdf.
[1 : mcmc] Progress @ 2025-04-18 11:03:28 : 10087 steps taken, and 2704 accepted.
[3 : mcmc] Progress @ 2025-04-18 11:03:33 : 10293 steps taken, and 2773 accepted.
[0 : mcmc] Progress @ 2025-04-18 11:03:50 : 10133 steps taken, and 2784 accepted.
[2 : mcmc] Progress @ 2025-04-18 11:03:58 : 10375 steps taken, and 2712 accepted.
[1 : mcmc] Progress @ 2025-04-18 11:05:31 : 10111 steps taken, and 2710 accepted.
[3 : mcmc] Progress @ 2025-04-18 11:05:38 : 10320 steps taken, and 2782 accepted.
[0 : mcmc] Progress @ 2025-04-18 11:05:53 : 10162 steps taken, and 2793 accepted.
[2 : mcmc] Progress @ 2025-04-18 11:06:02 : 10404 steps taken, and 2719 accepted.
[1 : mcmc] Progress @ 2025-04-18 11:07:34 : 10136 steps taken, and 2720 accepted.
[3 : mcmc] Progress @ 2025-04-18 11:07:42 : 10344 steps taken, and 2785 accepted.
[0 : mcmc] Progress @ 2025-04-18 11:07:58 : 10188 steps taken, and 2797 accepted.
[2 : mcmc] Progress @ 2025-04-18 11:08:02 : 10430 steps taken, and 2724 accepted.
[1 : mcmc] Progress @ 2025-04-18 11:09:38 : 10161 steps taken, and 2729 accepted.
[3 : mcmc] Progress @ 2025-04-18 11:09:46 : 10369 steps taken, and 2790 accepted.
[0 : mcmc] Progress @ 2025-04-18 11:09:59 : 10217 steps taken, and 2805 accepted.
[2 : mcmc] Progress @ 2025-04-18 11:10:07 : 10455 steps taken, and 2728 accepted.
[1 : mcmc] Progress @ 2025-04-18 11:11:41 : 10185 steps taken, and 2735 accepted.
[3 : mcmc] Progress @ 2025-04-18 11:11:49 : 10395 steps taken, and 2797 accepted.
[0 : mcmc] Progress @ 2025-04-18 11:12:01 : 10245 steps taken, and 2813 accepted.
[2 : mcmc] Progress @ 2025-04-18 11:12:11 : 10479 steps taken, and 2736 accepted.
[0 : mcmc] Learn + convergence test @ 2820 samples accepted.
[0 : mcmc] Ready to check convergence and learn a new proposal covmat (waiting for the rest...)
[1 : mcmc] Progress @ 2025-04-18 11:13:42 : 10216 steps taken, and 2742 accepted.
[3 : mcmc] Progress @ 2025-04-18 11:13:51 : 10425 steps taken, and 2807 accepted.
[0 : mcmc] Progress @ 2025-04-18 11:14:02 : 10272 steps taken, and 2822 accepted.
[2 : mcmc] Progress @ 2025-04-18 11:14:15 : 10505 steps taken, and 2745 accepted.
[1 : mcmc] Progress @ 2025-04-18 11:15:44 : 10253 steps taken, and 2748 accepted.
[3 : mcmc] Progress @ 2025-04-18 11:15:54 : 10449 steps taken, and 2812 accepted.
[0 : mcmc] Progress @ 2025-04-18 11:16:08 : 10296 steps taken, and 2827 accepted.
[2 : mcmc] Progress @ 2025-04-18 11:16:18 : 10531 steps taken, and 2754 accepted.
[2 : mcmc] Learn + convergence test @ 2760 samples accepted.
[2 : mcmc] Ready to check convergence and learn a new proposal covmat (waiting for the rest...)
[1 : mcmc] Progress @ 2025-04-18 11:17:46 : 10277 steps taken, and 2751 accepted.
[3 : mcmc] Progress @ 2025-04-18 11:17:58 : 10479 steps taken, and 2820 accepted.
[3 : mcmc] Learn + convergence test @ 2820 samples accepted.
[3 : mcmc] Ready to check convergence and learn a new proposal covmat (waiting for the rest...)
[0 : mcmc] Progress @ 2025-04-18 11:18:09 : 10319 steps taken, and 2834 accepted.
[2 : mcmc] Progress @ 2025-04-18 11:18:18 : 10560 steps taken, and 2762 accepted.
[1 : mcmc] Learn + convergence test @ 2760 samples accepted.
[1 : mcmc] Ready to check convergence and learn a new proposal covmat (waiting for the rest...)
[0 : mcmc] Progress @ 2025-04-18 11:20:10 : 10344 steps taken, and 2841 accepted.
[0 : mcmc] All chains are ready to check convergence and learn a new proposal covmat
[0 : mcmc]  - Acceptance rate: 0.286 = avg([0.2951, 0.2861, 0.2816, 0.2820])
[0 : mcmc]  - Convergence of means: R-1 = 0.182424 after 11197 accepted steps = sum([2842, 2760, 2770, 2825])
[0 : mcmc]  - Updated covariance matrix of proposal pdf.
[2 : mcmc] Progress @ 2025-04-18 11:20:24 : 10588 steps taken, and 2771 accepted.
[3 : mcmc] Progress @ 2025-04-18 11:20:24 : 10502 steps taken, and 2825 accepted.
[1 : mcmc] Progress @ 2025-04-18 11:20:25 : 10301 steps taken, and 2761 accepted.
[0 : mcmc] Progress @ 2025-04-18 11:22:11 : 10374 steps taken, and 2852 accepted.
[3 : mcmc] Progress @ 2025-04-18 11:22:26 : 10528 steps taken, and 2833 accepted.
[2 : mcmc] Progress @ 2025-04-18 11:22:26 : 10616 steps taken, and 2777 accepted.
[1 : mcmc] Progress @ 2025-04-18 11:22:32 : 10325 steps taken, and 2770 accepted.
[0 : mcmc] Progress @ 2025-04-18 11:24:14 : 10402 steps taken, and 2863 accepted.
[2 : mcmc] Progress @ 2025-04-18 11:24:27 : 10639 steps taken, and 2784 accepted.
[3 : mcmc] Progress @ 2025-04-18 11:24:28 : 10555 steps taken, and 2843 accepted.
[1 : mcmc] Progress @ 2025-04-18 11:24:32 : 10352 steps taken, and 2781 accepted.
[0 : mcmc] Progress @ 2025-04-18 11:26:19 : 10427 steps taken, and 2871 accepted.
[2 : mcmc] Progress @ 2025-04-18 11:26:28 : 10664 steps taken, and 2792 accepted.
[3 : mcmc] Progress @ 2025-04-18 11:26:29 : 10582 steps taken, and 2851 accepted.
[1 : mcmc] Progress @ 2025-04-18 11:26:34 : 10378 steps taken, and 2787 accepted.
[0 : mcmc] Progress @ 2025-04-18 11:28:20 : 10452 steps taken, and 2873 accepted.
[2 : mcmc] Progress @ 2025-04-18 11:28:34 : 10688 steps taken, and 2801 accepted.
[3 : mcmc] Progress @ 2025-04-18 11:28:34 : 10609 steps taken, and 2859 accepted.
[1 : mcmc] Progress @ 2025-04-18 11:28:41 : 10404 steps taken, and 2795 accepted.
[0 : mcmc] Progress @ 2025-04-18 11:30:23 : 10476 steps taken, and 2876 accepted.
[2 : mcmc] Progress @ 2025-04-18 11:30:38 : 10713 steps taken, and 2809 accepted.
[3 : mcmc] Progress @ 2025-04-18 11:30:39 : 10635 steps taken, and 2864 accepted.
[1 : mcmc] Progress @ 2025-04-18 11:30:45 : 10428 steps taken, and 2801 accepted.
[0 : mcmc] Learn + convergence test @ 2880 samples accepted.
[0 : mcmc] Ready to check convergence and learn a new proposal covmat (waiting for the rest...)
[0 : mcmc] Progress @ 2025-04-18 11:32:27 : 10501 steps taken, and 2882 accepted.
[3 : mcmc] Progress @ 2025-04-18 11:32:39 : 10659 steps taken, and 2868 accepted.
[2 : mcmc] Progress @ 2025-04-18 11:32:43 : 10742 steps taken, and 2817 accepted.
[1 : mcmc] Progress @ 2025-04-18 11:32:48 : 10458 steps taken, and 2810 accepted.
[2 : mcmc] Learn + convergence test @ 2820 samples accepted.
[2 : mcmc] Ready to check convergence and learn a new proposal covmat (waiting for the rest...)
[0 : mcmc] Progress @ 2025-04-18 11:34:30 : 10525 steps taken, and 2888 accepted.
[3 : mcmc] Progress @ 2025-04-18 11:34:45 : 10685 steps taken, and 2878 accepted.
[2 : mcmc] Progress @ 2025-04-18 11:34:46 : 10767 steps taken, and 2827 accepted.
[1 : mcmc] Progress @ 2025-04-18 11:34:50 : 10483 steps taken, and 2818 accepted.
[3 : mcmc] Learn + convergence test @ 2880 samples accepted.
[3 : mcmc] Ready to check convergence and learn a new proposal covmat (waiting for the rest...)
[1 : mcmc] Learn + convergence test @ 2820 samples accepted.
[1 : mcmc] Ready to check convergence and learn a new proposal covmat (waiting for the rest...)
[0 : mcmc] All chains are ready to check convergence and learn a new proposal covmat
[0 : mcmc]  - Acceptance rate: 0.286 = avg([0.2937, 0.2876, 0.2804, 0.2826])
[0 : mcmc]  - Convergence of means: R-1 = 0.181673 after 11426 accepted steps = sum([2893, 2821, 2830, 2882])
[0 : mcmc]  - Updated covariance matrix of proposal pdf.
[0 : mcmc] Progress @ 2025-04-18 11:36:31 : 10550 steps taken, and 2896 accepted.
[3 : mcmc] Progress @ 2025-04-18 11:36:47 : 10712 steps taken, and 2886 accepted.
[2 : mcmc] Progress @ 2025-04-18 11:36:49 : 10797 steps taken, and 2836 accepted.
[1 : mcmc] Progress @ 2025-04-18 11:36:54 : 10502 steps taken, and 2822 accepted.
[0 : mcmc] Progress @ 2025-04-18 11:38:37 : 10577 steps taken, and 2903 accepted.
[2 : mcmc] Progress @ 2025-04-18 11:38:49 : 10823 steps taken, and 2846 accepted.
[3 : mcmc] Progress @ 2025-04-18 11:38:50 : 10737 steps taken, and 2896 accepted.
[1 : mcmc] Progress @ 2025-04-18 11:38:57 : 10527 steps taken, and 2827 accepted.
[0 : mcmc] Progress @ 2025-04-18 11:40:41 : 10603 steps taken, and 2910 accepted.
[3 : mcmc] Progress @ 2025-04-18 11:40:51 : 10765 steps taken, and 2906 accepted.
[2 : mcmc] Progress @ 2025-04-18 11:40:53 : 10849 steps taken, and 2854 accepted.
[1 : mcmc] Progress @ 2025-04-18 11:40:59 : 10553 steps taken, and 2841 accepted.
[0 : mcmc] Progress @ 2025-04-18 11:42:47 : 10629 steps taken, and 2916 accepted.
[2 : mcmc] Progress @ 2025-04-18 11:42:53 : 10874 steps taken, and 2864 accepted.
[3 : mcmc] Progress @ 2025-04-18 11:42:56 : 10795 steps taken, and 2916 accepted.
[1 : mcmc] Progress @ 2025-04-18 11:43:00 : 10585 steps taken, and 2848 accepted.
[0 : mcmc] Progress @ 2025-04-18 11:44:48 : 10662 steps taken, and 2923 accepted.
[2 : mcmc] Progress @ 2025-04-18 11:44:54 : 10903 steps taken, and 2873 accepted.
[3 : mcmc] Progress @ 2025-04-18 11:44:59 : 10830 steps taken, and 2926 accepted.
[1 : mcmc] Progress @ 2025-04-18 11:45:02 : 10611 steps taken, and 2855 accepted.
[2 : mcmc] Learn + convergence test @ 2880 samples accepted.
[2 : mcmc] Ready to check convergence and learn a new proposal covmat (waiting for the rest...)
[0 : mcmc] Progress @ 2025-04-18 11:46:52 : 10694 steps taken, and 2934 accepted.
[2 : mcmc] Progress @ 2025-04-18 11:46:56 : 10928 steps taken, and 2887 accepted.
[3 : mcmc] Progress @ 2025-04-18 11:47:02 : 10865 steps taken, and 2932 accepted.
[1 : mcmc] Progress @ 2025-04-18 11:47:03 : 10636 steps taken, and 2860 accepted.
[0 : mcmc] Learn + convergence test @ 2940 samples accepted.
[0 : mcmc] Ready to check convergence and learn a new proposal covmat (waiting for the rest...)
[3 : mcmc] Learn + convergence test @ 2940 samples accepted.
[3 : mcmc] Ready to check convergence and learn a new proposal covmat (waiting for the rest...)
[0 : mcmc] Progress @ 2025-04-18 11:48:53 : 10721 steps taken, and 2942 accepted.
[2 : mcmc] Progress @ 2025-04-18 11:48:59 : 10953 steps taken, and 2895 accepted.
[1 : mcmc] Progress @ 2025-04-18 11:49:04 : 10660 steps taken, and 2867 accepted.
[3 : mcmc] Progress @ 2025-04-18 11:49:08 : 10907 steps taken, and 2942 accepted.
[0 : mcmc] Progress @ 2025-04-18 11:50:55 : 10757 steps taken, and 2952 accepted.
[2 : mcmc] Progress @ 2025-04-18 11:51:05 : 10981 steps taken, and 2906 accepted.
[1 : mcmc] Progress @ 2025-04-18 11:51:06 : 10685 steps taken, and 2874 accepted.
[3 : mcmc] Progress @ 2025-04-18 11:51:11 : 10936 steps taken, and 2956 accepted.
[1 : mcmc] Learn + convergence test @ 2880 samples accepted.
[1 : mcmc] Ready to check convergence and learn a new proposal covmat (waiting for the rest...)
[0 : mcmc] All chains are ready to check convergence and learn a new proposal covmat
[0 : mcmc]  - Acceptance rate: 0.287 = avg([0.2927, 0.2869, 0.2829, 0.2844])
[0 : mcmc]  - Convergence of means: R-1 = 0.168306 after 11723 accepted steps = sum([2962, 2880, 2916, 2965])
[0 : mcmc]  - Updated covariance matrix of proposal pdf.
[0 : mcmc] Progress @ 2025-04-18 11:53:03 : 10787 steps taken, and 2963 accepted.
[2 : mcmc] Progress @ 2025-04-18 11:53:06 : 11015 steps taken, and 2916 accepted.
[1 : mcmc] Progress @ 2025-04-18 11:53:07 : 10707 steps taken, and 2881 accepted.
[3 : mcmc] Progress @ 2025-04-18 11:53:15 : 10966 steps taken, and 2966 accepted.
[0 : mcmc] Progress @ 2025-04-18 11:55:04 : 10813 steps taken, and 2974 accepted.
[2 : mcmc] Progress @ 2025-04-18 11:55:07 : 11044 steps taken, and 2928 accepted.
[1 : mcmc] Progress @ 2025-04-18 11:55:10 : 10731 steps taken, and 2887 accepted.
[3 : mcmc] Progress @ 2025-04-18 11:55:19 : 10993 steps taken, and 2973 accepted.
[2 : mcmc] Progress @ 2025-04-18 11:57:07 : 11069 steps taken, and 2932 accepted.
[0 : mcmc] Progress @ 2025-04-18 11:57:07 : 10848 steps taken, and 2986 accepted.
[1 : mcmc] Progress @ 2025-04-18 11:57:10 : 10759 steps taken, and 2896 accepted.
[3 : mcmc] Progress @ 2025-04-18 11:57:22 : 11034 steps taken, and 2984 accepted.
[0 : mcmc] Progress @ 2025-04-18 11:59:08 : 10875 steps taken, and 2996 accepted.
[1 : mcmc] Progress @ 2025-04-18 11:59:10 : 10783 steps taken, and 2901 accepted.
[2 : mcmc] Progress @ 2025-04-18 11:59:12 : 11095 steps taken, and 2937 accepted.
[2 : mcmc] Learn + convergence test @ 2940 samples accepted.
[2 : mcmc] Ready to check convergence and learn a new proposal covmat (waiting for the rest...)
[3 : mcmc] Progress @ 2025-04-18 11:59:25 : 11062 steps taken, and 2992 accepted.
[0 : mcmc] Learn + convergence test @ 3000 samples accepted.
[0 : mcmc] Ready to check convergence and learn a new proposal covmat (waiting for the rest...)
[3 : mcmc] Learn + convergence test @ 3000 samples accepted.
[3 : mcmc] Ready to check convergence and learn a new proposal covmat (waiting for the rest...)
[0 : mcmc] Progress @ 2025-04-18 12:01:09 : 10901 steps taken, and 3004 accepted.
[1 : mcmc] Progress @ 2025-04-18 12:01:12 : 10811 steps taken, and 2914 accepted.
[2 : mcmc] Progress @ 2025-04-18 12:01:17 : 11129 steps taken, and 2947 accepted.
[3 : mcmc] Progress @ 2025-04-18 12:01:26 : 11087 steps taken, and 3002 accepted.
[0 : mcmc] Progress @ 2025-04-18 12:03:12 : 10924 steps taken, and 3014 accepted.
[1 : mcmc] Progress @ 2025-04-18 12:03:13 : 10834 steps taken, and 2921 accepted.
[2 : mcmc] Progress @ 2025-04-18 12:03:18 : 11156 steps taken, and 2956 accepted.
[3 : mcmc] Progress @ 2025-04-18 12:03:30 : 11110 steps taken, and 3009 accepted.
[0 : mcmc] Progress @ 2025-04-18 12:05:14 : 10949 steps taken, and 3022 accepted.
[1 : mcmc] Progress @ 2025-04-18 12:05:19 : 10857 steps taken, and 2927 accepted.
[2 : mcmc] Progress @ 2025-04-18 12:05:21 : 11182 steps taken, and 2966 accepted.
[3 : mcmc] Progress @ 2025-04-18 12:05:34 : 11138 steps taken, and 3017 accepted.
[1 : mcmc] Progress @ 2025-04-18 12:07:19 : 10882 steps taken, and 2935 accepted.
[0 : mcmc] Progress @ 2025-04-18 12:07:20 : 10978 steps taken, and 3029 accepted.
[2 : mcmc] Progress @ 2025-04-18 12:07:23 : 11209 steps taken, and 2977 accepted.
[3 : mcmc] Progress @ 2025-04-18 12:07:35 : 11167 steps taken, and 3023 accepted.
[1 : mcmc] Learn + convergence test @ 2940 samples accepted.
[1 : mcmc] Ready to check convergence and learn a new proposal covmat (waiting for the rest...)
[0 : mcmc] All chains are ready to check convergence and learn a new proposal covmat
[0 : mcmc]  - Acceptance rate: 0.287 = avg([0.2945, 0.2895, 0.2816, 0.2829])
[0 : mcmc]  - Convergence of means: R-1 = 0.162850 after 11990 accepted steps = sum([3040, 2940, 2980, 3030])
[0 : mcmc]  - Updated covariance matrix of proposal pdf.
[2 : mcmc] Progress @ 2025-04-18 12:09:32 : 11259 steps taken, and 2980 accepted.
[0 : mcmc] Progress @ 2025-04-18 12:09:35 : 11005 steps taken, and 3040 accepted.
[1 : mcmc] Progress @ 2025-04-18 12:09:36 : 10902 steps taken, and 2940 accepted.
[3 : mcmc] Progress @ 2025-04-18 12:09:40 : 11202 steps taken, and 3032 accepted.
[2 : mcmc] Progress @ 2025-04-18 12:11:34 : 11303 steps taken, and 2987 accepted.
[0 : mcmc] Progress @ 2025-04-18 12:11:37 : 11036 steps taken, and 3048 accepted.
[1 : mcmc] Progress @ 2025-04-18 12:11:41 : 10927 steps taken, and 2953 accepted.
[3 : mcmc] Progress @ 2025-04-18 12:11:45 : 11231 steps taken, and 3039 accepted.
[2 : mcmc] Progress @ 2025-04-18 12:13:37 : 11329 steps taken, and 2995 accepted.
[0 : mcmc] Progress @ 2025-04-18 12:13:38 : 11061 steps taken, and 3053 accepted.
[1 : mcmc] Progress @ 2025-04-18 12:13:44 : 10951 steps taken, and 2958 accepted.
[3 : mcmc] Progress @ 2025-04-18 12:13:51 : 11255 steps taken, and 3048 accepted.
[2 : mcmc] Learn + convergence test @ 3000 samples accepted.
[2 : mcmc] Ready to check convergence and learn a new proposal covmat (waiting for the rest...)
[2 : mcmc] Progress @ 2025-04-18 12:15:38 : 11360 steps taken, and 3000 accepted.
[0 : mcmc] Progress @ 2025-04-18 12:15:43 : 11086 steps taken, and 3060 accepted.
[0 : mcmc] Learn + convergence test @ 3060 samples accepted.
[0 : mcmc] Ready to check convergence and learn a new proposal covmat (waiting for the rest...)
[1 : mcmc] Progress @ 2025-04-18 12:15:45 : 10975 steps taken, and 2962 accepted.
[3 : mcmc] Progress @ 2025-04-18 12:15:51 : 11281 steps taken, and 3055 accepted.
[3 : mcmc] Learn + convergence test @ 3060 samples accepted.
[3 : mcmc] Ready to check convergence and learn a new proposal covmat (waiting for the rest...)
[2 : mcmc] Progress @ 2025-04-18 12:17:40 : 11386 steps taken, and 3006 accepted.
[0 : mcmc] Progress @ 2025-04-18 12:17:47 : 11117 steps taken, and 3065 accepted.
[1 : mcmc] Progress @ 2025-04-18 12:17:49 : 11002 steps taken, and 2972 accepted.
[3 : mcmc] Progress @ 2025-04-18 12:17:53 : 11306 steps taken, and 3061 accepted.
[2 : mcmc] Progress @ 2025-04-18 12:19:44 : 11419 steps taken, and 3015 accepted.
[0 : mcmc] Progress @ 2025-04-18 12:19:49 : 11148 steps taken, and 3076 accepted.
[1 : mcmc] Progress @ 2025-04-18 12:19:50 : 11035 steps taken, and 2981 accepted.
[3 : mcmc] Progress @ 2025-04-18 12:19:56 : 11333 steps taken, and 3067 accepted.
[2 : mcmc] Progress @ 2025-04-18 12:21:48 : 11446 steps taken, and 3019 accepted.
[0 : mcmc] Progress @ 2025-04-18 12:21:51 : 11172 steps taken, and 3084 accepted.
[1 : mcmc] Progress @ 2025-04-18 12:21:51 : 11062 steps taken, and 2988 accepted.
[3 : mcmc] Progress @ 2025-04-18 12:21:56 : 11357 steps taken, and 3078 accepted.
[2 : mcmc] Progress @ 2025-04-18 12:23:50 : 11473 steps taken, and 3029 accepted.
[0 : mcmc] Progress @ 2025-04-18 12:23:55 : 11198 steps taken, and 3092 accepted.
[1 : mcmc] Progress @ 2025-04-18 12:23:56 : 11086 steps taken, and 2992 accepted.
[3 : mcmc] Progress @ 2025-04-18 12:23:58 : 11382 steps taken, and 3084 accepted.
[1 : mcmc] Learn + convergence test @ 3000 samples accepted.
[1 : mcmc] Ready to check convergence and learn a new proposal covmat (waiting for the rest...)
[2 : mcmc] Progress @ 2025-04-18 12:25:51 : 11502 steps taken, and 3040 accepted.
[0 : mcmc] Progress @ 2025-04-18 12:25:58 : 11233 steps taken, and 3101 accepted.
[0 : mcmc] All chains are ready to check convergence and learn a new proposal covmat
[3 : mcmc] Progress @ 2025-04-18 12:26:00 : 11419 steps taken, and 3095 accepted.
[0 : mcmc]  - Acceptance rate: 0.286 = avg([0.2934, 0.2889, 0.2795, 0.2832])
[0 : mcmc]  - Convergence of means: R-1 = 0.149343 after 12237 accepted steps = sum([3101, 3000, 3040, 3096])
[0 : mcmc]  - Updated covariance matrix of proposal pdf.
[1 : mcmc] Progress @ 2025-04-18 12:26:27 : 11112 steps taken, and 3001 accepted.
[2 : mcmc] Progress @ 2025-04-18 12:27:54 : 11523 steps taken, and 3044 accepted.
[0 : mcmc] Progress @ 2025-04-18 12:28:01 : 11254 steps taken, and 3107 accepted.
[3 : mcmc] Progress @ 2025-04-18 12:28:02 : 11448 steps taken, and 3104 accepted.
[1 : mcmc] Progress @ 2025-04-18 12:28:30 : 11143 steps taken, and 3011 accepted.
[2 : mcmc] Progress @ 2025-04-18 12:29:56 : 11552 steps taken, and 3052 accepted.
[0 : mcmc] Progress @ 2025-04-18 12:30:01 : 11284 steps taken, and 3118 accepted.
[3 : mcmc] Progress @ 2025-04-18 12:30:06 : 11474 steps taken, and 3108 accepted.
[0 : mcmc] Learn + convergence test @ 3120 samples accepted.
[0 : mcmc] Ready to check convergence and learn a new proposal covmat (waiting for the rest...)
[1 : mcmc] Progress @ 2025-04-18 12:30:31 : 11169 steps taken, and 3016 accepted.
[2 : mcmc] Progress @ 2025-04-18 12:31:56 : 11581 steps taken, and 3059 accepted.
[0 : mcmc] Progress @ 2025-04-18 12:32:03 : 11316 steps taken, and 3126 accepted.
[3 : mcmc] Progress @ 2025-04-18 12:32:08 : 11499 steps taken, and 3117 accepted.
[2 : mcmc] Learn + convergence test @ 3060 samples accepted.
[2 : mcmc] Ready to check convergence and learn a new proposal covmat (waiting for the rest...)
[1 : mcmc] Progress @ 2025-04-18 12:32:33 : 11193 steps taken, and 3022 accepted.
[3 : mcmc] Learn + convergence test @ 3120 samples accepted.
[3 : mcmc] Ready to check convergence and learn a new proposal covmat (waiting for the rest...)
[2 : mcmc] Progress @ 2025-04-18 12:34:00 : 11607 steps taken, and 3067 accepted.
[0 : mcmc] Progress @ 2025-04-18 12:34:04 : 11345 steps taken, and 3134 accepted.
[3 : mcmc] Progress @ 2025-04-18 12:34:08 : 11524 steps taken, and 3123 accepted.
[1 : mcmc] Progress @ 2025-04-18 12:34:39 : 11219 steps taken, and 3032 accepted.
[2 : mcmc] Progress @ 2025-04-18 12:36:01 : 11642 steps taken, and 3079 accepted.
[0 : mcmc] Progress @ 2025-04-18 12:36:04 : 11368 steps taken, and 3141 accepted.
[3 : mcmc] Progress @ 2025-04-18 12:36:10 : 11551 steps taken, and 3131 accepted.
[1 : mcmc] Progress @ 2025-04-18 12:36:43 : 11243 steps taken, and 3037 accepted.
[2 : mcmc] Progress @ 2025-04-18 12:38:01 : 11683 steps taken, and 3089 accepted.
[0 : mcmc] Progress @ 2025-04-18 12:38:10 : 11396 steps taken, and 3147 accepted.
[3 : mcmc] Progress @ 2025-04-18 12:38:12 : 11579 steps taken, and 3139 accepted.
[1 : mcmc] Progress @ 2025-04-18 12:38:46 : 11268 steps taken, and 3041 accepted.
[2 : mcmc] Progress @ 2025-04-18 12:40:05 : 11714 steps taken, and 3096 accepted.
[0 : mcmc] Progress @ 2025-04-18 12:40:15 : 11425 steps taken, and 3152 accepted.
[3 : mcmc] Progress @ 2025-04-18 12:40:16 : 11604 steps taken, and 3146 accepted.
[1 : mcmc] Progress @ 2025-04-18 12:40:47 : 11293 steps taken, and 3046 accepted.
[2 : mcmc] Progress @ 2025-04-18 12:42:10 : 11739 steps taken, and 3101 accepted.
[3 : mcmc] Progress @ 2025-04-18 12:42:16 : 11629 steps taken, and 3150 accepted.
[0 : mcmc] Progress @ 2025-04-18 12:42:16 : 11451 steps taken, and 3159 accepted.
[1 : mcmc] Progress @ 2025-04-18 12:42:50 : 11318 steps taken, and 3055 accepted.
[1 : mcmc] Learn + convergence test @ 3060 samples accepted.
[1 : mcmc] Ready to check convergence and learn a new proposal covmat (waiting for the rest...)
[2 : mcmc] Progress @ 2025-04-18 12:44:14 : 11765 steps taken, and 3109 accepted.
[0 : mcmc] Progress @ 2025-04-18 12:44:17 : 11476 steps taken, and 3164 accepted.
[0 : mcmc] All chains are ready to check convergence and learn a new proposal covmat
[0 : mcmc]  - Acceptance rate: 0.284 = avg([0.2899, 0.2869, 0.2775, 0.2830])
[0 : mcmc]  - Convergence of means: R-1 = 0.146486 after 12494 accepted steps = sum([3165, 3060, 3109, 3160])
[0 : mcmc]  - Updated covariance matrix of proposal pdf.
[3 : mcmc] Progress @ 2025-04-18 12:44:41 : 11661 steps taken, and 3160 accepted.
[1 : mcmc] Progress @ 2025-04-18 12:44:51 : 11335 steps taken, and 3060 accepted.
[2 : mcmc] Progress @ 2025-04-18 12:46:18 : 11785 steps taken, and 3116 accepted.
[0 : mcmc] Progress @ 2025-04-18 12:46:19 : 11509 steps taken, and 3170 accepted.
[2 : mcmc] Learn + convergence test @ 3120 samples accepted.
[2 : mcmc] Ready to check convergence and learn a new proposal covmat (waiting for the rest...)
[3 : mcmc] Progress @ 2025-04-18 12:46:41 : 11688 steps taken, and 3167 accepted.
[1 : mcmc] Progress @ 2025-04-18 12:46:53 : 11359 steps taken, and 3072 accepted.
[0 : mcmc] Progress @ 2025-04-18 12:48:19 : 11544 steps taken, and 3175 accepted.
[2 : mcmc] Progress @ 2025-04-18 12:48:20 : 11816 steps taken, and 3126 accepted.
[3 : mcmc] Progress @ 2025-04-18 12:48:46 : 11714 steps taken, and 3177 accepted.
[1 : mcmc] Progress @ 2025-04-18 12:48:54 : 11388 steps taken, and 3083 accepted.
[0 : mcmc] Learn + convergence test @ 3180 samples accepted.
[0 : mcmc] Ready to check convergence and learn a new proposal covmat (waiting for the rest...)
[3 : mcmc] Learn + convergence test @ 3180 samples accepted.
[3 : mcmc] Ready to check convergence and learn a new proposal covmat (waiting for the rest...)
[0 : mcmc] Progress @ 2025-04-18 12:50:21 : 11583 steps taken, and 3187 accepted.
[2 : mcmc] Progress @ 2025-04-18 12:50:24 : 11841 steps taken, and 3133 accepted.
[3 : mcmc] Progress @ 2025-04-18 12:50:48 : 11739 steps taken, and 3186 accepted.
[1 : mcmc] Progress @ 2025-04-18 12:50:54 : 11413 steps taken, and 3088 accepted.
[0 : mcmc] Progress @ 2025-04-18 12:52:25 : 11620 steps taken, and 3197 accepted.
[2 : mcmc] Progress @ 2025-04-18 12:52:26 : 11869 steps taken, and 3143 accepted.
[3 : mcmc] Progress @ 2025-04-18 12:52:49 : 11770 steps taken, and 3197 accepted.
[1 : mcmc] Progress @ 2025-04-18 12:52:57 : 11439 steps taken, and 3095 accepted.
[0 : mcmc] Progress @ 2025-04-18 12:54:27 : 11646 steps taken, and 3209 accepted.
[2 : mcmc] Progress @ 2025-04-18 12:54:29 : 11904 steps taken, and 3155 accepted.
[3 : mcmc] Progress @ 2025-04-18 12:54:54 : 11800 steps taken, and 3204 accepted.
[1 : mcmc] Progress @ 2025-04-18 12:54:59 : 11473 steps taken, and 3106 accepted.
[0 : mcmc] Progress @ 2025-04-18 12:56:29 : 11672 steps taken, and 3216 accepted.
[2 : mcmc] Progress @ 2025-04-18 12:56:30 : 11931 steps taken, and 3163 accepted.
[3 : mcmc] Progress @ 2025-04-18 12:56:54 : 11827 steps taken, and 3210 accepted.
[1 : mcmc] Progress @ 2025-04-18 12:57:00 : 11510 steps taken, and 3114 accepted.
[0 : mcmc] Progress @ 2025-04-18 12:58:30 : 11698 steps taken, and 3229 accepted.
[2 : mcmc] Progress @ 2025-04-18 12:58:33 : 11963 steps taken, and 3171 accepted.
[1 : mcmc] Learn + convergence test @ 3120 samples accepted.
[1 : mcmc] Ready to check convergence and learn a new proposal covmat (waiting for the rest...)
[3 : mcmc] Progress @ 2025-04-18 12:58:57 : 11860 steps taken, and 3219 accepted.
[0 : mcmc] All chains are ready to check convergence and learn a new proposal covmat
[0 : mcmc]  - Acceptance rate: 0.285 = avg([0.2886, 0.2859, 0.2800, 0.2846])
[0 : mcmc]  - Convergence of means: R-1 = 0.113653 after 12744 accepted steps = sum([3231, 3120, 3173, 3220])
[0 : mcmc]  - Updated covariance matrix of proposal pdf.
[1 : mcmc] Progress @ 2025-04-18 12:59:16 : 11537 steps taken, and 3120 accepted.
[0 : mcmc] Progress @ 2025-04-18 13:00:33 : 11723 steps taken, and 3238 accepted.
[2 : mcmc] Progress @ 2025-04-18 13:00:34 : 11987 steps taken, and 3177 accepted.
[3 : mcmc] Progress @ 2025-04-18 13:01:00 : 11887 steps taken, and 3227 accepted.
[2 : mcmc] Learn + convergence test @ 3180 samples accepted.
[2 : mcmc] Ready to check convergence and learn a new proposal covmat (waiting for the rest...)
[0 : mcmc] Learn + convergence test @ 3240 samples accepted.
[0 : mcmc] Ready to check convergence and learn a new proposal covmat (waiting for the rest...)
[1 : mcmc] Progress @ 2025-04-18 13:01:18 : 11563 steps taken, and 3130 accepted.
[0 : mcmc] Progress @ 2025-04-18 13:02:35 : 11749 steps taken, and 3243 accepted.
[2 : mcmc] Progress @ 2025-04-18 13:02:35 : 12011 steps taken, and 3186 accepted.
[3 : mcmc] Progress @ 2025-04-18 13:03:01 : 11917 steps taken, and 3238 accepted.
[1 : mcmc] Progress @ 2025-04-18 13:03:21 : 11592 steps taken, and 3139 accepted.
[3 : mcmc] Learn + convergence test @ 3240 samples accepted.
[3 : mcmc] Ready to check convergence and learn a new proposal covmat (waiting for the rest...)
[0 : mcmc] Progress @ 2025-04-18 13:04:39 : 11776 steps taken, and 3256 accepted.
[2 : mcmc] Progress @ 2025-04-18 13:04:41 : 12036 steps taken, and 3190 accepted.
[3 : mcmc] Progress @ 2025-04-18 13:05:05 : 11942 steps taken, and 3249 accepted.
[1 : mcmc] Progress @ 2025-04-18 13:05:22 : 11625 steps taken, and 3144 accepted.
[0 : mcmc] Progress @ 2025-04-18 13:06:41 : 11804 steps taken, and 3262 accepted.
[2 : mcmc] Progress @ 2025-04-18 13:06:42 : 12062 steps taken, and 3195 accepted.
[3 : mcmc] Progress @ 2025-04-18 13:07:10 : 11980 steps taken, and 3263 accepted.
[1 : mcmc] Progress @ 2025-04-18 13:07:27 : 11650 steps taken, and 3152 accepted.
[2 : mcmc] Progress @ 2025-04-18 13:08:42 : 12087 steps taken, and 3199 accepted.
[0 : mcmc] Progress @ 2025-04-18 13:08:45 : 11832 steps taken, and 3271 accepted.
[3 : mcmc] Progress @ 2025-04-18 13:09:14 : 12010 steps taken, and 3274 accepted.
[1 : mcmc] Progress @ 2025-04-18 13:09:32 : 11677 steps taken, and 3160 accepted.
[2 : mcmc] Progress @ 2025-04-18 13:10:44 : 12126 steps taken, and 3203 accepted.
[0 : mcmc] Progress @ 2025-04-18 13:10:46 : 11860 steps taken, and 3281 accepted.
[3 : mcmc] Progress @ 2025-04-18 13:11:15 : 12043 steps taken, and 3281 accepted.
[1 : mcmc] Progress @ 2025-04-18 13:11:36 : 11702 steps taken, and 3163 accepted.
[0 : mcmc] Progress @ 2025-04-18 13:12:49 : 11895 steps taken, and 3293 accepted.
[2 : mcmc] Progress @ 2025-04-18 13:12:49 : 12152 steps taken, and 3210 accepted.
[3 : mcmc] Progress @ 2025-04-18 13:13:15 : 12094 steps taken, and 3288 accepted.
[1 : mcmc] Progress @ 2025-04-18 13:13:40 : 11726 steps taken, and 3169 accepted.
[0 : mcmc] Progress @ 2025-04-18 13:14:50 : 11921 steps taken, and 3299 accepted.
[2 : mcmc] Progress @ 2025-04-18 13:14:52 : 12179 steps taken, and 3218 accepted.
[0 : mcmc] Learn + convergence test @ 3300 samples accepted.
[3 : mcmc] Progress @ 2025-04-18 13:15:20 : 12136 steps taken, and 3299 accepted.
[3 : mcmc] Learn + convergence test @ 3300 samples accepted.
[1 : mcmc] Progress @ 2025-04-18 13:15:40 : 11751 steps taken, and 3179 accepted.
[1 : mcmc] Learn + convergence test @ 3180 samples accepted.
[1 : mcmc] Ready to check convergence and learn a new proposal covmat (waiting for the rest...)
[0 : mcmc] All chains are ready to check convergence and learn a new proposal covmat
[0 : mcmc]  - Acceptance rate: 0.285 = avg([0.2892, 0.2881, 0.2765, 0.2843])
[0 : mcmc]  - Convergence of means: R-1 = 0.119917 after 13015 accepted steps = sum([3307, 3180, 3224, 3304])
[0 : mcmc]  - Updated covariance matrix of proposal pdf.
[0 : mcmc] Progress @ 2025-04-18 13:16:54 : 11943 steps taken, and 3309 accepted.
[2 : mcmc] Progress @ 2025-04-18 13:16:56 : 12208 steps taken, and 3226 accepted.
[3 : mcmc] Progress @ 2025-04-18 13:17:23 : 12163 steps taken, and 3307 accepted.
[1 : mcmc] Progress @ 2025-04-18 13:17:45 : 11769 steps taken, and 3186 accepted.
[0 : mcmc] Progress @ 2025-04-18 13:18:59 : 11977 steps taken, and 3315 accepted.
[2 : mcmc] Progress @ 2025-04-18 13:19:00 : 12241 steps taken, and 3237 accepted.
[3 : mcmc] Progress @ 2025-04-18 13:19:28 : 12198 steps taken, and 3313 accepted.
[1 : mcmc] Progress @ 2025-04-18 13:19:45 : 11794 steps taken, and 3193 accepted.
[2 : mcmc] Learn + convergence test @ 3240 samples accepted.
[2 : mcmc] Ready to check convergence and learn a new proposal covmat (waiting for the rest...)
[0 : mcmc] Progress @ 2025-04-18 13:21:00 : 12011 steps taken, and 3325 accepted.
[2 : mcmc] Progress @ 2025-04-18 13:21:03 : 12267 steps taken, and 3244 accepted.
[3 : mcmc] Progress @ 2025-04-18 13:21:32 : 12227 steps taken, and 3321 accepted.
[1 : mcmc] Progress @ 2025-04-18 13:21:49 : 11819 steps taken, and 3199 accepted.
[0 : mcmc] Progress @ 2025-04-18 13:23:01 : 12039 steps taken, and 3331 accepted.
[2 : mcmc] Progress @ 2025-04-18 13:23:03 : 12292 steps taken, and 3252 accepted.
[3 : mcmc] Progress @ 2025-04-18 13:23:36 : 12251 steps taken, and 3331 accepted.
[1 : mcmc] Progress @ 2025-04-18 13:23:50 : 11843 steps taken, and 3206 accepted.
[0 : mcmc] Progress @ 2025-04-18 13:25:04 : 12073 steps taken, and 3342 accepted.
[2 : mcmc] Progress @ 2025-04-18 13:25:09 : 12328 steps taken, and 3262 accepted.
[3 : mcmc] Progress @ 2025-04-18 13:25:38 : 12288 steps taken, and 3342 accepted.
[1 : mcmc] Progress @ 2025-04-18 13:25:55 : 11869 steps taken, and 3213 accepted.
[0 : mcmc] Progress @ 2025-04-18 13:27:07 : 12112 steps taken, and 3348 accepted.
[2 : mcmc] Progress @ 2025-04-18 13:27:10 : 12356 steps taken, and 3268 accepted.
[3 : mcmc] Progress @ 2025-04-18 13:27:44 : 12314 steps taken, and 3350 accepted.
[1 : mcmc] Progress @ 2025-04-18 13:27:57 : 11896 steps taken, and 3219 accepted.
[0 : mcmc] Progress @ 2025-04-18 13:29:07 : 12140 steps taken, and 3354 accepted.
[2 : mcmc] Progress @ 2025-04-18 13:29:13 : 12379 steps taken, and 3276 accepted.
[3 : mcmc] Progress @ 2025-04-18 13:29:46 : 12338 steps taken, and 3358 accepted.
[1 : mcmc] Progress @ 2025-04-18 13:30:01 : 11929 steps taken, and 3228 accepted.
[3 : mcmc] Learn + convergence test @ 3360 samples accepted.
[3 : mcmc] Ready to check convergence and learn a new proposal covmat (waiting for the rest...)
[0 : mcmc] Learn + convergence test @ 3360 samples accepted.
[0 : mcmc] Ready to check convergence and learn a new proposal covmat (waiting for the rest...)
[0 : mcmc] Progress @ 2025-04-18 13:31:13 : 12166 steps taken, and 3366 accepted.
[2 : mcmc] Progress @ 2025-04-18 13:31:13 : 12412 steps taken, and 3284 accepted.
[3 : mcmc] Progress @ 2025-04-18 13:31:48 : 12365 steps taken, and 3367 accepted.
[1 : mcmc] Progress @ 2025-04-18 13:32:03 : 11954 steps taken, and 3238 accepted.
[1 : mcmc] Learn + convergence test @ 3240 samples accepted.
[1 : mcmc] Ready to check convergence and learn a new proposal covmat (waiting for the rest...)
[0 : mcmc] All chains are ready to check convergence and learn a new proposal covmat
[0 : mcmc]  - Acceptance rate: 0.283 = avg([0.2879, 0.2868, 0.2757, 0.2833])
[0 : mcmc]  - Convergence of means: R-1 = 0.119583 after 13272 accepted steps = sum([3371, 3240, 3289, 3372])
[0 : mcmc]  - Updated covariance matrix of proposal pdf.
[2 : mcmc] Progress @ 2025-04-18 13:33:14 : 12437 steps taken, and 3289 accepted.
[0 : mcmc] Progress @ 2025-04-18 13:33:19 : 12186 steps taken, and 3372 accepted.
[3 : mcmc] Progress @ 2025-04-18 13:33:49 : 12392 steps taken, and 3372 accepted.
[1 : mcmc] Progress @ 2025-04-18 13:34:03 : 11966 steps taken, and 3243 accepted.
[2 : mcmc] Progress @ 2025-04-18 13:35:17 : 12469 steps taken, and 3297 accepted.
[0 : mcmc] Progress @ 2025-04-18 13:35:19 : 12209 steps taken, and 3378 accepted.
[2 : mcmc] Learn + convergence test @ 3300 samples accepted.
[2 : mcmc] Ready to check convergence and learn a new proposal covmat (waiting for the rest...)
[3 : mcmc] Progress @ 2025-04-18 13:35:53 : 12417 steps taken, and 3379 accepted.
[1 : mcmc] Progress @ 2025-04-18 13:36:04 : 11991 steps taken, and 3249 accepted.
[0 : mcmc] Progress @ 2025-04-18 13:37:21 : 12236 steps taken, and 3383 accepted.
[2 : mcmc] Progress @ 2025-04-18 13:37:22 : 12502 steps taken, and 3307 accepted.
[3 : mcmc] Progress @ 2025-04-18 13:37:56 : 12445 steps taken, and 3383 accepted.
[1 : mcmc] Progress @ 2025-04-18 13:38:08 : 12020 steps taken, and 3256 accepted.
[0 : mcmc] Progress @ 2025-04-18 13:39:24 : 12263 steps taken, and 3390 accepted.
[2 : mcmc] Progress @ 2025-04-18 13:39:25 : 12529 steps taken, and 3312 accepted.
[3 : mcmc] Progress @ 2025-04-18 13:39:59 : 12471 steps taken, and 3392 accepted.
[1 : mcmc] Progress @ 2025-04-18 13:40:09 : 12044 steps taken, and 3262 accepted.
[0 : mcmc] Progress @ 2025-04-18 13:41:29 : 12290 steps taken, and 3398 accepted.
[2 : mcmc] Progress @ 2025-04-18 13:41:29 : 12560 steps taken, and 3322 accepted.
[3 : mcmc] Progress @ 2025-04-18 13:41:59 : 12496 steps taken, and 3399 accepted.
[1 : mcmc] Progress @ 2025-04-18 13:42:12 : 12073 steps taken, and 3271 accepted.
[0 : mcmc] Progress @ 2025-04-18 13:43:31 : 12321 steps taken, and 3404 accepted.
[2 : mcmc] Progress @ 2025-04-18 13:43:35 : 12594 steps taken, and 3330 accepted.
[3 : mcmc] Progress @ 2025-04-18 13:44:00 : 12524 steps taken, and 3409 accepted.
[1 : mcmc] Progress @ 2025-04-18 13:44:17 : 12100 steps taken, and 3275 accepted.
[0 : mcmc] Progress @ 2025-04-18 13:45:34 : 12359 steps taken, and 3416 accepted.
[2 : mcmc] Progress @ 2025-04-18 13:45:42 : 12619 steps taken, and 3336 accepted.
[3 : mcmc] Progress @ 2025-04-18 13:46:00 : 12547 steps taken, and 3414 accepted.
[1 : mcmc] Progress @ 2025-04-18 13:46:20 : 12125 steps taken, and 3284 accepted.
[0 : mcmc] Learn + convergence test @ 3420 samples accepted.
[0 : mcmc] Ready to check convergence and learn a new proposal covmat (waiting for the rest...)
[0 : mcmc] Progress @ 2025-04-18 13:47:39 : 12392 steps taken, and 3422 accepted.
[2 : mcmc] Progress @ 2025-04-18 13:47:44 : 12644 steps taken, and 3342 accepted.
[3 : mcmc] Progress @ 2025-04-18 13:48:01 : 12571 steps taken, and 3418 accepted.
[1 : mcmc] Progress @ 2025-04-18 13:48:22 : 12157 steps taken, and 3292 accepted.
[3 : mcmc] Learn + convergence test @ 3420 samples accepted.
[3 : mcmc] Ready to check convergence and learn a new proposal covmat (waiting for the rest...)
[0 : mcmc] Progress @ 2025-04-18 13:49:40 : 12436 steps taken, and 3427 accepted.
[2 : mcmc] Progress @ 2025-04-18 13:49:44 : 12669 steps taken, and 3347 accepted.
[3 : mcmc] Progress @ 2025-04-18 13:50:04 : 12597 steps taken, and 3426 accepted.
[1 : mcmc] Progress @ 2025-04-18 13:50:22 : 12181 steps taken, and 3297 accepted.
[1 : mcmc] Learn + convergence test @ 3300 samples accepted.
[1 : mcmc] Ready to check convergence and learn a new proposal covmat (waiting for the rest...)
[0 : mcmc] Progress @ 2025-04-18 13:51:41 : 12465 steps taken, and 3438 accepted.
[2 : mcmc] Progress @ 2025-04-18 13:51:45 : 12694 steps taken, and 3352 accepted.
[0 : mcmc] All chains are ready to check convergence and learn a new proposal covmat
[0 : mcmc]  - Acceptance rate: 0.282 = avg([0.2852, 0.2867, 0.2737, 0.2812])
[0 : mcmc]  - Convergence of means: R-1 = 0.108068 after 13522 accepted steps = sum([3439, 3300, 3352, 3431])
[0 : mcmc]  - Updated covariance matrix of proposal pdf.
[3 : mcmc] Progress @ 2025-04-18 13:52:05 : 12625 steps taken, and 3432 accepted.
[1 : mcmc] Progress @ 2025-04-18 13:52:24 : 12200 steps taken, and 3302 accepted.
[0 : mcmc] Progress @ 2025-04-18 13:53:42 : 12489 steps taken, and 3446 accepted.
[2 : mcmc] Progress @ 2025-04-18 13:53:49 : 12720 steps taken, and 3359 accepted.
[2 : mcmc] Learn + convergence test @ 3360 samples accepted.
[2 : mcmc] Ready to check convergence and learn a new proposal covmat (waiting for the rest...)
[3 : mcmc] Progress @ 2025-04-18 13:54:06 : 12658 steps taken, and 3440 accepted.
[1 : mcmc] Progress @ 2025-04-18 13:54:25 : 12225 steps taken, and 3310 accepted.
[0 : mcmc] Progress @ 2025-04-18 13:55:44 : 12514 steps taken, and 3453 accepted.
[2 : mcmc] Progress @ 2025-04-18 13:55:51 : 12747 steps taken, and 3365 accepted.
[3 : mcmc] Progress @ 2025-04-18 13:56:06 : 12682 steps taken, and 3448 accepted.
[1 : mcmc] Progress @ 2025-04-18 13:56:26 : 12256 steps taken, and 3317 accepted.
[0 : mcmc] Progress @ 2025-04-18 13:57:49 : 12541 steps taken, and 3463 accepted.
[2 : mcmc] Progress @ 2025-04-18 13:57:56 : 12776 steps taken, and 3375 accepted.
[3 : mcmc] Progress @ 2025-04-18 13:58:08 : 12706 steps taken, and 3453 accepted.
[1 : mcmc] Progress @ 2025-04-18 13:58:28 : 12293 steps taken, and 3326 accepted.
[0 : mcmc] Progress @ 2025-04-18 13:59:51 : 12566 steps taken, and 3465 accepted.
[2 : mcmc] Progress @ 2025-04-18 13:59:56 : 12807 steps taken, and 3385 accepted.
[3 : mcmc] Progress @ 2025-04-18 14:00:11 : 12730 steps taken, and 3458 accepted.
[1 : mcmc] Progress @ 2025-04-18 14:00:30 : 12319 steps taken, and 3329 accepted.
[0 : mcmc] Progress @ 2025-04-18 14:01:56 : 12597 steps taken, and 3475 accepted.
[2 : mcmc] Progress @ 2025-04-18 14:02:00 : 12838 steps taken, and 3389 accepted.
[3 : mcmc] Progress @ 2025-04-18 14:02:11 : 12769 steps taken, and 3464 accepted.
[1 : mcmc] Progress @ 2025-04-18 14:02:36 : 12344 steps taken, and 3339 accepted.
[0 : mcmc] Learn + convergence test @ 3480 samples accepted.
[0 : mcmc] Ready to check convergence and learn a new proposal covmat (waiting for the rest...)
[0 : mcmc] Progress @ 2025-04-18 14:03:58 : 12623 steps taken, and 3484 accepted.
[2 : mcmc] Progress @ 2025-04-18 14:04:01 : 12863 steps taken, and 3399 accepted.
[3 : mcmc] Progress @ 2025-04-18 14:04:14 : 12805 steps taken, and 3472 accepted.
[1 : mcmc] Progress @ 2025-04-18 14:04:38 : 12369 steps taken, and 3348 accepted.
[3 : mcmc] Learn + convergence test @ 3480 samples accepted.
[3 : mcmc] Ready to check convergence and learn a new proposal covmat (waiting for the rest...)
[0 : mcmc] Progress @ 2025-04-18 14:06:02 : 12652 steps taken, and 3491 accepted.
[2 : mcmc] Progress @ 2025-04-18 14:06:04 : 12888 steps taken, and 3407 accepted.
[3 : mcmc] Progress @ 2025-04-18 14:06:20 : 12834 steps taken, and 3484 accepted.
[1 : mcmc] Progress @ 2025-04-18 14:06:41 : 12395 steps taken, and 3353 accepted.
[0 : mcmc] Progress @ 2025-04-18 14:08:03 : 12676 steps taken, and 3497 accepted.
[2 : mcmc] Progress @ 2025-04-18 14:08:06 : 12920 steps taken, and 3416 accepted.
[3 : mcmc] Progress @ 2025-04-18 14:08:23 : 12860 steps taken, and 3492 accepted.
[1 : mcmc] Learn + convergence test @ 3360 samples accepted.
[1 : mcmc] Ready to check convergence and learn a new proposal covmat (waiting for the rest...)
[0 : mcmc] All chains are ready to check convergence and learn a new proposal covmat
[0 : mcmc]  - Acceptance rate: 0.281 = avg([0.2844, 0.2860, 0.2747, 0.2800])
[0 : mcmc]  - Convergence of means: R-1 = 0.107506 after 13774 accepted steps = sum([3502, 3360, 3418, 3494])
[0 : mcmc]  - Updated covariance matrix of proposal pdf.
[1 : mcmc] Progress @ 2025-04-18 14:08:55 : 12418 steps taken, and 3360 accepted.
[2 : mcmc] Learn + convergence test @ 3420 samples accepted.
[2 : mcmc] Ready to check convergence and learn a new proposal covmat (waiting for the rest...)
[0 : mcmc] Progress @ 2025-04-18 14:10:07 : 12707 steps taken, and 3508 accepted.
[2 : mcmc] Progress @ 2025-04-18 14:10:09 : 12948 steps taken, and 3424 accepted.
[3 : mcmc] Progress @ 2025-04-18 14:10:28 : 12885 steps taken, and 3502 accepted.
[1 : mcmc] Progress @ 2025-04-18 14:10:55 : 12450 steps taken, and 3369 accepted.
[0 : mcmc] Progress @ 2025-04-18 14:12:12 : 12742 steps taken, and 3519 accepted.
[2 : mcmc] Progress @ 2025-04-18 14:12:13 : 12975 steps taken, and 3429 accepted.
[3 : mcmc] Progress @ 2025-04-18 14:12:31 : 12914 steps taken, and 3508 accepted.
[1 : mcmc] Progress @ 2025-04-18 14:12:59 : 12475 steps taken, and 3380 accepted.
[2 : mcmc] Progress @ 2025-04-18 14:14:14 : 13015 steps taken, and 3443 accepted.
[0 : mcmc] Progress @ 2025-04-18 14:14:15 : 12768 steps taken, and 3527 accepted.
[3 : mcmc] Progress @ 2025-04-18 14:14:31 : 12938 steps taken, and 3516 accepted.
[1 : mcmc] Progress @ 2025-04-18 14:15:03 : 12499 steps taken, and 3390 accepted.
[2 : mcmc] Progress @ 2025-04-18 14:16:14 : 13064 steps taken, and 3455 accepted.
[0 : mcmc] Progress @ 2025-04-18 14:16:17 : 12792 steps taken, and 3531 accepted.
[3 : mcmc] Progress @ 2025-04-18 14:16:37 : 12963 steps taken, and 3526 accepted.
[1 : mcmc] Progress @ 2025-04-18 14:17:08 : 12523 steps taken, and 3399 accepted.
[2 : mcmc] Progress @ 2025-04-18 14:18:17 : 13093 steps taken, and 3467 accepted.
[0 : mcmc] Progress @ 2025-04-18 14:18:22 : 12829 steps taken, and 3539 accepted.
[3 : mcmc] Progress @ 2025-04-18 14:18:37 : 12991 steps taken, and 3534 accepted.
[0 : mcmc] Learn + convergence test @ 3540 samples accepted.
[0 : mcmc] Ready to check convergence and learn a new proposal covmat (waiting for the rest...)
[1 : mcmc] Progress @ 2025-04-18 14:19:11 : 12556 steps taken, and 3407 accepted.
[3 : mcmc] Learn + convergence test @ 3540 samples accepted.
[3 : mcmc] Ready to check convergence and learn a new proposal covmat (waiting for the rest...)
[2 : mcmc] Progress @ 2025-04-18 14:20:19 : 13117 steps taken, and 3472 accepted.
[0 : mcmc] Progress @ 2025-04-18 14:20:25 : 12865 steps taken, and 3547 accepted.
[3 : mcmc] Progress @ 2025-04-18 14:20:43 : 13017 steps taken, and 3544 accepted.
[1 : mcmc] Progress @ 2025-04-18 14:21:13 : 12579 steps taken, and 3413 accepted.
[2 : mcmc] Progress @ 2025-04-18 14:22:23 : 13149 steps taken, and 3477 accepted.
[0 : mcmc] Progress @ 2025-04-18 14:22:28 : 12897 steps taken, and 3558 accepted.
[3 : mcmc] Progress @ 2025-04-18 14:22:47 : 13046 steps taken, and 3551 accepted.
[1 : mcmc] Progress @ 2025-04-18 14:23:14 : 12605 steps taken, and 3418 accepted.
[2 : mcmc] Learn + convergence test @ 3480 samples accepted.
[1 : mcmc] Learn + convergence test @ 3420 samples accepted.
[1 : mcmc] Ready to check convergence and learn a new proposal covmat (waiting for the rest...)
[0 : mcmc] All chains are ready to check convergence and learn a new proposal covmat
[0 : mcmc]  - Acceptance rate: 0.281 = avg([0.2837, 0.2884, 0.2731, 0.2797])
[0 : mcmc]  - Convergence of means: R-1 = 0.116352 after 14022 accepted steps = sum([3566, 3420, 3482, 3554])
[0 : mcmc]  - Updated covariance matrix of proposal pdf.
[2 : mcmc] Progress @ 2025-04-18 14:24:24 : 13174 steps taken, and 3483 accepted.
[0 : mcmc] Progress @ 2025-04-18 14:24:31 : 12925 steps taken, and 3566 accepted.
[3 : mcmc] Progress @ 2025-04-18 14:24:48 : 13074 steps taken, and 3554 accepted.
[1 : mcmc] Progress @ 2025-04-18 14:25:17 : 12625 steps taken, and 3425 accepted.
[2 : mcmc] Progress @ 2025-04-18 14:26:27 : 13199 steps taken, and 3493 accepted.
[0 : mcmc] Progress @ 2025-04-18 14:26:35 : 12953 steps taken, and 3572 accepted.
[3 : mcmc] Progress @ 2025-04-18 14:26:53 : 13107 steps taken, and 3566 accepted.
[1 : mcmc] Progress @ 2025-04-18 14:27:23 : 12651 steps taken, and 3435 accepted.
[2 : mcmc] Progress @ 2025-04-18 14:28:31 : 13226 steps taken, and 3500 accepted.
[0 : mcmc] Progress @ 2025-04-18 14:28:39 : 12977 steps taken, and 3577 accepted.
[3 : mcmc] Progress @ 2025-04-18 14:28:53 : 13133 steps taken, and 3573 accepted.
[1 : mcmc] Progress @ 2025-04-18 14:29:27 : 12682 steps taken, and 3440 accepted.
[2 : mcmc] Progress @ 2025-04-18 14:30:35 : 13253 steps taken, and 3509 accepted.
[0 : mcmc] Progress @ 2025-04-18 14:30:43 : 13002 steps taken, and 3581 accepted.
[3 : mcmc] Progress @ 2025-04-18 14:30:57 : 13159 steps taken, and 3584 accepted.
[1 : mcmc] Progress @ 2025-04-18 14:31:27 : 12714 steps taken, and 3444 accepted.
[2 : mcmc] Progress @ 2025-04-18 14:32:37 : 13279 steps taken, and 3512 accepted.
[0 : mcmc] Progress @ 2025-04-18 14:32:44 : 13026 steps taken, and 3587 accepted.
[3 : mcmc] Progress @ 2025-04-18 14:33:01 : 13183 steps taken, and 3589 accepted.
[1 : mcmc] Progress @ 2025-04-18 14:33:30 : 12736 steps taken, and 3454 accepted.
[2 : mcmc] Progress @ 2025-04-18 14:34:40 : 13306 steps taken, and 3519 accepted.
[0 : mcmc] Progress @ 2025-04-18 14:34:47 : 13050 steps taken, and 3592 accepted.
[3 : mcmc] Progress @ 2025-04-18 14:35:01 : 13215 steps taken, and 3599 accepted.
[3 : mcmc] Learn + convergence test @ 3600 samples accepted.
[3 : mcmc] Ready to check convergence and learn a new proposal covmat (waiting for the rest...)
[1 : mcmc] Progress @ 2025-04-18 14:35:32 : 12760 steps taken, and 3469 accepted.
[2 : mcmc] Progress @ 2025-04-18 14:36:45 : 13331 steps taken, and 3526 accepted.
[0 : mcmc] Progress @ 2025-04-18 14:36:50 : 13073 steps taken, and 3599 accepted.
[3 : mcmc] Progress @ 2025-04-18 14:37:02 : 13246 steps taken, and 3607 accepted.
[1 : mcmc] Progress @ 2025-04-18 14:37:34 : 12784 steps taken, and 3475 accepted.
[0 : mcmc] Learn + convergence test @ 3600 samples accepted.
[0 : mcmc] Ready to check convergence and learn a new proposal covmat (waiting for the rest...)
[2 : mcmc] Progress @ 2025-04-18 14:38:45 : 13360 steps taken, and 3536 accepted.
[0 : mcmc] Progress @ 2025-04-18 14:38:50 : 13101 steps taken, and 3606 accepted.
[1 : mcmc] Learn + convergence test @ 3480 samples accepted.
[1 : mcmc] Ready to check convergence and learn a new proposal covmat (waiting for the rest...)
[3 : mcmc] Progress @ 2025-04-18 14:39:05 : 13271 steps taken, and 3616 accepted.
[1 : mcmc] Progress @ 2025-04-18 14:39:35 : 12817 steps taken, and 3480 accepted.
[2 : mcmc] Learn + convergence test @ 3540 samples accepted.
[2 : mcmc] Ready to check convergence and learn a new proposal covmat (waiting for the rest...)
[0 : mcmc] All chains are ready to check convergence and learn a new proposal covmat
[0 : mcmc]  - Acceptance rate: 0.280 = avg([0.2819, 0.2881, 0.2731, 0.2789])
[0 : mcmc]  - Convergence of means: R-1 = 0.110434 after 14260 accepted steps = sum([3614, 3483, 3540, 3623])
[0 : mcmc]  - Updated covariance matrix of proposal pdf.
[2 : mcmc] Progress @ 2025-04-18 14:40:51 : 13381 steps taken, and 3540 accepted.
[0 : mcmc] Progress @ 2025-04-18 14:40:51 : 13125 steps taken, and 3616 accepted.
[3 : mcmc] Progress @ 2025-04-18 14:41:08 : 13294 steps taken, and 3626 accepted.
[1 : mcmc] Progress @ 2025-04-18 14:41:41 : 12853 steps taken, and 3485 accepted.
[0 : mcmc] Progress @ 2025-04-18 14:42:54 : 13150 steps taken, and 3622 accepted.
[2 : mcmc] Progress @ 2025-04-18 14:42:55 : 13407 steps taken, and 3544 accepted.
[3 : mcmc] Progress @ 2025-04-18 14:43:13 : 13321 steps taken, and 3632 accepted.
[1 : mcmc] Progress @ 2025-04-18 14:43:44 : 12882 steps taken, and 3491 accepted.
[2 : mcmc] Progress @ 2025-04-18 14:44:56 : 13432 steps taken, and 3553 accepted.
[0 : mcmc] Progress @ 2025-04-18 14:44:56 : 13174 steps taken, and 3628 accepted.
[3 : mcmc] Progress @ 2025-04-18 14:45:17 : 13348 steps taken, and 3639 accepted.
[1 : mcmc] Progress @ 2025-04-18 14:45:46 : 12907 steps taken, and 3499 accepted.
[0 : mcmc] Progress @ 2025-04-18 14:46:59 : 13201 steps taken, and 3638 accepted.
[2 : mcmc] Progress @ 2025-04-18 14:46:59 : 13456 steps taken, and 3558 accepted.
[3 : mcmc] Progress @ 2025-04-18 14:47:22 : 13372 steps taken, and 3647 accepted.
[1 : mcmc] Progress @ 2025-04-18 14:47:49 : 12930 steps taken, and 3508 accepted.
[2 : mcmc] Progress @ 2025-04-18 14:49:03 : 13481 steps taken, and 3566 accepted.
[0 : mcmc] Progress @ 2025-04-18 14:49:03 : 13231 steps taken, and 3643 accepted.
[3 : mcmc] Progress @ 2025-04-18 14:49:22 : 13397 steps taken, and 3651 accepted.
[1 : mcmc] Progress @ 2025-04-18 14:49:54 : 12955 steps taken, and 3517 accepted.
[2 : mcmc] Progress @ 2025-04-18 14:51:06 : 13510 steps taken, and 3572 accepted.
[0 : mcmc] Progress @ 2025-04-18 14:51:06 : 13261 steps taken, and 3655 accepted.
[3 : mcmc] Progress @ 2025-04-18 14:51:23 : 13421 steps taken, and 3660 accepted.
[3 : mcmc] Learn + convergence test @ 3660 samples accepted.
[3 : mcmc] Ready to check convergence and learn a new proposal covmat (waiting for the rest...)
[0 : mcmc] Learn + convergence test @ 3660 samples accepted.
[0 : mcmc] Ready to check convergence and learn a new proposal covmat (waiting for the rest...)
[1 : mcmc] Progress @ 2025-04-18 14:51:55 : 12986 steps taken, and 3522 accepted.
[2 : mcmc] Progress @ 2025-04-18 14:53:08 : 13534 steps taken, and 3580 accepted.
[0 : mcmc] Progress @ 2025-04-18 14:53:12 : 13289 steps taken, and 3665 accepted.
[3 : mcmc] Progress @ 2025-04-18 14:53:23 : 13446 steps taken, and 3669 accepted.
[1 : mcmc] Progress @ 2025-04-18 14:53:59 : 13015 steps taken, and 3530 accepted.
[2 : mcmc] Progress @ 2025-04-18 14:55:09 : 13561 steps taken, and 3589 accepted.
[0 : mcmc] Progress @ 2025-04-18 14:55:15 : 13315 steps taken, and 3672 accepted.
[3 : mcmc] Progress @ 2025-04-18 14:55:28 : 13471 steps taken, and 3678 accepted.
[1 : mcmc] Progress @ 2025-04-18 14:55:59 : 13055 steps taken, and 3536 accepted.
[2 : mcmc] Progress @ 2025-04-18 14:57:14 : 13585 steps taken, and 3597 accepted.
[0 : mcmc] Progress @ 2025-04-18 14:57:15 : 13341 steps taken, and 3683 accepted.
[3 : mcmc] Progress @ 2025-04-18 14:57:32 : 13501 steps taken, and 3684 accepted.
[1 : mcmc] Learn + convergence test @ 3540 samples accepted.
[1 : mcmc] Ready to check convergence and learn a new proposal covmat (waiting for the rest...)
[1 : mcmc] Progress @ 2025-04-18 14:58:01 : 13082 steps taken, and 3542 accepted.
[2 : mcmc] Learn + convergence test @ 3600 samples accepted.
[2 : mcmc] Ready to check convergence and learn a new proposal covmat (waiting for the rest...)
[0 : mcmc] All chains are ready to check convergence and learn a new proposal covmat
[0 : mcmc]  - Acceptance rate: 0.281 = avg([0.2833, 0.2862, 0.2740, 0.2794])
[0 : mcmc]  - Convergence of means: R-1 = 0.104554 after 14521 accepted steps = sum([3687, 3544, 3600, 3690])
[0 : mcmc]  - Updated covariance matrix of proposal pdf.
[2 : mcmc] Progress @ 2025-04-18 14:59:14 : 13606 steps taken, and 3603 accepted.
[0 : mcmc] Progress @ 2025-04-18 14:59:17 : 13366 steps taken, and 3690 accepted.
[3 : mcmc] Progress @ 2025-04-18 14:59:33 : 13526 steps taken, and 3698 accepted.
[1 : mcmc] Progress @ 2025-04-18 15:00:03 : 13112 steps taken, and 3552 accepted.
[2 : mcmc] Progress @ 2025-04-18 15:01:17 : 13630 steps taken, and 3610 accepted.
[0 : mcmc] Progress @ 2025-04-18 15:01:23 : 13390 steps taken, and 3696 accepted.
[3 : mcmc] Progress @ 2025-04-18 15:01:37 : 13551 steps taken, and 3708 accepted.
[1 : mcmc] Progress @ 2025-04-18 15:02:07 : 13139 steps taken, and 3563 accepted.
[2 : mcmc] Progress @ 2025-04-18 15:03:19 : 13655 steps taken, and 3613 accepted.
[0 : mcmc] Progress @ 2025-04-18 15:03:26 : 13414 steps taken, and 3702 accepted.
[3 : mcmc] Progress @ 2025-04-18 15:03:38 : 13576 steps taken, and 3720 accepted.
[3 : mcmc] Learn + convergence test @ 3720 samples accepted.
[3 : mcmc] Ready to check convergence and learn a new proposal covmat (waiting for the rest...)
[1 : mcmc] Progress @ 2025-04-18 15:04:11 : 13165 steps taken, and 3574 accepted.
[2 : mcmc] Progress @ 2025-04-18 15:05:21 : 13680 steps taken, and 3620 accepted.
[0 : mcmc] Progress @ 2025-04-18 15:05:29 : 13457 steps taken, and 3707 accepted.
[3 : mcmc] Progress @ 2025-04-18 15:05:42 : 13601 steps taken, and 3727 accepted.
[1 : mcmc] Progress @ 2025-04-18 15:06:16 : 13194 steps taken, and 3585 accepted.
[2 : mcmc] Progress @ 2025-04-18 15:07:22 : 13704 steps taken, and 3626 accepted.
[0 : mcmc] Progress @ 2025-04-18 15:07:31 : 13484 steps taken, and 3717 accepted.
[3 : mcmc] Progress @ 2025-04-18 15:07:43 : 13626 steps taken, and 3738 accepted.
[1 : mcmc] Progress @ 2025-04-18 15:08:16 : 13220 steps taken, and 3593 accepted.
[0 : mcmc] Learn + convergence test @ 3720 samples accepted.
[0 : mcmc] Ready to check convergence and learn a new proposal covmat (waiting for the rest...)
[2 : mcmc] Progress @ 2025-04-18 15:09:23 : 13728 steps taken, and 3636 accepted.
[0 : mcmc] Progress @ 2025-04-18 15:09:35 : 13507 steps taken, and 3721 accepted.
[3 : mcmc] Progress @ 2025-04-18 15:09:44 : 13651 steps taken, and 3741 accepted.
[1 : mcmc] Learn + convergence test @ 3600 samples accepted.
[1 : mcmc] Ready to check convergence and learn a new proposal covmat (waiting for the rest...)
[1 : mcmc] Progress @ 2025-04-18 15:10:17 : 13244 steps taken, and 3601 accepted.
[2 : mcmc] Progress @ 2025-04-18 15:11:23 : 13760 steps taken, and 3644 accepted.
[0 : mcmc] Progress @ 2025-04-18 15:11:38 : 13532 steps taken, and 3723 accepted.
[3 : mcmc] Progress @ 2025-04-18 15:11:48 : 13676 steps taken, and 3748 accepted.
[1 : mcmc] Progress @ 2025-04-18 15:12:19 : 13274 steps taken, and 3609 accepted.
[2 : mcmc] Progress @ 2025-04-18 15:13:24 : 13792 steps taken, and 3654 accepted.
[0 : mcmc] Progress @ 2025-04-18 15:13:39 : 13557 steps taken, and 3730 accepted.
[3 : mcmc] Progress @ 2025-04-18 15:13:52 : 13712 steps taken, and 3758 accepted.
[1 : mcmc] Progress @ 2025-04-18 15:14:24 : 13300 steps taken, and 3618 accepted.
[2 : mcmc] Progress @ 2025-04-18 15:15:25 : 13818 steps taken, and 3658 accepted.
[0 : mcmc] Progress @ 2025-04-18 15:15:43 : 13586 steps taken, and 3742 accepted.
[2 : mcmc] Learn + convergence test @ 3660 samples accepted.
[2 : mcmc] Ready to check convergence and learn a new proposal covmat (waiting for the rest...)
[3 : mcmc] Progress @ 2025-04-18 15:15:55 : 13739 steps taken, and 3765 accepted.
[0 : mcmc] All chains are ready to check convergence and learn a new proposal covmat
[0 : mcmc]  - Acceptance rate: 0.281 = avg([0.2815, 0.2891, 0.2737, 0.2804])
[0 : mcmc]  - Convergence of means: R-1 = 0.090180 after 14798 accepted steps = sum([3744, 3629, 3660, 3765])
[0 : mcmc]  - Updated covariance matrix of proposal pdf.
[1 : mcmc] Progress @ 2025-04-18 15:16:25 : 13336 steps taken, and 3629 accepted.
[2 : mcmc] Progress @ 2025-04-18 15:17:29 : 13839 steps taken, and 3663 accepted.
[0 : mcmc] Progress @ 2025-04-18 15:17:47 : 13611 steps taken, and 3747 accepted.
[3 : mcmc] Progress @ 2025-04-18 15:17:59 : 13768 steps taken, and 3772 accepted.
[1 : mcmc] Progress @ 2025-04-18 15:18:28 : 13362 steps taken, and 3641 accepted.
[3 : mcmc] Learn + convergence test @ 3780 samples accepted.
[3 : mcmc] Ready to check convergence and learn a new proposal covmat (waiting for the rest...)
[2 : mcmc] Progress @ 2025-04-18 15:19:34 : 13864 steps taken, and 3668 accepted.
[0 : mcmc] Progress @ 2025-04-18 15:19:50 : 13641 steps taken, and 3755 accepted.
[3 : mcmc] Progress @ 2025-04-18 15:20:01 : 13799 steps taken, and 3781 accepted.
[1 : mcmc] Progress @ 2025-04-18 15:20:34 : 13387 steps taken, and 3651 accepted.
[2 : mcmc] Progress @ 2025-04-18 15:21:38 : 13895 steps taken, and 3679 accepted.
[0 : mcmc] Progress @ 2025-04-18 15:21:53 : 13667 steps taken, and 3763 accepted.
[1 : mcmc] Learn + convergence test @ 3660 samples accepted.
[1 : mcmc] Ready to check convergence and learn a new proposal covmat (waiting for the rest...)
[3 : mcmc] Progress @ 2025-04-18 15:22:07 : 13824 steps taken, and 3787 accepted.
[1 : mcmc] Progress @ 2025-04-18 15:22:34 : 13418 steps taken, and 3664 accepted.
[2 : mcmc] Progress @ 2025-04-18 15:23:42 : 13923 steps taken, and 3685 accepted.
[0 : mcmc] Progress @ 2025-04-18 15:23:54 : 13690 steps taken, and 3770 accepted.
[3 : mcmc] Progress @ 2025-04-18 15:24:09 : 13847 steps taken, and 3797 accepted.
[1 : mcmc] Progress @ 2025-04-18 15:24:34 : 13450 steps taken, and 3678 accepted.
[2 : mcmc] Progress @ 2025-04-18 15:25:45 : 13958 steps taken, and 3695 accepted.
[0 : mcmc] Progress @ 2025-04-18 15:25:56 : 13713 steps taken, and 3775 accepted.
[3 : mcmc] Progress @ 2025-04-18 15:26:10 : 13872 steps taken, and 3803 accepted.
[1 : mcmc] Progress @ 2025-04-18 15:26:36 : 13474 steps taken, and 3682 accepted.
[0 : mcmc] Learn + convergence test @ 3780 samples accepted.
[0 : mcmc] Ready to check convergence and learn a new proposal covmat (waiting for the rest...)
[2 : mcmc] Progress @ 2025-04-18 15:27:46 : 13986 steps taken, and 3703 accepted.
[0 : mcmc] Progress @ 2025-04-18 15:27:56 : 13735 steps taken, and 3782 accepted.
[3 : mcmc] Progress @ 2025-04-18 15:28:13 : 13897 steps taken, and 3816 accepted.
[1 : mcmc] Progress @ 2025-04-18 15:28:38 : 13500 steps taken, and 3689 accepted.
[2 : mcmc] Progress @ 2025-04-18 15:29:48 : 14018 steps taken, and 3709 accepted.
[0 : mcmc] Progress @ 2025-04-18 15:30:01 : 13762 steps taken, and 3790 accepted.
[3 : mcmc] Progress @ 2025-04-18 15:30:16 : 13929 steps taken, and 3823 accepted.
[1 : mcmc] Progress @ 2025-04-18 15:30:41 : 13529 steps taken, and 3695 accepted.
[2 : mcmc] Progress @ 2025-04-18 15:31:49 : 14049 steps taken, and 3718 accepted.
[0 : mcmc] Progress @ 2025-04-18 15:32:04 : 13790 steps taken, and 3798 accepted.
[2 : mcmc] Learn + convergence test @ 3720 samples accepted.
[2 : mcmc] Ready to check convergence and learn a new proposal covmat (waiting for the rest...)
[3 : mcmc] Progress @ 2025-04-18 15:32:18 : 13960 steps taken, and 3834 accepted.
[0 : mcmc] All chains are ready to check convergence and learn a new proposal covmat
[1 : mcmc] Progress @ 2025-04-18 15:32:45 : 13556 steps taken, and 3704 accepted.
[0 : mcmc]  - Acceptance rate: 0.282 = avg([0.2820, 0.2923, 0.2730, 0.2809])
[0 : mcmc]  - Convergence of means: R-1 = 0.093819 after 15061 accepted steps = sum([3801, 3705, 3720, 3835])
[0 : mcmc]  - Updated covariance matrix of proposal pdf.
[2 : mcmc] Progress @ 2025-04-18 15:33:50 : 14068 steps taken, and 3724 accepted.
[0 : mcmc] Progress @ 2025-04-18 15:34:04 : 13811 steps taken, and 3806 accepted.
[3 : mcmc] Progress @ 2025-04-18 15:34:19 : 13981 steps taken, and 3838 accepted.
[3 : mcmc] Learn + convergence test @ 3840 samples accepted.
[3 : mcmc] Ready to check convergence and learn a new proposal covmat (waiting for the rest...)
[1 : mcmc] Progress @ 2025-04-18 15:34:51 : 13587 steps taken, and 3710 accepted.
[2 : mcmc] Progress @ 2025-04-18 15:35:52 : 14117 steps taken, and 3731 accepted.
[0 : mcmc] Progress @ 2025-04-18 15:36:06 : 13840 steps taken, and 3818 accepted.
[3 : mcmc] Progress @ 2025-04-18 15:36:22 : 14008 steps taken, and 3849 accepted.
[1 : mcmc] Progress @ 2025-04-18 15:36:54 : 13613 steps taken, and 3717 accepted.
[1 : mcmc] Learn + convergence test @ 3720 samples accepted.
[1 : mcmc] Ready to check convergence and learn a new proposal covmat (waiting for the rest...)
[2 : mcmc] Progress @ 2025-04-18 15:37:57 : 14154 steps taken, and 3739 accepted.
[0 : mcmc] Progress @ 2025-04-18 15:38:11 : 13867 steps taken, and 3828 accepted.
[3 : mcmc] Progress @ 2025-04-18 15:38:23 : 14034 steps taken, and 3860 accepted.
[1 : mcmc] Progress @ 2025-04-18 15:38:57 : 13639 steps taken, and 3724 accepted.
[0 : mcmc] Learn + convergence test @ 3840 samples accepted.
[0 : mcmc] Ready to check convergence and learn a new proposal covmat (waiting for the rest...)
[2 : mcmc] Progress @ 2025-04-18 15:40:00 : 14186 steps taken, and 3746 accepted.
[0 : mcmc] Progress @ 2025-04-18 15:40:13 : 13901 steps taken, and 3841 accepted.
[3 : mcmc] Progress @ 2025-04-18 15:40:26 : 14065 steps taken, and 3874 accepted.
[1 : mcmc] Progress @ 2025-04-18 15:40:57 : 13666 steps taken, and 3735 accepted.
[2 : mcmc] Progress @ 2025-04-18 15:42:01 : 14216 steps taken, and 3754 accepted.
[0 : mcmc] Progress @ 2025-04-18 15:42:17 : 13928 steps taken, and 3849 accepted.
[3 : mcmc] Progress @ 2025-04-18 15:42:29 : 14097 steps taken, and 3879 accepted.
[1 : mcmc] Progress @ 2025-04-18 15:43:00 : 13691 steps taken, and 3742 accepted.
[2 : mcmc] Progress @ 2025-04-18 15:44:06 : 14251 steps taken, and 3760 accepted.
[0 : mcmc] Progress @ 2025-04-18 15:44:20 : 13957 steps taken, and 3859 accepted.
[3 : mcmc] Progress @ 2025-04-18 15:44:30 : 14122 steps taken, and 3886 accepted.
[1 : mcmc] Progress @ 2025-04-18 15:45:01 : 13720 steps taken, and 3752 accepted.
[2 : mcmc] Progress @ 2025-04-18 15:46:11 : 14283 steps taken, and 3772 accepted.
[0 : mcmc] Progress @ 2025-04-18 15:46:22 : 13992 steps taken, and 3868 accepted.
[3 : mcmc] Progress @ 2025-04-18 15:46:34 : 14169 steps taken, and 3891 accepted.
[1 : mcmc] Progress @ 2025-04-18 15:47:05 : 13748 steps taken, and 3764 accepted.
[2 : mcmc] Learn + convergence test @ 3780 samples accepted.
[2 : mcmc] Ready to check convergence and learn a new proposal covmat (waiting for the rest...)
[0 : mcmc] All chains are ready to check convergence and learn a new proposal covmat
[0 : mcmc]  - Acceptance rate: 0.282 = avg([0.2824, 0.2924, 0.2719, 0.2826])
[0 : mcmc]  - Convergence of means: R-1 = 0.094380 after 15313 accepted steps = sum([3871, 3767, 3780, 3895])
[0 : mcmc]  - Updated covariance matrix of proposal pdf.
[2 : mcmc] Progress @ 2025-04-18 15:48:12 : 14310 steps taken, and 3784 accepted.
[0 : mcmc] Progress @ 2025-04-18 15:48:24 : 14017 steps taken, and 3875 accepted.
[3 : mcmc] Progress @ 2025-04-18 15:48:37 : 14198 steps taken, and 3898 accepted.
[3 : mcmc] Learn + convergence test @ 3900 samples accepted.
[3 : mcmc] Ready to check convergence and learn a new proposal covmat (waiting for the rest...)
[1 : mcmc] Progress @ 2025-04-18 15:49:12 : 13776 steps taken, and 3774 accepted.
[1 : mcmc] Learn + convergence test @ 3780 samples accepted.
[1 : mcmc] Ready to check convergence and learn a new proposal covmat (waiting for the rest...)
[2 : mcmc] Progress @ 2025-04-18 15:50:16 : 14349 steps taken, and 3793 accepted.
[0 : mcmc] Progress @ 2025-04-18 15:50:24 : 14041 steps taken, and 3882 accepted.
[3 : mcmc] Progress @ 2025-04-18 15:50:37 : 14231 steps taken, and 3908 accepted.
[1 : mcmc] Progress @ 2025-04-18 15:51:13 : 13801 steps taken, and 3786 accepted.
[2 : mcmc] Progress @ 2025-04-18 15:52:20 : 14376 steps taken, and 3801 accepted.
[0 : mcmc] Progress @ 2025-04-18 15:52:27 : 14067 steps taken, and 3890 accepted.
[3 : mcmc] Progress @ 2025-04-18 15:52:38 : 14261 steps taken, and 3917 accepted.
[1 : mcmc] Progress @ 2025-04-18 15:53:19 : 13835 steps taken, and 3794 accepted.
[2 : mcmc] Progress @ 2025-04-18 15:54:25 : 14402 steps taken, and 3810 accepted.
[0 : mcmc] Progress @ 2025-04-18 15:54:27 : 14093 steps taken, and 3900 accepted.
[0 : mcmc] Learn + convergence test @ 3900 samples accepted.
[0 : mcmc] Ready to check convergence and learn a new proposal covmat (waiting for the rest...)
[3 : mcmc] Progress @ 2025-04-18 15:54:42 : 14303 steps taken, and 3924 accepted.
[1 : mcmc] Progress @ 2025-04-18 15:55:20 : 13861 steps taken, and 3805 accepted.
[2 : mcmc] Progress @ 2025-04-18 15:56:32 : 14427 steps taken, and 3816 accepted.
[0 : mcmc] Progress @ 2025-04-18 15:56:32 : 14116 steps taken, and 3908 accepted.
[3 : mcmc] Progress @ 2025-04-18 15:56:47 : 14335 steps taken, and 3927 accepted.
[1 : mcmc] Progress @ 2025-04-18 15:57:21 : 13885 steps taken, and 3810 accepted.
[2 : mcmc] Progress @ 2025-04-18 15:58:32 : 14453 steps taken, and 3826 accepted.
[0 : mcmc] Progress @ 2025-04-18 15:58:32 : 14140 steps taken, and 3917 accepted.
[3 : mcmc] Progress @ 2025-04-18 15:58:52 : 14367 steps taken, and 3938 accepted.
[1 : mcmc] Progress @ 2025-04-18 15:59:26 : 13913 steps taken, and 3815 accepted.
[2 : mcmc] Progress @ 2025-04-18 16:00:33 : 14480 steps taken, and 3834 accepted.
[0 : mcmc] Progress @ 2025-04-18 16:00:36 : 14171 steps taken, and 3924 accepted.
[3 : mcmc] Progress @ 2025-04-18 16:00:56 : 14400 steps taken, and 3947 accepted.
[1 : mcmc] Progress @ 2025-04-18 16:01:30 : 13939 steps taken, and 3820 accepted.
[2 : mcmc] Learn + convergence test @ 3840 samples accepted.
[2 : mcmc] Ready to check convergence and learn a new proposal covmat (waiting for the rest...)
[0 : mcmc] Progress @ 2025-04-18 16:02:39 : 14198 steps taken, and 3931 accepted.
[0 : mcmc] All chains are ready to check convergence and learn a new proposal covmat
[0 : mcmc]  - Acceptance rate: 0.282 = avg([0.2832, 0.2913, 0.2725, 0.2813])
[0 : mcmc]  - Convergence of means: R-1 = 0.080971 after 15547 accepted steps = sum([3932, 3823, 3840, 3952])
[0 : mcmc]  - Updated covariance matrix of proposal pdf.
[3 : mcmc] Progress @ 2025-04-18 16:02:58 : 14418 steps taken, and 3952 accepted.
[2 : mcmc] Progress @ 2025-04-18 16:02:59 : 14497 steps taken, and 3840 accepted.
[1 : mcmc] Progress @ 2025-04-18 16:03:32 : 13966 steps taken, and 3824 accepted.
[0 : mcmc] Progress @ 2025-04-18 16:04:41 : 14226 steps taken, and 3938 accepted.
[2 : mcmc] Progress @ 2025-04-18 16:05:00 : 14522 steps taken, and 3848 accepted.
[3 : mcmc] Progress @ 2025-04-18 16:05:01 : 14442 steps taken, and 3958 accepted.
[3 : mcmc] Learn + convergence test @ 3960 samples accepted.
[3 : mcmc] Ready to check convergence and learn a new proposal covmat (waiting for the rest...)
[1 : mcmc] Progress @ 2025-04-18 16:05:34 : 13993 steps taken, and 3833 accepted.
[0 : mcmc] Progress @ 2025-04-18 16:06:44 : 14256 steps taken, and 3944 accepted.
[2 : mcmc] Progress @ 2025-04-18 16:07:02 : 14547 steps taken, and 3855 accepted.
[3 : mcmc] Progress @ 2025-04-18 16:07:04 : 14476 steps taken, and 3964 accepted.
[1 : mcmc] Progress @ 2025-04-18 16:07:38 : 14020 steps taken, and 3839 accepted.
[1 : mcmc] Learn + convergence test @ 3840 samples accepted.
[1 : mcmc] Ready to check convergence and learn a new proposal covmat (waiting for the rest...)
[0 : mcmc] Progress @ 2025-04-18 16:08:46 : 14282 steps taken, and 3949 accepted.
[2 : mcmc] Progress @ 2025-04-18 16:09:03 : 14574 steps taken, and 3863 accepted.
[3 : mcmc] Progress @ 2025-04-18 16:09:05 : 14500 steps taken, and 3972 accepted.
[1 : mcmc] Progress @ 2025-04-18 16:09:39 : 14048 steps taken, and 3848 accepted.
[0 : mcmc] Progress @ 2025-04-18 16:10:47 : 14310 steps taken, and 3955 accepted.
[2 : mcmc] Progress @ 2025-04-18 16:11:08 : 14599 steps taken, and 3869 accepted.
[3 : mcmc] Progress @ 2025-04-18 16:11:08 : 14527 steps taken, and 3980 accepted.
[1 : mcmc] Progress @ 2025-04-18 16:11:41 : 14088 steps taken, and 3859 accepted.
[0 : mcmc] Learn + convergence test @ 3960 samples accepted.
[0 : mcmc] Ready to check convergence and learn a new proposal covmat (waiting for the rest...)
[0 : mcmc] Progress @ 2025-04-18 16:12:48 : 14339 steps taken, and 3964 accepted.
[2 : mcmc] Progress @ 2025-04-18 16:13:08 : 14623 steps taken, and 3876 accepted.
[3 : mcmc] Progress @ 2025-04-18 16:13:11 : 14553 steps taken, and 3989 accepted.
[1 : mcmc] Progress @ 2025-04-18 16:13:46 : 14122 steps taken, and 3869 accepted.
[0 : mcmc] Progress @ 2025-04-18 16:14:50 : 14370 steps taken, and 3974 accepted.
[2 : mcmc] Progress @ 2025-04-18 16:15:12 : 14647 steps taken, and 3885 accepted.
[3 : mcmc] Progress @ 2025-04-18 16:15:14 : 14577 steps taken, and 3997 accepted.
[1 : mcmc] Progress @ 2025-04-18 16:15:49 : 14145 steps taken, and 3880 accepted.
[0 : mcmc] Progress @ 2025-04-18 16:16:53 : 14399 steps taken, and 3979 accepted.
[2 : mcmc] Progress @ 2025-04-18 16:17:13 : 14683 steps taken, and 3892 accepted.
[3 : mcmc] Progress @ 2025-04-18 16:17:17 : 14604 steps taken, and 4005 accepted.
[1 : mcmc] Progress @ 2025-04-18 16:17:50 : 14177 steps taken, and 3891 accepted.
[0 : mcmc] Progress @ 2025-04-18 16:18:53 : 14433 steps taken, and 3987 accepted.
[2 : mcmc] Learn + convergence test @ 3900 samples accepted.
[2 : mcmc] Ready to check convergence and learn a new proposal covmat (waiting for the rest...)
[3 : mcmc] Learn + convergence test @ 4020 samples accepted.
[0 : mcmc] All chains are ready to check convergence and learn a new proposal covmat
[0 : mcmc]  - Acceptance rate: 0.281 = avg([0.2812, 0.2907, 0.2730, 0.2810])
[0 : mcmc]  - Convergence of means: R-1 = 0.073426 after 15804 accepted steps = sum([3989, 3895, 3900, 4020])
[0 : mcmc]  - Updated covariance matrix of proposal pdf.
[2 : mcmc] Progress @ 2025-04-18 16:19:27 : 14712 steps taken, and 3900 accepted.
[3 : mcmc] Progress @ 2025-04-18 16:19:28 : 14645 steps taken, and 4021 accepted.
[1 : mcmc] Progress @ 2025-04-18 16:19:51 : 14201 steps taken, and 3895 accepted.
[0 : mcmc] Progress @ 2025-04-18 16:20:55 : 14459 steps taken, and 3996 accepted.
[2 : mcmc] Progress @ 2025-04-18 16:21:28 : 14746 steps taken, and 3910 accepted.
[3 : mcmc] Progress @ 2025-04-18 16:21:29 : 14669 steps taken, and 4032 accepted.
[1 : mcmc] Progress @ 2025-04-18 16:21:54 : 14228 steps taken, and 3899 accepted.
[1 : mcmc] Learn + convergence test @ 3900 samples accepted.
[1 : mcmc] Ready to check convergence and learn a new proposal covmat (waiting for the rest...)
[0 : mcmc] Progress @ 2025-04-18 16:22:59 : 14485 steps taken, and 4002 accepted.
[2 : mcmc] Progress @ 2025-04-18 16:23:28 : 14774 steps taken, and 3917 accepted.
[3 : mcmc] Progress @ 2025-04-18 16:23:31 : 14692 steps taken, and 4039 accepted.
[1 : mcmc] Progress @ 2025-04-18 16:23:55 : 14260 steps taken, and 3905 accepted.
[0 : mcmc] Progress @ 2025-04-18 16:25:02 : 14511 steps taken, and 4005 accepted.
[2 : mcmc] Progress @ 2025-04-18 16:25:34 : 14802 steps taken, and 3926 accepted.
[3 : mcmc] Progress @ 2025-04-18 16:25:34 : 14725 steps taken, and 4053 accepted.
[1 : mcmc] Progress @ 2025-04-18 16:25:59 : 14286 steps taken, and 3912 accepted.
[0 : mcmc] Progress @ 2025-04-18 16:27:07 : 14536 steps taken, and 4009 accepted.
[2 : mcmc] Progress @ 2025-04-18 16:27:34 : 14827 steps taken, and 3935 accepted.
[3 : mcmc] Progress @ 2025-04-18 16:27:35 : 14751 steps taken, and 4065 accepted.
[1 : mcmc] Progress @ 2025-04-18 16:28:01 : 14311 steps taken, and 3920 accepted.
[0 : mcmc] Learn + convergence test @ 4020 samples accepted.
[0 : mcmc] Ready to check convergence and learn a new proposal covmat (waiting for the rest...)
[0 : mcmc] Progress @ 2025-04-18 16:29:11 : 14560 steps taken, and 4021 accepted.
[2 : mcmc] Progress @ 2025-04-18 16:29:35 : 14858 steps taken, and 3944 accepted.
[3 : mcmc] Progress @ 2025-04-18 16:29:37 : 14778 steps taken, and 4075 accepted.
[1 : mcmc] Progress @ 2025-04-18 16:30:04 : 14335 steps taken, and 3931 accepted.
[3 : mcmc] Learn + convergence test @ 4080 samples accepted.
[3 : mcmc] Ready to check convergence and learn a new proposal covmat (waiting for the rest...)
[0 : mcmc] Progress @ 2025-04-18 16:31:12 : 14590 steps taken, and 4033 accepted.
[2 : mcmc] Progress @ 2025-04-18 16:31:37 : 14885 steps taken, and 3948 accepted.
[3 : mcmc] Progress @ 2025-04-18 16:31:42 : 14806 steps taken, and 4083 accepted.
[1 : mcmc] Progress @ 2025-04-18 16:32:08 : 14363 steps taken, and 3942 accepted.
[0 : mcmc] Progress @ 2025-04-18 16:33:12 : 14617 steps taken, and 4038 accepted.
[2 : mcmc] Learn + convergence test @ 3960 samples accepted.
[2 : mcmc] Ready to check convergence and learn a new proposal covmat (waiting for the rest...)
[3 : mcmc] Progress @ 2025-04-18 16:33:43 : 14835 steps taken, and 4087 accepted.
[0 : mcmc] All chains are ready to check convergence and learn a new proposal covmat
[0 : mcmc]  - Acceptance rate: 0.282 = avg([0.2809, 0.2901, 0.2739, 0.2830])
[0 : mcmc]  - Convergence of means: R-1 = 0.072197 after 16039 accepted steps = sum([4041, 3950, 3960, 4088])
[0 : mcmc]  - Updated covariance matrix of proposal pdf.
[2 : mcmc] Progress @ 2025-04-18 16:34:03 : 14917 steps taken, and 3961 accepted.
[1 : mcmc] Progress @ 2025-04-18 16:34:08 : 14397 steps taken, and 3950 accepted.
[0 : mcmc] Progress @ 2025-04-18 16:35:13 : 14643 steps taken, and 4045 accepted.
[3 : mcmc] Progress @ 2025-04-18 16:35:45 : 14866 steps taken, and 4094 accepted.
[2 : mcmc] Progress @ 2025-04-18 16:36:04 : 14945 steps taken, and 3966 accepted.
[1 : mcmc] Progress @ 2025-04-18 16:36:12 : 14427 steps taken, and 3955 accepted.
[0 : mcmc] Progress @ 2025-04-18 16:37:17 : 14671 steps taken, and 4049 accepted.
[3 : mcmc] Progress @ 2025-04-18 16:37:47 : 14896 steps taken, and 4102 accepted.
[1 : mcmc] Learn + convergence test @ 3960 samples accepted.
[1 : mcmc] Ready to check convergence and learn a new proposal covmat (waiting for the rest...)
[2 : mcmc] Progress @ 2025-04-18 16:38:09 : 14972 steps taken, and 3977 accepted.
[1 : mcmc] Progress @ 2025-04-18 16:38:17 : 14454 steps taken, and 3960 accepted.
[0 : mcmc] Progress @ 2025-04-18 16:39:21 : 14696 steps taken, and 4056 accepted.
[3 : mcmc] Progress @ 2025-04-18 16:39:49 : 14920 steps taken, and 4106 accepted.
[2 : mcmc] Progress @ 2025-04-18 16:40:09 : 14999 steps taken, and 3985 accepted.
[1 : mcmc] Progress @ 2025-04-18 16:40:22 : 14478 steps taken, and 3972 accepted.
[0 : mcmc] Progress @ 2025-04-18 16:41:21 : 14721 steps taken, and 4062 accepted.
[3 : mcmc] Progress @ 2025-04-18 16:41:51 : 14948 steps taken, and 4113 accepted.
[2 : mcmc] Progress @ 2025-04-18 16:42:10 : 15025 steps taken, and 3992 accepted.
[1 : mcmc] Progress @ 2025-04-18 16:42:25 : 14508 steps taken, and 3985 accepted.
[0 : mcmc] Progress @ 2025-04-18 16:43:26 : 14753 steps taken, and 4070 accepted.
[3 : mcmc] Progress @ 2025-04-18 16:43:53 : 14976 steps taken, and 4119 accepted.
[2 : mcmc] Progress @ 2025-04-18 16:44:12 : 15053 steps taken, and 4001 accepted.
[1 : mcmc] Progress @ 2025-04-18 16:44:27 : 14531 steps taken, and 3993 accepted.
[0 : mcmc] Progress @ 2025-04-18 16:45:28 : 14778 steps taken, and 4080 accepted.
[0 : mcmc] Learn + convergence test @ 4080 samples accepted.
[0 : mcmc] Ready to check convergence and learn a new proposal covmat (waiting for the rest...)
[3 : mcmc] Progress @ 2025-04-18 16:45:54 : 15001 steps taken, and 4125 accepted.
[2 : mcmc] Progress @ 2025-04-18 16:46:16 : 15091 steps taken, and 4006 accepted.
[1 : mcmc] Progress @ 2025-04-18 16:46:27 : 14559 steps taken, and 4000 accepted.
[0 : mcmc] Progress @ 2025-04-18 16:47:32 : 14804 steps taken, and 4083 accepted.
[3 : mcmc] Progress @ 2025-04-18 16:47:57 : 15033 steps taken, and 4135 accepted.
[2 : mcmc] Progress @ 2025-04-18 16:48:16 : 15133 steps taken, and 4014 accepted.
[1 : mcmc] Progress @ 2025-04-18 16:48:29 : 14592 steps taken, and 4008 accepted.
[3 : mcmc] Learn + convergence test @ 4140 samples accepted.
[3 : mcmc] Ready to check convergence and learn a new proposal covmat (waiting for the rest...)
[2 : mcmc] Learn + convergence test @ 4020 samples accepted.
[2 : mcmc] Ready to check convergence and learn a new proposal covmat (waiting for the rest...)
[0 : mcmc] Progress @ 2025-04-18 16:49:32 : 14830 steps taken, and 4090 accepted.
[0 : mcmc] All chains are ready to check convergence and learn a new proposal covmat
[0 : mcmc]  - Acceptance rate: 0.281 = avg([0.2789, 0.2900, 0.2745, 0.2823])
[0 : mcmc]  - Convergence of means: R-1 = 0.065399 after 16267 accepted steps = sum([4091, 4013, 4020, 4143])
[0 : mcmc]  - Updated covariance matrix of proposal pdf.
[3 : mcmc] Progress @ 2025-04-18 16:49:59 : 15058 steps taken, and 4144 accepted.
[2 : mcmc] Progress @ 2025-04-18 16:50:20 : 15152 steps taken, and 4022 accepted.
[1 : mcmc] Progress @ 2025-04-18 16:50:33 : 14632 steps taken, and 4016 accepted.
[0 : mcmc] Progress @ 2025-04-18 16:51:35 : 14852 steps taken, and 4095 accepted.
[3 : mcmc] Progress @ 2025-04-18 16:52:00 : 15085 steps taken, and 4157 accepted.
[1 : mcmc] Learn + convergence test @ 4020 samples accepted.
[1 : mcmc] Ready to check convergence and learn a new proposal covmat (waiting for the rest...)
[2 : mcmc] Progress @ 2025-04-18 16:52:21 : 15181 steps taken, and 4030 accepted.
[1 : mcmc] Progress @ 2025-04-18 16:52:38 : 14661 steps taken, and 4023 accepted.
[0 : mcmc] Progress @ 2025-04-18 16:53:37 : 14877 steps taken, and 4100 accepted.
[3 : mcmc] Progress @ 2025-04-18 16:54:03 : 15117 steps taken, and 4164 accepted.
[2 : mcmc] Progress @ 2025-04-18 16:54:25 : 15208 steps taken, and 4036 accepted.
[1 : mcmc] Progress @ 2025-04-18 16:54:45 : 14690 steps taken, and 4032 accepted.
[0 : mcmc] Progress @ 2025-04-18 16:55:37 : 14902 steps taken, and 4105 accepted.
[3 : mcmc] Progress @ 2025-04-18 16:56:04 : 15143 steps taken, and 4171 accepted.
[2 : mcmc] Progress @ 2025-04-18 16:56:27 : 15234 steps taken, and 4044 accepted.
[1 : mcmc] Progress @ 2025-04-18 16:56:49 : 14714 steps taken, and 4041 accepted.
[0 : mcmc] Progress @ 2025-04-18 16:57:41 : 14926 steps taken, and 4117 accepted.
[3 : mcmc] Progress @ 2025-04-18 16:58:06 : 15168 steps taken, and 4176 accepted.
[2 : mcmc] Progress @ 2025-04-18 16:58:30 : 15258 steps taken, and 4050 accepted.
[1 : mcmc] Progress @ 2025-04-18 16:58:50 : 14741 steps taken, and 4048 accepted.
[0 : mcmc] Progress @ 2025-04-18 16:59:43 : 14951 steps taken, and 4124 accepted.
[3 : mcmc] Progress @ 2025-04-18 17:00:11 : 15193 steps taken, and 4183 accepted.
[2 : mcmc] Progress @ 2025-04-18 17:00:34 : 15285 steps taken, and 4056 accepted.
[1 : mcmc] Progress @ 2025-04-18 17:00:51 : 14769 steps taken, and 4055 accepted.
[0 : mcmc] Progress @ 2025-04-18 17:01:44 : 14973 steps taken, and 4132 accepted.
[3 : mcmc] Progress @ 2025-04-18 17:02:12 : 15218 steps taken, and 4190 accepted.
[2 : mcmc] Progress @ 2025-04-18 17:02:39 : 15309 steps taken, and 4061 accepted.
[1 : mcmc] Progress @ 2025-04-18 17:02:52 : 14792 steps taken, and 4058 accepted.
[0 : mcmc] Learn + convergence test @ 4140 samples accepted.
[0 : mcmc] Ready to check convergence and learn a new proposal covmat (waiting for the rest...)
[0 : mcmc] Progress @ 2025-04-18 17:03:47 : 14997 steps taken, and 4140 accepted.
[3 : mcmc] Progress @ 2025-04-18 17:04:17 : 15243 steps taken, and 4197 accepted.
[2 : mcmc] Progress @ 2025-04-18 17:04:42 : 15334 steps taken, and 4072 accepted.
[1 : mcmc] Progress @ 2025-04-18 17:04:53 : 14816 steps taken, and 4063 accepted.
[3 : mcmc] Learn + convergence test @ 4200 samples accepted.
[3 : mcmc] Ready to check convergence and learn a new proposal covmat (waiting for the rest...)
[0 : mcmc] Progress @ 2025-04-18 17:05:47 : 15026 steps taken, and 4146 accepted.
[3 : mcmc] Progress @ 2025-04-18 17:06:21 : 15268 steps taken, and 4203 accepted.
[2 : mcmc] Learn + convergence test @ 4080 samples accepted.
[2 : mcmc] Ready to check convergence and learn a new proposal covmat (waiting for the rest...)
[1 : mcmc] Progress @ 2025-04-18 17:06:53 : 14839 steps taken, and 4073 accepted.
[0 : mcmc] All chains are ready to check convergence and learn a new proposal covmat
[0 : mcmc]  - Acceptance rate: 0.281 = avg([0.2784, 0.2889, 0.2746, 0.2826])
[0 : mcmc]  - Convergence of means: R-1 = 0.058141 after 16509 accepted steps = sum([4150, 4073, 4080, 4206])
[0 : mcmc]  - Updated covariance matrix of proposal pdf.
[2 : mcmc] Progress @ 2025-04-18 17:07:21 : 15358 steps taken, and 4080 accepted.
[0 : mcmc] Progress @ 2025-04-18 17:07:48 : 15057 steps taken, and 4152 accepted.
[3 : mcmc] Progress @ 2025-04-18 17:08:27 : 15295 steps taken, and 4211 accepted.
[1 : mcmc] Learn + convergence test @ 4080 samples accepted.
[1 : mcmc] Ready to check convergence and learn a new proposal covmat (waiting for the rest...)
[1 : mcmc] Progress @ 2025-04-18 17:08:53 : 14859 steps taken, and 4081 accepted.
[2 : mcmc] Progress @ 2025-04-18 17:09:23 : 15388 steps taken, and 4087 accepted.
[0 : mcmc] Progress @ 2025-04-18 17:09:50 : 15091 steps taken, and 4157 accepted.
[3 : mcmc] Progress @ 2025-04-18 17:10:30 : 15323 steps taken, and 4222 accepted.
[1 : mcmc] Progress @ 2025-04-18 17:10:58 : 14887 steps taken, and 4093 accepted.
[2 : mcmc] Progress @ 2025-04-18 17:11:26 : 15417 steps taken, and 4093 accepted.
[0 : mcmc] Progress @ 2025-04-18 17:11:53 : 15123 steps taken, and 4165 accepted.
[3 : mcmc] Progress @ 2025-04-18 17:12:34 : 15349 steps taken, and 4227 accepted.
[1 : mcmc] Progress @ 2025-04-18 17:13:01 : 14913 steps taken, and 4102 accepted.
[2 : mcmc] Progress @ 2025-04-18 17:13:26 : 15441 steps taken, and 4107 accepted.
[0 : mcmc] Progress @ 2025-04-18 17:13:56 : 15146 steps taken, and 4175 accepted.
[3 : mcmc] Progress @ 2025-04-18 17:14:35 : 15372 steps taken, and 4236 accepted.
[1 : mcmc] Progress @ 2025-04-18 17:15:02 : 14940 steps taken, and 4107 accepted.
[2 : mcmc] Progress @ 2025-04-18 17:15:26 : 15464 steps taken, and 4110 accepted.
[0 : mcmc] Progress @ 2025-04-18 17:15:57 : 15173 steps taken, and 4182 accepted.
[3 : mcmc] Progress @ 2025-04-18 17:16:38 : 15397 steps taken, and 4243 accepted.
[1 : mcmc] Progress @ 2025-04-18 17:17:03 : 14964 steps taken, and 4110 accepted.
[2 : mcmc] Progress @ 2025-04-18 17:17:28 : 15488 steps taken, and 4119 accepted.
[0 : mcmc] Progress @ 2025-04-18 17:17:57 : 15210 steps taken, and 4191 accepted.
[3 : mcmc] Progress @ 2025-04-18 17:18:41 : 15426 steps taken, and 4251 accepted.
[1 : mcmc] Progress @ 2025-04-18 17:19:03 : 14988 steps taken, and 4120 accepted.
[2 : mcmc] Progress @ 2025-04-18 17:19:32 : 15514 steps taken, and 4128 accepted.
[0 : mcmc] Progress @ 2025-04-18 17:20:03 : 15237 steps taken, and 4197 accepted.
[3 : mcmc] Progress @ 2025-04-18 17:20:44 : 15450 steps taken, and 4258 accepted.
[1 : mcmc] Progress @ 2025-04-18 17:21:08 : 15011 steps taken, and 4129 accepted.
[0 : mcmc] Learn + convergence test @ 4200 samples accepted.
[0 : mcmc] Ready to check convergence and learn a new proposal covmat (waiting for the rest...)
[2 : mcmc] Progress @ 2025-04-18 17:21:33 : 15539 steps taken, and 4133 accepted.
[3 : mcmc] Learn + convergence test @ 4260 samples accepted.
[3 : mcmc] Ready to check convergence and learn a new proposal covmat (waiting for the rest...)
[0 : mcmc] Progress @ 2025-04-18 17:22:04 : 15261 steps taken, and 4205 accepted.
[3 : mcmc] Progress @ 2025-04-18 17:22:46 : 15474 steps taken, and 4262 accepted.
[1 : mcmc] Progress @ 2025-04-18 17:23:10 : 15035 steps taken, and 4133 accepted.
[2 : mcmc] Progress @ 2025-04-18 17:23:36 : 15564 steps taken, and 4137 accepted.
[0 : mcmc] Progress @ 2025-04-18 17:24:08 : 15288 steps taken, and 4214 accepted.
[1 : mcmc] Learn + convergence test @ 4140 samples accepted.
[3 : mcmc] Progress @ 2025-04-18 17:24:46 : 15510 steps taken, and 4270 accepted.
[1 : mcmc] Progress @ 2025-04-18 17:25:11 : 15059 steps taken, and 4141 accepted.
[2 : mcmc] Learn + convergence test @ 4140 samples accepted.
[2 : mcmc] Ready to check convergence and learn a new proposal covmat (waiting for the rest...)
[0 : mcmc] All chains are ready to check convergence and learn a new proposal covmat
[0 : mcmc]  - Acceptance rate: 0.281 = avg([0.2776, 0.2900, 0.2741, 0.2823])
[0 : mcmc]  - Convergence of means: R-1 = 0.054354 after 16775 accepted steps = sum([4219, 4143, 4140, 4273])
[0 : mcmc]  - Updated covariance matrix of proposal pdf.
[2 : mcmc] Progress @ 2025-04-18 17:25:43 : 15585 steps taken, and 4141 accepted.
[0 : mcmc] Progress @ 2025-04-18 17:26:13 : 15313 steps taken, and 4222 accepted.
[3 : mcmc] Progress @ 2025-04-18 17:26:47 : 15535 steps taken, and 4280 accepted.
[1 : mcmc] Progress @ 2025-04-18 17:27:13 : 15083 steps taken, and 4148 accepted.
[2 : mcmc] Progress @ 2025-04-18 17:27:44 : 15610 steps taken, and 4147 accepted.
[0 : mcmc] Progress @ 2025-04-18 17:28:14 : 15338 steps taken, and 4227 accepted.
[3 : mcmc] Progress @ 2025-04-18 17:28:53 : 15567 steps taken, and 4290 accepted.
[1 : mcmc] Progress @ 2025-04-18 17:29:14 : 15111 steps taken, and 4159 accepted.
[2 : mcmc] Progress @ 2025-04-18 17:29:48 : 15636 steps taken, and 4156 accepted.
[0 : mcmc] Progress @ 2025-04-18 17:30:18 : 15369 steps taken, and 4233 accepted.
[3 : mcmc] Progress @ 2025-04-18 17:30:55 : 15599 steps taken, and 4299 accepted.
[1 : mcmc] Progress @ 2025-04-18 17:31:18 : 15138 steps taken, and 4167 accepted.
[2 : mcmc] Progress @ 2025-04-18 17:31:48 : 15676 steps taken, and 4167 accepted.
[0 : mcmc] Progress @ 2025-04-18 17:32:19 : 15402 steps taken, and 4242 accepted.
[3 : mcmc] Progress @ 2025-04-18 17:32:57 : 15625 steps taken, and 4309 accepted.
[1 : mcmc] Progress @ 2025-04-18 17:33:22 : 15169 steps taken, and 4172 accepted.
[2 : mcmc] Progress @ 2025-04-18 17:33:50 : 15711 steps taken, and 4176 accepted.
[0 : mcmc] Progress @ 2025-04-18 17:34:22 : 15444 steps taken, and 4249 accepted.
[3 : mcmc] Learn + convergence test @ 4320 samples accepted.
[3 : mcmc] Ready to check convergence and learn a new proposal covmat (waiting for the rest...)
[3 : mcmc] Progress @ 2025-04-18 17:35:01 : 15654 steps taken, and 4321 accepted.
[1 : mcmc] Progress @ 2025-04-18 17:35:23 : 15205 steps taken, and 4177 accepted.
[2 : mcmc] Progress @ 2025-04-18 17:35:54 : 15746 steps taken, and 4184 accepted.
[0 : mcmc] Learn + convergence test @ 4260 samples accepted.
[0 : mcmc] Ready to check convergence and learn a new proposal covmat (waiting for the rest...)
[0 : mcmc] Progress @ 2025-04-18 17:36:24 : 15476 steps taken, and 4260 accepted.
[3 : mcmc] Progress @ 2025-04-18 17:37:05 : 15680 steps taken, and 4329 accepted.
[1 : mcmc] Progress @ 2025-04-18 17:37:24 : 15235 steps taken, and 4186 accepted.
[2 : mcmc] Progress @ 2025-04-18 17:37:55 : 15779 steps taken, and 4195 accepted.
[0 : mcmc] Progress @ 2025-04-18 17:38:24 : 15510 steps taken, and 4273 accepted.
[2 : mcmc] Learn + convergence test @ 4200 samples accepted.
[2 : mcmc] Ready to check convergence and learn a new proposal covmat (waiting for the rest...)
[3 : mcmc] Progress @ 2025-04-18 17:39:07 : 15706 steps taken, and 4341 accepted.
[1 : mcmc] Progress @ 2025-04-18 17:39:27 : 15259 steps taken, and 4191 accepted.
[2 : mcmc] Progress @ 2025-04-18 17:39:58 : 15806 steps taken, and 4206 accepted.
[0 : mcmc] Progress @ 2025-04-18 17:40:26 : 15535 steps taken, and 4279 accepted.
[3 : mcmc] Progress @ 2025-04-18 17:41:08 : 15731 steps taken, and 4347 accepted.
[1 : mcmc] Progress @ 2025-04-18 17:41:30 : 15283 steps taken, and 4199 accepted.
[1 : mcmc] Learn + convergence test @ 4200 samples accepted.
[1 : mcmc] Ready to check convergence and learn a new proposal covmat (waiting for the rest...)
[2 : mcmc] Progress @ 2025-04-18 17:42:00 : 15833 steps taken, and 4213 accepted.
[0 : mcmc] All chains are ready to check convergence and learn a new proposal covmat
[0 : mcmc]  - Acceptance rate: 0.281 = avg([0.2769, 0.2883, 0.2754, 0.2846])
[0 : mcmc]  - Convergence of means: R-1 = 0.055062 after 17050 accepted steps = sum([4285, 4200, 4214, 4351])
[0 : mcmc]  - Updated covariance matrix of proposal pdf.
[0 : mcmc] Progress @ 2025-04-18 17:42:32 : 15570 steps taken, and 4285 accepted.
[3 : mcmc] Progress @ 2025-04-18 17:43:11 : 15756 steps taken, and 4355 accepted.
[1 : mcmc] Progress @ 2025-04-18 17:43:31 : 15302 steps taken, and 4204 accepted.
[2 : mcmc] Progress @ 2025-04-18 17:44:04 : 15864 steps taken, and 4221 accepted.
[0 : mcmc] Progress @ 2025-04-18 17:44:36 : 15595 steps taken, and 4291 accepted.
[3 : mcmc] Progress @ 2025-04-18 17:45:17 : 15782 steps taken, and 4364 accepted.
[1 : mcmc] Progress @ 2025-04-18 17:45:33 : 15326 steps taken, and 4214 accepted.
[2 : mcmc] Progress @ 2025-04-18 17:46:07 : 15897 steps taken, and 4232 accepted.
[0 : mcmc] Progress @ 2025-04-18 17:46:40 : 15620 steps taken, and 4298 accepted.
[3 : mcmc] Progress @ 2025-04-18 17:47:22 : 15806 steps taken, and 4370 accepted.
[1 : mcmc] Progress @ 2025-04-18 17:47:36 : 15349 steps taken, and 4217 accepted.
[2 : mcmc] Progress @ 2025-04-18 17:48:09 : 15922 steps taken, and 4237 accepted.
[0 : mcmc] Progress @ 2025-04-18 17:48:45 : 15644 steps taken, and 4304 accepted.
[3 : mcmc] Progress @ 2025-04-18 17:49:24 : 15829 steps taken, and 4377 accepted.
[1 : mcmc] Progress @ 2025-04-18 17:49:41 : 15374 steps taken, and 4226 accepted.
[2 : mcmc] Progress @ 2025-04-18 17:50:12 : 15947 steps taken, and 4244 accepted.
[3 : mcmc] Learn + convergence test @ 4380 samples accepted.
[3 : mcmc] Ready to check convergence and learn a new proposal covmat (waiting for the rest...)
[0 : mcmc] Progress @ 2025-04-18 17:50:47 : 15670 steps taken, and 4313 accepted.
[3 : mcmc] Progress @ 2025-04-18 17:51:28 : 15854 steps taken, and 4383 accepted.
[1 : mcmc] Progress @ 2025-04-18 17:51:42 : 15400 steps taken, and 4237 accepted.
[2 : mcmc] Progress @ 2025-04-18 17:52:15 : 15979 steps taken, and 4252 accepted.
[0 : mcmc] Progress @ 2025-04-18 17:52:50 : 15695 steps taken, and 4318 accepted.
[0 : mcmc] Learn + convergence test @ 4320 samples accepted.
[0 : mcmc] Ready to check convergence and learn a new proposal covmat (waiting for the rest...)
[3 : mcmc] Progress @ 2025-04-18 17:53:32 : 15885 steps taken, and 4390 accepted.
[1 : mcmc] Progress @ 2025-04-18 17:53:46 : 15424 steps taken, and 4243 accepted.
[2 : mcmc] Progress @ 2025-04-18 17:54:18 : 16004 steps taken, and 4259 accepted.
[2 : mcmc] Learn + convergence test @ 4260 samples accepted.
[2 : mcmc] Ready to check convergence and learn a new proposal covmat (waiting for the rest...)
[0 : mcmc] Progress @ 2025-04-18 17:54:51 : 15721 steps taken, and 4323 accepted.
[3 : mcmc] Progress @ 2025-04-18 17:55:34 : 15908 steps taken, and 4394 accepted.
[1 : mcmc] Progress @ 2025-04-18 17:55:49 : 15452 steps taken, and 4249 accepted.
[2 : mcmc] Progress @ 2025-04-18 17:56:19 : 16029 steps taken, and 4266 accepted.
[0 : mcmc] Progress @ 2025-04-18 17:56:54 : 15748 steps taken, and 4329 accepted.
[3 : mcmc] Progress @ 2025-04-18 17:57:36 : 15932 steps taken, and 4404 accepted.
[1 : mcmc] Progress @ 2025-04-18 17:57:50 : 15480 steps taken, and 4257 accepted.
[2 : mcmc] Progress @ 2025-04-18 17:58:21 : 16056 steps taken, and 4278 accepted.
[1 : mcmc] Learn + convergence test @ 4260 samples accepted.
[1 : mcmc] Ready to check convergence and learn a new proposal covmat (waiting for the rest...)
[0 : mcmc] Progress @ 2025-04-18 17:58:57 : 15772 steps taken, and 4337 accepted.
[0 : mcmc] All chains are ready to check convergence and learn a new proposal covmat
[3 : mcmc] Progress @ 2025-04-18 17:59:38 : 15958 steps taken, and 4409 accepted.
[0 : mcmc]  - Acceptance rate: 0.281 = avg([0.2750, 0.2885, 0.2772, 0.2844])
[0 : mcmc]  - Convergence of means: R-1 = 0.060370 after 17291 accepted steps = sum([4338, 4260, 4284, 4409])
[0 : mcmc]  - Updated covariance matrix of proposal pdf.
[1 : mcmc] Progress @ 2025-04-18 17:59:54 : 15501 steps taken, and 4263 accepted.
[2 : mcmc] Progress @ 2025-04-18 18:00:25 : 16076 steps taken, and 4290 accepted.
[0 : mcmc] Progress @ 2025-04-18 18:00:59 : 15798 steps taken, and 4344 accepted.
[3 : mcmc] Progress @ 2025-04-18 18:01:41 : 15984 steps taken, and 4413 accepted.
[1 : mcmc] Progress @ 2025-04-18 18:01:58 : 15527 steps taken, and 4268 accepted.
[2 : mcmc] Progress @ 2025-04-18 18:02:29 : 16101 steps taken, and 4299 accepted.
[0 : mcmc] Progress @ 2025-04-18 18:03:01 : 15823 steps taken, and 4353 accepted.
[3 : mcmc] Progress @ 2025-04-18 18:03:42 : 16007 steps taken, and 4418 accepted.
[1 : mcmc] Progress @ 2025-04-18 18:04:01 : 15557 steps taken, and 4275 accepted.
[2 : mcmc] Progress @ 2025-04-18 18:04:33 : 16126 steps taken, and 4303 accepted.
[0 : mcmc] Progress @ 2025-04-18 18:05:03 : 15846 steps taken, and 4358 accepted.
[3 : mcmc] Progress @ 2025-04-18 18:05:47 : 16034 steps taken, and 4426 accepted.
[1 : mcmc] Progress @ 2025-04-18 18:06:04 : 15584 steps taken, and 4280 accepted.
[2 : mcmc] Progress @ 2025-04-18 18:06:38 : 16156 steps taken, and 4309 accepted.
[0 : mcmc] Progress @ 2025-04-18 18:07:06 : 15870 steps taken, and 4365 accepted.
[3 : mcmc] Progress @ 2025-04-18 18:07:50 : 16058 steps taken, and 4434 accepted.
[1 : mcmc] Progress @ 2025-04-18 18:08:04 : 15609 steps taken, and 4288 accepted.
[2 : mcmc] Progress @ 2025-04-18 18:08:38 : 16184 steps taken, and 4318 accepted.
[2 : mcmc] Learn + convergence test @ 4320 samples accepted.
[2 : mcmc] Ready to check convergence and learn a new proposal covmat (waiting for the rest...)
[0 : mcmc] Progress @ 2025-04-18 18:09:13 : 15894 steps taken, and 4372 accepted.
[3 : mcmc] Progress @ 2025-04-18 18:09:54 : 16086 steps taken, and 4437 accepted.
[1 : mcmc] Progress @ 2025-04-18 18:10:05 : 15633 steps taken, and 4300 accepted.
[3 : mcmc] Learn + convergence test @ 4440 samples accepted.
[3 : mcmc] Ready to check convergence and learn a new proposal covmat (waiting for the rest...)
[2 : mcmc] Progress @ 2025-04-18 18:10:39 : 16214 steps taken, and 4325 accepted.
[0 : mcmc] Progress @ 2025-04-18 18:11:14 : 15918 steps taken, and 4380 accepted.
[0 : mcmc] Learn + convergence test @ 4380 samples accepted.
[0 : mcmc] Ready to check convergence and learn a new proposal covmat (waiting for the rest...)
[3 : mcmc] Progress @ 2025-04-18 18:11:56 : 16113 steps taken, and 4447 accepted.
[1 : mcmc] Progress @ 2025-04-18 18:12:08 : 15658 steps taken, and 4306 accepted.
[2 : mcmc] Progress @ 2025-04-18 18:12:42 : 16239 steps taken, and 4332 accepted.
[0 : mcmc] Progress @ 2025-04-18 18:13:19 : 15943 steps taken, and 4386 accepted.
[3 : mcmc] Progress @ 2025-04-18 18:14:00 : 16138 steps taken, and 4459 accepted.
[1 : mcmc] Progress @ 2025-04-18 18:14:11 : 15685 steps taken, and 4313 accepted.
[2 : mcmc] Progress @ 2025-04-18 18:14:47 : 16273 steps taken, and 4348 accepted.
[0 : mcmc] Progress @ 2025-04-18 18:15:21 : 15979 steps taken, and 4393 accepted.
[3 : mcmc] Progress @ 2025-04-18 18:16:01 : 16166 steps taken, and 4467 accepted.
[1 : mcmc] Progress @ 2025-04-18 18:16:12 : 15717 steps taken, and 4317 accepted.
[1 : mcmc] Learn + convergence test @ 4320 samples accepted.
[1 : mcmc] Ready to check convergence and learn a new proposal covmat (waiting for the rest...)
[2 : mcmc] Progress @ 2025-04-18 18:16:51 : 16303 steps taken, and 4357 accepted.
[0 : mcmc] All chains are ready to check convergence and learn a new proposal covmat
[0 : mcmc]  - Acceptance rate: 0.282 = avg([0.2768, 0.2880, 0.2783, 0.2841])
[0 : mcmc]  - Convergence of means: R-1 = 0.071101 after 17554 accepted steps = sum([4403, 4320, 4358, 4473])
[0 : mcmc]  - Updated covariance matrix of proposal pdf.
[0 : mcmc] Progress @ 2025-04-18 18:17:23 : 16016 steps taken, and 4403 accepted.
[3 : mcmc] Progress @ 2025-04-18 18:18:02 : 16197 steps taken, and 4476 accepted.
[1 : mcmc] Progress @ 2025-04-18 18:18:14 : 15746 steps taken, and 4321 accepted.
[2 : mcmc] Progress @ 2025-04-18 18:18:54 : 16329 steps taken, and 4362 accepted.
[0 : mcmc] Progress @ 2025-04-18 18:19:26 : 16045 steps taken, and 4411 accepted.
[3 : mcmc] Progress @ 2025-04-18 18:20:04 : 16222 steps taken, and 4483 accepted.
[1 : mcmc] Progress @ 2025-04-18 18:20:15 : 15776 steps taken, and 4332 accepted.
[2 : mcmc] Progress @ 2025-04-18 18:20:59 : 16353 steps taken, and 4369 accepted.
[0 : mcmc] Progress @ 2025-04-18 18:21:31 : 16071 steps taken, and 4420 accepted.
[3 : mcmc] Progress @ 2025-04-18 18:22:05 : 16247 steps taken, and 4492 accepted.
[1 : mcmc] Progress @ 2025-04-18 18:22:16 : 15799 steps taken, and 4341 accepted.
[2 : mcmc] Progress @ 2025-04-18 18:23:04 : 16379 steps taken, and 4378 accepted.
[2 : mcmc] Learn + convergence test @ 4380 samples accepted.
[2 : mcmc] Ready to check convergence and learn a new proposal covmat (waiting for the rest...)
[0 : mcmc] Progress @ 2025-04-18 18:23:33 : 16095 steps taken, and 4422 accepted.
[3 : mcmc] Progress @ 2025-04-18 18:24:07 : 16274 steps taken, and 4496 accepted.
[1 : mcmc] Progress @ 2025-04-18 18:24:17 : 15823 steps taken, and 4351 accepted.
[2 : mcmc] Progress @ 2025-04-18 18:25:07 : 16415 steps taken, and 4388 accepted.
[3 : mcmc] Learn + convergence test @ 4500 samples accepted.
[3 : mcmc] Ready to check convergence and learn a new proposal covmat (waiting for the rest...)
[0 : mcmc] Progress @ 2025-04-18 18:25:36 : 16124 steps taken, and 4433 accepted.
[3 : mcmc] Progress @ 2025-04-18 18:26:11 : 16301 steps taken, and 4501 accepted.
[1 : mcmc] Progress @ 2025-04-18 18:26:17 : 15852 steps taken, and 4360 accepted.
[2 : mcmc] Progress @ 2025-04-18 18:27:08 : 16441 steps taken, and 4397 accepted.
[0 : mcmc] Progress @ 2025-04-18 18:27:39 : 16149 steps taken, and 4440 accepted.
[0 : mcmc] Learn + convergence test @ 4440 samples accepted.
[0 : mcmc] Ready to check convergence and learn a new proposal covmat (waiting for the rest...)
[3 : mcmc] Progress @ 2025-04-18 18:28:15 : 16325 steps taken, and 4510 accepted.
[1 : mcmc] Progress @ 2025-04-18 18:28:18 : 15877 steps taken, and 4369 accepted.
[2 : mcmc] Progress @ 2025-04-18 18:29:12 : 16471 steps taken, and 4408 accepted.
[0 : mcmc] Progress @ 2025-04-18 18:29:40 : 16181 steps taken, and 4450 accepted.
[3 : mcmc] Progress @ 2025-04-18 18:30:18 : 16356 steps taken, and 4522 accepted.
[1 : mcmc] Progress @ 2025-04-18 18:30:19 : 15901 steps taken, and 4376 accepted.
[2 : mcmc] Progress @ 2025-04-18 18:31:12 : 16496 steps taken, and 4417 accepted.
[0 : mcmc] Progress @ 2025-04-18 18:31:42 : 16208 steps taken, and 4455 accepted.
[3 : mcmc] Progress @ 2025-04-18 18:32:21 : 16380 steps taken, and 4531 accepted.
[1 : mcmc] Progress @ 2025-04-18 18:32:22 : 15924 steps taken, and 4378 accepted.
[2 : mcmc] Progress @ 2025-04-18 18:33:14 : 16525 steps taken, and 4428 accepted.
[1 : mcmc] Learn + convergence test @ 4380 samples accepted.
[1 : mcmc] Ready to check convergence and learn a new proposal covmat (waiting for the rest...)
[0 : mcmc] Progress @ 2025-04-18 18:33:47 : 16240 steps taken, and 4465 accepted.
[0 : mcmc] All chains are ready to check convergence and learn a new proposal covmat
[0 : mcmc]  - Acceptance rate: 0.282 = avg([0.2773, 0.2882, 0.2796, 0.2842])
[0 : mcmc]  - Convergence of means: R-1 = 0.075581 after 17817 accepted steps = sum([4466, 4380, 4433, 4538])
[0 : mcmc]  - Updated covariance matrix of proposal pdf.
[1 : mcmc] Progress @ 2025-04-18 18:34:24 : 15943 steps taken, and 4380 accepted.
[3 : mcmc] Progress @ 2025-04-18 18:34:26 : 16411 steps taken, and 4539 accepted.
[2 : mcmc] Progress @ 2025-04-18 18:35:16 : 16550 steps taken, and 4436 accepted.
[0 : mcmc] Progress @ 2025-04-18 18:35:53 : 16271 steps taken, and 4473 accepted.
[2 : mcmc] Learn + convergence test @ 4440 samples accepted.
[2 : mcmc] Ready to check convergence and learn a new proposal covmat (waiting for the rest...)
[3 : mcmc] Progress @ 2025-04-18 18:36:26 : 16439 steps taken, and 4548 accepted.
[1 : mcmc] Progress @ 2025-04-18 18:36:27 : 15967 steps taken, and 4385 accepted.
[2 : mcmc] Progress @ 2025-04-18 18:37:22 : 16582 steps taken, and 4447 accepted.
[0 : mcmc] Progress @ 2025-04-18 18:37:58 : 16295 steps taken, and 4483 accepted.
[1 : mcmc] Progress @ 2025-04-18 18:38:28 : 15989 steps taken, and 4391 accepted.
[3 : mcmc] Progress @ 2025-04-18 18:38:28 : 16463 steps taken, and 4555 accepted.
[2 : mcmc] Progress @ 2025-04-18 18:39:22 : 16608 steps taken, and 4454 accepted.
[3 : mcmc] Learn + convergence test @ 4560 samples accepted.
[3 : mcmc] Ready to check convergence and learn a new proposal covmat (waiting for the rest...)
[0 : mcmc] Progress @ 2025-04-18 18:40:03 : 16322 steps taken, and 4494 accepted.
[1 : mcmc] Progress @ 2025-04-18 18:40:29 : 16013 steps taken, and 4394 accepted.
[3 : mcmc] Progress @ 2025-04-18 18:40:29 : 16488 steps taken, and 4563 accepted.
[0 : mcmc] Learn + convergence test @ 4500 samples accepted.
[0 : mcmc] Ready to check convergence and learn a new proposal covmat (waiting for the rest...)
[2 : mcmc] Progress @ 2025-04-18 18:41:24 : 16648 steps taken, and 4458 accepted.
[0 : mcmc] Progress @ 2025-04-18 18:42:06 : 16347 steps taken, and 4506 accepted.
[1 : mcmc] Progress @ 2025-04-18 18:42:31 : 16037 steps taken, and 4401 accepted.
[3 : mcmc] Progress @ 2025-04-18 18:42:32 : 16513 steps taken, and 4569 accepted.
[2 : mcmc] Progress @ 2025-04-18 18:43:27 : 16684 steps taken, and 4467 accepted.
[0 : mcmc] Progress @ 2025-04-18 18:44:09 : 16370 steps taken, and 4512 accepted.
[3 : mcmc] Progress @ 2025-04-18 18:44:34 : 16541 steps taken, and 4575 accepted.
[1 : mcmc] Progress @ 2025-04-18 18:44:35 : 16061 steps taken, and 4409 accepted.
[2 : mcmc] Progress @ 2025-04-18 18:45:28 : 16710 steps taken, and 4472 accepted.
[0 : mcmc] Progress @ 2025-04-18 18:46:10 : 16394 steps taken, and 4515 accepted.
[3 : mcmc] Progress @ 2025-04-18 18:46:39 : 16566 steps taken, and 4581 accepted.
[1 : mcmc] Progress @ 2025-04-18 18:46:39 : 16091 steps taken, and 4417 accepted.
[2 : mcmc] Progress @ 2025-04-18 18:47:32 : 16739 steps taken, and 4484 accepted.
[0 : mcmc] Progress @ 2025-04-18 18:48:12 : 16420 steps taken, and 4522 accepted.
[1 : mcmc] Progress @ 2025-04-18 18:48:40 : 16124 steps taken, and 4426 accepted.
[3 : mcmc] Progress @ 2025-04-18 18:48:43 : 16591 steps taken, and 4584 accepted.
[2 : mcmc] Progress @ 2025-04-18 18:49:33 : 16769 steps taken, and 4490 accepted.
[0 : mcmc] Progress @ 2025-04-18 18:50:15 : 16445 steps taken, and 4524 accepted.
[3 : mcmc] Progress @ 2025-04-18 18:50:44 : 16618 steps taken, and 4595 accepted.
[1 : mcmc] Progress @ 2025-04-18 18:50:45 : 16157 steps taken, and 4434 accepted.
[2 : mcmc] Progress @ 2025-04-18 18:51:36 : 16795 steps taken, and 4495 accepted.
[2 : mcmc] Learn + convergence test @ 4500 samples accepted.
[0 : mcmc] Progress @ 2025-04-18 18:52:17 : 16472 steps taken, and 4533 accepted.
[1 : mcmc] Learn + convergence test @ 4440 samples accepted.
[1 : mcmc] Ready to check convergence and learn a new proposal covmat (waiting for the rest...)
[0 : mcmc] All chains are ready to check convergence and learn a new proposal covmat
[0 : mcmc]  - Acceptance rate: 0.282 = avg([0.2770, 0.2866, 0.2782, 0.2850])
[0 : mcmc]  - Convergence of means: R-1 = 0.081925 after 18080 accepted steps = sum([4536, 4440, 4504, 4600])
[0 : mcmc]  - Updated covariance matrix of proposal pdf.
[1 : mcmc] Progress @ 2025-04-18 18:53:12 : 16181 steps taken, and 4440 accepted.
[3 : mcmc] Progress @ 2025-04-18 18:53:15 : 16645 steps taken, and 4600 accepted.
[2 : mcmc] Progress @ 2025-04-18 18:53:41 : 16834 steps taken, and 4508 accepted.
[0 : mcmc] Progress @ 2025-04-18 18:54:18 : 16495 steps taken, and 4541 accepted.
[1 : mcmc] Progress @ 2025-04-18 18:55:12 : 16206 steps taken, and 4449 accepted.
[3 : mcmc] Progress @ 2025-04-18 18:55:19 : 16676 steps taken, and 4613 accepted.
[2 : mcmc] Progress @ 2025-04-18 18:55:43 : 16859 steps taken, and 4517 accepted.
[0 : mcmc] Progress @ 2025-04-18 18:56:22 : 16519 steps taken, and 4549 accepted.
[1 : mcmc] Progress @ 2025-04-18 18:57:14 : 16231 steps taken, and 4458 accepted.
[3 : mcmc] Progress @ 2025-04-18 18:57:21 : 16711 steps taken, and 4620 accepted.
[3 : mcmc] Learn + convergence test @ 4620 samples accepted.
[3 : mcmc] Ready to check convergence and learn a new proposal covmat (waiting for the rest...)
[2 : mcmc] Progress @ 2025-04-18 18:57:45 : 16883 steps taken, and 4525 accepted.
[0 : mcmc] Progress @ 2025-04-18 18:58:26 : 16551 steps taken, and 4557 accepted.
[0 : mcmc] Learn + convergence test @ 4560 samples accepted.
[0 : mcmc] Ready to check convergence and learn a new proposal covmat (waiting for the rest...)
[1 : mcmc] Progress @ 2025-04-18 18:59:14 : 16258 steps taken, and 4462 accepted.
[3 : mcmc] Progress @ 2025-04-18 18:59:25 : 16735 steps taken, and 4626 accepted.
[2 : mcmc] Progress @ 2025-04-18 18:59:49 : 16911 steps taken, and 4536 accepted.
[0 : mcmc] Progress @ 2025-04-18 19:00:26 : 16578 steps taken, and 4570 accepted.
[1 : mcmc] Progress @ 2025-04-18 19:01:15 : 16290 steps taken, and 4473 accepted.
[3 : mcmc] Progress @ 2025-04-18 19:01:28 : 16761 steps taken, and 4636 accepted.
[2 : mcmc] Progress @ 2025-04-18 19:01:55 : 16937 steps taken, and 4543 accepted.
[0 : mcmc] Progress @ 2025-04-18 19:02:27 : 16604 steps taken, and 4574 accepted.
[1 : mcmc] Progress @ 2025-04-18 19:03:17 : 16315 steps taken, and 4477 accepted.
[3 : mcmc] Progress @ 2025-04-18 19:03:34 : 16785 steps taken, and 4642 accepted.
[2 : mcmc] Progress @ 2025-04-18 19:03:56 : 16961 steps taken, and 4550 accepted.
[0 : mcmc] Progress @ 2025-04-18 19:04:31 : 16630 steps taken, and 4579 accepted.
[1 : mcmc] Progress @ 2025-04-18 19:05:19 : 16340 steps taken, and 4480 accepted.
[3 : mcmc] Progress @ 2025-04-18 19:05:36 : 16815 steps taken, and 4649 accepted.
[2 : mcmc] Progress @ 2025-04-18 19:05:57 : 16985 steps taken, and 4558 accepted.
[2 : mcmc] Learn + convergence test @ 4560 samples accepted.
[2 : mcmc] Ready to check convergence and learn a new proposal covmat (waiting for the rest...)
[0 : mcmc] Progress @ 2025-04-18 19:06:36 : 16656 steps taken, and 4587 accepted.
[1 : mcmc] Progress @ 2025-04-18 19:07:24 : 16365 steps taken, and 4488 accepted.
[3 : mcmc] Progress @ 2025-04-18 19:07:37 : 16841 steps taken, and 4656 accepted.
[2 : mcmc] Progress @ 2025-04-18 19:07:59 : 17014 steps taken, and 4568 accepted.
[0 : mcmc] Progress @ 2025-04-18 19:08:36 : 16680 steps taken, and 4596 accepted.
[1 : mcmc] Progress @ 2025-04-18 19:09:26 : 16391 steps taken, and 4499 accepted.
[3 : mcmc] Progress @ 2025-04-18 19:09:39 : 16865 steps taken, and 4664 accepted.
[1 : mcmc] Learn + convergence test @ 4500 samples accepted.
[1 : mcmc] Ready to check convergence and learn a new proposal covmat (waiting for the rest...)
[2 : mcmc] Progress @ 2025-04-18 19:10:00 : 17041 steps taken, and 4572 accepted.
[0 : mcmc] All chains are ready to check convergence and learn a new proposal covmat
[0 : mcmc]  - Acceptance rate: 0.282 = avg([0.2774, 0.2864, 0.2784, 0.2857])
[0 : mcmc]  - Convergence of means: R-1 = 0.095013 after 18341 accepted steps = sum([4603, 4500, 4573, 4665])
[0 : mcmc]  - Updated covariance matrix of proposal pdf.
[0 : mcmc] Progress @ 2025-04-18 19:10:38 : 16717 steps taken, and 4605 accepted.
[1 : mcmc] Progress @ 2025-04-18 19:11:29 : 16410 steps taken, and 4502 accepted.
[3 : mcmc] Progress @ 2025-04-18 19:11:42 : 16891 steps taken, and 4668 accepted.
[2 : mcmc] Progress @ 2025-04-18 19:12:03 : 17078 steps taken, and 4579 accepted.
[0 : mcmc] Progress @ 2025-04-18 19:12:40 : 16755 steps taken, and 4611 accepted.
[1 : mcmc] Progress @ 2025-04-18 19:13:31 : 16433 steps taken, and 4509 accepted.
[3 : mcmc] Progress @ 2025-04-18 19:13:44 : 16918 steps taken, and 4674 accepted.
[2 : mcmc] Progress @ 2025-04-18 19:14:08 : 17107 steps taken, and 4595 accepted.
[0 : mcmc] Learn + convergence test @ 4620 samples accepted.
[0 : mcmc] Ready to check convergence and learn a new proposal covmat (waiting for the rest...)
[0 : mcmc] Progress @ 2025-04-18 19:14:41 : 16780 steps taken, and 4621 accepted.
[3 : mcmc] Learn + convergence test @ 4680 samples accepted.
[3 : mcmc] Ready to check convergence and learn a new proposal covmat (waiting for the rest...)
[1 : mcmc] Progress @ 2025-04-18 19:15:32 : 16455 steps taken, and 4517 accepted.
[3 : mcmc] Progress @ 2025-04-18 19:15:45 : 16941 steps taken, and 4682 accepted.
[2 : mcmc] Progress @ 2025-04-18 19:16:09 : 17135 steps taken, and 4601 accepted.
[0 : mcmc] Progress @ 2025-04-18 19:16:44 : 16805 steps taken, and 4629 accepted.
[1 : mcmc] Progress @ 2025-04-18 19:17:32 : 16484 steps taken, and 4521 accepted.
[3 : mcmc] Progress @ 2025-04-18 19:17:50 : 16971 steps taken, and 4691 accepted.
[2 : mcmc] Progress @ 2025-04-18 19:18:10 : 17169 steps taken, and 4607 accepted.
[0 : mcmc] Progress @ 2025-04-18 19:18:48 : 16833 steps taken, and 4637 accepted.
[1 : mcmc] Progress @ 2025-04-18 19:19:33 : 16519 steps taken, and 4533 accepted.
[3 : mcmc] Progress @ 2025-04-18 19:19:52 : 16998 steps taken, and 4696 accepted.
[2 : mcmc] Progress @ 2025-04-18 19:20:15 : 17202 steps taken, and 4614 accepted.
[0 : mcmc] Progress @ 2025-04-18 19:20:50 : 16864 steps taken, and 4643 accepted.
[2 : mcmc] Learn + convergence test @ 4620 samples accepted.
[2 : mcmc] Ready to check convergence and learn a new proposal covmat (waiting for the rest...)
[1 : mcmc] Progress @ 2025-04-18 19:21:34 : 16545 steps taken, and 4542 accepted.
[3 : mcmc] Progress @ 2025-04-18 19:21:54 : 17023 steps taken, and 4700 accepted.
[2 : mcmc] Progress @ 2025-04-18 19:22:15 : 17235 steps taken, and 4627 accepted.
[0 : mcmc] Progress @ 2025-04-18 19:22:52 : 16892 steps taken, and 4654 accepted.
[1 : mcmc] Progress @ 2025-04-18 19:23:36 : 16570 steps taken, and 4549 accepted.
[3 : mcmc] Progress @ 2025-04-18 19:23:57 : 17050 steps taken, and 4703 accepted.
[2 : mcmc] Progress @ 2025-04-18 19:24:18 : 17262 steps taken, and 4635 accepted.
[0 : mcmc] Progress @ 2025-04-18 19:24:59 : 16917 steps taken, and 4660 accepted.
[1 : mcmc] Progress @ 2025-04-18 19:25:36 : 16595 steps taken, and 4557 accepted.
[3 : mcmc] Progress @ 2025-04-18 19:25:58 : 17075 steps taken, and 4710 accepted.
[1 : mcmc] Learn + convergence test @ 4560 samples accepted.
[1 : mcmc] Ready to check convergence and learn a new proposal covmat (waiting for the rest...)
[2 : mcmc] Progress @ 2025-04-18 19:26:22 : 17289 steps taken, and 4640 accepted.
[0 : mcmc] All chains are ready to check convergence and learn a new proposal covmat
[0 : mcmc]  - Acceptance rate: 0.282 = avg([0.2778, 0.2856, 0.2788, 0.2847])
[0 : mcmc]  - Convergence of means: R-1 = 0.099541 after 18579 accepted steps = sum([4665, 4560, 4641, 4713])
[0 : mcmc]  - Updated covariance matrix of proposal pdf.
[0 : mcmc] Progress @ 2025-04-18 19:26:59 : 16950 steps taken, and 4665 accepted.
[1 : mcmc] Progress @ 2025-04-18 19:27:38 : 16618 steps taken, and 4563 accepted.
[3 : mcmc] Progress @ 2025-04-18 19:28:00 : 17099 steps taken, and 4718 accepted.
[2 : mcmc] Progress @ 2025-04-18 19:28:25 : 17314 steps taken, and 4647 accepted.
[0 : mcmc] Progress @ 2025-04-18 19:29:03 : 16979 steps taken, and 4670 accepted.
[1 : mcmc] Progress @ 2025-04-18 19:29:39 : 16647 steps taken, and 4569 accepted.
[3 : mcmc] Progress @ 2025-04-18 19:30:05 : 17135 steps taken, and 4724 accepted.
[2 : mcmc] Progress @ 2025-04-18 19:30:28 : 17345 steps taken, and 4654 accepted.
[0 : mcmc] Progress @ 2025-04-18 19:31:08 : 17004 steps taken, and 4675 accepted.
[1 : mcmc] Progress @ 2025-04-18 19:31:41 : 16675 steps taken, and 4575 accepted.
[3 : mcmc] Progress @ 2025-04-18 19:32:08 : 17170 steps taken, and 4732 accepted.
[2 : mcmc] Progress @ 2025-04-18 19:32:31 : 17372 steps taken, and 4665 accepted.
[0 : mcmc] Progress @ 2025-04-18 19:33:13 : 17027 steps taken, and 4680 accepted.
[0 : mcmc] Learn + convergence test @ 4680 samples accepted.
[0 : mcmc] Ready to check convergence and learn a new proposal covmat (waiting for the rest...)
[1 : mcmc] Progress @ 2025-04-18 19:33:44 : 16707 steps taken, and 4582 accepted.
[3 : mcmc] Progress @ 2025-04-18 19:34:11 : 17196 steps taken, and 4739 accepted.
[2 : mcmc] Progress @ 2025-04-18 19:34:31 : 17400 steps taken, and 4672 accepted.
[3 : mcmc] Learn + convergence test @ 4740 samples accepted.
[3 : mcmc] Ready to check convergence and learn a new proposal covmat (waiting for the rest...)
[0 : mcmc] Progress @ 2025-04-18 19:35:15 : 17058 steps taken, and 4691 accepted.
[1 : mcmc] Progress @ 2025-04-18 19:35:46 : 16731 steps taken, and 4592 accepted.
[2 : mcmc] Learn + convergence test @ 4680 samples accepted.
[2 : mcmc] Ready to check convergence and learn a new proposal covmat (waiting for the rest...)
[3 : mcmc] Progress @ 2025-04-18 19:36:15 : 17221 steps taken, and 4744 accepted.
[2 : mcmc] Progress @ 2025-04-18 19:36:34 : 17426 steps taken, and 4680 accepted.
[0 : mcmc] Progress @ 2025-04-18 19:37:16 : 17086 steps taken, and 4700 accepted.
[1 : mcmc] Progress @ 2025-04-18 19:37:50 : 16759 steps taken, and 4600 accepted.
[3 : mcmc] Progress @ 2025-04-18 19:38:17 : 17247 steps taken, and 4754 accepted.
[2 : mcmc] Progress @ 2025-04-18 19:38:36 : 17455 steps taken, and 4690 accepted.
[0 : mcmc] Progress @ 2025-04-18 19:39:18 : 17114 steps taken, and 4709 accepted.
[1 : mcmc] Progress @ 2025-04-18 19:39:54 : 16784 steps taken, and 4606 accepted.
[3 : mcmc] Progress @ 2025-04-18 19:40:20 : 17276 steps taken, and 4764 accepted.
[2 : mcmc] Progress @ 2025-04-18 19:40:40 : 17479 steps taken, and 4696 accepted.
[0 : mcmc] Progress @ 2025-04-18 19:41:20 : 17138 steps taken, and 4716 accepted.
[1 : mcmc] Progress @ 2025-04-18 19:41:55 : 16813 steps taken, and 4616 accepted.
[3 : mcmc] Progress @ 2025-04-18 19:42:24 : 17303 steps taken, and 4773 accepted.
[2 : mcmc] Progress @ 2025-04-18 19:42:41 : 17502 steps taken, and 4698 accepted.
[0 : mcmc] Progress @ 2025-04-18 19:43:21 : 17161 steps taken, and 4725 accepted.
[1 : mcmc] Progress @ 2025-04-18 19:43:58 : 16837 steps taken, and 4617 accepted.
[1 : mcmc] Learn + convergence test @ 4620 samples accepted.
[1 : mcmc] Ready to check convergence and learn a new proposal covmat (waiting for the rest...)
[3 : mcmc] Progress @ 2025-04-18 19:44:28 : 17333 steps taken, and 4785 accepted.
[0 : mcmc] All chains are ready to check convergence and learn a new proposal covmat
[0 : mcmc]  - Acceptance rate: 0.281 = avg([0.2786, 0.2841, 0.2783, 0.2840])
[0 : mcmc]  - Convergence of means: R-1 = 0.098787 after 18845 accepted steps = sum([4734, 4620, 4706, 4785])
[0 : mcmc]  - Updated covariance matrix of proposal pdf.
[2 : mcmc] Progress @ 2025-04-18 19:44:51 : 17532 steps taken, and 4707 accepted.
[0 : mcmc] Progress @ 2025-04-18 19:45:21 : 17187 steps taken, and 4737 accepted.
[1 : mcmc] Progress @ 2025-04-18 19:46:01 : 16863 steps taken, and 4624 accepted.
[3 : mcmc] Progress @ 2025-04-18 19:46:30 : 17354 steps taken, and 4789 accepted.
[0 : mcmc] Learn + convergence test @ 4740 samples accepted.
[0 : mcmc] Ready to check convergence and learn a new proposal covmat (waiting for the rest...)
[2 : mcmc] Progress @ 2025-04-18 19:46:52 : 17557 steps taken, and 4713 accepted.
[0 : mcmc] Progress @ 2025-04-18 19:47:23 : 17215 steps taken, and 4741 accepted.
[1 : mcmc] Progress @ 2025-04-18 19:48:04 : 16895 steps taken, and 4634 accepted.
[3 : mcmc] Progress @ 2025-04-18 19:48:34 : 17378 steps taken, and 4798 accepted.
[2 : mcmc] Progress @ 2025-04-18 19:48:57 : 17590 steps taken, and 4722 accepted.
[0 : mcmc] Progress @ 2025-04-18 19:49:26 : 17241 steps taken, and 4750 accepted.
[3 : mcmc] Learn + convergence test @ 4800 samples accepted.
[3 : mcmc] Ready to check convergence and learn a new proposal covmat (waiting for the rest...)
[1 : mcmc] Progress @ 2025-04-18 19:50:06 : 16920 steps taken, and 4641 accepted.
[3 : mcmc] Progress @ 2025-04-18 19:50:40 : 17403 steps taken, and 4803 accepted.
[2 : mcmc] Progress @ 2025-04-18 19:50:58 : 17616 steps taken, and 4727 accepted.
[0 : mcmc] Progress @ 2025-04-18 19:51:31 : 17266 steps taken, and 4756 accepted.
[1 : mcmc] Progress @ 2025-04-18 19:52:07 : 16944 steps taken, and 4646 accepted.
[3 : mcmc] Progress @ 2025-04-18 19:52:47 : 17429 steps taken, and 4811 accepted.
[2 : mcmc] Progress @ 2025-04-18 19:52:58 : 17642 steps taken, and 4737 accepted.
[0 : mcmc] Progress @ 2025-04-18 19:53:34 : 17290 steps taken, and 4763 accepted.
[1 : mcmc] Progress @ 2025-04-18 19:54:12 : 16975 steps taken, and 4656 accepted.
[3 : mcmc] Progress @ 2025-04-18 19:54:48 : 17453 steps taken, and 4819 accepted.
[2 : mcmc] Learn + convergence test @ 4740 samples accepted.
[2 : mcmc] Ready to check convergence and learn a new proposal covmat (waiting for the rest...)
[2 : mcmc] Progress @ 2025-04-18 19:55:00 : 17670 steps taken, and 4740 accepted.
[0 : mcmc] Progress @ 2025-04-18 19:55:40 : 17317 steps taken, and 4771 accepted.
[1 : mcmc] Progress @ 2025-04-18 19:56:15 : 17000 steps taken, and 4662 accepted.
[3 : mcmc] Progress @ 2025-04-18 19:56:54 : 17518 steps taken, and 4830 accepted.
[2 : mcmc] Progress @ 2025-04-18 19:57:04 : 17698 steps taken, and 4746 accepted.
[0 : mcmc] Progress @ 2025-04-18 19:57:42 : 17347 steps taken, and 4782 accepted.
[1 : mcmc] Progress @ 2025-04-18 19:58:16 : 17028 steps taken, and 4671 accepted.
[3 : mcmc] Progress @ 2025-04-18 19:59:00 : 17548 steps taken, and 4838 accepted.
[2 : mcmc] Progress @ 2025-04-18 19:59:10 : 17725 steps taken, and 4755 accepted.
[0 : mcmc] Progress @ 2025-04-18 19:59:42 : 17371 steps taken, and 4786 accepted.
[1 : mcmc] Progress @ 2025-04-18 20:00:18 : 17060 steps taken, and 4679 accepted.
[1 : mcmc] Learn + convergence test @ 4680 samples accepted.
[1 : mcmc] Ready to check convergence and learn a new proposal covmat (waiting for the rest...)
[0 : mcmc] All chains are ready to check convergence and learn a new proposal covmat
[0 : mcmc]  - Acceptance rate: 0.280 = avg([0.2791, 0.2832, 0.2770, 0.2826])
[0 : mcmc]  - Convergence of means: R-1 = 0.091379 after 19078 accepted steps = sum([4794, 4680, 4760, 4844])
[0 : mcmc]  - Updated covariance matrix of proposal pdf.
[3 : mcmc] Progress @ 2025-04-18 20:01:00 : 17572 steps taken, and 4844 accepted.
[2 : mcmc] Progress @ 2025-04-18 20:01:14 : 17757 steps taken, and 4762 accepted.
[0 : mcmc] Progress @ 2025-04-18 20:01:43 : 17393 steps taken, and 4796 accepted.
[1 : mcmc] Progress @ 2025-04-18 20:02:23 : 17096 steps taken, and 4690 accepted.
[3 : mcmc] Progress @ 2025-04-18 20:03:07 : 17601 steps taken, and 4849 accepted.
[0 : mcmc] Learn + convergence test @ 4800 samples accepted.
[0 : mcmc] Ready to check convergence and learn a new proposal covmat (waiting for the rest...)
[2 : mcmc] Progress @ 2025-04-18 20:03:18 : 17784 steps taken, and 4770 accepted.
[0 : mcmc] Progress @ 2025-04-18 20:03:46 : 17418 steps taken, and 4803 accepted.
[1 : mcmc] Progress @ 2025-04-18 20:04:24 : 17127 steps taken, and 4701 accepted.
[3 : mcmc] Progress @ 2025-04-18 20:05:10 : 17625 steps taken, and 4855 accepted.
[2 : mcmc] Progress @ 2025-04-18 20:05:20 : 17811 steps taken, and 4776 accepted.
[0 : mcmc] Progress @ 2025-04-18 20:05:53 : 17442 steps taken, and 4816 accepted.
[1 : mcmc] Progress @ 2025-04-18 20:06:26 : 17158 steps taken, and 4708 accepted.
[3 : mcmc] Progress @ 2025-04-18 20:07:10 : 17649 steps taken, and 4858 accepted.
[2 : mcmc] Progress @ 2025-04-18 20:07:23 : 17837 steps taken, and 4781 accepted.
[0 : mcmc] Progress @ 2025-04-18 20:07:53 : 17468 steps taken, and 4827 accepted.
[3 : mcmc] Learn + convergence test @ 4860 samples accepted.
[3 : mcmc] Ready to check convergence and learn a new proposal covmat (waiting for the rest...)
[1 : mcmc] Progress @ 2025-04-18 20:08:29 : 17191 steps taken, and 4716 accepted.
[3 : mcmc] Progress @ 2025-04-18 20:09:12 : 17673 steps taken, and 4863 accepted.
[2 : mcmc] Progress @ 2025-04-18 20:09:30 : 17865 steps taken, and 4786 accepted.
[0 : mcmc] Progress @ 2025-04-18 20:09:57 : 17495 steps taken, and 4837 accepted.
[1 : mcmc] Progress @ 2025-04-18 20:10:33 : 17213 steps taken, and 4724 accepted.
[3 : mcmc] Progress @ 2025-04-18 20:11:15 : 17697 steps taken, and 4875 accepted.
[2 : mcmc] Progress @ 2025-04-18 20:11:31 : 17890 steps taken, and 4796 accepted.
[0 : mcmc] Progress @ 2025-04-18 20:12:03 : 17522 steps taken, and 4845 accepted.
[1 : mcmc] Progress @ 2025-04-18 20:12:35 : 17250 steps taken, and 4727 accepted.
[2 : mcmc] Learn + convergence test @ 4800 samples accepted.
[2 : mcmc] Ready to check convergence and learn a new proposal covmat (waiting for the rest...)
[3 : mcmc] Progress @ 2025-04-18 20:13:17 : 17724 steps taken, and 4882 accepted.
[2 : mcmc] Progress @ 2025-04-18 20:13:32 : 17917 steps taken, and 4805 accepted.
[0 : mcmc] Progress @ 2025-04-18 20:14:05 : 17551 steps taken, and 4851 accepted.
[1 : mcmc] Progress @ 2025-04-18 20:14:40 : 17284 steps taken, and 4733 accepted.
[3 : mcmc] Progress @ 2025-04-18 20:15:20 : 17760 steps taken, and 4891 accepted.
[2 : mcmc] Progress @ 2025-04-18 20:15:35 : 17942 steps taken, and 4811 accepted.
[0 : mcmc] Learn + convergence test @ 4860 samples accepted.
[0 : mcmc] Progress @ 2025-04-18 20:16:09 : 17588 steps taken, and 4862 accepted.
[1 : mcmc] Learn + convergence test @ 4740 samples accepted.
[1 : mcmc] Ready to check convergence and learn a new proposal covmat (waiting for the rest...)
[0 : mcmc] All chains are ready to check convergence and learn a new proposal covmat
[0 : mcmc]  - Acceptance rate: 0.280 = avg([0.2799, 0.2817, 0.2785, 0.2815])
[0 : mcmc]  - Convergence of means: R-1 = 0.094776 after 19322 accepted steps = sum([4864, 4740, 4818, 4900])
[0 : mcmc]  - Updated covariance matrix of proposal pdf.
[1 : mcmc] Progress @ 2025-04-18 20:16:53 : 17306 steps taken, and 4741 accepted.
[3 : mcmc] Progress @ 2025-04-18 20:17:22 : 17789 steps taken, and 4902 accepted.
[2 : mcmc] Progress @ 2025-04-18 20:17:36 : 17963 steps taken, and 4819 accepted.
[0 : mcmc] Progress @ 2025-04-18 20:18:12 : 17624 steps taken, and 4872 accepted.
[1 : mcmc] Progress @ 2025-04-18 20:18:55 : 17333 steps taken, and 4752 accepted.
[3 : mcmc] Progress @ 2025-04-18 20:19:26 : 17819 steps taken, and 4915 accepted.
[2 : mcmc] Progress @ 2025-04-18 20:19:42 : 17990 steps taken, and 4826 accepted.
[3 : mcmc] Learn + convergence test @ 4920 samples accepted.
[3 : mcmc] Ready to check convergence and learn a new proposal covmat (waiting for the rest...)
[0 : mcmc] Progress @ 2025-04-18 20:20:16 : 17652 steps taken, and 4878 accepted.
[1 : mcmc] Progress @ 2025-04-18 20:20:57 : 17359 steps taken, and 4759 accepted.
[3 : mcmc] Progress @ 2025-04-18 20:21:28 : 17845 steps taken, and 4924 accepted.
[2 : mcmc] Progress @ 2025-04-18 20:21:44 : 18015 steps taken, and 4833 accepted.
[0 : mcmc] Progress @ 2025-04-18 20:22:19 : 17677 steps taken, and 4886 accepted.
[1 : mcmc] Progress @ 2025-04-18 20:22:58 : 17383 steps taken, and 4770 accepted.
[3 : mcmc] Progress @ 2025-04-18 20:23:29 : 17869 steps taken, and 4930 accepted.
[2 : mcmc] Progress @ 2025-04-18 20:23:48 : 18040 steps taken, and 4844 accepted.
[0 : mcmc] Progress @ 2025-04-18 20:24:21 : 17700 steps taken, and 4896 accepted.
[1 : mcmc] Progress @ 2025-04-18 20:25:01 : 17411 steps taken, and 4774 accepted.
[3 : mcmc] Progress @ 2025-04-18 20:25:34 : 17900 steps taken, and 4939 accepted.
[2 : mcmc] Progress @ 2025-04-18 20:25:51 : 18066 steps taken, and 4857 accepted.
[0 : mcmc] Progress @ 2025-04-18 20:26:25 : 17729 steps taken, and 4905 accepted.
[2 : mcmc] Learn + convergence test @ 4860 samples accepted.
[2 : mcmc] Ready to check convergence and learn a new proposal covmat (waiting for the rest...)
[1 : mcmc] Progress @ 2025-04-18 20:27:03 : 17441 steps taken, and 4785 accepted.
[3 : mcmc] Progress @ 2025-04-18 20:27:35 : 17924 steps taken, and 4942 accepted.
[2 : mcmc] Progress @ 2025-04-18 20:27:52 : 18093 steps taken, and 4862 accepted.
[0 : mcmc] Progress @ 2025-04-18 20:28:29 : 17754 steps taken, and 4913 accepted.
[1 : mcmc] Progress @ 2025-04-18 20:29:04 : 17483 steps taken, and 4792 accepted.
[3 : mcmc] Progress @ 2025-04-18 20:29:36 : 17953 steps taken, and 4953 accepted.
[2 : mcmc] Progress @ 2025-04-18 20:29:55 : 18123 steps taken, and 4873 accepted.
[0 : mcmc] Progress @ 2025-04-18 20:30:35 : 17780 steps taken, and 4916 accepted.
[1 : mcmc] Progress @ 2025-04-18 20:31:06 : 17529 steps taken, and 4798 accepted.
[3 : mcmc] Progress @ 2025-04-18 20:31:38 : 17987 steps taken, and 4962 accepted.
[1 : mcmc] Learn + convergence test @ 4800 samples accepted.
[1 : mcmc] Ready to check convergence and learn a new proposal covmat (waiting for the rest...)
[0 : mcmc] Learn + convergence test @ 4920 samples accepted.
[0 : mcmc] Ready to check convergence and learn a new proposal covmat (waiting for the rest...)
[0 : mcmc] All chains are ready to check convergence and learn a new proposal covmat
[0 : mcmc]  - Acceptance rate: 0.280 = avg([0.2804, 0.2805, 0.2789, 0.2820])
[0 : mcmc]  - Convergence of means: R-1 = 0.086213 after 19568 accepted steps = sum([4921, 4802, 4881, 4964])
[0 : mcmc]  - Updated covariance matrix of proposal pdf.
[2 : mcmc] Progress @ 2025-04-18 20:32:10 : 18152 steps taken, and 4882 accepted.
[0 : mcmc] Progress @ 2025-04-18 20:32:41 : 17803 steps taken, and 4922 accepted.
[1 : mcmc] Progress @ 2025-04-18 20:33:10 : 17555 steps taken, and 4807 accepted.
[3 : mcmc] Progress @ 2025-04-18 20:33:42 : 18009 steps taken, and 4970 accepted.
[2 : mcmc] Progress @ 2025-04-18 20:34:12 : 18179 steps taken, and 4889 accepted.
[0 : mcmc] Progress @ 2025-04-18 20:34:43 : 17829 steps taken, and 4927 accepted.
[1 : mcmc] Progress @ 2025-04-18 20:35:16 : 17582 steps taken, and 4815 accepted.
[3 : mcmc] Progress @ 2025-04-18 20:35:48 : 18034 steps taken, and 4973 accepted.
[2 : mcmc] Progress @ 2025-04-18 20:36:16 : 18209 steps taken, and 4897 accepted.
[0 : mcmc] Progress @ 2025-04-18 20:36:47 : 17855 steps taken, and 4934 accepted.
[3 : mcmc] Learn + convergence test @ 4980 samples accepted.
[3 : mcmc] Ready to check convergence and learn a new proposal covmat (waiting for the rest...)
[1 : mcmc] Progress @ 2025-04-18 20:37:18 : 17608 steps taken, and 4824 accepted.
[3 : mcmc] Progress @ 2025-04-18 20:37:50 : 18058 steps taken, and 4985 accepted.
[2 : mcmc] Progress @ 2025-04-18 20:38:22 : 18245 steps taken, and 4908 accepted.
[0 : mcmc] Progress @ 2025-04-18 20:38:48 : 17910 steps taken, and 4943 accepted.
[1 : mcmc] Progress @ 2025-04-18 20:39:22 : 17633 steps taken, and 4834 accepted.
[3 : mcmc] Progress @ 2025-04-18 20:39:50 : 18084 steps taken, and 4990 accepted.
[2 : mcmc] Progress @ 2025-04-18 20:40:24 : 18273 steps taken, and 4911 accepted.
[0 : mcmc] Progress @ 2025-04-18 20:40:48 : 17939 steps taken, and 4955 accepted.
[1 : mcmc] Progress @ 2025-04-18 20:41:23 : 17658 steps taken, and 4841 accepted.
[3 : mcmc] Progress @ 2025-04-18 20:41:51 : 18109 steps taken, and 4998 accepted.
[2 : mcmc] Learn + convergence test @ 4920 samples accepted.
[2 : mcmc] Ready to check convergence and learn a new proposal covmat (waiting for the rest...)
[2 : mcmc] Progress @ 2025-04-18 20:42:27 : 18301 steps taken, and 4920 accepted.
[0 : mcmc] Progress @ 2025-04-18 20:42:52 : 17963 steps taken, and 4964 accepted.
[1 : mcmc] Progress @ 2025-04-18 20:43:27 : 17683 steps taken, and 4844 accepted.
[3 : mcmc] Progress @ 2025-04-18 20:43:52 : 18134 steps taken, and 5011 accepted.
[2 : mcmc] Progress @ 2025-04-18 20:44:28 : 18333 steps taken, and 4929 accepted.
[0 : mcmc] Progress @ 2025-04-18 20:44:53 : 17987 steps taken, and 4970 accepted.
[1 : mcmc] Progress @ 2025-04-18 20:45:28 : 17707 steps taken, and 4852 accepted.
[3 : mcmc] Progress @ 2025-04-18 20:45:53 : 18157 steps taken, and 5015 accepted.
[2 : mcmc] Progress @ 2025-04-18 20:46:32 : 18361 steps taken, and 4933 accepted.
[0 : mcmc] Progress @ 2025-04-18 20:46:53 : 18009 steps taken, and 4978 accepted.
[0 : mcmc] Learn + convergence test @ 4980 samples accepted.
[0 : mcmc] Ready to check convergence and learn a new proposal covmat (waiting for the rest...)
[1 : mcmc] Progress @ 2025-04-18 20:47:31 : 17732 steps taken, and 4857 accepted.
[3 : mcmc] Progress @ 2025-04-18 20:47:54 : 18181 steps taken, and 5023 accepted.
[2 : mcmc] Progress @ 2025-04-18 20:48:32 : 18388 steps taken, and 4942 accepted.
[1 : mcmc] Learn + convergence test @ 4860 samples accepted.
[1 : mcmc] Ready to check convergence and learn a new proposal covmat (waiting for the rest...)
[0 : mcmc] Progress @ 2025-04-18 20:48:56 : 18034 steps taken, and 4988 accepted.
[0 : mcmc] All chains are ready to check convergence and learn a new proposal covmat
[0 : mcmc]  - Acceptance rate: 0.281 = avg([0.2796, 0.2811, 0.2787, 0.2831])
[0 : mcmc]  - Convergence of means: R-1 = 0.078324 after 19820 accepted steps = sum([4989, 4860, 4944, 5027])
[0 : mcmc]  - Updated covariance matrix of proposal pdf.
[1 : mcmc] Progress @ 2025-04-18 20:49:34 : 17746 steps taken, and 4861 accepted.
[3 : mcmc] Progress @ 2025-04-18 20:49:56 : 18203 steps taken, and 5032 accepted.
[2 : mcmc] Progress @ 2025-04-18 20:50:33 : 18406 steps taken, and 4950 accepted.
[0 : mcmc] Progress @ 2025-04-18 20:50:58 : 18063 steps taken, and 4992 accepted.
[1 : mcmc] Progress @ 2025-04-18 20:51:37 : 17769 steps taken, and 4870 accepted.
[3 : mcmc] Progress @ 2025-04-18 20:52:00 : 18228 steps taken, and 5039 accepted.
[3 : mcmc] Learn + convergence test @ 5040 samples accepted.
[3 : mcmc] Ready to check convergence and learn a new proposal covmat (waiting for the rest...)
[2 : mcmc] Progress @ 2025-04-18 20:52:36 : 18429 steps taken, and 4957 accepted.
[0 : mcmc] Progress @ 2025-04-18 20:53:00 : 18094 steps taken, and 4996 accepted.
[1 : mcmc] Progress @ 2025-04-18 20:53:42 : 17793 steps taken, and 4877 accepted.
[3 : mcmc] Progress @ 2025-04-18 20:54:04 : 18252 steps taken, and 5046 accepted.
[2 : mcmc] Progress @ 2025-04-18 20:54:38 : 18454 steps taken, and 4964 accepted.
[0 : mcmc] Progress @ 2025-04-18 20:55:00 : 18118 steps taken, and 5001 accepted.
[1 : mcmc] Progress @ 2025-04-18 20:55:42 : 17820 steps taken, and 4884 accepted.
[3 : mcmc] Progress @ 2025-04-18 20:56:08 : 18281 steps taken, and 5055 accepted.
[2 : mcmc] Progress @ 2025-04-18 20:56:41 : 18479 steps taken, and 4969 accepted.
[0 : mcmc] Progress @ 2025-04-18 20:57:01 : 18144 steps taken, and 5003 accepted.
[1 : mcmc] Progress @ 2025-04-18 20:57:45 : 17847 steps taken, and 4892 accepted.
[3 : mcmc] Progress @ 2025-04-18 20:58:12 : 18305 steps taken, and 5063 accepted.
[2 : mcmc] Learn + convergence test @ 4980 samples accepted.
[2 : mcmc] Ready to check convergence and learn a new proposal covmat (waiting for the rest...)
[2 : mcmc] Progress @ 2025-04-18 20:58:43 : 18516 steps taken, and 4981 accepted.
[0 : mcmc] Progress @ 2025-04-18 20:59:01 : 18176 steps taken, and 5009 accepted.
[1 : mcmc] Progress @ 2025-04-18 20:59:47 : 17872 steps taken, and 4905 accepted.
[3 : mcmc] Progress @ 2025-04-18 21:00:15 : 18330 steps taken, and 5071 accepted.
[2 : mcmc] Progress @ 2025-04-18 21:00:46 : 18555 steps taken, and 4990 accepted.
[0 : mcmc] Progress @ 2025-04-18 21:01:03 : 18206 steps taken, and 5019 accepted.
[1 : mcmc] Progress @ 2025-04-18 21:01:51 : 17903 steps taken, and 4915 accepted.
[3 : mcmc] Progress @ 2025-04-18 21:02:19 : 18359 steps taken, and 5078 accepted.
[2 : mcmc] Progress @ 2025-04-18 21:02:49 : 18582 steps taken, and 4997 accepted.
[1 : mcmc] Learn + convergence test @ 4920 samples accepted.
[1 : mcmc] Ready to check convergence and learn a new proposal covmat (waiting for the rest...)
[0 : mcmc] Progress @ 2025-04-18 21:03:05 : 18233 steps taken, and 5026 accepted.
[1 : mcmc] Progress @ 2025-04-18 21:03:56 : 17930 steps taken, and 4925 accepted.
[3 : mcmc] Progress @ 2025-04-18 21:04:21 : 18383 steps taken, and 5086 accepted.
[2 : mcmc] Progress @ 2025-04-18 21:04:51 : 18615 steps taken, and 5007 accepted.
[0 : mcmc] Progress @ 2025-04-18 21:05:07 : 18260 steps taken, and 5034 accepted.
[1 : mcmc] Progress @ 2025-04-18 21:05:57 : 17954 steps taken, and 4932 accepted.
[3 : mcmc] Progress @ 2025-04-18 21:06:26 : 18409 steps taken, and 5093 accepted.
[0 : mcmc] Learn + convergence test @ 5040 samples accepted.
[0 : mcmc] Ready to check convergence and learn a new proposal covmat (waiting for the rest...)
[0 : mcmc] All chains are ready to check convergence and learn a new proposal covmat
[2 : mcmc] Progress @ 2025-04-18 21:06:53 : 18643 steps taken, and 5011 accepted.
[0 : mcmc]  - Acceptance rate: 0.281 = avg([0.2777, 0.2824, 0.2784, 0.2839])
[0 : mcmc]  - Convergence of means: R-1 = 0.078495 after 20081 accepted steps = sum([5040, 4934, 5012, 5095])
[0 : mcmc]  - Updated covariance matrix of proposal pdf.
[0 : mcmc] Progress @ 2025-04-18 21:07:08 : 18280 steps taken, and 5040 accepted.
[1 : mcmc] Progress @ 2025-04-18 21:08:02 : 17980 steps taken, and 4939 accepted.
[3 : mcmc] Progress @ 2025-04-18 21:08:27 : 18432 steps taken, and 5099 accepted.
[3 : mcmc] Learn + convergence test @ 5100 samples accepted.
[3 : mcmc] Ready to check convergence and learn a new proposal covmat (waiting for the rest...)
[2 : mcmc] Progress @ 2025-04-18 21:08:55 : 18672 steps taken, and 5018 accepted.
[0 : mcmc] Progress @ 2025-04-18 21:09:08 : 18315 steps taken, and 5052 accepted.
[1 : mcmc] Progress @ 2025-04-18 21:10:05 : 18012 steps taken, and 4948 accepted.
[3 : mcmc] Progress @ 2025-04-18 21:10:29 : 18461 steps taken, and 5105 accepted.
[2 : mcmc] Progress @ 2025-04-18 21:10:57 : 18714 steps taken, and 5025 accepted.
[0 : mcmc] Progress @ 2025-04-18 21:11:10 : 18341 steps taken, and 5061 accepted.
[1 : mcmc] Progress @ 2025-04-18 21:12:06 : 18043 steps taken, and 4958 accepted.
[3 : mcmc] Progress @ 2025-04-18 21:12:31 : 18490 steps taken, and 5112 accepted.
[2 : mcmc] Progress @ 2025-04-18 21:13:00 : 18740 steps taken, and 5031 accepted.
[0 : mcmc] Progress @ 2025-04-18 21:13:10 : 18366 steps taken, and 5066 accepted.
[1 : mcmc] Progress @ 2025-04-18 21:14:10 : 18069 steps taken, and 4967 accepted.
[3 : mcmc] Progress @ 2025-04-18 21:14:34 : 18520 steps taken, and 5124 accepted.
[2 : mcmc] Progress @ 2025-04-18 21:15:02 : 18766 steps taken, and 5037 accepted.
[0 : mcmc] Progress @ 2025-04-18 21:15:14 : 18392 steps taken, and 5075 accepted.
[2 : mcmc] Learn + convergence test @ 5040 samples accepted.
[2 : mcmc] Ready to check convergence and learn a new proposal covmat (waiting for the rest...)
[1 : mcmc] Progress @ 2025-04-18 21:16:12 : 18096 steps taken, and 4977 accepted.
[1 : mcmc] Learn + convergence test @ 4980 samples accepted.
[1 : mcmc] Ready to check convergence and learn a new proposal covmat (waiting for the rest...)
[3 : mcmc] Progress @ 2025-04-18 21:16:35 : 18545 steps taken, and 5129 accepted.
[2 : mcmc] Progress @ 2025-04-18 21:17:05 : 18792 steps taken, and 5045 accepted.
[0 : mcmc] Progress @ 2025-04-18 21:17:14 : 18415 steps taken, and 5083 accepted.
[1 : mcmc] Progress @ 2025-04-18 21:18:15 : 18123 steps taken, and 4984 accepted.
[3 : mcmc] Progress @ 2025-04-18 21:18:36 : 18570 steps taken, and 5134 accepted.
[2 : mcmc] Progress @ 2025-04-18 21:19:09 : 18817 steps taken, and 5046 accepted.
[0 : mcmc] Progress @ 2025-04-18 21:19:17 : 18440 steps taken, and 5091 accepted.
[1 : mcmc] Progress @ 2025-04-18 21:20:18 : 18148 steps taken, and 4992 accepted.
[3 : mcmc] Progress @ 2025-04-18 21:20:36 : 18594 steps taken, and 5140 accepted.
[2 : mcmc] Progress @ 2025-04-18 21:21:10 : 18841 steps taken, and 5055 accepted.
[0 : mcmc] Progress @ 2025-04-18 21:21:17 : 18464 steps taken, and 5098 accepted.
[0 : mcmc] Learn + convergence test @ 5100 samples accepted.
[0 : mcmc] Ready to check convergence and learn a new proposal covmat (waiting for the rest...)
[0 : mcmc] All chains are ready to check convergence and learn a new proposal covmat
[3 : mcmc] Progress @ 2025-04-18 21:22:38 : 18622 steps taken, and 5150 accepted.
[0 : mcmc]  - Acceptance rate: 0.281 = avg([0.2779, 0.2833, 0.2775, 0.2840])
[0 : mcmc]  - Convergence of means: R-1 = 0.082666 after 20311 accepted steps = sum([5100, 5000, 5061, 5150])
[0 : mcmc]  - Updated covariance matrix of proposal pdf.
[1 : mcmc] Progress @ 2025-04-18 21:22:44 : 18173 steps taken, and 5000 accepted.
[2 : mcmc] Progress @ 2025-04-18 21:23:15 : 18859 steps taken, and 5064 accepted.
[0 : mcmc] Progress @ 2025-04-18 21:23:17 : 18479 steps taken, and 5103 accepted.
[3 : mcmc] Progress @ 2025-04-18 21:24:42 : 18645 steps taken, and 5158 accepted.
[1 : mcmc] Progress @ 2025-04-18 21:24:46 : 18208 steps taken, and 5005 accepted.
[3 : mcmc] Learn + convergence test @ 5160 samples accepted.
[3 : mcmc] Ready to check convergence and learn a new proposal covmat (waiting for the rest...)
[0 : mcmc] Progress @ 2025-04-18 21:25:19 : 18504 steps taken, and 5111 accepted.
[2 : mcmc] Progress @ 2025-04-18 21:25:21 : 18884 steps taken, and 5070 accepted.
[1 : mcmc] Progress @ 2025-04-18 21:26:47 : 18235 steps taken, and 5015 accepted.
[3 : mcmc] Progress @ 2025-04-18 21:26:48 : 18671 steps taken, and 5168 accepted.
[0 : mcmc] Progress @ 2025-04-18 21:27:20 : 18527 steps taken, and 5119 accepted.
[2 : mcmc] Progress @ 2025-04-18 21:27:24 : 18909 steps taken, and 5079 accepted.
[1 : mcmc] Progress @ 2025-04-18 21:28:48 : 18264 steps taken, and 5021 accepted.
[3 : mcmc] Progress @ 2025-04-18 21:28:48 : 18698 steps taken, and 5175 accepted.
[0 : mcmc] Progress @ 2025-04-18 21:29:21 : 18550 steps taken, and 5125 accepted.
[2 : mcmc] Progress @ 2025-04-18 21:29:27 : 18933 steps taken, and 5089 accepted.
[3 : mcmc] Progress @ 2025-04-18 21:30:49 : 18727 steps taken, and 5182 accepted.
[1 : mcmc] Progress @ 2025-04-18 21:30:51 : 18306 steps taken, and 5025 accepted.
[0 : mcmc] Progress @ 2025-04-18 21:31:26 : 18575 steps taken, and 5131 accepted.
[2 : mcmc] Progress @ 2025-04-18 21:31:29 : 18958 steps taken, and 5096 accepted.
[2 : mcmc] Learn + convergence test @ 5100 samples accepted.
[2 : mcmc] Ready to check convergence and learn a new proposal covmat (waiting for the rest...)
[1 : mcmc] Progress @ 2025-04-18 21:32:51 : 18338 steps taken, and 5033 accepted.
[3 : mcmc] Progress @ 2025-04-18 21:32:54 : 18754 steps taken, and 5194 accepted.
[0 : mcmc] Progress @ 2025-04-18 21:33:31 : 18599 steps taken, and 5136 accepted.
[2 : mcmc] Progress @ 2025-04-18 21:33:33 : 18982 steps taken, and 5106 accepted.
[1 : mcmc] Learn + convergence test @ 5040 samples accepted.
[1 : mcmc] Ready to check convergence and learn a new proposal covmat (waiting for the rest...)
[1 : mcmc] Progress @ 2025-04-18 21:34:58 : 18370 steps taken, and 5043 accepted.
[3 : mcmc] Progress @ 2025-04-18 21:34:58 : 18779 steps taken, and 5202 accepted.
[0 : mcmc] Progress @ 2025-04-18 21:35:33 : 18625 steps taken, and 5142 accepted.
[2 : mcmc] Progress @ 2025-04-18 21:35:37 : 19006 steps taken, and 5112 accepted.
[1 : mcmc] Progress @ 2025-04-18 21:36:59 : 18394 steps taken, and 5053 accepted.
[3 : mcmc] Progress @ 2025-04-18 21:37:02 : 18805 steps taken, and 5209 accepted.
[0 : mcmc] Progress @ 2025-04-18 21:37:34 : 18655 steps taken, and 5149 accepted.
[2 : mcmc] Progress @ 2025-04-18 21:37:41 : 19032 steps taken, and 5118 accepted.
[3 : mcmc] Progress @ 2025-04-18 21:39:04 : 18839 steps taken, and 5218 accepted.
[1 : mcmc] Progress @ 2025-04-18 21:39:04 : 18419 steps taken, and 5061 accepted.
[0 : mcmc] Progress @ 2025-04-18 21:39:35 : 18685 steps taken, and 5157 accepted.
[3 : mcmc] Learn + convergence test @ 5220 samples accepted.
[2 : mcmc] Progress @ 2025-04-18 21:39:42 : 19057 steps taken, and 5127 accepted.
[3 : mcmc] Progress @ 2025-04-18 21:41:04 : 18882 steps taken, and 5223 accepted.
[1 : mcmc] Progress @ 2025-04-18 21:41:06 : 18444 steps taken, and 5071 accepted.
[0 : mcmc] Learn + convergence test @ 5160 samples accepted.
[0 : mcmc] Ready to check convergence and learn a new proposal covmat (waiting for the rest...)
[0 : mcmc] All chains are ready to check convergence and learn a new proposal covmat
[0 : mcmc]  - Acceptance rate: 0.281 = avg([0.2770, 0.2826, 0.2787, 0.2838])
[0 : mcmc]  - Convergence of means: R-1 = 0.081987 after 20590 accepted steps = sum([5160, 5073, 5133, 5224])
[0 : mcmc]  - Updated covariance matrix of proposal pdf.
[0 : mcmc] Progress @ 2025-04-18 21:41:49 : 18708 steps taken, and 5160 accepted.
[2 : mcmc] Progress @ 2025-04-18 21:41:50 : 19086 steps taken, and 5133 accepted.
[1 : mcmc] Progress @ 2025-04-18 21:43:08 : 18470 steps taken, and 5078 accepted.
[3 : mcmc] Progress @ 2025-04-18 21:43:10 : 18920 steps taken, and 5232 accepted.
[2 : mcmc] Progress @ 2025-04-18 21:43:52 : 19113 steps taken, and 5138 accepted.
[0 : mcmc] Progress @ 2025-04-18 21:43:53 : 18736 steps taken, and 5168 accepted.
[1 : mcmc] Progress @ 2025-04-18 21:45:12 : 18497 steps taken, and 5084 accepted.
[3 : mcmc] Progress @ 2025-04-18 21:45:13 : 18955 steps taken, and 5244 accepted.
[0 : mcmc] Progress @ 2025-04-18 21:45:53 : 18760 steps taken, and 5171 accepted.
[2 : mcmc] Progress @ 2025-04-18 21:45:57 : 19140 steps taken, and 5146 accepted.
[1 : mcmc] Progress @ 2025-04-18 21:47:16 : 18522 steps taken, and 5092 accepted.
[3 : mcmc] Progress @ 2025-04-18 21:47:18 : 18988 steps taken, and 5254 accepted.
[0 : mcmc] Progress @ 2025-04-18 21:47:55 : 18788 steps taken, and 5178 accepted.
[2 : mcmc] Progress @ 2025-04-18 21:48:00 : 19171 steps taken, and 5156 accepted.
[1 : mcmc] Learn + convergence test @ 5100 samples accepted.
[1 : mcmc] Ready to check convergence and learn a new proposal covmat (waiting for the rest...)
[2 : mcmc] Learn + convergence test @ 5160 samples accepted.
[2 : mcmc] Ready to check convergence and learn a new proposal covmat (waiting for the rest...)
[1 : mcmc] Progress @ 2025-04-18 21:49:18 : 18546 steps taken, and 5100 accepted.
[3 : mcmc] Progress @ 2025-04-18 21:49:19 : 19018 steps taken, and 5258 accepted.
[0 : mcmc] Progress @ 2025-04-18 21:49:55 : 18817 steps taken, and 5187 accepted.
[2 : mcmc] Progress @ 2025-04-18 21:50:04 : 19208 steps taken, and 5163 accepted.
[3 : mcmc] Progress @ 2025-04-18 21:51:21 : 19049 steps taken, and 5262 accepted.
[1 : mcmc] Progress @ 2025-04-18 21:51:22 : 18571 steps taken, and 5103 accepted.
[0 : mcmc] Progress @ 2025-04-18 21:51:58 : 18845 steps taken, and 5193 accepted.
[2 : mcmc] Progress @ 2025-04-18 21:52:06 : 19236 steps taken, and 5172 accepted.
[3 : mcmc] Progress @ 2025-04-18 21:53:22 : 19073 steps taken, and 5271 accepted.
[1 : mcmc] Progress @ 2025-04-18 21:53:27 : 18598 steps taken, and 5108 accepted.
[0 : mcmc] Progress @ 2025-04-18 21:54:01 : 18869 steps taken, and 5202 accepted.
[2 : mcmc] Progress @ 2025-04-18 21:54:08 : 19260 steps taken, and 5177 accepted.
[3 : mcmc] Learn + convergence test @ 5280 samples accepted.
[3 : mcmc] Ready to check convergence and learn a new proposal covmat (waiting for the rest...)
[3 : mcmc] Progress @ 2025-04-18 21:55:26 : 19101 steps taken, and 5280 accepted.
[1 : mcmc] Progress @ 2025-04-18 21:55:29 : 18624 steps taken, and 5113 accepted.
[0 : mcmc] Progress @ 2025-04-18 21:56:03 : 18893 steps taken, and 5208 accepted.
[2 : mcmc] Progress @ 2025-04-18 21:56:11 : 19302 steps taken, and 5186 accepted.
[3 : mcmc] Progress @ 2025-04-18 21:57:27 : 19129 steps taken, and 5288 accepted.
[1 : mcmc] Progress @ 2025-04-18 21:57:30 : 18655 steps taken, and 5128 accepted.
[0 : mcmc] Progress @ 2025-04-18 21:58:09 : 18919 steps taken, and 5215 accepted.
[2 : mcmc] Progress @ 2025-04-18 21:58:11 : 19333 steps taken, and 5191 accepted.
[3 : mcmc] Progress @ 2025-04-18 21:59:28 : 19154 steps taken, and 5293 accepted.
[1 : mcmc] Progress @ 2025-04-18 21:59:30 : 18699 steps taken, and 5138 accepted.
[0 : mcmc] Progress @ 2025-04-18 22:00:10 : 18945 steps taken, and 5218 accepted.
[2 : mcmc] Progress @ 2025-04-18 22:00:13 : 19359 steps taken, and 5201 accepted.
[0 : mcmc] Learn + convergence test @ 5220 samples accepted.
[0 : mcmc] Ready to check convergence and learn a new proposal covmat (waiting for the rest...)
[0 : mcmc] All chains are ready to check convergence and learn a new proposal covmat
[0 : mcmc]  - Acceptance rate: 0.280 = avg([0.2759, 0.2823, 0.2785, 0.2831])
[0 : mcmc]  - Convergence of means: R-1 = 0.073749 after 20876 accepted steps = sum([5220, 5145, 5208, 5303])
[0 : mcmc]  - Updated covariance matrix of proposal pdf.
[3 : mcmc] Progress @ 2025-04-18 22:01:41 : 19182 steps taken, and 5303 accepted.
[1 : mcmc] Progress @ 2025-04-18 22:01:41 : 18726 steps taken, and 5145 accepted.
[0 : mcmc] Progress @ 2025-04-18 22:02:12 : 18965 steps taken, and 5222 accepted.
[2 : mcmc] Progress @ 2025-04-18 22:02:18 : 19385 steps taken, and 5209 accepted.
[3 : mcmc] Progress @ 2025-04-18 22:03:43 : 19206 steps taken, and 5307 accepted.
[1 : mcmc] Progress @ 2025-04-18 22:03:43 : 18749 steps taken, and 5154 accepted.
[0 : mcmc] Progress @ 2025-04-18 22:04:12 : 18987 steps taken, and 5228 accepted.
[2 : mcmc] Progress @ 2025-04-18 22:04:18 : 19413 steps taken, and 5217 accepted.
[2 : mcmc] Learn + convergence test @ 5220 samples accepted.
[2 : mcmc] Ready to check convergence and learn a new proposal covmat (waiting for the rest...)
[1 : mcmc] Learn + convergence test @ 5160 samples accepted.
[1 : mcmc] Ready to check convergence and learn a new proposal covmat (waiting for the rest...)
[3 : mcmc] Progress @ 2025-04-18 22:05:45 : 19236 steps taken, and 5316 accepted.
[1 : mcmc] Progress @ 2025-04-18 22:05:50 : 18775 steps taken, and 5164 accepted.
[0 : mcmc] Progress @ 2025-04-18 22:06:17 : 19015 steps taken, and 5236 accepted.
[2 : mcmc] Progress @ 2025-04-18 22:06:23 : 19440 steps taken, and 5224 accepted.
[3 : mcmc] Progress @ 2025-04-18 22:07:48 : 19265 steps taken, and 5328 accepted.
[1 : mcmc] Progress @ 2025-04-18 22:07:52 : 18812 steps taken, and 5169 accepted.
[0 : mcmc] Progress @ 2025-04-18 22:08:18 : 19041 steps taken, and 5248 accepted.
[2 : mcmc] Progress @ 2025-04-18 22:08:23 : 19465 steps taken, and 5232 accepted.
[3 : mcmc] Progress @ 2025-04-18 22:09:49 : 19296 steps taken, and 5334 accepted.
[1 : mcmc] Progress @ 2025-04-18 22:09:53 : 18840 steps taken, and 5178 accepted.
[0 : mcmc] Progress @ 2025-04-18 22:10:20 : 19068 steps taken, and 5258 accepted.
[2 : mcmc] Progress @ 2025-04-18 22:10:26 : 19493 steps taken, and 5240 accepted.
[3 : mcmc] Learn + convergence test @ 5340 samples accepted.
[3 : mcmc] Ready to check convergence and learn a new proposal covmat (waiting for the rest...)
[3 : mcmc] Progress @ 2025-04-18 22:11:52 : 19325 steps taken, and 5343 accepted.
[1 : mcmc] Progress @ 2025-04-18 22:11:55 : 18872 steps taken, and 5186 accepted.
[0 : mcmc] Progress @ 2025-04-18 22:12:21 : 19096 steps taken, and 5269 accepted.
[2 : mcmc] Progress @ 2025-04-18 22:12:27 : 19522 steps taken, and 5248 accepted.
[3 : mcmc] Progress @ 2025-04-18 22:13:55 : 19351 steps taken, and 5351 accepted.
[1 : mcmc] Progress @ 2025-04-18 22:13:57 : 18904 steps taken, and 5193 accepted.
[0 : mcmc] Progress @ 2025-04-18 22:14:26 : 19122 steps taken, and 5277 accepted.
[2 : mcmc] Progress @ 2025-04-18 22:14:32 : 19549 steps taken, and 5260 accepted.
[0 : mcmc] Learn + convergence test @ 5280 samples accepted.
[0 : mcmc] Ready to check convergence and learn a new proposal covmat (waiting for the rest...)
[0 : mcmc] All chains are ready to check convergence and learn a new proposal covmat
[0 : mcmc]  - Acceptance rate: 0.280 = avg([0.2766, 0.2828, 0.2783, 0.2821])
[0 : mcmc]  - Convergence of means: R-1 = 0.072410 after 21097 accepted steps = sum([5280, 5200, 5263, 5354])
[0 : mcmc]  - Updated covariance matrix of proposal pdf.
[3 : mcmc] Progress @ 2025-04-18 22:15:57 : 19379 steps taken, and 5355 accepted.
[1 : mcmc] Progress @ 2025-04-18 22:16:00 : 18930 steps taken, and 5201 accepted.
[0 : mcmc] Progress @ 2025-04-18 22:16:27 : 19142 steps taken, and 5284 accepted.
[2 : mcmc] Progress @ 2025-04-18 22:16:34 : 19578 steps taken, and 5269 accepted.
[3 : mcmc] Progress @ 2025-04-18 22:18:03 : 19411 steps taken, and 5368 accepted.
[1 : mcmc] Progress @ 2025-04-18 22:18:03 : 18953 steps taken, and 5207 accepted.
[0 : mcmc] Progress @ 2025-04-18 22:18:27 : 19182 steps taken, and 5293 accepted.
[2 : mcmc] Progress @ 2025-04-18 22:18:39 : 19607 steps taken, and 5274 accepted.
[3 : mcmc] Progress @ 2025-04-18 22:20:04 : 19442 steps taken, and 5376 accepted.
[1 : mcmc] Progress @ 2025-04-18 22:20:08 : 18977 steps taken, and 5213 accepted.
[0 : mcmc] Progress @ 2025-04-18 22:20:28 : 19215 steps taken, and 5301 accepted.
[2 : mcmc] Progress @ 2025-04-18 22:20:41 : 19632 steps taken, and 5280 accepted.
[2 : mcmc] Learn + convergence test @ 5280 samples accepted.
[2 : mcmc] Ready to check convergence and learn a new proposal covmat (waiting for the rest...)
[1 : mcmc] Learn + convergence test @ 5220 samples accepted.
[1 : mcmc] Ready to check convergence and learn a new proposal covmat (waiting for the rest...)
[3 : mcmc] Progress @ 2025-04-18 22:22:05 : 19470 steps taken, and 5382 accepted.
[1 : mcmc] Progress @ 2025-04-18 22:22:11 : 19003 steps taken, and 5221 accepted.
[0 : mcmc] Progress @ 2025-04-18 22:22:29 : 19247 steps taken, and 5311 accepted.
[2 : mcmc] Progress @ 2025-04-18 22:22:42 : 19657 steps taken, and 5283 accepted.
[3 : mcmc] Progress @ 2025-04-18 22:24:05 : 19495 steps taken, and 5392 accepted.
[1 : mcmc] Progress @ 2025-04-18 22:24:11 : 19025 steps taken, and 5229 accepted.
[0 : mcmc] Progress @ 2025-04-18 22:24:30 : 19279 steps taken, and 5323 accepted.
[2 : mcmc] Progress @ 2025-04-18 22:24:46 : 19681 steps taken, and 5286 accepted.
[3 : mcmc] Learn + convergence test @ 5400 samples accepted.
[3 : mcmc] Ready to check convergence and learn a new proposal covmat (waiting for the rest...)
[3 : mcmc] Progress @ 2025-04-18 22:26:09 : 19521 steps taken, and 5400 accepted.
[1 : mcmc] Progress @ 2025-04-18 22:26:14 : 19050 steps taken, and 5235 accepted.
[0 : mcmc] Progress @ 2025-04-18 22:26:36 : 19313 steps taken, and 5333 accepted.
[2 : mcmc] Progress @ 2025-04-18 22:26:47 : 19714 steps taken, and 5299 accepted.
[0 : mcmc] Learn + convergence test @ 5340 samples accepted.
[0 : mcmc] Ready to check convergence and learn a new proposal covmat (waiting for the rest...)
[0 : mcmc] All chains are ready to check convergence and learn a new proposal covmat
[3 : mcmc] Progress @ 2025-04-18 22:28:12 : 19545 steps taken, and 5408 accepted.
[1 : mcmc] Progress @ 2025-04-18 22:28:16 : 19077 steps taken, and 5242 accepted.
[0 : mcmc]  - Acceptance rate: 0.280 = avg([0.2779, 0.2819, 0.2772, 0.2845])
[0 : mcmc]  - Convergence of means: R-1 = 0.079346 after 21298 accepted steps = sum([5340, 5243, 5306, 5409])
[0 : mcmc]  - Updated covariance matrix of proposal pdf.
[0 : mcmc] Progress @ 2025-04-18 22:28:37 : 19334 steps taken, and 5341 accepted.
[2 : mcmc] Progress @ 2025-04-18 22:28:50 : 19739 steps taken, and 5308 accepted.
[3 : mcmc] Progress @ 2025-04-18 22:30:17 : 19570 steps taken, and 5414 accepted.
[1 : mcmc] Progress @ 2025-04-18 22:30:17 : 19108 steps taken, and 5255 accepted.
[0 : mcmc] Progress @ 2025-04-18 22:30:37 : 19358 steps taken, and 5347 accepted.
[2 : mcmc] Progress @ 2025-04-18 22:30:51 : 19766 steps taken, and 5313 accepted.
[3 : mcmc] Progress @ 2025-04-18 22:32:18 : 19603 steps taken, and 5425 accepted.
[1 : mcmc] Progress @ 2025-04-18 22:32:22 : 19134 steps taken, and 5264 accepted.
[0 : mcmc] Progress @ 2025-04-18 22:32:40 : 19382 steps taken, and 5357 accepted.
[2 : mcmc] Progress @ 2025-04-18 22:32:58 : 19793 steps taken, and 5320 accepted.
[3 : mcmc] Progress @ 2025-04-18 22:34:20 : 19639 steps taken, and 5440 accepted.
[1 : mcmc] Progress @ 2025-04-18 22:34:23 : 19164 steps taken, and 5271 accepted.
[0 : mcmc] Progress @ 2025-04-18 22:34:41 : 19411 steps taken, and 5368 accepted.
[2 : mcmc] Progress @ 2025-04-18 22:35:01 : 19820 steps taken, and 5330 accepted.
[3 : mcmc] Progress @ 2025-04-18 22:36:26 : 19665 steps taken, and 5449 accepted.
[1 : mcmc] Progress @ 2025-04-18 22:36:27 : 19199 steps taken, and 5276 accepted.
[0 : mcmc] Progress @ 2025-04-18 22:36:44 : 19440 steps taken, and 5375 accepted.
[2 : mcmc] Progress @ 2025-04-18 22:37:03 : 19847 steps taken, and 5337 accepted.
[1 : mcmc] Learn + convergence test @ 5280 samples accepted.
[1 : mcmc] Ready to check convergence and learn a new proposal covmat (waiting for the rest...)
[2 : mcmc] Learn + convergence test @ 5340 samples accepted.
[2 : mcmc] Ready to check convergence and learn a new proposal covmat (waiting for the rest...)
[1 : mcmc] Progress @ 2025-04-18 22:38:29 : 19233 steps taken, and 5285 accepted.
[3 : mcmc] Progress @ 2025-04-18 22:38:30 : 19690 steps taken, and 5455 accepted.
[0 : mcmc] Progress @ 2025-04-18 22:38:47 : 19464 steps taken, and 5386 accepted.
[2 : mcmc] Progress @ 2025-04-18 22:39:04 : 19875 steps taken, and 5342 accepted.
[3 : mcmc] Learn + convergence test @ 5460 samples accepted.
[3 : mcmc] Ready to check convergence and learn a new proposal covmat (waiting for the rest...)
[3 : mcmc] Progress @ 2025-04-18 22:40:30 : 19715 steps taken, and 5465 accepted.
[1 : mcmc] Progress @ 2025-04-18 22:40:34 : 19270 steps taken, and 5296 accepted.
[0 : mcmc] Progress @ 2025-04-18 22:40:53 : 19488 steps taken, and 5396 accepted.
[2 : mcmc] Progress @ 2025-04-18 22:41:05 : 19905 steps taken, and 5348 accepted.
[0 : mcmc] Learn + convergence test @ 5400 samples accepted.
[0 : mcmc] Ready to check convergence and learn a new proposal covmat (waiting for the rest...)
[0 : mcmc] All chains are ready to check convergence and learn a new proposal covmat
[0 : mcmc]  - Acceptance rate: 0.281 = avg([0.2801, 0.2817, 0.2766, 0.2860])
[0 : mcmc]  - Convergence of means: R-1 = 0.074124 after 21522 accepted steps = sum([5400, 5302, 5351, 5469])
[0 : mcmc]  - Updated covariance matrix of proposal pdf.
[3 : mcmc] Progress @ 2025-04-18 22:42:31 : 19735 steps taken, and 5470 accepted.
[1 : mcmc] Progress @ 2025-04-18 22:42:39 : 19294 steps taken, and 5304 accepted.
[0 : mcmc] Progress @ 2025-04-18 22:42:58 : 19508 steps taken, and 5402 accepted.
[2 : mcmc] Progress @ 2025-04-18 22:43:10 : 19934 steps taken, and 5352 accepted.
[3 : mcmc] Progress @ 2025-04-18 22:44:36 : 19759 steps taken, and 5481 accepted.
[1 : mcmc] Progress @ 2025-04-18 22:44:40 : 19319 steps taken, and 5310 accepted.
[0 : mcmc] Progress @ 2025-04-18 22:45:01 : 19534 steps taken, and 5412 accepted.
[2 : mcmc] Progress @ 2025-04-18 22:45:10 : 19957 steps taken, and 5361 accepted.
[3 : mcmc] Progress @ 2025-04-18 22:46:36 : 19786 steps taken, and 5488 accepted.
[1 : mcmc] Progress @ 2025-04-18 22:46:40 : 19343 steps taken, and 5319 accepted.
[0 : mcmc] Progress @ 2025-04-18 22:47:06 : 19557 steps taken, and 5418 accepted.
[2 : mcmc] Progress @ 2025-04-18 22:47:14 : 19981 steps taken, and 5364 accepted.
[3 : mcmc] Progress @ 2025-04-18 22:48:41 : 19810 steps taken, and 5498 accepted.
[1 : mcmc] Progress @ 2025-04-18 22:48:42 : 19368 steps taken, and 5325 accepted.
[0 : mcmc] Progress @ 2025-04-18 22:49:07 : 19580 steps taken, and 5423 accepted.
[2 : mcmc] Progress @ 2025-04-18 22:49:14 : 20005 steps taken, and 5377 accepted.
[3 : mcmc] Progress @ 2025-04-18 22:50:44 : 19834 steps taken, and 5506 accepted.
[1 : mcmc] Progress @ 2025-04-18 22:50:47 : 19393 steps taken, and 5332 accepted.
[0 : mcmc] Progress @ 2025-04-18 22:51:08 : 19605 steps taken, and 5433 accepted.
[2 : mcmc] Progress @ 2025-04-18 22:51:16 : 20029 steps taken, and 5385 accepted.
[1 : mcmc] Learn + convergence test @ 5340 samples accepted.
[1 : mcmc] Ready to check convergence and learn a new proposal covmat (waiting for the rest...)
[1 : mcmc] Progress @ 2025-04-18 22:52:47 : 19418 steps taken, and 5340 accepted.
[3 : mcmc] Progress @ 2025-04-18 22:52:48 : 19858 steps taken, and 5518 accepted.
[3 : mcmc] Learn + convergence test @ 5520 samples accepted.
[3 : mcmc] Ready to check convergence and learn a new proposal covmat (waiting for the rest...)
[0 : mcmc] Progress @ 2025-04-18 22:53:12 : 19643 steps taken, and 5443 accepted.
[2 : mcmc] Progress @ 2025-04-18 22:53:18 : 20056 steps taken, and 5388 accepted.
[3 : mcmc] Progress @ 2025-04-18 22:54:53 : 19883 steps taken, and 5525 accepted.
[1 : mcmc] Progress @ 2025-04-18 22:54:53 : 19443 steps taken, and 5344 accepted.
[0 : mcmc] Progress @ 2025-04-18 22:55:15 : 19668 steps taken, and 5453 accepted.
[2 : mcmc] Progress @ 2025-04-18 22:55:21 : 20084 steps taken, and 5395 accepted.
[2 : mcmc] Learn + convergence test @ 5400 samples accepted.
[2 : mcmc] Ready to check convergence and learn a new proposal covmat (waiting for the rest...)
[1 : mcmc] Progress @ 2025-04-18 22:56:56 : 19467 steps taken, and 5354 accepted.
[3 : mcmc] Progress @ 2025-04-18 22:56:57 : 19906 steps taken, and 5531 accepted.
[0 : mcmc] Progress @ 2025-04-18 22:57:19 : 19695 steps taken, and 5456 accepted.
[2 : mcmc] Progress @ 2025-04-18 22:57:23 : 20109 steps taken, and 5404 accepted.
[0 : mcmc] Learn + convergence test @ 5460 samples accepted.
[0 : mcmc] Ready to check convergence and learn a new proposal covmat (waiting for the rest...)
[0 : mcmc] All chains are ready to check convergence and learn a new proposal covmat
[0 : mcmc]  - Acceptance rate: 0.281 = avg([0.2789, 0.2826, 0.2764, 0.2870])
[0 : mcmc]  - Convergence of means: R-1 = 0.067111 after 21763 accepted steps = sum([5460, 5361, 5407, 5535])
[0 : mcmc]  - Updated covariance matrix of proposal pdf.
[1 : mcmc] Progress @ 2025-04-18 22:58:57 : 19490 steps taken, and 5361 accepted.
[3 : mcmc] Progress @ 2025-04-18 22:59:03 : 19929 steps taken, and 5536 accepted.
[2 : mcmc] Progress @ 2025-04-18 22:59:25 : 20131 steps taken, and 5409 accepted.
[0 : mcmc] Progress @ 2025-04-18 22:59:25 : 19716 steps taken, and 5461 accepted.
[1 : mcmc] Progress @ 2025-04-18 23:01:00 : 19515 steps taken, and 5366 accepted.
[3 : mcmc] Progress @ 2025-04-18 23:01:06 : 19953 steps taken, and 5542 accepted.
[0 : mcmc] Progress @ 2025-04-18 23:01:26 : 19742 steps taken, and 5467 accepted.
[2 : mcmc] Progress @ 2025-04-18 23:01:28 : 20157 steps taken, and 5422 accepted.
[1 : mcmc] Progress @ 2025-04-18 23:03:01 : 19540 steps taken, and 5371 accepted.
[3 : mcmc] Progress @ 2025-04-18 23:03:08 : 19979 steps taken, and 5547 accepted.
[2 : mcmc] Progress @ 2025-04-18 23:03:29 : 20182 steps taken, and 5432 accepted.
[0 : mcmc] Progress @ 2025-04-18 23:03:31 : 19766 steps taken, and 5472 accepted.
[1 : mcmc] Progress @ 2025-04-18 23:05:01 : 19573 steps taken, and 5377 accepted.
[3 : mcmc] Progress @ 2025-04-18 23:05:12 : 20009 steps taken, and 5558 accepted.
[2 : mcmc] Progress @ 2025-04-18 23:05:31 : 20212 steps taken, and 5437 accepted.
[0 : mcmc] Progress @ 2025-04-18 23:05:33 : 19793 steps taken, and 5481 accepted.
[1 : mcmc] Progress @ 2025-04-18 23:07:04 : 19600 steps taken, and 5387 accepted.
[3 : mcmc] Progress @ 2025-04-18 23:07:14 : 20038 steps taken, and 5568 accepted.
[2 : mcmc] Progress @ 2025-04-18 23:07:34 : 20237 steps taken, and 5445 accepted.
[0 : mcmc] Progress @ 2025-04-18 23:07:35 : 19827 steps taken, and 5489 accepted.
[1 : mcmc] Progress @ 2025-04-18 23:09:07 : 19627 steps taken, and 5393 accepted.
[3 : mcmc] Progress @ 2025-04-18 23:09:20 : 20066 steps taken, and 5576 accepted.
[2 : mcmc] Progress @ 2025-04-18 23:09:37 : 20261 steps taken, and 5450 accepted.
[0 : mcmc] Progress @ 2025-04-18 23:09:38 : 19859 steps taken, and 5495 accepted.
[3 : mcmc] Learn + convergence test @ 5580 samples accepted.
[3 : mcmc] Ready to check convergence and learn a new proposal covmat (waiting for the rest...)
[2 : mcmc] Learn + convergence test @ 5460 samples accepted.
[2 : mcmc] Ready to check convergence and learn a new proposal covmat (waiting for the rest...)
[1 : mcmc] Learn + convergence test @ 5400 samples accepted.
[1 : mcmc] Ready to check convergence and learn a new proposal covmat (waiting for the rest...)
[1 : mcmc] Progress @ 2025-04-18 23:11:08 : 19653 steps taken, and 5401 accepted.
[3 : mcmc] Progress @ 2025-04-18 23:11:20 : 20099 steps taken, and 5582 accepted.
[2 : mcmc] Progress @ 2025-04-18 23:11:40 : 20286 steps taken, and 5462 accepted.
[0 : mcmc] Progress @ 2025-04-18 23:11:41 : 19890 steps taken, and 5503 accepted.
[1 : mcmc] Progress @ 2025-04-18 23:13:13 : 19683 steps taken, and 5407 accepted.
[3 : mcmc] Progress @ 2025-04-18 23:13:21 : 20125 steps taken, and 5591 accepted.
[0 : mcmc] Progress @ 2025-04-18 23:13:41 : 19923 steps taken, and 5513 accepted.
[2 : mcmc] Progress @ 2025-04-18 23:13:45 : 20315 steps taken, and 5471 accepted.
[1 : mcmc] Progress @ 2025-04-18 23:15:15 : 19716 steps taken, and 5417 accepted.
[0 : mcmc] Learn + convergence test @ 5520 samples accepted.
[0 : mcmc] Ready to check convergence and learn a new proposal covmat (waiting for the rest...)
[0 : mcmc] All chains are ready to check convergence and learn a new proposal covmat
[3 : mcmc] Progress @ 2025-04-18 23:15:23 : 20150 steps taken, and 5598 accepted.
[0 : mcmc]  - Acceptance rate: 0.282 = avg([0.2790, 0.2819, 0.2783, 0.2873])
[0 : mcmc]  - Convergence of means: R-1 = 0.066861 after 22020 accepted steps = sum([5520, 5419, 5483, 5598])
[0 : mcmc]  - Updated covariance matrix of proposal pdf.
[0 : mcmc] Progress @ 2025-04-18 23:15:42 : 19947 steps taken, and 5521 accepted.
[2 : mcmc] Progress @ 2025-04-18 23:15:49 : 20347 steps taken, and 5484 accepted.
[1 : mcmc] Progress @ 2025-04-18 23:17:17 : 19745 steps taken, and 5426 accepted.
[3 : mcmc] Progress @ 2025-04-18 23:17:27 : 20172 steps taken, and 5605 accepted.
[0 : mcmc] Progress @ 2025-04-18 23:17:44 : 19970 steps taken, and 5531 accepted.
[2 : mcmc] Progress @ 2025-04-18 23:17:52 : 20375 steps taken, and 5491 accepted.
[1 : mcmc] Progress @ 2025-04-18 23:19:22 : 19775 steps taken, and 5435 accepted.
[3 : mcmc] Progress @ 2025-04-18 23:19:28 : 20206 steps taken, and 5612 accepted.
[0 : mcmc] Progress @ 2025-04-18 23:19:47 : 19995 steps taken, and 5535 accepted.
[2 : mcmc] Progress @ 2025-04-18 23:19:55 : 20402 steps taken, and 5501 accepted.
[1 : mcmc] Progress @ 2025-04-18 23:21:23 : 19800 steps taken, and 5444 accepted.
[3 : mcmc] Progress @ 2025-04-18 23:21:28 : 20236 steps taken, and 5619 accepted.
[0 : mcmc] Progress @ 2025-04-18 23:21:52 : 20019 steps taken, and 5542 accepted.
[2 : mcmc] Progress @ 2025-04-18 23:21:57 : 20426 steps taken, and 5509 accepted.
[1 : mcmc] Progress @ 2025-04-18 23:23:27 : 19824 steps taken, and 5452 accepted.
[3 : mcmc] Progress @ 2025-04-18 23:23:33 : 20265 steps taken, and 5630 accepted.
[0 : mcmc] Progress @ 2025-04-18 23:23:53 : 20045 steps taken, and 5551 accepted.
[2 : mcmc] Progress @ 2025-04-18 23:23:58 : 20450 steps taken, and 5519 accepted.
[2 : mcmc] Learn + convergence test @ 5520 samples accepted.
[2 : mcmc] Ready to check convergence and learn a new proposal covmat (waiting for the rest...)
[1 : mcmc] Progress @ 2025-04-18 23:25:28 : 19847 steps taken, and 5459 accepted.
[3 : mcmc] Progress @ 2025-04-18 23:25:34 : 20292 steps taken, and 5637 accepted.
[0 : mcmc] Progress @ 2025-04-18 23:25:54 : 20078 steps taken, and 5556 accepted.
[2 : mcmc] Progress @ 2025-04-18 23:25:58 : 20475 steps taken, and 5526 accepted.
[1 : mcmc] Learn + convergence test @ 5460 samples accepted.
[1 : mcmc] Ready to check convergence and learn a new proposal covmat (waiting for the rest...)
[3 : mcmc] Learn + convergence test @ 5640 samples accepted.
[3 : mcmc] Ready to check convergence and learn a new proposal covmat (waiting for the rest...)
[1 : mcmc] Progress @ 2025-04-18 23:27:29 : 19870 steps taken, and 5465 accepted.
[3 : mcmc] Progress @ 2025-04-18 23:27:36 : 20319 steps taken, and 5643 accepted.
[0 : mcmc] Progress @ 2025-04-18 23:27:57 : 20105 steps taken, and 5562 accepted.
[2 : mcmc] Progress @ 2025-04-18 23:28:02 : 20499 steps taken, and 5541 accepted.
[1 : mcmc] Progress @ 2025-04-18 23:29:31 : 19894 steps taken, and 5477 accepted.
[3 : mcmc] Progress @ 2025-04-18 23:29:38 : 20344 steps taken, and 5650 accepted.
[0 : mcmc] Progress @ 2025-04-18 23:30:01 : 20131 steps taken, and 5567 accepted.
[2 : mcmc] Progress @ 2025-04-18 23:30:06 : 20524 steps taken, and 5551 accepted.
[1 : mcmc] Progress @ 2025-04-18 23:31:31 : 19918 steps taken, and 5486 accepted.
[3 : mcmc] Progress @ 2025-04-18 23:31:42 : 20374 steps taken, and 5661 accepted.
[0 : mcmc] Progress @ 2025-04-18 23:32:02 : 20159 steps taken, and 5579 accepted.
[2 : mcmc] Progress @ 2025-04-18 23:32:08 : 20549 steps taken, and 5560 accepted.
[0 : mcmc] Learn + convergence test @ 5580 samples accepted.
[0 : mcmc] Ready to check convergence and learn a new proposal covmat (waiting for the rest...)
[0 : mcmc] All chains are ready to check convergence and learn a new proposal covmat
[0 : mcmc]  - Acceptance rate: 0.282 = avg([0.2788, 0.2832, 0.2801, 0.2870])
[0 : mcmc]  - Convergence of means: R-1 = 0.060416 after 22297 accepted steps = sum([5580, 5491, 5563, 5663])
[0 : mcmc]  - Updated covariance matrix of proposal pdf.
[1 : mcmc] Progress @ 2025-04-18 23:33:35 : 19946 steps taken, and 5493 accepted.
[3 : mcmc] Progress @ 2025-04-18 23:33:44 : 20406 steps taken, and 5666 accepted.
[0 : mcmc] Progress @ 2025-04-18 23:34:02 : 20177 steps taken, and 5583 accepted.
[2 : mcmc] Progress @ 2025-04-18 23:34:09 : 20569 steps taken, and 5565 accepted.
[1 : mcmc] Progress @ 2025-04-18 23:35:37 : 19970 steps taken, and 5500 accepted.
[3 : mcmc] Progress @ 2025-04-18 23:35:46 : 20434 steps taken, and 5672 accepted.
[0 : mcmc] Progress @ 2025-04-18 23:36:08 : 20202 steps taken, and 5587 accepted.
[2 : mcmc] Progress @ 2025-04-18 23:36:12 : 20594 steps taken, and 5574 accepted.
[1 : mcmc] Progress @ 2025-04-18 23:37:40 : 19995 steps taken, and 5504 accepted.
[3 : mcmc] Progress @ 2025-04-18 23:37:47 : 20458 steps taken, and 5679 accepted.
[0 : mcmc] Progress @ 2025-04-18 23:38:09 : 20225 steps taken, and 5595 accepted.
[2 : mcmc] Progress @ 2025-04-18 23:38:17 : 20621 steps taken, and 5579 accepted.
[2 : mcmc] Learn + convergence test @ 5580 samples accepted.
[2 : mcmc] Ready to check convergence and learn a new proposal covmat (waiting for the rest...)
[1 : mcmc] Progress @ 2025-04-18 23:39:41 : 20020 steps taken, and 5509 accepted.
[3 : mcmc] Progress @ 2025-04-18 23:39:47 : 20485 steps taken, and 5689 accepted.
[0 : mcmc] Progress @ 2025-04-18 23:40:11 : 20249 steps taken, and 5604 accepted.
[2 : mcmc] Progress @ 2025-04-18 23:40:21 : 20647 steps taken, and 5586 accepted.
[1 : mcmc] Progress @ 2025-04-18 23:41:43 : 20044 steps taken, and 5513 accepted.
[3 : mcmc] Progress @ 2025-04-18 23:41:53 : 20513 steps taken, and 5696 accepted.
[0 : mcmc] Progress @ 2025-04-18 23:42:15 : 20276 steps taken, and 5609 accepted.
[2 : mcmc] Progress @ 2025-04-18 23:42:26 : 20676 steps taken, and 5599 accepted.
[3 : mcmc] Learn + convergence test @ 5700 samples accepted.
[3 : mcmc] Ready to check convergence and learn a new proposal covmat (waiting for the rest...)
[1 : mcmc] Learn + convergence test @ 5520 samples accepted.
[1 : mcmc] Ready to check convergence and learn a new proposal covmat (waiting for the rest...)
[1 : mcmc] Progress @ 2025-04-18 23:43:43 : 20069 steps taken, and 5521 accepted.
[3 : mcmc] Progress @ 2025-04-18 23:43:54 : 20539 steps taken, and 5704 accepted.
[0 : mcmc] Progress @ 2025-04-18 23:44:17 : 20303 steps taken, and 5618 accepted.
[2 : mcmc] Progress @ 2025-04-18 23:44:29 : 20715 steps taken, and 5605 accepted.
[1 : mcmc] Progress @ 2025-04-18 23:45:45 : 20097 steps taken, and 5526 accepted.
[3 : mcmc] Progress @ 2025-04-18 23:45:58 : 20582 steps taken, and 5712 accepted.
[0 : mcmc] Progress @ 2025-04-18 23:46:20 : 20330 steps taken, and 5627 accepted.
[2 : mcmc] Progress @ 2025-04-18 23:46:31 : 20753 steps taken, and 5615 accepted.
[1 : mcmc] Progress @ 2025-04-18 23:47:45 : 20127 steps taken, and 5538 accepted.
[3 : mcmc] Progress @ 2025-04-18 23:48:03 : 20619 steps taken, and 5716 accepted.
[0 : mcmc] Learn + convergence test @ 5640 samples accepted.
[0 : mcmc] Ready to check convergence and learn a new proposal covmat (waiting for the rest...)
[0 : mcmc] All chains are ready to check convergence and learn a new proposal covmat
[2 : mcmc] Progress @ 2025-04-18 23:48:34 : 20782 steps taken, and 5620 accepted.
[0 : mcmc]  - Acceptance rate: 0.282 = avg([0.2794, 0.2825, 0.2791, 0.2851])
[0 : mcmc]  - Convergence of means: R-1 = 0.053168 after 22521 accepted steps = sum([5640, 5542, 5621, 5718])
[0 : mcmc]  - Updated covariance matrix of proposal pdf.
[0 : mcmc] Progress @ 2025-04-18 23:49:00 : 20357 steps taken, and 5640 accepted.
[1 : mcmc] Progress @ 2025-04-18 23:49:50 : 20146 steps taken, and 5546 accepted.
[3 : mcmc] Progress @ 2025-04-18 23:50:05 : 20669 steps taken, and 5726 accepted.
[2 : mcmc] Progress @ 2025-04-18 23:50:38 : 20815 steps taken, and 5629 accepted.
[0 : mcmc] Progress @ 2025-04-18 23:51:05 : 20383 steps taken, and 5651 accepted.
[1 : mcmc] Progress @ 2025-04-18 23:51:51 : 20170 steps taken, and 5553 accepted.
[3 : mcmc] Progress @ 2025-04-18 23:52:07 : 20694 steps taken, and 5736 accepted.
[2 : mcmc] Progress @ 2025-04-18 23:52:40 : 20839 steps taken, and 5637 accepted.
[2 : mcmc] Learn + convergence test @ 5640 samples accepted.
[2 : mcmc] Ready to check convergence and learn a new proposal covmat (waiting for the rest...)
[0 : mcmc] Progress @ 2025-04-18 23:53:10 : 20407 steps taken, and 5660 accepted.
[1 : mcmc] Progress @ 2025-04-18 23:53:57 : 20200 steps taken, and 5562 accepted.
[3 : mcmc] Progress @ 2025-04-18 23:54:08 : 20719 steps taken, and 5742 accepted.
[2 : mcmc] Progress @ 2025-04-18 23:54:41 : 20865 steps taken, and 5647 accepted.
[0 : mcmc] Progress @ 2025-04-18 23:55:16 : 20431 steps taken, and 5664 accepted.
[1 : mcmc] Progress @ 2025-04-18 23:55:57 : 20227 steps taken, and 5569 accepted.
[3 : mcmc] Progress @ 2025-04-18 23:56:11 : 20743 steps taken, and 5754 accepted.
[2 : mcmc] Progress @ 2025-04-18 23:56:42 : 20890 steps taken, and 5655 accepted.
[3 : mcmc] Learn + convergence test @ 5760 samples accepted.
[3 : mcmc] Ready to check convergence and learn a new proposal covmat (waiting for the rest...)
[0 : mcmc] Progress @ 2025-04-18 23:57:20 : 20457 steps taken, and 5672 accepted.
[1 : mcmc] Progress @ 2025-04-18 23:57:58 : 20260 steps taken, and 5579 accepted.
[1 : mcmc] Learn + convergence test @ 5580 samples accepted.
[1 : mcmc] Ready to check convergence and learn a new proposal covmat (waiting for the rest...)
[3 : mcmc] Progress @ 2025-04-18 23:58:17 : 20769 steps taken, and 5764 accepted.
[2 : mcmc] Progress @ 2025-04-18 23:58:46 : 20915 steps taken, and 5661 accepted.
[0 : mcmc] Progress @ 2025-04-18 23:59:23 : 20482 steps taken, and 5678 accepted.
[1 : mcmc] Progress @ 2025-04-19 00:00:01 : 20289 steps taken, and 5589 accepted.
[3 : mcmc] Progress @ 2025-04-19 00:00:21 : 20800 steps taken, and 5771 accepted.
[2 : mcmc] Progress @ 2025-04-19 00:00:50 : 20958 steps taken, and 5667 accepted.
[0 : mcmc] Progress @ 2025-04-19 00:01:24 : 20508 steps taken, and 5683 accepted.
[1 : mcmc] Progress @ 2025-04-19 00:02:01 : 20325 steps taken, and 5600 accepted.
[3 : mcmc] Progress @ 2025-04-19 00:02:25 : 20835 steps taken, and 5777 accepted.
[2 : mcmc] Progress @ 2025-04-19 00:02:55 : 20998 steps taken, and 5674 accepted.
[0 : mcmc] Progress @ 2025-04-19 00:03:27 : 20532 steps taken, and 5691 accepted.
[1 : mcmc] Progress @ 2025-04-19 00:04:06 : 20351 steps taken, and 5609 accepted.
[3 : mcmc] Progress @ 2025-04-19 00:04:27 : 20864 steps taken, and 5784 accepted.
[2 : mcmc] Progress @ 2025-04-19 00:04:57 : 21027 steps taken, and 5682 accepted.
[0 : mcmc] Progress @ 2025-04-19 00:05:27 : 20555 steps taken, and 5699 accepted.
[0 : mcmc] Learn + convergence test @ 5700 samples accepted.
[0 : mcmc] Ready to check convergence and learn a new proposal covmat (waiting for the rest...)
[0 : mcmc] All chains are ready to check convergence and learn a new proposal covmat
[0 : mcmc]  - Acceptance rate: 0.282 = avg([0.2797, 0.2828, 0.2781, 0.2856])
[0 : mcmc]  - Convergence of means: R-1 = 0.058495 after 22795 accepted steps = sum([5700, 5616, 5686, 5793])
[0 : mcmc]  - Updated covariance matrix of proposal pdf.
[1 : mcmc] Progress @ 2025-04-19 00:06:08 : 20378 steps taken, and 5617 accepted.
[3 : mcmc] Progress @ 2025-04-19 00:06:29 : 20890 steps taken, and 5795 accepted.
[2 : mcmc] Progress @ 2025-04-19 00:06:57 : 21058 steps taken, and 5692 accepted.
[0 : mcmc] Progress @ 2025-04-19 00:07:30 : 20576 steps taken, and 5705 accepted.
[1 : mcmc] Progress @ 2025-04-19 00:08:12 : 20406 steps taken, and 5626 accepted.
[3 : mcmc] Progress @ 2025-04-19 00:08:32 : 20914 steps taken, and 5805 accepted.
[2 : mcmc] Progress @ 2025-04-19 00:09:01 : 21086 steps taken, and 5698 accepted.
[2 : mcmc] Learn + convergence test @ 5700 samples accepted.
[2 : mcmc] Ready to check convergence and learn a new proposal covmat (waiting for the rest...)
[0 : mcmc] Progress @ 2025-04-19 00:09:36 : 20607 steps taken, and 5712 accepted.
[1 : mcmc] Progress @ 2025-04-19 00:10:13 : 20430 steps taken, and 5633 accepted.
[3 : mcmc] Progress @ 2025-04-19 00:10:37 : 20937 steps taken, and 5809 accepted.
[2 : mcmc] Progress @ 2025-04-19 00:11:05 : 21114 steps taken, and 5709 accepted.
[0 : mcmc] Progress @ 2025-04-19 00:11:38 : 20637 steps taken, and 5721 accepted.
[1 : mcmc] Learn + convergence test @ 5640 samples accepted.
[1 : mcmc] Ready to check convergence and learn a new proposal covmat (waiting for the rest...)
[1 : mcmc] Progress @ 2025-04-19 00:12:14 : 20456 steps taken, and 5641 accepted.
[3 : mcmc] Progress @ 2025-04-19 00:12:38 : 20960 steps taken, and 5816 accepted.
[2 : mcmc] Progress @ 2025-04-19 00:13:07 : 21139 steps taken, and 5720 accepted.
[0 : mcmc] Progress @ 2025-04-19 00:13:41 : 20664 steps taken, and 5732 accepted.
[3 : mcmc] Learn + convergence test @ 5820 samples accepted.
[3 : mcmc] Ready to check convergence and learn a new proposal covmat (waiting for the rest...)
[1 : mcmc] Progress @ 2025-04-19 00:14:15 : 20483 steps taken, and 5647 accepted.
[3 : mcmc] Progress @ 2025-04-19 00:14:41 : 20995 steps taken, and 5822 accepted.
[2 : mcmc] Progress @ 2025-04-19 00:15:09 : 21173 steps taken, and 5731 accepted.
[0 : mcmc] Progress @ 2025-04-19 00:15:45 : 20693 steps taken, and 5738 accepted.
[1 : mcmc] Progress @ 2025-04-19 00:16:16 : 20510 steps taken, and 5657 accepted.
[3 : mcmc] Progress @ 2025-04-19 00:16:45 : 21021 steps taken, and 5829 accepted.
[2 : mcmc] Progress @ 2025-04-19 00:17:14 : 21200 steps taken, and 5742 accepted.
[0 : mcmc] Progress @ 2025-04-19 00:17:47 : 20718 steps taken, and 5747 accepted.
[1 : mcmc] Progress @ 2025-04-19 00:18:20 : 20536 steps taken, and 5662 accepted.
[3 : mcmc] Progress @ 2025-04-19 00:18:46 : 21046 steps taken, and 5837 accepted.
[2 : mcmc] Progress @ 2025-04-19 00:19:14 : 21226 steps taken, and 5749 accepted.
[0 : mcmc] Progress @ 2025-04-19 00:19:48 : 20757 steps taken, and 5756 accepted.
[1 : mcmc] Progress @ 2025-04-19 00:20:23 : 20563 steps taken, and 5674 accepted.
[0 : mcmc] Learn + convergence test @ 5760 samples accepted.
[0 : mcmc] Ready to check convergence and learn a new proposal covmat (waiting for the rest...)
[0 : mcmc] All chains are ready to check convergence and learn a new proposal covmat
[0 : mcmc]  - Acceptance rate: 0.282 = avg([0.2801, 0.2832, 0.2785, 0.2853])
[0 : mcmc]  - Convergence of means: R-1 = 0.059344 after 23041 accepted steps = sum([5760, 5676, 5756, 5849])
[0 : mcmc]  - Updated covariance matrix of proposal pdf.
[3 : mcmc] Progress @ 2025-04-19 00:20:47 : 21073 steps taken, and 5849 accepted.
[2 : mcmc] Progress @ 2025-04-19 00:21:14 : 21253 steps taken, and 5757 accepted.
[0 : mcmc] Progress @ 2025-04-19 00:21:50 : 20778 steps taken, and 5765 accepted.
[2 : mcmc] Learn + convergence test @ 5760 samples accepted.
[2 : mcmc] Ready to check convergence and learn a new proposal covmat (waiting for the rest...)
[1 : mcmc] Progress @ 2025-04-19 00:22:25 : 20596 steps taken, and 5681 accepted.
[3 : mcmc] Progress @ 2025-04-19 00:22:47 : 21098 steps taken, and 5855 accepted.
[2 : mcmc] Progress @ 2025-04-19 00:23:16 : 21280 steps taken, and 5763 accepted.
[0 : mcmc] Progress @ 2025-04-19 00:23:52 : 20802 steps taken, and 5772 accepted.
[1 : mcmc] Progress @ 2025-04-19 00:24:29 : 20624 steps taken, and 5688 accepted.
[3 : mcmc] Progress @ 2025-04-19 00:24:48 : 21123 steps taken, and 5863 accepted.
[2 : mcmc] Progress @ 2025-04-19 00:25:19 : 21304 steps taken, and 5770 accepted.
[0 : mcmc] Progress @ 2025-04-19 00:25:53 : 20827 steps taken, and 5780 accepted.
[1 : mcmc] Progress @ 2025-04-19 00:26:31 : 20650 steps taken, and 5697 accepted.
[3 : mcmc] Progress @ 2025-04-19 00:26:53 : 21149 steps taken, and 5868 accepted.
[1 : mcmc] Learn + convergence test @ 5700 samples accepted.
[1 : mcmc] Ready to check convergence and learn a new proposal covmat (waiting for the rest...)
[2 : mcmc] Progress @ 2025-04-19 00:27:23 : 21330 steps taken, and 5781 accepted.
[0 : mcmc] Progress @ 2025-04-19 00:27:57 : 20859 steps taken, and 5785 accepted.
[1 : mcmc] Progress @ 2025-04-19 00:28:32 : 20675 steps taken, and 5706 accepted.
[3 : mcmc] Progress @ 2025-04-19 00:28:56 : 21174 steps taken, and 5878 accepted.
[2 : mcmc] Progress @ 2025-04-19 00:29:24 : 21358 steps taken, and 5786 accepted.
[3 : mcmc] Learn + convergence test @ 5880 samples accepted.
[3 : mcmc] Ready to check convergence and learn a new proposal covmat (waiting for the rest...)
[0 : mcmc] Progress @ 2025-04-19 00:29:57 : 20887 steps taken, and 5789 accepted.
[1 : mcmc] Progress @ 2025-04-19 00:30:38 : 20704 steps taken, and 5715 accepted.
[3 : mcmc] Progress @ 2025-04-19 00:30:58 : 21200 steps taken, and 5883 accepted.
[2 : mcmc] Progress @ 2025-04-19 00:31:28 : 21388 steps taken, and 5795 accepted.
[0 : mcmc] Progress @ 2025-04-19 00:32:02 : 20915 steps taken, and 5795 accepted.
[1 : mcmc] Progress @ 2025-04-19 00:32:39 : 20727 steps taken, and 5722 accepted.
[3 : mcmc] Progress @ 2025-04-19 00:32:59 : 21228 steps taken, and 5888 accepted.
[2 : mcmc] Progress @ 2025-04-19 00:33:32 : 21430 steps taken, and 5805 accepted.
[0 : mcmc] Progress @ 2025-04-19 00:34:03 : 20940 steps taken, and 5802 accepted.
[1 : mcmc] Progress @ 2025-04-19 00:34:40 : 20752 steps taken, and 5730 accepted.
[3 : mcmc] Progress @ 2025-04-19 00:35:04 : 21257 steps taken, and 5898 accepted.
[2 : mcmc] Progress @ 2025-04-19 00:35:34 : 21453 steps taken, and 5815 accepted.
[0 : mcmc] Progress @ 2025-04-19 00:36:07 : 20965 steps taken, and 5811 accepted.
[2 : mcmc] Learn + convergence test @ 5820 samples accepted.
[1 : mcmc] Progress @ 2025-04-19 00:36:41 : 20785 steps taken, and 5737 accepted.
[3 : mcmc] Progress @ 2025-04-19 00:37:06 : 21282 steps taken, and 5906 accepted.
[2 : mcmc] Progress @ 2025-04-19 00:37:37 : 21478 steps taken, and 5823 accepted.
[0 : mcmc] Learn + convergence test @ 5820 samples accepted.
[0 : mcmc] Ready to check convergence and learn a new proposal covmat (waiting for the rest...)
[0 : mcmc] All chains are ready to check convergence and learn a new proposal covmat
[0 : mcmc]  - Acceptance rate: 0.282 = avg([0.2801, 0.2837, 0.2779, 0.2853])
[0 : mcmc]  - Convergence of means: R-1 = 0.051720 after 23304 accepted steps = sum([5820, 5744, 5828, 5912])
[0 : mcmc]  - Updated covariance matrix of proposal pdf.
[0 : mcmc] Progress @ 2025-04-19 00:38:32 : 20992 steps taken, and 5820 accepted.
[1 : mcmc] Progress @ 2025-04-19 00:38:42 : 20811 steps taken, and 5744 accepted.
[3 : mcmc] Progress @ 2025-04-19 00:39:11 : 21305 steps taken, and 5914 accepted.
[2 : mcmc] Progress @ 2025-04-19 00:39:38 : 21504 steps taken, and 5832 accepted.
[0 : mcmc] Progress @ 2025-04-19 00:40:32 : 21016 steps taken, and 5825 accepted.
[1 : mcmc] Progress @ 2025-04-19 00:40:44 : 20846 steps taken, and 5753 accepted.
[3 : mcmc] Progress @ 2025-04-19 00:41:11 : 21329 steps taken, and 5926 accepted.
[2 : mcmc] Progress @ 2025-04-19 00:41:38 : 21528 steps taken, and 5838 accepted.
[0 : mcmc] Progress @ 2025-04-19 00:42:35 : 21040 steps taken, and 5830 accepted.
[1 : mcmc] Progress @ 2025-04-19 00:42:50 : 20874 steps taken, and 5759 accepted.
[1 : mcmc] Learn + convergence test @ 5760 samples accepted.
[1 : mcmc] Ready to check convergence and learn a new proposal covmat (waiting for the rest...)
[3 : mcmc] Progress @ 2025-04-19 00:43:13 : 21363 steps taken, and 5933 accepted.
[2 : mcmc] Progress @ 2025-04-19 00:43:41 : 21552 steps taken, and 5848 accepted.
[0 : mcmc] Progress @ 2025-04-19 00:44:39 : 21063 steps taken, and 5837 accepted.
[1 : mcmc] Progress @ 2025-04-19 00:44:53 : 20907 steps taken, and 5763 accepted.
[3 : mcmc] Progress @ 2025-04-19 00:45:15 : 21387 steps taken, and 5938 accepted.
[2 : mcmc] Progress @ 2025-04-19 00:45:45 : 21577 steps taken, and 5853 accepted.
[3 : mcmc] Learn + convergence test @ 5940 samples accepted.
[3 : mcmc] Ready to check convergence and learn a new proposal covmat (waiting for the rest...)
[0 : mcmc] Progress @ 2025-04-19 00:46:41 : 21088 steps taken, and 5847 accepted.
[1 : mcmc] Progress @ 2025-04-19 00:46:59 : 20941 steps taken, and 5771 accepted.
[3 : mcmc] Progress @ 2025-04-19 00:47:15 : 21411 steps taken, and 5943 accepted.
[2 : mcmc] Progress @ 2025-04-19 00:47:50 : 21601 steps taken, and 5860 accepted.
[0 : mcmc] Progress @ 2025-04-19 00:48:43 : 21112 steps taken, and 5859 accepted.
[1 : mcmc] Progress @ 2025-04-19 00:49:01 : 20967 steps taken, and 5779 accepted.
[3 : mcmc] Progress @ 2025-04-19 00:49:18 : 21437 steps taken, and 5951 accepted.
[2 : mcmc] Progress @ 2025-04-19 00:49:53 : 21625 steps taken, and 5865 accepted.
[0 : mcmc] Progress @ 2025-04-19 00:50:46 : 21136 steps taken, and 5864 accepted.
[1 : mcmc] Progress @ 2025-04-19 00:51:02 : 20997 steps taken, and 5788 accepted.
[3 : mcmc] Progress @ 2025-04-19 00:51:22 : 21462 steps taken, and 5963 accepted.
[2 : mcmc] Progress @ 2025-04-19 00:51:55 : 21649 steps taken, and 5874 accepted.
[0 : mcmc] Progress @ 2025-04-19 00:52:52 : 21160 steps taken, and 5872 accepted.
[1 : mcmc] Progress @ 2025-04-19 00:53:04 : 21021 steps taken, and 5796 accepted.
[2 : mcmc] Learn + convergence test @ 5880 samples accepted.
[2 : mcmc] Ready to check convergence and learn a new proposal covmat (waiting for the rest...)
[3 : mcmc] Progress @ 2025-04-19 00:53:28 : 21485 steps taken, and 5972 accepted.
[2 : mcmc] Progress @ 2025-04-19 00:54:01 : 21676 steps taken, and 5883 accepted.
[0 : mcmc] Learn + convergence test @ 5880 samples accepted.
[0 : mcmc] Ready to check convergence and learn a new proposal covmat (waiting for the rest...)
[0 : mcmc] All chains are ready to check convergence and learn a new proposal covmat
[0 : mcmc]  - Acceptance rate: 0.282 = avg([0.2809, 0.2828, 0.2783, 0.2859])
[0 : mcmc]  - Convergence of means: R-1 = 0.053080 after 23547 accepted steps = sum([5880, 5803, 5888, 5976])
[0 : mcmc]  - Updated covariance matrix of proposal pdf.
[1 : mcmc] Progress @ 2025-04-19 00:55:17 : 21046 steps taken, and 5803 accepted.
[0 : mcmc] Progress @ 2025-04-19 00:55:20 : 21180 steps taken, and 5881 accepted.
[3 : mcmc] Progress @ 2025-04-19 00:55:30 : 21506 steps taken, and 5977 accepted.
[2 : mcmc] Progress @ 2025-04-19 00:56:03 : 21714 steps taken, and 5891 accepted.
[1 : mcmc] Progress @ 2025-04-19 00:57:19 : 21071 steps taken, and 5812 accepted.
[0 : mcmc] Progress @ 2025-04-19 00:57:21 : 21204 steps taken, and 5884 accepted.
[3 : mcmc] Progress @ 2025-04-19 00:57:31 : 21532 steps taken, and 5982 accepted.
[2 : mcmc] Progress @ 2025-04-19 00:58:05 : 21742 steps taken, and 5898 accepted.
[1 : mcmc] Learn + convergence test @ 5820 samples accepted.
[1 : mcmc] Ready to check convergence and learn a new proposal covmat (waiting for the rest...)
[1 : mcmc] Progress @ 2025-04-19 00:59:22 : 21104 steps taken, and 5820 accepted.
[0 : mcmc] Progress @ 2025-04-19 00:59:23 : 21228 steps taken, and 5893 accepted.
[3 : mcmc] Progress @ 2025-04-19 00:59:32 : 21557 steps taken, and 5989 accepted.
[2 : mcmc] Progress @ 2025-04-19 01:00:07 : 21768 steps taken, and 5909 accepted.
[1 : mcmc] Progress @ 2025-04-19 01:01:22 : 21135 steps taken, and 5831 accepted.
[0 : mcmc] Progress @ 2025-04-19 01:01:23 : 21254 steps taken, and 5900 accepted.
[3 : mcmc] Progress @ 2025-04-19 01:01:34 : 21581 steps taken, and 5999 accepted.
[3 : mcmc] Learn + convergence test @ 6000 samples accepted.
[3 : mcmc] Ready to check convergence and learn a new proposal covmat (waiting for the rest...)
[2 : mcmc] Progress @ 2025-04-19 01:02:08 : 21798 steps taken, and 5915 accepted.
[1 : mcmc] Progress @ 2025-04-19 01:03:23 : 21159 steps taken, and 5840 accepted.
[0 : mcmc] Progress @ 2025-04-19 01:03:24 : 21282 steps taken, and 5910 accepted.
[3 : mcmc] Progress @ 2025-04-19 01:03:38 : 21608 steps taken, and 6010 accepted.
[2 : mcmc] Progress @ 2025-04-19 01:04:08 : 21824 steps taken, and 5921 accepted.
[1 : mcmc] Progress @ 2025-04-19 01:05:24 : 21182 steps taken, and 5848 accepted.
[0 : mcmc] Progress @ 2025-04-19 01:05:27 : 21309 steps taken, and 5914 accepted.
[3 : mcmc] Progress @ 2025-04-19 01:05:44 : 21634 steps taken, and 6017 accepted.
[2 : mcmc] Progress @ 2025-04-19 01:06:10 : 21852 steps taken, and 5925 accepted.
[1 : mcmc] Progress @ 2025-04-19 01:07:25 : 21206 steps taken, and 5858 accepted.
[0 : mcmc] Progress @ 2025-04-19 01:07:31 : 21349 steps taken, and 5921 accepted.
[3 : mcmc] Progress @ 2025-04-19 01:07:47 : 21660 steps taken, and 6021 accepted.
[2 : mcmc] Progress @ 2025-04-19 01:08:11 : 21878 steps taken, and 5933 accepted.
[1 : mcmc] Progress @ 2025-04-19 01:09:25 : 21228 steps taken, and 5869 accepted.
[0 : mcmc] Progress @ 2025-04-19 01:09:31 : 21375 steps taken, and 5928 accepted.
[2 : mcmc] Learn + convergence test @ 5940 samples accepted.
[2 : mcmc] Ready to check convergence and learn a new proposal covmat (waiting for the rest...)
[3 : mcmc] Progress @ 2025-04-19 01:09:51 : 21686 steps taken, and 6026 accepted.
[2 : mcmc] Progress @ 2025-04-19 01:10:15 : 21916 steps taken, and 5942 accepted.
[1 : mcmc] Progress @ 2025-04-19 01:11:25 : 21261 steps taken, and 5875 accepted.
[0 : mcmc] Progress @ 2025-04-19 01:11:34 : 21408 steps taken, and 5933 accepted.
[3 : mcmc] Progress @ 2025-04-19 01:11:52 : 21711 steps taken, and 6034 accepted.
[2 : mcmc] Progress @ 2025-04-19 01:12:16 : 21953 steps taken, and 5952 accepted.
[0 : mcmc] Learn + convergence test @ 5940 samples accepted.
[0 : mcmc] Ready to check convergence and learn a new proposal covmat (waiting for the rest...)
[0 : mcmc] All chains are ready to check convergence and learn a new proposal covmat
[1 : mcmc] Learn + convergence test @ 5880 samples accepted.
[0 : mcmc]  - Acceptance rate: 0.281 = avg([0.2795, 0.2832, 0.2771, 0.2851])
[0 : mcmc]  - Convergence of means: R-1 = 0.056919 after 23816 accepted steps = sum([5940, 5881, 5957, 6038])
[0 : mcmc]  - Updated covariance matrix of proposal pdf.
[0 : mcmc] Progress @ 2025-04-19 01:13:44 : 21429 steps taken, and 5941 accepted.
[1 : mcmc] Progress @ 2025-04-19 01:13:47 : 21288 steps taken, and 5881 accepted.
[3 : mcmc] Progress @ 2025-04-19 01:13:57 : 21739 steps taken, and 6039 accepted.
[2 : mcmc] Progress @ 2025-04-19 01:14:18 : 21971 steps taken, and 5957 accepted.
[0 : mcmc] Progress @ 2025-04-19 01:15:46 : 21457 steps taken, and 5952 accepted.
[1 : mcmc] Progress @ 2025-04-19 01:15:50 : 21311 steps taken, and 5887 accepted.
[3 : mcmc] Progress @ 2025-04-19 01:16:00 : 21764 steps taken, and 6050 accepted.
[2 : mcmc] Progress @ 2025-04-19 01:16:22 : 22001 steps taken, and 5965 accepted.
[0 : mcmc] Progress @ 2025-04-19 01:17:49 : 21485 steps taken, and 5963 accepted.
[1 : mcmc] Progress @ 2025-04-19 01:17:55 : 21338 steps taken, and 5895 accepted.
[3 : mcmc] Progress @ 2025-04-19 01:18:00 : 21790 steps taken, and 6058 accepted.
[2 : mcmc] Progress @ 2025-04-19 01:18:22 : 22031 steps taken, and 5971 accepted.
[3 : mcmc] Learn + convergence test @ 6060 samples accepted.
[3 : mcmc] Ready to check convergence and learn a new proposal covmat (waiting for the rest...)
[0 : mcmc] Progress @ 2025-04-19 01:19:50 : 21509 steps taken, and 5967 accepted.
[1 : mcmc] Progress @ 2025-04-19 01:19:58 : 21362 steps taken, and 5903 accepted.
[3 : mcmc] Progress @ 2025-04-19 01:20:00 : 21812 steps taken, and 6065 accepted.
[2 : mcmc] Progress @ 2025-04-19 01:20:26 : 22058 steps taken, and 5979 accepted.
[0 : mcmc] Progress @ 2025-04-19 01:21:53 : 21535 steps taken, and 5970 accepted.
[1 : mcmc] Progress @ 2025-04-19 01:21:58 : 21384 steps taken, and 5909 accepted.
[3 : mcmc] Progress @ 2025-04-19 01:22:05 : 21836 steps taken, and 6069 accepted.
[2 : mcmc] Progress @ 2025-04-19 01:22:27 : 22084 steps taken, and 5986 accepted.
[0 : mcmc] Progress @ 2025-04-19 01:23:55 : 21560 steps taken, and 5973 accepted.
[1 : mcmc] Progress @ 2025-04-19 01:23:59 : 21409 steps taken, and 5918 accepted.
[3 : mcmc] Progress @ 2025-04-19 01:24:10 : 21861 steps taken, and 6073 accepted.
[2 : mcmc] Progress @ 2025-04-19 01:24:29 : 22107 steps taken, and 5992 accepted.
[0 : mcmc] Progress @ 2025-04-19 01:25:57 : 21586 steps taken, and 5982 accepted.
[2 : mcmc] Learn + convergence test @ 6000 samples accepted.
[2 : mcmc] Ready to check convergence and learn a new proposal covmat (waiting for the rest...)
[1 : mcmc] Progress @ 2025-04-19 01:26:00 : 21432 steps taken, and 5927 accepted.
[3 : mcmc] Progress @ 2025-04-19 01:26:16 : 21887 steps taken, and 6077 accepted.
[2 : mcmc] Progress @ 2025-04-19 01:26:31 : 22131 steps taken, and 6002 accepted.
[0 : mcmc] Progress @ 2025-04-19 01:27:58 : 21615 steps taken, and 5991 accepted.
[1 : mcmc] Progress @ 2025-04-19 01:28:01 : 21456 steps taken, and 5936 accepted.
[3 : mcmc] Progress @ 2025-04-19 01:28:20 : 21911 steps taken, and 6087 accepted.
[2 : mcmc] Progress @ 2025-04-19 01:28:33 : 22156 steps taken, and 6008 accepted.
[1 : mcmc] Learn + convergence test @ 5940 samples accepted.
[1 : mcmc] Ready to check convergence and learn a new proposal covmat (waiting for the rest...)
[0 : mcmc] Progress @ 2025-04-19 01:29:59 : 21642 steps taken, and 5997 accepted.
[1 : mcmc] Progress @ 2025-04-19 01:30:03 : 21480 steps taken, and 5942 accepted.
[3 : mcmc] Progress @ 2025-04-19 01:30:21 : 21937 steps taken, and 6097 accepted.
[2 : mcmc] Progress @ 2025-04-19 01:30:36 : 22183 steps taken, and 6016 accepted.
[0 : mcmc] Learn + convergence test @ 6000 samples accepted.
[0 : mcmc] Ready to check convergence and learn a new proposal covmat (waiting for the rest...)
[0 : mcmc] All chains are ready to check convergence and learn a new proposal covmat
[0 : mcmc]  - Acceptance rate: 0.281 = avg([0.2785, 0.2831, 0.2790, 0.2851])
[0 : mcmc]  - Convergence of means: R-1 = 0.056469 after 24073 accepted steps = sum([6000, 5948, 6022, 6103])
[0 : mcmc]  - Updated covariance matrix of proposal pdf.
[1 : mcmc] Progress @ 2025-04-19 01:32:03 : 21509 steps taken, and 5948 accepted.
[0 : mcmc] Progress @ 2025-04-19 01:32:03 : 21661 steps taken, and 6001 accepted.
[3 : mcmc] Progress @ 2025-04-19 01:32:22 : 21971 steps taken, and 6107 accepted.
[2 : mcmc] Progress @ 2025-04-19 01:32:40 : 22214 steps taken, and 6025 accepted.
[1 : mcmc] Progress @ 2025-04-19 01:34:06 : 21534 steps taken, and 5956 accepted.
[0 : mcmc] Progress @ 2025-04-19 01:34:07 : 21689 steps taken, and 6009 accepted.
[3 : mcmc] Progress @ 2025-04-19 01:34:26 : 21995 steps taken, and 6113 accepted.
[2 : mcmc] Progress @ 2025-04-19 01:34:40 : 22249 steps taken, and 6033 accepted.
[1 : mcmc] Progress @ 2025-04-19 01:36:08 : 21558 steps taken, and 5961 accepted.
[0 : mcmc] Progress @ 2025-04-19 01:36:10 : 21716 steps taken, and 6016 accepted.
[3 : mcmc] Progress @ 2025-04-19 01:36:29 : 22021 steps taken, and 6120 accepted.
[3 : mcmc] Learn + convergence test @ 6120 samples accepted.
[3 : mcmc] Ready to check convergence and learn a new proposal covmat (waiting for the rest...)
[2 : mcmc] Progress @ 2025-04-19 01:36:42 : 22277 steps taken, and 6036 accepted.
[1 : mcmc] Progress @ 2025-04-19 01:38:08 : 21581 steps taken, and 5968 accepted.
[0 : mcmc] Progress @ 2025-04-19 01:38:15 : 21741 steps taken, and 6020 accepted.
[3 : mcmc] Progress @ 2025-04-19 01:38:31 : 22044 steps taken, and 6129 accepted.
[2 : mcmc] Progress @ 2025-04-19 01:38:42 : 22303 steps taken, and 6045 accepted.
[1 : mcmc] Progress @ 2025-04-19 01:40:09 : 21604 steps taken, and 5975 accepted.
[0 : mcmc] Progress @ 2025-04-19 01:40:20 : 21778 steps taken, and 6029 accepted.
[3 : mcmc] Progress @ 2025-04-19 01:40:33 : 22076 steps taken, and 6140 accepted.
[2 : mcmc] Progress @ 2025-04-19 01:40:44 : 22329 steps taken, and 6052 accepted.
[1 : mcmc] Progress @ 2025-04-19 01:42:14 : 21628 steps taken, and 5980 accepted.
[0 : mcmc] Progress @ 2025-04-19 01:42:23 : 21813 steps taken, and 6039 accepted.
[2 : mcmc] Learn + convergence test @ 6060 samples accepted.
[2 : mcmc] Ready to check convergence and learn a new proposal covmat (waiting for the rest...)
[3 : mcmc] Progress @ 2025-04-19 01:42:37 : 22102 steps taken, and 6148 accepted.
[2 : mcmc] Progress @ 2025-04-19 01:42:44 : 22354 steps taken, and 6061 accepted.
[1 : mcmc] Progress @ 2025-04-19 01:44:16 : 21655 steps taken, and 5989 accepted.
[0 : mcmc] Progress @ 2025-04-19 01:44:29 : 21840 steps taken, and 6049 accepted.
[3 : mcmc] Progress @ 2025-04-19 01:44:43 : 22128 steps taken, and 6157 accepted.
[2 : mcmc] Progress @ 2025-04-19 01:44:48 : 22378 steps taken, and 6069 accepted.
[1 : mcmc] Progress @ 2025-04-19 01:46:16 : 21677 steps taken, and 5990 accepted.
[0 : mcmc] Progress @ 2025-04-19 01:46:36 : 21864 steps taken, and 6053 accepted.
[3 : mcmc] Progress @ 2025-04-19 01:46:45 : 22153 steps taken, and 6163 accepted.
[2 : mcmc] Progress @ 2025-04-19 01:46:50 : 22401 steps taken, and 6075 accepted.
[1 : mcmc] Progress @ 2025-04-19 01:48:23 : 21701 steps taken, and 5996 accepted.
[0 : mcmc] Progress @ 2025-04-19 01:48:40 : 21887 steps taken, and 6058 accepted.
[3 : mcmc] Progress @ 2025-04-19 01:48:47 : 22177 steps taken, and 6166 accepted.
[2 : mcmc] Progress @ 2025-04-19 01:48:51 : 22423 steps taken, and 6081 accepted.
[0 : mcmc] Learn + convergence test @ 6060 samples accepted.
[0 : mcmc] Ready to check convergence and learn a new proposal covmat (waiting for the rest...)
[1 : mcmc] Learn + convergence test @ 6000 samples accepted.
[1 : mcmc] Ready to check convergence and learn a new proposal covmat (waiting for the rest...)
[0 : mcmc] All chains are ready to check convergence and learn a new proposal covmat
[0 : mcmc]  - Acceptance rate: 0.281 = avg([0.2778, 0.2828, 0.2783, 0.2855])
[0 : mcmc]  - Convergence of means: R-1 = 0.059669 after 24324 accepted steps = sum([6066, 6000, 6085, 6173])
[0 : mcmc]  - Updated covariance matrix of proposal pdf.
[1 : mcmc] Progress @ 2025-04-19 01:50:34 : 21719 steps taken, and 6000 accepted.
[0 : mcmc] Progress @ 2025-04-19 01:50:43 : 21908 steps taken, and 6067 accepted.
[3 : mcmc] Progress @ 2025-04-19 01:50:50 : 22204 steps taken, and 6175 accepted.
[2 : mcmc] Progress @ 2025-04-19 01:50:54 : 22446 steps taken, and 6088 accepted.
[1 : mcmc] Progress @ 2025-04-19 01:52:36 : 21745 steps taken, and 6006 accepted.
[0 : mcmc] Progress @ 2025-04-19 01:52:46 : 21931 steps taken, and 6076 accepted.
[3 : mcmc] Learn + convergence test @ 6180 samples accepted.
[3 : mcmc] Ready to check convergence and learn a new proposal covmat (waiting for the rest...)
[3 : mcmc] Progress @ 2025-04-19 01:52:51 : 22228 steps taken, and 6180 accepted.
[2 : mcmc] Progress @ 2025-04-19 01:52:59 : 22475 steps taken, and 6098 accepted.
[1 : mcmc] Progress @ 2025-04-19 01:54:39 : 21770 steps taken, and 6011 accepted.
[0 : mcmc] Progress @ 2025-04-19 01:54:47 : 21961 steps taken, and 6086 accepted.
[3 : mcmc] Progress @ 2025-04-19 01:54:54 : 22267 steps taken, and 6188 accepted.
[2 : mcmc] Progress @ 2025-04-19 01:54:59 : 22501 steps taken, and 6108 accepted.
[1 : mcmc] Progress @ 2025-04-19 01:56:45 : 21796 steps taken, and 6020 accepted.
[0 : mcmc] Progress @ 2025-04-19 01:56:50 : 21988 steps taken, and 6092 accepted.
[3 : mcmc] Progress @ 2025-04-19 01:56:57 : 22294 steps taken, and 6195 accepted.
[2 : mcmc] Progress @ 2025-04-19 01:57:02 : 22527 steps taken, and 6116 accepted.
[2 : mcmc] Learn + convergence test @ 6120 samples accepted.
[2 : mcmc] Ready to check convergence and learn a new proposal covmat (waiting for the rest...)
[1 : mcmc] Progress @ 2025-04-19 01:58:47 : 21820 steps taken, and 6024 accepted.
[0 : mcmc] Progress @ 2025-04-19 01:58:54 : 22015 steps taken, and 6099 accepted.
[3 : mcmc] Progress @ 2025-04-19 01:59:01 : 22316 steps taken, and 6199 accepted.
[2 : mcmc] Progress @ 2025-04-19 01:59:06 : 22552 steps taken, and 6123 accepted.
[1 : mcmc] Progress @ 2025-04-19 02:00:49 : 21844 steps taken, and 6032 accepted.
[0 : mcmc] Progress @ 2025-04-19 02:00:58 : 22043 steps taken, and 6105 accepted.
[3 : mcmc] Progress @ 2025-04-19 02:01:05 : 22341 steps taken, and 6209 accepted.
[2 : mcmc] Progress @ 2025-04-19 02:01:08 : 22577 steps taken, and 6130 accepted.
[1 : mcmc] Progress @ 2025-04-19 02:02:52 : 21868 steps taken, and 6037 accepted.
[0 : mcmc] Progress @ 2025-04-19 02:03:02 : 22068 steps taken, and 6115 accepted.
[3 : mcmc] Progress @ 2025-04-19 02:03:05 : 22365 steps taken, and 6217 accepted.
[2 : mcmc] Progress @ 2025-04-19 02:03:08 : 22600 steps taken, and 6138 accepted.
[0 : mcmc] Learn + convergence test @ 6120 samples accepted.
[0 : mcmc] Ready to check convergence and learn a new proposal covmat (waiting for the rest...)
[1 : mcmc] Progress @ 2025-04-19 02:04:52 : 21893 steps taken, and 6047 accepted.
[0 : mcmc] Progress @ 2025-04-19 02:05:02 : 22095 steps taken, and 6122 accepted.
[3 : mcmc] Progress @ 2025-04-19 02:05:08 : 22392 steps taken, and 6221 accepted.
[2 : mcmc] Progress @ 2025-04-19 02:05:10 : 22625 steps taken, and 6147 accepted.
[1 : mcmc] Progress @ 2025-04-19 02:06:56 : 21916 steps taken, and 6053 accepted.
[0 : mcmc] Progress @ 2025-04-19 02:07:03 : 22122 steps taken, and 6130 accepted.
[3 : mcmc] Progress @ 2025-04-19 02:07:09 : 22421 steps taken, and 6230 accepted.
[2 : mcmc] Progress @ 2025-04-19 02:07:14 : 22650 steps taken, and 6154 accepted.
[1 : mcmc] Progress @ 2025-04-19 02:08:56 : 21941 steps taken, and 6058 accepted.
[0 : mcmc] Progress @ 2025-04-19 02:09:03 : 22149 steps taken, and 6138 accepted.
[3 : mcmc] Progress @ 2025-04-19 02:09:11 : 22448 steps taken, and 6236 accepted.
[2 : mcmc] Progress @ 2025-04-19 02:09:17 : 22675 steps taken, and 6159 accepted.
[1 : mcmc] Learn + convergence test @ 6060 samples accepted.
[1 : mcmc] Ready to check convergence and learn a new proposal covmat (waiting for the rest...)
[0 : mcmc] All chains are ready to check convergence and learn a new proposal covmat
[0 : mcmc]  - Acceptance rate: 0.281 = avg([0.2786, 0.2823, 0.2791, 0.2847])
[0 : mcmc]  - Convergence of means: R-1 = 0.068426 after 24600 accepted steps = sum([6141, 6060, 6161, 6238])
[0 : mcmc]  - Updated covariance matrix of proposal pdf.
[3 : mcmc] Learn + convergence test @ 6240 samples accepted.
[3 : mcmc] Ready to check convergence and learn a new proposal covmat (waiting for the rest...)
[1 : mcmc] Progress @ 2025-04-19 02:10:59 : 21962 steps taken, and 6065 accepted.
[0 : mcmc] Progress @ 2025-04-19 02:11:06 : 22173 steps taken, and 6144 accepted.
[3 : mcmc] Progress @ 2025-04-19 02:11:15 : 22483 steps taken, and 6245 accepted.
[2 : mcmc] Progress @ 2025-04-19 02:11:21 : 22702 steps taken, and 6166 accepted.
[1 : mcmc] Progress @ 2025-04-19 02:13:01 : 21989 steps taken, and 6076 accepted.
[0 : mcmc] Progress @ 2025-04-19 02:13:07 : 22198 steps taken, and 6151 accepted.
[3 : mcmc] Progress @ 2025-04-19 02:13:19 : 22511 steps taken, and 6251 accepted.
[2 : mcmc] Progress @ 2025-04-19 02:13:22 : 22730 steps taken, and 6174 accepted.
[2 : mcmc] Learn + convergence test @ 6180 samples accepted.
[2 : mcmc] Ready to check convergence and learn a new proposal covmat (waiting for the rest...)
[1 : mcmc] Progress @ 2025-04-19 02:15:08 : 22017 steps taken, and 6082 accepted.
[0 : mcmc] Progress @ 2025-04-19 02:15:09 : 22221 steps taken, and 6154 accepted.
[3 : mcmc] Progress @ 2025-04-19 02:15:22 : 22538 steps taken, and 6254 accepted.
[2 : mcmc] Progress @ 2025-04-19 02:15:26 : 22757 steps taken, and 6185 accepted.
[1 : mcmc] Progress @ 2025-04-19 02:17:10 : 22042 steps taken, and 6090 accepted.
[0 : mcmc] Progress @ 2025-04-19 02:17:13 : 22247 steps taken, and 6161 accepted.
[3 : mcmc] Progress @ 2025-04-19 02:17:24 : 22570 steps taken, and 6260 accepted.
[2 : mcmc] Progress @ 2025-04-19 02:17:28 : 22783 steps taken, and 6188 accepted.
[1 : mcmc] Progress @ 2025-04-19 02:19:11 : 22072 steps taken, and 6100 accepted.
[0 : mcmc] Progress @ 2025-04-19 02:19:13 : 22273 steps taken, and 6166 accepted.
[3 : mcmc] Progress @ 2025-04-19 02:19:27 : 22602 steps taken, and 6270 accepted.
[2 : mcmc] Progress @ 2025-04-19 02:19:29 : 22818 steps taken, and 6195 accepted.
[1 : mcmc] Progress @ 2025-04-19 02:21:12 : 22098 steps taken, and 6109 accepted.
[0 : mcmc] Progress @ 2025-04-19 02:21:15 : 22299 steps taken, and 6177 accepted.
[3 : mcmc] Progress @ 2025-04-19 02:21:27 : 22634 steps taken, and 6277 accepted.
[2 : mcmc] Progress @ 2025-04-19 02:21:31 : 22845 steps taken, and 6201 accepted.
[0 : mcmc] Learn + convergence test @ 6180 samples accepted.
[0 : mcmc] Ready to check convergence and learn a new proposal covmat (waiting for the rest...)
[1 : mcmc] Progress @ 2025-04-19 02:23:14 : 22122 steps taken, and 6115 accepted.
[0 : mcmc] Progress @ 2025-04-19 02:23:21 : 22329 steps taken, and 6187 accepted.
[3 : mcmc] Progress @ 2025-04-19 02:23:34 : 22661 steps taken, and 6286 accepted.
[2 : mcmc] Progress @ 2025-04-19 02:23:35 : 22875 steps taken, and 6210 accepted.
[1 : mcmc] Learn + convergence test @ 6120 samples accepted.
[1 : mcmc] Ready to check convergence and learn a new proposal covmat (waiting for the rest...)
[0 : mcmc] All chains are ready to check convergence and learn a new proposal covmat
[0 : mcmc]  - Acceptance rate: 0.281 = avg([0.2777, 0.2832, 0.2792, 0.2841])
[0 : mcmc]  - Convergence of means: R-1 = 0.066542 after 24815 accepted steps = sum([6190, 6120, 6214, 6291])
[0 : mcmc]  - Updated covariance matrix of proposal pdf.
[1 : mcmc] Progress @ 2025-04-19 02:25:15 : 22141 steps taken, and 6122 accepted.
[0 : mcmc] Progress @ 2025-04-19 02:25:22 : 22353 steps taken, and 6193 accepted.
[3 : mcmc] Progress @ 2025-04-19 02:25:37 : 22680 steps taken, and 6295 accepted.
[2 : mcmc] Progress @ 2025-04-19 02:25:39 : 22898 steps taken, and 6217 accepted.
[3 : mcmc] Learn + convergence test @ 6300 samples accepted.
[3 : mcmc] Ready to check convergence and learn a new proposal covmat (waiting for the rest...)
[1 : mcmc] Progress @ 2025-04-19 02:27:16 : 22166 steps taken, and 6130 accepted.
[0 : mcmc] Progress @ 2025-04-19 02:27:24 : 22379 steps taken, and 6201 accepted.
[3 : mcmc] Progress @ 2025-04-19 02:27:37 : 22706 steps taken, and 6304 accepted.
[2 : mcmc] Progress @ 2025-04-19 02:27:42 : 22921 steps taken, and 6225 accepted.
[1 : mcmc] Progress @ 2025-04-19 02:29:21 : 22189 steps taken, and 6135 accepted.
[0 : mcmc] Progress @ 2025-04-19 02:29:29 : 22403 steps taken, and 6212 accepted.
[3 : mcmc] Progress @ 2025-04-19 02:29:42 : 22731 steps taken, and 6308 accepted.
[2 : mcmc] Progress @ 2025-04-19 02:29:44 : 22946 steps taken, and 6231 accepted.
[1 : mcmc] Progress @ 2025-04-19 02:31:21 : 22215 steps taken, and 6142 accepted.
[0 : mcmc] Progress @ 2025-04-19 02:31:35 : 22428 steps taken, and 6219 accepted.
[2 : mcmc] Progress @ 2025-04-19 02:31:45 : 22979 steps taken, and 6238 accepted.
[3 : mcmc] Progress @ 2025-04-19 02:31:45 : 22758 steps taken, and 6315 accepted.
[2 : mcmc] Learn + convergence test @ 6240 samples accepted.
[2 : mcmc] Ready to check convergence and learn a new proposal covmat (waiting for the rest...)
[1 : mcmc] Progress @ 2025-04-19 02:33:23 : 22241 steps taken, and 6151 accepted.
[0 : mcmc] Progress @ 2025-04-19 02:33:36 : 22462 steps taken, and 6229 accepted.
[3 : mcmc] Progress @ 2025-04-19 02:33:47 : 22785 steps taken, and 6318 accepted.
[2 : mcmc] Progress @ 2025-04-19 02:33:50 : 23010 steps taken, and 6246 accepted.
[1 : mcmc] Progress @ 2025-04-19 02:35:26 : 22264 steps taken, and 6156 accepted.
[0 : mcmc] Progress @ 2025-04-19 02:35:37 : 22493 steps taken, and 6237 accepted.
[3 : mcmc] Progress @ 2025-04-19 02:35:50 : 22809 steps taken, and 6322 accepted.
[2 : mcmc] Progress @ 2025-04-19 02:35:51 : 23039 steps taken, and 6255 accepted.
[0 : mcmc] Learn + convergence test @ 6240 samples accepted.
[0 : mcmc] Ready to check convergence and learn a new proposal covmat (waiting for the rest...)
[1 : mcmc] Progress @ 2025-04-19 02:37:26 : 22287 steps taken, and 6162 accepted.
[0 : mcmc] Progress @ 2025-04-19 02:37:37 : 22520 steps taken, and 6245 accepted.
[3 : mcmc] Progress @ 2025-04-19 02:37:51 : 22832 steps taken, and 6329 accepted.
[2 : mcmc] Progress @ 2025-04-19 02:37:53 : 23066 steps taken, and 6259 accepted.
[1 : mcmc] Progress @ 2025-04-19 02:39:30 : 22310 steps taken, and 6168 accepted.
[0 : mcmc] Progress @ 2025-04-19 02:39:39 : 22543 steps taken, and 6247 accepted.
[2 : mcmc] Progress @ 2025-04-19 02:39:54 : 23089 steps taken, and 6269 accepted.
[3 : mcmc] Progress @ 2025-04-19 02:39:55 : 22855 steps taken, and 6332 accepted.
[1 : mcmc] Progress @ 2025-04-19 02:41:35 : 22334 steps taken, and 6179 accepted.
[0 : mcmc] Progress @ 2025-04-19 02:41:42 : 22568 steps taken, and 6257 accepted.
[1 : mcmc] Learn + convergence test @ 6180 samples accepted.
[1 : mcmc] Ready to check convergence and learn a new proposal covmat (waiting for the rest...)
[2 : mcmc] Progress @ 2025-04-19 02:41:55 : 23112 steps taken, and 6280 accepted.
[3 : mcmc] Progress @ 2025-04-19 02:42:00 : 22889 steps taken, and 6338 accepted.
[0 : mcmc] All chains are ready to check convergence and learn a new proposal covmat
[0 : mcmc]  - Acceptance rate: 0.281 = avg([0.2782, 0.2831, 0.2792, 0.2831])
[0 : mcmc]  - Convergence of means: R-1 = 0.072983 after 25059 accepted steps = sum([6259, 6180, 6281, 6339])
[0 : mcmc]  - Updated covariance matrix of proposal pdf.
[1 : mcmc] Progress @ 2025-04-19 02:43:38 : 22354 steps taken, and 6186 accepted.
[0 : mcmc] Progress @ 2025-04-19 02:43:49 : 22595 steps taken, and 6263 accepted.
[2 : mcmc] Progress @ 2025-04-19 02:43:58 : 23133 steps taken, and 6287 accepted.
[3 : mcmc] Progress @ 2025-04-19 02:44:01 : 22914 steps taken, and 6342 accepted.
[1 : mcmc] Progress @ 2025-04-19 02:45:38 : 22376 steps taken, and 6192 accepted.
[0 : mcmc] Progress @ 2025-04-19 02:45:51 : 22620 steps taken, and 6270 accepted.
[2 : mcmc] Progress @ 2025-04-19 02:46:02 : 23157 steps taken, and 6293 accepted.
[3 : mcmc] Progress @ 2025-04-19 02:46:02 : 22939 steps taken, and 6350 accepted.
[1 : mcmc] Progress @ 2025-04-19 02:47:38 : 22399 steps taken, and 6197 accepted.
[0 : mcmc] Progress @ 2025-04-19 02:47:52 : 22642 steps taken, and 6276 accepted.
[2 : mcmc] Progress @ 2025-04-19 02:48:02 : 23179 steps taken, and 6299 accepted.
[3 : mcmc] Progress @ 2025-04-19 02:48:05 : 22963 steps taken, and 6352 accepted.
[2 : mcmc] Learn + convergence test @ 6300 samples accepted.
[2 : mcmc] Ready to check convergence and learn a new proposal covmat (waiting for the rest...)
[3 : mcmc] Learn + convergence test @ 6360 samples accepted.
[3 : mcmc] Ready to check convergence and learn a new proposal covmat (waiting for the rest...)
[1 : mcmc] Progress @ 2025-04-19 02:49:39 : 22422 steps taken, and 6202 accepted.
[0 : mcmc] Progress @ 2025-04-19 02:49:58 : 22665 steps taken, and 6278 accepted.
[2 : mcmc] Progress @ 2025-04-19 02:50:05 : 23202 steps taken, and 6303 accepted.
[3 : mcmc] Progress @ 2025-04-19 02:50:06 : 22989 steps taken, and 6361 accepted.
[1 : mcmc] Progress @ 2025-04-19 02:51:40 : 22449 steps taken, and 6214 accepted.
[0 : mcmc] Progress @ 2025-04-19 02:52:01 : 22692 steps taken, and 6285 accepted.
[2 : mcmc] Progress @ 2025-04-19 02:52:07 : 23224 steps taken, and 6311 accepted.
[3 : mcmc] Progress @ 2025-04-19 02:52:07 : 23011 steps taken, and 6366 accepted.
[1 : mcmc] Progress @ 2025-04-19 02:53:40 : 22473 steps taken, and 6221 accepted.
[0 : mcmc] Progress @ 2025-04-19 02:54:06 : 22717 steps taken, and 6294 accepted.
[2 : mcmc] Progress @ 2025-04-19 02:54:08 : 23249 steps taken, and 6320 accepted.
[3 : mcmc] Progress @ 2025-04-19 02:54:09 : 23040 steps taken, and 6375 accepted.
[1 : mcmc] Progress @ 2025-04-19 02:55:44 : 22508 steps taken, and 6233 accepted.
[0 : mcmc] Progress @ 2025-04-19 02:56:06 : 22741 steps taken, and 6298 accepted.
[2 : mcmc] Progress @ 2025-04-19 02:56:11 : 23279 steps taken, and 6328 accepted.
[3 : mcmc] Progress @ 2025-04-19 02:56:11 : 23067 steps taken, and 6383 accepted.
[1 : mcmc] Learn + convergence test @ 6240 samples accepted.
[1 : mcmc] Ready to check convergence and learn a new proposal covmat (waiting for the rest...)
[0 : mcmc] Learn + convergence test @ 6300 samples accepted.
[0 : mcmc] Ready to check convergence and learn a new proposal covmat (waiting for the rest...)
[0 : mcmc] All chains are ready to check convergence and learn a new proposal covmat
[0 : mcmc]  - Acceptance rate: 0.281 = avg([0.2779, 0.2841, 0.2789, 0.2818])
[0 : mcmc]  - Convergence of means: R-1 = 0.071461 after 25259 accepted steps = sum([6301, 6242, 6330, 6386])
[0 : mcmc]  - Updated covariance matrix of proposal pdf.
[1 : mcmc] Progress @ 2025-04-19 02:57:44 : 22532 steps taken, and 6242 accepted.
[0 : mcmc] Progress @ 2025-04-19 02:58:06 : 22757 steps taken, and 6304 accepted.
[3 : mcmc] Progress @ 2025-04-19 02:58:14 : 23098 steps taken, and 6388 accepted.
[2 : mcmc] Progress @ 2025-04-19 02:58:14 : 23303 steps taken, and 6334 accepted.
[1 : mcmc] Progress @ 2025-04-19 02:59:49 : 22560 steps taken, and 6253 accepted.
[0 : mcmc] Progress @ 2025-04-19 03:00:11 : 22780 steps taken, and 6311 accepted.
[2 : mcmc] Progress @ 2025-04-19 03:00:16 : 23332 steps taken, and 6341 accepted.
[3 : mcmc] Progress @ 2025-04-19 03:00:18 : 23134 steps taken, and 6395 accepted.
[1 : mcmc] Progress @ 2025-04-19 03:01:50 : 22591 steps taken, and 6264 accepted.
[0 : mcmc] Progress @ 2025-04-19 03:02:12 : 22803 steps taken, and 6314 accepted.
[3 : mcmc] Progress @ 2025-04-19 03:02:19 : 23159 steps taken, and 6400 accepted.
[2 : mcmc] Progress @ 2025-04-19 03:02:22 : 23359 steps taken, and 6349 accepted.
[1 : mcmc] Progress @ 2025-04-19 03:03:53 : 22617 steps taken, and 6272 accepted.
[0 : mcmc] Progress @ 2025-04-19 03:04:12 : 22829 steps taken, and 6322 accepted.
[2 : mcmc] Progress @ 2025-04-19 03:04:23 : 23382 steps taken, and 6355 accepted.
[3 : mcmc] Progress @ 2025-04-19 03:04:24 : 23184 steps taken, and 6404 accepted.
[2 : mcmc] Learn + convergence test @ 6360 samples accepted.
[2 : mcmc] Ready to check convergence and learn a new proposal covmat (waiting for the rest...)
[1 : mcmc] Progress @ 2025-04-19 03:05:56 : 22641 steps taken, and 6278 accepted.
[0 : mcmc] Progress @ 2025-04-19 03:06:15 : 22860 steps taken, and 6329 accepted.
[3 : mcmc] Progress @ 2025-04-19 03:06:26 : 23213 steps taken, and 6410 accepted.
[2 : mcmc] Progress @ 2025-04-19 03:06:26 : 23406 steps taken, and 6365 accepted.
[1 : mcmc] Progress @ 2025-04-19 03:08:00 : 22665 steps taken, and 6284 accepted.
[0 : mcmc] Progress @ 2025-04-19 03:08:16 : 22890 steps taken, and 6336 accepted.
[2 : mcmc] Progress @ 2025-04-19 03:08:28 : 23430 steps taken, and 6376 accepted.
[3 : mcmc] Progress @ 2025-04-19 03:08:28 : 23241 steps taken, and 6416 accepted.
[3 : mcmc] Learn + convergence test @ 6420 samples accepted.
[3 : mcmc] Ready to check convergence and learn a new proposal covmat (waiting for the rest...)
[1 : mcmc] Progress @ 2025-04-19 03:10:02 : 22689 steps taken, and 6291 accepted.
[0 : mcmc] Progress @ 2025-04-19 03:10:17 : 22917 steps taken, and 6344 accepted.
[2 : mcmc] Progress @ 2025-04-19 03:10:30 : 23455 steps taken, and 6386 accepted.
[3 : mcmc] Progress @ 2025-04-19 03:10:31 : 23266 steps taken, and 6422 accepted.
[1 : mcmc] Progress @ 2025-04-19 03:12:07 : 22719 steps taken, and 6299 accepted.
[0 : mcmc] Progress @ 2025-04-19 03:12:18 : 22941 steps taken, and 6352 accepted.
[2 : mcmc] Progress @ 2025-04-19 03:12:32 : 23482 steps taken, and 6389 accepted.
[3 : mcmc] Progress @ 2025-04-19 03:12:33 : 23293 steps taken, and 6426 accepted.
[1 : mcmc] Learn + convergence test @ 6300 samples accepted.
[1 : mcmc] Ready to check convergence and learn a new proposal covmat (waiting for the rest...)
[1 : mcmc] Progress @ 2025-04-19 03:14:08 : 22745 steps taken, and 6306 accepted.
[0 : mcmc] Progress @ 2025-04-19 03:14:23 : 22976 steps taken, and 6359 accepted.
[0 : mcmc] Learn + convergence test @ 6360 samples accepted.
[0 : mcmc] Ready to check convergence and learn a new proposal covmat (waiting for the rest...)
[0 : mcmc] All chains are ready to check convergence and learn a new proposal covmat
[2 : mcmc] Progress @ 2025-04-19 03:14:36 : 23510 steps taken, and 6399 accepted.
[3 : mcmc] Progress @ 2025-04-19 03:14:37 : 23321 steps taken, and 6433 accepted.
[0 : mcmc]  - Acceptance rate: 0.281 = avg([0.2783, 0.2842, 0.2799, 0.2803])
[0 : mcmc]  - Convergence of means: R-1 = 0.062160 after 25502 accepted steps = sum([6360, 6309, 6399, 6434])
[0 : mcmc]  - Updated covariance matrix of proposal pdf.
[1 : mcmc] Progress @ 2025-04-19 03:16:13 : 22770 steps taken, and 6314 accepted.
[0 : mcmc] Progress @ 2025-04-19 03:16:28 : 22996 steps taken, and 6366 accepted.
[2 : mcmc] Progress @ 2025-04-19 03:16:41 : 23533 steps taken, and 6406 accepted.
[3 : mcmc] Progress @ 2025-04-19 03:16:41 : 23344 steps taken, and 6440 accepted.
[1 : mcmc] Progress @ 2025-04-19 03:18:14 : 22796 steps taken, and 6320 accepted.
[0 : mcmc] Progress @ 2025-04-19 03:18:28 : 23020 steps taken, and 6372 accepted.
[2 : mcmc] Progress @ 2025-04-19 03:18:44 : 23557 steps taken, and 6414 accepted.
[3 : mcmc] Progress @ 2025-04-19 03:18:45 : 23369 steps taken, and 6444 accepted.
[2 : mcmc] Learn + convergence test @ 6420 samples accepted.
[2 : mcmc] Ready to check convergence and learn a new proposal covmat (waiting for the rest...)
[1 : mcmc] Progress @ 2025-04-19 03:20:15 : 22824 steps taken, and 6327 accepted.
[0 : mcmc] Progress @ 2025-04-19 03:20:31 : 23056 steps taken, and 6383 accepted.
[2 : mcmc] Progress @ 2025-04-19 03:20:46 : 23582 steps taken, and 6422 accepted.
[3 : mcmc] Progress @ 2025-04-19 03:20:50 : 23398 steps taken, and 6452 accepted.
[1 : mcmc] Progress @ 2025-04-19 03:22:17 : 22850 steps taken, and 6333 accepted.
[0 : mcmc] Progress @ 2025-04-19 03:22:31 : 23091 steps taken, and 6394 accepted.
[2 : mcmc] Progress @ 2025-04-19 03:22:50 : 23606 steps taken, and 6431 accepted.
[3 : mcmc] Progress @ 2025-04-19 03:22:52 : 23423 steps taken, and 6460 accepted.
[1 : mcmc] Progress @ 2025-04-19 03:24:17 : 22875 steps taken, and 6341 accepted.
[0 : mcmc] Progress @ 2025-04-19 03:24:35 : 23115 steps taken, and 6403 accepted.
[2 : mcmc] Progress @ 2025-04-19 03:24:53 : 23630 steps taken, and 6437 accepted.
[3 : mcmc] Progress @ 2025-04-19 03:24:53 : 23448 steps taken, and 6464 accepted.
[1 : mcmc] Progress @ 2025-04-19 03:26:22 : 22901 steps taken, and 6349 accepted.
[0 : mcmc] Progress @ 2025-04-19 03:26:36 : 23140 steps taken, and 6410 accepted.
[3 : mcmc] Progress @ 2025-04-19 03:26:55 : 23477 steps taken, and 6473 accepted.
[2 : mcmc] Progress @ 2025-04-19 03:26:57 : 23667 steps taken, and 6443 accepted.
[3 : mcmc] Learn + convergence test @ 6480 samples accepted.
[3 : mcmc] Ready to check convergence and learn a new proposal covmat (waiting for the rest...)
[1 : mcmc] Progress @ 2025-04-19 03:28:25 : 22924 steps taken, and 6355 accepted.
[0 : mcmc] Progress @ 2025-04-19 03:28:40 : 23164 steps taken, and 6418 accepted.
[3 : mcmc] Progress @ 2025-04-19 03:28:56 : 23504 steps taken, and 6481 accepted.
[2 : mcmc] Progress @ 2025-04-19 03:29:04 : 23691 steps taken, and 6452 accepted.
[0 : mcmc] Learn + convergence test @ 6420 samples accepted.
[0 : mcmc] Ready to check convergence and learn a new proposal covmat (waiting for the rest...)
[1 : mcmc] Progress @ 2025-04-19 03:30:28 : 22946 steps taken, and 6359 accepted.
[0 : mcmc] Progress @ 2025-04-19 03:30:45 : 23187 steps taken, and 6426 accepted.
[1 : mcmc] Learn + convergence test @ 6360 samples accepted.
[1 : mcmc] Ready to check convergence and learn a new proposal covmat (waiting for the rest...)
[3 : mcmc] Progress @ 2025-04-19 03:31:00 : 23529 steps taken, and 6492 accepted.
[2 : mcmc] Progress @ 2025-04-19 03:31:07 : 23715 steps taken, and 6460 accepted.
[0 : mcmc] All chains are ready to check convergence and learn a new proposal covmat
[0 : mcmc]  - Acceptance rate: 0.281 = avg([0.2787, 0.2840, 0.2810, 0.2801])
[0 : mcmc]  - Convergence of means: R-1 = 0.055144 after 25742 accepted steps = sum([6428, 6360, 6461, 6493])
[0 : mcmc]  - Updated covariance matrix of proposal pdf.
[1 : mcmc] Progress @ 2025-04-19 03:32:34 : 22964 steps taken, and 6363 accepted.
[0 : mcmc] Progress @ 2025-04-19 03:32:49 : 23220 steps taken, and 6434 accepted.
[3 : mcmc] Progress @ 2025-04-19 03:33:02 : 23551 steps taken, and 6501 accepted.
[2 : mcmc] Progress @ 2025-04-19 03:33:13 : 23739 steps taken, and 6465 accepted.
[1 : mcmc] Progress @ 2025-04-19 03:34:34 : 22989 steps taken, and 6369 accepted.
[0 : mcmc] Progress @ 2025-04-19 03:34:52 : 23245 steps taken, and 6441 accepted.
[3 : mcmc] Progress @ 2025-04-19 03:35:03 : 23574 steps taken, and 6512 accepted.
[2 : mcmc] Progress @ 2025-04-19 03:35:16 : 23763 steps taken, and 6470 accepted.
[1 : mcmc] Progress @ 2025-04-19 03:36:36 : 23016 steps taken, and 6381 accepted.
[0 : mcmc] Progress @ 2025-04-19 03:36:56 : 23271 steps taken, and 6450 accepted.
[3 : mcmc] Progress @ 2025-04-19 03:37:09 : 23597 steps taken, and 6519 accepted.
[2 : mcmc] Progress @ 2025-04-19 03:37:16 : 23786 steps taken, and 6479 accepted.
[2 : mcmc] Learn + convergence test @ 6480 samples accepted.
[2 : mcmc] Ready to check convergence and learn a new proposal covmat (waiting for the rest...)
[1 : mcmc] Progress @ 2025-04-19 03:38:38 : 23044 steps taken, and 6390 accepted.
[0 : mcmc] Progress @ 2025-04-19 03:39:02 : 23294 steps taken, and 6458 accepted.
[3 : mcmc] Progress @ 2025-04-19 03:39:10 : 23620 steps taken, and 6528 accepted.
[2 : mcmc] Progress @ 2025-04-19 03:39:18 : 23809 steps taken, and 6489 accepted.
[1 : mcmc] Progress @ 2025-04-19 03:40:42 : 23067 steps taken, and 6397 accepted.
[0 : mcmc] Progress @ 2025-04-19 03:41:09 : 23318 steps taken, and 6464 accepted.
[3 : mcmc] Progress @ 2025-04-19 03:41:11 : 23641 steps taken, and 6531 accepted.
[2 : mcmc] Progress @ 2025-04-19 03:41:22 : 23832 steps taken, and 6493 accepted.
[1 : mcmc] Progress @ 2025-04-19 03:42:44 : 23090 steps taken, and 6403 accepted.
[0 : mcmc] Progress @ 2025-04-19 03:43:14 : 23342 steps taken, and 6471 accepted.
[3 : mcmc] Progress @ 2025-04-19 03:43:14 : 23664 steps taken, and 6537 accepted.
[2 : mcmc] Progress @ 2025-04-19 03:43:25 : 23854 steps taken, and 6501 accepted.
[3 : mcmc] Learn + convergence test @ 6540 samples accepted.
[3 : mcmc] Ready to check convergence and learn a new proposal covmat (waiting for the rest...)
[1 : mcmc] Progress @ 2025-04-19 03:44:46 : 23113 steps taken, and 6405 accepted.
[0 : mcmc] Learn + convergence test @ 6480 samples accepted.
[0 : mcmc] Ready to check convergence and learn a new proposal covmat (waiting for the rest...)
[3 : mcmc] Progress @ 2025-04-19 03:45:15 : 23688 steps taken, and 6543 accepted.
[0 : mcmc] Progress @ 2025-04-19 03:45:16 : 23365 steps taken, and 6483 accepted.
[2 : mcmc] Progress @ 2025-04-19 03:45:28 : 23877 steps taken, and 6506 accepted.
[1 : mcmc] Progress @ 2025-04-19 03:46:47 : 23137 steps taken, and 6416 accepted.
[3 : mcmc] Progress @ 2025-04-19 03:47:18 : 23714 steps taken, and 6552 accepted.
[0 : mcmc] Progress @ 2025-04-19 03:47:18 : 23388 steps taken, and 6490 accepted.
[2 : mcmc] Progress @ 2025-04-19 03:47:28 : 23907 steps taken, and 6517 accepted.
[1 : mcmc] Learn + convergence test @ 6420 samples accepted.
[1 : mcmc] Ready to check convergence and learn a new proposal covmat (waiting for the rest...)
[0 : mcmc] All chains are ready to check convergence and learn a new proposal covmat
[0 : mcmc]  - Acceptance rate: 0.281 = avg([0.2790, 0.2843, 0.2810, 0.2803])
[0 : mcmc]  - Convergence of means: R-1 = 0.054113 after 25988 accepted steps = sum([6493, 6420, 6520, 6555])
[0 : mcmc]  - Updated covariance matrix of proposal pdf.
[1 : mcmc] Progress @ 2025-04-19 03:48:50 : 23160 steps taken, and 6425 accepted.
[3 : mcmc] Progress @ 2025-04-19 03:49:20 : 23737 steps taken, and 6556 accepted.
[0 : mcmc] Progress @ 2025-04-19 03:49:20 : 23411 steps taken, and 6498 accepted.
[2 : mcmc] Progress @ 2025-04-19 03:49:28 : 23941 steps taken, and 6524 accepted.
[1 : mcmc] Progress @ 2025-04-19 03:50:55 : 23189 steps taken, and 6437 accepted.
[3 : mcmc] Progress @ 2025-04-19 03:51:22 : 23760 steps taken, and 6563 accepted.
[0 : mcmc] Progress @ 2025-04-19 03:51:25 : 23434 steps taken, and 6509 accepted.
[2 : mcmc] Progress @ 2025-04-19 03:51:29 : 23965 steps taken, and 6535 accepted.
[2 : mcmc] Learn + convergence test @ 6540 samples accepted.
[2 : mcmc] Ready to check convergence and learn a new proposal covmat (waiting for the rest...)
[1 : mcmc] Progress @ 2025-04-19 03:52:59 : 23220 steps taken, and 6449 accepted.
[3 : mcmc] Progress @ 2025-04-19 03:53:25 : 23786 steps taken, and 6573 accepted.
[0 : mcmc] Progress @ 2025-04-19 03:53:30 : 23460 steps taken, and 6519 accepted.
[2 : mcmc] Progress @ 2025-04-19 03:53:35 : 23994 steps taken, and 6542 accepted.
[1 : mcmc] Progress @ 2025-04-19 03:54:59 : 23257 steps taken, and 6453 accepted.
[0 : mcmc] Progress @ 2025-04-19 03:55:31 : 23491 steps taken, and 6527 accepted.
[3 : mcmc] Progress @ 2025-04-19 03:55:31 : 23821 steps taken, and 6584 accepted.
[2 : mcmc] Progress @ 2025-04-19 03:55:38 : 24023 steps taken, and 6551 accepted.
[1 : mcmc] Progress @ 2025-04-19 03:57:02 : 23280 steps taken, and 6461 accepted.
[0 : mcmc] Progress @ 2025-04-19 03:57:35 : 23516 steps taken, and 6532 accepted.
[3 : mcmc] Progress @ 2025-04-19 03:57:35 : 23856 steps taken, and 6597 accepted.
[2 : mcmc] Progress @ 2025-04-19 03:57:42 : 24046 steps taken, and 6555 accepted.
[3 : mcmc] Learn + convergence test @ 6600 samples accepted.
[3 : mcmc] Ready to check convergence and learn a new proposal covmat (waiting for the rest...)
[1 : mcmc] Progress @ 2025-04-19 03:59:03 : 23307 steps taken, and 6468 accepted.
[0 : mcmc] Learn + convergence test @ 6540 samples accepted.
[0 : mcmc] Ready to check convergence and learn a new proposal covmat (waiting for the rest...)
[0 : mcmc] Progress @ 2025-04-19 03:59:35 : 23546 steps taken, and 6541 accepted.
[3 : mcmc] Progress @ 2025-04-19 03:59:37 : 23885 steps taken, and 6611 accepted.
[2 : mcmc] Progress @ 2025-04-19 03:59:46 : 24070 steps taken, and 6561 accepted.
[1 : mcmc] Progress @ 2025-04-19 04:01:03 : 23333 steps taken, and 6476 accepted.
[0 : mcmc] Progress @ 2025-04-19 04:01:36 : 23578 steps taken, and 6545 accepted.
[3 : mcmc] Progress @ 2025-04-19 04:01:41 : 23910 steps taken, and 6620 accepted.
[2 : mcmc] Progress @ 2025-04-19 04:01:50 : 24101 steps taken, and 6572 accepted.
[1 : mcmc] Progress @ 2025-04-19 04:03:05 : 23355 steps taken, and 6479 accepted.
[1 : mcmc] Learn + convergence test @ 6480 samples accepted.
[1 : mcmc] Ready to check convergence and learn a new proposal covmat (waiting for the rest...)
[0 : mcmc] Progress @ 2025-04-19 04:03:39 : 23604 steps taken, and 6553 accepted.
[0 : mcmc] All chains are ready to check convergence and learn a new proposal covmat
[3 : mcmc] Progress @ 2025-04-19 04:03:46 : 23936 steps taken, and 6628 accepted.
[2 : mcmc] Progress @ 2025-04-19 04:03:53 : 24133 steps taken, and 6576 accepted.
[0 : mcmc]  - Acceptance rate: 0.282 = avg([0.2789, 0.2841, 0.2810, 0.2824])
[0 : mcmc]  - Convergence of means: R-1 = 0.051726 after 26239 accepted steps = sum([6553, 6480, 6577, 6629])
[0 : mcmc]  - Updated covariance matrix of proposal pdf.
[1 : mcmc] Progress @ 2025-04-19 04:05:09 : 23374 steps taken, and 6483 accepted.
[0 : mcmc] Progress @ 2025-04-19 04:05:40 : 23622 steps taken, and 6559 accepted.
[3 : mcmc] Progress @ 2025-04-19 04:05:47 : 23960 steps taken, and 6637 accepted.
[2 : mcmc] Progress @ 2025-04-19 04:05:54 : 24158 steps taken, and 6584 accepted.
[1 : mcmc] Progress @ 2025-04-19 04:07:11 : 23399 steps taken, and 6489 accepted.
[0 : mcmc] Progress @ 2025-04-19 04:07:42 : 23650 steps taken, and 6568 accepted.
[3 : mcmc] Progress @ 2025-04-19 04:07:53 : 23987 steps taken, and 6647 accepted.
[2 : mcmc] Progress @ 2025-04-19 04:07:58 : 24185 steps taken, and 6586 accepted.
[1 : mcmc] Progress @ 2025-04-19 04:09:12 : 23423 steps taken, and 6495 accepted.
[0 : mcmc] Progress @ 2025-04-19 04:09:42 : 23687 steps taken, and 6576 accepted.
[3 : mcmc] Progress @ 2025-04-19 04:09:57 : 24010 steps taken, and 6652 accepted.
[2 : mcmc] Progress @ 2025-04-19 04:10:02 : 24216 steps taken, and 6593 accepted.
[1 : mcmc] Progress @ 2025-04-19 04:11:14 : 23446 steps taken, and 6498 accepted.
[0 : mcmc] Progress @ 2025-04-19 04:11:44 : 23712 steps taken, and 6585 accepted.
[3 : mcmc] Progress @ 2025-04-19 04:11:58 : 24036 steps taken, and 6658 accepted.
[2 : mcmc] Progress @ 2025-04-19 04:12:04 : 24244 steps taken, and 6598 accepted.
[3 : mcmc] Learn + convergence test @ 6660 samples accepted.
[3 : mcmc] Ready to check convergence and learn a new proposal covmat (waiting for the rest...)
[2 : mcmc] Learn + convergence test @ 6600 samples accepted.
[2 : mcmc] Ready to check convergence and learn a new proposal covmat (waiting for the rest...)
[1 : mcmc] Progress @ 2025-04-19 04:13:21 : 23470 steps taken, and 6506 accepted.
[0 : mcmc] Progress @ 2025-04-19 04:13:44 : 23734 steps taken, and 6595 accepted.
[3 : mcmc] Progress @ 2025-04-19 04:14:01 : 24061 steps taken, and 6663 accepted.
[2 : mcmc] Progress @ 2025-04-19 04:14:04 : 24278 steps taken, and 6607 accepted.
[0 : mcmc] Learn + convergence test @ 6600 samples accepted.
[0 : mcmc] Ready to check convergence and learn a new proposal covmat (waiting for the rest...)
[1 : mcmc] Progress @ 2025-04-19 04:15:24 : 23500 steps taken, and 6514 accepted.
[0 : mcmc] Progress @ 2025-04-19 04:15:48 : 23758 steps taken, and 6602 accepted.
[3 : mcmc] Progress @ 2025-04-19 04:16:04 : 24088 steps taken, and 6668 accepted.
[2 : mcmc] Progress @ 2025-04-19 04:16:05 : 24330 steps taken, and 6612 accepted.
[1 : mcmc] Progress @ 2025-04-19 04:17:30 : 23530 steps taken, and 6524 accepted.
[0 : mcmc] Progress @ 2025-04-19 04:17:54 : 23783 steps taken, and 6612 accepted.
[3 : mcmc] Progress @ 2025-04-19 04:18:05 : 24113 steps taken, and 6674 accepted.
[2 : mcmc] Progress @ 2025-04-19 04:18:06 : 24363 steps taken, and 6625 accepted.
[1 : mcmc] Progress @ 2025-04-19 04:19:32 : 23558 steps taken, and 6531 accepted.
[0 : mcmc] Progress @ 2025-04-19 04:19:54 : 23808 steps taken, and 6620 accepted.
[3 : mcmc] Progress @ 2025-04-19 04:20:07 : 24138 steps taken, and 6682 accepted.
[2 : mcmc] Progress @ 2025-04-19 04:20:07 : 24403 steps taken, and 6632 accepted.
[1 : mcmc] Progress @ 2025-04-19 04:21:33 : 23583 steps taken, and 6536 accepted.
[0 : mcmc] Progress @ 2025-04-19 04:21:58 : 23830 steps taken, and 6631 accepted.
[2 : mcmc] Progress @ 2025-04-19 04:22:10 : 24443 steps taken, and 6641 accepted.
[3 : mcmc] Progress @ 2025-04-19 04:22:10 : 24162 steps taken, and 6685 accepted.
[1 : mcmc] Learn + convergence test @ 6540 samples accepted.
[1 : mcmc] Ready to check convergence and learn a new proposal covmat (waiting for the rest...)
[0 : mcmc] All chains are ready to check convergence and learn a new proposal covmat
[0 : mcmc]  - Acceptance rate: 0.281 = avg([0.2797, 0.2839, 0.2792, 0.2814])
[0 : mcmc]  - Convergence of means: R-1 = 0.047039 after 26503 accepted steps = sum([6634, 6540, 6643, 6686])
[0 : mcmc]  - Updated covariance matrix of proposal pdf.
[1 : mcmc] Progress @ 2025-04-19 04:23:40 : 23599 steps taken, and 6543 accepted.
[0 : mcmc] Progress @ 2025-04-19 04:23:58 : 23856 steps taken, and 6636 accepted.
[2 : mcmc] Progress @ 2025-04-19 04:24:11 : 24467 steps taken, and 6649 accepted.
[3 : mcmc] Progress @ 2025-04-19 04:24:13 : 24185 steps taken, and 6689 accepted.
[1 : mcmc] Progress @ 2025-04-19 04:25:40 : 23622 steps taken, and 6550 accepted.
[0 : mcmc] Progress @ 2025-04-19 04:25:59 : 23880 steps taken, and 6645 accepted.
[3 : mcmc] Progress @ 2025-04-19 04:26:13 : 24225 steps taken, and 6695 accepted.
[2 : mcmc] Progress @ 2025-04-19 04:26:14 : 24494 steps taken, and 6657 accepted.
[2 : mcmc] Learn + convergence test @ 6660 samples accepted.
[2 : mcmc] Ready to check convergence and learn a new proposal covmat (waiting for the rest...)
[1 : mcmc] Progress @ 2025-04-19 04:27:41 : 23647 steps taken, and 6555 accepted.
[0 : mcmc] Progress @ 2025-04-19 04:28:00 : 23903 steps taken, and 6650 accepted.
[3 : mcmc] Progress @ 2025-04-19 04:28:13 : 24249 steps taken, and 6701 accepted.
[2 : mcmc] Progress @ 2025-04-19 04:28:18 : 24524 steps taken, and 6665 accepted.
[1 : mcmc] Progress @ 2025-04-19 04:29:45 : 23672 steps taken, and 6563 accepted.
[0 : mcmc] Progress @ 2025-04-19 04:30:02 : 23929 steps taken, and 6654 accepted.
[3 : mcmc] Progress @ 2025-04-19 04:30:19 : 24273 steps taken, and 6706 accepted.
[2 : mcmc] Progress @ 2025-04-19 04:30:23 : 24548 steps taken, and 6678 accepted.
[0 : mcmc] Learn + convergence test @ 6660 samples accepted.
[0 : mcmc] Ready to check convergence and learn a new proposal covmat (waiting for the rest...)
[1 : mcmc] Progress @ 2025-04-19 04:31:48 : 23696 steps taken, and 6572 accepted.
[0 : mcmc] Progress @ 2025-04-19 04:32:05 : 23953 steps taken, and 6663 accepted.
[3 : mcmc] Progress @ 2025-04-19 04:32:21 : 24300 steps taken, and 6718 accepted.
[2 : mcmc] Progress @ 2025-04-19 04:32:23 : 24579 steps taken, and 6687 accepted.
[3 : mcmc] Learn + convergence test @ 6720 samples accepted.
[3 : mcmc] Ready to check convergence and learn a new proposal covmat (waiting for the rest...)
[1 : mcmc] Progress @ 2025-04-19 04:33:48 : 23720 steps taken, and 6577 accepted.
[0 : mcmc] Progress @ 2025-04-19 04:34:08 : 23985 steps taken, and 6669 accepted.
[3 : mcmc] Progress @ 2025-04-19 04:34:25 : 24327 steps taken, and 6725 accepted.
[2 : mcmc] Progress @ 2025-04-19 04:34:27 : 24613 steps taken, and 6694 accepted.
[1 : mcmc] Progress @ 2025-04-19 04:35:52 : 23749 steps taken, and 6587 accepted.
[0 : mcmc] Progress @ 2025-04-19 04:36:09 : 24013 steps taken, and 6678 accepted.
[3 : mcmc] Progress @ 2025-04-19 04:36:28 : 24356 steps taken, and 6732 accepted.
[2 : mcmc] Progress @ 2025-04-19 04:36:30 : 24642 steps taken, and 6699 accepted.
[1 : mcmc] Progress @ 2025-04-19 04:37:52 : 23773 steps taken, and 6594 accepted.
[0 : mcmc] Progress @ 2025-04-19 04:38:11 : 24049 steps taken, and 6686 accepted.
[3 : mcmc] Progress @ 2025-04-19 04:38:28 : 24385 steps taken, and 6743 accepted.
[2 : mcmc] Progress @ 2025-04-19 04:38:34 : 24669 steps taken, and 6708 accepted.
[1 : mcmc] Learn + convergence test @ 6600 samples accepted.
[1 : mcmc] Ready to check convergence and learn a new proposal covmat (waiting for the rest...)
[0 : mcmc] All chains are ready to check convergence and learn a new proposal covmat
[0 : mcmc]  - Acceptance rate: 0.281 = avg([0.2796, 0.2845, 0.2804, 0.2810])
[0 : mcmc]  - Convergence of means: R-1 = 0.047964 after 26752 accepted steps = sum([6691, 6600, 6714, 6747])
[0 : mcmc]  - Convergence of bounds: R-1 = 0.090477 after 26752 accepted steps = sum([6691, 6600, 6714, 6747])
[0 : mcmc] The run has converged!
[0 : mcmc] Sampling complete after 26752 accepted steps.
[0m[0m[0m[0m
------------------------------------------------------------
Sender: LSF System <lsfadmin@e4farm03.ge.infn.it>
Subject: Job 336029: <planck> in cluster <infnge> Done

Job <planck> was submitted from host <farmuisl7.ge.infn.it> by user <mraveri> in cluster <infnge>.
Job was executed on host(s) <16*e4farm03.ge.infn.it>, in queue <long>, as user <mraveri> in cluster <infnge>.
</home/mraveri> was used as the home directory.
</home/mraveri/projects/andrea/tesi_magistrale/lcdm/2_planck> was used as the working directory.
Started at Thu Apr 17 08:47:22 2025
Results reported on Sat Apr 19 04:39:47 2025

Your job looked like:

------------------------------------------------------------
# LSBATCH: User input
#!/bin/bash

#BSUB -J planck                    # Job name
#BSUB -M 64000                     # Memory limit (64GB)
#BSUB -R "rusage[mem=64000]"       # Resource request
#BSUB -q long                      # Queue
#BSUB -o planck.out                # Output log
#BSUB -e planck.err                # Error log
#BSUB -n 16                        # Total cores

# Set number of threads per chain (OMP = threads for linear algebra, etc.)
export OMP_NUM_THREADS=4

# Run Cobaya with MPI (4 chains using 4 threads each = 16 total cores)
mpirun -np 4 cobaya-run planck.yaml
------------------------------------------------------------

Successfully completed.

Resource usage summary:

    CPU time :                                   773746.94 sec.
    Max Memory :                                 46498 MB
    Average Memory :                             15235.33 MB
    Total Requested Memory :                     64000.00 MB
    Delta Memory :                               17502.00 MB
    Max Swap :                                   2 MB
    Max Processes :                              8
    Max Threads :                                31

The output (if any) is above this job summary.



PS:

Read file <planck.err> for stderr output of this job.

