[0 : output] Output to be read-from/written-into folder '.', with prefix '1_lcdm_planck_desidr2_des'
[0 : camb] `camb` module loaded successfully from /mnt/project_mnt/farm_fs/mraveri/projects/cobaya/code/CAMB/camb
[3 : bao.desi_dr2.desi_bao_all] Initialized.
[0 : bao.desi_dr2.desi_bao_all] Initialized.
[1 : bao.desi_dr2.desi_bao_all] Initialized.
[2 : bao.desi_dr2.desi_bao_all] Initialized.
[1 : planck_2020_lollipop.lowlb] Initialized!
[0 : planck_2020_lollipop.lowlb] Initialized!
[2 : planck_2020_lollipop.lowlb] Initialized!
[3 : planck_2020_lollipop.lowlb] Initialized!
[3 : planck_2020_lollipop.lowleb] Initialized!
[2 : planck_2020_lollipop.lowleb] Initialized!
[0 : planck_2020_lollipop.lowleb] Initialized!
[1 : planck_2020_lollipop.lowleb] Initialized!
[3 : planck_2020_hillipop.ttteee] Initialized!
[2 : planck_2020_hillipop.ttteee] Initialized!
[1 : planck_2020_hillipop.ttteee] Initialized!
[0 : planck_2020_hillipop.ttteee] Initialized!
[1 : mcmc] Getting initial point... (this may take a few seconds)
[3 : mcmc] Getting initial point... (this may take a few seconds)
[0 : mcmc] Getting initial point... (this may take a few seconds)
[2 : mcmc] Getting initial point... (this may take a few seconds)
[1 : mcmc] Initial point: logA:3.048955, ns:0.9743763, theta_MC_100:1.041567, ombh2:0.02224503, omch2:0.1211005, tau:0.05762798, A_planck:0.9997326, cal100A:1, cal100B:1, cal143B:1, cal217A:1, cal217B:1, Aradio:60, Adusty:6, AdustT:1, beta_dustT:1.51, Acib:4, beta_cib:1.75, Atsz:3, Aksz:1, xi:0.1, AdustP:1, beta_dustP:1.59
[0 : mcmc] Initial point: logA:3.05077, ns:0.9650612, theta_MC_100:1.040807, ombh2:0.02236764, omch2:0.1204189, tau:0.0579224, A_planck:0.9987898, cal100A:1, cal100B:1, cal143B:1, cal217A:1, cal217B:1, Aradio:60, Adusty:6, AdustT:1, beta_dustT:1.51, Acib:4, beta_cib:1.75, Atsz:3, Aksz:1, xi:0.1, AdustP:1, beta_dustP:1.59
[2 : mcmc] Initial point: logA:3.051351, ns:0.9643174, theta_MC_100:1.041535, ombh2:0.02244536, omch2:0.120464, tau:0.05836301, A_planck:1.00333, cal100A:1, cal100B:1, cal143B:1, cal217A:1, cal217B:1, Aradio:60, Adusty:6, AdustT:1, beta_dustT:1.51, Acib:4, beta_cib:1.75, Atsz:3, Aksz:1, xi:0.1, AdustP:1, beta_dustP:1.59
[3 : mcmc] Initial point: logA:3.050583, ns:0.9602334, theta_MC_100:1.040917, ombh2:0.02248984, omch2:0.1198668, tau:0.05425055, A_planck:0.9978793, cal100A:1, cal100B:1, cal143B:1, cal217A:1, cal217B:1, Aradio:60, Adusty:6, AdustT:1, beta_dustT:1.51, Acib:4, beta_cib:1.75, Atsz:3, Aksz:1, xi:0.1, AdustP:1, beta_dustP:1.59
[0 : model] Measuring speeds... (this may take a few seconds)
[0 : model] Setting measured speeds (per sec): {sn.desy5: 282.0, bao.desi_dr2.desi_bao_all: 401.0, planck_2018_lowl.TT: 738.0, planck_2020_lollipop.lowlB: 1270.0, planck_2020_lollipop.lowlEB: 178.0, planck_2020_hillipop.TTTEEE: 0.793, camb.transfers: 0.261, camb: 0.546}
[0 : model] *WARNING* Oversampling would be trivial due to small speed difference or small `oversample_power`. Set to 2.
[0 : mcmc] *WARNING* Dragging disabled: speed ratios < 2.
[0 : autoselect_covmat] No cached covmat database present, not usable or not up-to-date. Will be re-created and cached.
[0 : autoselect_covmat] *WARNING* WARNING: using first of >1 possible best covmats: ['base_plikHM_TT_lowl_post_BAO.covmat', 'base_plikHM_TT_lowTEB_post_BAO.covmat']
[0 : mcmc] Covariance matrix selected automatically: /mnt/project_mnt/farm_fs/mraveri/projects/cobaya/data/planck_supp_data_and_covmats/covmats/base_plikHM_TT_lowl_post_BAO.covmat
[0 : mcmc] Covariance matrix loaded for params ['ombh2', 'omch2', 'theta_MC_100', 'tau', 'logA', 'ns', 'A_planck', 'xi']
[0 : mcmc] Missing proposal covariance for params ['cal100A', 'cal100B', 'cal143B', 'cal217A', 'cal217B', 'Aradio', 'Adusty', 'AdustT', 'beta_dustT', 'Acib', 'beta_cib', 'Atsz', 'Aksz', 'AdustP', 'beta_dustP']
[0 : mcmc] Covariance matrix not complete. We will start learning the covariance of the proposal earlier: R-1 = 3000 (would be 300 if all params loaded).
[0 : mcmc] Sampling!
[1 : mcmc] Progress @ 2025-04-22 18:02:47 : 1 steps taken, and 0 accepted.
[2 : mcmc] Progress @ 2025-04-22 18:02:47 : 1 steps taken, and 0 accepted.
[0 : mcmc] Progress @ 2025-04-22 18:02:47 : 1 steps taken, and 0 accepted.
[3 : mcmc] Progress @ 2025-04-22 18:02:48 : 1 steps taken, and 0 accepted.
[1 : mcmc] Progress @ 2025-04-22 18:04:47 : 81 steps taken, and 15 accepted.
[2 : mcmc] Progress @ 2025-04-22 18:04:48 : 90 steps taken, and 20 accepted.
[3 : mcmc] Progress @ 2025-04-22 18:04:50 : 89 steps taken, and 13 accepted.
[0 : mcmc] Progress @ 2025-04-22 18:04:51 : 82 steps taken, and 13 accepted.
[1 : mcmc] Progress @ 2025-04-22 18:06:48 : 182 steps taken, and 23 accepted.
[2 : mcmc] Progress @ 2025-04-22 18:06:48 : 189 steps taken, and 33 accepted.
[3 : mcmc] Progress @ 2025-04-22 18:06:50 : 175 steps taken, and 27 accepted.
[0 : mcmc] Progress @ 2025-04-22 18:06:52 : 168 steps taken, and 29 accepted.
[1 : mcmc] Progress @ 2025-04-22 18:08:49 : 274 steps taken, and 31 accepted.
[2 : mcmc] Progress @ 2025-04-22 18:08:49 : 302 steps taken, and 38 accepted.
[0 : mcmc] Progress @ 2025-04-22 18:08:52 : 260 steps taken, and 32 accepted.
[3 : mcmc] Progress @ 2025-04-22 18:08:53 : 266 steps taken, and 34 accepted.
[2 : mcmc] Progress @ 2025-04-22 18:10:49 : 390 steps taken, and 46 accepted.
[1 : mcmc] Progress @ 2025-04-22 18:10:50 : 360 steps taken, and 37 accepted.
[0 : mcmc] Progress @ 2025-04-22 18:10:52 : 349 steps taken, and 40 accepted.
[3 : mcmc] Progress @ 2025-04-22 18:10:59 : 355 steps taken, and 44 accepted.
[2 : mcmc] Progress @ 2025-04-22 18:12:51 : 486 steps taken, and 50 accepted.
[1 : mcmc] Progress @ 2025-04-22 18:12:51 : 452 steps taken, and 47 accepted.
[0 : mcmc] Progress @ 2025-04-22 18:12:53 : 449 steps taken, and 48 accepted.
[3 : mcmc] Progress @ 2025-04-22 18:12:59 : 451 steps taken, and 49 accepted.
[2 : mcmc] Progress @ 2025-04-22 18:14:53 : 576 steps taken, and 59 accepted.
[1 : mcmc] Progress @ 2025-04-22 18:14:53 : 541 steps taken, and 55 accepted.
[0 : mcmc] Progress @ 2025-04-22 18:14:55 : 537 steps taken, and 55 accepted.
[3 : mcmc] Progress @ 2025-04-22 18:15:01 : 544 steps taken, and 56 accepted.
[1 : mcmc] Progress @ 2025-04-22 18:16:54 : 650 steps taken, and 62 accepted.
[2 : mcmc] Progress @ 2025-04-22 18:16:56 : 660 steps taken, and 63 accepted.
[0 : mcmc] Progress @ 2025-04-22 18:16:57 : 629 steps taken, and 60 accepted.
[3 : mcmc] Progress @ 2025-04-22 18:17:03 : 641 steps taken, and 65 accepted.
[1 : mcmc] Progress @ 2025-04-22 18:18:58 : 732 steps taken, and 67 accepted.
[2 : mcmc] Progress @ 2025-04-22 18:19:00 : 760 steps taken, and 70 accepted.
[0 : mcmc] Progress @ 2025-04-22 18:19:02 : 723 steps taken, and 66 accepted.
[3 : mcmc] Progress @ 2025-04-22 18:19:04 : 738 steps taken, and 73 accepted.
[1 : mcmc] Progress @ 2025-04-22 18:21:01 : 819 steps taken, and 73 accepted.
[2 : mcmc] Progress @ 2025-04-22 18:21:01 : 856 steps taken, and 79 accepted.
[3 : mcmc] Progress @ 2025-04-22 18:21:04 : 830 steps taken, and 82 accepted.
[0 : mcmc] Progress @ 2025-04-22 18:21:07 : 814 steps taken, and 82 accepted.
[2 : mcmc] Progress @ 2025-04-22 18:23:03 : 959 steps taken, and 87 accepted.
[1 : mcmc] Progress @ 2025-04-22 18:23:04 : 910 steps taken, and 77 accepted.
[3 : mcmc] Progress @ 2025-04-22 18:23:04 : 916 steps taken, and 87 accepted.
[0 : mcmc] Progress @ 2025-04-22 18:23:08 : 898 steps taken, and 90 accepted.
[2 : mcmc] Progress @ 2025-04-22 18:25:03 : 1067 steps taken, and 98 accepted.
[1 : mcmc] Progress @ 2025-04-22 18:25:04 : 998 steps taken, and 83 accepted.
[3 : mcmc] Progress @ 2025-04-22 18:25:05 : 997 steps taken, and 90 accepted.
[0 : mcmc] Progress @ 2025-04-22 18:25:12 : 996 steps taken, and 95 accepted.
[2 : mcmc] Progress @ 2025-04-22 18:27:07 : 1154 steps taken, and 104 accepted.
[1 : mcmc] Progress @ 2025-04-22 18:27:08 : 1097 steps taken, and 88 accepted.
[3 : mcmc] Progress @ 2025-04-22 18:27:09 : 1088 steps taken, and 93 accepted.
[0 : mcmc] Progress @ 2025-04-22 18:27:17 : 1082 steps taken, and 101 accepted.
[2 : mcmc] Progress @ 2025-04-22 18:29:09 : 1242 steps taken, and 113 accepted.
[1 : mcmc] Progress @ 2025-04-22 18:29:10 : 1195 steps taken, and 92 accepted.
[3 : mcmc] Progress @ 2025-04-22 18:29:13 : 1173 steps taken, and 110 accepted.
[0 : mcmc] Progress @ 2025-04-22 18:29:20 : 1173 steps taken, and 107 accepted.
[1 : mcmc] Progress @ 2025-04-22 18:31:10 : 1298 steps taken, and 96 accepted.
[2 : mcmc] Progress @ 2025-04-22 18:31:11 : 1343 steps taken, and 125 accepted.
[3 : mcmc] Progress @ 2025-04-22 18:31:18 : 1268 steps taken, and 117 accepted.
[0 : mcmc] Progress @ 2025-04-22 18:31:21 : 1261 steps taken, and 113 accepted.
[1 : mcmc] Progress @ 2025-04-22 18:33:10 : 1373 steps taken, and 100 accepted.
[2 : mcmc] Progress @ 2025-04-22 18:33:17 : 1431 steps taken, and 127 accepted.
[3 : mcmc] Progress @ 2025-04-22 18:33:19 : 1360 steps taken, and 126 accepted.
[0 : mcmc] Progress @ 2025-04-22 18:33:25 : 1367 steps taken, and 119 accepted.
[1 : mcmc] Progress @ 2025-04-22 18:35:15 : 1454 steps taken, and 105 accepted.
[2 : mcmc] Progress @ 2025-04-22 18:35:18 : 1516 steps taken, and 132 accepted.
[3 : mcmc] Progress @ 2025-04-22 18:35:24 : 1450 steps taken, and 133 accepted.
[0 : mcmc] Progress @ 2025-04-22 18:35:28 : 1453 steps taken, and 128 accepted.
[1 : mcmc] Progress @ 2025-04-22 18:37:15 : 1548 steps taken, and 108 accepted.
[2 : mcmc] Progress @ 2025-04-22 18:37:21 : 1600 steps taken, and 139 accepted.
[3 : mcmc] Progress @ 2025-04-22 18:37:24 : 1548 steps taken, and 140 accepted.
[0 : mcmc] Progress @ 2025-04-22 18:37:34 : 1549 steps taken, and 135 accepted.
[1 : mcmc] Progress @ 2025-04-22 18:39:17 : 1637 steps taken, and 112 accepted.
[2 : mcmc] Progress @ 2025-04-22 18:39:23 : 1685 steps taken, and 149 accepted.
[3 : mcmc] Progress @ 2025-04-22 18:39:25 : 1635 steps taken, and 146 accepted.
[0 : mcmc] Progress @ 2025-04-22 18:39:39 : 1650 steps taken, and 144 accepted.
[1 : mcmc] Progress @ 2025-04-22 18:41:18 : 1721 steps taken, and 115 accepted.
[2 : mcmc] Progress @ 2025-04-22 18:41:24 : 1784 steps taken, and 157 accepted.
[3 : mcmc] Progress @ 2025-04-22 18:41:29 : 1721 steps taken, and 153 accepted.
[0 : mcmc] Progress @ 2025-04-22 18:41:44 : 1744 steps taken, and 150 accepted.
[1 : mcmc] Progress @ 2025-04-22 18:43:20 : 1815 steps taken, and 122 accepted.
[2 : mcmc] Progress @ 2025-04-22 18:43:26 : 1866 steps taken, and 165 accepted.
[3 : mcmc] Progress @ 2025-04-22 18:43:30 : 1804 steps taken, and 156 accepted.
[0 : mcmc] Progress @ 2025-04-22 18:43:48 : 1844 steps taken, and 156 accepted.
[1 : mcmc] Progress @ 2025-04-22 18:45:24 : 1904 steps taken, and 132 accepted.
[2 : mcmc] Progress @ 2025-04-22 18:45:26 : 1962 steps taken, and 174 accepted.
[3 : mcmc] Progress @ 2025-04-22 18:45:32 : 1917 steps taken, and 164 accepted.
[0 : mcmc] Progress @ 2025-04-22 18:45:53 : 1936 steps taken, and 166 accepted.
[1 : mcmc] Progress @ 2025-04-22 18:47:25 : 2004 steps taken, and 138 accepted.
[2 : mcmc] Progress @ 2025-04-22 18:47:26 : 2051 steps taken, and 177 accepted.
[3 : mcmc] Progress @ 2025-04-22 18:47:34 : 2005 steps taken, and 172 accepted.
[0 : mcmc] Progress @ 2025-04-22 18:47:53 : 2023 steps taken, and 173 accepted.
[2 : mcmc] Progress @ 2025-04-22 18:49:27 : 2144 steps taken, and 181 accepted.
[1 : mcmc] Progress @ 2025-04-22 18:49:29 : 2089 steps taken, and 143 accepted.
[3 : mcmc] Progress @ 2025-04-22 18:49:39 : 2101 steps taken, and 174 accepted.
[0 : mcmc] Progress @ 2025-04-22 18:49:57 : 2111 steps taken, and 179 accepted.
[2 : mcmc] Progress @ 2025-04-22 18:51:29 : 2227 steps taken, and 185 accepted.
[1 : mcmc] Progress @ 2025-04-22 18:51:29 : 2170 steps taken, and 148 accepted.
[3 : mcmc] Progress @ 2025-04-22 18:51:43 : 2189 steps taken, and 177 accepted.
[0 : mcmc] Progress @ 2025-04-22 18:52:02 : 2206 steps taken, and 189 accepted.
[2 : mcmc] Progress @ 2025-04-22 18:53:31 : 2322 steps taken, and 189 accepted.
[1 : mcmc] Progress @ 2025-04-22 18:53:31 : 2244 steps taken, and 151 accepted.
[3 : mcmc] Progress @ 2025-04-22 18:53:43 : 2284 steps taken, and 182 accepted.
[0 : mcmc] Progress @ 2025-04-22 18:54:03 : 2301 steps taken, and 192 accepted.
[2 : mcmc] Progress @ 2025-04-22 18:55:33 : 2407 steps taken, and 194 accepted.
[1 : mcmc] Progress @ 2025-04-22 18:55:34 : 2340 steps taken, and 155 accepted.
[3 : mcmc] Progress @ 2025-04-22 18:55:47 : 2376 steps taken, and 185 accepted.
[0 : mcmc] Progress @ 2025-04-22 18:56:03 : 2379 steps taken, and 198 accepted.
[2 : mcmc] Progress @ 2025-04-22 18:57:33 : 2496 steps taken, and 205 accepted.
[1 : mcmc] Progress @ 2025-04-22 18:57:38 : 2430 steps taken, and 162 accepted.
[3 : mcmc] Progress @ 2025-04-22 18:57:48 : 2471 steps taken, and 193 accepted.
[0 : mcmc] Progress @ 2025-04-22 18:58:07 : 2462 steps taken, and 201 accepted.
[2 : mcmc] Progress @ 2025-04-22 18:59:36 : 2582 steps taken, and 214 accepted.
[1 : mcmc] Progress @ 2025-04-22 18:59:42 : 2512 steps taken, and 166 accepted.
[3 : mcmc] Progress @ 2025-04-22 18:59:53 : 2553 steps taken, and 197 accepted.
[0 : mcmc] Progress @ 2025-04-22 19:00:07 : 2548 steps taken, and 206 accepted.
[2 : mcmc] Progress @ 2025-04-22 19:01:39 : 2664 steps taken, and 219 accepted.
[1 : mcmc] Progress @ 2025-04-22 19:01:42 : 2603 steps taken, and 168 accepted.
[3 : mcmc] Progress @ 2025-04-22 19:01:57 : 2641 steps taken, and 204 accepted.
[0 : mcmc] Progress @ 2025-04-22 19:02:07 : 2639 steps taken, and 210 accepted.
[2 : mcmc] Progress @ 2025-04-22 19:03:42 : 2756 steps taken, and 228 accepted.
[1 : mcmc] Progress @ 2025-04-22 19:03:46 : 2684 steps taken, and 175 accepted.
[3 : mcmc] Progress @ 2025-04-22 19:03:57 : 2730 steps taken, and 212 accepted.
[2 : mcmc] Learn + convergence test @ 230 samples accepted.
[2 : mcmc] Ready to check convergence and learn a new proposal covmat (waiting for the rest...)
[0 : mcmc] Progress @ 2025-04-22 19:04:08 : 2717 steps taken, and 219 accepted.
[2 : mcmc] Progress @ 2025-04-22 19:05:42 : 2834 steps taken, and 234 accepted.
[1 : mcmc] Progress @ 2025-04-22 19:05:52 : 2770 steps taken, and 180 accepted.
[3 : mcmc] Progress @ 2025-04-22 19:05:58 : 2822 steps taken, and 220 accepted.
[0 : mcmc] Progress @ 2025-04-22 19:06:13 : 2822 steps taken, and 228 accepted.
[0 : mcmc] Learn + convergence test @ 230 samples accepted.
[0 : mcmc] Ready to check convergence and learn a new proposal covmat (waiting for the rest...)
[2 : mcmc] Progress @ 2025-04-22 19:07:43 : 2924 steps taken, and 241 accepted.
[1 : mcmc] Progress @ 2025-04-22 19:07:54 : 2863 steps taken, and 186 accepted.
[3 : mcmc] Progress @ 2025-04-22 19:08:00 : 2913 steps taken, and 224 accepted.
[0 : mcmc] Progress @ 2025-04-22 19:08:17 : 2921 steps taken, and 235 accepted.
[2 : mcmc] Progress @ 2025-04-22 19:09:44 : 3010 steps taken, and 251 accepted.
[1 : mcmc] Progress @ 2025-04-22 19:09:58 : 2951 steps taken, and 192 accepted.
[3 : mcmc] Progress @ 2025-04-22 19:10:05 : 3007 steps taken, and 228 accepted.
[0 : mcmc] Progress @ 2025-04-22 19:10:20 : 3018 steps taken, and 242 accepted.
[3 : mcmc] Learn + convergence test @ 230 samples accepted.
[3 : mcmc] Ready to check convergence and learn a new proposal covmat (waiting for the rest...)
[2 : mcmc] Progress @ 2025-04-22 19:11:49 : 3107 steps taken, and 254 accepted.
[1 : mcmc] Progress @ 2025-04-22 19:12:03 : 3036 steps taken, and 202 accepted.
[3 : mcmc] Progress @ 2025-04-22 19:12:09 : 3092 steps taken, and 234 accepted.
[0 : mcmc] Progress @ 2025-04-22 19:12:23 : 3119 steps taken, and 246 accepted.
[2 : mcmc] Progress @ 2025-04-22 19:13:50 : 3197 steps taken, and 262 accepted.
[1 : mcmc] Progress @ 2025-04-22 19:14:07 : 3132 steps taken, and 208 accepted.
[3 : mcmc] Progress @ 2025-04-22 19:14:12 : 3186 steps taken, and 240 accepted.
[0 : mcmc] Progress @ 2025-04-22 19:14:24 : 3197 steps taken, and 254 accepted.
[2 : mcmc] Progress @ 2025-04-22 19:15:53 : 3290 steps taken, and 269 accepted.
[1 : mcmc] Progress @ 2025-04-22 19:16:13 : 3229 steps taken, and 214 accepted.
[3 : mcmc] Progress @ 2025-04-22 19:16:17 : 3273 steps taken, and 243 accepted.
[0 : mcmc] Progress @ 2025-04-22 19:16:24 : 3273 steps taken, and 260 accepted.
[2 : mcmc] Progress @ 2025-04-22 19:17:55 : 3378 steps taken, and 273 accepted.
[1 : mcmc] Progress @ 2025-04-22 19:18:15 : 3318 steps taken, and 221 accepted.
[3 : mcmc] Progress @ 2025-04-22 19:18:20 : 3371 steps taken, and 253 accepted.
[0 : mcmc] Progress @ 2025-04-22 19:18:29 : 3361 steps taken, and 263 accepted.
[2 : mcmc] Progress @ 2025-04-22 19:19:56 : 3467 steps taken, and 277 accepted.
[1 : mcmc] Progress @ 2025-04-22 19:20:16 : 3417 steps taken, and 229 accepted.
[3 : mcmc] Progress @ 2025-04-22 19:20:23 : 3471 steps taken, and 257 accepted.
[1 : mcmc] Learn + convergence test @ 230 samples accepted.
[1 : mcmc] Ready to check convergence and learn a new proposal covmat (waiting for the rest...)
[0 : mcmc] Progress @ 2025-04-22 19:20:29 : 3448 steps taken, and 269 accepted.
[0 : mcmc] All chains are ready to check convergence and learn a new proposal covmat
[0 : mcmc]  - Acceptance rate: 0.068 = avg([0.0705, 0.0672, 0.0738, 0.0615])
[0 : mcmc]  - Convergence of means: R-1 = 1120.475840 after 1038 accepted steps = sum([270, 230, 280, 258])
[0 : mcmc]  - Updated covariance matrix of proposal pdf.
[2 : mcmc] Progress @ 2025-04-22 19:21:58 : 3549 steps taken, and 291 accepted.
[1 : mcmc] Progress @ 2025-04-22 19:22:20 : 3480 steps taken, and 256 accepted.
[3 : mcmc] Progress @ 2025-04-22 19:22:25 : 3546 steps taken, and 277 accepted.
[0 : mcmc] Progress @ 2025-04-22 19:22:31 : 3515 steps taken, and 298 accepted.
[2 : mcmc] Progress @ 2025-04-22 19:23:59 : 3633 steps taken, and 327 accepted.
[1 : mcmc] Progress @ 2025-04-22 19:24:23 : 3563 steps taken, and 290 accepted.
[3 : mcmc] Progress @ 2025-04-22 19:24:30 : 3650 steps taken, and 320 accepted.
[0 : mcmc] Progress @ 2025-04-22 19:24:35 : 3593 steps taken, and 332 accepted.
[2 : mcmc] Progress @ 2025-04-22 19:26:00 : 3721 steps taken, and 366 accepted.
[1 : mcmc] Progress @ 2025-04-22 19:26:29 : 3642 steps taken, and 323 accepted.
[3 : mcmc] Progress @ 2025-04-22 19:26:31 : 3728 steps taken, and 352 accepted.
[0 : mcmc] Progress @ 2025-04-22 19:26:36 : 3683 steps taken, and 368 accepted.
[2 : mcmc] Progress @ 2025-04-22 19:28:04 : 3800 steps taken, and 400 accepted.
[1 : mcmc] Progress @ 2025-04-22 19:28:30 : 3730 steps taken, and 350 accepted.
[3 : mcmc] Progress @ 2025-04-22 19:28:32 : 3812 steps taken, and 378 accepted.
[0 : mcmc] Progress @ 2025-04-22 19:28:36 : 3760 steps taken, and 396 accepted.
[2 : mcmc] Progress @ 2025-04-22 19:30:09 : 3881 steps taken, and 438 accepted.
[1 : mcmc] Progress @ 2025-04-22 19:30:31 : 3814 steps taken, and 382 accepted.
[3 : mcmc] Progress @ 2025-04-22 19:30:32 : 3917 steps taken, and 418 accepted.
[0 : mcmc] Progress @ 2025-04-22 19:30:39 : 3849 steps taken, and 432 accepted.
[2 : mcmc] Learn + convergence test @ 460 samples accepted.
[2 : mcmc] Ready to check convergence and learn a new proposal covmat (waiting for the rest...)
[2 : mcmc] Progress @ 2025-04-22 19:32:14 : 3968 steps taken, and 476 accepted.
[1 : mcmc] Progress @ 2025-04-22 19:32:31 : 3894 steps taken, and 408 accepted.
[0 : mcmc] Learn + convergence test @ 460 samples accepted.
[0 : mcmc] Ready to check convergence and learn a new proposal covmat (waiting for the rest...)
[3 : mcmc] Progress @ 2025-04-22 19:32:36 : 4009 steps taken, and 444 accepted.
[0 : mcmc] Progress @ 2025-04-22 19:32:42 : 3924 steps taken, and 460 accepted.
[3 : mcmc] Learn + convergence test @ 460 samples accepted.
[3 : mcmc] Ready to check convergence and learn a new proposal covmat (waiting for the rest...)
[2 : mcmc] Progress @ 2025-04-22 19:34:15 : 4046 steps taken, and 502 accepted.
[1 : mcmc] Progress @ 2025-04-22 19:34:32 : 3973 steps taken, and 437 accepted.
[3 : mcmc] Progress @ 2025-04-22 19:34:39 : 4111 steps taken, and 485 accepted.
[0 : mcmc] Progress @ 2025-04-22 19:34:43 : 4010 steps taken, and 487 accepted.
[1 : mcmc] Learn + convergence test @ 460 samples accepted.
[1 : mcmc] Ready to check convergence and learn a new proposal covmat (waiting for the rest...)
[0 : mcmc] All chains are ready to check convergence and learn a new proposal covmat
[0 : mcmc]  - Acceptance rate: 0.318 = avg([0.2821, 0.3752, 0.3012, 0.3182])
[0 : mcmc]  - Convergence of means: R-1 = 212.119911 after 2002 accepted steps = sum([506, 460, 531, 505])
[0 : mcmc]  - Updated covariance matrix of proposal pdf.
[2 : mcmc] Progress @ 2025-04-22 19:36:19 : 4127 steps taken, and 532 accepted.
[1 : mcmc] Progress @ 2025-04-22 19:36:37 : 4053 steps taken, and 468 accepted.
[3 : mcmc] Progress @ 2025-04-22 19:36:44 : 4183 steps taken, and 512 accepted.
[0 : mcmc] Progress @ 2025-04-22 19:36:45 : 4092 steps taken, and 514 accepted.
[2 : mcmc] Progress @ 2025-04-22 19:38:22 : 4207 steps taken, and 563 accepted.
[1 : mcmc] Progress @ 2025-04-22 19:38:39 : 4137 steps taken, and 502 accepted.
[3 : mcmc] Progress @ 2025-04-22 19:38:44 : 4266 steps taken, and 542 accepted.
[0 : mcmc] Progress @ 2025-04-22 19:38:51 : 4176 steps taken, and 552 accepted.
[2 : mcmc] Progress @ 2025-04-22 19:40:24 : 4293 steps taken, and 591 accepted.
[1 : mcmc] Progress @ 2025-04-22 19:40:41 : 4215 steps taken, and 527 accepted.
[3 : mcmc] Progress @ 2025-04-22 19:40:49 : 4360 steps taken, and 573 accepted.
[0 : mcmc] Progress @ 2025-04-22 19:40:51 : 4259 steps taken, and 582 accepted.
[2 : mcmc] Progress @ 2025-04-22 19:42:28 : 4373 steps taken, and 624 accepted.
[1 : mcmc] Progress @ 2025-04-22 19:42:41 : 4299 steps taken, and 554 accepted.
[3 : mcmc] Progress @ 2025-04-22 19:42:49 : 4443 steps taken, and 606 accepted.
[0 : mcmc] Progress @ 2025-04-22 19:42:55 : 4351 steps taken, and 607 accepted.
[2 : mcmc] Progress @ 2025-04-22 19:44:34 : 4458 steps taken, and 654 accepted.
[1 : mcmc] Progress @ 2025-04-22 19:44:41 : 4377 steps taken, and 582 accepted.
[3 : mcmc] Progress @ 2025-04-22 19:44:53 : 4530 steps taken, and 637 accepted.
[0 : mcmc] Progress @ 2025-04-22 19:45:01 : 4458 steps taken, and 642 accepted.
[2 : mcmc] Progress @ 2025-04-22 19:46:34 : 4544 steps taken, and 686 accepted.
[1 : mcmc] Progress @ 2025-04-22 19:46:43 : 4460 steps taken, and 608 accepted.
[2 : mcmc] Learn + convergence test @ 690 samples accepted.
[2 : mcmc] Ready to check convergence and learn a new proposal covmat (waiting for the rest...)
[3 : mcmc] Progress @ 2025-04-22 19:46:53 : 4615 steps taken, and 673 accepted.
[0 : mcmc] Progress @ 2025-04-22 19:47:03 : 4541 steps taken, and 678 accepted.
[0 : mcmc] Learn + convergence test @ 690 samples accepted.
[0 : mcmc] Ready to check convergence and learn a new proposal covmat (waiting for the rest...)
[3 : mcmc] Learn + convergence test @ 690 samples accepted.
[3 : mcmc] Ready to check convergence and learn a new proposal covmat (waiting for the rest...)
[2 : mcmc] Progress @ 2025-04-22 19:48:34 : 4623 steps taken, and 716 accepted.
[1 : mcmc] Progress @ 2025-04-22 19:48:48 : 4546 steps taken, and 636 accepted.
[3 : mcmc] Progress @ 2025-04-22 19:48:53 : 4693 steps taken, and 698 accepted.
[0 : mcmc] Progress @ 2025-04-22 19:49:03 : 4633 steps taken, and 703 accepted.
[2 : mcmc] Progress @ 2025-04-22 19:50:36 : 4700 steps taken, and 745 accepted.
[1 : mcmc] Progress @ 2025-04-22 19:50:48 : 4622 steps taken, and 657 accepted.
[3 : mcmc] Progress @ 2025-04-22 19:50:53 : 4803 steps taken, and 736 accepted.
[0 : mcmc] Progress @ 2025-04-22 19:51:04 : 4725 steps taken, and 738 accepted.
[2 : mcmc] Progress @ 2025-04-22 19:52:38 : 4765 steps taken, and 775 accepted.
[1 : mcmc] Learn + convergence test @ 690 samples accepted.
[1 : mcmc] Ready to check convergence and learn a new proposal covmat (waiting for the rest...)
[0 : mcmc] All chains are ready to check convergence and learn a new proposal covmat
[3 : mcmc] Progress @ 2025-04-22 19:52:55 : 4871 steps taken, and 759 accepted.
[0 : mcmc]  - Acceptance rate: 0.364 = avg([0.3532, 0.3520, 0.3910, 0.3598])
[0 : mcmc]  - Convergence of means: R-1 = 46.736141 after 2991 accepted steps = sum([760, 690, 781, 760])
[0 : mcmc]  - Updated covariance matrix of proposal pdf.
[1 : mcmc] Progress @ 2025-04-22 19:52:56 : 4693 steps taken, and 691 accepted.
[0 : mcmc] Progress @ 2025-04-22 19:53:07 : 4797 steps taken, and 762 accepted.
[2 : mcmc] Progress @ 2025-04-22 19:54:42 : 4840 steps taken, and 799 accepted.
[1 : mcmc] Progress @ 2025-04-22 19:54:58 : 4763 steps taken, and 710 accepted.
[3 : mcmc] Progress @ 2025-04-22 19:55:01 : 4946 steps taken, and 788 accepted.
[0 : mcmc] Progress @ 2025-04-22 19:55:12 : 4873 steps taken, and 789 accepted.
[2 : mcmc] Progress @ 2025-04-22 19:56:44 : 4916 steps taken, and 819 accepted.
[1 : mcmc] Progress @ 2025-04-22 19:56:58 : 4839 steps taken, and 733 accepted.
[3 : mcmc] Progress @ 2025-04-22 19:57:02 : 5047 steps taken, and 824 accepted.
[0 : mcmc] Progress @ 2025-04-22 19:57:13 : 4955 steps taken, and 815 accepted.
[2 : mcmc] Progress @ 2025-04-22 19:58:46 : 5005 steps taken, and 851 accepted.
[1 : mcmc] Progress @ 2025-04-22 19:58:59 : 4919 steps taken, and 753 accepted.
[3 : mcmc] Progress @ 2025-04-22 19:59:02 : 5140 steps taken, and 852 accepted.
[0 : mcmc] Progress @ 2025-04-22 19:59:14 : 5043 steps taken, and 844 accepted.
[2 : mcmc] Progress @ 2025-04-22 20:00:47 : 5101 steps taken, and 885 accepted.
[1 : mcmc] Progress @ 2025-04-22 20:01:02 : 4999 steps taken, and 776 accepted.
[3 : mcmc] Progress @ 2025-04-22 20:01:05 : 5214 steps taken, and 879 accepted.
[0 : mcmc] Progress @ 2025-04-22 20:01:16 : 5123 steps taken, and 868 accepted.
[2 : mcmc] Progress @ 2025-04-22 20:02:49 : 5185 steps taken, and 919 accepted.
[2 : mcmc] Learn + convergence test @ 920 samples accepted.
[2 : mcmc] Ready to check convergence and learn a new proposal covmat (waiting for the rest...)
[1 : mcmc] Progress @ 2025-04-22 20:03:07 : 5098 steps taken, and 811 accepted.
[3 : mcmc] Progress @ 2025-04-22 20:03:10 : 5305 steps taken, and 909 accepted.
[0 : mcmc] Progress @ 2025-04-22 20:03:19 : 5217 steps taken, and 900 accepted.
[3 : mcmc] Learn + convergence test @ 920 samples accepted.
[3 : mcmc] Ready to check convergence and learn a new proposal covmat (waiting for the rest...)
[2 : mcmc] Progress @ 2025-04-22 20:04:49 : 5269 steps taken, and 946 accepted.
[1 : mcmc] Progress @ 2025-04-22 20:05:11 : 5185 steps taken, and 850 accepted.
[3 : mcmc] Progress @ 2025-04-22 20:05:13 : 5390 steps taken, and 940 accepted.
[0 : mcmc] Progress @ 2025-04-22 20:05:19 : 5292 steps taken, and 917 accepted.
[0 : mcmc] Learn + convergence test @ 920 samples accepted.
[0 : mcmc] Ready to check convergence and learn a new proposal covmat (waiting for the rest...)
[2 : mcmc] Progress @ 2025-04-22 20:06:50 : 5351 steps taken, and 975 accepted.
[1 : mcmc] Progress @ 2025-04-22 20:07:11 : 5280 steps taken, and 883 accepted.
[3 : mcmc] Progress @ 2025-04-22 20:07:13 : 5481 steps taken, and 971 accepted.
[0 : mcmc] Progress @ 2025-04-22 20:07:21 : 5369 steps taken, and 948 accepted.
[2 : mcmc] Progress @ 2025-04-22 20:08:52 : 5432 steps taken, and 997 accepted.
[3 : mcmc] Progress @ 2025-04-22 20:09:14 : 5555 steps taken, and 1005 accepted.
[1 : mcmc] Progress @ 2025-04-22 20:09:14 : 5357 steps taken, and 906 accepted.
[0 : mcmc] Progress @ 2025-04-22 20:09:21 : 5456 steps taken, and 982 accepted.
[1 : mcmc] Learn + convergence test @ 920 samples accepted.
[1 : mcmc] Ready to check convergence and learn a new proposal covmat (waiting for the rest...)
[0 : mcmc] All chains are ready to check convergence and learn a new proposal covmat
[0 : mcmc]  - Acceptance rate: 0.351 = avg([0.3466, 0.3392, 0.3548, 0.3615])
[0 : mcmc]  - Convergence of means: R-1 = 16.325436 after 3951 accepted steps = sum([995, 920, 1011, 1025])
[0 : mcmc]  - Updated covariance matrix of proposal pdf.
[2 : mcmc] Progress @ 2025-04-22 20:10:53 : 5510 steps taken, and 1021 accepted.
[3 : mcmc] Progress @ 2025-04-22 20:11:14 : 5645 steps taken, and 1040 accepted.
[1 : mcmc] Progress @ 2025-04-22 20:11:18 : 5431 steps taken, and 934 accepted.
[0 : mcmc] Progress @ 2025-04-22 20:11:21 : 5534 steps taken, and 1011 accepted.
[2 : mcmc] Progress @ 2025-04-22 20:12:58 : 5595 steps taken, and 1050 accepted.
[3 : mcmc] Progress @ 2025-04-22 20:13:17 : 5736 steps taken, and 1067 accepted.
[1 : mcmc] Progress @ 2025-04-22 20:13:20 : 5528 steps taken, and 966 accepted.
[0 : mcmc] Progress @ 2025-04-22 20:13:23 : 5613 steps taken, and 1036 accepted.
[2 : mcmc] Progress @ 2025-04-22 20:14:59 : 5693 steps taken, and 1077 accepted.
[3 : mcmc] Progress @ 2025-04-22 20:15:21 : 5833 steps taken, and 1103 accepted.
[1 : mcmc] Progress @ 2025-04-22 20:15:23 : 5649 steps taken, and 994 accepted.
[0 : mcmc] Progress @ 2025-04-22 20:15:27 : 5698 steps taken, and 1062 accepted.
[2 : mcmc] Progress @ 2025-04-22 20:17:03 : 5785 steps taken, and 1104 accepted.
[3 : mcmc] Progress @ 2025-04-22 20:17:22 : 5917 steps taken, and 1133 accepted.
[1 : mcmc] Progress @ 2025-04-22 20:17:27 : 5801 steps taken, and 1023 accepted.
[0 : mcmc] Progress @ 2025-04-22 20:17:29 : 5783 steps taken, and 1091 accepted.
[3 : mcmc] Learn + convergence test @ 1150 samples accepted.
[3 : mcmc] Ready to check convergence and learn a new proposal covmat (waiting for the rest...)
[2 : mcmc] Progress @ 2025-04-22 20:19:07 : 5889 steps taken, and 1130 accepted.
[3 : mcmc] Progress @ 2025-04-22 20:19:22 : 6020 steps taken, and 1169 accepted.
[1 : mcmc] Progress @ 2025-04-22 20:19:29 : 5893 steps taken, and 1053 accepted.
[0 : mcmc] Progress @ 2025-04-22 20:19:30 : 5869 steps taken, and 1113 accepted.
[2 : mcmc] Learn + convergence test @ 1150 samples accepted.
[2 : mcmc] Ready to check convergence and learn a new proposal covmat (waiting for the rest...)
[2 : mcmc] Progress @ 2025-04-22 20:21:09 : 6007 steps taken, and 1166 accepted.
[3 : mcmc] Progress @ 2025-04-22 20:21:23 : 6101 steps taken, and 1196 accepted.
[0 : mcmc] Progress @ 2025-04-22 20:21:30 : 5954 steps taken, and 1148 accepted.
[1 : mcmc] Progress @ 2025-04-22 20:21:31 : 6016 steps taken, and 1088 accepted.
[0 : mcmc] Learn + convergence test @ 1150 samples accepted.
[0 : mcmc] Ready to check convergence and learn a new proposal covmat (waiting for the rest...)
[2 : mcmc] Progress @ 2025-04-22 20:23:11 : 6107 steps taken, and 1192 accepted.
[3 : mcmc] Progress @ 2025-04-22 20:23:26 : 6192 steps taken, and 1220 accepted.
[0 : mcmc] Progress @ 2025-04-22 20:23:30 : 6027 steps taken, and 1170 accepted.
[1 : mcmc] Progress @ 2025-04-22 20:23:31 : 6121 steps taken, and 1121 accepted.
[2 : mcmc] Progress @ 2025-04-22 20:25:14 : 6200 steps taken, and 1214 accepted.
[3 : mcmc] Progress @ 2025-04-22 20:25:29 : 6323 steps taken, and 1246 accepted.
[1 : mcmc] Progress @ 2025-04-22 20:25:31 : 6219 steps taken, and 1147 accepted.
[0 : mcmc] Progress @ 2025-04-22 20:25:33 : 6127 steps taken, and 1195 accepted.
[1 : mcmc] Learn + convergence test @ 1150 samples accepted.
[1 : mcmc] Ready to check convergence and learn a new proposal covmat (waiting for the rest...)
[0 : mcmc] All chains are ready to check convergence and learn a new proposal covmat
[0 : mcmc]  - Acceptance rate: 0.323 = avg([0.3238, 0.3078, 0.3217, 0.3382])
[0 : mcmc]  - Convergence of means: R-1 = 9.692336 after 4820 accepted steps = sum([1199, 1150, 1220, 1251])
[0 : mcmc]  - Updated covariance matrix of proposal pdf.
[2 : mcmc] Progress @ 2025-04-22 20:27:19 : 6300 steps taken, and 1248 accepted.
[3 : mcmc] Progress @ 2025-04-22 20:27:29 : 6444 steps taken, and 1271 accepted.
[1 : mcmc] Progress @ 2025-04-22 20:27:32 : 6311 steps taken, and 1172 accepted.
[0 : mcmc] Progress @ 2025-04-22 20:27:35 : 6237 steps taken, and 1226 accepted.
[2 : mcmc] Progress @ 2025-04-22 20:29:21 : 6410 steps taken, and 1287 accepted.
[3 : mcmc] Progress @ 2025-04-22 20:29:30 : 6550 steps taken, and 1302 accepted.
[1 : mcmc] Progress @ 2025-04-22 20:29:33 : 6470 steps taken, and 1204 accepted.
[0 : mcmc] Progress @ 2025-04-22 20:29:35 : 6325 steps taken, and 1265 accepted.
[2 : mcmc] Progress @ 2025-04-22 20:31:21 : 6536 steps taken, and 1322 accepted.
[3 : mcmc] Progress @ 2025-04-22 20:31:32 : 6677 steps taken, and 1325 accepted.
[1 : mcmc] Progress @ 2025-04-22 20:31:33 : 6578 steps taken, and 1239 accepted.
[0 : mcmc] Progress @ 2025-04-22 20:31:36 : 6424 steps taken, and 1282 accepted.
[2 : mcmc] Progress @ 2025-04-22 20:33:21 : 6653 steps taken, and 1341 accepted.
[3 : mcmc] Progress @ 2025-04-22 20:33:32 : 6774 steps taken, and 1345 accepted.
[1 : mcmc] Progress @ 2025-04-22 20:33:34 : 6665 steps taken, and 1265 accepted.
[0 : mcmc] Progress @ 2025-04-22 20:33:38 : 6509 steps taken, and 1314 accepted.
[2 : mcmc] Progress @ 2025-04-22 20:35:23 : 6746 steps taken, and 1363 accepted.
[3 : mcmc] Progress @ 2025-04-22 20:35:38 : 6888 steps taken, and 1373 accepted.
[0 : mcmc] Progress @ 2025-04-22 20:35:38 : 6609 steps taken, and 1347 accepted.
[1 : mcmc] Progress @ 2025-04-22 20:35:38 : 6755 steps taken, and 1302 accepted.
[3 : mcmc] Learn + convergence test @ 1380 samples accepted.
[3 : mcmc] Ready to check convergence and learn a new proposal covmat (waiting for the rest...)
[2 : mcmc] Learn + convergence test @ 1380 samples accepted.
[2 : mcmc] Ready to check convergence and learn a new proposal covmat (waiting for the rest...)
[2 : mcmc] Progress @ 2025-04-22 20:37:23 : 6849 steps taken, and 1386 accepted.
[0 : mcmc] Progress @ 2025-04-22 20:37:38 : 6687 steps taken, and 1370 accepted.
[1 : mcmc] Progress @ 2025-04-22 20:37:41 : 6839 steps taken, and 1326 accepted.
[3 : mcmc] Progress @ 2025-04-22 20:37:41 : 7001 steps taken, and 1409 accepted.
[0 : mcmc] Learn + convergence test @ 1380 samples accepted.
[0 : mcmc] Ready to check convergence and learn a new proposal covmat (waiting for the rest...)
[2 : mcmc] Progress @ 2025-04-22 20:39:23 : 6974 steps taken, and 1412 accepted.
[0 : mcmc] Progress @ 2025-04-22 20:39:39 : 6784 steps taken, and 1408 accepted.
[1 : mcmc] Progress @ 2025-04-22 20:39:41 : 6930 steps taken, and 1354 accepted.
[3 : mcmc] Progress @ 2025-04-22 20:39:44 : 7084 steps taken, and 1442 accepted.
[2 : mcmc] Progress @ 2025-04-22 20:41:24 : 7058 steps taken, and 1434 accepted.
[1 : mcmc] Learn + convergence test @ 1380 samples accepted.
[1 : mcmc] Ready to check convergence and learn a new proposal covmat (waiting for the rest...)
[0 : mcmc] All chains are ready to check convergence and learn a new proposal covmat
[0 : mcmc]  - Acceptance rate: 0.307 = avg([0.3262, 0.2984, 0.2932, 0.3091])
[0 : mcmc]  - Convergence of means: R-1 = 2.399104 after 5724 accepted steps = sum([1435, 1380, 1436, 1473])
[0 : mcmc]  - Updated covariance matrix of proposal pdf.
[3 : mcmc] Progress @ 2025-04-22 20:41:47 : 7186 steps taken, and 1473 accepted.
[1 : mcmc] Progress @ 2025-04-22 20:41:47 : 7005 steps taken, and 1381 accepted.
[0 : mcmc] Progress @ 2025-04-22 20:41:47 : 6868 steps taken, and 1435 accepted.
[2 : mcmc] Progress @ 2025-04-22 20:43:29 : 7140 steps taken, and 1455 accepted.
[0 : mcmc] Progress @ 2025-04-22 20:43:49 : 6946 steps taken, and 1453 accepted.
[1 : mcmc] Progress @ 2025-04-22 20:43:49 : 7086 steps taken, and 1404 accepted.
[3 : mcmc] Progress @ 2025-04-22 20:43:51 : 7270 steps taken, and 1502 accepted.
[2 : mcmc] Progress @ 2025-04-22 20:45:32 : 7248 steps taken, and 1478 accepted.
[0 : mcmc] Progress @ 2025-04-22 20:45:49 : 7026 steps taken, and 1479 accepted.
[1 : mcmc] Progress @ 2025-04-22 20:45:51 : 7169 steps taken, and 1425 accepted.
[3 : mcmc] Progress @ 2025-04-22 20:45:55 : 7352 steps taken, and 1524 accepted.
[2 : mcmc] Progress @ 2025-04-22 20:47:34 : 7345 steps taken, and 1496 accepted.
[1 : mcmc] Progress @ 2025-04-22 20:47:51 : 7262 steps taken, and 1460 accepted.
[0 : mcmc] Progress @ 2025-04-22 20:47:52 : 7111 steps taken, and 1501 accepted.
[3 : mcmc] Progress @ 2025-04-22 20:47:57 : 7445 steps taken, and 1547 accepted.
[2 : mcmc] Progress @ 2025-04-22 20:49:35 : 7448 steps taken, and 1529 accepted.
[0 : mcmc] Progress @ 2025-04-22 20:49:55 : 7195 steps taken, and 1530 accepted.
[1 : mcmc] Progress @ 2025-04-22 20:49:55 : 7356 steps taken, and 1484 accepted.
[3 : mcmc] Progress @ 2025-04-22 20:50:02 : 7534 steps taken, and 1576 accepted.
[2 : mcmc] Progress @ 2025-04-22 20:51:38 : 7544 steps taken, and 1559 accepted.
[0 : mcmc] Progress @ 2025-04-22 20:51:59 : 7281 steps taken, and 1557 accepted.
[1 : mcmc] Progress @ 2025-04-22 20:52:00 : 7448 steps taken, and 1509 accepted.
[3 : mcmc] Progress @ 2025-04-22 20:52:03 : 7607 steps taken, and 1602 accepted.
[3 : mcmc] Learn + convergence test @ 1610 samples accepted.
[3 : mcmc] Ready to check convergence and learn a new proposal covmat (waiting for the rest...)
[2 : mcmc] Progress @ 2025-04-22 20:53:43 : 7631 steps taken, and 1587 accepted.
[0 : mcmc] Progress @ 2025-04-22 20:53:59 : 7354 steps taken, and 1578 accepted.
[3 : mcmc] Progress @ 2025-04-22 20:54:03 : 7692 steps taken, and 1632 accepted.
[1 : mcmc] Progress @ 2025-04-22 20:54:04 : 7553 steps taken, and 1540 accepted.
[2 : mcmc] Progress @ 2025-04-22 20:55:48 : 7732 steps taken, and 1610 accepted.
[2 : mcmc] Learn + convergence test @ 1610 samples accepted.
[2 : mcmc] Ready to check convergence and learn a new proposal covmat (waiting for the rest...)
[0 : mcmc] Progress @ 2025-04-22 20:56:02 : 7468 steps taken, and 1603 accepted.
[3 : mcmc] Progress @ 2025-04-22 20:56:03 : 7821 steps taken, and 1667 accepted.
[1 : mcmc] Progress @ 2025-04-22 20:56:10 : 7643 steps taken, and 1557 accepted.
[0 : mcmc] Learn + convergence test @ 1610 samples accepted.
[0 : mcmc] Ready to check convergence and learn a new proposal covmat (waiting for the rest...)
[2 : mcmc] Progress @ 2025-04-22 20:57:53 : 7827 steps taken, and 1633 accepted.
[0 : mcmc] Progress @ 2025-04-22 20:58:03 : 7554 steps taken, and 1629 accepted.
[3 : mcmc] Progress @ 2025-04-22 20:58:07 : 7900 steps taken, and 1695 accepted.
[1 : mcmc] Progress @ 2025-04-22 20:58:11 : 7738 steps taken, and 1593 accepted.
[1 : mcmc] Learn + convergence test @ 1610 samples accepted.
[1 : mcmc] Ready to check convergence and learn a new proposal covmat (waiting for the rest...)
[0 : mcmc] All chains are ready to check convergence and learn a new proposal covmat
[0 : mcmc]  - Acceptance rate: 0.298 = avg([0.3114, 0.2952, 0.2805, 0.3051])
[0 : mcmc]  - Convergence of means: R-1 = 1.711112 after 6626 accepted steps = sum([1647, 1610, 1653, 1716])
[0 : mcmc]  - Updated covariance matrix of proposal pdf.
[2 : mcmc] Progress @ 2025-04-22 20:59:54 : 7894 steps taken, and 1657 accepted.
[0 : mcmc] Progress @ 2025-04-22 21:00:06 : 7640 steps taken, and 1658 accepted.
[3 : mcmc] Progress @ 2025-04-22 21:00:08 : 7984 steps taken, and 1723 accepted.
[1 : mcmc] Progress @ 2025-04-22 21:00:11 : 7835 steps taken, and 1621 accepted.
[2 : mcmc] Progress @ 2025-04-22 21:01:57 : 7991 steps taken, and 1682 accepted.
[0 : mcmc] Progress @ 2025-04-22 21:02:10 : 7775 steps taken, and 1694 accepted.
[3 : mcmc] Progress @ 2025-04-22 21:02:13 : 8074 steps taken, and 1753 accepted.
[1 : mcmc] Progress @ 2025-04-22 21:02:14 : 7910 steps taken, and 1642 accepted.
[2 : mcmc] Progress @ 2025-04-22 21:04:00 : 8082 steps taken, and 1712 accepted.
[0 : mcmc] Progress @ 2025-04-22 21:04:11 : 7860 steps taken, and 1726 accepted.
[3 : mcmc] Progress @ 2025-04-22 21:04:14 : 8160 steps taken, and 1782 accepted.
[1 : mcmc] Progress @ 2025-04-22 21:04:18 : 8013 steps taken, and 1669 accepted.
[2 : mcmc] Progress @ 2025-04-22 21:06:03 : 8191 steps taken, and 1739 accepted.
[0 : mcmc] Progress @ 2025-04-22 21:06:14 : 7963 steps taken, and 1753 accepted.
[3 : mcmc] Progress @ 2025-04-22 21:06:16 : 8242 steps taken, and 1815 accepted.
[1 : mcmc] Progress @ 2025-04-22 21:06:21 : 8097 steps taken, and 1694 accepted.
[2 : mcmc] Progress @ 2025-04-22 21:08:07 : 8305 steps taken, and 1770 accepted.
[0 : mcmc] Progress @ 2025-04-22 21:08:14 : 8078 steps taken, and 1773 accepted.
[3 : mcmc] Progress @ 2025-04-22 21:08:16 : 8322 steps taken, and 1834 accepted.
[1 : mcmc] Progress @ 2025-04-22 21:08:21 : 8206 steps taken, and 1725 accepted.
[3 : mcmc] Learn + convergence test @ 1840 samples accepted.
[3 : mcmc] Ready to check convergence and learn a new proposal covmat (waiting for the rest...)
[2 : mcmc] Progress @ 2025-04-22 21:10:07 : 8407 steps taken, and 1807 accepted.
[0 : mcmc] Progress @ 2025-04-22 21:10:18 : 8183 steps taken, and 1809 accepted.
[3 : mcmc] Progress @ 2025-04-22 21:10:21 : 8405 steps taken, and 1855 accepted.
[1 : mcmc] Progress @ 2025-04-22 21:10:22 : 8302 steps taken, and 1744 accepted.
[2 : mcmc] Learn + convergence test @ 1840 samples accepted.
[2 : mcmc] Ready to check convergence and learn a new proposal covmat (waiting for the rest...)
[2 : mcmc] Progress @ 2025-04-22 21:12:07 : 8524 steps taken, and 1840 accepted.
[0 : mcmc] Progress @ 2025-04-22 21:12:19 : 8269 steps taken, and 1835 accepted.
[3 : mcmc] Progress @ 2025-04-22 21:12:22 : 8495 steps taken, and 1879 accepted.
[1 : mcmc] Progress @ 2025-04-22 21:12:28 : 8435 steps taken, and 1777 accepted.
[0 : mcmc] Learn + convergence test @ 1840 samples accepted.
[0 : mcmc] Ready to check convergence and learn a new proposal covmat (waiting for the rest...)
[2 : mcmc] Progress @ 2025-04-22 21:14:08 : 8622 steps taken, and 1865 accepted.
[3 : mcmc] Progress @ 2025-04-22 21:14:22 : 8575 steps taken, and 1903 accepted.
[0 : mcmc] Progress @ 2025-04-22 21:14:22 : 8349 steps taken, and 1864 accepted.
[1 : mcmc] Progress @ 2025-04-22 21:14:32 : 8542 steps taken, and 1796 accepted.
[2 : mcmc] Progress @ 2025-04-22 21:16:08 : 8706 steps taken, and 1889 accepted.
[3 : mcmc] Progress @ 2025-04-22 21:16:23 : 8656 steps taken, and 1929 accepted.
[0 : mcmc] Progress @ 2025-04-22 21:16:27 : 8435 steps taken, and 1885 accepted.
[1 : mcmc] Progress @ 2025-04-22 21:16:32 : 8674 steps taken, and 1826 accepted.
[1 : mcmc] Learn + convergence test @ 1840 samples accepted.
[1 : mcmc] Ready to check convergence and learn a new proposal covmat (waiting for the rest...)
[0 : mcmc] All chains are ready to check convergence and learn a new proposal covmat
[0 : mcmc]  - Acceptance rate: 0.289 = avg([0.3016, 0.2764, 0.2731, 0.3026])
[0 : mcmc]  - Convergence of means: R-1 = 1.189590 after 7596 accepted steps = sum([1892, 1840, 1911, 1953])
[0 : mcmc]  - Updated covariance matrix of proposal pdf.
[2 : mcmc] Progress @ 2025-04-22 21:18:11 : 8803 steps taken, and 1914 accepted.
[3 : mcmc] Progress @ 2025-04-22 21:18:24 : 8737 steps taken, and 1959 accepted.
[0 : mcmc] Progress @ 2025-04-22 21:18:27 : 8541 steps taken, and 1902 accepted.
[1 : mcmc] Progress @ 2025-04-22 21:18:32 : 8750 steps taken, and 1847 accepted.
[2 : mcmc] Progress @ 2025-04-22 21:20:16 : 8915 steps taken, and 1952 accepted.
[3 : mcmc] Progress @ 2025-04-22 21:20:26 : 8849 steps taken, and 1991 accepted.
[0 : mcmc] Progress @ 2025-04-22 21:20:30 : 8624 steps taken, and 1925 accepted.
[1 : mcmc] Progress @ 2025-04-22 21:20:32 : 8836 steps taken, and 1864 accepted.
[2 : mcmc] Progress @ 2025-04-22 21:22:16 : 9009 steps taken, and 1979 accepted.
[3 : mcmc] Progress @ 2025-04-22 21:22:29 : 8945 steps taken, and 2010 accepted.
[0 : mcmc] Progress @ 2025-04-22 21:22:30 : 8741 steps taken, and 1948 accepted.
[1 : mcmc] Progress @ 2025-04-22 21:22:33 : 8919 steps taken, and 1887 accepted.
[2 : mcmc] Progress @ 2025-04-22 21:24:16 : 9093 steps taken, and 1997 accepted.
[3 : mcmc] Progress @ 2025-04-22 21:24:33 : 9035 steps taken, and 2033 accepted.
[0 : mcmc] Progress @ 2025-04-22 21:24:35 : 8864 steps taken, and 1971 accepted.
[1 : mcmc] Progress @ 2025-04-22 21:24:39 : 9010 steps taken, and 1913 accepted.
[2 : mcmc] Progress @ 2025-04-22 21:26:17 : 9200 steps taken, and 2022 accepted.
[3 : mcmc] Progress @ 2025-04-22 21:26:37 : 9120 steps taken, and 2056 accepted.
[0 : mcmc] Progress @ 2025-04-22 21:26:37 : 8954 steps taken, and 1989 accepted.
[1 : mcmc] Progress @ 2025-04-22 21:26:41 : 9087 steps taken, and 1936 accepted.
[3 : mcmc] Learn + convergence test @ 2070 samples accepted.
[3 : mcmc] Ready to check convergence and learn a new proposal covmat (waiting for the rest...)
[2 : mcmc] Progress @ 2025-04-22 21:28:20 : 9294 steps taken, and 2046 accepted.
[3 : mcmc] Progress @ 2025-04-22 21:28:37 : 9196 steps taken, and 2077 accepted.
[0 : mcmc] Progress @ 2025-04-22 21:28:40 : 9047 steps taken, and 2012 accepted.
[1 : mcmc] Progress @ 2025-04-22 21:28:43 : 9180 steps taken, and 1959 accepted.
[2 : mcmc] Progress @ 2025-04-22 21:30:20 : 9384 steps taken, and 2070 accepted.
[2 : mcmc] Learn + convergence test @ 2070 samples accepted.
[2 : mcmc] Ready to check convergence and learn a new proposal covmat (waiting for the rest...)
[3 : mcmc] Progress @ 2025-04-22 21:30:39 : 9286 steps taken, and 2109 accepted.
[0 : mcmc] Progress @ 2025-04-22 21:30:40 : 9131 steps taken, and 2038 accepted.
[1 : mcmc] Progress @ 2025-04-22 21:30:43 : 9267 steps taken, and 1984 accepted.
[2 : mcmc] Progress @ 2025-04-22 21:32:23 : 9483 steps taken, and 2100 accepted.
[0 : mcmc] Progress @ 2025-04-22 21:32:41 : 9217 steps taken, and 2061 accepted.
[3 : mcmc] Progress @ 2025-04-22 21:32:43 : 9376 steps taken, and 2135 accepted.
[1 : mcmc] Progress @ 2025-04-22 21:32:45 : 9374 steps taken, and 2013 accepted.
[0 : mcmc] Learn + convergence test @ 2070 samples accepted.
[0 : mcmc] Ready to check convergence and learn a new proposal covmat (waiting for the rest...)
[2 : mcmc] Progress @ 2025-04-22 21:34:23 : 9581 steps taken, and 2128 accepted.
[0 : mcmc] Progress @ 2025-04-22 21:34:43 : 9332 steps taken, and 2083 accepted.
[1 : mcmc] Progress @ 2025-04-22 21:34:46 : 9470 steps taken, and 2035 accepted.
[3 : mcmc] Progress @ 2025-04-22 21:34:47 : 9471 steps taken, and 2151 accepted.
[2 : mcmc] Progress @ 2025-04-22 21:36:27 : 9662 steps taken, and 2152 accepted.
[0 : mcmc] Progress @ 2025-04-22 21:36:44 : 9421 steps taken, and 2109 accepted.
[1 : mcmc] Progress @ 2025-04-22 21:36:47 : 9576 steps taken, and 2054 accepted.
[3 : mcmc] Progress @ 2025-04-22 21:36:49 : 9568 steps taken, and 2182 accepted.
[1 : mcmc] Learn + convergence test @ 2070 samples accepted.
[1 : mcmc] Ready to check convergence and learn a new proposal covmat (waiting for the rest...)
[0 : mcmc] All chains are ready to check convergence and learn a new proposal covmat
[0 : mcmc]  - Acceptance rate: 0.278 = avg([0.2814, 0.2721, 0.2690, 0.2888])
[0 : mcmc]  - Convergence of means: R-1 = 0.823778 after 8556 accepted steps = sum([2122, 2070, 2168, 2196])
[0 : mcmc]  - Updated covariance matrix of proposal pdf.
[2 : mcmc] Progress @ 2025-04-22 21:38:31 : 9768 steps taken, and 2177 accepted.
[0 : mcmc] Progress @ 2025-04-22 21:38:46 : 9501 steps taken, and 2133 accepted.
[1 : mcmc] Progress @ 2025-04-22 21:38:53 : 9680 steps taken, and 2081 accepted.
[3 : mcmc] Progress @ 2025-04-22 21:38:55 : 9666 steps taken, and 2206 accepted.
[2 : mcmc] Progress @ 2025-04-22 21:40:35 : 9890 steps taken, and 2205 accepted.
[0 : mcmc] Progress @ 2025-04-22 21:40:51 : 9603 steps taken, and 2154 accepted.
[1 : mcmc] Progress @ 2025-04-22 21:40:54 : 9768 steps taken, and 2105 accepted.
[3 : mcmc] Progress @ 2025-04-22 21:40:55 : 9760 steps taken, and 2232 accepted.
[2 : mcmc] Progress @ 2025-04-22 21:42:39 : 9985 steps taken, and 2235 accepted.
[0 : mcmc] Progress @ 2025-04-22 21:42:51 : 9686 steps taken, and 2186 accepted.
[3 : mcmc] Progress @ 2025-04-22 21:42:56 : 9849 steps taken, and 2258 accepted.
[1 : mcmc] Progress @ 2025-04-22 21:42:56 : 9861 steps taken, and 2131 accepted.
[2 : mcmc] Progress @ 2025-04-22 21:44:41 : 10079 steps taken, and 2260 accepted.
[0 : mcmc] Progress @ 2025-04-22 21:44:51 : 9781 steps taken, and 2216 accepted.
[3 : mcmc] Progress @ 2025-04-22 21:44:56 : 9933 steps taken, and 2284 accepted.
[1 : mcmc] Progress @ 2025-04-22 21:44:56 : 9960 steps taken, and 2155 accepted.
[3 : mcmc] Learn + convergence test @ 2300 samples accepted.
[3 : mcmc] Ready to check convergence and learn a new proposal covmat (waiting for the rest...)
[2 : mcmc] Progress @ 2025-04-22 21:46:45 : 10210 steps taken, and 2296 accepted.
[0 : mcmc] Progress @ 2025-04-22 21:46:54 : 9873 steps taken, and 2240 accepted.
[1 : mcmc] Progress @ 2025-04-22 21:46:57 : 10047 steps taken, and 2183 accepted.
[3 : mcmc] Progress @ 2025-04-22 21:46:58 : 10021 steps taken, and 2305 accepted.
[2 : mcmc] Learn + convergence test @ 2300 samples accepted.
[2 : mcmc] Ready to check convergence and learn a new proposal covmat (waiting for the rest...)
[2 : mcmc] Progress @ 2025-04-22 21:48:45 : 10321 steps taken, and 2314 accepted.
[0 : mcmc] Progress @ 2025-04-22 21:48:55 : 9961 steps taken, and 2267 accepted.
[3 : mcmc] Progress @ 2025-04-22 21:48:58 : 10106 steps taken, and 2332 accepted.
[1 : mcmc] Progress @ 2025-04-22 21:48:59 : 10129 steps taken, and 2208 accepted.
[2 : mcmc] Progress @ 2025-04-22 21:50:46 : 10424 steps taken, and 2342 accepted.
[3 : mcmc] Progress @ 2025-04-22 21:51:00 : 10189 steps taken, and 2348 accepted.
[0 : mcmc] Progress @ 2025-04-22 21:51:00 : 10051 steps taken, and 2295 accepted.
[1 : mcmc] Progress @ 2025-04-22 21:51:02 : 10229 steps taken, and 2235 accepted.
[0 : mcmc] Learn + convergence test @ 2300 samples accepted.
[0 : mcmc] Ready to check convergence and learn a new proposal covmat (waiting for the rest...)
[2 : mcmc] Progress @ 2025-04-22 21:52:49 : 10518 steps taken, and 2363 accepted.
[0 : mcmc] Progress @ 2025-04-22 21:53:01 : 10130 steps taken, and 2319 accepted.
[3 : mcmc] Progress @ 2025-04-22 21:53:02 : 10294 steps taken, and 2375 accepted.
[1 : mcmc] Progress @ 2025-04-22 21:53:03 : 10330 steps taken, and 2257 accepted.
[2 : mcmc] Progress @ 2025-04-22 21:54:50 : 10610 steps taken, and 2383 accepted.
[3 : mcmc] Progress @ 2025-04-22 21:55:02 : 10379 steps taken, and 2399 accepted.
[1 : mcmc] Progress @ 2025-04-22 21:55:04 : 10417 steps taken, and 2276 accepted.
[0 : mcmc] Progress @ 2025-04-22 21:55:06 : 10269 steps taken, and 2355 accepted.
[2 : mcmc] Progress @ 2025-04-22 21:56:55 : 10702 steps taken, and 2404 accepted.
[1 : mcmc] Learn + convergence test @ 2300 samples accepted.
[1 : mcmc] Ready to check convergence and learn a new proposal covmat (waiting for the rest...)
[3 : mcmc] Progress @ 2025-04-22 21:57:05 : 10472 steps taken, and 2426 accepted.
[0 : mcmc] Progress @ 2025-04-22 21:57:06 : 10371 steps taken, and 2378 accepted.
[0 : mcmc] All chains are ready to check convergence and learn a new proposal covmat
[0 : mcmc]  - Acceptance rate: 0.273 = avg([0.2780, 0.2675, 0.2637, 0.2821])
[0 : mcmc]  - Convergence of means: R-1 = 0.615501 after 9512 accepted steps = sum([2379, 2300, 2407, 2426])
[0 : mcmc]  - Updated covariance matrix of proposal pdf.
[1 : mcmc] Progress @ 2025-04-22 21:57:07 : 10527 steps taken, and 2300 accepted.
[2 : mcmc] Progress @ 2025-04-22 21:59:00 : 10786 steps taken, and 2431 accepted.
[3 : mcmc] Progress @ 2025-04-22 21:59:08 : 10578 steps taken, and 2455 accepted.
[1 : mcmc] Progress @ 2025-04-22 21:59:11 : 10612 steps taken, and 2320 accepted.
[0 : mcmc] Progress @ 2025-04-22 21:59:12 : 10460 steps taken, and 2408 accepted.
[2 : mcmc] Progress @ 2025-04-22 22:01:00 : 10874 steps taken, and 2452 accepted.
[1 : mcmc] Progress @ 2025-04-22 22:01:13 : 10708 steps taken, and 2348 accepted.
[3 : mcmc] Progress @ 2025-04-22 22:01:13 : 10689 steps taken, and 2481 accepted.
[0 : mcmc] Progress @ 2025-04-22 22:01:14 : 10548 steps taken, and 2433 accepted.
[2 : mcmc] Progress @ 2025-04-22 22:03:04 : 10956 steps taken, and 2473 accepted.
[1 : mcmc] Progress @ 2025-04-22 22:03:14 : 10786 steps taken, and 2367 accepted.
[0 : mcmc] Progress @ 2025-04-22 22:03:15 : 10646 steps taken, and 2463 accepted.
[3 : mcmc] Progress @ 2025-04-22 22:03:17 : 10774 steps taken, and 2500 accepted.
[2 : mcmc] Progress @ 2025-04-22 22:05:05 : 11037 steps taken, and 2493 accepted.
[1 : mcmc] Progress @ 2025-04-22 22:05:14 : 10869 steps taken, and 2393 accepted.
[0 : mcmc] Progress @ 2025-04-22 22:05:16 : 10728 steps taken, and 2488 accepted.
[3 : mcmc] Progress @ 2025-04-22 22:05:17 : 10864 steps taken, and 2523 accepted.
[3 : mcmc] Learn + convergence test @ 2530 samples accepted.
[3 : mcmc] Ready to check convergence and learn a new proposal covmat (waiting for the rest...)
[2 : mcmc] Progress @ 2025-04-22 22:07:08 : 11113 steps taken, and 2517 accepted.
[1 : mcmc] Progress @ 2025-04-22 22:07:14 : 10941 steps taken, and 2412 accepted.
[3 : mcmc] Progress @ 2025-04-22 22:07:18 : 10946 steps taken, and 2545 accepted.
[0 : mcmc] Progress @ 2025-04-22 22:07:21 : 10820 steps taken, and 2502 accepted.
[2 : mcmc] Learn + convergence test @ 2530 samples accepted.
[2 : mcmc] Ready to check convergence and learn a new proposal covmat (waiting for the rest...)
[0 : mcmc] Learn + convergence test @ 2530 samples accepted.
[0 : mcmc] Ready to check convergence and learn a new proposal covmat (waiting for the rest...)
[2 : mcmc] Progress @ 2025-04-22 22:09:09 : 11201 steps taken, and 2540 accepted.
[1 : mcmc] Progress @ 2025-04-22 22:09:16 : 11024 steps taken, and 2429 accepted.
[3 : mcmc] Progress @ 2025-04-22 22:09:18 : 11033 steps taken, and 2574 accepted.
[0 : mcmc] Progress @ 2025-04-22 22:09:23 : 10913 steps taken, and 2537 accepted.
[2 : mcmc] Progress @ 2025-04-22 22:11:10 : 11285 steps taken, and 2564 accepted.
[3 : mcmc] Progress @ 2025-04-22 22:11:18 : 11116 steps taken, and 2594 accepted.
[1 : mcmc] Progress @ 2025-04-22 22:11:18 : 11106 steps taken, and 2452 accepted.
[0 : mcmc] Progress @ 2025-04-22 22:11:23 : 10997 steps taken, and 2560 accepted.
[2 : mcmc] Progress @ 2025-04-22 22:13:11 : 11363 steps taken, and 2588 accepted.
[3 : mcmc] Progress @ 2025-04-22 22:13:18 : 11201 steps taken, and 2620 accepted.
[1 : mcmc] Progress @ 2025-04-22 22:13:19 : 11192 steps taken, and 2481 accepted.
[0 : mcmc] Progress @ 2025-04-22 22:13:24 : 11073 steps taken, and 2587 accepted.
[2 : mcmc] Progress @ 2025-04-22 22:15:11 : 11450 steps taken, and 2615 accepted.
[3 : mcmc] Progress @ 2025-04-22 22:15:18 : 11313 steps taken, and 2647 accepted.
[1 : mcmc] Progress @ 2025-04-22 22:15:20 : 11283 steps taken, and 2513 accepted.
[0 : mcmc] Progress @ 2025-04-22 22:15:29 : 11164 steps taken, and 2607 accepted.
[1 : mcmc] Learn + convergence test @ 2530 samples accepted.
[1 : mcmc] Ready to check convergence and learn a new proposal covmat (waiting for the rest...)
[0 : mcmc] All chains are ready to check convergence and learn a new proposal covmat
[0 : mcmc]  - Acceptance rate: 0.274 = avg([0.2770, 0.2704, 0.2617, 0.2857])
[0 : mcmc]  - Convergence of means: R-1 = 0.537874 after 10447 accepted steps = sum([2622, 2530, 2630, 2665])
[0 : mcmc]  - Updated covariance matrix of proposal pdf.
[2 : mcmc] Progress @ 2025-04-22 22:17:14 : 11540 steps taken, and 2639 accepted.
[1 : mcmc] Progress @ 2025-04-22 22:17:20 : 11376 steps taken, and 2538 accepted.
[3 : mcmc] Progress @ 2025-04-22 22:17:24 : 11411 steps taken, and 2672 accepted.
[0 : mcmc] Progress @ 2025-04-22 22:17:31 : 11265 steps taken, and 2631 accepted.
[2 : mcmc] Progress @ 2025-04-22 22:19:14 : 11633 steps taken, and 2669 accepted.
[1 : mcmc] Progress @ 2025-04-22 22:19:24 : 11468 steps taken, and 2562 accepted.
[3 : mcmc] Progress @ 2025-04-22 22:19:24 : 11498 steps taken, and 2695 accepted.
[0 : mcmc] Progress @ 2025-04-22 22:19:36 : 11354 steps taken, and 2661 accepted.
[2 : mcmc] Progress @ 2025-04-22 22:21:18 : 11741 steps taken, and 2697 accepted.
[3 : mcmc] Progress @ 2025-04-22 22:21:26 : 11577 steps taken, and 2719 accepted.
[1 : mcmc] Progress @ 2025-04-22 22:21:27 : 11560 steps taken, and 2589 accepted.
[0 : mcmc] Progress @ 2025-04-22 22:21:37 : 11435 steps taken, and 2683 accepted.
[2 : mcmc] Progress @ 2025-04-22 22:23:24 : 11826 steps taken, and 2721 accepted.
[3 : mcmc] Progress @ 2025-04-22 22:23:26 : 11669 steps taken, and 2749 accepted.
[1 : mcmc] Progress @ 2025-04-22 22:23:32 : 11652 steps taken, and 2609 accepted.
[0 : mcmc] Progress @ 2025-04-22 22:23:41 : 11530 steps taken, and 2710 accepted.
[3 : mcmc] Learn + convergence test @ 2760 samples accepted.
[3 : mcmc] Ready to check convergence and learn a new proposal covmat (waiting for the rest...)
[2 : mcmc] Progress @ 2025-04-22 22:25:27 : 11918 steps taken, and 2752 accepted.
[3 : mcmc] Progress @ 2025-04-22 22:25:31 : 11754 steps taken, and 2772 accepted.
[1 : mcmc] Progress @ 2025-04-22 22:25:33 : 11739 steps taken, and 2632 accepted.
[0 : mcmc] Progress @ 2025-04-22 22:25:41 : 11617 steps taken, and 2740 accepted.
[2 : mcmc] Learn + convergence test @ 2760 samples accepted.
[2 : mcmc] Ready to check convergence and learn a new proposal covmat (waiting for the rest...)
[0 : mcmc] Learn + convergence test @ 2760 samples accepted.
[0 : mcmc] Ready to check convergence and learn a new proposal covmat (waiting for the rest...)
[2 : mcmc] Progress @ 2025-04-22 22:27:28 : 12015 steps taken, and 2777 accepted.
[1 : mcmc] Progress @ 2025-04-22 22:27:35 : 11841 steps taken, and 2656 accepted.
[3 : mcmc] Progress @ 2025-04-22 22:27:36 : 11833 steps taken, and 2786 accepted.
[0 : mcmc] Progress @ 2025-04-22 22:27:43 : 11702 steps taken, and 2764 accepted.
[2 : mcmc] Progress @ 2025-04-22 22:29:30 : 12121 steps taken, and 2804 accepted.
[1 : mcmc] Progress @ 2025-04-22 22:29:37 : 11937 steps taken, and 2685 accepted.
[3 : mcmc] Progress @ 2025-04-22 22:29:40 : 11919 steps taken, and 2805 accepted.
[0 : mcmc] Progress @ 2025-04-22 22:29:48 : 11798 steps taken, and 2794 accepted.
[2 : mcmc] Progress @ 2025-04-22 22:31:30 : 12220 steps taken, and 2826 accepted.
[1 : mcmc] Progress @ 2025-04-22 22:31:37 : 12025 steps taken, and 2705 accepted.
[3 : mcmc] Progress @ 2025-04-22 22:31:40 : 12004 steps taken, and 2826 accepted.
[0 : mcmc] Progress @ 2025-04-22 22:31:50 : 11883 steps taken, and 2810 accepted.
[2 : mcmc] Progress @ 2025-04-22 22:33:32 : 12301 steps taken, and 2849 accepted.
[1 : mcmc] Progress @ 2025-04-22 22:33:38 : 12107 steps taken, and 2732 accepted.
[3 : mcmc] Progress @ 2025-04-22 22:33:40 : 12086 steps taken, and 2848 accepted.
[0 : mcmc] Progress @ 2025-04-22 22:33:52 : 11971 steps taken, and 2840 accepted.
[2 : mcmc] Progress @ 2025-04-22 22:35:37 : 12391 steps taken, and 2883 accepted.
[1 : mcmc] Progress @ 2025-04-22 22:35:42 : 12199 steps taken, and 2758 accepted.
[3 : mcmc] Progress @ 2025-04-22 22:35:43 : 12172 steps taken, and 2875 accepted.
[0 : mcmc] Progress @ 2025-04-22 22:35:54 : 12057 steps taken, and 2866 accepted.
[1 : mcmc] Learn + convergence test @ 2760 samples accepted.
[1 : mcmc] Ready to check convergence and learn a new proposal covmat (waiting for the rest...)
[0 : mcmc] All chains are ready to check convergence and learn a new proposal covmat
[0 : mcmc]  - Acceptance rate: 0.274 = avg([0.2758, 0.2652, 0.2725, 0.2820])
[0 : mcmc]  - Convergence of means: R-1 = 0.458434 after 11400 accepted steps = sum([2868, 2760, 2892, 2880])
[0 : mcmc]  - Updated covariance matrix of proposal pdf.
[2 : mcmc] Progress @ 2025-04-22 22:37:37 : 12478 steps taken, and 2910 accepted.
[1 : mcmc] Progress @ 2025-04-22 22:37:43 : 12276 steps taken, and 2783 accepted.
[3 : mcmc] Progress @ 2025-04-22 22:37:44 : 12257 steps taken, and 2890 accepted.
[0 : mcmc] Progress @ 2025-04-22 22:37:54 : 12145 steps taken, and 2894 accepted.
[2 : mcmc] Progress @ 2025-04-22 22:39:41 : 12560 steps taken, and 2937 accepted.
[3 : mcmc] Progress @ 2025-04-22 22:39:44 : 12343 steps taken, and 2919 accepted.
[1 : mcmc] Progress @ 2025-04-22 22:39:47 : 12397 steps taken, and 2817 accepted.
[0 : mcmc] Progress @ 2025-04-22 22:39:55 : 12230 steps taken, and 2913 accepted.
[2 : mcmc] Progress @ 2025-04-22 22:41:42 : 12679 steps taken, and 2964 accepted.
[3 : mcmc] Progress @ 2025-04-22 22:41:44 : 12430 steps taken, and 2941 accepted.
[1 : mcmc] Progress @ 2025-04-22 22:41:48 : 12480 steps taken, and 2842 accepted.
[0 : mcmc] Progress @ 2025-04-22 22:41:55 : 12328 steps taken, and 2940 accepted.
[2 : mcmc] Progress @ 2025-04-22 22:43:44 : 12750 steps taken, and 2983 accepted.
[3 : mcmc] Progress @ 2025-04-22 22:43:45 : 12511 steps taken, and 2963 accepted.
[1 : mcmc] Progress @ 2025-04-22 22:43:54 : 12564 steps taken, and 2868 accepted.
[0 : mcmc] Progress @ 2025-04-22 22:44:00 : 12426 steps taken, and 2970 accepted.
[2 : mcmc] Learn + convergence test @ 2990 samples accepted.
[2 : mcmc] Ready to check convergence and learn a new proposal covmat (waiting for the rest...)
[0 : mcmc] Learn + convergence test @ 2990 samples accepted.
[0 : mcmc] Ready to check convergence and learn a new proposal covmat (waiting for the rest...)
[3 : mcmc] Learn + convergence test @ 2990 samples accepted.
[3 : mcmc] Ready to check convergence and learn a new proposal covmat (waiting for the rest...)
[2 : mcmc] Progress @ 2025-04-22 22:45:46 : 12837 steps taken, and 3010 accepted.
[3 : mcmc] Progress @ 2025-04-22 22:45:47 : 12618 steps taken, and 2998 accepted.
[1 : mcmc] Progress @ 2025-04-22 22:45:55 : 12655 steps taken, and 2887 accepted.
[0 : mcmc] Progress @ 2025-04-22 22:46:03 : 12515 steps taken, and 2998 accepted.
[2 : mcmc] Progress @ 2025-04-22 22:47:48 : 12922 steps taken, and 3029 accepted.
[3 : mcmc] Progress @ 2025-04-22 22:47:50 : 12714 steps taken, and 3022 accepted.
[1 : mcmc] Progress @ 2025-04-22 22:47:55 : 12744 steps taken, and 2912 accepted.
[0 : mcmc] Progress @ 2025-04-22 22:48:03 : 12640 steps taken, and 3028 accepted.
[2 : mcmc] Progress @ 2025-04-22 22:49:48 : 13008 steps taken, and 3053 accepted.
[3 : mcmc] Progress @ 2025-04-22 22:49:50 : 12849 steps taken, and 3050 accepted.
[1 : mcmc] Progress @ 2025-04-22 22:49:59 : 12822 steps taken, and 2941 accepted.
[0 : mcmc] Progress @ 2025-04-22 22:50:06 : 12730 steps taken, and 3049 accepted.
[2 : mcmc] Progress @ 2025-04-22 22:51:49 : 13092 steps taken, and 3080 accepted.
[3 : mcmc] Progress @ 2025-04-22 22:51:51 : 12943 steps taken, and 3075 accepted.
[1 : mcmc] Progress @ 2025-04-22 22:52:01 : 12922 steps taken, and 2970 accepted.
[0 : mcmc] Progress @ 2025-04-22 22:52:08 : 12830 steps taken, and 3074 accepted.
[1 : mcmc] Learn + convergence test @ 2990 samples accepted.
[1 : mcmc] Ready to check convergence and learn a new proposal covmat (waiting for the rest...)
[0 : mcmc] All chains are ready to check convergence and learn a new proposal covmat
[0 : mcmc]  - Acceptance rate: 0.274 = avg([0.2746, 0.2676, 0.2748, 0.2780])
[0 : mcmc]  - Convergence of means: R-1 = 0.348681 after 12287 accepted steps = sum([3095, 2990, 3105, 3097])
[0 : mcmc]  - Updated covariance matrix of proposal pdf.
[2 : mcmc] Progress @ 2025-04-22 22:53:50 : 13179 steps taken, and 3112 accepted.
[3 : mcmc] Progress @ 2025-04-22 22:53:53 : 13031 steps taken, and 3101 accepted.
[1 : mcmc] Progress @ 2025-04-22 22:54:06 : 13001 steps taken, and 2994 accepted.
[0 : mcmc] Progress @ 2025-04-22 22:54:09 : 12928 steps taken, and 3110 accepted.
[2 : mcmc] Progress @ 2025-04-22 22:55:50 : 13261 steps taken, and 3134 accepted.
[3 : mcmc] Progress @ 2025-04-22 22:55:53 : 13117 steps taken, and 3124 accepted.
[1 : mcmc] Progress @ 2025-04-22 22:56:06 : 13095 steps taken, and 3015 accepted.
[0 : mcmc] Progress @ 2025-04-22 22:56:12 : 13018 steps taken, and 3133 accepted.
[2 : mcmc] Progress @ 2025-04-22 22:57:53 : 13377 steps taken, and 3164 accepted.
[3 : mcmc] Progress @ 2025-04-22 22:57:54 : 13211 steps taken, and 3151 accepted.
[1 : mcmc] Progress @ 2025-04-22 22:58:06 : 13166 steps taken, and 3029 accepted.
[0 : mcmc] Progress @ 2025-04-22 22:58:13 : 13096 steps taken, and 3151 accepted.
[2 : mcmc] Progress @ 2025-04-22 22:59:56 : 13468 steps taken, and 3187 accepted.
[3 : mcmc] Progress @ 2025-04-22 22:59:59 : 13293 steps taken, and 3181 accepted.
[1 : mcmc] Progress @ 2025-04-22 23:00:11 : 13266 steps taken, and 3057 accepted.
[0 : mcmc] Progress @ 2025-04-22 23:00:13 : 13192 steps taken, and 3179 accepted.
[2 : mcmc] Progress @ 2025-04-22 23:01:59 : 13563 steps taken, and 3214 accepted.
[3 : mcmc] Progress @ 2025-04-22 23:01:59 : 13383 steps taken, and 3198 accepted.
[1 : mcmc] Progress @ 2025-04-22 23:02:14 : 13343 steps taken, and 3078 accepted.
[0 : mcmc] Progress @ 2025-04-22 23:02:15 : 13277 steps taken, and 3200 accepted.
[2 : mcmc] Learn + convergence test @ 3220 samples accepted.
[2 : mcmc] Ready to check convergence and learn a new proposal covmat (waiting for the rest...)
[3 : mcmc] Learn + convergence test @ 3220 samples accepted.
[3 : mcmc] Ready to check convergence and learn a new proposal covmat (waiting for the rest...)
[2 : mcmc] Progress @ 2025-04-22 23:03:59 : 13665 steps taken, and 3227 accepted.
[3 : mcmc] Progress @ 2025-04-22 23:04:01 : 13484 steps taken, and 3221 accepted.
[0 : mcmc] Progress @ 2025-04-22 23:04:16 : 13365 steps taken, and 3217 accepted.
[1 : mcmc] Progress @ 2025-04-22 23:04:16 : 13428 steps taken, and 3103 accepted.
[0 : mcmc] Learn + convergence test @ 3220 samples accepted.
[0 : mcmc] Ready to check convergence and learn a new proposal covmat (waiting for the rest...)
[3 : mcmc] Progress @ 2025-04-22 23:06:02 : 13573 steps taken, and 3249 accepted.
[2 : mcmc] Progress @ 2025-04-22 23:06:05 : 13753 steps taken, and 3252 accepted.
[0 : mcmc] Progress @ 2025-04-22 23:06:16 : 13456 steps taken, and 3243 accepted.
[1 : mcmc] Progress @ 2025-04-22 23:06:19 : 13516 steps taken, and 3128 accepted.
[3 : mcmc] Progress @ 2025-04-22 23:08:02 : 13666 steps taken, and 3269 accepted.
[2 : mcmc] Progress @ 2025-04-22 23:08:07 : 13838 steps taken, and 3272 accepted.
[0 : mcmc] Progress @ 2025-04-22 23:08:17 : 13540 steps taken, and 3266 accepted.
[1 : mcmc] Progress @ 2025-04-22 23:08:23 : 13597 steps taken, and 3155 accepted.
[3 : mcmc] Progress @ 2025-04-22 23:10:04 : 13745 steps taken, and 3289 accepted.
[2 : mcmc] Progress @ 2025-04-22 23:10:13 : 13947 steps taken, and 3300 accepted.
[0 : mcmc] Progress @ 2025-04-22 23:10:20 : 13623 steps taken, and 3294 accepted.
[1 : mcmc] Progress @ 2025-04-22 23:10:25 : 13677 steps taken, and 3179 accepted.
[3 : mcmc] Progress @ 2025-04-22 23:12:04 : 13838 steps taken, and 3314 accepted.
[2 : mcmc] Progress @ 2025-04-22 23:12:17 : 14031 steps taken, and 3326 accepted.
[0 : mcmc] Progress @ 2025-04-22 23:12:21 : 13707 steps taken, and 3318 accepted.
[1 : mcmc] Progress @ 2025-04-22 23:12:25 : 13767 steps taken, and 3208 accepted.
[1 : mcmc] Learn + convergence test @ 3220 samples accepted.
[1 : mcmc] Ready to check convergence and learn a new proposal covmat (waiting for the rest...)
[0 : mcmc] All chains are ready to check convergence and learn a new proposal covmat
[0 : mcmc]  - Acceptance rate: 0.273 = avg([0.2743, 0.2686, 0.2732, 0.2742])
[0 : mcmc]  - Convergence of means: R-1 = 0.349057 after 13222 accepted steps = sum([3331, 3220, 3340, 3331])
[0 : mcmc]  - Updated covariance matrix of proposal pdf.
[3 : mcmc] Progress @ 2025-04-22 23:14:07 : 13919 steps taken, and 3339 accepted.
[2 : mcmc] Progress @ 2025-04-22 23:14:20 : 14116 steps taken, and 3352 accepted.
[0 : mcmc] Progress @ 2025-04-22 23:14:23 : 13788 steps taken, and 3343 accepted.
[1 : mcmc] Progress @ 2025-04-22 23:14:30 : 13843 steps taken, and 3235 accepted.
[3 : mcmc] Progress @ 2025-04-22 23:16:11 : 14008 steps taken, and 3374 accepted.
[2 : mcmc] Progress @ 2025-04-22 23:16:22 : 14217 steps taken, and 3375 accepted.
[0 : mcmc] Progress @ 2025-04-22 23:16:24 : 13875 steps taken, and 3361 accepted.
[1 : mcmc] Progress @ 2025-04-22 23:16:30 : 13931 steps taken, and 3263 accepted.
[3 : mcmc] Progress @ 2025-04-22 23:18:16 : 14102 steps taken, and 3400 accepted.
[2 : mcmc] Progress @ 2025-04-22 23:18:24 : 14306 steps taken, and 3398 accepted.
[0 : mcmc] Progress @ 2025-04-22 23:18:25 : 14014 steps taken, and 3385 accepted.
[1 : mcmc] Progress @ 2025-04-22 23:18:33 : 14017 steps taken, and 3286 accepted.
[3 : mcmc] Progress @ 2025-04-22 23:20:18 : 14205 steps taken, and 3427 accepted.
[0 : mcmc] Progress @ 2025-04-22 23:20:26 : 14099 steps taken, and 3411 accepted.
[2 : mcmc] Progress @ 2025-04-22 23:20:28 : 14398 steps taken, and 3418 accepted.
[1 : mcmc] Progress @ 2025-04-22 23:20:33 : 14112 steps taken, and 3316 accepted.
[3 : mcmc] Learn + convergence test @ 3450 samples accepted.
[3 : mcmc] Ready to check convergence and learn a new proposal covmat (waiting for the rest...)
[3 : mcmc] Progress @ 2025-04-22 23:22:19 : 14298 steps taken, and 3455 accepted.
[2 : mcmc] Progress @ 2025-04-22 23:22:28 : 14494 steps taken, and 3446 accepted.
[0 : mcmc] Progress @ 2025-04-22 23:22:32 : 14193 steps taken, and 3439 accepted.
[1 : mcmc] Progress @ 2025-04-22 23:22:37 : 14192 steps taken, and 3331 accepted.
[2 : mcmc] Learn + convergence test @ 3450 samples accepted.
[2 : mcmc] Ready to check convergence and learn a new proposal covmat (waiting for the rest...)
[0 : mcmc] Learn + convergence test @ 3450 samples accepted.
[0 : mcmc] Ready to check convergence and learn a new proposal covmat (waiting for the rest...)
[3 : mcmc] Progress @ 2025-04-22 23:24:19 : 14386 steps taken, and 3477 accepted.
[2 : mcmc] Progress @ 2025-04-22 23:24:30 : 14570 steps taken, and 3465 accepted.
[0 : mcmc] Progress @ 2025-04-22 23:24:35 : 14309 steps taken, and 3458 accepted.
[1 : mcmc] Progress @ 2025-04-22 23:24:41 : 14310 steps taken, and 3359 accepted.
[3 : mcmc] Progress @ 2025-04-22 23:26:22 : 14466 steps taken, and 3501 accepted.
[2 : mcmc] Progress @ 2025-04-22 23:26:34 : 14667 steps taken, and 3492 accepted.
[0 : mcmc] Progress @ 2025-04-22 23:26:35 : 14429 steps taken, and 3478 accepted.
[1 : mcmc] Progress @ 2025-04-22 23:26:43 : 14396 steps taken, and 3382 accepted.
[3 : mcmc] Progress @ 2025-04-22 23:28:23 : 14556 steps taken, and 3525 accepted.
[0 : mcmc] Progress @ 2025-04-22 23:28:36 : 14510 steps taken, and 3502 accepted.
[2 : mcmc] Progress @ 2025-04-22 23:28:37 : 14756 steps taken, and 3512 accepted.
[1 : mcmc] Progress @ 2025-04-22 23:28:46 : 14505 steps taken, and 3408 accepted.
[3 : mcmc] Progress @ 2025-04-22 23:30:27 : 14649 steps taken, and 3557 accepted.
[0 : mcmc] Progress @ 2025-04-22 23:30:37 : 14596 steps taken, and 3517 accepted.
[2 : mcmc] Progress @ 2025-04-22 23:30:41 : 14836 steps taken, and 3541 accepted.
[1 : mcmc] Progress @ 2025-04-22 23:30:47 : 14621 steps taken, and 3423 accepted.
[3 : mcmc] Progress @ 2025-04-22 23:32:28 : 14736 steps taken, and 3583 accepted.
[0 : mcmc] Progress @ 2025-04-22 23:32:42 : 14686 steps taken, and 3536 accepted.
[2 : mcmc] Progress @ 2025-04-22 23:32:43 : 14926 steps taken, and 3560 accepted.
[1 : mcmc] Progress @ 2025-04-22 23:32:47 : 14745 steps taken, and 3441 accepted.
[1 : mcmc] Learn + convergence test @ 3450 samples accepted.
[1 : mcmc] Ready to check convergence and learn a new proposal covmat (waiting for the rest...)
[0 : mcmc] All chains are ready to check convergence and learn a new proposal covmat
[0 : mcmc]  - Acceptance rate: 0.268 = avg([0.2661, 0.2629, 0.2699, 0.2727])
[0 : mcmc]  - Convergence of means: R-1 = 0.369774 after 14148 accepted steps = sum([3543, 3450, 3567, 3588])
[0 : mcmc]  - Updated covariance matrix of proposal pdf.
[3 : mcmc] Progress @ 2025-04-22 23:34:30 : 14831 steps taken, and 3604 accepted.
[0 : mcmc] Progress @ 2025-04-22 23:34:45 : 14781 steps taken, and 3560 accepted.
[2 : mcmc] Progress @ 2025-04-22 23:34:47 : 15014 steps taken, and 3590 accepted.
[1 : mcmc] Progress @ 2025-04-22 23:34:49 : 14828 steps taken, and 3462 accepted.
[3 : mcmc] Progress @ 2025-04-22 23:36:32 : 14945 steps taken, and 3635 accepted.
[2 : mcmc] Progress @ 2025-04-22 23:36:48 : 15098 steps taken, and 3613 accepted.
[0 : mcmc] Progress @ 2025-04-22 23:36:49 : 14863 steps taken, and 3589 accepted.
[1 : mcmc] Progress @ 2025-04-22 23:36:51 : 14910 steps taken, and 3490 accepted.
[3 : mcmc] Progress @ 2025-04-22 23:38:34 : 15035 steps taken, and 3662 accepted.
[2 : mcmc] Progress @ 2025-04-22 23:38:49 : 15189 steps taken, and 3643 accepted.
[0 : mcmc] Progress @ 2025-04-22 23:38:51 : 14950 steps taken, and 3616 accepted.
[1 : mcmc] Progress @ 2025-04-22 23:38:53 : 15001 steps taken, and 3519 accepted.
[3 : mcmc] Learn + convergence test @ 3680 samples accepted.
[3 : mcmc] Ready to check convergence and learn a new proposal covmat (waiting for the rest...)
[3 : mcmc] Progress @ 2025-04-22 23:40:36 : 15127 steps taken, and 3685 accepted.
[2 : mcmc] Progress @ 2025-04-22 23:40:49 : 15268 steps taken, and 3670 accepted.
[1 : mcmc] Progress @ 2025-04-22 23:40:54 : 15092 steps taken, and 3543 accepted.
[0 : mcmc] Progress @ 2025-04-22 23:40:54 : 15028 steps taken, and 3635 accepted.
[2 : mcmc] Learn + convergence test @ 3680 samples accepted.
[2 : mcmc] Ready to check convergence and learn a new proposal covmat (waiting for the rest...)
[3 : mcmc] Progress @ 2025-04-22 23:42:38 : 15213 steps taken, and 3709 accepted.
[1 : mcmc] Progress @ 2025-04-22 23:42:54 : 15175 steps taken, and 3564 accepted.
[2 : mcmc] Progress @ 2025-04-22 23:42:54 : 15358 steps taken, and 3692 accepted.
[0 : mcmc] Progress @ 2025-04-22 23:42:55 : 15119 steps taken, and 3667 accepted.
[0 : mcmc] Learn + convergence test @ 3680 samples accepted.
[0 : mcmc] Ready to check convergence and learn a new proposal covmat (waiting for the rest...)
[3 : mcmc] Progress @ 2025-04-22 23:44:44 : 15303 steps taken, and 3739 accepted.
[2 : mcmc] Progress @ 2025-04-22 23:44:55 : 15436 steps taken, and 3711 accepted.
[1 : mcmc] Progress @ 2025-04-22 23:44:58 : 15257 steps taken, and 3588 accepted.
[0 : mcmc] Progress @ 2025-04-22 23:45:00 : 15198 steps taken, and 3685 accepted.
[3 : mcmc] Progress @ 2025-04-22 23:46:44 : 15389 steps taken, and 3762 accepted.
[0 : mcmc] Progress @ 2025-04-22 23:47:00 : 15307 steps taken, and 3714 accepted.
[2 : mcmc] Progress @ 2025-04-22 23:47:00 : 15527 steps taken, and 3731 accepted.
[1 : mcmc] Progress @ 2025-04-22 23:47:01 : 15357 steps taken, and 3617 accepted.
[3 : mcmc] Progress @ 2025-04-22 23:48:44 : 15471 steps taken, and 3783 accepted.
[0 : mcmc] Progress @ 2025-04-22 23:49:02 : 15400 steps taken, and 3734 accepted.
[1 : mcmc] Progress @ 2025-04-22 23:49:02 : 15449 steps taken, and 3647 accepted.
[2 : mcmc] Progress @ 2025-04-22 23:49:05 : 15623 steps taken, and 3760 accepted.
[3 : mcmc] Progress @ 2025-04-22 23:50:47 : 15555 steps taken, and 3808 accepted.
[1 : mcmc] Learn + convergence test @ 3680 samples accepted.
[1 : mcmc] Ready to check convergence and learn a new proposal covmat (waiting for the rest...)
[0 : mcmc] Progress @ 2025-04-22 23:51:03 : 15478 steps taken, and 3754 accepted.
[0 : mcmc] All chains are ready to check convergence and learn a new proposal covmat
[2 : mcmc] Progress @ 2025-04-22 23:51:11 : 15727 steps taken, and 3801 accepted.
[0 : mcmc]  - Acceptance rate: 0.270 = avg([0.2654, 0.2687, 0.2720, 0.2727])
[0 : mcmc]  - Convergence of means: R-1 = 0.372894 after 15047 accepted steps = sum([3755, 3680, 3802, 3810])
[0 : mcmc]  - Updated covariance matrix of proposal pdf.
[1 : mcmc] Progress @ 2025-04-22 23:51:19 : 15571 steps taken, and 3680 accepted.
[3 : mcmc] Progress @ 2025-04-22 23:52:52 : 15630 steps taken, and 3827 accepted.
[0 : mcmc] Progress @ 2025-04-22 23:53:04 : 15551 steps taken, and 3772 accepted.
[2 : mcmc] Progress @ 2025-04-22 23:53:12 : 15811 steps taken, and 3828 accepted.
[1 : mcmc] Progress @ 2025-04-22 23:53:20 : 15655 steps taken, and 3701 accepted.
[3 : mcmc] Progress @ 2025-04-22 23:54:54 : 15739 steps taken, and 3852 accepted.
[0 : mcmc] Progress @ 2025-04-22 23:55:05 : 15641 steps taken, and 3794 accepted.
[2 : mcmc] Progress @ 2025-04-22 23:55:12 : 15918 steps taken, and 3855 accepted.
[1 : mcmc] Progress @ 2025-04-22 23:55:26 : 15743 steps taken, and 3729 accepted.
[3 : mcmc] Progress @ 2025-04-22 23:56:55 : 15841 steps taken, and 3876 accepted.
[0 : mcmc] Progress @ 2025-04-22 23:57:10 : 15733 steps taken, and 3816 accepted.
[2 : mcmc] Progress @ 2025-04-22 23:57:16 : 16020 steps taken, and 3879 accepted.
[1 : mcmc] Progress @ 2025-04-22 23:57:32 : 15834 steps taken, and 3756 accepted.
[3 : mcmc] Progress @ 2025-04-22 23:59:00 : 15932 steps taken, and 3902 accepted.
[0 : mcmc] Progress @ 2025-04-22 23:59:12 : 15827 steps taken, and 3844 accepted.
[2 : mcmc] Progress @ 2025-04-22 23:59:16 : 16102 steps taken, and 3909 accepted.
[2 : mcmc] Learn + convergence test @ 3910 samples accepted.
[2 : mcmc] Ready to check convergence and learn a new proposal covmat (waiting for the rest...)
[1 : mcmc] Progress @ 2025-04-22 23:59:35 : 15925 steps taken, and 3786 accepted.
[3 : mcmc] Learn + convergence test @ 3910 samples accepted.
[3 : mcmc] Ready to check convergence and learn a new proposal covmat (waiting for the rest...)
[3 : mcmc] Progress @ 2025-04-23 00:01:03 : 16021 steps taken, and 3920 accepted.
[0 : mcmc] Progress @ 2025-04-23 00:01:13 : 15924 steps taken, and 3869 accepted.
[2 : mcmc] Progress @ 2025-04-23 00:01:18 : 16209 steps taken, and 3932 accepted.
[1 : mcmc] Progress @ 2025-04-23 00:01:39 : 16027 steps taken, and 3809 accepted.
[3 : mcmc] Progress @ 2025-04-23 00:03:06 : 16123 steps taken, and 3946 accepted.
[0 : mcmc] Progress @ 2025-04-23 00:03:18 : 16019 steps taken, and 3890 accepted.
[2 : mcmc] Progress @ 2025-04-23 00:03:20 : 16295 steps taken, and 3958 accepted.
[1 : mcmc] Progress @ 2025-04-23 00:03:44 : 16127 steps taken, and 3842 accepted.
[0 : mcmc] Learn + convergence test @ 3910 samples accepted.
[0 : mcmc] Ready to check convergence and learn a new proposal covmat (waiting for the rest...)
[3 : mcmc] Progress @ 2025-04-23 00:05:10 : 16234 steps taken, and 3976 accepted.
[0 : mcmc] Progress @ 2025-04-23 00:05:19 : 16113 steps taken, and 3916 accepted.
[2 : mcmc] Progress @ 2025-04-23 00:05:20 : 16372 steps taken, and 3982 accepted.
[1 : mcmc] Progress @ 2025-04-23 00:05:50 : 16216 steps taken, and 3865 accepted.
[3 : mcmc] Progress @ 2025-04-23 00:07:10 : 16335 steps taken, and 3998 accepted.
[0 : mcmc] Progress @ 2025-04-23 00:07:23 : 16197 steps taken, and 3941 accepted.
[2 : mcmc] Progress @ 2025-04-23 00:07:26 : 16459 steps taken, and 4005 accepted.
[1 : mcmc] Progress @ 2025-04-23 00:07:54 : 16305 steps taken, and 3890 accepted.
[1 : mcmc] Learn + convergence test @ 3910 samples accepted.
[1 : mcmc] Ready to check convergence and learn a new proposal covmat (waiting for the rest...)
[0 : mcmc] All chains are ready to check convergence and learn a new proposal covmat
[0 : mcmc]  - Acceptance rate: 0.271 = avg([0.2696, 0.2719, 0.2714, 0.2702])
[0 : mcmc]  - Convergence of means: R-1 = 0.374765 after 15916 accepted steps = sum([3962, 3910, 4015, 4029])
[0 : mcmc]  - Updated covariance matrix of proposal pdf.
[3 : mcmc] Progress @ 2025-04-23 00:09:13 : 16420 steps taken, and 4032 accepted.
[0 : mcmc] Progress @ 2025-04-23 00:09:28 : 16278 steps taken, and 3965 accepted.
[2 : mcmc] Progress @ 2025-04-23 00:09:31 : 16542 steps taken, and 4018 accepted.
[1 : mcmc] Progress @ 2025-04-23 00:09:57 : 16386 steps taken, and 3922 accepted.
[3 : mcmc] Progress @ 2025-04-23 00:11:18 : 16520 steps taken, and 4054 accepted.
[2 : mcmc] Progress @ 2025-04-23 00:11:31 : 16632 steps taken, and 4050 accepted.
[0 : mcmc] Progress @ 2025-04-23 00:11:32 : 16358 steps taken, and 3990 accepted.
[1 : mcmc] Progress @ 2025-04-23 00:12:02 : 16472 steps taken, and 3947 accepted.
[3 : mcmc] Progress @ 2025-04-23 00:13:21 : 16611 steps taken, and 4079 accepted.
[0 : mcmc] Progress @ 2025-04-23 00:13:32 : 16441 steps taken, and 4012 accepted.
[2 : mcmc] Progress @ 2025-04-23 00:13:36 : 16717 steps taken, and 4071 accepted.
[1 : mcmc] Progress @ 2025-04-23 00:14:05 : 16567 steps taken, and 3974 accepted.
[3 : mcmc] Progress @ 2025-04-23 00:15:23 : 16694 steps taken, and 4107 accepted.
[0 : mcmc] Progress @ 2025-04-23 00:15:34 : 16528 steps taken, and 4042 accepted.
[2 : mcmc] Progress @ 2025-04-23 00:15:39 : 16803 steps taken, and 4097 accepted.
[1 : mcmc] Progress @ 2025-04-23 00:16:10 : 16662 steps taken, and 4004 accepted.
[3 : mcmc] Learn + convergence test @ 4140 samples accepted.
[3 : mcmc] Ready to check convergence and learn a new proposal covmat (waiting for the rest...)
[3 : mcmc] Progress @ 2025-04-23 00:17:26 : 16794 steps taken, and 4143 accepted.
[0 : mcmc] Progress @ 2025-04-23 00:17:36 : 16611 steps taken, and 4064 accepted.
[2 : mcmc] Progress @ 2025-04-23 00:17:43 : 16897 steps taken, and 4125 accepted.
[1 : mcmc] Progress @ 2025-04-23 00:18:12 : 16759 steps taken, and 4024 accepted.
[2 : mcmc] Learn + convergence test @ 4140 samples accepted.
[2 : mcmc] Ready to check convergence and learn a new proposal covmat (waiting for the rest...)
[3 : mcmc] Progress @ 2025-04-23 00:19:31 : 16907 steps taken, and 4177 accepted.
[0 : mcmc] Progress @ 2025-04-23 00:19:38 : 16688 steps taken, and 4087 accepted.
[2 : mcmc] Progress @ 2025-04-23 00:19:44 : 17004 steps taken, and 4150 accepted.
[1 : mcmc] Progress @ 2025-04-23 00:20:12 : 16841 steps taken, and 4049 accepted.
[3 : mcmc] Progress @ 2025-04-23 00:21:32 : 17002 steps taken, and 4205 accepted.
[0 : mcmc] Progress @ 2025-04-23 00:21:39 : 16775 steps taken, and 4109 accepted.
[2 : mcmc] Progress @ 2025-04-23 00:21:44 : 17110 steps taken, and 4176 accepted.
[1 : mcmc] Progress @ 2025-04-23 00:22:15 : 16927 steps taken, and 4075 accepted.
[3 : mcmc] Progress @ 2025-04-23 00:23:37 : 17086 steps taken, and 4233 accepted.
[0 : mcmc] Progress @ 2025-04-23 00:23:41 : 16862 steps taken, and 4135 accepted.
[2 : mcmc] Progress @ 2025-04-23 00:23:49 : 17191 steps taken, and 4208 accepted.
[0 : mcmc] Learn + convergence test @ 4140 samples accepted.
[0 : mcmc] Ready to check convergence and learn a new proposal covmat (waiting for the rest...)
[1 : mcmc] Progress @ 2025-04-23 00:24:20 : 17017 steps taken, and 4107 accepted.
[3 : mcmc] Progress @ 2025-04-23 00:25:37 : 17169 steps taken, and 4260 accepted.
[0 : mcmc] Progress @ 2025-04-23 00:25:42 : 16942 steps taken, and 4156 accepted.
[2 : mcmc] Progress @ 2025-04-23 00:25:51 : 17282 steps taken, and 4238 accepted.
[1 : mcmc] Progress @ 2025-04-23 00:26:23 : 17100 steps taken, and 4137 accepted.
[1 : mcmc] Learn + convergence test @ 4140 samples accepted.
[1 : mcmc] Ready to check convergence and learn a new proposal covmat (waiting for the rest...)
[0 : mcmc] All chains are ready to check convergence and learn a new proposal covmat
[0 : mcmc]  - Acceptance rate: 0.274 = avg([0.2725, 0.2770, 0.2732, 0.2723])
[0 : mcmc]  - Convergence of means: R-1 = 0.351897 after 16833 accepted steps = sum([4171, 4140, 4249, 4273])
[0 : mcmc]  - Updated covariance matrix of proposal pdf.
[3 : mcmc] Progress @ 2025-04-23 00:27:40 : 17247 steps taken, and 4281 accepted.
[0 : mcmc] Progress @ 2025-04-23 00:27:43 : 17015 steps taken, and 4175 accepted.
[2 : mcmc] Progress @ 2025-04-23 00:27:51 : 17376 steps taken, and 4256 accepted.
[1 : mcmc] Progress @ 2025-04-23 00:28:23 : 17169 steps taken, and 4153 accepted.
[3 : mcmc] Progress @ 2025-04-23 00:29:43 : 17339 steps taken, and 4310 accepted.
[0 : mcmc] Progress @ 2025-04-23 00:29:43 : 17091 steps taken, and 4198 accepted.
[2 : mcmc] Progress @ 2025-04-23 00:29:51 : 17465 steps taken, and 4277 accepted.
[1 : mcmc] Progress @ 2025-04-23 00:30:26 : 17246 steps taken, and 4169 accepted.
[0 : mcmc] Progress @ 2025-04-23 00:31:43 : 17171 steps taken, and 4219 accepted.
[3 : mcmc] Progress @ 2025-04-23 00:31:45 : 17427 steps taken, and 4336 accepted.
[2 : mcmc] Progress @ 2025-04-23 00:31:52 : 17564 steps taken, and 4299 accepted.
[1 : mcmc] Progress @ 2025-04-23 00:32:30 : 17332 steps taken, and 4191 accepted.
[3 : mcmc] Progress @ 2025-04-23 00:33:46 : 17513 steps taken, and 4354 accepted.
[0 : mcmc] Progress @ 2025-04-23 00:33:48 : 17260 steps taken, and 4252 accepted.
[2 : mcmc] Progress @ 2025-04-23 00:33:56 : 17650 steps taken, and 4334 accepted.
[1 : mcmc] Progress @ 2025-04-23 00:34:34 : 17443 steps taken, and 4211 accepted.
[3 : mcmc] Learn + convergence test @ 4370 samples accepted.
[3 : mcmc] Ready to check convergence and learn a new proposal covmat (waiting for the rest...)
[0 : mcmc] Progress @ 2025-04-23 00:35:49 : 17358 steps taken, and 4286 accepted.
[3 : mcmc] Progress @ 2025-04-23 00:35:51 : 17597 steps taken, and 4380 accepted.
[2 : mcmc] Progress @ 2025-04-23 00:36:01 : 17739 steps taken, and 4355 accepted.
[1 : mcmc] Progress @ 2025-04-23 00:36:38 : 17558 steps taken, and 4236 accepted.
[2 : mcmc] Learn + convergence test @ 4370 samples accepted.
[2 : mcmc] Ready to check convergence and learn a new proposal covmat (waiting for the rest...)
[0 : mcmc] Progress @ 2025-04-23 00:37:51 : 17452 steps taken, and 4306 accepted.
[3 : mcmc] Progress @ 2025-04-23 00:37:52 : 17692 steps taken, and 4395 accepted.
[2 : mcmc] Progress @ 2025-04-23 00:38:01 : 17837 steps taken, and 4380 accepted.
[1 : mcmc] Progress @ 2025-04-23 00:38:39 : 17646 steps taken, and 4260 accepted.
[3 : mcmc] Progress @ 2025-04-23 00:39:52 : 17789 steps taken, and 4415 accepted.
[0 : mcmc] Progress @ 2025-04-23 00:39:53 : 17537 steps taken, and 4331 accepted.
[2 : mcmc] Progress @ 2025-04-23 00:40:04 : 17923 steps taken, and 4400 accepted.
[1 : mcmc] Progress @ 2025-04-23 00:40:41 : 17769 steps taken, and 4299 accepted.
[3 : mcmc] Progress @ 2025-04-23 00:41:53 : 17873 steps taken, and 4437 accepted.
[0 : mcmc] Progress @ 2025-04-23 00:41:57 : 17619 steps taken, and 4351 accepted.
[2 : mcmc] Progress @ 2025-04-23 00:42:04 : 18014 steps taken, and 4424 accepted.
[1 : mcmc] Progress @ 2025-04-23 00:42:45 : 17859 steps taken, and 4327 accepted.
[0 : mcmc] Learn + convergence test @ 4370 samples accepted.
[0 : mcmc] Ready to check convergence and learn a new proposal covmat (waiting for the rest...)
[3 : mcmc] Progress @ 2025-04-23 00:43:58 : 17975 steps taken, and 4476 accepted.
[0 : mcmc] Progress @ 2025-04-23 00:44:03 : 17706 steps taken, and 4386 accepted.
[2 : mcmc] Progress @ 2025-04-23 00:44:07 : 18104 steps taken, and 4443 accepted.
[1 : mcmc] Progress @ 2025-04-23 00:44:51 : 17971 steps taken, and 4352 accepted.
[3 : mcmc] Progress @ 2025-04-23 00:45:58 : 18072 steps taken, and 4502 accepted.
[0 : mcmc] Progress @ 2025-04-23 00:46:03 : 17805 steps taken, and 4414 accepted.
[1 : mcmc] Learn + convergence test @ 4370 samples accepted.
[1 : mcmc] Ready to check convergence and learn a new proposal covmat (waiting for the rest...)
[2 : mcmc] Progress @ 2025-04-23 00:46:11 : 18192 steps taken, and 4474 accepted.
[0 : mcmc] All chains are ready to check convergence and learn a new proposal covmat
[0 : mcmc]  - Acceptance rate: 0.273 = avg([0.2737, 0.2738, 0.2728, 0.2730])
[0 : mcmc]  - Convergence of means: R-1 = 0.359200 after 17766 accepted steps = sum([4416, 4370, 4475, 4505])
[0 : mcmc]  - Updated covariance matrix of proposal pdf.
[1 : mcmc] Progress @ 2025-04-23 00:46:51 : 18050 steps taken, and 4372 accepted.
[3 : mcmc] Progress @ 2025-04-23 00:48:03 : 18155 steps taken, and 4525 accepted.
[0 : mcmc] Progress @ 2025-04-23 00:48:07 : 17884 steps taken, and 4437 accepted.
[2 : mcmc] Progress @ 2025-04-23 00:48:14 : 18268 steps taken, and 4497 accepted.
[1 : mcmc] Progress @ 2025-04-23 00:48:51 : 18152 steps taken, and 4397 accepted.
[0 : mcmc] Progress @ 2025-04-23 00:50:07 : 17980 steps taken, and 4457 accepted.
[3 : mcmc] Progress @ 2025-04-23 00:50:08 : 18284 steps taken, and 4550 accepted.
[2 : mcmc] Progress @ 2025-04-23 00:50:14 : 18362 steps taken, and 4522 accepted.
[1 : mcmc] Progress @ 2025-04-23 00:50:53 : 18235 steps taken, and 4425 accepted.
[3 : mcmc] Progress @ 2025-04-23 00:52:08 : 18373 steps taken, and 4573 accepted.
[0 : mcmc] Progress @ 2025-04-23 00:52:11 : 18071 steps taken, and 4475 accepted.
[2 : mcmc] Progress @ 2025-04-23 00:52:14 : 18452 steps taken, and 4541 accepted.
[1 : mcmc] Progress @ 2025-04-23 00:52:53 : 18312 steps taken, and 4449 accepted.
[0 : mcmc] Progress @ 2025-04-23 00:54:12 : 18160 steps taken, and 4501 accepted.
[3 : mcmc] Progress @ 2025-04-23 00:54:12 : 18483 steps taken, and 4600 accepted.
[3 : mcmc] Learn + convergence test @ 4600 samples accepted.
[3 : mcmc] Ready to check convergence and learn a new proposal covmat (waiting for the rest...)
[2 : mcmc] Progress @ 2025-04-23 00:54:19 : 18553 steps taken, and 4571 accepted.
[1 : mcmc] Progress @ 2025-04-23 00:54:55 : 18389 steps taken, and 4477 accepted.
[3 : mcmc] Progress @ 2025-04-23 00:56:12 : 18565 steps taken, and 4630 accepted.
[0 : mcmc] Progress @ 2025-04-23 00:56:16 : 18236 steps taken, and 4520 accepted.
[2 : mcmc] Progress @ 2025-04-23 00:56:23 : 18646 steps taken, and 4598 accepted.
[2 : mcmc] Learn + convergence test @ 4600 samples accepted.
[2 : mcmc] Ready to check convergence and learn a new proposal covmat (waiting for the rest...)
[1 : mcmc] Progress @ 2025-04-23 00:56:55 : 18479 steps taken, and 4500 accepted.
[3 : mcmc] Progress @ 2025-04-23 00:58:12 : 18670 steps taken, and 4655 accepted.
[0 : mcmc] Progress @ 2025-04-23 00:58:18 : 18325 steps taken, and 4545 accepted.
[2 : mcmc] Progress @ 2025-04-23 00:58:23 : 18735 steps taken, and 4623 accepted.
[1 : mcmc] Progress @ 2025-04-23 00:59:01 : 18580 steps taken, and 4520 accepted.
[3 : mcmc] Progress @ 2025-04-23 01:00:16 : 18810 steps taken, and 4680 accepted.
[0 : mcmc] Progress @ 2025-04-23 01:00:23 : 18416 steps taken, and 4568 accepted.
[2 : mcmc] Progress @ 2025-04-23 01:00:24 : 18848 steps taken, and 4644 accepted.
[1 : mcmc] Progress @ 2025-04-23 01:01:05 : 18686 steps taken, and 4549 accepted.
[3 : mcmc] Progress @ 2025-04-23 01:02:19 : 18928 steps taken, and 4702 accepted.
[0 : mcmc] Progress @ 2025-04-23 01:02:24 : 18507 steps taken, and 4590 accepted.
[2 : mcmc] Progress @ 2025-04-23 01:02:24 : 18939 steps taken, and 4657 accepted.
[1 : mcmc] Progress @ 2025-04-23 01:03:09 : 18789 steps taken, and 4577 accepted.
[0 : mcmc] Learn + convergence test @ 4600 samples accepted.
[0 : mcmc] Ready to check convergence and learn a new proposal covmat (waiting for the rest...)
[3 : mcmc] Progress @ 2025-04-23 01:04:20 : 19027 steps taken, and 4725 accepted.
[0 : mcmc] Progress @ 2025-04-23 01:04:25 : 18613 steps taken, and 4617 accepted.
[2 : mcmc] Progress @ 2025-04-23 01:04:28 : 19034 steps taken, and 4672 accepted.
[1 : mcmc] Progress @ 2025-04-23 01:05:10 : 18870 steps taken, and 4597 accepted.
[1 : mcmc] Learn + convergence test @ 4600 samples accepted.
[1 : mcmc] Ready to check convergence and learn a new proposal covmat (waiting for the rest...)
[0 : mcmc] All chains are ready to check convergence and learn a new proposal covmat
[0 : mcmc]  - Acceptance rate: 0.271 = avg([0.2711, 0.2755, 0.2704, 0.2680])
[0 : mcmc]  - Convergence of means: R-1 = 0.340846 after 18649 accepted steps = sum([4630, 4600, 4681, 4738])
[0 : mcmc]  - Updated covariance matrix of proposal pdf.
[3 : mcmc] Progress @ 2025-04-23 01:06:25 : 19168 steps taken, and 4753 accepted.
[0 : mcmc] Progress @ 2025-04-23 01:06:26 : 18697 steps taken, and 4641 accepted.
[2 : mcmc] Progress @ 2025-04-23 01:06:30 : 19133 steps taken, and 4691 accepted.
[1 : mcmc] Progress @ 2025-04-23 01:07:12 : 18979 steps taken, and 4624 accepted.
[3 : mcmc] Progress @ 2025-04-23 01:08:29 : 19250 steps taken, and 4781 accepted.
[0 : mcmc] Progress @ 2025-04-23 01:08:30 : 18787 steps taken, and 4661 accepted.
[2 : mcmc] Progress @ 2025-04-23 01:08:35 : 19231 steps taken, and 4709 accepted.
[1 : mcmc] Progress @ 2025-04-23 01:09:12 : 19068 steps taken, and 4645 accepted.
[3 : mcmc] Progress @ 2025-04-23 01:10:29 : 19344 steps taken, and 4809 accepted.
[0 : mcmc] Progress @ 2025-04-23 01:10:30 : 18874 steps taken, and 4681 accepted.
[2 : mcmc] Progress @ 2025-04-23 01:10:39 : 19316 steps taken, and 4733 accepted.
[1 : mcmc] Progress @ 2025-04-23 01:11:13 : 19148 steps taken, and 4667 accepted.
[3 : mcmc] Progress @ 2025-04-23 01:12:30 : 19429 steps taken, and 4828 accepted.
[0 : mcmc] Progress @ 2025-04-23 01:12:31 : 18965 steps taken, and 4706 accepted.
[3 : mcmc] Learn + convergence test @ 4830 samples accepted.
[3 : mcmc] Ready to check convergence and learn a new proposal covmat (waiting for the rest...)
[2 : mcmc] Progress @ 2025-04-23 01:12:45 : 19405 steps taken, and 4761 accepted.
[1 : mcmc] Progress @ 2025-04-23 01:13:14 : 19230 steps taken, and 4688 accepted.
[3 : mcmc] Progress @ 2025-04-23 01:14:31 : 19508 steps taken, and 4853 accepted.
[0 : mcmc] Progress @ 2025-04-23 01:14:31 : 19050 steps taken, and 4730 accepted.
[2 : mcmc] Progress @ 2025-04-23 01:14:46 : 19495 steps taken, and 4787 accepted.
[1 : mcmc] Progress @ 2025-04-23 01:15:16 : 19320 steps taken, and 4712 accepted.
[0 : mcmc] Progress @ 2025-04-23 01:16:36 : 19140 steps taken, and 4757 accepted.
[3 : mcmc] Progress @ 2025-04-23 01:16:37 : 19590 steps taken, and 4879 accepted.
[2 : mcmc] Progress @ 2025-04-23 01:16:46 : 19592 steps taken, and 4817 accepted.
[1 : mcmc] Progress @ 2025-04-23 01:17:20 : 19401 steps taken, and 4738 accepted.
[2 : mcmc] Learn + convergence test @ 4830 samples accepted.
[2 : mcmc] Ready to check convergence and learn a new proposal covmat (waiting for the rest...)
[3 : mcmc] Progress @ 2025-04-23 01:18:38 : 19678 steps taken, and 4901 accepted.
[0 : mcmc] Progress @ 2025-04-23 01:18:40 : 19237 steps taken, and 4776 accepted.
[2 : mcmc] Progress @ 2025-04-23 01:18:52 : 19721 steps taken, and 4846 accepted.
[1 : mcmc] Progress @ 2025-04-23 01:19:24 : 19500 steps taken, and 4760 accepted.
[0 : mcmc] Progress @ 2025-04-23 01:20:42 : 19332 steps taken, and 4808 accepted.
[3 : mcmc] Progress @ 2025-04-23 01:20:43 : 19771 steps taken, and 4922 accepted.
[2 : mcmc] Progress @ 2025-04-23 01:20:52 : 19795 steps taken, and 4875 accepted.
[1 : mcmc] Progress @ 2025-04-23 01:21:25 : 19586 steps taken, and 4781 accepted.
[0 : mcmc] Progress @ 2025-04-23 01:22:42 : 19418 steps taken, and 4828 accepted.
[3 : mcmc] Progress @ 2025-04-23 01:22:43 : 19852 steps taken, and 4944 accepted.
[2 : mcmc] Progress @ 2025-04-23 01:22:58 : 19891 steps taken, and 4892 accepted.
[0 : mcmc] Learn + convergence test @ 4830 samples accepted.
[0 : mcmc] Ready to check convergence and learn a new proposal covmat (waiting for the rest...)
[1 : mcmc] Progress @ 2025-04-23 01:23:29 : 19699 steps taken, and 4804 accepted.
[0 : mcmc] Progress @ 2025-04-23 01:24:44 : 19517 steps taken, and 4858 accepted.
[3 : mcmc] Progress @ 2025-04-23 01:24:46 : 19950 steps taken, and 4974 accepted.
[2 : mcmc] Progress @ 2025-04-23 01:25:01 : 19978 steps taken, and 4911 accepted.
[1 : mcmc] Progress @ 2025-04-23 01:25:32 : 19799 steps taken, and 4829 accepted.
[1 : mcmc] Learn + convergence test @ 4830 samples accepted.
[1 : mcmc] Ready to check convergence and learn a new proposal covmat (waiting for the rest...)
[0 : mcmc] All chains are ready to check convergence and learn a new proposal covmat
[0 : mcmc]  - Acceptance rate: 0.271 = avg([0.2706, 0.2734, 0.2697, 0.2695])
[0 : mcmc]  - Convergence of means: R-1 = 0.290755 after 19615 accepted steps = sum([4875, 4830, 4921, 4989])
[0 : mcmc]  - Updated covariance matrix of proposal pdf.
[0 : mcmc] Progress @ 2025-04-23 01:26:44 : 19608 steps taken, and 4882 accepted.
[3 : mcmc] Progress @ 2025-04-23 01:26:49 : 20026 steps taken, and 4999 accepted.
[2 : mcmc] Progress @ 2025-04-23 01:27:06 : 20059 steps taken, and 4935 accepted.
[1 : mcmc] Progress @ 2025-04-23 01:27:32 : 19876 steps taken, and 4846 accepted.
[3 : mcmc] Progress @ 2025-04-23 01:28:50 : 20112 steps taken, and 5021 accepted.
[0 : mcmc] Progress @ 2025-04-23 01:28:50 : 19704 steps taken, and 4900 accepted.
[2 : mcmc] Progress @ 2025-04-23 01:29:08 : 20148 steps taken, and 4959 accepted.
[1 : mcmc] Progress @ 2025-04-23 01:29:34 : 19961 steps taken, and 4866 accepted.
[0 : mcmc] Progress @ 2025-04-23 01:30:51 : 19800 steps taken, and 4924 accepted.
[3 : mcmc] Progress @ 2025-04-23 01:30:53 : 20195 steps taken, and 5040 accepted.
[2 : mcmc] Progress @ 2025-04-23 01:31:08 : 20230 steps taken, and 4984 accepted.
[1 : mcmc] Progress @ 2025-04-23 01:31:40 : 20064 steps taken, and 4889 accepted.
[3 : mcmc] Learn + convergence test @ 5060 samples accepted.
[3 : mcmc] Ready to check convergence and learn a new proposal covmat (waiting for the rest...)
[0 : mcmc] Progress @ 2025-04-23 01:32:57 : 19890 steps taken, and 4943 accepted.
[3 : mcmc] Progress @ 2025-04-23 01:32:58 : 20302 steps taken, and 5070 accepted.
[2 : mcmc] Progress @ 2025-04-23 01:33:12 : 20333 steps taken, and 5012 accepted.
[1 : mcmc] Progress @ 2025-04-23 01:33:42 : 20152 steps taken, and 4916 accepted.
[3 : mcmc] Progress @ 2025-04-23 01:35:00 : 20390 steps taken, and 5091 accepted.
[0 : mcmc] Progress @ 2025-04-23 01:35:02 : 19980 steps taken, and 4966 accepted.
[2 : mcmc] Progress @ 2025-04-23 01:35:12 : 20413 steps taken, and 5042 accepted.
[1 : mcmc] Progress @ 2025-04-23 01:35:47 : 20256 steps taken, and 4947 accepted.
[2 : mcmc] Learn + convergence test @ 5060 samples accepted.
[2 : mcmc] Ready to check convergence and learn a new proposal covmat (waiting for the rest...)
[0 : mcmc] Progress @ 2025-04-23 01:37:02 : 20059 steps taken, and 4983 accepted.
[3 : mcmc] Progress @ 2025-04-23 01:37:04 : 20479 steps taken, and 5118 accepted.
[2 : mcmc] Progress @ 2025-04-23 01:37:12 : 20511 steps taken, and 5073 accepted.
[1 : mcmc] Progress @ 2025-04-23 01:37:51 : 20350 steps taken, and 4970 accepted.
[0 : mcmc] Progress @ 2025-04-23 01:39:02 : 20139 steps taken, and 5004 accepted.
[3 : mcmc] Progress @ 2025-04-23 01:39:07 : 20570 steps taken, and 5141 accepted.
[2 : mcmc] Progress @ 2025-04-23 01:39:14 : 20590 steps taken, and 5097 accepted.
[1 : mcmc] Progress @ 2025-04-23 01:39:51 : 20438 steps taken, and 4988 accepted.
[0 : mcmc] Progress @ 2025-04-23 01:41:06 : 20229 steps taken, and 5030 accepted.
[3 : mcmc] Progress @ 2025-04-23 01:41:07 : 20660 steps taken, and 5168 accepted.
[2 : mcmc] Progress @ 2025-04-23 01:41:16 : 20696 steps taken, and 5116 accepted.
[1 : mcmc] Progress @ 2025-04-23 01:41:56 : 20533 steps taken, and 5011 accepted.
[0 : mcmc] Progress @ 2025-04-23 01:43:08 : 20319 steps taken, and 5059 accepted.
[0 : mcmc] Learn + convergence test @ 5060 samples accepted.
[0 : mcmc] Ready to check convergence and learn a new proposal covmat (waiting for the rest...)
[3 : mcmc] Progress @ 2025-04-23 01:43:10 : 20740 steps taken, and 5187 accepted.
[2 : mcmc] Progress @ 2025-04-23 01:43:18 : 20774 steps taken, and 5145 accepted.
[1 : mcmc] Progress @ 2025-04-23 01:43:58 : 20624 steps taken, and 5028 accepted.
[0 : mcmc] Progress @ 2025-04-23 01:45:09 : 20409 steps taken, and 5090 accepted.
[3 : mcmc] Progress @ 2025-04-23 01:45:10 : 20832 steps taken, and 5209 accepted.
[2 : mcmc] Progress @ 2025-04-23 01:45:21 : 20869 steps taken, and 5182 accepted.
[1 : mcmc] Progress @ 2025-04-23 01:45:58 : 20722 steps taken, and 5057 accepted.
[1 : mcmc] Learn + convergence test @ 5060 samples accepted.
[1 : mcmc] Ready to check convergence and learn a new proposal covmat (waiting for the rest...)
[0 : mcmc] All chains are ready to check convergence and learn a new proposal covmat
[0 : mcmc]  - Acceptance rate: 0.270 = avg([0.2685, 0.2694, 0.2724, 0.2688])
[0 : mcmc]  - Convergence of means: R-1 = 0.297484 after 20575 accepted steps = sum([5099, 5060, 5193, 5223])
[0 : mcmc]  - Updated covariance matrix of proposal pdf.
[0 : mcmc] Progress @ 2025-04-23 01:47:09 : 20484 steps taken, and 5112 accepted.
[3 : mcmc] Progress @ 2025-04-23 01:47:12 : 20908 steps taken, and 5235 accepted.
[2 : mcmc] Progress @ 2025-04-23 01:47:22 : 20968 steps taken, and 5208 accepted.
[1 : mcmc] Progress @ 2025-04-23 01:48:00 : 20822 steps taken, and 5085 accepted.
[0 : mcmc] Progress @ 2025-04-23 01:49:13 : 20568 steps taken, and 5139 accepted.
[3 : mcmc] Progress @ 2025-04-23 01:49:13 : 20993 steps taken, and 5254 accepted.
[2 : mcmc] Progress @ 2025-04-23 01:49:23 : 21052 steps taken, and 5233 accepted.
[1 : mcmc] Progress @ 2025-04-23 01:50:01 : 20921 steps taken, and 5108 accepted.
[3 : mcmc] Progress @ 2025-04-23 01:51:17 : 21080 steps taken, and 5282 accepted.
[0 : mcmc] Progress @ 2025-04-23 01:51:18 : 20653 steps taken, and 5165 accepted.
[2 : mcmc] Progress @ 2025-04-23 01:51:23 : 21135 steps taken, and 5264 accepted.
[3 : mcmc] Learn + convergence test @ 5290 samples accepted.
[3 : mcmc] Ready to check convergence and learn a new proposal covmat (waiting for the rest...)
[1 : mcmc] Progress @ 2025-04-23 01:52:05 : 21032 steps taken, and 5133 accepted.
[2 : mcmc] Learn + convergence test @ 5290 samples accepted.
[2 : mcmc] Ready to check convergence and learn a new proposal covmat (waiting for the rest...)
[3 : mcmc] Progress @ 2025-04-23 01:53:17 : 21180 steps taken, and 5298 accepted.
[0 : mcmc] Progress @ 2025-04-23 01:53:23 : 20737 steps taken, and 5185 accepted.
[2 : mcmc] Progress @ 2025-04-23 01:53:29 : 21217 steps taken, and 5292 accepted.
[1 : mcmc] Progress @ 2025-04-23 01:54:06 : 21130 steps taken, and 5153 accepted.
[3 : mcmc] Progress @ 2025-04-23 01:55:18 : 21264 steps taken, and 5315 accepted.
[0 : mcmc] Progress @ 2025-04-23 01:55:23 : 20817 steps taken, and 5199 accepted.
[2 : mcmc] Progress @ 2025-04-23 01:55:29 : 21302 steps taken, and 5310 accepted.
[1 : mcmc] Progress @ 2025-04-23 01:56:11 : 21226 steps taken, and 5179 accepted.
[3 : mcmc] Progress @ 2025-04-23 01:57:18 : 21361 steps taken, and 5342 accepted.
[0 : mcmc] Progress @ 2025-04-23 01:57:23 : 20895 steps taken, and 5227 accepted.
[2 : mcmc] Progress @ 2025-04-23 01:57:30 : 21386 steps taken, and 5328 accepted.
[1 : mcmc] Progress @ 2025-04-23 01:58:14 : 21311 steps taken, and 5206 accepted.
[3 : mcmc] Progress @ 2025-04-23 01:59:23 : 21442 steps taken, and 5362 accepted.
[0 : mcmc] Progress @ 2025-04-23 01:59:27 : 20998 steps taken, and 5246 accepted.
[2 : mcmc] Progress @ 2025-04-23 01:59:35 : 21474 steps taken, and 5356 accepted.
[1 : mcmc] Progress @ 2025-04-23 02:00:14 : 21399 steps taken, and 5228 accepted.
[3 : mcmc] Progress @ 2025-04-23 02:01:28 : 21536 steps taken, and 5382 accepted.
[0 : mcmc] Progress @ 2025-04-23 02:01:30 : 21088 steps taken, and 5271 accepted.
[2 : mcmc] Progress @ 2025-04-23 02:01:38 : 21566 steps taken, and 5379 accepted.
[1 : mcmc] Progress @ 2025-04-23 02:02:18 : 21485 steps taken, and 5253 accepted.
[0 : mcmc] Learn + convergence test @ 5290 samples accepted.
[0 : mcmc] Ready to check convergence and learn a new proposal covmat (waiting for the rest...)
[3 : mcmc] Progress @ 2025-04-23 02:03:32 : 21620 steps taken, and 5400 accepted.
[0 : mcmc] Progress @ 2025-04-23 02:03:35 : 21167 steps taken, and 5296 accepted.
[2 : mcmc] Progress @ 2025-04-23 02:03:38 : 21647 steps taken, and 5403 accepted.
[1 : mcmc] Progress @ 2025-04-23 02:04:20 : 21588 steps taken, and 5277 accepted.
[0 : mcmc] Progress @ 2025-04-23 02:05:36 : 21258 steps taken, and 5323 accepted.
[3 : mcmc] Progress @ 2025-04-23 02:05:38 : 21710 steps taken, and 5437 accepted.
[2 : mcmc] Progress @ 2025-04-23 02:05:42 : 21746 steps taken, and 5431 accepted.
[1 : mcmc] Learn + convergence test @ 5290 samples accepted.
[1 : mcmc] Ready to check convergence and learn a new proposal covmat (waiting for the rest...)
[0 : mcmc] All chains are ready to check convergence and learn a new proposal covmat
[0 : mcmc]  - Acceptance rate: 0.269 = avg([0.2687, 0.2674, 0.2735, 0.2682])
[0 : mcmc]  - Convergence of means: R-1 = 0.242611 after 21493 accepted steps = sum([5327, 5290, 5435, 5441])
[0 : mcmc]  - Updated covariance matrix of proposal pdf.
[1 : mcmc] Progress @ 2025-04-23 02:06:24 : 21677 steps taken, and 5292 accepted.
[0 : mcmc] Progress @ 2025-04-23 02:07:40 : 21344 steps taken, and 5347 accepted.
[3 : mcmc] Progress @ 2025-04-23 02:07:43 : 21791 steps taken, and 5457 accepted.
[2 : mcmc] Progress @ 2025-04-23 02:07:48 : 21823 steps taken, and 5453 accepted.
[1 : mcmc] Progress @ 2025-04-23 02:08:26 : 21802 steps taken, and 5322 accepted.
[3 : mcmc] Progress @ 2025-04-23 02:09:44 : 21877 steps taken, and 5480 accepted.
[0 : mcmc] Progress @ 2025-04-23 02:09:45 : 21430 steps taken, and 5367 accepted.
[2 : mcmc] Progress @ 2025-04-23 02:09:48 : 21927 steps taken, and 5483 accepted.
[1 : mcmc] Progress @ 2025-04-23 02:10:27 : 21894 steps taken, and 5355 accepted.
[3 : mcmc] Progress @ 2025-04-23 02:11:48 : 21967 steps taken, and 5502 accepted.
[2 : mcmc] Progress @ 2025-04-23 02:11:50 : 22013 steps taken, and 5506 accepted.
[0 : mcmc] Progress @ 2025-04-23 02:11:50 : 21526 steps taken, and 5401 accepted.
[1 : mcmc] Progress @ 2025-04-23 02:12:28 : 21980 steps taken, and 5383 accepted.
[2 : mcmc] Learn + convergence test @ 5520 samples accepted.
[2 : mcmc] Ready to check convergence and learn a new proposal covmat (waiting for the rest...)
[3 : mcmc] Learn + convergence test @ 5520 samples accepted.
[3 : mcmc] Ready to check convergence and learn a new proposal covmat (waiting for the rest...)
[0 : mcmc] Progress @ 2025-04-23 02:13:52 : 21612 steps taken, and 5424 accepted.
[3 : mcmc] Progress @ 2025-04-23 02:13:53 : 22054 steps taken, and 5529 accepted.
[2 : mcmc] Progress @ 2025-04-23 02:13:55 : 22105 steps taken, and 5535 accepted.
[1 : mcmc] Progress @ 2025-04-23 02:14:29 : 22059 steps taken, and 5415 accepted.
[0 : mcmc] Progress @ 2025-04-23 02:15:52 : 21711 steps taken, and 5447 accepted.
[3 : mcmc] Progress @ 2025-04-23 02:15:57 : 22157 steps taken, and 5556 accepted.
[2 : mcmc] Progress @ 2025-04-23 02:16:01 : 22198 steps taken, and 5559 accepted.
[1 : mcmc] Progress @ 2025-04-23 02:16:29 : 22137 steps taken, and 5433 accepted.
[0 : mcmc] Progress @ 2025-04-23 02:17:53 : 21802 steps taken, and 5473 accepted.
[3 : mcmc] Progress @ 2025-04-23 02:17:59 : 22249 steps taken, and 5580 accepted.
[2 : mcmc] Progress @ 2025-04-23 02:18:01 : 22294 steps taken, and 5589 accepted.
[1 : mcmc] Progress @ 2025-04-23 02:18:33 : 22228 steps taken, and 5457 accepted.
[0 : mcmc] Progress @ 2025-04-23 02:19:56 : 21877 steps taken, and 5493 accepted.
[3 : mcmc] Progress @ 2025-04-23 02:19:59 : 22335 steps taken, and 5597 accepted.
[2 : mcmc] Progress @ 2025-04-23 02:20:06 : 22391 steps taken, and 5614 accepted.
[1 : mcmc] Progress @ 2025-04-23 02:20:39 : 22311 steps taken, and 5482 accepted.
[0 : mcmc] Learn + convergence test @ 5520 samples accepted.
[0 : mcmc] Ready to check convergence and learn a new proposal covmat (waiting for the rest...)
[3 : mcmc] Progress @ 2025-04-23 02:21:59 : 22419 steps taken, and 5607 accepted.
[0 : mcmc] Progress @ 2025-04-23 02:22:01 : 21979 steps taken, and 5525 accepted.
[2 : mcmc] Progress @ 2025-04-23 02:22:11 : 22487 steps taken, and 5646 accepted.
[1 : mcmc] Progress @ 2025-04-23 02:22:41 : 22417 steps taken, and 5510 accepted.
[1 : mcmc] Learn + convergence test @ 5520 samples accepted.
[1 : mcmc] Ready to check convergence and learn a new proposal covmat (waiting for the rest...)
[0 : mcmc] All chains are ready to check convergence and learn a new proposal covmat
[0 : mcmc]  - Acceptance rate: 0.270 = avg([0.2680, 0.2695, 0.2748, 0.2667])
[0 : mcmc]  - Convergence of means: R-1 = 0.180672 after 22353 accepted steps = sum([5540, 5520, 5668, 5625])
[0 : mcmc]  - Updated covariance matrix of proposal pdf.
[3 : mcmc] Progress @ 2025-04-23 02:24:01 : 22512 steps taken, and 5631 accepted.
[0 : mcmc] Progress @ 2025-04-23 02:24:05 : 22067 steps taken, and 5544 accepted.
[2 : mcmc] Progress @ 2025-04-23 02:24:13 : 22577 steps taken, and 5679 accepted.
[1 : mcmc] Progress @ 2025-04-23 02:24:45 : 22520 steps taken, and 5533 accepted.
[3 : mcmc] Progress @ 2025-04-23 02:26:04 : 22642 steps taken, and 5661 accepted.
[0 : mcmc] Progress @ 2025-04-23 02:26:05 : 22145 steps taken, and 5565 accepted.
[2 : mcmc] Progress @ 2025-04-23 02:26:13 : 22674 steps taken, and 5702 accepted.
[1 : mcmc] Progress @ 2025-04-23 02:26:46 : 22613 steps taken, and 5560 accepted.
[0 : mcmc] Progress @ 2025-04-23 02:28:07 : 22227 steps taken, and 5586 accepted.
[3 : mcmc] Progress @ 2025-04-23 02:28:07 : 22732 steps taken, and 5694 accepted.
[2 : mcmc] Progress @ 2025-04-23 02:28:15 : 22766 steps taken, and 5725 accepted.
[1 : mcmc] Progress @ 2025-04-23 02:28:47 : 22718 steps taken, and 5582 accepted.
[3 : mcmc] Progress @ 2025-04-23 02:30:08 : 22832 steps taken, and 5723 accepted.
[0 : mcmc] Progress @ 2025-04-23 02:30:13 : 22317 steps taken, and 5610 accepted.
[2 : mcmc] Progress @ 2025-04-23 02:30:19 : 22877 steps taken, and 5748 accepted.
[2 : mcmc] Learn + convergence test @ 5750 samples accepted.
[2 : mcmc] Ready to check convergence and learn a new proposal covmat (waiting for the rest...)
[1 : mcmc] Progress @ 2025-04-23 02:30:47 : 22843 steps taken, and 5612 accepted.
[3 : mcmc] Progress @ 2025-04-23 02:32:10 : 22940 steps taken, and 5743 accepted.
[0 : mcmc] Progress @ 2025-04-23 02:32:13 : 22416 steps taken, and 5640 accepted.
[2 : mcmc] Progress @ 2025-04-23 02:32:25 : 22965 steps taken, and 5766 accepted.
[1 : mcmc] Progress @ 2025-04-23 02:32:48 : 22933 steps taken, and 5640 accepted.
[3 : mcmc] Learn + convergence test @ 5750 samples accepted.
[3 : mcmc] Ready to check convergence and learn a new proposal covmat (waiting for the rest...)
[3 : mcmc] Progress @ 2025-04-23 02:34:15 : 23024 steps taken, and 5766 accepted.
[0 : mcmc] Progress @ 2025-04-23 02:34:15 : 22501 steps taken, and 5663 accepted.
[2 : mcmc] Progress @ 2025-04-23 02:34:26 : 23047 steps taken, and 5783 accepted.
[1 : mcmc] Progress @ 2025-04-23 02:34:48 : 23046 steps taken, and 5658 accepted.
[0 : mcmc] Progress @ 2025-04-23 02:36:15 : 22583 steps taken, and 5687 accepted.
[3 : mcmc] Progress @ 2025-04-23 02:36:17 : 23115 steps taken, and 5790 accepted.
[2 : mcmc] Progress @ 2025-04-23 02:36:31 : 23146 steps taken, and 5806 accepted.
[1 : mcmc] Progress @ 2025-04-23 02:36:54 : 23168 steps taken, and 5685 accepted.
[0 : mcmc] Progress @ 2025-04-23 02:38:17 : 22667 steps taken, and 5705 accepted.
[3 : mcmc] Progress @ 2025-04-23 02:38:17 : 23203 steps taken, and 5812 accepted.
[2 : mcmc] Progress @ 2025-04-23 02:38:33 : 23237 steps taken, and 5820 accepted.
[1 : mcmc] Progress @ 2025-04-23 02:38:54 : 23262 steps taken, and 5713 accepted.
[0 : mcmc] Progress @ 2025-04-23 02:40:18 : 22755 steps taken, and 5736 accepted.
[3 : mcmc] Progress @ 2025-04-23 02:40:19 : 23294 steps taken, and 5833 accepted.
[2 : mcmc] Progress @ 2025-04-23 02:40:34 : 23311 steps taken, and 5844 accepted.
[1 : mcmc] Progress @ 2025-04-23 02:40:55 : 23341 steps taken, and 5734 accepted.
[0 : mcmc] Learn + convergence test @ 5750 samples accepted.
[0 : mcmc] Ready to check convergence and learn a new proposal covmat (waiting for the rest...)
[1 : mcmc] Learn + convergence test @ 5750 samples accepted.
[1 : mcmc] Ready to check convergence and learn a new proposal covmat (waiting for the rest...)
[0 : mcmc] All chains are ready to check convergence and learn a new proposal covmat
[0 : mcmc]  - Acceptance rate: 0.268 = avg([0.2681, 0.2664, 0.2703, 0.2660])
[0 : mcmc]  - Convergence of means: R-1 = 0.210996 after 23221 accepted steps = sum([5758, 5750, 5864, 5849])
[0 : mcmc]  - Updated covariance matrix of proposal pdf.
[0 : mcmc] Progress @ 2025-04-23 02:42:19 : 22842 steps taken, and 5759 accepted.
[3 : mcmc] Progress @ 2025-04-23 02:42:21 : 23382 steps taken, and 5854 accepted.
[2 : mcmc] Progress @ 2025-04-23 02:42:36 : 23419 steps taken, and 5876 accepted.
[1 : mcmc] Progress @ 2025-04-23 02:42:57 : 23422 steps taken, and 5761 accepted.
[0 : mcmc] Progress @ 2025-04-23 02:44:20 : 22931 steps taken, and 5783 accepted.
[3 : mcmc] Progress @ 2025-04-23 02:44:23 : 23472 steps taken, and 5883 accepted.
[2 : mcmc] Progress @ 2025-04-23 02:44:37 : 23528 steps taken, and 5903 accepted.
[1 : mcmc] Progress @ 2025-04-23 02:45:02 : 23510 steps taken, and 5784 accepted.
[0 : mcmc] Progress @ 2025-04-23 02:46:23 : 23008 steps taken, and 5796 accepted.
[3 : mcmc] Progress @ 2025-04-23 02:46:26 : 23570 steps taken, and 5910 accepted.
[2 : mcmc] Progress @ 2025-04-23 02:46:42 : 23619 steps taken, and 5927 accepted.
[1 : mcmc] Progress @ 2025-04-23 02:47:04 : 23621 steps taken, and 5810 accepted.
[0 : mcmc] Progress @ 2025-04-23 02:48:25 : 23099 steps taken, and 5818 accepted.
[3 : mcmc] Progress @ 2025-04-23 02:48:28 : 23655 steps taken, and 5947 accepted.
[2 : mcmc] Progress @ 2025-04-23 02:48:45 : 23718 steps taken, and 5964 accepted.
[1 : mcmc] Progress @ 2025-04-23 02:49:05 : 23711 steps taken, and 5832 accepted.
[2 : mcmc] Learn + convergence test @ 5980 samples accepted.
[2 : mcmc] Ready to check convergence and learn a new proposal covmat (waiting for the rest...)
[3 : mcmc] Progress @ 2025-04-23 02:50:28 : 23733 steps taken, and 5970 accepted.
[0 : mcmc] Progress @ 2025-04-23 02:50:30 : 23193 steps taken, and 5843 accepted.
[2 : mcmc] Progress @ 2025-04-23 02:50:46 : 23801 steps taken, and 5990 accepted.
[1 : mcmc] Progress @ 2025-04-23 02:51:05 : 23809 steps taken, and 5850 accepted.
[3 : mcmc] Learn + convergence test @ 5980 samples accepted.
[3 : mcmc] Ready to check convergence and learn a new proposal covmat (waiting for the rest...)
[3 : mcmc] Progress @ 2025-04-23 02:52:31 : 23826 steps taken, and 5988 accepted.
[0 : mcmc] Progress @ 2025-04-23 02:52:32 : 23280 steps taken, and 5867 accepted.
[2 : mcmc] Progress @ 2025-04-23 02:52:47 : 23904 steps taken, and 6017 accepted.
[1 : mcmc] Progress @ 2025-04-23 02:53:05 : 23907 steps taken, and 5871 accepted.
[3 : mcmc] Progress @ 2025-04-23 02:54:32 : 23940 steps taken, and 6018 accepted.
[0 : mcmc] Progress @ 2025-04-23 02:54:38 : 23433 steps taken, and 5902 accepted.
[2 : mcmc] Progress @ 2025-04-23 02:54:51 : 23990 steps taken, and 6040 accepted.
[1 : mcmc] Progress @ 2025-04-23 02:55:07 : 23987 steps taken, and 5895 accepted.
[3 : mcmc] Progress @ 2025-04-23 02:56:36 : 24030 steps taken, and 6044 accepted.
[0 : mcmc] Progress @ 2025-04-23 02:56:43 : 23531 steps taken, and 5920 accepted.
[2 : mcmc] Progress @ 2025-04-23 02:56:52 : 24097 steps taken, and 6066 accepted.
[1 : mcmc] Progress @ 2025-04-23 02:57:09 : 24064 steps taken, and 5919 accepted.
[3 : mcmc] Progress @ 2025-04-23 02:58:42 : 24115 steps taken, and 6075 accepted.
[0 : mcmc] Progress @ 2025-04-23 02:58:45 : 23627 steps taken, and 5942 accepted.
[2 : mcmc] Progress @ 2025-04-23 02:58:52 : 24215 steps taken, and 6096 accepted.
[1 : mcmc] Progress @ 2025-04-23 02:59:10 : 24160 steps taken, and 5951 accepted.
[3 : mcmc] Progress @ 2025-04-23 03:00:42 : 24235 steps taken, and 6105 accepted.
[0 : mcmc] Progress @ 2025-04-23 03:00:45 : 23718 steps taken, and 5966 accepted.
[2 : mcmc] Progress @ 2025-04-23 03:00:56 : 24297 steps taken, and 6117 accepted.
[1 : mcmc] Progress @ 2025-04-23 03:01:11 : 24251 steps taken, and 5965 accepted.
[0 : mcmc] Learn + convergence test @ 5980 samples accepted.
[0 : mcmc] Ready to check convergence and learn a new proposal covmat (waiting for the rest...)
[1 : mcmc] Learn + convergence test @ 5980 samples accepted.
[1 : mcmc] Ready to check convergence and learn a new proposal covmat (waiting for the rest...)
[0 : mcmc] All chains are ready to check convergence and learn a new proposal covmat
[3 : mcmc] Progress @ 2025-04-23 03:02:44 : 24343 steps taken, and 6127 accepted.
[0 : mcmc]  - Acceptance rate: 0.267 = avg([0.2646, 0.2639, 0.2713, 0.2677])
[0 : mcmc]  - Convergence of means: R-1 = 0.190613 after 24239 accepted steps = sum([5987, 5980, 6144, 6128])
[0 : mcmc]  - Updated covariance matrix of proposal pdf.
[0 : mcmc] Progress @ 2025-04-23 03:02:46 : 23808 steps taken, and 5987 accepted.
[2 : mcmc] Progress @ 2025-04-23 03:03:00 : 24393 steps taken, and 6149 accepted.
[1 : mcmc] Progress @ 2025-04-23 03:03:14 : 24328 steps taken, and 5983 accepted.
[0 : mcmc] Progress @ 2025-04-23 03:04:46 : 23922 steps taken, and 6012 accepted.
[3 : mcmc] Progress @ 2025-04-23 03:04:47 : 24424 steps taken, and 6141 accepted.
[2 : mcmc] Progress @ 2025-04-23 03:05:00 : 24475 steps taken, and 6167 accepted.
[1 : mcmc] Progress @ 2025-04-23 03:05:17 : 24427 steps taken, and 6007 accepted.
[0 : mcmc] Progress @ 2025-04-23 03:06:48 : 24020 steps taken, and 6034 accepted.
[3 : mcmc] Progress @ 2025-04-23 03:06:52 : 24532 steps taken, and 6168 accepted.
[2 : mcmc] Progress @ 2025-04-23 03:07:01 : 24572 steps taken, and 6191 accepted.
[1 : mcmc] Progress @ 2025-04-23 03:07:22 : 24529 steps taken, and 6033 accepted.
[2 : mcmc] Learn + convergence test @ 6210 samples accepted.
[2 : mcmc] Ready to check convergence and learn a new proposal covmat (waiting for the rest...)
[3 : mcmc] Progress @ 2025-04-23 03:08:52 : 24620 steps taken, and 6191 accepted.
[0 : mcmc] Progress @ 2025-04-23 03:08:53 : 24118 steps taken, and 6066 accepted.
[2 : mcmc] Progress @ 2025-04-23 03:09:03 : 24660 steps taken, and 6216 accepted.
[1 : mcmc] Progress @ 2025-04-23 03:09:22 : 24620 steps taken, and 6059 accepted.
[3 : mcmc] Learn + convergence test @ 6210 samples accepted.
[3 : mcmc] Ready to check convergence and learn a new proposal covmat (waiting for the rest...)
[3 : mcmc] Progress @ 2025-04-23 03:10:52 : 24741 steps taken, and 6237 accepted.
[0 : mcmc] Progress @ 2025-04-23 03:10:58 : 24216 steps taken, and 6087 accepted.
[2 : mcmc] Progress @ 2025-04-23 03:11:07 : 24740 steps taken, and 6240 accepted.
[1 : mcmc] Progress @ 2025-04-23 03:11:23 : 24715 steps taken, and 6090 accepted.
[3 : mcmc] Progress @ 2025-04-23 03:12:56 : 24846 steps taken, and 6268 accepted.
[0 : mcmc] Progress @ 2025-04-23 03:13:03 : 24312 steps taken, and 6108 accepted.
[2 : mcmc] Progress @ 2025-04-23 03:13:12 : 24831 steps taken, and 6262 accepted.
[1 : mcmc] Progress @ 2025-04-23 03:13:26 : 24818 steps taken, and 6118 accepted.
[3 : mcmc] Progress @ 2025-04-23 03:14:58 : 24935 steps taken, and 6297 accepted.
[0 : mcmc] Progress @ 2025-04-23 03:15:07 : 24409 steps taken, and 6125 accepted.
[2 : mcmc] Progress @ 2025-04-23 03:15:16 : 24913 steps taken, and 6288 accepted.
[1 : mcmc] Progress @ 2025-04-23 03:15:27 : 24904 steps taken, and 6138 accepted.
[3 : mcmc] Progress @ 2025-04-23 03:16:59 : 25042 steps taken, and 6315 accepted.
[0 : mcmc] Progress @ 2025-04-23 03:17:09 : 24496 steps taken, and 6147 accepted.
[2 : mcmc] Progress @ 2025-04-23 03:17:22 : 24994 steps taken, and 6314 accepted.
[1 : mcmc] Progress @ 2025-04-23 03:17:29 : 24992 steps taken, and 6153 accepted.
[3 : mcmc] Progress @ 2025-04-23 03:19:05 : 25143 steps taken, and 6339 accepted.
[0 : mcmc] Progress @ 2025-04-23 03:19:12 : 24584 steps taken, and 6172 accepted.
[2 : mcmc] Progress @ 2025-04-23 03:19:27 : 25101 steps taken, and 6343 accepted.
[1 : mcmc] Progress @ 2025-04-23 03:19:33 : 25077 steps taken, and 6173 accepted.
[3 : mcmc] Progress @ 2025-04-23 03:21:05 : 25266 steps taken, and 6368 accepted.
[0 : mcmc] Progress @ 2025-04-23 03:21:13 : 24666 steps taken, and 6200 accepted.
[2 : mcmc] Progress @ 2025-04-23 03:21:28 : 25216 steps taken, and 6371 accepted.
[1 : mcmc] Progress @ 2025-04-23 03:21:37 : 25177 steps taken, and 6202 accepted.
[0 : mcmc] Learn + convergence test @ 6210 samples accepted.
[0 : mcmc] Ready to check convergence and learn a new proposal covmat (waiting for the rest...)
[1 : mcmc] Learn + convergence test @ 6210 samples accepted.
[1 : mcmc] Ready to check convergence and learn a new proposal covmat (waiting for the rest...)
[0 : mcmc] All chains are ready to check convergence and learn a new proposal covmat
[0 : mcmc]  - Acceptance rate: 0.266 = avg([0.2628, 0.2639, 0.2706, 0.2666])
[0 : mcmc]  - Convergence of means: R-1 = 0.203321 after 25196 accepted steps = sum([6212, 6210, 6387, 6387])
[0 : mcmc]  - Updated covariance matrix of proposal pdf.
[3 : mcmc] Progress @ 2025-04-23 03:23:05 : 25358 steps taken, and 6395 accepted.
[0 : mcmc] Progress @ 2025-04-23 03:23:14 : 24749 steps taken, and 6215 accepted.
[2 : mcmc] Progress @ 2025-04-23 03:23:33 : 25313 steps taken, and 6398 accepted.
[1 : mcmc] Progress @ 2025-04-23 03:23:37 : 25238 steps taken, and 6222 accepted.
[3 : mcmc] Progress @ 2025-04-23 03:25:09 : 25441 steps taken, and 6420 accepted.
[0 : mcmc] Progress @ 2025-04-23 03:25:16 : 24839 steps taken, and 6241 accepted.
[2 : mcmc] Progress @ 2025-04-23 03:25:33 : 25403 steps taken, and 6413 accepted.
[1 : mcmc] Progress @ 2025-04-23 03:25:37 : 25322 steps taken, and 6254 accepted.
[3 : mcmc] Learn + convergence test @ 6440 samples accepted.
[3 : mcmc] Ready to check convergence and learn a new proposal covmat (waiting for the rest...)
[3 : mcmc] Progress @ 2025-04-23 03:27:14 : 25534 steps taken, and 6446 accepted.
[0 : mcmc] Progress @ 2025-04-23 03:27:17 : 25006 steps taken, and 6258 accepted.
[2 : mcmc] Progress @ 2025-04-23 03:27:37 : 25485 steps taken, and 6435 accepted.
[1 : mcmc] Progress @ 2025-04-23 03:27:42 : 25416 steps taken, and 6273 accepted.
[2 : mcmc] Learn + convergence test @ 6440 samples accepted.
[2 : mcmc] Ready to check convergence and learn a new proposal covmat (waiting for the rest...)
[3 : mcmc] Progress @ 2025-04-23 03:29:18 : 25619 steps taken, and 6467 accepted.
[0 : mcmc] Progress @ 2025-04-23 03:29:19 : 25117 steps taken, and 6282 accepted.
[2 : mcmc] Progress @ 2025-04-23 03:29:41 : 25583 steps taken, and 6469 accepted.
[1 : mcmc] Progress @ 2025-04-23 03:29:46 : 25502 steps taken, and 6298 accepted.
[0 : mcmc] Progress @ 2025-04-23 03:31:23 : 25213 steps taken, and 6305 accepted.
[3 : mcmc] Progress @ 2025-04-23 03:31:24 : 25701 steps taken, and 6488 accepted.
[2 : mcmc] Progress @ 2025-04-23 03:31:46 : 25668 steps taken, and 6491 accepted.
[1 : mcmc] Progress @ 2025-04-23 03:31:48 : 25588 steps taken, and 6328 accepted.
[0 : mcmc] Progress @ 2025-04-23 03:33:27 : 25320 steps taken, and 6338 accepted.
[3 : mcmc] Progress @ 2025-04-23 03:33:29 : 25798 steps taken, and 6519 accepted.
[1 : mcmc] Progress @ 2025-04-23 03:33:49 : 25677 steps taken, and 6349 accepted.
[2 : mcmc] Progress @ 2025-04-23 03:33:50 : 25752 steps taken, and 6520 accepted.
[0 : mcmc] Progress @ 2025-04-23 03:35:27 : 25401 steps taken, and 6364 accepted.
[3 : mcmc] Progress @ 2025-04-23 03:35:29 : 25893 steps taken, and 6543 accepted.
[1 : mcmc] Progress @ 2025-04-23 03:35:50 : 25775 steps taken, and 6372 accepted.
[2 : mcmc] Progress @ 2025-04-23 03:35:52 : 25842 steps taken, and 6546 accepted.
[0 : mcmc] Progress @ 2025-04-23 03:37:30 : 25486 steps taken, and 6381 accepted.
[3 : mcmc] Progress @ 2025-04-23 03:37:34 : 25987 steps taken, and 6572 accepted.
[2 : mcmc] Progress @ 2025-04-23 03:37:52 : 25924 steps taken, and 6564 accepted.
[1 : mcmc] Progress @ 2025-04-23 03:37:53 : 25868 steps taken, and 6391 accepted.
[0 : mcmc] Progress @ 2025-04-23 03:39:35 : 25575 steps taken, and 6403 accepted.
[3 : mcmc] Progress @ 2025-04-23 03:39:38 : 26070 steps taken, and 6591 accepted.
[2 : mcmc] Progress @ 2025-04-23 03:39:54 : 26011 steps taken, and 6591 accepted.
[1 : mcmc] Progress @ 2025-04-23 03:39:56 : 25957 steps taken, and 6420 accepted.
[1 : mcmc] Learn + convergence test @ 6440 samples accepted.
[1 : mcmc] Ready to check convergence and learn a new proposal covmat (waiting for the rest...)
[0 : mcmc] Progress @ 2025-04-23 03:41:39 : 25656 steps taken, and 6421 accepted.
[3 : mcmc] Progress @ 2025-04-23 03:41:40 : 26153 steps taken, and 6623 accepted.
[2 : mcmc] Progress @ 2025-04-23 03:41:54 : 26093 steps taken, and 6610 accepted.
[1 : mcmc] Progress @ 2025-04-23 03:42:02 : 26090 steps taken, and 6451 accepted.
[0 : mcmc] Learn + convergence test @ 6440 samples accepted.
[0 : mcmc] Ready to check convergence and learn a new proposal covmat (waiting for the rest...)
[0 : mcmc] All chains are ready to check convergence and learn a new proposal covmat
[0 : mcmc]  - Acceptance rate: 0.266 = avg([0.2608, 0.2620, 0.2727, 0.2690])
[0 : mcmc]  - Convergence of means: R-1 = 0.193609 after 26180 accepted steps = sum([6440, 6460, 6629, 6651])
[0 : mcmc]  - Updated covariance matrix of proposal pdf.
[3 : mcmc] Progress @ 2025-04-23 03:43:40 : 26241 steps taken, and 6653 accepted.
[0 : mcmc] Progress @ 2025-04-23 03:43:43 : 25725 steps taken, and 6442 accepted.
[2 : mcmc] Progress @ 2025-04-23 03:43:58 : 26168 steps taken, and 6634 accepted.
[1 : mcmc] Progress @ 2025-04-23 03:44:02 : 26180 steps taken, and 6467 accepted.
[3 : mcmc] Learn + convergence test @ 6670 samples accepted.
[3 : mcmc] Ready to check convergence and learn a new proposal covmat (waiting for the rest...)
[3 : mcmc] Progress @ 2025-04-23 03:45:42 : 26330 steps taken, and 6673 accepted.
[0 : mcmc] Progress @ 2025-04-23 03:45:46 : 25823 steps taken, and 6471 accepted.
[2 : mcmc] Progress @ 2025-04-23 03:46:01 : 26258 steps taken, and 6661 accepted.
[1 : mcmc] Progress @ 2025-04-23 03:46:04 : 26265 steps taken, and 6493 accepted.
[2 : mcmc] Learn + convergence test @ 6670 samples accepted.
[2 : mcmc] Ready to check convergence and learn a new proposal covmat (waiting for the rest...)
[3 : mcmc] Progress @ 2025-04-23 03:47:45 : 26441 steps taken, and 6694 accepted.
[0 : mcmc] Progress @ 2025-04-23 03:47:48 : 25913 steps taken, and 6506 accepted.
[2 : mcmc] Progress @ 2025-04-23 03:48:03 : 26357 steps taken, and 6684 accepted.
[1 : mcmc] Progress @ 2025-04-23 03:48:06 : 26352 steps taken, and 6519 accepted.
[3 : mcmc] Progress @ 2025-04-23 03:49:51 : 26521 steps taken, and 6714 accepted.
[0 : mcmc] Progress @ 2025-04-23 03:49:53 : 26012 steps taken, and 6536 accepted.
[2 : mcmc] Progress @ 2025-04-23 03:50:06 : 26488 steps taken, and 6711 accepted.
[1 : mcmc] Progress @ 2025-04-23 03:50:07 : 26431 steps taken, and 6542 accepted.
[3 : mcmc] Progress @ 2025-04-23 03:51:53 : 26604 steps taken, and 6735 accepted.
[0 : mcmc] Progress @ 2025-04-23 03:51:54 : 26096 steps taken, and 6562 accepted.
[2 : mcmc] Progress @ 2025-04-23 03:52:06 : 26576 steps taken, and 6736 accepted.
[1 : mcmc] Progress @ 2025-04-23 03:52:09 : 26508 steps taken, and 6564 accepted.
[3 : mcmc] Progress @ 2025-04-23 03:53:54 : 26718 steps taken, and 6769 accepted.
[0 : mcmc] Progress @ 2025-04-23 03:53:56 : 26205 steps taken, and 6595 accepted.
[2 : mcmc] Progress @ 2025-04-23 03:54:06 : 26661 steps taken, and 6761 accepted.
[1 : mcmc] Progress @ 2025-04-23 03:54:12 : 26600 steps taken, and 6591 accepted.
[3 : mcmc] Progress @ 2025-04-23 03:55:55 : 26804 steps taken, and 6796 accepted.
[0 : mcmc] Progress @ 2025-04-23 03:55:59 : 26288 steps taken, and 6614 accepted.
[2 : mcmc] Progress @ 2025-04-23 03:56:08 : 26741 steps taken, and 6785 accepted.
[1 : mcmc] Progress @ 2025-04-23 03:56:14 : 26685 steps taken, and 6611 accepted.
[3 : mcmc] Progress @ 2025-04-23 03:57:58 : 26899 steps taken, and 6830 accepted.
[0 : mcmc] Progress @ 2025-04-23 03:58:03 : 26375 steps taken, and 6638 accepted.
[2 : mcmc] Progress @ 2025-04-23 03:58:14 : 26826 steps taken, and 6806 accepted.
[1 : mcmc] Progress @ 2025-04-23 03:58:15 : 26777 steps taken, and 6630 accepted.
[3 : mcmc] Progress @ 2025-04-23 03:59:59 : 26983 steps taken, and 6852 accepted.
[0 : mcmc] Progress @ 2025-04-23 04:00:04 : 26466 steps taken, and 6663 accepted.
[2 : mcmc] Progress @ 2025-04-23 04:00:14 : 26925 steps taken, and 6836 accepted.
[1 : mcmc] Progress @ 2025-04-23 04:00:19 : 26885 steps taken, and 6659 accepted.
[0 : mcmc] Learn + convergence test @ 6670 samples accepted.
[0 : mcmc] Ready to check convergence and learn a new proposal covmat (waiting for the rest...)
[1 : mcmc] Learn + convergence test @ 6670 samples accepted.
[1 : mcmc] Ready to check convergence and learn a new proposal covmat (waiting for the rest...)
[0 : mcmc] All chains are ready to check convergence and learn a new proposal covmat
[0 : mcmc]  - Acceptance rate: 0.266 = avg([0.2619, 0.2619, 0.2728, 0.2681])
[0 : mcmc]  - Convergence of means: R-1 = 0.181782 after 27082 accepted steps = sum([6683, 6670, 6854, 6875])
[0 : mcmc]  - Updated covariance matrix of proposal pdf.
[3 : mcmc] Progress @ 2025-04-23 04:02:01 : 27059 steps taken, and 6881 accepted.
[0 : mcmc] Progress @ 2025-04-23 04:02:08 : 26557 steps taken, and 6688 accepted.
[2 : mcmc] Progress @ 2025-04-23 04:02:16 : 27014 steps taken, and 6858 accepted.
[1 : mcmc] Progress @ 2025-04-23 04:02:20 : 26956 steps taken, and 6675 accepted.
[3 : mcmc] Learn + convergence test @ 6900 samples accepted.
[3 : mcmc] Ready to check convergence and learn a new proposal covmat (waiting for the rest...)
[3 : mcmc] Progress @ 2025-04-23 04:04:05 : 27167 steps taken, and 6908 accepted.
[0 : mcmc] Progress @ 2025-04-23 04:04:08 : 26642 steps taken, and 6712 accepted.
[2 : mcmc] Progress @ 2025-04-23 04:04:16 : 27097 steps taken, and 6892 accepted.
[1 : mcmc] Progress @ 2025-04-23 04:04:20 : 27040 steps taken, and 6696 accepted.
[2 : mcmc] Learn + convergence test @ 6900 samples accepted.
[2 : mcmc] Ready to check convergence and learn a new proposal covmat (waiting for the rest...)
[3 : mcmc] Progress @ 2025-04-23 04:06:09 : 27286 steps taken, and 6929 accepted.
[0 : mcmc] Progress @ 2025-04-23 04:06:10 : 26768 steps taken, and 6743 accepted.
[2 : mcmc] Progress @ 2025-04-23 04:06:18 : 27185 steps taken, and 6920 accepted.
[1 : mcmc] Progress @ 2025-04-23 04:06:20 : 27119 steps taken, and 6721 accepted.
[3 : mcmc] Progress @ 2025-04-23 04:08:10 : 27374 steps taken, and 6951 accepted.
[0 : mcmc] Progress @ 2025-04-23 04:08:14 : 26849 steps taken, and 6771 accepted.
[2 : mcmc] Progress @ 2025-04-23 04:08:18 : 27266 steps taken, and 6946 accepted.
[1 : mcmc] Progress @ 2025-04-23 04:08:20 : 27205 steps taken, and 6737 accepted.
[3 : mcmc] Progress @ 2025-04-23 04:10:11 : 27459 steps taken, and 6973 accepted.
[0 : mcmc] Progress @ 2025-04-23 04:10:14 : 26944 steps taken, and 6793 accepted.
[1 : mcmc] Progress @ 2025-04-23 04:10:22 : 27291 steps taken, and 6762 accepted.
[2 : mcmc] Progress @ 2025-04-23 04:10:22 : 27354 steps taken, and 6971 accepted.
[3 : mcmc] Progress @ 2025-04-23 04:12:11 : 27553 steps taken, and 6994 accepted.
[0 : mcmc] Progress @ 2025-04-23 04:12:14 : 27023 steps taken, and 6818 accepted.
[1 : mcmc] Progress @ 2025-04-23 04:12:23 : 27373 steps taken, and 6785 accepted.
[2 : mcmc] Progress @ 2025-04-23 04:12:24 : 27435 steps taken, and 6991 accepted.
[3 : mcmc] Progress @ 2025-04-23 04:14:12 : 27667 steps taken, and 7020 accepted.
[0 : mcmc] Progress @ 2025-04-23 04:14:17 : 27127 steps taken, and 6849 accepted.
[2 : mcmc] Progress @ 2025-04-23 04:14:24 : 27521 steps taken, and 7018 accepted.
[1 : mcmc] Progress @ 2025-04-23 04:14:28 : 27461 steps taken, and 6809 accepted.
[3 : mcmc] Progress @ 2025-04-23 04:16:13 : 27759 steps taken, and 7047 accepted.
[0 : mcmc] Progress @ 2025-04-23 04:16:21 : 27210 steps taken, and 6875 accepted.
[2 : mcmc] Progress @ 2025-04-23 04:16:27 : 27619 steps taken, and 7045 accepted.
[1 : mcmc] Progress @ 2025-04-23 04:16:34 : 27551 steps taken, and 6834 accepted.
[0 : mcmc] Learn + convergence test @ 6900 samples accepted.
[0 : mcmc] Ready to check convergence and learn a new proposal covmat (waiting for the rest...)
[3 : mcmc] Progress @ 2025-04-23 04:18:17 : 27890 steps taken, and 7070 accepted.
[0 : mcmc] Progress @ 2025-04-23 04:18:24 : 27312 steps taken, and 6903 accepted.
[2 : mcmc] Progress @ 2025-04-23 04:18:28 : 27721 steps taken, and 7063 accepted.
[1 : mcmc] Progress @ 2025-04-23 04:18:39 : 27637 steps taken, and 6861 accepted.
[3 : mcmc] Progress @ 2025-04-23 04:20:19 : 27982 steps taken, and 7096 accepted.
[2 : mcmc] Progress @ 2025-04-23 04:20:28 : 27814 steps taken, and 7080 accepted.
[0 : mcmc] Progress @ 2025-04-23 04:20:30 : 27401 steps taken, and 6930 accepted.
[1 : mcmc] Progress @ 2025-04-23 04:20:40 : 27719 steps taken, and 6888 accepted.
[1 : mcmc] Learn + convergence test @ 6900 samples accepted.
[1 : mcmc] Ready to check convergence and learn a new proposal covmat (waiting for the rest...)
[0 : mcmc] All chains are ready to check convergence and learn a new proposal covmat
[0 : mcmc]  - Acceptance rate: 0.268 = avg([0.2662, 0.2655, 0.2729, 0.2659])
[0 : mcmc]  - Convergence of means: R-1 = 0.171100 after 28054 accepted steps = sum([6943, 6900, 7095, 7116])
[0 : mcmc]  - Updated covariance matrix of proposal pdf.
[3 : mcmc] Progress @ 2025-04-23 04:22:23 : 28063 steps taken, and 7118 accepted.
[0 : mcmc] Progress @ 2025-04-23 04:22:33 : 27483 steps taken, and 6958 accepted.
[2 : mcmc] Progress @ 2025-04-23 04:22:34 : 27888 steps taken, and 7101 accepted.
[1 : mcmc] Progress @ 2025-04-23 04:22:45 : 27804 steps taken, and 6912 accepted.
[3 : mcmc] Learn + convergence test @ 7130 samples accepted.
[3 : mcmc] Ready to check convergence and learn a new proposal covmat (waiting for the rest...)
[3 : mcmc] Progress @ 2025-04-23 04:24:23 : 28153 steps taken, and 7137 accepted.
[0 : mcmc] Progress @ 2025-04-23 04:24:33 : 27578 steps taken, and 6985 accepted.
[2 : mcmc] Progress @ 2025-04-23 04:24:39 : 27986 steps taken, and 7130 accepted.
[2 : mcmc] Learn + convergence test @ 7130 samples accepted.
[2 : mcmc] Ready to check convergence and learn a new proposal covmat (waiting for the rest...)
[1 : mcmc] Progress @ 2025-04-23 04:24:49 : 27892 steps taken, and 6941 accepted.
[3 : mcmc] Progress @ 2025-04-23 04:26:28 : 28239 steps taken, and 7160 accepted.
[0 : mcmc] Progress @ 2025-04-23 04:26:34 : 27673 steps taken, and 7013 accepted.
[2 : mcmc] Progress @ 2025-04-23 04:26:41 : 28063 steps taken, and 7154 accepted.
[1 : mcmc] Progress @ 2025-04-23 04:26:54 : 27977 steps taken, and 6965 accepted.
[3 : mcmc] Progress @ 2025-04-23 04:28:29 : 28322 steps taken, and 7186 accepted.
[0 : mcmc] Progress @ 2025-04-23 04:28:34 : 27766 steps taken, and 7044 accepted.
[2 : mcmc] Progress @ 2025-04-23 04:28:41 : 28175 steps taken, and 7179 accepted.
[1 : mcmc] Progress @ 2025-04-23 04:28:54 : 28063 steps taken, and 6987 accepted.
[3 : mcmc] Progress @ 2025-04-23 04:30:30 : 28424 steps taken, and 7212 accepted.
[0 : mcmc] Progress @ 2025-04-23 04:30:39 : 27849 steps taken, and 7061 accepted.
[2 : mcmc] Progress @ 2025-04-23 04:30:41 : 28282 steps taken, and 7206 accepted.
[1 : mcmc] Progress @ 2025-04-23 04:30:55 : 28145 steps taken, and 7011 accepted.
[3 : mcmc] Progress @ 2025-04-23 04:32:30 : 28500 steps taken, and 7244 accepted.
[2 : mcmc] Progress @ 2025-04-23 04:32:42 : 28362 steps taken, and 7231 accepted.
[0 : mcmc] Progress @ 2025-04-23 04:32:44 : 27942 steps taken, and 7094 accepted.
[1 : mcmc] Progress @ 2025-04-23 04:32:55 : 28238 steps taken, and 7043 accepted.
[3 : mcmc] Progress @ 2025-04-23 04:34:30 : 28592 steps taken, and 7272 accepted.
[2 : mcmc] Progress @ 2025-04-23 04:34:45 : 28449 steps taken, and 7263 accepted.
[0 : mcmc] Progress @ 2025-04-23 04:34:46 : 28017 steps taken, and 7117 accepted.
[1 : mcmc] Progress @ 2025-04-23 04:34:57 : 28333 steps taken, and 7069 accepted.
[0 : mcmc] Learn + convergence test @ 7130 samples accepted.
[0 : mcmc] Ready to check convergence and learn a new proposal covmat (waiting for the rest...)
[3 : mcmc] Progress @ 2025-04-23 04:36:30 : 28676 steps taken, and 7291 accepted.
[0 : mcmc] Progress @ 2025-04-23 04:36:47 : 28105 steps taken, and 7148 accepted.
[2 : mcmc] Progress @ 2025-04-23 04:36:48 : 28533 steps taken, and 7291 accepted.
[1 : mcmc] Progress @ 2025-04-23 04:36:59 : 28415 steps taken, and 7103 accepted.
[3 : mcmc] Progress @ 2025-04-23 04:38:34 : 28776 steps taken, and 7315 accepted.
[2 : mcmc] Progress @ 2025-04-23 04:38:50 : 28626 steps taken, and 7315 accepted.
[0 : mcmc] Progress @ 2025-04-23 04:38:51 : 28195 steps taken, and 7169 accepted.
[1 : mcmc] Progress @ 2025-04-23 04:38:59 : 28502 steps taken, and 7124 accepted.
[1 : mcmc] Learn + convergence test @ 7130 samples accepted.
[1 : mcmc] Ready to check convergence and learn a new proposal covmat (waiting for the rest...)
[0 : mcmc] All chains are ready to check convergence and learn a new proposal covmat
[0 : mcmc]  - Acceptance rate: 0.268 = avg([0.2684, 0.2668, 0.2728, 0.2658])
[0 : mcmc]  - Convergence of means: R-1 = 0.152504 after 28966 accepted steps = sum([7181, 7130, 7326, 7329])
[0 : mcmc]  - Updated covariance matrix of proposal pdf.
[3 : mcmc] Progress @ 2025-04-23 04:40:37 : 28871 steps taken, and 7335 accepted.
[2 : mcmc] Progress @ 2025-04-23 04:40:50 : 28705 steps taken, and 7341 accepted.
[0 : mcmc] Progress @ 2025-04-23 04:40:54 : 28288 steps taken, and 7191 accepted.
[1 : mcmc] Progress @ 2025-04-23 04:41:03 : 28600 steps taken, and 7141 accepted.
[2 : mcmc] Learn + convergence test @ 7360 samples accepted.
[2 : mcmc] Ready to check convergence and learn a new proposal covmat (waiting for the rest...)
[3 : mcmc] Learn + convergence test @ 7360 samples accepted.
[3 : mcmc] Ready to check convergence and learn a new proposal covmat (waiting for the rest...)
[3 : mcmc] Progress @ 2025-04-23 04:42:39 : 28977 steps taken, and 7361 accepted.
[2 : mcmc] Progress @ 2025-04-23 04:42:56 : 28794 steps taken, and 7376 accepted.
[0 : mcmc] Progress @ 2025-04-23 04:42:58 : 28392 steps taken, and 7215 accepted.
[1 : mcmc] Progress @ 2025-04-23 04:43:04 : 28686 steps taken, and 7164 accepted.
[3 : mcmc] Progress @ 2025-04-23 04:44:45 : 29075 steps taken, and 7386 accepted.
[2 : mcmc] Progress @ 2025-04-23 04:45:00 : 28889 steps taken, and 7394 accepted.
[0 : mcmc] Progress @ 2025-04-23 04:45:01 : 28500 steps taken, and 7235 accepted.
[1 : mcmc] Progress @ 2025-04-23 04:45:09 : 28778 steps taken, and 7193 accepted.
[3 : mcmc] Progress @ 2025-04-23 04:46:46 : 29161 steps taken, and 7400 accepted.
[2 : mcmc] Progress @ 2025-04-23 04:47:00 : 28976 steps taken, and 7419 accepted.
[0 : mcmc] Progress @ 2025-04-23 04:47:05 : 28608 steps taken, and 7255 accepted.
[1 : mcmc] Progress @ 2025-04-23 04:47:10 : 28866 steps taken, and 7219 accepted.
[3 : mcmc] Progress @ 2025-04-23 04:48:49 : 29259 steps taken, and 7428 accepted.
[2 : mcmc] Progress @ 2025-04-23 04:49:00 : 29064 steps taken, and 7446 accepted.
[0 : mcmc] Progress @ 2025-04-23 04:49:06 : 28688 steps taken, and 7279 accepted.
[1 : mcmc] Progress @ 2025-04-23 04:49:15 : 28955 steps taken, and 7242 accepted.
[3 : mcmc] Progress @ 2025-04-23 04:50:49 : 29364 steps taken, and 7456 accepted.
[2 : mcmc] Progress @ 2025-04-23 04:51:00 : 29153 steps taken, and 7474 accepted.
[0 : mcmc] Progress @ 2025-04-23 04:51:09 : 28769 steps taken, and 7305 accepted.
[1 : mcmc] Progress @ 2025-04-23 04:51:19 : 29037 steps taken, and 7261 accepted.
[3 : mcmc] Progress @ 2025-04-23 04:52:53 : 29448 steps taken, and 7480 accepted.
[2 : mcmc] Progress @ 2025-04-23 04:53:00 : 29251 steps taken, and 7496 accepted.
[0 : mcmc] Progress @ 2025-04-23 04:53:13 : 28865 steps taken, and 7342 accepted.
[1 : mcmc] Progress @ 2025-04-23 04:53:23 : 29120 steps taken, and 7283 accepted.
[0 : mcmc] Learn + convergence test @ 7360 samples accepted.
[0 : mcmc] Ready to check convergence and learn a new proposal covmat (waiting for the rest...)
[3 : mcmc] Progress @ 2025-04-23 04:54:56 : 29550 steps taken, and 7502 accepted.
[2 : mcmc] Progress @ 2025-04-23 04:55:05 : 29346 steps taken, and 7525 accepted.
[0 : mcmc] Progress @ 2025-04-23 04:55:18 : 28947 steps taken, and 7367 accepted.
[1 : mcmc] Progress @ 2025-04-23 04:55:27 : 29202 steps taken, and 7310 accepted.
[3 : mcmc] Progress @ 2025-04-23 04:57:00 : 29647 steps taken, and 7530 accepted.
[2 : mcmc] Progress @ 2025-04-23 04:57:06 : 29432 steps taken, and 7547 accepted.
[0 : mcmc] Progress @ 2025-04-23 04:57:20 : 29036 steps taken, and 7402 accepted.
[1 : mcmc] Progress @ 2025-04-23 04:57:31 : 29298 steps taken, and 7332 accepted.
[3 : mcmc] Progress @ 2025-04-23 04:59:05 : 29737 steps taken, and 7549 accepted.
[2 : mcmc] Progress @ 2025-04-23 04:59:08 : 29519 steps taken, and 7566 accepted.
[1 : mcmc] Learn + convergence test @ 7360 samples accepted.
[1 : mcmc] Ready to check convergence and learn a new proposal covmat (waiting for the rest...)
[0 : mcmc] Progress @ 2025-04-23 04:59:21 : 29130 steps taken, and 7423 accepted.
[0 : mcmc] All chains are ready to check convergence and learn a new proposal covmat
[0 : mcmc]  - Acceptance rate: 0.268 = avg([0.2684, 0.2663, 0.2731, 0.2643])
[0 : mcmc]  - Convergence of means: R-1 = 0.177517 after 29909 accepted steps = sum([7424, 7360, 7568, 7557])
[0 : mcmc]  - Updated covariance matrix of proposal pdf.
[1 : mcmc] Progress @ 2025-04-23 04:59:35 : 29395 steps taken, and 7360 accepted.
[2 : mcmc] Learn + convergence test @ 7590 samples accepted.
[2 : mcmc] Ready to check convergence and learn a new proposal covmat (waiting for the rest...)
[3 : mcmc] Progress @ 2025-04-23 05:01:08 : 29818 steps taken, and 7576 accepted.
[2 : mcmc] Progress @ 2025-04-23 05:01:12 : 29623 steps taken, and 7590 accepted.
[0 : mcmc] Progress @ 2025-04-23 05:01:23 : 29208 steps taken, and 7442 accepted.
[1 : mcmc] Progress @ 2025-04-23 05:01:38 : 29489 steps taken, and 7383 accepted.
[3 : mcmc] Learn + convergence test @ 7590 samples accepted.
[3 : mcmc] Ready to check convergence and learn a new proposal covmat (waiting for the rest...)
[3 : mcmc] Progress @ 2025-04-23 05:03:13 : 29901 steps taken, and 7601 accepted.
[2 : mcmc] Progress @ 2025-04-23 05:03:14 : 29731 steps taken, and 7614 accepted.
[0 : mcmc] Progress @ 2025-04-23 05:03:25 : 29324 steps taken, and 7473 accepted.
[1 : mcmc] Progress @ 2025-04-23 05:03:42 : 29578 steps taken, and 7417 accepted.
[3 : mcmc] Progress @ 2025-04-23 05:05:14 : 29998 steps taken, and 7626 accepted.
[2 : mcmc] Progress @ 2025-04-23 05:05:18 : 29837 steps taken, and 7641 accepted.
[0 : mcmc] Progress @ 2025-04-23 05:05:25 : 29410 steps taken, and 7489 accepted.
[1 : mcmc] Progress @ 2025-04-23 05:05:43 : 29666 steps taken, and 7442 accepted.
[3 : mcmc] Progress @ 2025-04-23 05:07:15 : 30100 steps taken, and 7653 accepted.
[2 : mcmc] Progress @ 2025-04-23 05:07:21 : 29937 steps taken, and 7658 accepted.
[0 : mcmc] Progress @ 2025-04-23 05:07:29 : 29496 steps taken, and 7513 accepted.
[1 : mcmc] Progress @ 2025-04-23 05:07:49 : 29756 steps taken, and 7471 accepted.
[3 : mcmc] Progress @ 2025-04-23 05:09:21 : 30198 steps taken, and 7684 accepted.
[2 : mcmc] Progress @ 2025-04-23 05:09:21 : 30032 steps taken, and 7692 accepted.
[0 : mcmc] Progress @ 2025-04-23 05:09:30 : 29590 steps taken, and 7531 accepted.
[1 : mcmc] Progress @ 2025-04-23 05:09:54 : 29841 steps taken, and 7495 accepted.
[2 : mcmc] Progress @ 2025-04-23 05:11:24 : 30132 steps taken, and 7719 accepted.
[3 : mcmc] Progress @ 2025-04-23 05:11:25 : 30286 steps taken, and 7709 accepted.
[0 : mcmc] Progress @ 2025-04-23 05:11:34 : 29694 steps taken, and 7556 accepted.
[1 : mcmc] Progress @ 2025-04-23 05:11:54 : 29932 steps taken, and 7522 accepted.
[3 : mcmc] Progress @ 2025-04-23 05:13:26 : 30371 steps taken, and 7724 accepted.
[2 : mcmc] Progress @ 2025-04-23 05:13:26 : 30221 steps taken, and 7746 accepted.
[0 : mcmc] Progress @ 2025-04-23 05:13:40 : 29809 steps taken, and 7577 accepted.
[1 : mcmc] Progress @ 2025-04-23 05:13:54 : 30007 steps taken, and 7537 accepted.
[0 : mcmc] Learn + convergence test @ 7590 samples accepted.
[0 : mcmc] Ready to check convergence and learn a new proposal covmat (waiting for the rest...)
[3 : mcmc] Progress @ 2025-04-23 05:15:26 : 30456 steps taken, and 7747 accepted.
[2 : mcmc] Progress @ 2025-04-23 05:15:31 : 30309 steps taken, and 7767 accepted.
[0 : mcmc] Progress @ 2025-04-23 05:15:44 : 29925 steps taken, and 7598 accepted.
[1 : mcmc] Progress @ 2025-04-23 05:15:55 : 30094 steps taken, and 7558 accepted.
[3 : mcmc] Progress @ 2025-04-23 05:17:26 : 30539 steps taken, and 7764 accepted.
[2 : mcmc] Progress @ 2025-04-23 05:17:32 : 30388 steps taken, and 7795 accepted.
[0 : mcmc] Progress @ 2025-04-23 05:17:44 : 30009 steps taken, and 7625 accepted.
[1 : mcmc] Progress @ 2025-04-23 05:17:57 : 30184 steps taken, and 7580 accepted.
[1 : mcmc] Learn + convergence test @ 7590 samples accepted.
[1 : mcmc] Ready to check convergence and learn a new proposal covmat (waiting for the rest...)
[0 : mcmc] All chains are ready to check convergence and learn a new proposal covmat
[0 : mcmc]  - Acceptance rate: 0.267 = avg([0.2664, 0.2665, 0.2721, 0.2648])
[0 : mcmc]  - Convergence of means: R-1 = 0.154616 after 30803 accepted steps = sum([7629, 7590, 7807, 7777])
[0 : mcmc]  - Updated covariance matrix of proposal pdf.
[3 : mcmc] Progress @ 2025-04-23 05:19:28 : 30614 steps taken, and 7788 accepted.
[2 : mcmc] Progress @ 2025-04-23 05:19:33 : 30466 steps taken, and 7819 accepted.
[2 : mcmc] Learn + convergence test @ 7820 samples accepted.
[2 : mcmc] Ready to check convergence and learn a new proposal covmat (waiting for the rest...)
[0 : mcmc] Progress @ 2025-04-23 05:19:48 : 30089 steps taken, and 7640 accepted.
[1 : mcmc] Progress @ 2025-04-23 05:20:00 : 30267 steps taken, and 7605 accepted.
[3 : mcmc] Progress @ 2025-04-23 05:21:28 : 30700 steps taken, and 7815 accepted.
[2 : mcmc] Progress @ 2025-04-23 05:21:35 : 30557 steps taken, and 7849 accepted.
[3 : mcmc] Learn + convergence test @ 7820 samples accepted.
[3 : mcmc] Ready to check convergence and learn a new proposal covmat (waiting for the rest...)
[0 : mcmc] Progress @ 2025-04-23 05:21:52 : 30191 steps taken, and 7676 accepted.
[1 : mcmc] Progress @ 2025-04-23 05:22:00 : 30378 steps taken, and 7629 accepted.
[3 : mcmc] Progress @ 2025-04-23 05:23:31 : 30791 steps taken, and 7836 accepted.
[2 : mcmc] Progress @ 2025-04-23 05:23:39 : 30639 steps taken, and 7871 accepted.
[0 : mcmc] Progress @ 2025-04-23 05:23:57 : 30284 steps taken, and 7692 accepted.
[1 : mcmc] Progress @ 2025-04-23 05:24:01 : 30467 steps taken, and 7647 accepted.
[3 : mcmc] Progress @ 2025-04-23 05:25:31 : 30879 steps taken, and 7862 accepted.
[2 : mcmc] Progress @ 2025-04-23 05:25:39 : 30723 steps taken, and 7896 accepted.
[0 : mcmc] Progress @ 2025-04-23 05:25:59 : 30386 steps taken, and 7726 accepted.
[1 : mcmc] Progress @ 2025-04-23 05:26:02 : 30576 steps taken, and 7673 accepted.
[3 : mcmc] Progress @ 2025-04-23 05:27:34 : 30964 steps taken, and 7887 accepted.
[2 : mcmc] Progress @ 2025-04-23 05:27:45 : 30812 steps taken, and 7933 accepted.
[0 : mcmc] Progress @ 2025-04-23 05:28:00 : 30495 steps taken, and 7751 accepted.
[1 : mcmc] Progress @ 2025-04-23 05:28:03 : 30673 steps taken, and 7696 accepted.
[3 : mcmc] Progress @ 2025-04-23 05:29:34 : 31051 steps taken, and 7907 accepted.
[2 : mcmc] Progress @ 2025-04-23 05:29:48 : 30898 steps taken, and 7965 accepted.
[0 : mcmc] Progress @ 2025-04-23 05:30:03 : 30588 steps taken, and 7767 accepted.
[1 : mcmc] Progress @ 2025-04-23 05:30:03 : 30753 steps taken, and 7711 accepted.
[3 : mcmc] Progress @ 2025-04-23 05:31:35 : 31137 steps taken, and 7926 accepted.
[2 : mcmc] Progress @ 2025-04-23 05:31:53 : 30982 steps taken, and 7991 accepted.
[1 : mcmc] Progress @ 2025-04-23 05:32:04 : 30843 steps taken, and 7738 accepted.
[0 : mcmc] Progress @ 2025-04-23 05:32:06 : 30679 steps taken, and 7796 accepted.
[3 : mcmc] Progress @ 2025-04-23 05:33:40 : 31217 steps taken, and 7951 accepted.
[2 : mcmc] Progress @ 2025-04-23 05:33:57 : 31063 steps taken, and 8015 accepted.
[0 : mcmc] Learn + convergence test @ 7820 samples accepted.
[0 : mcmc] Ready to check convergence and learn a new proposal covmat (waiting for the rest...)
[1 : mcmc] Progress @ 2025-04-23 05:34:06 : 30931 steps taken, and 7764 accepted.
[0 : mcmc] Progress @ 2025-04-23 05:34:06 : 30780 steps taken, and 7820 accepted.
[3 : mcmc] Progress @ 2025-04-23 05:35:43 : 31310 steps taken, and 7976 accepted.
[2 : mcmc] Progress @ 2025-04-23 05:35:57 : 31144 steps taken, and 8036 accepted.
[0 : mcmc] Progress @ 2025-04-23 05:36:07 : 30858 steps taken, and 7835 accepted.
[1 : mcmc] Progress @ 2025-04-23 05:36:10 : 31019 steps taken, and 7789 accepted.
[2 : mcmc] Learn + convergence test @ 8050 samples accepted.
[3 : mcmc] Progress @ 2025-04-23 05:37:43 : 31400 steps taken, and 8002 accepted.
[2 : mcmc] Progress @ 2025-04-23 05:37:58 : 31236 steps taken, and 8065 accepted.
[0 : mcmc] Progress @ 2025-04-23 05:38:07 : 30964 steps taken, and 7855 accepted.
[1 : mcmc] Progress @ 2025-04-23 05:38:13 : 31121 steps taken, and 7815 accepted.
[1 : mcmc] Learn + convergence test @ 7820 samples accepted.
[1 : mcmc] Ready to check convergence and learn a new proposal covmat (waiting for the rest...)
[0 : mcmc] All chains are ready to check convergence and learn a new proposal covmat
[0 : mcmc]  - Acceptance rate: 0.268 = avg([0.2652, 0.2644, 0.2752, 0.2656])
[0 : mcmc]  - Convergence of means: R-1 = 0.147864 after 31775 accepted steps = sum([7863, 7820, 8078, 8014])
[0 : mcmc]  - Updated covariance matrix of proposal pdf.
[3 : mcmc] Progress @ 2025-04-23 05:39:44 : 31469 steps taken, and 8022 accepted.
[2 : mcmc] Progress @ 2025-04-23 05:39:59 : 31317 steps taken, and 8090 accepted.
[0 : mcmc] Progress @ 2025-04-23 05:40:13 : 31047 steps taken, and 7881 accepted.
[1 : mcmc] Progress @ 2025-04-23 05:40:18 : 31201 steps taken, and 7836 accepted.
[3 : mcmc] Progress @ 2025-04-23 05:41:50 : 31558 steps taken, and 8040 accepted.
[2 : mcmc] Progress @ 2025-04-23 05:42:00 : 31405 steps taken, and 8117 accepted.
[0 : mcmc] Progress @ 2025-04-23 05:42:17 : 31127 steps taken, and 7904 accepted.
[1 : mcmc] Progress @ 2025-04-23 05:42:18 : 31282 steps taken, and 7859 accepted.
[3 : mcmc] Learn + convergence test @ 8050 samples accepted.
[3 : mcmc] Ready to check convergence and learn a new proposal covmat (waiting for the rest...)
[3 : mcmc] Progress @ 2025-04-23 05:43:50 : 31647 steps taken, and 8055 accepted.
[2 : mcmc] Progress @ 2025-04-23 05:44:00 : 31494 steps taken, and 8147 accepted.
[1 : mcmc] Progress @ 2025-04-23 05:44:19 : 31365 steps taken, and 7886 accepted.
[0 : mcmc] Progress @ 2025-04-23 05:44:20 : 31234 steps taken, and 7936 accepted.
[3 : mcmc] Progress @ 2025-04-23 05:45:52 : 31735 steps taken, and 8086 accepted.
[2 : mcmc] Progress @ 2025-04-23 05:46:02 : 31581 steps taken, and 8166 accepted.
[1 : mcmc] Progress @ 2025-04-23 05:46:21 : 31444 steps taken, and 7908 accepted.
[0 : mcmc] Progress @ 2025-04-23 05:46:22 : 31338 steps taken, and 7960 accepted.
[3 : mcmc] Progress @ 2025-04-23 05:47:52 : 31825 steps taken, and 8109 accepted.
[2 : mcmc] Progress @ 2025-04-23 05:48:04 : 31702 steps taken, and 8201 accepted.
[0 : mcmc] Progress @ 2025-04-23 05:48:23 : 31423 steps taken, and 7986 accepted.
[1 : mcmc] Progress @ 2025-04-23 05:48:24 : 31539 steps taken, and 7934 accepted.
[3 : mcmc] Progress @ 2025-04-23 05:49:57 : 31912 steps taken, and 8137 accepted.
[2 : mcmc] Progress @ 2025-04-23 05:50:08 : 31793 steps taken, and 8227 accepted.
[1 : mcmc] Progress @ 2025-04-23 05:50:27 : 31636 steps taken, and 7962 accepted.
[0 : mcmc] Progress @ 2025-04-23 05:50:29 : 31517 steps taken, and 8008 accepted.
[3 : mcmc] Progress @ 2025-04-23 05:51:59 : 31999 steps taken, and 8160 accepted.
[2 : mcmc] Progress @ 2025-04-23 05:52:14 : 31889 steps taken, and 8252 accepted.
[0 : mcmc] Progress @ 2025-04-23 05:52:29 : 31613 steps taken, and 8034 accepted.
[1 : mcmc] Progress @ 2025-04-23 05:52:29 : 31744 steps taken, and 7982 accepted.
[0 : mcmc] Learn + convergence test @ 8050 samples accepted.
[0 : mcmc] Ready to check convergence and learn a new proposal covmat (waiting for the rest...)
[3 : mcmc] Progress @ 2025-04-23 05:54:01 : 32103 steps taken, and 8184 accepted.
[2 : mcmc] Progress @ 2025-04-23 05:54:17 : 31971 steps taken, and 8279 accepted.
[2 : mcmc] Learn + convergence test @ 8280 samples accepted.
[2 : mcmc] Ready to check convergence and learn a new proposal covmat (waiting for the rest...)
[0 : mcmc] Progress @ 2025-04-23 05:54:29 : 31693 steps taken, and 8055 accepted.
[1 : mcmc] Progress @ 2025-04-23 05:54:32 : 31847 steps taken, and 8003 accepted.
[3 : mcmc] Progress @ 2025-04-23 05:56:01 : 32220 steps taken, and 8208 accepted.
[2 : mcmc] Progress @ 2025-04-23 05:56:19 : 32067 steps taken, and 8306 accepted.
[0 : mcmc] Progress @ 2025-04-23 05:56:29 : 31788 steps taken, and 8080 accepted.
[1 : mcmc] Progress @ 2025-04-23 05:56:38 : 31936 steps taken, and 8029 accepted.
[3 : mcmc] Progress @ 2025-04-23 05:58:04 : 32314 steps taken, and 8232 accepted.
[2 : mcmc] Progress @ 2025-04-23 05:58:21 : 32168 steps taken, and 8329 accepted.
[0 : mcmc] Progress @ 2025-04-23 05:58:32 : 31871 steps taken, and 8104 accepted.
[1 : mcmc] Progress @ 2025-04-23 05:58:38 : 32019 steps taken, and 8047 accepted.
[1 : mcmc] Learn + convergence test @ 8050 samples accepted.
[1 : mcmc] Ready to check convergence and learn a new proposal covmat (waiting for the rest...)
[0 : mcmc] All chains are ready to check convergence and learn a new proposal covmat
[0 : mcmc]  - Acceptance rate: 0.267 = avg([0.2645, 0.2635, 0.2755, 0.2640])
[0 : mcmc]  - Convergence of means: R-1 = 0.128204 after 32750 accepted steps = sum([8111, 8050, 8340, 8249])
[0 : mcmc]  - Updated covariance matrix of proposal pdf.
[3 : mcmc] Progress @ 2025-04-23 06:00:09 : 32402 steps taken, and 8256 accepted.
[2 : mcmc] Progress @ 2025-04-23 06:00:24 : 32275 steps taken, and 8355 accepted.
[0 : mcmc] Progress @ 2025-04-23 06:00:32 : 31950 steps taken, and 8125 accepted.
[1 : mcmc] Progress @ 2025-04-23 06:00:42 : 32099 steps taken, and 8062 accepted.
[3 : mcmc] Progress @ 2025-04-23 06:02:14 : 32487 steps taken, and 8271 accepted.
[2 : mcmc] Progress @ 2025-04-23 06:02:24 : 32410 steps taken, and 8373 accepted.
[0 : mcmc] Progress @ 2025-04-23 06:02:32 : 32050 steps taken, and 8160 accepted.
[1 : mcmc] Progress @ 2025-04-23 06:02:48 : 32190 steps taken, and 8084 accepted.
[3 : mcmc] Learn + convergence test @ 8280 samples accepted.
[3 : mcmc] Ready to check convergence and learn a new proposal covmat (waiting for the rest...)
[3 : mcmc] Progress @ 2025-04-23 06:04:19 : 32576 steps taken, and 8301 accepted.
[2 : mcmc] Progress @ 2025-04-23 06:04:29 : 32496 steps taken, and 8400 accepted.
[0 : mcmc] Progress @ 2025-04-23 06:04:33 : 32132 steps taken, and 8185 accepted.
[1 : mcmc] Progress @ 2025-04-23 06:04:51 : 32288 steps taken, and 8102 accepted.
[3 : mcmc] Progress @ 2025-04-23 06:06:21 : 32658 steps taken, and 8317 accepted.
[2 : mcmc] Progress @ 2025-04-23 06:06:33 : 32591 steps taken, and 8421 accepted.
[0 : mcmc] Progress @ 2025-04-23 06:06:35 : 32234 steps taken, and 8212 accepted.
[1 : mcmc] Progress @ 2025-04-23 06:06:57 : 32374 steps taken, and 8123 accepted.
[3 : mcmc] Progress @ 2025-04-23 06:08:26 : 32749 steps taken, and 8342 accepted.
[2 : mcmc] Progress @ 2025-04-23 06:08:33 : 32676 steps taken, and 8439 accepted.
[0 : mcmc] Progress @ 2025-04-23 06:08:35 : 32321 steps taken, and 8244 accepted.
[1 : mcmc] Progress @ 2025-04-23 06:09:01 : 32459 steps taken, and 8145 accepted.
[3 : mcmc] Progress @ 2025-04-23 06:10:26 : 32856 steps taken, and 8364 accepted.
[2 : mcmc] Progress @ 2025-04-23 06:10:35 : 32753 steps taken, and 8466 accepted.
[0 : mcmc] Progress @ 2025-04-23 06:10:40 : 32429 steps taken, and 8274 accepted.
[1 : mcmc] Progress @ 2025-04-23 06:11:05 : 32550 steps taken, and 8166 accepted.
[0 : mcmc] Learn + convergence test @ 8280 samples accepted.
[0 : mcmc] Ready to check convergence and learn a new proposal covmat (waiting for the rest...)
[3 : mcmc] Progress @ 2025-04-23 06:12:32 : 32959 steps taken, and 8384 accepted.
[2 : mcmc] Progress @ 2025-04-23 06:12:39 : 32851 steps taken, and 8496 accepted.
[0 : mcmc] Progress @ 2025-04-23 06:12:44 : 32522 steps taken, and 8298 accepted.
[1 : mcmc] Progress @ 2025-04-23 06:13:05 : 32633 steps taken, and 8178 accepted.
[2 : mcmc] Learn + convergence test @ 8510 samples accepted.
[2 : mcmc] Ready to check convergence and learn a new proposal covmat (waiting for the rest...)
[3 : mcmc] Progress @ 2025-04-23 06:14:36 : 33042 steps taken, and 8408 accepted.
[2 : mcmc] Progress @ 2025-04-23 06:14:41 : 32927 steps taken, and 8519 accepted.
[0 : mcmc] Progress @ 2025-04-23 06:14:45 : 32614 steps taken, and 8321 accepted.
[1 : mcmc] Progress @ 2025-04-23 06:15:08 : 32711 steps taken, and 8196 accepted.
[3 : mcmc] Progress @ 2025-04-23 06:16:39 : 33132 steps taken, and 8432 accepted.
[0 : mcmc] Progress @ 2025-04-23 06:16:46 : 32693 steps taken, and 8351 accepted.
[2 : mcmc] Progress @ 2025-04-23 06:16:47 : 33040 steps taken, and 8542 accepted.
[1 : mcmc] Progress @ 2025-04-23 06:17:11 : 32803 steps taken, and 8229 accepted.
[3 : mcmc] Progress @ 2025-04-23 06:18:42 : 33213 steps taken, and 8457 accepted.
[0 : mcmc] Progress @ 2025-04-23 06:18:47 : 32815 steps taken, and 8370 accepted.
[2 : mcmc] Progress @ 2025-04-23 06:18:47 : 33122 steps taken, and 8564 accepted.
[1 : mcmc] Progress @ 2025-04-23 06:19:15 : 32905 steps taken, and 8258 accepted.
[3 : mcmc] Progress @ 2025-04-23 06:20:45 : 33321 steps taken, and 8485 accepted.
[2 : mcmc] Progress @ 2025-04-23 06:20:51 : 33202 steps taken, and 8580 accepted.
[0 : mcmc] Progress @ 2025-04-23 06:20:52 : 32906 steps taken, and 8397 accepted.
[1 : mcmc] Progress @ 2025-04-23 06:21:19 : 32996 steps taken, and 8278 accepted.
[1 : mcmc] Learn + convergence test @ 8280 samples accepted.
[1 : mcmc] Ready to check convergence and learn a new proposal covmat (waiting for the rest...)
[0 : mcmc] All chains are ready to check convergence and learn a new proposal covmat
[0 : mcmc]  - Acceptance rate: 0.265 = avg([0.2657, 0.2606, 0.2734, 0.2619])
[0 : mcmc]  - Convergence of means: R-1 = 0.123789 after 33778 accepted steps = sum([8408, 8280, 8593, 8497])
[0 : mcmc]  - Updated covariance matrix of proposal pdf.
[3 : mcmc] Learn + convergence test @ 8510 samples accepted.
[3 : mcmc] Ready to check convergence and learn a new proposal covmat (waiting for the rest...)
[3 : mcmc] Progress @ 2025-04-23 06:22:49 : 33417 steps taken, and 8511 accepted.
[0 : mcmc] Progress @ 2025-04-23 06:22:54 : 32985 steps taken, and 8421 accepted.
[2 : mcmc] Progress @ 2025-04-23 06:22:56 : 33296 steps taken, and 8604 accepted.
[1 : mcmc] Progress @ 2025-04-23 06:23:19 : 33088 steps taken, and 8300 accepted.
[3 : mcmc] Progress @ 2025-04-23 06:24:54 : 33500 steps taken, and 8530 accepted.
[0 : mcmc] Progress @ 2025-04-23 06:24:57 : 33078 steps taken, and 8451 accepted.
[2 : mcmc] Progress @ 2025-04-23 06:25:01 : 33378 steps taken, and 8623 accepted.
[1 : mcmc] Progress @ 2025-04-23 06:25:19 : 33180 steps taken, and 8323 accepted.
[3 : mcmc] Progress @ 2025-04-23 06:26:55 : 33589 steps taken, and 8555 accepted.
[0 : mcmc] Progress @ 2025-04-23 06:27:02 : 33166 steps taken, and 8472 accepted.
[2 : mcmc] Progress @ 2025-04-23 06:27:06 : 33469 steps taken, and 8650 accepted.
[1 : mcmc] Progress @ 2025-04-23 06:27:19 : 33268 steps taken, and 8347 accepted.
[3 : mcmc] Progress @ 2025-04-23 06:28:55 : 33682 steps taken, and 8584 accepted.
[2 : mcmc] Progress @ 2025-04-23 06:29:06 : 33570 steps taken, and 8680 accepted.
[0 : mcmc] Progress @ 2025-04-23 06:29:06 : 33263 steps taken, and 8500 accepted.
[1 : mcmc] Progress @ 2025-04-23 06:29:24 : 33369 steps taken, and 8373 accepted.
[0 : mcmc] Learn + convergence test @ 8510 samples accepted.
[0 : mcmc] Ready to check convergence and learn a new proposal covmat (waiting for the rest...)
[3 : mcmc] Progress @ 2025-04-23 06:31:00 : 33786 steps taken, and 8616 accepted.
[0 : mcmc] Progress @ 2025-04-23 06:31:08 : 33349 steps taken, and 8527 accepted.
[2 : mcmc] Progress @ 2025-04-23 06:31:10 : 33651 steps taken, and 8698 accepted.
[1 : mcmc] Progress @ 2025-04-23 06:31:26 : 33464 steps taken, and 8401 accepted.
[3 : mcmc] Progress @ 2025-04-23 06:33:04 : 33880 steps taken, and 8641 accepted.
[0 : mcmc] Progress @ 2025-04-23 06:33:10 : 33433 steps taken, and 8545 accepted.
[2 : mcmc] Progress @ 2025-04-23 06:33:14 : 33740 steps taken, and 8718 accepted.
[1 : mcmc] Progress @ 2025-04-23 06:33:29 : 33556 steps taken, and 8419 accepted.
[2 : mcmc] Learn + convergence test @ 8740 samples accepted.
[2 : mcmc] Ready to check convergence and learn a new proposal covmat (waiting for the rest...)
[3 : mcmc] Progress @ 2025-04-23 06:35:04 : 33972 steps taken, and 8666 accepted.
[2 : mcmc] Progress @ 2025-04-23 06:35:14 : 33819 steps taken, and 8743 accepted.
[0 : mcmc] Progress @ 2025-04-23 06:35:15 : 33517 steps taken, and 8568 accepted.
[1 : mcmc] Progress @ 2025-04-23 06:35:30 : 33632 steps taken, and 8439 accepted.
[3 : mcmc] Progress @ 2025-04-23 06:37:05 : 34063 steps taken, and 8691 accepted.
[2 : mcmc] Progress @ 2025-04-23 06:37:16 : 33919 steps taken, and 8780 accepted.
[0 : mcmc] Progress @ 2025-04-23 06:37:21 : 33601 steps taken, and 8593 accepted.
[1 : mcmc] Progress @ 2025-04-23 06:37:31 : 33731 steps taken, and 8460 accepted.
[3 : mcmc] Progress @ 2025-04-23 06:39:07 : 34155 steps taken, and 8711 accepted.
[2 : mcmc] Progress @ 2025-04-23 06:39:21 : 34016 steps taken, and 8801 accepted.
[0 : mcmc] Progress @ 2025-04-23 06:39:26 : 33680 steps taken, and 8616 accepted.
[1 : mcmc] Progress @ 2025-04-23 06:39:36 : 33825 steps taken, and 8485 accepted.
[1 : mcmc] Learn + convergence test @ 8510 samples accepted.
[1 : mcmc] Ready to check convergence and learn a new proposal covmat (waiting for the rest...)
[0 : mcmc] All chains are ready to check convergence and learn a new proposal covmat
[0 : mcmc]  - Acceptance rate: 0.266 = avg([0.2658, 0.2618, 0.2737, 0.2620])
[0 : mcmc]  - Convergence of means: R-1 = 0.110398 after 34703 accepted steps = sum([8634, 8510, 8821, 8738])
[0 : mcmc]  - Updated covariance matrix of proposal pdf.
[3 : mcmc] Progress @ 2025-04-23 06:41:11 : 34239 steps taken, and 8738 accepted.
[2 : mcmc] Progress @ 2025-04-23 06:41:26 : 34097 steps taken, and 8825 accepted.
[0 : mcmc] Progress @ 2025-04-23 06:41:27 : 33765 steps taken, and 8641 accepted.
[3 : mcmc] Learn + convergence test @ 8740 samples accepted.
[3 : mcmc] Ready to check convergence and learn a new proposal covmat (waiting for the rest...)
[1 : mcmc] Progress @ 2025-04-23 06:41:37 : 33909 steps taken, and 8514 accepted.
[3 : mcmc] Progress @ 2025-04-23 06:43:12 : 34325 steps taken, and 8755 accepted.
[2 : mcmc] Progress @ 2025-04-23 06:43:26 : 34192 steps taken, and 8856 accepted.
[0 : mcmc] Progress @ 2025-04-23 06:43:28 : 33855 steps taken, and 8663 accepted.
[1 : mcmc] Progress @ 2025-04-23 06:43:38 : 33995 steps taken, and 8542 accepted.
[3 : mcmc] Progress @ 2025-04-23 06:45:12 : 34408 steps taken, and 8780 accepted.
[2 : mcmc] Progress @ 2025-04-23 06:45:29 : 34283 steps taken, and 8879 accepted.
[0 : mcmc] Progress @ 2025-04-23 06:45:32 : 33946 steps taken, and 8686 accepted.
[1 : mcmc] Progress @ 2025-04-23 06:45:40 : 34087 steps taken, and 8576 accepted.
[3 : mcmc] Progress @ 2025-04-23 06:47:15 : 34493 steps taken, and 8799 accepted.
[0 : mcmc] Progress @ 2025-04-23 06:47:34 : 34026 steps taken, and 8704 accepted.
[2 : mcmc] Progress @ 2025-04-23 06:47:35 : 34363 steps taken, and 8895 accepted.
[1 : mcmc] Progress @ 2025-04-23 06:47:43 : 34175 steps taken, and 8603 accepted.
[3 : mcmc] Progress @ 2025-04-23 06:49:16 : 34580 steps taken, and 8821 accepted.
[0 : mcmc] Progress @ 2025-04-23 06:49:36 : 34123 steps taken, and 8734 accepted.
[2 : mcmc] Progress @ 2025-04-23 06:49:37 : 34459 steps taken, and 8924 accepted.
[1 : mcmc] Progress @ 2025-04-23 06:49:46 : 34271 steps taken, and 8629 accepted.
[0 : mcmc] Learn + convergence test @ 8740 samples accepted.
[0 : mcmc] Ready to check convergence and learn a new proposal covmat (waiting for the rest...)
[3 : mcmc] Progress @ 2025-04-23 06:51:17 : 34661 steps taken, and 8837 accepted.
[2 : mcmc] Progress @ 2025-04-23 06:51:38 : 34544 steps taken, and 8948 accepted.
[0 : mcmc] Progress @ 2025-04-23 06:51:40 : 34203 steps taken, and 8758 accepted.
[1 : mcmc] Progress @ 2025-04-23 06:51:51 : 34366 steps taken, and 8650 accepted.
[3 : mcmc] Progress @ 2025-04-23 06:53:23 : 34755 steps taken, and 8865 accepted.
[2 : mcmc] Learn + convergence test @ 8970 samples accepted.
[2 : mcmc] Ready to check convergence and learn a new proposal covmat (waiting for the rest...)
[2 : mcmc] Progress @ 2025-04-23 06:53:43 : 34626 steps taken, and 8973 accepted.
[0 : mcmc] Progress @ 2025-04-23 06:53:44 : 34283 steps taken, and 8777 accepted.
[1 : mcmc] Progress @ 2025-04-23 06:53:52 : 34462 steps taken, and 8680 accepted.
[3 : mcmc] Progress @ 2025-04-23 06:55:25 : 34856 steps taken, and 8899 accepted.
[2 : mcmc] Progress @ 2025-04-23 06:55:47 : 34712 steps taken, and 8988 accepted.
[0 : mcmc] Progress @ 2025-04-23 06:55:49 : 34381 steps taken, and 8801 accepted.
[1 : mcmc] Progress @ 2025-04-23 06:55:55 : 34559 steps taken, and 8712 accepted.
[3 : mcmc] Progress @ 2025-04-23 06:57:28 : 34944 steps taken, and 8921 accepted.
[2 : mcmc] Progress @ 2025-04-23 06:57:49 : 34807 steps taken, and 9018 accepted.
[0 : mcmc] Progress @ 2025-04-23 06:57:50 : 34463 steps taken, and 8824 accepted.
[1 : mcmc] Progress @ 2025-04-23 06:57:57 : 34646 steps taken, and 8738 accepted.
[1 : mcmc] Learn + convergence test @ 8740 samples accepted.
[1 : mcmc] Ready to check convergence and learn a new proposal covmat (waiting for the rest...)
[0 : mcmc] All chains are ready to check convergence and learn a new proposal covmat
[0 : mcmc]  - Acceptance rate: 0.266 = avg([0.2646, 0.2629, 0.2733, 0.2620])
[0 : mcmc]  - Convergence of means: R-1 = 0.119670 after 35518 accepted steps = sum([8828, 8740, 9021, 8929])
[0 : mcmc]  - Updated covariance matrix of proposal pdf.
[3 : mcmc] Progress @ 2025-04-23 06:59:30 : 35024 steps taken, and 8948 accepted.
[2 : mcmc] Progress @ 2025-04-23 06:59:49 : 34888 steps taken, and 9041 accepted.
[0 : mcmc] Progress @ 2025-04-23 06:59:50 : 34554 steps taken, and 8846 accepted.
[1 : mcmc] Progress @ 2025-04-23 07:00:01 : 34727 steps taken, and 8758 accepted.
[3 : mcmc] Learn + convergence test @ 8970 samples accepted.
[3 : mcmc] Ready to check convergence and learn a new proposal covmat (waiting for the rest...)
[3 : mcmc] Progress @ 2025-04-23 07:01:34 : 35112 steps taken, and 8972 accepted.
[0 : mcmc] Progress @ 2025-04-23 07:01:51 : 34660 steps taken, and 8877 accepted.
[2 : mcmc] Progress @ 2025-04-23 07:01:52 : 34978 steps taken, and 9073 accepted.
[1 : mcmc] Progress @ 2025-04-23 07:02:05 : 34811 steps taken, and 8783 accepted.
[3 : mcmc] Progress @ 2025-04-23 07:03:37 : 35192 steps taken, and 8993 accepted.
[2 : mcmc] Progress @ 2025-04-23 07:03:53 : 35093 steps taken, and 9101 accepted.
[0 : mcmc] Progress @ 2025-04-23 07:03:57 : 34744 steps taken, and 8903 accepted.
[1 : mcmc] Progress @ 2025-04-23 07:04:05 : 34890 steps taken, and 8807 accepted.
[3 : mcmc] Progress @ 2025-04-23 07:05:41 : 35284 steps taken, and 9010 accepted.
[2 : mcmc] Progress @ 2025-04-23 07:05:53 : 35177 steps taken, and 9124 accepted.
[0 : mcmc] Progress @ 2025-04-23 07:05:59 : 34833 steps taken, and 8925 accepted.
[1 : mcmc] Progress @ 2025-04-23 07:06:05 : 34996 steps taken, and 8835 accepted.
[3 : mcmc] Progress @ 2025-04-23 07:07:44 : 35363 steps taken, and 9033 accepted.
[2 : mcmc] Progress @ 2025-04-23 07:07:55 : 35262 steps taken, and 9153 accepted.
[0 : mcmc] Progress @ 2025-04-23 07:08:03 : 34924 steps taken, and 8949 accepted.
[1 : mcmc] Progress @ 2025-04-23 07:08:05 : 35078 steps taken, and 8859 accepted.
[3 : mcmc] Progress @ 2025-04-23 07:09:47 : 35454 steps taken, and 9058 accepted.
[2 : mcmc] Progress @ 2025-04-23 07:10:00 : 35351 steps taken, and 9180 accepted.
[1 : mcmc] Progress @ 2025-04-23 07:10:06 : 35157 steps taken, and 8888 accepted.
[0 : mcmc] Progress @ 2025-04-23 07:10:07 : 35023 steps taken, and 8969 accepted.
[0 : mcmc] Learn + convergence test @ 8970 samples accepted.
[0 : mcmc] Ready to check convergence and learn a new proposal covmat (waiting for the rest...)
[2 : mcmc] Learn + convergence test @ 9200 samples accepted.
[2 : mcmc] Ready to check convergence and learn a new proposal covmat (waiting for the rest...)
[3 : mcmc] Progress @ 2025-04-23 07:11:51 : 35543 steps taken, and 9089 accepted.
[2 : mcmc] Progress @ 2025-04-23 07:12:01 : 35445 steps taken, and 9205 accepted.
[1 : mcmc] Progress @ 2025-04-23 07:12:06 : 35242 steps taken, and 8910 accepted.
[0 : mcmc] Progress @ 2025-04-23 07:12:08 : 35110 steps taken, and 8987 accepted.
[3 : mcmc] Progress @ 2025-04-23 07:13:51 : 35623 steps taken, and 9117 accepted.
[2 : mcmc] Progress @ 2025-04-23 07:14:02 : 35571 steps taken, and 9234 accepted.
[1 : mcmc] Progress @ 2025-04-23 07:14:08 : 35326 steps taken, and 8928 accepted.
[0 : mcmc] Progress @ 2025-04-23 07:14:09 : 35210 steps taken, and 9008 accepted.
[3 : mcmc] Progress @ 2025-04-23 07:15:51 : 35710 steps taken, and 9147 accepted.
[2 : mcmc] Progress @ 2025-04-23 07:16:04 : 35666 steps taken, and 9256 accepted.
[1 : mcmc] Progress @ 2025-04-23 07:16:09 : 35418 steps taken, and 8955 accepted.
[0 : mcmc] Progress @ 2025-04-23 07:16:10 : 35298 steps taken, and 9031 accepted.
[1 : mcmc] Learn + convergence test @ 8970 samples accepted.
[1 : mcmc] Ready to check convergence and learn a new proposal covmat (waiting for the rest...)
[0 : mcmc] All chains are ready to check convergence and learn a new proposal covmat
[0 : mcmc]  - Acceptance rate: 0.266 = avg([0.2645, 0.2629, 0.2741, 0.2640])
[0 : mcmc]  - Convergence of means: R-1 = 0.106636 after 36465 accepted steps = sum([9047, 8970, 9281, 9167])
[0 : mcmc]  - Updated covariance matrix of proposal pdf.
[3 : mcmc] Progress @ 2025-04-23 07:17:51 : 35789 steps taken, and 9170 accepted.
[2 : mcmc] Progress @ 2025-04-23 07:18:06 : 35760 steps taken, and 9294 accepted.
[0 : mcmc] Progress @ 2025-04-23 07:18:10 : 35380 steps taken, and 9053 accepted.
[1 : mcmc] Progress @ 2025-04-23 07:18:12 : 35509 steps taken, and 8977 accepted.
[3 : mcmc] Learn + convergence test @ 9200 samples accepted.
[3 : mcmc] Ready to check convergence and learn a new proposal covmat (waiting for the rest...)
[3 : mcmc] Progress @ 2025-04-23 07:19:56 : 35887 steps taken, and 9203 accepted.
[2 : mcmc] Progress @ 2025-04-23 07:20:09 : 35866 steps taken, and 9324 accepted.
[0 : mcmc] Progress @ 2025-04-23 07:20:10 : 35467 steps taken, and 9075 accepted.
[1 : mcmc] Progress @ 2025-04-23 07:20:13 : 35610 steps taken, and 9004 accepted.
[3 : mcmc] Progress @ 2025-04-23 07:21:57 : 35981 steps taken, and 9220 accepted.
[0 : mcmc] Progress @ 2025-04-23 07:22:10 : 35551 steps taken, and 9091 accepted.
[2 : mcmc] Progress @ 2025-04-23 07:22:13 : 35959 steps taken, and 9344 accepted.
[1 : mcmc] Progress @ 2025-04-23 07:22:14 : 35706 steps taken, and 9018 accepted.
[3 : mcmc] Progress @ 2025-04-23 07:23:57 : 36068 steps taken, and 9238 accepted.
[0 : mcmc] Progress @ 2025-04-23 07:24:11 : 35644 steps taken, and 9114 accepted.
[2 : mcmc] Progress @ 2025-04-23 07:24:15 : 36046 steps taken, and 9365 accepted.
[1 : mcmc] Progress @ 2025-04-23 07:24:20 : 35818 steps taken, and 9046 accepted.
[3 : mcmc] Progress @ 2025-04-23 07:25:58 : 36148 steps taken, and 9262 accepted.
[0 : mcmc] Progress @ 2025-04-23 07:26:16 : 35733 steps taken, and 9145 accepted.
[2 : mcmc] Progress @ 2025-04-23 07:26:20 : 36130 steps taken, and 9389 accepted.
[1 : mcmc] Progress @ 2025-04-23 07:26:23 : 35908 steps taken, and 9068 accepted.
[3 : mcmc] Progress @ 2025-04-23 07:27:59 : 36241 steps taken, and 9279 accepted.
[0 : mcmc] Progress @ 2025-04-23 07:28:20 : 35814 steps taken, and 9171 accepted.
[2 : mcmc] Progress @ 2025-04-23 07:28:21 : 36242 steps taken, and 9414 accepted.
[1 : mcmc] Progress @ 2025-04-23 07:28:25 : 35996 steps taken, and 9093 accepted.
[2 : mcmc] Learn + convergence test @ 9430 samples accepted.
[2 : mcmc] Ready to check convergence and learn a new proposal covmat (waiting for the rest...)
[3 : mcmc] Progress @ 2025-04-23 07:30:04 : 36333 steps taken, and 9302 accepted.
[0 : mcmc] Progress @ 2025-04-23 07:30:21 : 35900 steps taken, and 9191 accepted.
[2 : mcmc] Progress @ 2025-04-23 07:30:24 : 36324 steps taken, and 9439 accepted.
[1 : mcmc] Progress @ 2025-04-23 07:30:25 : 36103 steps taken, and 9113 accepted.
[0 : mcmc] Learn + convergence test @ 9200 samples accepted.
[0 : mcmc] Ready to check convergence and learn a new proposal covmat (waiting for the rest...)
[3 : mcmc] Progress @ 2025-04-23 07:32:04 : 36415 steps taken, and 9324 accepted.
[0 : mcmc] Progress @ 2025-04-23 07:32:21 : 35995 steps taken, and 9217 accepted.
[1 : mcmc] Progress @ 2025-04-23 07:32:26 : 36192 steps taken, and 9139 accepted.
[2 : mcmc] Progress @ 2025-04-23 07:32:28 : 36411 steps taken, and 9461 accepted.
[3 : mcmc] Progress @ 2025-04-23 07:34:07 : 36512 steps taken, and 9347 accepted.
[0 : mcmc] Progress @ 2025-04-23 07:34:21 : 36073 steps taken, and 9236 accepted.
[1 : mcmc] Progress @ 2025-04-23 07:34:26 : 36290 steps taken, and 9171 accepted.
[2 : mcmc] Progress @ 2025-04-23 07:34:29 : 36498 steps taken, and 9488 accepted.
[3 : mcmc] Progress @ 2025-04-23 07:36:07 : 36590 steps taken, and 9370 accepted.
[0 : mcmc] Progress @ 2025-04-23 07:36:24 : 36160 steps taken, and 9265 accepted.
[1 : mcmc] Progress @ 2025-04-23 07:36:27 : 36367 steps taken, and 9198 accepted.
[2 : mcmc] Progress @ 2025-04-23 07:36:30 : 36588 steps taken, and 9511 accepted.
[1 : mcmc] Learn + convergence test @ 9200 samples accepted.
[1 : mcmc] Ready to check convergence and learn a new proposal covmat (waiting for the rest...)
[0 : mcmc] All chains are ready to check convergence and learn a new proposal covmat
[0 : mcmc]  - Acceptance rate: 0.267 = avg([0.2649, 0.2629, 0.2762, 0.2647])
[0 : mcmc]  - Convergence of means: R-1 = 0.100744 after 37367 accepted steps = sum([9272, 9200, 9512, 9383])
[0 : mcmc]  - Updated covariance matrix of proposal pdf.
[3 : mcmc] Progress @ 2025-04-23 07:38:13 : 36665 steps taken, and 9404 accepted.
[0 : mcmc] Progress @ 2025-04-23 07:38:26 : 36229 steps taken, and 9285 accepted.
[1 : mcmc] Progress @ 2025-04-23 07:38:32 : 36443 steps taken, and 9223 accepted.
[2 : mcmc] Progress @ 2025-04-23 07:38:36 : 36678 steps taken, and 9532 accepted.
[3 : mcmc] Learn + convergence test @ 9430 samples accepted.
[3 : mcmc] Ready to check convergence and learn a new proposal covmat (waiting for the rest...)
[3 : mcmc] Progress @ 2025-04-23 07:40:15 : 36765 steps taken, and 9434 accepted.
[0 : mcmc] Progress @ 2025-04-23 07:40:27 : 36324 steps taken, and 9309 accepted.
[1 : mcmc] Progress @ 2025-04-23 07:40:34 : 36533 steps taken, and 9251 accepted.
[2 : mcmc] Progress @ 2025-04-23 07:40:38 : 36770 steps taken, and 9563 accepted.
[3 : mcmc] Progress @ 2025-04-23 07:42:17 : 36854 steps taken, and 9455 accepted.
[0 : mcmc] Progress @ 2025-04-23 07:42:32 : 36426 steps taken, and 9332 accepted.
[1 : mcmc] Progress @ 2025-04-23 07:42:37 : 36627 steps taken, and 9274 accepted.
[2 : mcmc] Progress @ 2025-04-23 07:42:44 : 36860 steps taken, and 9588 accepted.
[3 : mcmc] Progress @ 2025-04-23 07:44:20 : 36943 steps taken, and 9475 accepted.
[0 : mcmc] Progress @ 2025-04-23 07:44:32 : 36516 steps taken, and 9362 accepted.
[1 : mcmc] Progress @ 2025-04-23 07:44:43 : 36722 steps taken, and 9300 accepted.
[2 : mcmc] Progress @ 2025-04-23 07:44:44 : 36940 steps taken, and 9602 accepted.
[3 : mcmc] Progress @ 2025-04-23 07:46:25 : 37030 steps taken, and 9501 accepted.
[0 : mcmc] Progress @ 2025-04-23 07:46:32 : 36597 steps taken, and 9392 accepted.
[1 : mcmc] Progress @ 2025-04-23 07:46:45 : 36804 steps taken, and 9317 accepted.
[2 : mcmc] Progress @ 2025-04-23 07:46:50 : 37033 steps taken, and 9635 accepted.
[2 : mcmc] Learn + convergence test @ 9660 samples accepted.
[2 : mcmc] Ready to check convergence and learn a new proposal covmat (waiting for the rest...)
[3 : mcmc] Progress @ 2025-04-23 07:48:29 : 37112 steps taken, and 9531 accepted.
[0 : mcmc] Progress @ 2025-04-23 07:48:32 : 36684 steps taken, and 9416 accepted.
[1 : mcmc] Progress @ 2025-04-23 07:48:49 : 36885 steps taken, and 9347 accepted.
[2 : mcmc] Progress @ 2025-04-23 07:48:50 : 37112 steps taken, and 9663 accepted.
[0 : mcmc] Learn + convergence test @ 9430 samples accepted.
[0 : mcmc] Ready to check convergence and learn a new proposal covmat (waiting for the rest...)
[3 : mcmc] Progress @ 2025-04-23 07:50:29 : 37196 steps taken, and 9563 accepted.
[0 : mcmc] Progress @ 2025-04-23 07:50:38 : 36765 steps taken, and 9443 accepted.
[1 : mcmc] Progress @ 2025-04-23 07:50:54 : 36975 steps taken, and 9367 accepted.
[2 : mcmc] Progress @ 2025-04-23 07:50:55 : 37207 steps taken, and 9693 accepted.
[3 : mcmc] Progress @ 2025-04-23 07:52:29 : 37305 steps taken, and 9593 accepted.
[0 : mcmc] Progress @ 2025-04-23 07:52:42 : 36853 steps taken, and 9464 accepted.
[1 : mcmc] Progress @ 2025-04-23 07:52:54 : 37057 steps taken, and 9387 accepted.
[2 : mcmc] Progress @ 2025-04-23 07:53:00 : 37312 steps taken, and 9713 accepted.
[3 : mcmc] Progress @ 2025-04-23 07:54:32 : 37388 steps taken, and 9621 accepted.
[0 : mcmc] Progress @ 2025-04-23 07:54:42 : 36940 steps taken, and 9486 accepted.
[1 : mcmc] Progress @ 2025-04-23 07:54:57 : 37137 steps taken, and 9414 accepted.
[2 : mcmc] Progress @ 2025-04-23 07:55:00 : 37406 steps taken, and 9739 accepted.
[1 : mcmc] Learn + convergence test @ 9430 samples accepted.
[1 : mcmc] Ready to check convergence and learn a new proposal covmat (waiting for the rest...)
[0 : mcmc] All chains are ready to check convergence and learn a new proposal covmat
[0 : mcmc]  - Acceptance rate: 0.268 = avg([0.2657, 0.2638, 0.2752, 0.2667])
[0 : mcmc]  - Convergence of means: R-1 = 0.096718 after 38332 accepted steps = sum([9509, 9430, 9751, 9642])
[0 : mcmc]  - Updated covariance matrix of proposal pdf.
[3 : mcmc] Progress @ 2025-04-23 07:56:37 : 37460 steps taken, and 9643 accepted.
[0 : mcmc] Progress @ 2025-04-23 07:56:46 : 37029 steps taken, and 9510 accepted.
[1 : mcmc] Progress @ 2025-04-23 07:57:02 : 37215 steps taken, and 9435 accepted.
[2 : mcmc] Progress @ 2025-04-23 07:57:03 : 37534 steps taken, and 9756 accepted.
[3 : mcmc] Learn + convergence test @ 9660 samples accepted.
[3 : mcmc] Ready to check convergence and learn a new proposal covmat (waiting for the rest...)
[3 : mcmc] Progress @ 2025-04-23 07:58:40 : 37556 steps taken, and 9673 accepted.
[0 : mcmc] Progress @ 2025-04-23 07:58:46 : 37130 steps taken, and 9540 accepted.
[1 : mcmc] Progress @ 2025-04-23 07:59:08 : 37297 steps taken, and 9460 accepted.
[2 : mcmc] Progress @ 2025-04-23 07:59:08 : 37654 steps taken, and 9777 accepted.
[3 : mcmc] Progress @ 2025-04-23 08:00:40 : 37633 steps taken, and 9704 accepted.
[0 : mcmc] Progress @ 2025-04-23 08:00:50 : 37226 steps taken, and 9570 accepted.
[2 : mcmc] Progress @ 2025-04-23 08:01:10 : 37745 steps taken, and 9806 accepted.
[1 : mcmc] Progress @ 2025-04-23 08:01:10 : 37383 steps taken, and 9488 accepted.
[3 : mcmc] Progress @ 2025-04-23 08:02:42 : 37717 steps taken, and 9731 accepted.
[0 : mcmc] Progress @ 2025-04-23 08:02:52 : 37307 steps taken, and 9595 accepted.
[1 : mcmc] Progress @ 2025-04-23 08:03:11 : 37476 steps taken, and 9517 accepted.
[2 : mcmc] Progress @ 2025-04-23 08:03:13 : 37835 steps taken, and 9826 accepted.
[3 : mcmc] Progress @ 2025-04-23 08:04:44 : 37816 steps taken, and 9756 accepted.
[0 : mcmc] Progress @ 2025-04-23 08:04:55 : 37398 steps taken, and 9612 accepted.
[2 : mcmc] Progress @ 2025-04-23 08:05:14 : 37918 steps taken, and 9847 accepted.
[1 : mcmc] Progress @ 2025-04-23 08:05:16 : 37566 steps taken, and 9549 accepted.
[3 : mcmc] Progress @ 2025-04-23 08:06:47 : 37909 steps taken, and 9787 accepted.
[0 : mcmc] Progress @ 2025-04-23 08:06:58 : 37487 steps taken, and 9633 accepted.
[1 : mcmc] Progress @ 2025-04-23 08:07:17 : 37658 steps taken, and 9575 accepted.
[2 : mcmc] Progress @ 2025-04-23 08:07:18 : 38031 steps taken, and 9872 accepted.
[3 : mcmc] Progress @ 2025-04-23 08:08:48 : 38004 steps taken, and 9808 accepted.
[2 : mcmc] Learn + convergence test @ 9890 samples accepted.
[2 : mcmc] Ready to check convergence and learn a new proposal covmat (waiting for the rest...)
[0 : mcmc] Progress @ 2025-04-23 08:09:01 : 37569 steps taken, and 9658 accepted.
[0 : mcmc] Learn + convergence test @ 9660 samples accepted.
[0 : mcmc] Ready to check convergence and learn a new proposal covmat (waiting for the rest...)
[1 : mcmc] Progress @ 2025-04-23 08:09:18 : 37735 steps taken, and 9596 accepted.
[2 : mcmc] Progress @ 2025-04-23 08:09:19 : 38118 steps taken, and 9892 accepted.
[3 : mcmc] Progress @ 2025-04-23 08:10:54 : 38090 steps taken, and 9832 accepted.
[0 : mcmc] Progress @ 2025-04-23 08:11:01 : 37660 steps taken, and 9676 accepted.
[1 : mcmc] Progress @ 2025-04-23 08:11:18 : 37832 steps taken, and 9627 accepted.
[2 : mcmc] Progress @ 2025-04-23 08:11:23 : 38208 steps taken, and 9926 accepted.
[3 : mcmc] Progress @ 2025-04-23 08:12:55 : 38182 steps taken, and 9858 accepted.
[0 : mcmc] Progress @ 2025-04-23 08:13:01 : 37749 steps taken, and 9703 accepted.
[1 : mcmc] Progress @ 2025-04-23 08:13:18 : 37908 steps taken, and 9651 accepted.
[2 : mcmc] Progress @ 2025-04-23 08:13:27 : 38295 steps taken, and 9955 accepted.
[1 : mcmc] Learn + convergence test @ 9660 samples accepted.
[1 : mcmc] Ready to check convergence and learn a new proposal covmat (waiting for the rest...)
[0 : mcmc] All chains are ready to check convergence and learn a new proposal covmat
[0 : mcmc]  - Acceptance rate: 0.269 = avg([0.2657, 0.2662, 0.2751, 0.2680])
[0 : mcmc]  - Convergence of means: R-1 = 0.096214 after 39215 accepted steps = sum([9715, 9660, 9966, 9874])
[0 : mcmc]  - Updated covariance matrix of proposal pdf.
[3 : mcmc] Progress @ 2025-04-23 08:14:56 : 38275 steps taken, and 9880 accepted.
[0 : mcmc] Progress @ 2025-04-23 08:15:05 : 37837 steps taken, and 9729 accepted.
[1 : mcmc] Progress @ 2025-04-23 08:15:23 : 37989 steps taken, and 9670 accepted.
[2 : mcmc] Progress @ 2025-04-23 08:15:28 : 38375 steps taken, and 9983 accepted.
[3 : mcmc] Learn + convergence test @ 9890 samples accepted.
[3 : mcmc] Ready to check convergence and learn a new proposal covmat (waiting for the rest...)
[3 : mcmc] Progress @ 2025-04-23 08:16:57 : 38360 steps taken, and 9902 accepted.
[0 : mcmc] Progress @ 2025-04-23 08:17:09 : 37926 steps taken, and 9755 accepted.
[1 : mcmc] Progress @ 2025-04-23 08:17:28 : 38081 steps taken, and 9695 accepted.
[2 : mcmc] Progress @ 2025-04-23 08:17:28 : 38461 steps taken, and 10013 accepted.
[3 : mcmc] Progress @ 2025-04-23 08:18:58 : 38464 steps taken, and 9933 accepted.
[0 : mcmc] Progress @ 2025-04-23 08:19:10 : 38018 steps taken, and 9772 accepted.
[2 : mcmc] Progress @ 2025-04-23 08:19:31 : 38547 steps taken, and 10033 accepted.
[1 : mcmc] Progress @ 2025-04-23 08:19:33 : 38193 steps taken, and 9720 accepted.
[3 : mcmc] Progress @ 2025-04-23 08:20:59 : 38542 steps taken, and 9955 accepted.
[0 : mcmc] Progress @ 2025-04-23 08:21:10 : 38131 steps taken, and 9792 accepted.
[2 : mcmc] Progress @ 2025-04-23 08:21:36 : 38636 steps taken, and 10065 accepted.
[1 : mcmc] Progress @ 2025-04-23 08:21:37 : 38284 steps taken, and 9737 accepted.
[3 : mcmc] Progress @ 2025-04-23 08:23:00 : 38630 steps taken, and 9977 accepted.
[0 : mcmc] Progress @ 2025-04-23 08:23:14 : 38210 steps taken, and 9815 accepted.
[2 : mcmc] Progress @ 2025-04-23 08:23:37 : 38725 steps taken, and 10082 accepted.
[1 : mcmc] Progress @ 2025-04-23 08:23:41 : 38380 steps taken, and 9755 accepted.
[3 : mcmc] Progress @ 2025-04-23 08:25:01 : 38730 steps taken, and 10005 accepted.
[0 : mcmc] Progress @ 2025-04-23 08:25:15 : 38311 steps taken, and 9837 accepted.
[2 : mcmc] Progress @ 2025-04-23 08:25:38 : 38812 steps taken, and 10110 accepted.
[1 : mcmc] Progress @ 2025-04-23 08:25:41 : 38473 steps taken, and 9778 accepted.
[3 : mcmc] Progress @ 2025-04-23 08:27:07 : 38819 steps taken, and 10032 accepted.
[2 : mcmc] Learn + convergence test @ 10120 samples accepted.
[2 : mcmc] Ready to check convergence and learn a new proposal covmat (waiting for the rest...)
[0 : mcmc] Progress @ 2025-04-23 08:27:16 : 38405 steps taken, and 9860 accepted.
[2 : mcmc] Progress @ 2025-04-23 08:27:39 : 38898 steps taken, and 10128 accepted.
[1 : mcmc] Progress @ 2025-04-23 08:27:43 : 38563 steps taken, and 9800 accepted.
[3 : mcmc] Progress @ 2025-04-23 08:29:07 : 38904 steps taken, and 10048 accepted.
[0 : mcmc] Progress @ 2025-04-23 08:29:17 : 38484 steps taken, and 9878 accepted.
[2 : mcmc] Progress @ 2025-04-23 08:29:42 : 38985 steps taken, and 10162 accepted.
[1 : mcmc] Progress @ 2025-04-23 08:29:43 : 38649 steps taken, and 9837 accepted.
[0 : mcmc] Learn + convergence test @ 9890 samples accepted.
[0 : mcmc] Ready to check convergence and learn a new proposal covmat (waiting for the rest...)
[3 : mcmc] Progress @ 2025-04-23 08:31:09 : 38986 steps taken, and 10065 accepted.
[0 : mcmc] Progress @ 2025-04-23 08:31:19 : 38571 steps taken, and 9901 accepted.
[2 : mcmc] Progress @ 2025-04-23 08:31:45 : 39069 steps taken, and 10184 accepted.
[1 : mcmc] Progress @ 2025-04-23 08:31:48 : 38732 steps taken, and 9861 accepted.
[3 : mcmc] Progress @ 2025-04-23 08:33:15 : 39075 steps taken, and 10087 accepted.
[0 : mcmc] Progress @ 2025-04-23 08:33:20 : 38659 steps taken, and 9924 accepted.
[2 : mcmc] Progress @ 2025-04-23 08:33:46 : 39172 steps taken, and 10215 accepted.
[1 : mcmc] Progress @ 2025-04-23 08:33:49 : 38809 steps taken, and 9875 accepted.
[1 : mcmc] Learn + convergence test @ 9890 samples accepted.
[1 : mcmc] Ready to check convergence and learn a new proposal covmat (waiting for the rest...)
[0 : mcmc] All chains are ready to check convergence and learn a new proposal covmat
[0 : mcmc]  - Acceptance rate: 0.269 = avg([0.2654, 0.2656, 0.2761, 0.2671])
[0 : mcmc]  - Convergence of means: R-1 = 0.093117 after 40175 accepted steps = sum([9943, 9890, 10233, 10109])
[0 : mcmc]  - Updated covariance matrix of proposal pdf.
[3 : mcmc] Progress @ 2025-04-23 08:35:15 : 39173 steps taken, and 10118 accepted.
[0 : mcmc] Progress @ 2025-04-23 08:35:21 : 38764 steps taken, and 9948 accepted.
[3 : mcmc] Learn + convergence test @ 10120 samples accepted.
[3 : mcmc] Ready to check convergence and learn a new proposal covmat (waiting for the rest...)
[1 : mcmc] Progress @ 2025-04-23 08:35:51 : 38880 steps taken, and 9894 accepted.
[2 : mcmc] Progress @ 2025-04-23 08:35:52 : 39252 steps taken, and 10244 accepted.
[3 : mcmc] Progress @ 2025-04-23 08:37:17 : 39255 steps taken, and 10139 accepted.
[0 : mcmc] Progress @ 2025-04-23 08:37:23 : 38847 steps taken, and 9971 accepted.
[1 : mcmc] Progress @ 2025-04-23 08:37:54 : 38964 steps taken, and 9918 accepted.
[2 : mcmc] Progress @ 2025-04-23 08:37:57 : 39341 steps taken, and 10270 accepted.
[3 : mcmc] Progress @ 2025-04-23 08:39:17 : 39335 steps taken, and 10161 accepted.
[0 : mcmc] Progress @ 2025-04-23 08:39:24 : 38927 steps taken, and 9984 accepted.
[2 : mcmc] Progress @ 2025-04-23 08:39:57 : 39433 steps taken, and 10305 accepted.
[1 : mcmc] Progress @ 2025-04-23 08:40:00 : 39069 steps taken, and 9931 accepted.
[3 : mcmc] Progress @ 2025-04-23 08:41:19 : 39458 steps taken, and 10187 accepted.
[0 : mcmc] Progress @ 2025-04-23 08:41:27 : 39029 steps taken, and 10011 accepted.
[2 : mcmc] Progress @ 2025-04-23 08:41:58 : 39539 steps taken, and 10331 accepted.
[1 : mcmc] Progress @ 2025-04-23 08:42:04 : 39169 steps taken, and 9953 accepted.
[2 : mcmc] Learn + convergence test @ 10350 samples accepted.
[2 : mcmc] Ready to check convergence and learn a new proposal covmat (waiting for the rest...)
[3 : mcmc] Progress @ 2025-04-23 08:43:20 : 39542 steps taken, and 10209 accepted.
[0 : mcmc] Progress @ 2025-04-23 08:43:32 : 39124 steps taken, and 10033 accepted.
[2 : mcmc] Progress @ 2025-04-23 08:43:58 : 39654 steps taken, and 10365 accepted.
[1 : mcmc] Progress @ 2025-04-23 08:44:06 : 39264 steps taken, and 9975 accepted.
[3 : mcmc] Progress @ 2025-04-23 08:45:20 : 39626 steps taken, and 10232 accepted.
[0 : mcmc] Progress @ 2025-04-23 08:45:34 : 39203 steps taken, and 10049 accepted.
[2 : mcmc] Progress @ 2025-04-23 08:46:01 : 39748 steps taken, and 10387 accepted.
[1 : mcmc] Progress @ 2025-04-23 08:46:06 : 39347 steps taken, and 9991 accepted.
[3 : mcmc] Progress @ 2025-04-23 08:47:20 : 39718 steps taken, and 10250 accepted.
[0 : mcmc] Progress @ 2025-04-23 08:47:35 : 39292 steps taken, and 10082 accepted.
[2 : mcmc] Progress @ 2025-04-23 08:48:01 : 39840 steps taken, and 10411 accepted.
[1 : mcmc] Progress @ 2025-04-23 08:48:09 : 39433 steps taken, and 10008 accepted.
[3 : mcmc] Progress @ 2025-04-23 08:49:21 : 39814 steps taken, and 10275 accepted.
[0 : mcmc] Progress @ 2025-04-23 08:49:40 : 39386 steps taken, and 10106 accepted.
[2 : mcmc] Progress @ 2025-04-23 08:50:02 : 39923 steps taken, and 10433 accepted.
[1 : mcmc] Progress @ 2025-04-23 08:50:13 : 39526 steps taken, and 10032 accepted.
[0 : mcmc] Learn + convergence test @ 10120 samples accepted.
[0 : mcmc] Ready to check convergence and learn a new proposal covmat (waiting for the rest...)
[3 : mcmc] Progress @ 2025-04-23 08:51:23 : 39912 steps taken, and 10297 accepted.
[0 : mcmc] Progress @ 2025-04-23 08:51:40 : 39472 steps taken, and 10132 accepted.
[2 : mcmc] Progress @ 2025-04-23 08:52:07 : 40017 steps taken, and 10459 accepted.
[1 : mcmc] Progress @ 2025-04-23 08:52:14 : 39610 steps taken, and 10053 accepted.
[3 : mcmc] Progress @ 2025-04-23 08:53:28 : 39995 steps taken, and 10317 accepted.
[0 : mcmc] Progress @ 2025-04-23 08:53:40 : 39555 steps taken, and 10150 accepted.
[2 : mcmc] Progress @ 2025-04-23 08:54:07 : 40095 steps taken, and 10480 accepted.
[1 : mcmc] Progress @ 2025-04-23 08:54:16 : 39696 steps taken, and 10076 accepted.
[3 : mcmc] Progress @ 2025-04-23 08:55:30 : 40084 steps taken, and 10348 accepted.
[3 : mcmc] Learn + convergence test @ 10350 samples accepted.
[0 : mcmc] Progress @ 2025-04-23 08:55:41 : 39644 steps taken, and 10170 accepted.
[2 : mcmc] Progress @ 2025-04-23 08:56:10 : 40180 steps taken, and 10501 accepted.
[1 : mcmc] Progress @ 2025-04-23 08:56:19 : 39817 steps taken, and 10108 accepted.
[1 : mcmc] Learn + convergence test @ 10120 samples accepted.
[1 : mcmc] Ready to check convergence and learn a new proposal covmat (waiting for the rest...)
[0 : mcmc] All chains are ready to check convergence and learn a new proposal covmat
[0 : mcmc]  - Acceptance rate: 0.268 = avg([0.2647, 0.2647, 0.2749, 0.2667])
[0 : mcmc]  - Convergence of means: R-1 = 0.083585 after 41192 accepted steps = sum([10195, 10120, 10509, 10368])
[0 : mcmc]  - Updated covariance matrix of proposal pdf.
[3 : mcmc] Progress @ 2025-04-23 08:57:30 : 40175 steps taken, and 10369 accepted.
[0 : mcmc] Progress @ 2025-04-23 08:57:46 : 39723 steps taken, and 10200 accepted.
[2 : mcmc] Progress @ 2025-04-23 08:58:10 : 40260 steps taken, and 10521 accepted.
[1 : mcmc] Progress @ 2025-04-23 08:58:20 : 39911 steps taken, and 10134 accepted.
[3 : mcmc] Progress @ 2025-04-23 08:59:33 : 40270 steps taken, and 10399 accepted.
[0 : mcmc] Progress @ 2025-04-23 08:59:47 : 39818 steps taken, and 10217 accepted.
[2 : mcmc] Progress @ 2025-04-23 09:00:10 : 40342 steps taken, and 10547 accepted.
[1 : mcmc] Progress @ 2025-04-23 09:00:22 : 40001 steps taken, and 10163 accepted.
[3 : mcmc] Progress @ 2025-04-23 09:01:33 : 40346 steps taken, and 10419 accepted.
[0 : mcmc] Progress @ 2025-04-23 09:01:49 : 39911 steps taken, and 10247 accepted.
[2 : mcmc] Progress @ 2025-04-23 09:02:15 : 40430 steps taken, and 10572 accepted.
[1 : mcmc] Progress @ 2025-04-23 09:02:24 : 40086 steps taken, and 10187 accepted.
[2 : mcmc] Learn + convergence test @ 10580 samples accepted.
[2 : mcmc] Ready to check convergence and learn a new proposal covmat (waiting for the rest...)
[3 : mcmc] Progress @ 2025-04-23 09:03:33 : 40433 steps taken, and 10447 accepted.
[0 : mcmc] Progress @ 2025-04-23 09:03:53 : 40008 steps taken, and 10273 accepted.
[2 : mcmc] Progress @ 2025-04-23 09:04:17 : 40526 steps taken, and 10605 accepted.
[1 : mcmc] Progress @ 2025-04-23 09:04:26 : 40180 steps taken, and 10212 accepted.
[3 : mcmc] Progress @ 2025-04-23 09:05:34 : 40526 steps taken, and 10467 accepted.
[0 : mcmc] Progress @ 2025-04-23 09:05:53 : 40100 steps taken, and 10295 accepted.
[2 : mcmc] Progress @ 2025-04-23 09:06:20 : 40611 steps taken, and 10634 accepted.
[1 : mcmc] Progress @ 2025-04-23 09:06:29 : 40260 steps taken, and 10237 accepted.
[3 : mcmc] Progress @ 2025-04-23 09:07:38 : 40613 steps taken, and 10486 accepted.
[0 : mcmc] Progress @ 2025-04-23 09:07:55 : 40193 steps taken, and 10320 accepted.
[2 : mcmc] Progress @ 2025-04-23 09:08:22 : 40724 steps taken, and 10659 accepted.
[1 : mcmc] Progress @ 2025-04-23 09:08:35 : 40351 steps taken, and 10262 accepted.
[3 : mcmc] Progress @ 2025-04-23 09:09:39 : 40701 steps taken, and 10508 accepted.
[0 : mcmc] Progress @ 2025-04-23 09:09:55 : 40290 steps taken, and 10342 accepted.
[0 : mcmc] Learn + convergence test @ 10350 samples accepted.
[0 : mcmc] Ready to check convergence and learn a new proposal covmat (waiting for the rest...)
[2 : mcmc] Progress @ 2025-04-23 09:10:24 : 40805 steps taken, and 10685 accepted.
[1 : mcmc] Progress @ 2025-04-23 09:10:36 : 40435 steps taken, and 10290 accepted.
[3 : mcmc] Progress @ 2025-04-23 09:11:43 : 40782 steps taken, and 10528 accepted.
[0 : mcmc] Progress @ 2025-04-23 09:11:56 : 40368 steps taken, and 10367 accepted.
[2 : mcmc] Progress @ 2025-04-23 09:12:24 : 40911 steps taken, and 10707 accepted.
[1 : mcmc] Progress @ 2025-04-23 09:12:36 : 40545 steps taken, and 10322 accepted.
[3 : mcmc] Progress @ 2025-04-23 09:13:47 : 40875 steps taken, and 10555 accepted.
[0 : mcmc] Progress @ 2025-04-23 09:13:56 : 40454 steps taken, and 10389 accepted.
[2 : mcmc] Progress @ 2025-04-23 09:14:29 : 41002 steps taken, and 10727 accepted.
[1 : mcmc] Progress @ 2025-04-23 09:14:37 : 40643 steps taken, and 10344 accepted.
[1 : mcmc] Learn + convergence test @ 10350 samples accepted.
[1 : mcmc] Ready to check convergence and learn a new proposal covmat (waiting for the rest...)
[3 : mcmc] Learn + convergence test @ 10580 samples accepted.
[3 : mcmc] Ready to check convergence and learn a new proposal covmat (waiting for the rest...)
[0 : mcmc] Progress @ 2025-04-23 09:15:58 : 40543 steps taken, and 10410 accepted.
[0 : mcmc] All chains are ready to check convergence and learn a new proposal covmat
[0 : mcmc]  - Acceptance rate: 0.268 = avg([0.2642, 0.2659, 0.2750, 0.2667])
[0 : mcmc]  - Convergence of means: R-1 = 0.081004 after 42086 accepted steps = sum([10410, 10358, 10738, 10580])
[0 : mcmc]  - Updated covariance matrix of proposal pdf.
[3 : mcmc] Progress @ 2025-04-23 09:15:58 : 40962 steps taken, and 10580 accepted.
[2 : mcmc] Progress @ 2025-04-23 09:16:30 : 41090 steps taken, and 10743 accepted.
[1 : mcmc] Progress @ 2025-04-23 09:16:41 : 40726 steps taken, and 10367 accepted.
[0 : mcmc] Progress @ 2025-04-23 09:17:59 : 40631 steps taken, and 10426 accepted.
[3 : mcmc] Progress @ 2025-04-23 09:18:03 : 41080 steps taken, and 10598 accepted.
[2 : mcmc] Progress @ 2025-04-23 09:18:35 : 41179 steps taken, and 10767 accepted.
[1 : mcmc] Progress @ 2025-04-23 09:18:42 : 40807 steps taken, and 10391 accepted.
[0 : mcmc] Progress @ 2025-04-23 09:20:01 : 40725 steps taken, and 10450 accepted.
[3 : mcmc] Progress @ 2025-04-23 09:20:03 : 41166 steps taken, and 10621 accepted.
[2 : mcmc] Progress @ 2025-04-23 09:20:38 : 41270 steps taken, and 10789 accepted.
[1 : mcmc] Progress @ 2025-04-23 09:20:47 : 40912 steps taken, and 10415 accepted.
[3 : mcmc] Progress @ 2025-04-23 09:22:03 : 41261 steps taken, and 10648 accepted.
[0 : mcmc] Progress @ 2025-04-23 09:22:03 : 40809 steps taken, and 10476 accepted.
[2 : mcmc] Progress @ 2025-04-23 09:22:39 : 41354 steps taken, and 10807 accepted.
[1 : mcmc] Progress @ 2025-04-23 09:22:47 : 41020 steps taken, and 10433 accepted.
[2 : mcmc] Learn + convergence test @ 10810 samples accepted.
[2 : mcmc] Ready to check convergence and learn a new proposal covmat (waiting for the rest...)
[3 : mcmc] Progress @ 2025-04-23 09:24:04 : 41344 steps taken, and 10671 accepted.
[0 : mcmc] Progress @ 2025-04-23 09:24:04 : 40904 steps taken, and 10499 accepted.
[2 : mcmc] Progress @ 2025-04-23 09:24:42 : 41435 steps taken, and 10834 accepted.
[1 : mcmc] Progress @ 2025-04-23 09:24:51 : 41117 steps taken, and 10454 accepted.
[0 : mcmc] Progress @ 2025-04-23 09:26:07 : 40989 steps taken, and 10525 accepted.
[3 : mcmc] Progress @ 2025-04-23 09:26:08 : 41424 steps taken, and 10689 accepted.
[2 : mcmc] Progress @ 2025-04-23 09:26:46 : 41530 steps taken, and 10864 accepted.
[1 : mcmc] Progress @ 2025-04-23 09:26:53 : 41199 steps taken, and 10474 accepted.
[3 : mcmc] Progress @ 2025-04-23 09:28:08 : 41515 steps taken, and 10723 accepted.
[0 : mcmc] Progress @ 2025-04-23 09:28:12 : 41085 steps taken, and 10556 accepted.
[2 : mcmc] Progress @ 2025-04-23 09:28:48 : 41611 steps taken, and 10889 accepted.
[1 : mcmc] Progress @ 2025-04-23 09:28:58 : 41291 steps taken, and 10498 accepted.
[0 : mcmc] Learn + convergence test @ 10580 samples accepted.
[0 : mcmc] Ready to check convergence and learn a new proposal covmat (waiting for the rest...)
[3 : mcmc] Progress @ 2025-04-23 09:30:08 : 41602 steps taken, and 10753 accepted.
[0 : mcmc] Progress @ 2025-04-23 09:30:13 : 41179 steps taken, and 10582 accepted.
[2 : mcmc] Progress @ 2025-04-23 09:30:50 : 41694 steps taken, and 10911 accepted.
[1 : mcmc] Progress @ 2025-04-23 09:30:58 : 41382 steps taken, and 10530 accepted.
[3 : mcmc] Progress @ 2025-04-23 09:32:13 : 41681 steps taken, and 10777 accepted.
[0 : mcmc] Progress @ 2025-04-23 09:32:17 : 41271 steps taken, and 10609 accepted.
[2 : mcmc] Progress @ 2025-04-23 09:32:53 : 41780 steps taken, and 10933 accepted.
[1 : mcmc] Progress @ 2025-04-23 09:33:01 : 41464 steps taken, and 10557 accepted.
[3 : mcmc] Progress @ 2025-04-23 09:34:15 : 41771 steps taken, and 10808 accepted.
[0 : mcmc] Progress @ 2025-04-23 09:34:18 : 41353 steps taken, and 10644 accepted.
[3 : mcmc] Learn + convergence test @ 10810 samples accepted.
[3 : mcmc] Ready to check convergence and learn a new proposal covmat (waiting for the rest...)
[2 : mcmc] Progress @ 2025-04-23 09:34:54 : 41883 steps taken, and 10959 accepted.
[1 : mcmc] Learn + convergence test @ 10580 samples accepted.
[1 : mcmc] Ready to check convergence and learn a new proposal covmat (waiting for the rest...)
[0 : mcmc] All chains are ready to check convergence and learn a new proposal covmat
[0 : mcmc]  - Acceptance rate: 0.268 = avg([0.2646, 0.2662, 0.2745, 0.2683])
[0 : mcmc]  - Convergence of means: R-1 = 0.078041 after 43011 accepted steps = sum([10650, 10580, 10963, 10818])
[0 : mcmc]  - Updated covariance matrix of proposal pdf.
[1 : mcmc] Progress @ 2025-04-23 09:35:18 : 41552 steps taken, and 10580 accepted.
[3 : mcmc] Progress @ 2025-04-23 09:36:19 : 41857 steps taken, and 10827 accepted.
[0 : mcmc] Progress @ 2025-04-23 09:36:22 : 41445 steps taken, and 10662 accepted.
[2 : mcmc] Progress @ 2025-04-23 09:36:58 : 41968 steps taken, and 10984 accepted.
[1 : mcmc] Progress @ 2025-04-23 09:37:23 : 41639 steps taken, and 10606 accepted.
[0 : mcmc] Progress @ 2025-04-23 09:38:23 : 41539 steps taken, and 10688 accepted.
[3 : mcmc] Progress @ 2025-04-23 09:38:25 : 41952 steps taken, and 10846 accepted.
[2 : mcmc] Progress @ 2025-04-23 09:39:00 : 42056 steps taken, and 11005 accepted.
[1 : mcmc] Progress @ 2025-04-23 09:39:27 : 41719 steps taken, and 10628 accepted.
[0 : mcmc] Progress @ 2025-04-23 09:40:25 : 41637 steps taken, and 10712 accepted.
[3 : mcmc] Progress @ 2025-04-23 09:40:27 : 42044 steps taken, and 10871 accepted.
[2 : mcmc] Progress @ 2025-04-23 09:41:06 : 42143 steps taken, and 11028 accepted.
[1 : mcmc] Progress @ 2025-04-23 09:41:29 : 41815 steps taken, and 10653 accepted.
[2 : mcmc] Learn + convergence test @ 11040 samples accepted.
[2 : mcmc] Ready to check convergence and learn a new proposal covmat (waiting for the rest...)
[0 : mcmc] Progress @ 2025-04-23 09:42:25 : 41732 steps taken, and 10727 accepted.
[3 : mcmc] Progress @ 2025-04-23 09:42:28 : 42135 steps taken, and 10893 accepted.
[2 : mcmc] Progress @ 2025-04-23 09:43:06 : 42228 steps taken, and 11049 accepted.
[1 : mcmc] Progress @ 2025-04-23 09:43:29 : 41903 steps taken, and 10680 accepted.
[0 : mcmc] Progress @ 2025-04-23 09:44:28 : 41815 steps taken, and 10745 accepted.
[3 : mcmc] Progress @ 2025-04-23 09:44:31 : 42224 steps taken, and 10915 accepted.
[2 : mcmc] Progress @ 2025-04-23 09:45:10 : 42319 steps taken, and 11073 accepted.
[1 : mcmc] Progress @ 2025-04-23 09:45:29 : 41981 steps taken, and 10710 accepted.
[0 : mcmc] Progress @ 2025-04-23 09:46:33 : 41910 steps taken, and 10770 accepted.
[3 : mcmc] Progress @ 2025-04-23 09:46:34 : 42310 steps taken, and 10928 accepted.
[2 : mcmc] Progress @ 2025-04-23 09:47:12 : 42407 steps taken, and 11102 accepted.
[1 : mcmc] Progress @ 2025-04-23 09:47:34 : 42067 steps taken, and 10730 accepted.
[3 : mcmc] Progress @ 2025-04-23 09:48:34 : 42404 steps taken, and 10956 accepted.
[0 : mcmc] Progress @ 2025-04-23 09:48:37 : 41996 steps taken, and 10795 accepted.
[2 : mcmc] Progress @ 2025-04-23 09:49:15 : 42497 steps taken, and 11126 accepted.
[1 : mcmc] Progress @ 2025-04-23 09:49:35 : 42142 steps taken, and 10749 accepted.
[0 : mcmc] Learn + convergence test @ 10810 samples accepted.
[0 : mcmc] Ready to check convergence and learn a new proposal covmat (waiting for the rest...)
[0 : mcmc] Progress @ 2025-04-23 09:50:38 : 42075 steps taken, and 10818 accepted.
[3 : mcmc] Progress @ 2025-04-23 09:50:40 : 42490 steps taken, and 10986 accepted.
[2 : mcmc] Progress @ 2025-04-23 09:51:20 : 42623 steps taken, and 11149 accepted.
[1 : mcmc] Progress @ 2025-04-23 09:51:36 : 42231 steps taken, and 10776 accepted.
[0 : mcmc] Progress @ 2025-04-23 09:52:41 : 42173 steps taken, and 10848 accepted.
[3 : mcmc] Progress @ 2025-04-23 09:52:41 : 42581 steps taken, and 11005 accepted.
[2 : mcmc] Progress @ 2025-04-23 09:53:26 : 42721 steps taken, and 11173 accepted.
[1 : mcmc] Progress @ 2025-04-23 09:53:41 : 42328 steps taken, and 10798 accepted.
[3 : mcmc] Progress @ 2025-04-23 09:54:42 : 42657 steps taken, and 11032 accepted.
[0 : mcmc] Progress @ 2025-04-23 09:54:43 : 42255 steps taken, and 10870 accepted.
[1 : mcmc] Learn + convergence test @ 10810 samples accepted.
[1 : mcmc] Ready to check convergence and learn a new proposal covmat (waiting for the rest...)
[3 : mcmc] Learn + convergence test @ 11040 samples accepted.
[3 : mcmc] Ready to check convergence and learn a new proposal covmat (waiting for the rest...)
[2 : mcmc] Progress @ 2025-04-23 09:55:26 : 42810 steps taken, and 11209 accepted.
[0 : mcmc] All chains are ready to check convergence and learn a new proposal covmat
[0 : mcmc]  - Acceptance rate: 0.268 = avg([0.2641, 0.2655, 0.2742, 0.2673])
[0 : mcmc]  - Convergence of means: R-1 = 0.068391 after 43947 accepted steps = sum([10881, 10816, 11210, 11040])
[0 : mcmc]  - Updated covariance matrix of proposal pdf.
[1 : mcmc] Progress @ 2025-04-23 09:55:42 : 42413 steps taken, and 10817 accepted.
[3 : mcmc] Progress @ 2025-04-23 09:56:44 : 42728 steps taken, and 11057 accepted.
[0 : mcmc] Progress @ 2025-04-23 09:56:46 : 42342 steps taken, and 10893 accepted.
[2 : mcmc] Progress @ 2025-04-23 09:57:30 : 42897 steps taken, and 11230 accepted.
[1 : mcmc] Progress @ 2025-04-23 09:57:43 : 42493 steps taken, and 10837 accepted.
[3 : mcmc] Progress @ 2025-04-23 09:58:46 : 42810 steps taken, and 11079 accepted.
[0 : mcmc] Progress @ 2025-04-23 09:58:47 : 42496 steps taken, and 10915 accepted.
[2 : mcmc] Progress @ 2025-04-23 09:59:35 : 42991 steps taken, and 11258 accepted.
[1 : mcmc] Progress @ 2025-04-23 09:59:46 : 42582 steps taken, and 10861 accepted.
[3 : mcmc] Progress @ 2025-04-23 10:00:47 : 42892 steps taken, and 11111 accepted.
[0 : mcmc] Progress @ 2025-04-23 10:00:49 : 42578 steps taken, and 10937 accepted.
[2 : mcmc] Learn + convergence test @ 11270 samples accepted.
[2 : mcmc] Ready to check convergence and learn a new proposal covmat (waiting for the rest...)
[2 : mcmc] Progress @ 2025-04-23 10:01:41 : 43083 steps taken, and 11279 accepted.
[1 : mcmc] Progress @ 2025-04-23 10:01:47 : 42670 steps taken, and 10880 accepted.
[3 : mcmc] Progress @ 2025-04-23 10:02:48 : 42978 steps taken, and 11133 accepted.
[0 : mcmc] Progress @ 2025-04-23 10:02:49 : 42663 steps taken, and 10966 accepted.
[2 : mcmc] Progress @ 2025-04-23 10:03:43 : 43172 steps taken, and 11304 accepted.
[1 : mcmc] Progress @ 2025-04-23 10:03:47 : 42757 steps taken, and 10906 accepted.
[3 : mcmc] Progress @ 2025-04-23 10:04:48 : 43062 steps taken, and 11149 accepted.
[0 : mcmc] Progress @ 2025-04-23 10:04:49 : 42757 steps taken, and 10993 accepted.
[2 : mcmc] Progress @ 2025-04-23 10:05:48 : 43257 steps taken, and 11328 accepted.
[1 : mcmc] Progress @ 2025-04-23 10:05:48 : 42837 steps taken, and 10920 accepted.
[0 : mcmc] Progress @ 2025-04-23 10:06:50 : 42847 steps taken, and 11016 accepted.
[3 : mcmc] Progress @ 2025-04-23 10:06:53 : 43150 steps taken, and 11168 accepted.
[1 : mcmc] Progress @ 2025-04-23 10:07:52 : 42940 steps taken, and 10949 accepted.
[2 : mcmc] Progress @ 2025-04-23 10:07:53 : 43355 steps taken, and 11352 accepted.
[0 : mcmc] Progress @ 2025-04-23 10:08:50 : 42927 steps taken, and 11037 accepted.
[3 : mcmc] Progress @ 2025-04-23 10:08:56 : 43241 steps taken, and 11188 accepted.
[0 : mcmc] Learn + convergence test @ 11040 samples accepted.
[0 : mcmc] Ready to check convergence and learn a new proposal covmat (waiting for the rest...)
[2 : mcmc] Progress @ 2025-04-23 10:09:54 : 43433 steps taken, and 11376 accepted.
[1 : mcmc] Progress @ 2025-04-23 10:09:57 : 43019 steps taken, and 10970 accepted.
[0 : mcmc] Progress @ 2025-04-23 10:10:51 : 43010 steps taken, and 11058 accepted.
[3 : mcmc] Progress @ 2025-04-23 10:10:58 : 43326 steps taken, and 11211 accepted.
[2 : mcmc] Progress @ 2025-04-23 10:11:57 : 43542 steps taken, and 11406 accepted.
[1 : mcmc] Progress @ 2025-04-23 10:12:02 : 43116 steps taken, and 10991 accepted.
[0 : mcmc] Progress @ 2025-04-23 10:12:55 : 43097 steps taken, and 11085 accepted.
[3 : mcmc] Progress @ 2025-04-23 10:13:03 : 43414 steps taken, and 11236 accepted.
[2 : mcmc] Progress @ 2025-04-23 10:13:59 : 43642 steps taken, and 11427 accepted.
[1 : mcmc] Progress @ 2025-04-23 10:14:05 : 43199 steps taken, and 11014 accepted.
[0 : mcmc] Progress @ 2025-04-23 10:15:01 : 43186 steps taken, and 11109 accepted.
[3 : mcmc] Progress @ 2025-04-23 10:15:07 : 43501 steps taken, and 11259 accepted.
[3 : mcmc] Learn + convergence test @ 11270 samples accepted.
[3 : mcmc] Ready to check convergence and learn a new proposal covmat (waiting for the rest...)
[1 : mcmc] Learn + convergence test @ 11040 samples accepted.
[1 : mcmc] Ready to check convergence and learn a new proposal covmat (waiting for the rest...)
[0 : mcmc] All chains are ready to check convergence and learn a new proposal covmat
[0 : mcmc]  - Acceptance rate: 0.268 = avg([0.2636, 0.2650, 0.2736, 0.2685])
[0 : mcmc]  - Convergence of means: R-1 = 0.070887 after 44896 accepted steps = sum([11121, 11040, 11461, 11274])
[0 : mcmc]  - Updated covariance matrix of proposal pdf.
[2 : mcmc] Progress @ 2025-04-23 10:16:03 : 43735 steps taken, and 11461 accepted.
[1 : mcmc] Progress @ 2025-04-23 10:16:05 : 43288 steps taken, and 11045 accepted.
[0 : mcmc] Progress @ 2025-04-23 10:17:01 : 43258 steps taken, and 11134 accepted.
[3 : mcmc] Progress @ 2025-04-23 10:17:10 : 43599 steps taken, and 11282 accepted.
[2 : mcmc] Progress @ 2025-04-23 10:18:03 : 43827 steps taken, and 11491 accepted.
[1 : mcmc] Progress @ 2025-04-23 10:18:05 : 43386 steps taken, and 11070 accepted.
[2 : mcmc] Learn + convergence test @ 11500 samples accepted.
[2 : mcmc] Ready to check convergence and learn a new proposal covmat (waiting for the rest...)
[0 : mcmc] Progress @ 2025-04-23 10:19:01 : 43345 steps taken, and 11162 accepted.
[3 : mcmc] Progress @ 2025-04-23 10:19:11 : 43691 steps taken, and 11312 accepted.
[2 : mcmc] Progress @ 2025-04-23 10:20:04 : 43925 steps taken, and 11516 accepted.
[1 : mcmc] Progress @ 2025-04-23 10:20:08 : 43467 steps taken, and 11092 accepted.
[0 : mcmc] Progress @ 2025-04-23 10:21:02 : 43434 steps taken, and 11191 accepted.
[3 : mcmc] Progress @ 2025-04-23 10:21:12 : 43799 steps taken, and 11338 accepted.
[2 : mcmc] Progress @ 2025-04-23 10:22:05 : 44017 steps taken, and 11543 accepted.
[1 : mcmc] Progress @ 2025-04-23 10:22:14 : 43553 steps taken, and 11115 accepted.
[0 : mcmc] Progress @ 2025-04-23 10:23:07 : 43519 steps taken, and 11213 accepted.
[3 : mcmc] Progress @ 2025-04-23 10:23:14 : 43878 steps taken, and 11364 accepted.
[2 : mcmc] Progress @ 2025-04-23 10:24:05 : 44103 steps taken, and 11573 accepted.
[1 : mcmc] Progress @ 2025-04-23 10:24:19 : 43663 steps taken, and 11139 accepted.
[0 : mcmc] Progress @ 2025-04-23 10:25:11 : 43615 steps taken, and 11236 accepted.
[3 : mcmc] Progress @ 2025-04-23 10:25:16 : 43958 steps taken, and 11387 accepted.
[2 : mcmc] Progress @ 2025-04-23 10:26:07 : 44191 steps taken, and 11595 accepted.
[1 : mcmc] Progress @ 2025-04-23 10:26:21 : 43780 steps taken, and 11168 accepted.
[0 : mcmc] Progress @ 2025-04-23 10:27:11 : 43727 steps taken, and 11259 accepted.
[3 : mcmc] Progress @ 2025-04-23 10:27:16 : 44045 steps taken, and 11417 accepted.
[0 : mcmc] Learn + convergence test @ 11270 samples accepted.
[0 : mcmc] Ready to check convergence and learn a new proposal covmat (waiting for the rest...)
[2 : mcmc] Progress @ 2025-04-23 10:28:10 : 44277 steps taken, and 11618 accepted.
[1 : mcmc] Progress @ 2025-04-23 10:28:21 : 43870 steps taken, and 11194 accepted.
[0 : mcmc] Progress @ 2025-04-23 10:29:14 : 43814 steps taken, and 11284 accepted.
[3 : mcmc] Progress @ 2025-04-23 10:29:17 : 44133 steps taken, and 11449 accepted.
[2 : mcmc] Progress @ 2025-04-23 10:30:11 : 44373 steps taken, and 11640 accepted.
[1 : mcmc] Progress @ 2025-04-23 10:30:26 : 43956 steps taken, and 11222 accepted.
[3 : mcmc] Progress @ 2025-04-23 10:31:17 : 44212 steps taken, and 11469 accepted.
[0 : mcmc] Progress @ 2025-04-23 10:31:17 : 43907 steps taken, and 11311 accepted.
[2 : mcmc] Progress @ 2025-04-23 10:32:15 : 44472 steps taken, and 11663 accepted.
[1 : mcmc] Progress @ 2025-04-23 10:32:27 : 44041 steps taken, and 11247 accepted.
[3 : mcmc] Progress @ 2025-04-23 10:33:18 : 44302 steps taken, and 11491 accepted.
[0 : mcmc] Progress @ 2025-04-23 10:33:19 : 43996 steps taken, and 11334 accepted.
[3 : mcmc] Learn + convergence test @ 11500 samples accepted.
[3 : mcmc] Ready to check convergence and learn a new proposal covmat (waiting for the rest...)
[2 : mcmc] Progress @ 2025-04-23 10:34:18 : 44567 steps taken, and 11690 accepted.
[1 : mcmc] Progress @ 2025-04-23 10:34:29 : 44126 steps taken, and 11269 accepted.
[1 : mcmc] Learn + convergence test @ 11270 samples accepted.
[1 : mcmc] Ready to check convergence and learn a new proposal covmat (waiting for the rest...)
[0 : mcmc] All chains are ready to check convergence and learn a new proposal covmat
[0 : mcmc]  - Acceptance rate: 0.268 = avg([0.2637, 0.2655, 0.2750, 0.2690])
[0 : mcmc]  - Convergence of means: R-1 = 0.077230 after 45820 accepted steps = sum([11347, 11270, 11693, 11510])
[0 : mcmc]  - Updated covariance matrix of proposal pdf.
[3 : mcmc] Progress @ 2025-04-23 10:35:18 : 44412 steps taken, and 11517 accepted.
[0 : mcmc] Progress @ 2025-04-23 10:35:25 : 44080 steps taken, and 11354 accepted.
[2 : mcmc] Progress @ 2025-04-23 10:36:21 : 44666 steps taken, and 11712 accepted.
[1 : mcmc] Progress @ 2025-04-23 10:36:32 : 44205 steps taken, and 11292 accepted.
[3 : mcmc] Progress @ 2025-04-23 10:37:19 : 44489 steps taken, and 11538 accepted.
[0 : mcmc] Progress @ 2025-04-23 10:37:28 : 44174 steps taken, and 11376 accepted.
[2 : mcmc] Learn + convergence test @ 11730 samples accepted.
[2 : mcmc] Ready to check convergence and learn a new proposal covmat (waiting for the rest...)
[2 : mcmc] Progress @ 2025-04-23 10:38:23 : 44760 steps taken, and 11742 accepted.
[1 : mcmc] Progress @ 2025-04-23 10:38:33 : 44295 steps taken, and 11316 accepted.
[3 : mcmc] Progress @ 2025-04-23 10:39:22 : 44578 steps taken, and 11557 accepted.
[0 : mcmc] Progress @ 2025-04-23 10:39:28 : 44272 steps taken, and 11402 accepted.
[2 : mcmc] Progress @ 2025-04-23 10:40:26 : 44842 steps taken, and 11760 accepted.
[1 : mcmc] Progress @ 2025-04-23 10:40:33 : 44371 steps taken, and 11333 accepted.
[3 : mcmc] Progress @ 2025-04-23 10:41:26 : 44654 steps taken, and 11574 accepted.
[0 : mcmc] Progress @ 2025-04-23 10:41:28 : 44355 steps taken, and 11426 accepted.
[2 : mcmc] Progress @ 2025-04-23 10:42:29 : 44934 steps taken, and 11786 accepted.
[1 : mcmc] Progress @ 2025-04-23 10:42:36 : 44456 steps taken, and 11358 accepted.
[3 : mcmc] Progress @ 2025-04-23 10:43:27 : 44740 steps taken, and 11596 accepted.
[0 : mcmc] Progress @ 2025-04-23 10:43:30 : 44455 steps taken, and 11452 accepted.
[2 : mcmc] Progress @ 2025-04-23 10:44:29 : 45024 steps taken, and 11808 accepted.
[1 : mcmc] Progress @ 2025-04-23 10:44:37 : 44536 steps taken, and 11379 accepted.
[3 : mcmc] Progress @ 2025-04-23 10:45:28 : 44819 steps taken, and 11621 accepted.
[0 : mcmc] Progress @ 2025-04-23 10:45:32 : 44559 steps taken, and 11477 accepted.
[2 : mcmc] Progress @ 2025-04-23 10:46:34 : 45121 steps taken, and 11830 accepted.
[1 : mcmc] Progress @ 2025-04-23 10:46:39 : 44639 steps taken, and 11410 accepted.
[0 : mcmc] Learn + convergence test @ 11500 samples accepted.
[0 : mcmc] Ready to check convergence and learn a new proposal covmat (waiting for the rest...)
[3 : mcmc] Progress @ 2025-04-23 10:47:29 : 44912 steps taken, and 11653 accepted.
[0 : mcmc] Progress @ 2025-04-23 10:47:35 : 44664 steps taken, and 11508 accepted.
[2 : mcmc] Progress @ 2025-04-23 10:48:34 : 45206 steps taken, and 11852 accepted.
[1 : mcmc] Progress @ 2025-04-23 10:48:39 : 44719 steps taken, and 11433 accepted.
[3 : mcmc] Progress @ 2025-04-23 10:49:30 : 44995 steps taken, and 11682 accepted.
[0 : mcmc] Progress @ 2025-04-23 10:49:38 : 44761 steps taken, and 11532 accepted.
[1 : mcmc] Progress @ 2025-04-23 10:50:39 : 44805 steps taken, and 11460 accepted.
[2 : mcmc] Progress @ 2025-04-23 10:50:40 : 45297 steps taken, and 11873 accepted.
[3 : mcmc] Progress @ 2025-04-23 10:51:32 : 45084 steps taken, and 11707 accepted.
[0 : mcmc] Progress @ 2025-04-23 10:51:42 : 44848 steps taken, and 11551 accepted.
[1 : mcmc] Progress @ 2025-04-23 10:52:42 : 44882 steps taken, and 11474 accepted.
[2 : mcmc] Progress @ 2025-04-23 10:52:42 : 45400 steps taken, and 11895 accepted.
[3 : mcmc] Progress @ 2025-04-23 10:53:33 : 45183 steps taken, and 11728 accepted.
[3 : mcmc] Learn + convergence test @ 11730 samples accepted.
[3 : mcmc] Ready to check convergence and learn a new proposal covmat (waiting for the rest...)
[0 : mcmc] Progress @ 2025-04-23 10:53:45 : 44942 steps taken, and 11577 accepted.
[1 : mcmc] Learn + convergence test @ 11500 samples accepted.
[1 : mcmc] Ready to check convergence and learn a new proposal covmat (waiting for the rest...)
[0 : mcmc] All chains are ready to check convergence and learn a new proposal covmat
[0 : mcmc]  - Acceptance rate: 0.268 = avg([0.2634, 0.2663, 0.2735, 0.2691])
[0 : mcmc]  - Convergence of means: R-1 = 0.079369 after 46742 accepted steps = sum([11587, 11500, 11916, 11739])
[0 : mcmc]  - Updated covariance matrix of proposal pdf.
[2 : mcmc] Progress @ 2025-04-23 10:54:46 : 45479 steps taken, and 11916 accepted.
[1 : mcmc] Progress @ 2025-04-23 10:54:46 : 44971 steps taken, and 11501 accepted.
[3 : mcmc] Progress @ 2025-04-23 10:55:33 : 45266 steps taken, and 11751 accepted.
[0 : mcmc] Progress @ 2025-04-23 10:55:48 : 45025 steps taken, and 11604 accepted.
[1 : mcmc] Progress @ 2025-04-23 10:56:47 : 45071 steps taken, and 11529 accepted.
[2 : mcmc] Progress @ 2025-04-23 10:56:50 : 45571 steps taken, and 11941 accepted.
[3 : mcmc] Progress @ 2025-04-23 10:57:37 : 45354 steps taken, and 11779 accepted.
[0 : mcmc] Progress @ 2025-04-23 10:57:51 : 45122 steps taken, and 11631 accepted.
[2 : mcmc] Learn + convergence test @ 11960 samples accepted.
[2 : mcmc] Ready to check convergence and learn a new proposal covmat (waiting for the rest...)
[1 : mcmc] Progress @ 2025-04-23 10:58:51 : 45161 steps taken, and 11551 accepted.
[2 : mcmc] Progress @ 2025-04-23 10:58:54 : 45665 steps taken, and 11963 accepted.
[3 : mcmc] Progress @ 2025-04-23 10:59:41 : 45443 steps taken, and 11797 accepted.
[0 : mcmc] Progress @ 2025-04-23 10:59:56 : 45220 steps taken, and 11656 accepted.
[1 : mcmc] Progress @ 2025-04-23 11:00:52 : 45247 steps taken, and 11569 accepted.
[2 : mcmc] Progress @ 2025-04-23 11:00:57 : 45753 steps taken, and 11984 accepted.
[3 : mcmc] Progress @ 2025-04-23 11:01:45 : 45542 steps taken, and 11817 accepted.
[0 : mcmc] Progress @ 2025-04-23 11:01:57 : 45306 steps taken, and 11676 accepted.
[1 : mcmc] Progress @ 2025-04-23 11:02:54 : 45343 steps taken, and 11596 accepted.
[2 : mcmc] Progress @ 2025-04-23 11:02:58 : 45846 steps taken, and 12018 accepted.
[3 : mcmc] Progress @ 2025-04-23 11:03:50 : 45648 steps taken, and 11836 accepted.
[0 : mcmc] Progress @ 2025-04-23 11:04:00 : 45391 steps taken, and 11702 accepted.
[1 : mcmc] Progress @ 2025-04-23 11:04:57 : 45428 steps taken, and 11627 accepted.
[2 : mcmc] Progress @ 2025-04-23 11:04:58 : 45946 steps taken, and 12047 accepted.
[3 : mcmc] Progress @ 2025-04-23 11:05:50 : 45750 steps taken, and 11869 accepted.
[0 : mcmc] Learn + convergence test @ 11730 samples accepted.
[0 : mcmc] Ready to check convergence and learn a new proposal covmat (waiting for the rest...)
[0 : mcmc] Progress @ 2025-04-23 11:06:06 : 45491 steps taken, and 11730 accepted.
[1 : mcmc] Progress @ 2025-04-23 11:06:59 : 45516 steps taken, and 11649 accepted.
[2 : mcmc] Progress @ 2025-04-23 11:07:03 : 46050 steps taken, and 12073 accepted.
[3 : mcmc] Progress @ 2025-04-23 11:07:50 : 45829 steps taken, and 11889 accepted.
[0 : mcmc] Progress @ 2025-04-23 11:08:06 : 45568 steps taken, and 11747 accepted.
[1 : mcmc] Progress @ 2025-04-23 11:09:01 : 45590 steps taken, and 11668 accepted.
[2 : mcmc] Progress @ 2025-04-23 11:09:08 : 46152 steps taken, and 12099 accepted.
[3 : mcmc] Progress @ 2025-04-23 11:09:54 : 45914 steps taken, and 11919 accepted.
[0 : mcmc] Progress @ 2025-04-23 11:10:07 : 45653 steps taken, and 11774 accepted.
[1 : mcmc] Progress @ 2025-04-23 11:11:04 : 45687 steps taken, and 11696 accepted.
[2 : mcmc] Progress @ 2025-04-23 11:11:08 : 46251 steps taken, and 12129 accepted.
[3 : mcmc] Progress @ 2025-04-23 11:11:57 : 46045 steps taken, and 11935 accepted.
[0 : mcmc] Progress @ 2025-04-23 11:12:07 : 45736 steps taken, and 11793 accepted.
[1 : mcmc] Progress @ 2025-04-23 11:13:04 : 45776 steps taken, and 11715 accepted.
[2 : mcmc] Progress @ 2025-04-23 11:13:14 : 46343 steps taken, and 12156 accepted.
[3 : mcmc] Progress @ 2025-04-23 11:14:00 : 46120 steps taken, and 11957 accepted.
[0 : mcmc] Progress @ 2025-04-23 11:14:08 : 45825 steps taken, and 11820 accepted.
[3 : mcmc] Learn + convergence test @ 11960 samples accepted.
[3 : mcmc] Ready to check convergence and learn a new proposal covmat (waiting for the rest...)
[1 : mcmc] Progress @ 2025-04-23 11:15:04 : 45860 steps taken, and 11727 accepted.
[2 : mcmc] Progress @ 2025-04-23 11:15:14 : 46420 steps taken, and 12176 accepted.
[1 : mcmc] Learn + convergence test @ 11730 samples accepted.
[1 : mcmc] Ready to check convergence and learn a new proposal covmat (waiting for the rest...)
[0 : mcmc] All chains are ready to check convergence and learn a new proposal covmat
[3 : mcmc] Progress @ 2025-04-23 11:16:04 : 46254 steps taken, and 11972 accepted.
[0 : mcmc]  - Acceptance rate: 0.268 = avg([0.2648, 0.2666, 0.2739, 0.2668])
[0 : mcmc]  - Convergence of means: R-1 = 0.070758 after 47723 accepted steps = sum([11838, 11730, 12183, 11972])
[0 : mcmc]  - Updated covariance matrix of proposal pdf.
[0 : mcmc] Progress @ 2025-04-23 11:16:08 : 45887 steps taken, and 11839 accepted.
[2 : mcmc] Learn + convergence test @ 12190 samples accepted.
[2 : mcmc] Ready to check convergence and learn a new proposal covmat (waiting for the rest...)
[1 : mcmc] Progress @ 2025-04-23 11:17:05 : 45919 steps taken, and 11741 accepted.
[2 : mcmc] Progress @ 2025-04-23 11:17:20 : 46499 steps taken, and 12195 accepted.
[3 : mcmc] Progress @ 2025-04-23 11:18:06 : 46333 steps taken, and 11985 accepted.
[0 : mcmc] Progress @ 2025-04-23 11:18:12 : 45974 steps taken, and 11857 accepted.
[1 : mcmc] Progress @ 2025-04-23 11:19:07 : 46022 steps taken, and 11759 accepted.
[2 : mcmc] Progress @ 2025-04-23 11:19:22 : 46628 steps taken, and 12225 accepted.
[3 : mcmc] Progress @ 2025-04-23 11:20:06 : 46420 steps taken, and 12016 accepted.
[0 : mcmc] Progress @ 2025-04-23 11:20:13 : 46055 steps taken, and 11877 accepted.
[1 : mcmc] Progress @ 2025-04-23 11:21:07 : 46116 steps taken, and 11779 accepted.
[2 : mcmc] Progress @ 2025-04-23 11:21:22 : 46712 steps taken, and 12249 accepted.
[3 : mcmc] Progress @ 2025-04-23 11:22:08 : 46500 steps taken, and 12032 accepted.
[0 : mcmc] Progress @ 2025-04-23 11:22:14 : 46140 steps taken, and 11904 accepted.
[1 : mcmc] Progress @ 2025-04-23 11:23:11 : 46210 steps taken, and 11804 accepted.
[2 : mcmc] Progress @ 2025-04-23 11:23:24 : 46805 steps taken, and 12276 accepted.
[3 : mcmc] Progress @ 2025-04-23 11:24:11 : 46592 steps taken, and 12053 accepted.
[0 : mcmc] Progress @ 2025-04-23 11:24:17 : 46234 steps taken, and 11925 accepted.
[1 : mcmc] Progress @ 2025-04-23 11:25:14 : 46327 steps taken, and 11829 accepted.
[2 : mcmc] Progress @ 2025-04-23 11:25:28 : 46884 steps taken, and 12304 accepted.
[3 : mcmc] Progress @ 2025-04-23 11:26:17 : 46671 steps taken, and 12082 accepted.
[0 : mcmc] Progress @ 2025-04-23 11:26:17 : 46332 steps taken, and 11948 accepted.
[1 : mcmc] Progress @ 2025-04-23 11:27:14 : 46417 steps taken, and 11846 accepted.
[2 : mcmc] Progress @ 2025-04-23 11:27:29 : 46973 steps taken, and 12328 accepted.
[0 : mcmc] Learn + convergence test @ 11960 samples accepted.
[0 : mcmc] Ready to check convergence and learn a new proposal covmat (waiting for the rest...)
[3 : mcmc] Progress @ 2025-04-23 11:28:19 : 46767 steps taken, and 12107 accepted.
[0 : mcmc] Progress @ 2025-04-23 11:28:21 : 46415 steps taken, and 11970 accepted.
[1 : mcmc] Progress @ 2025-04-23 11:29:19 : 46504 steps taken, and 11868 accepted.
[2 : mcmc] Progress @ 2025-04-23 11:29:30 : 47069 steps taken, and 12352 accepted.
[3 : mcmc] Progress @ 2025-04-23 11:30:21 : 46862 steps taken, and 12132 accepted.
[0 : mcmc] Progress @ 2025-04-23 11:30:25 : 46511 steps taken, and 11996 accepted.
[1 : mcmc] Progress @ 2025-04-23 11:31:24 : 46593 steps taken, and 11890 accepted.
[2 : mcmc] Progress @ 2025-04-23 11:31:35 : 47159 steps taken, and 12378 accepted.
[3 : mcmc] Progress @ 2025-04-23 11:32:21 : 46942 steps taken, and 12149 accepted.
[0 : mcmc] Progress @ 2025-04-23 11:32:25 : 46597 steps taken, and 12020 accepted.
[1 : mcmc] Progress @ 2025-04-23 11:33:25 : 46693 steps taken, and 11920 accepted.
[2 : mcmc] Progress @ 2025-04-23 11:33:40 : 47246 steps taken, and 12404 accepted.
[3 : mcmc] Progress @ 2025-04-23 11:34:21 : 47031 steps taken, and 12179 accepted.
[0 : mcmc] Progress @ 2025-04-23 11:34:30 : 46691 steps taken, and 12047 accepted.
[2 : mcmc] Learn + convergence test @ 12420 samples accepted.
[1 : mcmc] Progress @ 2025-04-23 11:35:28 : 46784 steps taken, and 11943 accepted.
[2 : mcmc] Progress @ 2025-04-23 11:35:41 : 47334 steps taken, and 12429 accepted.
[3 : mcmc] Learn + convergence test @ 12190 samples accepted.
[3 : mcmc] Ready to check convergence and learn a new proposal covmat (waiting for the rest...)
[3 : mcmc] Progress @ 2025-04-23 11:36:22 : 47104 steps taken, and 12198 accepted.
[0 : mcmc] Progress @ 2025-04-23 11:36:32 : 46779 steps taken, and 12074 accepted.
[1 : mcmc] Learn + convergence test @ 11960 samples accepted.
[1 : mcmc] Ready to check convergence and learn a new proposal covmat (waiting for the rest...)
[0 : mcmc] All chains are ready to check convergence and learn a new proposal covmat
[0 : mcmc]  - Acceptance rate: 0.268 = avg([0.2654, 0.2653, 0.2740, 0.2663])
[0 : mcmc]  - Convergence of means: R-1 = 0.066264 after 48700 accepted steps = sum([12082, 11960, 12449, 12209])
[0 : mcmc]  - Updated covariance matrix of proposal pdf.
[1 : mcmc] Progress @ 2025-04-23 11:37:30 : 46858 steps taken, and 11961 accepted.
[2 : mcmc] Progress @ 2025-04-23 11:37:41 : 47415 steps taken, and 12452 accepted.
[3 : mcmc] Progress @ 2025-04-23 11:38:22 : 47195 steps taken, and 12225 accepted.
[0 : mcmc] Progress @ 2025-04-23 11:38:35 : 46874 steps taken, and 12095 accepted.
[1 : mcmc] Progress @ 2025-04-23 11:39:31 : 46945 steps taken, and 11987 accepted.
[2 : mcmc] Progress @ 2025-04-23 11:39:41 : 47516 steps taken, and 12473 accepted.
[3 : mcmc] Progress @ 2025-04-23 11:40:23 : 47291 steps taken, and 12255 accepted.
[0 : mcmc] Progress @ 2025-04-23 11:40:40 : 46987 steps taken, and 12121 accepted.
[1 : mcmc] Progress @ 2025-04-23 11:41:35 : 47031 steps taken, and 12014 accepted.
[2 : mcmc] Progress @ 2025-04-23 11:41:41 : 47605 steps taken, and 12491 accepted.
[3 : mcmc] Progress @ 2025-04-23 11:42:23 : 47379 steps taken, and 12278 accepted.
[0 : mcmc] Progress @ 2025-04-23 11:42:40 : 47100 steps taken, and 12144 accepted.
[1 : mcmc] Progress @ 2025-04-23 11:43:36 : 47121 steps taken, and 12031 accepted.
[2 : mcmc] Progress @ 2025-04-23 11:43:44 : 47687 steps taken, and 12511 accepted.
[3 : mcmc] Progress @ 2025-04-23 11:44:29 : 47461 steps taken, and 12295 accepted.
[0 : mcmc] Progress @ 2025-04-23 11:44:45 : 47194 steps taken, and 12167 accepted.
[1 : mcmc] Progress @ 2025-04-23 11:45:38 : 47197 steps taken, and 12054 accepted.
[2 : mcmc] Progress @ 2025-04-23 11:45:47 : 47777 steps taken, and 12532 accepted.
[0 : mcmc] Learn + convergence test @ 12190 samples accepted.
[0 : mcmc] Ready to check convergence and learn a new proposal covmat (waiting for the rest...)
[3 : mcmc] Progress @ 2025-04-23 11:46:34 : 47545 steps taken, and 12313 accepted.
[0 : mcmc] Progress @ 2025-04-23 11:46:45 : 47277 steps taken, and 12193 accepted.
[1 : mcmc] Progress @ 2025-04-23 11:47:38 : 47288 steps taken, and 12079 accepted.
[2 : mcmc] Progress @ 2025-04-23 11:47:48 : 47870 steps taken, and 12551 accepted.
[3 : mcmc] Progress @ 2025-04-23 11:48:34 : 47639 steps taken, and 12343 accepted.
[0 : mcmc] Progress @ 2025-04-23 11:48:49 : 47366 steps taken, and 12219 accepted.
[1 : mcmc] Progress @ 2025-04-23 11:49:43 : 47375 steps taken, and 12105 accepted.
[2 : mcmc] Progress @ 2025-04-23 11:49:53 : 47955 steps taken, and 12579 accepted.
[3 : mcmc] Progress @ 2025-04-23 11:50:36 : 47727 steps taken, and 12366 accepted.
[0 : mcmc] Progress @ 2025-04-23 11:50:54 : 47465 steps taken, and 12242 accepted.
[1 : mcmc] Progress @ 2025-04-23 11:51:49 : 47462 steps taken, and 12134 accepted.
[2 : mcmc] Progress @ 2025-04-23 11:51:55 : 48032 steps taken, and 12600 accepted.
[3 : mcmc] Progress @ 2025-04-23 11:52:41 : 47826 steps taken, and 12391 accepted.
[0 : mcmc] Progress @ 2025-04-23 11:52:54 : 47537 steps taken, and 12259 accepted.
[1 : mcmc] Progress @ 2025-04-23 11:53:52 : 47549 steps taken, and 12154 accepted.
[2 : mcmc] Progress @ 2025-04-23 11:53:59 : 48118 steps taken, and 12621 accepted.
[3 : mcmc] Progress @ 2025-04-23 11:54:41 : 47898 steps taken, and 12406 accepted.
[0 : mcmc] Progress @ 2025-04-23 11:54:55 : 47623 steps taken, and 12279 accepted.
[1 : mcmc] Progress @ 2025-04-23 11:55:56 : 47636 steps taken, and 12180 accepted.
[2 : mcmc] Progress @ 2025-04-23 11:55:59 : 48193 steps taken, and 12638 accepted.
[1 : mcmc] Learn + convergence test @ 12190 samples accepted.
[1 : mcmc] Ready to check convergence and learn a new proposal covmat (waiting for the rest...)
[3 : mcmc] Learn + convergence test @ 12420 samples accepted.
[3 : mcmc] Ready to check convergence and learn a new proposal covmat (waiting for the rest...)
[3 : mcmc] Progress @ 2025-04-23 11:56:42 : 47976 steps taken, and 12425 accepted.
[2 : mcmc] Learn + convergence test @ 12650 samples accepted.
[2 : mcmc] Ready to check convergence and learn a new proposal covmat (waiting for the rest...)
[0 : mcmc] Progress @ 2025-04-23 11:56:55 : 47705 steps taken, and 12305 accepted.
[0 : mcmc] All chains are ready to check convergence and learn a new proposal covmat
[0 : mcmc]  - Acceptance rate: 0.268 = avg([0.2653, 0.2659, 0.2726, 0.2667])
[0 : mcmc]  - Convergence of means: R-1 = 0.065267 after 49585 accepted steps = sum([12305, 12196, 12650, 12434])
[0 : mcmc]  - Updated covariance matrix of proposal pdf.
[1 : mcmc] Progress @ 2025-04-23 11:57:57 : 47709 steps taken, and 12203 accepted.
[2 : mcmc] Progress @ 2025-04-23 11:57:59 : 48257 steps taken, and 12657 accepted.
[3 : mcmc] Progress @ 2025-04-23 11:58:46 : 48071 steps taken, and 12454 accepted.
[0 : mcmc] Progress @ 2025-04-23 11:58:57 : 47779 steps taken, and 12324 accepted.
[1 : mcmc] Progress @ 2025-04-23 12:00:00 : 47793 steps taken, and 12227 accepted.
[2 : mcmc] Progress @ 2025-04-23 12:00:02 : 48361 steps taken, and 12683 accepted.
[3 : mcmc] Progress @ 2025-04-23 12:00:51 : 48156 steps taken, and 12480 accepted.
[0 : mcmc] Progress @ 2025-04-23 12:00:59 : 47864 steps taken, and 12342 accepted.
[1 : mcmc] Progress @ 2025-04-23 12:02:00 : 47881 steps taken, and 12251 accepted.
[2 : mcmc] Progress @ 2025-04-23 12:02:03 : 48462 steps taken, and 12709 accepted.
[3 : mcmc] Progress @ 2025-04-23 12:02:55 : 48249 steps taken, and 12502 accepted.
[0 : mcmc] Progress @ 2025-04-23 12:03:04 : 47975 steps taken, and 12368 accepted.
[2 : mcmc] Progress @ 2025-04-23 12:04:03 : 48559 steps taken, and 12735 accepted.
[1 : mcmc] Progress @ 2025-04-23 12:04:03 : 47976 steps taken, and 12272 accepted.
[3 : mcmc] Progress @ 2025-04-23 12:04:56 : 48336 steps taken, and 12524 accepted.
[0 : mcmc] Progress @ 2025-04-23 12:05:04 : 48056 steps taken, and 12393 accepted.
[2 : mcmc] Progress @ 2025-04-23 12:06:05 : 48652 steps taken, and 12756 accepted.
[1 : mcmc] Progress @ 2025-04-23 12:06:06 : 48058 steps taken, and 12296 accepted.
[0 : mcmc] Learn + convergence test @ 12420 samples accepted.
[0 : mcmc] Ready to check convergence and learn a new proposal covmat (waiting for the rest...)
[3 : mcmc] Progress @ 2025-04-23 12:06:56 : 48415 steps taken, and 12540 accepted.
[0 : mcmc] Progress @ 2025-04-23 12:07:09 : 48162 steps taken, and 12425 accepted.
[1 : mcmc] Progress @ 2025-04-23 12:08:10 : 48147 steps taken, and 12324 accepted.
[2 : mcmc] Progress @ 2025-04-23 12:08:11 : 48733 steps taken, and 12779 accepted.
[3 : mcmc] Progress @ 2025-04-23 12:09:02 : 48489 steps taken, and 12557 accepted.
[0 : mcmc] Progress @ 2025-04-23 12:09:14 : 48239 steps taken, and 12441 accepted.
[1 : mcmc] Progress @ 2025-04-23 12:10:11 : 48238 steps taken, and 12350 accepted.
[2 : mcmc] Progress @ 2025-04-23 12:10:12 : 48807 steps taken, and 12797 accepted.
[3 : mcmc] Progress @ 2025-04-23 12:11:06 : 48577 steps taken, and 12576 accepted.
[0 : mcmc] Progress @ 2025-04-23 12:11:20 : 48320 steps taken, and 12462 accepted.
[1 : mcmc] Progress @ 2025-04-23 12:12:11 : 48321 steps taken, and 12372 accepted.
[2 : mcmc] Progress @ 2025-04-23 12:12:15 : 48893 steps taken, and 12824 accepted.
[3 : mcmc] Progress @ 2025-04-23 12:13:11 : 48666 steps taken, and 12604 accepted.
[0 : mcmc] Progress @ 2025-04-23 12:13:21 : 48398 steps taken, and 12485 accepted.
[1 : mcmc] Progress @ 2025-04-23 12:14:12 : 48409 steps taken, and 12401 accepted.
[2 : mcmc] Progress @ 2025-04-23 12:14:19 : 48985 steps taken, and 12845 accepted.
[3 : mcmc] Progress @ 2025-04-23 12:15:14 : 48768 steps taken, and 12637 accepted.
[0 : mcmc] Progress @ 2025-04-23 12:15:24 : 48498 steps taken, and 12514 accepted.
[1 : mcmc] Learn + convergence test @ 12420 samples accepted.
[1 : mcmc] Ready to check convergence and learn a new proposal covmat (waiting for the rest...)
[1 : mcmc] Progress @ 2025-04-23 12:16:12 : 48497 steps taken, and 12424 accepted.
[3 : mcmc] Learn + convergence test @ 12650 samples accepted.
[3 : mcmc] Ready to check convergence and learn a new proposal covmat (waiting for the rest...)
[2 : mcmc] Progress @ 2025-04-23 12:16:21 : 49064 steps taken, and 12878 accepted.
[2 : mcmc] Learn + convergence test @ 12880 samples accepted.
[2 : mcmc] Ready to check convergence and learn a new proposal covmat (waiting for the rest...)
[0 : mcmc] All chains are ready to check convergence and learn a new proposal covmat
[0 : mcmc]  - Acceptance rate: 0.268 = avg([0.2664, 0.2668, 0.2732, 0.2668])
[0 : mcmc]  - Convergence of means: R-1 = 0.052728 after 50491 accepted steps = sum([12530, 12428, 12880, 12653])
[0 : mcmc]  - Updated covariance matrix of proposal pdf.
[3 : mcmc] Progress @ 2025-04-23 12:17:15 : 48837 steps taken, and 12661 accepted.
[0 : mcmc] Progress @ 2025-04-23 12:17:30 : 48591 steps taken, and 12540 accepted.
[1 : mcmc] Progress @ 2025-04-23 12:18:12 : 48570 steps taken, and 12442 accepted.
[2 : mcmc] Progress @ 2025-04-23 12:18:21 : 49150 steps taken, and 12898 accepted.
[3 : mcmc] Progress @ 2025-04-23 12:19:17 : 48937 steps taken, and 12691 accepted.
[0 : mcmc] Progress @ 2025-04-23 12:19:31 : 48674 steps taken, and 12567 accepted.
[1 : mcmc] Progress @ 2025-04-23 12:20:17 : 48666 steps taken, and 12470 accepted.
[2 : mcmc] Progress @ 2025-04-23 12:20:23 : 49254 steps taken, and 12926 accepted.
[3 : mcmc] Progress @ 2025-04-23 12:21:21 : 49028 steps taken, and 12707 accepted.
[0 : mcmc] Progress @ 2025-04-23 12:21:37 : 48773 steps taken, and 12593 accepted.
[1 : mcmc] Progress @ 2025-04-23 12:22:17 : 48749 steps taken, and 12494 accepted.
[2 : mcmc] Progress @ 2025-04-23 12:22:25 : 49335 steps taken, and 12953 accepted.
[3 : mcmc] Progress @ 2025-04-23 12:23:24 : 49126 steps taken, and 12728 accepted.
[0 : mcmc] Progress @ 2025-04-23 12:23:40 : 48851 steps taken, and 12614 accepted.
[1 : mcmc] Progress @ 2025-04-23 12:24:24 : 48827 steps taken, and 12511 accepted.
[2 : mcmc] Progress @ 2025-04-23 12:24:28 : 49406 steps taken, and 12976 accepted.
[3 : mcmc] Progress @ 2025-04-23 12:25:25 : 49215 steps taken, and 12755 accepted.
[0 : mcmc] Progress @ 2025-04-23 12:25:43 : 48931 steps taken, and 12638 accepted.
[0 : mcmc] Learn + convergence test @ 12650 samples accepted.
[0 : mcmc] Ready to check convergence and learn a new proposal covmat (waiting for the rest...)
[1 : mcmc] Progress @ 2025-04-23 12:26:25 : 48915 steps taken, and 12535 accepted.
[2 : mcmc] Progress @ 2025-04-23 12:26:32 : 49499 steps taken, and 13001 accepted.
[3 : mcmc] Progress @ 2025-04-23 12:27:27 : 49308 steps taken, and 12773 accepted.
[0 : mcmc] Progress @ 2025-04-23 12:27:45 : 49054 steps taken, and 12658 accepted.
[1 : mcmc] Progress @ 2025-04-23 12:28:29 : 48994 steps taken, and 12555 accepted.
[2 : mcmc] Progress @ 2025-04-23 12:28:33 : 49585 steps taken, and 13025 accepted.
[3 : mcmc] Progress @ 2025-04-23 12:29:28 : 49382 steps taken, and 12803 accepted.
[0 : mcmc] Progress @ 2025-04-23 12:29:48 : 49157 steps taken, and 12675 accepted.
[1 : mcmc] Progress @ 2025-04-23 12:30:33 : 49076 steps taken, and 12585 accepted.
[2 : mcmc] Progress @ 2025-04-23 12:30:34 : 49669 steps taken, and 13047 accepted.
[3 : mcmc] Progress @ 2025-04-23 12:31:29 : 49479 steps taken, and 12836 accepted.
[0 : mcmc] Progress @ 2025-04-23 12:31:49 : 49244 steps taken, and 12698 accepted.
[2 : mcmc] Progress @ 2025-04-23 12:32:34 : 49748 steps taken, and 13062 accepted.
[1 : mcmc] Progress @ 2025-04-23 12:32:35 : 49187 steps taken, and 12610 accepted.
[3 : mcmc] Progress @ 2025-04-23 12:33:30 : 49566 steps taken, and 12862 accepted.
[0 : mcmc] Progress @ 2025-04-23 12:33:51 : 49323 steps taken, and 12717 accepted.
[1 : mcmc] Progress @ 2025-04-23 12:34:35 : 49298 steps taken, and 12642 accepted.
[2 : mcmc] Progress @ 2025-04-23 12:34:38 : 49830 steps taken, and 13088 accepted.
[1 : mcmc] Learn + convergence test @ 12650 samples accepted.
[1 : mcmc] Ready to check convergence and learn a new proposal covmat (waiting for the rest...)
[3 : mcmc] Learn + convergence test @ 12880 samples accepted.
[3 : mcmc] Ready to check convergence and learn a new proposal covmat (waiting for the rest...)
[3 : mcmc] Progress @ 2025-04-23 12:35:33 : 49672 steps taken, and 12886 accepted.
[0 : mcmc] Progress @ 2025-04-23 12:35:55 : 49421 steps taken, and 12747 accepted.
[2 : mcmc] Learn + convergence test @ 13110 samples accepted.
[2 : mcmc] Ready to check convergence and learn a new proposal covmat (waiting for the rest...)
[0 : mcmc] All chains are ready to check convergence and learn a new proposal covmat
[1 : mcmc] Progress @ 2025-04-23 12:36:35 : 49376 steps taken, and 12665 accepted.
[0 : mcmc]  - Acceptance rate: 0.268 = avg([0.2658, 0.2663, 0.2727, 0.2664])
[0 : mcmc]  - Convergence of means: R-1 = 0.056274 after 51417 accepted steps = sum([12750, 12666, 13110, 12891])
[0 : mcmc]  - Updated covariance matrix of proposal pdf.
[2 : mcmc] Progress @ 2025-04-23 12:36:39 : 49910 steps taken, and 13110 accepted.
[3 : mcmc] Progress @ 2025-04-23 12:37:36 : 49753 steps taken, and 12903 accepted.
[0 : mcmc] Progress @ 2025-04-23 12:37:58 : 49521 steps taken, and 12767 accepted.
[1 : mcmc] Progress @ 2025-04-23 12:38:36 : 49465 steps taken, and 12690 accepted.
[2 : mcmc] Progress @ 2025-04-23 12:38:43 : 49996 steps taken, and 13136 accepted.
[3 : mcmc] Progress @ 2025-04-23 12:39:38 : 49848 steps taken, and 12928 accepted.
[0 : mcmc] Progress @ 2025-04-23 12:39:58 : 49607 steps taken, and 12785 accepted.
[1 : mcmc] Progress @ 2025-04-23 12:40:39 : 49548 steps taken, and 12711 accepted.
[2 : mcmc] Progress @ 2025-04-23 12:40:48 : 50105 steps taken, and 13156 accepted.
[3 : mcmc] Progress @ 2025-04-23 12:41:41 : 49938 steps taken, and 12948 accepted.
[0 : mcmc] Progress @ 2025-04-23 12:42:01 : 49689 steps taken, and 12811 accepted.
[1 : mcmc] Progress @ 2025-04-23 12:42:45 : 49638 steps taken, and 12734 accepted.
[2 : mcmc] Progress @ 2025-04-23 12:42:52 : 50187 steps taken, and 13174 accepted.
[3 : mcmc] Progress @ 2025-04-23 12:43:42 : 50022 steps taken, and 12968 accepted.
[0 : mcmc] Progress @ 2025-04-23 12:44:02 : 49770 steps taken, and 12836 accepted.
[1 : mcmc] Progress @ 2025-04-23 12:44:45 : 49724 steps taken, and 12761 accepted.
[2 : mcmc] Progress @ 2025-04-23 12:44:52 : 50289 steps taken, and 13199 accepted.
[3 : mcmc] Progress @ 2025-04-23 12:45:44 : 50110 steps taken, and 12990 accepted.
[0 : mcmc] Progress @ 2025-04-23 12:46:06 : 49859 steps taken, and 12861 accepted.
[1 : mcmc] Progress @ 2025-04-23 12:46:47 : 49813 steps taken, and 12784 accepted.
[2 : mcmc] Progress @ 2025-04-23 12:46:53 : 50368 steps taken, and 13222 accepted.
[0 : mcmc] Learn + convergence test @ 12880 samples accepted.
[0 : mcmc] Ready to check convergence and learn a new proposal covmat (waiting for the rest...)
[3 : mcmc] Progress @ 2025-04-23 12:47:44 : 50194 steps taken, and 13011 accepted.
[0 : mcmc] Progress @ 2025-04-23 12:48:11 : 49951 steps taken, and 12886 accepted.
[1 : mcmc] Progress @ 2025-04-23 12:48:48 : 49906 steps taken, and 12803 accepted.
[2 : mcmc] Progress @ 2025-04-23 12:48:59 : 50456 steps taken, and 13243 accepted.
[3 : mcmc] Progress @ 2025-04-23 12:49:46 : 50279 steps taken, and 13035 accepted.
[0 : mcmc] Progress @ 2025-04-23 12:50:18 : 50039 steps taken, and 12910 accepted.
[1 : mcmc] Progress @ 2025-04-23 12:50:48 : 49984 steps taken, and 12825 accepted.
[2 : mcmc] Progress @ 2025-04-23 12:51:05 : 50536 steps taken, and 13265 accepted.
[3 : mcmc] Progress @ 2025-04-23 12:51:48 : 50383 steps taken, and 13071 accepted.
[0 : mcmc] Progress @ 2025-04-23 12:52:21 : 50109 steps taken, and 12931 accepted.
[1 : mcmc] Progress @ 2025-04-23 12:52:53 : 50056 steps taken, and 12841 accepted.
[2 : mcmc] Progress @ 2025-04-23 12:53:06 : 50626 steps taken, and 13285 accepted.
[3 : mcmc] Progress @ 2025-04-23 12:53:51 : 50462 steps taken, and 13090 accepted.
[0 : mcmc] Progress @ 2025-04-23 12:54:24 : 50203 steps taken, and 12961 accepted.
[1 : mcmc] Progress @ 2025-04-23 12:54:56 : 50145 steps taken, and 12863 accepted.
[2 : mcmc] Progress @ 2025-04-23 12:55:11 : 50715 steps taken, and 13321 accepted.
[3 : mcmc] Learn + convergence test @ 13110 samples accepted.
[3 : mcmc] Ready to check convergence and learn a new proposal covmat (waiting for the rest...)
[3 : mcmc] Progress @ 2025-04-23 12:55:57 : 50573 steps taken, and 13122 accepted.
[0 : mcmc] Progress @ 2025-04-23 12:56:28 : 50290 steps taken, and 12982 accepted.
[2 : mcmc] Learn + convergence test @ 13340 samples accepted.
[2 : mcmc] Ready to check convergence and learn a new proposal covmat (waiting for the rest...)
[1 : mcmc] Progress @ 2025-04-23 12:56:59 : 50230 steps taken, and 12880 accepted.
[1 : mcmc] Learn + convergence test @ 12880 samples accepted.
[1 : mcmc] Ready to check convergence and learn a new proposal covmat (waiting for the rest...)
[0 : mcmc] All chains are ready to check convergence and learn a new proposal covmat
[0 : mcmc]  - Acceptance rate: 0.268 = avg([0.2658, 0.2663, 0.2724, 0.2666])
[0 : mcmc]  - Convergence of means: R-1 = 0.055265 after 52355 accepted steps = sum([12991, 12880, 13344, 13140])
[0 : mcmc]  - Updated covariance matrix of proposal pdf.
[2 : mcmc] Progress @ 2025-04-23 12:57:15 : 50796 steps taken, and 13345 accepted.
[3 : mcmc] Progress @ 2025-04-23 12:58:00 : 50666 steps taken, and 13150 accepted.
[0 : mcmc] Progress @ 2025-04-23 12:58:33 : 50381 steps taken, and 13006 accepted.
[1 : mcmc] Progress @ 2025-04-23 12:59:02 : 50310 steps taken, and 12906 accepted.
[2 : mcmc] Progress @ 2025-04-23 12:59:21 : 50889 steps taken, and 13361 accepted.
[3 : mcmc] Progress @ 2025-04-23 13:00:06 : 50759 steps taken, and 13179 accepted.
[0 : mcmc] Progress @ 2025-04-23 13:00:33 : 50455 steps taken, and 13027 accepted.
[1 : mcmc] Progress @ 2025-04-23 13:01:02 : 50393 steps taken, and 12933 accepted.
[2 : mcmc] Progress @ 2025-04-23 13:01:24 : 50977 steps taken, and 13379 accepted.
[3 : mcmc] Progress @ 2025-04-23 13:02:10 : 50839 steps taken, and 13206 accepted.
[0 : mcmc] Progress @ 2025-04-23 13:02:33 : 50554 steps taken, and 13055 accepted.
[1 : mcmc] Progress @ 2025-04-23 13:03:04 : 50478 steps taken, and 12961 accepted.
[2 : mcmc] Progress @ 2025-04-23 13:03:30 : 51068 steps taken, and 13399 accepted.
[3 : mcmc] Progress @ 2025-04-23 13:04:11 : 50924 steps taken, and 13231 accepted.
[0 : mcmc] Progress @ 2025-04-23 13:04:37 : 50631 steps taken, and 13079 accepted.
[1 : mcmc] Progress @ 2025-04-23 13:05:06 : 50586 steps taken, and 12987 accepted.
[2 : mcmc] Progress @ 2025-04-23 13:05:30 : 51190 steps taken, and 13423 accepted.
[3 : mcmc] Progress @ 2025-04-23 13:06:14 : 51004 steps taken, and 13249 accepted.
[0 : mcmc] Progress @ 2025-04-23 13:06:42 : 50749 steps taken, and 13106 accepted.
[0 : mcmc] Learn + convergence test @ 13110 samples accepted.
[0 : mcmc] Ready to check convergence and learn a new proposal covmat (waiting for the rest...)
[1 : mcmc] Progress @ 2025-04-23 13:07:06 : 50673 steps taken, and 13014 accepted.
[2 : mcmc] Progress @ 2025-04-23 13:07:32 : 51283 steps taken, and 13447 accepted.
[3 : mcmc] Progress @ 2025-04-23 13:08:19 : 51090 steps taken, and 13268 accepted.
[0 : mcmc] Progress @ 2025-04-23 13:08:48 : 50834 steps taken, and 13137 accepted.
[1 : mcmc] Progress @ 2025-04-23 13:09:08 : 50765 steps taken, and 13035 accepted.
[2 : mcmc] Progress @ 2025-04-23 13:09:36 : 51371 steps taken, and 13467 accepted.
[3 : mcmc] Progress @ 2025-04-23 13:10:20 : 51193 steps taken, and 13293 accepted.
[0 : mcmc] Progress @ 2025-04-23 13:10:49 : 50912 steps taken, and 13157 accepted.
[1 : mcmc] Progress @ 2025-04-23 13:11:11 : 50860 steps taken, and 13071 accepted.
[2 : mcmc] Progress @ 2025-04-23 13:11:38 : 51464 steps taken, and 13490 accepted.
[3 : mcmc] Progress @ 2025-04-23 13:12:23 : 51288 steps taken, and 13320 accepted.
[0 : mcmc] Progress @ 2025-04-23 13:12:50 : 51011 steps taken, and 13191 accepted.
[1 : mcmc] Progress @ 2025-04-23 13:13:13 : 50940 steps taken, and 13086 accepted.
[2 : mcmc] Progress @ 2025-04-23 13:13:43 : 51555 steps taken, and 13516 accepted.
[3 : mcmc] Learn + convergence test @ 13340 samples accepted.
[3 : mcmc] Ready to check convergence and learn a new proposal covmat (waiting for the rest...)
[3 : mcmc] Progress @ 2025-04-23 13:14:27 : 51396 steps taken, and 13342 accepted.
[1 : mcmc] Learn + convergence test @ 13110 samples accepted.
[1 : mcmc] Ready to check convergence and learn a new proposal covmat (waiting for the rest...)
[0 : mcmc] Progress @ 2025-04-23 13:14:50 : 51094 steps taken, and 13217 accepted.
[1 : mcmc] Progress @ 2025-04-23 13:15:13 : 51042 steps taken, and 13116 accepted.
[2 : mcmc] Progress @ 2025-04-23 13:15:43 : 51658 steps taken, and 13538 accepted.
[3 : mcmc] Progress @ 2025-04-23 13:16:28 : 51477 steps taken, and 13368 accepted.
[0 : mcmc] Progress @ 2025-04-23 13:16:56 : 51192 steps taken, and 13247 accepted.
[1 : mcmc] Progress @ 2025-04-23 13:17:18 : 51139 steps taken, and 13143 accepted.
[2 : mcmc] Progress @ 2025-04-23 13:17:48 : 51746 steps taken, and 13561 accepted.
[3 : mcmc] Progress @ 2025-04-23 13:18:29 : 51564 steps taken, and 13391 accepted.
[0 : mcmc] Progress @ 2025-04-23 13:19:01 : 51280 steps taken, and 13263 accepted.
[1 : mcmc] Progress @ 2025-04-23 13:19:18 : 51232 steps taken, and 13169 accepted.
[2 : mcmc] Learn + convergence test @ 13570 samples accepted.
[2 : mcmc] Ready to check convergence and learn a new proposal covmat (waiting for the rest...)
[0 : mcmc] All chains are ready to check convergence and learn a new proposal covmat
[0 : mcmc]  - Acceptance rate: 0.268 = avg([0.2660, 0.2672, 0.2707, 0.2663])
[0 : mcmc]  - Convergence of means: R-1 = 0.057745 after 53412 accepted steps = sum([13268, 13174, 13570, 13400])
[0 : mcmc]  - Updated covariance matrix of proposal pdf.
[2 : mcmc] Progress @ 2025-04-23 13:19:50 : 51813 steps taken, and 13570 accepted.
[3 : mcmc] Progress @ 2025-04-23 13:20:30 : 51663 steps taken, and 13407 accepted.
[0 : mcmc] Progress @ 2025-04-23 13:21:01 : 51349 steps taken, and 13281 accepted.
[1 : mcmc] Progress @ 2025-04-23 13:21:18 : 51313 steps taken, and 13197 accepted.
[2 : mcmc] Progress @ 2025-04-23 13:21:50 : 51898 steps taken, and 13588 accepted.
[3 : mcmc] Progress @ 2025-04-23 13:22:33 : 51755 steps taken, and 13423 accepted.
[0 : mcmc] Progress @ 2025-04-23 13:23:05 : 51441 steps taken, and 13304 accepted.
[1 : mcmc] Progress @ 2025-04-23 13:23:24 : 51400 steps taken, and 13222 accepted.
[2 : mcmc] Progress @ 2025-04-23 13:23:52 : 51988 steps taken, and 13618 accepted.
[3 : mcmc] Progress @ 2025-04-23 13:24:34 : 51843 steps taken, and 13443 accepted.
[0 : mcmc] Progress @ 2025-04-23 13:25:07 : 51532 steps taken, and 13330 accepted.
[1 : mcmc] Progress @ 2025-04-23 13:25:24 : 51501 steps taken, and 13256 accepted.
[0 : mcmc] Learn + convergence test @ 13340 samples accepted.
[0 : mcmc] Ready to check convergence and learn a new proposal covmat (waiting for the rest...)
[2 : mcmc] Progress @ 2025-04-23 13:25:53 : 52077 steps taken, and 13640 accepted.
[3 : mcmc] Progress @ 2025-04-23 13:26:34 : 51925 steps taken, and 13467 accepted.
[0 : mcmc] Progress @ 2025-04-23 13:27:07 : 51616 steps taken, and 13353 accepted.
[1 : mcmc] Progress @ 2025-04-23 13:27:26 : 51588 steps taken, and 13276 accepted.
[2 : mcmc] Progress @ 2025-04-23 13:27:57 : 52176 steps taken, and 13672 accepted.
[3 : mcmc] Progress @ 2025-04-23 13:28:36 : 52012 steps taken, and 13493 accepted.
[0 : mcmc] Progress @ 2025-04-23 13:29:07 : 51700 steps taken, and 13375 accepted.
[1 : mcmc] Progress @ 2025-04-23 13:29:26 : 51671 steps taken, and 13298 accepted.
[2 : mcmc] Progress @ 2025-04-23 13:30:00 : 52265 steps taken, and 13693 accepted.
[3 : mcmc] Progress @ 2025-04-23 13:30:36 : 52095 steps taken, and 13513 accepted.
[0 : mcmc] Progress @ 2025-04-23 13:31:09 : 51788 steps taken, and 13405 accepted.
[1 : mcmc] Progress @ 2025-04-23 13:31:28 : 51753 steps taken, and 13322 accepted.
[2 : mcmc] Progress @ 2025-04-23 13:32:01 : 52343 steps taken, and 13712 accepted.
[3 : mcmc] Progress @ 2025-04-23 13:32:42 : 52210 steps taken, and 13538 accepted.
[1 : mcmc] Learn + convergence test @ 13340 samples accepted.
[1 : mcmc] Ready to check convergence and learn a new proposal covmat (waiting for the rest...)
[0 : mcmc] Progress @ 2025-04-23 13:33:14 : 51883 steps taken, and 13428 accepted.
[1 : mcmc] Progress @ 2025-04-23 13:33:28 : 51836 steps taken, and 13343 accepted.
[2 : mcmc] Progress @ 2025-04-23 13:34:01 : 52433 steps taken, and 13737 accepted.
[3 : mcmc] Progress @ 2025-04-23 13:34:42 : 52308 steps taken, and 13562 accepted.
[0 : mcmc] Progress @ 2025-04-23 13:35:16 : 51968 steps taken, and 13458 accepted.
[3 : mcmc] Learn + convergence test @ 13570 samples accepted.
[3 : mcmc] Ready to check convergence and learn a new proposal covmat (waiting for the rest...)
[1 : mcmc] Progress @ 2025-04-23 13:35:28 : 51923 steps taken, and 13369 accepted.
[2 : mcmc] Progress @ 2025-04-23 13:36:01 : 52500 steps taken, and 13751 accepted.
[3 : mcmc] Progress @ 2025-04-23 13:36:43 : 52389 steps taken, and 13582 accepted.
[0 : mcmc] Progress @ 2025-04-23 13:37:18 : 52054 steps taken, and 13471 accepted.
[1 : mcmc] Progress @ 2025-04-23 13:37:29 : 52001 steps taken, and 13387 accepted.
[2 : mcmc] Progress @ 2025-04-23 13:38:04 : 52582 steps taken, and 13776 accepted.
[3 : mcmc] Progress @ 2025-04-23 13:38:47 : 52483 steps taken, and 13604 accepted.
[0 : mcmc] Progress @ 2025-04-23 13:39:20 : 52158 steps taken, and 13503 accepted.
[1 : mcmc] Progress @ 2025-04-23 13:39:34 : 52087 steps taken, and 13418 accepted.
[2 : mcmc] Progress @ 2025-04-23 13:40:04 : 52682 steps taken, and 13798 accepted.
[2 : mcmc] Learn + convergence test @ 13800 samples accepted.
[2 : mcmc] Ready to check convergence and learn a new proposal covmat (waiting for the rest...)
[0 : mcmc] All chains are ready to check convergence and learn a new proposal covmat
[0 : mcmc]  - Acceptance rate: 0.267 = avg([0.2660, 0.2682, 0.2698, 0.2650])
[0 : mcmc]  - Convergence of means: R-1 = 0.055965 after 54372 accepted steps = sum([13516, 13430, 13800, 13626])
[0 : mcmc]  - Updated covariance matrix of proposal pdf.
[3 : mcmc] Progress @ 2025-04-23 13:40:51 : 52587 steps taken, and 13634 accepted.
[0 : mcmc] Progress @ 2025-04-23 13:41:25 : 52246 steps taken, and 13524 accepted.
[1 : mcmc] Progress @ 2025-04-23 13:41:35 : 52170 steps taken, and 13446 accepted.
[2 : mcmc] Progress @ 2025-04-23 13:42:06 : 52753 steps taken, and 13819 accepted.
[3 : mcmc] Progress @ 2025-04-23 13:42:51 : 52677 steps taken, and 13659 accepted.
[0 : mcmc] Progress @ 2025-04-23 13:43:26 : 52333 steps taken, and 13547 accepted.
[1 : mcmc] Progress @ 2025-04-23 13:43:37 : 52257 steps taken, and 13474 accepted.
[2 : mcmc] Progress @ 2025-04-23 13:44:06 : 52835 steps taken, and 13842 accepted.
[3 : mcmc] Progress @ 2025-04-23 13:44:54 : 52762 steps taken, and 13685 accepted.
[0 : mcmc] Learn + convergence test @ 13570 samples accepted.
[0 : mcmc] Ready to check convergence and learn a new proposal covmat (waiting for the rest...)
[0 : mcmc] Progress @ 2025-04-23 13:45:26 : 52422 steps taken, and 13575 accepted.
[1 : mcmc] Progress @ 2025-04-23 13:45:41 : 52342 steps taken, and 13505 accepted.
[2 : mcmc] Progress @ 2025-04-23 13:46:08 : 52921 steps taken, and 13860 accepted.
[3 : mcmc] Progress @ 2025-04-23 13:46:55 : 52849 steps taken, and 13709 accepted.
[0 : mcmc] Progress @ 2025-04-23 13:47:31 : 52502 steps taken, and 13600 accepted.
[1 : mcmc] Progress @ 2025-04-23 13:47:42 : 52427 steps taken, and 13524 accepted.
[2 : mcmc] Progress @ 2025-04-23 13:48:09 : 53009 steps taken, and 13883 accepted.
[3 : mcmc] Progress @ 2025-04-23 13:48:55 : 52920 steps taken, and 13723 accepted.
[0 : mcmc] Progress @ 2025-04-23 13:49:32 : 52577 steps taken, and 13617 accepted.
[1 : mcmc] Progress @ 2025-04-23 13:49:44 : 52505 steps taken, and 13547 accepted.
[2 : mcmc] Progress @ 2025-04-23 13:50:11 : 53081 steps taken, and 13907 accepted.
[1 : mcmc] Learn + convergence test @ 13570 samples accepted.
[1 : mcmc] Ready to check convergence and learn a new proposal covmat (waiting for the rest...)
[3 : mcmc] Progress @ 2025-04-23 13:50:59 : 52995 steps taken, and 13744 accepted.
[0 : mcmc] Progress @ 2025-04-23 13:51:32 : 52662 steps taken, and 13637 accepted.
[1 : mcmc] Progress @ 2025-04-23 13:51:45 : 52594 steps taken, and 13580 accepted.
[2 : mcmc] Progress @ 2025-04-23 13:52:13 : 53156 steps taken, and 13924 accepted.
[3 : mcmc] Progress @ 2025-04-23 13:53:00 : 53074 steps taken, and 13766 accepted.
[0 : mcmc] Progress @ 2025-04-23 13:53:34 : 52734 steps taken, and 13658 accepted.
[1 : mcmc] Progress @ 2025-04-23 13:53:46 : 52658 steps taken, and 13595 accepted.
[2 : mcmc] Progress @ 2025-04-23 13:54:15 : 53234 steps taken, and 13947 accepted.
[3 : mcmc] Progress @ 2025-04-23 13:55:03 : 53168 steps taken, and 13792 accepted.
[3 : mcmc] Learn + convergence test @ 13800 samples accepted.
[3 : mcmc] Ready to check convergence and learn a new proposal covmat (waiting for the rest...)
[0 : mcmc] Progress @ 2025-04-23 13:55:39 : 52828 steps taken, and 13687 accepted.
[1 : mcmc] Progress @ 2025-04-23 13:55:46 : 52763 steps taken, and 13628 accepted.
[2 : mcmc] Progress @ 2025-04-23 13:56:16 : 53315 steps taken, and 13969 accepted.
[3 : mcmc] Progress @ 2025-04-23 13:57:03 : 53253 steps taken, and 13819 accepted.
[0 : mcmc] Progress @ 2025-04-23 13:57:41 : 52908 steps taken, and 13713 accepted.
[1 : mcmc] Progress @ 2025-04-23 13:57:47 : 52852 steps taken, and 13654 accepted.
[2 : mcmc] Progress @ 2025-04-23 13:58:17 : 53403 steps taken, and 13995 accepted.
[3 : mcmc] Progress @ 2025-04-23 13:59:05 : 53359 steps taken, and 13848 accepted.
[0 : mcmc] Progress @ 2025-04-23 13:59:47 : 52993 steps taken, and 13741 accepted.
[1 : mcmc] Progress @ 2025-04-23 13:59:51 : 52934 steps taken, and 13667 accepted.
[2 : mcmc] Progress @ 2025-04-23 14:00:21 : 53489 steps taken, and 14020 accepted.
[3 : mcmc] Progress @ 2025-04-23 14:01:05 : 53442 steps taken, and 13870 accepted.
[2 : mcmc] Learn + convergence test @ 14030 samples accepted.
[2 : mcmc] Ready to check convergence and learn a new proposal covmat (waiting for the rest...)
[0 : mcmc] All chains are ready to check convergence and learn a new proposal covmat
[0 : mcmc]  - Acceptance rate: 0.268 = avg([0.2662, 0.2692, 0.2698, 0.2656])
[0 : mcmc]  - Convergence of means: R-1 = 0.064378 after 55342 accepted steps = sum([13759, 13680, 14030, 13873])
[0 : mcmc]  - Updated covariance matrix of proposal pdf.
[0 : mcmc] Progress @ 2025-04-23 14:01:52 : 53085 steps taken, and 13765 accepted.
[1 : mcmc] Progress @ 2025-04-23 14:01:57 : 53017 steps taken, and 13689 accepted.
[2 : mcmc] Progress @ 2025-04-23 14:02:24 : 53555 steps taken, and 14041 accepted.
[3 : mcmc] Progress @ 2025-04-23 14:03:05 : 53532 steps taken, and 13896 accepted.
[0 : mcmc] Progress @ 2025-04-23 14:03:52 : 53175 steps taken, and 13791 accepted.
[1 : mcmc] Progress @ 2025-04-23 14:04:02 : 53119 steps taken, and 13715 accepted.
[2 : mcmc] Progress @ 2025-04-23 14:04:26 : 53655 steps taken, and 14069 accepted.
[0 : mcmc] Learn + convergence test @ 13800 samples accepted.
[0 : mcmc] Ready to check convergence and learn a new proposal covmat (waiting for the rest...)
[3 : mcmc] Progress @ 2025-04-23 14:05:05 : 53640 steps taken, and 13920 accepted.
[0 : mcmc] Progress @ 2025-04-23 14:05:58 : 53276 steps taken, and 13815 accepted.
[1 : mcmc] Progress @ 2025-04-23 14:06:06 : 53202 steps taken, and 13747 accepted.
[2 : mcmc] Progress @ 2025-04-23 14:06:26 : 53740 steps taken, and 14094 accepted.
[3 : mcmc] Progress @ 2025-04-23 14:07:09 : 53724 steps taken, and 13949 accepted.
[0 : mcmc] Progress @ 2025-04-23 14:08:00 : 53378 steps taken, and 13838 accepted.
[1 : mcmc] Progress @ 2025-04-23 14:08:09 : 53286 steps taken, and 13769 accepted.
[2 : mcmc] Progress @ 2025-04-23 14:08:28 : 53828 steps taken, and 14120 accepted.
[3 : mcmc] Progress @ 2025-04-23 14:09:11 : 53816 steps taken, and 13972 accepted.
[0 : mcmc] Progress @ 2025-04-23 14:10:01 : 53462 steps taken, and 13860 accepted.
[1 : mcmc] Progress @ 2025-04-23 14:10:09 : 53390 steps taken, and 13798 accepted.
[1 : mcmc] Learn + convergence test @ 13800 samples accepted.
[1 : mcmc] Ready to check convergence and learn a new proposal covmat (waiting for the rest...)
[2 : mcmc] Progress @ 2025-04-23 14:10:29 : 53919 steps taken, and 14132 accepted.
[3 : mcmc] Progress @ 2025-04-23 14:11:13 : 53913 steps taken, and 14001 accepted.
[0 : mcmc] Progress @ 2025-04-23 14:12:06 : 53550 steps taken, and 13885 accepted.
[1 : mcmc] Progress @ 2025-04-23 14:12:10 : 53473 steps taken, and 13825 accepted.
[2 : mcmc] Progress @ 2025-04-23 14:12:34 : 54005 steps taken, and 14143 accepted.
[3 : mcmc] Learn + convergence test @ 14030 samples accepted.
[3 : mcmc] Ready to check convergence and learn a new proposal covmat (waiting for the rest...)
[3 : mcmc] Progress @ 2025-04-23 14:13:16 : 54012 steps taken, and 14031 accepted.
[0 : mcmc] Progress @ 2025-04-23 14:14:08 : 53631 steps taken, and 13910 accepted.
[1 : mcmc] Progress @ 2025-04-23 14:14:15 : 53559 steps taken, and 13855 accepted.
[2 : mcmc] Progress @ 2025-04-23 14:14:39 : 54117 steps taken, and 14167 accepted.
[3 : mcmc] Progress @ 2025-04-23 14:15:17 : 54096 steps taken, and 14057 accepted.
[0 : mcmc] Progress @ 2025-04-23 14:16:10 : 53729 steps taken, and 13935 accepted.
[1 : mcmc] Progress @ 2025-04-23 14:16:20 : 53649 steps taken, and 13882 accepted.
[2 : mcmc] Progress @ 2025-04-23 14:16:42 : 54199 steps taken, and 14188 accepted.
[3 : mcmc] Progress @ 2025-04-23 14:17:23 : 54177 steps taken, and 14080 accepted.
[0 : mcmc] Progress @ 2025-04-23 14:18:13 : 53827 steps taken, and 13965 accepted.
[1 : mcmc] Progress @ 2025-04-23 14:18:20 : 53768 steps taken, and 13898 accepted.
[2 : mcmc] Progress @ 2025-04-23 14:18:46 : 54292 steps taken, and 14213 accepted.
[3 : mcmc] Progress @ 2025-04-23 14:19:23 : 54262 steps taken, and 14109 accepted.
[0 : mcmc] Progress @ 2025-04-23 14:20:19 : 53908 steps taken, and 13993 accepted.
[1 : mcmc] Progress @ 2025-04-23 14:20:25 : 53850 steps taken, and 13925 accepted.
[2 : mcmc] Progress @ 2025-04-23 14:20:49 : 54386 steps taken, and 14236 accepted.
[3 : mcmc] Progress @ 2025-04-23 14:21:25 : 54341 steps taken, and 14129 accepted.
[0 : mcmc] Progress @ 2025-04-23 14:22:23 : 53998 steps taken, and 14014 accepted.
[1 : mcmc] Progress @ 2025-04-23 14:22:25 : 53928 steps taken, and 13956 accepted.
[2 : mcmc] Progress @ 2025-04-23 14:22:51 : 54486 steps taken, and 14258 accepted.
[2 : mcmc] Learn + convergence test @ 14260 samples accepted.
[2 : mcmc] Ready to check convergence and learn a new proposal covmat (waiting for the rest...)
[0 : mcmc] All chains are ready to check convergence and learn a new proposal covmat
[0 : mcmc]  - Acceptance rate: 0.268 = avg([0.2659, 0.2696, 0.2690, 0.2669])
[0 : mcmc]  - Convergence of means: R-1 = 0.062735 after 56403 accepted steps = sum([14022, 13970, 14260, 14151])
[0 : mcmc]  - Updated covariance matrix of proposal pdf.
[3 : mcmc] Progress @ 2025-04-23 14:23:26 : 54426 steps taken, and 14154 accepted.
[0 : mcmc] Learn + convergence test @ 14030 samples accepted.
[0 : mcmc] Ready to check convergence and learn a new proposal covmat (waiting for the rest...)
[0 : mcmc] Progress @ 2025-04-23 14:24:23 : 54087 steps taken, and 14044 accepted.
[1 : mcmc] Progress @ 2025-04-23 14:24:29 : 54019 steps taken, and 13988 accepted.
[2 : mcmc] Progress @ 2025-04-23 14:24:51 : 54559 steps taken, and 14285 accepted.
[3 : mcmc] Progress @ 2025-04-23 14:25:26 : 54506 steps taken, and 14177 accepted.
[0 : mcmc] Progress @ 2025-04-23 14:26:27 : 54168 steps taken, and 14068 accepted.
[1 : mcmc] Progress @ 2025-04-23 14:26:29 : 54101 steps taken, and 14013 accepted.
[2 : mcmc] Progress @ 2025-04-23 14:26:52 : 54648 steps taken, and 14302 accepted.
[3 : mcmc] Progress @ 2025-04-23 14:27:32 : 54620 steps taken, and 14201 accepted.
[1 : mcmc] Learn + convergence test @ 14030 samples accepted.
[1 : mcmc] Ready to check convergence and learn a new proposal covmat (waiting for the rest...)
[0 : mcmc] Progress @ 2025-04-23 14:28:32 : 54251 steps taken, and 14096 accepted.
[1 : mcmc] Progress @ 2025-04-23 14:28:33 : 54199 steps taken, and 14033 accepted.
[2 : mcmc] Progress @ 2025-04-23 14:28:53 : 54723 steps taken, and 14321 accepted.
[3 : mcmc] Progress @ 2025-04-23 14:29:36 : 54710 steps taken, and 14223 accepted.
[1 : mcmc] Progress @ 2025-04-23 14:30:33 : 54291 steps taken, and 14053 accepted.
[0 : mcmc] Progress @ 2025-04-23 14:30:34 : 54340 steps taken, and 14125 accepted.
[2 : mcmc] Progress @ 2025-04-23 14:30:55 : 54824 steps taken, and 14350 accepted.
[3 : mcmc] Progress @ 2025-04-23 14:31:37 : 54806 steps taken, and 14248 accepted.
[1 : mcmc] Progress @ 2025-04-23 14:32:35 : 54386 steps taken, and 14075 accepted.
[0 : mcmc] Progress @ 2025-04-23 14:32:38 : 54428 steps taken, and 14144 accepted.
[3 : mcmc] Learn + convergence test @ 14260 samples accepted.
[3 : mcmc] Ready to check convergence and learn a new proposal covmat (waiting for the rest...)
[2 : mcmc] Progress @ 2025-04-23 14:32:58 : 54913 steps taken, and 14377 accepted.
[3 : mcmc] Progress @ 2025-04-23 14:33:38 : 54893 steps taken, and 14268 accepted.
[0 : mcmc] Progress @ 2025-04-23 14:34:40 : 54504 steps taken, and 14169 accepted.
[1 : mcmc] Progress @ 2025-04-23 14:34:41 : 54480 steps taken, and 14101 accepted.
[2 : mcmc] Progress @ 2025-04-23 14:35:01 : 55019 steps taken, and 14409 accepted.
[3 : mcmc] Progress @ 2025-04-23 14:35:38 : 54984 steps taken, and 14289 accepted.
[1 : mcmc] Progress @ 2025-04-23 14:36:41 : 54573 steps taken, and 14124 accepted.
[0 : mcmc] Progress @ 2025-04-23 14:36:45 : 54581 steps taken, and 14196 accepted.
[2 : mcmc] Progress @ 2025-04-23 14:37:01 : 55117 steps taken, and 14432 accepted.
[3 : mcmc] Progress @ 2025-04-23 14:37:42 : 55086 steps taken, and 14314 accepted.
[1 : mcmc] Progress @ 2025-04-23 14:38:47 : 54662 steps taken, and 14153 accepted.
[0 : mcmc] Progress @ 2025-04-23 14:38:47 : 54673 steps taken, and 14224 accepted.
[2 : mcmc] Progress @ 2025-04-23 14:39:02 : 55201 steps taken, and 14449 accepted.
[3 : mcmc] Progress @ 2025-04-23 14:39:48 : 55173 steps taken, and 14335 accepted.
[1 : mcmc] Progress @ 2025-04-23 14:40:47 : 54745 steps taken, and 14179 accepted.
[0 : mcmc] Progress @ 2025-04-23 14:40:50 : 54756 steps taken, and 14242 accepted.
[2 : mcmc] Progress @ 2025-04-23 14:41:04 : 55290 steps taken, and 14477 accepted.
[3 : mcmc] Progress @ 2025-04-23 14:41:51 : 55262 steps taken, and 14356 accepted.
[0 : mcmc] Learn + convergence test @ 14260 samples accepted.
[2 : mcmc] Learn + convergence test @ 14490 samples accepted.
[2 : mcmc] Ready to check convergence and learn a new proposal covmat (waiting for the rest...)
[0 : mcmc] All chains are ready to check convergence and learn a new proposal covmat
[0 : mcmc]  - Acceptance rate: 0.268 = avg([0.2667, 0.2690, 0.2689, 0.2662])
[0 : mcmc]  - Convergence of means: R-1 = 0.063671 after 57328 accepted steps = sum([14271, 14206, 14490, 14361])
[0 : mcmc]  - Updated covariance matrix of proposal pdf.
[0 : mcmc] Progress @ 2025-04-23 14:42:51 : 54842 steps taken, and 14274 accepted.
[1 : mcmc] Progress @ 2025-04-23 14:42:54 : 54817 steps taken, and 14207 accepted.
[2 : mcmc] Progress @ 2025-04-23 14:43:05 : 55351 steps taken, and 14494 accepted.
[3 : mcmc] Progress @ 2025-04-23 14:43:55 : 55329 steps taken, and 14374 accepted.
[0 : mcmc] Progress @ 2025-04-23 14:44:56 : 54924 steps taken, and 14295 accepted.
[1 : mcmc] Progress @ 2025-04-23 14:44:56 : 54908 steps taken, and 14231 accepted.
[2 : mcmc] Progress @ 2025-04-23 14:45:05 : 55436 steps taken, and 14519 accepted.
[3 : mcmc] Progress @ 2025-04-23 14:46:00 : 55418 steps taken, and 14390 accepted.
[0 : mcmc] Progress @ 2025-04-23 14:46:58 : 55004 steps taken, and 14323 accepted.
[1 : mcmc] Progress @ 2025-04-23 14:46:58 : 55027 steps taken, and 14255 accepted.
[2 : mcmc] Progress @ 2025-04-23 14:47:06 : 55521 steps taken, and 14545 accepted.
[1 : mcmc] Learn + convergence test @ 14260 samples accepted.
[1 : mcmc] Ready to check convergence and learn a new proposal covmat (waiting for the rest...)
[3 : mcmc] Progress @ 2025-04-23 14:48:03 : 55502 steps taken, and 14407 accepted.
[0 : mcmc] Progress @ 2025-04-23 14:48:58 : 55094 steps taken, and 14356 accepted.
[1 : mcmc] Progress @ 2025-04-23 14:49:04 : 55127 steps taken, and 14279 accepted.
[2 : mcmc] Progress @ 2025-04-23 14:49:10 : 55596 steps taken, and 14570 accepted.
[3 : mcmc] Progress @ 2025-04-23 14:50:03 : 55589 steps taken, and 14438 accepted.
[0 : mcmc] Progress @ 2025-04-23 14:51:00 : 55181 steps taken, and 14378 accepted.
[1 : mcmc] Progress @ 2025-04-23 14:51:07 : 55232 steps taken, and 14301 accepted.
[2 : mcmc] Progress @ 2025-04-23 14:51:10 : 55705 steps taken, and 14601 accepted.
[3 : mcmc] Progress @ 2025-04-23 14:52:06 : 55667 steps taken, and 14463 accepted.
[0 : mcmc] Progress @ 2025-04-23 14:53:00 : 55280 steps taken, and 14404 accepted.
[1 : mcmc] Progress @ 2025-04-23 14:53:11 : 55322 steps taken, and 14324 accepted.
[2 : mcmc] Progress @ 2025-04-23 14:53:13 : 55797 steps taken, and 14623 accepted.
[3 : mcmc] Learn + convergence test @ 14490 samples accepted.
[3 : mcmc] Ready to check convergence and learn a new proposal covmat (waiting for the rest...)
[3 : mcmc] Progress @ 2025-04-23 14:54:11 : 55765 steps taken, and 14501 accepted.
[0 : mcmc] Progress @ 2025-04-23 14:55:02 : 55361 steps taken, and 14423 accepted.
[2 : mcmc] Progress @ 2025-04-23 14:55:14 : 55885 steps taken, and 14648 accepted.
[1 : mcmc] Progress @ 2025-04-23 14:55:14 : 55403 steps taken, and 14354 accepted.
[3 : mcmc] Progress @ 2025-04-23 14:56:16 : 55852 steps taken, and 14524 accepted.
[0 : mcmc] Progress @ 2025-04-23 14:57:02 : 55442 steps taken, and 14445 accepted.
[1 : mcmc] Progress @ 2025-04-23 14:57:14 : 55487 steps taken, and 14385 accepted.
[2 : mcmc] Progress @ 2025-04-23 14:57:15 : 55965 steps taken, and 14674 accepted.
[3 : mcmc] Progress @ 2025-04-23 14:58:20 : 55943 steps taken, and 14549 accepted.
[0 : mcmc] Progress @ 2025-04-23 14:59:06 : 55532 steps taken, and 14473 accepted.
[2 : mcmc] Progress @ 2025-04-23 14:59:17 : 56048 steps taken, and 14694 accepted.
[1 : mcmc] Progress @ 2025-04-23 14:59:18 : 55566 steps taken, and 14408 accepted.
[3 : mcmc] Progress @ 2025-04-23 15:00:20 : 56026 steps taken, and 14577 accepted.
[0 : mcmc] Learn + convergence test @ 14490 samples accepted.
[0 : mcmc] Ready to check convergence and learn a new proposal covmat (waiting for the rest...)
[2 : mcmc] Learn + convergence test @ 14720 samples accepted.
[2 : mcmc] Ready to check convergence and learn a new proposal covmat (waiting for the rest...)
[0 : mcmc] Progress @ 2025-04-23 15:01:06 : 55613 steps taken, and 14495 accepted.
[0 : mcmc] All chains are ready to check convergence and learn a new proposal covmat
[0 : mcmc]  - Acceptance rate: 0.268 = avg([0.2681, 0.2692, 0.2690, 0.2665])
[0 : mcmc]  - Convergence of means: R-1 = 0.061008 after 58234 accepted steps = sum([14496, 14430, 14720, 14588])
[0 : mcmc]  - Updated covariance matrix of proposal pdf.
[2 : mcmc] Progress @ 2025-04-23 15:01:17 : 56129 steps taken, and 14722 accepted.
[1 : mcmc] Progress @ 2025-04-23 15:01:23 : 55664 steps taken, and 14435 accepted.
[3 : mcmc] Progress @ 2025-04-23 15:02:20 : 56110 steps taken, and 14602 accepted.
[0 : mcmc] Progress @ 2025-04-23 15:03:10 : 55700 steps taken, and 14512 accepted.
[2 : mcmc] Progress @ 2025-04-23 15:03:20 : 56211 steps taken, and 14747 accepted.
[1 : mcmc] Progress @ 2025-04-23 15:03:28 : 55779 steps taken, and 14475 accepted.
[3 : mcmc] Progress @ 2025-04-23 15:04:24 : 56191 steps taken, and 14627 accepted.
[1 : mcmc] Learn + convergence test @ 14490 samples accepted.
[1 : mcmc] Ready to check convergence and learn a new proposal covmat (waiting for the rest...)
[0 : mcmc] Progress @ 2025-04-23 15:05:15 : 55795 steps taken, and 14530 accepted.
[2 : mcmc] Progress @ 2025-04-23 15:05:21 : 56291 steps taken, and 14766 accepted.
[1 : mcmc] Progress @ 2025-04-23 15:05:34 : 55872 steps taken, and 14499 accepted.
[3 : mcmc] Progress @ 2025-04-23 15:06:25 : 56282 steps taken, and 14647 accepted.
[0 : mcmc] Progress @ 2025-04-23 15:07:20 : 55914 steps taken, and 14556 accepted.
[2 : mcmc] Progress @ 2025-04-23 15:07:22 : 56390 steps taken, and 14786 accepted.
[1 : mcmc] Progress @ 2025-04-23 15:07:38 : 55980 steps taken, and 14520 accepted.
[3 : mcmc] Progress @ 2025-04-23 15:08:27 : 56368 steps taken, and 14683 accepted.
[0 : mcmc] Progress @ 2025-04-23 15:09:24 : 55999 steps taken, and 14585 accepted.
[2 : mcmc] Progress @ 2025-04-23 15:09:28 : 56483 steps taken, and 14806 accepted.
[1 : mcmc] Progress @ 2025-04-23 15:09:39 : 56070 steps taken, and 14541 accepted.
[3 : mcmc] Progress @ 2025-04-23 15:10:31 : 56451 steps taken, and 14703 accepted.
[0 : mcmc] Progress @ 2025-04-23 15:11:26 : 56116 steps taken, and 14610 accepted.
[2 : mcmc] Progress @ 2025-04-23 15:11:33 : 56573 steps taken, and 14823 accepted.
[1 : mcmc] Progress @ 2025-04-23 15:11:40 : 56151 steps taken, and 14564 accepted.
[3 : mcmc] Learn + convergence test @ 14720 samples accepted.
[3 : mcmc] Ready to check convergence and learn a new proposal covmat (waiting for the rest...)
[3 : mcmc] Progress @ 2025-04-23 15:12:34 : 56544 steps taken, and 14726 accepted.
[0 : mcmc] Progress @ 2025-04-23 15:13:30 : 56208 steps taken, and 14633 accepted.
[2 : mcmc] Progress @ 2025-04-23 15:13:35 : 56670 steps taken, and 14843 accepted.
[1 : mcmc] Progress @ 2025-04-23 15:13:42 : 56241 steps taken, and 14589 accepted.
[3 : mcmc] Progress @ 2025-04-23 15:14:34 : 56649 steps taken, and 14746 accepted.
[0 : mcmc] Progress @ 2025-04-23 15:15:35 : 56296 steps taken, and 14663 accepted.
[2 : mcmc] Progress @ 2025-04-23 15:15:41 : 56784 steps taken, and 14873 accepted.
[1 : mcmc] Progress @ 2025-04-23 15:15:45 : 56329 steps taken, and 14612 accepted.
[3 : mcmc] Progress @ 2025-04-23 15:16:34 : 56745 steps taken, and 14772 accepted.
[0 : mcmc] Progress @ 2025-04-23 15:17:40 : 56395 steps taken, and 14689 accepted.
[2 : mcmc] Progress @ 2025-04-23 15:17:42 : 56876 steps taken, and 14907 accepted.
[1 : mcmc] Progress @ 2025-04-23 15:17:46 : 56412 steps taken, and 14638 accepted.
[3 : mcmc] Progress @ 2025-04-23 15:18:35 : 56832 steps taken, and 14788 accepted.
[0 : mcmc] Progress @ 2025-04-23 15:19:40 : 56485 steps taken, and 14713 accepted.
[2 : mcmc] Progress @ 2025-04-23 15:19:47 : 56967 steps taken, and 14927 accepted.
[1 : mcmc] Progress @ 2025-04-23 15:19:48 : 56498 steps taken, and 14661 accepted.
[0 : mcmc] Learn + convergence test @ 14720 samples accepted.
[0 : mcmc] Ready to check convergence and learn a new proposal covmat (waiting for the rest...)
[3 : mcmc] Progress @ 2025-04-23 15:20:38 : 56920 steps taken, and 14811 accepted.
[2 : mcmc] Learn + convergence test @ 14950 samples accepted.
[2 : mcmc] Ready to check convergence and learn a new proposal covmat (waiting for the rest...)
[0 : mcmc] Progress @ 2025-04-23 15:21:45 : 56570 steps taken, and 14734 accepted.
[0 : mcmc] All chains are ready to check convergence and learn a new proposal covmat
[0 : mcmc]  - Acceptance rate: 0.268 = avg([0.2667, 0.2693, 0.2680, 0.2670])
[0 : mcmc]  - Convergence of means: R-1 = 0.065505 after 59193 accepted steps = sum([14735, 14682, 14950, 14826])
[0 : mcmc]  - Updated covariance matrix of proposal pdf.
[1 : mcmc] Progress @ 2025-04-23 15:21:48 : 56583 steps taken, and 14683 accepted.
[2 : mcmc] Progress @ 2025-04-23 15:21:49 : 57047 steps taken, and 14951 accepted.
[3 : mcmc] Progress @ 2025-04-23 15:22:40 : 57007 steps taken, and 14838 accepted.
[1 : mcmc] Progress @ 2025-04-23 15:23:50 : 56666 steps taken, and 14697 accepted.
[2 : mcmc] Progress @ 2025-04-23 15:23:51 : 57135 steps taken, and 14974 accepted.
[0 : mcmc] Progress @ 2025-04-23 15:23:51 : 56661 steps taken, and 14763 accepted.
[3 : mcmc] Progress @ 2025-04-23 15:24:41 : 57093 steps taken, and 14856 accepted.
[1 : mcmc] Learn + convergence test @ 14720 samples accepted.
[1 : mcmc] Ready to check convergence and learn a new proposal covmat (waiting for the rest...)
[1 : mcmc] Progress @ 2025-04-23 15:25:51 : 56748 steps taken, and 14724 accepted.
[0 : mcmc] Progress @ 2025-04-23 15:25:52 : 56756 steps taken, and 14793 accepted.
[2 : mcmc] Progress @ 2025-04-23 15:25:57 : 57229 steps taken, and 14997 accepted.
[3 : mcmc] Progress @ 2025-04-23 15:26:42 : 57189 steps taken, and 14873 accepted.
[0 : mcmc] Progress @ 2025-04-23 15:27:52 : 56843 steps taken, and 14821 accepted.
[1 : mcmc] Progress @ 2025-04-23 15:27:54 : 56843 steps taken, and 14750 accepted.
[2 : mcmc] Progress @ 2025-04-23 15:28:02 : 57317 steps taken, and 15023 accepted.
[3 : mcmc] Progress @ 2025-04-23 15:28:43 : 57287 steps taken, and 14904 accepted.
[1 : mcmc] Progress @ 2025-04-23 15:29:54 : 56930 steps taken, and 14778 accepted.
[0 : mcmc] Progress @ 2025-04-23 15:29:54 : 56930 steps taken, and 14851 accepted.
[2 : mcmc] Progress @ 2025-04-23 15:30:02 : 57407 steps taken, and 15055 accepted.
[3 : mcmc] Progress @ 2025-04-23 15:30:43 : 57385 steps taken, and 14937 accepted.
[0 : mcmc] Progress @ 2025-04-23 15:31:55 : 57032 steps taken, and 14883 accepted.
[1 : mcmc] Progress @ 2025-04-23 15:31:59 : 57013 steps taken, and 14801 accepted.
[2 : mcmc] Progress @ 2025-04-23 15:32:06 : 57521 steps taken, and 15086 accepted.
[3 : mcmc] Learn + convergence test @ 14950 samples accepted.
[3 : mcmc] Ready to check convergence and learn a new proposal covmat (waiting for the rest...)
[3 : mcmc] Progress @ 2025-04-23 15:32:49 : 57476 steps taken, and 14960 accepted.
[0 : mcmc] Progress @ 2025-04-23 15:33:55 : 57117 steps taken, and 14904 accepted.
[1 : mcmc] Progress @ 2025-04-23 15:34:02 : 57121 steps taken, and 14832 accepted.
[2 : mcmc] Progress @ 2025-04-23 15:34:06 : 57627 steps taken, and 15104 accepted.
[3 : mcmc] Progress @ 2025-04-23 15:34:54 : 57572 steps taken, and 14979 accepted.
[0 : mcmc] Progress @ 2025-04-23 15:35:55 : 57199 steps taken, and 14928 accepted.
[1 : mcmc] Progress @ 2025-04-23 15:36:03 : 57203 steps taken, and 14861 accepted.
[2 : mcmc] Progress @ 2025-04-23 15:36:11 : 57732 steps taken, and 15131 accepted.
[3 : mcmc] Progress @ 2025-04-23 15:36:58 : 57664 steps taken, and 15008 accepted.
[0 : mcmc] Learn + convergence test @ 14950 samples accepted.
[0 : mcmc] Ready to check convergence and learn a new proposal covmat (waiting for the rest...)
[0 : mcmc] Progress @ 2025-04-23 15:37:57 : 57291 steps taken, and 14953 accepted.
[1 : mcmc] Progress @ 2025-04-23 15:38:06 : 57300 steps taken, and 14878 accepted.
[2 : mcmc] Progress @ 2025-04-23 15:38:14 : 57824 steps taken, and 15155 accepted.
[3 : mcmc] Progress @ 2025-04-23 15:38:58 : 57759 steps taken, and 15038 accepted.
[0 : mcmc] Progress @ 2025-04-23 15:39:59 : 57376 steps taken, and 14973 accepted.
[1 : mcmc] Progress @ 2025-04-23 15:40:06 : 57387 steps taken, and 14898 accepted.
[2 : mcmc] Learn + convergence test @ 15180 samples accepted.
[2 : mcmc] Ready to check convergence and learn a new proposal covmat (waiting for the rest...)
[0 : mcmc] All chains are ready to check convergence and learn a new proposal covmat
[0 : mcmc]  - Acceptance rate: 0.268 = avg([0.2676, 0.2690, 0.2683, 0.2670])
[0 : mcmc]  - Convergence of means: R-1 = 0.070929 after 60112 accepted steps = sum([14976, 14900, 15180, 15056])
[0 : mcmc]  - Updated covariance matrix of proposal pdf.
[2 : mcmc] Progress @ 2025-04-23 15:40:21 : 57904 steps taken, and 15180 accepted.
[3 : mcmc] Progress @ 2025-04-23 15:41:02 : 57883 steps taken, and 15069 accepted.
[0 : mcmc] Progress @ 2025-04-23 15:41:59 : 57466 steps taken, and 14993 accepted.
[1 : mcmc] Progress @ 2025-04-23 15:42:08 : 57471 steps taken, and 14919 accepted.
[2 : mcmc] Progress @ 2025-04-23 15:42:26 : 57986 steps taken, and 15207 accepted.
[3 : mcmc] Progress @ 2025-04-23 15:43:04 : 57978 steps taken, and 15099 accepted.
[0 : mcmc] Progress @ 2025-04-23 15:44:04 : 57573 steps taken, and 15015 accepted.
[1 : mcmc] Progress @ 2025-04-23 15:44:11 : 57559 steps taken, and 14945 accepted.
[2 : mcmc] Progress @ 2025-04-23 15:44:27 : 58065 steps taken, and 15230 accepted.
[1 : mcmc] Learn + convergence test @ 14950 samples accepted.
[1 : mcmc] Ready to check convergence and learn a new proposal covmat (waiting for the rest...)
[3 : mcmc] Progress @ 2025-04-23 15:45:06 : 58062 steps taken, and 15123 accepted.
[0 : mcmc] Progress @ 2025-04-23 15:46:04 : 57666 steps taken, and 15038 accepted.
[1 : mcmc] Progress @ 2025-04-23 15:46:15 : 57657 steps taken, and 14973 accepted.
[2 : mcmc] Progress @ 2025-04-23 15:46:27 : 58149 steps taken, and 15253 accepted.
[3 : mcmc] Progress @ 2025-04-23 15:47:06 : 58145 steps taken, and 15142 accepted.
[0 : mcmc] Progress @ 2025-04-23 15:48:06 : 57745 steps taken, and 15055 accepted.
[1 : mcmc] Progress @ 2025-04-23 15:48:16 : 57745 steps taken, and 15007 accepted.
[2 : mcmc] Progress @ 2025-04-23 15:48:29 : 58240 steps taken, and 15280 accepted.
[3 : mcmc] Progress @ 2025-04-23 15:49:12 : 58225 steps taken, and 15167 accepted.
[0 : mcmc] Progress @ 2025-04-23 15:50:09 : 57834 steps taken, and 15080 accepted.
[1 : mcmc] Progress @ 2025-04-23 15:50:16 : 57820 steps taken, and 15024 accepted.
[3 : mcmc] Learn + convergence test @ 15180 samples accepted.
[3 : mcmc] Ready to check convergence and learn a new proposal covmat (waiting for the rest...)
[2 : mcmc] Progress @ 2025-04-23 15:50:29 : 58329 steps taken, and 15302 accepted.
[3 : mcmc] Progress @ 2025-04-23 15:51:14 : 58306 steps taken, and 15186 accepted.
[0 : mcmc] Progress @ 2025-04-23 15:52:09 : 57936 steps taken, and 15109 accepted.
[1 : mcmc] Progress @ 2025-04-23 15:52:17 : 57900 steps taken, and 15055 accepted.
[2 : mcmc] Progress @ 2025-04-23 15:52:34 : 58416 steps taken, and 15323 accepted.
[3 : mcmc] Progress @ 2025-04-23 15:53:16 : 58396 steps taken, and 15207 accepted.
[0 : mcmc] Progress @ 2025-04-23 15:54:09 : 58035 steps taken, and 15134 accepted.
[1 : mcmc] Progress @ 2025-04-23 15:54:20 : 57984 steps taken, and 15088 accepted.
[2 : mcmc] Progress @ 2025-04-23 15:54:38 : 58538 steps taken, and 15344 accepted.
[3 : mcmc] Progress @ 2025-04-23 15:55:16 : 58484 steps taken, and 15229 accepted.
[0 : mcmc] Progress @ 2025-04-23 15:56:09 : 58119 steps taken, and 15159 accepted.
[1 : mcmc] Progress @ 2025-04-23 15:56:21 : 58073 steps taken, and 15106 accepted.
[2 : mcmc] Progress @ 2025-04-23 15:56:43 : 58639 steps taken, and 15381 accepted.
[3 : mcmc] Progress @ 2025-04-23 15:57:17 : 58564 steps taken, and 15247 accepted.
[0 : mcmc] Learn + convergence test @ 15180 samples accepted.
[0 : mcmc] Ready to check convergence and learn a new proposal covmat (waiting for the rest...)
[0 : mcmc] Progress @ 2025-04-23 15:58:11 : 58215 steps taken, and 15184 accepted.
[1 : mcmc] Progress @ 2025-04-23 15:58:26 : 58158 steps taken, and 15129 accepted.
[2 : mcmc] Progress @ 2025-04-23 15:58:47 : 58723 steps taken, and 15407 accepted.
[2 : mcmc] Learn + convergence test @ 15410 samples accepted.
[2 : mcmc] Ready to check convergence and learn a new proposal covmat (waiting for the rest...)
[0 : mcmc] All chains are ready to check convergence and learn a new proposal covmat
[0 : mcmc]  - Acceptance rate: 0.268 = avg([0.2681, 0.2697, 0.2690, 0.2667])
[0 : mcmc]  - Convergence of means: R-1 = 0.071076 after 61006 accepted steps = sum([15193, 15134, 15410, 15269])
[0 : mcmc]  - Updated covariance matrix of proposal pdf.
[3 : mcmc] Progress @ 2025-04-23 15:59:17 : 58671 steps taken, and 15271 accepted.
[0 : mcmc] Progress @ 2025-04-23 16:00:15 : 58299 steps taken, and 15204 accepted.
[1 : mcmc] Progress @ 2025-04-23 16:00:31 : 58252 steps taken, and 15151 accepted.
[2 : mcmc] Progress @ 2025-04-23 16:00:50 : 58809 steps taken, and 15424 accepted.
[3 : mcmc] Progress @ 2025-04-23 16:01:20 : 58767 steps taken, and 15304 accepted.
[0 : mcmc] Progress @ 2025-04-23 16:02:17 : 58387 steps taken, and 15233 accepted.
[1 : mcmc] Progress @ 2025-04-23 16:02:35 : 58335 steps taken, and 15173 accepted.
[2 : mcmc] Progress @ 2025-04-23 16:02:51 : 58899 steps taken, and 15447 accepted.
[1 : mcmc] Learn + convergence test @ 15180 samples accepted.
[1 : mcmc] Ready to check convergence and learn a new proposal covmat (waiting for the rest...)
[3 : mcmc] Progress @ 2025-04-23 16:03:25 : 58862 steps taken, and 15332 accepted.
[0 : mcmc] Progress @ 2025-04-23 16:04:19 : 58472 steps taken, and 15256 accepted.
[1 : mcmc] Progress @ 2025-04-23 16:04:36 : 58415 steps taken, and 15194 accepted.
[2 : mcmc] Progress @ 2025-04-23 16:04:54 : 58991 steps taken, and 15475 accepted.
[3 : mcmc] Progress @ 2025-04-23 16:05:29 : 58946 steps taken, and 15361 accepted.
[0 : mcmc] Progress @ 2025-04-23 16:06:20 : 58559 steps taken, and 15281 accepted.
[1 : mcmc] Progress @ 2025-04-23 16:06:39 : 58496 steps taken, and 15211 accepted.
[2 : mcmc] Progress @ 2025-04-23 16:06:56 : 59075 steps taken, and 15496 accepted.
[3 : mcmc] Progress @ 2025-04-23 16:07:29 : 59037 steps taken, and 15383 accepted.
[0 : mcmc] Progress @ 2025-04-23 16:08:23 : 58641 steps taken, and 15306 accepted.
[1 : mcmc] Progress @ 2025-04-23 16:08:43 : 58600 steps taken, and 15242 accepted.
[2 : mcmc] Progress @ 2025-04-23 16:08:57 : 59166 steps taken, and 15531 accepted.
[3 : mcmc] Progress @ 2025-04-23 16:09:32 : 59128 steps taken, and 15403 accepted.
[3 : mcmc] Learn + convergence test @ 15410 samples accepted.
[3 : mcmc] Ready to check convergence and learn a new proposal covmat (waiting for the rest...)
[0 : mcmc] Progress @ 2025-04-23 16:10:28 : 58726 steps taken, and 15337 accepted.
[1 : mcmc] Progress @ 2025-04-23 16:10:47 : 58698 steps taken, and 15272 accepted.
[2 : mcmc] Progress @ 2025-04-23 16:10:57 : 59250 steps taken, and 15554 accepted.
[3 : mcmc] Progress @ 2025-04-23 16:11:36 : 59219 steps taken, and 15426 accepted.
[0 : mcmc] Progress @ 2025-04-23 16:12:33 : 58817 steps taken, and 15367 accepted.
[1 : mcmc] Progress @ 2025-04-23 16:12:50 : 58783 steps taken, and 15298 accepted.
[2 : mcmc] Progress @ 2025-04-23 16:13:01 : 59324 steps taken, and 15575 accepted.
[3 : mcmc] Progress @ 2025-04-23 16:13:38 : 59314 steps taken, and 15446 accepted.
[0 : mcmc] Progress @ 2025-04-23 16:14:33 : 58895 steps taken, and 15392 accepted.
[1 : mcmc] Progress @ 2025-04-23 16:14:51 : 58860 steps taken, and 15327 accepted.
[2 : mcmc] Progress @ 2025-04-23 16:15:02 : 59404 steps taken, and 15602 accepted.
[3 : mcmc] Progress @ 2025-04-23 16:15:43 : 59403 steps taken, and 15471 accepted.
[0 : mcmc] Learn + convergence test @ 15410 samples accepted.
[0 : mcmc] Ready to check convergence and learn a new proposal covmat (waiting for the rest...)
[0 : mcmc] Progress @ 2025-04-23 16:16:36 : 58975 steps taken, and 15417 accepted.
[1 : mcmc] Progress @ 2025-04-23 16:16:58 : 58956 steps taken, and 15345 accepted.
[2 : mcmc] Progress @ 2025-04-23 16:17:06 : 59488 steps taken, and 15625 accepted.
[3 : mcmc] Progress @ 2025-04-23 16:17:47 : 59492 steps taken, and 15494 accepted.
[0 : mcmc] Progress @ 2025-04-23 16:18:38 : 59061 steps taken, and 15437 accepted.
[2 : mcmc] Learn + convergence test @ 15640 samples accepted.
[2 : mcmc] Ready to check convergence and learn a new proposal covmat (waiting for the rest...)
[1 : mcmc] Progress @ 2025-04-23 16:18:58 : 59035 steps taken, and 15371 accepted.
[0 : mcmc] All chains are ready to check convergence and learn a new proposal covmat
[0 : mcmc]  - Acceptance rate: 0.269 = avg([0.2689, 0.2705, 0.2688, 0.2672])
[0 : mcmc]  - Convergence of means: R-1 = 0.070165 after 61972 accepted steps = sum([15443, 15372, 15640, 15517])
[0 : mcmc]  - Updated covariance matrix of proposal pdf.
[2 : mcmc] Progress @ 2025-04-23 16:19:14 : 59564 steps taken, and 15640 accepted.
[3 : mcmc] Progress @ 2025-04-23 16:19:50 : 59582 steps taken, and 15524 accepted.
[0 : mcmc] Progress @ 2025-04-23 16:20:38 : 59148 steps taken, and 15463 accepted.
[1 : mcmc] Progress @ 2025-04-23 16:21:00 : 59108 steps taken, and 15394 accepted.
[2 : mcmc] Progress @ 2025-04-23 16:21:17 : 59649 steps taken, and 15669 accepted.
[3 : mcmc] Progress @ 2025-04-23 16:21:54 : 59675 steps taken, and 15550 accepted.
[1 : mcmc] Learn + convergence test @ 15410 samples accepted.
[1 : mcmc] Ready to check convergence and learn a new proposal covmat (waiting for the rest...)
[0 : mcmc] Progress @ 2025-04-23 16:22:41 : 59219 steps taken, and 15477 accepted.
[1 : mcmc] Progress @ 2025-04-23 16:23:04 : 59187 steps taken, and 15414 accepted.
[2 : mcmc] Progress @ 2025-04-23 16:23:19 : 59732 steps taken, and 15696 accepted.
[3 : mcmc] Progress @ 2025-04-23 16:23:55 : 59744 steps taken, and 15566 accepted.
[0 : mcmc] Progress @ 2025-04-23 16:24:44 : 59303 steps taken, and 15499 accepted.
[1 : mcmc] Progress @ 2025-04-23 16:25:06 : 59270 steps taken, and 15439 accepted.
[2 : mcmc] Progress @ 2025-04-23 16:25:22 : 59819 steps taken, and 15723 accepted.
[3 : mcmc] Progress @ 2025-04-23 16:25:56 : 59842 steps taken, and 15589 accepted.
[0 : mcmc] Progress @ 2025-04-23 16:26:46 : 59402 steps taken, and 15520 accepted.
[1 : mcmc] Progress @ 2025-04-23 16:27:08 : 59351 steps taken, and 15463 accepted.
[2 : mcmc] Progress @ 2025-04-23 16:27:28 : 59901 steps taken, and 15752 accepted.
[3 : mcmc] Progress @ 2025-04-23 16:27:56 : 59930 steps taken, and 15607 accepted.
[0 : mcmc] Progress @ 2025-04-23 16:28:48 : 59487 steps taken, and 15551 accepted.
[1 : mcmc] Progress @ 2025-04-23 16:29:11 : 59429 steps taken, and 15482 accepted.
[2 : mcmc] Progress @ 2025-04-23 16:29:31 : 59987 steps taken, and 15773 accepted.
[3 : mcmc] Progress @ 2025-04-23 16:29:59 : 60007 steps taken, and 15624 accepted.
[0 : mcmc] Progress @ 2025-04-23 16:30:49 : 59577 steps taken, and 15581 accepted.
[1 : mcmc] Progress @ 2025-04-23 16:31:12 : 59515 steps taken, and 15503 accepted.
[3 : mcmc] Learn + convergence test @ 15640 samples accepted.
[3 : mcmc] Ready to check convergence and learn a new proposal covmat (waiting for the rest...)
[2 : mcmc] Progress @ 2025-04-23 16:31:36 : 60080 steps taken, and 15796 accepted.
[3 : mcmc] Progress @ 2025-04-23 16:31:59 : 60094 steps taken, and 15645 accepted.
[0 : mcmc] Progress @ 2025-04-23 16:32:51 : 59669 steps taken, and 15614 accepted.
[1 : mcmc] Progress @ 2025-04-23 16:33:13 : 59584 steps taken, and 15525 accepted.
[2 : mcmc] Progress @ 2025-04-23 16:33:40 : 60169 steps taken, and 15826 accepted.
[3 : mcmc] Progress @ 2025-04-23 16:34:03 : 60192 steps taken, and 15668 accepted.
[0 : mcmc] Learn + convergence test @ 15640 samples accepted.
[0 : mcmc] Ready to check convergence and learn a new proposal covmat (waiting for the rest...)
[0 : mcmc] Progress @ 2025-04-23 16:34:54 : 59749 steps taken, and 15642 accepted.
[1 : mcmc] Progress @ 2025-04-23 16:35:17 : 59681 steps taken, and 15561 accepted.
[2 : mcmc] Progress @ 2025-04-23 16:35:41 : 60253 steps taken, and 15857 accepted.
[3 : mcmc] Progress @ 2025-04-23 16:36:09 : 60296 steps taken, and 15699 accepted.
[0 : mcmc] Progress @ 2025-04-23 16:36:57 : 59832 steps taken, and 15662 accepted.
[2 : mcmc] Learn + convergence test @ 15870 samples accepted.
[2 : mcmc] Ready to check convergence and learn a new proposal covmat (waiting for the rest...)
[0 : mcmc] All chains are ready to check convergence and learn a new proposal covmat
[0 : mcmc]  - Acceptance rate: 0.269 = avg([0.2701, 0.2711, 0.2691, 0.2662])
[0 : mcmc]  - Convergence of means: R-1 = 0.072075 after 62821 accepted steps = sum([15665, 15578, 15870, 15708])
[0 : mcmc]  - Updated covariance matrix of proposal pdf.
[1 : mcmc] Progress @ 2025-04-23 16:37:17 : 59756 steps taken, and 15579 accepted.
[2 : mcmc] Progress @ 2025-04-23 16:37:47 : 60337 steps taken, and 15875 accepted.
[3 : mcmc] Progress @ 2025-04-23 16:38:10 : 60415 steps taken, and 15728 accepted.
[0 : mcmc] Progress @ 2025-04-23 16:38:58 : 59921 steps taken, and 15682 accepted.
[1 : mcmc] Progress @ 2025-04-23 16:39:20 : 59841 steps taken, and 15613 accepted.
[2 : mcmc] Progress @ 2025-04-23 16:39:52 : 60450 steps taken, and 15896 accepted.
[3 : mcmc] Progress @ 2025-04-23 16:40:15 : 60497 steps taken, and 15750 accepted.
[0 : mcmc] Progress @ 2025-04-23 16:40:59 : 60013 steps taken, and 15710 accepted.
[1 : mcmc] Progress @ 2025-04-23 16:41:22 : 59929 steps taken, and 15637 accepted.
[1 : mcmc] Learn + convergence test @ 15640 samples accepted.
[1 : mcmc] Ready to check convergence and learn a new proposal covmat (waiting for the rest...)
[2 : mcmc] Progress @ 2025-04-23 16:41:54 : 60549 steps taken, and 15921 accepted.
[3 : mcmc] Progress @ 2025-04-23 16:42:15 : 60584 steps taken, and 15778 accepted.
[0 : mcmc] Progress @ 2025-04-23 16:42:59 : 60123 steps taken, and 15734 accepted.
[1 : mcmc] Progress @ 2025-04-23 16:43:23 : 60013 steps taken, and 15661 accepted.
[2 : mcmc] Progress @ 2025-04-23 16:43:59 : 60641 steps taken, and 15948 accepted.
[3 : mcmc] Progress @ 2025-04-23 16:44:20 : 60666 steps taken, and 15794 accepted.
[0 : mcmc] Progress @ 2025-04-23 16:45:01 : 60241 steps taken, and 15754 accepted.
[1 : mcmc] Progress @ 2025-04-23 16:45:23 : 60100 steps taken, and 15686 accepted.
[2 : mcmc] Progress @ 2025-04-23 16:46:01 : 60728 steps taken, and 15976 accepted.
[3 : mcmc] Progress @ 2025-04-23 16:46:22 : 60755 steps taken, and 15819 accepted.
[0 : mcmc] Progress @ 2025-04-23 16:47:02 : 60335 steps taken, and 15773 accepted.
[1 : mcmc] Progress @ 2025-04-23 16:47:23 : 60179 steps taken, and 15709 accepted.
[2 : mcmc] Progress @ 2025-04-23 16:48:05 : 60821 steps taken, and 15999 accepted.
[3 : mcmc] Progress @ 2025-04-23 16:48:23 : 60841 steps taken, and 15843 accepted.
[0 : mcmc] Progress @ 2025-04-23 16:49:08 : 60425 steps taken, and 15797 accepted.
[1 : mcmc] Progress @ 2025-04-23 16:49:23 : 60265 steps taken, and 15739 accepted.
[2 : mcmc] Progress @ 2025-04-23 16:50:09 : 60907 steps taken, and 16026 accepted.
[3 : mcmc] Progress @ 2025-04-23 16:50:27 : 60921 steps taken, and 15866 accepted.
[3 : mcmc] Learn + convergence test @ 15870 samples accepted.
[3 : mcmc] Ready to check convergence and learn a new proposal covmat (waiting for the rest...)
[0 : mcmc] Progress @ 2025-04-23 16:51:12 : 60541 steps taken, and 15823 accepted.
[1 : mcmc] Progress @ 2025-04-23 16:51:26 : 60375 steps taken, and 15763 accepted.
[2 : mcmc] Progress @ 2025-04-23 16:52:14 : 60994 steps taken, and 16057 accepted.
[3 : mcmc] Progress @ 2025-04-23 16:52:27 : 61009 steps taken, and 15893 accepted.
[0 : mcmc] Progress @ 2025-04-23 16:53:16 : 60627 steps taken, and 15842 accepted.
[1 : mcmc] Progress @ 2025-04-23 16:53:26 : 60459 steps taken, and 15784 accepted.
[2 : mcmc] Progress @ 2025-04-23 16:54:19 : 61082 steps taken, and 16078 accepted.
[3 : mcmc] Progress @ 2025-04-23 16:54:27 : 61097 steps taken, and 15918 accepted.
[0 : mcmc] Progress @ 2025-04-23 16:55:20 : 60712 steps taken, and 15864 accepted.
[1 : mcmc] Progress @ 2025-04-23 16:55:26 : 60548 steps taken, and 15809 accepted.
[0 : mcmc] Learn + convergence test @ 15870 samples accepted.
[0 : mcmc] Ready to check convergence and learn a new proposal covmat (waiting for the rest...)
[2 : mcmc] Learn + convergence test @ 16100 samples accepted.
[2 : mcmc] Ready to check convergence and learn a new proposal covmat (waiting for the rest...)
[0 : mcmc] All chains are ready to check convergence and learn a new proposal covmat
[0 : mcmc]  - Acceptance rate: 0.269 = avg([0.2692, 0.2715, 0.2685, 0.2666])
[0 : mcmc]  - Convergence of means: R-1 = 0.067632 after 63739 accepted steps = sum([15883, 15819, 16100, 15937])
[0 : mcmc]  - Updated covariance matrix of proposal pdf.
[2 : mcmc] Progress @ 2025-04-23 16:56:24 : 61169 steps taken, and 16100 accepted.
[3 : mcmc] Progress @ 2025-04-23 16:56:30 : 61179 steps taken, and 15939 accepted.
[0 : mcmc] Progress @ 2025-04-23 16:57:21 : 60796 steps taken, and 15893 accepted.
[1 : mcmc] Progress @ 2025-04-23 16:57:31 : 60627 steps taken, and 15835 accepted.
[2 : mcmc] Progress @ 2025-04-23 16:58:29 : 61251 steps taken, and 16119 accepted.
[3 : mcmc] Progress @ 2025-04-23 16:58:30 : 61259 steps taken, and 15959 accepted.
[0 : mcmc] Progress @ 2025-04-23 16:59:23 : 60881 steps taken, and 15919 accepted.
[1 : mcmc] Progress @ 2025-04-23 16:59:33 : 60709 steps taken, and 15853 accepted.
[3 : mcmc] Progress @ 2025-04-23 17:00:31 : 61352 steps taken, and 15984 accepted.
[2 : mcmc] Progress @ 2025-04-23 17:00:34 : 61342 steps taken, and 16147 accepted.
[1 : mcmc] Learn + convergence test @ 15870 samples accepted.
[1 : mcmc] Ready to check convergence and learn a new proposal covmat (waiting for the rest...)
[0 : mcmc] Progress @ 2025-04-23 17:01:24 : 60969 steps taken, and 15954 accepted.
[1 : mcmc] Progress @ 2025-04-23 17:01:34 : 60792 steps taken, and 15872 accepted.
[3 : mcmc] Progress @ 2025-04-23 17:02:32 : 61433 steps taken, and 16002 accepted.
[2 : mcmc] Progress @ 2025-04-23 17:02:38 : 61433 steps taken, and 16174 accepted.
[0 : mcmc] Progress @ 2025-04-23 17:03:29 : 61057 steps taken, and 15981 accepted.
[1 : mcmc] Progress @ 2025-04-23 17:03:38 : 60880 steps taken, and 15895 accepted.
[3 : mcmc] Progress @ 2025-04-23 17:04:36 : 61531 steps taken, and 16023 accepted.
[2 : mcmc] Progress @ 2025-04-23 17:04:43 : 61515 steps taken, and 16198 accepted.
[0 : mcmc] Progress @ 2025-04-23 17:05:29 : 61144 steps taken, and 16003 accepted.
[1 : mcmc] Progress @ 2025-04-23 17:05:42 : 60963 steps taken, and 15910 accepted.
[3 : mcmc] Progress @ 2025-04-23 17:06:41 : 61632 steps taken, and 16036 accepted.
[2 : mcmc] Progress @ 2025-04-23 17:06:43 : 61608 steps taken, and 16225 accepted.
[0 : mcmc] Progress @ 2025-04-23 17:07:34 : 61238 steps taken, and 16036 accepted.
[1 : mcmc] Progress @ 2025-04-23 17:07:45 : 61050 steps taken, and 15923 accepted.
[2 : mcmc] Progress @ 2025-04-23 17:08:43 : 61695 steps taken, and 16253 accepted.
[3 : mcmc] Progress @ 2025-04-23 17:08:46 : 61729 steps taken, and 16057 accepted.
[0 : mcmc] Progress @ 2025-04-23 17:09:34 : 61322 steps taken, and 16060 accepted.
[1 : mcmc] Progress @ 2025-04-23 17:09:47 : 61135 steps taken, and 15942 accepted.
[2 : mcmc] Progress @ 2025-04-23 17:10:45 : 61807 steps taken, and 16278 accepted.
[3 : mcmc] Progress @ 2025-04-23 17:10:52 : 61813 steps taken, and 16086 accepted.
[0 : mcmc] Progress @ 2025-04-23 17:11:40 : 61409 steps taken, and 16078 accepted.
[1 : mcmc] Progress @ 2025-04-23 17:11:47 : 61216 steps taken, and 15963 accepted.
[3 : mcmc] Learn + convergence test @ 16100 samples accepted.
[3 : mcmc] Ready to check convergence and learn a new proposal covmat (waiting for the rest...)
[2 : mcmc] Progress @ 2025-04-23 17:12:45 : 61890 steps taken, and 16302 accepted.
[3 : mcmc] Progress @ 2025-04-23 17:12:54 : 61912 steps taken, and 16114 accepted.
[0 : mcmc] Learn + convergence test @ 16100 samples accepted.
[0 : mcmc] Ready to check convergence and learn a new proposal covmat (waiting for the rest...)
[0 : mcmc] Progress @ 2025-04-23 17:13:43 : 61506 steps taken, and 16105 accepted.
[1 : mcmc] Progress @ 2025-04-23 17:13:53 : 61297 steps taken, and 15985 accepted.
[2 : mcmc] Progress @ 2025-04-23 17:14:45 : 61968 steps taken, and 16329 accepted.
[2 : mcmc] Learn + convergence test @ 16330 samples accepted.
[2 : mcmc] Ready to check convergence and learn a new proposal covmat (waiting for the rest...)
[0 : mcmc] All chains are ready to check convergence and learn a new proposal covmat
[0 : mcmc]  - Acceptance rate: 0.269 = avg([0.2699, 0.2710, 0.2686, 0.2662])
[0 : mcmc]  - Convergence of means: R-1 = 0.065495 after 64591 accepted steps = sum([16119, 16003, 16330, 16139])
[0 : mcmc]  - Updated covariance matrix of proposal pdf.
[3 : mcmc] Progress @ 2025-04-23 17:15:21 : 62004 steps taken, and 16139 accepted.
[0 : mcmc] Progress @ 2025-04-23 17:15:43 : 61584 steps taken, and 16121 accepted.
[1 : mcmc] Progress @ 2025-04-23 17:15:55 : 61386 steps taken, and 16007 accepted.
[2 : mcmc] Progress @ 2025-04-23 17:16:48 : 62054 steps taken, and 16352 accepted.
[3 : mcmc] Progress @ 2025-04-23 17:17:21 : 62104 steps taken, and 16168 accepted.
[0 : mcmc] Progress @ 2025-04-23 17:17:49 : 61675 steps taken, and 16140 accepted.
[1 : mcmc] Progress @ 2025-04-23 17:17:58 : 61469 steps taken, and 16032 accepted.
[2 : mcmc] Progress @ 2025-04-23 17:18:51 : 62155 steps taken, and 16384 accepted.
[3 : mcmc] Progress @ 2025-04-23 17:19:23 : 62216 steps taken, and 16189 accepted.
[0 : mcmc] Progress @ 2025-04-23 17:19:54 : 61760 steps taken, and 16157 accepted.
[1 : mcmc] Progress @ 2025-04-23 17:20:01 : 61591 steps taken, and 16062 accepted.
[2 : mcmc] Progress @ 2025-04-23 17:20:52 : 62239 steps taken, and 16407 accepted.
[3 : mcmc] Progress @ 2025-04-23 17:21:24 : 62313 steps taken, and 16215 accepted.
[0 : mcmc] Progress @ 2025-04-23 17:21:54 : 61855 steps taken, and 16182 accepted.
[1 : mcmc] Progress @ 2025-04-23 17:22:02 : 61688 steps taken, and 16086 accepted.
[1 : mcmc] Learn + convergence test @ 16100 samples accepted.
[1 : mcmc] Ready to check convergence and learn a new proposal covmat (waiting for the rest...)
[2 : mcmc] Progress @ 2025-04-23 17:22:53 : 62344 steps taken, and 16434 accepted.
[3 : mcmc] Progress @ 2025-04-23 17:23:24 : 62397 steps taken, and 16237 accepted.
[0 : mcmc] Progress @ 2025-04-23 17:23:56 : 61984 steps taken, and 16216 accepted.
[1 : mcmc] Progress @ 2025-04-23 17:24:03 : 61787 steps taken, and 16119 accepted.
[2 : mcmc] Progress @ 2025-04-23 17:24:58 : 62467 steps taken, and 16462 accepted.
[3 : mcmc] Progress @ 2025-04-23 17:25:28 : 62490 steps taken, and 16263 accepted.
[0 : mcmc] Progress @ 2025-04-23 17:25:57 : 62069 steps taken, and 16234 accepted.
[1 : mcmc] Progress @ 2025-04-23 17:26:03 : 61860 steps taken, and 16145 accepted.
[2 : mcmc] Progress @ 2025-04-23 17:26:59 : 62550 steps taken, and 16490 accepted.
[3 : mcmc] Progress @ 2025-04-23 17:27:31 : 62573 steps taken, and 16290 accepted.
[0 : mcmc] Progress @ 2025-04-23 17:27:58 : 62152 steps taken, and 16257 accepted.
[1 : mcmc] Progress @ 2025-04-23 17:28:03 : 61978 steps taken, and 16174 accepted.
[2 : mcmc] Progress @ 2025-04-23 17:29:00 : 62630 steps taken, and 16515 accepted.
[3 : mcmc] Progress @ 2025-04-23 17:29:37 : 62659 steps taken, and 16312 accepted.
[0 : mcmc] Progress @ 2025-04-23 17:30:02 : 62240 steps taken, and 16279 accepted.
[1 : mcmc] Progress @ 2025-04-23 17:30:03 : 62057 steps taken, and 16191 accepted.
[2 : mcmc] Progress @ 2025-04-23 17:31:01 : 62721 steps taken, and 16544 accepted.
[3 : mcmc] Learn + convergence test @ 16330 samples accepted.
[3 : mcmc] Ready to check convergence and learn a new proposal covmat (waiting for the rest...)
[3 : mcmc] Progress @ 2025-04-23 17:31:39 : 62746 steps taken, and 16331 accepted.
[0 : mcmc] Progress @ 2025-04-23 17:32:02 : 62327 steps taken, and 16300 accepted.
[1 : mcmc] Progress @ 2025-04-23 17:32:09 : 62150 steps taken, and 16217 accepted.
[2 : mcmc] Learn + convergence test @ 16560 samples accepted.
[2 : mcmc] Ready to check convergence and learn a new proposal covmat (waiting for the rest...)
[2 : mcmc] Progress @ 2025-04-23 17:33:06 : 62816 steps taken, and 16565 accepted.
[3 : mcmc] Progress @ 2025-04-23 17:33:39 : 62835 steps taken, and 16364 accepted.
[0 : mcmc] Progress @ 2025-04-23 17:34:03 : 62414 steps taken, and 16326 accepted.
[1 : mcmc] Progress @ 2025-04-23 17:34:09 : 62236 steps taken, and 16253 accepted.
[0 : mcmc] Learn + convergence test @ 16330 samples accepted.
[0 : mcmc] Ready to check convergence and learn a new proposal covmat (waiting for the rest...)
[0 : mcmc] All chains are ready to check convergence and learn a new proposal covmat
[0 : mcmc]  - Acceptance rate: 0.269 = avg([0.2689, 0.2723, 0.2687, 0.2662])
[0 : mcmc]  - Convergence of means: R-1 = 0.068614 after 65546 accepted steps = sum([16330, 16258, 16586, 16372])
[0 : mcmc]  - Updated covariance matrix of proposal pdf.
[2 : mcmc] Progress @ 2025-04-23 17:35:06 : 62900 steps taken, and 16597 accepted.
[3 : mcmc] Progress @ 2025-04-23 17:35:45 : 62928 steps taken, and 16387 accepted.
[0 : mcmc] Progress @ 2025-04-23 17:36:05 : 62503 steps taken, and 16347 accepted.
[1 : mcmc] Progress @ 2025-04-23 17:36:09 : 62326 steps taken, and 16273 accepted.
[2 : mcmc] Progress @ 2025-04-23 17:37:10 : 62984 steps taken, and 16622 accepted.
[3 : mcmc] Progress @ 2025-04-23 17:37:47 : 63012 steps taken, and 16402 accepted.
[0 : mcmc] Progress @ 2025-04-23 17:38:06 : 62593 steps taken, and 16374 accepted.
[1 : mcmc] Progress @ 2025-04-23 17:38:10 : 62417 steps taken, and 16297 accepted.
[2 : mcmc] Progress @ 2025-04-23 17:39:13 : 63069 steps taken, and 16645 accepted.
[3 : mcmc] Progress @ 2025-04-23 17:39:47 : 63107 steps taken, and 16429 accepted.
[0 : mcmc] Progress @ 2025-04-23 17:40:08 : 62687 steps taken, and 16398 accepted.
[1 : mcmc] Progress @ 2025-04-23 17:40:10 : 62518 steps taken, and 16318 accepted.
[2 : mcmc] Progress @ 2025-04-23 17:41:14 : 63185 steps taken, and 16667 accepted.
[1 : mcmc] Learn + convergence test @ 16330 samples accepted.
[1 : mcmc] Ready to check convergence and learn a new proposal covmat (waiting for the rest...)
[3 : mcmc] Progress @ 2025-04-23 17:41:50 : 63217 steps taken, and 16465 accepted.
[0 : mcmc] Progress @ 2025-04-23 17:42:08 : 62773 steps taken, and 16418 accepted.
[1 : mcmc] Progress @ 2025-04-23 17:42:11 : 62599 steps taken, and 16345 accepted.
[2 : mcmc] Progress @ 2025-04-23 17:43:15 : 63265 steps taken, and 16690 accepted.
[3 : mcmc] Progress @ 2025-04-23 17:43:54 : 63300 steps taken, and 16487 accepted.
[1 : mcmc] Progress @ 2025-04-23 17:44:11 : 62687 steps taken, and 16359 accepted.
[0 : mcmc] Progress @ 2025-04-23 17:44:14 : 62858 steps taken, and 16440 accepted.
[2 : mcmc] Progress @ 2025-04-23 17:45:19 : 63354 steps taken, and 16721 accepted.
[3 : mcmc] Progress @ 2025-04-23 17:45:55 : 63400 steps taken, and 16508 accepted.
[1 : mcmc] Progress @ 2025-04-23 17:46:13 : 62760 steps taken, and 16379 accepted.
[0 : mcmc] Progress @ 2025-04-23 17:46:15 : 62945 steps taken, and 16466 accepted.
[2 : mcmc] Progress @ 2025-04-23 17:47:19 : 63435 steps taken, and 16742 accepted.
[3 : mcmc] Progress @ 2025-04-23 17:47:55 : 63501 steps taken, and 16531 accepted.
[1 : mcmc] Progress @ 2025-04-23 17:48:13 : 62846 steps taken, and 16402 accepted.
[0 : mcmc] Progress @ 2025-04-23 17:48:20 : 63021 steps taken, and 16492 accepted.
[3 : mcmc] Learn + convergence test @ 16560 samples accepted.
[3 : mcmc] Ready to check convergence and learn a new proposal covmat (waiting for the rest...)
[2 : mcmc] Progress @ 2025-04-23 17:49:21 : 63521 steps taken, and 16766 accepted.
[3 : mcmc] Progress @ 2025-04-23 17:49:57 : 63609 steps taken, and 16570 accepted.
[1 : mcmc] Progress @ 2025-04-23 17:50:17 : 62939 steps taken, and 16427 accepted.
[0 : mcmc] Progress @ 2025-04-23 17:50:23 : 63107 steps taken, and 16510 accepted.
[2 : mcmc] Learn + convergence test @ 16790 samples accepted.
[2 : mcmc] Ready to check convergence and learn a new proposal covmat (waiting for the rest...)
[2 : mcmc] Progress @ 2025-04-23 17:51:27 : 63607 steps taken, and 16793 accepted.
[3 : mcmc] Progress @ 2025-04-23 17:52:00 : 63706 steps taken, and 16600 accepted.
[1 : mcmc] Progress @ 2025-04-23 17:52:17 : 63022 steps taken, and 16451 accepted.
[0 : mcmc] Progress @ 2025-04-23 17:52:26 : 63198 steps taken, and 16529 accepted.
[2 : mcmc] Progress @ 2025-04-23 17:53:30 : 63690 steps taken, and 16815 accepted.
[3 : mcmc] Progress @ 2025-04-23 17:54:03 : 63789 steps taken, and 16628 accepted.
[1 : mcmc] Progress @ 2025-04-23 17:54:23 : 63112 steps taken, and 16475 accepted.
[0 : mcmc] Progress @ 2025-04-23 17:54:30 : 63284 steps taken, and 16551 accepted.
[0 : mcmc] Learn + convergence test @ 16560 samples accepted.
[0 : mcmc] Ready to check convergence and learn a new proposal covmat (waiting for the rest...)
[0 : mcmc] All chains are ready to check convergence and learn a new proposal covmat
[0 : mcmc]  - Acceptance rate: 0.269 = avg([0.2682, 0.2720, 0.2698, 0.2669])
[0 : mcmc]  - Convergence of means: R-1 = 0.065177 after 66518 accepted steps = sum([16560, 16485, 16831, 16642])
[0 : mcmc]  - Updated covariance matrix of proposal pdf.
[2 : mcmc] Progress @ 2025-04-23 17:55:30 : 63775 steps taken, and 16831 accepted.
[3 : mcmc] Progress @ 2025-04-23 17:56:08 : 63884 steps taken, and 16654 accepted.
[1 : mcmc] Progress @ 2025-04-23 17:56:23 : 63198 steps taken, and 16491 accepted.
[0 : mcmc] Progress @ 2025-04-23 17:56:30 : 63366 steps taken, and 16572 accepted.
[2 : mcmc] Progress @ 2025-04-23 17:57:34 : 63859 steps taken, and 16858 accepted.
[3 : mcmc] Progress @ 2025-04-23 17:58:09 : 63980 steps taken, and 16682 accepted.
[1 : mcmc] Progress @ 2025-04-23 17:58:27 : 63281 steps taken, and 16519 accepted.
[0 : mcmc] Progress @ 2025-04-23 17:58:31 : 63487 steps taken, and 16600 accepted.
[2 : mcmc] Progress @ 2025-04-23 17:59:35 : 63954 steps taken, and 16886 accepted.
[3 : mcmc] Progress @ 2025-04-23 18:00:13 : 64068 steps taken, and 16710 accepted.
[1 : mcmc] Progress @ 2025-04-23 18:00:28 : 63366 steps taken, and 16542 accepted.
[0 : mcmc] Progress @ 2025-04-23 18:00:36 : 63578 steps taken, and 16627 accepted.
[2 : mcmc] Progress @ 2025-04-23 18:01:37 : 64049 steps taken, and 16913 accepted.
[1 : mcmc] Learn + convergence test @ 16560 samples accepted.
[1 : mcmc] Ready to check convergence and learn a new proposal covmat (waiting for the rest...)
[3 : mcmc] Progress @ 2025-04-23 18:02:14 : 64150 steps taken, and 16738 accepted.
[1 : mcmc] Progress @ 2025-04-23 18:02:29 : 63445 steps taken, and 16563 accepted.
[0 : mcmc] Progress @ 2025-04-23 18:02:36 : 63668 steps taken, and 16655 accepted.
[2 : mcmc] Progress @ 2025-04-23 18:03:37 : 64137 steps taken, and 16939 accepted.
[3 : mcmc] Progress @ 2025-04-23 18:04:15 : 64238 steps taken, and 16761 accepted.
[1 : mcmc] Progress @ 2025-04-23 18:04:34 : 63538 steps taken, and 16595 accepted.
[0 : mcmc] Progress @ 2025-04-23 18:04:38 : 63754 steps taken, and 16677 accepted.
[2 : mcmc] Progress @ 2025-04-23 18:05:37 : 64223 steps taken, and 16960 accepted.
[3 : mcmc] Progress @ 2025-04-23 18:06:18 : 64324 steps taken, and 16787 accepted.
[1 : mcmc] Progress @ 2025-04-23 18:06:35 : 63616 steps taken, and 16622 accepted.
[3 : mcmc] Learn + convergence test @ 16790 samples accepted.
[3 : mcmc] Ready to check convergence and learn a new proposal covmat (waiting for the rest...)
[0 : mcmc] Progress @ 2025-04-23 18:06:42 : 63838 steps taken, and 16701 accepted.
[2 : mcmc] Progress @ 2025-04-23 18:07:43 : 64313 steps taken, and 16979 accepted.
[3 : mcmc] Progress @ 2025-04-23 18:08:22 : 64403 steps taken, and 16810 accepted.
[1 : mcmc] Progress @ 2025-04-23 18:08:39 : 63707 steps taken, and 16645 accepted.
[0 : mcmc] Progress @ 2025-04-23 18:08:42 : 63950 steps taken, and 16727 accepted.
[2 : mcmc] Progress @ 2025-04-23 18:09:46 : 64403 steps taken, and 16996 accepted.
[3 : mcmc] Progress @ 2025-04-23 18:10:23 : 64493 steps taken, and 16835 accepted.
[1 : mcmc] Progress @ 2025-04-23 18:10:45 : 63793 steps taken, and 16672 accepted.
[0 : mcmc] Progress @ 2025-04-23 18:10:47 : 64038 steps taken, and 16746 accepted.
[2 : mcmc] Learn + convergence test @ 17020 samples accepted.
[2 : mcmc] Ready to check convergence and learn a new proposal covmat (waiting for the rest...)
[2 : mcmc] Progress @ 2025-04-23 18:11:50 : 64498 steps taken, and 17021 accepted.
[3 : mcmc] Progress @ 2025-04-23 18:12:23 : 64578 steps taken, and 16858 accepted.
[1 : mcmc] Progress @ 2025-04-23 18:12:50 : 63905 steps taken, and 16705 accepted.
[0 : mcmc] Progress @ 2025-04-23 18:12:51 : 64127 steps taken, and 16769 accepted.
[2 : mcmc] Progress @ 2025-04-23 18:13:55 : 64583 steps taken, and 17049 accepted.
[0 : mcmc] Learn + convergence test @ 16790 samples accepted.
[0 : mcmc] Ready to check convergence and learn a new proposal covmat (waiting for the rest...)
[0 : mcmc] All chains are ready to check convergence and learn a new proposal covmat
[3 : mcmc] Progress @ 2025-04-23 18:14:29 : 64673 steps taken, and 16885 accepted.
[0 : mcmc]  - Acceptance rate: 0.270 = avg([0.2683, 0.2728, 0.2696, 0.2679])
[0 : mcmc]  - Convergence of means: R-1 = 0.063158 after 67463 accepted steps = sum([16790, 16730, 17057, 16886])
[0 : mcmc]  - Updated covariance matrix of proposal pdf.
[1 : mcmc] Progress @ 2025-04-23 18:14:50 : 64011 steps taken, and 16732 accepted.
[0 : mcmc] Progress @ 2025-04-23 18:14:52 : 64201 steps taken, and 16795 accepted.
[2 : mcmc] Progress @ 2025-04-23 18:15:57 : 64663 steps taken, and 17069 accepted.
[3 : mcmc] Progress @ 2025-04-23 18:16:31 : 64761 steps taken, and 16909 accepted.
[1 : mcmc] Progress @ 2025-04-23 18:16:50 : 64108 steps taken, and 16762 accepted.
[0 : mcmc] Progress @ 2025-04-23 18:16:54 : 64293 steps taken, and 16823 accepted.
[2 : mcmc] Progress @ 2025-04-23 18:17:57 : 64748 steps taken, and 17094 accepted.
[3 : mcmc] Progress @ 2025-04-23 18:18:32 : 64851 steps taken, and 16933 accepted.
[1 : mcmc] Progress @ 2025-04-23 18:18:54 : 64185 steps taken, and 16784 accepted.
[0 : mcmc] Progress @ 2025-04-23 18:18:56 : 64364 steps taken, and 16839 accepted.
[1 : mcmc] Learn + convergence test @ 16790 samples accepted.
[1 : mcmc] Ready to check convergence and learn a new proposal covmat (waiting for the rest...)
[2 : mcmc] Progress @ 2025-04-23 18:20:03 : 64832 steps taken, and 17128 accepted.
[3 : mcmc] Progress @ 2025-04-23 18:20:32 : 64928 steps taken, and 16947 accepted.
[1 : mcmc] Progress @ 2025-04-23 18:20:55 : 64279 steps taken, and 16812 accepted.
[0 : mcmc] Progress @ 2025-04-23 18:20:57 : 64468 steps taken, and 16869 accepted.
[2 : mcmc] Progress @ 2025-04-23 18:22:09 : 64919 steps taken, and 17155 accepted.
[3 : mcmc] Progress @ 2025-04-23 18:22:35 : 65011 steps taken, and 16965 accepted.
[1 : mcmc] Progress @ 2025-04-23 18:22:56 : 64356 steps taken, and 16834 accepted.
[0 : mcmc] Progress @ 2025-04-23 18:22:57 : 64559 steps taken, and 16901 accepted.
[2 : mcmc] Progress @ 2025-04-23 18:24:12 : 65016 steps taken, and 17183 accepted.
[3 : mcmc] Progress @ 2025-04-23 18:24:37 : 65101 steps taken, and 16986 accepted.
[0 : mcmc] Progress @ 2025-04-23 18:24:59 : 64644 steps taken, and 16923 accepted.
[1 : mcmc] Progress @ 2025-04-23 18:24:59 : 64445 steps taken, and 16867 accepted.
[2 : mcmc] Progress @ 2025-04-23 18:26:16 : 65100 steps taken, and 17205 accepted.
[3 : mcmc] Progress @ 2025-04-23 18:26:39 : 65201 steps taken, and 17015 accepted.
[3 : mcmc] Learn + convergence test @ 17020 samples accepted.
[3 : mcmc] Ready to check convergence and learn a new proposal covmat (waiting for the rest...)
[1 : mcmc] Progress @ 2025-04-23 18:27:01 : 64520 steps taken, and 16894 accepted.
[0 : mcmc] Progress @ 2025-04-23 18:27:02 : 64736 steps taken, and 16942 accepted.
[2 : mcmc] Progress @ 2025-04-23 18:28:16 : 65189 steps taken, and 17236 accepted.
[3 : mcmc] Progress @ 2025-04-23 18:28:44 : 65309 steps taken, and 17044 accepted.
[1 : mcmc] Progress @ 2025-04-23 18:29:02 : 64603 steps taken, and 16917 accepted.
[0 : mcmc] Progress @ 2025-04-23 18:29:05 : 64847 steps taken, and 16969 accepted.
[2 : mcmc] Learn + convergence test @ 17250 samples accepted.
[2 : mcmc] Ready to check convergence and learn a new proposal covmat (waiting for the rest...)
[2 : mcmc] Progress @ 2025-04-23 18:30:20 : 65270 steps taken, and 17256 accepted.
[3 : mcmc] Progress @ 2025-04-23 18:30:46 : 65407 steps taken, and 17070 accepted.
[1 : mcmc] Progress @ 2025-04-23 18:31:05 : 64699 steps taken, and 16945 accepted.
[0 : mcmc] Progress @ 2025-04-23 18:31:08 : 64943 steps taken, and 16989 accepted.
[2 : mcmc] Progress @ 2025-04-23 18:32:21 : 65362 steps taken, and 17276 accepted.
[3 : mcmc] Progress @ 2025-04-23 18:32:46 : 65495 steps taken, and 17094 accepted.
[1 : mcmc] Progress @ 2025-04-23 18:33:11 : 64787 steps taken, and 16978 accepted.
[0 : mcmc] Progress @ 2025-04-23 18:33:13 : 65040 steps taken, and 17011 accepted.
[0 : mcmc] Learn + convergence test @ 17020 samples accepted.
[0 : mcmc] Ready to check convergence and learn a new proposal covmat (waiting for the rest...)
[0 : mcmc] All chains are ready to check convergence and learn a new proposal covmat
[0 : mcmc]  - Acceptance rate: 0.270 = avg([0.2678, 0.2742, 0.2705, 0.2678])
[0 : mcmc]  - Convergence of means: R-1 = 0.056239 after 68417 accepted steps = sum([17020, 16988, 17295, 17114])
[0 : mcmc]  - Updated covariance matrix of proposal pdf.
[2 : mcmc] Progress @ 2025-04-23 18:34:26 : 65434 steps taken, and 17297 accepted.
[3 : mcmc] Progress @ 2025-04-23 18:34:49 : 65585 steps taken, and 17125 accepted.
[1 : mcmc] Progress @ 2025-04-23 18:35:12 : 64870 steps taken, and 16999 accepted.
[0 : mcmc] Progress @ 2025-04-23 18:35:14 : 65099 steps taken, and 17027 accepted.
[2 : mcmc] Progress @ 2025-04-23 18:36:31 : 65523 steps taken, and 17318 accepted.
[3 : mcmc] Progress @ 2025-04-23 18:36:50 : 65670 steps taken, and 17145 accepted.
[1 : mcmc] Progress @ 2025-04-23 18:37:16 : 64949 steps taken, and 17018 accepted.
[0 : mcmc] Progress @ 2025-04-23 18:37:20 : 65198 steps taken, and 17039 accepted.
[1 : mcmc] Learn + convergence test @ 17020 samples accepted.
[1 : mcmc] Ready to check convergence and learn a new proposal covmat (waiting for the rest...)
[2 : mcmc] Progress @ 2025-04-23 18:38:37 : 65633 steps taken, and 17348 accepted.
[3 : mcmc] Progress @ 2025-04-23 18:38:51 : 65753 steps taken, and 17171 accepted.
[1 : mcmc] Progress @ 2025-04-23 18:39:18 : 65045 steps taken, and 17040 accepted.
[0 : mcmc] Progress @ 2025-04-23 18:39:20 : 65278 steps taken, and 17065 accepted.
[2 : mcmc] Progress @ 2025-04-23 18:40:42 : 65734 steps taken, and 17380 accepted.
[3 : mcmc] Progress @ 2025-04-23 18:40:57 : 65855 steps taken, and 17201 accepted.
[0 : mcmc] Progress @ 2025-04-23 18:41:21 : 65366 steps taken, and 17093 accepted.
[1 : mcmc] Progress @ 2025-04-23 18:41:21 : 65153 steps taken, and 17060 accepted.
[2 : mcmc] Progress @ 2025-04-23 18:42:42 : 65825 steps taken, and 17408 accepted.
[3 : mcmc] Progress @ 2025-04-23 18:42:57 : 65939 steps taken, and 17230 accepted.
[0 : mcmc] Progress @ 2025-04-23 18:43:21 : 65447 steps taken, and 17110 accepted.
[1 : mcmc] Progress @ 2025-04-23 18:43:21 : 65245 steps taken, and 17083 accepted.
[2 : mcmc] Progress @ 2025-04-23 18:44:44 : 65910 steps taken, and 17428 accepted.
[3 : mcmc] Progress @ 2025-04-23 18:45:00 : 66020 steps taken, and 17248 accepted.
[3 : mcmc] Learn + convergence test @ 17250 samples accepted.
[3 : mcmc] Ready to check convergence and learn a new proposal covmat (waiting for the rest...)
[0 : mcmc] Progress @ 2025-04-23 18:45:21 : 65546 steps taken, and 17134 accepted.
[1 : mcmc] Progress @ 2025-04-23 18:45:22 : 65346 steps taken, and 17104 accepted.
[2 : mcmc] Progress @ 2025-04-23 18:46:44 : 65991 steps taken, and 17452 accepted.
[3 : mcmc] Progress @ 2025-04-23 18:47:06 : 66143 steps taken, and 17275 accepted.
[0 : mcmc] Progress @ 2025-04-23 18:47:25 : 65623 steps taken, and 17156 accepted.
[1 : mcmc] Progress @ 2025-04-23 18:47:26 : 65432 steps taken, and 17124 accepted.
[2 : mcmc] Progress @ 2025-04-23 18:48:50 : 66080 steps taken, and 17468 accepted.
[3 : mcmc] Progress @ 2025-04-23 18:49:10 : 66247 steps taken, and 17304 accepted.
[0 : mcmc] Progress @ 2025-04-23 18:49:26 : 65700 steps taken, and 17179 accepted.
[1 : mcmc] Progress @ 2025-04-23 18:49:27 : 65529 steps taken, and 17150 accepted.
[2 : mcmc] Learn + convergence test @ 17480 samples accepted.
[2 : mcmc] Ready to check convergence and learn a new proposal covmat (waiting for the rest...)
[2 : mcmc] Progress @ 2025-04-23 18:50:51 : 66168 steps taken, and 17482 accepted.
[3 : mcmc] Progress @ 2025-04-23 18:51:10 : 66328 steps taken, and 17333 accepted.
[1 : mcmc] Progress @ 2025-04-23 18:51:30 : 65624 steps taken, and 17180 accepted.
[0 : mcmc] Progress @ 2025-04-23 18:51:30 : 65799 steps taken, and 17208 accepted.
[2 : mcmc] Progress @ 2025-04-23 18:52:54 : 66254 steps taken, and 17506 accepted.
[3 : mcmc] Progress @ 2025-04-23 18:53:15 : 66412 steps taken, and 17356 accepted.
[1 : mcmc] Progress @ 2025-04-23 18:53:31 : 65708 steps taken, and 17214 accepted.
[0 : mcmc] Progress @ 2025-04-23 18:53:32 : 65885 steps taken, and 17230 accepted.
[2 : mcmc] Progress @ 2025-04-23 18:55:00 : 66348 steps taken, and 17537 accepted.
[3 : mcmc] Progress @ 2025-04-23 18:55:17 : 66528 steps taken, and 17394 accepted.
[0 : mcmc] Learn + convergence test @ 17250 samples accepted.
[0 : mcmc] Ready to check convergence and learn a new proposal covmat (waiting for the rest...)
[0 : mcmc] All chains are ready to check convergence and learn a new proposal covmat
[1 : mcmc] Progress @ 2025-04-23 18:55:31 : 65790 steps taken, and 17236 accepted.
[0 : mcmc]  - Acceptance rate: 0.270 = avg([0.2674, 0.2730, 0.2701, 0.2682])
[0 : mcmc]  - Convergence of means: R-1 = 0.061015 after 69425 accepted steps = sum([17250, 17237, 17541, 17397])
[0 : mcmc]  - Updated covariance matrix of proposal pdf.
[0 : mcmc] Progress @ 2025-04-23 18:55:49 : 65963 steps taken, and 17250 accepted.
[2 : mcmc] Progress @ 2025-04-23 18:57:02 : 66438 steps taken, and 17553 accepted.
[1 : mcmc] Learn + convergence test @ 17250 samples accepted.
[1 : mcmc] Ready to check convergence and learn a new proposal covmat (waiting for the rest...)
[3 : mcmc] Progress @ 2025-04-23 18:57:20 : 66594 steps taken, and 17414 accepted.
[1 : mcmc] Progress @ 2025-04-23 18:57:31 : 65878 steps taken, and 17257 accepted.
[0 : mcmc] Progress @ 2025-04-23 18:57:51 : 66045 steps taken, and 17272 accepted.
[2 : mcmc] Progress @ 2025-04-23 18:59:03 : 66508 steps taken, and 17567 accepted.
[3 : mcmc] Progress @ 2025-04-23 18:59:23 : 66708 steps taken, and 17436 accepted.
[1 : mcmc] Progress @ 2025-04-23 18:59:31 : 65949 steps taken, and 17280 accepted.
[0 : mcmc] Progress @ 2025-04-23 18:59:52 : 66131 steps taken, and 17300 accepted.
[2 : mcmc] Progress @ 2025-04-23 19:01:08 : 66603 steps taken, and 17592 accepted.
[3 : mcmc] Progress @ 2025-04-23 19:01:23 : 66803 steps taken, and 17461 accepted.
[1 : mcmc] Progress @ 2025-04-23 19:01:36 : 66042 steps taken, and 17307 accepted.
[0 : mcmc] Progress @ 2025-04-23 19:01:52 : 66213 steps taken, and 17322 accepted.
[3 : mcmc] Learn + convergence test @ 17480 samples accepted.
[3 : mcmc] Ready to check convergence and learn a new proposal covmat (waiting for the rest...)
[2 : mcmc] Progress @ 2025-04-23 19:03:10 : 66716 steps taken, and 17617 accepted.
[3 : mcmc] Progress @ 2025-04-23 19:03:23 : 66900 steps taken, and 17490 accepted.
[1 : mcmc] Progress @ 2025-04-23 19:03:38 : 66129 steps taken, and 17334 accepted.
[0 : mcmc] Progress @ 2025-04-23 19:03:52 : 66315 steps taken, and 17348 accepted.
[2 : mcmc] Progress @ 2025-04-23 19:05:14 : 66809 steps taken, and 17648 accepted.
[3 : mcmc] Progress @ 2025-04-23 19:05:28 : 66980 steps taken, and 17520 accepted.
[1 : mcmc] Progress @ 2025-04-23 19:05:39 : 66252 steps taken, and 17365 accepted.
[0 : mcmc] Progress @ 2025-04-23 19:05:58 : 66426 steps taken, and 17370 accepted.
[2 : mcmc] Progress @ 2025-04-23 19:07:16 : 66900 steps taken, and 17683 accepted.
[3 : mcmc] Progress @ 2025-04-23 19:07:33 : 67080 steps taken, and 17546 accepted.
[1 : mcmc] Progress @ 2025-04-23 19:07:39 : 66347 steps taken, and 17390 accepted.
[0 : mcmc] Progress @ 2025-04-23 19:08:01 : 66520 steps taken, and 17391 accepted.
[2 : mcmc] Progress @ 2025-04-23 19:09:16 : 66985 steps taken, and 17702 accepted.
[3 : mcmc] Progress @ 2025-04-23 19:09:37 : 67182 steps taken, and 17570 accepted.
[1 : mcmc] Progress @ 2025-04-23 19:09:39 : 66459 steps taken, and 17408 accepted.
[2 : mcmc] Learn + convergence test @ 17710 samples accepted.
[2 : mcmc] Ready to check convergence and learn a new proposal covmat (waiting for the rest...)
[0 : mcmc] Progress @ 2025-04-23 19:10:06 : 66616 steps taken, and 17417 accepted.
[2 : mcmc] Progress @ 2025-04-23 19:11:18 : 67073 steps taken, and 17722 accepted.
[3 : mcmc] Progress @ 2025-04-23 19:11:39 : 67262 steps taken, and 17596 accepted.
[1 : mcmc] Progress @ 2025-04-23 19:11:39 : 66539 steps taken, and 17430 accepted.
[0 : mcmc] Progress @ 2025-04-23 19:12:09 : 66727 steps taken, and 17445 accepted.
[2 : mcmc] Progress @ 2025-04-23 19:13:18 : 67160 steps taken, and 17751 accepted.
[1 : mcmc] Progress @ 2025-04-23 19:13:40 : 66616 steps taken, and 17459 accepted.
[3 : mcmc] Progress @ 2025-04-23 19:13:44 : 67346 steps taken, and 17618 accepted.
[0 : mcmc] Learn + convergence test @ 17480 samples accepted.
[0 : mcmc] Ready to check convergence and learn a new proposal covmat (waiting for the rest...)
[0 : mcmc] All chains are ready to check convergence and learn a new proposal covmat
[0 : mcmc]  - Acceptance rate: 0.270 = avg([0.2675, 0.2728, 0.2700, 0.2685])
[0 : mcmc]  - Convergence of means: R-1 = 0.057681 after 70341 accepted steps = sum([17480, 17471, 17767, 17623])
[0 : mcmc]  - Updated covariance matrix of proposal pdf.
[0 : mcmc] Progress @ 2025-04-23 19:14:22 : 66821 steps taken, and 17480 accepted.
[1 : mcmc] Learn + convergence test @ 17480 samples accepted.
[1 : mcmc] Ready to check convergence and learn a new proposal covmat (waiting for the rest...)
[2 : mcmc] Progress @ 2025-04-23 19:15:20 : 67249 steps taken, and 17781 accepted.
[1 : mcmc] Progress @ 2025-04-23 19:15:43 : 66709 steps taken, and 17487 accepted.
[3 : mcmc] Progress @ 2025-04-23 19:15:47 : 67422 steps taken, and 17632 accepted.
[0 : mcmc] Progress @ 2025-04-23 19:16:28 : 66903 steps taken, and 17504 accepted.
[2 : mcmc] Progress @ 2025-04-23 19:17:20 : 67332 steps taken, and 17808 accepted.
[1 : mcmc] Progress @ 2025-04-23 19:17:44 : 66798 steps taken, and 17503 accepted.
[3 : mcmc] Progress @ 2025-04-23 19:17:47 : 67514 steps taken, and 17662 accepted.
[0 : mcmc] Progress @ 2025-04-23 19:18:30 : 66991 steps taken, and 17532 accepted.
[2 : mcmc] Progress @ 2025-04-23 19:19:20 : 67444 steps taken, and 17835 accepted.
[1 : mcmc] Progress @ 2025-04-23 19:19:47 : 66875 steps taken, and 17519 accepted.
[3 : mcmc] Progress @ 2025-04-23 19:19:53 : 67595 steps taken, and 17681 accepted.
[0 : mcmc] Progress @ 2025-04-23 19:20:32 : 67074 steps taken, and 17560 accepted.
[2 : mcmc] Progress @ 2025-04-23 19:21:24 : 67542 steps taken, and 17854 accepted.
[1 : mcmc] Progress @ 2025-04-23 19:21:49 : 67009 steps taken, and 17537 accepted.
[3 : mcmc] Progress @ 2025-04-23 19:21:53 : 67685 steps taken, and 17704 accepted.
[3 : mcmc] Learn + convergence test @ 17710 samples accepted.
[3 : mcmc] Ready to check convergence and learn a new proposal covmat (waiting for the rest...)
[0 : mcmc] Progress @ 2025-04-23 19:22:33 : 67163 steps taken, and 17584 accepted.
[2 : mcmc] Progress @ 2025-04-23 19:23:24 : 67624 steps taken, and 17880 accepted.
[1 : mcmc] Progress @ 2025-04-23 19:23:52 : 67107 steps taken, and 17563 accepted.
[3 : mcmc] Progress @ 2025-04-23 19:23:55 : 67780 steps taken, and 17729 accepted.
[0 : mcmc] Progress @ 2025-04-23 19:24:36 : 67253 steps taken, and 17617 accepted.
[2 : mcmc] Progress @ 2025-04-23 19:25:29 : 67715 steps taken, and 17906 accepted.
[1 : mcmc] Progress @ 2025-04-23 19:25:54 : 67211 steps taken, and 17581 accepted.
[3 : mcmc] Progress @ 2025-04-23 19:25:55 : 67875 steps taken, and 17757 accepted.
[0 : mcmc] Progress @ 2025-04-23 19:26:38 : 67342 steps taken, and 17646 accepted.
[2 : mcmc] Learn + convergence test @ 17940 samples accepted.
[2 : mcmc] Ready to check convergence and learn a new proposal covmat (waiting for the rest...)
[2 : mcmc] Progress @ 2025-04-23 19:27:29 : 67801 steps taken, and 17941 accepted.
[1 : mcmc] Progress @ 2025-04-23 19:27:57 : 67308 steps taken, and 17616 accepted.
[3 : mcmc] Progress @ 2025-04-23 19:28:00 : 67960 steps taken, and 17782 accepted.
[0 : mcmc] Progress @ 2025-04-23 19:28:40 : 67425 steps taken, and 17670 accepted.
[2 : mcmc] Progress @ 2025-04-23 19:29:31 : 67916 steps taken, and 17972 accepted.
[1 : mcmc] Progress @ 2025-04-23 19:29:57 : 67392 steps taken, and 17638 accepted.
[3 : mcmc] Progress @ 2025-04-23 19:30:00 : 68052 steps taken, and 17808 accepted.
[0 : mcmc] Progress @ 2025-04-23 19:30:46 : 67509 steps taken, and 17684 accepted.
[2 : mcmc] Progress @ 2025-04-23 19:31:32 : 68006 steps taken, and 17991 accepted.
[1 : mcmc] Progress @ 2025-04-23 19:32:01 : 67476 steps taken, and 17666 accepted.
[3 : mcmc] Progress @ 2025-04-23 19:32:04 : 68139 steps taken, and 17829 accepted.
[0 : mcmc] Learn + convergence test @ 17710 samples accepted.
[0 : mcmc] Ready to check convergence and learn a new proposal covmat (waiting for the rest...)
[0 : mcmc] All chains are ready to check convergence and learn a new proposal covmat
[0 : mcmc]  - Acceptance rate: 0.270 = avg([0.2683, 0.2719, 0.2703, 0.2683])
[0 : mcmc]  - Convergence of means: R-1 = 0.052774 after 71231 accepted steps = sum([17710, 17677, 18006, 17838])
[0 : mcmc]  - Updated covariance matrix of proposal pdf.
[0 : mcmc] Progress @ 2025-04-23 19:33:02 : 67594 steps taken, and 17710 accepted.
[2 : mcmc] Progress @ 2025-04-23 19:33:35 : 68092 steps taken, and 18010 accepted.
[3 : mcmc] Progress @ 2025-04-23 19:34:04 : 68213 steps taken, and 17848 accepted.
[1 : mcmc] Progress @ 2025-04-23 19:34:05 : 67562 steps taken, and 17693 accepted.
[0 : mcmc] Progress @ 2025-04-23 19:35:07 : 67688 steps taken, and 17737 accepted.
[2 : mcmc] Progress @ 2025-04-23 19:35:38 : 68181 steps taken, and 18033 accepted.
[1 : mcmc] Learn + convergence test @ 17710 samples accepted.
[1 : mcmc] Ready to check convergence and learn a new proposal covmat (waiting for the rest...)
[3 : mcmc] Progress @ 2025-04-23 19:36:04 : 68301 steps taken, and 17868 accepted.
[1 : mcmc] Progress @ 2025-04-23 19:36:08 : 67647 steps taken, and 17710 accepted.
[0 : mcmc] Progress @ 2025-04-23 19:37:07 : 67765 steps taken, and 17758 accepted.
[2 : mcmc] Progress @ 2025-04-23 19:37:40 : 68270 steps taken, and 18061 accepted.
[3 : mcmc] Progress @ 2025-04-23 19:38:07 : 68388 steps taken, and 17899 accepted.
[1 : mcmc] Progress @ 2025-04-23 19:38:14 : 67748 steps taken, and 17734 accepted.
[0 : mcmc] Progress @ 2025-04-23 19:39:08 : 67864 steps taken, and 17787 accepted.
[2 : mcmc] Progress @ 2025-04-23 19:39:42 : 68349 steps taken, and 18091 accepted.
[3 : mcmc] Progress @ 2025-04-23 19:40:07 : 68501 steps taken, and 17927 accepted.
[1 : mcmc] Progress @ 2025-04-23 19:40:17 : 67826 steps taken, and 17755 accepted.
[3 : mcmc] Learn + convergence test @ 17940 samples accepted.
[3 : mcmc] Ready to check convergence and learn a new proposal covmat (waiting for the rest...)
[0 : mcmc] Progress @ 2025-04-23 19:41:11 : 67953 steps taken, and 17817 accepted.
[2 : mcmc] Progress @ 2025-04-23 19:41:46 : 68438 steps taken, and 18117 accepted.
[3 : mcmc] Progress @ 2025-04-23 19:42:08 : 68611 steps taken, and 17957 accepted.
[1 : mcmc] Progress @ 2025-04-23 19:42:19 : 67909 steps taken, and 17782 accepted.
[0 : mcmc] Progress @ 2025-04-23 19:43:14 : 68039 steps taken, and 17848 accepted.
[2 : mcmc] Progress @ 2025-04-23 19:43:50 : 68531 steps taken, and 18146 accepted.
[3 : mcmc] Progress @ 2025-04-23 19:44:11 : 68703 steps taken, and 17979 accepted.
[1 : mcmc] Progress @ 2025-04-23 19:44:23 : 68004 steps taken, and 17806 accepted.
[0 : mcmc] Progress @ 2025-04-23 19:45:18 : 68125 steps taken, and 17878 accepted.
[2 : mcmc] Learn + convergence test @ 18170 samples accepted.
[2 : mcmc] Ready to check convergence and learn a new proposal covmat (waiting for the rest...)
[2 : mcmc] Progress @ 2025-04-23 19:45:53 : 68621 steps taken, and 18177 accepted.
[3 : mcmc] Progress @ 2025-04-23 19:46:11 : 68785 steps taken, and 18007 accepted.
[1 : mcmc] Progress @ 2025-04-23 19:46:24 : 68093 steps taken, and 17831 accepted.
[0 : mcmc] Progress @ 2025-04-23 19:47:22 : 68217 steps taken, and 17905 accepted.
[2 : mcmc] Progress @ 2025-04-23 19:47:55 : 68697 steps taken, and 18190 accepted.
[3 : mcmc] Progress @ 2025-04-23 19:48:17 : 68882 steps taken, and 18039 accepted.
[1 : mcmc] Progress @ 2025-04-23 19:48:24 : 68184 steps taken, and 17861 accepted.
[0 : mcmc] Progress @ 2025-04-23 19:49:28 : 68298 steps taken, and 17929 accepted.
[2 : mcmc] Progress @ 2025-04-23 19:49:57 : 68791 steps taken, and 18218 accepted.
[3 : mcmc] Progress @ 2025-04-23 19:50:18 : 68960 steps taken, and 18059 accepted.
[0 : mcmc] Learn + convergence test @ 17940 samples accepted.
[0 : mcmc] Ready to check convergence and learn a new proposal covmat (waiting for the rest...)
[0 : mcmc] All chains are ready to check convergence and learn a new proposal covmat
[1 : mcmc] Progress @ 2025-04-23 19:50:28 : 68253 steps taken, and 17878 accepted.
[0 : mcmc]  - Acceptance rate: 0.270 = avg([0.2694, 0.2718, 0.2704, 0.2687])
[0 : mcmc]  - Convergence of means: R-1 = 0.049476 after 72101 accepted steps = sum([17940, 17879, 18221, 18061])
[0 : mcmc]  - Updated covariance matrix of proposal pdf.
[0 : mcmc] Progress @ 2025-04-23 19:51:29 : 68376 steps taken, and 17951 accepted.
[2 : mcmc] Progress @ 2025-04-23 19:51:57 : 68892 steps taken, and 18234 accepted.
[3 : mcmc] Progress @ 2025-04-23 19:52:19 : 69046 steps taken, and 18083 accepted.
[1 : mcmc] Progress @ 2025-04-23 19:52:28 : 68338 steps taken, and 17908 accepted.
[0 : mcmc] Progress @ 2025-04-23 19:53:31 : 68470 steps taken, and 17979 accepted.
[2 : mcmc] Progress @ 2025-04-23 19:53:58 : 68964 steps taken, and 18255 accepted.
[3 : mcmc] Progress @ 2025-04-23 19:54:20 : 69146 steps taken, and 18112 accepted.
[1 : mcmc] Progress @ 2025-04-23 19:54:28 : 68428 steps taken, and 17929 accepted.
[1 : mcmc] Learn + convergence test @ 17940 samples accepted.
[1 : mcmc] Ready to check convergence and learn a new proposal covmat (waiting for the rest...)
[0 : mcmc] Progress @ 2025-04-23 19:55:32 : 68555 steps taken, and 18013 accepted.
[2 : mcmc] Progress @ 2025-04-23 19:56:00 : 69059 steps taken, and 18288 accepted.
[3 : mcmc] Progress @ 2025-04-23 19:56:21 : 69228 steps taken, and 18131 accepted.
[1 : mcmc] Progress @ 2025-04-23 19:56:33 : 68558 steps taken, and 17963 accepted.
[0 : mcmc] Progress @ 2025-04-23 19:57:32 : 68633 steps taken, and 18029 accepted.
[2 : mcmc] Progress @ 2025-04-23 19:58:02 : 69146 steps taken, and 18319 accepted.
[3 : mcmc] Progress @ 2025-04-23 19:58:25 : 69313 steps taken, and 18155 accepted.
[1 : mcmc] Progress @ 2025-04-23 19:58:33 : 68633 steps taken, and 17982 accepted.
[0 : mcmc] Progress @ 2025-04-23 19:59:38 : 68723 steps taken, and 18057 accepted.
[3 : mcmc] Learn + convergence test @ 18170 samples accepted.
[3 : mcmc] Ready to check convergence and learn a new proposal covmat (waiting for the rest...)
[2 : mcmc] Progress @ 2025-04-23 20:00:03 : 69226 steps taken, and 18345 accepted.
[3 : mcmc] Progress @ 2025-04-23 20:00:29 : 69408 steps taken, and 18179 accepted.
[1 : mcmc] Progress @ 2025-04-23 20:00:37 : 68723 steps taken, and 18006 accepted.
[0 : mcmc] Progress @ 2025-04-23 20:01:43 : 68807 steps taken, and 18080 accepted.
[2 : mcmc] Progress @ 2025-04-23 20:02:05 : 69316 steps taken, and 18372 accepted.
[3 : mcmc] Progress @ 2025-04-23 20:02:33 : 69489 steps taken, and 18206 accepted.
[1 : mcmc] Progress @ 2025-04-23 20:02:38 : 68827 steps taken, and 18036 accepted.
[2 : mcmc] Learn + convergence test @ 18400 samples accepted.
[2 : mcmc] Ready to check convergence and learn a new proposal covmat (waiting for the rest...)
[0 : mcmc] Progress @ 2025-04-23 20:03:49 : 68894 steps taken, and 18107 accepted.
[2 : mcmc] Progress @ 2025-04-23 20:04:05 : 69414 steps taken, and 18403 accepted.
[3 : mcmc] Progress @ 2025-04-23 20:04:38 : 69576 steps taken, and 18234 accepted.
[1 : mcmc] Progress @ 2025-04-23 20:04:41 : 68911 steps taken, and 18063 accepted.
[0 : mcmc] Progress @ 2025-04-23 20:05:51 : 68984 steps taken, and 18131 accepted.
[2 : mcmc] Progress @ 2025-04-23 20:06:06 : 69499 steps taken, and 18423 accepted.
[3 : mcmc] Progress @ 2025-04-23 20:06:38 : 69677 steps taken, and 18267 accepted.
[1 : mcmc] Progress @ 2025-04-23 20:06:42 : 69014 steps taken, and 18093 accepted.
[0 : mcmc] Progress @ 2025-04-23 20:07:52 : 69055 steps taken, and 18154 accepted.
[2 : mcmc] Progress @ 2025-04-23 20:08:10 : 69579 steps taken, and 18444 accepted.
[3 : mcmc] Progress @ 2025-04-23 20:08:44 : 69759 steps taken, and 18292 accepted.
[1 : mcmc] Progress @ 2025-04-23 20:08:44 : 69098 steps taken, and 18117 accepted.
[0 : mcmc] Learn + convergence test @ 18170 samples accepted.
[0 : mcmc] Ready to check convergence and learn a new proposal covmat (waiting for the rest...)
[0 : mcmc] All chains are ready to check convergence and learn a new proposal covmat
[0 : mcmc]  - Acceptance rate: 0.271 = avg([0.2703, 0.2725, 0.2708, 0.2685])
[0 : mcmc]  - Convergence of means: R-1 = 0.050370 after 73037 accepted steps = sum([18170, 18121, 18450, 18296])
[0 : mcmc]  - Updated covariance matrix of proposal pdf.
[0 : mcmc] Progress @ 2025-04-23 20:09:53 : 69131 steps taken, and 18176 accepted.
[2 : mcmc] Progress @ 2025-04-23 20:10:11 : 69657 steps taken, and 18462 accepted.
[3 : mcmc] Progress @ 2025-04-23 20:10:46 : 69837 steps taken, and 18313 accepted.
[1 : mcmc] Progress @ 2025-04-23 20:10:46 : 69190 steps taken, and 18139 accepted.
[0 : mcmc] Progress @ 2025-04-23 20:11:55 : 69215 steps taken, and 18199 accepted.
[2 : mcmc] Progress @ 2025-04-23 20:12:11 : 69735 steps taken, and 18484 accepted.
[1 : mcmc] Progress @ 2025-04-23 20:12:49 : 69285 steps taken, and 18168 accepted.
[3 : mcmc] Progress @ 2025-04-23 20:12:51 : 69930 steps taken, and 18342 accepted.
[1 : mcmc] Learn + convergence test @ 18170 samples accepted.
[1 : mcmc] Ready to check convergence and learn a new proposal covmat (waiting for the rest...)
[0 : mcmc] Progress @ 2025-04-23 20:13:55 : 69307 steps taken, and 18221 accepted.
[2 : mcmc] Progress @ 2025-04-23 20:14:12 : 69837 steps taken, and 18510 accepted.
[1 : mcmc] Progress @ 2025-04-23 20:14:52 : 69382 steps taken, and 18195 accepted.
[3 : mcmc] Progress @ 2025-04-23 20:14:55 : 70022 steps taken, and 18369 accepted.
[0 : mcmc] Progress @ 2025-04-23 20:15:59 : 69393 steps taken, and 18256 accepted.
[2 : mcmc] Progress @ 2025-04-23 20:16:14 : 69912 steps taken, and 18534 accepted.
[3 : mcmc] Progress @ 2025-04-23 20:16:56 : 70107 steps taken, and 18398 accepted.
[1 : mcmc] Progress @ 2025-04-23 20:16:57 : 69466 steps taken, and 18223 accepted.
[3 : mcmc] Learn + convergence test @ 18400 samples accepted.
[3 : mcmc] Ready to check convergence and learn a new proposal covmat (waiting for the rest...)
[0 : mcmc] Progress @ 2025-04-23 20:18:04 : 69490 steps taken, and 18279 accepted.
[2 : mcmc] Progress @ 2025-04-23 20:18:14 : 69998 steps taken, and 18553 accepted.
[3 : mcmc] Progress @ 2025-04-23 20:18:57 : 70194 steps taken, and 18419 accepted.
[1 : mcmc] Progress @ 2025-04-23 20:18:58 : 69561 steps taken, and 18243 accepted.
[0 : mcmc] Progress @ 2025-04-23 20:20:09 : 69577 steps taken, and 18304 accepted.
[2 : mcmc] Progress @ 2025-04-23 20:20:18 : 70081 steps taken, and 18583 accepted.
[1 : mcmc] Progress @ 2025-04-23 20:20:58 : 69678 steps taken, and 18264 accepted.
[3 : mcmc] Progress @ 2025-04-23 20:21:01 : 70280 steps taken, and 18444 accepted.
[0 : mcmc] Progress @ 2025-04-23 20:22:14 : 69660 steps taken, and 18327 accepted.
[2 : mcmc] Progress @ 2025-04-23 20:22:18 : 70165 steps taken, and 18607 accepted.
[1 : mcmc] Progress @ 2025-04-23 20:23:00 : 69775 steps taken, and 18290 accepted.
[3 : mcmc] Progress @ 2025-04-23 20:23:06 : 70385 steps taken, and 18462 accepted.
[2 : mcmc] Learn + convergence test @ 18630 samples accepted.
[2 : mcmc] Ready to check convergence and learn a new proposal covmat (waiting for the rest...)
[2 : mcmc] Progress @ 2025-04-23 20:24:19 : 70251 steps taken, and 18631 accepted.
[0 : mcmc] Progress @ 2025-04-23 20:24:20 : 69757 steps taken, and 18351 accepted.
[1 : mcmc] Progress @ 2025-04-23 20:25:06 : 69864 steps taken, and 18318 accepted.
[3 : mcmc] Progress @ 2025-04-23 20:25:08 : 70472 steps taken, and 18488 accepted.
[2 : mcmc] Progress @ 2025-04-23 20:26:21 : 70328 steps taken, and 18654 accepted.
[0 : mcmc] Progress @ 2025-04-23 20:26:22 : 69849 steps taken, and 18380 accepted.
[3 : mcmc] Progress @ 2025-04-23 20:27:08 : 70557 steps taken, and 18510 accepted.
[1 : mcmc] Progress @ 2025-04-23 20:27:09 : 69948 steps taken, and 18341 accepted.
[0 : mcmc] Learn + convergence test @ 18400 samples accepted.
[0 : mcmc] Ready to check convergence and learn a new proposal covmat (waiting for the rest...)
[0 : mcmc] All chains are ready to check convergence and learn a new proposal covmat
[0 : mcmc]  - Acceptance rate: 0.271 = avg([0.2707, 0.2724, 0.2709, 0.2687])
[0 : mcmc]  - Convergence of means: R-1 = 0.048125 after 73944 accepted steps = sum([18400, 18349, 18673, 18522])
[0 : mcmc]  - Updated covariance matrix of proposal pdf.
[2 : mcmc] Progress @ 2025-04-23 20:28:22 : 70408 steps taken, and 18678 accepted.
[0 : mcmc] Progress @ 2025-04-23 20:28:23 : 69921 steps taken, and 18404 accepted.
[3 : mcmc] Progress @ 2025-04-23 20:29:10 : 70661 steps taken, and 18546 accepted.
[1 : mcmc] Progress @ 2025-04-23 20:29:13 : 70027 steps taken, and 18365 accepted.
[2 : mcmc] Progress @ 2025-04-23 20:30:26 : 70496 steps taken, and 18699 accepted.
[0 : mcmc] Progress @ 2025-04-23 20:30:26 : 70018 steps taken, and 18427 accepted.
[3 : mcmc] Progress @ 2025-04-23 20:31:13 : 70750 steps taken, and 18562 accepted.
[1 : mcmc] Progress @ 2025-04-23 20:31:15 : 70111 steps taken, and 18387 accepted.
[2 : mcmc] Progress @ 2025-04-23 20:32:27 : 70578 steps taken, and 18722 accepted.
[0 : mcmc] Progress @ 2025-04-23 20:32:30 : 70105 steps taken, and 18456 accepted.
[1 : mcmc] Learn + convergence test @ 18400 samples accepted.
[1 : mcmc] Ready to check convergence and learn a new proposal covmat (waiting for the rest...)
[1 : mcmc] Progress @ 2025-04-23 20:33:15 : 70205 steps taken, and 18407 accepted.
[3 : mcmc] Progress @ 2025-04-23 20:33:17 : 70840 steps taken, and 18589 accepted.
[2 : mcmc] Progress @ 2025-04-23 20:34:28 : 70684 steps taken, and 18757 accepted.
[0 : mcmc] Progress @ 2025-04-23 20:34:30 : 70199 steps taken, and 18484 accepted.
[1 : mcmc] Progress @ 2025-04-23 20:35:16 : 70280 steps taken, and 18428 accepted.
[3 : mcmc] Progress @ 2025-04-23 20:35:19 : 70923 steps taken, and 18616 accepted.
[2 : mcmc] Progress @ 2025-04-23 20:36:28 : 70774 steps taken, and 18782 accepted.
[0 : mcmc] Progress @ 2025-04-23 20:36:33 : 70281 steps taken, and 18513 accepted.
[3 : mcmc] Learn + convergence test @ 18630 samples accepted.
[3 : mcmc] Ready to check convergence and learn a new proposal covmat (waiting for the rest...)
[1 : mcmc] Progress @ 2025-04-23 20:37:21 : 70376 steps taken, and 18458 accepted.
[3 : mcmc] Progress @ 2025-04-23 20:37:25 : 71012 steps taken, and 18648 accepted.
[2 : mcmc] Progress @ 2025-04-23 20:38:32 : 70864 steps taken, and 18808 accepted.
[0 : mcmc] Progress @ 2025-04-23 20:38:33 : 70375 steps taken, and 18540 accepted.
[1 : mcmc] Progress @ 2025-04-23 20:39:25 : 70460 steps taken, and 18473 accepted.
[3 : mcmc] Progress @ 2025-04-23 20:39:26 : 71097 steps taken, and 18663 accepted.
[2 : mcmc] Progress @ 2025-04-23 20:40:32 : 70957 steps taken, and 18840 accepted.
[0 : mcmc] Progress @ 2025-04-23 20:40:38 : 70455 steps taken, and 18568 accepted.
[1 : mcmc] Progress @ 2025-04-23 20:41:26 : 70554 steps taken, and 18495 accepted.
[3 : mcmc] Progress @ 2025-04-23 20:41:26 : 71184 steps taken, and 18686 accepted.
[2 : mcmc] Learn + convergence test @ 18860 samples accepted.
[2 : mcmc] Ready to check convergence and learn a new proposal covmat (waiting for the rest...)
[2 : mcmc] Progress @ 2025-04-23 20:42:33 : 71046 steps taken, and 18866 accepted.
[0 : mcmc] Progress @ 2025-04-23 20:42:39 : 70548 steps taken, and 18590 accepted.
[3 : mcmc] Progress @ 2025-04-23 20:43:27 : 71266 steps taken, and 18711 accepted.
[1 : mcmc] Progress @ 2025-04-23 20:43:29 : 70661 steps taken, and 18516 accepted.
[2 : mcmc] Progress @ 2025-04-23 20:44:34 : 71146 steps taken, and 18894 accepted.
[0 : mcmc] Progress @ 2025-04-23 20:44:44 : 70631 steps taken, and 18612 accepted.
[3 : mcmc] Progress @ 2025-04-23 20:45:28 : 71351 steps taken, and 18738 accepted.
[1 : mcmc] Progress @ 2025-04-23 20:45:30 : 70764 steps taken, and 18539 accepted.
[0 : mcmc] Learn + convergence test @ 18630 samples accepted.
[0 : mcmc] Ready to check convergence and learn a new proposal covmat (waiting for the rest...)
[0 : mcmc] All chains are ready to check convergence and learn a new proposal covmat
[2 : mcmc] Progress @ 2025-04-23 20:46:35 : 71253 steps taken, and 18927 accepted.
[0 : mcmc]  - Acceptance rate: 0.271 = avg([0.2712, 0.2714, 0.2717, 0.2695])
[0 : mcmc]  - Convergence of means: R-1 = 0.047911 after 74870 accepted steps = sum([18630, 18554, 18927, 18759])
[0 : mcmc]  - Convergence of bounds: R-1 = 0.136875 after 74870 accepted steps = sum([18630, 18554, 18927, 18759])
[0 : mcmc] The run has converged!
[0 : mcmc] Sampling complete after 74870 accepted steps.
[0m[0m[0m[0m
------------------------------------------------------------
Sender: LSF System <lsfadmin@jlab07.ge.infn.it>
Subject: Job 336518: <all_pl> in cluster <infnge> Done

Job <all_pl> was submitted from host <farmuisl7.ge.infn.it> by user <mraveri> in cluster <infnge>.
Job was executed on host(s) <16*jlab07.ge.infn.it>, in queue <long>, as user <mraveri> in cluster <infnge>.
</home/mraveri> was used as the home directory.
</home/mraveri/projects/andrea/tesi_magistrale/lcdm/planck_all> was used as the working directory.
Started at Tue Apr 22 17:56:27 2025
Results reported on Wed Apr 23 20:47:08 2025

Your job looked like:

------------------------------------------------------------
# LSBATCH: User input
#!/bin/bash

#BSUB -J all_pl                  # Name of the job
#BSUB -M 64000                   # Memory limit (64GB)
#BSUB -R "rusage[mem=64000]"     # Resource request: 64GB memory
#BSUB -q long                    # Queue
#BSUB -o all_planck.out          # Output file
#BSUB -e all_planck.err          # Error file
#BSUB -n 16                      # Request 4 cores (adjust as needed)

# Set number of threads per chain (OMP = threads for linear algebra, etc.)
export OMP_NUM_THREADS=4

# Run Cobaya with MPI
mpirun -np 4 cobaya-run all_planck.yaml
------------------------------------------------------------

Successfully completed.

Resource usage summary:

    CPU time :                                   736428.31 sec.
    Max Memory :                                 48002 MB
    Average Memory :                             15287.42 MB
    Total Requested Memory :                     64000.00 MB
    Delta Memory :                               15998.00 MB
    Max Processes :                              8
    Max Threads :                                31

The output (if any) is above this job summary.



PS:

Read file <all_planck.err> for stderr output of this job.

