[0 : output] Output to be read-from/written-into folder '.', with prefix '1_act_desidr2'
[0 : camb] `camb` module loaded successfully from /mnt/project_mnt/farm_fs/mraveri/projects/cobaya/code/CAMB/camb
[2 : bao.desi_dr2.desi_bao_all] Initialized.
[1 : bao.desi_dr2.desi_bao_all] Initialized.
[0 : bao.desi_dr2.desi_bao_all] Initialized.
[3 : bao.desi_dr2.desi_bao_all] Initialized.
[1 : mcmc] Getting initial point... (this may take a few seconds)
[3 : mcmc] Getting initial point... (this may take a few seconds)
[0 : mcmc] Getting initial point... (this may take a few seconds)
[2 : mcmc] Getting initial point... (this may take a few seconds)
[0 : mcmc] Initial point: logA:3.050181, ns:0.9673007, theta_MC_100:1.041356, ombh2:0.02243799, omch2:0.1210547, w:-0.9950241, wa:-0.04221412, tau:0.06395264, A_planck:1.000483
[1 : mcmc] Initial point: logA:3.049052, ns:0.9647156, theta_MC_100:1.041457, ombh2:0.02236521, omch2:0.1176731, w:-0.9699729, wa:-0.04763688, tau:0.05559546, A_planck:1.000815
[3 : mcmc] Initial point: logA:3.048422, ns:0.9715545, theta_MC_100:1.041329, ombh2:0.02234652, omch2:0.1203664, w:-0.9946421, wa:-0.02643263, tau:0.06361719, A_planck:1.001816
[2 : mcmc] Initial point: logA:3.050913, ns:0.9593926, theta_MC_100:1.040665, ombh2:0.02225635, omch2:0.1199199, w:-1.012925, wa:0.06248166, tau:0.05798221, A_planck:0.9994293
[0 : model] Measuring speeds... (this may take a few seconds)
[0 : model] Setting measured speeds (per sec): {bao.desi_dr2.desi_bao_all: 892.0, planck_2018_lowl.TT: 1810.0, planck_2018_lowl.EE_sroll2: 11500.0, act_dr6_cmbonly.PlanckActCut: 692.0, camb.transfers: 0.325, camb: 0.878}
[0 : mcmc] Dragging with number of interpolating steps:
[0 : mcmc] * 1 : [['theta_MC_100', 'ombh2', 'omch2', 'w', 'wa', 'tau'], ['logA', 'ns']]
[0 : mcmc] * 2 : [['A_planck']]
[0 : autoselect_covmat] No cached covmat database present, not usable or not up-to-date. Will be re-created and cached.
[0 : mcmc] Covariance matrix selected automatically: /mnt/project_mnt/farm_fs/mraveri/projects/cobaya/data/planck_supp_data_and_covmats/covmats/base_w_wa_BAO_TT_lowE_lowl_plikHM.covmat
[0 : mcmc] Covariance matrix loaded for params ['ombh2', 'omch2', 'theta_MC_100', 'tau', 'w', 'wa', 'logA', 'ns', 'A_planck']
[0 : mcmc] All parameters' covariance loaded from given covmat.
[0 : mcmc] Sampling!
[2 : mcmc] Progress @ 2025-04-07 17:59:56 : 1 steps taken, and 0 accepted.
[3 : mcmc] Progress @ 2025-04-07 17:59:56 : 1 steps taken, and 0 accepted.
[0 : mcmc] Progress @ 2025-04-07 17:59:59 : 1 steps taken, and 0 accepted.
[1 : mcmc] Progress @ 2025-04-07 17:59:59 : 1 steps taken, and 0 accepted.
[3 : mcmc] Progress @ 2025-04-07 18:00:59 : 18 steps taken, and 5 accepted.
[2 : mcmc] Progress @ 2025-04-07 18:00:59 : 20 steps taken, and 4 accepted.
[1 : mcmc] Progress @ 2025-04-07 18:01:00 : 19 steps taken, and 3 accepted.
[0 : mcmc] Progress @ 2025-04-07 18:01:00 : 19 steps taken, and 6 accepted.
[2 : mcmc] Progress @ 2025-04-07 18:02:00 : 40 steps taken, and 14 accepted.
[3 : mcmc] Progress @ 2025-04-07 18:02:01 : 38 steps taken, and 8 accepted.
[1 : mcmc] Progress @ 2025-04-07 18:02:01 : 38 steps taken, and 8 accepted.
[0 : mcmc] Progress @ 2025-04-07 18:02:01 : 38 steps taken, and 9 accepted.
[3 : mcmc] Progress @ 2025-04-07 18:03:02 : 58 steps taken, and 15 accepted.
[2 : mcmc] Progress @ 2025-04-07 18:03:02 : 62 steps taken, and 21 accepted.
[1 : mcmc] Progress @ 2025-04-07 18:03:04 : 56 steps taken, and 14 accepted.
[0 : mcmc] Progress @ 2025-04-07 18:03:06 : 56 steps taken, and 18 accepted.
[3 : mcmc] Progress @ 2025-04-07 18:04:02 : 76 steps taken, and 21 accepted.
[2 : mcmc] Progress @ 2025-04-07 18:04:03 : 82 steps taken, and 24 accepted.
[0 : mcmc] Progress @ 2025-04-07 18:04:06 : 75 steps taken, and 25 accepted.
[1 : mcmc] Progress @ 2025-04-07 18:04:08 : 74 steps taken, and 21 accepted.
[2 : mcmc] Progress @ 2025-04-07 18:05:04 : 104 steps taken, and 31 accepted.
[3 : mcmc] Progress @ 2025-04-07 18:05:06 : 95 steps taken, and 26 accepted.
[0 : mcmc] Progress @ 2025-04-07 18:05:06 : 93 steps taken, and 29 accepted.
[1 : mcmc] Progress @ 2025-04-07 18:05:10 : 94 steps taken, and 24 accepted.
[2 : mcmc] Progress @ 2025-04-07 18:06:04 : 122 steps taken, and 36 accepted.
[3 : mcmc] Progress @ 2025-04-07 18:06:10 : 113 steps taken, and 32 accepted.
[0 : mcmc] Progress @ 2025-04-07 18:06:10 : 111 steps taken, and 33 accepted.
[1 : mcmc] Progress @ 2025-04-07 18:06:12 : 111 steps taken, and 28 accepted.
[2 : mcmc] Progress @ 2025-04-07 18:07:08 : 140 steps taken, and 43 accepted.
[1 : mcmc] Progress @ 2025-04-07 18:07:13 : 129 steps taken, and 32 accepted.
[3 : mcmc] Progress @ 2025-04-07 18:07:14 : 133 steps taken, and 38 accepted.
[0 : mcmc] Progress @ 2025-04-07 18:07:14 : 129 steps taken, and 36 accepted.
[2 : mcmc] Progress @ 2025-04-07 18:08:10 : 157 steps taken, and 48 accepted.
[1 : mcmc] Progress @ 2025-04-07 18:08:14 : 149 steps taken, and 39 accepted.
[0 : mcmc] Progress @ 2025-04-07 18:08:15 : 148 steps taken, and 42 accepted.
[3 : mcmc] Progress @ 2025-04-07 18:08:17 : 158 steps taken, and 46 accepted.
[2 : mcmc] Progress @ 2025-04-07 18:09:12 : 177 steps taken, and 55 accepted.
[1 : mcmc] Progress @ 2025-04-07 18:09:14 : 167 steps taken, and 42 accepted.
[0 : mcmc] Progress @ 2025-04-07 18:09:15 : 166 steps taken, and 48 accepted.
[3 : mcmc] Progress @ 2025-04-07 18:09:20 : 181 steps taken, and 55 accepted.
[2 : mcmc] Progress @ 2025-04-07 18:10:16 : 196 steps taken, and 59 accepted.
[1 : mcmc] Progress @ 2025-04-07 18:10:18 : 185 steps taken, and 46 accepted.
[0 : mcmc] Progress @ 2025-04-07 18:10:19 : 184 steps taken, and 50 accepted.
[3 : mcmc] Progress @ 2025-04-07 18:10:21 : 205 steps taken, and 60 accepted.
[2 : mcmc] Progress @ 2025-04-07 18:11:18 : 217 steps taken, and 66 accepted.
[1 : mcmc] Progress @ 2025-04-07 18:11:18 : 203 steps taken, and 51 accepted.
[3 : mcmc] Progress @ 2025-04-07 18:11:22 : 226 steps taken, and 64 accepted.
[0 : mcmc] Progress @ 2025-04-07 18:11:23 : 202 steps taken, and 54 accepted.
[2 : mcmc] Progress @ 2025-04-07 18:12:19 : 236 steps taken, and 72 accepted.
[1 : mcmc] Progress @ 2025-04-07 18:12:19 : 221 steps taken, and 58 accepted.
[3 : mcmc] Progress @ 2025-04-07 18:12:23 : 244 steps taken, and 68 accepted.
[0 : mcmc] Progress @ 2025-04-07 18:12:25 : 223 steps taken, and 62 accepted.
[2 : mcmc] Progress @ 2025-04-07 18:13:22 : 261 steps taken, and 79 accepted.
[1 : mcmc] Progress @ 2025-04-07 18:13:23 : 240 steps taken, and 66 accepted.
[3 : mcmc] Progress @ 2025-04-07 18:13:27 : 262 steps taken, and 76 accepted.
[0 : mcmc] Progress @ 2025-04-07 18:13:29 : 241 steps taken, and 65 accepted.
[1 : mcmc] Progress @ 2025-04-07 18:14:24 : 259 steps taken, and 72 accepted.
[2 : mcmc] Progress @ 2025-04-07 18:14:24 : 278 steps taken, and 81 accepted.
[3 : mcmc] Progress @ 2025-04-07 18:14:28 : 281 steps taken, and 79 accepted.
[0 : mcmc] Progress @ 2025-04-07 18:14:31 : 261 steps taken, and 73 accepted.
[2 : mcmc] Progress @ 2025-04-07 18:15:24 : 296 steps taken, and 85 accepted.
[1 : mcmc] Progress @ 2025-04-07 18:15:25 : 277 steps taken, and 74 accepted.
[3 : mcmc] Progress @ 2025-04-07 18:15:29 : 300 steps taken, and 85 accepted.
[0 : mcmc] Progress @ 2025-04-07 18:15:31 : 284 steps taken, and 78 accepted.
[2 : mcmc] Progress @ 2025-04-07 18:16:25 : 315 steps taken, and 90 accepted.
[1 : mcmc] Progress @ 2025-04-07 18:16:28 : 296 steps taken, and 80 accepted.
[3 : mcmc] Progress @ 2025-04-07 18:16:33 : 322 steps taken, and 90 accepted.
[0 : mcmc] Progress @ 2025-04-07 18:16:35 : 302 steps taken, and 84 accepted.
[1 : mcmc] Progress @ 2025-04-07 18:17:29 : 314 steps taken, and 83 accepted.
[2 : mcmc] Progress @ 2025-04-07 18:17:29 : 333 steps taken, and 95 accepted.
[3 : mcmc] Progress @ 2025-04-07 18:17:34 : 341 steps taken, and 96 accepted.
[0 : mcmc] Progress @ 2025-04-07 18:17:36 : 320 steps taken, and 88 accepted.
[2 : mcmc] Progress @ 2025-04-07 18:18:30 : 353 steps taken, and 102 accepted.
[1 : mcmc] Progress @ 2025-04-07 18:18:33 : 333 steps taken, and 84 accepted.
[3 : mcmc] Progress @ 2025-04-07 18:18:36 : 363 steps taken, and 102 accepted.
[0 : mcmc] Progress @ 2025-04-07 18:18:40 : 338 steps taken, and 93 accepted.
[2 : mcmc] Progress @ 2025-04-07 18:19:31 : 373 steps taken, and 110 accepted.
[1 : mcmc] Progress @ 2025-04-07 18:19:33 : 351 steps taken, and 86 accepted.
[3 : mcmc] Progress @ 2025-04-07 18:19:37 : 382 steps taken, and 106 accepted.
[0 : mcmc] Progress @ 2025-04-07 18:19:40 : 356 steps taken, and 103 accepted.
[1 : mcmc] Progress @ 2025-04-07 18:20:34 : 370 steps taken, and 94 accepted.
[2 : mcmc] Progress @ 2025-04-07 18:20:34 : 391 steps taken, and 118 accepted.
[3 : mcmc] Progress @ 2025-04-07 18:20:41 : 401 steps taken, and 112 accepted.
[0 : mcmc] Progress @ 2025-04-07 18:20:41 : 375 steps taken, and 107 accepted.
[1 : mcmc] Progress @ 2025-04-07 18:21:35 : 391 steps taken, and 101 accepted.
[2 : mcmc] Progress @ 2025-04-07 18:21:35 : 409 steps taken, and 126 accepted.
[0 : mcmc] Progress @ 2025-04-07 18:21:43 : 395 steps taken, and 111 accepted.
[3 : mcmc] Progress @ 2025-04-07 18:21:45 : 421 steps taken, and 117 accepted.
[1 : mcmc] Progress @ 2025-04-07 18:22:35 : 411 steps taken, and 107 accepted.
[2 : mcmc] Progress @ 2025-04-07 18:22:36 : 429 steps taken, and 131 accepted.
[0 : mcmc] Progress @ 2025-04-07 18:22:46 : 414 steps taken, and 116 accepted.
[3 : mcmc] Progress @ 2025-04-07 18:22:47 : 440 steps taken, and 122 accepted.
[1 : mcmc] Progress @ 2025-04-07 18:23:36 : 430 steps taken, and 111 accepted.
[2 : mcmc] Progress @ 2025-04-07 18:23:36 : 447 steps taken, and 136 accepted.
[0 : mcmc] Progress @ 2025-04-07 18:23:47 : 432 steps taken, and 124 accepted.
[3 : mcmc] Progress @ 2025-04-07 18:23:50 : 458 steps taken, and 127 accepted.
[1 : mcmc] Progress @ 2025-04-07 18:24:36 : 450 steps taken, and 118 accepted.
[2 : mcmc] Progress @ 2025-04-07 18:24:40 : 466 steps taken, and 143 accepted.
[0 : mcmc] Progress @ 2025-04-07 18:24:48 : 450 steps taken, and 131 accepted.
[3 : mcmc] Progress @ 2025-04-07 18:24:51 : 476 steps taken, and 136 accepted.
[1 : mcmc] Progress @ 2025-04-07 18:25:39 : 467 steps taken, and 123 accepted.
[2 : mcmc] Progress @ 2025-04-07 18:25:44 : 484 steps taken, and 148 accepted.
[0 : mcmc] Progress @ 2025-04-07 18:25:49 : 469 steps taken, and 135 accepted.
[3 : mcmc] Progress @ 2025-04-07 18:25:51 : 494 steps taken, and 138 accepted.
[1 : mcmc] Progress @ 2025-04-07 18:26:40 : 489 steps taken, and 129 accepted.
[2 : mcmc] Progress @ 2025-04-07 18:26:44 : 502 steps taken, and 154 accepted.
[0 : mcmc] Progress @ 2025-04-07 18:26:52 : 487 steps taken, and 140 accepted.
[3 : mcmc] Progress @ 2025-04-07 18:26:55 : 512 steps taken, and 141 accepted.
[1 : mcmc] Progress @ 2025-04-07 18:27:41 : 508 steps taken, and 136 accepted.
[2 : mcmc] Progress @ 2025-04-07 18:27:45 : 520 steps taken, and 160 accepted.
[0 : mcmc] Progress @ 2025-04-07 18:27:54 : 507 steps taken, and 147 accepted.
[3 : mcmc] Progress @ 2025-04-07 18:27:59 : 530 steps taken, and 143 accepted.
[1 : mcmc] Progress @ 2025-04-07 18:28:42 : 526 steps taken, and 142 accepted.
[2 : mcmc] Progress @ 2025-04-07 18:28:48 : 539 steps taken, and 168 accepted.
[0 : mcmc] Progress @ 2025-04-07 18:28:57 : 525 steps taken, and 155 accepted.
[3 : mcmc] Progress @ 2025-04-07 18:29:01 : 549 steps taken, and 148 accepted.
[1 : mcmc] Progress @ 2025-04-07 18:29:42 : 546 steps taken, and 151 accepted.
[2 : mcmc] Progress @ 2025-04-07 18:29:49 : 557 steps taken, and 174 accepted.
[0 : mcmc] Progress @ 2025-04-07 18:30:00 : 546 steps taken, and 162 accepted.
[3 : mcmc] Progress @ 2025-04-07 18:30:05 : 568 steps taken, and 154 accepted.
[1 : mcmc] Progress @ 2025-04-07 18:30:42 : 566 steps taken, and 159 accepted.
[2 : mcmc] Progress @ 2025-04-07 18:30:52 : 587 steps taken, and 180 accepted.
[0 : mcmc] Progress @ 2025-04-07 18:31:04 : 565 steps taken, and 169 accepted.
[3 : mcmc] Progress @ 2025-04-07 18:31:06 : 587 steps taken, and 158 accepted.
[1 : mcmc] Progress @ 2025-04-07 18:31:46 : 585 steps taken, and 163 accepted.
[2 : mcmc] Progress @ 2025-04-07 18:31:54 : 607 steps taken, and 187 accepted.
[0 : mcmc] Progress @ 2025-04-07 18:32:04 : 583 steps taken, and 175 accepted.
[3 : mcmc] Progress @ 2025-04-07 18:32:09 : 606 steps taken, and 161 accepted.
[1 : mcmc] Progress @ 2025-04-07 18:32:48 : 608 steps taken, and 169 accepted.
[2 : mcmc] Progress @ 2025-04-07 18:32:54 : 625 steps taken, and 195 accepted.
[0 : mcmc] Progress @ 2025-04-07 18:33:06 : 603 steps taken, and 175 accepted.
[3 : mcmc] Progress @ 2025-04-07 18:33:12 : 626 steps taken, and 165 accepted.
[1 : mcmc] Progress @ 2025-04-07 18:33:51 : 629 steps taken, and 172 accepted.
[2 : mcmc] Progress @ 2025-04-07 18:33:58 : 645 steps taken, and 202 accepted.
[0 : mcmc] Progress @ 2025-04-07 18:34:10 : 623 steps taken, and 183 accepted.
[3 : mcmc] Progress @ 2025-04-07 18:34:15 : 647 steps taken, and 169 accepted.
[1 : mcmc] Progress @ 2025-04-07 18:34:54 : 656 steps taken, and 181 accepted.
[2 : mcmc] Progress @ 2025-04-07 18:35:01 : 661 steps taken, and 204 accepted.
[0 : mcmc] Progress @ 2025-04-07 18:35:13 : 645 steps taken, and 189 accepted.
[3 : mcmc] Progress @ 2025-04-07 18:35:17 : 667 steps taken, and 177 accepted.
[1 : mcmc] Progress @ 2025-04-07 18:35:56 : 677 steps taken, and 188 accepted.
[2 : mcmc] Progress @ 2025-04-07 18:36:03 : 681 steps taken, and 206 accepted.
[0 : mcmc] Progress @ 2025-04-07 18:36:13 : 675 steps taken, and 198 accepted.
[3 : mcmc] Progress @ 2025-04-07 18:36:20 : 694 steps taken, and 185 accepted.
[1 : mcmc] Progress @ 2025-04-07 18:36:59 : 699 steps taken, and 196 accepted.
[2 : mcmc] Progress @ 2025-04-07 18:37:06 : 702 steps taken, and 211 accepted.
[0 : mcmc] Progress @ 2025-04-07 18:37:16 : 695 steps taken, and 201 accepted.
[3 : mcmc] Progress @ 2025-04-07 18:37:23 : 713 steps taken, and 190 accepted.
[1 : mcmc] Progress @ 2025-04-07 18:38:01 : 722 steps taken, and 204 accepted.
[2 : mcmc] Progress @ 2025-04-07 18:38:06 : 719 steps taken, and 214 accepted.
[0 : mcmc] Progress @ 2025-04-07 18:38:17 : 715 steps taken, and 209 accepted.
[3 : mcmc] Progress @ 2025-04-07 18:38:25 : 732 steps taken, and 196 accepted.
[1 : mcmc] Progress @ 2025-04-07 18:39:02 : 746 steps taken, and 209 accepted.
[2 : mcmc] Progress @ 2025-04-07 18:39:08 : 737 steps taken, and 219 accepted.
[0 : mcmc] Progress @ 2025-04-07 18:39:21 : 733 steps taken, and 215 accepted.
[3 : mcmc] Progress @ 2025-04-07 18:39:28 : 751 steps taken, and 199 accepted.
[1 : mcmc] Progress @ 2025-04-07 18:40:04 : 765 steps taken, and 214 accepted.
[2 : mcmc] Progress @ 2025-04-07 18:40:12 : 755 steps taken, and 228 accepted.
[0 : mcmc] Progress @ 2025-04-07 18:40:24 : 753 steps taken, and 225 accepted.
[3 : mcmc] Progress @ 2025-04-07 18:40:30 : 770 steps taken, and 204 accepted.
[1 : mcmc] Progress @ 2025-04-07 18:41:07 : 782 steps taken, and 220 accepted.
[2 : mcmc] Progress @ 2025-04-07 18:41:13 : 774 steps taken, and 231 accepted.
[0 : mcmc] Progress @ 2025-04-07 18:41:25 : 784 steps taken, and 233 accepted.
[3 : mcmc] Progress @ 2025-04-07 18:41:33 : 791 steps taken, and 211 accepted.
[1 : mcmc] Progress @ 2025-04-07 18:42:07 : 800 steps taken, and 227 accepted.
[2 : mcmc] Progress @ 2025-04-07 18:42:15 : 791 steps taken, and 237 accepted.
[0 : mcmc] Progress @ 2025-04-07 18:42:26 : 806 steps taken, and 238 accepted.
[3 : mcmc] Progress @ 2025-04-07 18:42:36 : 811 steps taken, and 215 accepted.
[1 : mcmc] Progress @ 2025-04-07 18:43:07 : 819 steps taken, and 231 accepted.
[2 : mcmc] Progress @ 2025-04-07 18:43:16 : 814 steps taken, and 239 accepted.
[0 : mcmc] Progress @ 2025-04-07 18:43:28 : 829 steps taken, and 246 accepted.
[3 : mcmc] Progress @ 2025-04-07 18:43:37 : 830 steps taken, and 221 accepted.
[1 : mcmc] Progress @ 2025-04-07 18:44:08 : 838 steps taken, and 238 accepted.
[2 : mcmc] Progress @ 2025-04-07 18:44:19 : 833 steps taken, and 246 accepted.
[0 : mcmc] Progress @ 2025-04-07 18:44:29 : 848 steps taken, and 253 accepted.
[3 : mcmc] Progress @ 2025-04-07 18:44:40 : 849 steps taken, and 227 accepted.
[1 : mcmc] Progress @ 2025-04-07 18:45:11 : 857 steps taken, and 245 accepted.
[2 : mcmc] Progress @ 2025-04-07 18:45:23 : 853 steps taken, and 252 accepted.
[0 : mcmc] Progress @ 2025-04-07 18:45:31 : 868 steps taken, and 260 accepted.
[3 : mcmc] Progress @ 2025-04-07 18:45:42 : 872 steps taken, and 236 accepted.
[1 : mcmc] Progress @ 2025-04-07 18:46:13 : 884 steps taken, and 254 accepted.
[2 : mcmc] Progress @ 2025-04-07 18:46:27 : 872 steps taken, and 257 accepted.
[0 : mcmc] Progress @ 2025-04-07 18:46:35 : 887 steps taken, and 267 accepted.
[3 : mcmc] Progress @ 2025-04-07 18:46:42 : 892 steps taken, and 241 accepted.
[1 : mcmc] Progress @ 2025-04-07 18:47:13 : 903 steps taken, and 258 accepted.
[2 : mcmc] Progress @ 2025-04-07 18:47:30 : 890 steps taken, and 266 accepted.
[0 : mcmc] Progress @ 2025-04-07 18:47:39 : 905 steps taken, and 269 accepted.
[3 : mcmc] Progress @ 2025-04-07 18:47:42 : 914 steps taken, and 249 accepted.
[1 : mcmc] Progress @ 2025-04-07 18:48:14 : 921 steps taken, and 260 accepted.
[2 : mcmc] Progress @ 2025-04-07 18:48:33 : 908 steps taken, and 272 accepted.
[0 : mcmc] Progress @ 2025-04-07 18:48:40 : 926 steps taken, and 280 accepted.
[3 : mcmc] Progress @ 2025-04-07 18:48:42 : 932 steps taken, and 252 accepted.
[1 : mcmc] Progress @ 2025-04-07 18:49:14 : 941 steps taken, and 267 accepted.
[2 : mcmc] Progress @ 2025-04-07 18:49:34 : 928 steps taken, and 280 accepted.
[0 : mcmc] Progress @ 2025-04-07 18:49:41 : 946 steps taken, and 289 accepted.
[3 : mcmc] Progress @ 2025-04-07 18:49:46 : 952 steps taken, and 260 accepted.
[1 : mcmc] Progress @ 2025-04-07 18:50:14 : 964 steps taken, and 278 accepted.
[2 : mcmc] Progress @ 2025-04-07 18:50:36 : 948 steps taken, and 285 accepted.
[0 : mcmc] Progress @ 2025-04-07 18:50:45 : 965 steps taken, and 294 accepted.
[3 : mcmc] Progress @ 2025-04-07 18:50:49 : 978 steps taken, and 268 accepted.
[1 : mcmc] Progress @ 2025-04-07 18:51:14 : 986 steps taken, and 283 accepted.
[2 : mcmc] Progress @ 2025-04-07 18:51:37 : 968 steps taken, and 292 accepted.
[0 : mcmc] Progress @ 2025-04-07 18:51:48 : 988 steps taken, and 297 accepted.
[3 : mcmc] Progress @ 2025-04-07 18:51:53 : 998 steps taken, and 273 accepted.
[1 : mcmc] Progress @ 2025-04-07 18:52:15 : 1005 steps taken, and 285 accepted.
[2 : mcmc] Progress @ 2025-04-07 18:52:40 : 986 steps taken, and 298 accepted.
[0 : mcmc] Progress @ 2025-04-07 18:52:50 : 1010 steps taken, and 304 accepted.
[3 : mcmc] Progress @ 2025-04-07 18:52:53 : 1017 steps taken, and 281 accepted.
[1 : mcmc] Progress @ 2025-04-07 18:53:18 : 1027 steps taken, and 291 accepted.
[2 : mcmc] Progress @ 2025-04-07 18:53:40 : 1006 steps taken, and 303 accepted.
[0 : mcmc] Progress @ 2025-04-07 18:53:52 : 1028 steps taken, and 306 accepted.
[3 : mcmc] Progress @ 2025-04-07 18:53:56 : 1036 steps taken, and 285 accepted.
[1 : mcmc] Progress @ 2025-04-07 18:54:20 : 1047 steps taken, and 295 accepted.
[2 : mcmc] Progress @ 2025-04-07 18:54:42 : 1025 steps taken, and 305 accepted.
[0 : mcmc] Progress @ 2025-04-07 18:54:54 : 1048 steps taken, and 311 accepted.
[3 : mcmc] Progress @ 2025-04-07 18:54:59 : 1054 steps taken, and 292 accepted.
[1 : mcmc] Progress @ 2025-04-07 18:55:21 : 1071 steps taken, and 300 accepted.
[2 : mcmc] Progress @ 2025-04-07 18:55:46 : 1044 steps taken, and 310 accepted.
[0 : mcmc] Progress @ 2025-04-07 18:55:54 : 1069 steps taken, and 314 accepted.
[3 : mcmc] Progress @ 2025-04-07 18:55:59 : 1072 steps taken, and 296 accepted.
[1 : mcmc] Progress @ 2025-04-07 18:56:25 : 1090 steps taken, and 309 accepted.
[2 : mcmc] Progress @ 2025-04-07 18:56:49 : 1063 steps taken, and 315 accepted.
[0 : mcmc] Progress @ 2025-04-07 18:56:54 : 1089 steps taken, and 318 accepted.
[3 : mcmc] Progress @ 2025-04-07 18:57:01 : 1096 steps taken, and 304 accepted.
[0 : mcmc] Learn + convergence test @ 320 samples accepted.
[0 : mcmc] Ready to check convergence and learn a new proposal covmat (waiting for the rest...)
[2 : mcmc] Learn + convergence test @ 320 samples accepted.
[2 : mcmc] Ready to check convergence and learn a new proposal covmat (waiting for the rest...)
[1 : mcmc] Progress @ 2025-04-07 18:57:26 : 1108 steps taken, and 315 accepted.
[2 : mcmc] Progress @ 2025-04-07 18:57:49 : 1084 steps taken, and 323 accepted.
[0 : mcmc] Progress @ 2025-04-07 18:57:57 : 1108 steps taken, and 322 accepted.
[3 : mcmc] Progress @ 2025-04-07 18:58:03 : 1124 steps taken, and 310 accepted.
[1 : mcmc] Progress @ 2025-04-07 18:58:29 : 1126 steps taken, and 319 accepted.
[1 : mcmc] Learn + convergence test @ 320 samples accepted.
[1 : mcmc] Ready to check convergence and learn a new proposal covmat (waiting for the rest...)
[2 : mcmc] Progress @ 2025-04-07 18:58:53 : 1103 steps taken, and 330 accepted.
[0 : mcmc] Progress @ 2025-04-07 18:58:57 : 1127 steps taken, and 331 accepted.
[3 : mcmc] Progress @ 2025-04-07 18:59:06 : 1149 steps taken, and 317 accepted.
[3 : mcmc] Learn + convergence test @ 320 samples accepted.
[3 : mcmc] Ready to check convergence and learn a new proposal covmat (waiting for the rest...)
[1 : mcmc] Progress @ 2025-04-07 18:59:33 : 1145 steps taken, and 322 accepted.
[0 : mcmc] All chains are ready to check convergence and learn a new proposal covmat
[0 : mcmc]  - Acceptance rate: 0.287 = avg([0.2864, 0.2832, 0.2919, 0.2883])
[0 : mcmc]  - Convergence of means: R-1 = 0.325594 after 1319 accepted steps = sum([338, 323, 338, 320])
[0 : mcmc]  - Updated covariance matrix of proposal pdf.
[2 : mcmc] Progress @ 2025-04-07 18:59:57 : 1123 steps taken, and 338 accepted.
[0 : mcmc] Progress @ 2025-04-07 18:59:58 : 1160 steps taken, and 339 accepted.
[3 : mcmc] Progress @ 2025-04-07 19:00:06 : 1162 steps taken, and 322 accepted.
[1 : mcmc] Progress @ 2025-04-07 19:00:34 : 1161 steps taken, and 327 accepted.
[0 : mcmc] Progress @ 2025-04-07 19:01:00 : 1180 steps taken, and 344 accepted.
[2 : mcmc] Progress @ 2025-04-07 19:01:00 : 1142 steps taken, and 349 accepted.
[3 : mcmc] Progress @ 2025-04-07 19:01:07 : 1183 steps taken, and 327 accepted.
[1 : mcmc] Progress @ 2025-04-07 19:01:35 : 1181 steps taken, and 333 accepted.
[2 : mcmc] Progress @ 2025-04-07 19:02:01 : 1164 steps taken, and 358 accepted.
[0 : mcmc] Progress @ 2025-04-07 19:02:03 : 1199 steps taken, and 351 accepted.
[3 : mcmc] Progress @ 2025-04-07 19:02:07 : 1201 steps taken, and 336 accepted.
[1 : mcmc] Progress @ 2025-04-07 19:02:38 : 1199 steps taken, and 340 accepted.
[2 : mcmc] Progress @ 2025-04-07 19:03:03 : 1181 steps taken, and 366 accepted.
[0 : mcmc] Progress @ 2025-04-07 19:03:03 : 1217 steps taken, and 359 accepted.
[3 : mcmc] Progress @ 2025-04-07 19:03:10 : 1219 steps taken, and 344 accepted.
[1 : mcmc] Progress @ 2025-04-07 19:03:41 : 1217 steps taken, and 346 accepted.
[2 : mcmc] Progress @ 2025-04-07 19:04:04 : 1203 steps taken, and 375 accepted.
[0 : mcmc] Progress @ 2025-04-07 19:04:06 : 1235 steps taken, and 364 accepted.
[3 : mcmc] Progress @ 2025-04-07 19:04:13 : 1238 steps taken, and 348 accepted.
[1 : mcmc] Progress @ 2025-04-07 19:04:41 : 1235 steps taken, and 352 accepted.
[2 : mcmc] Progress @ 2025-04-07 19:05:07 : 1222 steps taken, and 381 accepted.
[0 : mcmc] Progress @ 2025-04-07 19:05:09 : 1253 steps taken, and 370 accepted.
[3 : mcmc] Progress @ 2025-04-07 19:05:13 : 1256 steps taken, and 354 accepted.
[1 : mcmc] Progress @ 2025-04-07 19:05:41 : 1255 steps taken, and 363 accepted.
[0 : mcmc] Progress @ 2025-04-07 19:06:09 : 1271 steps taken, and 374 accepted.
[2 : mcmc] Progress @ 2025-04-07 19:06:10 : 1241 steps taken, and 387 accepted.
[3 : mcmc] Progress @ 2025-04-07 19:06:16 : 1274 steps taken, and 360 accepted.
[1 : mcmc] Progress @ 2025-04-07 19:06:45 : 1273 steps taken, and 365 accepted.
[2 : mcmc] Progress @ 2025-04-07 19:07:11 : 1260 steps taken, and 394 accepted.
[0 : mcmc] Progress @ 2025-04-07 19:07:13 : 1290 steps taken, and 383 accepted.
[3 : mcmc] Progress @ 2025-04-07 19:07:16 : 1295 steps taken, and 368 accepted.
[1 : mcmc] Progress @ 2025-04-07 19:07:48 : 1291 steps taken, and 372 accepted.
[2 : mcmc] Progress @ 2025-04-07 19:08:14 : 1278 steps taken, and 404 accepted.
[0 : mcmc] Progress @ 2025-04-07 19:08:14 : 1309 steps taken, and 389 accepted.
[3 : mcmc] Progress @ 2025-04-07 19:08:19 : 1321 steps taken, and 378 accepted.
[1 : mcmc] Progress @ 2025-04-07 19:08:49 : 1311 steps taken, and 379 accepted.
[2 : mcmc] Progress @ 2025-04-07 19:09:17 : 1296 steps taken, and 411 accepted.
[0 : mcmc] Progress @ 2025-04-07 19:09:17 : 1329 steps taken, and 396 accepted.
[3 : mcmc] Progress @ 2025-04-07 19:09:19 : 1339 steps taken, and 381 accepted.
[1 : mcmc] Progress @ 2025-04-07 19:09:49 : 1330 steps taken, and 386 accepted.
[0 : mcmc] Progress @ 2025-04-07 19:10:18 : 1348 steps taken, and 403 accepted.
[3 : mcmc] Progress @ 2025-04-07 19:10:19 : 1357 steps taken, and 392 accepted.
[2 : mcmc] Progress @ 2025-04-07 19:10:19 : 1314 steps taken, and 422 accepted.
[1 : mcmc] Progress @ 2025-04-07 19:10:52 : 1349 steps taken, and 394 accepted.
[0 : mcmc] Progress @ 2025-04-07 19:11:19 : 1373 steps taken, and 411 accepted.
[2 : mcmc] Progress @ 2025-04-07 19:11:20 : 1333 steps taken, and 429 accepted.
[3 : mcmc] Progress @ 2025-04-07 19:11:22 : 1376 steps taken, and 399 accepted.
[1 : mcmc] Progress @ 2025-04-07 19:11:55 : 1372 steps taken, and 400 accepted.
[0 : mcmc] Progress @ 2025-04-07 19:12:19 : 1392 steps taken, and 417 accepted.
[3 : mcmc] Progress @ 2025-04-07 19:12:22 : 1396 steps taken, and 406 accepted.
[2 : mcmc] Progress @ 2025-04-07 19:12:23 : 1351 steps taken, and 437 accepted.
[1 : mcmc] Progress @ 2025-04-07 19:12:58 : 1391 steps taken, and 408 accepted.
[0 : mcmc] Progress @ 2025-04-07 19:13:20 : 1415 steps taken, and 424 accepted.
[3 : mcmc] Progress @ 2025-04-07 19:13:24 : 1421 steps taken, and 414 accepted.
[2 : mcmc] Progress @ 2025-04-07 19:13:26 : 1369 steps taken, and 442 accepted.
[1 : mcmc] Progress @ 2025-04-07 19:14:02 : 1409 steps taken, and 413 accepted.
[0 : mcmc] Progress @ 2025-04-07 19:14:21 : 1435 steps taken, and 435 accepted.
[3 : mcmc] Progress @ 2025-04-07 19:14:24 : 1440 steps taken, and 421 accepted.
[2 : mcmc] Progress @ 2025-04-07 19:14:28 : 1387 steps taken, and 449 accepted.
[1 : mcmc] Progress @ 2025-04-07 19:15:02 : 1427 steps taken, and 418 accepted.
[0 : mcmc] Progress @ 2025-04-07 19:15:21 : 1453 steps taken, and 438 accepted.
[3 : mcmc] Progress @ 2025-04-07 19:15:24 : 1459 steps taken, and 432 accepted.
[2 : mcmc] Progress @ 2025-04-07 19:15:28 : 1406 steps taken, and 454 accepted.
[1 : mcmc] Progress @ 2025-04-07 19:16:02 : 1448 steps taken, and 425 accepted.
[3 : mcmc] Progress @ 2025-04-07 19:16:24 : 1477 steps taken, and 440 accepted.
[0 : mcmc] Progress @ 2025-04-07 19:16:24 : 1472 steps taken, and 446 accepted.
[2 : mcmc] Progress @ 2025-04-07 19:16:32 : 1428 steps taken, and 467 accepted.
[1 : mcmc] Progress @ 2025-04-07 19:17:05 : 1466 steps taken, and 433 accepted.
[0 : mcmc] Progress @ 2025-04-07 19:17:25 : 1491 steps taken, and 452 accepted.
[3 : mcmc] Progress @ 2025-04-07 19:17:26 : 1494 steps taken, and 447 accepted.
[2 : mcmc] Progress @ 2025-04-07 19:17:33 : 1447 steps taken, and 473 accepted.
[1 : mcmc] Progress @ 2025-04-07 19:18:05 : 1484 steps taken, and 439 accepted.
[3 : mcmc] Progress @ 2025-04-07 19:18:27 : 1513 steps taken, and 454 accepted.
[0 : mcmc] Progress @ 2025-04-07 19:18:28 : 1509 steps taken, and 457 accepted.
[2 : mcmc] Progress @ 2025-04-07 19:18:36 : 1465 steps taken, and 479 accepted.
[1 : mcmc] Progress @ 2025-04-07 19:19:08 : 1507 steps taken, and 446 accepted.
[3 : mcmc] Progress @ 2025-04-07 19:19:27 : 1531 steps taken, and 460 accepted.
[0 : mcmc] Progress @ 2025-04-07 19:19:28 : 1528 steps taken, and 463 accepted.
[2 : mcmc] Progress @ 2025-04-07 19:19:37 : 1487 steps taken, and 488 accepted.
[1 : mcmc] Progress @ 2025-04-07 19:20:09 : 1524 steps taken, and 450 accepted.
[3 : mcmc] Progress @ 2025-04-07 19:20:27 : 1550 steps taken, and 472 accepted.
[0 : mcmc] Progress @ 2025-04-07 19:20:29 : 1550 steps taken, and 467 accepted.
[2 : mcmc] Progress @ 2025-04-07 19:20:40 : 1505 steps taken, and 496 accepted.
[1 : mcmc] Progress @ 2025-04-07 19:21:10 : 1545 steps taken, and 458 accepted.
[3 : mcmc] Progress @ 2025-04-07 19:21:30 : 1569 steps taken, and 479 accepted.
[0 : mcmc] Progress @ 2025-04-07 19:21:31 : 1571 steps taken, and 473 accepted.
[2 : mcmc] Progress @ 2025-04-07 19:21:44 : 1525 steps taken, and 504 accepted.
[1 : mcmc] Progress @ 2025-04-07 19:22:10 : 1566 steps taken, and 464 accepted.
[3 : mcmc] Progress @ 2025-04-07 19:22:33 : 1588 steps taken, and 487 accepted.
[0 : mcmc] Progress @ 2025-04-07 19:22:34 : 1593 steps taken, and 481 accepted.
[2 : mcmc] Progress @ 2025-04-07 19:22:45 : 1549 steps taken, and 513 accepted.
[1 : mcmc] Progress @ 2025-04-07 19:23:11 : 1585 steps taken, and 474 accepted.
[3 : mcmc] Progress @ 2025-04-07 19:23:35 : 1607 steps taken, and 492 accepted.
[0 : mcmc] Progress @ 2025-04-07 19:23:35 : 1613 steps taken, and 488 accepted.
[2 : mcmc] Progress @ 2025-04-07 19:23:49 : 1569 steps taken, and 520 accepted.
[1 : mcmc] Progress @ 2025-04-07 19:24:13 : 1604 steps taken, and 480 accepted.
[3 : mcmc] Progress @ 2025-04-07 19:24:36 : 1632 steps taken, and 505 accepted.
[0 : mcmc] Progress @ 2025-04-07 19:24:37 : 1630 steps taken, and 494 accepted.
[2 : mcmc] Progress @ 2025-04-07 19:24:53 : 1588 steps taken, and 527 accepted.
[1 : mcmc] Progress @ 2025-04-07 19:25:13 : 1623 steps taken, and 491 accepted.
[3 : mcmc] Progress @ 2025-04-07 19:25:36 : 1650 steps taken, and 510 accepted.
[0 : mcmc] Progress @ 2025-04-07 19:25:39 : 1652 steps taken, and 504 accepted.
[2 : mcmc] Progress @ 2025-04-07 19:25:57 : 1607 steps taken, and 539 accepted.
[1 : mcmc] Progress @ 2025-04-07 19:26:13 : 1641 steps taken, and 499 accepted.
[3 : mcmc] Progress @ 2025-04-07 19:26:38 : 1667 steps taken, and 519 accepted.
[0 : mcmc] Progress @ 2025-04-07 19:26:43 : 1671 steps taken, and 512 accepted.
[2 : mcmc] Progress @ 2025-04-07 19:27:00 : 1625 steps taken, and 546 accepted.
[1 : mcmc] Progress @ 2025-04-07 19:27:17 : 1659 steps taken, and 505 accepted.
[3 : mcmc] Progress @ 2025-04-07 19:27:38 : 1687 steps taken, and 529 accepted.
[0 : mcmc] Progress @ 2025-04-07 19:27:46 : 1689 steps taken, and 520 accepted.
[2 : mcmc] Progress @ 2025-04-07 19:28:01 : 1644 steps taken, and 553 accepted.
[1 : mcmc] Progress @ 2025-04-07 19:28:18 : 1678 steps taken, and 516 accepted.
[3 : mcmc] Progress @ 2025-04-07 19:28:41 : 1713 steps taken, and 538 accepted.
[0 : mcmc] Progress @ 2025-04-07 19:28:47 : 1708 steps taken, and 529 accepted.
[2 : mcmc] Progress @ 2025-04-07 19:29:04 : 1663 steps taken, and 558 accepted.
[1 : mcmc] Progress @ 2025-04-07 19:29:21 : 1700 steps taken, and 526 accepted.
[3 : mcmc] Progress @ 2025-04-07 19:29:41 : 1731 steps taken, and 545 accepted.
[0 : mcmc] Progress @ 2025-04-07 19:29:47 : 1724 steps taken, and 536 accepted.
[2 : mcmc] Progress @ 2025-04-07 19:30:07 : 1683 steps taken, and 566 accepted.
[1 : mcmc] Progress @ 2025-04-07 19:30:21 : 1718 steps taken, and 533 accepted.
[3 : mcmc] Progress @ 2025-04-07 19:30:45 : 1750 steps taken, and 553 accepted.
[0 : mcmc] Progress @ 2025-04-07 19:30:49 : 1743 steps taken, and 543 accepted.
[2 : mcmc] Progress @ 2025-04-07 19:31:08 : 1706 steps taken, and 572 accepted.
[1 : mcmc] Progress @ 2025-04-07 19:31:22 : 1736 steps taken, and 544 accepted.
[3 : mcmc] Progress @ 2025-04-07 19:31:48 : 1768 steps taken, and 560 accepted.
[0 : mcmc] Progress @ 2025-04-07 19:31:52 : 1762 steps taken, and 551 accepted.
[2 : mcmc] Progress @ 2025-04-07 19:32:11 : 1726 steps taken, and 579 accepted.
[1 : mcmc] Progress @ 2025-04-07 19:32:25 : 1754 steps taken, and 551 accepted.
[3 : mcmc] Progress @ 2025-04-07 19:32:51 : 1787 steps taken, and 567 accepted.
[0 : mcmc] Progress @ 2025-04-07 19:32:55 : 1788 steps taken, and 563 accepted.
[2 : mcmc] Progress @ 2025-04-07 19:33:12 : 1746 steps taken, and 583 accepted.
[1 : mcmc] Progress @ 2025-04-07 19:33:25 : 1773 steps taken, and 560 accepted.
[3 : mcmc] Progress @ 2025-04-07 19:33:55 : 1805 steps taken, and 575 accepted.
[0 : mcmc] Progress @ 2025-04-07 19:33:58 : 1806 steps taken, and 572 accepted.
[2 : mcmc] Progress @ 2025-04-07 19:34:16 : 1765 steps taken, and 589 accepted.
[1 : mcmc] Progress @ 2025-04-07 19:34:25 : 1791 steps taken, and 568 accepted.
[0 : mcmc] Progress @ 2025-04-07 19:34:58 : 1825 steps taken, and 577 accepted.
[3 : mcmc] Progress @ 2025-04-07 19:34:59 : 1827 steps taken, and 583 accepted.
[2 : mcmc] Progress @ 2025-04-07 19:35:18 : 1783 steps taken, and 596 accepted.
[1 : mcmc] Progress @ 2025-04-07 19:35:26 : 1810 steps taken, and 577 accepted.
[0 : mcmc] Progress @ 2025-04-07 19:35:58 : 1844 steps taken, and 583 accepted.
[3 : mcmc] Progress @ 2025-04-07 19:36:00 : 1846 steps taken, and 592 accepted.
[2 : mcmc] Progress @ 2025-04-07 19:36:22 : 1803 steps taken, and 603 accepted.
[1 : mcmc] Progress @ 2025-04-07 19:36:26 : 1832 steps taken, and 583 accepted.
[0 : mcmc] Progress @ 2025-04-07 19:36:58 : 1863 steps taken, and 588 accepted.
[3 : mcmc] Progress @ 2025-04-07 19:37:03 : 1864 steps taken, and 597 accepted.
[2 : mcmc] Progress @ 2025-04-07 19:37:25 : 1823 steps taken, and 607 accepted.
[1 : mcmc] Progress @ 2025-04-07 19:37:29 : 1859 steps taken, and 589 accepted.
[0 : mcmc] Progress @ 2025-04-07 19:37:59 : 1882 steps taken, and 594 accepted.
[3 : mcmc] Progress @ 2025-04-07 19:38:06 : 1883 steps taken, and 602 accepted.
[2 : mcmc] Progress @ 2025-04-07 19:38:26 : 1844 steps taken, and 615 accepted.
[1 : mcmc] Progress @ 2025-04-07 19:38:32 : 1877 steps taken, and 600 accepted.
[0 : mcmc] Progress @ 2025-04-07 19:39:02 : 1901 steps taken, and 603 accepted.
[3 : mcmc] Progress @ 2025-04-07 19:39:06 : 1901 steps taken, and 605 accepted.
[2 : mcmc] Progress @ 2025-04-07 19:39:30 : 1864 steps taken, and 622 accepted.
[1 : mcmc] Progress @ 2025-04-07 19:39:32 : 1897 steps taken, and 609 accepted.
[0 : mcmc] Progress @ 2025-04-07 19:40:02 : 1919 steps taken, and 608 accepted.
[3 : mcmc] Progress @ 2025-04-07 19:40:06 : 1919 steps taken, and 613 accepted.
[2 : mcmc] Progress @ 2025-04-07 19:40:31 : 1885 steps taken, and 630 accepted.
[1 : mcmc] Progress @ 2025-04-07 19:40:33 : 1915 steps taken, and 615 accepted.
[0 : mcmc] Progress @ 2025-04-07 19:41:02 : 1938 steps taken, and 618 accepted.
[3 : mcmc] Progress @ 2025-04-07 19:41:06 : 1937 steps taken, and 622 accepted.
[1 : mcmc] Progress @ 2025-04-07 19:41:33 : 1933 steps taken, and 622 accepted.
[2 : mcmc] Progress @ 2025-04-07 19:41:33 : 1904 steps taken, and 636 accepted.
[2 : mcmc] Learn + convergence test @ 640 samples accepted.
[2 : mcmc] Ready to check convergence and learn a new proposal covmat (waiting for the rest...)
[0 : mcmc] Progress @ 2025-04-07 19:42:04 : 1955 steps taken, and 625 accepted.
[3 : mcmc] Progress @ 2025-04-07 19:42:07 : 1955 steps taken, and 632 accepted.
[1 : mcmc] Progress @ 2025-04-07 19:42:36 : 1951 steps taken, and 629 accepted.
[2 : mcmc] Progress @ 2025-04-07 19:42:36 : 1922 steps taken, and 644 accepted.
[0 : mcmc] Progress @ 2025-04-07 19:43:06 : 1975 steps taken, and 630 accepted.
[3 : mcmc] Progress @ 2025-04-07 19:43:08 : 1972 steps taken, and 637 accepted.
[1 : mcmc] Progress @ 2025-04-07 19:43:40 : 1970 steps taken, and 638 accepted.
[2 : mcmc] Progress @ 2025-04-07 19:43:40 : 1942 steps taken, and 654 accepted.
[3 : mcmc] Learn + convergence test @ 640 samples accepted.
[3 : mcmc] Ready to check convergence and learn a new proposal covmat (waiting for the rest...)
[3 : mcmc] Progress @ 2025-04-07 19:44:09 : 1990 steps taken, and 643 accepted.
[0 : mcmc] Progress @ 2025-04-07 19:44:09 : 1993 steps taken, and 636 accepted.
[1 : mcmc] Learn + convergence test @ 640 samples accepted.
[1 : mcmc] Ready to check convergence and learn a new proposal covmat (waiting for the rest...)
[0 : mcmc] Learn + convergence test @ 640 samples accepted.
[0 : mcmc] Ready to check convergence and learn a new proposal covmat (waiting for the rest...)
[0 : mcmc] All chains are ready to check convergence and learn a new proposal covmat
[1 : mcmc] Progress @ 2025-04-07 19:44:42 : 1987 steps taken, and 641 accepted.
[2 : mcmc] Progress @ 2025-04-07 19:44:44 : 1961 steps taken, and 658 accepted.
[0 : mcmc]  - Acceptance rate: 0.375 = avg([0.3535, 0.3733, 0.3830, 0.3888])
[0 : mcmc]  - Convergence of means: R-1 = 0.240428 after 2591 accepted steps = sum([641, 642, 658, 650])
[0 : mcmc]  - Updated covariance matrix of proposal pdf.
[0 : mcmc] Progress @ 2025-04-07 19:45:09 : 2005 steps taken, and 641 accepted.
[3 : mcmc] Progress @ 2025-04-07 19:45:11 : 2008 steps taken, and 651 accepted.
[1 : mcmc] Progress @ 2025-04-07 19:45:43 : 2005 steps taken, and 647 accepted.
[2 : mcmc] Progress @ 2025-04-07 19:45:47 : 1975 steps taken, and 663 accepted.
[0 : mcmc] Progress @ 2025-04-07 19:46:11 : 2022 steps taken, and 646 accepted.
[3 : mcmc] Progress @ 2025-04-07 19:46:14 : 2027 steps taken, and 655 accepted.
[1 : mcmc] Progress @ 2025-04-07 19:46:46 : 2025 steps taken, and 658 accepted.
[2 : mcmc] Progress @ 2025-04-07 19:46:50 : 1993 steps taken, and 667 accepted.
[0 : mcmc] Progress @ 2025-04-07 19:47:13 : 2042 steps taken, and 648 accepted.
[3 : mcmc] Progress @ 2025-04-07 19:47:18 : 2047 steps taken, and 658 accepted.
[1 : mcmc] Progress @ 2025-04-07 19:47:48 : 2048 steps taken, and 664 accepted.
[2 : mcmc] Progress @ 2025-04-07 19:47:51 : 2014 steps taken, and 674 accepted.
[0 : mcmc] Progress @ 2025-04-07 19:48:15 : 2059 steps taken, and 655 accepted.
[3 : mcmc] Progress @ 2025-04-07 19:48:22 : 2065 steps taken, and 664 accepted.
[1 : mcmc] Progress @ 2025-04-07 19:48:49 : 2068 steps taken, and 677 accepted.
[2 : mcmc] Progress @ 2025-04-07 19:48:53 : 2032 steps taken, and 682 accepted.
[0 : mcmc] Progress @ 2025-04-07 19:49:16 : 2078 steps taken, and 660 accepted.
[3 : mcmc] Progress @ 2025-04-07 19:49:22 : 2084 steps taken, and 669 accepted.
[1 : mcmc] Progress @ 2025-04-07 19:49:50 : 2084 steps taken, and 686 accepted.
[2 : mcmc] Progress @ 2025-04-07 19:49:57 : 2051 steps taken, and 689 accepted.
[0 : mcmc] Progress @ 2025-04-07 19:50:20 : 2097 steps taken, and 665 accepted.
[3 : mcmc] Progress @ 2025-04-07 19:50:25 : 2103 steps taken, and 678 accepted.
[1 : mcmc] Progress @ 2025-04-07 19:50:51 : 2103 steps taken, and 691 accepted.
[2 : mcmc] Progress @ 2025-04-07 19:51:00 : 2069 steps taken, and 696 accepted.
[0 : mcmc] Progress @ 2025-04-07 19:51:21 : 2117 steps taken, and 672 accepted.
[3 : mcmc] Progress @ 2025-04-07 19:51:28 : 2124 steps taken, and 684 accepted.
[1 : mcmc] Progress @ 2025-04-07 19:51:53 : 2124 steps taken, and 700 accepted.
[2 : mcmc] Progress @ 2025-04-07 19:52:04 : 2089 steps taken, and 701 accepted.
[0 : mcmc] Progress @ 2025-04-07 19:52:22 : 2144 steps taken, and 685 accepted.
[3 : mcmc] Progress @ 2025-04-07 19:52:31 : 2146 steps taken, and 694 accepted.
[1 : mcmc] Progress @ 2025-04-07 19:52:53 : 2145 steps taken, and 711 accepted.
[2 : mcmc] Progress @ 2025-04-07 19:53:05 : 2112 steps taken, and 707 accepted.
[0 : mcmc] Progress @ 2025-04-07 19:53:22 : 2163 steps taken, and 693 accepted.
[3 : mcmc] Progress @ 2025-04-07 19:53:34 : 2164 steps taken, and 700 accepted.
[1 : mcmc] Progress @ 2025-04-07 19:53:56 : 2165 steps taken, and 716 accepted.
[2 : mcmc] Progress @ 2025-04-07 19:54:09 : 2133 steps taken, and 715 accepted.
[0 : mcmc] Progress @ 2025-04-07 19:54:26 : 2181 steps taken, and 703 accepted.
[3 : mcmc] Progress @ 2025-04-07 19:54:34 : 2182 steps taken, and 707 accepted.
[1 : mcmc] Progress @ 2025-04-07 19:54:56 : 2183 steps taken, and 723 accepted.
[2 : mcmc] Progress @ 2025-04-07 19:55:12 : 2152 steps taken, and 724 accepted.
[0 : mcmc] Progress @ 2025-04-07 19:55:26 : 2199 steps taken, and 708 accepted.
[3 : mcmc] Progress @ 2025-04-07 19:55:35 : 2203 steps taken, and 715 accepted.
[1 : mcmc] Progress @ 2025-04-07 19:55:56 : 2203 steps taken, and 731 accepted.
[2 : mcmc] Progress @ 2025-04-07 19:56:13 : 2173 steps taken, and 730 accepted.
[0 : mcmc] Progress @ 2025-04-07 19:56:26 : 2218 steps taken, and 714 accepted.
[3 : mcmc] Progress @ 2025-04-07 19:56:39 : 2222 steps taken, and 725 accepted.
[1 : mcmc] Progress @ 2025-04-07 19:56:56 : 2224 steps taken, and 742 accepted.
[2 : mcmc] Progress @ 2025-04-07 19:57:14 : 2198 steps taken, and 737 accepted.
[0 : mcmc] Progress @ 2025-04-07 19:57:29 : 2237 steps taken, and 724 accepted.
[3 : mcmc] Progress @ 2025-04-07 19:57:39 : 2240 steps taken, and 734 accepted.
[1 : mcmc] Progress @ 2025-04-07 19:57:58 : 2246 steps taken, and 747 accepted.
[2 : mcmc] Progress @ 2025-04-07 19:58:16 : 2217 steps taken, and 743 accepted.
[0 : mcmc] Progress @ 2025-04-07 19:58:30 : 2255 steps taken, and 729 accepted.
[3 : mcmc] Progress @ 2025-04-07 19:58:42 : 2259 steps taken, and 740 accepted.
[1 : mcmc] Progress @ 2025-04-07 19:59:01 : 2264 steps taken, and 754 accepted.
[2 : mcmc] Progress @ 2025-04-07 19:59:17 : 2236 steps taken, and 753 accepted.
[0 : mcmc] Progress @ 2025-04-07 19:59:33 : 2273 steps taken, and 735 accepted.
[3 : mcmc] Progress @ 2025-04-07 19:59:43 : 2278 steps taken, and 749 accepted.
[1 : mcmc] Progress @ 2025-04-07 20:00:01 : 2284 steps taken, and 764 accepted.
[2 : mcmc] Progress @ 2025-04-07 20:00:19 : 2254 steps taken, and 761 accepted.
[0 : mcmc] Progress @ 2025-04-07 20:00:33 : 2292 steps taken, and 742 accepted.
[3 : mcmc] Progress @ 2025-04-07 20:00:47 : 2299 steps taken, and 758 accepted.
[1 : mcmc] Progress @ 2025-04-07 20:01:01 : 2303 steps taken, and 772 accepted.
[2 : mcmc] Progress @ 2025-04-07 20:01:19 : 2273 steps taken, and 767 accepted.
[0 : mcmc] Progress @ 2025-04-07 20:01:34 : 2313 steps taken, and 751 accepted.
[3 : mcmc] Progress @ 2025-04-07 20:01:48 : 2319 steps taken, and 766 accepted.
[1 : mcmc] Progress @ 2025-04-07 20:02:05 : 2323 steps taken, and 778 accepted.
[2 : mcmc] Progress @ 2025-04-07 20:02:21 : 2291 steps taken, and 774 accepted.
[0 : mcmc] Progress @ 2025-04-07 20:02:34 : 2333 steps taken, and 761 accepted.
[3 : mcmc] Progress @ 2025-04-07 20:02:49 : 2341 steps taken, and 773 accepted.
[1 : mcmc] Progress @ 2025-04-07 20:03:06 : 2342 steps taken, and 786 accepted.
[2 : mcmc] Progress @ 2025-04-07 20:03:25 : 2311 steps taken, and 783 accepted.
[0 : mcmc] Progress @ 2025-04-07 20:03:37 : 2351 steps taken, and 764 accepted.
[3 : mcmc] Progress @ 2025-04-07 20:03:52 : 2360 steps taken, and 781 accepted.
[1 : mcmc] Progress @ 2025-04-07 20:04:10 : 2363 steps taken, and 796 accepted.
[2 : mcmc] Progress @ 2025-04-07 20:04:27 : 2333 steps taken, and 791 accepted.
[0 : mcmc] Progress @ 2025-04-07 20:04:38 : 2370 steps taken, and 772 accepted.
[3 : mcmc] Progress @ 2025-04-07 20:04:54 : 2381 steps taken, and 788 accepted.
[1 : mcmc] Progress @ 2025-04-07 20:05:12 : 2386 steps taken, and 809 accepted.
[2 : mcmc] Progress @ 2025-04-07 20:05:27 : 2370 steps taken, and 798 accepted.
[0 : mcmc] Progress @ 2025-04-07 20:05:38 : 2388 steps taken, and 782 accepted.
[3 : mcmc] Progress @ 2025-04-07 20:05:57 : 2401 steps taken, and 798 accepted.
[1 : mcmc] Progress @ 2025-04-07 20:06:12 : 2406 steps taken, and 818 accepted.
[2 : mcmc] Progress @ 2025-04-07 20:06:31 : 2393 steps taken, and 808 accepted.
[0 : mcmc] Progress @ 2025-04-07 20:06:41 : 2406 steps taken, and 786 accepted.
[3 : mcmc] Progress @ 2025-04-07 20:07:00 : 2420 steps taken, and 807 accepted.
[1 : mcmc] Progress @ 2025-04-07 20:07:15 : 2424 steps taken, and 821 accepted.
[2 : mcmc] Progress @ 2025-04-07 20:07:35 : 2413 steps taken, and 817 accepted.
[0 : mcmc] Progress @ 2025-04-07 20:07:42 : 2426 steps taken, and 791 accepted.
[3 : mcmc] Progress @ 2025-04-07 20:08:02 : 2439 steps taken, and 815 accepted.
[1 : mcmc] Progress @ 2025-04-07 20:08:16 : 2443 steps taken, and 829 accepted.
[2 : mcmc] Progress @ 2025-04-07 20:08:38 : 2431 steps taken, and 826 accepted.
[0 : mcmc] Progress @ 2025-04-07 20:08:46 : 2445 steps taken, and 795 accepted.
[3 : mcmc] Progress @ 2025-04-07 20:09:05 : 2459 steps taken, and 820 accepted.
[1 : mcmc] Progress @ 2025-04-07 20:09:19 : 2463 steps taken, and 834 accepted.
[2 : mcmc] Progress @ 2025-04-07 20:09:41 : 2450 steps taken, and 831 accepted.
[0 : mcmc] Progress @ 2025-04-07 20:09:50 : 2464 steps taken, and 800 accepted.
[3 : mcmc] Progress @ 2025-04-07 20:10:07 : 2482 steps taken, and 830 accepted.
[1 : mcmc] Progress @ 2025-04-07 20:10:22 : 2481 steps taken, and 840 accepted.
[2 : mcmc] Progress @ 2025-04-07 20:10:43 : 2470 steps taken, and 838 accepted.
[0 : mcmc] Progress @ 2025-04-07 20:10:50 : 2483 steps taken, and 809 accepted.
[3 : mcmc] Progress @ 2025-04-07 20:11:07 : 2502 steps taken, and 838 accepted.
[1 : mcmc] Progress @ 2025-04-07 20:11:26 : 2500 steps taken, and 847 accepted.
[2 : mcmc] Progress @ 2025-04-07 20:11:47 : 2492 steps taken, and 845 accepted.
[0 : mcmc] Progress @ 2025-04-07 20:11:53 : 2502 steps taken, and 816 accepted.
[3 : mcmc] Progress @ 2025-04-07 20:12:11 : 2520 steps taken, and 840 accepted.
[1 : mcmc] Progress @ 2025-04-07 20:12:29 : 2518 steps taken, and 851 accepted.
[2 : mcmc] Progress @ 2025-04-07 20:12:48 : 2509 steps taken, and 852 accepted.
[0 : mcmc] Progress @ 2025-04-07 20:12:54 : 2523 steps taken, and 829 accepted.
[3 : mcmc] Progress @ 2025-04-07 20:13:11 : 2541 steps taken, and 845 accepted.
[1 : mcmc] Progress @ 2025-04-07 20:13:29 : 2537 steps taken, and 856 accepted.
[2 : mcmc] Progress @ 2025-04-07 20:13:51 : 2532 steps taken, and 859 accepted.
[0 : mcmc] Progress @ 2025-04-07 20:13:55 : 2541 steps taken, and 839 accepted.
[3 : mcmc] Progress @ 2025-04-07 20:14:11 : 2560 steps taken, and 852 accepted.
[1 : mcmc] Progress @ 2025-04-07 20:14:29 : 2555 steps taken, and 862 accepted.
[2 : mcmc] Progress @ 2025-04-07 20:14:51 : 2557 steps taken, and 862 accepted.
[0 : mcmc] Progress @ 2025-04-07 20:14:57 : 2558 steps taken, and 846 accepted.
[3 : mcmc] Progress @ 2025-04-07 20:15:14 : 2578 steps taken, and 862 accepted.
[1 : mcmc] Progress @ 2025-04-07 20:15:32 : 2573 steps taken, and 869 accepted.
[2 : mcmc] Progress @ 2025-04-07 20:15:52 : 2577 steps taken, and 871 accepted.
[0 : mcmc] Progress @ 2025-04-07 20:15:58 : 2579 steps taken, and 854 accepted.
[3 : mcmc] Progress @ 2025-04-07 20:16:14 : 2597 steps taken, and 869 accepted.
[1 : mcmc] Progress @ 2025-04-07 20:16:32 : 2591 steps taken, and 874 accepted.
[2 : mcmc] Progress @ 2025-04-07 20:16:54 : 2605 steps taken, and 881 accepted.
[0 : mcmc] Progress @ 2025-04-07 20:16:58 : 2597 steps taken, and 861 accepted.
[3 : mcmc] Progress @ 2025-04-07 20:17:15 : 2615 steps taken, and 874 accepted.
[1 : mcmc] Progress @ 2025-04-07 20:17:35 : 2609 steps taken, and 882 accepted.
[2 : mcmc] Progress @ 2025-04-07 20:17:58 : 2624 steps taken, and 887 accepted.
[0 : mcmc] Progress @ 2025-04-07 20:17:58 : 2618 steps taken, and 871 accepted.
[3 : mcmc] Progress @ 2025-04-07 20:18:15 : 2634 steps taken, and 878 accepted.
[1 : mcmc] Progress @ 2025-04-07 20:18:35 : 2628 steps taken, and 890 accepted.
[2 : mcmc] Progress @ 2025-04-07 20:19:00 : 2642 steps taken, and 894 accepted.
[0 : mcmc] Progress @ 2025-04-07 20:19:02 : 2638 steps taken, and 881 accepted.
[3 : mcmc] Progress @ 2025-04-07 20:19:17 : 2651 steps taken, and 886 accepted.
[1 : mcmc] Progress @ 2025-04-07 20:19:36 : 2646 steps taken, and 896 accepted.
[0 : mcmc] Progress @ 2025-04-07 20:20:02 : 2656 steps taken, and 888 accepted.
[2 : mcmc] Progress @ 2025-04-07 20:20:03 : 2661 steps taken, and 900 accepted.
[3 : mcmc] Progress @ 2025-04-07 20:20:18 : 2671 steps taken, and 893 accepted.
[1 : mcmc] Progress @ 2025-04-07 20:20:36 : 2666 steps taken, and 905 accepted.
[2 : mcmc] Progress @ 2025-04-07 20:21:04 : 2680 steps taken, and 909 accepted.
[0 : mcmc] Progress @ 2025-04-07 20:21:05 : 2676 steps taken, and 891 accepted.
[3 : mcmc] Progress @ 2025-04-07 20:21:19 : 2691 steps taken, and 898 accepted.
[1 : mcmc] Progress @ 2025-04-07 20:21:39 : 2684 steps taken, and 911 accepted.
[0 : mcmc] Progress @ 2025-04-07 20:22:06 : 2695 steps taken, and 896 accepted.
[2 : mcmc] Progress @ 2025-04-07 20:22:08 : 2699 steps taken, and 918 accepted.
[3 : mcmc] Progress @ 2025-04-07 20:22:20 : 2707 steps taken, and 908 accepted.
[1 : mcmc] Progress @ 2025-04-07 20:22:43 : 2704 steps taken, and 922 accepted.
[0 : mcmc] Progress @ 2025-04-07 20:23:10 : 2714 steps taken, and 903 accepted.
[2 : mcmc] Progress @ 2025-04-07 20:23:12 : 2720 steps taken, and 925 accepted.
[3 : mcmc] Progress @ 2025-04-07 20:23:21 : 2725 steps taken, and 914 accepted.
[1 : mcmc] Progress @ 2025-04-07 20:23:46 : 2723 steps taken, and 929 accepted.
[0 : mcmc] Progress @ 2025-04-07 20:24:14 : 2733 steps taken, and 909 accepted.
[2 : mcmc] Progress @ 2025-04-07 20:24:16 : 2739 steps taken, and 932 accepted.
[3 : mcmc] Progress @ 2025-04-07 20:24:21 : 2743 steps taken, and 923 accepted.
[1 : mcmc] Progress @ 2025-04-07 20:24:48 : 2743 steps taken, and 940 accepted.
[0 : mcmc] Progress @ 2025-04-07 20:25:17 : 2751 steps taken, and 916 accepted.
[2 : mcmc] Progress @ 2025-04-07 20:25:20 : 2758 steps taken, and 935 accepted.
[3 : mcmc] Progress @ 2025-04-07 20:25:21 : 2761 steps taken, and 927 accepted.
[1 : mcmc] Progress @ 2025-04-07 20:25:48 : 2762 steps taken, and 944 accepted.
[0 : mcmc] Progress @ 2025-04-07 20:26:17 : 2772 steps taken, and 924 accepted.
[3 : mcmc] Progress @ 2025-04-07 20:26:24 : 2780 steps taken, and 934 accepted.
[2 : mcmc] Progress @ 2025-04-07 20:26:24 : 2778 steps taken, and 942 accepted.
[1 : mcmc] Progress @ 2025-04-07 20:26:53 : 2782 steps taken, and 950 accepted.
[0 : mcmc] Progress @ 2025-04-07 20:27:17 : 2795 steps taken, and 930 accepted.
[3 : mcmc] Progress @ 2025-04-07 20:27:24 : 2801 steps taken, and 939 accepted.
[2 : mcmc] Progress @ 2025-04-07 20:27:28 : 2802 steps taken, and 953 accepted.
[1 : mcmc] Progress @ 2025-04-07 20:27:56 : 2800 steps taken, and 955 accepted.
[2 : mcmc] Learn + convergence test @ 960 samples accepted.
[2 : mcmc] Ready to check convergence and learn a new proposal covmat (waiting for the rest...)
[0 : mcmc] Progress @ 2025-04-07 20:28:19 : 2814 steps taken, and 939 accepted.
[3 : mcmc] Progress @ 2025-04-07 20:28:24 : 2819 steps taken, and 945 accepted.
[2 : mcmc] Progress @ 2025-04-07 20:28:29 : 2824 steps taken, and 962 accepted.
[1 : mcmc] Learn + convergence test @ 960 samples accepted.
[1 : mcmc] Ready to check convergence and learn a new proposal covmat (waiting for the rest...)
[1 : mcmc] Progress @ 2025-04-07 20:28:56 : 2819 steps taken, and 963 accepted.
[0 : mcmc] Progress @ 2025-04-07 20:29:21 : 2832 steps taken, and 946 accepted.
[3 : mcmc] Progress @ 2025-04-07 20:29:27 : 2839 steps taken, and 951 accepted.
[2 : mcmc] Progress @ 2025-04-07 20:29:32 : 2842 steps taken, and 970 accepted.
[1 : mcmc] Progress @ 2025-04-07 20:29:59 : 2837 steps taken, and 970 accepted.
[0 : mcmc] Progress @ 2025-04-07 20:30:24 : 2851 steps taken, and 952 accepted.
[3 : mcmc] Progress @ 2025-04-07 20:30:27 : 2857 steps taken, and 960 accepted.
[3 : mcmc] Learn + convergence test @ 960 samples accepted.
[3 : mcmc] Ready to check convergence and learn a new proposal covmat (waiting for the rest...)
[2 : mcmc] Progress @ 2025-04-07 20:30:32 : 2863 steps taken, and 976 accepted.
[1 : mcmc] Progress @ 2025-04-07 20:31:00 : 2859 steps taken, and 980 accepted.
[0 : mcmc] Progress @ 2025-04-07 20:31:24 : 2869 steps taken, and 959 accepted.
[3 : mcmc] Progress @ 2025-04-07 20:31:29 : 2876 steps taken, and 968 accepted.
[0 : mcmc] Learn + convergence test @ 960 samples accepted.
[0 : mcmc] Ready to check convergence and learn a new proposal covmat (waiting for the rest...)
[0 : mcmc] All chains are ready to check convergence and learn a new proposal covmat
[2 : mcmc] Progress @ 2025-04-07 20:31:35 : 2881 steps taken, and 982 accepted.
[0 : mcmc]  - Acceptance rate: 0.374 = avg([0.3738, 0.3941, 0.3552, 0.3728])
[0 : mcmc]  - Convergence of means: R-1 = 0.084753 after 3898 accepted steps = sum([960, 985, 983, 970])
[0 : mcmc]  - Updated covariance matrix of proposal pdf.
[1 : mcmc] Progress @ 2025-04-07 20:32:03 : 2876 steps taken, and 985 accepted.
[0 : mcmc] Progress @ 2025-04-07 20:32:27 : 2879 steps taken, and 964 accepted.
[3 : mcmc] Progress @ 2025-04-07 20:32:32 : 2894 steps taken, and 974 accepted.
[2 : mcmc] Progress @ 2025-04-07 20:32:36 : 2895 steps taken, and 987 accepted.
[1 : mcmc] Progress @ 2025-04-07 20:33:04 : 2894 steps taken, and 990 accepted.
[0 : mcmc] Progress @ 2025-04-07 20:33:30 : 2897 steps taken, and 971 accepted.
[3 : mcmc] Progress @ 2025-04-07 20:33:32 : 2914 steps taken, and 984 accepted.
[2 : mcmc] Progress @ 2025-04-07 20:33:39 : 2913 steps taken, and 992 accepted.
[1 : mcmc] Progress @ 2025-04-07 20:34:04 : 2914 steps taken, and 995 accepted.
[0 : mcmc] Progress @ 2025-04-07 20:34:30 : 2915 steps taken, and 975 accepted.
[3 : mcmc] Progress @ 2025-04-07 20:34:32 : 2934 steps taken, and 991 accepted.
[2 : mcmc] Progress @ 2025-04-07 20:34:40 : 2934 steps taken, and 997 accepted.
[1 : mcmc] Progress @ 2025-04-07 20:35:07 : 2933 steps taken, and 1000 accepted.
[0 : mcmc] Progress @ 2025-04-07 20:35:30 : 2933 steps taken, and 981 accepted.
[3 : mcmc] Progress @ 2025-04-07 20:35:36 : 2952 steps taken, and 996 accepted.
[2 : mcmc] Progress @ 2025-04-07 20:35:43 : 2952 steps taken, and 1008 accepted.
[1 : mcmc] Progress @ 2025-04-07 20:36:08 : 2951 steps taken, and 1007 accepted.
[0 : mcmc] Progress @ 2025-04-07 20:36:33 : 2951 steps taken, and 985 accepted.
[3 : mcmc] Progress @ 2025-04-07 20:36:38 : 2970 steps taken, and 1003 accepted.
[2 : mcmc] Progress @ 2025-04-07 20:36:44 : 2973 steps taken, and 1014 accepted.
[1 : mcmc] Progress @ 2025-04-07 20:37:12 : 2971 steps taken, and 1010 accepted.
[0 : mcmc] Progress @ 2025-04-07 20:37:33 : 2969 steps taken, and 989 accepted.
[3 : mcmc] Progress @ 2025-04-07 20:37:38 : 2989 steps taken, and 1012 accepted.
[2 : mcmc] Progress @ 2025-04-07 20:37:47 : 2992 steps taken, and 1020 accepted.
[1 : mcmc] Progress @ 2025-04-07 20:38:13 : 2990 steps taken, and 1016 accepted.
[0 : mcmc] Progress @ 2025-04-07 20:38:33 : 2989 steps taken, and 997 accepted.
[3 : mcmc] Progress @ 2025-04-07 20:38:38 : 3007 steps taken, and 1018 accepted.
[2 : mcmc] Progress @ 2025-04-07 20:38:48 : 3015 steps taken, and 1023 accepted.
[1 : mcmc] Progress @ 2025-04-07 20:39:16 : 3008 steps taken, and 1026 accepted.
[0 : mcmc] Progress @ 2025-04-07 20:39:35 : 3006 steps taken, and 1006 accepted.
[3 : mcmc] Progress @ 2025-04-07 20:39:38 : 3025 steps taken, and 1028 accepted.
[2 : mcmc] Progress @ 2025-04-07 20:39:50 : 3043 steps taken, and 1033 accepted.
[1 : mcmc] Progress @ 2025-04-07 20:40:20 : 3027 steps taken, and 1035 accepted.
[0 : mcmc] Progress @ 2025-04-07 20:40:35 : 3024 steps taken, and 1012 accepted.
[3 : mcmc] Progress @ 2025-04-07 20:40:39 : 3046 steps taken, and 1035 accepted.
[2 : mcmc] Progress @ 2025-04-07 20:40:54 : 3063 steps taken, and 1038 accepted.
[1 : mcmc] Progress @ 2025-04-07 20:41:23 : 3045 steps taken, and 1044 accepted.
[0 : mcmc] Progress @ 2025-04-07 20:41:35 : 3042 steps taken, and 1019 accepted.
[3 : mcmc] Progress @ 2025-04-07 20:41:42 : 3066 steps taken, and 1039 accepted.
[2 : mcmc] Progress @ 2025-04-07 20:41:54 : 3084 steps taken, and 1043 accepted.
[1 : mcmc] Progress @ 2025-04-07 20:42:25 : 3062 steps taken, and 1050 accepted.
[0 : mcmc] Progress @ 2025-04-07 20:42:35 : 3064 steps taken, and 1029 accepted.
[3 : mcmc] Progress @ 2025-04-07 20:42:45 : 3084 steps taken, and 1048 accepted.
[2 : mcmc] Progress @ 2025-04-07 20:42:58 : 3104 steps taken, and 1048 accepted.
[1 : mcmc] Progress @ 2025-04-07 20:43:26 : 3081 steps taken, and 1059 accepted.
[0 : mcmc] Progress @ 2025-04-07 20:43:38 : 3082 steps taken, and 1037 accepted.
[3 : mcmc] Progress @ 2025-04-07 20:43:46 : 3104 steps taken, and 1055 accepted.
[2 : mcmc] Progress @ 2025-04-07 20:44:01 : 3122 steps taken, and 1053 accepted.
[1 : mcmc] Progress @ 2025-04-07 20:44:26 : 3100 steps taken, and 1071 accepted.
[0 : mcmc] Progress @ 2025-04-07 20:44:40 : 3105 steps taken, and 1043 accepted.
[3 : mcmc] Progress @ 2025-04-07 20:44:49 : 3124 steps taken, and 1060 accepted.
[2 : mcmc] Progress @ 2025-04-07 20:45:02 : 3142 steps taken, and 1062 accepted.
[1 : mcmc] Progress @ 2025-04-07 20:45:30 : 3133 steps taken, and 1079 accepted.
[0 : mcmc] Progress @ 2025-04-07 20:45:40 : 3125 steps taken, and 1047 accepted.
[3 : mcmc] Progress @ 2025-04-07 20:45:52 : 3148 steps taken, and 1067 accepted.
[2 : mcmc] Progress @ 2025-04-07 20:46:04 : 3160 steps taken, and 1070 accepted.
[1 : mcmc] Progress @ 2025-04-07 20:46:30 : 3152 steps taken, and 1087 accepted.
[0 : mcmc] Progress @ 2025-04-07 20:46:41 : 3146 steps taken, and 1053 accepted.
[3 : mcmc] Progress @ 2025-04-07 20:46:52 : 3170 steps taken, and 1074 accepted.
[2 : mcmc] Progress @ 2025-04-07 20:47:09 : 3181 steps taken, and 1077 accepted.
[1 : mcmc] Progress @ 2025-04-07 20:47:34 : 3172 steps taken, and 1094 accepted.
[0 : mcmc] Progress @ 2025-04-07 20:47:43 : 3163 steps taken, and 1056 accepted.
[3 : mcmc] Progress @ 2025-04-07 20:47:52 : 3188 steps taken, and 1078 accepted.
[2 : mcmc] Progress @ 2025-04-07 20:48:09 : 3204 steps taken, and 1082 accepted.
[1 : mcmc] Progress @ 2025-04-07 20:48:38 : 3192 steps taken, and 1100 accepted.
[0 : mcmc] Progress @ 2025-04-07 20:48:44 : 3182 steps taken, and 1068 accepted.
[3 : mcmc] Progress @ 2025-04-07 20:48:53 : 3206 steps taken, and 1085 accepted.
[2 : mcmc] Progress @ 2025-04-07 20:49:13 : 3225 steps taken, and 1087 accepted.
[1 : mcmc] Progress @ 2025-04-07 20:49:41 : 3210 steps taken, and 1107 accepted.
[0 : mcmc] Progress @ 2025-04-07 20:49:44 : 3202 steps taken, and 1075 accepted.
[3 : mcmc] Progress @ 2025-04-07 20:49:56 : 3224 steps taken, and 1091 accepted.
[2 : mcmc] Progress @ 2025-04-07 20:50:16 : 3244 steps taken, and 1091 accepted.
[1 : mcmc] Progress @ 2025-04-07 20:50:42 : 3229 steps taken, and 1114 accepted.
[0 : mcmc] Progress @ 2025-04-07 20:50:49 : 3222 steps taken, and 1082 accepted.
[3 : mcmc] Progress @ 2025-04-07 20:50:59 : 3242 steps taken, and 1099 accepted.
[2 : mcmc] Progress @ 2025-04-07 20:51:18 : 3266 steps taken, and 1101 accepted.
[1 : mcmc] Progress @ 2025-04-07 20:51:44 : 3246 steps taken, and 1121 accepted.
[0 : mcmc] Progress @ 2025-04-07 20:51:52 : 3241 steps taken, and 1087 accepted.
[3 : mcmc] Progress @ 2025-04-07 20:52:00 : 3264 steps taken, and 1108 accepted.
[2 : mcmc] Progress @ 2025-04-07 20:52:21 : 3285 steps taken, and 1109 accepted.
[1 : mcmc] Progress @ 2025-04-07 20:52:46 : 3267 steps taken, and 1131 accepted.
[0 : mcmc] Progress @ 2025-04-07 20:52:53 : 3265 steps taken, and 1094 accepted.
[3 : mcmc] Progress @ 2025-04-07 20:53:01 : 3285 steps taken, and 1113 accepted.
[2 : mcmc] Progress @ 2025-04-07 20:53:25 : 3305 steps taken, and 1116 accepted.
[1 : mcmc] Progress @ 2025-04-07 20:53:47 : 3283 steps taken, and 1136 accepted.
[0 : mcmc] Progress @ 2025-04-07 20:53:54 : 3289 steps taken, and 1101 accepted.
[3 : mcmc] Progress @ 2025-04-07 20:54:01 : 3304 steps taken, and 1120 accepted.
[2 : mcmc] Progress @ 2025-04-07 20:54:26 : 3325 steps taken, and 1120 accepted.
[1 : mcmc] Progress @ 2025-04-07 20:54:48 : 3304 steps taken, and 1145 accepted.
[0 : mcmc] Progress @ 2025-04-07 20:54:58 : 3318 steps taken, and 1108 accepted.
[3 : mcmc] Progress @ 2025-04-07 20:55:01 : 3324 steps taken, and 1127 accepted.
[2 : mcmc] Progress @ 2025-04-07 20:55:29 : 3343 steps taken, and 1128 accepted.
[1 : mcmc] Progress @ 2025-04-07 20:55:50 : 3326 steps taken, and 1150 accepted.
[0 : mcmc] Progress @ 2025-04-07 20:55:59 : 3346 steps taken, and 1120 accepted.
[3 : mcmc] Progress @ 2025-04-07 20:56:01 : 3343 steps taken, and 1134 accepted.
[2 : mcmc] Progress @ 2025-04-07 20:56:32 : 3363 steps taken, and 1137 accepted.
[1 : mcmc] Progress @ 2025-04-07 20:56:53 : 3344 steps taken, and 1157 accepted.
[0 : mcmc] Progress @ 2025-04-07 20:57:00 : 3367 steps taken, and 1128 accepted.
[3 : mcmc] Progress @ 2025-04-07 20:57:05 : 3361 steps taken, and 1141 accepted.
[2 : mcmc] Progress @ 2025-04-07 20:57:35 : 3381 steps taken, and 1146 accepted.
[1 : mcmc] Progress @ 2025-04-07 20:57:53 : 3365 steps taken, and 1166 accepted.
[0 : mcmc] Progress @ 2025-04-07 20:58:01 : 3388 steps taken, and 1136 accepted.
[3 : mcmc] Progress @ 2025-04-07 20:58:05 : 3379 steps taken, and 1147 accepted.
[2 : mcmc] Progress @ 2025-04-07 20:58:39 : 3400 steps taken, and 1156 accepted.
[1 : mcmc] Progress @ 2025-04-07 20:58:53 : 3384 steps taken, and 1171 accepted.
[0 : mcmc] Progress @ 2025-04-07 20:59:01 : 3408 steps taken, and 1141 accepted.
[3 : mcmc] Progress @ 2025-04-07 20:59:05 : 3399 steps taken, and 1154 accepted.
[2 : mcmc] Progress @ 2025-04-07 20:59:40 : 3423 steps taken, and 1167 accepted.
[1 : mcmc] Progress @ 2025-04-07 20:59:56 : 3402 steps taken, and 1177 accepted.
[0 : mcmc] Progress @ 2025-04-07 21:00:01 : 3427 steps taken, and 1148 accepted.
[3 : mcmc] Progress @ 2025-04-07 21:00:08 : 3418 steps taken, and 1161 accepted.
[2 : mcmc] Progress @ 2025-04-07 21:00:44 : 3444 steps taken, and 1171 accepted.
[1 : mcmc] Progress @ 2025-04-07 21:00:56 : 3420 steps taken, and 1180 accepted.
[0 : mcmc] Progress @ 2025-04-07 21:01:03 : 3444 steps taken, and 1153 accepted.
[3 : mcmc] Progress @ 2025-04-07 21:01:11 : 3436 steps taken, and 1165 accepted.
[2 : mcmc] Progress @ 2025-04-07 21:01:47 : 3463 steps taken, and 1179 accepted.
[1 : mcmc] Progress @ 2025-04-07 21:01:56 : 3438 steps taken, and 1185 accepted.
[0 : mcmc] Progress @ 2025-04-07 21:02:04 : 3465 steps taken, and 1162 accepted.
[3 : mcmc] Progress @ 2025-04-07 21:02:14 : 3458 steps taken, and 1176 accepted.
[2 : mcmc] Progress @ 2025-04-07 21:02:48 : 3483 steps taken, and 1188 accepted.
[1 : mcmc] Progress @ 2025-04-07 21:02:58 : 3455 steps taken, and 1189 accepted.
[0 : mcmc] Progress @ 2025-04-07 21:03:06 : 3485 steps taken, and 1165 accepted.
[3 : mcmc] Progress @ 2025-04-07 21:03:17 : 3476 steps taken, and 1183 accepted.
[2 : mcmc] Progress @ 2025-04-07 21:03:51 : 3502 steps taken, and 1196 accepted.
[1 : mcmc] Progress @ 2025-04-07 21:03:58 : 3473 steps taken, and 1197 accepted.
[0 : mcmc] Progress @ 2025-04-07 21:04:06 : 3506 steps taken, and 1168 accepted.
[3 : mcmc] Progress @ 2025-04-07 21:04:17 : 3497 steps taken, and 1187 accepted.
[2 : mcmc] Progress @ 2025-04-07 21:04:52 : 3521 steps taken, and 1206 accepted.
[1 : mcmc] Progress @ 2025-04-07 21:04:58 : 3492 steps taken, and 1205 accepted.
[0 : mcmc] Progress @ 2025-04-07 21:05:08 : 3524 steps taken, and 1174 accepted.
[3 : mcmc] Progress @ 2025-04-07 21:05:19 : 3518 steps taken, and 1198 accepted.
[2 : mcmc] Progress @ 2025-04-07 21:05:52 : 3541 steps taken, and 1215 accepted.
[1 : mcmc] Progress @ 2025-04-07 21:05:59 : 3511 steps taken, and 1211 accepted.
[0 : mcmc] Progress @ 2025-04-07 21:06:09 : 3545 steps taken, and 1182 accepted.
[3 : mcmc] Progress @ 2025-04-07 21:06:22 : 3536 steps taken, and 1206 accepted.
[2 : mcmc] Progress @ 2025-04-07 21:06:55 : 3561 steps taken, and 1219 accepted.
[1 : mcmc] Progress @ 2025-04-07 21:07:02 : 3532 steps taken, and 1218 accepted.
[0 : mcmc] Progress @ 2025-04-07 21:07:12 : 3563 steps taken, and 1189 accepted.
[3 : mcmc] Progress @ 2025-04-07 21:07:22 : 3555 steps taken, and 1211 accepted.
[2 : mcmc] Progress @ 2025-04-07 21:07:58 : 3593 steps taken, and 1230 accepted.
[1 : mcmc] Progress @ 2025-04-07 21:08:03 : 3554 steps taken, and 1228 accepted.
[0 : mcmc] Progress @ 2025-04-07 21:08:14 : 3583 steps taken, and 1201 accepted.
[3 : mcmc] Progress @ 2025-04-07 21:08:25 : 3574 steps taken, and 1218 accepted.
[2 : mcmc] Progress @ 2025-04-07 21:09:01 : 3612 steps taken, and 1236 accepted.
[1 : mcmc] Progress @ 2025-04-07 21:09:05 : 3576 steps taken, and 1233 accepted.
[0 : mcmc] Progress @ 2025-04-07 21:09:17 : 3601 steps taken, and 1209 accepted.
[3 : mcmc] Progress @ 2025-04-07 21:09:25 : 3592 steps taken, and 1224 accepted.
[2 : mcmc] Progress @ 2025-04-07 21:10:04 : 3637 steps taken, and 1248 accepted.
[1 : mcmc] Progress @ 2025-04-07 21:10:06 : 3597 steps taken, and 1242 accepted.
[0 : mcmc] Progress @ 2025-04-07 21:10:17 : 3619 steps taken, and 1214 accepted.
[3 : mcmc] Progress @ 2025-04-07 21:10:26 : 3611 steps taken, and 1233 accepted.
[2 : mcmc] Progress @ 2025-04-07 21:11:07 : 3655 steps taken, and 1254 accepted.
[1 : mcmc] Progress @ 2025-04-07 21:11:07 : 3613 steps taken, and 1248 accepted.
[0 : mcmc] Progress @ 2025-04-07 21:11:17 : 3639 steps taken, and 1218 accepted.
[3 : mcmc] Progress @ 2025-04-07 21:11:29 : 3631 steps taken, and 1240 accepted.
[2 : mcmc] Progress @ 2025-04-07 21:12:08 : 3681 steps taken, and 1256 accepted.
[1 : mcmc] Progress @ 2025-04-07 21:12:08 : 3633 steps taken, and 1258 accepted.
[0 : mcmc] Progress @ 2025-04-07 21:12:21 : 3660 steps taken, and 1228 accepted.
[3 : mcmc] Progress @ 2025-04-07 21:12:29 : 3649 steps taken, and 1246 accepted.
[2 : mcmc] Progress @ 2025-04-07 21:13:10 : 3707 steps taken, and 1265 accepted.
[1 : mcmc] Progress @ 2025-04-07 21:13:12 : 3653 steps taken, and 1265 accepted.
[0 : mcmc] Progress @ 2025-04-07 21:13:22 : 3680 steps taken, and 1236 accepted.
[3 : mcmc] Progress @ 2025-04-07 21:13:31 : 3670 steps taken, and 1254 accepted.
[1 : mcmc] Progress @ 2025-04-07 21:14:13 : 3674 steps taken, and 1272 accepted.
[2 : mcmc] Progress @ 2025-04-07 21:14:14 : 3726 steps taken, and 1272 accepted.
[0 : mcmc] Progress @ 2025-04-07 21:14:23 : 3701 steps taken, and 1242 accepted.
[3 : mcmc] Progress @ 2025-04-07 21:14:34 : 3688 steps taken, and 1259 accepted.
[2 : mcmc] Learn + convergence test @ 1280 samples accepted.
[2 : mcmc] Ready to check convergence and learn a new proposal covmat (waiting for the rest...)
[1 : mcmc] Progress @ 2025-04-07 21:15:15 : 3691 steps taken, and 1280 accepted.
[1 : mcmc] Learn + convergence test @ 1280 samples accepted.
[1 : mcmc] Ready to check convergence and learn a new proposal covmat (waiting for the rest...)
[2 : mcmc] Progress @ 2025-04-07 21:15:18 : 3748 steps taken, and 1280 accepted.
[0 : mcmc] Progress @ 2025-04-07 21:15:27 : 3719 steps taken, and 1247 accepted.
[3 : mcmc] Progress @ 2025-04-07 21:15:34 : 3709 steps taken, and 1265 accepted.
[1 : mcmc] Progress @ 2025-04-07 21:16:16 : 3710 steps taken, and 1283 accepted.
[2 : mcmc] Progress @ 2025-04-07 21:16:22 : 3767 steps taken, and 1285 accepted.
[0 : mcmc] Progress @ 2025-04-07 21:16:30 : 3737 steps taken, and 1253 accepted.
[3 : mcmc] Progress @ 2025-04-07 21:16:36 : 3734 steps taken, and 1273 accepted.
[1 : mcmc] Progress @ 2025-04-07 21:17:19 : 3737 steps taken, and 1296 accepted.
[2 : mcmc] Progress @ 2025-04-07 21:17:26 : 3787 steps taken, and 1291 accepted.
[0 : mcmc] Progress @ 2025-04-07 21:17:33 : 3757 steps taken, and 1263 accepted.
[3 : mcmc] Progress @ 2025-04-07 21:17:40 : 3753 steps taken, and 1277 accepted.
[3 : mcmc] Learn + convergence test @ 1280 samples accepted.
[3 : mcmc] Ready to check convergence and learn a new proposal covmat (waiting for the rest...)
[1 : mcmc] Progress @ 2025-04-07 21:18:20 : 3756 steps taken, and 1304 accepted.
[2 : mcmc] Progress @ 2025-04-07 21:18:30 : 3808 steps taken, and 1297 accepted.
[0 : mcmc] Progress @ 2025-04-07 21:18:34 : 3776 steps taken, and 1271 accepted.
[3 : mcmc] Progress @ 2025-04-07 21:18:41 : 3773 steps taken, and 1285 accepted.
[1 : mcmc] Progress @ 2025-04-07 21:19:22 : 3776 steps taken, and 1314 accepted.
[2 : mcmc] Progress @ 2025-04-07 21:19:32 : 3828 steps taken, and 1305 accepted.
[0 : mcmc] Progress @ 2025-04-07 21:19:37 : 3794 steps taken, and 1278 accepted.
[3 : mcmc] Progress @ 2025-04-07 21:19:44 : 3792 steps taken, and 1295 accepted.
[0 : mcmc] Learn + convergence test @ 1280 samples accepted.
[0 : mcmc] Ready to check convergence and learn a new proposal covmat (waiting for the rest...)
[0 : mcmc] All chains are ready to check convergence and learn a new proposal covmat
[0 : mcmc]  - Acceptance rate: 0.359 = avg([0.3548, 0.3746, 0.3453, 0.3611])
[0 : mcmc]  - Convergence of means: R-1 = 0.091161 after 5210 accepted steps = sum([1280, 1320, 1310, 1300])
[0 : mcmc]  - Updated covariance matrix of proposal pdf.
[1 : mcmc] Progress @ 2025-04-07 21:20:32 : 3791 steps taken, and 1320 accepted.
[2 : mcmc] Progress @ 2025-04-07 21:20:33 : 3847 steps taken, and 1310 accepted.
[0 : mcmc] Progress @ 2025-04-07 21:20:38 : 3807 steps taken, and 1282 accepted.
[3 : mcmc] Progress @ 2025-04-07 21:20:45 : 3809 steps taken, and 1302 accepted.
[1 : mcmc] Progress @ 2025-04-07 21:21:34 : 3816 steps taken, and 1328 accepted.
[2 : mcmc] Progress @ 2025-04-07 21:21:36 : 3865 steps taken, and 1318 accepted.
[0 : mcmc] Progress @ 2025-04-07 21:21:41 : 3825 steps taken, and 1290 accepted.
[3 : mcmc] Progress @ 2025-04-07 21:21:46 : 3828 steps taken, and 1309 accepted.
[1 : mcmc] Progress @ 2025-04-07 21:22:38 : 3835 steps taken, and 1332 accepted.
[2 : mcmc] Progress @ 2025-04-07 21:22:39 : 3886 steps taken, and 1325 accepted.
[0 : mcmc] Progress @ 2025-04-07 21:22:41 : 3843 steps taken, and 1297 accepted.
[3 : mcmc] Progress @ 2025-04-07 21:22:48 : 3854 steps taken, and 1316 accepted.
[1 : mcmc] Progress @ 2025-04-07 21:23:38 : 3858 steps taken, and 1344 accepted.
[2 : mcmc] Progress @ 2025-04-07 21:23:40 : 3906 steps taken, and 1331 accepted.
[0 : mcmc] Progress @ 2025-04-07 21:23:45 : 3861 steps taken, and 1303 accepted.
[3 : mcmc] Progress @ 2025-04-07 21:23:51 : 3873 steps taken, and 1319 accepted.
[1 : mcmc] Progress @ 2025-04-07 21:24:39 : 3877 steps taken, and 1350 accepted.
[2 : mcmc] Progress @ 2025-04-07 21:24:43 : 3924 steps taken, and 1338 accepted.
[0 : mcmc] Progress @ 2025-04-07 21:24:45 : 3882 steps taken, and 1313 accepted.
[3 : mcmc] Progress @ 2025-04-07 21:24:52 : 3891 steps taken, and 1327 accepted.
[1 : mcmc] Progress @ 2025-04-07 21:25:39 : 3896 steps taken, and 1357 accepted.
[0 : mcmc] Progress @ 2025-04-07 21:25:45 : 3900 steps taken, and 1319 accepted.
[2 : mcmc] Progress @ 2025-04-07 21:25:46 : 3943 steps taken, and 1341 accepted.
[3 : mcmc] Progress @ 2025-04-07 21:25:54 : 3908 steps taken, and 1335 accepted.
[1 : mcmc] Progress @ 2025-04-07 21:26:39 : 3914 steps taken, and 1364 accepted.
[0 : mcmc] Progress @ 2025-04-07 21:26:48 : 3918 steps taken, and 1328 accepted.
[2 : mcmc] Progress @ 2025-04-07 21:26:49 : 3961 steps taken, and 1349 accepted.
[3 : mcmc] Progress @ 2025-04-07 21:26:55 : 3929 steps taken, and 1345 accepted.
[1 : mcmc] Progress @ 2025-04-07 21:27:40 : 3935 steps taken, and 1372 accepted.
[0 : mcmc] Progress @ 2025-04-07 21:27:49 : 3937 steps taken, and 1333 accepted.
[2 : mcmc] Progress @ 2025-04-07 21:27:52 : 3980 steps taken, and 1355 accepted.
[3 : mcmc] Progress @ 2025-04-07 21:27:56 : 3949 steps taken, and 1353 accepted.
[1 : mcmc] Progress @ 2025-04-07 21:28:40 : 3954 steps taken, and 1379 accepted.
[0 : mcmc] Progress @ 2025-04-07 21:28:52 : 3955 steps taken, and 1337 accepted.
[2 : mcmc] Progress @ 2025-04-07 21:28:53 : 4000 steps taken, and 1362 accepted.
[3 : mcmc] Progress @ 2025-04-07 21:28:59 : 3968 steps taken, and 1362 accepted.
[1 : mcmc] Progress @ 2025-04-07 21:29:43 : 3973 steps taken, and 1384 accepted.
[2 : mcmc] Progress @ 2025-04-07 21:29:55 : 4019 steps taken, and 1369 accepted.
[0 : mcmc] Progress @ 2025-04-07 21:29:55 : 3973 steps taken, and 1344 accepted.
[3 : mcmc] Progress @ 2025-04-07 21:30:00 : 3993 steps taken, and 1368 accepted.
[1 : mcmc] Progress @ 2025-04-07 21:30:47 : 3991 steps taken, and 1388 accepted.
[2 : mcmc] Progress @ 2025-04-07 21:30:55 : 4039 steps taken, and 1376 accepted.
[0 : mcmc] Progress @ 2025-04-07 21:30:56 : 3993 steps taken, and 1349 accepted.
[3 : mcmc] Progress @ 2025-04-07 21:31:04 : 4011 steps taken, and 1377 accepted.
[1 : mcmc] Progress @ 2025-04-07 21:31:50 : 4012 steps taken, and 1397 accepted.
[2 : mcmc] Progress @ 2025-04-07 21:31:58 : 4058 steps taken, and 1381 accepted.
[0 : mcmc] Progress @ 2025-04-07 21:31:59 : 4012 steps taken, and 1357 accepted.
[3 : mcmc] Progress @ 2025-04-07 21:32:05 : 4030 steps taken, and 1384 accepted.
[1 : mcmc] Progress @ 2025-04-07 21:32:50 : 4029 steps taken, and 1405 accepted.
[0 : mcmc] Progress @ 2025-04-07 21:33:00 : 4032 steps taken, and 1366 accepted.
[2 : mcmc] Progress @ 2025-04-07 21:33:02 : 4078 steps taken, and 1390 accepted.
[3 : mcmc] Progress @ 2025-04-07 21:33:08 : 4049 steps taken, and 1392 accepted.
[1 : mcmc] Progress @ 2025-04-07 21:33:51 : 4048 steps taken, and 1412 accepted.
[0 : mcmc] Progress @ 2025-04-07 21:34:00 : 4051 steps taken, and 1372 accepted.
[2 : mcmc] Progress @ 2025-04-07 21:34:06 : 4097 steps taken, and 1396 accepted.
[3 : mcmc] Progress @ 2025-04-07 21:34:10 : 4070 steps taken, and 1399 accepted.
[1 : mcmc] Progress @ 2025-04-07 21:34:53 : 4068 steps taken, and 1417 accepted.
[0 : mcmc] Progress @ 2025-04-07 21:35:01 : 4070 steps taken, and 1378 accepted.
[2 : mcmc] Progress @ 2025-04-07 21:35:07 : 4119 steps taken, and 1404 accepted.
[3 : mcmc] Progress @ 2025-04-07 21:35:12 : 4087 steps taken, and 1408 accepted.
[1 : mcmc] Progress @ 2025-04-07 21:35:56 : 4088 steps taken, and 1425 accepted.
[0 : mcmc] Progress @ 2025-04-07 21:36:02 : 4095 steps taken, and 1384 accepted.
[2 : mcmc] Progress @ 2025-04-07 21:36:10 : 4137 steps taken, and 1413 accepted.
[3 : mcmc] Progress @ 2025-04-07 21:36:13 : 4106 steps taken, and 1413 accepted.
[1 : mcmc] Progress @ 2025-04-07 21:36:57 : 4110 steps taken, and 1436 accepted.
[0 : mcmc] Progress @ 2025-04-07 21:37:02 : 4114 steps taken, and 1389 accepted.
[2 : mcmc] Progress @ 2025-04-07 21:37:12 : 4155 steps taken, and 1419 accepted.
[3 : mcmc] Progress @ 2025-04-07 21:37:16 : 4124 steps taken, and 1420 accepted.
[1 : mcmc] Progress @ 2025-04-07 21:38:00 : 4128 steps taken, and 1442 accepted.
[0 : mcmc] Progress @ 2025-04-07 21:38:03 : 4133 steps taken, and 1396 accepted.
[2 : mcmc] Progress @ 2025-04-07 21:38:13 : 4177 steps taken, and 1427 accepted.
[3 : mcmc] Progress @ 2025-04-07 21:38:20 : 4144 steps taken, and 1428 accepted.
[1 : mcmc] Progress @ 2025-04-07 21:39:03 : 4146 steps taken, and 1445 accepted.
[0 : mcmc] Progress @ 2025-04-07 21:39:06 : 4151 steps taken, and 1401 accepted.
[2 : mcmc] Progress @ 2025-04-07 21:39:17 : 4199 steps taken, and 1434 accepted.
[3 : mcmc] Progress @ 2025-04-07 21:39:20 : 4164 steps taken, and 1433 accepted.
[1 : mcmc] Progress @ 2025-04-07 21:40:07 : 4166 steps taken, and 1451 accepted.
[0 : mcmc] Progress @ 2025-04-07 21:40:09 : 4172 steps taken, and 1407 accepted.
[2 : mcmc] Progress @ 2025-04-07 21:40:18 : 4219 steps taken, and 1443 accepted.
[3 : mcmc] Progress @ 2025-04-07 21:40:20 : 4182 steps taken, and 1436 accepted.
[1 : mcmc] Progress @ 2025-04-07 21:41:09 : 4186 steps taken, and 1457 accepted.
[0 : mcmc] Progress @ 2025-04-07 21:41:09 : 4190 steps taken, and 1416 accepted.
[2 : mcmc] Progress @ 2025-04-07 21:41:21 : 4237 steps taken, and 1448 accepted.
[3 : mcmc] Progress @ 2025-04-07 21:41:23 : 4202 steps taken, and 1441 accepted.
[0 : mcmc] Progress @ 2025-04-07 21:42:12 : 4212 steps taken, and 1426 accepted.
[1 : mcmc] Progress @ 2025-04-07 21:42:12 : 4207 steps taken, and 1464 accepted.
[3 : mcmc] Progress @ 2025-04-07 21:42:24 : 4222 steps taken, and 1451 accepted.
[2 : mcmc] Progress @ 2025-04-07 21:42:25 : 4256 steps taken, and 1450 accepted.
[0 : mcmc] Progress @ 2025-04-07 21:43:15 : 4231 steps taken, and 1434 accepted.
[1 : mcmc] Progress @ 2025-04-07 21:43:16 : 4237 steps taken, and 1470 accepted.
[3 : mcmc] Progress @ 2025-04-07 21:43:28 : 4241 steps taken, and 1457 accepted.
[2 : mcmc] Progress @ 2025-04-07 21:43:28 : 4275 steps taken, and 1457 accepted.
[0 : mcmc] Progress @ 2025-04-07 21:44:15 : 4249 steps taken, and 1440 accepted.
[1 : mcmc] Progress @ 2025-04-07 21:44:16 : 4256 steps taken, and 1477 accepted.
[3 : mcmc] Progress @ 2025-04-07 21:44:28 : 4261 steps taken, and 1461 accepted.
[2 : mcmc] Progress @ 2025-04-07 21:44:31 : 4295 steps taken, and 1461 accepted.
[0 : mcmc] Progress @ 2025-04-07 21:45:17 : 4267 steps taken, and 1446 accepted.
[1 : mcmc] Progress @ 2025-04-07 21:45:18 : 4280 steps taken, and 1488 accepted.
[3 : mcmc] Progress @ 2025-04-07 21:45:28 : 4280 steps taken, and 1468 accepted.
[2 : mcmc] Progress @ 2025-04-07 21:45:35 : 4315 steps taken, and 1470 accepted.
[0 : mcmc] Progress @ 2025-04-07 21:46:17 : 4287 steps taken, and 1453 accepted.
[1 : mcmc] Progress @ 2025-04-07 21:46:19 : 4303 steps taken, and 1498 accepted.
[3 : mcmc] Progress @ 2025-04-07 21:46:31 : 4298 steps taken, and 1472 accepted.
[2 : mcmc] Progress @ 2025-04-07 21:46:38 : 4333 steps taken, and 1476 accepted.
[0 : mcmc] Progress @ 2025-04-07 21:47:18 : 4306 steps taken, and 1463 accepted.
[1 : mcmc] Progress @ 2025-04-07 21:47:19 : 4322 steps taken, and 1505 accepted.
[3 : mcmc] Progress @ 2025-04-07 21:47:32 : 4318 steps taken, and 1483 accepted.
[2 : mcmc] Progress @ 2025-04-07 21:47:42 : 4352 steps taken, and 1482 accepted.
[0 : mcmc] Progress @ 2025-04-07 21:48:19 : 4326 steps taken, and 1470 accepted.
[1 : mcmc] Progress @ 2025-04-07 21:48:22 : 4339 steps taken, and 1515 accepted.
[3 : mcmc] Progress @ 2025-04-07 21:48:35 : 4336 steps taken, and 1492 accepted.
[2 : mcmc] Progress @ 2025-04-07 21:48:43 : 4376 steps taken, and 1490 accepted.
[1 : mcmc] Progress @ 2025-04-07 21:49:22 : 4357 steps taken, and 1517 accepted.
[0 : mcmc] Progress @ 2025-04-07 21:49:22 : 4344 steps taken, and 1479 accepted.
[3 : mcmc] Progress @ 2025-04-07 21:49:35 : 4357 steps taken, and 1503 accepted.
[2 : mcmc] Progress @ 2025-04-07 21:49:46 : 4394 steps taken, and 1498 accepted.
[0 : mcmc] Progress @ 2025-04-07 21:50:25 : 4362 steps taken, and 1489 accepted.
[1 : mcmc] Progress @ 2025-04-07 21:50:26 : 4376 steps taken, and 1522 accepted.
[3 : mcmc] Progress @ 2025-04-07 21:50:36 : 4375 steps taken, and 1510 accepted.
[2 : mcmc] Progress @ 2025-04-07 21:50:46 : 4414 steps taken, and 1506 accepted.
[0 : mcmc] Progress @ 2025-04-07 21:51:27 : 4383 steps taken, and 1496 accepted.
[1 : mcmc] Progress @ 2025-04-07 21:51:29 : 4394 steps taken, and 1526 accepted.
[3 : mcmc] Progress @ 2025-04-07 21:51:39 : 4393 steps taken, and 1514 accepted.
[2 : mcmc] Progress @ 2025-04-07 21:51:49 : 4432 steps taken, and 1512 accepted.
[0 : mcmc] Progress @ 2025-04-07 21:52:28 : 4404 steps taken, and 1505 accepted.
[1 : mcmc] Progress @ 2025-04-07 21:52:33 : 4412 steps taken, and 1533 accepted.
[3 : mcmc] Progress @ 2025-04-07 21:52:40 : 4413 steps taken, and 1523 accepted.
[2 : mcmc] Progress @ 2025-04-07 21:52:52 : 4451 steps taken, and 1518 accepted.
[0 : mcmc] Progress @ 2025-04-07 21:53:30 : 4422 steps taken, and 1514 accepted.
[1 : mcmc] Progress @ 2025-04-07 21:53:34 : 4432 steps taken, and 1538 accepted.
[3 : mcmc] Progress @ 2025-04-07 21:53:44 : 4432 steps taken, and 1529 accepted.
[2 : mcmc] Progress @ 2025-04-07 21:53:53 : 4470 steps taken, and 1530 accepted.
[0 : mcmc] Progress @ 2025-04-07 21:54:31 : 4442 steps taken, and 1520 accepted.
[1 : mcmc] Progress @ 2025-04-07 21:54:35 : 4454 steps taken, and 1545 accepted.
[3 : mcmc] Progress @ 2025-04-07 21:54:47 : 4451 steps taken, and 1535 accepted.
[2 : mcmc] Progress @ 2025-04-07 21:54:55 : 4488 steps taken, and 1533 accepted.
[0 : mcmc] Progress @ 2025-04-07 21:55:31 : 4463 steps taken, and 1529 accepted.
[1 : mcmc] Progress @ 2025-04-07 21:55:38 : 4474 steps taken, and 1550 accepted.
[3 : mcmc] Progress @ 2025-04-07 21:55:50 : 4469 steps taken, and 1542 accepted.
[2 : mcmc] Progress @ 2025-04-07 21:55:59 : 4508 steps taken, and 1538 accepted.
[0 : mcmc] Progress @ 2025-04-07 21:56:32 : 4481 steps taken, and 1535 accepted.
[1 : mcmc] Progress @ 2025-04-07 21:56:39 : 4495 steps taken, and 1561 accepted.
[3 : mcmc] Progress @ 2025-04-07 21:56:51 : 4488 steps taken, and 1553 accepted.
[2 : mcmc] Progress @ 2025-04-07 21:57:01 : 4525 steps taken, and 1546 accepted.
[0 : mcmc] Progress @ 2025-04-07 21:57:34 : 4498 steps taken, and 1541 accepted.
[1 : mcmc] Progress @ 2025-04-07 21:57:40 : 4514 steps taken, and 1568 accepted.
[3 : mcmc] Progress @ 2025-04-07 21:57:52 : 4507 steps taken, and 1562 accepted.
[2 : mcmc] Progress @ 2025-04-07 21:58:05 : 4548 steps taken, and 1553 accepted.
[0 : mcmc] Progress @ 2025-04-07 21:58:34 : 4516 steps taken, and 1551 accepted.
[1 : mcmc] Progress @ 2025-04-07 21:58:43 : 4535 steps taken, and 1576 accepted.
[3 : mcmc] Progress @ 2025-04-07 21:58:55 : 4526 steps taken, and 1567 accepted.
[2 : mcmc] Progress @ 2025-04-07 21:59:08 : 4566 steps taken, and 1562 accepted.
[0 : mcmc] Progress @ 2025-04-07 21:59:34 : 4534 steps taken, and 1559 accepted.
[1 : mcmc] Progress @ 2025-04-07 21:59:45 : 4556 steps taken, and 1583 accepted.
[3 : mcmc] Progress @ 2025-04-07 21:59:55 : 4549 steps taken, and 1574 accepted.
[2 : mcmc] Progress @ 2025-04-07 22:00:10 : 4585 steps taken, and 1569 accepted.
[0 : mcmc] Progress @ 2025-04-07 22:00:37 : 4553 steps taken, and 1566 accepted.
[1 : mcmc] Progress @ 2025-04-07 22:00:48 : 4574 steps taken, and 1590 accepted.
[3 : mcmc] Progress @ 2025-04-07 22:00:57 : 4571 steps taken, and 1580 accepted.
[2 : mcmc] Progress @ 2025-04-07 22:01:14 : 4604 steps taken, and 1575 accepted.
[0 : mcmc] Progress @ 2025-04-07 22:01:41 : 4571 steps taken, and 1572 accepted.
[1 : mcmc] Progress @ 2025-04-07 22:01:49 : 4595 steps taken, and 1595 accepted.
[3 : mcmc] Progress @ 2025-04-07 22:01:59 : 4590 steps taken, and 1584 accepted.
[1 : mcmc] Learn + convergence test @ 1600 samples accepted.
[1 : mcmc] Ready to check convergence and learn a new proposal covmat (waiting for the rest...)
[2 : mcmc] Progress @ 2025-04-07 22:02:17 : 4636 steps taken, and 1581 accepted.
[0 : mcmc] Progress @ 2025-04-07 22:02:43 : 4594 steps taken, and 1578 accepted.
[1 : mcmc] Progress @ 2025-04-07 22:02:52 : 4615 steps taken, and 1604 accepted.
[3 : mcmc] Progress @ 2025-04-07 22:03:00 : 4609 steps taken, and 1592 accepted.
[2 : mcmc] Progress @ 2025-04-07 22:03:20 : 4664 steps taken, and 1589 accepted.
[0 : mcmc] Progress @ 2025-04-07 22:03:44 : 4618 steps taken, and 1588 accepted.
[1 : mcmc] Progress @ 2025-04-07 22:03:54 : 4636 steps taken, and 1610 accepted.
[3 : mcmc] Learn + convergence test @ 1600 samples accepted.
[3 : mcmc] Ready to check convergence and learn a new proposal covmat (waiting for the rest...)
[3 : mcmc] Progress @ 2025-04-07 22:04:04 : 4628 steps taken, and 1600 accepted.
[2 : mcmc] Progress @ 2025-04-07 22:04:21 : 4691 steps taken, and 1594 accepted.
[0 : mcmc] Progress @ 2025-04-07 22:04:44 : 4638 steps taken, and 1594 accepted.
[1 : mcmc] Progress @ 2025-04-07 22:04:54 : 4655 steps taken, and 1617 accepted.
[3 : mcmc] Progress @ 2025-04-07 22:05:07 : 4646 steps taken, and 1609 accepted.
[2 : mcmc] Progress @ 2025-04-07 22:05:22 : 4713 steps taken, and 1599 accepted.
[0 : mcmc] Learn + convergence test @ 1600 samples accepted.
[0 : mcmc] Ready to check convergence and learn a new proposal covmat (waiting for the rest...)
[2 : mcmc] Learn + convergence test @ 1600 samples accepted.
[2 : mcmc] Ready to check convergence and learn a new proposal covmat (waiting for the rest...)
[0 : mcmc] Progress @ 2025-04-07 22:05:44 : 4656 steps taken, and 1601 accepted.
[0 : mcmc] All chains are ready to check convergence and learn a new proposal covmat
[0 : mcmc]  - Acceptance rate: 0.356 = avg([0.3648, 0.3563, 0.3417, 0.3603])
[0 : mcmc]  - Convergence of means: R-1 = 0.066299 after 6440 accepted steps = sum([1601, 1624, 1601, 1614])
[0 : mcmc]  - Updated covariance matrix of proposal pdf.
[1 : mcmc] Progress @ 2025-04-07 22:05:55 : 4672 steps taken, and 1624 accepted.
[3 : mcmc] Progress @ 2025-04-07 22:06:07 : 4664 steps taken, and 1618 accepted.
[2 : mcmc] Progress @ 2025-04-07 22:06:24 : 4732 steps taken, and 1603 accepted.
[0 : mcmc] Progress @ 2025-04-07 22:06:44 : 4672 steps taken, and 1606 accepted.
[1 : mcmc] Progress @ 2025-04-07 22:06:58 : 4690 steps taken, and 1629 accepted.
[3 : mcmc] Progress @ 2025-04-07 22:07:11 : 4682 steps taken, and 1627 accepted.
[2 : mcmc] Progress @ 2025-04-07 22:07:27 : 4751 steps taken, and 1609 accepted.
[0 : mcmc] Progress @ 2025-04-07 22:07:48 : 4690 steps taken, and 1613 accepted.
[1 : mcmc] Progress @ 2025-04-07 22:07:59 : 4710 steps taken, and 1639 accepted.
[3 : mcmc] Progress @ 2025-04-07 22:08:11 : 4701 steps taken, and 1634 accepted.
[2 : mcmc] Progress @ 2025-04-07 22:08:30 : 4770 steps taken, and 1616 accepted.
[0 : mcmc] Progress @ 2025-04-07 22:08:49 : 4710 steps taken, and 1623 accepted.
[1 : mcmc] Progress @ 2025-04-07 22:09:03 : 4730 steps taken, and 1644 accepted.
[3 : mcmc] Progress @ 2025-04-07 22:09:11 : 4720 steps taken, and 1640 accepted.
[2 : mcmc] Progress @ 2025-04-07 22:09:30 : 4790 steps taken, and 1622 accepted.
[0 : mcmc] Progress @ 2025-04-07 22:09:52 : 4728 steps taken, and 1629 accepted.
[1 : mcmc] Progress @ 2025-04-07 22:10:06 : 4748 steps taken, and 1651 accepted.
[3 : mcmc] Progress @ 2025-04-07 22:10:11 : 4738 steps taken, and 1647 accepted.
[2 : mcmc] Progress @ 2025-04-07 22:10:32 : 4807 steps taken, and 1627 accepted.
[0 : mcmc] Progress @ 2025-04-07 22:10:55 : 4746 steps taken, and 1638 accepted.
[1 : mcmc] Progress @ 2025-04-07 22:11:07 : 4772 steps taken, and 1661 accepted.
[3 : mcmc] Progress @ 2025-04-07 22:11:15 : 4757 steps taken, and 1652 accepted.
[2 : mcmc] Progress @ 2025-04-07 22:11:33 : 4829 steps taken, and 1638 accepted.
[0 : mcmc] Progress @ 2025-04-07 22:11:55 : 4764 steps taken, and 1644 accepted.
[1 : mcmc] Progress @ 2025-04-07 22:12:08 : 4792 steps taken, and 1670 accepted.
[3 : mcmc] Progress @ 2025-04-07 22:12:18 : 4775 steps taken, and 1658 accepted.
[2 : mcmc] Progress @ 2025-04-07 22:12:36 : 4848 steps taken, and 1646 accepted.
[0 : mcmc] Progress @ 2025-04-07 22:12:56 : 4782 steps taken, and 1650 accepted.
[1 : mcmc] Progress @ 2025-04-07 22:13:12 : 4810 steps taken, and 1675 accepted.
[3 : mcmc] Progress @ 2025-04-07 22:13:19 : 4794 steps taken, and 1665 accepted.
[2 : mcmc] Progress @ 2025-04-07 22:13:37 : 4872 steps taken, and 1654 accepted.
[0 : mcmc] Progress @ 2025-04-07 22:13:59 : 4800 steps taken, and 1660 accepted.
[1 : mcmc] Progress @ 2025-04-07 22:14:12 : 4828 steps taken, and 1680 accepted.
[3 : mcmc] Progress @ 2025-04-07 22:14:19 : 4813 steps taken, and 1672 accepted.
[2 : mcmc] Progress @ 2025-04-07 22:14:40 : 4892 steps taken, and 1660 accepted.
[0 : mcmc] Progress @ 2025-04-07 22:15:00 : 4821 steps taken, and 1671 accepted.
[1 : mcmc] Progress @ 2025-04-07 22:15:12 : 4848 steps taken, and 1687 accepted.
[3 : mcmc] Progress @ 2025-04-07 22:15:19 : 4835 steps taken, and 1680 accepted.
[2 : mcmc] Progress @ 2025-04-07 22:15:40 : 4913 steps taken, and 1665 accepted.
[0 : mcmc] Progress @ 2025-04-07 22:16:04 : 4840 steps taken, and 1678 accepted.
[1 : mcmc] Progress @ 2025-04-07 22:16:15 : 4866 steps taken, and 1694 accepted.
[3 : mcmc] Progress @ 2025-04-07 22:16:20 : 4854 steps taken, and 1688 accepted.
[2 : mcmc] Progress @ 2025-04-07 22:16:41 : 4932 steps taken, and 1670 accepted.
[0 : mcmc] Progress @ 2025-04-07 22:17:07 : 4858 steps taken, and 1688 accepted.
[1 : mcmc] Progress @ 2025-04-07 22:17:16 : 4885 steps taken, and 1698 accepted.
[3 : mcmc] Progress @ 2025-04-07 22:17:23 : 4873 steps taken, and 1696 accepted.
[2 : mcmc] Progress @ 2025-04-07 22:17:43 : 4951 steps taken, and 1676 accepted.
[0 : mcmc] Progress @ 2025-04-07 22:18:07 : 4876 steps taken, and 1697 accepted.
[1 : mcmc] Progress @ 2025-04-07 22:18:16 : 4904 steps taken, and 1703 accepted.
[3 : mcmc] Progress @ 2025-04-07 22:18:23 : 4892 steps taken, and 1705 accepted.
[2 : mcmc] Progress @ 2025-04-07 22:18:46 : 4969 steps taken, and 1684 accepted.
[0 : mcmc] Progress @ 2025-04-07 22:19:07 : 4895 steps taken, and 1702 accepted.
[1 : mcmc] Progress @ 2025-04-07 22:19:16 : 4922 steps taken, and 1712 accepted.
[3 : mcmc] Progress @ 2025-04-07 22:19:26 : 4910 steps taken, and 1713 accepted.
[2 : mcmc] Progress @ 2025-04-07 22:19:49 : 4988 steps taken, and 1693 accepted.
[0 : mcmc] Progress @ 2025-04-07 22:20:08 : 4914 steps taken, and 1709 accepted.
[1 : mcmc] Progress @ 2025-04-07 22:20:16 : 4940 steps taken, and 1717 accepted.
[3 : mcmc] Progress @ 2025-04-07 22:20:26 : 4928 steps taken, and 1720 accepted.
[2 : mcmc] Progress @ 2025-04-07 22:20:52 : 5007 steps taken, and 1699 accepted.
[0 : mcmc] Progress @ 2025-04-07 22:21:08 : 4933 steps taken, and 1714 accepted.
[1 : mcmc] Progress @ 2025-04-07 22:21:19 : 4959 steps taken, and 1723 accepted.
[3 : mcmc] Progress @ 2025-04-07 22:21:26 : 4946 steps taken, and 1722 accepted.
[2 : mcmc] Progress @ 2025-04-07 22:21:55 : 5025 steps taken, and 1711 accepted.
[0 : mcmc] Progress @ 2025-04-07 22:22:11 : 4952 steps taken, and 1722 accepted.
[1 : mcmc] Progress @ 2025-04-07 22:22:23 : 4977 steps taken, and 1732 accepted.
[3 : mcmc] Progress @ 2025-04-07 22:22:31 : 4965 steps taken, and 1729 accepted.
[2 : mcmc] Progress @ 2025-04-07 22:22:59 : 5045 steps taken, and 1718 accepted.
[0 : mcmc] Progress @ 2025-04-07 22:23:12 : 4972 steps taken, and 1728 accepted.
[1 : mcmc] Progress @ 2025-04-07 22:23:23 : 4996 steps taken, and 1739 accepted.
[3 : mcmc] Progress @ 2025-04-07 22:23:33 : 4982 steps taken, and 1733 accepted.
[2 : mcmc] Progress @ 2025-04-07 22:24:01 : 5068 steps taken, and 1729 accepted.
[0 : mcmc] Progress @ 2025-04-07 22:24:14 : 4989 steps taken, and 1738 accepted.
[1 : mcmc] Progress @ 2025-04-07 22:24:23 : 5015 steps taken, and 1750 accepted.
[3 : mcmc] Progress @ 2025-04-07 22:24:34 : 5003 steps taken, and 1743 accepted.
[2 : mcmc] Progress @ 2025-04-07 22:25:02 : 5084 steps taken, and 1734 accepted.
[0 : mcmc] Progress @ 2025-04-07 22:25:14 : 5007 steps taken, and 1746 accepted.
[1 : mcmc] Progress @ 2025-04-07 22:25:23 : 5035 steps taken, and 1758 accepted.
[3 : mcmc] Progress @ 2025-04-07 22:25:37 : 5021 steps taken, and 1750 accepted.
[2 : mcmc] Progress @ 2025-04-07 22:26:03 : 5104 steps taken, and 1744 accepted.
[0 : mcmc] Progress @ 2025-04-07 22:26:17 : 5025 steps taken, and 1750 accepted.
[1 : mcmc] Progress @ 2025-04-07 22:26:27 : 5056 steps taken, and 1763 accepted.
[3 : mcmc] Progress @ 2025-04-07 22:26:37 : 5039 steps taken, and 1758 accepted.
[2 : mcmc] Progress @ 2025-04-07 22:27:05 : 5124 steps taken, and 1752 accepted.
[0 : mcmc] Progress @ 2025-04-07 22:27:17 : 5044 steps taken, and 1756 accepted.
[1 : mcmc] Progress @ 2025-04-07 22:27:28 : 5074 steps taken, and 1770 accepted.
[3 : mcmc] Progress @ 2025-04-07 22:27:41 : 5057 steps taken, and 1765 accepted.
[2 : mcmc] Progress @ 2025-04-07 22:28:06 : 5145 steps taken, and 1759 accepted.
[0 : mcmc] Progress @ 2025-04-07 22:28:18 : 5062 steps taken, and 1764 accepted.
[1 : mcmc] Progress @ 2025-04-07 22:28:30 : 5091 steps taken, and 1775 accepted.
[3 : mcmc] Progress @ 2025-04-07 22:28:42 : 5081 steps taken, and 1774 accepted.
[2 : mcmc] Progress @ 2025-04-07 22:29:10 : 5165 steps taken, and 1768 accepted.
[0 : mcmc] Progress @ 2025-04-07 22:29:19 : 5088 steps taken, and 1775 accepted.
[1 : mcmc] Progress @ 2025-04-07 22:29:31 : 5111 steps taken, and 1786 accepted.
[3 : mcmc] Progress @ 2025-04-07 22:29:42 : 5100 steps taken, and 1780 accepted.
[2 : mcmc] Progress @ 2025-04-07 22:30:14 : 5184 steps taken, and 1774 accepted.
[0 : mcmc] Progress @ 2025-04-07 22:30:20 : 5110 steps taken, and 1782 accepted.
[1 : mcmc] Progress @ 2025-04-07 22:30:34 : 5129 steps taken, and 1792 accepted.
[3 : mcmc] Progress @ 2025-04-07 22:30:42 : 5119 steps taken, and 1787 accepted.
[2 : mcmc] Progress @ 2025-04-07 22:31:18 : 5204 steps taken, and 1784 accepted.
[0 : mcmc] Progress @ 2025-04-07 22:31:23 : 5129 steps taken, and 1792 accepted.
[1 : mcmc] Progress @ 2025-04-07 22:31:36 : 5151 steps taken, and 1798 accepted.
[3 : mcmc] Progress @ 2025-04-07 22:31:45 : 5138 steps taken, and 1797 accepted.
[2 : mcmc] Progress @ 2025-04-07 22:32:22 : 5224 steps taken, and 1793 accepted.
[0 : mcmc] Progress @ 2025-04-07 22:32:24 : 5148 steps taken, and 1802 accepted.
[1 : mcmc] Progress @ 2025-04-07 22:32:39 : 5169 steps taken, and 1807 accepted.
[3 : mcmc] Progress @ 2025-04-07 22:32:49 : 5157 steps taken, and 1803 accepted.
[0 : mcmc] Progress @ 2025-04-07 22:33:24 : 5166 steps taken, and 1809 accepted.
[2 : mcmc] Progress @ 2025-04-07 22:33:24 : 5242 steps taken, and 1800 accepted.
[1 : mcmc] Progress @ 2025-04-07 22:33:39 : 5188 steps taken, and 1812 accepted.
[3 : mcmc] Progress @ 2025-04-07 22:33:49 : 5175 steps taken, and 1813 accepted.
[0 : mcmc] Progress @ 2025-04-07 22:34:27 : 5187 steps taken, and 1817 accepted.
[2 : mcmc] Progress @ 2025-04-07 22:34:27 : 5260 steps taken, and 1807 accepted.
[1 : mcmc] Progress @ 2025-04-07 22:34:39 : 5208 steps taken, and 1817 accepted.
[3 : mcmc] Progress @ 2025-04-07 22:34:51 : 5196 steps taken, and 1818 accepted.
[2 : mcmc] Progress @ 2025-04-07 22:35:28 : 5280 steps taken, and 1815 accepted.
[0 : mcmc] Progress @ 2025-04-07 22:35:31 : 5207 steps taken, and 1826 accepted.
[1 : mcmc] Progress @ 2025-04-07 22:35:40 : 5227 steps taken, and 1821 accepted.
[3 : mcmc] Progress @ 2025-04-07 22:35:52 : 5217 steps taken, and 1827 accepted.
[2 : mcmc] Progress @ 2025-04-07 22:36:32 : 5301 steps taken, and 1821 accepted.
[0 : mcmc] Progress @ 2025-04-07 22:36:33 : 5226 steps taken, and 1835 accepted.
[1 : mcmc] Progress @ 2025-04-07 22:36:40 : 5246 steps taken, and 1825 accepted.
[3 : mcmc] Progress @ 2025-04-07 22:36:52 : 5240 steps taken, and 1835 accepted.
[2 : mcmc] Progress @ 2025-04-07 22:37:33 : 5321 steps taken, and 1829 accepted.
[0 : mcmc] Progress @ 2025-04-07 22:37:36 : 5245 steps taken, and 1840 accepted.
[1 : mcmc] Progress @ 2025-04-07 22:37:42 : 5263 steps taken, and 1833 accepted.
[3 : mcmc] Progress @ 2025-04-07 22:37:52 : 5260 steps taken, and 1844 accepted.
[0 : mcmc] Progress @ 2025-04-07 22:38:36 : 5263 steps taken, and 1852 accepted.
[2 : mcmc] Progress @ 2025-04-07 22:38:36 : 5339 steps taken, and 1836 accepted.
[1 : mcmc] Progress @ 2025-04-07 22:38:42 : 5282 steps taken, and 1842 accepted.
[3 : mcmc] Progress @ 2025-04-07 22:38:52 : 5278 steps taken, and 1849 accepted.
[0 : mcmc] Progress @ 2025-04-07 22:39:39 : 5281 steps taken, and 1858 accepted.
[2 : mcmc] Progress @ 2025-04-07 22:39:40 : 5359 steps taken, and 1843 accepted.
[1 : mcmc] Progress @ 2025-04-07 22:39:42 : 5300 steps taken, and 1850 accepted.
[3 : mcmc] Progress @ 2025-04-07 22:39:55 : 5296 steps taken, and 1859 accepted.
[0 : mcmc] Progress @ 2025-04-07 22:40:41 : 5301 steps taken, and 1870 accepted.
[2 : mcmc] Progress @ 2025-04-07 22:40:44 : 5378 steps taken, and 1849 accepted.
[1 : mcmc] Progress @ 2025-04-07 22:40:45 : 5318 steps taken, and 1855 accepted.
[3 : mcmc] Progress @ 2025-04-07 22:40:56 : 5317 steps taken, and 1865 accepted.
[0 : mcmc] Progress @ 2025-04-07 22:41:43 : 5319 steps taken, and 1878 accepted.
[2 : mcmc] Progress @ 2025-04-07 22:41:46 : 5396 steps taken, and 1855 accepted.
[1 : mcmc] Progress @ 2025-04-07 22:41:46 : 5340 steps taken, and 1861 accepted.
[3 : mcmc] Progress @ 2025-04-07 22:42:00 : 5335 steps taken, and 1869 accepted.
[0 : mcmc] Progress @ 2025-04-07 22:42:44 : 5338 steps taken, and 1886 accepted.
[2 : mcmc] Progress @ 2025-04-07 22:42:47 : 5415 steps taken, and 1862 accepted.
[1 : mcmc] Progress @ 2025-04-07 22:42:48 : 5357 steps taken, and 1866 accepted.
[3 : mcmc] Progress @ 2025-04-07 22:43:01 : 5355 steps taken, and 1877 accepted.
[0 : mcmc] Progress @ 2025-04-07 22:43:47 : 5356 steps taken, and 1888 accepted.
[2 : mcmc] Progress @ 2025-04-07 22:43:49 : 5433 steps taken, and 1867 accepted.
[1 : mcmc] Progress @ 2025-04-07 22:43:51 : 5378 steps taken, and 1874 accepted.
[3 : mcmc] Progress @ 2025-04-07 22:44:04 : 5373 steps taken, and 1887 accepted.
[0 : mcmc] Progress @ 2025-04-07 22:44:50 : 5375 steps taken, and 1894 accepted.
[2 : mcmc] Progress @ 2025-04-07 22:44:52 : 5452 steps taken, and 1878 accepted.
[1 : mcmc] Progress @ 2025-04-07 22:44:53 : 5395 steps taken, and 1881 accepted.
[3 : mcmc] Progress @ 2025-04-07 22:45:07 : 5391 steps taken, and 1894 accepted.
[0 : mcmc] Progress @ 2025-04-07 22:45:50 : 5393 steps taken, and 1900 accepted.
[2 : mcmc] Progress @ 2025-04-07 22:45:53 : 5471 steps taken, and 1885 accepted.
[1 : mcmc] Progress @ 2025-04-07 22:45:54 : 5415 steps taken, and 1886 accepted.
[3 : mcmc] Progress @ 2025-04-07 22:46:10 : 5409 steps taken, and 1904 accepted.
[0 : mcmc] Progress @ 2025-04-07 22:46:53 : 5412 steps taken, and 1907 accepted.
[1 : mcmc] Progress @ 2025-04-07 22:46:54 : 5434 steps taken, and 1893 accepted.
[2 : mcmc] Progress @ 2025-04-07 22:46:56 : 5491 steps taken, and 1893 accepted.
[3 : mcmc] Progress @ 2025-04-07 22:47:13 : 5427 steps taken, and 1915 accepted.
[0 : mcmc] Progress @ 2025-04-07 22:47:55 : 5431 steps taken, and 1913 accepted.
[1 : mcmc] Progress @ 2025-04-07 22:47:56 : 5451 steps taken, and 1899 accepted.
[2 : mcmc] Progress @ 2025-04-07 22:47:57 : 5512 steps taken, and 1902 accepted.
[3 : mcmc] Learn + convergence test @ 1920 samples accepted.
[3 : mcmc] Ready to check convergence and learn a new proposal covmat (waiting for the rest...)
[3 : mcmc] Progress @ 2025-04-07 22:48:15 : 5446 steps taken, and 1921 accepted.
[0 : mcmc] Learn + convergence test @ 1920 samples accepted.
[0 : mcmc] Ready to check convergence and learn a new proposal covmat (waiting for the rest...)
[0 : mcmc] Progress @ 2025-04-07 22:48:55 : 5450 steps taken, and 1924 accepted.
[1 : mcmc] Progress @ 2025-04-07 22:48:58 : 5471 steps taken, and 1903 accepted.
[2 : mcmc] Progress @ 2025-04-07 22:49:00 : 5530 steps taken, and 1906 accepted.
[3 : mcmc] Progress @ 2025-04-07 22:49:18 : 5465 steps taken, and 1930 accepted.
[0 : mcmc] Progress @ 2025-04-07 22:49:55 : 5472 steps taken, and 1931 accepted.
[1 : mcmc] Progress @ 2025-04-07 22:49:58 : 5492 steps taken, and 1908 accepted.
[2 : mcmc] Progress @ 2025-04-07 22:50:00 : 5550 steps taken, and 1912 accepted.
[3 : mcmc] Progress @ 2025-04-07 22:50:21 : 5492 steps taken, and 1940 accepted.
[2 : mcmc] Learn + convergence test @ 1920 samples accepted.
[2 : mcmc] Ready to check convergence and learn a new proposal covmat (waiting for the rest...)
[0 : mcmc] Progress @ 2025-04-07 22:50:58 : 5490 steps taken, and 1936 accepted.
[1 : mcmc] Progress @ 2025-04-07 22:50:58 : 5512 steps taken, and 1917 accepted.
[2 : mcmc] Progress @ 2025-04-07 22:51:03 : 5570 steps taken, and 1921 accepted.
[3 : mcmc] Progress @ 2025-04-07 22:51:21 : 5513 steps taken, and 1949 accepted.
[1 : mcmc] Progress @ 2025-04-07 22:51:59 : 5530 steps taken, and 1917 accepted.
[0 : mcmc] Progress @ 2025-04-07 22:51:59 : 5509 steps taken, and 1948 accepted.
[2 : mcmc] Progress @ 2025-04-07 22:52:04 : 5592 steps taken, and 1929 accepted.
[3 : mcmc] Progress @ 2025-04-07 22:52:21 : 5534 steps taken, and 1955 accepted.
[1 : mcmc] Learn + convergence test @ 1920 samples accepted.
[1 : mcmc] Ready to check convergence and learn a new proposal covmat (waiting for the rest...)
[0 : mcmc] Progress @ 2025-04-07 22:53:02 : 5527 steps taken, and 1954 accepted.
[2 : mcmc] Progress @ 2025-04-07 22:53:07 : 5612 steps taken, and 1936 accepted.
[0 : mcmc] All chains are ready to check convergence and learn a new proposal covmat
[0 : mcmc]  - Acceptance rate: 0.362 = avg([0.3747, 0.3514, 0.3484, 0.3712])
[0 : mcmc]  - Convergence of means: R-1 = 0.095423 after 7774 accepted steps = sum([1955, 1920, 1937, 1962])
[0 : mcmc]  - Updated covariance matrix of proposal pdf.
[3 : mcmc] Progress @ 2025-04-07 22:53:25 : 5552 steps taken, and 1962 accepted.
[1 : mcmc] Progress @ 2025-04-07 22:53:28 : 5546 steps taken, and 1920 accepted.
[0 : mcmc] Progress @ 2025-04-07 22:54:05 : 5545 steps taken, and 1960 accepted.
[2 : mcmc] Progress @ 2025-04-07 22:54:11 : 5633 steps taken, and 1944 accepted.
[3 : mcmc] Progress @ 2025-04-07 22:54:26 : 5573 steps taken, and 1970 accepted.
[1 : mcmc] Progress @ 2025-04-07 22:54:31 : 5565 steps taken, and 1925 accepted.
[0 : mcmc] Progress @ 2025-04-07 22:55:06 : 5564 steps taken, and 1968 accepted.
[2 : mcmc] Progress @ 2025-04-07 22:55:12 : 5669 steps taken, and 1950 accepted.
[3 : mcmc] Progress @ 2025-04-07 22:55:30 : 5595 steps taken, and 1978 accepted.
[1 : mcmc] Progress @ 2025-04-07 22:55:32 : 5584 steps taken, and 1931 accepted.
[0 : mcmc] Progress @ 2025-04-07 22:56:08 : 5581 steps taken, and 1974 accepted.
[2 : mcmc] Progress @ 2025-04-07 22:56:14 : 5697 steps taken, and 1960 accepted.
[3 : mcmc] Progress @ 2025-04-07 22:56:31 : 5617 steps taken, and 1985 accepted.
[1 : mcmc] Progress @ 2025-04-07 22:56:32 : 5605 steps taken, and 1938 accepted.
[0 : mcmc] Progress @ 2025-04-07 22:57:08 : 5600 steps taken, and 1980 accepted.
[2 : mcmc] Progress @ 2025-04-07 22:57:16 : 5715 steps taken, and 1967 accepted.
[3 : mcmc] Progress @ 2025-04-07 22:57:31 : 5637 steps taken, and 1992 accepted.
[1 : mcmc] Progress @ 2025-04-07 22:57:33 : 5628 steps taken, and 1946 accepted.
[0 : mcmc] Progress @ 2025-04-07 22:58:09 : 5618 steps taken, and 1986 accepted.
[2 : mcmc] Progress @ 2025-04-07 22:58:20 : 5735 steps taken, and 1975 accepted.
[3 : mcmc] Progress @ 2025-04-07 22:58:31 : 5657 steps taken, and 2001 accepted.
[1 : mcmc] Progress @ 2025-04-07 22:58:34 : 5649 steps taken, and 1952 accepted.
[0 : mcmc] Progress @ 2025-04-07 22:59:11 : 5635 steps taken, and 1991 accepted.
[2 : mcmc] Progress @ 2025-04-07 22:59:24 : 5755 steps taken, and 1981 accepted.
[3 : mcmc] Progress @ 2025-04-07 22:59:33 : 5679 steps taken, and 2011 accepted.
[1 : mcmc] Progress @ 2025-04-07 22:59:35 : 5669 steps taken, and 1963 accepted.
[0 : mcmc] Progress @ 2025-04-07 23:00:14 : 5653 steps taken, and 2001 accepted.
[2 : mcmc] Progress @ 2025-04-07 23:00:25 : 5774 steps taken, and 1985 accepted.
[3 : mcmc] Progress @ 2025-04-07 23:00:36 : 5697 steps taken, and 2019 accepted.
[1 : mcmc] Progress @ 2025-04-07 23:00:38 : 5687 steps taken, and 1969 accepted.
[0 : mcmc] Progress @ 2025-04-07 23:01:18 : 5679 steps taken, and 2009 accepted.
[2 : mcmc] Progress @ 2025-04-07 23:01:28 : 5792 steps taken, and 1994 accepted.
[3 : mcmc] Progress @ 2025-04-07 23:01:36 : 5719 steps taken, and 2024 accepted.
[1 : mcmc] Progress @ 2025-04-07 23:01:39 : 5707 steps taken, and 1976 accepted.
[0 : mcmc] Progress @ 2025-04-07 23:02:21 : 5699 steps taken, and 2018 accepted.
[2 : mcmc] Progress @ 2025-04-07 23:02:31 : 5811 steps taken, and 2005 accepted.
[3 : mcmc] Progress @ 2025-04-07 23:02:38 : 5743 steps taken, and 2034 accepted.
[1 : mcmc] Progress @ 2025-04-07 23:02:43 : 5725 steps taken, and 1988 accepted.
[0 : mcmc] Progress @ 2025-04-07 23:03:24 : 5717 steps taken, and 2025 accepted.
[2 : mcmc] Progress @ 2025-04-07 23:03:32 : 5831 steps taken, and 2012 accepted.
[3 : mcmc] Progress @ 2025-04-07 23:03:41 : 5761 steps taken, and 2040 accepted.
[1 : mcmc] Progress @ 2025-04-07 23:03:47 : 5744 steps taken, and 1995 accepted.
[0 : mcmc] Progress @ 2025-04-07 23:04:27 : 5738 steps taken, and 2037 accepted.
[2 : mcmc] Progress @ 2025-04-07 23:04:36 : 5852 steps taken, and 2021 accepted.
[3 : mcmc] Progress @ 2025-04-07 23:04:42 : 5782 steps taken, and 2045 accepted.
[1 : mcmc] Progress @ 2025-04-07 23:04:50 : 5764 steps taken, and 2003 accepted.
[0 : mcmc] Progress @ 2025-04-07 23:05:29 : 5755 steps taken, and 2045 accepted.
[2 : mcmc] Progress @ 2025-04-07 23:05:38 : 5870 steps taken, and 2027 accepted.
[3 : mcmc] Progress @ 2025-04-07 23:05:42 : 5802 steps taken, and 2050 accepted.
[1 : mcmc] Progress @ 2025-04-07 23:05:51 : 5786 steps taken, and 2012 accepted.
[0 : mcmc] Progress @ 2025-04-07 23:06:30 : 5774 steps taken, and 2049 accepted.
[2 : mcmc] Progress @ 2025-04-07 23:06:39 : 5891 steps taken, and 2029 accepted.
[3 : mcmc] Progress @ 2025-04-07 23:06:42 : 5820 steps taken, and 2059 accepted.
[1 : mcmc] Progress @ 2025-04-07 23:06:54 : 5811 steps taken, and 2018 accepted.
[0 : mcmc] Progress @ 2025-04-07 23:07:33 : 5792 steps taken, and 2058 accepted.
[2 : mcmc] Progress @ 2025-04-07 23:07:43 : 5910 steps taken, and 2035 accepted.
[3 : mcmc] Progress @ 2025-04-07 23:07:45 : 5838 steps taken, and 2067 accepted.
[1 : mcmc] Progress @ 2025-04-07 23:07:57 : 5830 steps taken, and 2029 accepted.
[0 : mcmc] Progress @ 2025-04-07 23:08:37 : 5811 steps taken, and 2067 accepted.
[2 : mcmc] Progress @ 2025-04-07 23:08:46 : 5928 steps taken, and 2042 accepted.
[3 : mcmc] Progress @ 2025-04-07 23:08:47 : 5860 steps taken, and 2072 accepted.
[1 : mcmc] Progress @ 2025-04-07 23:08:57 : 5850 steps taken, and 2041 accepted.
[0 : mcmc] Progress @ 2025-04-07 23:09:40 : 5829 steps taken, and 2074 accepted.
[2 : mcmc] Progress @ 2025-04-07 23:09:49 : 5946 steps taken, and 2044 accepted.
[3 : mcmc] Progress @ 2025-04-07 23:09:49 : 5878 steps taken, and 2081 accepted.
[1 : mcmc] Progress @ 2025-04-07 23:09:59 : 5870 steps taken, and 2045 accepted.
[0 : mcmc] Progress @ 2025-04-07 23:10:40 : 5850 steps taken, and 2079 accepted.
[2 : mcmc] Progress @ 2025-04-07 23:10:50 : 5965 steps taken, and 2050 accepted.
[3 : mcmc] Progress @ 2025-04-07 23:10:50 : 5897 steps taken, and 2091 accepted.
[1 : mcmc] Progress @ 2025-04-07 23:10:59 : 5889 steps taken, and 2051 accepted.
[0 : mcmc] Progress @ 2025-04-07 23:11:42 : 5870 steps taken, and 2086 accepted.
[3 : mcmc] Progress @ 2025-04-07 23:11:51 : 5917 steps taken, and 2099 accepted.
[2 : mcmc] Progress @ 2025-04-07 23:11:51 : 5982 steps taken, and 2056 accepted.
[1 : mcmc] Progress @ 2025-04-07 23:11:59 : 5909 steps taken, and 2057 accepted.
[0 : mcmc] Progress @ 2025-04-07 23:12:45 : 5889 steps taken, and 2094 accepted.
[3 : mcmc] Progress @ 2025-04-07 23:12:51 : 5935 steps taken, and 2107 accepted.
[2 : mcmc] Progress @ 2025-04-07 23:12:52 : 6001 steps taken, and 2066 accepted.
[1 : mcmc] Progress @ 2025-04-07 23:13:01 : 5926 steps taken, and 2060 accepted.
[0 : mcmc] Progress @ 2025-04-07 23:13:45 : 5907 steps taken, and 2098 accepted.
[3 : mcmc] Progress @ 2025-04-07 23:13:51 : 5954 steps taken, and 2113 accepted.
[2 : mcmc] Progress @ 2025-04-07 23:13:54 : 6031 steps taken, and 2075 accepted.
[1 : mcmc] Progress @ 2025-04-07 23:14:03 : 5950 steps taken, and 2069 accepted.
[0 : mcmc] Progress @ 2025-04-07 23:14:46 : 5925 steps taken, and 2107 accepted.
[3 : mcmc] Progress @ 2025-04-07 23:14:51 : 5974 steps taken, and 2122 accepted.
[2 : mcmc] Progress @ 2025-04-07 23:14:57 : 6051 steps taken, and 2081 accepted.
[1 : mcmc] Progress @ 2025-04-07 23:15:03 : 5972 steps taken, and 2075 accepted.
[0 : mcmc] Progress @ 2025-04-07 23:15:46 : 5945 steps taken, and 2111 accepted.
[3 : mcmc] Progress @ 2025-04-07 23:15:54 : 6002 steps taken, and 2128 accepted.
[2 : mcmc] Progress @ 2025-04-07 23:15:58 : 6071 steps taken, and 2088 accepted.
[1 : mcmc] Progress @ 2025-04-07 23:16:04 : 5992 steps taken, and 2082 accepted.
[0 : mcmc] Progress @ 2025-04-07 23:16:49 : 5972 steps taken, and 2119 accepted.
[3 : mcmc] Progress @ 2025-04-07 23:16:57 : 6020 steps taken, and 2137 accepted.
[2 : mcmc] Progress @ 2025-04-07 23:17:00 : 6089 steps taken, and 2093 accepted.
[1 : mcmc] Progress @ 2025-04-07 23:17:08 : 6012 steps taken, and 2090 accepted.
[0 : mcmc] Progress @ 2025-04-07 23:17:51 : 5990 steps taken, and 2126 accepted.
[3 : mcmc] Progress @ 2025-04-07 23:17:57 : 6038 steps taken, and 2143 accepted.
[2 : mcmc] Progress @ 2025-04-07 23:18:03 : 6108 steps taken, and 2096 accepted.
[1 : mcmc] Progress @ 2025-04-07 23:18:09 : 6032 steps taken, and 2096 accepted.
[0 : mcmc] Progress @ 2025-04-07 23:18:51 : 6008 steps taken, and 2135 accepted.
[3 : mcmc] Progress @ 2025-04-07 23:19:00 : 6057 steps taken, and 2156 accepted.
[2 : mcmc] Progress @ 2025-04-07 23:19:04 : 6128 steps taken, and 2106 accepted.
[1 : mcmc] Progress @ 2025-04-07 23:19:09 : 6050 steps taken, and 2101 accepted.
[0 : mcmc] Progress @ 2025-04-07 23:19:55 : 6027 steps taken, and 2143 accepted.
[3 : mcmc] Progress @ 2025-04-07 23:20:01 : 6079 steps taken, and 2164 accepted.
[2 : mcmc] Progress @ 2025-04-07 23:20:05 : 6151 steps taken, and 2117 accepted.
[1 : mcmc] Progress @ 2025-04-07 23:20:09 : 6071 steps taken, and 2106 accepted.
[0 : mcmc] Progress @ 2025-04-07 23:20:56 : 6045 steps taken, and 2150 accepted.
[3 : mcmc] Progress @ 2025-04-07 23:21:03 : 6100 steps taken, and 2171 accepted.
[2 : mcmc] Progress @ 2025-04-07 23:21:06 : 6170 steps taken, and 2122 accepted.
[1 : mcmc] Progress @ 2025-04-07 23:21:13 : 6090 steps taken, and 2111 accepted.
[0 : mcmc] Progress @ 2025-04-07 23:21:58 : 6062 steps taken, and 2162 accepted.
[3 : mcmc] Progress @ 2025-04-07 23:22:06 : 6120 steps taken, and 2179 accepted.
[2 : mcmc] Progress @ 2025-04-07 23:22:10 : 6189 steps taken, and 2128 accepted.
[1 : mcmc] Progress @ 2025-04-07 23:22:15 : 6108 steps taken, and 2120 accepted.
[0 : mcmc] Progress @ 2025-04-07 23:22:58 : 6080 steps taken, and 2169 accepted.
[3 : mcmc] Progress @ 2025-04-07 23:23:10 : 6139 steps taken, and 2186 accepted.
[2 : mcmc] Progress @ 2025-04-07 23:23:12 : 6210 steps taken, and 2135 accepted.
[1 : mcmc] Progress @ 2025-04-07 23:23:17 : 6128 steps taken, and 2127 accepted.
[0 : mcmc] Progress @ 2025-04-07 23:23:58 : 6098 steps taken, and 2175 accepted.
[3 : mcmc] Progress @ 2025-04-07 23:24:11 : 6160 steps taken, and 2192 accepted.
[2 : mcmc] Progress @ 2025-04-07 23:24:15 : 6228 steps taken, and 2144 accepted.
[1 : mcmc] Progress @ 2025-04-07 23:24:17 : 6146 steps taken, and 2135 accepted.
[0 : mcmc] Progress @ 2025-04-07 23:25:01 : 6116 steps taken, and 2178 accepted.
[3 : mcmc] Progress @ 2025-04-07 23:25:11 : 6179 steps taken, and 2199 accepted.
[2 : mcmc] Progress @ 2025-04-07 23:25:16 : 6248 steps taken, and 2151 accepted.
[1 : mcmc] Progress @ 2025-04-07 23:25:17 : 6165 steps taken, and 2142 accepted.
[0 : mcmc] Progress @ 2025-04-07 23:26:01 : 6134 steps taken, and 2185 accepted.
[3 : mcmc] Progress @ 2025-04-07 23:26:14 : 6197 steps taken, and 2209 accepted.
[1 : mcmc] Progress @ 2025-04-07 23:26:20 : 6185 steps taken, and 2152 accepted.
[2 : mcmc] Progress @ 2025-04-07 23:26:20 : 6267 steps taken, and 2156 accepted.
[0 : mcmc] Progress @ 2025-04-07 23:27:01 : 6154 steps taken, and 2194 accepted.
[3 : mcmc] Progress @ 2025-04-07 23:27:18 : 6215 steps taken, and 2215 accepted.
[1 : mcmc] Progress @ 2025-04-07 23:27:22 : 6207 steps taken, and 2158 accepted.
[2 : mcmc] Progress @ 2025-04-07 23:27:23 : 6285 steps taken, and 2164 accepted.
[0 : mcmc] Progress @ 2025-04-07 23:28:03 : 6172 steps taken, and 2200 accepted.
[3 : mcmc] Progress @ 2025-04-07 23:28:19 : 6236 steps taken, and 2228 accepted.
[1 : mcmc] Progress @ 2025-04-07 23:28:25 : 6227 steps taken, and 2164 accepted.
[2 : mcmc] Progress @ 2025-04-07 23:28:27 : 6304 steps taken, and 2170 accepted.
[0 : mcmc] Progress @ 2025-04-07 23:29:05 : 6192 steps taken, and 2209 accepted.
[3 : mcmc] Progress @ 2025-04-07 23:29:19 : 6256 steps taken, and 2235 accepted.
[1 : mcmc] Progress @ 2025-04-07 23:29:26 : 6246 steps taken, and 2170 accepted.
[2 : mcmc] Progress @ 2025-04-07 23:29:30 : 6322 steps taken, and 2177 accepted.
[3 : mcmc] Learn + convergence test @ 2240 samples accepted.
[3 : mcmc] Ready to check convergence and learn a new proposal covmat (waiting for the rest...)
[0 : mcmc] Progress @ 2025-04-07 23:30:05 : 6210 steps taken, and 2216 accepted.
[3 : mcmc] Progress @ 2025-04-07 23:30:19 : 6275 steps taken, and 2240 accepted.
[1 : mcmc] Progress @ 2025-04-07 23:30:29 : 6264 steps taken, and 2178 accepted.
[2 : mcmc] Progress @ 2025-04-07 23:30:34 : 6341 steps taken, and 2185 accepted.
[0 : mcmc] Progress @ 2025-04-07 23:31:05 : 6228 steps taken, and 2220 accepted.
[3 : mcmc] Progress @ 2025-04-07 23:31:20 : 6295 steps taken, and 2244 accepted.
[1 : mcmc] Progress @ 2025-04-07 23:31:33 : 6282 steps taken, and 2184 accepted.
[2 : mcmc] Progress @ 2025-04-07 23:31:37 : 6359 steps taken, and 2191 accepted.
[0 : mcmc] Progress @ 2025-04-07 23:32:08 : 6246 steps taken, and 2226 accepted.
[3 : mcmc] Progress @ 2025-04-07 23:32:23 : 6313 steps taken, and 2246 accepted.
[1 : mcmc] Progress @ 2025-04-07 23:32:36 : 6300 steps taken, and 2190 accepted.
[2 : mcmc] Progress @ 2025-04-07 23:32:38 : 6380 steps taken, and 2198 accepted.
[0 : mcmc] Progress @ 2025-04-07 23:33:11 : 6265 steps taken, and 2233 accepted.
[3 : mcmc] Progress @ 2025-04-07 23:33:23 : 6331 steps taken, and 2256 accepted.
[1 : mcmc] Progress @ 2025-04-07 23:33:38 : 6320 steps taken, and 2202 accepted.
[2 : mcmc] Progress @ 2025-04-07 23:33:39 : 6403 steps taken, and 2207 accepted.
[0 : mcmc] Learn + convergence test @ 2240 samples accepted.
[0 : mcmc] Ready to check convergence and learn a new proposal covmat (waiting for the rest...)
[0 : mcmc] Progress @ 2025-04-07 23:34:11 : 6286 steps taken, and 2242 accepted.
[3 : mcmc] Progress @ 2025-04-07 23:34:25 : 6348 steps taken, and 2261 accepted.
[1 : mcmc] Progress @ 2025-04-07 23:34:38 : 6339 steps taken, and 2206 accepted.
[2 : mcmc] Progress @ 2025-04-07 23:34:43 : 6423 steps taken, and 2215 accepted.
[0 : mcmc] Progress @ 2025-04-07 23:35:12 : 6304 steps taken, and 2249 accepted.
[3 : mcmc] Progress @ 2025-04-07 23:35:26 : 6369 steps taken, and 2268 accepted.
[1 : mcmc] Progress @ 2025-04-07 23:35:40 : 6357 steps taken, and 2208 accepted.
[2 : mcmc] Progress @ 2025-04-07 23:35:44 : 6446 steps taken, and 2224 accepted.
[0 : mcmc] Progress @ 2025-04-07 23:36:13 : 6328 steps taken, and 2257 accepted.
[3 : mcmc] Progress @ 2025-04-07 23:36:26 : 6387 steps taken, and 2280 accepted.
[1 : mcmc] Progress @ 2025-04-07 23:36:41 : 6376 steps taken, and 2217 accepted.
[2 : mcmc] Progress @ 2025-04-07 23:36:47 : 6466 steps taken, and 2230 accepted.
[0 : mcmc] Progress @ 2025-04-07 23:37:16 : 6346 steps taken, and 2264 accepted.
[3 : mcmc] Progress @ 2025-04-07 23:37:26 : 6407 steps taken, and 2285 accepted.
[1 : mcmc] Progress @ 2025-04-07 23:37:44 : 6394 steps taken, and 2220 accepted.
[2 : mcmc] Progress @ 2025-04-07 23:37:51 : 6486 steps taken, and 2239 accepted.
[2 : mcmc] Learn + convergence test @ 2240 samples accepted.
[2 : mcmc] Ready to check convergence and learn a new proposal covmat (waiting for the rest...)
[0 : mcmc] Progress @ 2025-04-07 23:38:20 : 6367 steps taken, and 2269 accepted.
[3 : mcmc] Progress @ 2025-04-07 23:38:29 : 6425 steps taken, and 2294 accepted.
[1 : mcmc] Progress @ 2025-04-07 23:38:46 : 6413 steps taken, and 2227 accepted.
[2 : mcmc] Progress @ 2025-04-07 23:38:55 : 6507 steps taken, and 2247 accepted.
[0 : mcmc] Progress @ 2025-04-07 23:39:20 : 6385 steps taken, and 2272 accepted.
[3 : mcmc] Progress @ 2025-04-07 23:39:29 : 6443 steps taken, and 2300 accepted.
[1 : mcmc] Progress @ 2025-04-07 23:39:49 : 6433 steps taken, and 2231 accepted.
[2 : mcmc] Progress @ 2025-04-07 23:39:59 : 6526 steps taken, and 2251 accepted.
[0 : mcmc] Progress @ 2025-04-07 23:40:21 : 6403 steps taken, and 2281 accepted.
[3 : mcmc] Progress @ 2025-04-07 23:40:33 : 6462 steps taken, and 2305 accepted.
[1 : mcmc] Learn + convergence test @ 2240 samples accepted.
[1 : mcmc] Ready to check convergence and learn a new proposal covmat (waiting for the rest...)
[0 : mcmc] All chains are ready to check convergence and learn a new proposal covmat
[2 : mcmc] Progress @ 2025-04-07 23:41:03 : 6545 steps taken, and 2258 accepted.
[0 : mcmc]  - Acceptance rate: 0.365 = avg([0.3811, 0.3485, 0.3528, 0.3758])
[0 : mcmc]  - Convergence of means: R-1 = 0.052194 after 9093 accepted steps = sum([2286, 2240, 2259, 2308])
[0 : mcmc]  - Updated covariance matrix of proposal pdf.
[1 : mcmc] Progress @ 2025-04-07 23:41:15 : 6455 steps taken, and 2240 accepted.
[0 : mcmc] Progress @ 2025-04-07 23:41:22 : 6415 steps taken, and 2288 accepted.
[3 : mcmc] Progress @ 2025-04-07 23:41:35 : 6478 steps taken, and 2311 accepted.
[2 : mcmc] Progress @ 2025-04-07 23:42:04 : 6567 steps taken, and 2264 accepted.
[1 : mcmc] Progress @ 2025-04-07 23:42:15 : 6475 steps taken, and 2244 accepted.
[0 : mcmc] Progress @ 2025-04-07 23:42:25 : 6434 steps taken, and 2292 accepted.
[3 : mcmc] Progress @ 2025-04-07 23:42:39 : 6498 steps taken, and 2317 accepted.
[2 : mcmc] Progress @ 2025-04-07 23:43:06 : 6585 steps taken, and 2273 accepted.
[1 : mcmc] Progress @ 2025-04-07 23:43:16 : 6493 steps taken, and 2251 accepted.
[0 : mcmc] Progress @ 2025-04-07 23:43:26 : 6453 steps taken, and 2295 accepted.
[3 : mcmc] Progress @ 2025-04-07 23:43:41 : 6516 steps taken, and 2322 accepted.
[2 : mcmc] Progress @ 2025-04-07 23:44:10 : 6604 steps taken, and 2280 accepted.
[1 : mcmc] Progress @ 2025-04-07 23:44:16 : 6512 steps taken, and 2259 accepted.
[0 : mcmc] Progress @ 2025-04-07 23:44:28 : 6471 steps taken, and 2299 accepted.
[3 : mcmc] Progress @ 2025-04-07 23:44:45 : 6535 steps taken, and 2330 accepted.
[2 : mcmc] Progress @ 2025-04-07 23:45:11 : 6626 steps taken, and 2289 accepted.
[1 : mcmc] Progress @ 2025-04-07 23:45:20 : 6533 steps taken, and 2267 accepted.
[0 : mcmc] Progress @ 2025-04-07 23:45:28 : 6489 steps taken, and 2305 accepted.
[3 : mcmc] Progress @ 2025-04-07 23:45:46 : 6555 steps taken, and 2337 accepted.
[2 : mcmc] Progress @ 2025-04-07 23:46:13 : 6643 steps taken, and 2296 accepted.
[1 : mcmc] Progress @ 2025-04-07 23:46:23 : 6551 steps taken, and 2273 accepted.
[0 : mcmc] Progress @ 2025-04-07 23:46:29 : 6509 steps taken, and 2312 accepted.
[3 : mcmc] Progress @ 2025-04-07 23:46:46 : 6574 steps taken, and 2344 accepted.
[2 : mcmc] Progress @ 2025-04-07 23:47:14 : 6662 steps taken, and 2302 accepted.
[1 : mcmc] Progress @ 2025-04-07 23:47:24 : 6573 steps taken, and 2278 accepted.
[0 : mcmc] Progress @ 2025-04-07 23:47:30 : 6525 steps taken, and 2319 accepted.
[3 : mcmc] Progress @ 2025-04-07 23:47:49 : 6593 steps taken, and 2354 accepted.
[2 : mcmc] Progress @ 2025-04-07 23:48:17 : 6681 steps taken, and 2308 accepted.
[1 : mcmc] Progress @ 2025-04-07 23:48:25 : 6592 steps taken, and 2288 accepted.
[0 : mcmc] Progress @ 2025-04-07 23:48:31 : 6544 steps taken, and 2325 accepted.
[3 : mcmc] Progress @ 2025-04-07 23:48:51 : 6613 steps taken, and 2362 accepted.
[2 : mcmc] Progress @ 2025-04-07 23:49:18 : 6700 steps taken, and 2314 accepted.
[1 : mcmc] Progress @ 2025-04-07 23:49:25 : 6610 steps taken, and 2293 accepted.
[0 : mcmc] Progress @ 2025-04-07 23:49:34 : 6562 steps taken, and 2333 accepted.
[3 : mcmc] Progress @ 2025-04-07 23:49:54 : 6634 steps taken, and 2368 accepted.
[2 : mcmc] Progress @ 2025-04-07 23:50:19 : 6717 steps taken, and 2319 accepted.
[1 : mcmc] Progress @ 2025-04-07 23:50:25 : 6634 steps taken, and 2298 accepted.
[0 : mcmc] Progress @ 2025-04-07 23:50:36 : 6582 steps taken, and 2345 accepted.
[3 : mcmc] Progress @ 2025-04-07 23:50:57 : 6652 steps taken, and 2378 accepted.
[2 : mcmc] Progress @ 2025-04-07 23:51:23 : 6736 steps taken, and 2329 accepted.
[1 : mcmc] Progress @ 2025-04-07 23:51:26 : 6658 steps taken, and 2309 accepted.
[0 : mcmc] Progress @ 2025-04-07 23:51:39 : 6601 steps taken, and 2355 accepted.
[3 : mcmc] Progress @ 2025-04-07 23:51:58 : 6672 steps taken, and 2386 accepted.
[2 : mcmc] Progress @ 2025-04-07 23:52:24 : 6755 steps taken, and 2339 accepted.
[1 : mcmc] Progress @ 2025-04-07 23:52:28 : 6679 steps taken, and 2317 accepted.
[0 : mcmc] Progress @ 2025-04-07 23:52:39 : 6620 steps taken, and 2363 accepted.
[3 : mcmc] Progress @ 2025-04-07 23:53:02 : 6690 steps taken, and 2391 accepted.
[2 : mcmc] Progress @ 2025-04-07 23:53:26 : 6772 steps taken, and 2346 accepted.
[1 : mcmc] Progress @ 2025-04-07 23:53:31 : 6697 steps taken, and 2324 accepted.
[0 : mcmc] Progress @ 2025-04-07 23:53:39 : 6638 steps taken, and 2369 accepted.
[3 : mcmc] Progress @ 2025-04-07 23:54:03 : 6713 steps taken, and 2401 accepted.
[2 : mcmc] Progress @ 2025-04-07 23:54:30 : 6792 steps taken, and 2355 accepted.
[1 : mcmc] Progress @ 2025-04-07 23:54:32 : 6716 steps taken, and 2327 accepted.
[0 : mcmc] Progress @ 2025-04-07 23:54:43 : 6656 steps taken, and 2373 accepted.
[3 : mcmc] Progress @ 2025-04-07 23:55:06 : 6733 steps taken, and 2409 accepted.
[2 : mcmc] Progress @ 2025-04-07 23:55:31 : 6811 steps taken, and 2358 accepted.
[1 : mcmc] Progress @ 2025-04-07 23:55:36 : 6736 steps taken, and 2334 accepted.
[0 : mcmc] Progress @ 2025-04-07 23:55:46 : 6675 steps taken, and 2379 accepted.
[3 : mcmc] Progress @ 2025-04-07 23:56:06 : 6751 steps taken, and 2419 accepted.
[2 : mcmc] Progress @ 2025-04-07 23:56:34 : 6829 steps taken, and 2363 accepted.
[1 : mcmc] Progress @ 2025-04-07 23:56:39 : 6754 steps taken, and 2345 accepted.
[0 : mcmc] Progress @ 2025-04-07 23:56:47 : 6695 steps taken, and 2385 accepted.
[3 : mcmc] Progress @ 2025-04-07 23:57:07 : 6769 steps taken, and 2424 accepted.
[2 : mcmc] Progress @ 2025-04-07 23:57:35 : 6847 steps taken, and 2375 accepted.
[1 : mcmc] Progress @ 2025-04-07 23:57:39 : 6772 steps taken, and 2353 accepted.
[0 : mcmc] Progress @ 2025-04-07 23:57:47 : 6717 steps taken, and 2394 accepted.
[3 : mcmc] Progress @ 2025-04-07 23:58:07 : 6788 steps taken, and 2434 accepted.
[2 : mcmc] Progress @ 2025-04-07 23:58:36 : 6866 steps taken, and 2381 accepted.
[1 : mcmc] Progress @ 2025-04-07 23:58:39 : 6790 steps taken, and 2359 accepted.
[0 : mcmc] Progress @ 2025-04-07 23:58:48 : 6737 steps taken, and 2405 accepted.
[3 : mcmc] Progress @ 2025-04-07 23:59:09 : 6805 steps taken, and 2440 accepted.
[2 : mcmc] Progress @ 2025-04-07 23:59:37 : 6883 steps taken, and 2383 accepted.
[1 : mcmc] Progress @ 2025-04-07 23:59:40 : 6809 steps taken, and 2366 accepted.
[0 : mcmc] Progress @ 2025-04-07 23:59:49 : 6756 steps taken, and 2413 accepted.
[3 : mcmc] Progress @ 2025-04-08 00:00:09 : 6824 steps taken, and 2446 accepted.
[2 : mcmc] Progress @ 2025-04-08 00:00:38 : 6902 steps taken, and 2395 accepted.
[1 : mcmc] Progress @ 2025-04-08 00:00:42 : 6826 steps taken, and 2367 accepted.
[0 : mcmc] Progress @ 2025-04-08 00:00:52 : 6777 steps taken, and 2418 accepted.
[3 : mcmc] Progress @ 2025-04-08 00:01:09 : 6842 steps taken, and 2452 accepted.
[2 : mcmc] Progress @ 2025-04-08 00:01:41 : 6920 steps taken, and 2400 accepted.
[1 : mcmc] Progress @ 2025-04-08 00:01:42 : 6845 steps taken, and 2372 accepted.
[0 : mcmc] Progress @ 2025-04-08 00:01:53 : 6796 steps taken, and 2423 accepted.
[3 : mcmc] Progress @ 2025-04-08 00:02:11 : 6859 steps taken, and 2459 accepted.
[1 : mcmc] Progress @ 2025-04-08 00:02:42 : 6864 steps taken, and 2376 accepted.
[2 : mcmc] Progress @ 2025-04-08 00:02:44 : 6938 steps taken, and 2407 accepted.
[0 : mcmc] Progress @ 2025-04-08 00:02:55 : 6814 steps taken, and 2433 accepted.
[3 : mcmc] Progress @ 2025-04-08 00:03:12 : 6881 steps taken, and 2468 accepted.
[1 : mcmc] Progress @ 2025-04-08 00:03:42 : 6882 steps taken, and 2384 accepted.
[2 : mcmc] Progress @ 2025-04-08 00:03:48 : 6958 steps taken, and 2415 accepted.
[0 : mcmc] Progress @ 2025-04-08 00:03:56 : 6832 steps taken, and 2441 accepted.
[3 : mcmc] Progress @ 2025-04-08 00:04:14 : 6903 steps taken, and 2479 accepted.
[1 : mcmc] Progress @ 2025-04-08 00:04:44 : 6900 steps taken, and 2393 accepted.
[2 : mcmc] Progress @ 2025-04-08 00:04:49 : 6979 steps taken, and 2420 accepted.
[0 : mcmc] Progress @ 2025-04-08 00:04:59 : 6850 steps taken, and 2446 accepted.
[3 : mcmc] Progress @ 2025-04-08 00:05:17 : 6921 steps taken, and 2487 accepted.
[1 : mcmc] Progress @ 2025-04-08 00:05:45 : 6920 steps taken, and 2400 accepted.
[2 : mcmc] Progress @ 2025-04-08 00:05:53 : 6998 steps taken, and 2427 accepted.
[0 : mcmc] Progress @ 2025-04-08 00:06:00 : 6871 steps taken, and 2453 accepted.
[3 : mcmc] Progress @ 2025-04-08 00:06:21 : 6940 steps taken, and 2490 accepted.
[1 : mcmc] Progress @ 2025-04-08 00:06:46 : 6938 steps taken, and 2406 accepted.
[2 : mcmc] Progress @ 2025-04-08 00:06:56 : 7020 steps taken, and 2433 accepted.
[0 : mcmc] Progress @ 2025-04-08 00:07:03 : 6889 steps taken, and 2459 accepted.
[3 : mcmc] Progress @ 2025-04-08 00:07:24 : 6959 steps taken, and 2497 accepted.
[1 : mcmc] Progress @ 2025-04-08 00:07:46 : 6958 steps taken, and 2416 accepted.
[2 : mcmc] Progress @ 2025-04-08 00:07:58 : 7042 steps taken, and 2440 accepted.
[0 : mcmc] Progress @ 2025-04-08 00:08:06 : 6907 steps taken, and 2466 accepted.
[3 : mcmc] Progress @ 2025-04-08 00:08:25 : 6979 steps taken, and 2505 accepted.
[1 : mcmc] Progress @ 2025-04-08 00:08:49 : 6977 steps taken, and 2421 accepted.
[2 : mcmc] Progress @ 2025-04-08 00:09:01 : 7061 steps taken, and 2444 accepted.
[0 : mcmc] Progress @ 2025-04-08 00:09:08 : 6928 steps taken, and 2476 accepted.
[3 : mcmc] Progress @ 2025-04-08 00:09:26 : 6997 steps taken, and 2512 accepted.
[1 : mcmc] Progress @ 2025-04-08 00:09:53 : 6996 steps taken, and 2428 accepted.
[2 : mcmc] Progress @ 2025-04-08 00:10:05 : 7082 steps taken, and 2454 accepted.
[0 : mcmc] Progress @ 2025-04-08 00:10:09 : 6949 steps taken, and 2481 accepted.
[3 : mcmc] Progress @ 2025-04-08 00:10:29 : 7018 steps taken, and 2516 accepted.
[1 : mcmc] Progress @ 2025-04-08 00:10:56 : 7014 steps taken, and 2434 accepted.
[2 : mcmc] Progress @ 2025-04-08 00:11:06 : 7101 steps taken, and 2461 accepted.
[0 : mcmc] Progress @ 2025-04-08 00:11:12 : 6967 steps taken, and 2486 accepted.
[3 : mcmc] Progress @ 2025-04-08 00:11:29 : 7038 steps taken, and 2521 accepted.
[1 : mcmc] Progress @ 2025-04-08 00:11:57 : 7032 steps taken, and 2441 accepted.
[2 : mcmc] Progress @ 2025-04-08 00:12:09 : 7119 steps taken, and 2467 accepted.
[0 : mcmc] Progress @ 2025-04-08 00:12:16 : 6985 steps taken, and 2492 accepted.
[3 : mcmc] Progress @ 2025-04-08 00:12:29 : 7056 steps taken, and 2525 accepted.
[1 : mcmc] Progress @ 2025-04-08 00:13:00 : 7052 steps taken, and 2446 accepted.
[2 : mcmc] Progress @ 2025-04-08 00:13:11 : 7139 steps taken, and 2475 accepted.
[0 : mcmc] Progress @ 2025-04-08 00:13:17 : 7005 steps taken, and 2503 accepted.
[3 : mcmc] Progress @ 2025-04-08 00:13:29 : 7076 steps taken, and 2532 accepted.
[1 : mcmc] Progress @ 2025-04-08 00:14:01 : 7072 steps taken, and 2456 accepted.
[2 : mcmc] Progress @ 2025-04-08 00:14:12 : 7160 steps taken, and 2487 accepted.
[0 : mcmc] Progress @ 2025-04-08 00:14:20 : 7023 steps taken, and 2505 accepted.
[3 : mcmc] Progress @ 2025-04-08 00:14:30 : 7095 steps taken, and 2536 accepted.
[1 : mcmc] Progress @ 2025-04-08 00:15:05 : 7091 steps taken, and 2462 accepted.
[2 : mcmc] Progress @ 2025-04-08 00:15:14 : 7180 steps taken, and 2495 accepted.
[0 : mcmc] Progress @ 2025-04-08 00:15:23 : 7041 steps taken, and 2513 accepted.
[3 : mcmc] Progress @ 2025-04-08 00:15:33 : 7113 steps taken, and 2542 accepted.
[1 : mcmc] Progress @ 2025-04-08 00:16:08 : 7109 steps taken, and 2469 accepted.
[2 : mcmc] Progress @ 2025-04-08 00:16:16 : 7199 steps taken, and 2502 accepted.
[0 : mcmc] Progress @ 2025-04-08 00:16:24 : 7062 steps taken, and 2526 accepted.
[3 : mcmc] Progress @ 2025-04-08 00:16:36 : 7131 steps taken, and 2546 accepted.
[1 : mcmc] Progress @ 2025-04-08 00:17:08 : 7127 steps taken, and 2472 accepted.
[2 : mcmc] Progress @ 2025-04-08 00:17:19 : 7217 steps taken, and 2508 accepted.
[0 : mcmc] Progress @ 2025-04-08 00:17:28 : 7080 steps taken, and 2531 accepted.
[3 : mcmc] Progress @ 2025-04-08 00:17:36 : 7150 steps taken, and 2553 accepted.
[1 : mcmc] Progress @ 2025-04-08 00:18:08 : 7147 steps taken, and 2480 accepted.
[3 : mcmc] Learn + convergence test @ 2560 samples accepted.
[3 : mcmc] Ready to check convergence and learn a new proposal covmat (waiting for the rest...)
[2 : mcmc] Progress @ 2025-04-08 00:18:19 : 7236 steps taken, and 2515 accepted.
[0 : mcmc] Progress @ 2025-04-08 00:18:28 : 7098 steps taken, and 2538 accepted.
[3 : mcmc] Progress @ 2025-04-08 00:18:36 : 7168 steps taken, and 2561 accepted.
[1 : mcmc] Progress @ 2025-04-08 00:19:10 : 7167 steps taken, and 2487 accepted.
[2 : mcmc] Progress @ 2025-04-08 00:19:23 : 7255 steps taken, and 2527 accepted.
[0 : mcmc] Progress @ 2025-04-08 00:19:31 : 7116 steps taken, and 2545 accepted.
[3 : mcmc] Progress @ 2025-04-08 00:19:36 : 7188 steps taken, and 2569 accepted.
[1 : mcmc] Progress @ 2025-04-08 00:20:10 : 7185 steps taken, and 2493 accepted.
[2 : mcmc] Progress @ 2025-04-08 00:20:25 : 7282 steps taken, and 2538 accepted.
[0 : mcmc] Progress @ 2025-04-08 00:20:31 : 7135 steps taken, and 2551 accepted.
[3 : mcmc] Progress @ 2025-04-08 00:20:40 : 7206 steps taken, and 2578 accepted.
[1 : mcmc] Progress @ 2025-04-08 00:21:12 : 7202 steps taken, and 2501 accepted.
[0 : mcmc] Learn + convergence test @ 2560 samples accepted.
[0 : mcmc] Ready to check convergence and learn a new proposal covmat (waiting for the rest...)
[2 : mcmc] Progress @ 2025-04-08 00:21:29 : 7303 steps taken, and 2547 accepted.
[0 : mcmc] Progress @ 2025-04-08 00:21:32 : 7156 steps taken, and 2561 accepted.
[3 : mcmc] Progress @ 2025-04-08 00:21:40 : 7225 steps taken, and 2585 accepted.
[1 : mcmc] Progress @ 2025-04-08 00:22:13 : 7223 steps taken, and 2511 accepted.
[2 : mcmc] Progress @ 2025-04-08 00:22:30 : 7323 steps taken, and 2553 accepted.
[0 : mcmc] Progress @ 2025-04-08 00:22:35 : 7174 steps taken, and 2569 accepted.
[3 : mcmc] Progress @ 2025-04-08 00:22:40 : 7244 steps taken, and 2591 accepted.
[1 : mcmc] Progress @ 2025-04-08 00:23:15 : 7244 steps taken, and 2518 accepted.
[2 : mcmc] Progress @ 2025-04-08 00:23:33 : 7344 steps taken, and 2559 accepted.
[0 : mcmc] Progress @ 2025-04-08 00:23:35 : 7192 steps taken, and 2579 accepted.
[3 : mcmc] Progress @ 2025-04-08 00:23:43 : 7262 steps taken, and 2598 accepted.
[2 : mcmc] Learn + convergence test @ 2560 samples accepted.
[2 : mcmc] Ready to check convergence and learn a new proposal covmat (waiting for the rest...)
[1 : mcmc] Progress @ 2025-04-08 00:24:18 : 7263 steps taken, and 2530 accepted.
[0 : mcmc] Progress @ 2025-04-08 00:24:36 : 7212 steps taken, and 2590 accepted.
[2 : mcmc] Progress @ 2025-04-08 00:24:36 : 7362 steps taken, and 2564 accepted.
[3 : mcmc] Progress @ 2025-04-08 00:24:43 : 7280 steps taken, and 2606 accepted.
[1 : mcmc] Progress @ 2025-04-08 00:25:18 : 7281 steps taken, and 2536 accepted.
[0 : mcmc] Progress @ 2025-04-08 00:25:38 : 7229 steps taken, and 2596 accepted.
[2 : mcmc] Progress @ 2025-04-08 00:25:40 : 7381 steps taken, and 2570 accepted.
[3 : mcmc] Progress @ 2025-04-08 00:25:44 : 7301 steps taken, and 2614 accepted.
[1 : mcmc] Progress @ 2025-04-08 00:26:19 : 7300 steps taken, and 2542 accepted.
[2 : mcmc] Progress @ 2025-04-08 00:26:41 : 7402 steps taken, and 2580 accepted.
[0 : mcmc] Progress @ 2025-04-08 00:26:41 : 7247 steps taken, and 2603 accepted.
[3 : mcmc] Progress @ 2025-04-08 00:26:45 : 7323 steps taken, and 2617 accepted.
[1 : mcmc] Progress @ 2025-04-08 00:27:22 : 7319 steps taken, and 2546 accepted.
[2 : mcmc] Progress @ 2025-04-08 00:27:42 : 7419 steps taken, and 2592 accepted.
[0 : mcmc] Progress @ 2025-04-08 00:27:44 : 7269 steps taken, and 2612 accepted.
[3 : mcmc] Progress @ 2025-04-08 00:27:45 : 7342 steps taken, and 2623 accepted.
[1 : mcmc] Progress @ 2025-04-08 00:28:22 : 7338 steps taken, and 2551 accepted.
[2 : mcmc] Progress @ 2025-04-08 00:28:43 : 7438 steps taken, and 2598 accepted.
[3 : mcmc] Progress @ 2025-04-08 00:28:45 : 7362 steps taken, and 2629 accepted.
[0 : mcmc] Progress @ 2025-04-08 00:28:47 : 7289 steps taken, and 2616 accepted.
[1 : mcmc] Progress @ 2025-04-08 00:29:24 : 7355 steps taken, and 2556 accepted.
[2 : mcmc] Progress @ 2025-04-08 00:29:44 : 7454 steps taken, and 2602 accepted.
[3 : mcmc] Progress @ 2025-04-08 00:29:46 : 7386 steps taken, and 2637 accepted.
[0 : mcmc] Progress @ 2025-04-08 00:29:48 : 7310 steps taken, and 2626 accepted.
[1 : mcmc] Learn + convergence test @ 2560 samples accepted.
[1 : mcmc] Ready to check convergence and learn a new proposal covmat (waiting for the rest...)
[0 : mcmc] All chains are ready to check convergence and learn a new proposal covmat
[0 : mcmc]  - Acceptance rate: 0.366 = avg([0.3831, 0.3486, 0.3580, 0.3751])
[0 : mcmc]  - Convergence of means: R-1 = 0.055876 after 10434 accepted steps = sum([2628, 2560, 2606, 2640])
[0 : mcmc]  - Updated covariance matrix of proposal pdf.
[1 : mcmc] Progress @ 2025-04-08 00:30:26 : 7370 steps taken, and 2561 accepted.
[2 : mcmc] Progress @ 2025-04-08 00:30:47 : 7474 steps taken, and 2610 accepted.
[3 : mcmc] Progress @ 2025-04-08 00:30:47 : 7409 steps taken, and 2644 accepted.
[0 : mcmc] Progress @ 2025-04-08 00:30:48 : 7333 steps taken, and 2633 accepted.
[1 : mcmc] Progress @ 2025-04-08 00:31:30 : 7389 steps taken, and 2569 accepted.
[3 : mcmc] Progress @ 2025-04-08 00:31:47 : 7427 steps taken, and 2650 accepted.
[2 : mcmc] Progress @ 2025-04-08 00:31:48 : 7493 steps taken, and 2614 accepted.
[0 : mcmc] Progress @ 2025-04-08 00:31:49 : 7353 steps taken, and 2640 accepted.
[1 : mcmc] Progress @ 2025-04-08 00:32:30 : 7411 steps taken, and 2575 accepted.
[0 : mcmc] Progress @ 2025-04-08 00:32:50 : 7372 steps taken, and 2651 accepted.
[2 : mcmc] Progress @ 2025-04-08 00:32:50 : 7512 steps taken, and 2619 accepted.
[3 : mcmc] Progress @ 2025-04-08 00:32:51 : 7445 steps taken, and 2654 accepted.
[1 : mcmc] Progress @ 2025-04-08 00:33:31 : 7431 steps taken, and 2586 accepted.
[3 : mcmc] Progress @ 2025-04-08 00:33:52 : 7468 steps taken, and 2665 accepted.
[0 : mcmc] Progress @ 2025-04-08 00:33:53 : 7390 steps taken, and 2660 accepted.
[2 : mcmc] Progress @ 2025-04-08 00:33:54 : 7531 steps taken, and 2633 accepted.
[1 : mcmc] Progress @ 2025-04-08 00:34:31 : 7451 steps taken, and 2594 accepted.
[3 : mcmc] Progress @ 2025-04-08 00:34:52 : 7487 steps taken, and 2670 accepted.
[2 : mcmc] Progress @ 2025-04-08 00:34:55 : 7549 steps taken, and 2642 accepted.
[0 : mcmc] Progress @ 2025-04-08 00:34:56 : 7409 steps taken, and 2670 accepted.
[1 : mcmc] Progress @ 2025-04-08 00:35:33 : 7468 steps taken, and 2598 accepted.
[3 : mcmc] Progress @ 2025-04-08 00:35:55 : 7506 steps taken, and 2677 accepted.
[2 : mcmc] Progress @ 2025-04-08 00:35:56 : 7568 steps taken, and 2645 accepted.
[0 : mcmc] Progress @ 2025-04-08 00:35:59 : 7428 steps taken, and 2674 accepted.
[1 : mcmc] Progress @ 2025-04-08 00:36:35 : 7487 steps taken, and 2603 accepted.
[3 : mcmc] Progress @ 2025-04-08 00:36:55 : 7526 steps taken, and 2686 accepted.
[2 : mcmc] Progress @ 2025-04-08 00:36:56 : 7587 steps taken, and 2656 accepted.
[0 : mcmc] Progress @ 2025-04-08 00:37:01 : 7449 steps taken, and 2680 accepted.
[1 : mcmc] Progress @ 2025-04-08 00:37:35 : 7507 steps taken, and 2612 accepted.
[3 : mcmc] Progress @ 2025-04-08 00:37:57 : 7548 steps taken, and 2695 accepted.
[2 : mcmc] Progress @ 2025-04-08 00:37:58 : 7604 steps taken, and 2664 accepted.
[0 : mcmc] Progress @ 2025-04-08 00:38:01 : 7469 steps taken, and 2686 accepted.
[1 : mcmc] Progress @ 2025-04-08 00:38:35 : 7528 steps taken, and 2621 accepted.
[2 : mcmc] Progress @ 2025-04-08 00:38:59 : 7623 steps taken, and 2673 accepted.
[3 : mcmc] Progress @ 2025-04-08 00:38:59 : 7573 steps taken, and 2706 accepted.
[0 : mcmc] Progress @ 2025-04-08 00:39:01 : 7489 steps taken, and 2696 accepted.
[1 : mcmc] Progress @ 2025-04-08 00:39:39 : 7547 steps taken, and 2629 accepted.
[3 : mcmc] Progress @ 2025-04-08 00:39:59 : 7597 steps taken, and 2714 accepted.
[0 : mcmc] Progress @ 2025-04-08 00:40:01 : 7508 steps taken, and 2704 accepted.
[2 : mcmc] Progress @ 2025-04-08 00:40:03 : 7643 steps taken, and 2678 accepted.
[1 : mcmc] Progress @ 2025-04-08 00:40:40 : 7566 steps taken, and 2639 accepted.
[3 : mcmc] Progress @ 2025-04-08 00:41:00 : 7618 steps taken, and 2720 accepted.
[0 : mcmc] Progress @ 2025-04-08 00:41:02 : 7527 steps taken, and 2709 accepted.
[2 : mcmc] Progress @ 2025-04-08 00:41:07 : 7662 steps taken, and 2685 accepted.
[1 : mcmc] Progress @ 2025-04-08 00:41:43 : 7584 steps taken, and 2646 accepted.
[3 : mcmc] Progress @ 2025-04-08 00:42:01 : 7637 steps taken, and 2727 accepted.
[0 : mcmc] Progress @ 2025-04-08 00:42:02 : 7546 steps taken, and 2714 accepted.
[2 : mcmc] Progress @ 2025-04-08 00:42:11 : 7684 steps taken, and 2695 accepted.
[1 : mcmc] Progress @ 2025-04-08 00:42:43 : 7603 steps taken, and 2652 accepted.
[3 : mcmc] Progress @ 2025-04-08 00:43:03 : 7655 steps taken, and 2733 accepted.
[0 : mcmc] Progress @ 2025-04-08 00:43:05 : 7567 steps taken, and 2721 accepted.
[2 : mcmc] Progress @ 2025-04-08 00:43:15 : 7703 steps taken, and 2700 accepted.
[1 : mcmc] Progress @ 2025-04-08 00:43:44 : 7621 steps taken, and 2658 accepted.
[3 : mcmc] Progress @ 2025-04-08 00:44:03 : 7675 steps taken, and 2737 accepted.
[0 : mcmc] Progress @ 2025-04-08 00:44:06 : 7587 steps taken, and 2726 accepted.
[2 : mcmc] Progress @ 2025-04-08 00:44:18 : 7721 steps taken, and 2706 accepted.
[1 : mcmc] Progress @ 2025-04-08 00:44:47 : 7639 steps taken, and 2664 accepted.
[3 : mcmc] Progress @ 2025-04-08 00:45:04 : 7694 steps taken, and 2746 accepted.
[0 : mcmc] Progress @ 2025-04-08 00:45:06 : 7606 steps taken, and 2734 accepted.
[2 : mcmc] Progress @ 2025-04-08 00:45:22 : 7741 steps taken, and 2712 accepted.
[1 : mcmc] Progress @ 2025-04-08 00:45:47 : 7657 steps taken, and 2667 accepted.
[0 : mcmc] Progress @ 2025-04-08 00:46:06 : 7624 steps taken, and 2744 accepted.
[3 : mcmc] Progress @ 2025-04-08 00:46:07 : 7712 steps taken, and 2748 accepted.
[2 : mcmc] Progress @ 2025-04-08 00:46:26 : 7760 steps taken, and 2722 accepted.
[1 : mcmc] Progress @ 2025-04-08 00:46:47 : 7677 steps taken, and 2671 accepted.
[0 : mcmc] Progress @ 2025-04-08 00:47:10 : 7643 steps taken, and 2748 accepted.
[3 : mcmc] Progress @ 2025-04-08 00:47:10 : 7732 steps taken, and 2759 accepted.
[2 : mcmc] Progress @ 2025-04-08 00:47:29 : 7780 steps taken, and 2730 accepted.
[1 : mcmc] Progress @ 2025-04-08 00:47:50 : 7697 steps taken, and 2679 accepted.
[0 : mcmc] Progress @ 2025-04-08 00:48:10 : 7662 steps taken, and 2753 accepted.
[3 : mcmc] Progress @ 2025-04-08 00:48:13 : 7756 steps taken, and 2767 accepted.
[2 : mcmc] Progress @ 2025-04-08 00:48:30 : 7802 steps taken, and 2735 accepted.
[1 : mcmc] Progress @ 2025-04-08 00:48:51 : 7716 steps taken, and 2685 accepted.
[0 : mcmc] Progress @ 2025-04-08 00:49:10 : 7680 steps taken, and 2755 accepted.
[3 : mcmc] Progress @ 2025-04-08 00:49:13 : 7776 steps taken, and 2771 accepted.
[2 : mcmc] Progress @ 2025-04-08 00:49:33 : 7822 steps taken, and 2744 accepted.
[1 : mcmc] Progress @ 2025-04-08 00:49:51 : 7734 steps taken, and 2692 accepted.
[0 : mcmc] Progress @ 2025-04-08 00:50:10 : 7698 steps taken, and 2760 accepted.
[3 : mcmc] Progress @ 2025-04-08 00:50:13 : 7797 steps taken, and 2778 accepted.
[2 : mcmc] Progress @ 2025-04-08 00:50:34 : 7842 steps taken, and 2751 accepted.
[1 : mcmc] Progress @ 2025-04-08 00:50:51 : 7754 steps taken, and 2697 accepted.
[0 : mcmc] Progress @ 2025-04-08 00:51:13 : 7716 steps taken, and 2768 accepted.
[3 : mcmc] Progress @ 2025-04-08 00:51:13 : 7816 steps taken, and 2781 accepted.
[2 : mcmc] Progress @ 2025-04-08 00:51:38 : 7861 steps taken, and 2761 accepted.
[1 : mcmc] Progress @ 2025-04-08 00:51:54 : 7772 steps taken, and 2706 accepted.
[3 : mcmc] Progress @ 2025-04-08 00:52:14 : 7835 steps taken, and 2790 accepted.
[0 : mcmc] Progress @ 2025-04-08 00:52:15 : 7734 steps taken, and 2774 accepted.
[2 : mcmc] Progress @ 2025-04-08 00:52:41 : 7880 steps taken, and 2766 accepted.
[1 : mcmc] Progress @ 2025-04-08 00:52:57 : 7790 steps taken, and 2713 accepted.
[0 : mcmc] Progress @ 2025-04-08 00:53:16 : 7753 steps taken, and 2781 accepted.
[3 : mcmc] Progress @ 2025-04-08 00:53:18 : 7854 steps taken, and 2797 accepted.
[2 : mcmc] Progress @ 2025-04-08 00:53:45 : 7900 steps taken, and 2774 accepted.
[1 : mcmc] Progress @ 2025-04-08 00:53:57 : 7812 steps taken, and 2723 accepted.
[0 : mcmc] Progress @ 2025-04-08 00:54:18 : 7774 steps taken, and 2782 accepted.
[3 : mcmc] Progress @ 2025-04-08 00:54:18 : 7873 steps taken, and 2805 accepted.
[2 : mcmc] Progress @ 2025-04-08 00:54:45 : 7920 steps taken, and 2785 accepted.
[1 : mcmc] Progress @ 2025-04-08 00:54:59 : 7831 steps taken, and 2732 accepted.
[0 : mcmc] Progress @ 2025-04-08 00:55:18 : 7795 steps taken, and 2789 accepted.
[3 : mcmc] Progress @ 2025-04-08 00:55:21 : 7891 steps taken, and 2813 accepted.
[2 : mcmc] Progress @ 2025-04-08 00:55:46 : 7944 steps taken, and 2790 accepted.
[1 : mcmc] Progress @ 2025-04-08 00:55:59 : 7851 steps taken, and 2741 accepted.
[0 : mcmc] Progress @ 2025-04-08 00:56:18 : 7813 steps taken, and 2799 accepted.
[3 : mcmc] Progress @ 2025-04-08 00:56:23 : 7908 steps taken, and 2818 accepted.
[2 : mcmc] Progress @ 2025-04-08 00:56:48 : 7963 steps taken, and 2797 accepted.
[1 : mcmc] Progress @ 2025-04-08 00:57:02 : 7870 steps taken, and 2745 accepted.
[0 : mcmc] Progress @ 2025-04-08 00:57:22 : 7832 steps taken, and 2805 accepted.
[3 : mcmc] Progress @ 2025-04-08 00:57:25 : 7932 steps taken, and 2826 accepted.
[2 : mcmc] Progress @ 2025-04-08 00:57:51 : 7981 steps taken, and 2806 accepted.
[1 : mcmc] Progress @ 2025-04-08 00:58:02 : 7888 steps taken, and 2754 accepted.
[0 : mcmc] Progress @ 2025-04-08 00:58:25 : 7852 steps taken, and 2810 accepted.
[3 : mcmc] Progress @ 2025-04-08 00:58:29 : 7950 steps taken, and 2833 accepted.
[2 : mcmc] Progress @ 2025-04-08 00:58:52 : 8000 steps taken, and 2815 accepted.
[1 : mcmc] Progress @ 2025-04-08 00:59:03 : 7911 steps taken, and 2765 accepted.
[0 : mcmc] Progress @ 2025-04-08 00:59:27 : 7872 steps taken, and 2819 accepted.
[3 : mcmc] Progress @ 2025-04-08 00:59:29 : 7969 steps taken, and 2842 accepted.
[2 : mcmc] Progress @ 2025-04-08 00:59:52 : 8018 steps taken, and 2823 accepted.
[1 : mcmc] Progress @ 2025-04-08 01:00:03 : 7929 steps taken, and 2770 accepted.
[0 : mcmc] Progress @ 2025-04-08 01:00:27 : 7892 steps taken, and 2829 accepted.
[3 : mcmc] Progress @ 2025-04-08 01:00:32 : 7987 steps taken, and 2850 accepted.
[2 : mcmc] Progress @ 2025-04-08 01:00:55 : 8037 steps taken, and 2829 accepted.
[1 : mcmc] Progress @ 2025-04-08 01:01:03 : 7947 steps taken, and 2775 accepted.
[0 : mcmc] Progress @ 2025-04-08 01:01:27 : 7912 steps taken, and 2832 accepted.
[3 : mcmc] Progress @ 2025-04-08 01:01:32 : 8006 steps taken, and 2860 accepted.
[2 : mcmc] Progress @ 2025-04-08 01:01:59 : 8057 steps taken, and 2838 accepted.
[1 : mcmc] Progress @ 2025-04-08 01:02:06 : 7967 steps taken, and 2781 accepted.
[0 : mcmc] Progress @ 2025-04-08 01:02:30 : 7930 steps taken, and 2837 accepted.
[3 : mcmc] Progress @ 2025-04-08 01:02:32 : 8024 steps taken, and 2867 accepted.
[2 : mcmc] Progress @ 2025-04-08 01:03:00 : 8077 steps taken, and 2848 accepted.
[1 : mcmc] Progress @ 2025-04-08 01:03:06 : 7985 steps taken, and 2784 accepted.
[0 : mcmc] Progress @ 2025-04-08 01:03:30 : 7949 steps taken, and 2846 accepted.
[3 : mcmc] Progress @ 2025-04-08 01:03:33 : 8042 steps taken, and 2873 accepted.
[2 : mcmc] Progress @ 2025-04-08 01:04:03 : 8095 steps taken, and 2853 accepted.
[1 : mcmc] Progress @ 2025-04-08 01:04:06 : 8003 steps taken, and 2789 accepted.
[3 : mcmc] Learn + convergence test @ 2880 samples accepted.
[3 : mcmc] Ready to check convergence and learn a new proposal covmat (waiting for the rest...)
[0 : mcmc] Progress @ 2025-04-08 01:04:31 : 7967 steps taken, and 2850 accepted.
[3 : mcmc] Progress @ 2025-04-08 01:04:34 : 8059 steps taken, and 2880 accepted.
[2 : mcmc] Progress @ 2025-04-08 01:05:05 : 8113 steps taken, and 2859 accepted.
[1 : mcmc] Progress @ 2025-04-08 01:05:06 : 8023 steps taken, and 2794 accepted.
[0 : mcmc] Progress @ 2025-04-08 01:05:31 : 7986 steps taken, and 2857 accepted.
[3 : mcmc] Progress @ 2025-04-08 01:05:36 : 8081 steps taken, and 2887 accepted.
[2 : mcmc] Progress @ 2025-04-08 01:06:09 : 8132 steps taken, and 2863 accepted.
[1 : mcmc] Progress @ 2025-04-08 01:06:10 : 8041 steps taken, and 2801 accepted.
[0 : mcmc] Progress @ 2025-04-08 01:06:34 : 8005 steps taken, and 2863 accepted.
[3 : mcmc] Progress @ 2025-04-08 01:06:37 : 8100 steps taken, and 2894 accepted.
[1 : mcmc] Progress @ 2025-04-08 01:07:11 : 8060 steps taken, and 2804 accepted.
[2 : mcmc] Progress @ 2025-04-08 01:07:13 : 8151 steps taken, and 2869 accepted.
[0 : mcmc] Progress @ 2025-04-08 01:07:35 : 8027 steps taken, and 2870 accepted.
[3 : mcmc] Progress @ 2025-04-08 01:07:39 : 8117 steps taken, and 2901 accepted.
[1 : mcmc] Progress @ 2025-04-08 01:08:15 : 8081 steps taken, and 2809 accepted.
[2 : mcmc] Progress @ 2025-04-08 01:08:16 : 8170 steps taken, and 2874 accepted.
[0 : mcmc] Progress @ 2025-04-08 01:08:36 : 8046 steps taken, and 2876 accepted.
[3 : mcmc] Progress @ 2025-04-08 01:08:39 : 8135 steps taken, and 2908 accepted.
[0 : mcmc] Learn + convergence test @ 2880 samples accepted.
[0 : mcmc] Ready to check convergence and learn a new proposal covmat (waiting for the rest...)
[1 : mcmc] Progress @ 2025-04-08 01:09:15 : 8101 steps taken, and 2816 accepted.
[2 : mcmc] Progress @ 2025-04-08 01:09:18 : 8187 steps taken, and 2877 accepted.
[2 : mcmc] Learn + convergence test @ 2880 samples accepted.
[2 : mcmc] Ready to check convergence and learn a new proposal covmat (waiting for the rest...)
[0 : mcmc] Progress @ 2025-04-08 01:09:38 : 8063 steps taken, and 2884 accepted.
[3 : mcmc] Progress @ 2025-04-08 01:09:39 : 8154 steps taken, and 2916 accepted.
[1 : mcmc] Progress @ 2025-04-08 01:10:15 : 8119 steps taken, and 2824 accepted.
[2 : mcmc] Progress @ 2025-04-08 01:10:21 : 8206 steps taken, and 2885 accepted.
[0 : mcmc] Progress @ 2025-04-08 01:10:38 : 8082 steps taken, and 2892 accepted.
[3 : mcmc] Progress @ 2025-04-08 01:10:43 : 8172 steps taken, and 2922 accepted.
[1 : mcmc] Progress @ 2025-04-08 01:11:18 : 8137 steps taken, and 2832 accepted.
[2 : mcmc] Progress @ 2025-04-08 01:11:25 : 8226 steps taken, and 2894 accepted.
[0 : mcmc] Progress @ 2025-04-08 01:11:39 : 8101 steps taken, and 2898 accepted.
[3 : mcmc] Progress @ 2025-04-08 01:11:46 : 8200 steps taken, and 2932 accepted.
[1 : mcmc] Progress @ 2025-04-08 01:12:22 : 8155 steps taken, and 2834 accepted.
[2 : mcmc] Progress @ 2025-04-08 01:12:26 : 8247 steps taken, and 2900 accepted.
[0 : mcmc] Progress @ 2025-04-08 01:12:42 : 8121 steps taken, and 2904 accepted.
[3 : mcmc] Progress @ 2025-04-08 01:12:47 : 8224 steps taken, and 2940 accepted.
[1 : mcmc] Progress @ 2025-04-08 01:13:22 : 8175 steps taken, and 2841 accepted.
[2 : mcmc] Progress @ 2025-04-08 01:13:27 : 8267 steps taken, and 2906 accepted.
[0 : mcmc] Progress @ 2025-04-08 01:13:42 : 8140 steps taken, and 2909 accepted.
[3 : mcmc] Progress @ 2025-04-08 01:13:47 : 8243 steps taken, and 2948 accepted.
[1 : mcmc] Progress @ 2025-04-08 01:14:22 : 8193 steps taken, and 2849 accepted.
[2 : mcmc] Progress @ 2025-04-08 01:14:30 : 8285 steps taken, and 2921 accepted.
[0 : mcmc] Progress @ 2025-04-08 01:14:42 : 8160 steps taken, and 2917 accepted.
[3 : mcmc] Progress @ 2025-04-08 01:14:50 : 8263 steps taken, and 2958 accepted.
[1 : mcmc] Progress @ 2025-04-08 01:15:26 : 8211 steps taken, and 2856 accepted.
[2 : mcmc] Progress @ 2025-04-08 01:15:30 : 8311 steps taken, and 2929 accepted.
[0 : mcmc] Progress @ 2025-04-08 01:15:43 : 8178 steps taken, and 2922 accepted.
[3 : mcmc] Progress @ 2025-04-08 01:15:51 : 8281 steps taken, and 2966 accepted.
[1 : mcmc] Progress @ 2025-04-08 01:16:27 : 8232 steps taken, and 2865 accepted.
[2 : mcmc] Progress @ 2025-04-08 01:16:32 : 8331 steps taken, and 2938 accepted.
[0 : mcmc] Progress @ 2025-04-08 01:16:43 : 8199 steps taken, and 2930 accepted.
[3 : mcmc] Progress @ 2025-04-08 01:16:52 : 8301 steps taken, and 2978 accepted.
[1 : mcmc] Progress @ 2025-04-08 01:17:27 : 8252 steps taken, and 2876 accepted.
[2 : mcmc] Progress @ 2025-04-08 01:17:34 : 8349 steps taken, and 2943 accepted.
[0 : mcmc] Progress @ 2025-04-08 01:17:44 : 8221 steps taken, and 2935 accepted.
[1 : mcmc] Learn + convergence test @ 2880 samples accepted.
[1 : mcmc] Ready to check convergence and learn a new proposal covmat (waiting for the rest...)
[3 : mcmc] Progress @ 2025-04-08 01:17:54 : 8318 steps taken, and 2988 accepted.
[0 : mcmc] All chains are ready to check convergence and learn a new proposal covmat
[0 : mcmc]  - Acceptance rate: 0.366 = avg([0.3762, 0.3477, 0.3641, 0.3757])
[0 : mcmc]  - Convergence of means: R-1 = 0.039102 after 11749 accepted steps = sum([2937, 2880, 2944, 2988])
[0 : mcmc]  - Updated covariance matrix of proposal pdf.
[1 : mcmc] Progress @ 2025-04-08 01:18:30 : 8272 steps taken, and 2880 accepted.
[2 : mcmc] Progress @ 2025-04-08 01:18:38 : 8368 steps taken, and 2946 accepted.
[0 : mcmc] Progress @ 2025-04-08 01:18:46 : 8235 steps taken, and 2941 accepted.
[3 : mcmc] Progress @ 2025-04-08 01:18:54 : 8332 steps taken, and 2993 accepted.
[1 : mcmc] Progress @ 2025-04-08 01:19:30 : 8291 steps taken, and 2885 accepted.
[2 : mcmc] Progress @ 2025-04-08 01:19:39 : 8388 steps taken, and 2959 accepted.
[0 : mcmc] Progress @ 2025-04-08 01:19:47 : 8254 steps taken, and 2947 accepted.
[3 : mcmc] Progress @ 2025-04-08 01:19:56 : 8349 steps taken, and 2998 accepted.
[1 : mcmc] Progress @ 2025-04-08 01:20:34 : 8309 steps taken, and 2892 accepted.
[2 : mcmc] Progress @ 2025-04-08 01:20:40 : 8405 steps taken, and 2965 accepted.
[0 : mcmc] Progress @ 2025-04-08 01:20:49 : 8271 steps taken, and 2954 accepted.
[3 : mcmc] Progress @ 2025-04-08 01:20:56 : 8368 steps taken, and 3008 accepted.
[1 : mcmc] Progress @ 2025-04-08 01:21:34 : 8327 steps taken, and 2900 accepted.
[2 : mcmc] Progress @ 2025-04-08 01:21:41 : 8424 steps taken, and 2972 accepted.
[0 : mcmc] Progress @ 2025-04-08 01:21:50 : 8292 steps taken, and 2959 accepted.
[3 : mcmc] Progress @ 2025-04-08 01:21:59 : 8386 steps taken, and 3012 accepted.
[1 : mcmc] Progress @ 2025-04-08 01:22:37 : 8345 steps taken, and 2905 accepted.
[2 : mcmc] Progress @ 2025-04-08 01:22:42 : 8445 steps taken, and 2982 accepted.
[0 : mcmc] Progress @ 2025-04-08 01:22:51 : 8310 steps taken, and 2968 accepted.
[3 : mcmc] Progress @ 2025-04-08 01:23:01 : 8409 steps taken, and 3018 accepted.
[1 : mcmc] Progress @ 2025-04-08 01:23:41 : 8364 steps taken, and 2913 accepted.
[2 : mcmc] Progress @ 2025-04-08 01:23:42 : 8461 steps taken, and 2991 accepted.
[0 : mcmc] Progress @ 2025-04-08 01:23:53 : 8327 steps taken, and 2977 accepted.
[3 : mcmc] Progress @ 2025-04-08 01:24:01 : 8428 steps taken, and 3025 accepted.
[1 : mcmc] Progress @ 2025-04-08 01:24:41 : 8383 steps taken, and 2918 accepted.
[2 : mcmc] Progress @ 2025-04-08 01:24:43 : 8480 steps taken, and 2996 accepted.
[0 : mcmc] Progress @ 2025-04-08 01:24:55 : 8350 steps taken, and 2988 accepted.
[3 : mcmc] Progress @ 2025-04-08 01:25:01 : 8448 steps taken, and 3032 accepted.
[1 : mcmc] Progress @ 2025-04-08 01:25:45 : 8402 steps taken, and 2924 accepted.
[2 : mcmc] Progress @ 2025-04-08 01:25:45 : 8498 steps taken, and 3005 accepted.
[0 : mcmc] Progress @ 2025-04-08 01:25:58 : 8368 steps taken, and 2993 accepted.
[3 : mcmc] Progress @ 2025-04-08 01:26:01 : 8466 steps taken, and 3040 accepted.
[2 : mcmc] Progress @ 2025-04-08 01:26:46 : 8519 steps taken, and 3012 accepted.
[1 : mcmc] Progress @ 2025-04-08 01:26:48 : 8420 steps taken, and 2932 accepted.
[0 : mcmc] Progress @ 2025-04-08 01:26:59 : 8386 steps taken, and 2999 accepted.
[3 : mcmc] Progress @ 2025-04-08 01:27:02 : 8485 steps taken, and 3047 accepted.
[1 : mcmc] Progress @ 2025-04-08 01:27:48 : 8438 steps taken, and 2936 accepted.
[2 : mcmc] Progress @ 2025-04-08 01:27:49 : 8538 steps taken, and 3020 accepted.
[0 : mcmc] Progress @ 2025-04-08 01:28:02 : 8404 steps taken, and 3008 accepted.
[3 : mcmc] Progress @ 2025-04-08 01:28:05 : 8504 steps taken, and 3051 accepted.
[1 : mcmc] Progress @ 2025-04-08 01:28:48 : 8456 steps taken, and 2941 accepted.
[2 : mcmc] Progress @ 2025-04-08 01:28:50 : 8557 steps taken, and 3028 accepted.
[0 : mcmc] Progress @ 2025-04-08 01:29:02 : 8425 steps taken, and 3014 accepted.
[3 : mcmc] Progress @ 2025-04-08 01:29:05 : 8522 steps taken, and 3057 accepted.
[1 : mcmc] Progress @ 2025-04-08 01:29:51 : 8475 steps taken, and 2947 accepted.
[2 : mcmc] Progress @ 2025-04-08 01:29:53 : 8576 steps taken, and 3038 accepted.
[0 : mcmc] Progress @ 2025-04-08 01:30:05 : 8443 steps taken, and 3023 accepted.
[3 : mcmc] Progress @ 2025-04-08 01:30:08 : 8540 steps taken, and 3062 accepted.
[1 : mcmc] Progress @ 2025-04-08 01:30:52 : 8495 steps taken, and 2950 accepted.
[2 : mcmc] Progress @ 2025-04-08 01:30:54 : 8595 steps taken, and 3043 accepted.
[0 : mcmc] Progress @ 2025-04-08 01:31:05 : 8463 steps taken, and 3031 accepted.
[3 : mcmc] Progress @ 2025-04-08 01:31:08 : 8558 steps taken, and 3069 accepted.
[1 : mcmc] Progress @ 2025-04-08 01:31:54 : 8522 steps taken, and 2962 accepted.
[2 : mcmc] Progress @ 2025-04-08 01:31:56 : 8613 steps taken, and 3051 accepted.
[0 : mcmc] Progress @ 2025-04-08 01:32:05 : 8481 steps taken, and 3038 accepted.
[3 : mcmc] Progress @ 2025-04-08 01:32:09 : 8577 steps taken, and 3075 accepted.
[1 : mcmc] Progress @ 2025-04-08 01:32:56 : 8541 steps taken, and 2973 accepted.
[2 : mcmc] Progress @ 2025-04-08 01:32:59 : 8631 steps taken, and 3058 accepted.
[0 : mcmc] Progress @ 2025-04-08 01:33:07 : 8501 steps taken, and 3043 accepted.
[3 : mcmc] Progress @ 2025-04-08 01:33:12 : 8596 steps taken, and 3083 accepted.
[1 : mcmc] Progress @ 2025-04-08 01:33:59 : 8562 steps taken, and 2979 accepted.
[2 : mcmc] Progress @ 2025-04-08 01:34:02 : 8652 steps taken, and 3068 accepted.
[0 : mcmc] Progress @ 2025-04-08 01:34:10 : 8519 steps taken, and 3049 accepted.
[3 : mcmc] Progress @ 2025-04-08 01:34:14 : 8620 steps taken, and 3092 accepted.
[1 : mcmc] Progress @ 2025-04-08 01:35:00 : 8581 steps taken, and 2983 accepted.
[2 : mcmc] Progress @ 2025-04-08 01:35:04 : 8669 steps taken, and 3075 accepted.
[0 : mcmc] Progress @ 2025-04-08 01:35:10 : 8538 steps taken, and 3058 accepted.
[3 : mcmc] Progress @ 2025-04-08 01:35:17 : 8638 steps taken, and 3097 accepted.
[1 : mcmc] Progress @ 2025-04-08 01:36:03 : 8599 steps taken, and 2991 accepted.
[2 : mcmc] Progress @ 2025-04-08 01:36:05 : 8688 steps taken, and 3081 accepted.
[0 : mcmc] Progress @ 2025-04-08 01:36:10 : 8556 steps taken, and 3065 accepted.
[3 : mcmc] Progress @ 2025-04-08 01:36:21 : 8657 steps taken, and 3104 accepted.
[1 : mcmc] Progress @ 2025-04-08 01:37:06 : 8617 steps taken, and 2996 accepted.
[2 : mcmc] Progress @ 2025-04-08 01:37:09 : 8707 steps taken, and 3088 accepted.
[0 : mcmc] Progress @ 2025-04-08 01:37:14 : 8577 steps taken, and 3073 accepted.
[3 : mcmc] Progress @ 2025-04-08 01:37:24 : 8676 steps taken, and 3113 accepted.
[1 : mcmc] Progress @ 2025-04-08 01:38:08 : 8637 steps taken, and 3005 accepted.
[2 : mcmc] Progress @ 2025-04-08 01:38:10 : 8724 steps taken, and 3098 accepted.
[0 : mcmc] Progress @ 2025-04-08 01:38:17 : 8595 steps taken, and 3079 accepted.
[3 : mcmc] Progress @ 2025-04-08 01:38:25 : 8697 steps taken, and 3117 accepted.
[1 : mcmc] Progress @ 2025-04-08 01:39:11 : 8659 steps taken, and 3012 accepted.
[2 : mcmc] Progress @ 2025-04-08 01:39:14 : 8743 steps taken, and 3101 accepted.
[0 : mcmc] Progress @ 2025-04-08 01:39:18 : 8615 steps taken, and 3089 accepted.
[3 : mcmc] Progress @ 2025-04-08 01:39:26 : 8719 steps taken, and 3127 accepted.
[1 : mcmc] Progress @ 2025-04-08 01:40:14 : 8683 steps taken, and 3021 accepted.
[2 : mcmc] Progress @ 2025-04-08 01:40:18 : 8762 steps taken, and 3107 accepted.
[0 : mcmc] Progress @ 2025-04-08 01:40:19 : 8634 steps taken, and 3095 accepted.
[3 : mcmc] Progress @ 2025-04-08 01:40:26 : 8743 steps taken, and 3131 accepted.
[1 : mcmc] Progress @ 2025-04-08 01:41:17 : 8701 steps taken, and 3026 accepted.
[2 : mcmc] Progress @ 2025-04-08 01:41:22 : 8782 steps taken, and 3116 accepted.
[0 : mcmc] Progress @ 2025-04-08 01:41:22 : 8653 steps taken, and 3098 accepted.
[3 : mcmc] Progress @ 2025-04-08 01:41:28 : 8766 steps taken, and 3139 accepted.
[1 : mcmc] Progress @ 2025-04-08 01:42:20 : 8719 steps taken, and 3030 accepted.
[2 : mcmc] Progress @ 2025-04-08 01:42:23 : 8802 steps taken, and 3123 accepted.
[0 : mcmc] Progress @ 2025-04-08 01:42:25 : 8671 steps taken, and 3103 accepted.
[3 : mcmc] Progress @ 2025-04-08 01:42:28 : 8784 steps taken, and 3145 accepted.
[1 : mcmc] Progress @ 2025-04-08 01:43:21 : 8739 steps taken, and 3036 accepted.
[0 : mcmc] Progress @ 2025-04-08 01:43:25 : 8690 steps taken, and 3110 accepted.
[2 : mcmc] Progress @ 2025-04-08 01:43:25 : 8820 steps taken, and 3126 accepted.
[3 : mcmc] Progress @ 2025-04-08 01:43:31 : 8803 steps taken, and 3151 accepted.
[1 : mcmc] Progress @ 2025-04-08 01:44:24 : 8757 steps taken, and 3044 accepted.
[0 : mcmc] Progress @ 2025-04-08 01:44:27 : 8710 steps taken, and 3114 accepted.
[2 : mcmc] Progress @ 2025-04-08 01:44:29 : 8840 steps taken, and 3134 accepted.
[3 : mcmc] Progress @ 2025-04-08 01:44:31 : 8821 steps taken, and 3155 accepted.
[1 : mcmc] Progress @ 2025-04-08 01:45:26 : 8781 steps taken, and 3051 accepted.
[2 : mcmc] Progress @ 2025-04-08 01:45:30 : 8861 steps taken, and 3143 accepted.
[0 : mcmc] Progress @ 2025-04-08 01:45:30 : 8728 steps taken, and 3125 accepted.
[3 : mcmc] Progress @ 2025-04-08 01:45:31 : 8840 steps taken, and 3161 accepted.
[1 : mcmc] Progress @ 2025-04-08 01:46:29 : 8800 steps taken, and 3059 accepted.
[3 : mcmc] Progress @ 2025-04-08 01:46:31 : 8862 steps taken, and 3166 accepted.
[0 : mcmc] Progress @ 2025-04-08 01:46:33 : 8746 steps taken, and 3129 accepted.
[2 : mcmc] Progress @ 2025-04-08 01:46:33 : 8881 steps taken, and 3153 accepted.
[1 : mcmc] Progress @ 2025-04-08 01:47:33 : 8820 steps taken, and 3068 accepted.
[3 : mcmc] Progress @ 2025-04-08 01:47:34 : 8887 steps taken, and 3174 accepted.
[0 : mcmc] Progress @ 2025-04-08 01:47:34 : 8767 steps taken, and 3133 accepted.
[2 : mcmc] Progress @ 2025-04-08 01:47:37 : 8900 steps taken, and 3156 accepted.
[3 : mcmc] Progress @ 2025-04-08 01:48:34 : 8910 steps taken, and 3181 accepted.
[1 : mcmc] Progress @ 2025-04-08 01:48:34 : 8841 steps taken, and 3076 accepted.
[0 : mcmc] Progress @ 2025-04-08 01:48:35 : 8787 steps taken, and 3140 accepted.
[2 : mcmc] Progress @ 2025-04-08 01:48:41 : 8919 steps taken, and 3165 accepted.
[3 : mcmc] Progress @ 2025-04-08 01:49:34 : 8928 steps taken, and 3187 accepted.
[1 : mcmc] Progress @ 2025-04-08 01:49:35 : 8864 steps taken, and 3086 accepted.
[0 : mcmc] Progress @ 2025-04-08 01:49:38 : 8806 steps taken, and 3148 accepted.
[2 : mcmc] Progress @ 2025-04-08 01:49:44 : 8937 steps taken, and 3174 accepted.
[1 : mcmc] Progress @ 2025-04-08 01:50:37 : 8888 steps taken, and 3092 accepted.
[3 : mcmc] Progress @ 2025-04-08 01:50:37 : 8946 steps taken, and 3192 accepted.
[0 : mcmc] Progress @ 2025-04-08 01:50:38 : 8824 steps taken, and 3157 accepted.
[2 : mcmc] Progress @ 2025-04-08 01:50:48 : 8957 steps taken, and 3183 accepted.
[3 : mcmc] Learn + convergence test @ 3200 samples accepted.
[3 : mcmc] Ready to check convergence and learn a new proposal covmat (waiting for the rest...)
[1 : mcmc] Progress @ 2025-04-08 01:51:37 : 8909 steps taken, and 3097 accepted.
[3 : mcmc] Progress @ 2025-04-08 01:51:38 : 8965 steps taken, and 3201 accepted.
[0 : mcmc] Progress @ 2025-04-08 01:51:38 : 8843 steps taken, and 3164 accepted.
[2 : mcmc] Progress @ 2025-04-08 01:51:52 : 8976 steps taken, and 3188 accepted.
[3 : mcmc] Progress @ 2025-04-08 01:52:39 : 8986 steps taken, and 3208 accepted.
[0 : mcmc] Progress @ 2025-04-08 01:52:41 : 8871 steps taken, and 3172 accepted.
[1 : mcmc] Progress @ 2025-04-08 01:52:41 : 8928 steps taken, and 3102 accepted.
[2 : mcmc] Progress @ 2025-04-08 01:52:55 : 8995 steps taken, and 3194 accepted.
[2 : mcmc] Learn + convergence test @ 3200 samples accepted.
[2 : mcmc] Ready to check convergence and learn a new proposal covmat (waiting for the rest...)
[3 : mcmc] Progress @ 2025-04-08 01:53:42 : 9004 steps taken, and 3210 accepted.
[0 : mcmc] Progress @ 2025-04-08 01:53:42 : 8894 steps taken, and 3184 accepted.
[1 : mcmc] Progress @ 2025-04-08 01:53:45 : 8946 steps taken, and 3109 accepted.
[2 : mcmc] Progress @ 2025-04-08 01:53:56 : 9017 steps taken, and 3205 accepted.
[1 : mcmc] Progress @ 2025-04-08 01:54:45 : 8964 steps taken, and 3114 accepted.
[0 : mcmc] Progress @ 2025-04-08 01:54:46 : 8914 steps taken, and 3191 accepted.
[3 : mcmc] Progress @ 2025-04-08 01:54:46 : 9023 steps taken, and 3215 accepted.
[2 : mcmc] Progress @ 2025-04-08 01:54:57 : 9039 steps taken, and 3212 accepted.
[1 : mcmc] Progress @ 2025-04-08 01:55:45 : 8983 steps taken, and 3120 accepted.
[0 : mcmc] Progress @ 2025-04-08 01:55:47 : 8936 steps taken, and 3198 accepted.
[3 : mcmc] Progress @ 2025-04-08 01:55:49 : 9041 steps taken, and 3220 accepted.
[0 : mcmc] Learn + convergence test @ 3200 samples accepted.
[0 : mcmc] Ready to check convergence and learn a new proposal covmat (waiting for the rest...)
[2 : mcmc] Progress @ 2025-04-08 01:56:00 : 9057 steps taken, and 3220 accepted.
[1 : mcmc] Progress @ 2025-04-08 01:56:48 : 9001 steps taken, and 3126 accepted.
[3 : mcmc] Progress @ 2025-04-08 01:56:50 : 9059 steps taken, and 3224 accepted.
[0 : mcmc] Progress @ 2025-04-08 01:56:51 : 8954 steps taken, and 3207 accepted.
[2 : mcmc] Progress @ 2025-04-08 01:57:01 : 9076 steps taken, and 3227 accepted.
[3 : mcmc] Progress @ 2025-04-08 01:57:50 : 9079 steps taken, and 3231 accepted.
[1 : mcmc] Progress @ 2025-04-08 01:57:52 : 9019 steps taken, and 3135 accepted.
[0 : mcmc] Progress @ 2025-04-08 01:57:54 : 8973 steps taken, and 3211 accepted.
[2 : mcmc] Progress @ 2025-04-08 01:58:04 : 9094 steps taken, and 3234 accepted.
[3 : mcmc] Progress @ 2025-04-08 01:58:50 : 9099 steps taken, and 3235 accepted.
[1 : mcmc] Progress @ 2025-04-08 01:58:53 : 9040 steps taken, and 3145 accepted.
[0 : mcmc] Progress @ 2025-04-08 01:58:57 : 8996 steps taken, and 3217 accepted.
[2 : mcmc] Progress @ 2025-04-08 01:59:07 : 9114 steps taken, and 3242 accepted.
[3 : mcmc] Progress @ 2025-04-08 01:59:51 : 9124 steps taken, and 3241 accepted.
[1 : mcmc] Progress @ 2025-04-08 01:59:54 : 9063 steps taken, and 3152 accepted.
[0 : mcmc] Progress @ 2025-04-08 01:59:57 : 9015 steps taken, and 3221 accepted.
[2 : mcmc] Progress @ 2025-04-08 02:00:07 : 9132 steps taken, and 3250 accepted.
[3 : mcmc] Progress @ 2025-04-08 02:00:52 : 9144 steps taken, and 3250 accepted.
[1 : mcmc] Progress @ 2025-04-08 02:00:56 : 9085 steps taken, and 3161 accepted.
[0 : mcmc] Progress @ 2025-04-08 02:00:58 : 9035 steps taken, and 3228 accepted.
[2 : mcmc] Progress @ 2025-04-08 02:01:11 : 9151 steps taken, and 3256 accepted.
[3 : mcmc] Progress @ 2025-04-08 02:01:53 : 9168 steps taken, and 3257 accepted.
[1 : mcmc] Progress @ 2025-04-08 02:01:58 : 9103 steps taken, and 3168 accepted.
[0 : mcmc] Progress @ 2025-04-08 02:02:00 : 9052 steps taken, and 3231 accepted.
[2 : mcmc] Progress @ 2025-04-08 02:02:13 : 9169 steps taken, and 3266 accepted.
[3 : mcmc] Progress @ 2025-04-08 02:02:55 : 9191 steps taken, and 3266 accepted.
[1 : mcmc] Progress @ 2025-04-08 02:02:59 : 9121 steps taken, and 3176 accepted.
[0 : mcmc] Progress @ 2025-04-08 02:03:01 : 9070 steps taken, and 3236 accepted.
[2 : mcmc] Progress @ 2025-04-08 02:03:16 : 9187 steps taken, and 3274 accepted.
[3 : mcmc] Progress @ 2025-04-08 02:03:56 : 9216 steps taken, and 3273 accepted.
[0 : mcmc] Progress @ 2025-04-08 02:04:01 : 9090 steps taken, and 3240 accepted.
[1 : mcmc] Progress @ 2025-04-08 02:04:02 : 9139 steps taken, and 3181 accepted.
[2 : mcmc] Progress @ 2025-04-08 02:04:17 : 9207 steps taken, and 3284 accepted.
[3 : mcmc] Progress @ 2025-04-08 02:04:56 : 9235 steps taken, and 3278 accepted.
[0 : mcmc] Progress @ 2025-04-08 02:05:01 : 9109 steps taken, and 3247 accepted.
[1 : mcmc] Progress @ 2025-04-08 02:05:03 : 9159 steps taken, and 3187 accepted.
[2 : mcmc] Progress @ 2025-04-08 02:05:18 : 9231 steps taken, and 3292 accepted.
[3 : mcmc] Progress @ 2025-04-08 02:05:58 : 9252 steps taken, and 3281 accepted.
[0 : mcmc] Progress @ 2025-04-08 02:06:02 : 9125 steps taken, and 3250 accepted.
[1 : mcmc] Progress @ 2025-04-08 02:06:07 : 9177 steps taken, and 3196 accepted.
[2 : mcmc] Progress @ 2025-04-08 02:06:20 : 9263 steps taken, and 3301 accepted.
[1 : mcmc] Learn + convergence test @ 3200 samples accepted.
[1 : mcmc] Ready to check convergence and learn a new proposal covmat (waiting for the rest...)
[3 : mcmc] Progress @ 2025-04-08 02:06:58 : 9270 steps taken, and 3286 accepted.
[0 : mcmc] Progress @ 2025-04-08 02:07:05 : 9148 steps taken, and 3258 accepted.
[0 : mcmc] All chains are ready to check convergence and learn a new proposal covmat
[0 : mcmc]  - Acceptance rate: 0.364 = avg([0.3687, 0.3487, 0.3748, 0.3616])
[0 : mcmc]  - Convergence of means: R-1 = 0.038117 after 13052 accepted steps = sum([3259, 3200, 3307, 3286])
[0 : mcmc]  - Updated covariance matrix of proposal pdf.
[1 : mcmc] Progress @ 2025-04-08 02:07:09 : 9193 steps taken, and 3200 accepted.
[2 : mcmc] Progress @ 2025-04-08 02:07:20 : 9285 steps taken, and 3310 accepted.
[3 : mcmc] Progress @ 2025-04-08 02:08:01 : 9287 steps taken, and 3291 accepted.
[0 : mcmc] Progress @ 2025-04-08 02:08:06 : 9169 steps taken, and 3261 accepted.
[1 : mcmc] Progress @ 2025-04-08 02:08:11 : 9213 steps taken, and 3208 accepted.
[2 : mcmc] Progress @ 2025-04-08 02:08:23 : 9305 steps taken, and 3318 accepted.
[3 : mcmc] Progress @ 2025-04-08 02:09:01 : 9305 steps taken, and 3294 accepted.
[0 : mcmc] Progress @ 2025-04-08 02:09:08 : 9186 steps taken, and 3266 accepted.
[1 : mcmc] Progress @ 2025-04-08 02:09:14 : 9232 steps taken, and 3211 accepted.
[2 : mcmc] Progress @ 2025-04-08 02:09:26 : 9324 steps taken, and 3320 accepted.
[3 : mcmc] Progress @ 2025-04-08 02:10:03 : 9322 steps taken, and 3305 accepted.
[0 : mcmc] Progress @ 2025-04-08 02:10:12 : 9205 steps taken, and 3270 accepted.
[1 : mcmc] Progress @ 2025-04-08 02:10:16 : 9252 steps taken, and 3220 accepted.
[2 : mcmc] Progress @ 2025-04-08 02:10:30 : 9345 steps taken, and 3328 accepted.
[3 : mcmc] Progress @ 2025-04-08 02:11:04 : 9340 steps taken, and 3313 accepted.
[0 : mcmc] Progress @ 2025-04-08 02:11:12 : 9223 steps taken, and 3278 accepted.
[1 : mcmc] Progress @ 2025-04-08 02:11:17 : 9269 steps taken, and 3230 accepted.
[2 : mcmc] Progress @ 2025-04-08 02:11:33 : 9363 steps taken, and 3334 accepted.
[3 : mcmc] Progress @ 2025-04-08 02:12:08 : 9360 steps taken, and 3322 accepted.
[0 : mcmc] Progress @ 2025-04-08 02:12:13 : 9244 steps taken, and 3288 accepted.
[1 : mcmc] Progress @ 2025-04-08 02:12:18 : 9289 steps taken, and 3237 accepted.
[2 : mcmc] Progress @ 2025-04-08 02:12:34 : 9382 steps taken, and 3339 accepted.
[3 : mcmc] Progress @ 2025-04-08 02:13:08 : 9378 steps taken, and 3331 accepted.
[0 : mcmc] Progress @ 2025-04-08 02:13:17 : 9265 steps taken, and 3297 accepted.
[1 : mcmc] Progress @ 2025-04-08 02:13:18 : 9307 steps taken, and 3246 accepted.
[2 : mcmc] Progress @ 2025-04-08 02:13:37 : 9400 steps taken, and 3350 accepted.
[3 : mcmc] Progress @ 2025-04-08 02:14:10 : 9396 steps taken, and 3338 accepted.
[0 : mcmc] Progress @ 2025-04-08 02:14:20 : 9283 steps taken, and 3306 accepted.
[1 : mcmc] Progress @ 2025-04-08 02:14:22 : 9326 steps taken, and 3251 accepted.
[2 : mcmc] Progress @ 2025-04-08 02:14:39 : 9418 steps taken, and 3355 accepted.
[3 : mcmc] Progress @ 2025-04-08 02:15:10 : 9415 steps taken, and 3349 accepted.
[0 : mcmc] Progress @ 2025-04-08 02:15:20 : 9301 steps taken, and 3309 accepted.
[1 : mcmc] Progress @ 2025-04-08 02:15:22 : 9345 steps taken, and 3257 accepted.
[2 : mcmc] Progress @ 2025-04-08 02:15:40 : 9437 steps taken, and 3361 accepted.
[3 : mcmc] Progress @ 2025-04-08 02:16:11 : 9434 steps taken, and 3358 accepted.
[0 : mcmc] Progress @ 2025-04-08 02:16:23 : 9319 steps taken, and 3318 accepted.
[1 : mcmc] Progress @ 2025-04-08 02:16:25 : 9363 steps taken, and 3262 accepted.
[2 : mcmc] Progress @ 2025-04-08 02:16:43 : 9457 steps taken, and 3366 accepted.
[3 : mcmc] Progress @ 2025-04-08 02:17:11 : 9452 steps taken, and 3365 accepted.
[0 : mcmc] Progress @ 2025-04-08 02:17:23 : 9337 steps taken, and 3324 accepted.
[1 : mcmc] Progress @ 2025-04-08 02:17:26 : 9382 steps taken, and 3265 accepted.
[2 : mcmc] Progress @ 2025-04-08 02:17:43 : 9478 steps taken, and 3373 accepted.
[3 : mcmc] Progress @ 2025-04-08 02:18:12 : 9468 steps taken, and 3370 accepted.
[0 : mcmc] Progress @ 2025-04-08 02:18:27 : 9355 steps taken, and 3331 accepted.
[1 : mcmc] Progress @ 2025-04-08 02:18:29 : 9405 steps taken, and 3271 accepted.
[2 : mcmc] Progress @ 2025-04-08 02:18:47 : 9497 steps taken, and 3379 accepted.
[3 : mcmc] Progress @ 2025-04-08 02:19:12 : 9486 steps taken, and 3374 accepted.
[0 : mcmc] Progress @ 2025-04-08 02:19:28 : 9376 steps taken, and 3340 accepted.
[1 : mcmc] Progress @ 2025-04-08 02:19:31 : 9424 steps taken, and 3279 accepted.
[2 : mcmc] Progress @ 2025-04-08 02:19:51 : 9517 steps taken, and 3387 accepted.
[3 : mcmc] Progress @ 2025-04-08 02:20:14 : 9508 steps taken, and 3382 accepted.
[0 : mcmc] Progress @ 2025-04-08 02:20:28 : 9394 steps taken, and 3347 accepted.
[1 : mcmc] Progress @ 2025-04-08 02:20:31 : 9442 steps taken, and 3286 accepted.
[2 : mcmc] Progress @ 2025-04-08 02:20:52 : 9537 steps taken, and 3392 accepted.
[3 : mcmc] Progress @ 2025-04-08 02:21:14 : 9526 steps taken, and 3389 accepted.
[0 : mcmc] Progress @ 2025-04-08 02:21:31 : 9411 steps taken, and 3350 accepted.
[1 : mcmc] Progress @ 2025-04-08 02:21:34 : 9460 steps taken, and 3293 accepted.
[2 : mcmc] Progress @ 2025-04-08 02:21:55 : 9556 steps taken, and 3402 accepted.
[3 : mcmc] Progress @ 2025-04-08 02:22:17 : 9545 steps taken, and 3394 accepted.
[0 : mcmc] Progress @ 2025-04-08 02:22:31 : 9429 steps taken, and 3355 accepted.
[1 : mcmc] Progress @ 2025-04-08 02:22:38 : 9478 steps taken, and 3298 accepted.
[2 : mcmc] Progress @ 2025-04-08 02:22:58 : 9574 steps taken, and 3405 accepted.
[3 : mcmc] Progress @ 2025-04-08 02:23:17 : 9563 steps taken, and 3400 accepted.
[0 : mcmc] Progress @ 2025-04-08 02:23:35 : 9450 steps taken, and 3365 accepted.
[1 : mcmc] Progress @ 2025-04-08 02:23:38 : 9496 steps taken, and 3312 accepted.
[2 : mcmc] Progress @ 2025-04-08 02:24:01 : 9594 steps taken, and 3414 accepted.
[3 : mcmc] Progress @ 2025-04-08 02:24:20 : 9581 steps taken, and 3408 accepted.
[0 : mcmc] Progress @ 2025-04-08 02:24:35 : 9468 steps taken, and 3375 accepted.
[1 : mcmc] Progress @ 2025-04-08 02:24:42 : 9516 steps taken, and 3318 accepted.
[2 : mcmc] Progress @ 2025-04-08 02:25:03 : 9614 steps taken, and 3422 accepted.
[3 : mcmc] Progress @ 2025-04-08 02:25:23 : 9599 steps taken, and 3416 accepted.
[0 : mcmc] Progress @ 2025-04-08 02:25:35 : 9488 steps taken, and 3386 accepted.
[1 : mcmc] Progress @ 2025-04-08 02:25:42 : 9534 steps taken, and 3322 accepted.
[2 : mcmc] Progress @ 2025-04-08 02:26:05 : 9632 steps taken, and 3430 accepted.
[3 : mcmc] Progress @ 2025-04-08 02:26:25 : 9621 steps taken, and 3428 accepted.
[0 : mcmc] Progress @ 2025-04-08 02:26:36 : 9509 steps taken, and 3392 accepted.
[1 : mcmc] Progress @ 2025-04-08 02:26:45 : 9554 steps taken, and 3328 accepted.
[2 : mcmc] Progress @ 2025-04-08 02:27:07 : 9653 steps taken, and 3439 accepted.
[3 : mcmc] Progress @ 2025-04-08 02:27:29 : 9640 steps taken, and 3435 accepted.
[0 : mcmc] Progress @ 2025-04-08 02:27:37 : 9530 steps taken, and 3401 accepted.
[1 : mcmc] Progress @ 2025-04-08 02:27:47 : 9576 steps taken, and 3337 accepted.
[2 : mcmc] Progress @ 2025-04-08 02:28:08 : 9670 steps taken, and 3444 accepted.
[3 : mcmc] Progress @ 2025-04-08 02:28:32 : 9660 steps taken, and 3441 accepted.
[0 : mcmc] Progress @ 2025-04-08 02:28:41 : 9549 steps taken, and 3406 accepted.
[1 : mcmc] Progress @ 2025-04-08 02:28:47 : 9598 steps taken, and 3346 accepted.
[2 : mcmc] Progress @ 2025-04-08 02:29:12 : 9692 steps taken, and 3451 accepted.
[3 : mcmc] Progress @ 2025-04-08 02:29:36 : 9686 steps taken, and 3449 accepted.
[0 : mcmc] Progress @ 2025-04-08 02:29:45 : 9569 steps taken, and 3416 accepted.
[1 : mcmc] Progress @ 2025-04-08 02:29:47 : 9617 steps taken, and 3355 accepted.
[2 : mcmc] Progress @ 2025-04-08 02:30:16 : 9719 steps taken, and 3463 accepted.
[3 : mcmc] Progress @ 2025-04-08 02:30:39 : 9704 steps taken, and 3459 accepted.
[1 : mcmc] Progress @ 2025-04-08 02:30:47 : 9635 steps taken, and 3362 accepted.
[0 : mcmc] Progress @ 2025-04-08 02:30:48 : 9587 steps taken, and 3424 accepted.
[2 : mcmc] Progress @ 2025-04-08 02:31:18 : 9737 steps taken, and 3469 accepted.
[3 : mcmc] Progress @ 2025-04-08 02:31:42 : 9722 steps taken, and 3466 accepted.
[0 : mcmc] Progress @ 2025-04-08 02:31:49 : 9609 steps taken, and 3427 accepted.
[1 : mcmc] Progress @ 2025-04-08 02:31:51 : 9655 steps taken, and 3368 accepted.
[2 : mcmc] Progress @ 2025-04-08 02:32:19 : 9759 steps taken, and 3477 accepted.
[3 : mcmc] Progress @ 2025-04-08 02:32:43 : 9741 steps taken, and 3473 accepted.
[1 : mcmc] Progress @ 2025-04-08 02:32:52 : 9688 steps taken, and 3376 accepted.
[0 : mcmc] Progress @ 2025-04-08 02:32:53 : 9628 steps taken, and 3436 accepted.
[2 : mcmc] Progress @ 2025-04-08 02:33:22 : 9777 steps taken, and 3484 accepted.
[3 : mcmc] Progress @ 2025-04-08 02:33:43 : 9760 steps taken, and 3483 accepted.
[0 : mcmc] Progress @ 2025-04-08 02:33:54 : 9647 steps taken, and 3445 accepted.
[1 : mcmc] Progress @ 2025-04-08 02:33:55 : 9706 steps taken, and 3380 accepted.
[2 : mcmc] Progress @ 2025-04-08 02:34:23 : 9799 steps taken, and 3490 accepted.
[3 : mcmc] Progress @ 2025-04-08 02:34:43 : 9780 steps taken, and 3494 accepted.
[1 : mcmc] Progress @ 2025-04-08 02:34:55 : 9726 steps taken, and 3383 accepted.
[0 : mcmc] Progress @ 2025-04-08 02:34:57 : 9665 steps taken, and 3449 accepted.
[2 : mcmc] Progress @ 2025-04-08 02:35:26 : 9817 steps taken, and 3495 accepted.
[3 : mcmc] Progress @ 2025-04-08 02:35:46 : 9798 steps taken, and 3502 accepted.
[1 : mcmc] Progress @ 2025-04-08 02:35:56 : 9747 steps taken, and 3388 accepted.
[0 : mcmc] Progress @ 2025-04-08 02:36:00 : 9683 steps taken, and 3456 accepted.
[2 : mcmc] Progress @ 2025-04-08 02:36:30 : 9836 steps taken, and 3504 accepted.
[3 : mcmc] Progress @ 2025-04-08 02:36:46 : 9817 steps taken, and 3506 accepted.
[1 : mcmc] Progress @ 2025-04-08 02:36:59 : 9776 steps taken, and 3397 accepted.
[0 : mcmc] Progress @ 2025-04-08 02:37:01 : 9705 steps taken, and 3466 accepted.
[2 : mcmc] Progress @ 2025-04-08 02:37:33 : 9854 steps taken, and 3510 accepted.
[3 : mcmc] Progress @ 2025-04-08 02:37:47 : 9836 steps taken, and 3513 accepted.
[1 : mcmc] Progress @ 2025-04-08 02:38:00 : 9795 steps taken, and 3402 accepted.
[0 : mcmc] Progress @ 2025-04-08 02:38:01 : 9723 steps taken, and 3471 accepted.
[3 : mcmc] Learn + convergence test @ 3520 samples accepted.
[3 : mcmc] Ready to check convergence and learn a new proposal covmat (waiting for the rest...)
[2 : mcmc] Progress @ 2025-04-08 02:38:37 : 9873 steps taken, and 3514 accepted.
[3 : mcmc] Progress @ 2025-04-08 02:38:47 : 9854 steps taken, and 3522 accepted.
[1 : mcmc] Progress @ 2025-04-08 02:39:03 : 9813 steps taken, and 3410 accepted.
[0 : mcmc] Progress @ 2025-04-08 02:39:03 : 9741 steps taken, and 3479 accepted.
[2 : mcmc] Learn + convergence test @ 3520 samples accepted.
[2 : mcmc] Ready to check convergence and learn a new proposal covmat (waiting for the rest...)
[2 : mcmc] Progress @ 2025-04-08 02:39:41 : 9893 steps taken, and 3522 accepted.
[3 : mcmc] Progress @ 2025-04-08 02:39:50 : 9875 steps taken, and 3530 accepted.
[1 : mcmc] Progress @ 2025-04-08 02:40:03 : 9831 steps taken, and 3417 accepted.
[0 : mcmc] Progress @ 2025-04-08 02:40:05 : 9760 steps taken, and 3488 accepted.
[2 : mcmc] Progress @ 2025-04-08 02:40:42 : 9914 steps taken, and 3528 accepted.
[3 : mcmc] Progress @ 2025-04-08 02:40:52 : 9895 steps taken, and 3541 accepted.
[0 : mcmc] Progress @ 2025-04-08 02:41:05 : 9779 steps taken, and 3494 accepted.
[1 : mcmc] Progress @ 2025-04-08 02:41:06 : 9851 steps taken, and 3423 accepted.
[2 : mcmc] Progress @ 2025-04-08 02:41:44 : 9931 steps taken, and 3535 accepted.
[3 : mcmc] Progress @ 2025-04-08 02:41:55 : 9913 steps taken, and 3547 accepted.
[0 : mcmc] Progress @ 2025-04-08 02:42:08 : 9798 steps taken, and 3499 accepted.
[1 : mcmc] Progress @ 2025-04-08 02:42:10 : 9882 steps taken, and 3437 accepted.
[2 : mcmc] Progress @ 2025-04-08 02:42:44 : 9952 steps taken, and 3540 accepted.
[3 : mcmc] Progress @ 2025-04-08 02:42:58 : 9931 steps taken, and 3554 accepted.
[0 : mcmc] Progress @ 2025-04-08 02:43:08 : 9817 steps taken, and 3504 accepted.
[1 : mcmc] Progress @ 2025-04-08 02:43:10 : 9902 steps taken, and 3444 accepted.
[2 : mcmc] Progress @ 2025-04-08 02:43:47 : 9970 steps taken, and 3546 accepted.
[3 : mcmc] Progress @ 2025-04-08 02:44:00 : 9953 steps taken, and 3563 accepted.
[1 : mcmc] Progress @ 2025-04-08 02:44:10 : 9920 steps taken, and 3450 accepted.
[0 : mcmc] Progress @ 2025-04-08 02:44:12 : 9835 steps taken, and 3516 accepted.
[0 : mcmc] Learn + convergence test @ 3520 samples accepted.
[0 : mcmc] Ready to check convergence and learn a new proposal covmat (waiting for the rest...)
[2 : mcmc] Progress @ 2025-04-08 02:44:48 : 9989 steps taken, and 3553 accepted.
[3 : mcmc] Progress @ 2025-04-08 02:45:03 : 9971 steps taken, and 3569 accepted.
[1 : mcmc] Progress @ 2025-04-08 02:45:10 : 9939 steps taken, and 3459 accepted.
[0 : mcmc] Progress @ 2025-04-08 02:45:12 : 9853 steps taken, and 3523 accepted.
[2 : mcmc] Progress @ 2025-04-08 02:45:50 : 10007 steps taken, and 3555 accepted.
[3 : mcmc] Progress @ 2025-04-08 02:46:03 : 9990 steps taken, and 3574 accepted.
[1 : mcmc] Progress @ 2025-04-08 02:46:11 : 9958 steps taken, and 3463 accepted.
[0 : mcmc] Progress @ 2025-04-08 02:46:12 : 9871 steps taken, and 3531 accepted.
[2 : mcmc] Progress @ 2025-04-08 02:46:53 : 10027 steps taken, and 3565 accepted.
[3 : mcmc] Progress @ 2025-04-08 02:47:03 : 10008 steps taken, and 3581 accepted.
[1 : mcmc] Progress @ 2025-04-08 02:47:13 : 9977 steps taken, and 3467 accepted.
[0 : mcmc] Progress @ 2025-04-08 02:47:15 : 9891 steps taken, and 3540 accepted.
[2 : mcmc] Progress @ 2025-04-08 02:47:57 : 10054 steps taken, and 3577 accepted.
[3 : mcmc] Progress @ 2025-04-08 02:48:03 : 10026 steps taken, and 3589 accepted.
[1 : mcmc] Progress @ 2025-04-08 02:48:16 : 9995 steps taken, and 3476 accepted.
[0 : mcmc] Progress @ 2025-04-08 02:48:17 : 9910 steps taken, and 3547 accepted.
[2 : mcmc] Progress @ 2025-04-08 02:49:00 : 10075 steps taken, and 3587 accepted.
[3 : mcmc] Progress @ 2025-04-08 02:49:03 : 10045 steps taken, and 3600 accepted.
[1 : mcmc] Progress @ 2025-04-08 02:49:18 : 10014 steps taken, and 3485 accepted.
[0 : mcmc] Progress @ 2025-04-08 02:49:19 : 9927 steps taken, and 3556 accepted.
[2 : mcmc] Progress @ 2025-04-08 02:50:00 : 10095 steps taken, and 3592 accepted.
[3 : mcmc] Progress @ 2025-04-08 02:50:07 : 10063 steps taken, and 3606 accepted.
[1 : mcmc] Progress @ 2025-04-08 02:50:20 : 10031 steps taken, and 3494 accepted.
[0 : mcmc] Progress @ 2025-04-08 02:50:20 : 9947 steps taken, and 3563 accepted.
[2 : mcmc] Progress @ 2025-04-08 02:51:03 : 10114 steps taken, and 3602 accepted.
[3 : mcmc] Progress @ 2025-04-08 02:51:07 : 10083 steps taken, and 3613 accepted.
[1 : mcmc] Progress @ 2025-04-08 02:51:20 : 10049 steps taken, and 3502 accepted.
[0 : mcmc] Progress @ 2025-04-08 02:51:20 : 9965 steps taken, and 3570 accepted.
[2 : mcmc] Progress @ 2025-04-08 02:52:04 : 10133 steps taken, and 3611 accepted.
[3 : mcmc] Progress @ 2025-04-08 02:52:07 : 10103 steps taken, and 3620 accepted.
[1 : mcmc] Progress @ 2025-04-08 02:52:23 : 10077 steps taken, and 3513 accepted.
[0 : mcmc] Progress @ 2025-04-08 02:52:24 : 9985 steps taken, and 3577 accepted.
[2 : mcmc] Progress @ 2025-04-08 02:53:04 : 10149 steps taken, and 3616 accepted.
[3 : mcmc] Progress @ 2025-04-08 02:53:07 : 10123 steps taken, and 3622 accepted.
[1 : mcmc] Progress @ 2025-04-08 02:53:26 : 10094 steps taken, and 3516 accepted.
[0 : mcmc] Progress @ 2025-04-08 02:53:26 : 10011 steps taken, and 3584 accepted.
[1 : mcmc] Learn + convergence test @ 3520 samples accepted.
[1 : mcmc] Ready to check convergence and learn a new proposal covmat (waiting for the rest...)
[0 : mcmc] All chains are ready to check convergence and learn a new proposal covmat
[0 : mcmc]  - Acceptance rate: 0.363 = avg([0.3669, 0.3478, 0.3698, 0.3654])
[0 : mcmc]  - Convergence of means: R-1 = 0.023181 after 14356 accepted steps = sum([3587, 3520, 3622, 3627])
[0 : mcmc]  - Updated covariance matrix of proposal pdf.
[2 : mcmc] Progress @ 2025-04-08 02:54:06 : 10166 steps taken, and 3623 accepted.
[3 : mcmc] Progress @ 2025-04-08 02:54:09 : 10141 steps taken, and 3628 accepted.
[1 : mcmc] Progress @ 2025-04-08 02:54:26 : 10107 steps taken, and 3524 accepted.
[0 : mcmc] Progress @ 2025-04-08 02:54:28 : 10030 steps taken, and 3590 accepted.
[2 : mcmc] Progress @ 2025-04-08 02:55:08 : 10184 steps taken, and 3630 accepted.
[3 : mcmc] Progress @ 2025-04-08 02:55:13 : 10167 steps taken, and 3637 accepted.
[1 : mcmc] Progress @ 2025-04-08 02:55:27 : 10128 steps taken, and 3530 accepted.
[0 : mcmc] Progress @ 2025-04-08 02:55:30 : 10052 steps taken, and 3596 accepted.
[2 : mcmc] Progress @ 2025-04-08 02:56:12 : 10203 steps taken, and 3637 accepted.
[3 : mcmc] Progress @ 2025-04-08 02:56:13 : 10186 steps taken, and 3641 accepted.
[1 : mcmc] Progress @ 2025-04-08 02:56:28 : 10146 steps taken, and 3537 accepted.
[0 : mcmc] Progress @ 2025-04-08 02:56:34 : 10074 steps taken, and 3604 accepted.
[3 : mcmc] Progress @ 2025-04-08 02:57:16 : 10205 steps taken, and 3644 accepted.
[2 : mcmc] Progress @ 2025-04-08 02:57:16 : 10224 steps taken, and 3643 accepted.
[1 : mcmc] Progress @ 2025-04-08 02:57:31 : 10165 steps taken, and 3546 accepted.
[0 : mcmc] Progress @ 2025-04-08 02:57:35 : 10098 steps taken, and 3612 accepted.
[3 : mcmc] Progress @ 2025-04-08 02:58:16 : 10224 steps taken, and 3651 accepted.
[2 : mcmc] Progress @ 2025-04-08 02:58:18 : 10249 steps taken, and 3651 accepted.
[1 : mcmc] Progress @ 2025-04-08 02:58:31 : 10183 steps taken, and 3554 accepted.
[0 : mcmc] Progress @ 2025-04-08 02:58:38 : 10117 steps taken, and 3620 accepted.
[2 : mcmc] Progress @ 2025-04-08 02:59:18 : 10269 steps taken, and 3661 accepted.
[3 : mcmc] Progress @ 2025-04-08 02:59:20 : 10244 steps taken, and 3661 accepted.
[1 : mcmc] Progress @ 2025-04-08 02:59:31 : 10203 steps taken, and 3557 accepted.
[0 : mcmc] Progress @ 2025-04-08 02:59:41 : 10138 steps taken, and 3630 accepted.
[2 : mcmc] Progress @ 2025-04-08 03:00:19 : 10293 steps taken, and 3670 accepted.
[3 : mcmc] Progress @ 2025-04-08 03:00:23 : 10262 steps taken, and 3668 accepted.
[1 : mcmc] Progress @ 2025-04-08 03:00:32 : 10222 steps taken, and 3561 accepted.
[0 : mcmc] Progress @ 2025-04-08 03:00:41 : 10159 steps taken, and 3636 accepted.
[2 : mcmc] Progress @ 2025-04-08 03:01:20 : 10315 steps taken, and 3682 accepted.
[3 : mcmc] Progress @ 2025-04-08 03:01:23 : 10280 steps taken, and 3673 accepted.
[1 : mcmc] Progress @ 2025-04-08 03:01:35 : 10241 steps taken, and 3565 accepted.
[0 : mcmc] Progress @ 2025-04-08 03:01:42 : 10177 steps taken, and 3648 accepted.
[2 : mcmc] Progress @ 2025-04-08 03:02:24 : 10335 steps taken, and 3696 accepted.
[3 : mcmc] Progress @ 2025-04-08 03:02:26 : 10298 steps taken, and 3682 accepted.
[1 : mcmc] Progress @ 2025-04-08 03:02:35 : 10259 steps taken, and 3572 accepted.
[0 : mcmc] Progress @ 2025-04-08 03:02:44 : 10194 steps taken, and 3656 accepted.
[2 : mcmc] Progress @ 2025-04-08 03:03:26 : 10355 steps taken, and 3702 accepted.
[3 : mcmc] Progress @ 2025-04-08 03:03:28 : 10319 steps taken, and 3690 accepted.
[1 : mcmc] Progress @ 2025-04-08 03:03:38 : 10277 steps taken, and 3577 accepted.
[0 : mcmc] Progress @ 2025-04-08 03:03:45 : 10213 steps taken, and 3662 accepted.
[2 : mcmc] Progress @ 2025-04-08 03:04:27 : 10376 steps taken, and 3707 accepted.
[3 : mcmc] Progress @ 2025-04-08 03:04:30 : 10345 steps taken, and 3695 accepted.
[1 : mcmc] Progress @ 2025-04-08 03:04:38 : 10295 steps taken, and 3583 accepted.
[0 : mcmc] Progress @ 2025-04-08 03:04:47 : 10230 steps taken, and 3669 accepted.
[2 : mcmc] Progress @ 2025-04-08 03:05:30 : 10394 steps taken, and 3713 accepted.
[3 : mcmc] Progress @ 2025-04-08 03:05:30 : 10363 steps taken, and 3698 accepted.
[1 : mcmc] Progress @ 2025-04-08 03:05:42 : 10313 steps taken, and 3588 accepted.
[0 : mcmc] Progress @ 2025-04-08 03:05:47 : 10248 steps taken, and 3676 accepted.
[3 : mcmc] Progress @ 2025-04-08 03:06:30 : 10387 steps taken, and 3708 accepted.
[2 : mcmc] Progress @ 2025-04-08 03:06:31 : 10413 steps taken, and 3720 accepted.
[1 : mcmc] Progress @ 2025-04-08 03:06:43 : 10333 steps taken, and 3595 accepted.
[0 : mcmc] Progress @ 2025-04-08 03:06:47 : 10266 steps taken, and 3681 accepted.
[3 : mcmc] Progress @ 2025-04-08 03:07:32 : 10407 steps taken, and 3717 accepted.
[2 : mcmc] Progress @ 2025-04-08 03:07:34 : 10432 steps taken, and 3727 accepted.
[1 : mcmc] Progress @ 2025-04-08 03:07:45 : 10350 steps taken, and 3603 accepted.
[0 : mcmc] Progress @ 2025-04-08 03:07:51 : 10284 steps taken, and 3687 accepted.
[3 : mcmc] Progress @ 2025-04-08 03:08:35 : 10425 steps taken, and 3722 accepted.
[2 : mcmc] Progress @ 2025-04-08 03:08:37 : 10450 steps taken, and 3734 accepted.
[1 : mcmc] Progress @ 2025-04-08 03:08:45 : 10368 steps taken, and 3607 accepted.
[0 : mcmc] Progress @ 2025-04-08 03:08:54 : 10302 steps taken, and 3696 accepted.
[3 : mcmc] Progress @ 2025-04-08 03:09:35 : 10444 steps taken, and 3734 accepted.
[2 : mcmc] Progress @ 2025-04-08 03:09:40 : 10469 steps taken, and 3738 accepted.
[1 : mcmc] Progress @ 2025-04-08 03:09:48 : 10386 steps taken, and 3615 accepted.
[0 : mcmc] Progress @ 2025-04-08 03:09:58 : 10322 steps taken, and 3704 accepted.
[3 : mcmc] Progress @ 2025-04-08 03:10:35 : 10463 steps taken, and 3739 accepted.
[2 : mcmc] Progress @ 2025-04-08 03:10:42 : 10486 steps taken, and 3745 accepted.
[1 : mcmc] Progress @ 2025-04-08 03:10:50 : 10405 steps taken, and 3622 accepted.
[0 : mcmc] Progress @ 2025-04-08 03:10:59 : 10343 steps taken, and 3714 accepted.
[3 : mcmc] Progress @ 2025-04-08 03:11:39 : 10482 steps taken, and 3747 accepted.
[2 : mcmc] Progress @ 2025-04-08 03:11:43 : 10505 steps taken, and 3755 accepted.
[1 : mcmc] Progress @ 2025-04-08 03:11:53 : 10425 steps taken, and 3626 accepted.
[0 : mcmc] Progress @ 2025-04-08 03:12:02 : 10361 steps taken, and 3720 accepted.
[3 : mcmc] Progress @ 2025-04-08 03:12:42 : 10500 steps taken, and 3752 accepted.
[2 : mcmc] Progress @ 2025-04-08 03:12:46 : 10524 steps taken, and 3763 accepted.
[1 : mcmc] Progress @ 2025-04-08 03:12:57 : 10444 steps taken, and 3633 accepted.
[0 : mcmc] Progress @ 2025-04-08 03:13:06 : 10380 steps taken, and 3722 accepted.
[3 : mcmc] Progress @ 2025-04-08 03:13:43 : 10519 steps taken, and 3760 accepted.
[2 : mcmc] Progress @ 2025-04-08 03:13:47 : 10544 steps taken, and 3770 accepted.
[1 : mcmc] Progress @ 2025-04-08 03:14:00 : 10462 steps taken, and 3641 accepted.
[0 : mcmc] Progress @ 2025-04-08 03:14:09 : 10398 steps taken, and 3725 accepted.
[3 : mcmc] Progress @ 2025-04-08 03:14:46 : 10537 steps taken, and 3770 accepted.
[2 : mcmc] Progress @ 2025-04-08 03:14:47 : 10568 steps taken, and 3775 accepted.
[1 : mcmc] Progress @ 2025-04-08 03:15:00 : 10480 steps taken, and 3648 accepted.
[0 : mcmc] Progress @ 2025-04-08 03:15:13 : 10417 steps taken, and 3731 accepted.
[2 : mcmc] Progress @ 2025-04-08 03:15:48 : 10587 steps taken, and 3778 accepted.
[3 : mcmc] Progress @ 2025-04-08 03:15:49 : 10556 steps taken, and 3779 accepted.
[1 : mcmc] Progress @ 2025-04-08 03:16:01 : 10498 steps taken, and 3655 accepted.
[0 : mcmc] Progress @ 2025-04-08 03:16:16 : 10435 steps taken, and 3735 accepted.
[3 : mcmc] Progress @ 2025-04-08 03:16:49 : 10574 steps taken, and 3785 accepted.
[2 : mcmc] Progress @ 2025-04-08 03:16:50 : 10607 steps taken, and 3786 accepted.
[1 : mcmc] Progress @ 2025-04-08 03:17:01 : 10519 steps taken, and 3662 accepted.
[0 : mcmc] Progress @ 2025-04-08 03:17:17 : 10453 steps taken, and 3740 accepted.
[3 : mcmc] Progress @ 2025-04-08 03:17:49 : 10592 steps taken, and 3787 accepted.
[2 : mcmc] Progress @ 2025-04-08 03:17:51 : 10630 steps taken, and 3797 accepted.
[1 : mcmc] Progress @ 2025-04-08 03:18:04 : 10537 steps taken, and 3670 accepted.
[0 : mcmc] Progress @ 2025-04-08 03:18:17 : 10471 steps taken, and 3746 accepted.
[3 : mcmc] Progress @ 2025-04-08 03:18:50 : 10612 steps taken, and 3792 accepted.
[2 : mcmc] Progress @ 2025-04-08 03:18:53 : 10655 steps taken, and 3804 accepted.
[1 : mcmc] Progress @ 2025-04-08 03:19:04 : 10555 steps taken, and 3676 accepted.
[0 : mcmc] Progress @ 2025-04-08 03:19:20 : 10489 steps taken, and 3751 accepted.
[3 : mcmc] Progress @ 2025-04-08 03:19:50 : 10630 steps taken, and 3799 accepted.
[2 : mcmc] Progress @ 2025-04-08 03:19:56 : 10674 steps taken, and 3809 accepted.
[1 : mcmc] Progress @ 2025-04-08 03:20:07 : 10572 steps taken, and 3685 accepted.
[0 : mcmc] Progress @ 2025-04-08 03:20:21 : 10508 steps taken, and 3762 accepted.
[3 : mcmc] Progress @ 2025-04-08 03:20:50 : 10650 steps taken, and 3806 accepted.
[2 : mcmc] Progress @ 2025-04-08 03:20:57 : 10694 steps taken, and 3818 accepted.
[1 : mcmc] Progress @ 2025-04-08 03:21:11 : 10598 steps taken, and 3691 accepted.
[0 : mcmc] Progress @ 2025-04-08 03:21:24 : 10526 steps taken, and 3766 accepted.
[3 : mcmc] Progress @ 2025-04-08 03:21:50 : 10671 steps taken, and 3816 accepted.
[2 : mcmc] Progress @ 2025-04-08 03:21:59 : 10711 steps taken, and 3825 accepted.
[1 : mcmc] Progress @ 2025-04-08 03:22:12 : 10621 steps taken, and 3700 accepted.
[0 : mcmc] Progress @ 2025-04-08 03:22:25 : 10545 steps taken, and 3770 accepted.
[3 : mcmc] Progress @ 2025-04-08 03:22:53 : 10689 steps taken, and 3825 accepted.
[2 : mcmc] Progress @ 2025-04-08 03:23:00 : 10730 steps taken, and 3832 accepted.
[1 : mcmc] Progress @ 2025-04-08 03:23:16 : 10640 steps taken, and 3707 accepted.
[0 : mcmc] Progress @ 2025-04-08 03:23:25 : 10563 steps taken, and 3775 accepted.
[3 : mcmc] Progress @ 2025-04-08 03:23:57 : 10708 steps taken, and 3834 accepted.
[2 : mcmc] Progress @ 2025-04-08 03:24:04 : 10750 steps taken, and 3835 accepted.
[1 : mcmc] Progress @ 2025-04-08 03:24:19 : 10659 steps taken, and 3713 accepted.
[0 : mcmc] Progress @ 2025-04-08 03:24:25 : 10583 steps taken, and 3780 accepted.
[3 : mcmc] Learn + convergence test @ 3840 samples accepted.
[3 : mcmc] Ready to check convergence and learn a new proposal covmat (waiting for the rest...)
[3 : mcmc] Progress @ 2025-04-08 03:25:00 : 10727 steps taken, and 3843 accepted.
[2 : mcmc] Progress @ 2025-04-08 03:25:06 : 10769 steps taken, and 3836 accepted.
[1 : mcmc] Progress @ 2025-04-08 03:25:19 : 10677 steps taken, and 3716 accepted.
[0 : mcmc] Progress @ 2025-04-08 03:25:25 : 10603 steps taken, and 3785 accepted.
[2 : mcmc] Learn + convergence test @ 3840 samples accepted.
[2 : mcmc] Ready to check convergence and learn a new proposal covmat (waiting for the rest...)
[3 : mcmc] Progress @ 2025-04-08 03:26:00 : 10745 steps taken, and 3851 accepted.
[2 : mcmc] Progress @ 2025-04-08 03:26:10 : 10789 steps taken, and 3847 accepted.
[1 : mcmc] Progress @ 2025-04-08 03:26:22 : 10695 steps taken, and 3723 accepted.
[0 : mcmc] Progress @ 2025-04-08 03:26:26 : 10623 steps taken, and 3793 accepted.
[3 : mcmc] Progress @ 2025-04-08 03:27:00 : 10764 steps taken, and 3862 accepted.
[2 : mcmc] Progress @ 2025-04-08 03:27:14 : 10809 steps taken, and 3856 accepted.
[1 : mcmc] Progress @ 2025-04-08 03:27:23 : 10714 steps taken, and 3731 accepted.
[0 : mcmc] Progress @ 2025-04-08 03:27:29 : 10641 steps taken, and 3798 accepted.
[3 : mcmc] Progress @ 2025-04-08 03:28:03 : 10782 steps taken, and 3867 accepted.
[2 : mcmc] Progress @ 2025-04-08 03:28:15 : 10827 steps taken, and 3864 accepted.
[1 : mcmc] Progress @ 2025-04-08 03:28:24 : 10735 steps taken, and 3739 accepted.
[0 : mcmc] Progress @ 2025-04-08 03:28:32 : 10659 steps taken, and 3805 accepted.
[3 : mcmc] Progress @ 2025-04-08 03:29:03 : 10801 steps taken, and 3876 accepted.
[2 : mcmc] Progress @ 2025-04-08 03:29:15 : 10849 steps taken, and 3872 accepted.
[1 : mcmc] Progress @ 2025-04-08 03:29:27 : 10753 steps taken, and 3747 accepted.
[0 : mcmc] Progress @ 2025-04-08 03:29:33 : 10678 steps taken, and 3811 accepted.
[3 : mcmc] Progress @ 2025-04-08 03:30:06 : 10819 steps taken, and 3881 accepted.
[2 : mcmc] Progress @ 2025-04-08 03:30:17 : 10866 steps taken, and 3875 accepted.
[1 : mcmc] Progress @ 2025-04-08 03:30:30 : 10771 steps taken, and 3750 accepted.
[0 : mcmc] Progress @ 2025-04-08 03:30:35 : 10695 steps taken, and 3817 accepted.
[3 : mcmc] Progress @ 2025-04-08 03:31:07 : 10837 steps taken, and 3885 accepted.
[2 : mcmc] Progress @ 2025-04-08 03:31:18 : 10885 steps taken, and 3882 accepted.
[1 : mcmc] Progress @ 2025-04-08 03:31:30 : 10789 steps taken, and 3755 accepted.
[0 : mcmc] Progress @ 2025-04-08 03:31:35 : 10714 steps taken, and 3827 accepted.
[3 : mcmc] Progress @ 2025-04-08 03:32:07 : 10856 steps taken, and 3894 accepted.
[2 : mcmc] Progress @ 2025-04-08 03:32:20 : 10904 steps taken, and 3891 accepted.
[1 : mcmc] Progress @ 2025-04-08 03:32:30 : 10809 steps taken, and 3764 accepted.
[0 : mcmc] Progress @ 2025-04-08 03:32:37 : 10734 steps taken, and 3836 accepted.
[3 : mcmc] Progress @ 2025-04-08 03:33:07 : 10877 steps taken, and 3901 accepted.
[0 : mcmc] Learn + convergence test @ 3840 samples accepted.
[0 : mcmc] Ready to check convergence and learn a new proposal covmat (waiting for the rest...)
[2 : mcmc] Progress @ 2025-04-08 03:33:23 : 10924 steps taken, and 3900 accepted.
[1 : mcmc] Progress @ 2025-04-08 03:33:30 : 10828 steps taken, and 3768 accepted.
[0 : mcmc] Progress @ 2025-04-08 03:33:37 : 10750 steps taken, and 3842 accepted.
[3 : mcmc] Progress @ 2025-04-08 03:34:07 : 10898 steps taken, and 3908 accepted.
[2 : mcmc] Progress @ 2025-04-08 03:34:27 : 10943 steps taken, and 3905 accepted.
[1 : mcmc] Progress @ 2025-04-08 03:34:31 : 10847 steps taken, and 3773 accepted.
[0 : mcmc] Progress @ 2025-04-08 03:34:39 : 10772 steps taken, and 3848 accepted.
[3 : mcmc] Progress @ 2025-04-08 03:35:07 : 10916 steps taken, and 3917 accepted.
[2 : mcmc] Progress @ 2025-04-08 03:35:28 : 10962 steps taken, and 3909 accepted.
[1 : mcmc] Progress @ 2025-04-08 03:35:34 : 10866 steps taken, and 3781 accepted.
[0 : mcmc] Progress @ 2025-04-08 03:35:43 : 10797 steps taken, and 3853 accepted.
[3 : mcmc] Progress @ 2025-04-08 03:36:11 : 10934 steps taken, and 3924 accepted.
[2 : mcmc] Progress @ 2025-04-08 03:36:32 : 10981 steps taken, and 3918 accepted.
[1 : mcmc] Progress @ 2025-04-08 03:36:37 : 10884 steps taken, and 3791 accepted.
[0 : mcmc] Progress @ 2025-04-08 03:36:46 : 10819 steps taken, and 3859 accepted.
[3 : mcmc] Progress @ 2025-04-08 03:37:12 : 10954 steps taken, and 3930 accepted.
[2 : mcmc] Progress @ 2025-04-08 03:37:33 : 10998 steps taken, and 3925 accepted.
[1 : mcmc] Progress @ 2025-04-08 03:37:39 : 10903 steps taken, and 3796 accepted.
[0 : mcmc] Progress @ 2025-04-08 03:37:46 : 10837 steps taken, and 3865 accepted.
[3 : mcmc] Progress @ 2025-04-08 03:38:14 : 10971 steps taken, and 3938 accepted.
[2 : mcmc] Progress @ 2025-04-08 03:38:37 : 11017 steps taken, and 3934 accepted.
[1 : mcmc] Progress @ 2025-04-08 03:38:42 : 10923 steps taken, and 3804 accepted.
[0 : mcmc] Progress @ 2025-04-08 03:38:48 : 10862 steps taken, and 3869 accepted.
[3 : mcmc] Progress @ 2025-04-08 03:39:16 : 10991 steps taken, and 3946 accepted.
[2 : mcmc] Progress @ 2025-04-08 03:39:41 : 11037 steps taken, and 3941 accepted.
[1 : mcmc] Progress @ 2025-04-08 03:39:43 : 10943 steps taken, and 3810 accepted.
[0 : mcmc] Progress @ 2025-04-08 03:39:48 : 10883 steps taken, and 3876 accepted.
[3 : mcmc] Progress @ 2025-04-08 03:40:19 : 11009 steps taken, and 3952 accepted.
[2 : mcmc] Progress @ 2025-04-08 03:40:45 : 11057 steps taken, and 3950 accepted.
[1 : mcmc] Progress @ 2025-04-08 03:40:46 : 10961 steps taken, and 3820 accepted.
[0 : mcmc] Progress @ 2025-04-08 03:40:49 : 10904 steps taken, and 3892 accepted.
[3 : mcmc] Progress @ 2025-04-08 03:41:20 : 11030 steps taken, and 3958 accepted.
[2 : mcmc] Progress @ 2025-04-08 03:41:49 : 11076 steps taken, and 3958 accepted.
[1 : mcmc] Progress @ 2025-04-08 03:41:49 : 10981 steps taken, and 3829 accepted.
[0 : mcmc] Progress @ 2025-04-08 03:41:49 : 10922 steps taken, and 3897 accepted.
[3 : mcmc] Progress @ 2025-04-08 03:42:22 : 11051 steps taken, and 3968 accepted.
[1 : mcmc] Progress @ 2025-04-08 03:42:51 : 11000 steps taken, and 3834 accepted.
[0 : mcmc] Progress @ 2025-04-08 03:42:51 : 10939 steps taken, and 3902 accepted.
[2 : mcmc] Progress @ 2025-04-08 03:42:53 : 11095 steps taken, and 3965 accepted.
[3 : mcmc] Progress @ 2025-04-08 03:43:25 : 11072 steps taken, and 3974 accepted.
[0 : mcmc] Progress @ 2025-04-08 03:43:51 : 10957 steps taken, and 3907 accepted.
[1 : mcmc] Progress @ 2025-04-08 03:43:54 : 11019 steps taken, and 3838 accepted.
[2 : mcmc] Progress @ 2025-04-08 03:43:56 : 11113 steps taken, and 3972 accepted.
[1 : mcmc] Learn + convergence test @ 3840 samples accepted.
[1 : mcmc] Ready to check convergence and learn a new proposal covmat (waiting for the rest...)
[0 : mcmc] All chains are ready to check convergence and learn a new proposal covmat
[0 : mcmc]  - Acceptance rate: 0.362 = avg([0.3601, 0.3504, 0.3720, 0.3651])
[0 : mcmc]  - Convergence of means: R-1 = 0.025168 after 15710 accepted steps = sum([3912, 3840, 3975, 3983])
[0 : mcmc]  - Updated covariance matrix of proposal pdf.
[3 : mcmc] Progress @ 2025-04-08 03:44:25 : 11091 steps taken, and 3984 accepted.
[0 : mcmc] Progress @ 2025-04-08 03:44:53 : 10979 steps taken, and 3916 accepted.
[1 : mcmc] Progress @ 2025-04-08 03:44:56 : 11034 steps taken, and 3842 accepted.
[2 : mcmc] Progress @ 2025-04-08 03:44:58 : 11133 steps taken, and 3978 accepted.
[3 : mcmc] Progress @ 2025-04-08 03:45:25 : 11110 steps taken, and 3991 accepted.
[0 : mcmc] Progress @ 2025-04-08 03:45:53 : 11001 steps taken, and 3921 accepted.
[1 : mcmc] Progress @ 2025-04-08 03:45:57 : 11054 steps taken, and 3849 accepted.
[2 : mcmc] Progress @ 2025-04-08 03:46:00 : 11152 steps taken, and 3986 accepted.
[3 : mcmc] Progress @ 2025-04-08 03:46:26 : 11129 steps taken, and 3996 accepted.
[0 : mcmc] Progress @ 2025-04-08 03:46:53 : 11019 steps taken, and 3930 accepted.
[1 : mcmc] Progress @ 2025-04-08 03:47:00 : 11072 steps taken, and 3859 accepted.
[2 : mcmc] Progress @ 2025-04-08 03:47:04 : 11173 steps taken, and 3993 accepted.
[3 : mcmc] Progress @ 2025-04-08 03:47:29 : 11147 steps taken, and 4006 accepted.
[0 : mcmc] Progress @ 2025-04-08 03:47:54 : 11041 steps taken, and 3937 accepted.
[1 : mcmc] Progress @ 2025-04-08 03:48:01 : 11090 steps taken, and 3867 accepted.
[2 : mcmc] Progress @ 2025-04-08 03:48:08 : 11192 steps taken, and 3999 accepted.
[3 : mcmc] Progress @ 2025-04-08 03:48:29 : 11165 steps taken, and 4012 accepted.
[0 : mcmc] Progress @ 2025-04-08 03:48:57 : 11060 steps taken, and 3943 accepted.
[1 : mcmc] Progress @ 2025-04-08 03:49:01 : 11108 steps taken, and 3871 accepted.
[2 : mcmc] Progress @ 2025-04-08 03:49:12 : 11212 steps taken, and 4007 accepted.
[3 : mcmc] Progress @ 2025-04-08 03:49:33 : 11184 steps taken, and 4018 accepted.
[0 : mcmc] Progress @ 2025-04-08 03:49:57 : 11078 steps taken, and 3952 accepted.
[1 : mcmc] Progress @ 2025-04-08 03:50:02 : 11125 steps taken, and 3875 accepted.
[2 : mcmc] Progress @ 2025-04-08 03:50:13 : 11237 steps taken, and 4017 accepted.
[3 : mcmc] Progress @ 2025-04-08 03:50:33 : 11202 steps taken, and 4023 accepted.
[0 : mcmc] Progress @ 2025-04-08 03:50:57 : 11096 steps taken, and 3958 accepted.
[1 : mcmc] Progress @ 2025-04-08 03:51:03 : 11143 steps taken, and 3883 accepted.
[2 : mcmc] Progress @ 2025-04-08 03:51:14 : 11259 steps taken, and 4027 accepted.
[3 : mcmc] Progress @ 2025-04-08 03:51:36 : 11220 steps taken, and 4031 accepted.
[0 : mcmc] Progress @ 2025-04-08 03:52:00 : 11115 steps taken, and 3965 accepted.
[1 : mcmc] Progress @ 2025-04-08 03:52:06 : 11161 steps taken, and 3892 accepted.
[2 : mcmc] Progress @ 2025-04-08 03:52:15 : 11276 steps taken, and 4032 accepted.
[3 : mcmc] Progress @ 2025-04-08 03:52:40 : 11240 steps taken, and 4040 accepted.
[0 : mcmc] Progress @ 2025-04-08 03:53:02 : 11137 steps taken, and 3972 accepted.
[1 : mcmc] Progress @ 2025-04-08 03:53:09 : 11181 steps taken, and 3901 accepted.
[2 : mcmc] Progress @ 2025-04-08 03:53:18 : 11294 steps taken, and 4037 accepted.
[3 : mcmc] Progress @ 2025-04-08 03:53:42 : 11258 steps taken, and 4047 accepted.
[0 : mcmc] Progress @ 2025-04-08 03:54:02 : 11157 steps taken, and 3978 accepted.
[1 : mcmc] Progress @ 2025-04-08 03:54:10 : 11200 steps taken, and 3905 accepted.
[2 : mcmc] Progress @ 2025-04-08 03:54:20 : 11315 steps taken, and 4045 accepted.
[3 : mcmc] Progress @ 2025-04-08 03:54:44 : 11280 steps taken, and 4057 accepted.
[0 : mcmc] Progress @ 2025-04-08 03:55:04 : 11178 steps taken, and 3988 accepted.
[1 : mcmc] Progress @ 2025-04-08 03:55:11 : 11220 steps taken, and 3914 accepted.
[2 : mcmc] Progress @ 2025-04-08 03:55:23 : 11334 steps taken, and 4052 accepted.
[3 : mcmc] Progress @ 2025-04-08 03:55:44 : 11299 steps taken, and 4062 accepted.
[0 : mcmc] Progress @ 2025-04-08 03:56:07 : 11196 steps taken, and 3996 accepted.
[1 : mcmc] Progress @ 2025-04-08 03:56:11 : 11238 steps taken, and 3921 accepted.
[2 : mcmc] Progress @ 2025-04-08 03:56:27 : 11353 steps taken, and 4059 accepted.
[3 : mcmc] Progress @ 2025-04-08 03:56:44 : 11318 steps taken, and 4069 accepted.
[0 : mcmc] Progress @ 2025-04-08 03:57:11 : 11215 steps taken, and 4002 accepted.
[1 : mcmc] Progress @ 2025-04-08 03:57:13 : 11255 steps taken, and 3925 accepted.
[2 : mcmc] Progress @ 2025-04-08 03:57:30 : 11371 steps taken, and 4065 accepted.
[3 : mcmc] Progress @ 2025-04-08 03:57:48 : 11337 steps taken, and 4080 accepted.
[0 : mcmc] Progress @ 2025-04-08 03:58:14 : 11233 steps taken, and 4010 accepted.
[1 : mcmc] Progress @ 2025-04-08 03:58:14 : 11275 steps taken, and 3929 accepted.
[2 : mcmc] Progress @ 2025-04-08 03:58:34 : 11390 steps taken, and 4072 accepted.
[3 : mcmc] Progress @ 2025-04-08 03:58:51 : 11355 steps taken, and 4087 accepted.
[1 : mcmc] Progress @ 2025-04-08 03:59:15 : 11295 steps taken, and 3936 accepted.
[0 : mcmc] Progress @ 2025-04-08 03:59:15 : 11253 steps taken, and 4014 accepted.
[2 : mcmc] Progress @ 2025-04-08 03:59:38 : 11409 steps taken, and 4078 accepted.
[3 : mcmc] Progress @ 2025-04-08 03:59:54 : 11374 steps taken, and 4092 accepted.
[0 : mcmc] Progress @ 2025-04-08 04:00:17 : 11270 steps taken, and 4020 accepted.
[1 : mcmc] Progress @ 2025-04-08 04:00:18 : 11313 steps taken, and 3941 accepted.
[2 : mcmc] Progress @ 2025-04-08 04:00:42 : 11429 steps taken, and 4086 accepted.
[3 : mcmc] Progress @ 2025-04-08 04:00:58 : 11397 steps taken, and 4102 accepted.
[0 : mcmc] Progress @ 2025-04-08 04:01:17 : 11288 steps taken, and 4024 accepted.
[1 : mcmc] Progress @ 2025-04-08 04:01:22 : 11332 steps taken, and 3952 accepted.
[2 : mcmc] Progress @ 2025-04-08 04:01:43 : 11453 steps taken, and 4091 accepted.
[3 : mcmc] Progress @ 2025-04-08 04:02:01 : 11419 steps taken, and 4108 accepted.
[0 : mcmc] Progress @ 2025-04-08 04:02:21 : 11307 steps taken, and 4032 accepted.
[1 : mcmc] Progress @ 2025-04-08 04:02:26 : 11351 steps taken, and 3958 accepted.
[2 : mcmc] Progress @ 2025-04-08 04:02:47 : 11476 steps taken, and 4100 accepted.
[3 : mcmc] Progress @ 2025-04-08 04:03:01 : 11438 steps taken, and 4117 accepted.
[0 : mcmc] Progress @ 2025-04-08 04:03:22 : 11326 steps taken, and 4037 accepted.
[1 : mcmc] Progress @ 2025-04-08 04:03:30 : 11371 steps taken, and 3963 accepted.
[2 : mcmc] Progress @ 2025-04-08 04:03:50 : 11495 steps taken, and 4110 accepted.
[3 : mcmc] Progress @ 2025-04-08 04:04:04 : 11461 steps taken, and 4124 accepted.
[0 : mcmc] Progress @ 2025-04-08 04:04:25 : 11345 steps taken, and 4044 accepted.
[1 : mcmc] Progress @ 2025-04-08 04:04:33 : 11389 steps taken, and 3970 accepted.
[2 : mcmc] Progress @ 2025-04-08 04:04:54 : 11514 steps taken, and 4117 accepted.
[3 : mcmc] Progress @ 2025-04-08 04:05:07 : 11481 steps taken, and 4132 accepted.
[0 : mcmc] Progress @ 2025-04-08 04:05:28 : 11363 steps taken, and 4054 accepted.
[1 : mcmc] Progress @ 2025-04-08 04:05:33 : 11408 steps taken, and 3977 accepted.
[2 : mcmc] Progress @ 2025-04-08 04:05:55 : 11533 steps taken, and 4121 accepted.
[3 : mcmc] Progress @ 2025-04-08 04:06:07 : 11501 steps taken, and 4140 accepted.
[0 : mcmc] Progress @ 2025-04-08 04:06:32 : 11381 steps taken, and 4062 accepted.
[1 : mcmc] Progress @ 2025-04-08 04:06:36 : 11428 steps taken, and 3981 accepted.
[2 : mcmc] Progress @ 2025-04-08 04:06:58 : 11551 steps taken, and 4126 accepted.
[3 : mcmc] Progress @ 2025-04-08 04:07:07 : 11520 steps taken, and 4147 accepted.
[0 : mcmc] Progress @ 2025-04-08 04:07:33 : 11400 steps taken, and 4068 accepted.
[1 : mcmc] Progress @ 2025-04-08 04:07:39 : 11451 steps taken, and 3991 accepted.
[2 : mcmc] Progress @ 2025-04-08 04:08:00 : 11570 steps taken, and 4136 accepted.
[3 : mcmc] Progress @ 2025-04-08 04:08:08 : 11538 steps taken, and 4152 accepted.
[0 : mcmc] Progress @ 2025-04-08 04:08:36 : 11418 steps taken, and 4078 accepted.
[1 : mcmc] Progress @ 2025-04-08 04:08:39 : 11472 steps taken, and 3998 accepted.
[2 : mcmc] Progress @ 2025-04-08 04:09:04 : 11589 steps taken, and 4146 accepted.
[3 : mcmc] Progress @ 2025-04-08 04:09:08 : 11559 steps taken, and 4160 accepted.
[3 : mcmc] Learn + convergence test @ 4160 samples accepted.
[3 : mcmc] Ready to check convergence and learn a new proposal covmat (waiting for the rest...)
[1 : mcmc] Progress @ 2025-04-08 04:09:39 : 11490 steps taken, and 4004 accepted.
[0 : mcmc] Progress @ 2025-04-08 04:09:40 : 11437 steps taken, and 4086 accepted.
[2 : mcmc] Progress @ 2025-04-08 04:10:08 : 11609 steps taken, and 4153 accepted.
[3 : mcmc] Progress @ 2025-04-08 04:10:11 : 11578 steps taken, and 4165 accepted.
[0 : mcmc] Progress @ 2025-04-08 04:10:41 : 11458 steps taken, and 4095 accepted.
[1 : mcmc] Progress @ 2025-04-08 04:10:42 : 11508 steps taken, and 4014 accepted.
[2 : mcmc] Learn + convergence test @ 4160 samples accepted.
[2 : mcmc] Ready to check convergence and learn a new proposal covmat (waiting for the rest...)
[2 : mcmc] Progress @ 2025-04-08 04:11:09 : 11629 steps taken, and 4162 accepted.
[3 : mcmc] Progress @ 2025-04-08 04:11:13 : 11602 steps taken, and 4170 accepted.
[1 : mcmc] Progress @ 2025-04-08 04:11:43 : 11526 steps taken, and 4020 accepted.
[0 : mcmc] Progress @ 2025-04-08 04:11:44 : 11476 steps taken, and 4104 accepted.
[2 : mcmc] Progress @ 2025-04-08 04:12:12 : 11648 steps taken, and 4171 accepted.
[3 : mcmc] Progress @ 2025-04-08 04:12:15 : 11627 steps taken, and 4179 accepted.
[1 : mcmc] Progress @ 2025-04-08 04:12:46 : 11544 steps taken, and 4030 accepted.
[0 : mcmc] Progress @ 2025-04-08 04:12:47 : 11494 steps taken, and 4108 accepted.
[2 : mcmc] Progress @ 2025-04-08 04:13:13 : 11671 steps taken, and 4176 accepted.
[3 : mcmc] Progress @ 2025-04-08 04:13:18 : 11647 steps taken, and 4186 accepted.
[0 : mcmc] Progress @ 2025-04-08 04:13:47 : 11512 steps taken, and 4117 accepted.
[1 : mcmc] Progress @ 2025-04-08 04:13:49 : 11562 steps taken, and 4034 accepted.
[2 : mcmc] Progress @ 2025-04-08 04:14:16 : 11692 steps taken, and 4184 accepted.
[3 : mcmc] Progress @ 2025-04-08 04:14:18 : 11667 steps taken, and 4192 accepted.
[0 : mcmc] Progress @ 2025-04-08 04:14:47 : 11530 steps taken, and 4125 accepted.
[1 : mcmc] Progress @ 2025-04-08 04:14:50 : 11581 steps taken, and 4040 accepted.
[2 : mcmc] Progress @ 2025-04-08 04:15:17 : 11711 steps taken, and 4190 accepted.
[3 : mcmc] Progress @ 2025-04-08 04:15:19 : 11686 steps taken, and 4198 accepted.
[0 : mcmc] Progress @ 2025-04-08 04:15:49 : 11547 steps taken, and 4135 accepted.
[1 : mcmc] Progress @ 2025-04-08 04:15:54 : 11599 steps taken, and 4049 accepted.
[2 : mcmc] Progress @ 2025-04-08 04:16:19 : 11729 steps taken, and 4198 accepted.
[3 : mcmc] Progress @ 2025-04-08 04:16:23 : 11705 steps taken, and 4203 accepted.
[0 : mcmc] Progress @ 2025-04-08 04:16:49 : 11565 steps taken, and 4140 accepted.
[1 : mcmc] Progress @ 2025-04-08 04:16:55 : 11621 steps taken, and 4059 accepted.
[2 : mcmc] Progress @ 2025-04-08 04:17:20 : 11749 steps taken, and 4204 accepted.
[3 : mcmc] Progress @ 2025-04-08 04:17:26 : 11723 steps taken, and 4210 accepted.
[0 : mcmc] Progress @ 2025-04-08 04:17:49 : 11583 steps taken, and 4148 accepted.
[1 : mcmc] Progress @ 2025-04-08 04:17:58 : 11641 steps taken, and 4065 accepted.
[2 : mcmc] Progress @ 2025-04-08 04:18:23 : 11767 steps taken, and 4209 accepted.
[3 : mcmc] Progress @ 2025-04-08 04:18:26 : 11741 steps taken, and 4218 accepted.
[0 : mcmc] Progress @ 2025-04-08 04:18:53 : 11601 steps taken, and 4150 accepted.
[1 : mcmc] Progress @ 2025-04-08 04:19:01 : 11660 steps taken, and 4070 accepted.
[2 : mcmc] Progress @ 2025-04-08 04:19:25 : 11785 steps taken, and 4213 accepted.
[3 : mcmc] Progress @ 2025-04-08 04:19:30 : 11770 steps taken, and 4231 accepted.
[0 : mcmc] Progress @ 2025-04-08 04:19:53 : 11620 steps taken, and 4156 accepted.
[1 : mcmc] Progress @ 2025-04-08 04:20:03 : 11682 steps taken, and 4075 accepted.
[2 : mcmc] Progress @ 2025-04-08 04:20:29 : 11804 steps taken, and 4220 accepted.
[0 : mcmc] Learn + convergence test @ 4160 samples accepted.
[0 : mcmc] Ready to check convergence and learn a new proposal covmat (waiting for the rest...)
[3 : mcmc] Progress @ 2025-04-08 04:20:33 : 11788 steps taken, and 4240 accepted.
[0 : mcmc] Progress @ 2025-04-08 04:20:57 : 11639 steps taken, and 4161 accepted.
[1 : mcmc] Progress @ 2025-04-08 04:21:04 : 11701 steps taken, and 4079 accepted.
[2 : mcmc] Progress @ 2025-04-08 04:21:33 : 11824 steps taken, and 4230 accepted.
[3 : mcmc] Progress @ 2025-04-08 04:21:37 : 11806 steps taken, and 4249 accepted.
[0 : mcmc] Progress @ 2025-04-08 04:22:00 : 11658 steps taken, and 4167 accepted.
[1 : mcmc] Progress @ 2025-04-08 04:22:04 : 11724 steps taken, and 4083 accepted.
[2 : mcmc] Progress @ 2025-04-08 04:22:34 : 11844 steps taken, and 4239 accepted.
[3 : mcmc] Progress @ 2025-04-08 04:22:38 : 11829 steps taken, and 4253 accepted.
[0 : mcmc] Progress @ 2025-04-08 04:23:00 : 11676 steps taken, and 4177 accepted.
[1 : mcmc] Progress @ 2025-04-08 04:23:08 : 11743 steps taken, and 4089 accepted.
[2 : mcmc] Progress @ 2025-04-08 04:23:34 : 11868 steps taken, and 4246 accepted.
[3 : mcmc] Progress @ 2025-04-08 04:23:41 : 11855 steps taken, and 4266 accepted.
[0 : mcmc] Progress @ 2025-04-08 04:24:03 : 11694 steps taken, and 4185 accepted.
[1 : mcmc] Progress @ 2025-04-08 04:24:10 : 11763 steps taken, and 4097 accepted.
[2 : mcmc] Progress @ 2025-04-08 04:24:37 : 11887 steps taken, and 4251 accepted.
[3 : mcmc] Progress @ 2025-04-08 04:24:41 : 11877 steps taken, and 4274 accepted.
[0 : mcmc] Progress @ 2025-04-08 04:25:03 : 11713 steps taken, and 4195 accepted.
[1 : mcmc] Progress @ 2025-04-08 04:25:11 : 11779 steps taken, and 4103 accepted.
[2 : mcmc] Progress @ 2025-04-08 04:25:38 : 11909 steps taken, and 4260 accepted.
[3 : mcmc] Progress @ 2025-04-08 04:25:41 : 11898 steps taken, and 4283 accepted.
[0 : mcmc] Progress @ 2025-04-08 04:26:07 : 11731 steps taken, and 4204 accepted.
[1 : mcmc] Progress @ 2025-04-08 04:26:12 : 11799 steps taken, and 4108 accepted.
[2 : mcmc] Progress @ 2025-04-08 04:26:39 : 11931 steps taken, and 4269 accepted.
[3 : mcmc] Progress @ 2025-04-08 04:26:41 : 11916 steps taken, and 4287 accepted.
[0 : mcmc] Progress @ 2025-04-08 04:27:08 : 11750 steps taken, and 4208 accepted.
[1 : mcmc] Progress @ 2025-04-08 04:27:16 : 11820 steps taken, and 4115 accepted.
[2 : mcmc] Progress @ 2025-04-08 04:27:42 : 11949 steps taken, and 4276 accepted.
[3 : mcmc] Progress @ 2025-04-08 04:27:43 : 11939 steps taken, and 4297 accepted.
[0 : mcmc] Progress @ 2025-04-08 04:28:11 : 11769 steps taken, and 4213 accepted.
[1 : mcmc] Progress @ 2025-04-08 04:28:18 : 11842 steps taken, and 4125 accepted.
[3 : mcmc] Progress @ 2025-04-08 04:28:43 : 11957 steps taken, and 4303 accepted.
[2 : mcmc] Progress @ 2025-04-08 04:28:46 : 11969 steps taken, and 4285 accepted.
[0 : mcmc] Progress @ 2025-04-08 04:29:11 : 11787 steps taken, and 4222 accepted.
[1 : mcmc] Progress @ 2025-04-08 04:29:22 : 11861 steps taken, and 4133 accepted.
[3 : mcmc] Progress @ 2025-04-08 04:29:46 : 11976 steps taken, and 4309 accepted.
[2 : mcmc] Progress @ 2025-04-08 04:29:47 : 11988 steps taken, and 4292 accepted.
[0 : mcmc] Progress @ 2025-04-08 04:30:13 : 11804 steps taken, and 4230 accepted.
[1 : mcmc] Progress @ 2025-04-08 04:30:22 : 11881 steps taken, and 4139 accepted.
[2 : mcmc] Progress @ 2025-04-08 04:30:48 : 12005 steps taken, and 4302 accepted.
[3 : mcmc] Progress @ 2025-04-08 04:30:49 : 11994 steps taken, and 4315 accepted.
[0 : mcmc] Progress @ 2025-04-08 04:31:14 : 11824 steps taken, and 4241 accepted.
[1 : mcmc] Progress @ 2025-04-08 04:31:25 : 11900 steps taken, and 4144 accepted.
[2 : mcmc] Progress @ 2025-04-08 04:31:49 : 12025 steps taken, and 4308 accepted.
[3 : mcmc] Progress @ 2025-04-08 04:31:50 : 12012 steps taken, and 4324 accepted.
[0 : mcmc] Progress @ 2025-04-08 04:32:17 : 11843 steps taken, and 4247 accepted.
[1 : mcmc] Progress @ 2025-04-08 04:32:26 : 11919 steps taken, and 4150 accepted.
[3 : mcmc] Progress @ 2025-04-08 04:32:50 : 12030 steps taken, and 4329 accepted.
[2 : mcmc] Progress @ 2025-04-08 04:32:53 : 12046 steps taken, and 4315 accepted.
[0 : mcmc] Progress @ 2025-04-08 04:33:18 : 11864 steps taken, and 4252 accepted.
[1 : mcmc] Progress @ 2025-04-08 04:33:27 : 11939 steps taken, and 4156 accepted.
[3 : mcmc] Progress @ 2025-04-08 04:33:53 : 12049 steps taken, and 4336 accepted.
[2 : mcmc] Progress @ 2025-04-08 04:33:55 : 12065 steps taken, and 4320 accepted.
[1 : mcmc] Learn + convergence test @ 4160 samples accepted.
[1 : mcmc] Ready to check convergence and learn a new proposal covmat (waiting for the rest...)
[0 : mcmc] All chains are ready to check convergence and learn a new proposal covmat
[0 : mcmc]  - Acceptance rate: 0.362 = avg([0.3617, 0.3487, 0.3731, 0.3641])
[0 : mcmc]  - Convergence of means: R-1 = 0.026937 after 17079 accepted steps = sum([4257, 4160, 4323, 4339])
[0 : mcmc]  - Updated covariance matrix of proposal pdf.
[0 : mcmc] Progress @ 2025-04-08 04:34:23 : 11882 steps taken, and 4258 accepted.
[1 : mcmc] Progress @ 2025-04-08 04:34:31 : 11953 steps taken, and 4162 accepted.
[3 : mcmc] Progress @ 2025-04-08 04:34:54 : 12066 steps taken, and 4341 accepted.
[2 : mcmc] Progress @ 2025-04-08 04:34:56 : 12085 steps taken, and 4329 accepted.
[0 : mcmc] Progress @ 2025-04-08 04:35:23 : 11901 steps taken, and 4264 accepted.
[1 : mcmc] Progress @ 2025-04-08 04:35:32 : 11971 steps taken, and 4166 accepted.
[3 : mcmc] Progress @ 2025-04-08 04:35:57 : 12085 steps taken, and 4349 accepted.
[2 : mcmc] Progress @ 2025-04-08 04:35:58 : 12104 steps taken, and 4338 accepted.
[0 : mcmc] Progress @ 2025-04-08 04:36:24 : 11918 steps taken, and 4271 accepted.
[1 : mcmc] Progress @ 2025-04-08 04:36:35 : 11989 steps taken, and 4173 accepted.
[3 : mcmc] Progress @ 2025-04-08 04:36:58 : 12105 steps taken, and 4357 accepted.
[2 : mcmc] Progress @ 2025-04-08 04:37:00 : 12122 steps taken, and 4342 accepted.
[0 : mcmc] Progress @ 2025-04-08 04:37:24 : 11936 steps taken, and 4278 accepted.
[1 : mcmc] Progress @ 2025-04-08 04:37:35 : 12008 steps taken, and 4180 accepted.
[3 : mcmc] Progress @ 2025-04-08 04:37:59 : 12128 steps taken, and 4368 accepted.
[2 : mcmc] Progress @ 2025-04-08 04:38:04 : 12141 steps taken, and 4347 accepted.
[0 : mcmc] Progress @ 2025-04-08 04:38:25 : 11955 steps taken, and 4288 accepted.
[1 : mcmc] Progress @ 2025-04-08 04:38:39 : 12027 steps taken, and 4186 accepted.
[3 : mcmc] Progress @ 2025-04-08 04:39:00 : 12150 steps taken, and 4376 accepted.
[2 : mcmc] Progress @ 2025-04-08 04:39:08 : 12160 steps taken, and 4353 accepted.
[0 : mcmc] Progress @ 2025-04-08 04:39:25 : 11973 steps taken, and 4294 accepted.
[1 : mcmc] Progress @ 2025-04-08 04:39:43 : 12046 steps taken, and 4192 accepted.
[3 : mcmc] Progress @ 2025-04-08 04:40:04 : 12169 steps taken, and 4380 accepted.
[2 : mcmc] Progress @ 2025-04-08 04:40:09 : 12179 steps taken, and 4360 accepted.
[0 : mcmc] Progress @ 2025-04-08 04:40:28 : 11991 steps taken, and 4299 accepted.
[1 : mcmc] Progress @ 2025-04-08 04:40:43 : 12066 steps taken, and 4199 accepted.
[3 : mcmc] Progress @ 2025-04-08 04:41:08 : 12188 steps taken, and 4386 accepted.
[2 : mcmc] Progress @ 2025-04-08 04:41:10 : 12196 steps taken, and 4370 accepted.
[0 : mcmc] Progress @ 2025-04-08 04:41:31 : 12009 steps taken, and 4309 accepted.
[1 : mcmc] Progress @ 2025-04-08 04:41:44 : 12088 steps taken, and 4208 accepted.
[3 : mcmc] Progress @ 2025-04-08 04:42:12 : 12208 steps taken, and 4395 accepted.
[2 : mcmc] Progress @ 2025-04-08 04:42:13 : 12214 steps taken, and 4381 accepted.
[0 : mcmc] Progress @ 2025-04-08 04:42:31 : 12028 steps taken, and 4315 accepted.
[1 : mcmc] Progress @ 2025-04-08 04:42:48 : 12107 steps taken, and 4215 accepted.
[3 : mcmc] Progress @ 2025-04-08 04:43:15 : 12226 steps taken, and 4404 accepted.
[2 : mcmc] Progress @ 2025-04-08 04:43:17 : 12234 steps taken, and 4390 accepted.
[0 : mcmc] Progress @ 2025-04-08 04:43:34 : 12047 steps taken, and 4323 accepted.
[1 : mcmc] Progress @ 2025-04-08 04:43:50 : 12124 steps taken, and 4223 accepted.
[3 : mcmc] Progress @ 2025-04-08 04:44:16 : 12247 steps taken, and 4408 accepted.
[2 : mcmc] Progress @ 2025-04-08 04:44:18 : 12255 steps taken, and 4398 accepted.
[0 : mcmc] Progress @ 2025-04-08 04:44:35 : 12068 steps taken, and 4330 accepted.
[1 : mcmc] Progress @ 2025-04-08 04:44:54 : 12143 steps taken, and 4230 accepted.
[3 : mcmc] Progress @ 2025-04-08 04:45:19 : 12266 steps taken, and 4415 accepted.
[2 : mcmc] Progress @ 2025-04-08 04:45:21 : 12275 steps taken, and 4405 accepted.
[0 : mcmc] Progress @ 2025-04-08 04:45:39 : 12086 steps taken, and 4337 accepted.
[1 : mcmc] Progress @ 2025-04-08 04:45:57 : 12165 steps taken, and 4243 accepted.
[3 : mcmc] Progress @ 2025-04-08 04:46:21 : 12287 steps taken, and 4425 accepted.
[2 : mcmc] Progress @ 2025-04-08 04:46:24 : 12301 steps taken, and 4411 accepted.
[0 : mcmc] Progress @ 2025-04-08 04:46:39 : 12104 steps taken, and 4344 accepted.
[1 : mcmc] Progress @ 2025-04-08 04:47:00 : 12183 steps taken, and 4253 accepted.
[3 : mcmc] Progress @ 2025-04-08 04:47:24 : 12305 steps taken, and 4432 accepted.
[2 : mcmc] Progress @ 2025-04-08 04:47:26 : 12318 steps taken, and 4417 accepted.
[0 : mcmc] Progress @ 2025-04-08 04:47:39 : 12122 steps taken, and 4347 accepted.
[1 : mcmc] Progress @ 2025-04-08 04:48:04 : 12202 steps taken, and 4260 accepted.
[3 : mcmc] Progress @ 2025-04-08 04:48:24 : 12323 steps taken, and 4437 accepted.
[2 : mcmc] Progress @ 2025-04-08 04:48:27 : 12337 steps taken, and 4424 accepted.
[0 : mcmc] Progress @ 2025-04-08 04:48:41 : 12140 steps taken, and 4352 accepted.
[1 : mcmc] Progress @ 2025-04-08 04:49:05 : 12224 steps taken, and 4269 accepted.
[3 : mcmc] Progress @ 2025-04-08 04:49:25 : 12342 steps taken, and 4444 accepted.
[2 : mcmc] Progress @ 2025-04-08 04:49:30 : 12358 steps taken, and 4433 accepted.
[0 : mcmc] Progress @ 2025-04-08 04:49:44 : 12158 steps taken, and 4358 accepted.
[1 : mcmc] Progress @ 2025-04-08 04:50:06 : 12244 steps taken, and 4272 accepted.
[3 : mcmc] Progress @ 2025-04-08 04:50:28 : 12360 steps taken, and 4449 accepted.
[2 : mcmc] Progress @ 2025-04-08 04:50:34 : 12378 steps taken, and 4439 accepted.
[0 : mcmc] Progress @ 2025-04-08 04:50:46 : 12177 steps taken, and 4366 accepted.
[1 : mcmc] Progress @ 2025-04-08 04:51:06 : 12264 steps taken, and 4278 accepted.
[3 : mcmc] Progress @ 2025-04-08 04:51:31 : 12379 steps taken, and 4455 accepted.
[2 : mcmc] Progress @ 2025-04-08 04:51:38 : 12397 steps taken, and 4448 accepted.
[0 : mcmc] Progress @ 2025-04-08 04:51:47 : 12200 steps taken, and 4368 accepted.
[1 : mcmc] Progress @ 2025-04-08 04:52:07 : 12284 steps taken, and 4286 accepted.
[3 : mcmc] Progress @ 2025-04-08 04:52:32 : 12400 steps taken, and 4465 accepted.
[2 : mcmc] Progress @ 2025-04-08 04:52:40 : 12415 steps taken, and 4454 accepted.
[0 : mcmc] Progress @ 2025-04-08 04:52:50 : 12220 steps taken, and 4375 accepted.
[1 : mcmc] Progress @ 2025-04-08 04:53:11 : 12302 steps taken, and 4294 accepted.
[3 : mcmc] Progress @ 2025-04-08 04:53:32 : 12418 steps taken, and 4474 accepted.
[2 : mcmc] Progress @ 2025-04-08 04:53:44 : 12434 steps taken, and 4465 accepted.
[0 : mcmc] Progress @ 2025-04-08 04:53:52 : 12242 steps taken, and 4383 accepted.
[1 : mcmc] Progress @ 2025-04-08 04:54:14 : 12322 steps taken, and 4299 accepted.
[3 : mcmc] Progress @ 2025-04-08 04:54:32 : 12436 steps taken, and 4477 accepted.
[2 : mcmc] Progress @ 2025-04-08 04:54:45 : 12453 steps taken, and 4475 accepted.
[0 : mcmc] Progress @ 2025-04-08 04:54:52 : 12260 steps taken, and 4388 accepted.
[3 : mcmc] Learn + convergence test @ 4480 samples accepted.
[3 : mcmc] Ready to check convergence and learn a new proposal covmat (waiting for the rest...)
[2 : mcmc] Learn + convergence test @ 4480 samples accepted.
[2 : mcmc] Ready to check convergence and learn a new proposal covmat (waiting for the rest...)
[1 : mcmc] Progress @ 2025-04-08 04:55:15 : 12342 steps taken, and 4304 accepted.
[3 : mcmc] Progress @ 2025-04-08 04:55:34 : 12454 steps taken, and 4482 accepted.
[2 : mcmc] Progress @ 2025-04-08 04:55:46 : 12471 steps taken, and 4482 accepted.
[0 : mcmc] Progress @ 2025-04-08 04:55:52 : 12280 steps taken, and 4398 accepted.
[1 : mcmc] Progress @ 2025-04-08 04:56:19 : 12362 steps taken, and 4312 accepted.
[3 : mcmc] Progress @ 2025-04-08 04:56:35 : 12472 steps taken, and 4487 accepted.
[2 : mcmc] Progress @ 2025-04-08 04:56:47 : 12490 steps taken, and 4492 accepted.
[0 : mcmc] Progress @ 2025-04-08 04:56:53 : 12300 steps taken, and 4406 accepted.
[1 : mcmc] Progress @ 2025-04-08 04:57:23 : 12382 steps taken, and 4320 accepted.
[3 : mcmc] Progress @ 2025-04-08 04:57:38 : 12490 steps taken, and 4492 accepted.
[2 : mcmc] Progress @ 2025-04-08 04:57:50 : 12509 steps taken, and 4497 accepted.
[0 : mcmc] Progress @ 2025-04-08 04:57:54 : 12316 steps taken, and 4408 accepted.
[1 : mcmc] Progress @ 2025-04-08 04:58:24 : 12405 steps taken, and 4330 accepted.
[3 : mcmc] Progress @ 2025-04-08 04:58:38 : 12509 steps taken, and 4496 accepted.
[2 : mcmc] Progress @ 2025-04-08 04:58:54 : 12528 steps taken, and 4503 accepted.
[0 : mcmc] Progress @ 2025-04-08 04:58:56 : 12335 steps taken, and 4414 accepted.
[1 : mcmc] Progress @ 2025-04-08 04:59:24 : 12423 steps taken, and 4336 accepted.
[3 : mcmc] Progress @ 2025-04-08 04:59:38 : 12527 steps taken, and 4503 accepted.
[0 : mcmc] Progress @ 2025-04-08 04:59:56 : 12353 steps taken, and 4422 accepted.
[2 : mcmc] Progress @ 2025-04-08 04:59:57 : 12546 steps taken, and 4507 accepted.
[1 : mcmc] Progress @ 2025-04-08 05:00:27 : 12441 steps taken, and 4339 accepted.
[3 : mcmc] Progress @ 2025-04-08 05:00:38 : 12545 steps taken, and 4513 accepted.
[0 : mcmc] Progress @ 2025-04-08 05:00:58 : 12370 steps taken, and 4425 accepted.
[2 : mcmc] Progress @ 2025-04-08 05:01:00 : 12565 steps taken, and 4511 accepted.
[1 : mcmc] Progress @ 2025-04-08 05:01:31 : 12460 steps taken, and 4346 accepted.
[3 : mcmc] Progress @ 2025-04-08 05:01:42 : 12564 steps taken, and 4521 accepted.
[0 : mcmc] Progress @ 2025-04-08 05:01:59 : 12389 steps taken, and 4433 accepted.
[2 : mcmc] Progress @ 2025-04-08 05:02:00 : 12584 steps taken, and 4519 accepted.
[1 : mcmc] Progress @ 2025-04-08 05:02:32 : 12481 steps taken, and 4351 accepted.
[3 : mcmc] Progress @ 2025-04-08 05:02:43 : 12586 steps taken, and 4528 accepted.
[0 : mcmc] Progress @ 2025-04-08 05:03:02 : 12407 steps taken, and 4437 accepted.
[2 : mcmc] Progress @ 2025-04-08 05:03:03 : 12603 steps taken, and 4528 accepted.
[1 : mcmc] Progress @ 2025-04-08 05:03:32 : 12499 steps taken, and 4356 accepted.
[3 : mcmc] Progress @ 2025-04-08 05:03:45 : 12603 steps taken, and 4535 accepted.
[0 : mcmc] Progress @ 2025-04-08 05:04:05 : 12425 steps taken, and 4442 accepted.
[2 : mcmc] Progress @ 2025-04-08 05:04:05 : 12628 steps taken, and 4540 accepted.
[1 : mcmc] Progress @ 2025-04-08 05:04:32 : 12520 steps taken, and 4364 accepted.
[3 : mcmc] Progress @ 2025-04-08 05:04:47 : 12623 steps taken, and 4546 accepted.
[0 : mcmc] Progress @ 2025-04-08 05:05:06 : 12444 steps taken, and 4450 accepted.
[2 : mcmc] Progress @ 2025-04-08 05:05:09 : 12650 steps taken, and 4549 accepted.
[1 : mcmc] Progress @ 2025-04-08 05:05:33 : 12538 steps taken, and 4371 accepted.
[3 : mcmc] Progress @ 2025-04-08 05:05:50 : 12641 steps taken, and 4553 accepted.
[0 : mcmc] Progress @ 2025-04-08 05:06:09 : 12462 steps taken, and 4460 accepted.
[2 : mcmc] Progress @ 2025-04-08 05:06:10 : 12672 steps taken, and 4554 accepted.
[1 : mcmc] Progress @ 2025-04-08 05:06:36 : 12558 steps taken, and 4374 accepted.
[3 : mcmc] Progress @ 2025-04-08 05:06:50 : 12659 steps taken, and 4561 accepted.
[0 : mcmc] Progress @ 2025-04-08 05:07:09 : 12483 steps taken, and 4468 accepted.
[2 : mcmc] Progress @ 2025-04-08 05:07:14 : 12693 steps taken, and 4564 accepted.
[1 : mcmc] Progress @ 2025-04-08 05:07:37 : 12578 steps taken, and 4381 accepted.
[3 : mcmc] Progress @ 2025-04-08 05:07:53 : 12677 steps taken, and 4565 accepted.
[0 : mcmc] Progress @ 2025-04-08 05:08:11 : 12505 steps taken, and 4472 accepted.
[2 : mcmc] Progress @ 2025-04-08 05:08:15 : 12713 steps taken, and 4573 accepted.
[1 : mcmc] Progress @ 2025-04-08 05:08:39 : 12595 steps taken, and 4386 accepted.
[3 : mcmc] Progress @ 2025-04-08 05:08:57 : 12696 steps taken, and 4574 accepted.
[0 : mcmc] Progress @ 2025-04-08 05:09:11 : 12525 steps taken, and 4479 accepted.
[0 : mcmc] Learn + convergence test @ 4480 samples accepted.
[0 : mcmc] Ready to check convergence and learn a new proposal covmat (waiting for the rest...)
[2 : mcmc] Progress @ 2025-04-08 05:09:17 : 12733 steps taken, and 4582 accepted.
[1 : mcmc] Progress @ 2025-04-08 05:09:42 : 12620 steps taken, and 4393 accepted.
[3 : mcmc] Progress @ 2025-04-08 05:09:57 : 12716 steps taken, and 4583 accepted.
[0 : mcmc] Progress @ 2025-04-08 05:10:11 : 12545 steps taken, and 4486 accepted.
[2 : mcmc] Progress @ 2025-04-08 05:10:18 : 12752 steps taken, and 4596 accepted.
[1 : mcmc] Progress @ 2025-04-08 05:10:45 : 12639 steps taken, and 4399 accepted.
[3 : mcmc] Progress @ 2025-04-08 05:10:57 : 12735 steps taken, and 4585 accepted.
[0 : mcmc] Progress @ 2025-04-08 05:11:11 : 12563 steps taken, and 4491 accepted.
[2 : mcmc] Progress @ 2025-04-08 05:11:21 : 12771 steps taken, and 4605 accepted.
[1 : mcmc] Progress @ 2025-04-08 05:11:46 : 12658 steps taken, and 4408 accepted.
[3 : mcmc] Progress @ 2025-04-08 05:11:58 : 12756 steps taken, and 4592 accepted.
[0 : mcmc] Progress @ 2025-04-08 05:12:15 : 12582 steps taken, and 4501 accepted.
[2 : mcmc] Progress @ 2025-04-08 05:12:24 : 12789 steps taken, and 4614 accepted.
[1 : mcmc] Progress @ 2025-04-08 05:12:47 : 12678 steps taken, and 4415 accepted.
[3 : mcmc] Progress @ 2025-04-08 05:12:58 : 12775 steps taken, and 4598 accepted.
[0 : mcmc] Progress @ 2025-04-08 05:13:15 : 12600 steps taken, and 4507 accepted.
[2 : mcmc] Progress @ 2025-04-08 05:13:28 : 12809 steps taken, and 4623 accepted.
[1 : mcmc] Progress @ 2025-04-08 05:13:50 : 12696 steps taken, and 4422 accepted.
[3 : mcmc] Progress @ 2025-04-08 05:14:01 : 12793 steps taken, and 4604 accepted.
[0 : mcmc] Progress @ 2025-04-08 05:14:17 : 12619 steps taken, and 4515 accepted.
[2 : mcmc] Progress @ 2025-04-08 05:14:31 : 12829 steps taken, and 4632 accepted.
[1 : mcmc] Progress @ 2025-04-08 05:14:50 : 12716 steps taken, and 4431 accepted.
[3 : mcmc] Progress @ 2025-04-08 05:15:01 : 12811 steps taken, and 4612 accepted.
[0 : mcmc] Progress @ 2025-04-08 05:15:20 : 12640 steps taken, and 4522 accepted.
[2 : mcmc] Progress @ 2025-04-08 05:15:31 : 12849 steps taken, and 4640 accepted.
[1 : mcmc] Progress @ 2025-04-08 05:15:53 : 12734 steps taken, and 4440 accepted.
[3 : mcmc] Progress @ 2025-04-08 05:16:04 : 12831 steps taken, and 4619 accepted.
[0 : mcmc] Progress @ 2025-04-08 05:16:23 : 12658 steps taken, and 4529 accepted.
[2 : mcmc] Progress @ 2025-04-08 05:16:32 : 12869 steps taken, and 4645 accepted.
[1 : mcmc] Progress @ 2025-04-08 05:16:53 : 12756 steps taken, and 4448 accepted.
[3 : mcmc] Progress @ 2025-04-08 05:17:04 : 12850 steps taken, and 4627 accepted.
[0 : mcmc] Progress @ 2025-04-08 05:17:26 : 12676 steps taken, and 4531 accepted.
[2 : mcmc] Progress @ 2025-04-08 05:17:33 : 12891 steps taken, and 4653 accepted.
[1 : mcmc] Progress @ 2025-04-08 05:17:53 : 12774 steps taken, and 4454 accepted.
[3 : mcmc] Progress @ 2025-04-08 05:18:06 : 12870 steps taken, and 4632 accepted.
[0 : mcmc] Progress @ 2025-04-08 05:18:26 : 12694 steps taken, and 4538 accepted.
[2 : mcmc] Progress @ 2025-04-08 05:18:36 : 12914 steps taken, and 4663 accepted.
[1 : mcmc] Progress @ 2025-04-08 05:18:54 : 12792 steps taken, and 4463 accepted.
[3 : mcmc] Progress @ 2025-04-08 05:19:09 : 12891 steps taken, and 4638 accepted.
[0 : mcmc] Progress @ 2025-04-08 05:19:26 : 12712 steps taken, and 4543 accepted.
[2 : mcmc] Progress @ 2025-04-08 05:19:40 : 12942 steps taken, and 4674 accepted.
[1 : mcmc] Progress @ 2025-04-08 05:19:57 : 12811 steps taken, and 4469 accepted.
[3 : mcmc] Progress @ 2025-04-08 05:20:09 : 12909 steps taken, and 4646 accepted.
[0 : mcmc] Progress @ 2025-04-08 05:20:30 : 12730 steps taken, and 4552 accepted.
[2 : mcmc] Progress @ 2025-04-08 05:20:43 : 12961 steps taken, and 4677 accepted.
[1 : mcmc] Progress @ 2025-04-08 05:21:00 : 12829 steps taken, and 4477 accepted.
[3 : mcmc] Progress @ 2025-04-08 05:21:09 : 12930 steps taken, and 4654 accepted.
[0 : mcmc] Progress @ 2025-04-08 05:21:30 : 12749 steps taken, and 4556 accepted.
[1 : mcmc] Learn + convergence test @ 4480 samples accepted.
[1 : mcmc] Ready to check convergence and learn a new proposal covmat (waiting for the rest...)
[2 : mcmc] Progress @ 2025-04-08 05:21:45 : 12979 steps taken, and 4687 accepted.
[0 : mcmc] All chains are ready to check convergence and learn a new proposal covmat
[0 : mcmc]  - Acceptance rate: 0.362 = avg([0.3583, 0.3508, 0.3773, 0.3629])
[0 : mcmc]  - Convergence of means: R-1 = 0.021504 after 18385 accepted steps = sum([4559, 4480, 4688, 4658])
[0 : mcmc]  - Updated covariance matrix of proposal pdf.
[1 : mcmc] Progress @ 2025-04-08 05:22:07 : 12841 steps taken, and 4481 accepted.
[3 : mcmc] Progress @ 2025-04-08 05:22:12 : 12950 steps taken, and 4658 accepted.
[0 : mcmc] Progress @ 2025-04-08 05:22:31 : 12770 steps taken, and 4562 accepted.
[2 : mcmc] Progress @ 2025-04-08 05:22:48 : 12993 steps taken, and 4694 accepted.
[1 : mcmc] Progress @ 2025-04-08 05:23:07 : 12862 steps taken, and 4488 accepted.
[3 : mcmc] Progress @ 2025-04-08 05:23:15 : 12969 steps taken, and 4666 accepted.
[0 : mcmc] Progress @ 2025-04-08 05:23:35 : 12792 steps taken, and 4570 accepted.
[2 : mcmc] Progress @ 2025-04-08 05:23:51 : 13011 steps taken, and 4698 accepted.
[1 : mcmc] Progress @ 2025-04-08 05:24:08 : 12881 steps taken, and 4497 accepted.
[3 : mcmc] Progress @ 2025-04-08 05:24:15 : 12987 steps taken, and 4671 accepted.
[0 : mcmc] Progress @ 2025-04-08 05:24:35 : 12811 steps taken, and 4578 accepted.
[2 : mcmc] Progress @ 2025-04-08 05:24:51 : 13030 steps taken, and 4706 accepted.
[1 : mcmc] Progress @ 2025-04-08 05:25:10 : 12899 steps taken, and 4502 accepted.
[3 : mcmc] Progress @ 2025-04-08 05:25:16 : 13006 steps taken, and 4677 accepted.
[0 : mcmc] Progress @ 2025-04-08 05:25:40 : 12830 steps taken, and 4585 accepted.
[2 : mcmc] Progress @ 2025-04-08 05:25:54 : 13048 steps taken, and 4715 accepted.
[1 : mcmc] Progress @ 2025-04-08 05:26:13 : 12917 steps taken, and 4510 accepted.
[3 : mcmc] Progress @ 2025-04-08 05:26:19 : 13024 steps taken, and 4685 accepted.
[0 : mcmc] Progress @ 2025-04-08 05:26:42 : 12847 steps taken, and 4594 accepted.
[2 : mcmc] Progress @ 2025-04-08 05:26:58 : 13069 steps taken, and 4726 accepted.
[1 : mcmc] Progress @ 2025-04-08 05:27:14 : 12935 steps taken, and 4514 accepted.
[3 : mcmc] Progress @ 2025-04-08 05:27:22 : 13042 steps taken, and 4691 accepted.
[0 : mcmc] Progress @ 2025-04-08 05:27:42 : 12866 steps taken, and 4601 accepted.
[2 : mcmc] Progress @ 2025-04-08 05:28:02 : 13089 steps taken, and 4734 accepted.
[1 : mcmc] Progress @ 2025-04-08 05:28:14 : 12953 steps taken, and 4520 accepted.
[3 : mcmc] Progress @ 2025-04-08 05:28:23 : 13065 steps taken, and 4699 accepted.
[0 : mcmc] Progress @ 2025-04-08 05:28:44 : 12886 steps taken, and 4610 accepted.
[2 : mcmc] Progress @ 2025-04-08 05:29:06 : 13108 steps taken, and 4739 accepted.
[1 : mcmc] Progress @ 2025-04-08 05:29:17 : 12971 steps taken, and 4528 accepted.
[3 : mcmc] Progress @ 2025-04-08 05:29:25 : 13087 steps taken, and 4705 accepted.
[0 : mcmc] Progress @ 2025-04-08 05:29:47 : 12905 steps taken, and 4615 accepted.
[2 : mcmc] Progress @ 2025-04-08 05:30:09 : 13126 steps taken, and 4743 accepted.
[1 : mcmc] Progress @ 2025-04-08 05:30:19 : 12989 steps taken, and 4536 accepted.
[3 : mcmc] Progress @ 2025-04-08 05:30:28 : 13106 steps taken, and 4714 accepted.
[0 : mcmc] Progress @ 2025-04-08 05:30:47 : 12924 steps taken, and 4623 accepted.
[2 : mcmc] Progress @ 2025-04-08 05:31:10 : 13147 steps taken, and 4754 accepted.
[1 : mcmc] Progress @ 2025-04-08 05:31:22 : 13010 steps taken, and 4543 accepted.
[3 : mcmc] Progress @ 2025-04-08 05:31:28 : 13124 steps taken, and 4719 accepted.
[0 : mcmc] Progress @ 2025-04-08 05:31:51 : 12944 steps taken, and 4629 accepted.
[2 : mcmc] Progress @ 2025-04-08 05:32:14 : 13166 steps taken, and 4758 accepted.
[1 : mcmc] Progress @ 2025-04-08 05:32:25 : 13028 steps taken, and 4549 accepted.
[3 : mcmc] Progress @ 2025-04-08 05:32:28 : 13143 steps taken, and 4727 accepted.
[0 : mcmc] Progress @ 2025-04-08 05:32:55 : 12962 steps taken, and 4636 accepted.
[2 : mcmc] Progress @ 2025-04-08 05:33:17 : 13187 steps taken, and 4765 accepted.
[1 : mcmc] Progress @ 2025-04-08 05:33:28 : 13046 steps taken, and 4554 accepted.
[3 : mcmc] Progress @ 2025-04-08 05:33:31 : 13161 steps taken, and 4732 accepted.
[0 : mcmc] Progress @ 2025-04-08 05:33:56 : 12981 steps taken, and 4645 accepted.
[2 : mcmc] Progress @ 2025-04-08 05:34:20 : 13214 steps taken, and 4773 accepted.
[1 : mcmc] Progress @ 2025-04-08 05:34:29 : 13064 steps taken, and 4560 accepted.
[3 : mcmc] Progress @ 2025-04-08 05:34:31 : 13179 steps taken, and 4737 accepted.
[0 : mcmc] Progress @ 2025-04-08 05:34:59 : 12999 steps taken, and 4653 accepted.
[2 : mcmc] Progress @ 2025-04-08 05:35:23 : 13233 steps taken, and 4781 accepted.
[1 : mcmc] Progress @ 2025-04-08 05:35:29 : 13083 steps taken, and 4571 accepted.
[3 : mcmc] Progress @ 2025-04-08 05:35:32 : 13198 steps taken, and 4742 accepted.
[0 : mcmc] Progress @ 2025-04-08 05:35:59 : 13017 steps taken, and 4662 accepted.
[2 : mcmc] Progress @ 2025-04-08 05:36:26 : 13261 steps taken, and 4789 accepted.
[1 : mcmc] Progress @ 2025-04-08 05:36:29 : 13102 steps taken, and 4584 accepted.
[3 : mcmc] Progress @ 2025-04-08 05:36:34 : 13215 steps taken, and 4745 accepted.
[0 : mcmc] Progress @ 2025-04-08 05:37:01 : 13035 steps taken, and 4670 accepted.
[2 : mcmc] Progress @ 2025-04-08 05:37:26 : 13283 steps taken, and 4795 accepted.
[1 : mcmc] Progress @ 2025-04-08 05:37:31 : 13119 steps taken, and 4593 accepted.
[3 : mcmc] Progress @ 2025-04-08 05:37:38 : 13234 steps taken, and 4751 accepted.
[2 : mcmc] Learn + convergence test @ 4800 samples accepted.
[2 : mcmc] Ready to check convergence and learn a new proposal covmat (waiting for the rest...)
[0 : mcmc] Progress @ 2025-04-08 05:38:02 : 13056 steps taken, and 4675 accepted.
[2 : mcmc] Progress @ 2025-04-08 05:38:27 : 13305 steps taken, and 4808 accepted.
[1 : mcmc] Progress @ 2025-04-08 05:38:33 : 13138 steps taken, and 4600 accepted.
[3 : mcmc] Progress @ 2025-04-08 05:38:39 : 13256 steps taken, and 4756 accepted.
[0 : mcmc] Progress @ 2025-04-08 05:39:05 : 13074 steps taken, and 4684 accepted.
[2 : mcmc] Progress @ 2025-04-08 05:39:28 : 13322 steps taken, and 4818 accepted.
[1 : mcmc] Progress @ 2025-04-08 05:39:33 : 13157 steps taken, and 4606 accepted.
[3 : mcmc] Progress @ 2025-04-08 05:39:43 : 13275 steps taken, and 4764 accepted.
[0 : mcmc] Progress @ 2025-04-08 05:40:05 : 13093 steps taken, and 4691 accepted.
[2 : mcmc] Progress @ 2025-04-08 05:40:29 : 13341 steps taken, and 4826 accepted.
[1 : mcmc] Progress @ 2025-04-08 05:40:37 : 13175 steps taken, and 4611 accepted.
[3 : mcmc] Progress @ 2025-04-08 05:40:43 : 13293 steps taken, and 4769 accepted.
[0 : mcmc] Progress @ 2025-04-08 05:41:08 : 13111 steps taken, and 4697 accepted.
[2 : mcmc] Progress @ 2025-04-08 05:41:31 : 13359 steps taken, and 4832 accepted.
[1 : mcmc] Progress @ 2025-04-08 05:41:40 : 13193 steps taken, and 4619 accepted.
[3 : mcmc] Progress @ 2025-04-08 05:41:46 : 13311 steps taken, and 4776 accepted.
[0 : mcmc] Progress @ 2025-04-08 05:42:11 : 13130 steps taken, and 4702 accepted.
[2 : mcmc] Progress @ 2025-04-08 05:42:33 : 13377 steps taken, and 4840 accepted.
[1 : mcmc] Progress @ 2025-04-08 05:42:43 : 13212 steps taken, and 4627 accepted.
[3 : mcmc] Progress @ 2025-04-08 05:42:47 : 13332 steps taken, and 4783 accepted.
[0 : mcmc] Progress @ 2025-04-08 05:43:14 : 13149 steps taken, and 4708 accepted.
[2 : mcmc] Progress @ 2025-04-08 05:43:34 : 13396 steps taken, and 4849 accepted.
[1 : mcmc] Progress @ 2025-04-08 05:43:44 : 13231 steps taken, and 4631 accepted.
[3 : mcmc] Progress @ 2025-04-08 05:43:47 : 13350 steps taken, and 4789 accepted.
[0 : mcmc] Progress @ 2025-04-08 05:44:14 : 13167 steps taken, and 4715 accepted.
[2 : mcmc] Progress @ 2025-04-08 05:44:35 : 13413 steps taken, and 4853 accepted.
[1 : mcmc] Progress @ 2025-04-08 05:44:47 : 13249 steps taken, and 4636 accepted.
[3 : mcmc] Progress @ 2025-04-08 05:44:47 : 13369 steps taken, and 4795 accepted.
[0 : mcmc] Progress @ 2025-04-08 05:45:15 : 13185 steps taken, and 4719 accepted.
[3 : mcmc] Learn + convergence test @ 4800 samples accepted.
[3 : mcmc] Ready to check convergence and learn a new proposal covmat (waiting for the rest...)
[2 : mcmc] Progress @ 2025-04-08 05:45:39 : 13432 steps taken, and 4862 accepted.
[1 : mcmc] Progress @ 2025-04-08 05:45:49 : 13270 steps taken, and 4644 accepted.
[3 : mcmc] Progress @ 2025-04-08 05:45:51 : 13388 steps taken, and 4804 accepted.
[0 : mcmc] Progress @ 2025-04-08 05:46:16 : 13205 steps taken, and 4727 accepted.
[2 : mcmc] Progress @ 2025-04-08 05:46:40 : 13455 steps taken, and 4869 accepted.
[1 : mcmc] Progress @ 2025-04-08 05:46:49 : 13290 steps taken, and 4652 accepted.
[3 : mcmc] Progress @ 2025-04-08 05:46:51 : 13407 steps taken, and 4812 accepted.
[0 : mcmc] Progress @ 2025-04-08 05:47:17 : 13221 steps taken, and 4734 accepted.
[2 : mcmc] Progress @ 2025-04-08 05:47:42 : 13473 steps taken, and 4878 accepted.
[1 : mcmc] Progress @ 2025-04-08 05:47:49 : 13308 steps taken, and 4658 accepted.
[3 : mcmc] Progress @ 2025-04-08 05:47:54 : 13425 steps taken, and 4818 accepted.
[0 : mcmc] Progress @ 2025-04-08 05:48:20 : 13242 steps taken, and 4744 accepted.
[2 : mcmc] Progress @ 2025-04-08 05:48:45 : 13492 steps taken, and 4886 accepted.
[1 : mcmc] Progress @ 2025-04-08 05:48:52 : 13326 steps taken, and 4665 accepted.
[3 : mcmc] Progress @ 2025-04-08 05:48:55 : 13443 steps taken, and 4821 accepted.
[0 : mcmc] Progress @ 2025-04-08 05:49:23 : 13263 steps taken, and 4752 accepted.
[2 : mcmc] Progress @ 2025-04-08 05:49:46 : 13513 steps taken, and 4894 accepted.
[3 : mcmc] Progress @ 2025-04-08 05:49:55 : 13462 steps taken, and 4830 accepted.
[1 : mcmc] Progress @ 2025-04-08 05:49:55 : 13344 steps taken, and 4671 accepted.
[0 : mcmc] Progress @ 2025-04-08 05:50:24 : 13282 steps taken, and 4761 accepted.
[2 : mcmc] Progress @ 2025-04-08 05:50:47 : 13533 steps taken, and 4903 accepted.
[1 : mcmc] Progress @ 2025-04-08 05:50:56 : 13364 steps taken, and 4682 accepted.
[3 : mcmc] Progress @ 2025-04-08 05:50:58 : 13481 steps taken, and 4839 accepted.
[0 : mcmc] Progress @ 2025-04-08 05:51:27 : 13301 steps taken, and 4768 accepted.
[2 : mcmc] Progress @ 2025-04-08 05:51:50 : 13551 steps taken, and 4908 accepted.
[3 : mcmc] Progress @ 2025-04-08 05:51:58 : 13499 steps taken, and 4844 accepted.
[1 : mcmc] Progress @ 2025-04-08 05:51:58 : 13381 steps taken, and 4691 accepted.
[0 : mcmc] Progress @ 2025-04-08 05:52:31 : 13321 steps taken, and 4779 accepted.
[2 : mcmc] Progress @ 2025-04-08 05:52:53 : 13570 steps taken, and 4915 accepted.
[3 : mcmc] Progress @ 2025-04-08 05:52:58 : 13517 steps taken, and 4848 accepted.
[1 : mcmc] Progress @ 2025-04-08 05:52:59 : 13399 steps taken, and 4698 accepted.
[0 : mcmc] Progress @ 2025-04-08 05:53:31 : 13340 steps taken, and 4783 accepted.
[2 : mcmc] Progress @ 2025-04-08 05:53:57 : 13589 steps taken, and 4924 accepted.
[3 : mcmc] Progress @ 2025-04-08 05:54:01 : 13536 steps taken, and 4857 accepted.
[1 : mcmc] Progress @ 2025-04-08 05:54:02 : 13418 steps taken, and 4706 accepted.
[0 : mcmc] Progress @ 2025-04-08 05:54:34 : 13359 steps taken, and 4788 accepted.
[2 : mcmc] Progress @ 2025-04-08 05:55:00 : 13608 steps taken, and 4934 accepted.
[1 : mcmc] Progress @ 2025-04-08 05:55:02 : 13438 steps taken, and 4714 accepted.
[3 : mcmc] Progress @ 2025-04-08 05:55:04 : 13554 steps taken, and 4864 accepted.
[0 : mcmc] Progress @ 2025-04-08 05:55:38 : 13378 steps taken, and 4797 accepted.
[1 : mcmc] Progress @ 2025-04-08 05:56:02 : 13458 steps taken, and 4721 accepted.
[2 : mcmc] Progress @ 2025-04-08 05:56:03 : 13626 steps taken, and 4939 accepted.
[3 : mcmc] Progress @ 2025-04-08 05:56:06 : 13575 steps taken, and 4874 accepted.
[0 : mcmc] Learn + convergence test @ 4800 samples accepted.
[0 : mcmc] Ready to check convergence and learn a new proposal covmat (waiting for the rest...)
[0 : mcmc] Progress @ 2025-04-08 05:56:40 : 13397 steps taken, and 4801 accepted.
[1 : mcmc] Progress @ 2025-04-08 05:57:04 : 13477 steps taken, and 4730 accepted.
[3 : mcmc] Progress @ 2025-04-08 05:57:06 : 13595 steps taken, and 4885 accepted.
[2 : mcmc] Progress @ 2025-04-08 05:57:07 : 13645 steps taken, and 4949 accepted.
[0 : mcmc] Progress @ 2025-04-08 05:57:43 : 13416 steps taken, and 4810 accepted.
[1 : mcmc] Progress @ 2025-04-08 05:58:08 : 13496 steps taken, and 4736 accepted.
[3 : mcmc] Progress @ 2025-04-08 05:58:08 : 13613 steps taken, and 4895 accepted.
[2 : mcmc] Progress @ 2025-04-08 05:58:11 : 13665 steps taken, and 4956 accepted.
[0 : mcmc] Progress @ 2025-04-08 05:58:46 : 13437 steps taken, and 4817 accepted.
[1 : mcmc] Progress @ 2025-04-08 05:59:08 : 13514 steps taken, and 4745 accepted.
[3 : mcmc] Progress @ 2025-04-08 05:59:08 : 13631 steps taken, and 4902 accepted.
[2 : mcmc] Progress @ 2025-04-08 05:59:14 : 13683 steps taken, and 4963 accepted.
[0 : mcmc] Progress @ 2025-04-08 05:59:48 : 13457 steps taken, and 4824 accepted.
[1 : mcmc] Progress @ 2025-04-08 06:00:11 : 13534 steps taken, and 4754 accepted.
[3 : mcmc] Progress @ 2025-04-08 06:00:11 : 13658 steps taken, and 4910 accepted.
[2 : mcmc] Progress @ 2025-04-08 06:00:18 : 13702 steps taken, and 4969 accepted.
[0 : mcmc] Progress @ 2025-04-08 06:00:48 : 13475 steps taken, and 4833 accepted.
[1 : mcmc] Progress @ 2025-04-08 06:01:11 : 13552 steps taken, and 4760 accepted.
[3 : mcmc] Progress @ 2025-04-08 06:01:13 : 13680 steps taken, and 4919 accepted.
[2 : mcmc] Progress @ 2025-04-08 06:01:19 : 13721 steps taken, and 4979 accepted.
[0 : mcmc] Progress @ 2025-04-08 06:01:48 : 13494 steps taken, and 4839 accepted.
[1 : mcmc] Progress @ 2025-04-08 06:02:12 : 13570 steps taken, and 4769 accepted.
[3 : mcmc] Progress @ 2025-04-08 06:02:16 : 13699 steps taken, and 4928 accepted.
[2 : mcmc] Progress @ 2025-04-08 06:02:22 : 13739 steps taken, and 4984 accepted.
[0 : mcmc] Progress @ 2025-04-08 06:02:51 : 13514 steps taken, and 4849 accepted.
[1 : mcmc] Progress @ 2025-04-08 06:03:15 : 13588 steps taken, and 4773 accepted.
[3 : mcmc] Progress @ 2025-04-08 06:03:17 : 13720 steps taken, and 4935 accepted.
[2 : mcmc] Progress @ 2025-04-08 06:03:25 : 13757 steps taken, and 4989 accepted.
[0 : mcmc] Progress @ 2025-04-08 06:03:51 : 13532 steps taken, and 4859 accepted.
[1 : mcmc] Progress @ 2025-04-08 06:04:15 : 13609 steps taken, and 4779 accepted.
[3 : mcmc] Progress @ 2025-04-08 06:04:17 : 13741 steps taken, and 4942 accepted.
[2 : mcmc] Progress @ 2025-04-08 06:04:25 : 13777 steps taken, and 4998 accepted.
[0 : mcmc] Progress @ 2025-04-08 06:04:55 : 13550 steps taken, and 4868 accepted.
[1 : mcmc] Progress @ 2025-04-08 06:05:16 : 13634 steps taken, and 4786 accepted.
[3 : mcmc] Progress @ 2025-04-08 06:05:19 : 13763 steps taken, and 4948 accepted.
[2 : mcmc] Progress @ 2025-04-08 06:05:27 : 13794 steps taken, and 5004 accepted.
[0 : mcmc] Progress @ 2025-04-08 06:05:55 : 13568 steps taken, and 4875 accepted.
[1 : mcmc] Progress @ 2025-04-08 06:06:17 : 13652 steps taken, and 4791 accepted.
[3 : mcmc] Progress @ 2025-04-08 06:06:19 : 13781 steps taken, and 4953 accepted.
[2 : mcmc] Progress @ 2025-04-08 06:06:28 : 13813 steps taken, and 5013 accepted.
[0 : mcmc] Progress @ 2025-04-08 06:06:58 : 13586 steps taken, and 4883 accepted.
[1 : mcmc] Progress @ 2025-04-08 06:07:21 : 13671 steps taken, and 4795 accepted.
[3 : mcmc] Progress @ 2025-04-08 06:07:22 : 13800 steps taken, and 4955 accepted.
[2 : mcmc] Progress @ 2025-04-08 06:07:29 : 13830 steps taken, and 5020 accepted.
[1 : mcmc] Learn + convergence test @ 4800 samples accepted.
[1 : mcmc] Ready to check convergence and learn a new proposal covmat (waiting for the rest...)
[0 : mcmc] Progress @ 2025-04-08 06:07:59 : 13604 steps taken, and 4889 accepted.
[0 : mcmc] All chains are ready to check convergence and learn a new proposal covmat
[0 : mcmc]  - Acceptance rate: 0.364 = avg([0.3614, 0.3547, 0.3800, 0.3586])
[0 : mcmc]  - Convergence of means: R-1 = 0.020124 after 19674 accepted steps = sum([4890, 4800, 5025, 4959])
[0 : mcmc]  - Updated covariance matrix of proposal pdf.
[3 : mcmc] Progress @ 2025-04-08 06:08:31 : 13820 steps taken, and 4959 accepted.
[2 : mcmc] Progress @ 2025-04-08 06:08:35 : 13842 steps taken, and 5025 accepted.
[1 : mcmc] Progress @ 2025-04-08 06:08:35 : 13684 steps taken, and 4800 accepted.
[0 : mcmc] Progress @ 2025-04-08 06:09:02 : 13623 steps taken, and 4894 accepted.
[3 : mcmc] Progress @ 2025-04-08 06:09:32 : 13841 steps taken, and 4964 accepted.
[1 : mcmc] Progress @ 2025-04-08 06:09:38 : 13702 steps taken, and 4804 accepted.
[2 : mcmc] Progress @ 2025-04-08 06:09:39 : 13861 steps taken, and 5034 accepted.
[0 : mcmc] Progress @ 2025-04-08 06:10:02 : 13641 steps taken, and 4901 accepted.
[3 : mcmc] Progress @ 2025-04-08 06:10:36 : 13859 steps taken, and 4971 accepted.
[1 : mcmc] Progress @ 2025-04-08 06:10:40 : 13723 steps taken, and 4809 accepted.
[2 : mcmc] Progress @ 2025-04-08 06:10:43 : 13880 steps taken, and 5041 accepted.
[0 : mcmc] Progress @ 2025-04-08 06:11:03 : 13659 steps taken, and 4906 accepted.
[3 : mcmc] Progress @ 2025-04-08 06:11:37 : 13878 steps taken, and 4974 accepted.
[1 : mcmc] Progress @ 2025-04-08 06:11:41 : 13743 steps taken, and 4816 accepted.
[2 : mcmc] Progress @ 2025-04-08 06:11:47 : 13900 steps taken, and 5047 accepted.
[0 : mcmc] Progress @ 2025-04-08 06:12:03 : 13678 steps taken, and 4910 accepted.
[3 : mcmc] Progress @ 2025-04-08 06:12:40 : 13896 steps taken, and 4981 accepted.
[1 : mcmc] Progress @ 2025-04-08 06:12:41 : 13762 steps taken, and 4820 accepted.
[2 : mcmc] Progress @ 2025-04-08 06:12:51 : 13920 steps taken, and 5055 accepted.
[0 : mcmc] Progress @ 2025-04-08 06:13:06 : 13696 steps taken, and 4918 accepted.
[3 : mcmc] Progress @ 2025-04-08 06:13:40 : 13915 steps taken, and 4989 accepted.
[1 : mcmc] Progress @ 2025-04-08 06:13:44 : 13781 steps taken, and 4825 accepted.
[2 : mcmc] Progress @ 2025-04-08 06:13:54 : 13938 steps taken, and 5066 accepted.
[0 : mcmc] Progress @ 2025-04-08 06:14:09 : 13715 steps taken, and 4923 accepted.
[3 : mcmc] Progress @ 2025-04-08 06:14:41 : 13933 steps taken, and 4998 accepted.
[1 : mcmc] Progress @ 2025-04-08 06:14:44 : 13799 steps taken, and 4832 accepted.
[2 : mcmc] Progress @ 2025-04-08 06:14:55 : 13957 steps taken, and 5074 accepted.
[0 : mcmc] Progress @ 2025-04-08 06:15:13 : 13743 steps taken, and 4929 accepted.
[3 : mcmc] Progress @ 2025-04-08 06:15:44 : 13952 steps taken, and 5006 accepted.
[1 : mcmc] Progress @ 2025-04-08 06:15:48 : 13817 steps taken, and 4840 accepted.
[2 : mcmc] Progress @ 2025-04-08 06:15:58 : 13976 steps taken, and 5084 accepted.
[0 : mcmc] Progress @ 2025-04-08 06:16:13 : 13761 steps taken, and 4938 accepted.
[3 : mcmc] Progress @ 2025-04-08 06:16:47 : 13970 steps taken, and 5014 accepted.
[1 : mcmc] Progress @ 2025-04-08 06:16:48 : 13835 steps taken, and 4846 accepted.
[2 : mcmc] Progress @ 2025-04-08 06:16:59 : 13998 steps taken, and 5092 accepted.
[0 : mcmc] Progress @ 2025-04-08 06:17:15 : 13779 steps taken, and 4946 accepted.
[3 : mcmc] Progress @ 2025-04-08 06:17:48 : 13989 steps taken, and 5018 accepted.
[1 : mcmc] Progress @ 2025-04-08 06:17:48 : 13853 steps taken, and 4849 accepted.
[2 : mcmc] Progress @ 2025-04-08 06:18:02 : 14019 steps taken, and 5099 accepted.
[0 : mcmc] Progress @ 2025-04-08 06:18:16 : 13798 steps taken, and 4949 accepted.
[3 : mcmc] Progress @ 2025-04-08 06:18:51 : 14009 steps taken, and 5025 accepted.
[1 : mcmc] Progress @ 2025-04-08 06:18:51 : 13871 steps taken, and 4854 accepted.
[2 : mcmc] Progress @ 2025-04-08 06:19:03 : 14038 steps taken, and 5103 accepted.
[0 : mcmc] Progress @ 2025-04-08 06:19:19 : 13817 steps taken, and 4955 accepted.
[3 : mcmc] Progress @ 2025-04-08 06:19:53 : 14032 steps taken, and 5039 accepted.
[1 : mcmc] Progress @ 2025-04-08 06:19:55 : 13889 steps taken, and 4859 accepted.
[2 : mcmc] Progress @ 2025-04-08 06:20:04 : 14055 steps taken, and 5109 accepted.
[0 : mcmc] Progress @ 2025-04-08 06:20:21 : 13838 steps taken, and 4964 accepted.
[3 : mcmc] Progress @ 2025-04-08 06:20:53 : 14050 steps taken, and 5045 accepted.
[1 : mcmc] Progress @ 2025-04-08 06:20:58 : 13907 steps taken, and 4866 accepted.
[2 : mcmc] Progress @ 2025-04-08 06:21:08 : 14074 steps taken, and 5115 accepted.
[0 : mcmc] Progress @ 2025-04-08 06:21:21 : 13857 steps taken, and 4971 accepted.
[2 : mcmc] Learn + convergence test @ 5120 samples accepted.
[2 : mcmc] Ready to check convergence and learn a new proposal covmat (waiting for the rest...)
[3 : mcmc] Progress @ 2025-04-08 06:21:56 : 14070 steps taken, and 5052 accepted.
[1 : mcmc] Progress @ 2025-04-08 06:21:58 : 13926 steps taken, and 4869 accepted.
[2 : mcmc] Progress @ 2025-04-08 06:22:11 : 14092 steps taken, and 5121 accepted.
[0 : mcmc] Progress @ 2025-04-08 06:22:24 : 13875 steps taken, and 4981 accepted.
[3 : mcmc] Progress @ 2025-04-08 06:22:57 : 14089 steps taken, and 5061 accepted.
[1 : mcmc] Progress @ 2025-04-08 06:22:58 : 13944 steps taken, and 4879 accepted.
[2 : mcmc] Progress @ 2025-04-08 06:23:13 : 14115 steps taken, and 5126 accepted.
[0 : mcmc] Progress @ 2025-04-08 06:23:28 : 13894 steps taken, and 4989 accepted.
[3 : mcmc] Progress @ 2025-04-08 06:23:58 : 14108 steps taken, and 5072 accepted.
[1 : mcmc] Progress @ 2025-04-08 06:24:00 : 13964 steps taken, and 4888 accepted.
[2 : mcmc] Progress @ 2025-04-08 06:24:15 : 14132 steps taken, and 5132 accepted.
[0 : mcmc] Progress @ 2025-04-08 06:24:28 : 13912 steps taken, and 4998 accepted.
[3 : mcmc] Progress @ 2025-04-08 06:24:59 : 14125 steps taken, and 5074 accepted.
[1 : mcmc] Progress @ 2025-04-08 06:25:03 : 13986 steps taken, and 4899 accepted.
[2 : mcmc] Progress @ 2025-04-08 06:25:16 : 14152 steps taken, and 5143 accepted.
[0 : mcmc] Progress @ 2025-04-08 06:25:28 : 13930 steps taken, and 5002 accepted.
[3 : mcmc] Progress @ 2025-04-08 06:25:59 : 14144 steps taken, and 5081 accepted.
[1 : mcmc] Progress @ 2025-04-08 06:26:03 : 14004 steps taken, and 4908 accepted.
[2 : mcmc] Progress @ 2025-04-08 06:26:18 : 14171 steps taken, and 5152 accepted.
[0 : mcmc] Progress @ 2025-04-08 06:26:29 : 13949 steps taken, and 5007 accepted.
[3 : mcmc] Progress @ 2025-04-08 06:26:59 : 14164 steps taken, and 5090 accepted.
[1 : mcmc] Progress @ 2025-04-08 06:27:06 : 14029 steps taken, and 4916 accepted.
[2 : mcmc] Progress @ 2025-04-08 06:27:19 : 14190 steps taken, and 5159 accepted.
[0 : mcmc] Progress @ 2025-04-08 06:27:31 : 13966 steps taken, and 5015 accepted.
[3 : mcmc] Progress @ 2025-04-08 06:28:00 : 14185 steps taken, and 5099 accepted.
[1 : mcmc] Progress @ 2025-04-08 06:28:07 : 14046 steps taken, and 4924 accepted.
[2 : mcmc] Progress @ 2025-04-08 06:28:22 : 14208 steps taken, and 5163 accepted.
[0 : mcmc] Progress @ 2025-04-08 06:28:31 : 13984 steps taken, and 5025 accepted.
[3 : mcmc] Progress @ 2025-04-08 06:29:03 : 14212 steps taken, and 5107 accepted.
[1 : mcmc] Progress @ 2025-04-08 06:29:08 : 14065 steps taken, and 4931 accepted.
[2 : mcmc] Progress @ 2025-04-08 06:29:26 : 14228 steps taken, and 5171 accepted.
[0 : mcmc] Progress @ 2025-04-08 06:29:35 : 14003 steps taken, and 5033 accepted.
[3 : mcmc] Progress @ 2025-04-08 06:30:04 : 14235 steps taken, and 5116 accepted.
[1 : mcmc] Progress @ 2025-04-08 06:30:10 : 14085 steps taken, and 4937 accepted.
[3 : mcmc] Learn + convergence test @ 5120 samples accepted.
[3 : mcmc] Ready to check convergence and learn a new proposal covmat (waiting for the rest...)
[2 : mcmc] Progress @ 2025-04-08 06:30:30 : 14249 steps taken, and 5183 accepted.
[0 : mcmc] Progress @ 2025-04-08 06:30:38 : 14021 steps taken, and 5041 accepted.
[3 : mcmc] Progress @ 2025-04-08 06:31:04 : 14253 steps taken, and 5128 accepted.
[1 : mcmc] Progress @ 2025-04-08 06:31:13 : 14103 steps taken, and 4945 accepted.
[2 : mcmc] Progress @ 2025-04-08 06:31:31 : 14268 steps taken, and 5191 accepted.
[0 : mcmc] Progress @ 2025-04-08 06:31:38 : 14039 steps taken, and 5048 accepted.
[3 : mcmc] Progress @ 2025-04-08 06:32:08 : 14271 steps taken, and 5136 accepted.
[1 : mcmc] Progress @ 2025-04-08 06:32:16 : 14122 steps taken, and 4948 accepted.
[2 : mcmc] Progress @ 2025-04-08 06:32:35 : 14292 steps taken, and 5200 accepted.
[0 : mcmc] Progress @ 2025-04-08 06:32:41 : 14057 steps taken, and 5056 accepted.
[3 : mcmc] Progress @ 2025-04-08 06:33:11 : 14290 steps taken, and 5141 accepted.
[1 : mcmc] Progress @ 2025-04-08 06:33:20 : 14152 steps taken, and 4954 accepted.
[2 : mcmc] Progress @ 2025-04-08 06:33:39 : 14311 steps taken, and 5209 accepted.
[0 : mcmc] Progress @ 2025-04-08 06:33:45 : 14075 steps taken, and 5060 accepted.
[3 : mcmc] Progress @ 2025-04-08 06:34:15 : 14309 steps taken, and 5143 accepted.
[1 : mcmc] Progress @ 2025-04-08 06:34:20 : 14171 steps taken, and 4958 accepted.
[2 : mcmc] Progress @ 2025-04-08 06:34:41 : 14330 steps taken, and 5219 accepted.
[0 : mcmc] Progress @ 2025-04-08 06:34:46 : 14095 steps taken, and 5065 accepted.
[3 : mcmc] Progress @ 2025-04-08 06:35:15 : 14328 steps taken, and 5150 accepted.
[1 : mcmc] Progress @ 2025-04-08 06:35:23 : 14189 steps taken, and 4964 accepted.
[2 : mcmc] Progress @ 2025-04-08 06:35:42 : 14349 steps taken, and 5225 accepted.
[0 : mcmc] Progress @ 2025-04-08 06:35:49 : 14118 steps taken, and 5069 accepted.
[3 : mcmc] Progress @ 2025-04-08 06:36:17 : 14351 steps taken, and 5156 accepted.
[1 : mcmc] Progress @ 2025-04-08 06:36:23 : 14207 steps taken, and 4972 accepted.
[2 : mcmc] Progress @ 2025-04-08 06:36:45 : 14368 steps taken, and 5231 accepted.
[0 : mcmc] Progress @ 2025-04-08 06:36:51 : 14138 steps taken, and 5078 accepted.
[3 : mcmc] Progress @ 2025-04-08 06:37:20 : 14370 steps taken, and 5163 accepted.
[1 : mcmc] Progress @ 2025-04-08 06:37:26 : 14225 steps taken, and 4978 accepted.
[2 : mcmc] Progress @ 2025-04-08 06:37:46 : 14394 steps taken, and 5239 accepted.
[0 : mcmc] Progress @ 2025-04-08 06:37:53 : 14156 steps taken, and 5086 accepted.
[3 : mcmc] Progress @ 2025-04-08 06:38:20 : 14389 steps taken, and 5172 accepted.
[1 : mcmc] Progress @ 2025-04-08 06:38:30 : 14244 steps taken, and 4985 accepted.
[2 : mcmc] Progress @ 2025-04-08 06:38:49 : 14412 steps taken, and 5243 accepted.
[0 : mcmc] Progress @ 2025-04-08 06:38:58 : 14175 steps taken, and 5094 accepted.
[3 : mcmc] Progress @ 2025-04-08 06:39:21 : 14412 steps taken, and 5181 accepted.
[1 : mcmc] Progress @ 2025-04-08 06:39:31 : 14264 steps taken, and 4991 accepted.
[2 : mcmc] Progress @ 2025-04-08 06:39:50 : 14431 steps taken, and 5252 accepted.
[0 : mcmc] Progress @ 2025-04-08 06:40:00 : 14195 steps taken, and 5100 accepted.
[3 : mcmc] Progress @ 2025-04-08 06:40:25 : 14430 steps taken, and 5189 accepted.
[1 : mcmc] Progress @ 2025-04-08 06:40:35 : 14282 steps taken, and 4998 accepted.
[2 : mcmc] Progress @ 2025-04-08 06:40:54 : 14451 steps taken, and 5260 accepted.
[0 : mcmc] Progress @ 2025-04-08 06:41:00 : 14211 steps taken, and 5104 accepted.
[3 : mcmc] Progress @ 2025-04-08 06:41:25 : 14449 steps taken, and 5196 accepted.
[1 : mcmc] Progress @ 2025-04-08 06:41:35 : 14300 steps taken, and 5007 accepted.
[2 : mcmc] Progress @ 2025-04-08 06:41:57 : 14469 steps taken, and 5271 accepted.
[0 : mcmc] Progress @ 2025-04-08 06:42:01 : 14230 steps taken, and 5111 accepted.
[3 : mcmc] Progress @ 2025-04-08 06:42:26 : 14469 steps taken, and 5201 accepted.
[1 : mcmc] Progress @ 2025-04-08 06:42:38 : 14318 steps taken, and 5016 accepted.
[2 : mcmc] Progress @ 2025-04-08 06:42:59 : 14495 steps taken, and 5286 accepted.
[0 : mcmc] Progress @ 2025-04-08 06:43:05 : 14248 steps taken, and 5119 accepted.
[0 : mcmc] Learn + convergence test @ 5120 samples accepted.
[0 : mcmc] Ready to check convergence and learn a new proposal covmat (waiting for the rest...)
[3 : mcmc] Progress @ 2025-04-08 06:43:28 : 14497 steps taken, and 5208 accepted.
[1 : mcmc] Progress @ 2025-04-08 06:43:42 : 14337 steps taken, and 5023 accepted.
[2 : mcmc] Progress @ 2025-04-08 06:44:01 : 14513 steps taken, and 5290 accepted.
[0 : mcmc] Progress @ 2025-04-08 06:44:05 : 14266 steps taken, and 5127 accepted.
[3 : mcmc] Progress @ 2025-04-08 06:44:28 : 14516 steps taken, and 5218 accepted.
[1 : mcmc] Progress @ 2025-04-08 06:44:44 : 14357 steps taken, and 5032 accepted.
[2 : mcmc] Progress @ 2025-04-08 06:45:01 : 14531 steps taken, and 5296 accepted.
[0 : mcmc] Progress @ 2025-04-08 06:45:08 : 14285 steps taken, and 5133 accepted.
[3 : mcmc] Progress @ 2025-04-08 06:45:31 : 14534 steps taken, and 5227 accepted.
[1 : mcmc] Progress @ 2025-04-08 06:45:46 : 14375 steps taken, and 5039 accepted.
[2 : mcmc] Progress @ 2025-04-08 06:46:06 : 14550 steps taken, and 5302 accepted.
[0 : mcmc] Progress @ 2025-04-08 06:46:08 : 14305 steps taken, and 5141 accepted.
[3 : mcmc] Progress @ 2025-04-08 06:46:31 : 14552 steps taken, and 5233 accepted.
[1 : mcmc] Progress @ 2025-04-08 06:46:50 : 14394 steps taken, and 5046 accepted.
[2 : mcmc] Progress @ 2025-04-08 06:47:08 : 14568 steps taken, and 5310 accepted.
[0 : mcmc] Progress @ 2025-04-08 06:47:09 : 14324 steps taken, and 5149 accepted.
[3 : mcmc] Progress @ 2025-04-08 06:47:32 : 14570 steps taken, and 5243 accepted.
[1 : mcmc] Progress @ 2025-04-08 06:47:53 : 14412 steps taken, and 5050 accepted.
[0 : mcmc] Progress @ 2025-04-08 06:48:11 : 14341 steps taken, and 5158 accepted.
[2 : mcmc] Progress @ 2025-04-08 06:48:11 : 14587 steps taken, and 5315 accepted.
[3 : mcmc] Progress @ 2025-04-08 06:48:35 : 14588 steps taken, and 5251 accepted.
[1 : mcmc] Progress @ 2025-04-08 06:48:53 : 14431 steps taken, and 5059 accepted.
[0 : mcmc] Progress @ 2025-04-08 06:49:12 : 14360 steps taken, and 5162 accepted.
[2 : mcmc] Progress @ 2025-04-08 06:49:15 : 14607 steps taken, and 5324 accepted.
[3 : mcmc] Progress @ 2025-04-08 06:49:38 : 14606 steps taken, and 5256 accepted.
[1 : mcmc] Progress @ 2025-04-08 06:49:54 : 14450 steps taken, and 5066 accepted.
[0 : mcmc] Progress @ 2025-04-08 06:50:12 : 14378 steps taken, and 5172 accepted.
[2 : mcmc] Progress @ 2025-04-08 06:50:16 : 14626 steps taken, and 5330 accepted.
[3 : mcmc] Progress @ 2025-04-08 06:50:39 : 14628 steps taken, and 5264 accepted.
[1 : mcmc] Progress @ 2025-04-08 06:50:56 : 14468 steps taken, and 5071 accepted.
[0 : mcmc] Progress @ 2025-04-08 06:51:13 : 14397 steps taken, and 5176 accepted.
[2 : mcmc] Progress @ 2025-04-08 06:51:19 : 14645 steps taken, and 5341 accepted.
[3 : mcmc] Progress @ 2025-04-08 06:51:40 : 14646 steps taken, and 5270 accepted.
[1 : mcmc] Progress @ 2025-04-08 06:51:57 : 14488 steps taken, and 5080 accepted.
[0 : mcmc] Progress @ 2025-04-08 06:52:16 : 14416 steps taken, and 5184 accepted.
[2 : mcmc] Progress @ 2025-04-08 06:52:23 : 14664 steps taken, and 5350 accepted.
[3 : mcmc] Progress @ 2025-04-08 06:52:42 : 14663 steps taken, and 5275 accepted.
[1 : mcmc] Progress @ 2025-04-08 06:52:59 : 14510 steps taken, and 5092 accepted.
[0 : mcmc] Progress @ 2025-04-08 06:53:19 : 14434 steps taken, and 5194 accepted.
[2 : mcmc] Progress @ 2025-04-08 06:53:26 : 14683 steps taken, and 5358 accepted.
[3 : mcmc] Progress @ 2025-04-08 06:53:43 : 14686 steps taken, and 5283 accepted.
[1 : mcmc] Progress @ 2025-04-08 06:53:59 : 14529 steps taken, and 5099 accepted.
[0 : mcmc] Progress @ 2025-04-08 06:54:20 : 14452 steps taken, and 5203 accepted.
[2 : mcmc] Progress @ 2025-04-08 06:54:30 : 14702 steps taken, and 5361 accepted.
[3 : mcmc] Progress @ 2025-04-08 06:54:45 : 14708 steps taken, and 5293 accepted.
[1 : mcmc] Progress @ 2025-04-08 06:54:59 : 14552 steps taken, and 5103 accepted.
[0 : mcmc] Progress @ 2025-04-08 06:55:20 : 14471 steps taken, and 5208 accepted.
[2 : mcmc] Progress @ 2025-04-08 06:55:34 : 14722 steps taken, and 5368 accepted.
[3 : mcmc] Progress @ 2025-04-08 06:55:45 : 14726 steps taken, and 5299 accepted.
[1 : mcmc] Progress @ 2025-04-08 06:55:59 : 14572 steps taken, and 5112 accepted.
[0 : mcmc] Progress @ 2025-04-08 06:56:20 : 14491 steps taken, and 5215 accepted.
[2 : mcmc] Progress @ 2025-04-08 06:56:35 : 14740 steps taken, and 5374 accepted.
[3 : mcmc] Progress @ 2025-04-08 06:56:48 : 14746 steps taken, and 5306 accepted.
[1 : mcmc] Progress @ 2025-04-08 06:56:59 : 14591 steps taken, and 5118 accepted.
[0 : mcmc] Progress @ 2025-04-08 06:57:22 : 14508 steps taken, and 5217 accepted.
[1 : mcmc] Learn + convergence test @ 5120 samples accepted.
[1 : mcmc] Ready to check convergence and learn a new proposal covmat (waiting for the rest...)
[0 : mcmc] All chains are ready to check convergence and learn a new proposal covmat
[2 : mcmc] Progress @ 2025-04-08 06:57:36 : 14759 steps taken, and 5376 accepted.
[3 : mcmc] Progress @ 2025-04-08 06:57:48 : 14765 steps taken, and 5311 accepted.
[0 : mcmc]  - Acceptance rate: 0.364 = avg([0.3601, 0.3538, 0.3790, 0.3629])
[0 : mcmc]  - Convergence of means: R-1 = 0.022010 after 21029 accepted steps = sum([5220, 5120, 5377, 5312])
[0 : mcmc]  - Updated covariance matrix of proposal pdf.
[1 : mcmc] Progress @ 2025-04-08 06:58:01 : 14601 steps taken, and 5120 accepted.
[0 : mcmc] Progress @ 2025-04-08 06:58:24 : 14522 steps taken, and 5222 accepted.
[2 : mcmc] Progress @ 2025-04-08 06:58:37 : 14776 steps taken, and 5383 accepted.
[3 : mcmc] Progress @ 2025-04-08 06:58:49 : 14784 steps taken, and 5322 accepted.
[1 : mcmc] Progress @ 2025-04-08 06:59:01 : 14619 steps taken, and 5124 accepted.
[0 : mcmc] Progress @ 2025-04-08 06:59:25 : 14544 steps taken, and 5226 accepted.
[2 : mcmc] Progress @ 2025-04-08 06:59:40 : 14796 steps taken, and 5387 accepted.
[3 : mcmc] Progress @ 2025-04-08 06:59:49 : 14803 steps taken, and 5329 accepted.
[1 : mcmc] Progress @ 2025-04-08 07:00:03 : 14636 steps taken, and 5132 accepted.
[0 : mcmc] Progress @ 2025-04-08 07:00:27 : 14563 steps taken, and 5233 accepted.
[2 : mcmc] Progress @ 2025-04-08 07:00:41 : 14815 steps taken, and 5394 accepted.
[3 : mcmc] Progress @ 2025-04-08 07:00:49 : 14822 steps taken, and 5335 accepted.
[1 : mcmc] Progress @ 2025-04-08 07:01:03 : 14655 steps taken, and 5138 accepted.
[0 : mcmc] Progress @ 2025-04-08 07:01:30 : 14583 steps taken, and 5238 accepted.
[2 : mcmc] Progress @ 2025-04-08 07:01:45 : 14838 steps taken, and 5401 accepted.
[3 : mcmc] Progress @ 2025-04-08 07:01:49 : 14841 steps taken, and 5342 accepted.
[1 : mcmc] Progress @ 2025-04-08 07:02:04 : 14673 steps taken, and 5145 accepted.
[0 : mcmc] Progress @ 2025-04-08 07:02:33 : 14603 steps taken, and 5240 accepted.
[2 : mcmc] Progress @ 2025-04-08 07:02:46 : 14858 steps taken, and 5411 accepted.
[3 : mcmc] Progress @ 2025-04-08 07:02:49 : 14862 steps taken, and 5350 accepted.
[1 : mcmc] Progress @ 2025-04-08 07:03:04 : 14691 steps taken, and 5154 accepted.
[0 : mcmc] Progress @ 2025-04-08 07:03:35 : 14625 steps taken, and 5249 accepted.
[2 : mcmc] Progress @ 2025-04-08 07:03:49 : 14877 steps taken, and 5418 accepted.
[3 : mcmc] Progress @ 2025-04-08 07:03:52 : 14881 steps taken, and 5356 accepted.
[1 : mcmc] Progress @ 2025-04-08 07:04:07 : 14709 steps taken, and 5157 accepted.
[0 : mcmc] Progress @ 2025-04-08 07:04:36 : 14647 steps taken, and 5258 accepted.
[2 : mcmc] Progress @ 2025-04-08 07:04:53 : 14897 steps taken, and 5423 accepted.
[3 : mcmc] Progress @ 2025-04-08 07:04:53 : 14901 steps taken, and 5363 accepted.
[1 : mcmc] Progress @ 2025-04-08 07:05:08 : 14731 steps taken, and 5167 accepted.
[0 : mcmc] Progress @ 2025-04-08 07:05:36 : 14665 steps taken, and 5261 accepted.
[2 : mcmc] Progress @ 2025-04-08 07:05:56 : 14917 steps taken, and 5432 accepted.
[3 : mcmc] Progress @ 2025-04-08 07:05:57 : 14919 steps taken, and 5371 accepted.
[1 : mcmc] Progress @ 2025-04-08 07:06:12 : 14749 steps taken, and 5173 accepted.
[0 : mcmc] Progress @ 2025-04-08 07:06:40 : 14683 steps taken, and 5269 accepted.
[3 : mcmc] Progress @ 2025-04-08 07:07:00 : 14937 steps taken, and 5376 accepted.
[2 : mcmc] Progress @ 2025-04-08 07:07:00 : 14936 steps taken, and 5437 accepted.
[1 : mcmc] Progress @ 2025-04-08 07:07:12 : 14769 steps taken, and 5183 accepted.
[0 : mcmc] Progress @ 2025-04-08 07:07:40 : 14703 steps taken, and 5279 accepted.
[2 : mcmc] Learn + convergence test @ 5440 samples accepted.
[2 : mcmc] Ready to check convergence and learn a new proposal covmat (waiting for the rest...)
[3 : mcmc] Progress @ 2025-04-08 07:08:00 : 14956 steps taken, and 5383 accepted.
[2 : mcmc] Progress @ 2025-04-08 07:08:01 : 14956 steps taken, and 5441 accepted.
[1 : mcmc] Progress @ 2025-04-08 07:08:13 : 14793 steps taken, and 5187 accepted.
[0 : mcmc] Progress @ 2025-04-08 07:08:40 : 14721 steps taken, and 5288 accepted.
[3 : mcmc] Progress @ 2025-04-08 07:09:01 : 14975 steps taken, and 5386 accepted.
[2 : mcmc] Progress @ 2025-04-08 07:09:04 : 14976 steps taken, and 5445 accepted.
[1 : mcmc] Progress @ 2025-04-08 07:09:14 : 14813 steps taken, and 5191 accepted.
[0 : mcmc] Progress @ 2025-04-08 07:09:42 : 14738 steps taken, and 5292 accepted.
[3 : mcmc] Progress @ 2025-04-08 07:10:01 : 14995 steps taken, and 5392 accepted.
[2 : mcmc] Progress @ 2025-04-08 07:10:05 : 14996 steps taken, and 5450 accepted.
[1 : mcmc] Progress @ 2025-04-08 07:10:14 : 14833 steps taken, and 5199 accepted.
[0 : mcmc] Progress @ 2025-04-08 07:10:45 : 14756 steps taken, and 5298 accepted.
[3 : mcmc] Progress @ 2025-04-08 07:11:03 : 15012 steps taken, and 5398 accepted.
[2 : mcmc] Progress @ 2025-04-08 07:11:08 : 15016 steps taken, and 5458 accepted.
[1 : mcmc] Progress @ 2025-04-08 07:11:14 : 14852 steps taken, and 5208 accepted.
[0 : mcmc] Progress @ 2025-04-08 07:11:45 : 14775 steps taken, and 5303 accepted.
[3 : mcmc] Progress @ 2025-04-08 07:12:03 : 15030 steps taken, and 5405 accepted.
[2 : mcmc] Progress @ 2025-04-08 07:12:11 : 15034 steps taken, and 5463 accepted.
[1 : mcmc] Progress @ 2025-04-08 07:12:14 : 14872 steps taken, and 5215 accepted.
[0 : mcmc] Progress @ 2025-04-08 07:12:46 : 14795 steps taken, and 5312 accepted.
[3 : mcmc] Progress @ 2025-04-08 07:13:03 : 15049 steps taken, and 5411 accepted.
[2 : mcmc] Progress @ 2025-04-08 07:13:14 : 15053 steps taken, and 5467 accepted.
[1 : mcmc] Progress @ 2025-04-08 07:13:18 : 14890 steps taken, and 5223 accepted.
[0 : mcmc] Progress @ 2025-04-08 07:13:47 : 14815 steps taken, and 5319 accepted.
[3 : mcmc] Progress @ 2025-04-08 07:14:07 : 15068 steps taken, and 5420 accepted.
[2 : mcmc] Progress @ 2025-04-08 07:14:18 : 15074 steps taken, and 5478 accepted.
[1 : mcmc] Progress @ 2025-04-08 07:14:21 : 14909 steps taken, and 5233 accepted.
[0 : mcmc] Progress @ 2025-04-08 07:14:50 : 14833 steps taken, and 5326 accepted.
[3 : mcmc] Progress @ 2025-04-08 07:15:08 : 15087 steps taken, and 5425 accepted.
[2 : mcmc] Progress @ 2025-04-08 07:15:22 : 15094 steps taken, and 5488 accepted.
[1 : mcmc] Progress @ 2025-04-08 07:15:25 : 14931 steps taken, and 5242 accepted.
[0 : mcmc] Progress @ 2025-04-08 07:15:51 : 14852 steps taken, and 5333 accepted.
[3 : mcmc] Progress @ 2025-04-08 07:16:08 : 15105 steps taken, and 5432 accepted.
[2 : mcmc] Progress @ 2025-04-08 07:16:23 : 15117 steps taken, and 5494 accepted.
[1 : mcmc] Progress @ 2025-04-08 07:16:28 : 14952 steps taken, and 5247 accepted.
[0 : mcmc] Progress @ 2025-04-08 07:16:53 : 14869 steps taken, and 5338 accepted.
[3 : mcmc] Progress @ 2025-04-08 07:17:12 : 15124 steps taken, and 5439 accepted.
[2 : mcmc] Progress @ 2025-04-08 07:17:24 : 15141 steps taken, and 5500 accepted.
[3 : mcmc] Learn + convergence test @ 5440 samples accepted.
[3 : mcmc] Ready to check convergence and learn a new proposal covmat (waiting for the rest...)
[1 : mcmc] Progress @ 2025-04-08 07:17:29 : 14971 steps taken, and 5255 accepted.
[0 : mcmc] Progress @ 2025-04-08 07:17:53 : 14888 steps taken, and 5345 accepted.
[3 : mcmc] Progress @ 2025-04-08 07:18:15 : 15144 steps taken, and 5446 accepted.
[2 : mcmc] Progress @ 2025-04-08 07:18:28 : 15162 steps taken, and 5504 accepted.
[1 : mcmc] Progress @ 2025-04-08 07:18:30 : 14988 steps taken, and 5259 accepted.
[0 : mcmc] Progress @ 2025-04-08 07:18:54 : 14906 steps taken, and 5352 accepted.
[3 : mcmc] Progress @ 2025-04-08 07:19:16 : 15166 steps taken, and 5453 accepted.
[2 : mcmc] Progress @ 2025-04-08 07:19:29 : 15183 steps taken, and 5513 accepted.
[1 : mcmc] Progress @ 2025-04-08 07:19:31 : 15009 steps taken, and 5268 accepted.
[0 : mcmc] Progress @ 2025-04-08 07:19:57 : 14924 steps taken, and 5358 accepted.
[3 : mcmc] Progress @ 2025-04-08 07:20:19 : 15185 steps taken, and 5458 accepted.
[2 : mcmc] Progress @ 2025-04-08 07:20:30 : 15208 steps taken, and 5516 accepted.
[1 : mcmc] Progress @ 2025-04-08 07:20:31 : 15030 steps taken, and 5273 accepted.
[0 : mcmc] Progress @ 2025-04-08 07:20:57 : 14944 steps taken, and 5367 accepted.
[3 : mcmc] Progress @ 2025-04-08 07:21:21 : 15204 steps taken, and 5467 accepted.
[2 : mcmc] Progress @ 2025-04-08 07:21:31 : 15231 steps taken, and 5524 accepted.
[1 : mcmc] Progress @ 2025-04-08 07:21:32 : 15048 steps taken, and 5278 accepted.
[0 : mcmc] Progress @ 2025-04-08 07:22:01 : 14962 steps taken, and 5370 accepted.
[3 : mcmc] Progress @ 2025-04-08 07:22:23 : 15223 steps taken, and 5469 accepted.
[2 : mcmc] Progress @ 2025-04-08 07:22:34 : 15249 steps taken, and 5530 accepted.
[1 : mcmc] Progress @ 2025-04-08 07:22:35 : 15066 steps taken, and 5288 accepted.
[0 : mcmc] Progress @ 2025-04-08 07:23:01 : 14981 steps taken, and 5379 accepted.
[3 : mcmc] Progress @ 2025-04-08 07:23:23 : 15241 steps taken, and 5475 accepted.
[1 : mcmc] Progress @ 2025-04-08 07:23:35 : 15084 steps taken, and 5294 accepted.
[2 : mcmc] Progress @ 2025-04-08 07:23:37 : 15267 steps taken, and 5538 accepted.
[0 : mcmc] Progress @ 2025-04-08 07:24:02 : 15000 steps taken, and 5389 accepted.
[3 : mcmc] Progress @ 2025-04-08 07:24:26 : 15259 steps taken, and 5481 accepted.
[2 : mcmc] Progress @ 2025-04-08 07:24:38 : 15286 steps taken, and 5550 accepted.
[1 : mcmc] Progress @ 2025-04-08 07:24:38 : 15113 steps taken, and 5302 accepted.
[0 : mcmc] Progress @ 2025-04-08 07:25:02 : 15019 steps taken, and 5396 accepted.
[3 : mcmc] Progress @ 2025-04-08 07:25:27 : 15279 steps taken, and 5485 accepted.
[1 : mcmc] Progress @ 2025-04-08 07:25:38 : 15131 steps taken, and 5310 accepted.
[2 : mcmc] Progress @ 2025-04-08 07:25:41 : 15306 steps taken, and 5557 accepted.
[0 : mcmc] Progress @ 2025-04-08 07:26:04 : 15036 steps taken, and 5403 accepted.
[3 : mcmc] Progress @ 2025-04-08 07:26:30 : 15297 steps taken, and 5494 accepted.
[1 : mcmc] Progress @ 2025-04-08 07:26:41 : 15149 steps taken, and 5321 accepted.
[2 : mcmc] Progress @ 2025-04-08 07:26:42 : 15327 steps taken, and 5566 accepted.
[0 : mcmc] Progress @ 2025-04-08 07:27:05 : 15055 steps taken, and 5408 accepted.
[3 : mcmc] Progress @ 2025-04-08 07:27:30 : 15315 steps taken, and 5499 accepted.
[1 : mcmc] Progress @ 2025-04-08 07:27:44 : 15167 steps taken, and 5331 accepted.
[2 : mcmc] Progress @ 2025-04-08 07:27:46 : 15348 steps taken, and 5573 accepted.
[0 : mcmc] Progress @ 2025-04-08 07:28:07 : 15076 steps taken, and 5417 accepted.
[3 : mcmc] Progress @ 2025-04-08 07:28:31 : 15334 steps taken, and 5504 accepted.
[1 : mcmc] Progress @ 2025-04-08 07:28:45 : 15187 steps taken, and 5335 accepted.
[2 : mcmc] Progress @ 2025-04-08 07:28:50 : 15368 steps taken, and 5580 accepted.
[0 : mcmc] Progress @ 2025-04-08 07:29:10 : 15094 steps taken, and 5422 accepted.
[3 : mcmc] Progress @ 2025-04-08 07:29:33 : 15351 steps taken, and 5510 accepted.
[1 : mcmc] Progress @ 2025-04-08 07:29:49 : 15206 steps taken, and 5341 accepted.
[2 : mcmc] Progress @ 2025-04-08 07:29:52 : 15386 steps taken, and 5585 accepted.
[0 : mcmc] Progress @ 2025-04-08 07:30:13 : 15113 steps taken, and 5430 accepted.
[3 : mcmc] Progress @ 2025-04-08 07:30:37 : 15371 steps taken, and 5516 accepted.
[1 : mcmc] Progress @ 2025-04-08 07:30:49 : 15225 steps taken, and 5349 accepted.
[2 : mcmc] Progress @ 2025-04-08 07:30:56 : 15404 steps taken, and 5595 accepted.
[0 : mcmc] Progress @ 2025-04-08 07:31:15 : 15133 steps taken, and 5436 accepted.
[3 : mcmc] Progress @ 2025-04-08 07:31:37 : 15389 steps taken, and 5524 accepted.
[0 : mcmc] Learn + convergence test @ 5440 samples accepted.
[0 : mcmc] Ready to check convergence and learn a new proposal covmat (waiting for the rest...)
[1 : mcmc] Progress @ 2025-04-08 07:31:51 : 15255 steps taken, and 5357 accepted.
[2 : mcmc] Progress @ 2025-04-08 07:31:56 : 15422 steps taken, and 5600 accepted.
[0 : mcmc] Progress @ 2025-04-08 07:32:15 : 15155 steps taken, and 5444 accepted.
[3 : mcmc] Progress @ 2025-04-08 07:32:40 : 15407 steps taken, and 5535 accepted.
[1 : mcmc] Progress @ 2025-04-08 07:32:52 : 15274 steps taken, and 5368 accepted.
[2 : mcmc] Progress @ 2025-04-08 07:33:00 : 15441 steps taken, and 5607 accepted.
[0 : mcmc] Progress @ 2025-04-08 07:33:15 : 15174 steps taken, and 5450 accepted.
[3 : mcmc] Progress @ 2025-04-08 07:33:40 : 15425 steps taken, and 5541 accepted.
[1 : mcmc] Progress @ 2025-04-08 07:33:52 : 15293 steps taken, and 5373 accepted.
[2 : mcmc] Progress @ 2025-04-08 07:34:04 : 15462 steps taken, and 5618 accepted.
[0 : mcmc] Progress @ 2025-04-08 07:34:18 : 15192 steps taken, and 5457 accepted.
[3 : mcmc] Progress @ 2025-04-08 07:34:41 : 15445 steps taken, and 5556 accepted.
[1 : mcmc] Progress @ 2025-04-08 07:34:52 : 15312 steps taken, and 5381 accepted.
[2 : mcmc] Progress @ 2025-04-08 07:35:08 : 15481 steps taken, and 5626 accepted.
[0 : mcmc] Progress @ 2025-04-08 07:35:19 : 15210 steps taken, and 5462 accepted.
[3 : mcmc] Progress @ 2025-04-08 07:35:45 : 15465 steps taken, and 5565 accepted.
[1 : mcmc] Progress @ 2025-04-08 07:35:53 : 15334 steps taken, and 5387 accepted.
[2 : mcmc] Progress @ 2025-04-08 07:36:12 : 15500 steps taken, and 5635 accepted.
[0 : mcmc] Progress @ 2025-04-08 07:36:19 : 15229 steps taken, and 5470 accepted.
[3 : mcmc] Progress @ 2025-04-08 07:36:46 : 15485 steps taken, and 5569 accepted.
[1 : mcmc] Progress @ 2025-04-08 07:36:54 : 15356 steps taken, and 5392 accepted.
[2 : mcmc] Progress @ 2025-04-08 07:37:16 : 15519 steps taken, and 5648 accepted.
[0 : mcmc] Progress @ 2025-04-08 07:37:22 : 15252 steps taken, and 5479 accepted.
[3 : mcmc] Progress @ 2025-04-08 07:37:49 : 15503 steps taken, and 5574 accepted.
[1 : mcmc] Progress @ 2025-04-08 07:37:57 : 15374 steps taken, and 5400 accepted.
[2 : mcmc] Progress @ 2025-04-08 07:38:19 : 15538 steps taken, and 5655 accepted.
[0 : mcmc] Progress @ 2025-04-08 07:38:26 : 15279 steps taken, and 5488 accepted.
[3 : mcmc] Progress @ 2025-04-08 07:38:52 : 15524 steps taken, and 5579 accepted.
[1 : mcmc] Progress @ 2025-04-08 07:38:57 : 15392 steps taken, and 5406 accepted.
[2 : mcmc] Progress @ 2025-04-08 07:39:22 : 15556 steps taken, and 5660 accepted.
[0 : mcmc] Progress @ 2025-04-08 07:39:27 : 15298 steps taken, and 5498 accepted.
[3 : mcmc] Progress @ 2025-04-08 07:39:54 : 15545 steps taken, and 5589 accepted.
[1 : mcmc] Progress @ 2025-04-08 07:39:57 : 15411 steps taken, and 5412 accepted.
[2 : mcmc] Progress @ 2025-04-08 07:40:23 : 15575 steps taken, and 5666 accepted.
[0 : mcmc] Progress @ 2025-04-08 07:40:30 : 15317 steps taken, and 5505 accepted.
[3 : mcmc] Progress @ 2025-04-08 07:40:54 : 15563 steps taken, and 5598 accepted.
[1 : mcmc] Progress @ 2025-04-08 07:40:58 : 15430 steps taken, and 5419 accepted.
[2 : mcmc] Progress @ 2025-04-08 07:41:25 : 15593 steps taken, and 5673 accepted.
[0 : mcmc] Progress @ 2025-04-08 07:41:31 : 15340 steps taken, and 5512 accepted.
[3 : mcmc] Progress @ 2025-04-08 07:41:57 : 15581 steps taken, and 5609 accepted.
[1 : mcmc] Progress @ 2025-04-08 07:42:01 : 15448 steps taken, and 5426 accepted.
[2 : mcmc] Progress @ 2025-04-08 07:42:29 : 15612 steps taken, and 5680 accepted.
[0 : mcmc] Progress @ 2025-04-08 07:42:35 : 15360 steps taken, and 5518 accepted.
[3 : mcmc] Progress @ 2025-04-08 07:43:00 : 15599 steps taken, and 5617 accepted.
[1 : mcmc] Progress @ 2025-04-08 07:43:01 : 15466 steps taken, and 5434 accepted.
[2 : mcmc] Progress @ 2025-04-08 07:43:33 : 15632 steps taken, and 5688 accepted.
[0 : mcmc] Progress @ 2025-04-08 07:43:39 : 15378 steps taken, and 5523 accepted.
[1 : mcmc] Progress @ 2025-04-08 07:44:01 : 15485 steps taken, and 5437 accepted.
[3 : mcmc] Progress @ 2025-04-08 07:44:01 : 15620 steps taken, and 5621 accepted.
[1 : mcmc] Learn + convergence test @ 5440 samples accepted.
[1 : mcmc] Ready to check convergence and learn a new proposal covmat (waiting for the rest...)
[0 : mcmc] All chains are ready to check convergence and learn a new proposal covmat
[2 : mcmc] Progress @ 2025-04-08 07:44:37 : 15652 steps taken, and 5694 accepted.
[0 : mcmc]  - Acceptance rate: 0.363 = avg([0.3597, 0.3539, 0.3756, 0.3633])
[0 : mcmc]  - Convergence of means: R-1 = 0.019602 after 22291 accepted steps = sum([5530, 5440, 5694, 5627])
[0 : mcmc]  - Updated covariance matrix of proposal pdf.
[0 : mcmc] Progress @ 2025-04-08 07:44:45 : 15395 steps taken, and 5530 accepted.
[3 : mcmc] Progress @ 2025-04-08 07:45:03 : 15642 steps taken, and 5630 accepted.
[1 : mcmc] Progress @ 2025-04-08 07:45:04 : 15498 steps taken, and 5441 accepted.
[2 : mcmc] Progress @ 2025-04-08 07:45:37 : 15675 steps taken, and 5704 accepted.
[0 : mcmc] Progress @ 2025-04-08 07:45:45 : 15414 steps taken, and 5537 accepted.
[3 : mcmc] Progress @ 2025-04-08 07:46:05 : 15659 steps taken, and 5637 accepted.
[1 : mcmc] Progress @ 2025-04-08 07:46:05 : 15518 steps taken, and 5449 accepted.
[2 : mcmc] Progress @ 2025-04-08 07:46:41 : 15694 steps taken, and 5709 accepted.
[0 : mcmc] Progress @ 2025-04-08 07:46:46 : 15435 steps taken, and 5546 accepted.
[3 : mcmc] Progress @ 2025-04-08 07:47:05 : 15679 steps taken, and 5642 accepted.
[1 : mcmc] Progress @ 2025-04-08 07:47:09 : 15537 steps taken, and 5459 accepted.
[2 : mcmc] Progress @ 2025-04-08 07:47:43 : 15713 steps taken, and 5715 accepted.
[0 : mcmc] Progress @ 2025-04-08 07:47:47 : 15456 steps taken, and 5556 accepted.
[3 : mcmc] Progress @ 2025-04-08 07:48:07 : 15701 steps taken, and 5653 accepted.
[1 : mcmc] Progress @ 2025-04-08 07:48:09 : 15556 steps taken, and 5471 accepted.
[2 : mcmc] Progress @ 2025-04-08 07:48:46 : 15731 steps taken, and 5721 accepted.
[0 : mcmc] Progress @ 2025-04-08 07:48:48 : 15476 steps taken, and 5562 accepted.
[3 : mcmc] Progress @ 2025-04-08 07:49:07 : 15720 steps taken, and 5659 accepted.
[1 : mcmc] Progress @ 2025-04-08 07:49:12 : 15573 steps taken, and 5478 accepted.
[2 : mcmc] Progress @ 2025-04-08 07:49:47 : 15753 steps taken, and 5728 accepted.
[0 : mcmc] Progress @ 2025-04-08 07:49:52 : 15495 steps taken, and 5570 accepted.
[3 : mcmc] Progress @ 2025-04-08 07:50:10 : 15739 steps taken, and 5667 accepted.
[1 : mcmc] Progress @ 2025-04-08 07:50:13 : 15595 steps taken, and 5490 accepted.
[2 : mcmc] Progress @ 2025-04-08 07:50:47 : 15774 steps taken, and 5738 accepted.
[0 : mcmc] Progress @ 2025-04-08 07:50:55 : 15513 steps taken, and 5573 accepted.
[3 : mcmc] Progress @ 2025-04-08 07:51:10 : 15757 steps taken, and 5670 accepted.
[1 : mcmc] Progress @ 2025-04-08 07:51:15 : 15619 steps taken, and 5497 accepted.
[2 : mcmc] Progress @ 2025-04-08 07:51:50 : 15795 steps taken, and 5747 accepted.
[0 : mcmc] Progress @ 2025-04-08 07:51:58 : 15533 steps taken, and 5579 accepted.
[3 : mcmc] Progress @ 2025-04-08 07:52:13 : 15782 steps taken, and 5680 accepted.
[1 : mcmc] Progress @ 2025-04-08 07:52:15 : 15639 steps taken, and 5502 accepted.
[2 : mcmc] Progress @ 2025-04-08 07:52:51 : 15813 steps taken, and 5756 accepted.
[0 : mcmc] Progress @ 2025-04-08 07:53:01 : 15554 steps taken, and 5591 accepted.
[3 : mcmc] Progress @ 2025-04-08 07:53:14 : 15806 steps taken, and 5689 accepted.
[1 : mcmc] Progress @ 2025-04-08 07:53:18 : 15657 steps taken, and 5510 accepted.
[2 : mcmc] Learn + convergence test @ 5760 samples accepted.
[2 : mcmc] Ready to check convergence and learn a new proposal covmat (waiting for the rest...)
[2 : mcmc] Progress @ 2025-04-08 07:53:55 : 15834 steps taken, and 5761 accepted.
[0 : mcmc] Progress @ 2025-04-08 07:54:03 : 15571 steps taken, and 5599 accepted.
[3 : mcmc] Progress @ 2025-04-08 07:54:14 : 15826 steps taken, and 5696 accepted.
[1 : mcmc] Progress @ 2025-04-08 07:54:18 : 15675 steps taken, and 5515 accepted.
[2 : mcmc] Progress @ 2025-04-08 07:54:57 : 15853 steps taken, and 5768 accepted.
[0 : mcmc] Progress @ 2025-04-08 07:55:04 : 15592 steps taken, and 5606 accepted.
[3 : mcmc] Progress @ 2025-04-08 07:55:15 : 15848 steps taken, and 5704 accepted.
[1 : mcmc] Progress @ 2025-04-08 07:55:21 : 15693 steps taken, and 5520 accepted.
[2 : mcmc] Progress @ 2025-04-08 07:55:59 : 15873 steps taken, and 5774 accepted.
[0 : mcmc] Progress @ 2025-04-08 07:56:05 : 15612 steps taken, and 5615 accepted.
[3 : mcmc] Progress @ 2025-04-08 07:56:17 : 15869 steps taken, and 5708 accepted.
[1 : mcmc] Progress @ 2025-04-08 07:56:25 : 15712 steps taken, and 5526 accepted.
[2 : mcmc] Progress @ 2025-04-08 07:57:02 : 15891 steps taken, and 5777 accepted.
[0 : mcmc] Progress @ 2025-04-08 07:57:08 : 15631 steps taken, and 5622 accepted.
[3 : mcmc] Progress @ 2025-04-08 07:57:20 : 15887 steps taken, and 5717 accepted.
[1 : mcmc] Progress @ 2025-04-08 07:57:25 : 15731 steps taken, and 5535 accepted.
[2 : mcmc] Progress @ 2025-04-08 07:58:03 : 15910 steps taken, and 5784 accepted.
[0 : mcmc] Progress @ 2025-04-08 07:58:10 : 15656 steps taken, and 5628 accepted.
[3 : mcmc] Progress @ 2025-04-08 07:58:20 : 15905 steps taken, and 5724 accepted.
[1 : mcmc] Progress @ 2025-04-08 07:58:26 : 15749 steps taken, and 5543 accepted.
[2 : mcmc] Progress @ 2025-04-08 07:59:06 : 15929 steps taken, and 5793 accepted.
[0 : mcmc] Progress @ 2025-04-08 07:59:11 : 15676 steps taken, and 5634 accepted.
[3 : mcmc] Progress @ 2025-04-08 07:59:22 : 15923 steps taken, and 5731 accepted.
[1 : mcmc] Progress @ 2025-04-08 07:59:28 : 15766 steps taken, and 5549 accepted.
[2 : mcmc] Progress @ 2025-04-08 08:00:07 : 15949 steps taken, and 5798 accepted.
[0 : mcmc] Progress @ 2025-04-08 08:00:15 : 15695 steps taken, and 5641 accepted.
[3 : mcmc] Progress @ 2025-04-08 08:00:26 : 15942 steps taken, and 5740 accepted.
[1 : mcmc] Progress @ 2025-04-08 08:00:30 : 15790 steps taken, and 5556 accepted.
[2 : mcmc] Progress @ 2025-04-08 08:01:10 : 15968 steps taken, and 5803 accepted.
[0 : mcmc] Progress @ 2025-04-08 08:01:18 : 15713 steps taken, and 5646 accepted.
[3 : mcmc] Progress @ 2025-04-08 08:01:28 : 15963 steps taken, and 5749 accepted.
[1 : mcmc] Progress @ 2025-04-08 08:01:31 : 15806 steps taken, and 5568 accepted.
[2 : mcmc] Progress @ 2025-04-08 08:02:14 : 15987 steps taken, and 5810 accepted.
[0 : mcmc] Progress @ 2025-04-08 08:02:19 : 15732 steps taken, and 5652 accepted.
[3 : mcmc] Progress @ 2025-04-08 08:02:30 : 15991 steps taken, and 5757 accepted.
[1 : mcmc] Progress @ 2025-04-08 08:02:33 : 15828 steps taken, and 5577 accepted.
[3 : mcmc] Learn + convergence test @ 5760 samples accepted.
[3 : mcmc] Ready to check convergence and learn a new proposal covmat (waiting for the rest...)
[2 : mcmc] Progress @ 2025-04-08 08:03:16 : 16005 steps taken, and 5819 accepted.
[0 : mcmc] Progress @ 2025-04-08 08:03:21 : 15750 steps taken, and 5658 accepted.
[3 : mcmc] Progress @ 2025-04-08 08:03:30 : 16010 steps taken, and 5766 accepted.
[1 : mcmc] Progress @ 2025-04-08 08:03:34 : 15850 steps taken, and 5583 accepted.
[2 : mcmc] Progress @ 2025-04-08 08:04:19 : 16034 steps taken, and 5828 accepted.
[0 : mcmc] Progress @ 2025-04-08 08:04:21 : 15768 steps taken, and 5664 accepted.
[3 : mcmc] Progress @ 2025-04-08 08:04:34 : 16028 steps taken, and 5770 accepted.
[1 : mcmc] Progress @ 2025-04-08 08:04:35 : 15875 steps taken, and 5590 accepted.
[0 : mcmc] Progress @ 2025-04-08 08:05:22 : 15788 steps taken, and 5677 accepted.
[2 : mcmc] Progress @ 2025-04-08 08:05:23 : 16055 steps taken, and 5837 accepted.
[3 : mcmc] Progress @ 2025-04-08 08:05:37 : 16047 steps taken, and 5779 accepted.
[1 : mcmc] Progress @ 2025-04-08 08:05:38 : 15900 steps taken, and 5602 accepted.
[0 : mcmc] Progress @ 2025-04-08 08:06:22 : 15810 steps taken, and 5684 accepted.
[2 : mcmc] Progress @ 2025-04-08 08:06:24 : 16076 steps taken, and 5841 accepted.
[3 : mcmc] Progress @ 2025-04-08 08:06:38 : 16070 steps taken, and 5785 accepted.
[1 : mcmc] Progress @ 2025-04-08 08:06:40 : 15918 steps taken, and 5609 accepted.
[0 : mcmc] Progress @ 2025-04-08 08:07:25 : 15828 steps taken, and 5690 accepted.
[2 : mcmc] Progress @ 2025-04-08 08:07:25 : 16093 steps taken, and 5846 accepted.
[3 : mcmc] Progress @ 2025-04-08 08:07:39 : 16092 steps taken, and 5793 accepted.
[1 : mcmc] Progress @ 2025-04-08 08:07:42 : 15938 steps taken, and 5618 accepted.
[0 : mcmc] Progress @ 2025-04-08 08:08:26 : 15846 steps taken, and 5693 accepted.
[2 : mcmc] Progress @ 2025-04-08 08:08:26 : 16113 steps taken, and 5856 accepted.
[3 : mcmc] Progress @ 2025-04-08 08:08:39 : 16113 steps taken, and 5801 accepted.
[1 : mcmc] Progress @ 2025-04-08 08:08:45 : 15956 steps taken, and 5621 accepted.
[0 : mcmc] Progress @ 2025-04-08 08:09:26 : 15866 steps taken, and 5699 accepted.
[2 : mcmc] Progress @ 2025-04-08 08:09:29 : 16131 steps taken, and 5865 accepted.
[3 : mcmc] Progress @ 2025-04-08 08:09:40 : 16132 steps taken, and 5808 accepted.
[1 : mcmc] Progress @ 2025-04-08 08:09:46 : 15975 steps taken, and 5625 accepted.
[0 : mcmc] Progress @ 2025-04-08 08:10:29 : 15894 steps taken, and 5708 accepted.
[2 : mcmc] Progress @ 2025-04-08 08:10:30 : 16150 steps taken, and 5874 accepted.
[3 : mcmc] Progress @ 2025-04-08 08:10:42 : 16149 steps taken, and 5814 accepted.
[1 : mcmc] Progress @ 2025-04-08 08:10:49 : 15993 steps taken, and 5632 accepted.
[0 : mcmc] Progress @ 2025-04-08 08:11:32 : 15913 steps taken, and 5715 accepted.
[2 : mcmc] Progress @ 2025-04-08 08:11:33 : 16169 steps taken, and 5880 accepted.
[3 : mcmc] Progress @ 2025-04-08 08:11:43 : 16169 steps taken, and 5820 accepted.
[1 : mcmc] Progress @ 2025-04-08 08:11:53 : 16012 steps taken, and 5637 accepted.
[2 : mcmc] Progress @ 2025-04-08 08:12:33 : 16188 steps taken, and 5886 accepted.
[0 : mcmc] Progress @ 2025-04-08 08:12:34 : 15935 steps taken, and 5724 accepted.
[3 : mcmc] Progress @ 2025-04-08 08:12:46 : 16187 steps taken, and 5825 accepted.
[1 : mcmc] Progress @ 2025-04-08 08:12:56 : 16030 steps taken, and 5645 accepted.
[2 : mcmc] Progress @ 2025-04-08 08:13:36 : 16206 steps taken, and 5893 accepted.
[0 : mcmc] Progress @ 2025-04-08 08:13:37 : 15953 steps taken, and 5731 accepted.
[3 : mcmc] Progress @ 2025-04-08 08:13:50 : 16206 steps taken, and 5837 accepted.
[1 : mcmc] Progress @ 2025-04-08 08:13:56 : 16049 steps taken, and 5652 accepted.
[0 : mcmc] Progress @ 2025-04-08 08:14:38 : 15975 steps taken, and 5738 accepted.
[2 : mcmc] Progress @ 2025-04-08 08:14:40 : 16228 steps taken, and 5902 accepted.
[3 : mcmc] Progress @ 2025-04-08 08:14:52 : 16228 steps taken, and 5844 accepted.
[1 : mcmc] Progress @ 2025-04-08 08:14:59 : 16067 steps taken, and 5659 accepted.
[0 : mcmc] Progress @ 2025-04-08 08:15:39 : 15995 steps taken, and 5748 accepted.
[2 : mcmc] Progress @ 2025-04-08 08:15:43 : 16246 steps taken, and 5908 accepted.
[3 : mcmc] Progress @ 2025-04-08 08:15:52 : 16246 steps taken, and 5849 accepted.
[1 : mcmc] Progress @ 2025-04-08 08:16:01 : 16089 steps taken, and 5665 accepted.
[0 : mcmc] Progress @ 2025-04-08 08:16:39 : 16014 steps taken, and 5758 accepted.
[2 : mcmc] Progress @ 2025-04-08 08:16:47 : 16265 steps taken, and 5914 accepted.
[0 : mcmc] Learn + convergence test @ 5760 samples accepted.
[0 : mcmc] Ready to check convergence and learn a new proposal covmat (waiting for the rest...)
[3 : mcmc] Progress @ 2025-04-08 08:16:55 : 16264 steps taken, and 5861 accepted.
[1 : mcmc] Progress @ 2025-04-08 08:17:01 : 16110 steps taken, and 5673 accepted.
[0 : mcmc] Progress @ 2025-04-08 08:17:42 : 16034 steps taken, and 5765 accepted.
[2 : mcmc] Progress @ 2025-04-08 08:17:51 : 16284 steps taken, and 5919 accepted.
[3 : mcmc] Progress @ 2025-04-08 08:17:56 : 16286 steps taken, and 5868 accepted.
[1 : mcmc] Progress @ 2025-04-08 08:18:02 : 16128 steps taken, and 5680 accepted.
[0 : mcmc] Progress @ 2025-04-08 08:18:44 : 16053 steps taken, and 5774 accepted.
[2 : mcmc] Progress @ 2025-04-08 08:18:55 : 16303 steps taken, and 5925 accepted.
[3 : mcmc] Progress @ 2025-04-08 08:18:56 : 16305 steps taken, and 5877 accepted.
[1 : mcmc] Progress @ 2025-04-08 08:19:02 : 16150 steps taken, and 5691 accepted.
[0 : mcmc] Progress @ 2025-04-08 08:19:44 : 16073 steps taken, and 5782 accepted.
[2 : mcmc] Progress @ 2025-04-08 08:19:58 : 16323 steps taken, and 5935 accepted.
[3 : mcmc] Progress @ 2025-04-08 08:19:59 : 16323 steps taken, and 5880 accepted.
[1 : mcmc] Progress @ 2025-04-08 08:20:06 : 16169 steps taken, and 5703 accepted.
[0 : mcmc] Progress @ 2025-04-08 08:20:46 : 16090 steps taken, and 5786 accepted.
[3 : mcmc] Progress @ 2025-04-08 08:20:59 : 16342 steps taken, and 5886 accepted.
[2 : mcmc] Progress @ 2025-04-08 08:21:01 : 16341 steps taken, and 5942 accepted.
[1 : mcmc] Progress @ 2025-04-08 08:21:06 : 16187 steps taken, and 5712 accepted.
[0 : mcmc] Progress @ 2025-04-08 08:21:46 : 16108 steps taken, and 5795 accepted.
[3 : mcmc] Progress @ 2025-04-08 08:22:01 : 16363 steps taken, and 5893 accepted.
[2 : mcmc] Progress @ 2025-04-08 08:22:03 : 16366 steps taken, and 5946 accepted.
[1 : mcmc] Progress @ 2025-04-08 08:22:06 : 16205 steps taken, and 5722 accepted.
[0 : mcmc] Progress @ 2025-04-08 08:22:49 : 16125 steps taken, and 5802 accepted.
[3 : mcmc] Progress @ 2025-04-08 08:23:01 : 16381 steps taken, and 5899 accepted.
[2 : mcmc] Progress @ 2025-04-08 08:23:04 : 16392 steps taken, and 5956 accepted.
[1 : mcmc] Progress @ 2025-04-08 08:23:10 : 16224 steps taken, and 5727 accepted.
[0 : mcmc] Progress @ 2025-04-08 08:23:49 : 16143 steps taken, and 5808 accepted.
[3 : mcmc] Progress @ 2025-04-08 08:24:02 : 16397 steps taken, and 5908 accepted.
[2 : mcmc] Progress @ 2025-04-08 08:24:08 : 16411 steps taken, and 5965 accepted.
[1 : mcmc] Progress @ 2025-04-08 08:24:13 : 16243 steps taken, and 5734 accepted.
[0 : mcmc] Progress @ 2025-04-08 08:24:49 : 16162 steps taken, and 5814 accepted.
[3 : mcmc] Progress @ 2025-04-08 08:25:04 : 16419 steps taken, and 5914 accepted.
[2 : mcmc] Progress @ 2025-04-08 08:25:12 : 16432 steps taken, and 5979 accepted.
[1 : mcmc] Progress @ 2025-04-08 08:25:14 : 16262 steps taken, and 5739 accepted.
[0 : mcmc] Progress @ 2025-04-08 08:25:51 : 16179 steps taken, and 5820 accepted.
[3 : mcmc] Progress @ 2025-04-08 08:26:07 : 16437 steps taken, and 5923 accepted.
[2 : mcmc] Progress @ 2025-04-08 08:26:15 : 16450 steps taken, and 5987 accepted.
[1 : mcmc] Progress @ 2025-04-08 08:26:15 : 16284 steps taken, and 5743 accepted.
[0 : mcmc] Progress @ 2025-04-08 08:26:53 : 16199 steps taken, and 5823 accepted.
[3 : mcmc] Progress @ 2025-04-08 08:27:08 : 16455 steps taken, and 5932 accepted.
[2 : mcmc] Progress @ 2025-04-08 08:27:17 : 16468 steps taken, and 5995 accepted.
[1 : mcmc] Progress @ 2025-04-08 08:27:19 : 16302 steps taken, and 5751 accepted.
[0 : mcmc] Progress @ 2025-04-08 08:27:53 : 16217 steps taken, and 5830 accepted.
[3 : mcmc] Progress @ 2025-04-08 08:28:08 : 16475 steps taken, and 5937 accepted.
[1 : mcmc] Learn + convergence test @ 5760 samples accepted.
[1 : mcmc] Ready to check convergence and learn a new proposal covmat (waiting for the rest...)
[2 : mcmc] Progress @ 2025-04-08 08:28:18 : 16487 steps taken, and 6002 accepted.
[0 : mcmc] All chains are ready to check convergence and learn a new proposal covmat
[0 : mcmc]  - Acceptance rate: 0.364 = avg([0.3614, 0.3573, 0.3754, 0.3628])
[0 : mcmc]  - Convergence of means: R-1 = 0.021609 after 23538 accepted steps = sum([5835, 5760, 6003, 5940])
[0 : mcmc]  - Updated covariance matrix of proposal pdf.
[1 : mcmc] Progress @ 2025-04-08 08:28:47 : 16325 steps taken, and 5761 accepted.
[0 : mcmc] Progress @ 2025-04-08 08:28:55 : 16234 steps taken, and 5835 accepted.
[3 : mcmc] Progress @ 2025-04-08 08:29:09 : 16487 steps taken, and 5943 accepted.
[2 : mcmc] Progress @ 2025-04-08 08:29:20 : 16502 steps taken, and 6010 accepted.
[1 : mcmc] Progress @ 2025-04-08 08:29:50 : 16343 steps taken, and 5767 accepted.
[0 : mcmc] Progress @ 2025-04-08 08:29:56 : 16253 steps taken, and 5846 accepted.
[3 : mcmc] Progress @ 2025-04-08 08:30:10 : 16506 steps taken, and 5952 accepted.
[2 : mcmc] Progress @ 2025-04-08 08:30:21 : 16524 steps taken, and 6019 accepted.
[1 : mcmc] Progress @ 2025-04-08 08:30:53 : 16361 steps taken, and 5774 accepted.
[0 : mcmc] Progress @ 2025-04-08 08:30:58 : 16270 steps taken, and 5852 accepted.
[3 : mcmc] Progress @ 2025-04-08 08:31:13 : 16525 steps taken, and 5958 accepted.
[2 : mcmc] Progress @ 2025-04-08 08:31:24 : 16545 steps taken, and 6026 accepted.
[1 : mcmc] Progress @ 2025-04-08 08:31:53 : 16380 steps taken, and 5780 accepted.
[0 : mcmc] Progress @ 2025-04-08 08:31:59 : 16289 steps taken, and 5861 accepted.
[3 : mcmc] Progress @ 2025-04-08 08:32:13 : 16544 steps taken, and 5966 accepted.
[2 : mcmc] Progress @ 2025-04-08 08:32:25 : 16568 steps taken, and 6036 accepted.
[1 : mcmc] Progress @ 2025-04-08 08:32:54 : 16398 steps taken, and 5791 accepted.
[0 : mcmc] Progress @ 2025-04-08 08:33:00 : 16315 steps taken, and 5867 accepted.
[3 : mcmc] Progress @ 2025-04-08 08:33:17 : 16562 steps taken, and 5971 accepted.
[2 : mcmc] Progress @ 2025-04-08 08:33:29 : 16591 steps taken, and 6042 accepted.
[1 : mcmc] Progress @ 2025-04-08 08:33:57 : 16416 steps taken, and 5793 accepted.
[0 : mcmc] Progress @ 2025-04-08 08:34:01 : 16346 steps taken, and 5881 accepted.
[3 : mcmc] Progress @ 2025-04-08 08:34:17 : 16581 steps taken, and 5980 accepted.
[2 : mcmc] Progress @ 2025-04-08 08:34:33 : 16610 steps taken, and 6053 accepted.
[1 : mcmc] Progress @ 2025-04-08 08:35:00 : 16436 steps taken, and 5798 accepted.
[0 : mcmc] Progress @ 2025-04-08 08:35:02 : 16372 steps taken, and 5890 accepted.
[3 : mcmc] Progress @ 2025-04-08 08:35:21 : 16600 steps taken, and 5988 accepted.
[2 : mcmc] Progress @ 2025-04-08 08:35:34 : 16629 steps taken, and 6058 accepted.
[0 : mcmc] Progress @ 2025-04-08 08:36:02 : 16392 steps taken, and 5896 accepted.
[1 : mcmc] Progress @ 2025-04-08 08:36:03 : 16458 steps taken, and 5802 accepted.
[3 : mcmc] Progress @ 2025-04-08 08:36:24 : 16618 steps taken, and 5994 accepted.
[2 : mcmc] Progress @ 2025-04-08 08:36:34 : 16645 steps taken, and 6062 accepted.
[0 : mcmc] Progress @ 2025-04-08 08:37:03 : 16412 steps taken, and 5905 accepted.
[1 : mcmc] Progress @ 2025-04-08 08:37:03 : 16476 steps taken, and 5807 accepted.
[3 : mcmc] Progress @ 2025-04-08 08:37:24 : 16637 steps taken, and 5998 accepted.
[2 : mcmc] Progress @ 2025-04-08 08:37:35 : 16665 steps taken, and 6068 accepted.
[0 : mcmc] Progress @ 2025-04-08 08:38:04 : 16435 steps taken, and 5911 accepted.
[1 : mcmc] Progress @ 2025-04-08 08:38:06 : 16494 steps taken, and 5814 accepted.
[3 : mcmc] Progress @ 2025-04-08 08:38:25 : 16658 steps taken, and 6005 accepted.
[2 : mcmc] Progress @ 2025-04-08 08:38:38 : 16683 steps taken, and 6074 accepted.
[0 : mcmc] Progress @ 2025-04-08 08:39:05 : 16454 steps taken, and 5915 accepted.
[1 : mcmc] Progress @ 2025-04-08 08:39:08 : 16511 steps taken, and 5816 accepted.
[3 : mcmc] Progress @ 2025-04-08 08:39:25 : 16679 steps taken, and 6015 accepted.
[2 : mcmc] Learn + convergence test @ 6080 samples accepted.
[2 : mcmc] Ready to check convergence and learn a new proposal covmat (waiting for the rest...)
[2 : mcmc] Progress @ 2025-04-08 08:39:39 : 16702 steps taken, and 6081 accepted.
[0 : mcmc] Progress @ 2025-04-08 08:40:08 : 16472 steps taken, and 5922 accepted.
[1 : mcmc] Progress @ 2025-04-08 08:40:10 : 16530 steps taken, and 5822 accepted.
[3 : mcmc] Progress @ 2025-04-08 08:40:29 : 16698 steps taken, and 6024 accepted.
[2 : mcmc] Progress @ 2025-04-08 08:40:42 : 16721 steps taken, and 6089 accepted.
[0 : mcmc] Progress @ 2025-04-08 08:41:09 : 16493 steps taken, and 5930 accepted.
[1 : mcmc] Progress @ 2025-04-08 08:41:10 : 16549 steps taken, and 5825 accepted.
[3 : mcmc] Progress @ 2025-04-08 08:41:32 : 16716 steps taken, and 6030 accepted.
[2 : mcmc] Progress @ 2025-04-08 08:41:43 : 16742 steps taken, and 6095 accepted.
[0 : mcmc] Progress @ 2025-04-08 08:42:10 : 16509 steps taken, and 5941 accepted.
[1 : mcmc] Progress @ 2025-04-08 08:42:12 : 16566 steps taken, and 5835 accepted.
[3 : mcmc] Progress @ 2025-04-08 08:42:33 : 16735 steps taken, and 6035 accepted.
[2 : mcmc] Progress @ 2025-04-08 08:42:45 : 16760 steps taken, and 6106 accepted.
[1 : mcmc] Progress @ 2025-04-08 08:43:12 : 16585 steps taken, and 5842 accepted.
[0 : mcmc] Progress @ 2025-04-08 08:43:13 : 16531 steps taken, and 5952 accepted.
[3 : mcmc] Progress @ 2025-04-08 08:43:36 : 16755 steps taken, and 6042 accepted.
[2 : mcmc] Progress @ 2025-04-08 08:43:49 : 16779 steps taken, and 6116 accepted.
[1 : mcmc] Progress @ 2025-04-08 08:44:12 : 16603 steps taken, and 5852 accepted.
[0 : mcmc] Progress @ 2025-04-08 08:44:15 : 16548 steps taken, and 5958 accepted.
[3 : mcmc] Progress @ 2025-04-08 08:44:38 : 16775 steps taken, and 6048 accepted.
[2 : mcmc] Progress @ 2025-04-08 08:44:52 : 16797 steps taken, and 6122 accepted.
[1 : mcmc] Progress @ 2025-04-08 08:45:12 : 16622 steps taken, and 5859 accepted.
[0 : mcmc] Progress @ 2025-04-08 08:45:16 : 16567 steps taken, and 5969 accepted.
[3 : mcmc] Progress @ 2025-04-08 08:45:41 : 16794 steps taken, and 6055 accepted.
[2 : mcmc] Progress @ 2025-04-08 08:45:55 : 16816 steps taken, and 6131 accepted.
[1 : mcmc] Progress @ 2025-04-08 08:46:16 : 16640 steps taken, and 5866 accepted.
[0 : mcmc] Progress @ 2025-04-08 08:46:16 : 16585 steps taken, and 5978 accepted.
[3 : mcmc] Progress @ 2025-04-08 08:46:42 : 16815 steps taken, and 6063 accepted.
[2 : mcmc] Progress @ 2025-04-08 08:46:58 : 16835 steps taken, and 6137 accepted.
[1 : mcmc] Progress @ 2025-04-08 08:47:19 : 16659 steps taken, and 5874 accepted.
[0 : mcmc] Progress @ 2025-04-08 08:47:20 : 16604 steps taken, and 5985 accepted.
[3 : mcmc] Progress @ 2025-04-08 08:47:46 : 16835 steps taken, and 6072 accepted.
[2 : mcmc] Progress @ 2025-04-08 08:47:59 : 16856 steps taken, and 6144 accepted.
[0 : mcmc] Progress @ 2025-04-08 08:48:20 : 16622 steps taken, and 5991 accepted.
[1 : mcmc] Progress @ 2025-04-08 08:48:21 : 16679 steps taken, and 5882 accepted.
[3 : mcmc] Learn + convergence test @ 6080 samples accepted.
[3 : mcmc] Ready to check convergence and learn a new proposal covmat (waiting for the rest...)
[3 : mcmc] Progress @ 2025-04-08 08:48:48 : 16860 steps taken, and 6084 accepted.
[2 : mcmc] Progress @ 2025-04-08 08:49:02 : 16875 steps taken, and 6153 accepted.
[0 : mcmc] Progress @ 2025-04-08 08:49:23 : 16641 steps taken, and 5999 accepted.
[1 : mcmc] Progress @ 2025-04-08 08:49:24 : 16697 steps taken, and 5886 accepted.
[3 : mcmc] Progress @ 2025-04-08 08:49:49 : 16886 steps taken, and 6090 accepted.
[2 : mcmc] Progress @ 2025-04-08 08:50:03 : 16895 steps taken, and 6158 accepted.
[1 : mcmc] Progress @ 2025-04-08 08:50:24 : 16715 steps taken, and 5888 accepted.
[0 : mcmc] Progress @ 2025-04-08 08:50:24 : 16661 steps taken, and 6005 accepted.
[3 : mcmc] Progress @ 2025-04-08 08:50:51 : 16906 steps taken, and 6100 accepted.
[2 : mcmc] Progress @ 2025-04-08 08:51:06 : 16914 steps taken, and 6160 accepted.
[1 : mcmc] Progress @ 2025-04-08 08:51:24 : 16735 steps taken, and 5898 accepted.
[0 : mcmc] Progress @ 2025-04-08 08:51:26 : 16678 steps taken, and 6011 accepted.
[3 : mcmc] Progress @ 2025-04-08 08:51:54 : 16924 steps taken, and 6108 accepted.
[2 : mcmc] Progress @ 2025-04-08 08:52:10 : 16933 steps taken, and 6168 accepted.
[1 : mcmc] Progress @ 2025-04-08 08:52:24 : 16753 steps taken, and 5909 accepted.
[0 : mcmc] Progress @ 2025-04-08 08:52:28 : 16698 steps taken, and 6017 accepted.
[3 : mcmc] Progress @ 2025-04-08 08:52:56 : 16941 steps taken, and 6112 accepted.
[2 : mcmc] Progress @ 2025-04-08 08:53:14 : 16952 steps taken, and 6174 accepted.
[1 : mcmc] Progress @ 2025-04-08 08:53:27 : 16771 steps taken, and 5916 accepted.
[0 : mcmc] Progress @ 2025-04-08 08:53:28 : 16716 steps taken, and 6027 accepted.
[3 : mcmc] Progress @ 2025-04-08 08:53:58 : 16960 steps taken, and 6124 accepted.
[2 : mcmc] Progress @ 2025-04-08 08:54:18 : 16971 steps taken, and 6179 accepted.
[1 : mcmc] Progress @ 2025-04-08 08:54:30 : 16789 steps taken, and 5922 accepted.
[0 : mcmc] Progress @ 2025-04-08 08:54:31 : 16734 steps taken, and 6031 accepted.
[3 : mcmc] Progress @ 2025-04-08 08:55:01 : 16978 steps taken, and 6128 accepted.
[2 : mcmc] Progress @ 2025-04-08 08:55:22 : 16990 steps taken, and 6183 accepted.
[1 : mcmc] Progress @ 2025-04-08 08:55:31 : 16807 steps taken, and 5930 accepted.
[0 : mcmc] Progress @ 2025-04-08 08:55:34 : 16752 steps taken, and 6039 accepted.
[3 : mcmc] Progress @ 2025-04-08 08:56:01 : 16996 steps taken, and 6135 accepted.
[2 : mcmc] Progress @ 2025-04-08 08:56:24 : 17007 steps taken, and 6193 accepted.
[1 : mcmc] Progress @ 2025-04-08 08:56:34 : 16826 steps taken, and 5935 accepted.
[0 : mcmc] Progress @ 2025-04-08 08:56:34 : 16770 steps taken, and 6046 accepted.
[3 : mcmc] Progress @ 2025-04-08 08:57:01 : 17014 steps taken, and 6146 accepted.
[2 : mcmc] Progress @ 2025-04-08 08:57:24 : 17026 steps taken, and 6200 accepted.
[1 : mcmc] Progress @ 2025-04-08 08:57:35 : 16846 steps taken, and 5942 accepted.
[0 : mcmc] Progress @ 2025-04-08 08:57:36 : 16788 steps taken, and 6050 accepted.
[3 : mcmc] Progress @ 2025-04-08 08:58:05 : 17033 steps taken, and 6152 accepted.
[2 : mcmc] Progress @ 2025-04-08 08:58:26 : 17043 steps taken, and 6208 accepted.
[0 : mcmc] Progress @ 2025-04-08 08:58:38 : 16807 steps taken, and 6054 accepted.
[1 : mcmc] Progress @ 2025-04-08 08:58:38 : 16864 steps taken, and 5948 accepted.
[3 : mcmc] Progress @ 2025-04-08 08:59:08 : 17051 steps taken, and 6160 accepted.
[2 : mcmc] Progress @ 2025-04-08 08:59:30 : 17063 steps taken, and 6217 accepted.
[0 : mcmc] Progress @ 2025-04-08 08:59:38 : 16826 steps taken, and 6060 accepted.
[1 : mcmc] Progress @ 2025-04-08 08:59:38 : 16883 steps taken, and 5953 accepted.
[3 : mcmc] Progress @ 2025-04-08 09:00:08 : 17070 steps taken, and 6165 accepted.
[2 : mcmc] Progress @ 2025-04-08 09:00:31 : 17082 steps taken, and 6225 accepted.
[1 : mcmc] Progress @ 2025-04-08 09:00:39 : 16901 steps taken, and 5958 accepted.
[0 : mcmc] Progress @ 2025-04-08 09:00:41 : 16845 steps taken, and 6067 accepted.
[3 : mcmc] Progress @ 2025-04-08 09:01:08 : 17088 steps taken, and 6171 accepted.
[2 : mcmc] Progress @ 2025-04-08 09:01:34 : 17102 steps taken, and 6229 accepted.
[0 : mcmc] Progress @ 2025-04-08 09:01:41 : 16863 steps taken, and 6073 accepted.
[1 : mcmc] Progress @ 2025-04-08 09:01:42 : 16919 steps taken, and 5964 accepted.
[3 : mcmc] Progress @ 2025-04-08 09:02:11 : 17106 steps taken, and 6178 accepted.
[2 : mcmc] Progress @ 2025-04-08 09:02:38 : 17121 steps taken, and 6234 accepted.
[0 : mcmc] Progress @ 2025-04-08 09:02:42 : 16885 steps taken, and 6079 accepted.
[1 : mcmc] Progress @ 2025-04-08 09:02:45 : 16937 steps taken, and 5973 accepted.
[0 : mcmc] Learn + convergence test @ 6080 samples accepted.
[0 : mcmc] Ready to check convergence and learn a new proposal covmat (waiting for the rest...)
[3 : mcmc] Progress @ 2025-04-08 09:03:15 : 17126 steps taken, and 6185 accepted.
[2 : mcmc] Progress @ 2025-04-08 09:03:42 : 17143 steps taken, and 6242 accepted.
[0 : mcmc] Progress @ 2025-04-08 09:03:45 : 16902 steps taken, and 6089 accepted.
[1 : mcmc] Progress @ 2025-04-08 09:03:45 : 16955 steps taken, and 5980 accepted.
[3 : mcmc] Progress @ 2025-04-08 09:04:15 : 17144 steps taken, and 6190 accepted.
[0 : mcmc] Progress @ 2025-04-08 09:04:45 : 16920 steps taken, and 6099 accepted.
[2 : mcmc] Progress @ 2025-04-08 09:04:46 : 17162 steps taken, and 6249 accepted.
[1 : mcmc] Progress @ 2025-04-08 09:04:48 : 16973 steps taken, and 5985 accepted.
[3 : mcmc] Progress @ 2025-04-08 09:05:19 : 17163 steps taken, and 6199 accepted.
[0 : mcmc] Progress @ 2025-04-08 09:05:45 : 16939 steps taken, and 6106 accepted.
[1 : mcmc] Progress @ 2025-04-08 09:05:49 : 16991 steps taken, and 5989 accepted.
[2 : mcmc] Progress @ 2025-04-08 09:05:50 : 17181 steps taken, and 6253 accepted.
[3 : mcmc] Progress @ 2025-04-08 09:06:24 : 17182 steps taken, and 6208 accepted.
[0 : mcmc] Progress @ 2025-04-08 09:06:45 : 16958 steps taken, and 6115 accepted.
[1 : mcmc] Progress @ 2025-04-08 09:06:52 : 17009 steps taken, and 5995 accepted.
[2 : mcmc] Progress @ 2025-04-08 09:06:54 : 17200 steps taken, and 6260 accepted.
[3 : mcmc] Progress @ 2025-04-08 09:07:27 : 17200 steps taken, and 6217 accepted.
[0 : mcmc] Progress @ 2025-04-08 09:07:48 : 16976 steps taken, and 6119 accepted.
[1 : mcmc] Progress @ 2025-04-08 09:07:55 : 17028 steps taken, and 6004 accepted.
[2 : mcmc] Progress @ 2025-04-08 09:07:56 : 17218 steps taken, and 6264 accepted.
[3 : mcmc] Progress @ 2025-04-08 09:08:30 : 17220 steps taken, and 6226 accepted.
[0 : mcmc] Progress @ 2025-04-08 09:08:49 : 16994 steps taken, and 6124 accepted.
[1 : mcmc] Progress @ 2025-04-08 09:08:55 : 17046 steps taken, and 6010 accepted.
[2 : mcmc] Progress @ 2025-04-08 09:09:00 : 17237 steps taken, and 6268 accepted.
[3 : mcmc] Progress @ 2025-04-08 09:09:30 : 17238 steps taken, and 6232 accepted.
[0 : mcmc] Progress @ 2025-04-08 09:09:49 : 17013 steps taken, and 6126 accepted.
[1 : mcmc] Progress @ 2025-04-08 09:09:55 : 17064 steps taken, and 6017 accepted.
[2 : mcmc] Progress @ 2025-04-08 09:10:00 : 17260 steps taken, and 6278 accepted.
[3 : mcmc] Progress @ 2025-04-08 09:10:32 : 17261 steps taken, and 6237 accepted.
[0 : mcmc] Progress @ 2025-04-08 09:10:50 : 17029 steps taken, and 6132 accepted.
[1 : mcmc] Progress @ 2025-04-08 09:10:57 : 17085 steps taken, and 6025 accepted.
[2 : mcmc] Progress @ 2025-04-08 09:11:01 : 17280 steps taken, and 6282 accepted.
[3 : mcmc] Progress @ 2025-04-08 09:11:34 : 17288 steps taken, and 6246 accepted.
[0 : mcmc] Progress @ 2025-04-08 09:11:51 : 17048 steps taken, and 6139 accepted.
[1 : mcmc] Progress @ 2025-04-08 09:11:59 : 17102 steps taken, and 6034 accepted.
[2 : mcmc] Progress @ 2025-04-08 09:12:04 : 17299 steps taken, and 6289 accepted.
[3 : mcmc] Progress @ 2025-04-08 09:12:35 : 17308 steps taken, and 6254 accepted.
[0 : mcmc] Progress @ 2025-04-08 09:12:54 : 17066 steps taken, and 6147 accepted.
[1 : mcmc] Progress @ 2025-04-08 09:13:00 : 17121 steps taken, and 6042 accepted.
[2 : mcmc] Progress @ 2025-04-08 09:13:08 : 17317 steps taken, and 6297 accepted.
[3 : mcmc] Progress @ 2025-04-08 09:13:38 : 17328 steps taken, and 6261 accepted.
[0 : mcmc] Progress @ 2025-04-08 09:13:56 : 17088 steps taken, and 6153 accepted.
[1 : mcmc] Progress @ 2025-04-08 09:14:03 : 17139 steps taken, and 6049 accepted.
[2 : mcmc] Progress @ 2025-04-08 09:14:12 : 17338 steps taken, and 6306 accepted.
[3 : mcmc] Progress @ 2025-04-08 09:14:42 : 17346 steps taken, and 6273 accepted.
[0 : mcmc] Progress @ 2025-04-08 09:14:56 : 17107 steps taken, and 6163 accepted.
[1 : mcmc] Progress @ 2025-04-08 09:15:03 : 17158 steps taken, and 6057 accepted.
[2 : mcmc] Progress @ 2025-04-08 09:15:13 : 17358 steps taken, and 6313 accepted.
[3 : mcmc] Progress @ 2025-04-08 09:15:45 : 17364 steps taken, and 6280 accepted.
[0 : mcmc] Progress @ 2025-04-08 09:15:56 : 17126 steps taken, and 6168 accepted.
[1 : mcmc] Progress @ 2025-04-08 09:16:03 : 17176 steps taken, and 6064 accepted.
[2 : mcmc] Progress @ 2025-04-08 09:16:16 : 17376 steps taken, and 6320 accepted.
[3 : mcmc] Progress @ 2025-04-08 09:16:46 : 17384 steps taken, and 6288 accepted.
[0 : mcmc] Progress @ 2025-04-08 09:16:59 : 17144 steps taken, and 6179 accepted.
[1 : mcmc] Progress @ 2025-04-08 09:17:03 : 17196 steps taken, and 6071 accepted.
[2 : mcmc] Progress @ 2025-04-08 09:17:17 : 17396 steps taken, and 6328 accepted.
[3 : mcmc] Progress @ 2025-04-08 09:17:49 : 17403 steps taken, and 6295 accepted.
[0 : mcmc] Progress @ 2025-04-08 09:18:02 : 17163 steps taken, and 6182 accepted.
[1 : mcmc] Progress @ 2025-04-08 09:18:04 : 17215 steps taken, and 6076 accepted.
[2 : mcmc] Progress @ 2025-04-08 09:18:17 : 17413 steps taken, and 6335 accepted.
[1 : mcmc] Learn + convergence test @ 6080 samples accepted.
[1 : mcmc] Ready to check convergence and learn a new proposal covmat (waiting for the rest...)
[0 : mcmc] All chains are ready to check convergence and learn a new proposal covmat
[3 : mcmc] Progress @ 2025-04-08 09:18:50 : 17423 steps taken, and 6300 accepted.
[0 : mcmc]  - Acceptance rate: 0.365 = avg([0.3623, 0.3586, 0.3731, 0.3652])
[0 : mcmc]  - Convergence of means: R-1 = 0.016586 after 24909 accepted steps = sum([6191, 6080, 6337, 6301])
[0 : mcmc]  - Updated covariance matrix of proposal pdf.
[0 : mcmc] Progress @ 2025-04-08 09:19:04 : 17178 steps taken, and 6191 accepted.
[1 : mcmc] Progress @ 2025-04-08 09:19:04 : 17224 steps taken, and 6080 accepted.
[2 : mcmc] Progress @ 2025-04-08 09:19:21 : 17428 steps taken, and 6341 accepted.
[3 : mcmc] Progress @ 2025-04-08 09:19:54 : 17441 steps taken, and 6305 accepted.
[0 : mcmc] Progress @ 2025-04-08 09:20:06 : 17200 steps taken, and 6197 accepted.
[1 : mcmc] Progress @ 2025-04-08 09:20:08 : 17242 steps taken, and 6086 accepted.
[2 : mcmc] Progress @ 2025-04-08 09:20:24 : 17449 steps taken, and 6350 accepted.
[3 : mcmc] Progress @ 2025-04-08 09:20:54 : 17463 steps taken, and 6313 accepted.
[1 : mcmc] Progress @ 2025-04-08 09:21:08 : 17260 steps taken, and 6096 accepted.
[0 : mcmc] Progress @ 2025-04-08 09:21:08 : 17231 steps taken, and 6205 accepted.
[2 : mcmc] Progress @ 2025-04-08 09:21:25 : 17471 steps taken, and 6355 accepted.
[3 : mcmc] Progress @ 2025-04-08 09:21:54 : 17481 steps taken, and 6323 accepted.
[1 : mcmc] Progress @ 2025-04-08 09:22:08 : 17278 steps taken, and 6104 accepted.
[0 : mcmc] Progress @ 2025-04-08 09:22:08 : 17249 steps taken, and 6211 accepted.
[2 : mcmc] Progress @ 2025-04-08 09:22:29 : 17491 steps taken, and 6363 accepted.
[3 : mcmc] Progress @ 2025-04-08 09:22:57 : 17499 steps taken, and 6327 accepted.
[0 : mcmc] Progress @ 2025-04-08 09:23:10 : 17273 steps taken, and 6217 accepted.
[1 : mcmc] Progress @ 2025-04-08 09:23:11 : 17297 steps taken, and 6111 accepted.
[2 : mcmc] Progress @ 2025-04-08 09:23:33 : 17510 steps taken, and 6375 accepted.
[3 : mcmc] Progress @ 2025-04-08 09:23:58 : 17517 steps taken, and 6332 accepted.
[0 : mcmc] Progress @ 2025-04-08 09:24:10 : 17293 steps taken, and 6221 accepted.
[1 : mcmc] Progress @ 2025-04-08 09:24:11 : 17315 steps taken, and 6119 accepted.
[2 : mcmc] Progress @ 2025-04-08 09:24:36 : 17528 steps taken, and 6380 accepted.
[3 : mcmc] Progress @ 2025-04-08 09:25:02 : 17536 steps taken, and 6338 accepted.
[0 : mcmc] Progress @ 2025-04-08 09:25:13 : 17311 steps taken, and 6227 accepted.
[1 : mcmc] Progress @ 2025-04-08 09:25:13 : 17332 steps taken, and 6126 accepted.
[2 : mcmc] Progress @ 2025-04-08 09:25:39 : 17546 steps taken, and 6390 accepted.
[3 : mcmc] Progress @ 2025-04-08 09:26:02 : 17554 steps taken, and 6343 accepted.
[0 : mcmc] Progress @ 2025-04-08 09:26:13 : 17330 steps taken, and 6237 accepted.
[1 : mcmc] Progress @ 2025-04-08 09:26:14 : 17351 steps taken, and 6133 accepted.
[2 : mcmc] Progress @ 2025-04-08 09:26:41 : 17564 steps taken, and 6396 accepted.
[3 : mcmc] Progress @ 2025-04-08 09:27:05 : 17572 steps taken, and 6353 accepted.
[2 : mcmc] Learn + convergence test @ 6400 samples accepted.
[2 : mcmc] Ready to check convergence and learn a new proposal covmat (waiting for the rest...)
[0 : mcmc] Progress @ 2025-04-08 09:27:14 : 17348 steps taken, and 6246 accepted.
[1 : mcmc] Progress @ 2025-04-08 09:27:14 : 17370 steps taken, and 6140 accepted.
[2 : mcmc] Progress @ 2025-04-08 09:27:42 : 17583 steps taken, and 6403 accepted.
[3 : mcmc] Progress @ 2025-04-08 09:28:05 : 17591 steps taken, and 6358 accepted.
[0 : mcmc] Progress @ 2025-04-08 09:28:14 : 17366 steps taken, and 6257 accepted.
[1 : mcmc] Progress @ 2025-04-08 09:28:15 : 17388 steps taken, and 6145 accepted.
[2 : mcmc] Progress @ 2025-04-08 09:28:45 : 17601 steps taken, and 6412 accepted.
[3 : mcmc] Progress @ 2025-04-08 09:29:05 : 17610 steps taken, and 6370 accepted.
[0 : mcmc] Progress @ 2025-04-08 09:29:17 : 17384 steps taken, and 6264 accepted.
[1 : mcmc] Progress @ 2025-04-08 09:29:18 : 17406 steps taken, and 6153 accepted.
[2 : mcmc] Progress @ 2025-04-08 09:29:46 : 17620 steps taken, and 6421 accepted.
[3 : mcmc] Progress @ 2025-04-08 09:30:06 : 17631 steps taken, and 6378 accepted.
[0 : mcmc] Progress @ 2025-04-08 09:30:17 : 17402 steps taken, and 6268 accepted.
[1 : mcmc] Progress @ 2025-04-08 09:30:22 : 17434 steps taken, and 6162 accepted.
[2 : mcmc] Progress @ 2025-04-08 09:30:46 : 17637 steps taken, and 6427 accepted.
[3 : mcmc] Progress @ 2025-04-08 09:31:09 : 17652 steps taken, and 6384 accepted.
[0 : mcmc] Progress @ 2025-04-08 09:31:17 : 17421 steps taken, and 6276 accepted.
[1 : mcmc] Progress @ 2025-04-08 09:31:23 : 17471 steps taken, and 6166 accepted.
[2 : mcmc] Progress @ 2025-04-08 09:31:48 : 17654 steps taken, and 6434 accepted.
[3 : mcmc] Progress @ 2025-04-08 09:32:11 : 17673 steps taken, and 6391 accepted.
[0 : mcmc] Progress @ 2025-04-08 09:32:21 : 17439 steps taken, and 6283 accepted.
[1 : mcmc] Progress @ 2025-04-08 09:32:26 : 17490 steps taken, and 6176 accepted.
[2 : mcmc] Progress @ 2025-04-08 09:32:48 : 17673 steps taken, and 6442 accepted.
[3 : mcmc] Progress @ 2025-04-08 09:33:12 : 17694 steps taken, and 6399 accepted.
[0 : mcmc] Progress @ 2025-04-08 09:33:24 : 17457 steps taken, and 6291 accepted.
[1 : mcmc] Progress @ 2025-04-08 09:33:29 : 17508 steps taken, and 6183 accepted.
[3 : mcmc] Learn + convergence test @ 6400 samples accepted.
[3 : mcmc] Ready to check convergence and learn a new proposal covmat (waiting for the rest...)
[2 : mcmc] Progress @ 2025-04-08 09:33:51 : 17691 steps taken, and 6449 accepted.
[3 : mcmc] Progress @ 2025-04-08 09:34:16 : 17712 steps taken, and 6404 accepted.
[0 : mcmc] Progress @ 2025-04-08 09:34:27 : 17475 steps taken, and 6298 accepted.
[1 : mcmc] Progress @ 2025-04-08 09:34:30 : 17528 steps taken, and 6190 accepted.
[2 : mcmc] Progress @ 2025-04-08 09:34:55 : 17710 steps taken, and 6457 accepted.
[3 : mcmc] Progress @ 2025-04-08 09:35:16 : 17733 steps taken, and 6410 accepted.
[0 : mcmc] Progress @ 2025-04-08 09:35:28 : 17494 steps taken, and 6304 accepted.
[1 : mcmc] Progress @ 2025-04-08 09:35:33 : 17546 steps taken, and 6194 accepted.
[2 : mcmc] Progress @ 2025-04-08 09:35:59 : 17729 steps taken, and 6464 accepted.
[3 : mcmc] Progress @ 2025-04-08 09:36:16 : 17755 steps taken, and 6413 accepted.
[0 : mcmc] Progress @ 2025-04-08 09:36:28 : 17513 steps taken, and 6313 accepted.
[1 : mcmc] Progress @ 2025-04-08 09:36:37 : 17564 steps taken, and 6202 accepted.
[2 : mcmc] Progress @ 2025-04-08 09:37:00 : 17748 steps taken, and 6470 accepted.
[3 : mcmc] Progress @ 2025-04-08 09:37:16 : 17773 steps taken, and 6423 accepted.
[0 : mcmc] Progress @ 2025-04-08 09:37:30 : 17530 steps taken, and 6318 accepted.
[1 : mcmc] Progress @ 2025-04-08 09:37:38 : 17583 steps taken, and 6210 accepted.
[2 : mcmc] Progress @ 2025-04-08 09:38:01 : 17764 steps taken, and 6474 accepted.
[3 : mcmc] Progress @ 2025-04-08 09:38:20 : 17793 steps taken, and 6429 accepted.
[0 : mcmc] Progress @ 2025-04-08 09:38:32 : 17550 steps taken, and 6326 accepted.
[1 : mcmc] Progress @ 2025-04-08 09:38:38 : 17602 steps taken, and 6218 accepted.
[2 : mcmc] Progress @ 2025-04-08 09:39:04 : 17783 steps taken, and 6479 accepted.
[3 : mcmc] Progress @ 2025-04-08 09:39:20 : 17812 steps taken, and 6436 accepted.
[0 : mcmc] Progress @ 2025-04-08 09:39:35 : 17569 steps taken, and 6338 accepted.
[1 : mcmc] Progress @ 2025-04-08 09:39:38 : 17623 steps taken, and 6226 accepted.
[2 : mcmc] Progress @ 2025-04-08 09:40:08 : 17802 steps taken, and 6484 accepted.
[3 : mcmc] Progress @ 2025-04-08 09:40:20 : 17830 steps taken, and 6447 accepted.
[0 : mcmc] Progress @ 2025-04-08 09:40:35 : 17589 steps taken, and 6342 accepted.
[1 : mcmc] Progress @ 2025-04-08 09:40:38 : 17643 steps taken, and 6235 accepted.
[2 : mcmc] Progress @ 2025-04-08 09:41:08 : 17820 steps taken, and 6491 accepted.
[3 : mcmc] Progress @ 2025-04-08 09:41:23 : 17849 steps taken, and 6458 accepted.
[0 : mcmc] Progress @ 2025-04-08 09:41:38 : 17614 steps taken, and 6351 accepted.
[1 : mcmc] Progress @ 2025-04-08 09:41:38 : 17664 steps taken, and 6242 accepted.
[2 : mcmc] Progress @ 2025-04-08 09:42:12 : 17839 steps taken, and 6498 accepted.
[3 : mcmc] Progress @ 2025-04-08 09:42:24 : 17868 steps taken, and 6463 accepted.
[0 : mcmc] Progress @ 2025-04-08 09:42:38 : 17635 steps taken, and 6356 accepted.
[1 : mcmc] Progress @ 2025-04-08 09:42:40 : 17687 steps taken, and 6250 accepted.
[2 : mcmc] Progress @ 2025-04-08 09:43:15 : 17857 steps taken, and 6509 accepted.
[3 : mcmc] Progress @ 2025-04-08 09:43:26 : 17885 steps taken, and 6469 accepted.
[0 : mcmc] Progress @ 2025-04-08 09:43:39 : 17657 steps taken, and 6362 accepted.
[1 : mcmc] Progress @ 2025-04-08 09:43:43 : 17707 steps taken, and 6255 accepted.
[2 : mcmc] Progress @ 2025-04-08 09:44:18 : 17875 steps taken, and 6512 accepted.
[3 : mcmc] Progress @ 2025-04-08 09:44:26 : 17904 steps taken, and 6476 accepted.
[0 : mcmc] Progress @ 2025-04-08 09:44:39 : 17676 steps taken, and 6372 accepted.
[1 : mcmc] Progress @ 2025-04-08 09:44:44 : 17728 steps taken, and 6261 accepted.
[2 : mcmc] Progress @ 2025-04-08 09:45:19 : 17895 steps taken, and 6522 accepted.
[3 : mcmc] Progress @ 2025-04-08 09:45:27 : 17925 steps taken, and 6482 accepted.
[0 : mcmc] Progress @ 2025-04-08 09:45:42 : 17695 steps taken, and 6382 accepted.
[1 : mcmc] Progress @ 2025-04-08 09:45:47 : 17746 steps taken, and 6267 accepted.
[2 : mcmc] Progress @ 2025-04-08 09:46:22 : 17916 steps taken, and 6531 accepted.
[3 : mcmc] Progress @ 2025-04-08 09:46:31 : 17943 steps taken, and 6489 accepted.
[0 : mcmc] Progress @ 2025-04-08 09:46:43 : 17714 steps taken, and 6387 accepted.
[1 : mcmc] Progress @ 2025-04-08 09:46:49 : 17765 steps taken, and 6272 accepted.
[2 : mcmc] Progress @ 2025-04-08 09:47:25 : 17939 steps taken, and 6543 accepted.
[3 : mcmc] Progress @ 2025-04-08 09:47:31 : 17962 steps taken, and 6494 accepted.
[0 : mcmc] Progress @ 2025-04-08 09:47:43 : 17733 steps taken, and 6391 accepted.
[1 : mcmc] Progress @ 2025-04-08 09:47:52 : 17784 steps taken, and 6279 accepted.
[2 : mcmc] Progress @ 2025-04-08 09:48:28 : 17961 steps taken, and 6553 accepted.
[3 : mcmc] Progress @ 2025-04-08 09:48:34 : 17981 steps taken, and 6501 accepted.
[0 : mcmc] Progress @ 2025-04-08 09:48:45 : 17751 steps taken, and 6399 accepted.
[0 : mcmc] Learn + convergence test @ 6400 samples accepted.
[0 : mcmc] Ready to check convergence and learn a new proposal covmat (waiting for the rest...)
[1 : mcmc] Progress @ 2025-04-08 09:48:52 : 17804 steps taken, and 6285 accepted.
[2 : mcmc] Progress @ 2025-04-08 09:49:31 : 17980 steps taken, and 6561 accepted.
[3 : mcmc] Progress @ 2025-04-08 09:49:34 : 17999 steps taken, and 6506 accepted.
[0 : mcmc] Progress @ 2025-04-08 09:49:46 : 17769 steps taken, and 6404 accepted.
[1 : mcmc] Progress @ 2025-04-08 09:49:56 : 17822 steps taken, and 6292 accepted.
[2 : mcmc] Progress @ 2025-04-08 09:50:32 : 18000 steps taken, and 6568 accepted.
[3 : mcmc] Progress @ 2025-04-08 09:50:38 : 18020 steps taken, and 6512 accepted.
[0 : mcmc] Progress @ 2025-04-08 09:50:46 : 17787 steps taken, and 6411 accepted.
[1 : mcmc] Progress @ 2025-04-08 09:50:57 : 17846 steps taken, and 6298 accepted.
[2 : mcmc] Progress @ 2025-04-08 09:51:35 : 18018 steps taken, and 6579 accepted.
[3 : mcmc] Progress @ 2025-04-08 09:51:38 : 18038 steps taken, and 6520 accepted.
[0 : mcmc] Progress @ 2025-04-08 09:51:46 : 17805 steps taken, and 6416 accepted.
[1 : mcmc] Progress @ 2025-04-08 09:51:58 : 17871 steps taken, and 6307 accepted.
[3 : mcmc] Progress @ 2025-04-08 09:52:39 : 18059 steps taken, and 6528 accepted.
[2 : mcmc] Progress @ 2025-04-08 09:52:39 : 18038 steps taken, and 6588 accepted.
[0 : mcmc] Progress @ 2025-04-08 09:52:49 : 17824 steps taken, and 6423 accepted.
[1 : mcmc] Progress @ 2025-04-08 09:52:58 : 17889 steps taken, and 6317 accepted.
[3 : mcmc] Progress @ 2025-04-08 09:53:42 : 18077 steps taken, and 6532 accepted.
[2 : mcmc] Progress @ 2025-04-08 09:53:43 : 18058 steps taken, and 6596 accepted.
[0 : mcmc] Progress @ 2025-04-08 09:53:49 : 17843 steps taken, and 6431 accepted.
[1 : mcmc] Progress @ 2025-04-08 09:54:02 : 17907 steps taken, and 6326 accepted.
[3 : mcmc] Progress @ 2025-04-08 09:54:43 : 18096 steps taken, and 6537 accepted.
[2 : mcmc] Progress @ 2025-04-08 09:54:44 : 18079 steps taken, and 6608 accepted.
[0 : mcmc] Progress @ 2025-04-08 09:54:50 : 17861 steps taken, and 6443 accepted.
[1 : mcmc] Progress @ 2025-04-08 09:55:03 : 17927 steps taken, and 6332 accepted.
[2 : mcmc] Progress @ 2025-04-08 09:55:47 : 18097 steps taken, and 6613 accepted.
[3 : mcmc] Progress @ 2025-04-08 09:55:47 : 18116 steps taken, and 6543 accepted.
[0 : mcmc] Progress @ 2025-04-08 09:55:53 : 17881 steps taken, and 6450 accepted.
[1 : mcmc] Progress @ 2025-04-08 09:56:06 : 17946 steps taken, and 6341 accepted.
[3 : mcmc] Progress @ 2025-04-08 09:56:50 : 18134 steps taken, and 6550 accepted.
[2 : mcmc] Progress @ 2025-04-08 09:56:51 : 18116 steps taken, and 6618 accepted.
[0 : mcmc] Progress @ 2025-04-08 09:56:53 : 17903 steps taken, and 6457 accepted.
[1 : mcmc] Progress @ 2025-04-08 09:57:09 : 17971 steps taken, and 6349 accepted.
[3 : mcmc] Progress @ 2025-04-08 09:57:51 : 18154 steps taken, and 6559 accepted.
[0 : mcmc] Progress @ 2025-04-08 09:57:53 : 17921 steps taken, and 6463 accepted.
[2 : mcmc] Progress @ 2025-04-08 09:57:55 : 18135 steps taken, and 6627 accepted.
[1 : mcmc] Progress @ 2025-04-08 09:58:09 : 17990 steps taken, and 6352 accepted.
[3 : mcmc] Progress @ 2025-04-08 09:58:54 : 18172 steps taken, and 6568 accepted.
[2 : mcmc] Progress @ 2025-04-08 09:58:56 : 18158 steps taken, and 6636 accepted.
[0 : mcmc] Progress @ 2025-04-08 09:58:56 : 17939 steps taken, and 6471 accepted.
[1 : mcmc] Progress @ 2025-04-08 09:59:09 : 18013 steps taken, and 6359 accepted.
[3 : mcmc] Progress @ 2025-04-08 09:59:55 : 18192 steps taken, and 6577 accepted.
[0 : mcmc] Progress @ 2025-04-08 09:59:58 : 17958 steps taken, and 6478 accepted.
[2 : mcmc] Progress @ 2025-04-08 10:00:00 : 18180 steps taken, and 6644 accepted.
[1 : mcmc] Progress @ 2025-04-08 10:00:10 : 18036 steps taken, and 6365 accepted.
[3 : mcmc] Progress @ 2025-04-08 10:00:56 : 18214 steps taken, and 6581 accepted.
[0 : mcmc] Progress @ 2025-04-08 10:01:01 : 17976 steps taken, and 6486 accepted.
[2 : mcmc] Progress @ 2025-04-08 10:01:01 : 18197 steps taken, and 6651 accepted.
[1 : mcmc] Progress @ 2025-04-08 10:01:13 : 18053 steps taken, and 6374 accepted.
[3 : mcmc] Progress @ 2025-04-08 10:01:59 : 18232 steps taken, and 6590 accepted.
[2 : mcmc] Progress @ 2025-04-08 10:02:03 : 18218 steps taken, and 6654 accepted.
[0 : mcmc] Progress @ 2025-04-08 10:02:03 : 17995 steps taken, and 6490 accepted.
[1 : mcmc] Progress @ 2025-04-08 10:02:14 : 18072 steps taken, and 6386 accepted.
[3 : mcmc] Progress @ 2025-04-08 10:02:59 : 18250 steps taken, and 6596 accepted.
[2 : mcmc] Progress @ 2025-04-08 10:03:04 : 18239 steps taken, and 6659 accepted.
[0 : mcmc] Progress @ 2025-04-08 10:03:05 : 18012 steps taken, and 6494 accepted.
[1 : mcmc] Progress @ 2025-04-08 10:03:14 : 18090 steps taken, and 6394 accepted.
[3 : mcmc] Progress @ 2025-04-08 10:04:00 : 18268 steps taken, and 6601 accepted.
[0 : mcmc] Progress @ 2025-04-08 10:04:05 : 18032 steps taken, and 6502 accepted.
[2 : mcmc] Progress @ 2025-04-08 10:04:08 : 18259 steps taken, and 6670 accepted.
[1 : mcmc] Learn + convergence test @ 6400 samples accepted.
[1 : mcmc] Ready to check convergence and learn a new proposal covmat (waiting for the rest...)
[0 : mcmc] All chains are ready to check convergence and learn a new proposal covmat
[0 : mcmc]  - Acceptance rate: 0.367 = avg([0.3651, 0.3590, 0.3752, 0.3686])
[0 : mcmc]  - Convergence of means: R-1 = 0.014445 after 26180 accepted steps = sum([6504, 6400, 6672, 6604])
[0 : mcmc]  - Updated covariance matrix of proposal pdf.
[1 : mcmc] Progress @ 2025-04-08 10:04:30 : 18106 steps taken, and 6400 accepted.
[3 : mcmc] Progress @ 2025-04-08 10:05:03 : 18290 steps taken, and 6607 accepted.
[0 : mcmc] Progress @ 2025-04-08 10:05:08 : 18051 steps taken, and 6510 accepted.
[2 : mcmc] Progress @ 2025-04-08 10:05:09 : 18275 steps taken, and 6681 accepted.
[1 : mcmc] Progress @ 2025-04-08 10:05:32 : 18128 steps taken, and 6407 accepted.
[3 : mcmc] Progress @ 2025-04-08 10:06:03 : 18311 steps taken, and 6614 accepted.
[2 : mcmc] Progress @ 2025-04-08 10:06:11 : 18293 steps taken, and 6686 accepted.
[0 : mcmc] Progress @ 2025-04-08 10:06:12 : 18069 steps taken, and 6516 accepted.
[1 : mcmc] Progress @ 2025-04-08 10:06:32 : 18151 steps taken, and 6414 accepted.
[3 : mcmc] Progress @ 2025-04-08 10:07:03 : 18329 steps taken, and 6620 accepted.
[0 : mcmc] Progress @ 2025-04-08 10:07:12 : 18090 steps taken, and 6523 accepted.
[2 : mcmc] Progress @ 2025-04-08 10:07:13 : 18320 steps taken, and 6691 accepted.
[1 : mcmc] Progress @ 2025-04-08 10:07:35 : 18177 steps taken, and 6425 accepted.
[3 : mcmc] Progress @ 2025-04-08 10:08:07 : 18348 steps taken, and 6629 accepted.
[0 : mcmc] Progress @ 2025-04-08 10:08:15 : 18108 steps taken, and 6529 accepted.
[2 : mcmc] Progress @ 2025-04-08 10:08:17 : 18339 steps taken, and 6698 accepted.
[1 : mcmc] Progress @ 2025-04-08 10:08:36 : 18200 steps taken, and 6431 accepted.
[3 : mcmc] Progress @ 2025-04-08 10:09:08 : 18367 steps taken, and 6635 accepted.
[0 : mcmc] Progress @ 2025-04-08 10:09:16 : 18126 steps taken, and 6536 accepted.
[2 : mcmc] Progress @ 2025-04-08 10:09:19 : 18358 steps taken, and 6704 accepted.
[1 : mcmc] Progress @ 2025-04-08 10:09:39 : 18218 steps taken, and 6438 accepted.
[3 : mcmc] Progress @ 2025-04-08 10:10:12 : 18387 steps taken, and 6644 accepted.
[0 : mcmc] Progress @ 2025-04-08 10:10:16 : 18146 steps taken, and 6546 accepted.
[2 : mcmc] Progress @ 2025-04-08 10:10:20 : 18377 steps taken, and 6711 accepted.
[1 : mcmc] Progress @ 2025-04-08 10:10:43 : 18237 steps taken, and 6444 accepted.
[3 : mcmc] Progress @ 2025-04-08 10:11:13 : 18404 steps taken, and 6652 accepted.
[0 : mcmc] Progress @ 2025-04-08 10:11:17 : 18167 steps taken, and 6554 accepted.
[2 : mcmc] Progress @ 2025-04-08 10:11:23 : 18395 steps taken, and 6714 accepted.
[1 : mcmc] Progress @ 2025-04-08 10:11:46 : 18255 steps taken, and 6450 accepted.
[2 : mcmc] Learn + convergence test @ 6720 samples accepted.
[2 : mcmc] Ready to check convergence and learn a new proposal covmat (waiting for the rest...)
[3 : mcmc] Progress @ 2025-04-08 10:12:15 : 18423 steps taken, and 6659 accepted.
[0 : mcmc] Progress @ 2025-04-08 10:12:18 : 18186 steps taken, and 6561 accepted.
[2 : mcmc] Progress @ 2025-04-08 10:12:27 : 18414 steps taken, and 6722 accepted.
[1 : mcmc] Progress @ 2025-04-08 10:12:46 : 18274 steps taken, and 6456 accepted.
[3 : mcmc] Progress @ 2025-04-08 10:13:18 : 18442 steps taken, and 6666 accepted.
[0 : mcmc] Progress @ 2025-04-08 10:13:21 : 18205 steps taken, and 6567 accepted.
[2 : mcmc] Progress @ 2025-04-08 10:13:27 : 18435 steps taken, and 6729 accepted.
[1 : mcmc] Progress @ 2025-04-08 10:13:49 : 18294 steps taken, and 6461 accepted.
[3 : mcmc] Progress @ 2025-04-08 10:14:18 : 18461 steps taken, and 6676 accepted.
[0 : mcmc] Progress @ 2025-04-08 10:14:24 : 18223 steps taken, and 6574 accepted.
[2 : mcmc] Progress @ 2025-04-08 10:14:31 : 18471 steps taken, and 6735 accepted.
[1 : mcmc] Progress @ 2025-04-08 10:14:49 : 18312 steps taken, and 6469 accepted.
[3 : mcmc] Progress @ 2025-04-08 10:15:18 : 18479 steps taken, and 6683 accepted.
[0 : mcmc] Progress @ 2025-04-08 10:15:24 : 18241 steps taken, and 6582 accepted.
[2 : mcmc] Progress @ 2025-04-08 10:15:32 : 18491 steps taken, and 6741 accepted.
[1 : mcmc] Progress @ 2025-04-08 10:15:50 : 18330 steps taken, and 6478 accepted.
[3 : mcmc] Progress @ 2025-04-08 10:16:22 : 18497 steps taken, and 6689 accepted.
[0 : mcmc] Progress @ 2025-04-08 10:16:25 : 18259 steps taken, and 6591 accepted.
[2 : mcmc] Progress @ 2025-04-08 10:16:35 : 18524 steps taken, and 6753 accepted.
[1 : mcmc] Progress @ 2025-04-08 10:16:53 : 18348 steps taken, and 6485 accepted.
[3 : mcmc] Progress @ 2025-04-08 10:17:22 : 18515 steps taken, and 6692 accepted.
[0 : mcmc] Progress @ 2025-04-08 10:17:25 : 18277 steps taken, and 6599 accepted.
[2 : mcmc] Progress @ 2025-04-08 10:17:38 : 18542 steps taken, and 6760 accepted.
[1 : mcmc] Progress @ 2025-04-08 10:17:56 : 18366 steps taken, and 6490 accepted.
[3 : mcmc] Progress @ 2025-04-08 10:18:25 : 18533 steps taken, and 6701 accepted.
[0 : mcmc] Progress @ 2025-04-08 10:18:28 : 18295 steps taken, and 6606 accepted.
[2 : mcmc] Progress @ 2025-04-08 10:18:43 : 18561 steps taken, and 6771 accepted.
[1 : mcmc] Progress @ 2025-04-08 10:18:57 : 18384 steps taken, and 6495 accepted.
[3 : mcmc] Progress @ 2025-04-08 10:19:29 : 18551 steps taken, and 6710 accepted.
[0 : mcmc] Progress @ 2025-04-08 10:19:31 : 18313 steps taken, and 6613 accepted.
[2 : mcmc] Progress @ 2025-04-08 10:19:47 : 18580 steps taken, and 6773 accepted.
[1 : mcmc] Progress @ 2025-04-08 10:19:58 : 18406 steps taken, and 6501 accepted.
[3 : mcmc] Progress @ 2025-04-08 10:20:31 : 18571 steps taken, and 6720 accepted.
[3 : mcmc] Learn + convergence test @ 6720 samples accepted.
[3 : mcmc] Ready to check convergence and learn a new proposal covmat (waiting for the rest...)
[0 : mcmc] Progress @ 2025-04-08 10:20:32 : 18331 steps taken, and 6617 accepted.
[2 : mcmc] Progress @ 2025-04-08 10:20:49 : 18598 steps taken, and 6782 accepted.
[1 : mcmc] Progress @ 2025-04-08 10:21:02 : 18425 steps taken, and 6507 accepted.
[3 : mcmc] Progress @ 2025-04-08 10:21:33 : 18588 steps taken, and 6731 accepted.
[0 : mcmc] Progress @ 2025-04-08 10:21:35 : 18349 steps taken, and 6625 accepted.
[2 : mcmc] Progress @ 2025-04-08 10:21:51 : 18617 steps taken, and 6787 accepted.
[1 : mcmc] Progress @ 2025-04-08 10:22:02 : 18443 steps taken, and 6513 accepted.
[0 : mcmc] Progress @ 2025-04-08 10:22:35 : 18367 steps taken, and 6634 accepted.
[3 : mcmc] Progress @ 2025-04-08 10:22:36 : 18606 steps taken, and 6737 accepted.
[2 : mcmc] Progress @ 2025-04-08 10:22:55 : 18637 steps taken, and 6799 accepted.
[1 : mcmc] Progress @ 2025-04-08 10:23:02 : 18463 steps taken, and 6519 accepted.
[3 : mcmc] Progress @ 2025-04-08 10:23:37 : 18624 steps taken, and 6744 accepted.
[0 : mcmc] Progress @ 2025-04-08 10:23:37 : 18389 steps taken, and 6641 accepted.
[2 : mcmc] Progress @ 2025-04-08 10:23:57 : 18657 steps taken, and 6806 accepted.
[1 : mcmc] Progress @ 2025-04-08 10:24:06 : 18481 steps taken, and 6526 accepted.
[3 : mcmc] Progress @ 2025-04-08 10:24:37 : 18644 steps taken, and 6751 accepted.
[0 : mcmc] Progress @ 2025-04-08 10:24:39 : 18407 steps taken, and 6647 accepted.
[2 : mcmc] Progress @ 2025-04-08 10:24:58 : 18680 steps taken, and 6811 accepted.
[1 : mcmc] Progress @ 2025-04-08 10:25:06 : 18500 steps taken, and 6535 accepted.
[3 : mcmc] Progress @ 2025-04-08 10:25:40 : 18662 steps taken, and 6759 accepted.
[0 : mcmc] Progress @ 2025-04-08 10:25:42 : 18433 steps taken, and 6657 accepted.
[2 : mcmc] Progress @ 2025-04-08 10:26:02 : 18709 steps taken, and 6818 accepted.
[1 : mcmc] Progress @ 2025-04-08 10:26:09 : 18519 steps taken, and 6539 accepted.
[3 : mcmc] Progress @ 2025-04-08 10:26:40 : 18680 steps taken, and 6766 accepted.
[0 : mcmc] Progress @ 2025-04-08 10:26:42 : 18452 steps taken, and 6663 accepted.
[2 : mcmc] Progress @ 2025-04-08 10:27:05 : 18728 steps taken, and 6824 accepted.
[1 : mcmc] Progress @ 2025-04-08 10:27:10 : 18538 steps taken, and 6548 accepted.
[0 : mcmc] Progress @ 2025-04-08 10:27:43 : 18476 steps taken, and 6673 accepted.
[3 : mcmc] Progress @ 2025-04-08 10:27:44 : 18698 steps taken, and 6774 accepted.
[2 : mcmc] Progress @ 2025-04-08 10:28:06 : 18747 steps taken, and 6833 accepted.
[1 : mcmc] Progress @ 2025-04-08 10:28:11 : 18558 steps taken, and 6557 accepted.
[0 : mcmc] Progress @ 2025-04-08 10:28:44 : 18494 steps taken, and 6679 accepted.
[3 : mcmc] Progress @ 2025-04-08 10:28:45 : 18717 steps taken, and 6781 accepted.
[2 : mcmc] Progress @ 2025-04-08 10:29:07 : 18763 steps taken, and 6840 accepted.
[1 : mcmc] Progress @ 2025-04-08 10:29:12 : 18579 steps taken, and 6561 accepted.
[0 : mcmc] Progress @ 2025-04-08 10:29:47 : 18512 steps taken, and 6689 accepted.
[3 : mcmc] Progress @ 2025-04-08 10:29:47 : 18734 steps taken, and 6785 accepted.
[2 : mcmc] Progress @ 2025-04-08 10:30:08 : 18782 steps taken, and 6851 accepted.
[1 : mcmc] Progress @ 2025-04-08 10:30:12 : 18600 steps taken, and 6567 accepted.
[3 : mcmc] Progress @ 2025-04-08 10:30:48 : 18752 steps taken, and 6792 accepted.
[0 : mcmc] Progress @ 2025-04-08 10:30:49 : 18533 steps taken, and 6695 accepted.
[2 : mcmc] Progress @ 2025-04-08 10:31:10 : 18800 steps taken, and 6857 accepted.
[1 : mcmc] Progress @ 2025-04-08 10:31:12 : 18618 steps taken, and 6575 accepted.
[3 : mcmc] Progress @ 2025-04-08 10:31:48 : 18770 steps taken, and 6798 accepted.
[0 : mcmc] Progress @ 2025-04-08 10:31:52 : 18551 steps taken, and 6703 accepted.
[2 : mcmc] Progress @ 2025-04-08 10:32:13 : 18818 steps taken, and 6864 accepted.
[1 : mcmc] Progress @ 2025-04-08 10:32:14 : 18635 steps taken, and 6582 accepted.
[3 : mcmc] Progress @ 2025-04-08 10:32:48 : 18788 steps taken, and 6803 accepted.
[0 : mcmc] Progress @ 2025-04-08 10:32:52 : 18570 steps taken, and 6712 accepted.
[2 : mcmc] Progress @ 2025-04-08 10:33:14 : 18837 steps taken, and 6872 accepted.
[1 : mcmc] Progress @ 2025-04-08 10:33:16 : 18654 steps taken, and 6592 accepted.
[3 : mcmc] Progress @ 2025-04-08 10:33:51 : 18807 steps taken, and 6808 accepted.
[0 : mcmc] Progress @ 2025-04-08 10:33:52 : 18589 steps taken, and 6718 accepted.
[0 : mcmc] Learn + convergence test @ 6720 samples accepted.
[0 : mcmc] Ready to check convergence and learn a new proposal covmat (waiting for the rest...)
[2 : mcmc] Progress @ 2025-04-08 10:34:15 : 18854 steps taken, and 6878 accepted.
[1 : mcmc] Progress @ 2025-04-08 10:34:19 : 18672 steps taken, and 6599 accepted.
[3 : mcmc] Progress @ 2025-04-08 10:34:54 : 18825 steps taken, and 6818 accepted.
[0 : mcmc] Progress @ 2025-04-08 10:34:55 : 18607 steps taken, and 6727 accepted.
[2 : mcmc] Progress @ 2025-04-08 10:35:19 : 18874 steps taken, and 6883 accepted.
[1 : mcmc] Progress @ 2025-04-08 10:35:22 : 18690 steps taken, and 6606 accepted.
[0 : mcmc] Progress @ 2025-04-08 10:35:56 : 18625 steps taken, and 6734 accepted.
[3 : mcmc] Progress @ 2025-04-08 10:35:56 : 18846 steps taken, and 6823 accepted.
[1 : mcmc] Progress @ 2025-04-08 10:36:22 : 18709 steps taken, and 6611 accepted.
[2 : mcmc] Progress @ 2025-04-08 10:36:23 : 18893 steps taken, and 6888 accepted.
[3 : mcmc] Progress @ 2025-04-08 10:36:56 : 18866 steps taken, and 6833 accepted.
[0 : mcmc] Progress @ 2025-04-08 10:36:58 : 18643 steps taken, and 6741 accepted.
[1 : mcmc] Progress @ 2025-04-08 10:37:26 : 18727 steps taken, and 6617 accepted.
[2 : mcmc] Progress @ 2025-04-08 10:37:27 : 18914 steps taken, and 6893 accepted.
[3 : mcmc] Progress @ 2025-04-08 10:37:58 : 18883 steps taken, and 6837 accepted.
[0 : mcmc] Progress @ 2025-04-08 10:37:59 : 18667 steps taken, and 6751 accepted.
[2 : mcmc] Progress @ 2025-04-08 10:38:28 : 18933 steps taken, and 6897 accepted.
[1 : mcmc] Progress @ 2025-04-08 10:38:28 : 18750 steps taken, and 6624 accepted.
[3 : mcmc] Progress @ 2025-04-08 10:38:58 : 18901 steps taken, and 6842 accepted.
[0 : mcmc] Progress @ 2025-04-08 10:39:01 : 18690 steps taken, and 6757 accepted.
[1 : mcmc] Progress @ 2025-04-08 10:39:28 : 18769 steps taken, and 6635 accepted.
[2 : mcmc] Progress @ 2025-04-08 10:39:31 : 18952 steps taken, and 6903 accepted.
[3 : mcmc] Progress @ 2025-04-08 10:39:59 : 18919 steps taken, and 6848 accepted.
[0 : mcmc] Progress @ 2025-04-08 10:40:01 : 18710 steps taken, and 6762 accepted.
[1 : mcmc] Progress @ 2025-04-08 10:40:30 : 18786 steps taken, and 6640 accepted.
[2 : mcmc] Progress @ 2025-04-08 10:40:34 : 18971 steps taken, and 6909 accepted.
[3 : mcmc] Progress @ 2025-04-08 10:41:02 : 18937 steps taken, and 6856 accepted.
[0 : mcmc] Progress @ 2025-04-08 10:41:02 : 18735 steps taken, and 6770 accepted.
[1 : mcmc] Progress @ 2025-04-08 10:41:30 : 18805 steps taken, and 6647 accepted.
[2 : mcmc] Progress @ 2025-04-08 10:41:36 : 18990 steps taken, and 6919 accepted.
[0 : mcmc] Progress @ 2025-04-08 10:42:03 : 18757 steps taken, and 6773 accepted.
[3 : mcmc] Progress @ 2025-04-08 10:42:03 : 18958 steps taken, and 6864 accepted.
[1 : mcmc] Progress @ 2025-04-08 10:42:31 : 18824 steps taken, and 6656 accepted.
[2 : mcmc] Progress @ 2025-04-08 10:42:36 : 19008 steps taken, and 6924 accepted.
[0 : mcmc] Progress @ 2025-04-08 10:43:05 : 18778 steps taken, and 6783 accepted.
[3 : mcmc] Progress @ 2025-04-08 10:43:07 : 18977 steps taken, and 6869 accepted.
[1 : mcmc] Progress @ 2025-04-08 10:43:31 : 18844 steps taken, and 6665 accepted.
[2 : mcmc] Progress @ 2025-04-08 10:43:40 : 19026 steps taken, and 6929 accepted.
[0 : mcmc] Progress @ 2025-04-08 10:44:07 : 18802 steps taken, and 6793 accepted.
[3 : mcmc] Progress @ 2025-04-08 10:44:07 : 18995 steps taken, and 6880 accepted.
[1 : mcmc] Progress @ 2025-04-08 10:44:32 : 18862 steps taken, and 6673 accepted.
[2 : mcmc] Progress @ 2025-04-08 10:44:43 : 19044 steps taken, and 6935 accepted.
[0 : mcmc] Progress @ 2025-04-08 10:45:07 : 18820 steps taken, and 6797 accepted.
[3 : mcmc] Progress @ 2025-04-08 10:45:11 : 19012 steps taken, and 6885 accepted.
[1 : mcmc] Progress @ 2025-04-08 10:45:32 : 18879 steps taken, and 6680 accepted.
[2 : mcmc] Progress @ 2025-04-08 10:45:44 : 19062 steps taken, and 6940 accepted.
[0 : mcmc] Progress @ 2025-04-08 10:46:08 : 18838 steps taken, and 6804 accepted.
[3 : mcmc] Progress @ 2025-04-08 10:46:12 : 19030 steps taken, and 6889 accepted.
[1 : mcmc] Progress @ 2025-04-08 10:46:32 : 18896 steps taken, and 6685 accepted.
[2 : mcmc] Progress @ 2025-04-08 10:46:47 : 19082 steps taken, and 6949 accepted.
[0 : mcmc] Progress @ 2025-04-08 10:47:09 : 18857 steps taken, and 6810 accepted.
[3 : mcmc] Progress @ 2025-04-08 10:47:13 : 19048 steps taken, and 6896 accepted.
[1 : mcmc] Progress @ 2025-04-08 10:47:33 : 18914 steps taken, and 6692 accepted.
[2 : mcmc] Progress @ 2025-04-08 10:47:51 : 19101 steps taken, and 6958 accepted.
[0 : mcmc] Progress @ 2025-04-08 10:48:11 : 18878 steps taken, and 6817 accepted.
[3 : mcmc] Progress @ 2025-04-08 10:48:14 : 19067 steps taken, and 6904 accepted.
[1 : mcmc] Progress @ 2025-04-08 10:48:34 : 18932 steps taken, and 6698 accepted.
[2 : mcmc] Progress @ 2025-04-08 10:48:51 : 19120 steps taken, and 6967 accepted.
[0 : mcmc] Progress @ 2025-04-08 10:49:11 : 18896 steps taken, and 6824 accepted.
[3 : mcmc] Progress @ 2025-04-08 10:49:17 : 19086 steps taken, and 6911 accepted.
[1 : mcmc] Progress @ 2025-04-08 10:49:34 : 18951 steps taken, and 6703 accepted.
[2 : mcmc] Progress @ 2025-04-08 10:49:53 : 19144 steps taken, and 6971 accepted.
[0 : mcmc] Progress @ 2025-04-08 10:50:13 : 18915 steps taken, and 6832 accepted.
[3 : mcmc] Progress @ 2025-04-08 10:50:21 : 19109 steps taken, and 6916 accepted.
[1 : mcmc] Progress @ 2025-04-08 10:50:38 : 18970 steps taken, and 6713 accepted.
[2 : mcmc] Progress @ 2025-04-08 10:50:56 : 19162 steps taken, and 6980 accepted.
[0 : mcmc] Progress @ 2025-04-08 10:51:14 : 18935 steps taken, and 6836 accepted.
[1 : mcmc] Learn + convergence test @ 6720 samples accepted.
[1 : mcmc] Ready to check convergence and learn a new proposal covmat (waiting for the rest...)
[3 : mcmc] Progress @ 2025-04-08 10:51:25 : 19126 steps taken, and 6923 accepted.
[0 : mcmc] All chains are ready to check convergence and learn a new proposal covmat
[0 : mcmc]  - Acceptance rate: 0.366 = avg([0.3652, 0.3592, 0.3729, 0.3676])
[0 : mcmc]  - Convergence of means: R-1 = 0.013616 after 27469 accepted steps = sum([6839, 6720, 6987, 6923])
[0 : mcmc]  - Updated covariance matrix of proposal pdf.
[1 : mcmc] Progress @ 2025-04-08 10:51:48 : 18984 steps taken, and 6720 accepted.
[2 : mcmc] Progress @ 2025-04-08 10:51:59 : 19182 steps taken, and 6990 accepted.
[0 : mcmc] Progress @ 2025-04-08 10:52:18 : 18951 steps taken, and 6842 accepted.
[3 : mcmc] Progress @ 2025-04-08 10:52:28 : 19140 steps taken, and 6926 accepted.
[1 : mcmc] Progress @ 2025-04-08 10:52:50 : 19004 steps taken, and 6727 accepted.
[2 : mcmc] Progress @ 2025-04-08 10:53:01 : 19204 steps taken, and 6999 accepted.
[0 : mcmc] Progress @ 2025-04-08 10:53:18 : 18970 steps taken, and 6845 accepted.
[3 : mcmc] Progress @ 2025-04-08 10:53:28 : 19158 steps taken, and 6932 accepted.
[1 : mcmc] Progress @ 2025-04-08 10:53:51 : 19021 steps taken, and 6740 accepted.
[2 : mcmc] Progress @ 2025-04-08 10:54:02 : 19221 steps taken, and 7006 accepted.
[0 : mcmc] Progress @ 2025-04-08 10:54:21 : 18990 steps taken, and 6851 accepted.
[3 : mcmc] Progress @ 2025-04-08 10:54:30 : 19178 steps taken, and 6940 accepted.
[1 : mcmc] Progress @ 2025-04-08 10:54:54 : 19043 steps taken, and 6749 accepted.
[2 : mcmc] Progress @ 2025-04-08 10:55:02 : 19241 steps taken, and 7017 accepted.
[0 : mcmc] Progress @ 2025-04-08 10:55:25 : 19008 steps taken, and 6858 accepted.
[3 : mcmc] Progress @ 2025-04-08 10:55:32 : 19199 steps taken, and 6949 accepted.
[1 : mcmc] Progress @ 2025-04-08 10:55:57 : 19061 steps taken, and 6755 accepted.
[2 : mcmc] Progress @ 2025-04-08 10:56:05 : 19260 steps taken, and 7023 accepted.
[0 : mcmc] Progress @ 2025-04-08 10:56:27 : 19027 steps taken, and 6864 accepted.
[3 : mcmc] Progress @ 2025-04-08 10:56:35 : 19218 steps taken, and 6958 accepted.
[1 : mcmc] Progress @ 2025-04-08 10:56:59 : 19079 steps taken, and 6757 accepted.
[2 : mcmc] Progress @ 2025-04-08 10:57:05 : 19277 steps taken, and 7026 accepted.
[0 : mcmc] Progress @ 2025-04-08 10:57:28 : 19044 steps taken, and 6868 accepted.
[3 : mcmc] Progress @ 2025-04-08 10:57:37 : 19240 steps taken, and 6969 accepted.
[1 : mcmc] Progress @ 2025-04-08 10:58:00 : 19096 steps taken, and 6765 accepted.
[2 : mcmc] Progress @ 2025-04-08 10:58:05 : 19294 steps taken, and 7033 accepted.
[0 : mcmc] Progress @ 2025-04-08 10:58:29 : 19061 steps taken, and 6872 accepted.
[3 : mcmc] Progress @ 2025-04-08 10:58:39 : 19261 steps taken, and 6977 accepted.
[2 : mcmc] Learn + convergence test @ 7040 samples accepted.
[2 : mcmc] Ready to check convergence and learn a new proposal covmat (waiting for the rest...)
[1 : mcmc] Progress @ 2025-04-08 10:59:00 : 19113 steps taken, and 6771 accepted.
[2 : mcmc] Progress @ 2025-04-08 10:59:07 : 19314 steps taken, and 7041 accepted.
[0 : mcmc] Progress @ 2025-04-08 10:59:30 : 19078 steps taken, and 6882 accepted.
[3 : mcmc] Progress @ 2025-04-08 10:59:40 : 19279 steps taken, and 6986 accepted.
[1 : mcmc] Progress @ 2025-04-08 11:00:03 : 19135 steps taken, and 6779 accepted.
[2 : mcmc] Progress @ 2025-04-08 11:00:08 : 19336 steps taken, and 7048 accepted.
[0 : mcmc] Progress @ 2025-04-08 11:00:31 : 19097 steps taken, and 6887 accepted.
[3 : mcmc] Progress @ 2025-04-08 11:00:41 : 19296 steps taken, and 6992 accepted.
[1 : mcmc] Progress @ 2025-04-08 11:01:04 : 19153 steps taken, and 6784 accepted.
[2 : mcmc] Progress @ 2025-04-08 11:01:12 : 19363 steps taken, and 7055 accepted.
[0 : mcmc] Progress @ 2025-04-08 11:01:33 : 19116 steps taken, and 6897 accepted.
[3 : mcmc] Progress @ 2025-04-08 11:01:42 : 19315 steps taken, and 6998 accepted.
[1 : mcmc] Progress @ 2025-04-08 11:02:05 : 19172 steps taken, and 6789 accepted.
[2 : mcmc] Progress @ 2025-04-08 11:02:13 : 19382 steps taken, and 7063 accepted.
[0 : mcmc] Progress @ 2025-04-08 11:02:37 : 19134 steps taken, and 6906 accepted.
[3 : mcmc] Progress @ 2025-04-08 11:02:42 : 19333 steps taken, and 7004 accepted.
[1 : mcmc] Progress @ 2025-04-08 11:03:06 : 19193 steps taken, and 6799 accepted.
[2 : mcmc] Progress @ 2025-04-08 11:03:17 : 19400 steps taken, and 7069 accepted.
[0 : mcmc] Progress @ 2025-04-08 11:03:41 : 19156 steps taken, and 6915 accepted.
[3 : mcmc] Progress @ 2025-04-08 11:03:44 : 19351 steps taken, and 7013 accepted.
[1 : mcmc] Progress @ 2025-04-08 11:04:07 : 19211 steps taken, and 6810 accepted.
[2 : mcmc] Progress @ 2025-04-08 11:04:21 : 19419 steps taken, and 7079 accepted.
[0 : mcmc] Progress @ 2025-04-08 11:04:44 : 19174 steps taken, and 6922 accepted.
[3 : mcmc] Progress @ 2025-04-08 11:04:44 : 19368 steps taken, and 7019 accepted.
[1 : mcmc] Progress @ 2025-04-08 11:05:07 : 19228 steps taken, and 6817 accepted.
[2 : mcmc] Progress @ 2025-04-08 11:05:22 : 19437 steps taken, and 7090 accepted.
[3 : mcmc] Progress @ 2025-04-08 11:05:44 : 19385 steps taken, and 7026 accepted.
[0 : mcmc] Progress @ 2025-04-08 11:05:45 : 19194 steps taken, and 6930 accepted.
[1 : mcmc] Progress @ 2025-04-08 11:06:08 : 19246 steps taken, and 6825 accepted.
[2 : mcmc] Progress @ 2025-04-08 11:06:23 : 19456 steps taken, and 7094 accepted.
[3 : mcmc] Progress @ 2025-04-08 11:06:45 : 19405 steps taken, and 7032 accepted.
[0 : mcmc] Progress @ 2025-04-08 11:06:46 : 19214 steps taken, and 6934 accepted.
[1 : mcmc] Progress @ 2025-04-08 11:07:10 : 19266 steps taken, and 6831 accepted.
[2 : mcmc] Progress @ 2025-04-08 11:07:26 : 19474 steps taken, and 7103 accepted.
[3 : mcmc] Progress @ 2025-04-08 11:07:47 : 19429 steps taken, and 7039 accepted.
[0 : mcmc] Progress @ 2025-04-08 11:07:47 : 19232 steps taken, and 6942 accepted.
[3 : mcmc] Learn + convergence test @ 7040 samples accepted.
[3 : mcmc] Ready to check convergence and learn a new proposal covmat (waiting for the rest...)
[1 : mcmc] Progress @ 2025-04-08 11:08:12 : 19286 steps taken, and 6837 accepted.
[2 : mcmc] Progress @ 2025-04-08 11:08:27 : 19491 steps taken, and 7109 accepted.
[0 : mcmc] Progress @ 2025-04-08 11:08:47 : 19252 steps taken, and 6951 accepted.
[3 : mcmc] Progress @ 2025-04-08 11:08:50 : 19453 steps taken, and 7051 accepted.
[1 : mcmc] Progress @ 2025-04-08 11:09:16 : 19303 steps taken, and 6846 accepted.
[2 : mcmc] Progress @ 2025-04-08 11:09:29 : 19511 steps taken, and 7115 accepted.
[0 : mcmc] Progress @ 2025-04-08 11:09:48 : 19274 steps taken, and 6958 accepted.
[3 : mcmc] Progress @ 2025-04-08 11:09:54 : 19470 steps taken, and 7057 accepted.
[1 : mcmc] Progress @ 2025-04-08 11:10:17 : 19321 steps taken, and 6852 accepted.
[2 : mcmc] Progress @ 2025-04-08 11:10:31 : 19527 steps taken, and 7125 accepted.
[0 : mcmc] Progress @ 2025-04-08 11:10:50 : 19295 steps taken, and 6963 accepted.
[3 : mcmc] Progress @ 2025-04-08 11:10:58 : 19487 steps taken, and 7062 accepted.
[1 : mcmc] Progress @ 2025-04-08 11:11:18 : 19337 steps taken, and 6859 accepted.
[2 : mcmc] Progress @ 2025-04-08 11:11:34 : 19548 steps taken, and 7135 accepted.
[0 : mcmc] Progress @ 2025-04-08 11:11:51 : 19313 steps taken, and 6968 accepted.
[3 : mcmc] Progress @ 2025-04-08 11:11:58 : 19505 steps taken, and 7067 accepted.
[1 : mcmc] Progress @ 2025-04-08 11:12:22 : 19356 steps taken, and 6865 accepted.
[2 : mcmc] Progress @ 2025-04-08 11:12:35 : 19568 steps taken, and 7142 accepted.
[0 : mcmc] Progress @ 2025-04-08 11:12:51 : 19335 steps taken, and 6974 accepted.
[3 : mcmc] Progress @ 2025-04-08 11:13:01 : 19531 steps taken, and 7077 accepted.
[1 : mcmc] Progress @ 2025-04-08 11:13:22 : 19375 steps taken, and 6872 accepted.
[2 : mcmc] Progress @ 2025-04-08 11:13:35 : 19587 steps taken, and 7148 accepted.
[0 : mcmc] Progress @ 2025-04-08 11:13:55 : 19359 steps taken, and 6981 accepted.
[3 : mcmc] Progress @ 2025-04-08 11:14:04 : 19548 steps taken, and 7082 accepted.
[1 : mcmc] Progress @ 2025-04-08 11:14:23 : 19393 steps taken, and 6881 accepted.
[2 : mcmc] Progress @ 2025-04-08 11:14:38 : 19605 steps taken, and 7155 accepted.
[0 : mcmc] Progress @ 2025-04-08 11:14:55 : 19377 steps taken, and 6989 accepted.
[3 : mcmc] Progress @ 2025-04-08 11:15:06 : 19569 steps taken, and 7087 accepted.
[1 : mcmc] Progress @ 2025-04-08 11:15:27 : 19411 steps taken, and 6887 accepted.
[2 : mcmc] Progress @ 2025-04-08 11:15:39 : 19623 steps taken, and 7160 accepted.
[0 : mcmc] Progress @ 2025-04-08 11:15:59 : 19396 steps taken, and 6996 accepted.
[3 : mcmc] Progress @ 2025-04-08 11:16:09 : 19595 steps taken, and 7096 accepted.
[1 : mcmc] Progress @ 2025-04-08 11:16:28 : 19429 steps taken, and 6892 accepted.
[2 : mcmc] Progress @ 2025-04-08 11:16:42 : 19641 steps taken, and 7168 accepted.
[0 : mcmc] Progress @ 2025-04-08 11:17:00 : 19415 steps taken, and 7006 accepted.
[3 : mcmc] Progress @ 2025-04-08 11:17:13 : 19614 steps taken, and 7102 accepted.
[1 : mcmc] Progress @ 2025-04-08 11:17:28 : 19447 steps taken, and 6897 accepted.
[2 : mcmc] Progress @ 2025-04-08 11:17:42 : 19659 steps taken, and 7174 accepted.
[0 : mcmc] Progress @ 2025-04-08 11:18:03 : 19433 steps taken, and 7013 accepted.
[3 : mcmc] Progress @ 2025-04-08 11:18:13 : 19633 steps taken, and 7108 accepted.
[1 : mcmc] Progress @ 2025-04-08 11:18:32 : 19465 steps taken, and 6904 accepted.
[2 : mcmc] Progress @ 2025-04-08 11:18:45 : 19676 steps taken, and 7179 accepted.
[0 : mcmc] Progress @ 2025-04-08 11:19:07 : 19451 steps taken, and 7019 accepted.
[3 : mcmc] Progress @ 2025-04-08 11:19:14 : 19651 steps taken, and 7113 accepted.
[1 : mcmc] Progress @ 2025-04-08 11:19:36 : 19484 steps taken, and 6909 accepted.
[2 : mcmc] Progress @ 2025-04-08 11:19:45 : 19694 steps taken, and 7187 accepted.
[0 : mcmc] Progress @ 2025-04-08 11:20:07 : 19470 steps taken, and 7023 accepted.
[3 : mcmc] Progress @ 2025-04-08 11:20:17 : 19669 steps taken, and 7117 accepted.
[1 : mcmc] Progress @ 2025-04-08 11:20:37 : 19502 steps taken, and 6913 accepted.
[2 : mcmc] Progress @ 2025-04-08 11:20:45 : 19713 steps taken, and 7191 accepted.
[0 : mcmc] Progress @ 2025-04-08 11:21:08 : 19489 steps taken, and 7031 accepted.
[3 : mcmc] Progress @ 2025-04-08 11:21:19 : 19687 steps taken, and 7125 accepted.
[1 : mcmc] Progress @ 2025-04-08 11:21:38 : 19520 steps taken, and 6919 accepted.
[2 : mcmc] Progress @ 2025-04-08 11:21:46 : 19732 steps taken, and 7200 accepted.
[0 : mcmc] Progress @ 2025-04-08 11:22:09 : 19507 steps taken, and 7040 accepted.
[0 : mcmc] Learn + convergence test @ 7040 samples accepted.
[0 : mcmc] Ready to check convergence and learn a new proposal covmat (waiting for the rest...)
[3 : mcmc] Progress @ 2025-04-08 11:22:19 : 19706 steps taken, and 7132 accepted.
[1 : mcmc] Progress @ 2025-04-08 11:22:39 : 19540 steps taken, and 6926 accepted.
[2 : mcmc] Progress @ 2025-04-08 11:22:47 : 19751 steps taken, and 7210 accepted.
[0 : mcmc] Progress @ 2025-04-08 11:23:10 : 19525 steps taken, and 7047 accepted.
[3 : mcmc] Progress @ 2025-04-08 11:23:20 : 19724 steps taken, and 7137 accepted.
[1 : mcmc] Progress @ 2025-04-08 11:23:40 : 19558 steps taken, and 6932 accepted.
[2 : mcmc] Progress @ 2025-04-08 11:23:51 : 19769 steps taken, and 7216 accepted.
[0 : mcmc] Progress @ 2025-04-08 11:24:11 : 19544 steps taken, and 7053 accepted.
[3 : mcmc] Progress @ 2025-04-08 11:24:22 : 19746 steps taken, and 7147 accepted.
[1 : mcmc] Progress @ 2025-04-08 11:24:44 : 19576 steps taken, and 6936 accepted.
[2 : mcmc] Progress @ 2025-04-08 11:24:51 : 19788 steps taken, and 7220 accepted.
[0 : mcmc] Progress @ 2025-04-08 11:25:11 : 19562 steps taken, and 7060 accepted.
[3 : mcmc] Progress @ 2025-04-08 11:25:26 : 19765 steps taken, and 7150 accepted.
[1 : mcmc] Progress @ 2025-04-08 11:25:44 : 19594 steps taken, and 6944 accepted.
[2 : mcmc] Progress @ 2025-04-08 11:25:55 : 19807 steps taken, and 7226 accepted.
[0 : mcmc] Progress @ 2025-04-08 11:26:15 : 19582 steps taken, and 7071 accepted.
[3 : mcmc] Progress @ 2025-04-08 11:26:26 : 19783 steps taken, and 7156 accepted.
[1 : mcmc] Progress @ 2025-04-08 11:26:46 : 19612 steps taken, and 6949 accepted.
[2 : mcmc] Progress @ 2025-04-08 11:26:58 : 19825 steps taken, and 7230 accepted.
[0 : mcmc] Progress @ 2025-04-08 11:27:15 : 19601 steps taken, and 7078 accepted.
[3 : mcmc] Progress @ 2025-04-08 11:27:29 : 19802 steps taken, and 7165 accepted.
[1 : mcmc] Progress @ 2025-04-08 11:27:48 : 19635 steps taken, and 6955 accepted.
[2 : mcmc] Progress @ 2025-04-08 11:28:00 : 19843 steps taken, and 7235 accepted.
[0 : mcmc] Progress @ 2025-04-08 11:28:17 : 19623 steps taken, and 7088 accepted.
[3 : mcmc] Progress @ 2025-04-08 11:28:29 : 19820 steps taken, and 7171 accepted.
[1 : mcmc] Progress @ 2025-04-08 11:28:51 : 19661 steps taken, and 6963 accepted.
[2 : mcmc] Progress @ 2025-04-08 11:29:00 : 19861 steps taken, and 7243 accepted.
[0 : mcmc] Progress @ 2025-04-08 11:29:17 : 19645 steps taken, and 7096 accepted.
[3 : mcmc] Progress @ 2025-04-08 11:29:30 : 19841 steps taken, and 7181 accepted.
[1 : mcmc] Progress @ 2025-04-08 11:29:51 : 19679 steps taken, and 6968 accepted.
[2 : mcmc] Progress @ 2025-04-08 11:30:04 : 19880 steps taken, and 7249 accepted.
[0 : mcmc] Progress @ 2025-04-08 11:30:18 : 19667 steps taken, and 7099 accepted.
[3 : mcmc] Progress @ 2025-04-08 11:30:31 : 19862 steps taken, and 7187 accepted.
[1 : mcmc] Progress @ 2025-04-08 11:30:54 : 19698 steps taken, and 6977 accepted.
[2 : mcmc] Progress @ 2025-04-08 11:31:07 : 19899 steps taken, and 7256 accepted.
[0 : mcmc] Progress @ 2025-04-08 11:31:19 : 19685 steps taken, and 7108 accepted.
[3 : mcmc] Progress @ 2025-04-08 11:31:31 : 19881 steps taken, and 7195 accepted.
[1 : mcmc] Progress @ 2025-04-08 11:31:57 : 19722 steps taken, and 6990 accepted.
[2 : mcmc] Progress @ 2025-04-08 11:32:08 : 19919 steps taken, and 7265 accepted.
[0 : mcmc] Progress @ 2025-04-08 11:32:22 : 19703 steps taken, and 7114 accepted.
[3 : mcmc] Progress @ 2025-04-08 11:32:34 : 19898 steps taken, and 7206 accepted.
[1 : mcmc] Progress @ 2025-04-08 11:32:58 : 19743 steps taken, and 7000 accepted.
[2 : mcmc] Progress @ 2025-04-08 11:33:11 : 19937 steps taken, and 7269 accepted.
[0 : mcmc] Progress @ 2025-04-08 11:33:23 : 19721 steps taken, and 7122 accepted.
[3 : mcmc] Progress @ 2025-04-08 11:33:35 : 19918 steps taken, and 7216 accepted.
[1 : mcmc] Progress @ 2025-04-08 11:34:00 : 19769 steps taken, and 7005 accepted.
[2 : mcmc] Progress @ 2025-04-08 11:34:13 : 19955 steps taken, and 7278 accepted.
[0 : mcmc] Progress @ 2025-04-08 11:34:25 : 19738 steps taken, and 7130 accepted.
[3 : mcmc] Progress @ 2025-04-08 11:34:38 : 19937 steps taken, and 7224 accepted.
[1 : mcmc] Progress @ 2025-04-08 11:35:01 : 19792 steps taken, and 7013 accepted.
[2 : mcmc] Progress @ 2025-04-08 11:35:14 : 19976 steps taken, and 7289 accepted.
[0 : mcmc] Progress @ 2025-04-08 11:35:25 : 19756 steps taken, and 7137 accepted.
[3 : mcmc] Progress @ 2025-04-08 11:35:39 : 19955 steps taken, and 7230 accepted.
[1 : mcmc] Progress @ 2025-04-08 11:36:03 : 19812 steps taken, and 7019 accepted.
[2 : mcmc] Progress @ 2025-04-08 11:36:15 : 19999 steps taken, and 7298 accepted.
[0 : mcmc] Progress @ 2025-04-08 11:36:25 : 19775 steps taken, and 7140 accepted.
[3 : mcmc] Progress @ 2025-04-08 11:36:41 : 19973 steps taken, and 7234 accepted.
[1 : mcmc] Progress @ 2025-04-08 11:37:06 : 19831 steps taken, and 7028 accepted.
[2 : mcmc] Progress @ 2025-04-08 11:37:18 : 20017 steps taken, and 7304 accepted.
[0 : mcmc] Progress @ 2025-04-08 11:37:29 : 19793 steps taken, and 7145 accepted.
[3 : mcmc] Progress @ 2025-04-08 11:37:43 : 19992 steps taken, and 7243 accepted.
[1 : mcmc] Progress @ 2025-04-08 11:38:10 : 19849 steps taken, and 7034 accepted.
[2 : mcmc] Progress @ 2025-04-08 11:38:21 : 20036 steps taken, and 7314 accepted.
[0 : mcmc] Progress @ 2025-04-08 11:38:32 : 19811 steps taken, and 7153 accepted.
[3 : mcmc] Progress @ 2025-04-08 11:38:46 : 20012 steps taken, and 7248 accepted.
[1 : mcmc] Progress @ 2025-04-08 11:39:10 : 19868 steps taken, and 7040 accepted.
[1 : mcmc] Learn + convergence test @ 7040 samples accepted.
[1 : mcmc] Ready to check convergence and learn a new proposal covmat (waiting for the rest...)
[0 : mcmc] All chains are ready to check convergence and learn a new proposal covmat
[0 : mcmc]  - Acceptance rate: 0.366 = avg([0.3636, 0.3604, 0.3744, 0.3667])
[0 : mcmc]  - Convergence of means: R-1 = 0.010768 after 28773 accepted steps = sum([7156, 7040, 7324, 7253])
[0 : mcmc]  - Updated covariance matrix of proposal pdf.
[2 : mcmc] Progress @ 2025-04-08 11:39:33 : 20056 steps taken, and 7324 accepted.
[0 : mcmc] Progress @ 2025-04-08 11:39:33 : 19828 steps taken, and 7157 accepted.
[3 : mcmc] Progress @ 2025-04-08 11:39:46 : 20030 steps taken, and 7256 accepted.
[1 : mcmc] Progress @ 2025-04-08 11:40:11 : 19882 steps taken, and 7045 accepted.
[2 : mcmc] Progress @ 2025-04-08 11:40:36 : 20076 steps taken, and 7327 accepted.
[0 : mcmc] Progress @ 2025-04-08 11:40:37 : 19847 steps taken, and 7162 accepted.
[3 : mcmc] Progress @ 2025-04-08 11:40:47 : 20048 steps taken, and 7266 accepted.
[1 : mcmc] Progress @ 2025-04-08 11:41:11 : 19900 steps taken, and 7052 accepted.
[2 : mcmc] Progress @ 2025-04-08 11:41:37 : 20096 steps taken, and 7333 accepted.
[0 : mcmc] Progress @ 2025-04-08 11:41:40 : 19866 steps taken, and 7170 accepted.
[3 : mcmc] Progress @ 2025-04-08 11:41:50 : 20066 steps taken, and 7270 accepted.
[1 : mcmc] Progress @ 2025-04-08 11:42:14 : 19917 steps taken, and 7059 accepted.
[2 : mcmc] Progress @ 2025-04-08 11:42:41 : 20115 steps taken, and 7339 accepted.
[0 : mcmc] Progress @ 2025-04-08 11:42:41 : 19884 steps taken, and 7179 accepted.
[3 : mcmc] Progress @ 2025-04-08 11:42:51 : 20086 steps taken, and 7273 accepted.
[1 : mcmc] Progress @ 2025-04-08 11:43:14 : 19935 steps taken, and 7068 accepted.
[0 : mcmc] Progress @ 2025-04-08 11:43:41 : 19903 steps taken, and 7186 accepted.
[2 : mcmc] Progress @ 2025-04-08 11:43:45 : 20134 steps taken, and 7345 accepted.
[3 : mcmc] Progress @ 2025-04-08 11:43:53 : 20107 steps taken, and 7280 accepted.
[1 : mcmc] Progress @ 2025-04-08 11:44:17 : 19955 steps taken, and 7076 accepted.
[0 : mcmc] Progress @ 2025-04-08 11:44:45 : 19921 steps taken, and 7191 accepted.
[2 : mcmc] Progress @ 2025-04-08 11:44:48 : 20153 steps taken, and 7352 accepted.
[3 : mcmc] Progress @ 2025-04-08 11:44:56 : 20127 steps taken, and 7286 accepted.
[1 : mcmc] Progress @ 2025-04-08 11:45:18 : 19974 steps taken, and 7080 accepted.
[0 : mcmc] Progress @ 2025-04-08 11:45:45 : 19940 steps taken, and 7198 accepted.
[2 : mcmc] Progress @ 2025-04-08 11:45:51 : 20171 steps taken, and 7355 accepted.
[3 : mcmc] Progress @ 2025-04-08 11:45:57 : 20145 steps taken, and 7294 accepted.
[1 : mcmc] Progress @ 2025-04-08 11:46:21 : 19991 steps taken, and 7086 accepted.
[2 : mcmc] Learn + convergence test @ 7360 samples accepted.
[2 : mcmc] Ready to check convergence and learn a new proposal covmat (waiting for the rest...)
[0 : mcmc] Progress @ 2025-04-08 11:46:45 : 19958 steps taken, and 7204 accepted.
[2 : mcmc] Progress @ 2025-04-08 11:46:52 : 20191 steps taken, and 7361 accepted.
[3 : mcmc] Progress @ 2025-04-08 11:46:59 : 20162 steps taken, and 7303 accepted.
[1 : mcmc] Progress @ 2025-04-08 11:47:22 : 20010 steps taken, and 7093 accepted.
[0 : mcmc] Progress @ 2025-04-08 11:47:49 : 19976 steps taken, and 7207 accepted.
[2 : mcmc] Progress @ 2025-04-08 11:47:55 : 20209 steps taken, and 7368 accepted.
[3 : mcmc] Progress @ 2025-04-08 11:48:02 : 20190 steps taken, and 7311 accepted.
[1 : mcmc] Progress @ 2025-04-08 11:48:23 : 20028 steps taken, and 7100 accepted.
[0 : mcmc] Progress @ 2025-04-08 11:48:49 : 19995 steps taken, and 7212 accepted.
[2 : mcmc] Progress @ 2025-04-08 11:48:58 : 20227 steps taken, and 7373 accepted.
[3 : mcmc] Progress @ 2025-04-08 11:49:03 : 20225 steps taken, and 7322 accepted.
[1 : mcmc] Progress @ 2025-04-08 11:49:26 : 20048 steps taken, and 7107 accepted.
[0 : mcmc] Progress @ 2025-04-08 11:49:52 : 20013 steps taken, and 7219 accepted.
[2 : mcmc] Progress @ 2025-04-08 11:49:59 : 20246 steps taken, and 7380 accepted.
[3 : mcmc] Progress @ 2025-04-08 11:50:06 : 20243 steps taken, and 7330 accepted.
[1 : mcmc] Progress @ 2025-04-08 11:50:26 : 20068 steps taken, and 7114 accepted.
[0 : mcmc] Progress @ 2025-04-08 11:50:55 : 20031 steps taken, and 7223 accepted.
[2 : mcmc] Progress @ 2025-04-08 11:51:01 : 20264 steps taken, and 7387 accepted.
[3 : mcmc] Progress @ 2025-04-08 11:51:07 : 20262 steps taken, and 7340 accepted.
[1 : mcmc] Progress @ 2025-04-08 11:51:27 : 20086 steps taken, and 7124 accepted.
[0 : mcmc] Progress @ 2025-04-08 11:52:00 : 20050 steps taken, and 7226 accepted.
[2 : mcmc] Progress @ 2025-04-08 11:52:02 : 20283 steps taken, and 7396 accepted.
[3 : mcmc] Progress @ 2025-04-08 11:52:11 : 20280 steps taken, and 7347 accepted.
[1 : mcmc] Progress @ 2025-04-08 11:52:30 : 20105 steps taken, and 7130 accepted.
[0 : mcmc] Progress @ 2025-04-08 11:53:03 : 20068 steps taken, and 7234 accepted.
[2 : mcmc] Progress @ 2025-04-08 11:53:04 : 20302 steps taken, and 7404 accepted.
[3 : mcmc] Progress @ 2025-04-08 11:53:11 : 20298 steps taken, and 7352 accepted.
[1 : mcmc] Progress @ 2025-04-08 11:53:34 : 20137 steps taken, and 7138 accepted.
[0 : mcmc] Progress @ 2025-04-08 11:54:05 : 20087 steps taken, and 7241 accepted.
[2 : mcmc] Progress @ 2025-04-08 11:54:08 : 20321 steps taken, and 7406 accepted.
[3 : mcmc] Progress @ 2025-04-08 11:54:11 : 20317 steps taken, and 7359 accepted.
[3 : mcmc] Learn + convergence test @ 7360 samples accepted.
[3 : mcmc] Ready to check convergence and learn a new proposal covmat (waiting for the rest...)
[1 : mcmc] Progress @ 2025-04-08 11:54:36 : 20156 steps taken, and 7145 accepted.
[0 : mcmc] Progress @ 2025-04-08 11:55:05 : 20110 steps taken, and 7249 accepted.
[2 : mcmc] Progress @ 2025-04-08 11:55:12 : 20341 steps taken, and 7413 accepted.
[3 : mcmc] Progress @ 2025-04-08 11:55:13 : 20334 steps taken, and 7368 accepted.
[1 : mcmc] Progress @ 2025-04-08 11:55:36 : 20178 steps taken, and 7155 accepted.
[0 : mcmc] Progress @ 2025-04-08 11:56:08 : 20138 steps taken, and 7259 accepted.
[3 : mcmc] Progress @ 2025-04-08 11:56:13 : 20352 steps taken, and 7374 accepted.
[2 : mcmc] Progress @ 2025-04-08 11:56:16 : 20360 steps taken, and 7417 accepted.
[1 : mcmc] Progress @ 2025-04-08 11:56:40 : 20198 steps taken, and 7162 accepted.
[0 : mcmc] Progress @ 2025-04-08 11:57:09 : 20160 steps taken, and 7268 accepted.
[3 : mcmc] Progress @ 2025-04-08 11:57:18 : 20371 steps taken, and 7381 accepted.
[2 : mcmc] Progress @ 2025-04-08 11:57:20 : 20379 steps taken, and 7424 accepted.
[1 : mcmc] Progress @ 2025-04-08 11:57:40 : 20216 steps taken, and 7170 accepted.
[0 : mcmc] Progress @ 2025-04-08 11:58:10 : 20178 steps taken, and 7277 accepted.
[2 : mcmc] Progress @ 2025-04-08 11:58:20 : 20398 steps taken, and 7433 accepted.
[3 : mcmc] Progress @ 2025-04-08 11:58:21 : 20389 steps taken, and 7388 accepted.
[1 : mcmc] Progress @ 2025-04-08 11:58:44 : 20234 steps taken, and 7178 accepted.
[0 : mcmc] Progress @ 2025-04-08 11:59:13 : 20196 steps taken, and 7283 accepted.
[2 : mcmc] Progress @ 2025-04-08 11:59:23 : 20416 steps taken, and 7441 accepted.
[3 : mcmc] Progress @ 2025-04-08 11:59:24 : 20407 steps taken, and 7399 accepted.
[1 : mcmc] Progress @ 2025-04-08 11:59:44 : 20255 steps taken, and 7186 accepted.
[0 : mcmc] Progress @ 2025-04-08 12:00:17 : 20214 steps taken, and 7289 accepted.
[2 : mcmc] Progress @ 2025-04-08 12:00:24 : 20435 steps taken, and 7450 accepted.
[3 : mcmc] Progress @ 2025-04-08 12:00:25 : 20425 steps taken, and 7403 accepted.
[1 : mcmc] Progress @ 2025-04-08 12:00:44 : 20273 steps taken, and 7194 accepted.
[0 : mcmc] Progress @ 2025-04-08 12:01:17 : 20233 steps taken, and 7297 accepted.
[3 : mcmc] Progress @ 2025-04-08 12:01:25 : 20443 steps taken, and 7408 accepted.
[2 : mcmc] Progress @ 2025-04-08 12:01:25 : 20452 steps taken, and 7459 accepted.
[1 : mcmc] Progress @ 2025-04-08 12:01:48 : 20292 steps taken, and 7199 accepted.
[0 : mcmc] Progress @ 2025-04-08 12:02:20 : 20251 steps taken, and 7303 accepted.
[3 : mcmc] Progress @ 2025-04-08 12:02:25 : 20462 steps taken, and 7413 accepted.
[2 : mcmc] Progress @ 2025-04-08 12:02:29 : 20473 steps taken, and 7464 accepted.
[1 : mcmc] Progress @ 2025-04-08 12:02:48 : 20310 steps taken, and 7204 accepted.
[0 : mcmc] Progress @ 2025-04-08 12:03:22 : 20275 steps taken, and 7314 accepted.
[3 : mcmc] Progress @ 2025-04-08 12:03:29 : 20480 steps taken, and 7419 accepted.
[2 : mcmc] Progress @ 2025-04-08 12:03:32 : 20491 steps taken, and 7471 accepted.
[1 : mcmc] Progress @ 2025-04-08 12:03:51 : 20337 steps taken, and 7215 accepted.
[0 : mcmc] Progress @ 2025-04-08 12:04:23 : 20299 steps taken, and 7328 accepted.
[3 : mcmc] Progress @ 2025-04-08 12:04:29 : 20500 steps taken, and 7423 accepted.
[2 : mcmc] Progress @ 2025-04-08 12:04:35 : 20516 steps taken, and 7482 accepted.
[1 : mcmc] Progress @ 2025-04-08 12:04:52 : 20358 steps taken, and 7220 accepted.
[0 : mcmc] Progress @ 2025-04-08 12:05:25 : 20320 steps taken, and 7336 accepted.
[3 : mcmc] Progress @ 2025-04-08 12:05:32 : 20519 steps taken, and 7428 accepted.
[2 : mcmc] Progress @ 2025-04-08 12:05:39 : 20535 steps taken, and 7489 accepted.
[1 : mcmc] Progress @ 2025-04-08 12:05:56 : 20376 steps taken, and 7228 accepted.
[0 : mcmc] Progress @ 2025-04-08 12:06:28 : 20338 steps taken, and 7341 accepted.
[3 : mcmc] Progress @ 2025-04-08 12:06:33 : 20538 steps taken, and 7437 accepted.
[2 : mcmc] Progress @ 2025-04-08 12:06:41 : 20553 steps taken, and 7500 accepted.
[1 : mcmc] Progress @ 2025-04-08 12:06:56 : 20396 steps taken, and 7237 accepted.
[0 : mcmc] Progress @ 2025-04-08 12:07:30 : 20357 steps taken, and 7351 accepted.
[3 : mcmc] Progress @ 2025-04-08 12:07:36 : 20556 steps taken, and 7444 accepted.
[2 : mcmc] Progress @ 2025-04-08 12:07:45 : 20573 steps taken, and 7507 accepted.
[1 : mcmc] Progress @ 2025-04-08 12:07:59 : 20414 steps taken, and 7243 accepted.
[0 : mcmc] Learn + convergence test @ 7360 samples accepted.
[0 : mcmc] Ready to check convergence and learn a new proposal covmat (waiting for the rest...)
[0 : mcmc] Progress @ 2025-04-08 12:08:33 : 20376 steps taken, and 7360 accepted.
[3 : mcmc] Progress @ 2025-04-08 12:08:38 : 20578 steps taken, and 7454 accepted.
[2 : mcmc] Progress @ 2025-04-08 12:08:49 : 20595 steps taken, and 7515 accepted.
[1 : mcmc] Progress @ 2025-04-08 12:08:59 : 20433 steps taken, and 7252 accepted.
[0 : mcmc] Progress @ 2025-04-08 12:09:34 : 20394 steps taken, and 7366 accepted.
[3 : mcmc] Progress @ 2025-04-08 12:09:42 : 20604 steps taken, and 7461 accepted.
[2 : mcmc] Progress @ 2025-04-08 12:09:52 : 20619 steps taken, and 7523 accepted.
[1 : mcmc] Progress @ 2025-04-08 12:10:01 : 20453 steps taken, and 7259 accepted.
[0 : mcmc] Progress @ 2025-04-08 12:10:36 : 20411 steps taken, and 7374 accepted.
[3 : mcmc] Progress @ 2025-04-08 12:10:44 : 20622 steps taken, and 7466 accepted.
[2 : mcmc] Progress @ 2025-04-08 12:10:56 : 20638 steps taken, and 7533 accepted.
[1 : mcmc] Progress @ 2025-04-08 12:11:04 : 20471 steps taken, and 7266 accepted.
[0 : mcmc] Progress @ 2025-04-08 12:11:36 : 20429 steps taken, and 7380 accepted.
[3 : mcmc] Progress @ 2025-04-08 12:11:44 : 20642 steps taken, and 7471 accepted.
[2 : mcmc] Progress @ 2025-04-08 12:11:58 : 20656 steps taken, and 7538 accepted.
[1 : mcmc] Progress @ 2025-04-08 12:12:07 : 20489 steps taken, and 7272 accepted.
[0 : mcmc] Progress @ 2025-04-08 12:12:36 : 20448 steps taken, and 7386 accepted.
[3 : mcmc] Progress @ 2025-04-08 12:12:48 : 20661 steps taken, and 7478 accepted.
[2 : mcmc] Progress @ 2025-04-08 12:13:01 : 20674 steps taken, and 7544 accepted.
[1 : mcmc] Progress @ 2025-04-08 12:13:10 : 20507 steps taken, and 7278 accepted.
[0 : mcmc] Progress @ 2025-04-08 12:13:40 : 20466 steps taken, and 7393 accepted.
[3 : mcmc] Progress @ 2025-04-08 12:13:52 : 20680 steps taken, and 7483 accepted.
[2 : mcmc] Progress @ 2025-04-08 12:14:05 : 20693 steps taken, and 7553 accepted.
[1 : mcmc] Progress @ 2025-04-08 12:14:13 : 20525 steps taken, and 7287 accepted.
[0 : mcmc] Progress @ 2025-04-08 12:14:40 : 20485 steps taken, and 7402 accepted.
[3 : mcmc] Progress @ 2025-04-08 12:14:55 : 20699 steps taken, and 7488 accepted.
[2 : mcmc] Progress @ 2025-04-08 12:15:06 : 20715 steps taken, and 7563 accepted.
[1 : mcmc] Progress @ 2025-04-08 12:15:15 : 20544 steps taken, and 7296 accepted.
[0 : mcmc] Progress @ 2025-04-08 12:15:40 : 20503 steps taken, and 7408 accepted.
[3 : mcmc] Progress @ 2025-04-08 12:15:56 : 20718 steps taken, and 7496 accepted.
[2 : mcmc] Progress @ 2025-04-08 12:16:11 : 20734 steps taken, and 7570 accepted.
[1 : mcmc] Progress @ 2025-04-08 12:16:18 : 20562 steps taken, and 7308 accepted.
[0 : mcmc] Progress @ 2025-04-08 12:16:44 : 20522 steps taken, and 7418 accepted.
[3 : mcmc] Progress @ 2025-04-08 12:16:59 : 20736 steps taken, and 7500 accepted.
[2 : mcmc] Progress @ 2025-04-08 12:17:15 : 20755 steps taken, and 7577 accepted.
[1 : mcmc] Progress @ 2025-04-08 12:17:18 : 20580 steps taken, and 7312 accepted.
[0 : mcmc] Progress @ 2025-04-08 12:17:48 : 20551 steps taken, and 7426 accepted.
[3 : mcmc] Progress @ 2025-04-08 12:18:03 : 20755 steps taken, and 7507 accepted.
[1 : mcmc] Progress @ 2025-04-08 12:18:18 : 20599 steps taken, and 7316 accepted.
[2 : mcmc] Progress @ 2025-04-08 12:18:19 : 20774 steps taken, and 7587 accepted.
[0 : mcmc] Progress @ 2025-04-08 12:18:48 : 20571 steps taken, and 7435 accepted.
[3 : mcmc] Progress @ 2025-04-08 12:19:03 : 20773 steps taken, and 7514 accepted.
[1 : mcmc] Progress @ 2025-04-08 12:19:19 : 20617 steps taken, and 7323 accepted.
[2 : mcmc] Progress @ 2025-04-08 12:19:22 : 20793 steps taken, and 7592 accepted.
[0 : mcmc] Progress @ 2025-04-08 12:19:50 : 20588 steps taken, and 7442 accepted.
[3 : mcmc] Progress @ 2025-04-08 12:20:03 : 20792 steps taken, and 7521 accepted.
[1 : mcmc] Progress @ 2025-04-08 12:20:21 : 20634 steps taken, and 7333 accepted.
[2 : mcmc] Progress @ 2025-04-08 12:20:23 : 20813 steps taken, and 7599 accepted.
[0 : mcmc] Progress @ 2025-04-08 12:20:54 : 20606 steps taken, and 7447 accepted.
[3 : mcmc] Progress @ 2025-04-08 12:21:04 : 20811 steps taken, and 7530 accepted.
[1 : mcmc] Progress @ 2025-04-08 12:21:23 : 20656 steps taken, and 7339 accepted.
[2 : mcmc] Progress @ 2025-04-08 12:21:23 : 20837 steps taken, and 7603 accepted.
[0 : mcmc] Progress @ 2025-04-08 12:21:56 : 20626 steps taken, and 7454 accepted.
[3 : mcmc] Progress @ 2025-04-08 12:22:07 : 20829 steps taken, and 7536 accepted.
[1 : mcmc] Progress @ 2025-04-08 12:22:26 : 20676 steps taken, and 7349 accepted.
[2 : mcmc] Progress @ 2025-04-08 12:22:27 : 20858 steps taken, and 7615 accepted.
[0 : mcmc] Progress @ 2025-04-08 12:23:00 : 20645 steps taken, and 7459 accepted.
[3 : mcmc] Progress @ 2025-04-08 12:23:11 : 20848 steps taken, and 7542 accepted.
[1 : mcmc] Progress @ 2025-04-08 12:23:27 : 20695 steps taken, and 7351 accepted.
[2 : mcmc] Progress @ 2025-04-08 12:23:28 : 20879 steps taken, and 7627 accepted.
[0 : mcmc] Progress @ 2025-04-08 12:24:03 : 20662 steps taken, and 7465 accepted.
[3 : mcmc] Progress @ 2025-04-08 12:24:14 : 20866 steps taken, and 7550 accepted.
[1 : mcmc] Progress @ 2025-04-08 12:24:28 : 20713 steps taken, and 7358 accepted.
[2 : mcmc] Progress @ 2025-04-08 12:24:29 : 20900 steps taken, and 7637 accepted.
[1 : mcmc] Learn + convergence test @ 7360 samples accepted.
[1 : mcmc] Ready to check convergence and learn a new proposal covmat (waiting for the rest...)
[0 : mcmc] All chains are ready to check convergence and learn a new proposal covmat
[0 : mcmc]  - Acceptance rate: 0.367 = avg([0.3643, 0.3625, 0.3741, 0.3657])
[0 : mcmc]  - Convergence of means: R-1 = 0.010322 after 30022 accepted steps = sum([7469, 7360, 7639, 7554])
[0 : mcmc]  - Updated covariance matrix of proposal pdf.
[0 : mcmc] Progress @ 2025-04-08 12:25:04 : 20680 steps taken, and 7471 accepted.
[3 : mcmc] Progress @ 2025-04-08 12:25:15 : 20883 steps taken, and 7556 accepted.
[1 : mcmc] Progress @ 2025-04-08 12:25:28 : 20727 steps taken, and 7364 accepted.
[2 : mcmc] Progress @ 2025-04-08 12:25:31 : 20917 steps taken, and 7643 accepted.
[0 : mcmc] Progress @ 2025-04-08 12:26:04 : 20698 steps taken, and 7480 accepted.
[3 : mcmc] Progress @ 2025-04-08 12:26:15 : 20901 steps taken, and 7562 accepted.
[1 : mcmc] Progress @ 2025-04-08 12:26:32 : 20745 steps taken, and 7371 accepted.
[2 : mcmc] Progress @ 2025-04-08 12:26:35 : 20938 steps taken, and 7653 accepted.
[0 : mcmc] Progress @ 2025-04-08 12:27:05 : 20720 steps taken, and 7484 accepted.
[3 : mcmc] Progress @ 2025-04-08 12:27:18 : 20919 steps taken, and 7570 accepted.
[1 : mcmc] Progress @ 2025-04-08 12:27:33 : 20769 steps taken, and 7381 accepted.
[2 : mcmc] Progress @ 2025-04-08 12:27:35 : 20957 steps taken, and 7662 accepted.
[0 : mcmc] Progress @ 2025-04-08 12:28:05 : 20740 steps taken, and 7490 accepted.
[3 : mcmc] Progress @ 2025-04-08 12:28:22 : 20937 steps taken, and 7574 accepted.
[1 : mcmc] Progress @ 2025-04-08 12:28:35 : 20789 steps taken, and 7391 accepted.
[2 : mcmc] Progress @ 2025-04-08 12:28:37 : 20987 steps taken, and 7672 accepted.
[0 : mcmc] Progress @ 2025-04-08 12:29:05 : 20758 steps taken, and 7499 accepted.
[3 : mcmc] Progress @ 2025-04-08 12:29:25 : 20955 steps taken, and 7579 accepted.
[2 : mcmc] Learn + convergence test @ 7680 samples accepted.
[2 : mcmc] Ready to check convergence and learn a new proposal covmat (waiting for the rest...)
[1 : mcmc] Progress @ 2025-04-08 12:29:37 : 20806 steps taken, and 7397 accepted.
[2 : mcmc] Progress @ 2025-04-08 12:29:40 : 21005 steps taken, and 7680 accepted.
[0 : mcmc] Progress @ 2025-04-08 12:30:09 : 20777 steps taken, and 7502 accepted.
[3 : mcmc] Progress @ 2025-04-08 12:30:25 : 20974 steps taken, and 7584 accepted.
[1 : mcmc] Progress @ 2025-04-08 12:30:37 : 20824 steps taken, and 7404 accepted.
[2 : mcmc] Progress @ 2025-04-08 12:30:42 : 21026 steps taken, and 7686 accepted.
[0 : mcmc] Progress @ 2025-04-08 12:31:09 : 20796 steps taken, and 7510 accepted.
[3 : mcmc] Progress @ 2025-04-08 12:31:25 : 20992 steps taken, and 7592 accepted.
[1 : mcmc] Progress @ 2025-04-08 12:31:40 : 20842 steps taken, and 7411 accepted.
[2 : mcmc] Progress @ 2025-04-08 12:31:44 : 21043 steps taken, and 7688 accepted.
[0 : mcmc] Progress @ 2025-04-08 12:32:09 : 20815 steps taken, and 7519 accepted.
[3 : mcmc] Progress @ 2025-04-08 12:32:29 : 21011 steps taken, and 7600 accepted.
[1 : mcmc] Progress @ 2025-04-08 12:32:44 : 20860 steps taken, and 7417 accepted.
[2 : mcmc] Progress @ 2025-04-08 12:32:44 : 21061 steps taken, and 7699 accepted.
[0 : mcmc] Progress @ 2025-04-08 12:33:13 : 20834 steps taken, and 7524 accepted.
[3 : mcmc] Progress @ 2025-04-08 12:33:29 : 21029 steps taken, and 7606 accepted.
[1 : mcmc] Progress @ 2025-04-08 12:33:45 : 20879 steps taken, and 7428 accepted.
[2 : mcmc] Progress @ 2025-04-08 12:33:45 : 21084 steps taken, and 7709 accepted.
[0 : mcmc] Progress @ 2025-04-08 12:34:13 : 20852 steps taken, and 7531 accepted.
[3 : mcmc] Progress @ 2025-04-08 12:34:30 : 21047 steps taken, and 7617 accepted.
[1 : mcmc] Progress @ 2025-04-08 12:34:48 : 20897 steps taken, and 7436 accepted.
[2 : mcmc] Progress @ 2025-04-08 12:34:49 : 21105 steps taken, and 7714 accepted.
[0 : mcmc] Progress @ 2025-04-08 12:35:13 : 20870 steps taken, and 7538 accepted.
[3 : mcmc] Progress @ 2025-04-08 12:35:30 : 21065 steps taken, and 7627 accepted.
[1 : mcmc] Progress @ 2025-04-08 12:35:52 : 20915 steps taken, and 7444 accepted.
[2 : mcmc] Progress @ 2025-04-08 12:35:53 : 21125 steps taken, and 7724 accepted.
[0 : mcmc] Progress @ 2025-04-08 12:36:17 : 20888 steps taken, and 7545 accepted.
[3 : mcmc] Progress @ 2025-04-08 12:36:32 : 21082 steps taken, and 7634 accepted.
[1 : mcmc] Progress @ 2025-04-08 12:36:53 : 20935 steps taken, and 7450 accepted.
[2 : mcmc] Progress @ 2025-04-08 12:36:54 : 21144 steps taken, and 7730 accepted.
[0 : mcmc] Progress @ 2025-04-08 12:37:17 : 20906 steps taken, and 7552 accepted.
[3 : mcmc] Progress @ 2025-04-08 12:37:32 : 21102 steps taken, and 7644 accepted.
[1 : mcmc] Progress @ 2025-04-08 12:37:53 : 20955 steps taken, and 7455 accepted.
[2 : mcmc] Progress @ 2025-04-08 12:37:55 : 21164 steps taken, and 7734 accepted.
[0 : mcmc] Progress @ 2025-04-08 12:38:18 : 20925 steps taken, and 7560 accepted.
[3 : mcmc] Progress @ 2025-04-08 12:38:33 : 21120 steps taken, and 7652 accepted.
[1 : mcmc] Progress @ 2025-04-08 12:38:57 : 20975 steps taken, and 7458 accepted.
[2 : mcmc] Progress @ 2025-04-08 12:38:57 : 21183 steps taken, and 7738 accepted.
[0 : mcmc] Progress @ 2025-04-08 12:39:21 : 20944 steps taken, and 7566 accepted.
[3 : mcmc] Progress @ 2025-04-08 12:39:36 : 21139 steps taken, and 7659 accepted.
[1 : mcmc] Progress @ 2025-04-08 12:39:57 : 20993 steps taken, and 7465 accepted.
[2 : mcmc] Progress @ 2025-04-08 12:39:58 : 21202 steps taken, and 7745 accepted.
[0 : mcmc] Progress @ 2025-04-08 12:40:22 : 20963 steps taken, and 7570 accepted.
[3 : mcmc] Progress @ 2025-04-08 12:40:36 : 21159 steps taken, and 7667 accepted.
[1 : mcmc] Progress @ 2025-04-08 12:40:57 : 21011 steps taken, and 7474 accepted.
[2 : mcmc] Progress @ 2025-04-08 12:41:01 : 21222 steps taken, and 7749 accepted.
[0 : mcmc] Progress @ 2025-04-08 12:41:24 : 20979 steps taken, and 7574 accepted.
[3 : mcmc] Progress @ 2025-04-08 12:41:37 : 21177 steps taken, and 7677 accepted.
[1 : mcmc] Progress @ 2025-04-08 12:41:57 : 21029 steps taken, and 7481 accepted.
[2 : mcmc] Progress @ 2025-04-08 12:42:05 : 21243 steps taken, and 7758 accepted.
[3 : mcmc] Learn + convergence test @ 7680 samples accepted.
[3 : mcmc] Ready to check convergence and learn a new proposal covmat (waiting for the rest...)
[0 : mcmc] Progress @ 2025-04-08 12:42:25 : 21001 steps taken, and 7585 accepted.
[3 : mcmc] Progress @ 2025-04-08 12:42:37 : 21197 steps taken, and 7683 accepted.
[1 : mcmc] Progress @ 2025-04-08 12:43:01 : 21047 steps taken, and 7486 accepted.
[2 : mcmc] Progress @ 2025-04-08 12:43:06 : 21262 steps taken, and 7763 accepted.
[0 : mcmc] Progress @ 2025-04-08 12:43:29 : 21020 steps taken, and 7592 accepted.
[3 : mcmc] Progress @ 2025-04-08 12:43:38 : 21215 steps taken, and 7687 accepted.
[1 : mcmc] Progress @ 2025-04-08 12:44:04 : 21067 steps taken, and 7497 accepted.
[2 : mcmc] Progress @ 2025-04-08 12:44:10 : 21282 steps taken, and 7768 accepted.
[0 : mcmc] Progress @ 2025-04-08 12:44:31 : 21043 steps taken, and 7601 accepted.
[3 : mcmc] Progress @ 2025-04-08 12:44:41 : 21233 steps taken, and 7695 accepted.
[1 : mcmc] Progress @ 2025-04-08 12:45:04 : 21085 steps taken, and 7502 accepted.
[2 : mcmc] Progress @ 2025-04-08 12:45:13 : 21300 steps taken, and 7774 accepted.
[0 : mcmc] Progress @ 2025-04-08 12:45:33 : 21060 steps taken, and 7611 accepted.
[3 : mcmc] Progress @ 2025-04-08 12:45:44 : 21261 steps taken, and 7705 accepted.
[1 : mcmc] Progress @ 2025-04-08 12:46:04 : 21103 steps taken, and 7507 accepted.
[2 : mcmc] Progress @ 2025-04-08 12:46:17 : 21321 steps taken, and 7782 accepted.
[0 : mcmc] Progress @ 2025-04-08 12:46:35 : 21079 steps taken, and 7619 accepted.
[3 : mcmc] Progress @ 2025-04-08 12:46:44 : 21279 steps taken, and 7708 accepted.
[1 : mcmc] Progress @ 2025-04-08 12:47:07 : 21121 steps taken, and 7515 accepted.
[2 : mcmc] Progress @ 2025-04-08 12:47:20 : 21339 steps taken, and 7786 accepted.
[0 : mcmc] Progress @ 2025-04-08 12:47:39 : 21108 steps taken, and 7628 accepted.
[3 : mcmc] Progress @ 2025-04-08 12:47:45 : 21298 steps taken, and 7712 accepted.
[1 : mcmc] Progress @ 2025-04-08 12:48:08 : 21140 steps taken, and 7522 accepted.
[2 : mcmc] Progress @ 2025-04-08 12:48:21 : 21358 steps taken, and 7789 accepted.
[0 : mcmc] Progress @ 2025-04-08 12:48:41 : 21140 steps taken, and 7636 accepted.
[3 : mcmc] Progress @ 2025-04-08 12:48:45 : 21319 steps taken, and 7717 accepted.
[1 : mcmc] Progress @ 2025-04-08 12:49:08 : 21159 steps taken, and 7529 accepted.
[2 : mcmc] Progress @ 2025-04-08 12:49:24 : 21376 steps taken, and 7799 accepted.
[0 : mcmc] Progress @ 2025-04-08 12:49:42 : 21159 steps taken, and 7641 accepted.
[3 : mcmc] Progress @ 2025-04-08 12:49:45 : 21338 steps taken, and 7723 accepted.
[1 : mcmc] Progress @ 2025-04-08 12:50:11 : 21177 steps taken, and 7538 accepted.
[2 : mcmc] Progress @ 2025-04-08 12:50:28 : 21395 steps taken, and 7809 accepted.
[0 : mcmc] Progress @ 2025-04-08 12:50:42 : 21179 steps taken, and 7649 accepted.
[3 : mcmc] Progress @ 2025-04-08 12:50:46 : 21356 steps taken, and 7730 accepted.
[1 : mcmc] Progress @ 2025-04-08 12:51:11 : 21195 steps taken, and 7545 accepted.
[2 : mcmc] Progress @ 2025-04-08 12:51:32 : 21414 steps taken, and 7818 accepted.
[0 : mcmc] Progress @ 2025-04-08 12:51:45 : 21198 steps taken, and 7654 accepted.
[3 : mcmc] Progress @ 2025-04-08 12:51:49 : 21375 steps taken, and 7734 accepted.
[1 : mcmc] Progress @ 2025-04-08 12:52:15 : 21213 steps taken, and 7552 accepted.
[2 : mcmc] Progress @ 2025-04-08 12:52:35 : 21432 steps taken, and 7824 accepted.
[0 : mcmc] Progress @ 2025-04-08 12:52:47 : 21221 steps taken, and 7664 accepted.
[3 : mcmc] Progress @ 2025-04-08 12:52:49 : 21393 steps taken, and 7742 accepted.
[1 : mcmc] Progress @ 2025-04-08 12:53:15 : 21231 steps taken, and 7558 accepted.
[2 : mcmc] Progress @ 2025-04-08 12:53:38 : 21450 steps taken, and 7830 accepted.
[0 : mcmc] Progress @ 2025-04-08 12:53:47 : 21240 steps taken, and 7671 accepted.
[3 : mcmc] Progress @ 2025-04-08 12:53:51 : 21410 steps taken, and 7748 accepted.
[1 : mcmc] Progress @ 2025-04-08 12:54:16 : 21250 steps taken, and 7564 accepted.
[2 : mcmc] Progress @ 2025-04-08 12:54:39 : 21471 steps taken, and 7836 accepted.
[0 : mcmc] Progress @ 2025-04-08 12:54:49 : 21266 steps taken, and 7677 accepted.
[3 : mcmc] Progress @ 2025-04-08 12:54:52 : 21429 steps taken, and 7753 accepted.
[1 : mcmc] Progress @ 2025-04-08 12:55:18 : 21268 steps taken, and 7568 accepted.
[0 : mcmc] Learn + convergence test @ 7680 samples accepted.
[0 : mcmc] Ready to check convergence and learn a new proposal covmat (waiting for the rest...)
[2 : mcmc] Progress @ 2025-04-08 12:55:42 : 21490 steps taken, and 7845 accepted.
[0 : mcmc] Progress @ 2025-04-08 12:55:49 : 21285 steps taken, and 7682 accepted.
[3 : mcmc] Progress @ 2025-04-08 12:55:56 : 21449 steps taken, and 7757 accepted.
[1 : mcmc] Progress @ 2025-04-08 12:56:19 : 21288 steps taken, and 7575 accepted.
[2 : mcmc] Progress @ 2025-04-08 12:56:43 : 21511 steps taken, and 7853 accepted.
[0 : mcmc] Progress @ 2025-04-08 12:56:49 : 21306 steps taken, and 7692 accepted.
[3 : mcmc] Progress @ 2025-04-08 12:56:56 : 21467 steps taken, and 7764 accepted.
[1 : mcmc] Progress @ 2025-04-08 12:57:19 : 21306 steps taken, and 7581 accepted.
[2 : mcmc] Progress @ 2025-04-08 12:57:46 : 21529 steps taken, and 7862 accepted.
[0 : mcmc] Progress @ 2025-04-08 12:57:50 : 21326 steps taken, and 7698 accepted.
[3 : mcmc] Progress @ 2025-04-08 12:57:56 : 21486 steps taken, and 7772 accepted.
[1 : mcmc] Progress @ 2025-04-08 12:58:19 : 21324 steps taken, and 7593 accepted.
[2 : mcmc] Progress @ 2025-04-08 12:58:49 : 21547 steps taken, and 7869 accepted.
[0 : mcmc] Progress @ 2025-04-08 12:58:50 : 21344 steps taken, and 7704 accepted.
[3 : mcmc] Progress @ 2025-04-08 12:58:59 : 21505 steps taken, and 7776 accepted.
[1 : mcmc] Progress @ 2025-04-08 12:59:23 : 21346 steps taken, and 7599 accepted.
[2 : mcmc] Progress @ 2025-04-08 12:59:53 : 21566 steps taken, and 7880 accepted.
[0 : mcmc] Progress @ 2025-04-08 12:59:54 : 21362 steps taken, and 7713 accepted.
[3 : mcmc] Progress @ 2025-04-08 13:00:01 : 21524 steps taken, and 7784 accepted.
[1 : mcmc] Progress @ 2025-04-08 13:00:23 : 21364 steps taken, and 7604 accepted.
[0 : mcmc] Progress @ 2025-04-08 13:00:55 : 21384 steps taken, and 7721 accepted.
[2 : mcmc] Progress @ 2025-04-08 13:00:56 : 21586 steps taken, and 7884 accepted.
[3 : mcmc] Progress @ 2025-04-08 13:01:03 : 21541 steps taken, and 7792 accepted.
[1 : mcmc] Progress @ 2025-04-08 13:01:27 : 21383 steps taken, and 7611 accepted.
[0 : mcmc] Progress @ 2025-04-08 13:01:56 : 21402 steps taken, and 7728 accepted.
[2 : mcmc] Progress @ 2025-04-08 13:01:56 : 21604 steps taken, and 7896 accepted.
[3 : mcmc] Progress @ 2025-04-08 13:02:06 : 21568 steps taken, and 7803 accepted.
[1 : mcmc] Progress @ 2025-04-08 13:02:30 : 21401 steps taken, and 7620 accepted.
[2 : mcmc] Progress @ 2025-04-08 13:02:57 : 21625 steps taken, and 7907 accepted.
[0 : mcmc] Progress @ 2025-04-08 13:02:59 : 21420 steps taken, and 7735 accepted.
[3 : mcmc] Progress @ 2025-04-08 13:03:06 : 21589 steps taken, and 7808 accepted.
[1 : mcmc] Progress @ 2025-04-08 13:03:31 : 21422 steps taken, and 7624 accepted.
[2 : mcmc] Progress @ 2025-04-08 13:03:57 : 21652 steps taken, and 7914 accepted.
[0 : mcmc] Progress @ 2025-04-08 13:04:00 : 21438 steps taken, and 7744 accepted.
[3 : mcmc] Progress @ 2025-04-08 13:04:06 : 21608 steps taken, and 7814 accepted.
[1 : mcmc] Progress @ 2025-04-08 13:04:34 : 21440 steps taken, and 7629 accepted.
[2 : mcmc] Progress @ 2025-04-08 13:04:58 : 21671 steps taken, and 7919 accepted.
[0 : mcmc] Progress @ 2025-04-08 13:05:04 : 21458 steps taken, and 7749 accepted.
[3 : mcmc] Progress @ 2025-04-08 13:05:07 : 21629 steps taken, and 7821 accepted.
[1 : mcmc] Progress @ 2025-04-08 13:05:36 : 21458 steps taken, and 7634 accepted.
[2 : mcmc] Progress @ 2025-04-08 13:06:01 : 21690 steps taken, and 7932 accepted.
[0 : mcmc] Progress @ 2025-04-08 13:06:05 : 21475 steps taken, and 7756 accepted.
[3 : mcmc] Progress @ 2025-04-08 13:06:10 : 21646 steps taken, and 7827 accepted.
[1 : mcmc] Progress @ 2025-04-08 13:06:40 : 21477 steps taken, and 7641 accepted.
[2 : mcmc] Progress @ 2025-04-08 13:07:06 : 21710 steps taken, and 7937 accepted.
[0 : mcmc] Progress @ 2025-04-08 13:07:09 : 21494 steps taken, and 7762 accepted.
[3 : mcmc] Progress @ 2025-04-08 13:07:11 : 21667 steps taken, and 7834 accepted.
[1 : mcmc] Progress @ 2025-04-08 13:07:41 : 21496 steps taken, and 7651 accepted.
[2 : mcmc] Progress @ 2025-04-08 13:08:08 : 21737 steps taken, and 7945 accepted.
[0 : mcmc] Progress @ 2025-04-08 13:08:09 : 21512 steps taken, and 7768 accepted.
[3 : mcmc] Progress @ 2025-04-08 13:08:15 : 21685 steps taken, and 7843 accepted.
[1 : mcmc] Progress @ 2025-04-08 13:08:45 : 21514 steps taken, and 7659 accepted.
[2 : mcmc] Progress @ 2025-04-08 13:09:10 : 21762 steps taken, and 7953 accepted.
[0 : mcmc] Progress @ 2025-04-08 13:09:13 : 21530 steps taken, and 7774 accepted.
[3 : mcmc] Progress @ 2025-04-08 13:09:15 : 21704 steps taken, and 7852 accepted.
[1 : mcmc] Progress @ 2025-04-08 13:09:46 : 21535 steps taken, and 7666 accepted.
[2 : mcmc] Progress @ 2025-04-08 13:10:14 : 21783 steps taken, and 7962 accepted.
[0 : mcmc] Progress @ 2025-04-08 13:10:14 : 21550 steps taken, and 7780 accepted.
[3 : mcmc] Progress @ 2025-04-08 13:10:17 : 21724 steps taken, and 7863 accepted.
[1 : mcmc] Progress @ 2025-04-08 13:10:49 : 21553 steps taken, and 7673 accepted.
[2 : mcmc] Progress @ 2025-04-08 13:11:17 : 21801 steps taken, and 7964 accepted.
[0 : mcmc] Progress @ 2025-04-08 13:11:17 : 21567 steps taken, and 7787 accepted.
[3 : mcmc] Progress @ 2025-04-08 13:11:20 : 21742 steps taken, and 7870 accepted.
[1 : mcmc] Learn + convergence test @ 7680 samples accepted.
[1 : mcmc] Ready to check convergence and learn a new proposal covmat (waiting for the rest...)
[0 : mcmc] All chains are ready to check convergence and learn a new proposal covmat
[0 : mcmc]  - Acceptance rate: 0.367 = avg([0.3651, 0.3641, 0.3735, 0.3651])
[0 : mcmc]  - Convergence of means: R-1 = 0.009356 after 31314 accepted steps = sum([7789, 7680, 7969, 7876])
[0 : mcmc]  - Updated covariance matrix of proposal pdf.
[2 : mcmc] Progress @ 2025-04-08 13:12:18 : 21815 steps taken, and 7969 accepted.
[0 : mcmc] Progress @ 2025-04-08 13:12:18 : 21579 steps taken, and 7790 accepted.
[1 : mcmc] Progress @ 2025-04-08 13:12:18 : 21571 steps taken, and 7681 accepted.
[3 : mcmc] Progress @ 2025-04-08 13:12:23 : 21760 steps taken, and 7877 accepted.
[1 : mcmc] Progress @ 2025-04-08 13:13:18 : 21592 steps taken, and 7687 accepted.
[0 : mcmc] Progress @ 2025-04-08 13:13:19 : 21600 steps taken, and 7796 accepted.
[2 : mcmc] Progress @ 2025-04-08 13:13:22 : 21834 steps taken, and 7977 accepted.
[3 : mcmc] Progress @ 2025-04-08 13:13:26 : 21778 steps taken, and 7886 accepted.
[1 : mcmc] Progress @ 2025-04-08 13:14:18 : 21612 steps taken, and 7696 accepted.
[0 : mcmc] Progress @ 2025-04-08 13:14:20 : 21618 steps taken, and 7803 accepted.
[2 : mcmc] Progress @ 2025-04-08 13:14:26 : 21856 steps taken, and 7981 accepted.
[3 : mcmc] Progress @ 2025-04-08 13:14:26 : 21797 steps taken, and 7891 accepted.
[1 : mcmc] Progress @ 2025-04-08 13:15:18 : 21632 steps taken, and 7701 accepted.
[0 : mcmc] Progress @ 2025-04-08 13:15:22 : 21635 steps taken, and 7810 accepted.
[3 : mcmc] Progress @ 2025-04-08 13:15:26 : 21815 steps taken, and 7897 accepted.
[2 : mcmc] Progress @ 2025-04-08 13:15:29 : 21874 steps taken, and 7985 accepted.
[1 : mcmc] Progress @ 2025-04-08 13:16:23 : 21651 steps taken, and 7710 accepted.
[0 : mcmc] Progress @ 2025-04-08 13:16:23 : 21658 steps taken, and 7819 accepted.
[3 : mcmc] Progress @ 2025-04-08 13:16:26 : 21833 steps taken, and 7903 accepted.
[2 : mcmc] Progress @ 2025-04-08 13:16:30 : 21894 steps taken, and 7994 accepted.
[2 : mcmc] Learn + convergence test @ 8000 samples accepted.
[2 : mcmc] Ready to check convergence and learn a new proposal covmat (waiting for the rest...)
[0 : mcmc] Progress @ 2025-04-08 13:17:23 : 21676 steps taken, and 7829 accepted.
[1 : mcmc] Progress @ 2025-04-08 13:17:27 : 21671 steps taken, and 7714 accepted.
[3 : mcmc] Progress @ 2025-04-08 13:17:29 : 21852 steps taken, and 7906 accepted.
[2 : mcmc] Progress @ 2025-04-08 13:17:32 : 21913 steps taken, and 8001 accepted.
[0 : mcmc] Progress @ 2025-04-08 13:18:27 : 21695 steps taken, and 7838 accepted.
[1 : mcmc] Progress @ 2025-04-08 13:18:28 : 21692 steps taken, and 7721 accepted.
[3 : mcmc] Progress @ 2025-04-08 13:18:30 : 21870 steps taken, and 7911 accepted.
[2 : mcmc] Progress @ 2025-04-08 13:18:36 : 21932 steps taken, and 8010 accepted.
[1 : mcmc] Progress @ 2025-04-08 13:19:29 : 21708 steps taken, and 7729 accepted.
[0 : mcmc] Progress @ 2025-04-08 13:19:30 : 21713 steps taken, and 7847 accepted.
[3 : mcmc] Progress @ 2025-04-08 13:19:32 : 21887 steps taken, and 7921 accepted.
[2 : mcmc] Progress @ 2025-04-08 13:19:39 : 21951 steps taken, and 8018 accepted.
[1 : mcmc] Progress @ 2025-04-08 13:20:30 : 21727 steps taken, and 7737 accepted.
[0 : mcmc] Progress @ 2025-04-08 13:20:31 : 21732 steps taken, and 7854 accepted.
[3 : mcmc] Progress @ 2025-04-08 13:20:32 : 21905 steps taken, and 7927 accepted.
[2 : mcmc] Progress @ 2025-04-08 13:20:43 : 21970 steps taken, and 8023 accepted.
[0 : mcmc] Progress @ 2025-04-08 13:21:31 : 21751 steps taken, and 7861 accepted.
[3 : mcmc] Progress @ 2025-04-08 13:21:32 : 21923 steps taken, and 7933 accepted.
[1 : mcmc] Progress @ 2025-04-08 13:21:33 : 21746 steps taken, and 7740 accepted.
[2 : mcmc] Progress @ 2025-04-08 13:21:47 : 21989 steps taken, and 8030 accepted.
[0 : mcmc] Progress @ 2025-04-08 13:22:31 : 21769 steps taken, and 7866 accepted.
[3 : mcmc] Progress @ 2025-04-08 13:22:32 : 21944 steps taken, and 7938 accepted.
[1 : mcmc] Progress @ 2025-04-08 13:22:35 : 21765 steps taken, and 7746 accepted.
[2 : mcmc] Progress @ 2025-04-08 13:22:49 : 22007 steps taken, and 8037 accepted.
[0 : mcmc] Progress @ 2025-04-08 13:23:35 : 21787 steps taken, and 7871 accepted.
[1 : mcmc] Progress @ 2025-04-08 13:23:36 : 21788 steps taken, and 7755 accepted.
[3 : mcmc] Progress @ 2025-04-08 13:23:36 : 21972 steps taken, and 7944 accepted.
[2 : mcmc] Progress @ 2025-04-08 13:23:49 : 22026 steps taken, and 8042 accepted.
[3 : mcmc] Progress @ 2025-04-08 13:24:37 : 21988 steps taken, and 7947 accepted.
[0 : mcmc] Progress @ 2025-04-08 13:24:38 : 21807 steps taken, and 7877 accepted.
[1 : mcmc] Progress @ 2025-04-08 13:24:39 : 21806 steps taken, and 7763 accepted.
[2 : mcmc] Progress @ 2025-04-08 13:24:52 : 22044 steps taken, and 8050 accepted.
[3 : mcmc] Progress @ 2025-04-08 13:25:38 : 22007 steps taken, and 7955 accepted.
[1 : mcmc] Progress @ 2025-04-08 13:25:40 : 21825 steps taken, and 7771 accepted.
[0 : mcmc] Progress @ 2025-04-08 13:25:42 : 21826 steps taken, and 7883 accepted.
[2 : mcmc] Progress @ 2025-04-08 13:25:56 : 22063 steps taken, and 8055 accepted.
[3 : mcmc] Progress @ 2025-04-08 13:26:39 : 22025 steps taken, and 7960 accepted.
[1 : mcmc] Progress @ 2025-04-08 13:26:43 : 21845 steps taken, and 7780 accepted.
[0 : mcmc] Progress @ 2025-04-08 13:26:43 : 21848 steps taken, and 7893 accepted.
[2 : mcmc] Progress @ 2025-04-08 13:26:59 : 22081 steps taken, and 8060 accepted.
[3 : mcmc] Progress @ 2025-04-08 13:27:41 : 22044 steps taken, and 7969 accepted.
[1 : mcmc] Progress @ 2025-04-08 13:27:43 : 21866 steps taken, and 7785 accepted.
[0 : mcmc] Progress @ 2025-04-08 13:27:43 : 21867 steps taken, and 7899 accepted.
[2 : mcmc] Progress @ 2025-04-08 13:28:02 : 22101 steps taken, and 8070 accepted.
[1 : mcmc] Progress @ 2025-04-08 13:28:43 : 21884 steps taken, and 7796 accepted.
[3 : mcmc] Progress @ 2025-04-08 13:28:43 : 22066 steps taken, and 7979 accepted.
[0 : mcmc] Progress @ 2025-04-08 13:28:43 : 21886 steps taken, and 7906 accepted.
[2 : mcmc] Progress @ 2025-04-08 13:29:02 : 22120 steps taken, and 8078 accepted.
[1 : mcmc] Progress @ 2025-04-08 13:29:43 : 21902 steps taken, and 7801 accepted.
[3 : mcmc] Progress @ 2025-04-08 13:29:43 : 22086 steps taken, and 7987 accepted.
[0 : mcmc] Progress @ 2025-04-08 13:29:46 : 21905 steps taken, and 7913 accepted.
[2 : mcmc] Progress @ 2025-04-08 13:30:06 : 22139 steps taken, and 8084 accepted.
[3 : mcmc] Progress @ 2025-04-08 13:30:46 : 22104 steps taken, and 7993 accepted.
[1 : mcmc] Progress @ 2025-04-08 13:30:46 : 21921 steps taken, and 7804 accepted.
[0 : mcmc] Progress @ 2025-04-08 13:30:47 : 21926 steps taken, and 7923 accepted.
[2 : mcmc] Progress @ 2025-04-08 13:31:09 : 22157 steps taken, and 8090 accepted.
[3 : mcmc] Learn + convergence test @ 8000 samples accepted.
[3 : mcmc] Ready to check convergence and learn a new proposal covmat (waiting for the rest...)
[1 : mcmc] Progress @ 2025-04-08 13:31:47 : 21941 steps taken, and 7811 accepted.
[3 : mcmc] Progress @ 2025-04-08 13:31:47 : 22123 steps taken, and 8001 accepted.
[0 : mcmc] Progress @ 2025-04-08 13:31:47 : 21944 steps taken, and 7928 accepted.
[2 : mcmc] Progress @ 2025-04-08 13:32:13 : 22176 steps taken, and 8099 accepted.
[0 : mcmc] Progress @ 2025-04-08 13:32:47 : 21962 steps taken, and 7933 accepted.
[1 : mcmc] Progress @ 2025-04-08 13:32:48 : 21963 steps taken, and 7814 accepted.
[3 : mcmc] Progress @ 2025-04-08 13:32:50 : 22148 steps taken, and 8008 accepted.
[2 : mcmc] Progress @ 2025-04-08 13:33:14 : 22201 steps taken, and 8107 accepted.
[0 : mcmc] Progress @ 2025-04-08 13:33:47 : 21985 steps taken, and 7941 accepted.
[1 : mcmc] Progress @ 2025-04-08 13:33:48 : 21981 steps taken, and 7820 accepted.
[3 : mcmc] Progress @ 2025-04-08 13:33:52 : 22167 steps taken, and 8012 accepted.
[2 : mcmc] Progress @ 2025-04-08 13:34:15 : 22222 steps taken, and 8115 accepted.
[0 : mcmc] Progress @ 2025-04-08 13:34:47 : 22003 steps taken, and 7950 accepted.
[1 : mcmc] Progress @ 2025-04-08 13:34:51 : 21999 steps taken, and 7827 accepted.
[3 : mcmc] Progress @ 2025-04-08 13:34:54 : 22194 steps taken, and 8020 accepted.
[2 : mcmc] Progress @ 2025-04-08 13:35:18 : 22240 steps taken, and 8121 accepted.
[0 : mcmc] Progress @ 2025-04-08 13:35:51 : 22021 steps taken, and 7961 accepted.
[3 : mcmc] Progress @ 2025-04-08 13:35:54 : 22212 steps taken, and 8029 accepted.
[1 : mcmc] Progress @ 2025-04-08 13:35:55 : 22018 steps taken, and 7834 accepted.
[2 : mcmc] Progress @ 2025-04-08 13:36:22 : 22259 steps taken, and 8127 accepted.
[0 : mcmc] Progress @ 2025-04-08 13:36:52 : 22042 steps taken, and 7969 accepted.
[3 : mcmc] Progress @ 2025-04-08 13:36:55 : 22231 steps taken, and 8034 accepted.
[1 : mcmc] Progress @ 2025-04-08 13:36:56 : 22038 steps taken, and 7845 accepted.
[2 : mcmc] Progress @ 2025-04-08 13:37:26 : 22278 steps taken, and 8131 accepted.
[0 : mcmc] Progress @ 2025-04-08 13:37:53 : 22065 steps taken, and 7974 accepted.
[3 : mcmc] Progress @ 2025-04-08 13:37:58 : 22250 steps taken, and 8041 accepted.
[1 : mcmc] Progress @ 2025-04-08 13:37:59 : 22056 steps taken, and 7851 accepted.
[2 : mcmc] Progress @ 2025-04-08 13:38:30 : 22298 steps taken, and 8136 accepted.
[0 : mcmc] Progress @ 2025-04-08 13:38:54 : 22086 steps taken, and 7982 accepted.
[3 : mcmc] Progress @ 2025-04-08 13:38:59 : 22270 steps taken, and 8049 accepted.
[1 : mcmc] Progress @ 2025-04-08 13:39:01 : 22079 steps taken, and 7859 accepted.
[2 : mcmc] Progress @ 2025-04-08 13:39:30 : 22316 steps taken, and 8140 accepted.
[0 : mcmc] Progress @ 2025-04-08 13:39:57 : 22104 steps taken, and 7985 accepted.
[3 : mcmc] Progress @ 2025-04-08 13:40:02 : 22288 steps taken, and 8055 accepted.
[1 : mcmc] Progress @ 2025-04-08 13:40:02 : 22104 steps taken, and 7867 accepted.
[2 : mcmc] Progress @ 2025-04-08 13:40:32 : 22334 steps taken, and 8149 accepted.
[0 : mcmc] Progress @ 2025-04-08 13:40:58 : 22123 steps taken, and 7994 accepted.
[3 : mcmc] Progress @ 2025-04-08 13:41:02 : 22306 steps taken, and 8064 accepted.
[1 : mcmc] Progress @ 2025-04-08 13:41:05 : 22134 steps taken, and 7875 accepted.
[0 : mcmc] Learn + convergence test @ 8000 samples accepted.
[0 : mcmc] Ready to check convergence and learn a new proposal covmat (waiting for the rest...)
[2 : mcmc] Progress @ 2025-04-08 13:41:35 : 22352 steps taken, and 8154 accepted.
[0 : mcmc] Progress @ 2025-04-08 13:42:01 : 22141 steps taken, and 8004 accepted.
[3 : mcmc] Progress @ 2025-04-08 13:42:05 : 22323 steps taken, and 8071 accepted.
[1 : mcmc] Progress @ 2025-04-08 13:42:06 : 22155 steps taken, and 7879 accepted.
[2 : mcmc] Progress @ 2025-04-08 13:42:38 : 22371 steps taken, and 8162 accepted.
[0 : mcmc] Progress @ 2025-04-08 13:43:01 : 22159 steps taken, and 8009 accepted.
[1 : mcmc] Progress @ 2025-04-08 13:43:06 : 22174 steps taken, and 7887 accepted.
[3 : mcmc] Progress @ 2025-04-08 13:43:06 : 22346 steps taken, and 8079 accepted.
[2 : mcmc] Progress @ 2025-04-08 13:43:41 : 22390 steps taken, and 8168 accepted.
[0 : mcmc] Progress @ 2025-04-08 13:44:02 : 22179 steps taken, and 8016 accepted.
[1 : mcmc] Progress @ 2025-04-08 13:44:06 : 22195 steps taken, and 7893 accepted.
[3 : mcmc] Progress @ 2025-04-08 13:44:07 : 22366 steps taken, and 8084 accepted.
[2 : mcmc] Progress @ 2025-04-08 13:44:45 : 22409 steps taken, and 8175 accepted.
[0 : mcmc] Progress @ 2025-04-08 13:45:02 : 22199 steps taken, and 8022 accepted.
[1 : mcmc] Progress @ 2025-04-08 13:45:07 : 22213 steps taken, and 7900 accepted.
[3 : mcmc] Progress @ 2025-04-08 13:45:07 : 22385 steps taken, and 8088 accepted.
[2 : mcmc] Progress @ 2025-04-08 13:45:49 : 22428 steps taken, and 8182 accepted.
[0 : mcmc] Progress @ 2025-04-08 13:46:05 : 22217 steps taken, and 8031 accepted.
[1 : mcmc] Progress @ 2025-04-08 13:46:09 : 22230 steps taken, and 7907 accepted.
[3 : mcmc] Progress @ 2025-04-08 13:46:10 : 22403 steps taken, and 8093 accepted.
[2 : mcmc] Progress @ 2025-04-08 13:46:50 : 22445 steps taken, and 8187 accepted.
[0 : mcmc] Progress @ 2025-04-08 13:47:05 : 22235 steps taken, and 8039 accepted.
[1 : mcmc] Progress @ 2025-04-08 13:47:10 : 22252 steps taken, and 7917 accepted.
[3 : mcmc] Progress @ 2025-04-08 13:47:10 : 22421 steps taken, and 8102 accepted.
[2 : mcmc] Progress @ 2025-04-08 13:47:51 : 22465 steps taken, and 8194 accepted.
[0 : mcmc] Progress @ 2025-04-08 13:48:09 : 22254 steps taken, and 8043 accepted.
[1 : mcmc] Progress @ 2025-04-08 13:48:10 : 22272 steps taken, and 7922 accepted.
[3 : mcmc] Progress @ 2025-04-08 13:48:10 : 22443 steps taken, and 8109 accepted.
[2 : mcmc] Progress @ 2025-04-08 13:48:55 : 22485 steps taken, and 8201 accepted.
[1 : mcmc] Progress @ 2025-04-08 13:49:11 : 22291 steps taken, and 7933 accepted.
[3 : mcmc] Progress @ 2025-04-08 13:49:11 : 22462 steps taken, and 8117 accepted.
[0 : mcmc] Progress @ 2025-04-08 13:49:12 : 22272 steps taken, and 8047 accepted.
[2 : mcmc] Progress @ 2025-04-08 13:49:56 : 22508 steps taken, and 8208 accepted.
[1 : mcmc] Progress @ 2025-04-08 13:50:11 : 22310 steps taken, and 7937 accepted.
[3 : mcmc] Progress @ 2025-04-08 13:50:11 : 22480 steps taken, and 8126 accepted.
[0 : mcmc] Progress @ 2025-04-08 13:50:12 : 22290 steps taken, and 8055 accepted.
[2 : mcmc] Progress @ 2025-04-08 13:50:59 : 22528 steps taken, and 8215 accepted.
[1 : mcmc] Progress @ 2025-04-08 13:51:14 : 22328 steps taken, and 7946 accepted.
[3 : mcmc] Progress @ 2025-04-08 13:51:14 : 22499 steps taken, and 8129 accepted.
[0 : mcmc] Progress @ 2025-04-08 13:51:14 : 22308 steps taken, and 8063 accepted.
[2 : mcmc] Progress @ 2025-04-08 13:52:02 : 22546 steps taken, and 8224 accepted.
[1 : mcmc] Progress @ 2025-04-08 13:52:14 : 22346 steps taken, and 7955 accepted.
[3 : mcmc] Progress @ 2025-04-08 13:52:15 : 22518 steps taken, and 8136 accepted.
[0 : mcmc] Progress @ 2025-04-08 13:52:17 : 22331 steps taken, and 8071 accepted.
[2 : mcmc] Progress @ 2025-04-08 13:53:03 : 22565 steps taken, and 8233 accepted.
[3 : mcmc] Progress @ 2025-04-08 13:53:16 : 22538 steps taken, and 8140 accepted.
[0 : mcmc] Progress @ 2025-04-08 13:53:17 : 22349 steps taken, and 8077 accepted.
[1 : mcmc] Progress @ 2025-04-08 13:53:18 : 22364 steps taken, and 7960 accepted.
[2 : mcmc] Progress @ 2025-04-08 13:54:06 : 22583 steps taken, and 8241 accepted.
[3 : mcmc] Progress @ 2025-04-08 13:54:16 : 22557 steps taken, and 8148 accepted.
[1 : mcmc] Progress @ 2025-04-08 13:54:18 : 22384 steps taken, and 7969 accepted.
[0 : mcmc] Progress @ 2025-04-08 13:54:20 : 22368 steps taken, and 8085 accepted.
[2 : mcmc] Progress @ 2025-04-08 13:55:08 : 22601 steps taken, and 8252 accepted.
[3 : mcmc] Progress @ 2025-04-08 13:55:19 : 22575 steps taken, and 8152 accepted.
[1 : mcmc] Progress @ 2025-04-08 13:55:21 : 22402 steps taken, and 7974 accepted.
[0 : mcmc] Progress @ 2025-04-08 13:55:23 : 22387 steps taken, and 8087 accepted.
[2 : mcmc] Progress @ 2025-04-08 13:56:11 : 22620 steps taken, and 8259 accepted.
[1 : mcmc] Progress @ 2025-04-08 13:56:22 : 22422 steps taken, and 7983 accepted.
[3 : mcmc] Progress @ 2025-04-08 13:56:23 : 22595 steps taken, and 8159 accepted.
[0 : mcmc] Progress @ 2025-04-08 13:56:23 : 22405 steps taken, and 8093 accepted.
[2 : mcmc] Progress @ 2025-04-08 13:57:12 : 22639 steps taken, and 8269 accepted.
[3 : mcmc] Progress @ 2025-04-08 13:57:23 : 22617 steps taken, and 8165 accepted.
[0 : mcmc] Progress @ 2025-04-08 13:57:23 : 22423 steps taken, and 8101 accepted.
[1 : mcmc] Progress @ 2025-04-08 13:57:24 : 22444 steps taken, and 7997 accepted.
[1 : mcmc] Learn + convergence test @ 8000 samples accepted.
[1 : mcmc] Ready to check convergence and learn a new proposal covmat (waiting for the rest...)
[0 : mcmc] All chains are ready to check convergence and learn a new proposal covmat
[0 : mcmc]  - Acceptance rate: 0.366 = avg([0.3661, 0.3644, 0.3733, 0.3619])
[0 : mcmc]  - Convergence of means: R-1 = 0.011717 after 32556 accepted steps = sum([8110, 8000, 8275, 8171])
[0 : mcmc]  - Updated covariance matrix of proposal pdf.
[2 : mcmc] Progress @ 2025-04-08 13:58:23 : 22658 steps taken, and 8276 accepted.
[0 : mcmc] Progress @ 2025-04-08 13:58:24 : 22442 steps taken, and 8112 accepted.
[3 : mcmc] Progress @ 2025-04-08 13:58:24 : 22639 steps taken, and 8172 accepted.
[1 : mcmc] Progress @ 2025-04-08 13:58:24 : 22455 steps taken, and 8001 accepted.
[3 : mcmc] Progress @ 2025-04-08 13:59:27 : 22670 steps taken, and 8183 accepted.
[2 : mcmc] Progress @ 2025-04-08 13:59:27 : 22678 steps taken, and 8282 accepted.
[1 : mcmc] Progress @ 2025-04-08 13:59:27 : 22473 steps taken, and 8006 accepted.
[0 : mcmc] Progress @ 2025-04-08 13:59:28 : 22463 steps taken, and 8120 accepted.
[2 : mcmc] Progress @ 2025-04-08 14:00:27 : 22694 steps taken, and 8286 accepted.
[1 : mcmc] Progress @ 2025-04-08 14:00:28 : 22491 steps taken, and 8011 accepted.
[3 : mcmc] Progress @ 2025-04-08 14:00:28 : 22690 steps taken, and 8192 accepted.
[0 : mcmc] Progress @ 2025-04-08 14:00:28 : 22481 steps taken, and 8123 accepted.
[2 : mcmc] Progress @ 2025-04-08 14:01:28 : 22713 steps taken, and 8293 accepted.
[3 : mcmc] Progress @ 2025-04-08 14:01:28 : 22709 steps taken, and 8197 accepted.
[0 : mcmc] Progress @ 2025-04-08 14:01:28 : 22502 steps taken, and 8133 accepted.
[1 : mcmc] Progress @ 2025-04-08 14:01:31 : 22509 steps taken, and 8016 accepted.
[0 : mcmc] Progress @ 2025-04-08 14:02:29 : 22520 steps taken, and 8141 accepted.
[2 : mcmc] Progress @ 2025-04-08 14:02:31 : 22731 steps taken, and 8305 accepted.
[1 : mcmc] Progress @ 2025-04-08 14:02:31 : 22527 steps taken, and 8022 accepted.
[3 : mcmc] Progress @ 2025-04-08 14:02:31 : 22728 steps taken, and 8204 accepted.
[0 : mcmc] Progress @ 2025-04-08 14:03:29 : 22543 steps taken, and 8150 accepted.
[1 : mcmc] Progress @ 2025-04-08 14:03:31 : 22545 steps taken, and 8028 accepted.
[3 : mcmc] Progress @ 2025-04-08 14:03:32 : 22746 steps taken, and 8210 accepted.
[2 : mcmc] Progress @ 2025-04-08 14:03:33 : 22759 steps taken, and 8315 accepted.
[2 : mcmc] Learn + convergence test @ 8320 samples accepted.
[2 : mcmc] Ready to check convergence and learn a new proposal covmat (waiting for the rest...)
[0 : mcmc] Progress @ 2025-04-08 14:04:30 : 22562 steps taken, and 8155 accepted.
[3 : mcmc] Progress @ 2025-04-08 14:04:32 : 22767 steps taken, and 8215 accepted.
[2 : mcmc] Progress @ 2025-04-08 14:04:34 : 22781 steps taken, and 8323 accepted.
[1 : mcmc] Progress @ 2025-04-08 14:04:34 : 22564 steps taken, and 8034 accepted.
[0 : mcmc] Progress @ 2025-04-08 14:05:30 : 22582 steps taken, and 8162 accepted.
[3 : mcmc] Progress @ 2025-04-08 14:05:33 : 22791 steps taken, and 8223 accepted.
[1 : mcmc] Progress @ 2025-04-08 14:05:35 : 22584 steps taken, and 8041 accepted.
[2 : mcmc] Progress @ 2025-04-08 14:05:35 : 22807 steps taken, and 8330 accepted.
[0 : mcmc] Progress @ 2025-04-08 14:06:31 : 22602 steps taken, and 8169 accepted.
[3 : mcmc] Progress @ 2025-04-08 14:06:33 : 22809 steps taken, and 8231 accepted.
[2 : mcmc] Progress @ 2025-04-08 14:06:36 : 22826 steps taken, and 8340 accepted.
[1 : mcmc] Progress @ 2025-04-08 14:06:39 : 22603 steps taken, and 8049 accepted.
[0 : mcmc] Progress @ 2025-04-08 14:07:33 : 22620 steps taken, and 8177 accepted.
[3 : mcmc] Progress @ 2025-04-08 14:07:35 : 22827 steps taken, and 8238 accepted.
[1 : mcmc] Progress @ 2025-04-08 14:07:39 : 22623 steps taken, and 8056 accepted.
[2 : mcmc] Progress @ 2025-04-08 14:07:39 : 22845 steps taken, and 8346 accepted.
[0 : mcmc] Progress @ 2025-04-08 14:08:34 : 22642 steps taken, and 8190 accepted.
[3 : mcmc] Progress @ 2025-04-08 14:08:37 : 22848 steps taken, and 8247 accepted.
[1 : mcmc] Progress @ 2025-04-08 14:08:42 : 22642 steps taken, and 8062 accepted.
[2 : mcmc] Progress @ 2025-04-08 14:08:42 : 22863 steps taken, and 8352 accepted.
[0 : mcmc] Progress @ 2025-04-08 14:09:36 : 22666 steps taken, and 8197 accepted.
[3 : mcmc] Progress @ 2025-04-08 14:09:38 : 22872 steps taken, and 8253 accepted.
[1 : mcmc] Progress @ 2025-04-08 14:09:43 : 22661 steps taken, and 8071 accepted.
[2 : mcmc] Progress @ 2025-04-08 14:09:45 : 22882 steps taken, and 8362 accepted.
[0 : mcmc] Progress @ 2025-04-08 14:10:36 : 22684 steps taken, and 8204 accepted.
[3 : mcmc] Progress @ 2025-04-08 14:10:41 : 22891 steps taken, and 8257 accepted.
[2 : mcmc] Progress @ 2025-04-08 14:10:46 : 22902 steps taken, and 8372 accepted.
[1 : mcmc] Progress @ 2025-04-08 14:10:46 : 22681 steps taken, and 8073 accepted.
[0 : mcmc] Progress @ 2025-04-08 14:11:36 : 22703 steps taken, and 8209 accepted.
[3 : mcmc] Progress @ 2025-04-08 14:11:42 : 22910 steps taken, and 8265 accepted.
[2 : mcmc] Progress @ 2025-04-08 14:11:47 : 22925 steps taken, and 8385 accepted.
[1 : mcmc] Progress @ 2025-04-08 14:11:50 : 22699 steps taken, and 8080 accepted.
[0 : mcmc] Progress @ 2025-04-08 14:12:40 : 22723 steps taken, and 8216 accepted.
[3 : mcmc] Progress @ 2025-04-08 14:12:45 : 22928 steps taken, and 8269 accepted.
[2 : mcmc] Progress @ 2025-04-08 14:12:49 : 22943 steps taken, and 8389 accepted.
[1 : mcmc] Progress @ 2025-04-08 14:12:51 : 22719 steps taken, and 8087 accepted.
[0 : mcmc] Progress @ 2025-04-08 14:13:40 : 22742 steps taken, and 8224 accepted.
[3 : mcmc] Progress @ 2025-04-08 14:13:48 : 22946 steps taken, and 8276 accepted.
[2 : mcmc] Progress @ 2025-04-08 14:13:52 : 22962 steps taken, and 8397 accepted.
[1 : mcmc] Progress @ 2025-04-08 14:13:53 : 22742 steps taken, and 8100 accepted.
[0 : mcmc] Progress @ 2025-04-08 14:14:40 : 22761 steps taken, and 8231 accepted.
[3 : mcmc] Progress @ 2025-04-08 14:14:48 : 22965 steps taken, and 8282 accepted.
[1 : mcmc] Progress @ 2025-04-08 14:14:53 : 22763 steps taken, and 8106 accepted.
[2 : mcmc] Progress @ 2025-04-08 14:14:55 : 22980 steps taken, and 8405 accepted.
[0 : mcmc] Progress @ 2025-04-08 14:15:42 : 22783 steps taken, and 8239 accepted.
[3 : mcmc] Progress @ 2025-04-08 14:15:49 : 22984 steps taken, and 8291 accepted.
[1 : mcmc] Progress @ 2025-04-08 14:15:55 : 22781 steps taken, and 8114 accepted.
[2 : mcmc] Progress @ 2025-04-08 14:15:58 : 23009 steps taken, and 8411 accepted.
[0 : mcmc] Progress @ 2025-04-08 14:16:45 : 22803 steps taken, and 8250 accepted.
[3 : mcmc] Progress @ 2025-04-08 14:16:49 : 23005 steps taken, and 8296 accepted.
[1 : mcmc] Progress @ 2025-04-08 14:16:55 : 22799 steps taken, and 8118 accepted.
[2 : mcmc] Progress @ 2025-04-08 14:17:00 : 23037 steps taken, and 8417 accepted.
[0 : mcmc] Progress @ 2025-04-08 14:17:46 : 22821 steps taken, and 8258 accepted.
[3 : mcmc] Progress @ 2025-04-08 14:17:50 : 23025 steps taken, and 8302 accepted.
[1 : mcmc] Progress @ 2025-04-08 14:17:56 : 22817 steps taken, and 8126 accepted.
[2 : mcmc] Progress @ 2025-04-08 14:18:02 : 23062 steps taken, and 8427 accepted.
[0 : mcmc] Progress @ 2025-04-08 14:18:46 : 22845 steps taken, and 8266 accepted.
[3 : mcmc] Progress @ 2025-04-08 14:18:53 : 23043 steps taken, and 8309 accepted.
[1 : mcmc] Progress @ 2025-04-08 14:18:56 : 22835 steps taken, and 8133 accepted.
[2 : mcmc] Progress @ 2025-04-08 14:19:06 : 23082 steps taken, and 8431 accepted.
[0 : mcmc] Progress @ 2025-04-08 14:19:48 : 22865 steps taken, and 8275 accepted.
[3 : mcmc] Progress @ 2025-04-08 14:19:53 : 23062 steps taken, and 8312 accepted.
[1 : mcmc] Progress @ 2025-04-08 14:19:56 : 22853 steps taken, and 8139 accepted.
[2 : mcmc] Progress @ 2025-04-08 14:20:09 : 23100 steps taken, and 8434 accepted.
[0 : mcmc] Progress @ 2025-04-08 14:20:49 : 22888 steps taken, and 8288 accepted.
[3 : mcmc] Progress @ 2025-04-08 14:20:53 : 23080 steps taken, and 8315 accepted.
[1 : mcmc] Progress @ 2025-04-08 14:20:59 : 22873 steps taken, and 8146 accepted.
[2 : mcmc] Progress @ 2025-04-08 14:21:13 : 23119 steps taken, and 8439 accepted.
[3 : mcmc] Learn + convergence test @ 8320 samples accepted.
[3 : mcmc] Ready to check convergence and learn a new proposal covmat (waiting for the rest...)
[0 : mcmc] Progress @ 2025-04-08 14:21:51 : 22911 steps taken, and 8296 accepted.
[3 : mcmc] Progress @ 2025-04-08 14:21:55 : 23100 steps taken, and 8323 accepted.
[1 : mcmc] Progress @ 2025-04-08 14:22:01 : 22895 steps taken, and 8154 accepted.
[2 : mcmc] Progress @ 2025-04-08 14:22:17 : 23138 steps taken, and 8445 accepted.
[0 : mcmc] Progress @ 2025-04-08 14:22:53 : 22933 steps taken, and 8302 accepted.
[3 : mcmc] Progress @ 2025-04-08 14:22:57 : 23118 steps taken, and 8329 accepted.
[1 : mcmc] Progress @ 2025-04-08 14:23:01 : 22915 steps taken, and 8161 accepted.
[2 : mcmc] Progress @ 2025-04-08 14:23:21 : 23157 steps taken, and 8455 accepted.
[0 : mcmc] Progress @ 2025-04-08 14:23:56 : 22951 steps taken, and 8310 accepted.
[3 : mcmc] Progress @ 2025-04-08 14:23:57 : 23137 steps taken, and 8332 accepted.
[1 : mcmc] Progress @ 2025-04-08 14:24:01 : 22933 steps taken, and 8166 accepted.
[2 : mcmc] Progress @ 2025-04-08 14:24:23 : 23174 steps taken, and 8460 accepted.
[3 : mcmc] Progress @ 2025-04-08 14:24:57 : 23156 steps taken, and 8337 accepted.
[0 : mcmc] Progress @ 2025-04-08 14:24:59 : 22969 steps taken, and 8319 accepted.
[0 : mcmc] Learn + convergence test @ 8320 samples accepted.
[0 : mcmc] Ready to check convergence and learn a new proposal covmat (waiting for the rest...)
[1 : mcmc] Progress @ 2025-04-08 14:25:05 : 22953 steps taken, and 8174 accepted.
[2 : mcmc] Progress @ 2025-04-08 14:25:27 : 23193 steps taken, and 8467 accepted.
[3 : mcmc] Progress @ 2025-04-08 14:25:57 : 23175 steps taken, and 8342 accepted.
[0 : mcmc] Progress @ 2025-04-08 14:26:02 : 22987 steps taken, and 8326 accepted.
[1 : mcmc] Progress @ 2025-04-08 14:26:08 : 22971 steps taken, and 8186 accepted.
[2 : mcmc] Progress @ 2025-04-08 14:26:30 : 23211 steps taken, and 8478 accepted.
[3 : mcmc] Progress @ 2025-04-08 14:27:00 : 23194 steps taken, and 8347 accepted.
[0 : mcmc] Progress @ 2025-04-08 14:27:04 : 23007 steps taken, and 8332 accepted.
[1 : mcmc] Progress @ 2025-04-08 14:27:09 : 22990 steps taken, and 8194 accepted.
[2 : mcmc] Progress @ 2025-04-08 14:27:31 : 23230 steps taken, and 8482 accepted.
[3 : mcmc] Progress @ 2025-04-08 14:28:02 : 23214 steps taken, and 8360 accepted.
[0 : mcmc] Progress @ 2025-04-08 14:28:05 : 23029 steps taken, and 8342 accepted.
[1 : mcmc] Progress @ 2025-04-08 14:28:11 : 23014 steps taken, and 8204 accepted.
[2 : mcmc] Progress @ 2025-04-08 14:28:34 : 23249 steps taken, and 8486 accepted.
[3 : mcmc] Progress @ 2025-04-08 14:29:05 : 23232 steps taken, and 8368 accepted.
[0 : mcmc] Progress @ 2025-04-08 14:29:08 : 23047 steps taken, and 8347 accepted.
[1 : mcmc] Progress @ 2025-04-08 14:29:14 : 23033 steps taken, and 8213 accepted.
[2 : mcmc] Progress @ 2025-04-08 14:29:36 : 23268 steps taken, and 8494 accepted.
[3 : mcmc] Progress @ 2025-04-08 14:30:05 : 23250 steps taken, and 8375 accepted.
[0 : mcmc] Progress @ 2025-04-08 14:30:11 : 23066 steps taken, and 8353 accepted.
[1 : mcmc] Progress @ 2025-04-08 14:30:14 : 23052 steps taken, and 8217 accepted.
[2 : mcmc] Progress @ 2025-04-08 14:30:37 : 23288 steps taken, and 8497 accepted.
[3 : mcmc] Progress @ 2025-04-08 14:31:07 : 23267 steps taken, and 8384 accepted.
[0 : mcmc] Progress @ 2025-04-08 14:31:12 : 23084 steps taken, and 8360 accepted.
[1 : mcmc] Progress @ 2025-04-08 14:31:15 : 23070 steps taken, and 8225 accepted.
[2 : mcmc] Progress @ 2025-04-08 14:31:38 : 23306 steps taken, and 8504 accepted.
[3 : mcmc] Progress @ 2025-04-08 14:32:08 : 23287 steps taken, and 8396 accepted.
[0 : mcmc] Progress @ 2025-04-08 14:32:15 : 23102 steps taken, and 8365 accepted.
[1 : mcmc] Progress @ 2025-04-08 14:32:18 : 23091 steps taken, and 8231 accepted.
[2 : mcmc] Progress @ 2025-04-08 14:32:42 : 23327 steps taken, and 8509 accepted.
[3 : mcmc] Progress @ 2025-04-08 14:33:12 : 23305 steps taken, and 8403 accepted.
[0 : mcmc] Progress @ 2025-04-08 14:33:16 : 23122 steps taken, and 8370 accepted.
[1 : mcmc] Progress @ 2025-04-08 14:33:21 : 23109 steps taken, and 8237 accepted.
[2 : mcmc] Progress @ 2025-04-08 14:33:44 : 23355 steps taken, and 8516 accepted.
[3 : mcmc] Progress @ 2025-04-08 14:34:16 : 23324 steps taken, and 8412 accepted.
[0 : mcmc] Progress @ 2025-04-08 14:34:17 : 23141 steps taken, and 8380 accepted.
[1 : mcmc] Progress @ 2025-04-08 14:34:22 : 23129 steps taken, and 8242 accepted.
[2 : mcmc] Progress @ 2025-04-08 14:34:44 : 23374 steps taken, and 8525 accepted.
[3 : mcmc] Progress @ 2025-04-08 14:35:19 : 23342 steps taken, and 8420 accepted.
[0 : mcmc] Progress @ 2025-04-08 14:35:19 : 23158 steps taken, and 8385 accepted.
[1 : mcmc] Progress @ 2025-04-08 14:35:26 : 23150 steps taken, and 8250 accepted.
[2 : mcmc] Progress @ 2025-04-08 14:35:47 : 23393 steps taken, and 8531 accepted.
[0 : mcmc] Progress @ 2025-04-08 14:36:19 : 23177 steps taken, and 8389 accepted.
[3 : mcmc] Progress @ 2025-04-08 14:36:19 : 23360 steps taken, and 8428 accepted.
[1 : mcmc] Progress @ 2025-04-08 14:36:27 : 23172 steps taken, and 8259 accepted.
[2 : mcmc] Progress @ 2025-04-08 14:36:48 : 23419 steps taken, and 8540 accepted.
[0 : mcmc] Progress @ 2025-04-08 14:37:21 : 23199 steps taken, and 8397 accepted.
[3 : mcmc] Progress @ 2025-04-08 14:37:23 : 23390 steps taken, and 8434 accepted.
[1 : mcmc] Progress @ 2025-04-08 14:37:28 : 23204 steps taken, and 8266 accepted.
[2 : mcmc] Progress @ 2025-04-08 14:37:52 : 23450 steps taken, and 8549 accepted.
[0 : mcmc] Progress @ 2025-04-08 14:38:24 : 23219 steps taken, and 8403 accepted.
[3 : mcmc] Progress @ 2025-04-08 14:38:26 : 23410 steps taken, and 8441 accepted.
[1 : mcmc] Progress @ 2025-04-08 14:38:28 : 23225 steps taken, and 8273 accepted.
[2 : mcmc] Progress @ 2025-04-08 14:38:53 : 23472 steps taken, and 8558 accepted.
[0 : mcmc] Progress @ 2025-04-08 14:39:26 : 23239 steps taken, and 8406 accepted.
[3 : mcmc] Progress @ 2025-04-08 14:39:26 : 23428 steps taken, and 8448 accepted.
[1 : mcmc] Progress @ 2025-04-08 14:39:28 : 23244 steps taken, and 8277 accepted.
[2 : mcmc] Progress @ 2025-04-08 14:39:57 : 23493 steps taken, and 8568 accepted.
[3 : mcmc] Progress @ 2025-04-08 14:40:27 : 23446 steps taken, and 8456 accepted.
[1 : mcmc] Progress @ 2025-04-08 14:40:29 : 23264 steps taken, and 8285 accepted.
[0 : mcmc] Progress @ 2025-04-08 14:40:29 : 23259 steps taken, and 8411 accepted.
[2 : mcmc] Progress @ 2025-04-08 14:41:01 : 23512 steps taken, and 8573 accepted.
[3 : mcmc] Progress @ 2025-04-08 14:41:28 : 23468 steps taken, and 8464 accepted.
[0 : mcmc] Progress @ 2025-04-08 14:41:32 : 23282 steps taken, and 8414 accepted.
[1 : mcmc] Progress @ 2025-04-08 14:41:32 : 23283 steps taken, and 8292 accepted.
[2 : mcmc] Progress @ 2025-04-08 14:42:02 : 23532 steps taken, and 8579 accepted.
[3 : mcmc] Progress @ 2025-04-08 14:42:28 : 23486 steps taken, and 8470 accepted.
[1 : mcmc] Progress @ 2025-04-08 14:42:34 : 23304 steps taken, and 8303 accepted.
[0 : mcmc] Progress @ 2025-04-08 14:42:35 : 23301 steps taken, and 8422 accepted.
[2 : mcmc] Progress @ 2025-04-08 14:43:05 : 23550 steps taken, and 8588 accepted.
[3 : mcmc] Progress @ 2025-04-08 14:43:31 : 23506 steps taken, and 8475 accepted.
[0 : mcmc] Progress @ 2025-04-08 14:43:36 : 23322 steps taken, and 8428 accepted.
[1 : mcmc] Progress @ 2025-04-08 14:43:37 : 23323 steps taken, and 8308 accepted.
[2 : mcmc] Progress @ 2025-04-08 14:44:08 : 23568 steps taken, and 8592 accepted.
[3 : mcmc] Progress @ 2025-04-08 14:44:31 : 23524 steps taken, and 8484 accepted.
[0 : mcmc] Progress @ 2025-04-08 14:44:37 : 23341 steps taken, and 8434 accepted.
[1 : mcmc] Progress @ 2025-04-08 14:44:39 : 23348 steps taken, and 8316 accepted.
[1 : mcmc] Learn + convergence test @ 8320 samples accepted.
[1 : mcmc] Ready to check convergence and learn a new proposal covmat (waiting for the rest...)
[2 : mcmc] Progress @ 2025-04-08 14:45:12 : 23586 steps taken, and 8604 accepted.
[0 : mcmc] All chains are ready to check convergence and learn a new proposal covmat
[0 : mcmc]  - Acceptance rate: 0.366 = avg([0.3647, 0.3647, 0.3714, 0.3616])
[0 : mcmc]  - Convergence of means: R-1 = 0.008129 after 33854 accepted steps = sum([8440, 8320, 8604, 8490])
[0 : mcmc]  - Updated covariance matrix of proposal pdf.
[3 : mcmc] Progress @ 2025-04-08 14:45:32 : 23542 steps taken, and 8490 accepted.
[0 : mcmc] Progress @ 2025-04-08 14:45:37 : 23357 steps taken, and 8441 accepted.
[1 : mcmc] Progress @ 2025-04-08 14:45:43 : 23362 steps taken, and 8322 accepted.
[2 : mcmc] Progress @ 2025-04-08 14:46:12 : 23601 steps taken, and 8608 accepted.
[3 : mcmc] Progress @ 2025-04-08 14:46:32 : 23560 steps taken, and 8497 accepted.
[0 : mcmc] Progress @ 2025-04-08 14:46:38 : 23375 steps taken, and 8444 accepted.
[1 : mcmc] Progress @ 2025-04-08 14:46:43 : 23379 steps taken, and 8329 accepted.
[2 : mcmc] Progress @ 2025-04-08 14:47:13 : 23623 steps taken, and 8612 accepted.
[3 : mcmc] Progress @ 2025-04-08 14:47:35 : 23577 steps taken, and 8502 accepted.
[0 : mcmc] Progress @ 2025-04-08 14:47:41 : 23394 steps taken, and 8450 accepted.
[1 : mcmc] Progress @ 2025-04-08 14:47:47 : 23398 steps taken, and 8332 accepted.
[2 : mcmc] Progress @ 2025-04-08 14:48:16 : 23641 steps taken, and 8615 accepted.
[3 : mcmc] Progress @ 2025-04-08 14:48:39 : 23595 steps taken, and 8511 accepted.
[0 : mcmc] Progress @ 2025-04-08 14:48:44 : 23411 steps taken, and 8458 accepted.
[1 : mcmc] Progress @ 2025-04-08 14:48:50 : 23415 steps taken, and 8340 accepted.
[2 : mcmc] Progress @ 2025-04-08 14:49:19 : 23659 steps taken, and 8623 accepted.
[3 : mcmc] Progress @ 2025-04-08 14:49:42 : 23612 steps taken, and 8516 accepted.
[0 : mcmc] Progress @ 2025-04-08 14:49:48 : 23429 steps taken, and 8464 accepted.
[1 : mcmc] Progress @ 2025-04-08 14:49:54 : 23433 steps taken, and 8347 accepted.
[2 : mcmc] Progress @ 2025-04-08 14:50:22 : 23676 steps taken, and 8631 accepted.
[3 : mcmc] Progress @ 2025-04-08 14:50:47 : 23630 steps taken, and 8519 accepted.
[0 : mcmc] Progress @ 2025-04-08 14:50:53 : 23448 steps taken, and 8468 accepted.
[1 : mcmc] Progress @ 2025-04-08 14:50:57 : 23451 steps taken, and 8355 accepted.
[2 : mcmc] Progress @ 2025-04-08 14:51:26 : 23695 steps taken, and 8637 accepted.
[3 : mcmc] Progress @ 2025-04-08 14:51:51 : 23653 steps taken, and 8526 accepted.
[2 : mcmc] Learn + convergence test @ 8640 samples accepted.
[2 : mcmc] Ready to check convergence and learn a new proposal covmat (waiting for the rest...)
[0 : mcmc] Progress @ 2025-04-08 14:51:55 : 23471 steps taken, and 8475 accepted.
[1 : mcmc] Progress @ 2025-04-08 14:51:59 : 23469 steps taken, and 8357 accepted.
[2 : mcmc] Progress @ 2025-04-08 14:52:27 : 23714 steps taken, and 8645 accepted.
[3 : mcmc] Progress @ 2025-04-08 14:52:53 : 23670 steps taken, and 8533 accepted.
[0 : mcmc] Progress @ 2025-04-08 14:52:56 : 23488 steps taken, and 8479 accepted.
[1 : mcmc] Progress @ 2025-04-08 14:53:00 : 23489 steps taken, and 8362 accepted.
[2 : mcmc] Progress @ 2025-04-08 14:53:29 : 23739 steps taken, and 8651 accepted.
[3 : mcmc] Progress @ 2025-04-08 14:53:54 : 23688 steps taken, and 8543 accepted.
[0 : mcmc] Progress @ 2025-04-08 14:54:00 : 23507 steps taken, and 8485 accepted.
[1 : mcmc] Progress @ 2025-04-08 14:54:04 : 23522 steps taken, and 8371 accepted.
[2 : mcmc] Progress @ 2025-04-08 14:54:32 : 23757 steps taken, and 8653 accepted.
[3 : mcmc] Progress @ 2025-04-08 14:54:58 : 23705 steps taken, and 8549 accepted.
[0 : mcmc] Progress @ 2025-04-08 14:55:00 : 23524 steps taken, and 8491 accepted.
[1 : mcmc] Progress @ 2025-04-08 14:55:05 : 23539 steps taken, and 8379 accepted.
[2 : mcmc] Progress @ 2025-04-08 14:55:33 : 23775 steps taken, and 8658 accepted.
[3 : mcmc] Progress @ 2025-04-08 14:55:58 : 23723 steps taken, and 8560 accepted.
[0 : mcmc] Progress @ 2025-04-08 14:56:04 : 23541 steps taken, and 8496 accepted.
[1 : mcmc] Progress @ 2025-04-08 14:56:05 : 23563 steps taken, and 8389 accepted.
[2 : mcmc] Progress @ 2025-04-08 14:56:35 : 23791 steps taken, and 8662 accepted.
[3 : mcmc] Progress @ 2025-04-08 14:57:02 : 23740 steps taken, and 8567 accepted.
[0 : mcmc] Progress @ 2025-04-08 14:57:04 : 23558 steps taken, and 8501 accepted.
[1 : mcmc] Progress @ 2025-04-08 14:57:07 : 23581 steps taken, and 8397 accepted.
[2 : mcmc] Progress @ 2025-04-08 14:57:36 : 23810 steps taken, and 8667 accepted.
[0 : mcmc] Progress @ 2025-04-08 14:58:05 : 23573 steps taken, and 8506 accepted.
[3 : mcmc] Progress @ 2025-04-08 14:58:06 : 23760 steps taken, and 8573 accepted.
[1 : mcmc] Progress @ 2025-04-08 14:58:07 : 23596 steps taken, and 8404 accepted.
[2 : mcmc] Progress @ 2025-04-08 14:58:39 : 23828 steps taken, and 8672 accepted.
[0 : mcmc] Progress @ 2025-04-08 14:59:07 : 23592 steps taken, and 8513 accepted.
[1 : mcmc] Progress @ 2025-04-08 14:59:09 : 23616 steps taken, and 8412 accepted.
[3 : mcmc] Progress @ 2025-04-08 14:59:10 : 23778 steps taken, and 8578 accepted.
[2 : mcmc] Progress @ 2025-04-08 14:59:42 : 23846 steps taken, and 8678 accepted.
[1 : mcmc] Progress @ 2025-04-08 15:00:09 : 23634 steps taken, and 8418 accepted.
[3 : mcmc] Progress @ 2025-04-08 15:00:10 : 23798 steps taken, and 8586 accepted.
[0 : mcmc] Progress @ 2025-04-08 15:00:10 : 23609 steps taken, and 8519 accepted.
[2 : mcmc] Progress @ 2025-04-08 15:00:42 : 23864 steps taken, and 8684 accepted.
[3 : mcmc] Progress @ 2025-04-08 15:01:10 : 23815 steps taken, and 8594 accepted.
[0 : mcmc] Progress @ 2025-04-08 15:01:11 : 23626 steps taken, and 8522 accepted.
[1 : mcmc] Progress @ 2025-04-08 15:01:11 : 23651 steps taken, and 8427 accepted.
[2 : mcmc] Progress @ 2025-04-08 15:01:46 : 23881 steps taken, and 8695 accepted.
[3 : mcmc] Progress @ 2025-04-08 15:02:14 : 23832 steps taken, and 8600 accepted.
[0 : mcmc] Progress @ 2025-04-08 15:02:15 : 23643 steps taken, and 8529 accepted.
[1 : mcmc] Progress @ 2025-04-08 15:02:15 : 23668 steps taken, and 8435 accepted.
[2 : mcmc] Progress @ 2025-04-08 15:02:47 : 23900 steps taken, and 8700 accepted.
[3 : mcmc] Progress @ 2025-04-08 15:03:14 : 23849 steps taken, and 8612 accepted.
[1 : mcmc] Progress @ 2025-04-08 15:03:16 : 23686 steps taken, and 8441 accepted.
[0 : mcmc] Progress @ 2025-04-08 15:03:18 : 23660 steps taken, and 8538 accepted.
[2 : mcmc] Progress @ 2025-04-08 15:03:50 : 23917 steps taken, and 8707 accepted.
[3 : mcmc] Progress @ 2025-04-08 15:04:16 : 23870 steps taken, and 8617 accepted.
[1 : mcmc] Progress @ 2025-04-08 15:04:19 : 23706 steps taken, and 8449 accepted.
[0 : mcmc] Progress @ 2025-04-08 15:04:19 : 23677 steps taken, and 8544 accepted.
[2 : mcmc] Progress @ 2025-04-08 15:04:52 : 23934 steps taken, and 8712 accepted.
[3 : mcmc] Progress @ 2025-04-08 15:05:17 : 23890 steps taken, and 8625 accepted.
[1 : mcmc] Progress @ 2025-04-08 15:05:20 : 23730 steps taken, and 8455 accepted.
[0 : mcmc] Progress @ 2025-04-08 15:05:21 : 23697 steps taken, and 8551 accepted.
[2 : mcmc] Progress @ 2025-04-08 15:05:54 : 23950 steps taken, and 8717 accepted.
[3 : mcmc] Progress @ 2025-04-08 15:06:20 : 23906 steps taken, and 8633 accepted.
[0 : mcmc] Progress @ 2025-04-08 15:06:22 : 23715 steps taken, and 8558 accepted.
[1 : mcmc] Progress @ 2025-04-08 15:06:24 : 23748 steps taken, and 8462 accepted.
[2 : mcmc] Progress @ 2025-04-08 15:06:58 : 23969 steps taken, and 8723 accepted.
[3 : mcmc] Learn + convergence test @ 8640 samples accepted.
[3 : mcmc] Ready to check convergence and learn a new proposal covmat (waiting for the rest...)
[3 : mcmc] Progress @ 2025-04-08 15:07:21 : 23926 steps taken, and 8640 accepted.
[1 : mcmc] Progress @ 2025-04-08 15:07:25 : 23766 steps taken, and 8469 accepted.
[0 : mcmc] Progress @ 2025-04-08 15:07:26 : 23735 steps taken, and 8567 accepted.
[2 : mcmc] Progress @ 2025-04-08 15:08:01 : 23987 steps taken, and 8727 accepted.
[3 : mcmc] Progress @ 2025-04-08 15:08:24 : 23943 steps taken, and 8648 accepted.
[0 : mcmc] Progress @ 2025-04-08 15:08:26 : 23754 steps taken, and 8574 accepted.
[1 : mcmc] Progress @ 2025-04-08 15:08:28 : 23785 steps taken, and 8473 accepted.
[2 : mcmc] Progress @ 2025-04-08 15:09:02 : 24007 steps taken, and 8740 accepted.
[3 : mcmc] Progress @ 2025-04-08 15:09:24 : 23961 steps taken, and 8655 accepted.
[0 : mcmc] Progress @ 2025-04-08 15:09:28 : 23770 steps taken, and 8581 accepted.
[1 : mcmc] Progress @ 2025-04-08 15:09:32 : 23802 steps taken, and 8478 accepted.
[2 : mcmc] Progress @ 2025-04-08 15:10:03 : 24024 steps taken, and 8743 accepted.
[3 : mcmc] Progress @ 2025-04-08 15:10:25 : 23977 steps taken, and 8661 accepted.
[0 : mcmc] Progress @ 2025-04-08 15:10:30 : 23787 steps taken, and 8590 accepted.
[1 : mcmc] Progress @ 2025-04-08 15:10:35 : 23820 steps taken, and 8485 accepted.
[2 : mcmc] Progress @ 2025-04-08 15:11:06 : 24042 steps taken, and 8750 accepted.
[3 : mcmc] Progress @ 2025-04-08 15:11:29 : 23996 steps taken, and 8664 accepted.
[0 : mcmc] Progress @ 2025-04-08 15:11:34 : 23805 steps taken, and 8593 accepted.
[1 : mcmc] Progress @ 2025-04-08 15:11:37 : 23836 steps taken, and 8494 accepted.
[2 : mcmc] Progress @ 2025-04-08 15:12:07 : 24061 steps taken, and 8757 accepted.
[3 : mcmc] Progress @ 2025-04-08 15:12:33 : 24014 steps taken, and 8671 accepted.
[1 : mcmc] Progress @ 2025-04-08 15:12:38 : 23856 steps taken, and 8501 accepted.
[0 : mcmc] Progress @ 2025-04-08 15:12:38 : 23823 steps taken, and 8601 accepted.
[2 : mcmc] Progress @ 2025-04-08 15:13:09 : 24077 steps taken, and 8761 accepted.
[3 : mcmc] Progress @ 2025-04-08 15:13:33 : 24034 steps taken, and 8679 accepted.
[0 : mcmc] Progress @ 2025-04-08 15:13:41 : 23840 steps taken, and 8606 accepted.
[1 : mcmc] Progress @ 2025-04-08 15:13:41 : 23873 steps taken, and 8507 accepted.
[2 : mcmc] Progress @ 2025-04-08 15:14:13 : 24095 steps taken, and 8766 accepted.
[3 : mcmc] Progress @ 2025-04-08 15:14:34 : 24056 steps taken, and 8686 accepted.
[0 : mcmc] Progress @ 2025-04-08 15:14:41 : 23857 steps taken, and 8613 accepted.
[1 : mcmc] Progress @ 2025-04-08 15:14:41 : 23890 steps taken, and 8514 accepted.
[2 : mcmc] Progress @ 2025-04-08 15:15:15 : 24111 steps taken, and 8774 accepted.
[3 : mcmc] Progress @ 2025-04-08 15:15:35 : 24074 steps taken, and 8691 accepted.
[1 : mcmc] Progress @ 2025-04-08 15:15:44 : 23906 steps taken, and 8517 accepted.
[0 : mcmc] Progress @ 2025-04-08 15:15:44 : 23876 steps taken, and 8618 accepted.
[2 : mcmc] Progress @ 2025-04-08 15:16:19 : 24132 steps taken, and 8781 accepted.
[3 : mcmc] Progress @ 2025-04-08 15:16:37 : 24092 steps taken, and 8697 accepted.
[0 : mcmc] Progress @ 2025-04-08 15:16:45 : 23900 steps taken, and 8630 accepted.
[1 : mcmc] Progress @ 2025-04-08 15:16:47 : 23924 steps taken, and 8520 accepted.
[2 : mcmc] Progress @ 2025-04-08 15:17:23 : 24152 steps taken, and 8789 accepted.
[3 : mcmc] Progress @ 2025-04-08 15:17:41 : 24112 steps taken, and 8701 accepted.
[0 : mcmc] Progress @ 2025-04-08 15:17:49 : 23917 steps taken, and 8633 accepted.
[1 : mcmc] Progress @ 2025-04-08 15:17:52 : 23943 steps taken, and 8527 accepted.
[2 : mcmc] Progress @ 2025-04-08 15:18:26 : 24170 steps taken, and 8797 accepted.
[0 : mcmc] Learn + convergence test @ 8640 samples accepted.
[0 : mcmc] Ready to check convergence and learn a new proposal covmat (waiting for the rest...)
[3 : mcmc] Progress @ 2025-04-08 15:18:44 : 24129 steps taken, and 8707 accepted.
[0 : mcmc] Progress @ 2025-04-08 15:18:49 : 23934 steps taken, and 8642 accepted.
[1 : mcmc] Progress @ 2025-04-08 15:18:55 : 23960 steps taken, and 8531 accepted.
[2 : mcmc] Progress @ 2025-04-08 15:19:30 : 24188 steps taken, and 8801 accepted.
[3 : mcmc] Progress @ 2025-04-08 15:19:48 : 24146 steps taken, and 8714 accepted.
[0 : mcmc] Progress @ 2025-04-08 15:19:53 : 23951 steps taken, and 8644 accepted.
[1 : mcmc] Progress @ 2025-04-08 15:19:58 : 23979 steps taken, and 8537 accepted.
[2 : mcmc] Progress @ 2025-04-08 15:20:35 : 24207 steps taken, and 8809 accepted.
[3 : mcmc] Progress @ 2025-04-08 15:20:50 : 24169 steps taken, and 8720 accepted.
[0 : mcmc] Progress @ 2025-04-08 15:20:56 : 23968 steps taken, and 8650 accepted.
[1 : mcmc] Progress @ 2025-04-08 15:20:58 : 23997 steps taken, and 8543 accepted.
[2 : mcmc] Progress @ 2025-04-08 15:21:37 : 24224 steps taken, and 8815 accepted.
[3 : mcmc] Progress @ 2025-04-08 15:21:51 : 24191 steps taken, and 8726 accepted.
[0 : mcmc] Progress @ 2025-04-08 15:21:59 : 23985 steps taken, and 8660 accepted.
[1 : mcmc] Progress @ 2025-04-08 15:22:02 : 24015 steps taken, and 8551 accepted.
[2 : mcmc] Progress @ 2025-04-08 15:22:42 : 24244 steps taken, and 8821 accepted.
[3 : mcmc] Progress @ 2025-04-08 15:22:51 : 24211 steps taken, and 8732 accepted.
[0 : mcmc] Progress @ 2025-04-08 15:23:03 : 24004 steps taken, and 8666 accepted.
[1 : mcmc] Progress @ 2025-04-08 15:23:05 : 24032 steps taken, and 8559 accepted.
[2 : mcmc] Progress @ 2025-04-08 15:23:43 : 24261 steps taken, and 8827 accepted.
[3 : mcmc] Progress @ 2025-04-08 15:23:53 : 24227 steps taken, and 8737 accepted.
[0 : mcmc] Progress @ 2025-04-08 15:24:03 : 24021 steps taken, and 8670 accepted.
[1 : mcmc] Progress @ 2025-04-08 15:24:08 : 24049 steps taken, and 8561 accepted.
[2 : mcmc] Progress @ 2025-04-08 15:24:47 : 24281 steps taken, and 8834 accepted.
[3 : mcmc] Progress @ 2025-04-08 15:24:56 : 24244 steps taken, and 8744 accepted.
[0 : mcmc] Progress @ 2025-04-08 15:25:07 : 24038 steps taken, and 8678 accepted.
[1 : mcmc] Progress @ 2025-04-08 15:25:13 : 24067 steps taken, and 8568 accepted.
[2 : mcmc] Progress @ 2025-04-08 15:25:48 : 24303 steps taken, and 8844 accepted.
[3 : mcmc] Progress @ 2025-04-08 15:25:57 : 24264 steps taken, and 8750 accepted.
[0 : mcmc] Progress @ 2025-04-08 15:26:10 : 24055 steps taken, and 8685 accepted.
[1 : mcmc] Progress @ 2025-04-08 15:26:16 : 24085 steps taken, and 8571 accepted.
[2 : mcmc] Progress @ 2025-04-08 15:26:49 : 24328 steps taken, and 8847 accepted.
[3 : mcmc] Progress @ 2025-04-08 15:26:57 : 24283 steps taken, and 8758 accepted.
[0 : mcmc] Progress @ 2025-04-08 15:27:13 : 24073 steps taken, and 8689 accepted.
[1 : mcmc] Progress @ 2025-04-08 15:27:19 : 24102 steps taken, and 8580 accepted.
[2 : mcmc] Progress @ 2025-04-08 15:27:52 : 24346 steps taken, and 8855 accepted.
[3 : mcmc] Progress @ 2025-04-08 15:27:57 : 24303 steps taken, and 8765 accepted.
[0 : mcmc] Progress @ 2025-04-08 15:28:13 : 24092 steps taken, and 8697 accepted.
[1 : mcmc] Progress @ 2025-04-08 15:28:21 : 24122 steps taken, and 8586 accepted.
[2 : mcmc] Progress @ 2025-04-08 15:28:56 : 24365 steps taken, and 8864 accepted.
[3 : mcmc] Progress @ 2025-04-08 15:28:59 : 24321 steps taken, and 8774 accepted.
[0 : mcmc] Progress @ 2025-04-08 15:29:16 : 24112 steps taken, and 8706 accepted.
[1 : mcmc] Progress @ 2025-04-08 15:29:24 : 24139 steps taken, and 8593 accepted.
[2 : mcmc] Progress @ 2025-04-08 15:29:58 : 24382 steps taken, and 8870 accepted.
[3 : mcmc] Progress @ 2025-04-08 15:29:59 : 24342 steps taken, and 8778 accepted.
[0 : mcmc] Progress @ 2025-04-08 15:30:17 : 24133 steps taken, and 8711 accepted.
[1 : mcmc] Progress @ 2025-04-08 15:30:24 : 24156 steps taken, and 8596 accepted.
[3 : mcmc] Progress @ 2025-04-08 15:30:59 : 24361 steps taken, and 8785 accepted.
[2 : mcmc] Progress @ 2025-04-08 15:31:02 : 24400 steps taken, and 8874 accepted.
[0 : mcmc] Progress @ 2025-04-08 15:31:20 : 24149 steps taken, and 8719 accepted.
[1 : mcmc] Progress @ 2025-04-08 15:31:26 : 24173 steps taken, and 8602 accepted.
[3 : mcmc] Progress @ 2025-04-08 15:32:00 : 24378 steps taken, and 8795 accepted.
[2 : mcmc] Progress @ 2025-04-08 15:32:05 : 24417 steps taken, and 8882 accepted.
[0 : mcmc] Progress @ 2025-04-08 15:32:23 : 24175 steps taken, and 8727 accepted.
[1 : mcmc] Progress @ 2025-04-08 15:32:28 : 24191 steps taken, and 8607 accepted.
[3 : mcmc] Progress @ 2025-04-08 15:33:00 : 24397 steps taken, and 8803 accepted.
[2 : mcmc] Progress @ 2025-04-08 15:33:08 : 24435 steps taken, and 8891 accepted.
[0 : mcmc] Progress @ 2025-04-08 15:33:23 : 24195 steps taken, and 8736 accepted.
[1 : mcmc] Progress @ 2025-04-08 15:33:31 : 24208 steps taken, and 8614 accepted.
[3 : mcmc] Progress @ 2025-04-08 15:34:02 : 24413 steps taken, and 8806 accepted.
[2 : mcmc] Progress @ 2025-04-08 15:34:10 : 24457 steps taken, and 8898 accepted.
[0 : mcmc] Progress @ 2025-04-08 15:34:26 : 24214 steps taken, and 8741 accepted.
[1 : mcmc] Progress @ 2025-04-08 15:34:34 : 24226 steps taken, and 8622 accepted.
[3 : mcmc] Progress @ 2025-04-08 15:35:04 : 24431 steps taken, and 8815 accepted.
[2 : mcmc] Progress @ 2025-04-08 15:35:10 : 24478 steps taken, and 8908 accepted.
[0 : mcmc] Progress @ 2025-04-08 15:35:26 : 24233 steps taken, and 8749 accepted.
[1 : mcmc] Progress @ 2025-04-08 15:35:36 : 24251 steps taken, and 8633 accepted.
[3 : mcmc] Progress @ 2025-04-08 15:36:04 : 24453 steps taken, and 8821 accepted.
[2 : mcmc] Progress @ 2025-04-08 15:36:14 : 24497 steps taken, and 8914 accepted.
[0 : mcmc] Progress @ 2025-04-08 15:36:28 : 24257 steps taken, and 8758 accepted.
[1 : mcmc] Progress @ 2025-04-08 15:36:36 : 24275 steps taken, and 8639 accepted.
[1 : mcmc] Learn + convergence test @ 8640 samples accepted.
[1 : mcmc] Ready to check convergence and learn a new proposal covmat (waiting for the rest...)
[0 : mcmc] All chains are ready to check convergence and learn a new proposal covmat
[2 : mcmc] Progress @ 2025-04-08 15:37:15 : 24516 steps taken, and 8918 accepted.
[0 : mcmc]  - Acceptance rate: 0.364 = avg([0.3641, 0.3631, 0.3688, 0.3613])
[0 : mcmc]  - Convergence of means: R-1 = 0.008989 after 35147 accepted steps = sum([8762, 8640, 8919, 8826])
[0 : mcmc]  - Convergence of bounds: R-1 = 0.073862 after 35147 accepted steps = sum([8762, 8640, 8919, 8826])
[0 : mcmc] The run has converged!
[0 : mcmc] Sampling complete after 35147 accepted steps.
[0m[0m[0m[0m
------------------------------------------------------------
Sender: LSF System <lsfadmin@e4farm03.ge.infn.it>
Subject: Job 324116: <w0wa_act_desidr2> in cluster <infnge> Done

Job <w0wa_act_desidr2> was submitted from host <farmuisl7.ge.infn.it> by user <mraveri> in cluster <infnge>.
Job was executed on host(s) <4*e4farm03.ge.infn.it>, in queue <long>, as user <mraveri> in cluster <infnge>.
</home/mraveri> was used as the home directory.
</home/mraveri/projects/andrea/tesi_magistrale/w0wacdm/w0wacdm_act_desidr2> was used as the working directory.
Started at Mon Apr  7 17:59:21 2025
Results reported on Tue Apr  8 15:37:33 2025

Your job looked like:

------------------------------------------------------------
# LSBATCH: User input
#!/bin/bash

#BSUB -J w0wa_act_desidr2                 # Name of the job
#BSUB -M 64000                            # Memory limit (64GB)
#BSUB -R "rusage[mem=64000]"              # Resource request: 64GB memory
#BSUB -o w0wa_act_desidr2.out             # Output file
#BSUB -e w0wa_act_desidr2.err             # Error file
#BSUB -n 4                                # Number of cores
#BSUB -q long                             # Queue


# Run Cobaya with MPI
mpirun -np 4 cobaya-run w0wa_act_desidr2.yaml
------------------------------------------------------------

Successfully completed.

Resource usage summary:

    CPU time :                                   616699.94 sec.
    Max Memory :                                 1150 MB
    Average Memory :                             1117.11 MB
    Total Requested Memory :                     64000.00 MB
    Delta Memory :                               62850.00 MB
    Max Processes :                              8
    Max Threads :                                23

The output (if any) is above this job summary.



PS:

Read file <w0wa_act_desidr2.err> for stderr output of this job.

