[0 : output] Output to be read-from/written-into folder '.', with prefix 'act_planck_desidr2'
[0 : camb] `camb` module loaded successfully from /mnt/project_mnt/farm_fs/mraveri/projects/cobaya/code/CAMB/camb
[2 : bao.desi_dr2.desi_bao_all] Initialized.
[1 : bao.desi_dr2.desi_bao_all] Initialized.
[0 : bao.desi_dr2.desi_bao_all] Initialized.
[3 : bao.desi_dr2.desi_bao_all] Initialized.
[0 : mcmc] Getting initial point... (this may take a few seconds)
[3 : mcmc] Getting initial point... (this may take a few seconds)
[1 : mcmc] Getting initial point... (this may take a few seconds)
[2 : mcmc] Getting initial point... (this may take a few seconds)
[0 : mcmc] Initial point: H0:68.15671, logA:3.049235, ns:0.9693592, ombh2:0.02247064, omch2:0.1191196, tau:0.0556142, w:-0.987321, wa:0.02886769, A_act:1.000393, P_act:1.000146
[3 : mcmc] Initial point: H0:68.00497, logA:3.050896, ns:0.9595391, ombh2:0.02226463, omch2:0.1186405, tau:0.05996651, w:-0.9652839, wa:-0.02723416, A_act:1.004475, P_act:0.9872562
[1 : mcmc] Initial point: H0:68.01263, logA:3.048191, ns:0.9608029, ombh2:0.022534, omch2:0.1195391, tau:0.05460454, w:-0.9745869, wa:0.004790356, A_act:1.016991, P_act:0.9941409
[2 : mcmc] Initial point: H0:67.99008, logA:3.049293, ns:0.9713741, ombh2:0.02243538, omch2:0.1201165, tau:0.06515206, w:-0.9434436, wa:-0.05439469, A_act:1.013863, P_act:0.9859183
[0 : model] Measuring speeds... (this may take a few seconds)
[0 : model] Setting measured speeds (per sec): {planck_2018_lowl.TT: 886.0, planck_2018_lowl.EE_sroll2: 4570.0, act_dr6_cmbonly.PlanckActCut: 394.0, act_dr6_cmbonly: 255.0, bao.desi_dr2.desi_bao_all: 549.0, camb.transfers: 0.119, camb: 0.163}
[0 : mcmc] Dragging with number of interpolating steps:
[0 : mcmc] * 1 : [['H0', 'ombh2', 'omch2', 'tau', 'w', 'wa'], ['logA', 'ns']]
[0 : mcmc] * 5 : [['A_act'], ['P_act']]
[0 : autoselect_covmat] No cached covmat database present, not usable or not up-to-date. Will be re-created and cached.
[0 : mcmc] Covariance matrix selected automatically: /mnt/project_mnt/farm_fs/mraveri/projects/cobaya/data/planck_supp_data_and_covmats/covmats/base_w_wa_BAO_TT_lowE_lowl_plikHM.covmat
[0 : mcmc] Covariance matrix loaded for params ['ombh2', 'omch2', 'tau', 'w', 'wa', 'logA', 'ns']
[0 : mcmc] Missing proposal covariance for params ['H0', 'A_act', 'P_act']
[0 : mcmc] Covariance matrix not complete. We will start learning the covariance of the proposal earlier: R-1 = 3000 (would be 300 if all params loaded).
[0 : mcmc] Sampling!
[2 : mcmc] Progress @ 2025-04-19 13:37:34 : 1 steps taken, and 0 accepted.
[1 : mcmc] Progress @ 2025-04-19 13:37:34 : 1 steps taken, and 0 accepted.
[0 : mcmc] Progress @ 2025-04-19 13:37:34 : 1 steps taken, and 0 accepted.
[3 : mcmc] Progress @ 2025-04-19 13:37:54 : 1 steps taken, and 0 accepted.
[0 : mcmc] Progress @ 2025-04-19 13:39:35 : 23 steps taken, and 2 accepted.
[1 : mcmc] Progress @ 2025-04-19 13:39:35 : 23 steps taken, and 2 accepted.
[2 : mcmc] Progress @ 2025-04-19 13:39:36 : 43 steps taken, and 3 accepted.
[3 : mcmc] Progress @ 2025-04-19 13:39:57 : 40 steps taken, and 5 accepted.
[1 : mcmc] Progress @ 2025-04-19 13:41:36 : 49 steps taken, and 5 accepted.
[0 : mcmc] Progress @ 2025-04-19 13:41:41 : 80 steps taken, and 3 accepted.
[2 : mcmc] Progress @ 2025-04-19 13:41:43 : 72 steps taken, and 5 accepted.
[3 : mcmc] Progress @ 2025-04-19 13:42:02 : 90 steps taken, and 8 accepted.
[0 : mcmc] Progress @ 2025-04-19 13:43:46 : 131 steps taken, and 5 accepted.
[1 : mcmc] Progress @ 2025-04-19 13:43:49 : 80 steps taken, and 7 accepted.
[2 : mcmc] Progress @ 2025-04-19 13:43:55 : 105 steps taken, and 7 accepted.
[3 : mcmc] Progress @ 2025-04-19 13:44:12 : 138 steps taken, and 10 accepted.
[0 : mcmc] Progress @ 2025-04-19 13:45:54 : 186 steps taken, and 9 accepted.
[1 : mcmc] Progress @ 2025-04-19 13:46:02 : 114 steps taken, and 10 accepted.
[2 : mcmc] Progress @ 2025-04-19 13:46:03 : 154 steps taken, and 8 accepted.
[3 : mcmc] Progress @ 2025-04-19 13:46:15 : 169 steps taken, and 13 accepted.
[2 : mcmc] Progress @ 2025-04-19 13:48:04 : 198 steps taken, and 11 accepted.
[0 : mcmc] Progress @ 2025-04-19 13:48:07 : 235 steps taken, and 10 accepted.
[1 : mcmc] Progress @ 2025-04-19 13:48:12 : 152 steps taken, and 12 accepted.
[3 : mcmc] Progress @ 2025-04-19 13:48:23 : 222 steps taken, and 15 accepted.
[1 : mcmc] Progress @ 2025-04-19 13:50:13 : 195 steps taken, and 13 accepted.
[2 : mcmc] Progress @ 2025-04-19 13:50:17 : 244 steps taken, and 12 accepted.
[0 : mcmc] Progress @ 2025-04-19 13:50:20 : 287 steps taken, and 13 accepted.
[3 : mcmc] Progress @ 2025-04-19 13:50:26 : 257 steps taken, and 17 accepted.
[2 : mcmc] Progress @ 2025-04-19 13:52:19 : 291 steps taken, and 13 accepted.
[1 : mcmc] Progress @ 2025-04-19 13:52:22 : 264 steps taken, and 16 accepted.
[3 : mcmc] Progress @ 2025-04-19 13:52:33 : 305 steps taken, and 17 accepted.
[0 : mcmc] Progress @ 2025-04-19 13:52:35 : 358 steps taken, and 17 accepted.
[1 : mcmc] Progress @ 2025-04-19 13:54:23 : 305 steps taken, and 21 accepted.
[2 : mcmc] Progress @ 2025-04-19 13:54:32 : 324 steps taken, and 15 accepted.
[3 : mcmc] Progress @ 2025-04-19 13:54:37 : 360 steps taken, and 18 accepted.
[0 : mcmc] Progress @ 2025-04-19 13:54:40 : 416 steps taken, and 21 accepted.
[1 : mcmc] Progress @ 2025-04-19 13:56:25 : 354 steps taken, and 21 accepted.
[2 : mcmc] Progress @ 2025-04-19 13:56:36 : 359 steps taken, and 17 accepted.
[3 : mcmc] Progress @ 2025-04-19 13:56:38 : 403 steps taken, and 18 accepted.
[0 : mcmc] Progress @ 2025-04-19 13:56:52 : 449 steps taken, and 22 accepted.
[1 : mcmc] Progress @ 2025-04-19 13:58:26 : 394 steps taken, and 23 accepted.
[3 : mcmc] Progress @ 2025-04-19 13:58:39 : 444 steps taken, and 20 accepted.
[2 : mcmc] Progress @ 2025-04-19 13:58:41 : 399 steps taken, and 17 accepted.
[0 : mcmc] Progress @ 2025-04-19 13:58:57 : 502 steps taken, and 26 accepted.
[1 : mcmc] Progress @ 2025-04-19 14:00:28 : 438 steps taken, and 24 accepted.
[3 : mcmc] Progress @ 2025-04-19 14:00:43 : 485 steps taken, and 20 accepted.
[2 : mcmc] Progress @ 2025-04-19 14:00:48 : 421 steps taken, and 24 accepted.
[0 : mcmc] Progress @ 2025-04-19 14:01:07 : 545 steps taken, and 28 accepted.
[1 : mcmc] Progress @ 2025-04-19 14:02:33 : 474 steps taken, and 29 accepted.
[3 : mcmc] Progress @ 2025-04-19 14:02:45 : 526 steps taken, and 21 accepted.
[2 : mcmc] Progress @ 2025-04-19 14:02:50 : 469 steps taken, and 25 accepted.
[0 : mcmc] Progress @ 2025-04-19 14:03:12 : 597 steps taken, and 30 accepted.
[1 : mcmc] Progress @ 2025-04-19 14:04:45 : 509 steps taken, and 34 accepted.
[3 : mcmc] Progress @ 2025-04-19 14:04:47 : 571 steps taken, and 24 accepted.
[2 : mcmc] Progress @ 2025-04-19 14:04:50 : 494 steps taken, and 29 accepted.
[0 : mcmc] Progress @ 2025-04-19 14:05:15 : 617 steps taken, and 31 accepted.
[1 : mcmc] Progress @ 2025-04-19 14:06:47 : 550 steps taken, and 39 accepted.
[3 : mcmc] Progress @ 2025-04-19 14:06:51 : 608 steps taken, and 28 accepted.
[2 : mcmc] Progress @ 2025-04-19 14:06:52 : 536 steps taken, and 29 accepted.
[0 : mcmc] Progress @ 2025-04-19 14:07:23 : 664 steps taken, and 33 accepted.
[1 : mcmc] Progress @ 2025-04-19 14:08:50 : 566 steps taken, and 42 accepted.
[3 : mcmc] Progress @ 2025-04-19 14:08:56 : 660 steps taken, and 31 accepted.
[2 : mcmc] Progress @ 2025-04-19 14:08:57 : 573 steps taken, and 32 accepted.
[0 : mcmc] Progress @ 2025-04-19 14:09:30 : 716 steps taken, and 35 accepted.
[1 : mcmc] Progress @ 2025-04-19 14:10:53 : 628 steps taken, and 47 accepted.
[3 : mcmc] Progress @ 2025-04-19 14:10:58 : 727 steps taken, and 33 accepted.
[2 : mcmc] Progress @ 2025-04-19 14:11:07 : 612 steps taken, and 37 accepted.
[0 : mcmc] Progress @ 2025-04-19 14:11:33 : 776 steps taken, and 36 accepted.
[3 : mcmc] Progress @ 2025-04-19 14:13:05 : 772 steps taken, and 35 accepted.
[1 : mcmc] Progress @ 2025-04-19 14:13:06 : 665 steps taken, and 49 accepted.
[2 : mcmc] Progress @ 2025-04-19 14:13:14 : 640 steps taken, and 39 accepted.
[0 : mcmc] Progress @ 2025-04-19 14:13:35 : 820 steps taken, and 37 accepted.
[1 : mcmc] Progress @ 2025-04-19 14:15:07 : 706 steps taken, and 54 accepted.
[3 : mcmc] Progress @ 2025-04-19 14:15:11 : 853 steps taken, and 40 accepted.
[2 : mcmc] Progress @ 2025-04-19 14:15:25 : 675 steps taken, and 40 accepted.
[0 : mcmc] Progress @ 2025-04-19 14:15:46 : 882 steps taken, and 39 accepted.
[3 : mcmc] Progress @ 2025-04-19 14:17:12 : 896 steps taken, and 42 accepted.
[1 : mcmc] Progress @ 2025-04-19 14:17:14 : 737 steps taken, and 54 accepted.
[2 : mcmc] Progress @ 2025-04-19 14:17:30 : 715 steps taken, and 43 accepted.
[0 : mcmc] Progress @ 2025-04-19 14:17:48 : 943 steps taken, and 42 accepted.
[3 : mcmc] Progress @ 2025-04-19 14:19:17 : 951 steps taken, and 45 accepted.
[1 : mcmc] Progress @ 2025-04-19 14:19:24 : 775 steps taken, and 56 accepted.
[2 : mcmc] Progress @ 2025-04-19 14:19:37 : 743 steps taken, and 47 accepted.
[0 : mcmc] Progress @ 2025-04-19 14:19:57 : 984 steps taken, and 42 accepted.
[3 : mcmc] Progress @ 2025-04-19 14:21:19 : 1011 steps taken, and 46 accepted.
[1 : mcmc] Progress @ 2025-04-19 14:21:25 : 820 steps taken, and 57 accepted.
[2 : mcmc] Progress @ 2025-04-19 14:21:41 : 779 steps taken, and 49 accepted.
[0 : mcmc] Progress @ 2025-04-19 14:22:02 : 1037 steps taken, and 43 accepted.
[3 : mcmc] Progress @ 2025-04-19 14:23:23 : 1070 steps taken, and 47 accepted.
[1 : mcmc] Progress @ 2025-04-19 14:23:36 : 879 steps taken, and 59 accepted.
[2 : mcmc] Progress @ 2025-04-19 14:23:54 : 832 steps taken, and 50 accepted.
[0 : mcmc] Progress @ 2025-04-19 14:24:09 : 1087 steps taken, and 45 accepted.
[3 : mcmc] Progress @ 2025-04-19 14:25:28 : 1123 steps taken, and 50 accepted.
[1 : mcmc] Progress @ 2025-04-19 14:25:37 : 924 steps taken, and 63 accepted.
[2 : mcmc] Progress @ 2025-04-19 14:26:00 : 886 steps taken, and 56 accepted.
[0 : mcmc] Progress @ 2025-04-19 14:26:14 : 1139 steps taken, and 46 accepted.
[3 : mcmc] Progress @ 2025-04-19 14:27:35 : 1175 steps taken, and 51 accepted.
[1 : mcmc] Progress @ 2025-04-19 14:27:41 : 960 steps taken, and 65 accepted.
[2 : mcmc] Progress @ 2025-04-19 14:28:01 : 912 steps taken, and 58 accepted.
[0 : mcmc] Progress @ 2025-04-19 14:28:19 : 1204 steps taken, and 50 accepted.
[3 : mcmc] Progress @ 2025-04-19 14:29:39 : 1232 steps taken, and 53 accepted.
[1 : mcmc] Progress @ 2025-04-19 14:29:45 : 997 steps taken, and 68 accepted.
[2 : mcmc] Progress @ 2025-04-19 14:30:06 : 947 steps taken, and 62 accepted.
[0 : mcmc] Progress @ 2025-04-19 14:30:21 : 1260 steps taken, and 54 accepted.
[3 : mcmc] Progress @ 2025-04-19 14:31:42 : 1291 steps taken, and 54 accepted.
[1 : mcmc] Progress @ 2025-04-19 14:31:59 : 1049 steps taken, and 71 accepted.
[2 : mcmc] Progress @ 2025-04-19 14:32:16 : 991 steps taken, and 66 accepted.
[0 : mcmc] Progress @ 2025-04-19 14:32:28 : 1312 steps taken, and 55 accepted.
[3 : mcmc] Progress @ 2025-04-19 14:33:47 : 1370 steps taken, and 57 accepted.
[1 : mcmc] Progress @ 2025-04-19 14:34:02 : 1087 steps taken, and 73 accepted.
[2 : mcmc] Progress @ 2025-04-19 14:34:17 : 1030 steps taken, and 69 accepted.
[0 : mcmc] Progress @ 2025-04-19 14:34:42 : 1384 steps taken, and 57 accepted.
[3 : mcmc] Progress @ 2025-04-19 14:35:52 : 1428 steps taken, and 60 accepted.
[1 : mcmc] Progress @ 2025-04-19 14:36:06 : 1117 steps taken, and 73 accepted.
[2 : mcmc] Progress @ 2025-04-19 14:36:25 : 1060 steps taken, and 71 accepted.
[0 : mcmc] Progress @ 2025-04-19 14:36:48 : 1435 steps taken, and 58 accepted.
[3 : mcmc] Progress @ 2025-04-19 14:38:05 : 1478 steps taken, and 61 accepted.
[1 : mcmc] Progress @ 2025-04-19 14:38:10 : 1153 steps taken, and 75 accepted.
[2 : mcmc] Progress @ 2025-04-19 14:38:34 : 1102 steps taken, and 71 accepted.
[0 : mcmc] Progress @ 2025-04-19 14:38:53 : 1496 steps taken, and 61 accepted.
[3 : mcmc] Progress @ 2025-04-19 14:40:06 : 1521 steps taken, and 62 accepted.
[1 : mcmc] Progress @ 2025-04-19 14:40:11 : 1196 steps taken, and 75 accepted.
[2 : mcmc] Progress @ 2025-04-19 14:40:36 : 1144 steps taken, and 75 accepted.
[0 : mcmc] Progress @ 2025-04-19 14:40:53 : 1567 steps taken, and 64 accepted.
[3 : mcmc] Progress @ 2025-04-19 14:42:11 : 1578 steps taken, and 63 accepted.
[1 : mcmc] Progress @ 2025-04-19 14:42:13 : 1247 steps taken, and 78 accepted.
[2 : mcmc] Progress @ 2025-04-19 14:42:46 : 1183 steps taken, and 78 accepted.
[0 : mcmc] Progress @ 2025-04-19 14:42:59 : 1646 steps taken, and 65 accepted.
[2 : mcmc] Learn + convergence test @ 80 samples accepted.
[2 : mcmc] Ready to check convergence and learn a new proposal covmat (waiting for the rest...)
[1 : mcmc] Progress @ 2025-04-19 14:44:14 : 1288 steps taken, and 79 accepted.
[3 : mcmc] Progress @ 2025-04-19 14:44:20 : 1620 steps taken, and 65 accepted.
[2 : mcmc] Progress @ 2025-04-19 14:44:50 : 1220 steps taken, and 84 accepted.
[0 : mcmc] Progress @ 2025-04-19 14:45:06 : 1694 steps taken, and 65 accepted.
[1 : mcmc] Learn + convergence test @ 80 samples accepted.
[1 : mcmc] Ready to check convergence and learn a new proposal covmat (waiting for the rest...)
[3 : mcmc] Progress @ 2025-04-19 14:46:21 : 1663 steps taken, and 65 accepted.
[1 : mcmc] Progress @ 2025-04-19 14:46:27 : 1319 steps taken, and 80 accepted.
[2 : mcmc] Progress @ 2025-04-19 14:47:03 : 1253 steps taken, and 86 accepted.
[0 : mcmc] Progress @ 2025-04-19 14:47:20 : 1745 steps taken, and 67 accepted.
[3 : mcmc] Progress @ 2025-04-19 14:48:26 : 1720 steps taken, and 66 accepted.
[1 : mcmc] Progress @ 2025-04-19 14:48:29 : 1363 steps taken, and 81 accepted.
[2 : mcmc] Progress @ 2025-04-19 14:49:06 : 1293 steps taken, and 88 accepted.
[0 : mcmc] Progress @ 2025-04-19 14:49:25 : 1798 steps taken, and 70 accepted.
[1 : mcmc] Progress @ 2025-04-19 14:50:31 : 1428 steps taken, and 82 accepted.
[3 : mcmc] Progress @ 2025-04-19 14:50:33 : 1768 steps taken, and 70 accepted.
[2 : mcmc] Progress @ 2025-04-19 14:51:11 : 1346 steps taken, and 90 accepted.
[0 : mcmc] Progress @ 2025-04-19 14:51:27 : 1842 steps taken, and 72 accepted.
[1 : mcmc] Progress @ 2025-04-19 14:52:33 : 1470 steps taken, and 85 accepted.
[3 : mcmc] Progress @ 2025-04-19 14:52:34 : 1813 steps taken, and 71 accepted.
[2 : mcmc] Progress @ 2025-04-19 14:53:12 : 1397 steps taken, and 90 accepted.
[0 : mcmc] Progress @ 2025-04-19 14:53:34 : 1893 steps taken, and 73 accepted.
[3 : mcmc] Progress @ 2025-04-19 14:54:35 : 1858 steps taken, and 73 accepted.
[1 : mcmc] Progress @ 2025-04-19 14:54:39 : 1500 steps taken, and 89 accepted.
[2 : mcmc] Progress @ 2025-04-19 14:55:14 : 1437 steps taken, and 91 accepted.
[0 : mcmc] Progress @ 2025-04-19 14:55:39 : 1946 steps taken, and 73 accepted.
[3 : mcmc] Progress @ 2025-04-19 14:56:40 : 1908 steps taken, and 76 accepted.
[1 : mcmc] Progress @ 2025-04-19 14:56:49 : 1521 steps taken, and 90 accepted.
[2 : mcmc] Progress @ 2025-04-19 14:57:15 : 1464 steps taken, and 93 accepted.
[0 : mcmc] Progress @ 2025-04-19 14:57:39 : 2021 steps taken, and 77 accepted.
[3 : mcmc] Learn + convergence test @ 80 samples accepted.
[3 : mcmc] Ready to check convergence and learn a new proposal covmat (waiting for the rest...)
[3 : mcmc] Progress @ 2025-04-19 14:58:47 : 1963 steps taken, and 80 accepted.
[1 : mcmc] Progress @ 2025-04-19 14:58:50 : 1562 steps taken, and 92 accepted.
[0 : mcmc] Learn + convergence test @ 80 samples accepted.
[0 : mcmc] Ready to check convergence and learn a new proposal covmat (waiting for the rest...)
[0 : mcmc] All chains are ready to check convergence and learn a new proposal covmat
[2 : mcmc] Progress @ 2025-04-19 14:59:17 : 1505 steps taken, and 95 accepted.
[0 : mcmc]  - Acceptance rate: 0.047 = avg([0.0340, 0.0496, 0.0635, 0.0364])
[0 : mcmc]  - Convergence of means: R-1 = 227.170025 after 353 accepted steps = sum([80, 95, 96, 82])
[0 : mcmc]  - Updated covariance matrix of proposal pdf.
[0 : mcmc] Progress @ 2025-04-19 15:00:19 : 2070 steps taken, and 81 accepted.
[3 : mcmc] Progress @ 2025-04-19 15:00:51 : 2002 steps taken, and 86 accepted.
[1 : mcmc] Progress @ 2025-04-19 15:00:53 : 1598 steps taken, and 98 accepted.
[2 : mcmc] Progress @ 2025-04-19 15:01:28 : 1531 steps taken, and 101 accepted.
[0 : mcmc] Progress @ 2025-04-19 15:02:22 : 2085 steps taken, and 84 accepted.
[1 : mcmc] Progress @ 2025-04-19 15:02:59 : 1610 steps taken, and 100 accepted.
[3 : mcmc] Progress @ 2025-04-19 15:03:01 : 2022 steps taken, and 95 accepted.
[2 : mcmc] Progress @ 2025-04-19 15:03:40 : 1547 steps taken, and 107 accepted.
[0 : mcmc] Progress @ 2025-04-19 15:04:34 : 2100 steps taken, and 88 accepted.
[3 : mcmc] Progress @ 2025-04-19 15:05:02 : 2044 steps taken, and 101 accepted.
[1 : mcmc] Progress @ 2025-04-19 15:05:02 : 1626 steps taken, and 107 accepted.
[2 : mcmc] Progress @ 2025-04-19 15:05:43 : 1561 steps taken, and 111 accepted.
[0 : mcmc] Progress @ 2025-04-19 15:06:37 : 2118 steps taken, and 95 accepted.
[3 : mcmc] Progress @ 2025-04-19 15:07:03 : 2069 steps taken, and 105 accepted.
[1 : mcmc] Progress @ 2025-04-19 15:07:06 : 1637 steps taken, and 114 accepted.
[2 : mcmc] Progress @ 2025-04-19 15:07:55 : 1574 steps taken, and 117 accepted.
[0 : mcmc] Progress @ 2025-04-19 15:08:40 : 2132 steps taken, and 97 accepted.
[3 : mcmc] Progress @ 2025-04-19 15:09:03 : 2091 steps taken, and 112 accepted.
[1 : mcmc] Progress @ 2025-04-19 15:09:11 : 1648 steps taken, and 117 accepted.
[2 : mcmc] Progress @ 2025-04-19 15:10:07 : 1585 steps taken, and 122 accepted.
[0 : mcmc] Progress @ 2025-04-19 15:10:40 : 2155 steps taken, and 101 accepted.
[3 : mcmc] Progress @ 2025-04-19 15:11:14 : 2105 steps taken, and 119 accepted.
[1 : mcmc] Progress @ 2025-04-19 15:11:17 : 1658 steps taken, and 119 accepted.
[2 : mcmc] Progress @ 2025-04-19 15:12:19 : 1596 steps taken, and 126 accepted.
[0 : mcmc] Progress @ 2025-04-19 15:12:43 : 2174 steps taken, and 107 accepted.
[3 : mcmc] Progress @ 2025-04-19 15:13:18 : 2143 steps taken, and 130 accepted.
[1 : mcmc] Progress @ 2025-04-19 15:13:28 : 1670 steps taken, and 127 accepted.
[2 : mcmc] Progress @ 2025-04-19 15:14:31 : 1609 steps taken, and 133 accepted.
[0 : mcmc] Progress @ 2025-04-19 15:14:49 : 2201 steps taken, and 115 accepted.
[3 : mcmc] Progress @ 2025-04-19 15:15:18 : 2163 steps taken, and 134 accepted.
[1 : mcmc] Progress @ 2025-04-19 15:15:40 : 1682 steps taken, and 132 accepted.
[2 : mcmc] Progress @ 2025-04-19 15:16:37 : 1619 steps taken, and 135 accepted.
[0 : mcmc] Progress @ 2025-04-19 15:16:50 : 2243 steps taken, and 123 accepted.
[3 : mcmc] Progress @ 2025-04-19 15:17:27 : 2183 steps taken, and 142 accepted.
[1 : mcmc] Progress @ 2025-04-19 15:17:51 : 1695 steps taken, and 134 accepted.
[2 : mcmc] Progress @ 2025-04-19 15:18:41 : 1631 steps taken, and 138 accepted.
[0 : mcmc] Progress @ 2025-04-19 15:18:57 : 2271 steps taken, and 124 accepted.
[3 : mcmc] Progress @ 2025-04-19 15:19:30 : 2202 steps taken, and 147 accepted.
[1 : mcmc] Progress @ 2025-04-19 15:20:00 : 1712 steps taken, and 139 accepted.
[2 : mcmc] Progress @ 2025-04-19 15:20:47 : 1644 steps taken, and 142 accepted.
[0 : mcmc] Progress @ 2025-04-19 15:20:59 : 2288 steps taken, and 130 accepted.
[3 : mcmc] Progress @ 2025-04-19 15:21:30 : 2223 steps taken, and 152 accepted.
[1 : mcmc] Progress @ 2025-04-19 15:22:12 : 1723 steps taken, and 145 accepted.
[2 : mcmc] Progress @ 2025-04-19 15:22:56 : 1659 steps taken, and 151 accepted.
[0 : mcmc] Progress @ 2025-04-19 15:23:02 : 2309 steps taken, and 135 accepted.
[3 : mcmc] Progress @ 2025-04-19 15:23:33 : 2242 steps taken, and 159 accepted.
[3 : mcmc] Learn + convergence test @ 160 samples accepted.
[3 : mcmc] Ready to check convergence and learn a new proposal covmat (waiting for the rest...)
[1 : mcmc] Progress @ 2025-04-19 15:24:18 : 1733 steps taken, and 149 accepted.
[0 : mcmc] Progress @ 2025-04-19 15:25:03 : 2324 steps taken, and 141 accepted.
[2 : mcmc] Progress @ 2025-04-19 15:25:08 : 1674 steps taken, and 156 accepted.
[3 : mcmc] Progress @ 2025-04-19 15:25:45 : 2253 steps taken, and 164 accepted.
[2 : mcmc] Learn + convergence test @ 160 samples accepted.
[2 : mcmc] Ready to check convergence and learn a new proposal covmat (waiting for the rest...)
[1 : mcmc] Progress @ 2025-04-19 15:26:29 : 1744 steps taken, and 154 accepted.
[0 : mcmc] Progress @ 2025-04-19 15:27:06 : 2343 steps taken, and 147 accepted.
[2 : mcmc] Progress @ 2025-04-19 15:27:12 : 1689 steps taken, and 164 accepted.
[3 : mcmc] Progress @ 2025-04-19 15:27:56 : 2266 steps taken, and 168 accepted.
[1 : mcmc] Progress @ 2025-04-19 15:28:40 : 1757 steps taken, and 160 accepted.
[1 : mcmc] Learn + convergence test @ 160 samples accepted.
[1 : mcmc] Ready to check convergence and learn a new proposal covmat (waiting for the rest...)
[0 : mcmc] Progress @ 2025-04-19 15:29:06 : 2367 steps taken, and 153 accepted.
[2 : mcmc] Progress @ 2025-04-19 15:29:15 : 1701 steps taken, and 166 accepted.
[3 : mcmc] Progress @ 2025-04-19 15:30:05 : 2284 steps taken, and 174 accepted.
[0 : mcmc] Learn + convergence test @ 160 samples accepted.
[0 : mcmc] Ready to check convergence and learn a new proposal covmat (waiting for the rest...)
[0 : mcmc] All chains are ready to check convergence and learn a new proposal covmat
[1 : mcmc] Progress @ 2025-04-19 15:30:43 : 1772 steps taken, and 165 accepted.
[2 : mcmc] Progress @ 2025-04-19 15:31:20 : 1711 steps taken, and 170 accepted.
[0 : mcmc]  - Acceptance rate: 0.247 = avg([0.2524, 0.2427, 0.1811, 0.3112])
[0 : mcmc]  - Convergence of means: R-1 = 100.560364 after 675 accepted steps = sum([160, 166, 171, 178])
[0 : mcmc]  - Updated covariance matrix of proposal pdf.
[0 : mcmc] Progress @ 2025-04-19 15:31:49 : 2387 steps taken, and 161 accepted.
[3 : mcmc] Progress @ 2025-04-19 15:32:06 : 2298 steps taken, and 181 accepted.
[1 : mcmc] Progress @ 2025-04-19 15:32:52 : 1779 steps taken, and 168 accepted.
[2 : mcmc] Progress @ 2025-04-19 15:33:32 : 1724 steps taken, and 173 accepted.
[0 : mcmc] Progress @ 2025-04-19 15:33:58 : 2403 steps taken, and 168 accepted.
[3 : mcmc] Progress @ 2025-04-19 15:34:09 : 2314 steps taken, and 184 accepted.
[1 : mcmc] Progress @ 2025-04-19 15:34:57 : 1789 steps taken, and 169 accepted.
[2 : mcmc] Progress @ 2025-04-19 15:35:44 : 1736 steps taken, and 177 accepted.
[0 : mcmc] Progress @ 2025-04-19 15:36:09 : 2419 steps taken, and 173 accepted.
[3 : mcmc] Progress @ 2025-04-19 15:36:15 : 2325 steps taken, and 190 accepted.
[1 : mcmc] Progress @ 2025-04-19 15:37:00 : 1801 steps taken, and 174 accepted.
[2 : mcmc] Progress @ 2025-04-19 15:37:56 : 1747 steps taken, and 181 accepted.
[0 : mcmc] Progress @ 2025-04-19 15:38:20 : 2430 steps taken, and 175 accepted.
[3 : mcmc] Progress @ 2025-04-19 15:38:26 : 2336 steps taken, and 193 accepted.
[1 : mcmc] Progress @ 2025-04-19 15:39:06 : 1811 steps taken, and 179 accepted.
[2 : mcmc] Progress @ 2025-04-19 15:40:07 : 1758 steps taken, and 183 accepted.
[3 : mcmc] Progress @ 2025-04-19 15:40:27 : 2357 steps taken, and 198 accepted.
[0 : mcmc] Progress @ 2025-04-19 15:40:32 : 2442 steps taken, and 181 accepted.
[1 : mcmc] Progress @ 2025-04-19 15:41:11 : 1821 steps taken, and 181 accepted.
[2 : mcmc] Progress @ 2025-04-19 15:42:14 : 1768 steps taken, and 185 accepted.
[3 : mcmc] Progress @ 2025-04-19 15:42:33 : 2367 steps taken, and 203 accepted.
[0 : mcmc] Progress @ 2025-04-19 15:42:35 : 2455 steps taken, and 186 accepted.
[1 : mcmc] Progress @ 2025-04-19 15:43:23 : 1832 steps taken, and 184 accepted.
[2 : mcmc] Progress @ 2025-04-19 15:44:26 : 1780 steps taken, and 189 accepted.
[3 : mcmc] Progress @ 2025-04-19 15:44:45 : 2380 steps taken, and 205 accepted.
[0 : mcmc] Progress @ 2025-04-19 15:44:47 : 2467 steps taken, and 189 accepted.
[1 : mcmc] Progress @ 2025-04-19 15:45:26 : 1848 steps taken, and 189 accepted.
[2 : mcmc] Progress @ 2025-04-19 15:46:32 : 1790 steps taken, and 192 accepted.
[3 : mcmc] Progress @ 2025-04-19 15:46:48 : 2394 steps taken, and 211 accepted.
[0 : mcmc] Progress @ 2025-04-19 15:46:52 : 2477 steps taken, and 194 accepted.
[1 : mcmc] Progress @ 2025-04-19 15:47:37 : 1860 steps taken, and 194 accepted.
[2 : mcmc] Progress @ 2025-04-19 15:48:43 : 1802 steps taken, and 196 accepted.
[3 : mcmc] Progress @ 2025-04-19 15:48:53 : 2407 steps taken, and 213 accepted.
[0 : mcmc] Progress @ 2025-04-19 15:48:55 : 2489 steps taken, and 198 accepted.
[1 : mcmc] Progress @ 2025-04-19 15:49:48 : 1871 steps taken, and 197 accepted.
[2 : mcmc] Progress @ 2025-04-19 15:50:47 : 1813 steps taken, and 201 accepted.
[3 : mcmc] Progress @ 2025-04-19 15:50:56 : 2421 steps taken, and 217 accepted.
[0 : mcmc] Progress @ 2025-04-19 15:51:01 : 2500 steps taken, and 203 accepted.
[1 : mcmc] Progress @ 2025-04-19 15:51:54 : 1881 steps taken, and 200 accepted.
[2 : mcmc] Progress @ 2025-04-19 15:52:54 : 1824 steps taken, and 207 accepted.
[3 : mcmc] Progress @ 2025-04-19 15:52:59 : 2435 steps taken, and 220 accepted.
[0 : mcmc] Progress @ 2025-04-19 15:53:06 : 2510 steps taken, and 205 accepted.
[1 : mcmc] Progress @ 2025-04-19 15:54:05 : 1894 steps taken, and 201 accepted.
[2 : mcmc] Progress @ 2025-04-19 15:54:57 : 1844 steps taken, and 211 accepted.
[3 : mcmc] Progress @ 2025-04-19 15:55:02 : 2451 steps taken, and 225 accepted.
[0 : mcmc] Progress @ 2025-04-19 15:55:17 : 2523 steps taken, and 210 accepted.
[1 : mcmc] Progress @ 2025-04-19 15:56:09 : 1907 steps taken, and 206 accepted.
[2 : mcmc] Progress @ 2025-04-19 15:57:01 : 1855 steps taken, and 215 accepted.
[3 : mcmc] Progress @ 2025-04-19 15:57:13 : 2467 steps taken, and 229 accepted.
[0 : mcmc] Progress @ 2025-04-19 15:57:21 : 2537 steps taken, and 214 accepted.
[1 : mcmc] Progress @ 2025-04-19 15:58:20 : 1918 steps taken, and 212 accepted.
[2 : mcmc] Progress @ 2025-04-19 15:59:07 : 1865 steps taken, and 220 accepted.
[3 : mcmc] Progress @ 2025-04-19 15:59:18 : 2477 steps taken, and 233 accepted.
[0 : mcmc] Progress @ 2025-04-19 15:59:32 : 2550 steps taken, and 216 accepted.
[1 : mcmc] Progress @ 2025-04-19 16:00:26 : 1928 steps taken, and 215 accepted.
[2 : mcmc] Progress @ 2025-04-19 16:01:18 : 1876 steps taken, and 224 accepted.
[3 : mcmc] Progress @ 2025-04-19 16:01:21 : 2489 steps taken, and 237 accepted.
[0 : mcmc] Progress @ 2025-04-19 16:01:43 : 2561 steps taken, and 220 accepted.
[3 : mcmc] Learn + convergence test @ 240 samples accepted.
[3 : mcmc] Ready to check convergence and learn a new proposal covmat (waiting for the rest...)
[1 : mcmc] Progress @ 2025-04-19 16:02:32 : 1938 steps taken, and 222 accepted.
[2 : mcmc] Progress @ 2025-04-19 16:03:18 : 1885 steps taken, and 228 accepted.
[3 : mcmc] Progress @ 2025-04-19 16:03:33 : 2500 steps taken, and 243 accepted.
[0 : mcmc] Progress @ 2025-04-19 16:03:47 : 2576 steps taken, and 224 accepted.
[1 : mcmc] Progress @ 2025-04-19 16:04:44 : 1950 steps taken, and 225 accepted.
[2 : mcmc] Progress @ 2025-04-19 16:05:22 : 1897 steps taken, and 231 accepted.
[3 : mcmc] Progress @ 2025-04-19 16:05:44 : 2511 steps taken, and 249 accepted.
[0 : mcmc] Progress @ 2025-04-19 16:05:50 : 2591 steps taken, and 230 accepted.
[1 : mcmc] Progress @ 2025-04-19 16:06:54 : 1964 steps taken, and 231 accepted.
[2 : mcmc] Progress @ 2025-04-19 16:07:34 : 1909 steps taken, and 236 accepted.
[3 : mcmc] Progress @ 2025-04-19 16:07:49 : 2523 steps taken, and 252 accepted.
[0 : mcmc] Progress @ 2025-04-19 16:08:01 : 2604 steps taken, and 233 accepted.
[1 : mcmc] Progress @ 2025-04-19 16:08:59 : 1977 steps taken, and 235 accepted.
[2 : mcmc] Learn + convergence test @ 240 samples accepted.
[2 : mcmc] Ready to check convergence and learn a new proposal covmat (waiting for the rest...)
[2 : mcmc] Progress @ 2025-04-19 16:09:45 : 1920 steps taken, and 241 accepted.
[3 : mcmc] Progress @ 2025-04-19 16:09:51 : 2537 steps taken, and 256 accepted.
[0 : mcmc] Progress @ 2025-04-19 16:10:12 : 2617 steps taken, and 238 accepted.
[1 : mcmc] Learn + convergence test @ 240 samples accepted.
[1 : mcmc] Ready to check convergence and learn a new proposal covmat (waiting for the rest...)
[0 : mcmc] Learn + convergence test @ 240 samples accepted.
[0 : mcmc] Ready to check convergence and learn a new proposal covmat (waiting for the rest...)
[0 : mcmc] All chains are ready to check convergence and learn a new proposal covmat
[1 : mcmc] Progress @ 2025-04-19 16:11:09 : 1995 steps taken, and 242 accepted.
[2 : mcmc] Progress @ 2025-04-19 16:11:51 : 1930 steps taken, and 245 accepted.
[0 : mcmc]  - Acceptance rate: 0.338 = avg([0.3103, 0.3612, 0.3565, 0.3250])
[0 : mcmc]  - Convergence of means: R-1 = 9.589890 after 989 accepted steps = sum([241, 242, 246, 260])
[0 : mcmc]  - Updated covariance matrix of proposal pdf.
[3 : mcmc] Progress @ 2025-04-19 16:12:19 : 2544 steps taken, and 261 accepted.
[0 : mcmc] Progress @ 2025-04-19 16:12:25 : 2625 steps taken, and 242 accepted.
[1 : mcmc] Progress @ 2025-04-19 16:13:22 : 2001 steps taken, and 243 accepted.
[2 : mcmc] Progress @ 2025-04-19 16:14:03 : 1941 steps taken, and 249 accepted.
[3 : mcmc] Progress @ 2025-04-19 16:14:22 : 2559 steps taken, and 266 accepted.
[0 : mcmc] Progress @ 2025-04-19 16:14:28 : 2638 steps taken, and 248 accepted.
[1 : mcmc] Progress @ 2025-04-19 16:15:28 : 2014 steps taken, and 247 accepted.
[2 : mcmc] Progress @ 2025-04-19 16:16:15 : 1952 steps taken, and 253 accepted.
[3 : mcmc] Progress @ 2025-04-19 16:16:24 : 2579 steps taken, and 268 accepted.
[0 : mcmc] Progress @ 2025-04-19 16:16:39 : 2651 steps taken, and 253 accepted.
[1 : mcmc] Progress @ 2025-04-19 16:17:31 : 2025 steps taken, and 252 accepted.
[2 : mcmc] Progress @ 2025-04-19 16:18:18 : 1964 steps taken, and 256 accepted.
[3 : mcmc] Progress @ 2025-04-19 16:18:27 : 2591 steps taken, and 272 accepted.
[0 : mcmc] Progress @ 2025-04-19 16:18:51 : 2665 steps taken, and 258 accepted.
[1 : mcmc] Progress @ 2025-04-19 16:19:35 : 2043 steps taken, and 255 accepted.
[2 : mcmc] Progress @ 2025-04-19 16:20:25 : 1976 steps taken, and 263 accepted.
[3 : mcmc] Progress @ 2025-04-19 16:20:30 : 2609 steps taken, and 279 accepted.
[0 : mcmc] Progress @ 2025-04-19 16:20:55 : 2676 steps taken, and 262 accepted.
[1 : mcmc] Progress @ 2025-04-19 16:21:36 : 2063 steps taken, and 260 accepted.
[3 : mcmc] Progress @ 2025-04-19 16:22:33 : 2627 steps taken, and 283 accepted.
[2 : mcmc] Progress @ 2025-04-19 16:22:38 : 1988 steps taken, and 268 accepted.
[0 : mcmc] Progress @ 2025-04-19 16:22:58 : 2694 steps taken, and 268 accepted.
[1 : mcmc] Progress @ 2025-04-19 16:23:48 : 2077 steps taken, and 265 accepted.
[3 : mcmc] Progress @ 2025-04-19 16:24:35 : 2638 steps taken, and 286 accepted.
[2 : mcmc] Progress @ 2025-04-19 16:24:49 : 1999 steps taken, and 270 accepted.
[0 : mcmc] Progress @ 2025-04-19 16:25:00 : 2714 steps taken, and 271 accepted.
[1 : mcmc] Progress @ 2025-04-19 16:26:00 : 2089 steps taken, and 269 accepted.
[3 : mcmc] Progress @ 2025-04-19 16:26:38 : 2656 steps taken, and 288 accepted.
[2 : mcmc] Progress @ 2025-04-19 16:27:01 : 2013 steps taken, and 273 accepted.
[0 : mcmc] Progress @ 2025-04-19 16:27:09 : 2732 steps taken, and 279 accepted.
[1 : mcmc] Progress @ 2025-04-19 16:28:11 : 2103 steps taken, and 271 accepted.
[3 : mcmc] Progress @ 2025-04-19 16:28:52 : 2678 steps taken, and 293 accepted.
[2 : mcmc] Progress @ 2025-04-19 16:29:13 : 2025 steps taken, and 275 accepted.
[0 : mcmc] Progress @ 2025-04-19 16:29:20 : 2748 steps taken, and 282 accepted.
[1 : mcmc] Progress @ 2025-04-19 16:30:15 : 2116 steps taken, and 277 accepted.
[3 : mcmc] Progress @ 2025-04-19 16:31:03 : 2694 steps taken, and 294 accepted.
[2 : mcmc] Progress @ 2025-04-19 16:31:17 : 2037 steps taken, and 277 accepted.
[0 : mcmc] Progress @ 2025-04-19 16:31:23 : 2762 steps taken, and 289 accepted.
[1 : mcmc] Progress @ 2025-04-19 16:32:27 : 2129 steps taken, and 280 accepted.
[3 : mcmc] Progress @ 2025-04-19 16:33:11 : 2709 steps taken, and 297 accepted.
[2 : mcmc] Progress @ 2025-04-19 16:33:21 : 2052 steps taken, and 282 accepted.
[0 : mcmc] Progress @ 2025-04-19 16:33:34 : 2774 steps taken, and 294 accepted.
[1 : mcmc] Progress @ 2025-04-19 16:34:31 : 2140 steps taken, and 286 accepted.
[3 : mcmc] Progress @ 2025-04-19 16:35:16 : 2721 steps taken, and 298 accepted.
[2 : mcmc] Progress @ 2025-04-19 16:35:27 : 2063 steps taken, and 283 accepted.
[0 : mcmc] Progress @ 2025-04-19 16:35:45 : 2787 steps taken, and 298 accepted.
[1 : mcmc] Progress @ 2025-04-19 16:36:34 : 2156 steps taken, and 287 accepted.
[3 : mcmc] Progress @ 2025-04-19 16:37:24 : 2742 steps taken, and 304 accepted.
[2 : mcmc] Progress @ 2025-04-19 16:37:30 : 2078 steps taken, and 286 accepted.
[0 : mcmc] Progress @ 2025-04-19 16:37:48 : 2800 steps taken, and 304 accepted.
[1 : mcmc] Progress @ 2025-04-19 16:38:40 : 2167 steps taken, and 291 accepted.
[3 : mcmc] Progress @ 2025-04-19 16:39:27 : 2756 steps taken, and 309 accepted.
[2 : mcmc] Progress @ 2025-04-19 16:39:42 : 2092 steps taken, and 291 accepted.
[0 : mcmc] Progress @ 2025-04-19 16:39:50 : 2813 steps taken, and 311 accepted.
[1 : mcmc] Progress @ 2025-04-19 16:40:43 : 2180 steps taken, and 294 accepted.
[3 : mcmc] Progress @ 2025-04-19 16:41:38 : 2769 steps taken, and 314 accepted.
[0 : mcmc] Progress @ 2025-04-19 16:41:53 : 2828 steps taken, and 316 accepted.
[2 : mcmc] Progress @ 2025-04-19 16:41:54 : 2105 steps taken, and 298 accepted.
[1 : mcmc] Progress @ 2025-04-19 16:42:57 : 2190 steps taken, and 300 accepted.
[3 : mcmc] Progress @ 2025-04-19 16:43:40 : 2783 steps taken, and 317 accepted.
[0 : mcmc] Learn + convergence test @ 320 samples accepted.
[0 : mcmc] Ready to check convergence and learn a new proposal covmat (waiting for the rest...)
[2 : mcmc] Progress @ 2025-04-19 16:43:57 : 2122 steps taken, and 302 accepted.
[0 : mcmc] Progress @ 2025-04-19 16:44:06 : 2857 steps taken, and 320 accepted.
[3 : mcmc] Learn + convergence test @ 320 samples accepted.
[3 : mcmc] Ready to check convergence and learn a new proposal covmat (waiting for the rest...)
[1 : mcmc] Progress @ 2025-04-19 16:45:08 : 2202 steps taken, and 303 accepted.
[3 : mcmc] Progress @ 2025-04-19 16:45:45 : 2794 steps taken, and 323 accepted.
[0 : mcmc] Progress @ 2025-04-19 16:46:07 : 2877 steps taken, and 330 accepted.
[2 : mcmc] Progress @ 2025-04-19 16:46:09 : 2133 steps taken, and 308 accepted.
[1 : mcmc] Progress @ 2025-04-19 16:47:12 : 2214 steps taken, and 307 accepted.
[3 : mcmc] Progress @ 2025-04-19 16:47:48 : 2808 steps taken, and 325 accepted.
[0 : mcmc] Progress @ 2025-04-19 16:48:09 : 2895 steps taken, and 338 accepted.
[2 : mcmc] Progress @ 2025-04-19 16:48:20 : 2144 steps taken, and 309 accepted.
[1 : mcmc] Progress @ 2025-04-19 16:49:17 : 2224 steps taken, and 312 accepted.
[3 : mcmc] Progress @ 2025-04-19 16:49:50 : 2823 steps taken, and 327 accepted.
[0 : mcmc] Progress @ 2025-04-19 16:50:15 : 2907 steps taken, and 346 accepted.
[2 : mcmc] Progress @ 2025-04-19 16:50:23 : 2158 steps taken, and 310 accepted.
[1 : mcmc] Progress @ 2025-04-19 16:51:20 : 2236 steps taken, and 319 accepted.
[1 : mcmc] Learn + convergence test @ 320 samples accepted.
[1 : mcmc] Ready to check convergence and learn a new proposal covmat (waiting for the rest...)
[3 : mcmc] Progress @ 2025-04-19 16:51:56 : 2835 steps taken, and 328 accepted.
[0 : mcmc] Progress @ 2025-04-19 16:52:16 : 2927 steps taken, and 352 accepted.
[2 : mcmc] Progress @ 2025-04-19 16:52:29 : 2169 steps taken, and 315 accepted.
[1 : mcmc] Progress @ 2025-04-19 16:53:26 : 2248 steps taken, and 324 accepted.
[3 : mcmc] Progress @ 2025-04-19 16:53:56 : 2853 steps taken, and 337 accepted.
[0 : mcmc] Progress @ 2025-04-19 16:54:21 : 2940 steps taken, and 356 accepted.
[2 : mcmc] Progress @ 2025-04-19 16:54:32 : 2185 steps taken, and 316 accepted.
[1 : mcmc] Progress @ 2025-04-19 16:55:32 : 2260 steps taken, and 328 accepted.
[2 : mcmc] Learn + convergence test @ 320 samples accepted.
[2 : mcmc] Ready to check convergence and learn a new proposal covmat (waiting for the rest...)
[3 : mcmc] Progress @ 2025-04-19 16:56:02 : 2867 steps taken, and 340 accepted.
[0 : mcmc] Progress @ 2025-04-19 16:56:21 : 2960 steps taken, and 362 accepted.
[0 : mcmc] All chains are ready to check convergence and learn a new proposal covmat
[1 : mcmc] Progress @ 2025-04-19 16:57:37 : 2270 steps taken, and 329 accepted.
[3 : mcmc] Progress @ 2025-04-19 16:58:08 : 2883 steps taken, and 340 accepted.
[0 : mcmc]  - Acceptance rate: 0.317 = avg([0.3493, 0.3293, 0.3107, 0.2767])
[0 : mcmc]  - Convergence of means: R-1 = 2.243103 after 1354 accepted steps = sum([363, 330, 320, 341])
[0 : mcmc]  - Updated covariance matrix of proposal pdf.
[2 : mcmc] Progress @ 2025-04-19 16:58:28 : 2195 steps taken, and 320 accepted.
[0 : mcmc] Progress @ 2025-04-19 16:58:42 : 2964 steps taken, and 364 accepted.
[1 : mcmc] Progress @ 2025-04-19 16:59:37 : 2277 steps taken, and 333 accepted.
[3 : mcmc] Progress @ 2025-04-19 17:00:19 : 2899 steps taken, and 343 accepted.
[2 : mcmc] Progress @ 2025-04-19 17:00:40 : 2212 steps taken, and 323 accepted.
[0 : mcmc] Progress @ 2025-04-19 17:00:54 : 2979 steps taken, and 369 accepted.
[1 : mcmc] Progress @ 2025-04-19 17:01:49 : 2288 steps taken, and 338 accepted.
[3 : mcmc] Progress @ 2025-04-19 17:02:20 : 2916 steps taken, and 347 accepted.
[2 : mcmc] Progress @ 2025-04-19 17:02:51 : 2224 steps taken, and 327 accepted.
[0 : mcmc] Progress @ 2025-04-19 17:03:08 : 2995 steps taken, and 374 accepted.
[1 : mcmc] Progress @ 2025-04-19 17:03:54 : 2298 steps taken, and 344 accepted.
[3 : mcmc] Progress @ 2025-04-19 17:04:22 : 2937 steps taken, and 352 accepted.
[2 : mcmc] Progress @ 2025-04-19 17:05:03 : 2239 steps taken, and 331 accepted.
[0 : mcmc] Progress @ 2025-04-19 17:05:16 : 3004 steps taken, and 378 accepted.
[1 : mcmc] Progress @ 2025-04-19 17:05:58 : 2311 steps taken, and 350 accepted.
[3 : mcmc] Progress @ 2025-04-19 17:06:33 : 2969 steps taken, and 359 accepted.
[2 : mcmc] Progress @ 2025-04-19 17:07:13 : 2257 steps taken, and 335 accepted.
[0 : mcmc] Progress @ 2025-04-19 17:07:25 : 3021 steps taken, and 381 accepted.
[1 : mcmc] Progress @ 2025-04-19 17:08:01 : 2324 steps taken, and 353 accepted.
[3 : mcmc] Progress @ 2025-04-19 17:08:36 : 2985 steps taken, and 363 accepted.
[2 : mcmc] Progress @ 2025-04-19 17:09:16 : 2270 steps taken, and 338 accepted.
[0 : mcmc] Progress @ 2025-04-19 17:09:31 : 3044 steps taken, and 388 accepted.
[1 : mcmc] Progress @ 2025-04-19 17:10:07 : 2335 steps taken, and 358 accepted.
[3 : mcmc] Progress @ 2025-04-19 17:10:48 : 2998 steps taken, and 368 accepted.
[2 : mcmc] Progress @ 2025-04-19 17:11:20 : 2283 steps taken, and 344 accepted.
[0 : mcmc] Progress @ 2025-04-19 17:11:37 : 3055 steps taken, and 390 accepted.
[1 : mcmc] Progress @ 2025-04-19 17:12:12 : 2347 steps taken, and 361 accepted.
[3 : mcmc] Progress @ 2025-04-19 17:12:51 : 3009 steps taken, and 377 accepted.
[2 : mcmc] Progress @ 2025-04-19 17:13:21 : 2306 steps taken, and 349 accepted.
[0 : mcmc] Progress @ 2025-04-19 17:13:47 : 3069 steps taken, and 397 accepted.
[1 : mcmc] Progress @ 2025-04-19 17:14:15 : 2359 steps taken, and 365 accepted.
[3 : mcmc] Progress @ 2025-04-19 17:14:54 : 3027 steps taken, and 381 accepted.
[0 : mcmc] Learn + convergence test @ 400 samples accepted.
[0 : mcmc] Ready to check convergence and learn a new proposal covmat (waiting for the rest...)
[2 : mcmc] Progress @ 2025-04-19 17:15:27 : 2323 steps taken, and 353 accepted.
[0 : mcmc] Progress @ 2025-04-19 17:15:48 : 3089 steps taken, and 402 accepted.
[1 : mcmc] Progress @ 2025-04-19 17:16:27 : 2372 steps taken, and 372 accepted.
[3 : mcmc] Progress @ 2025-04-19 17:16:57 : 3043 steps taken, and 384 accepted.
[2 : mcmc] Progress @ 2025-04-19 17:17:30 : 2339 steps taken, and 359 accepted.
[0 : mcmc] Progress @ 2025-04-19 17:17:53 : 3101 steps taken, and 407 accepted.
[1 : mcmc] Progress @ 2025-04-19 17:18:29 : 2388 steps taken, and 378 accepted.
[3 : mcmc] Progress @ 2025-04-19 17:19:02 : 3055 steps taken, and 387 accepted.
[2 : mcmc] Progress @ 2025-04-19 17:19:33 : 2355 steps taken, and 365 accepted.
[0 : mcmc] Progress @ 2025-04-19 17:20:01 : 3120 steps taken, and 411 accepted.
[1 : mcmc] Progress @ 2025-04-19 17:20:40 : 2405 steps taken, and 382 accepted.
[3 : mcmc] Progress @ 2025-04-19 17:21:05 : 3067 steps taken, and 389 accepted.
[2 : mcmc] Progress @ 2025-04-19 17:21:35 : 2373 steps taken, and 371 accepted.
[0 : mcmc] Progress @ 2025-04-19 17:22:12 : 3133 steps taken, and 416 accepted.
[1 : mcmc] Progress @ 2025-04-19 17:22:43 : 2416 steps taken, and 385 accepted.
[3 : mcmc] Progress @ 2025-04-19 17:23:11 : 3078 steps taken, and 393 accepted.
[2 : mcmc] Progress @ 2025-04-19 17:23:38 : 2388 steps taken, and 374 accepted.
[0 : mcmc] Progress @ 2025-04-19 17:24:23 : 3146 steps taken, and 420 accepted.
[1 : mcmc] Progress @ 2025-04-19 17:24:48 : 2428 steps taken, and 388 accepted.
[3 : mcmc] Progress @ 2025-04-19 17:25:22 : 3091 steps taken, and 397 accepted.
[2 : mcmc] Progress @ 2025-04-19 17:25:49 : 2404 steps taken, and 378 accepted.
[3 : mcmc] Learn + convergence test @ 400 samples accepted.
[3 : mcmc] Ready to check convergence and learn a new proposal covmat (waiting for the rest...)
[0 : mcmc] Progress @ 2025-04-19 17:26:26 : 3159 steps taken, and 424 accepted.
[1 : mcmc] Progress @ 2025-04-19 17:26:52 : 2439 steps taken, and 393 accepted.
[3 : mcmc] Progress @ 2025-04-19 17:27:25 : 3106 steps taken, and 404 accepted.
[2 : mcmc] Progress @ 2025-04-19 17:27:58 : 2422 steps taken, and 382 accepted.
[0 : mcmc] Progress @ 2025-04-19 17:28:37 : 3172 steps taken, and 430 accepted.
[1 : mcmc] Progress @ 2025-04-19 17:28:55 : 2452 steps taken, and 396 accepted.
[3 : mcmc] Progress @ 2025-04-19 17:29:27 : 3119 steps taken, and 406 accepted.
[2 : mcmc] Progress @ 2025-04-19 17:30:01 : 2437 steps taken, and 386 accepted.
[0 : mcmc] Progress @ 2025-04-19 17:30:40 : 3187 steps taken, and 437 accepted.
[1 : mcmc] Progress @ 2025-04-19 17:31:01 : 2464 steps taken, and 399 accepted.
[3 : mcmc] Progress @ 2025-04-19 17:31:39 : 3131 steps taken, and 409 accepted.
[2 : mcmc] Progress @ 2025-04-19 17:32:07 : 2448 steps taken, and 392 accepted.
[1 : mcmc] Learn + convergence test @ 400 samples accepted.
[1 : mcmc] Ready to check convergence and learn a new proposal covmat (waiting for the rest...)
[0 : mcmc] Progress @ 2025-04-19 17:32:42 : 3207 steps taken, and 438 accepted.
[1 : mcmc] Progress @ 2025-04-19 17:33:04 : 2477 steps taken, and 401 accepted.
[3 : mcmc] Progress @ 2025-04-19 17:33:41 : 3147 steps taken, and 413 accepted.
[2 : mcmc] Progress @ 2025-04-19 17:34:11 : 2464 steps taken, and 397 accepted.
[0 : mcmc] Progress @ 2025-04-19 17:34:51 : 3225 steps taken, and 443 accepted.
[1 : mcmc] Progress @ 2025-04-19 17:35:08 : 2492 steps taken, and 404 accepted.
[3 : mcmc] Progress @ 2025-04-19 17:35:52 : 3159 steps taken, and 417 accepted.
[2 : mcmc] Learn + convergence test @ 400 samples accepted.
[2 : mcmc] Ready to check convergence and learn a new proposal covmat (waiting for the rest...)
[0 : mcmc] All chains are ready to check convergence and learn a new proposal covmat
[1 : mcmc] Progress @ 2025-04-19 17:37:10 : 2508 steps taken, and 405 accepted.
[0 : mcmc]  - Acceptance rate: 0.310 = avg([0.3379, 0.3295, 0.3012, 0.2696])
[0 : mcmc]  - Convergence of means: R-1 = 0.982660 after 1673 accepted steps = sum([448, 406, 400, 419])
[0 : mcmc]  - Updated covariance matrix of proposal pdf.
[2 : mcmc] Progress @ 2025-04-19 17:37:52 : 2475 steps taken, and 400 accepted.
[0 : mcmc] Progress @ 2025-04-19 17:37:52 : 3238 steps taken, and 448 accepted.
[3 : mcmc] Progress @ 2025-04-19 17:38:06 : 3170 steps taken, and 419 accepted.
[1 : mcmc] Progress @ 2025-04-19 17:39:16 : 2522 steps taken, and 407 accepted.
[2 : mcmc] Progress @ 2025-04-19 17:39:56 : 2486 steps taken, and 402 accepted.
[0 : mcmc] Progress @ 2025-04-19 17:39:58 : 3251 steps taken, and 455 accepted.
[3 : mcmc] Progress @ 2025-04-19 17:40:13 : 3180 steps taken, and 424 accepted.
[1 : mcmc] Progress @ 2025-04-19 17:41:19 : 2536 steps taken, and 411 accepted.
[2 : mcmc] Progress @ 2025-04-19 17:41:57 : 2495 steps taken, and 406 accepted.
[0 : mcmc] Progress @ 2025-04-19 17:42:02 : 3266 steps taken, and 459 accepted.
[3 : mcmc] Progress @ 2025-04-19 17:42:16 : 3191 steps taken, and 427 accepted.
[1 : mcmc] Progress @ 2025-04-19 17:43:31 : 2548 steps taken, and 414 accepted.
[0 : mcmc] Progress @ 2025-04-19 17:44:05 : 3278 steps taken, and 463 accepted.
[2 : mcmc] Progress @ 2025-04-19 17:44:06 : 2508 steps taken, and 408 accepted.
[3 : mcmc] Progress @ 2025-04-19 17:44:21 : 3201 steps taken, and 431 accepted.
[1 : mcmc] Progress @ 2025-04-19 17:45:36 : 2559 steps taken, and 416 accepted.
[0 : mcmc] Progress @ 2025-04-19 17:46:10 : 3290 steps taken, and 467 accepted.
[2 : mcmc] Progress @ 2025-04-19 17:46:12 : 2518 steps taken, and 409 accepted.
[3 : mcmc] Progress @ 2025-04-19 17:46:24 : 3212 steps taken, and 435 accepted.
[1 : mcmc] Progress @ 2025-04-19 17:47:40 : 2572 steps taken, and 424 accepted.
[0 : mcmc] Progress @ 2025-04-19 17:48:13 : 3304 steps taken, and 470 accepted.
[2 : mcmc] Progress @ 2025-04-19 17:48:23 : 2532 steps taken, and 416 accepted.
[3 : mcmc] Progress @ 2025-04-19 17:48:29 : 3225 steps taken, and 439 accepted.
[1 : mcmc] Progress @ 2025-04-19 17:49:51 : 2584 steps taken, and 427 accepted.
[0 : mcmc] Progress @ 2025-04-19 17:50:24 : 3317 steps taken, and 472 accepted.
[2 : mcmc] Progress @ 2025-04-19 17:50:27 : 2547 steps taken, and 421 accepted.
[3 : mcmc] Progress @ 2025-04-19 17:50:35 : 3236 steps taken, and 442 accepted.
[1 : mcmc] Progress @ 2025-04-19 17:52:03 : 2595 steps taken, and 432 accepted.
[2 : mcmc] Progress @ 2025-04-19 17:52:30 : 2566 steps taken, and 425 accepted.
[0 : mcmc] Progress @ 2025-04-19 17:52:35 : 3329 steps taken, and 477 accepted.
[3 : mcmc] Progress @ 2025-04-19 17:52:46 : 3247 steps taken, and 449 accepted.
[1 : mcmc] Progress @ 2025-04-19 17:54:06 : 2610 steps taken, and 438 accepted.
[0 : mcmc] Learn + convergence test @ 480 samples accepted.
[0 : mcmc] Ready to check convergence and learn a new proposal covmat (waiting for the rest...)
[2 : mcmc] Progress @ 2025-04-19 17:54:31 : 2589 steps taken, and 429 accepted.
[0 : mcmc] Progress @ 2025-04-19 17:54:46 : 3342 steps taken, and 481 accepted.
[3 : mcmc] Progress @ 2025-04-19 17:54:58 : 3260 steps taken, and 452 accepted.
[1 : mcmc] Progress @ 2025-04-19 17:56:17 : 2623 steps taken, and 442 accepted.
[2 : mcmc] Progress @ 2025-04-19 17:56:37 : 2599 steps taken, and 435 accepted.
[0 : mcmc] Progress @ 2025-04-19 17:56:55 : 3366 steps taken, and 484 accepted.
[3 : mcmc] Progress @ 2025-04-19 17:57:01 : 3273 steps taken, and 457 accepted.
[1 : mcmc] Progress @ 2025-04-19 17:58:20 : 2641 steps taken, and 445 accepted.
[2 : mcmc] Progress @ 2025-04-19 17:58:48 : 2610 steps taken, and 441 accepted.
[3 : mcmc] Progress @ 2025-04-19 17:59:03 : 3288 steps taken, and 460 accepted.
[0 : mcmc] Progress @ 2025-04-19 17:59:07 : 3392 steps taken, and 488 accepted.
[1 : mcmc] Progress @ 2025-04-19 18:00:29 : 2661 steps taken, and 451 accepted.
[2 : mcmc] Progress @ 2025-04-19 18:00:52 : 2622 steps taken, and 446 accepted.
[3 : mcmc] Progress @ 2025-04-19 18:01:06 : 3301 steps taken, and 465 accepted.
[0 : mcmc] Progress @ 2025-04-19 18:01:10 : 3407 steps taken, and 493 accepted.
[1 : mcmc] Progress @ 2025-04-19 18:02:41 : 2673 steps taken, and 458 accepted.
[2 : mcmc] Progress @ 2025-04-19 18:03:03 : 2634 steps taken, and 450 accepted.
[3 : mcmc] Progress @ 2025-04-19 18:03:11 : 3312 steps taken, and 467 accepted.
[0 : mcmc] Progress @ 2025-04-19 18:03:15 : 3420 steps taken, and 496 accepted.
[1 : mcmc] Progress @ 2025-04-19 18:04:44 : 2690 steps taken, and 461 accepted.
[2 : mcmc] Progress @ 2025-04-19 18:05:15 : 2651 steps taken, and 456 accepted.
[0 : mcmc] Progress @ 2025-04-19 18:05:18 : 3432 steps taken, and 497 accepted.
[3 : mcmc] Progress @ 2025-04-19 18:05:23 : 3324 steps taken, and 472 accepted.
[1 : mcmc] Progress @ 2025-04-19 18:06:47 : 2704 steps taken, and 464 accepted.
[2 : mcmc] Progress @ 2025-04-19 18:07:18 : 2663 steps taken, and 462 accepted.
[0 : mcmc] Progress @ 2025-04-19 18:07:21 : 3447 steps taken, and 502 accepted.
[3 : mcmc] Progress @ 2025-04-19 18:07:26 : 3342 steps taken, and 475 accepted.
[1 : mcmc] Progress @ 2025-04-19 18:08:53 : 2715 steps taken, and 465 accepted.
[3 : mcmc] Learn + convergence test @ 480 samples accepted.
[3 : mcmc] Ready to check convergence and learn a new proposal covmat (waiting for the rest...)
[2 : mcmc] Progress @ 2025-04-19 18:09:24 : 2673 steps taken, and 464 accepted.
[0 : mcmc] Progress @ 2025-04-19 18:09:33 : 3462 steps taken, and 507 accepted.
[3 : mcmc] Progress @ 2025-04-19 18:09:34 : 3362 steps taken, and 481 accepted.
[1 : mcmc] Progress @ 2025-04-19 18:10:56 : 2726 steps taken, and 469 accepted.
[3 : mcmc] Progress @ 2025-04-19 18:11:34 : 3382 steps taken, and 489 accepted.
[0 : mcmc] Progress @ 2025-04-19 18:11:36 : 3474 steps taken, and 508 accepted.
[2 : mcmc] Progress @ 2025-04-19 18:11:37 : 2685 steps taken, and 467 accepted.
[1 : mcmc] Progress @ 2025-04-19 18:13:00 : 2738 steps taken, and 472 accepted.
[3 : mcmc] Progress @ 2025-04-19 18:13:34 : 3408 steps taken, and 494 accepted.
[2 : mcmc] Progress @ 2025-04-19 18:13:40 : 2697 steps taken, and 473 accepted.
[0 : mcmc] Progress @ 2025-04-19 18:13:41 : 3484 steps taken, and 512 accepted.
[1 : mcmc] Progress @ 2025-04-19 18:15:04 : 2751 steps taken, and 474 accepted.
[3 : mcmc] Progress @ 2025-04-19 18:15:38 : 3425 steps taken, and 498 accepted.
[2 : mcmc] Progress @ 2025-04-19 18:15:40 : 2707 steps taken, and 477 accepted.
[0 : mcmc] Progress @ 2025-04-19 18:15:47 : 3494 steps taken, and 515 accepted.
[1 : mcmc] Progress @ 2025-04-19 18:17:16 : 2766 steps taken, and 477 accepted.
[3 : mcmc] Progress @ 2025-04-19 18:17:41 : 3443 steps taken, and 503 accepted.
[2 : mcmc] Progress @ 2025-04-19 18:17:46 : 2717 steps taken, and 479 accepted.
[0 : mcmc] Progress @ 2025-04-19 18:17:48 : 3513 steps taken, and 522 accepted.
[2 : mcmc] Learn + convergence test @ 480 samples accepted.
[2 : mcmc] Ready to check convergence and learn a new proposal covmat (waiting for the rest...)
[1 : mcmc] Learn + convergence test @ 480 samples accepted.
[1 : mcmc] Ready to check convergence and learn a new proposal covmat (waiting for the rest...)
[0 : mcmc] All chains are ready to check convergence and learn a new proposal covmat
[0 : mcmc]  - Acceptance rate: 0.297 = avg([0.3112, 0.3082, 0.2975, 0.2704])
[0 : mcmc]  - Convergence of means: R-1 = 0.576781 after 1990 accepted steps = sum([524, 481, 481, 504])
[0 : mcmc]  - Updated covariance matrix of proposal pdf.
[1 : mcmc] Progress @ 2025-04-19 18:19:40 : 2775 steps taken, and 481 accepted.
[3 : mcmc] Progress @ 2025-04-19 18:19:48 : 3454 steps taken, and 504 accepted.
[0 : mcmc] Progress @ 2025-04-19 18:19:48 : 3520 steps taken, and 525 accepted.
[2 : mcmc] Progress @ 2025-04-19 18:19:54 : 2730 steps taken, and 481 accepted.
[1 : mcmc] Progress @ 2025-04-19 18:21:47 : 2786 steps taken, and 484 accepted.
[0 : mcmc] Progress @ 2025-04-19 18:21:58 : 3539 steps taken, and 530 accepted.
[3 : mcmc] Progress @ 2025-04-19 18:21:59 : 3469 steps taken, and 512 accepted.
[2 : mcmc] Progress @ 2025-04-19 18:21:59 : 2745 steps taken, and 484 accepted.
[1 : mcmc] Progress @ 2025-04-19 18:23:50 : 2801 steps taken, and 486 accepted.
[3 : mcmc] Progress @ 2025-04-19 18:24:02 : 3485 steps taken, and 517 accepted.
[0 : mcmc] Progress @ 2025-04-19 18:24:09 : 3557 steps taken, and 534 accepted.
[2 : mcmc] Progress @ 2025-04-19 18:24:10 : 2761 steps taken, and 488 accepted.
[1 : mcmc] Progress @ 2025-04-19 18:26:00 : 2820 steps taken, and 493 accepted.
[2 : mcmc] Progress @ 2025-04-19 18:26:13 : 2777 steps taken, and 495 accepted.
[3 : mcmc] Progress @ 2025-04-19 18:26:14 : 3498 steps taken, and 520 accepted.
[0 : mcmc] Progress @ 2025-04-19 18:26:18 : 3573 steps taken, and 539 accepted.
[1 : mcmc] Progress @ 2025-04-19 18:28:03 : 2834 steps taken, and 497 accepted.
[2 : mcmc] Progress @ 2025-04-19 18:28:17 : 2791 steps taken, and 500 accepted.
[3 : mcmc] Progress @ 2025-04-19 18:28:19 : 3509 steps taken, and 523 accepted.
[0 : mcmc] Progress @ 2025-04-19 18:28:27 : 3590 steps taken, and 542 accepted.
[1 : mcmc] Progress @ 2025-04-19 18:30:08 : 2845 steps taken, and 501 accepted.
[3 : mcmc] Progress @ 2025-04-19 18:30:22 : 3523 steps taken, and 524 accepted.
[2 : mcmc] Progress @ 2025-04-19 18:30:23 : 2801 steps taken, and 504 accepted.
[0 : mcmc] Progress @ 2025-04-19 18:30:32 : 3601 steps taken, and 548 accepted.
[1 : mcmc] Progress @ 2025-04-19 18:32:12 : 2862 steps taken, and 505 accepted.
[3 : mcmc] Progress @ 2025-04-19 18:32:26 : 3537 steps taken, and 525 accepted.
[2 : mcmc] Progress @ 2025-04-19 18:32:26 : 2815 steps taken, and 509 accepted.
[0 : mcmc] Progress @ 2025-04-19 18:32:35 : 3615 steps taken, and 554 accepted.
[1 : mcmc] Progress @ 2025-04-19 18:34:14 : 2878 steps taken, and 510 accepted.
[2 : mcmc] Progress @ 2025-04-19 18:34:29 : 2830 steps taken, and 512 accepted.
[3 : mcmc] Progress @ 2025-04-19 18:34:37 : 3549 steps taken, and 528 accepted.
[0 : mcmc] Progress @ 2025-04-19 18:34:46 : 3628 steps taken, and 558 accepted.
[1 : mcmc] Progress @ 2025-04-19 18:36:17 : 2890 steps taken, and 512 accepted.
[0 : mcmc] Learn + convergence test @ 560 samples accepted.
[0 : mcmc] Ready to check convergence and learn a new proposal covmat (waiting for the rest...)
[2 : mcmc] Progress @ 2025-04-19 18:36:33 : 2847 steps taken, and 515 accepted.
[3 : mcmc] Progress @ 2025-04-19 18:36:43 : 3562 steps taken, and 533 accepted.
[0 : mcmc] Progress @ 2025-04-19 18:36:49 : 3641 steps taken, and 561 accepted.
[1 : mcmc] Progress @ 2025-04-19 18:38:20 : 2905 steps taken, and 517 accepted.
[2 : mcmc] Progress @ 2025-04-19 18:38:44 : 2861 steps taken, and 520 accepted.
[3 : mcmc] Progress @ 2025-04-19 18:38:57 : 3584 steps taken, and 535 accepted.
[0 : mcmc] Progress @ 2025-04-19 18:39:00 : 3656 steps taken, and 563 accepted.
[1 : mcmc] Progress @ 2025-04-19 18:40:26 : 2918 steps taken, and 522 accepted.
[2 : mcmc] Progress @ 2025-04-19 18:40:47 : 2875 steps taken, and 524 accepted.
[3 : mcmc] Progress @ 2025-04-19 18:41:00 : 3600 steps taken, and 539 accepted.
[0 : mcmc] Progress @ 2025-04-19 18:41:03 : 3671 steps taken, and 568 accepted.
[1 : mcmc] Progress @ 2025-04-19 18:42:37 : 2929 steps taken, and 523 accepted.
[2 : mcmc] Progress @ 2025-04-19 18:42:50 : 2892 steps taken, and 527 accepted.
[3 : mcmc] Progress @ 2025-04-19 18:43:00 : 3622 steps taken, and 545 accepted.
[0 : mcmc] Progress @ 2025-04-19 18:43:14 : 3684 steps taken, and 573 accepted.
[1 : mcmc] Progress @ 2025-04-19 18:44:40 : 2944 steps taken, and 529 accepted.
[2 : mcmc] Progress @ 2025-04-19 18:45:00 : 2912 steps taken, and 533 accepted.
[3 : mcmc] Progress @ 2025-04-19 18:45:03 : 3644 steps taken, and 549 accepted.
[0 : mcmc] Progress @ 2025-04-19 18:45:26 : 3696 steps taken, and 579 accepted.
[1 : mcmc] Progress @ 2025-04-19 18:46:44 : 2955 steps taken, and 531 accepted.
[3 : mcmc] Progress @ 2025-04-19 18:47:06 : 3658 steps taken, and 552 accepted.
[2 : mcmc] Progress @ 2025-04-19 18:47:12 : 2924 steps taken, and 536 accepted.
[0 : mcmc] Progress @ 2025-04-19 18:47:38 : 3707 steps taken, and 584 accepted.
[1 : mcmc] Progress @ 2025-04-19 18:48:50 : 2970 steps taken, and 536 accepted.
[3 : mcmc] Progress @ 2025-04-19 18:49:09 : 3672 steps taken, and 558 accepted.
[2 : mcmc] Progress @ 2025-04-19 18:49:18 : 2935 steps taken, and 541 accepted.
[3 : mcmc] Learn + convergence test @ 560 samples accepted.
[3 : mcmc] Ready to check convergence and learn a new proposal covmat (waiting for the rest...)
[0 : mcmc] Progress @ 2025-04-19 18:49:43 : 3718 steps taken, and 588 accepted.
[1 : mcmc] Progress @ 2025-04-19 18:50:53 : 2983 steps taken, and 540 accepted.
[3 : mcmc] Progress @ 2025-04-19 18:51:13 : 3685 steps taken, and 563 accepted.
[2 : mcmc] Progress @ 2025-04-19 18:51:28 : 2951 steps taken, and 544 accepted.
[0 : mcmc] Progress @ 2025-04-19 18:51:55 : 3729 steps taken, and 592 accepted.
[1 : mcmc] Progress @ 2025-04-19 18:53:05 : 2995 steps taken, and 548 accepted.
[3 : mcmc] Progress @ 2025-04-19 18:53:24 : 3700 steps taken, and 566 accepted.
[2 : mcmc] Progress @ 2025-04-19 18:53:34 : 2963 steps taken, and 545 accepted.
[0 : mcmc] Progress @ 2025-04-19 18:54:05 : 3741 steps taken, and 598 accepted.
[1 : mcmc] Progress @ 2025-04-19 18:55:06 : 3018 steps taken, and 554 accepted.
[2 : mcmc] Progress @ 2025-04-19 18:55:34 : 2983 steps taken, and 547 accepted.
[3 : mcmc] Progress @ 2025-04-19 18:55:35 : 3712 steps taken, and 572 accepted.
[0 : mcmc] Progress @ 2025-04-19 18:56:09 : 3756 steps taken, and 600 accepted.
[1 : mcmc] Progress @ 2025-04-19 18:57:17 : 3032 steps taken, and 557 accepted.
[2 : mcmc] Progress @ 2025-04-19 18:57:38 : 2999 steps taken, and 551 accepted.
[3 : mcmc] Progress @ 2025-04-19 18:57:47 : 3723 steps taken, and 573 accepted.
[0 : mcmc] Progress @ 2025-04-19 18:58:14 : 3767 steps taken, and 603 accepted.
[1 : mcmc] Learn + convergence test @ 560 samples accepted.
[1 : mcmc] Ready to check convergence and learn a new proposal covmat (waiting for the rest...)
[1 : mcmc] Progress @ 2025-04-19 18:59:20 : 3046 steps taken, and 562 accepted.
[2 : mcmc] Progress @ 2025-04-19 18:59:38 : 3021 steps taken, and 553 accepted.
[3 : mcmc] Progress @ 2025-04-19 18:59:58 : 3734 steps taken, and 576 accepted.
[0 : mcmc] Progress @ 2025-04-19 19:00:17 : 3783 steps taken, and 606 accepted.
[1 : mcmc] Progress @ 2025-04-19 19:01:32 : 3059 steps taken, and 566 accepted.
[2 : mcmc] Progress @ 2025-04-19 19:01:39 : 3047 steps taken, and 560 accepted.
[2 : mcmc] Learn + convergence test @ 560 samples accepted.
[2 : mcmc] Ready to check convergence and learn a new proposal covmat (waiting for the rest...)
[3 : mcmc] Progress @ 2025-04-19 19:02:03 : 3744 steps taken, and 582 accepted.
[0 : mcmc] All chains are ready to check convergence and learn a new proposal covmat
[0 : mcmc]  - Acceptance rate: 0.292 = avg([0.3089, 0.3067, 0.2786, 0.2711])
[0 : mcmc]  - Convergence of means: R-1 = 0.405158 after 2324 accepted steps = sum([613, 568, 560, 583])
[0 : mcmc]  - Updated covariance matrix of proposal pdf.
[0 : mcmc] Progress @ 2025-04-19 19:02:45 : 3798 steps taken, and 613 accepted.
[1 : mcmc] Progress @ 2025-04-19 19:03:40 : 3070 steps taken, and 571 accepted.
[2 : mcmc] Progress @ 2025-04-19 19:03:45 : 3062 steps taken, and 563 accepted.
[3 : mcmc] Progress @ 2025-04-19 19:04:08 : 3754 steps taken, and 586 accepted.
[0 : mcmc] Progress @ 2025-04-19 19:04:45 : 3819 steps taken, and 619 accepted.
[2 : mcmc] Progress @ 2025-04-19 19:05:49 : 3074 steps taken, and 566 accepted.
[1 : mcmc] Progress @ 2025-04-19 19:05:49 : 3086 steps taken, and 575 accepted.
[3 : mcmc] Progress @ 2025-04-19 19:06:13 : 3764 steps taken, and 591 accepted.
[0 : mcmc] Progress @ 2025-04-19 19:06:50 : 3831 steps taken, and 621 accepted.
[2 : mcmc] Progress @ 2025-04-19 19:07:51 : 3091 steps taken, and 570 accepted.
[1 : mcmc] Progress @ 2025-04-19 19:07:52 : 3100 steps taken, and 579 accepted.
[3 : mcmc] Progress @ 2025-04-19 19:08:16 : 3778 steps taken, and 595 accepted.
[0 : mcmc] Progress @ 2025-04-19 19:08:54 : 3846 steps taken, and 624 accepted.
[1 : mcmc] Progress @ 2025-04-19 19:09:55 : 3120 steps taken, and 584 accepted.
[2 : mcmc] Progress @ 2025-04-19 19:10:03 : 3107 steps taken, and 573 accepted.
[3 : mcmc] Progress @ 2025-04-19 19:10:18 : 3794 steps taken, and 597 accepted.
[0 : mcmc] Progress @ 2025-04-19 19:10:57 : 3862 steps taken, and 626 accepted.
[1 : mcmc] Progress @ 2025-04-19 19:12:00 : 3130 steps taken, and 588 accepted.
[2 : mcmc] Progress @ 2025-04-19 19:12:04 : 3123 steps taken, and 579 accepted.
[3 : mcmc] Progress @ 2025-04-19 19:12:21 : 3809 steps taken, and 601 accepted.
[0 : mcmc] Progress @ 2025-04-19 19:13:08 : 3877 steps taken, and 633 accepted.
[1 : mcmc] Progress @ 2025-04-19 19:14:04 : 3143 steps taken, and 591 accepted.
[2 : mcmc] Progress @ 2025-04-19 19:14:10 : 3135 steps taken, and 583 accepted.
[3 : mcmc] Progress @ 2025-04-19 19:14:25 : 3821 steps taken, and 604 accepted.
[0 : mcmc] Progress @ 2025-04-19 19:15:11 : 3891 steps taken, and 636 accepted.
[1 : mcmc] Progress @ 2025-04-19 19:16:09 : 3154 steps taken, and 595 accepted.
[2 : mcmc] Progress @ 2025-04-19 19:16:22 : 3150 steps taken, and 589 accepted.
[3 : mcmc] Progress @ 2025-04-19 19:16:36 : 3839 steps taken, and 609 accepted.
[0 : mcmc] Learn + convergence test @ 640 samples accepted.
[0 : mcmc] Ready to check convergence and learn a new proposal covmat (waiting for the rest...)
[0 : mcmc] Progress @ 2025-04-19 19:17:23 : 3904 steps taken, and 641 accepted.
[1 : mcmc] Progress @ 2025-04-19 19:18:10 : 3173 steps taken, and 598 accepted.
[2 : mcmc] Progress @ 2025-04-19 19:18:25 : 3164 steps taken, and 592 accepted.
[3 : mcmc] Progress @ 2025-04-19 19:18:39 : 3851 steps taken, and 613 accepted.
[0 : mcmc] Progress @ 2025-04-19 19:19:26 : 3921 steps taken, and 645 accepted.
[1 : mcmc] Progress @ 2025-04-19 19:20:13 : 3192 steps taken, and 602 accepted.
[2 : mcmc] Progress @ 2025-04-19 19:20:37 : 3177 steps taken, and 597 accepted.
[3 : mcmc] Progress @ 2025-04-19 19:20:44 : 3861 steps taken, and 616 accepted.
[0 : mcmc] Progress @ 2025-04-19 19:21:35 : 3941 steps taken, and 646 accepted.
[1 : mcmc] Progress @ 2025-04-19 19:22:16 : 3208 steps taken, and 609 accepted.
[3 : mcmc] Progress @ 2025-04-19 19:22:47 : 3877 steps taken, and 623 accepted.
[2 : mcmc] Progress @ 2025-04-19 19:22:49 : 3191 steps taken, and 601 accepted.
[0 : mcmc] Progress @ 2025-04-19 19:23:35 : 3962 steps taken, and 650 accepted.
[1 : mcmc] Progress @ 2025-04-19 19:24:27 : 3223 steps taken, and 613 accepted.
[3 : mcmc] Progress @ 2025-04-19 19:24:50 : 3892 steps taken, and 629 accepted.
[2 : mcmc] Progress @ 2025-04-19 19:24:52 : 3203 steps taken, and 604 accepted.
[0 : mcmc] Progress @ 2025-04-19 19:25:41 : 3975 steps taken, and 651 accepted.
[1 : mcmc] Progress @ 2025-04-19 19:26:30 : 3239 steps taken, and 619 accepted.
[2 : mcmc] Progress @ 2025-04-19 19:26:58 : 3213 steps taken, and 606 accepted.
[3 : mcmc] Progress @ 2025-04-19 19:27:02 : 3903 steps taken, and 635 accepted.
[0 : mcmc] Progress @ 2025-04-19 19:27:44 : 3987 steps taken, and 654 accepted.
[1 : mcmc] Progress @ 2025-04-19 19:28:34 : 3254 steps taken, and 626 accepted.
[2 : mcmc] Progress @ 2025-04-19 19:29:02 : 3227 steps taken, and 609 accepted.
[3 : mcmc] Progress @ 2025-04-19 19:29:05 : 3917 steps taken, and 639 accepted.
[3 : mcmc] Learn + convergence test @ 640 samples accepted.
[3 : mcmc] Ready to check convergence and learn a new proposal covmat (waiting for the rest...)
[0 : mcmc] Progress @ 2025-04-19 19:29:46 : 4003 steps taken, and 658 accepted.
[1 : mcmc] Progress @ 2025-04-19 19:30:45 : 3265 steps taken, and 628 accepted.
[2 : mcmc] Progress @ 2025-04-19 19:31:09 : 3239 steps taken, and 613 accepted.
[3 : mcmc] Progress @ 2025-04-19 19:31:11 : 3928 steps taken, and 643 accepted.
[0 : mcmc] Progress @ 2025-04-19 19:31:50 : 4022 steps taken, and 662 accepted.
[1 : mcmc] Progress @ 2025-04-19 19:32:57 : 3278 steps taken, and 633 accepted.
[2 : mcmc] Progress @ 2025-04-19 19:33:18 : 3256 steps taken, and 619 accepted.
[3 : mcmc] Progress @ 2025-04-19 19:33:22 : 3941 steps taken, and 648 accepted.
[0 : mcmc] Progress @ 2025-04-19 19:33:53 : 4039 steps taken, and 664 accepted.
[1 : mcmc] Progress @ 2025-04-19 19:35:05 : 3294 steps taken, and 637 accepted.
[2 : mcmc] Progress @ 2025-04-19 19:35:24 : 3266 steps taken, and 624 accepted.
[3 : mcmc] Progress @ 2025-04-19 19:35:33 : 3952 steps taken, and 649 accepted.
[0 : mcmc] Progress @ 2025-04-19 19:35:56 : 4051 steps taken, and 668 accepted.
[1 : mcmc] Learn + convergence test @ 640 samples accepted.
[1 : mcmc] Ready to check convergence and learn a new proposal covmat (waiting for the rest...)
[1 : mcmc] Progress @ 2025-04-19 19:37:06 : 3316 steps taken, and 640 accepted.
[2 : mcmc] Progress @ 2025-04-19 19:37:36 : 3277 steps taken, and 626 accepted.
[3 : mcmc] Progress @ 2025-04-19 19:37:45 : 3963 steps taken, and 653 accepted.
[0 : mcmc] Progress @ 2025-04-19 19:38:07 : 4066 steps taken, and 672 accepted.
[1 : mcmc] Progress @ 2025-04-19 19:39:17 : 3332 steps taken, and 642 accepted.
[2 : mcmc] Progress @ 2025-04-19 19:39:48 : 3288 steps taken, and 629 accepted.
[3 : mcmc] Progress @ 2025-04-19 19:39:56 : 3975 steps taken, and 657 accepted.
[0 : mcmc] Progress @ 2025-04-19 19:40:08 : 4088 steps taken, and 675 accepted.
[1 : mcmc] Progress @ 2025-04-19 19:41:29 : 3347 steps taken, and 645 accepted.
[2 : mcmc] Progress @ 2025-04-19 19:41:54 : 3298 steps taken, and 633 accepted.
[3 : mcmc] Progress @ 2025-04-19 19:42:08 : 3986 steps taken, and 660 accepted.
[0 : mcmc] Progress @ 2025-04-19 19:42:11 : 4102 steps taken, and 683 accepted.
[1 : mcmc] Progress @ 2025-04-19 19:43:29 : 3367 steps taken, and 652 accepted.
[2 : mcmc] Progress @ 2025-04-19 19:43:57 : 3312 steps taken, and 637 accepted.
[3 : mcmc] Progress @ 2025-04-19 19:44:13 : 3998 steps taken, and 664 accepted.
[0 : mcmc] Progress @ 2025-04-19 19:44:16 : 4114 steps taken, and 689 accepted.
[2 : mcmc] Learn + convergence test @ 640 samples accepted.
[2 : mcmc] Ready to check convergence and learn a new proposal covmat (waiting for the rest...)
[1 : mcmc] Progress @ 2025-04-19 19:45:32 : 3382 steps taken, and 656 accepted.
[0 : mcmc] Progress @ 2025-04-19 19:46:19 : 4130 steps taken, and 692 accepted.
[0 : mcmc] All chains are ready to check convergence and learn a new proposal covmat
[0 : mcmc]  - Acceptance rate: 0.288 = avg([0.2835, 0.2924, 0.2847, 0.2895])
[0 : mcmc]  - Convergence of means: R-1 = 0.120764 after 2659 accepted steps = sum([693, 657, 640, 669])
[0 : mcmc]  - Updated covariance matrix of proposal pdf.
[2 : mcmc] Progress @ 2025-04-19 19:46:31 : 3319 steps taken, and 641 accepted.
[3 : mcmc] Progress @ 2025-04-19 19:46:40 : 4008 steps taken, and 669 accepted.
[1 : mcmc] Progress @ 2025-04-19 19:47:42 : 3395 steps taken, and 660 accepted.
[0 : mcmc] Progress @ 2025-04-19 19:48:22 : 4143 steps taken, and 698 accepted.
[3 : mcmc] Progress @ 2025-04-19 19:48:40 : 4031 steps taken, and 673 accepted.
[2 : mcmc] Progress @ 2025-04-19 19:48:40 : 3334 steps taken, and 645 accepted.
[1 : mcmc] Progress @ 2025-04-19 19:49:45 : 3408 steps taken, and 664 accepted.
[0 : mcmc] Progress @ 2025-04-19 19:50:33 : 4156 steps taken, and 700 accepted.
[3 : mcmc] Progress @ 2025-04-19 19:50:40 : 4059 steps taken, and 677 accepted.
[2 : mcmc] Progress @ 2025-04-19 19:50:49 : 3354 steps taken, and 652 accepted.
[1 : mcmc] Progress @ 2025-04-19 19:51:51 : 3418 steps taken, and 668 accepted.
[0 : mcmc] Progress @ 2025-04-19 19:52:33 : 4178 steps taken, and 702 accepted.
[3 : mcmc] Progress @ 2025-04-19 19:52:43 : 4077 steps taken, and 680 accepted.
[2 : mcmc] Progress @ 2025-04-19 19:52:59 : 3374 steps taken, and 659 accepted.
[1 : mcmc] Progress @ 2025-04-19 19:53:55 : 3432 steps taken, and 673 accepted.
[0 : mcmc] Progress @ 2025-04-19 19:54:35 : 4194 steps taken, and 706 accepted.
[3 : mcmc] Progress @ 2025-04-19 19:54:52 : 4093 steps taken, and 683 accepted.
[2 : mcmc] Progress @ 2025-04-19 19:55:02 : 3389 steps taken, and 664 accepted.
[1 : mcmc] Progress @ 2025-04-19 19:55:58 : 3445 steps taken, and 677 accepted.
[0 : mcmc] Progress @ 2025-04-19 19:56:38 : 4211 steps taken, and 709 accepted.
[3 : mcmc] Progress @ 2025-04-19 19:56:54 : 4109 steps taken, and 689 accepted.
[2 : mcmc] Progress @ 2025-04-19 19:57:05 : 3407 steps taken, and 668 accepted.
[1 : mcmc] Progress @ 2025-04-19 19:58:10 : 3461 steps taken, and 683 accepted.
[0 : mcmc] Progress @ 2025-04-19 19:58:44 : 4222 steps taken, and 711 accepted.
[3 : mcmc] Progress @ 2025-04-19 19:58:57 : 4121 steps taken, and 692 accepted.
[2 : mcmc] Progress @ 2025-04-19 19:59:09 : 3422 steps taken, and 673 accepted.
[1 : mcmc] Progress @ 2025-04-19 20:00:13 : 3473 steps taken, and 686 accepted.
[0 : mcmc] Progress @ 2025-04-19 20:00:47 : 4238 steps taken, and 713 accepted.
[3 : mcmc] Progress @ 2025-04-19 20:01:06 : 4145 steps taken, and 697 accepted.
[2 : mcmc] Progress @ 2025-04-19 20:01:12 : 3436 steps taken, and 677 accepted.
[1 : mcmc] Progress @ 2025-04-19 20:02:25 : 3490 steps taken, and 691 accepted.
[0 : mcmc] Progress @ 2025-04-19 20:02:50 : 4254 steps taken, and 714 accepted.
[3 : mcmc] Progress @ 2025-04-19 20:03:10 : 4159 steps taken, and 703 accepted.
[2 : mcmc] Progress @ 2025-04-19 20:03:24 : 3452 steps taken, and 681 accepted.
[1 : mcmc] Progress @ 2025-04-19 20:04:28 : 3505 steps taken, and 695 accepted.
[0 : mcmc] Progress @ 2025-04-19 20:05:02 : 4267 steps taken, and 718 accepted.
[0 : mcmc] Learn + convergence test @ 720 samples accepted.
[0 : mcmc] Ready to check convergence and learn a new proposal covmat (waiting for the rest...)
[3 : mcmc] Progress @ 2025-04-19 20:05:21 : 4170 steps taken, and 708 accepted.
[2 : mcmc] Progress @ 2025-04-19 20:05:36 : 3464 steps taken, and 685 accepted.
[1 : mcmc] Progress @ 2025-04-19 20:06:34 : 3515 steps taken, and 699 accepted.
[0 : mcmc] Progress @ 2025-04-19 20:07:05 : 4284 steps taken, and 723 accepted.
[3 : mcmc] Progress @ 2025-04-19 20:07:25 : 4185 steps taken, and 712 accepted.
[2 : mcmc] Progress @ 2025-04-19 20:07:43 : 3474 steps taken, and 688 accepted.
[1 : mcmc] Progress @ 2025-04-19 20:08:38 : 3527 steps taken, and 705 accepted.
[0 : mcmc] Progress @ 2025-04-19 20:09:07 : 4300 steps taken, and 727 accepted.
[3 : mcmc] Progress @ 2025-04-19 20:09:37 : 4201 steps taken, and 719 accepted.
[2 : mcmc] Progress @ 2025-04-19 20:09:47 : 3485 steps taken, and 694 accepted.
[3 : mcmc] Learn + convergence test @ 720 samples accepted.
[3 : mcmc] Ready to check convergence and learn a new proposal covmat (waiting for the rest...)
[1 : mcmc] Progress @ 2025-04-19 20:10:45 : 3538 steps taken, and 708 accepted.
[0 : mcmc] Progress @ 2025-04-19 20:11:13 : 4313 steps taken, and 729 accepted.
[3 : mcmc] Progress @ 2025-04-19 20:11:41 : 4213 steps taken, and 721 accepted.
[2 : mcmc] Progress @ 2025-04-19 20:11:54 : 3498 steps taken, and 700 accepted.
[1 : mcmc] Progress @ 2025-04-19 20:12:58 : 3549 steps taken, and 714 accepted.
[0 : mcmc] Progress @ 2025-04-19 20:13:17 : 4328 steps taken, and 732 accepted.
[3 : mcmc] Progress @ 2025-04-19 20:13:47 : 4223 steps taken, and 724 accepted.
[2 : mcmc] Progress @ 2025-04-19 20:13:58 : 3511 steps taken, and 705 accepted.
[1 : mcmc] Progress @ 2025-04-19 20:15:02 : 3563 steps taken, and 719 accepted.
[1 : mcmc] Learn + convergence test @ 720 samples accepted.
[1 : mcmc] Ready to check convergence and learn a new proposal covmat (waiting for the rest...)
[0 : mcmc] Progress @ 2025-04-19 20:15:30 : 4343 steps taken, and 740 accepted.
[3 : mcmc] Progress @ 2025-04-19 20:16:00 : 4238 steps taken, and 727 accepted.
[2 : mcmc] Progress @ 2025-04-19 20:16:05 : 3523 steps taken, and 708 accepted.
[1 : mcmc] Progress @ 2025-04-19 20:17:08 : 3574 steps taken, and 724 accepted.
[0 : mcmc] Progress @ 2025-04-19 20:17:34 : 4356 steps taken, and 745 accepted.
[3 : mcmc] Progress @ 2025-04-19 20:18:09 : 4253 steps taken, and 731 accepted.
[2 : mcmc] Progress @ 2025-04-19 20:18:15 : 3540 steps taken, and 711 accepted.
[1 : mcmc] Progress @ 2025-04-19 20:19:18 : 3589 steps taken, and 729 accepted.
[0 : mcmc] Progress @ 2025-04-19 20:19:46 : 4369 steps taken, and 750 accepted.
[3 : mcmc] Progress @ 2025-04-19 20:20:16 : 4267 steps taken, and 734 accepted.
[2 : mcmc] Progress @ 2025-04-19 20:20:19 : 3555 steps taken, and 716 accepted.
[1 : mcmc] Progress @ 2025-04-19 20:21:25 : 3601 steps taken, and 735 accepted.
[0 : mcmc] Progress @ 2025-04-19 20:21:50 : 4383 steps taken, and 752 accepted.
[3 : mcmc] Progress @ 2025-04-19 20:22:19 : 4279 steps taken, and 737 accepted.
[2 : mcmc] Progress @ 2025-04-19 20:22:25 : 3566 steps taken, and 718 accepted.
[2 : mcmc] Learn + convergence test @ 720 samples accepted.
[2 : mcmc] Ready to check convergence and learn a new proposal covmat (waiting for the rest...)
[0 : mcmc] All chains are ready to check convergence and learn a new proposal covmat
[1 : mcmc] Progress @ 2025-04-19 20:23:37 : 3613 steps taken, and 740 accepted.
[0 : mcmc]  - Acceptance rate: 0.287 = avg([0.2727, 0.2970, 0.2922, 0.2880])
[0 : mcmc]  - Convergence of means: R-1 = 0.205261 after 2959 accepted steps = sum([757, 741, 720, 741])
[0 : mcmc]  - Updated covariance matrix of proposal pdf.
[0 : mcmc] Progress @ 2025-04-19 20:24:19 : 4395 steps taken, and 757 accepted.
[3 : mcmc] Progress @ 2025-04-19 20:24:25 : 4290 steps taken, and 742 accepted.
[2 : mcmc] Progress @ 2025-04-19 20:24:39 : 3577 steps taken, and 720 accepted.
[1 : mcmc] Progress @ 2025-04-19 20:25:40 : 3627 steps taken, and 745 accepted.
[3 : mcmc] Progress @ 2025-04-19 20:26:25 : 4302 steps taken, and 747 accepted.
[0 : mcmc] Progress @ 2025-04-19 20:26:28 : 4416 steps taken, and 762 accepted.
[2 : mcmc] Progress @ 2025-04-19 20:26:46 : 3590 steps taken, and 725 accepted.
[1 : mcmc] Progress @ 2025-04-19 20:27:52 : 3639 steps taken, and 751 accepted.
[0 : mcmc] Progress @ 2025-04-19 20:28:35 : 4428 steps taken, and 769 accepted.
[3 : mcmc] Progress @ 2025-04-19 20:28:35 : 4317 steps taken, and 751 accepted.
[2 : mcmc] Progress @ 2025-04-19 20:28:59 : 3616 steps taken, and 729 accepted.
[1 : mcmc] Progress @ 2025-04-19 20:30:05 : 3653 steps taken, and 755 accepted.
[0 : mcmc] Progress @ 2025-04-19 20:30:39 : 4440 steps taken, and 770 accepted.
[3 : mcmc] Progress @ 2025-04-19 20:30:47 : 4328 steps taken, and 755 accepted.
[2 : mcmc] Progress @ 2025-04-19 20:31:12 : 3628 steps taken, and 731 accepted.
[1 : mcmc] Progress @ 2025-04-19 20:32:09 : 3666 steps taken, and 759 accepted.
[0 : mcmc] Progress @ 2025-04-19 20:32:45 : 4451 steps taken, and 775 accepted.
[3 : mcmc] Progress @ 2025-04-19 20:32:50 : 4342 steps taken, and 761 accepted.
[2 : mcmc] Progress @ 2025-04-19 20:33:16 : 3645 steps taken, and 734 accepted.
[1 : mcmc] Progress @ 2025-04-19 20:34:13 : 3684 steps taken, and 762 accepted.
[0 : mcmc] Progress @ 2025-04-19 20:34:54 : 4466 steps taken, and 782 accepted.
[3 : mcmc] Progress @ 2025-04-19 20:34:54 : 4358 steps taken, and 765 accepted.
[2 : mcmc] Progress @ 2025-04-19 20:35:20 : 3659 steps taken, and 737 accepted.
[1 : mcmc] Progress @ 2025-04-19 20:36:25 : 3696 steps taken, and 769 accepted.
[3 : mcmc] Progress @ 2025-04-19 20:36:58 : 4375 steps taken, and 767 accepted.
[0 : mcmc] Progress @ 2025-04-19 20:37:06 : 4478 steps taken, and 785 accepted.
[2 : mcmc] Progress @ 2025-04-19 20:37:24 : 3678 steps taken, and 740 accepted.
[1 : mcmc] Progress @ 2025-04-19 20:38:29 : 3712 steps taken, and 771 accepted.
[3 : mcmc] Progress @ 2025-04-19 20:39:09 : 4388 steps taken, and 770 accepted.
[0 : mcmc] Progress @ 2025-04-19 20:39:12 : 4488 steps taken, and 786 accepted.
[2 : mcmc] Progress @ 2025-04-19 20:39:36 : 3692 steps taken, and 745 accepted.
[1 : mcmc] Progress @ 2025-04-19 20:40:32 : 3730 steps taken, and 774 accepted.
[0 : mcmc] Progress @ 2025-04-19 20:41:18 : 4499 steps taken, and 791 accepted.
[3 : mcmc] Progress @ 2025-04-19 20:41:22 : 4399 steps taken, and 778 accepted.
[2 : mcmc] Progress @ 2025-04-19 20:41:38 : 3710 steps taken, and 747 accepted.
[1 : mcmc] Progress @ 2025-04-19 20:42:36 : 3749 steps taken, and 778 accepted.
[0 : mcmc] Progress @ 2025-04-19 20:43:21 : 4512 steps taken, and 793 accepted.
[3 : mcmc] Progress @ 2025-04-19 20:43:25 : 4413 steps taken, and 783 accepted.
[2 : mcmc] Progress @ 2025-04-19 20:43:50 : 3722 steps taken, and 751 accepted.
[1 : mcmc] Progress @ 2025-04-19 20:44:36 : 3765 steps taken, and 784 accepted.
[3 : mcmc] Progress @ 2025-04-19 20:45:27 : 4433 steps taken, and 785 accepted.
[0 : mcmc] Progress @ 2025-04-19 20:45:32 : 4524 steps taken, and 796 accepted.
[2 : mcmc] Progress @ 2025-04-19 20:45:56 : 3733 steps taken, and 756 accepted.
[1 : mcmc] Progress @ 2025-04-19 20:46:48 : 3779 steps taken, and 786 accepted.
[0 : mcmc] Learn + convergence test @ 800 samples accepted.
[0 : mcmc] Ready to check convergence and learn a new proposal covmat (waiting for the rest...)
[3 : mcmc] Progress @ 2025-04-19 20:47:36 : 4450 steps taken, and 787 accepted.
[0 : mcmc] Progress @ 2025-04-19 20:47:43 : 4535 steps taken, and 801 accepted.
[2 : mcmc] Progress @ 2025-04-19 20:48:07 : 3745 steps taken, and 759 accepted.
[1 : mcmc] Progress @ 2025-04-19 20:48:59 : 3792 steps taken, and 792 accepted.
[3 : mcmc] Progress @ 2025-04-19 20:49:41 : 4461 steps taken, and 789 accepted.
[0 : mcmc] Progress @ 2025-04-19 20:49:54 : 4546 steps taken, and 803 accepted.
[2 : mcmc] Progress @ 2025-04-19 20:50:11 : 3761 steps taken, and 760 accepted.
[1 : mcmc] Progress @ 2025-04-19 20:51:11 : 3806 steps taken, and 797 accepted.
[3 : mcmc] Progress @ 2025-04-19 20:51:53 : 4472 steps taken, and 793 accepted.
[0 : mcmc] Progress @ 2025-04-19 20:51:58 : 4562 steps taken, and 806 accepted.
[1 : mcmc] Learn + convergence test @ 800 samples accepted.
[1 : mcmc] Ready to check convergence and learn a new proposal covmat (waiting for the rest...)
[2 : mcmc] Progress @ 2025-04-19 20:52:15 : 3777 steps taken, and 762 accepted.
[1 : mcmc] Progress @ 2025-04-19 20:53:20 : 3819 steps taken, and 802 accepted.
[0 : mcmc] Progress @ 2025-04-19 20:54:01 : 4579 steps taken, and 809 accepted.
[3 : mcmc] Progress @ 2025-04-19 20:54:05 : 4483 steps taken, and 797 accepted.
[2 : mcmc] Progress @ 2025-04-19 20:54:27 : 3791 steps taken, and 765 accepted.
[3 : mcmc] Learn + convergence test @ 800 samples accepted.
[3 : mcmc] Ready to check convergence and learn a new proposal covmat (waiting for the rest...)
[1 : mcmc] Progress @ 2025-04-19 20:55:28 : 3828 steps taken, and 808 accepted.
[0 : mcmc] Progress @ 2025-04-19 20:56:12 : 4593 steps taken, and 813 accepted.
[3 : mcmc] Progress @ 2025-04-19 20:56:16 : 4499 steps taken, and 805 accepted.
[2 : mcmc] Progress @ 2025-04-19 20:56:36 : 3807 steps taken, and 769 accepted.
[1 : mcmc] Progress @ 2025-04-19 20:57:31 : 3840 steps taken, and 811 accepted.
[3 : mcmc] Progress @ 2025-04-19 20:58:22 : 4509 steps taken, and 808 accepted.
[0 : mcmc] Progress @ 2025-04-19 20:58:23 : 4606 steps taken, and 818 accepted.
[2 : mcmc] Progress @ 2025-04-19 20:58:42 : 3818 steps taken, and 773 accepted.
[1 : mcmc] Progress @ 2025-04-19 20:59:35 : 3854 steps taken, and 815 accepted.
[3 : mcmc] Progress @ 2025-04-19 21:00:25 : 4523 steps taken, and 811 accepted.
[0 : mcmc] Progress @ 2025-04-19 21:00:26 : 4620 steps taken, and 822 accepted.
[2 : mcmc] Progress @ 2025-04-19 21:00:45 : 3831 steps taken, and 775 accepted.
[1 : mcmc] Progress @ 2025-04-19 21:01:38 : 3871 steps taken, and 819 accepted.
[3 : mcmc] Progress @ 2025-04-19 21:02:30 : 4550 steps taken, and 816 accepted.
[0 : mcmc] Progress @ 2025-04-19 21:02:35 : 4641 steps taken, and 826 accepted.
[2 : mcmc] Progress @ 2025-04-19 21:02:58 : 3843 steps taken, and 780 accepted.
[1 : mcmc] Progress @ 2025-04-19 21:03:49 : 3882 steps taken, and 824 accepted.
[3 : mcmc] Progress @ 2025-04-19 21:04:33 : 4566 steps taken, and 819 accepted.
[0 : mcmc] Progress @ 2025-04-19 21:04:49 : 4662 steps taken, and 833 accepted.
[2 : mcmc] Progress @ 2025-04-19 21:05:09 : 3854 steps taken, and 782 accepted.
[1 : mcmc] Progress @ 2025-04-19 21:06:01 : 3899 steps taken, and 828 accepted.
[3 : mcmc] Progress @ 2025-04-19 21:06:41 : 4582 steps taken, and 822 accepted.
[0 : mcmc] Progress @ 2025-04-19 21:06:51 : 4677 steps taken, and 838 accepted.
[2 : mcmc] Progress @ 2025-04-19 21:07:21 : 3866 steps taken, and 785 accepted.
[1 : mcmc] Progress @ 2025-04-19 21:08:01 : 3915 steps taken, and 832 accepted.
[3 : mcmc] Progress @ 2025-04-19 21:08:44 : 4598 steps taken, and 827 accepted.
[0 : mcmc] Progress @ 2025-04-19 21:08:56 : 4690 steps taken, and 843 accepted.
[2 : mcmc] Progress @ 2025-04-19 21:09:27 : 3878 steps taken, and 785 accepted.
[1 : mcmc] Progress @ 2025-04-19 21:10:15 : 3926 steps taken, and 840 accepted.
[3 : mcmc] Progress @ 2025-04-19 21:10:55 : 4613 steps taken, and 830 accepted.
[0 : mcmc] Progress @ 2025-04-19 21:11:00 : 4702 steps taken, and 849 accepted.
[2 : mcmc] Progress @ 2025-04-19 21:11:39 : 3890 steps taken, and 786 accepted.
[1 : mcmc] Progress @ 2025-04-19 21:12:19 : 3940 steps taken, and 846 accepted.
[3 : mcmc] Progress @ 2025-04-19 21:12:59 : 4627 steps taken, and 831 accepted.
[0 : mcmc] Progress @ 2025-04-19 21:13:03 : 4715 steps taken, and 850 accepted.
[2 : mcmc] Progress @ 2025-04-19 21:13:49 : 3908 steps taken, and 793 accepted.
[1 : mcmc] Progress @ 2025-04-19 21:14:30 : 3954 steps taken, and 855 accepted.
[0 : mcmc] Progress @ 2025-04-19 21:15:08 : 4728 steps taken, and 853 accepted.
[3 : mcmc] Progress @ 2025-04-19 21:15:10 : 4640 steps taken, and 834 accepted.
[2 : mcmc] Progress @ 2025-04-19 21:16:01 : 3920 steps taken, and 795 accepted.
[1 : mcmc] Progress @ 2025-04-19 21:16:33 : 3972 steps taken, and 859 accepted.
[2 : mcmc] Learn + convergence test @ 800 samples accepted.
[2 : mcmc] Ready to check convergence and learn a new proposal covmat (waiting for the rest...)
[0 : mcmc] Progress @ 2025-04-19 21:17:11 : 4742 steps taken, and 857 accepted.
[3 : mcmc] Progress @ 2025-04-19 21:17:16 : 4650 steps taken, and 838 accepted.
[0 : mcmc] All chains are ready to check convergence and learn a new proposal covmat
[0 : mcmc]  - Acceptance rate: 0.285 = avg([0.2720, 0.3074, 0.2755, 0.2828])
[0 : mcmc]  - Convergence of means: R-1 = 0.137334 after 3357 accepted steps = sum([858, 860, 800, 839])
[0 : mcmc]  - Updated covariance matrix of proposal pdf.
[2 : mcmc] Progress @ 2025-04-19 21:18:13 : 3928 steps taken, and 800 accepted.
[1 : mcmc] Progress @ 2025-04-19 21:18:38 : 3994 steps taken, and 862 accepted.
[3 : mcmc] Progress @ 2025-04-19 21:19:24 : 4674 steps taken, and 842 accepted.
[0 : mcmc] Progress @ 2025-04-19 21:19:24 : 4762 steps taken, and 861 accepted.
[2 : mcmc] Progress @ 2025-04-19 21:20:17 : 3961 steps taken, and 805 accepted.
[1 : mcmc] Progress @ 2025-04-19 21:20:50 : 4006 steps taken, and 870 accepted.
[3 : mcmc] Progress @ 2025-04-19 21:21:25 : 4690 steps taken, and 846 accepted.
[0 : mcmc] Progress @ 2025-04-19 21:21:25 : 4785 steps taken, and 865 accepted.
[2 : mcmc] Progress @ 2025-04-19 21:22:17 : 3987 steps taken, and 811 accepted.
[1 : mcmc] Progress @ 2025-04-19 21:22:53 : 4022 steps taken, and 872 accepted.
[0 : mcmc] Progress @ 2025-04-19 21:23:30 : 4799 steps taken, and 869 accepted.
[3 : mcmc] Progress @ 2025-04-19 21:23:33 : 4716 steps taken, and 851 accepted.
[2 : mcmc] Progress @ 2025-04-19 21:24:28 : 4003 steps taken, and 815 accepted.
[1 : mcmc] Progress @ 2025-04-19 21:25:04 : 4036 steps taken, and 873 accepted.
[0 : mcmc] Progress @ 2025-04-19 21:25:33 : 4812 steps taken, and 872 accepted.
[3 : mcmc] Progress @ 2025-04-19 21:25:36 : 4730 steps taken, and 856 accepted.
[2 : mcmc] Progress @ 2025-04-19 21:26:29 : 4026 steps taken, and 818 accepted.
[1 : mcmc] Progress @ 2025-04-19 21:27:07 : 4051 steps taken, and 878 accepted.
[0 : mcmc] Progress @ 2025-04-19 21:27:38 : 4822 steps taken, and 875 accepted.
[3 : mcmc] Progress @ 2025-04-19 21:27:47 : 4744 steps taken, and 862 accepted.
[1 : mcmc] Learn + convergence test @ 880 samples accepted.
[1 : mcmc] Ready to check convergence and learn a new proposal covmat (waiting for the rest...)
[2 : mcmc] Progress @ 2025-04-19 21:28:32 : 4040 steps taken, and 822 accepted.
[1 : mcmc] Progress @ 2025-04-19 21:29:13 : 4063 steps taken, and 881 accepted.
[0 : mcmc] Progress @ 2025-04-19 21:29:49 : 4834 steps taken, and 879 accepted.
[3 : mcmc] Progress @ 2025-04-19 21:29:58 : 4758 steps taken, and 865 accepted.
[0 : mcmc] Learn + convergence test @ 880 samples accepted.
[0 : mcmc] Ready to check convergence and learn a new proposal covmat (waiting for the rest...)
[2 : mcmc] Progress @ 2025-04-19 21:30:35 : 4057 steps taken, and 825 accepted.
[1 : mcmc] Progress @ 2025-04-19 21:31:24 : 4075 steps taken, and 884 accepted.
[0 : mcmc] Progress @ 2025-04-19 21:31:52 : 4849 steps taken, and 882 accepted.
[3 : mcmc] Progress @ 2025-04-19 21:32:09 : 4773 steps taken, and 871 accepted.
[2 : mcmc] Progress @ 2025-04-19 21:32:47 : 4069 steps taken, and 827 accepted.
[1 : mcmc] Progress @ 2025-04-19 21:33:26 : 4088 steps taken, and 888 accepted.
[0 : mcmc] Progress @ 2025-04-19 21:33:54 : 4863 steps taken, and 884 accepted.
[3 : mcmc] Progress @ 2025-04-19 21:34:12 : 4784 steps taken, and 875 accepted.
[2 : mcmc] Progress @ 2025-04-19 21:34:56 : 4087 steps taken, and 829 accepted.
[1 : mcmc] Progress @ 2025-04-19 21:35:32 : 4099 steps taken, and 892 accepted.
[0 : mcmc] Progress @ 2025-04-19 21:36:00 : 4874 steps taken, and 886 accepted.
[3 : mcmc] Progress @ 2025-04-19 21:36:14 : 4797 steps taken, and 879 accepted.
[3 : mcmc] Learn + convergence test @ 880 samples accepted.
[3 : mcmc] Ready to check convergence and learn a new proposal covmat (waiting for the rest...)
[2 : mcmc] Progress @ 2025-04-19 21:36:59 : 4102 steps taken, and 835 accepted.
[1 : mcmc] Progress @ 2025-04-19 21:37:43 : 4111 steps taken, and 897 accepted.
[0 : mcmc] Progress @ 2025-04-19 21:38:03 : 4888 steps taken, and 890 accepted.
[3 : mcmc] Progress @ 2025-04-19 21:38:22 : 4819 steps taken, and 882 accepted.
[2 : mcmc] Progress @ 2025-04-19 21:38:59 : 4125 steps taken, and 839 accepted.
[1 : mcmc] Progress @ 2025-04-19 21:39:46 : 4122 steps taken, and 900 accepted.
[0 : mcmc] Progress @ 2025-04-19 21:40:14 : 4901 steps taken, and 894 accepted.
[3 : mcmc] Progress @ 2025-04-19 21:40:34 : 4833 steps taken, and 889 accepted.
[2 : mcmc] Progress @ 2025-04-19 21:41:06 : 4137 steps taken, and 842 accepted.
[1 : mcmc] Progress @ 2025-04-19 21:41:57 : 4137 steps taken, and 903 accepted.
[0 : mcmc] Progress @ 2025-04-19 21:42:17 : 4914 steps taken, and 897 accepted.
[3 : mcmc] Progress @ 2025-04-19 21:42:36 : 4847 steps taken, and 892 accepted.
[2 : mcmc] Progress @ 2025-04-19 21:43:17 : 4149 steps taken, and 843 accepted.
[1 : mcmc] Progress @ 2025-04-19 21:44:00 : 4154 steps taken, and 908 accepted.
[0 : mcmc] Progress @ 2025-04-19 21:44:28 : 4926 steps taken, and 900 accepted.
[3 : mcmc] Progress @ 2025-04-19 21:44:47 : 4862 steps taken, and 894 accepted.
[2 : mcmc] Progress @ 2025-04-19 21:45:29 : 4161 steps taken, and 846 accepted.
[1 : mcmc] Progress @ 2025-04-19 21:46:04 : 4168 steps taken, and 915 accepted.
[0 : mcmc] Progress @ 2025-04-19 21:46:40 : 4940 steps taken, and 905 accepted.
[3 : mcmc] Progress @ 2025-04-19 21:46:56 : 4881 steps taken, and 897 accepted.
[2 : mcmc] Progress @ 2025-04-19 21:47:32 : 4173 steps taken, and 849 accepted.
[1 : mcmc] Progress @ 2025-04-19 21:48:13 : 4186 steps taken, and 918 accepted.
[0 : mcmc] Progress @ 2025-04-19 21:48:51 : 4955 steps taken, and 909 accepted.
[3 : mcmc] Progress @ 2025-04-19 21:49:05 : 4898 steps taken, and 901 accepted.
[2 : mcmc] Progress @ 2025-04-19 21:49:38 : 4187 steps taken, and 851 accepted.
[1 : mcmc] Progress @ 2025-04-19 21:50:18 : 4198 steps taken, and 923 accepted.
[0 : mcmc] Progress @ 2025-04-19 21:50:54 : 4969 steps taken, and 916 accepted.
[3 : mcmc] Progress @ 2025-04-19 21:51:08 : 4914 steps taken, and 906 accepted.
[2 : mcmc] Progress @ 2025-04-19 21:51:42 : 4201 steps taken, and 855 accepted.
[1 : mcmc] Progress @ 2025-04-19 21:52:21 : 4211 steps taken, and 927 accepted.
[0 : mcmc] Progress @ 2025-04-19 21:52:56 : 4982 steps taken, and 922 accepted.
[3 : mcmc] Progress @ 2025-04-19 21:53:19 : 4929 steps taken, and 910 accepted.
[2 : mcmc] Progress @ 2025-04-19 21:53:42 : 4220 steps taken, and 857 accepted.
[1 : mcmc] Progress @ 2025-04-19 21:54:33 : 4224 steps taken, and 935 accepted.
[0 : mcmc] Progress @ 2025-04-19 21:54:59 : 5005 steps taken, and 923 accepted.
[3 : mcmc] Progress @ 2025-04-19 21:55:22 : 4942 steps taken, and 914 accepted.
[2 : mcmc] Progress @ 2025-04-19 21:55:46 : 4238 steps taken, and 860 accepted.
[1 : mcmc] Progress @ 2025-04-19 21:56:34 : 4245 steps taken, and 939 accepted.
[0 : mcmc] Progress @ 2025-04-19 21:57:08 : 5018 steps taken, and 928 accepted.
[3 : mcmc] Progress @ 2025-04-19 21:57:27 : 4953 steps taken, and 916 accepted.
[2 : mcmc] Progress @ 2025-04-19 21:57:49 : 4256 steps taken, and 866 accepted.
[1 : mcmc] Progress @ 2025-04-19 21:58:37 : 4262 steps taken, and 941 accepted.
[0 : mcmc] Progress @ 2025-04-19 21:59:11 : 5034 steps taken, and 932 accepted.
[3 : mcmc] Progress @ 2025-04-19 21:59:30 : 4967 steps taken, and 923 accepted.
[2 : mcmc] Progress @ 2025-04-19 21:59:59 : 4276 steps taken, and 869 accepted.
[1 : mcmc] Progress @ 2025-04-19 22:00:41 : 4282 steps taken, and 945 accepted.
[0 : mcmc] Progress @ 2025-04-19 22:01:22 : 5049 steps taken, and 936 accepted.
[3 : mcmc] Progress @ 2025-04-19 22:01:42 : 4979 steps taken, and 924 accepted.
[2 : mcmc] Progress @ 2025-04-19 22:02:04 : 4287 steps taken, and 871 accepted.
[1 : mcmc] Progress @ 2025-04-19 22:02:44 : 4296 steps taken, and 949 accepted.
[0 : mcmc] Progress @ 2025-04-19 22:03:25 : 5063 steps taken, and 940 accepted.
[3 : mcmc] Progress @ 2025-04-19 22:03:53 : 4990 steps taken, and 929 accepted.
[2 : mcmc] Progress @ 2025-04-19 22:04:08 : 4300 steps taken, and 878 accepted.
[2 : mcmc] Learn + convergence test @ 880 samples accepted.
[2 : mcmc] Ready to check convergence and learn a new proposal covmat (waiting for the rest...)
[1 : mcmc] Progress @ 2025-04-19 22:04:55 : 4311 steps taken, and 954 accepted.
[0 : mcmc] Progress @ 2025-04-19 22:05:30 : 5078 steps taken, and 942 accepted.
[0 : mcmc] All chains are ready to check convergence and learn a new proposal covmat
[3 : mcmc] Progress @ 2025-04-19 22:05:56 : 5006 steps taken, and 933 accepted.
[0 : mcmc]  - Acceptance rate: 0.277 = avg([0.2661, 0.3080, 0.2594, 0.2747])
[0 : mcmc]  - Convergence of means: R-1 = 0.145763 after 3711 accepted steps = sum([943, 955, 880, 933])
[0 : mcmc]  - Updated covariance matrix of proposal pdf.
[2 : mcmc] Progress @ 2025-04-19 22:06:10 : 4304 steps taken, and 880 accepted.
[1 : mcmc] Progress @ 2025-04-19 22:06:56 : 4325 steps taken, and 956 accepted.
[0 : mcmc] Progress @ 2025-04-19 22:07:38 : 5092 steps taken, and 945 accepted.
[3 : mcmc] Progress @ 2025-04-19 22:07:58 : 5020 steps taken, and 936 accepted.
[2 : mcmc] Progress @ 2025-04-19 22:08:16 : 4331 steps taken, and 886 accepted.
[1 : mcmc] Learn + convergence test @ 960 samples accepted.
[1 : mcmc] Ready to check convergence and learn a new proposal covmat (waiting for the rest...)
[1 : mcmc] Progress @ 2025-04-19 22:09:02 : 4337 steps taken, and 961 accepted.
[0 : mcmc] Progress @ 2025-04-19 22:09:39 : 5110 steps taken, and 948 accepted.
[3 : mcmc] Progress @ 2025-04-19 22:10:04 : 5032 steps taken, and 940 accepted.
[2 : mcmc] Progress @ 2025-04-19 22:10:22 : 4342 steps taken, and 891 accepted.
[1 : mcmc] Progress @ 2025-04-19 22:11:03 : 4358 steps taken, and 964 accepted.
[0 : mcmc] Progress @ 2025-04-19 22:11:50 : 5126 steps taken, and 954 accepted.
[3 : mcmc] Progress @ 2025-04-19 22:12:07 : 5044 steps taken, and 944 accepted.
[2 : mcmc] Progress @ 2025-04-19 22:12:26 : 4354 steps taken, and 893 accepted.
[1 : mcmc] Progress @ 2025-04-19 22:13:14 : 4371 steps taken, and 967 accepted.
[0 : mcmc] Progress @ 2025-04-19 22:13:53 : 5141 steps taken, and 960 accepted.
[0 : mcmc] Learn + convergence test @ 960 samples accepted.
[0 : mcmc] Ready to check convergence and learn a new proposal covmat (waiting for the rest...)
[3 : mcmc] Progress @ 2025-04-19 22:14:12 : 5055 steps taken, and 948 accepted.
[2 : mcmc] Progress @ 2025-04-19 22:14:37 : 4368 steps taken, and 898 accepted.
[1 : mcmc] Progress @ 2025-04-19 22:15:25 : 4385 steps taken, and 973 accepted.
[0 : mcmc] Progress @ 2025-04-19 22:15:56 : 5155 steps taken, and 965 accepted.
[3 : mcmc] Progress @ 2025-04-19 22:16:18 : 5066 steps taken, and 953 accepted.
[2 : mcmc] Progress @ 2025-04-19 22:16:46 : 4387 steps taken, and 903 accepted.
[1 : mcmc] Progress @ 2025-04-19 22:17:28 : 4402 steps taken, and 975 accepted.
[0 : mcmc] Progress @ 2025-04-19 22:17:58 : 5170 steps taken, and 971 accepted.
[3 : mcmc] Progress @ 2025-04-19 22:18:20 : 5080 steps taken, and 957 accepted.
[2 : mcmc] Progress @ 2025-04-19 22:18:46 : 4410 steps taken, and 909 accepted.
[3 : mcmc] Learn + convergence test @ 960 samples accepted.
[3 : mcmc] Ready to check convergence and learn a new proposal covmat (waiting for the rest...)
[1 : mcmc] Progress @ 2025-04-19 22:19:29 : 4419 steps taken, and 981 accepted.
[0 : mcmc] Progress @ 2025-04-19 22:20:12 : 5197 steps taken, and 973 accepted.
[3 : mcmc] Progress @ 2025-04-19 22:20:22 : 5094 steps taken, and 962 accepted.
[2 : mcmc] Progress @ 2025-04-19 22:20:49 : 4429 steps taken, and 909 accepted.
[1 : mcmc] Progress @ 2025-04-19 22:21:35 : 4432 steps taken, and 987 accepted.
[0 : mcmc] Progress @ 2025-04-19 22:22:15 : 5212 steps taken, and 977 accepted.
[3 : mcmc] Progress @ 2025-04-19 22:22:28 : 5107 steps taken, and 965 accepted.
[2 : mcmc] Progress @ 2025-04-19 22:22:53 : 4443 steps taken, and 912 accepted.
[1 : mcmc] Progress @ 2025-04-19 22:23:46 : 4443 steps taken, and 990 accepted.
[0 : mcmc] Progress @ 2025-04-19 22:24:18 : 5226 steps taken, and 980 accepted.
[3 : mcmc] Progress @ 2025-04-19 22:24:31 : 5121 steps taken, and 967 accepted.
[2 : mcmc] Progress @ 2025-04-19 22:24:53 : 4465 steps taken, and 918 accepted.
[1 : mcmc] Progress @ 2025-04-19 22:25:58 : 4456 steps taken, and 991 accepted.
[0 : mcmc] Progress @ 2025-04-19 22:26:20 : 5243 steps taken, and 983 accepted.
[3 : mcmc] Progress @ 2025-04-19 22:26:31 : 5142 steps taken, and 973 accepted.
[2 : mcmc] Progress @ 2025-04-19 22:27:06 : 4500 steps taken, and 921 accepted.
[1 : mcmc] Progress @ 2025-04-19 22:28:10 : 4467 steps taken, and 996 accepted.
[0 : mcmc] Progress @ 2025-04-19 22:28:31 : 5255 steps taken, and 985 accepted.
[3 : mcmc] Progress @ 2025-04-19 22:28:34 : 5159 steps taken, and 975 accepted.
[2 : mcmc] Progress @ 2025-04-19 22:29:10 : 4517 steps taken, and 927 accepted.
[1 : mcmc] Progress @ 2025-04-19 22:30:16 : 4478 steps taken, and 999 accepted.
[0 : mcmc] Progress @ 2025-04-19 22:30:43 : 5268 steps taken, and 989 accepted.
[3 : mcmc] Progress @ 2025-04-19 22:30:45 : 5174 steps taken, and 978 accepted.
[2 : mcmc] Progress @ 2025-04-19 22:31:13 : 4532 steps taken, and 929 accepted.
[1 : mcmc] Progress @ 2025-04-19 22:32:19 : 4491 steps taken, and 1004 accepted.
[3 : mcmc] Progress @ 2025-04-19 22:32:54 : 5189 steps taken, and 981 accepted.
[0 : mcmc] Progress @ 2025-04-19 22:32:54 : 5281 steps taken, and 994 accepted.
[2 : mcmc] Progress @ 2025-04-19 22:33:27 : 4542 steps taken, and 932 accepted.
[1 : mcmc] Progress @ 2025-04-19 22:34:30 : 4504 steps taken, and 1007 accepted.
[0 : mcmc] Progress @ 2025-04-19 22:34:57 : 5294 steps taken, and 996 accepted.
[3 : mcmc] Progress @ 2025-04-19 22:34:59 : 5200 steps taken, and 986 accepted.
[2 : mcmc] Progress @ 2025-04-19 22:35:31 : 4554 steps taken, and 935 accepted.
[1 : mcmc] Progress @ 2025-04-19 22:36:34 : 4518 steps taken, and 1010 accepted.
[0 : mcmc] Progress @ 2025-04-19 22:37:03 : 5306 steps taken, and 1000 accepted.
[3 : mcmc] Progress @ 2025-04-19 22:37:11 : 5214 steps taken, and 990 accepted.
[2 : mcmc] Progress @ 2025-04-19 22:37:35 : 4568 steps taken, and 938 accepted.
[1 : mcmc] Progress @ 2025-04-19 22:38:39 : 4528 steps taken, and 1013 accepted.
[0 : mcmc] Progress @ 2025-04-19 22:39:04 : 5328 steps taken, and 1003 accepted.
[3 : mcmc] Progress @ 2025-04-19 22:39:14 : 5226 steps taken, and 992 accepted.
[2 : mcmc] Progress @ 2025-04-19 22:39:40 : 4580 steps taken, and 941 accepted.
[1 : mcmc] Progress @ 2025-04-19 22:40:43 : 4544 steps taken, and 1018 accepted.
[0 : mcmc] Progress @ 2025-04-19 22:41:07 : 5342 steps taken, and 1006 accepted.
[3 : mcmc] Progress @ 2025-04-19 22:41:25 : 5241 steps taken, and 995 accepted.
[2 : mcmc] Progress @ 2025-04-19 22:41:42 : 4596 steps taken, and 945 accepted.
[1 : mcmc] Progress @ 2025-04-19 22:42:48 : 4556 steps taken, and 1021 accepted.
[0 : mcmc] Progress @ 2025-04-19 22:43:12 : 5352 steps taken, and 1010 accepted.
[3 : mcmc] Progress @ 2025-04-19 22:43:28 : 5256 steps taken, and 999 accepted.
[2 : mcmc] Progress @ 2025-04-19 22:43:48 : 4608 steps taken, and 951 accepted.
[1 : mcmc] Progress @ 2025-04-19 22:44:56 : 4572 steps taken, and 1026 accepted.
[0 : mcmc] Progress @ 2025-04-19 22:45:15 : 5366 steps taken, and 1015 accepted.
[3 : mcmc] Progress @ 2025-04-19 22:45:39 : 5271 steps taken, and 1005 accepted.
[2 : mcmc] Progress @ 2025-04-19 22:45:53 : 4621 steps taken, and 958 accepted.
[2 : mcmc] Learn + convergence test @ 960 samples accepted.
[2 : mcmc] Ready to check convergence and learn a new proposal covmat (waiting for the rest...)
[1 : mcmc] Progress @ 2025-04-19 22:47:07 : 4586 steps taken, and 1028 accepted.
[0 : mcmc] Progress @ 2025-04-19 22:47:20 : 5376 steps taken, and 1017 accepted.
[0 : mcmc] All chains are ready to check convergence and learn a new proposal covmat
[3 : mcmc] Progress @ 2025-04-19 22:47:49 : 5283 steps taken, and 1007 accepted.
[0 : mcmc]  - Acceptance rate: 0.275 = avg([0.2680, 0.3037, 0.2512, 0.2753])
[0 : mcmc]  - Convergence of means: R-1 = 0.174662 after 4015 accepted steps = sum([1018, 1029, 960, 1008])
[0 : mcmc]  - Updated covariance matrix of proposal pdf.
[2 : mcmc] Progress @ 2025-04-19 22:48:09 : 4630 steps taken, and 961 accepted.
[1 : mcmc] Progress @ 2025-04-19 22:49:12 : 4597 steps taken, and 1031 accepted.
[0 : mcmc] Progress @ 2025-04-19 22:49:26 : 5385 steps taken, and 1020 accepted.
[3 : mcmc] Progress @ 2025-04-19 22:49:55 : 5294 steps taken, and 1013 accepted.
[2 : mcmc] Progress @ 2025-04-19 22:50:19 : 4645 steps taken, and 964 accepted.
[1 : mcmc] Progress @ 2025-04-19 22:51:18 : 4610 steps taken, and 1034 accepted.
[0 : mcmc] Progress @ 2025-04-19 22:51:29 : 5398 steps taken, and 1022 accepted.
[3 : mcmc] Progress @ 2025-04-19 22:51:55 : 5308 steps taken, and 1019 accepted.
[2 : mcmc] Progress @ 2025-04-19 22:52:31 : 4659 steps taken, and 970 accepted.
[1 : mcmc] Progress @ 2025-04-19 22:53:19 : 4628 steps taken, and 1035 accepted.
[0 : mcmc] Progress @ 2025-04-19 22:53:34 : 5410 steps taken, and 1027 accepted.
[3 : mcmc] Progress @ 2025-04-19 22:54:01 : 5320 steps taken, and 1021 accepted.
[2 : mcmc] Progress @ 2025-04-19 22:54:37 : 4670 steps taken, and 972 accepted.
[1 : mcmc] Progress @ 2025-04-19 22:55:24 : 4639 steps taken, and 1037 accepted.
[0 : mcmc] Progress @ 2025-04-19 22:55:38 : 5427 steps taken, and 1030 accepted.
[3 : mcmc] Progress @ 2025-04-19 22:56:04 : 5332 steps taken, and 1024 accepted.
[2 : mcmc] Progress @ 2025-04-19 22:56:46 : 4687 steps taken, and 976 accepted.
[1 : mcmc] Progress @ 2025-04-19 22:57:30 : 4651 steps taken, and 1039 accepted.
[0 : mcmc] Progress @ 2025-04-19 22:57:44 : 5451 steps taken, and 1036 accepted.
[1 : mcmc] Learn + convergence test @ 1040 samples accepted.
[1 : mcmc] Ready to check convergence and learn a new proposal covmat (waiting for the rest...)
[3 : mcmc] Progress @ 2025-04-19 22:58:18 : 5343 steps taken, and 1028 accepted.
[2 : mcmc] Progress @ 2025-04-19 22:58:58 : 4699 steps taken, and 979 accepted.
[1 : mcmc] Progress @ 2025-04-19 22:59:33 : 4666 steps taken, and 1043 accepted.
[0 : mcmc] Progress @ 2025-04-19 22:59:55 : 5466 steps taken, and 1039 accepted.
[0 : mcmc] Learn + convergence test @ 1040 samples accepted.
[0 : mcmc] Ready to check convergence and learn a new proposal covmat (waiting for the rest...)
[3 : mcmc] Progress @ 2025-04-19 23:00:27 : 5358 steps taken, and 1031 accepted.
[2 : mcmc] Progress @ 2025-04-19 23:01:01 : 4714 steps taken, and 982 accepted.
[1 : mcmc] Progress @ 2025-04-19 23:01:36 : 4680 steps taken, and 1047 accepted.
[0 : mcmc] Progress @ 2025-04-19 23:01:58 : 5479 steps taken, and 1041 accepted.
[3 : mcmc] Progress @ 2025-04-19 23:02:38 : 5373 steps taken, and 1035 accepted.
[2 : mcmc] Progress @ 2025-04-19 23:03:13 : 4729 steps taken, and 986 accepted.
[1 : mcmc] Progress @ 2025-04-19 23:03:39 : 4695 steps taken, and 1049 accepted.
[0 : mcmc] Progress @ 2025-04-19 23:04:01 : 5493 steps taken, and 1046 accepted.
[3 : mcmc] Progress @ 2025-04-19 23:04:42 : 5389 steps taken, and 1038 accepted.
[2 : mcmc] Progress @ 2025-04-19 23:05:17 : 4743 steps taken, and 990 accepted.
[3 : mcmc] Learn + convergence test @ 1040 samples accepted.
[3 : mcmc] Ready to check convergence and learn a new proposal covmat (waiting for the rest...)
[1 : mcmc] Progress @ 2025-04-19 23:05:46 : 4705 steps taken, and 1052 accepted.
[0 : mcmc] Progress @ 2025-04-19 23:06:11 : 5516 steps taken, and 1052 accepted.
[3 : mcmc] Progress @ 2025-04-19 23:06:45 : 5405 steps taken, and 1043 accepted.
[2 : mcmc] Progress @ 2025-04-19 23:07:21 : 4757 steps taken, and 994 accepted.
[1 : mcmc] Progress @ 2025-04-19 23:07:49 : 4718 steps taken, and 1053 accepted.
[0 : mcmc] Progress @ 2025-04-19 23:08:21 : 5533 steps taken, and 1059 accepted.
[3 : mcmc] Progress @ 2025-04-19 23:08:49 : 5420 steps taken, and 1046 accepted.
[2 : mcmc] Progress @ 2025-04-19 23:09:33 : 4770 steps taken, and 997 accepted.
[1 : mcmc] Progress @ 2025-04-19 23:10:01 : 4732 steps taken, and 1053 accepted.
[0 : mcmc] Progress @ 2025-04-19 23:10:26 : 5546 steps taken, and 1064 accepted.
[3 : mcmc] Progress @ 2025-04-19 23:10:49 : 5445 steps taken, and 1053 accepted.
[2 : mcmc] Progress @ 2025-04-19 23:11:45 : 4785 steps taken, and 1001 accepted.
[1 : mcmc] Progress @ 2025-04-19 23:12:13 : 4746 steps taken, and 1058 accepted.
[0 : mcmc] Progress @ 2025-04-19 23:12:30 : 5559 steps taken, and 1069 accepted.
[3 : mcmc] Progress @ 2025-04-19 23:12:58 : 5465 steps taken, and 1058 accepted.
[2 : mcmc] Progress @ 2025-04-19 23:13:54 : 4804 steps taken, and 1007 accepted.
[1 : mcmc] Progress @ 2025-04-19 23:14:16 : 4761 steps taken, and 1064 accepted.
[0 : mcmc] Progress @ 2025-04-19 23:14:33 : 5574 steps taken, and 1072 accepted.
[3 : mcmc] Progress @ 2025-04-19 23:15:01 : 5479 steps taken, and 1062 accepted.
[2 : mcmc] Progress @ 2025-04-19 23:16:00 : 4814 steps taken, and 1008 accepted.
[1 : mcmc] Progress @ 2025-04-19 23:16:20 : 4775 steps taken, and 1067 accepted.
[0 : mcmc] Progress @ 2025-04-19 23:16:39 : 5584 steps taken, and 1076 accepted.
[3 : mcmc] Progress @ 2025-04-19 23:17:07 : 5492 steps taken, and 1065 accepted.
[2 : mcmc] Progress @ 2025-04-19 23:18:03 : 4826 steps taken, and 1013 accepted.
[1 : mcmc] Progress @ 2025-04-19 23:18:25 : 4786 steps taken, and 1070 accepted.
[0 : mcmc] Progress @ 2025-04-19 23:18:51 : 5595 steps taken, and 1078 accepted.
[3 : mcmc] Progress @ 2025-04-19 23:19:16 : 5509 steps taken, and 1070 accepted.
[2 : mcmc] Progress @ 2025-04-19 23:20:06 : 4841 steps taken, and 1016 accepted.
[1 : mcmc] Progress @ 2025-04-19 23:20:29 : 4799 steps taken, and 1072 accepted.
[0 : mcmc] Progress @ 2025-04-19 23:20:56 : 5606 steps taken, and 1081 accepted.
[3 : mcmc] Progress @ 2025-04-19 23:21:19 : 5524 steps taken, and 1073 accepted.
[2 : mcmc] Progress @ 2025-04-19 23:22:12 : 4852 steps taken, and 1020 accepted.
[1 : mcmc] Progress @ 2025-04-19 23:22:32 : 4813 steps taken, and 1078 accepted.
[0 : mcmc] Progress @ 2025-04-19 23:23:08 : 5622 steps taken, and 1084 accepted.
[3 : mcmc] Progress @ 2025-04-19 23:23:21 : 5540 steps taken, and 1076 accepted.
[2 : mcmc] Progress @ 2025-04-19 23:24:24 : 4865 steps taken, and 1026 accepted.
[1 : mcmc] Progress @ 2025-04-19 23:24:35 : 4832 steps taken, and 1083 accepted.
[0 : mcmc] Progress @ 2025-04-19 23:25:08 : 5639 steps taken, and 1086 accepted.
[3 : mcmc] Progress @ 2025-04-19 23:25:24 : 5554 steps taken, and 1081 accepted.
[2 : mcmc] Progress @ 2025-04-19 23:26:27 : 4881 steps taken, and 1029 accepted.
[1 : mcmc] Progress @ 2025-04-19 23:26:41 : 4843 steps taken, and 1086 accepted.
[0 : mcmc] Progress @ 2025-04-19 23:27:15 : 5669 steps taken, and 1090 accepted.
[3 : mcmc] Progress @ 2025-04-19 23:27:36 : 5571 steps taken, and 1084 accepted.
[2 : mcmc] Progress @ 2025-04-19 23:28:31 : 4897 steps taken, and 1032 accepted.
[1 : mcmc] Progress @ 2025-04-19 23:28:44 : 4857 steps taken, and 1090 accepted.
[0 : mcmc] Progress @ 2025-04-19 23:29:18 : 5683 steps taken, and 1092 accepted.
[3 : mcmc] Progress @ 2025-04-19 23:29:38 : 5583 steps taken, and 1087 accepted.
[2 : mcmc] Progress @ 2025-04-19 23:30:34 : 4911 steps taken, and 1033 accepted.
[1 : mcmc] Progress @ 2025-04-19 23:30:48 : 4871 steps taken, and 1093 accepted.
[0 : mcmc] Progress @ 2025-04-19 23:31:29 : 5697 steps taken, and 1094 accepted.
[3 : mcmc] Progress @ 2025-04-19 23:31:50 : 5599 steps taken, and 1092 accepted.
[2 : mcmc] Progress @ 2025-04-19 23:32:38 : 4925 steps taken, and 1039 accepted.
[1 : mcmc] Progress @ 2025-04-19 23:32:51 : 4886 steps taken, and 1098 accepted.
[2 : mcmc] Learn + convergence test @ 1040 samples accepted.
[2 : mcmc] Ready to check convergence and learn a new proposal covmat (waiting for the rest...)
[0 : mcmc] Progress @ 2025-04-19 23:33:40 : 5711 steps taken, and 1097 accepted.
[0 : mcmc] All chains are ready to check convergence and learn a new proposal covmat
[0 : mcmc]  - Acceptance rate: 0.271 = avg([0.2602, 0.2907, 0.2517, 0.2788])
[0 : mcmc]  - Convergence of means: R-1 = 0.151496 after 4336 accepted steps = sum([1098, 1100, 1040, 1098])
[0 : mcmc]  - Updated covariance matrix of proposal pdf.
[3 : mcmc] Progress @ 2025-04-19 23:34:00 : 5611 steps taken, and 1099 accepted.
[2 : mcmc] Progress @ 2025-04-19 23:34:43 : 4930 steps taken, and 1042 accepted.
[1 : mcmc] Progress @ 2025-04-19 23:35:03 : 4896 steps taken, and 1102 accepted.
[0 : mcmc] Progress @ 2025-04-19 23:35:52 : 5725 steps taken, and 1101 accepted.
[3 : mcmc] Progress @ 2025-04-19 23:36:04 : 5626 steps taken, and 1103 accepted.
[2 : mcmc] Progress @ 2025-04-19 23:36:47 : 4944 steps taken, and 1046 accepted.
[1 : mcmc] Progress @ 2025-04-19 23:37:07 : 4908 steps taken, and 1105 accepted.
[0 : mcmc] Progress @ 2025-04-19 23:37:55 : 5738 steps taken, and 1104 accepted.
[3 : mcmc] Progress @ 2025-04-19 23:38:07 : 5640 steps taken, and 1109 accepted.
[2 : mcmc] Progress @ 2025-04-19 23:38:51 : 4958 steps taken, and 1052 accepted.
[1 : mcmc] Progress @ 2025-04-19 23:39:13 : 4919 steps taken, and 1110 accepted.
[0 : mcmc] Progress @ 2025-04-19 23:40:06 : 5750 steps taken, and 1109 accepted.
[3 : mcmc] Progress @ 2025-04-19 23:40:13 : 5651 steps taken, and 1112 accepted.
[2 : mcmc] Progress @ 2025-04-19 23:41:02 : 4973 steps taken, and 1057 accepted.
[1 : mcmc] Progress @ 2025-04-19 23:41:22 : 4941 steps taken, and 1115 accepted.
[0 : mcmc] Progress @ 2025-04-19 23:42:07 : 5769 steps taken, and 1114 accepted.
[3 : mcmc] Progress @ 2025-04-19 23:42:16 : 5665 steps taken, and 1117 accepted.
[3 : mcmc] Learn + convergence test @ 1120 samples accepted.
[3 : mcmc] Ready to check convergence and learn a new proposal covmat (waiting for the rest...)
[2 : mcmc] Progress @ 2025-04-19 23:43:06 : 4991 steps taken, and 1063 accepted.
[1 : mcmc] Progress @ 2025-04-19 23:43:33 : 4953 steps taken, and 1119 accepted.
[1 : mcmc] Learn + convergence test @ 1120 samples accepted.
[1 : mcmc] Ready to check convergence and learn a new proposal covmat (waiting for the rest...)
[0 : mcmc] Progress @ 2025-04-19 23:44:12 : 5781 steps taken, and 1117 accepted.
[3 : mcmc] Progress @ 2025-04-19 23:44:19 : 5680 steps taken, and 1122 accepted.
[2 : mcmc] Progress @ 2025-04-19 23:45:15 : 5007 steps taken, and 1069 accepted.
[1 : mcmc] Progress @ 2025-04-19 23:45:45 : 4965 steps taken, and 1125 accepted.
[0 : mcmc] Progress @ 2025-04-19 23:46:21 : 5803 steps taken, and 1119 accepted.
[3 : mcmc] Progress @ 2025-04-19 23:46:22 : 5698 steps taken, and 1126 accepted.
[0 : mcmc] Learn + convergence test @ 1120 samples accepted.
[0 : mcmc] Ready to check convergence and learn a new proposal covmat (waiting for the rest...)
[2 : mcmc] Progress @ 2025-04-19 23:47:27 : 5018 steps taken, and 1072 accepted.
[1 : mcmc] Progress @ 2025-04-19 23:47:48 : 4978 steps taken, and 1131 accepted.
[0 : mcmc] Progress @ 2025-04-19 23:48:21 : 5823 steps taken, and 1122 accepted.
[3 : mcmc] Progress @ 2025-04-19 23:48:25 : 5710 steps taken, and 1129 accepted.
[2 : mcmc] Progress @ 2025-04-19 23:49:39 : 5033 steps taken, and 1076 accepted.
[1 : mcmc] Progress @ 2025-04-19 23:49:53 : 4988 steps taken, and 1134 accepted.
[0 : mcmc] Progress @ 2025-04-19 23:50:22 : 5845 steps taken, and 1127 accepted.
[3 : mcmc] Progress @ 2025-04-19 23:50:34 : 5730 steps taken, and 1131 accepted.
[2 : mcmc] Progress @ 2025-04-19 23:51:42 : 5047 steps taken, and 1081 accepted.
[1 : mcmc] Progress @ 2025-04-19 23:52:05 : 5002 steps taken, and 1139 accepted.
[0 : mcmc] Progress @ 2025-04-19 23:52:33 : 5862 steps taken, and 1130 accepted.
[3 : mcmc] Progress @ 2025-04-19 23:52:43 : 5749 steps taken, and 1135 accepted.
[2 : mcmc] Progress @ 2025-04-19 23:53:46 : 5063 steps taken, and 1085 accepted.
[1 : mcmc] Progress @ 2025-04-19 23:54:10 : 5012 steps taken, and 1141 accepted.
[0 : mcmc] Progress @ 2025-04-19 23:54:45 : 5892 steps taken, and 1135 accepted.
[3 : mcmc] Progress @ 2025-04-19 23:54:46 : 5764 steps taken, and 1137 accepted.
[2 : mcmc] Progress @ 2025-04-19 23:55:49 : 5078 steps taken, and 1089 accepted.
[1 : mcmc] Progress @ 2025-04-19 23:56:19 : 5026 steps taken, and 1146 accepted.
[0 : mcmc] Progress @ 2025-04-19 23:56:48 : 5906 steps taken, and 1141 accepted.
[3 : mcmc] Progress @ 2025-04-19 23:56:57 : 5781 steps taken, and 1141 accepted.
[2 : mcmc] Progress @ 2025-04-19 23:58:01 : 5093 steps taken, and 1094 accepted.
[1 : mcmc] Progress @ 2025-04-19 23:58:30 : 5040 steps taken, and 1153 accepted.
[0 : mcmc] Progress @ 2025-04-19 23:58:59 : 5920 steps taken, and 1144 accepted.
[3 : mcmc] Progress @ 2025-04-19 23:59:06 : 5801 steps taken, and 1148 accepted.
[2 : mcmc] Progress @ 2025-04-20 00:00:04 : 5109 steps taken, and 1099 accepted.
[1 : mcmc] Progress @ 2025-04-20 00:00:41 : 5053 steps taken, and 1155 accepted.
[0 : mcmc] Progress @ 2025-04-20 00:01:02 : 5937 steps taken, and 1148 accepted.
[3 : mcmc] Progress @ 2025-04-20 00:01:15 : 5820 steps taken, and 1151 accepted.
[2 : mcmc] Progress @ 2025-04-20 00:02:15 : 5122 steps taken, and 1104 accepted.
[1 : mcmc] Progress @ 2025-04-20 00:02:42 : 5076 steps taken, and 1158 accepted.
[0 : mcmc] Progress @ 2025-04-20 00:03:07 : 5949 steps taken, and 1153 accepted.
[3 : mcmc] Progress @ 2025-04-20 00:03:18 : 5835 steps taken, and 1154 accepted.
[2 : mcmc] Progress @ 2025-04-20 00:04:21 : 5133 steps taken, and 1109 accepted.
[1 : mcmc] Progress @ 2025-04-20 00:04:48 : 5086 steps taken, and 1166 accepted.
[0 : mcmc] Progress @ 2025-04-20 00:05:11 : 5962 steps taken, and 1155 accepted.
[3 : mcmc] Progress @ 2025-04-20 00:05:23 : 5847 steps taken, and 1155 accepted.
[2 : mcmc] Progress @ 2025-04-20 00:06:25 : 5145 steps taken, and 1112 accepted.
[1 : mcmc] Progress @ 2025-04-20 00:06:52 : 5100 steps taken, and 1168 accepted.
[0 : mcmc] Progress @ 2025-04-20 00:07:20 : 5979 steps taken, and 1158 accepted.
[3 : mcmc] Progress @ 2025-04-20 00:07:35 : 5859 steps taken, and 1157 accepted.
[2 : mcmc] Progress @ 2025-04-20 00:08:32 : 5172 steps taken, and 1118 accepted.
[1 : mcmc] Progress @ 2025-04-20 00:09:04 : 5113 steps taken, and 1171 accepted.
[0 : mcmc] Progress @ 2025-04-20 00:09:25 : 5991 steps taken, and 1161 accepted.
[3 : mcmc] Progress @ 2025-04-20 00:09:35 : 5877 steps taken, and 1160 accepted.
[2 : mcmc] Learn + convergence test @ 1120 samples accepted.
[2 : mcmc] Ready to check convergence and learn a new proposal covmat (waiting for the rest...)
[0 : mcmc] All chains are ready to check convergence and learn a new proposal covmat
[0 : mcmc]  - Acceptance rate: 0.270 = avg([0.2529, 0.2935, 0.2611, 0.2707])
[0 : mcmc]  - Convergence of means: R-1 = 0.112093 after 4619 accepted steps = sum([1162, 1174, 1120, 1163])
[0 : mcmc]  - Updated covariance matrix of proposal pdf.
[1 : mcmc] Progress @ 2025-04-20 00:11:31 : 5125 steps taken, and 1174 accepted.
[0 : mcmc] Progress @ 2025-04-20 00:11:37 : 6001 steps taken, and 1162 accepted.
[3 : mcmc] Progress @ 2025-04-20 00:11:37 : 5894 steps taken, and 1164 accepted.
[2 : mcmc] Progress @ 2025-04-20 00:11:45 : 5193 steps taken, and 1120 accepted.
[1 : mcmc] Progress @ 2025-04-20 00:13:35 : 5145 steps taken, and 1178 accepted.
[3 : mcmc] Progress @ 2025-04-20 00:13:42 : 5905 steps taken, and 1166 accepted.
[0 : mcmc] Progress @ 2025-04-20 00:13:45 : 6025 steps taken, and 1168 accepted.
[2 : mcmc] Progress @ 2025-04-20 00:13:51 : 5205 steps taken, and 1123 accepted.
[1 : mcmc] Progress @ 2025-04-20 00:15:38 : 5158 steps taken, and 1182 accepted.
[3 : mcmc] Progress @ 2025-04-20 00:15:46 : 5916 steps taken, and 1171 accepted.
[0 : mcmc] Progress @ 2025-04-20 00:15:54 : 6047 steps taken, and 1171 accepted.
[2 : mcmc] Progress @ 2025-04-20 00:15:55 : 5217 steps taken, and 1127 accepted.
[1 : mcmc] Progress @ 2025-04-20 00:17:41 : 5180 steps taken, and 1187 accepted.
[3 : mcmc] Progress @ 2025-04-20 00:17:46 : 5925 steps taken, and 1174 accepted.
[2 : mcmc] Progress @ 2025-04-20 00:17:59 : 5230 steps taken, and 1131 accepted.
[0 : mcmc] Progress @ 2025-04-20 00:18:02 : 6066 steps taken, and 1175 accepted.
[1 : mcmc] Progress @ 2025-04-20 00:19:44 : 5193 steps taken, and 1192 accepted.
[3 : mcmc] Progress @ 2025-04-20 00:19:57 : 5938 steps taken, and 1177 accepted.
[2 : mcmc] Progress @ 2025-04-20 00:20:02 : 5244 steps taken, and 1135 accepted.
[0 : mcmc] Progress @ 2025-04-20 00:20:05 : 6081 steps taken, and 1179 accepted.
[1 : mcmc] Progress @ 2025-04-20 00:21:55 : 5206 steps taken, and 1200 accepted.
[1 : mcmc] Learn + convergence test @ 1200 samples accepted.
[1 : mcmc] Ready to check convergence and learn a new proposal covmat (waiting for the rest...)
[3 : mcmc] Progress @ 2025-04-20 00:22:01 : 5952 steps taken, and 1181 accepted.
[0 : mcmc] Progress @ 2025-04-20 00:22:06 : 6104 steps taken, and 1184 accepted.
[2 : mcmc] Progress @ 2025-04-20 00:22:14 : 5260 steps taken, and 1137 accepted.
[3 : mcmc] Progress @ 2025-04-20 00:24:04 : 5970 steps taken, and 1183 accepted.
[1 : mcmc] Progress @ 2025-04-20 00:24:04 : 5224 steps taken, and 1205 accepted.
[0 : mcmc] Progress @ 2025-04-20 00:24:08 : 6122 steps taken, and 1187 accepted.
[2 : mcmc] Progress @ 2025-04-20 00:24:17 : 5273 steps taken, and 1138 accepted.
[3 : mcmc] Progress @ 2025-04-20 00:26:07 : 5982 steps taken, and 1188 accepted.
[1 : mcmc] Progress @ 2025-04-20 00:26:08 : 5241 steps taken, and 1209 accepted.
[0 : mcmc] Progress @ 2025-04-20 00:26:12 : 6137 steps taken, and 1192 accepted.
[2 : mcmc] Progress @ 2025-04-20 00:26:17 : 5282 steps taken, and 1141 accepted.
[3 : mcmc] Progress @ 2025-04-20 00:28:09 : 5996 steps taken, and 1194 accepted.
[1 : mcmc] Progress @ 2025-04-20 00:28:11 : 5255 steps taken, and 1214 accepted.
[0 : mcmc] Progress @ 2025-04-20 00:28:14 : 6152 steps taken, and 1196 accepted.
[2 : mcmc] Progress @ 2025-04-20 00:28:20 : 5294 steps taken, and 1146 accepted.
[3 : mcmc] Learn + convergence test @ 1200 samples accepted.
[3 : mcmc] Ready to check convergence and learn a new proposal covmat (waiting for the rest...)
[0 : mcmc] Learn + convergence test @ 1200 samples accepted.
[0 : mcmc] Ready to check convergence and learn a new proposal covmat (waiting for the rest...)
[1 : mcmc] Progress @ 2025-04-20 00:30:14 : 5270 steps taken, and 1219 accepted.
[3 : mcmc] Progress @ 2025-04-20 00:30:15 : 6006 steps taken, and 1203 accepted.
[0 : mcmc] Progress @ 2025-04-20 00:30:17 : 6166 steps taken, and 1200 accepted.
[2 : mcmc] Progress @ 2025-04-20 00:30:32 : 5309 steps taken, and 1151 accepted.
[3 : mcmc] Progress @ 2025-04-20 00:32:20 : 6018 steps taken, and 1208 accepted.
[1 : mcmc] Progress @ 2025-04-20 00:32:22 : 5291 steps taken, and 1224 accepted.
[0 : mcmc] Progress @ 2025-04-20 00:32:23 : 6179 steps taken, and 1201 accepted.
[2 : mcmc] Progress @ 2025-04-20 00:32:35 : 5322 steps taken, and 1154 accepted.
[3 : mcmc] Progress @ 2025-04-20 00:34:23 : 6030 steps taken, and 1213 accepted.
[1 : mcmc] Progress @ 2025-04-20 00:34:25 : 5308 steps taken, and 1227 accepted.
[0 : mcmc] Progress @ 2025-04-20 00:34:26 : 6196 steps taken, and 1206 accepted.
[2 : mcmc] Progress @ 2025-04-20 00:34:41 : 5334 steps taken, and 1157 accepted.
[3 : mcmc] Progress @ 2025-04-20 00:36:29 : 6044 steps taken, and 1215 accepted.
[0 : mcmc] Progress @ 2025-04-20 00:36:36 : 6212 steps taken, and 1212 accepted.
[1 : mcmc] Progress @ 2025-04-20 00:36:38 : 5343 steps taken, and 1231 accepted.
[2 : mcmc] Progress @ 2025-04-20 00:36:44 : 5351 steps taken, and 1160 accepted.
[3 : mcmc] Progress @ 2025-04-20 00:38:32 : 6057 steps taken, and 1218 accepted.
[1 : mcmc] Progress @ 2025-04-20 00:38:38 : 5362 steps taken, and 1237 accepted.
[0 : mcmc] Progress @ 2025-04-20 00:38:47 : 6225 steps taken, and 1214 accepted.
[2 : mcmc] Progress @ 2025-04-20 00:38:56 : 5363 steps taken, and 1163 accepted.
[3 : mcmc] Progress @ 2025-04-20 00:40:35 : 6070 steps taken, and 1224 accepted.
[1 : mcmc] Progress @ 2025-04-20 00:40:50 : 5375 steps taken, and 1239 accepted.
[0 : mcmc] Progress @ 2025-04-20 00:40:59 : 6237 steps taken, and 1218 accepted.
[2 : mcmc] Progress @ 2025-04-20 00:41:00 : 5380 steps taken, and 1165 accepted.
[3 : mcmc] Progress @ 2025-04-20 00:42:38 : 6090 steps taken, and 1230 accepted.
[1 : mcmc] Progress @ 2025-04-20 00:42:53 : 5392 steps taken, and 1244 accepted.
[2 : mcmc] Progress @ 2025-04-20 00:43:00 : 5396 steps taken, and 1168 accepted.
[0 : mcmc] Progress @ 2025-04-20 00:43:09 : 6248 steps taken, and 1225 accepted.
[3 : mcmc] Progress @ 2025-04-20 00:44:47 : 6111 steps taken, and 1235 accepted.
[1 : mcmc] Progress @ 2025-04-20 00:44:56 : 5407 steps taken, and 1248 accepted.
[2 : mcmc] Progress @ 2025-04-20 00:45:01 : 5420 steps taken, and 1171 accepted.
[0 : mcmc] Progress @ 2025-04-20 00:45:12 : 6260 steps taken, and 1229 accepted.
[3 : mcmc] Progress @ 2025-04-20 00:46:47 : 6132 steps taken, and 1243 accepted.
[1 : mcmc] Progress @ 2025-04-20 00:47:08 : 5419 steps taken, and 1252 accepted.
[2 : mcmc] Progress @ 2025-04-20 00:47:11 : 5444 steps taken, and 1176 accepted.
[0 : mcmc] Progress @ 2025-04-20 00:47:18 : 6272 steps taken, and 1235 accepted.
[3 : mcmc] Progress @ 2025-04-20 00:48:58 : 6146 steps taken, and 1250 accepted.
[2 : mcmc] Progress @ 2025-04-20 00:49:12 : 5465 steps taken, and 1180 accepted.
[0 : mcmc] Progress @ 2025-04-20 00:49:18 : 6294 steps taken, and 1238 accepted.
[1 : mcmc] Progress @ 2025-04-20 00:49:20 : 5431 steps taken, and 1256 accepted.
[3 : mcmc] Progress @ 2025-04-20 00:50:59 : 6164 steps taken, and 1251 accepted.
[2 : mcmc] Progress @ 2025-04-20 00:51:18 : 5478 steps taken, and 1184 accepted.
[0 : mcmc] Progress @ 2025-04-20 00:51:19 : 6321 steps taken, and 1240 accepted.
[1 : mcmc] Progress @ 2025-04-20 00:51:23 : 5445 steps taken, and 1261 accepted.
[3 : mcmc] Progress @ 2025-04-20 00:53:02 : 6182 steps taken, and 1256 accepted.
[2 : mcmc] Progress @ 2025-04-20 00:53:19 : 5501 steps taken, and 1191 accepted.
[0 : mcmc] Progress @ 2025-04-20 00:53:25 : 6333 steps taken, and 1247 accepted.
[1 : mcmc] Progress @ 2025-04-20 00:53:28 : 5455 steps taken, and 1262 accepted.
[3 : mcmc] Progress @ 2025-04-20 00:55:13 : 6199 steps taken, and 1260 accepted.
[2 : mcmc] Progress @ 2025-04-20 00:55:22 : 5514 steps taken, and 1197 accepted.
[0 : mcmc] Progress @ 2025-04-20 00:55:28 : 6345 steps taken, and 1251 accepted.
[1 : mcmc] Progress @ 2025-04-20 00:55:34 : 5466 steps taken, and 1264 accepted.
[2 : mcmc] Learn + convergence test @ 1200 samples accepted.
[2 : mcmc] Ready to check convergence and learn a new proposal covmat (waiting for the rest...)
[0 : mcmc] All chains are ready to check convergence and learn a new proposal covmat
[0 : mcmc]  - Acceptance rate: 0.268 = avg([0.2514, 0.2886, 0.2574, 0.2721])
[0 : mcmc]  - Convergence of means: R-1 = 0.104724 after 4984 accepted steps = sum([1254, 1267, 1200, 1263])
[0 : mcmc]  - Updated covariance matrix of proposal pdf.
[0 : mcmc] Progress @ 2025-04-20 00:57:31 : 6359 steps taken, and 1255 accepted.
[3 : mcmc] Progress @ 2025-04-20 00:57:33 : 6218 steps taken, and 1264 accepted.
[2 : mcmc] Progress @ 2025-04-20 00:57:33 : 5520 steps taken, and 1201 accepted.
[1 : mcmc] Progress @ 2025-04-20 00:57:39 : 5475 steps taken, and 1268 accepted.
[0 : mcmc] Progress @ 2025-04-20 00:59:31 : 6384 steps taken, and 1256 accepted.
[3 : mcmc] Progress @ 2025-04-20 00:59:34 : 6241 steps taken, and 1268 accepted.
[2 : mcmc] Progress @ 2025-04-20 00:59:42 : 5538 steps taken, and 1205 accepted.
[1 : mcmc] Progress @ 2025-04-20 00:59:45 : 5486 steps taken, and 1270 accepted.
[0 : mcmc] Progress @ 2025-04-20 01:01:31 : 6408 steps taken, and 1264 accepted.
[3 : mcmc] Progress @ 2025-04-20 01:01:40 : 6273 steps taken, and 1272 accepted.
[2 : mcmc] Progress @ 2025-04-20 01:01:46 : 5556 steps taken, and 1209 accepted.
[1 : mcmc] Progress @ 2025-04-20 01:01:49 : 5499 steps taken, and 1277 accepted.
[0 : mcmc] Progress @ 2025-04-20 01:03:32 : 6430 steps taken, and 1267 accepted.
[3 : mcmc] Progress @ 2025-04-20 01:03:46 : 6300 steps taken, and 1274 accepted.
[2 : mcmc] Progress @ 2025-04-20 01:03:49 : 5572 steps taken, and 1215 accepted.
[1 : mcmc] Progress @ 2025-04-20 01:03:57 : 5523 steps taken, and 1279 accepted.
[1 : mcmc] Learn + convergence test @ 1280 samples accepted.
[1 : mcmc] Ready to check convergence and learn a new proposal covmat (waiting for the rest...)
[0 : mcmc] Progress @ 2025-04-20 01:05:37 : 6442 steps taken, and 1273 accepted.
[3 : mcmc] Progress @ 2025-04-20 01:05:50 : 6318 steps taken, and 1279 accepted.
[3 : mcmc] Learn + convergence test @ 1280 samples accepted.
[3 : mcmc] Ready to check convergence and learn a new proposal covmat (waiting for the rest...)
[1 : mcmc] Progress @ 2025-04-20 01:06:01 : 5538 steps taken, and 1284 accepted.
[2 : mcmc] Progress @ 2025-04-20 01:06:01 : 5586 steps taken, and 1221 accepted.
[0 : mcmc] Progress @ 2025-04-20 01:07:40 : 6457 steps taken, and 1277 accepted.
[3 : mcmc] Progress @ 2025-04-20 01:07:59 : 6338 steps taken, and 1283 accepted.
[1 : mcmc] Progress @ 2025-04-20 01:08:04 : 5556 steps taken, and 1287 accepted.
[2 : mcmc] Progress @ 2025-04-20 01:08:13 : 5598 steps taken, and 1225 accepted.
[0 : mcmc] Learn + convergence test @ 1280 samples accepted.
[0 : mcmc] Ready to check convergence and learn a new proposal covmat (waiting for the rest...)
[0 : mcmc] Progress @ 2025-04-20 01:09:41 : 6477 steps taken, and 1280 accepted.
[1 : mcmc] Progress @ 2025-04-20 01:10:07 : 5568 steps taken, and 1290 accepted.
[3 : mcmc] Progress @ 2025-04-20 01:10:10 : 6350 steps taken, and 1289 accepted.
[2 : mcmc] Progress @ 2025-04-20 01:10:25 : 5610 steps taken, and 1229 accepted.
[0 : mcmc] Progress @ 2025-04-20 01:11:44 : 6491 steps taken, and 1285 accepted.
[3 : mcmc] Progress @ 2025-04-20 01:12:13 : 6365 steps taken, and 1294 accepted.
[1 : mcmc] Progress @ 2025-04-20 01:12:19 : 5581 steps taken, and 1294 accepted.
[2 : mcmc] Progress @ 2025-04-20 01:12:28 : 5621 steps taken, and 1231 accepted.
[0 : mcmc] Progress @ 2025-04-20 01:13:56 : 6509 steps taken, and 1288 accepted.
[3 : mcmc] Progress @ 2025-04-20 01:14:25 : 6379 steps taken, and 1298 accepted.
[1 : mcmc] Progress @ 2025-04-20 01:14:27 : 5598 steps taken, and 1300 accepted.
[2 : mcmc] Progress @ 2025-04-20 01:14:34 : 5633 steps taken, and 1234 accepted.
[0 : mcmc] Progress @ 2025-04-20 01:16:05 : 6528 steps taken, and 1293 accepted.
[3 : mcmc] Progress @ 2025-04-20 01:16:28 : 6396 steps taken, and 1302 accepted.
[1 : mcmc] Progress @ 2025-04-20 01:16:30 : 5617 steps taken, and 1305 accepted.
[2 : mcmc] Progress @ 2025-04-20 01:16:38 : 5648 steps taken, and 1238 accepted.
[0 : mcmc] Progress @ 2025-04-20 01:18:05 : 6550 steps taken, and 1297 accepted.
[3 : mcmc] Progress @ 2025-04-20 01:18:31 : 6407 steps taken, and 1305 accepted.
[1 : mcmc] Progress @ 2025-04-20 01:18:33 : 5633 steps taken, and 1308 accepted.
[2 : mcmc] Progress @ 2025-04-20 01:18:44 : 5658 steps taken, and 1241 accepted.
[0 : mcmc] Progress @ 2025-04-20 01:20:10 : 6562 steps taken, and 1298 accepted.
[3 : mcmc] Progress @ 2025-04-20 01:20:34 : 6421 steps taken, and 1309 accepted.
[1 : mcmc] Progress @ 2025-04-20 01:20:36 : 5648 steps taken, and 1310 accepted.
[2 : mcmc] Progress @ 2025-04-20 01:20:47 : 5671 steps taken, and 1246 accepted.
[0 : mcmc] Progress @ 2025-04-20 01:22:14 : 6575 steps taken, and 1300 accepted.
[3 : mcmc] Progress @ 2025-04-20 01:22:39 : 6435 steps taken, and 1313 accepted.
[1 : mcmc] Progress @ 2025-04-20 01:22:42 : 5658 steps taken, and 1313 accepted.
[2 : mcmc] Progress @ 2025-04-20 01:22:53 : 5681 steps taken, and 1252 accepted.
[0 : mcmc] Progress @ 2025-04-20 01:24:25 : 6588 steps taken, and 1304 accepted.
[3 : mcmc] Progress @ 2025-04-20 01:24:40 : 6451 steps taken, and 1319 accepted.
[1 : mcmc] Progress @ 2025-04-20 01:24:50 : 5675 steps taken, and 1316 accepted.
[2 : mcmc] Progress @ 2025-04-20 01:24:58 : 5694 steps taken, and 1256 accepted.
[0 : mcmc] Progress @ 2025-04-20 01:26:28 : 6601 steps taken, and 1310 accepted.
[3 : mcmc] Progress @ 2025-04-20 01:26:43 : 6472 steps taken, and 1323 accepted.
[1 : mcmc] Progress @ 2025-04-20 01:26:54 : 5690 steps taken, and 1320 accepted.
[2 : mcmc] Progress @ 2025-04-20 01:27:02 : 5706 steps taken, and 1260 accepted.
[0 : mcmc] Progress @ 2025-04-20 01:28:39 : 6616 steps taken, and 1312 accepted.
[3 : mcmc] Progress @ 2025-04-20 01:28:45 : 6488 steps taken, and 1329 accepted.
[1 : mcmc] Progress @ 2025-04-20 01:28:54 : 5715 steps taken, and 1322 accepted.
[2 : mcmc] Progress @ 2025-04-20 01:29:11 : 5722 steps taken, and 1263 accepted.
[0 : mcmc] Progress @ 2025-04-20 01:30:42 : 6630 steps taken, and 1319 accepted.
[3 : mcmc] Progress @ 2025-04-20 01:30:54 : 6509 steps taken, and 1332 accepted.
[1 : mcmc] Progress @ 2025-04-20 01:31:06 : 5729 steps taken, and 1326 accepted.
[2 : mcmc] Progress @ 2025-04-20 01:31:23 : 5740 steps taken, and 1265 accepted.
[0 : mcmc] Progress @ 2025-04-20 01:32:42 : 6652 steps taken, and 1323 accepted.
[3 : mcmc] Progress @ 2025-04-20 01:32:57 : 6524 steps taken, and 1338 accepted.
[1 : mcmc] Progress @ 2025-04-20 01:33:18 : 5743 steps taken, and 1331 accepted.
[2 : mcmc] Progress @ 2025-04-20 01:33:36 : 5766 steps taken, and 1270 accepted.
[0 : mcmc] Progress @ 2025-04-20 01:34:44 : 6672 steps taken, and 1328 accepted.
[3 : mcmc] Progress @ 2025-04-20 01:35:08 : 6537 steps taken, and 1340 accepted.
[1 : mcmc] Progress @ 2025-04-20 01:35:29 : 5754 steps taken, and 1336 accepted.
[2 : mcmc] Progress @ 2025-04-20 01:35:47 : 5781 steps taken, and 1271 accepted.
[0 : mcmc] Progress @ 2025-04-20 01:36:51 : 6698 steps taken, and 1334 accepted.
[3 : mcmc] Progress @ 2025-04-20 01:37:11 : 6552 steps taken, and 1345 accepted.
[1 : mcmc] Progress @ 2025-04-20 01:37:32 : 5767 steps taken, and 1337 accepted.
[2 : mcmc] Progress @ 2025-04-20 01:37:50 : 5796 steps taken, and 1275 accepted.
[0 : mcmc] Progress @ 2025-04-20 01:39:02 : 6711 steps taken, and 1340 accepted.
[3 : mcmc] Progress @ 2025-04-20 01:39:14 : 6564 steps taken, and 1350 accepted.
[1 : mcmc] Progress @ 2025-04-20 01:39:35 : 5782 steps taken, and 1341 accepted.
[2 : mcmc] Progress @ 2025-04-20 01:39:54 : 5810 steps taken, and 1279 accepted.
[2 : mcmc] Learn + convergence test @ 1280 samples accepted.
[2 : mcmc] Ready to check convergence and learn a new proposal covmat (waiting for the rest...)
[0 : mcmc] All chains are ready to check convergence and learn a new proposal covmat
[3 : mcmc] Progress @ 2025-04-20 01:41:19 : 6576 steps taken, and 1352 accepted.
[0 : mcmc]  - Acceptance rate: 0.266 = avg([0.2541, 0.2838, 0.2565, 0.2675])
[0 : mcmc]  - Convergence of means: R-1 = 0.099375 after 5322 accepted steps = sum([1346, 1344, 1280, 1352])
[0 : mcmc]  - Updated covariance matrix of proposal pdf.
[0 : mcmc] Progress @ 2025-04-20 01:41:33 : 6724 steps taken, and 1347 accepted.
[1 : mcmc] Progress @ 2025-04-20 01:41:40 : 5799 steps taken, and 1345 accepted.
[2 : mcmc] Progress @ 2025-04-20 01:42:02 : 5817 steps taken, and 1280 accepted.
[3 : mcmc] Progress @ 2025-04-20 01:43:25 : 6589 steps taken, and 1356 accepted.
[0 : mcmc] Progress @ 2025-04-20 01:43:39 : 6735 steps taken, and 1350 accepted.
[1 : mcmc] Progress @ 2025-04-20 01:43:40 : 5819 steps taken, and 1349 accepted.
[2 : mcmc] Progress @ 2025-04-20 01:44:11 : 5835 steps taken, and 1285 accepted.
[3 : mcmc] Progress @ 2025-04-20 01:45:27 : 6601 steps taken, and 1360 accepted.
[3 : mcmc] Learn + convergence test @ 1360 samples accepted.
[3 : mcmc] Ready to check convergence and learn a new proposal covmat (waiting for the rest...)
[1 : mcmc] Progress @ 2025-04-20 01:45:43 : 5834 steps taken, and 1353 accepted.
[0 : mcmc] Progress @ 2025-04-20 01:45:48 : 6751 steps taken, and 1355 accepted.
[2 : mcmc] Progress @ 2025-04-20 01:46:23 : 5848 steps taken, and 1286 accepted.
[3 : mcmc] Progress @ 2025-04-20 01:47:30 : 6616 steps taken, and 1363 accepted.
[0 : mcmc] Progress @ 2025-04-20 01:47:53 : 6765 steps taken, and 1357 accepted.
[1 : mcmc] Progress @ 2025-04-20 01:47:54 : 5848 steps taken, and 1358 accepted.
[2 : mcmc] Progress @ 2025-04-20 01:48:26 : 5862 steps taken, and 1287 accepted.
[0 : mcmc] Learn + convergence test @ 1360 samples accepted.
[0 : mcmc] Ready to check convergence and learn a new proposal covmat (waiting for the rest...)
[1 : mcmc] Learn + convergence test @ 1360 samples accepted.
[1 : mcmc] Ready to check convergence and learn a new proposal covmat (waiting for the rest...)
[3 : mcmc] Progress @ 2025-04-20 01:49:42 : 6627 steps taken, and 1367 accepted.
[1 : mcmc] Progress @ 2025-04-20 01:49:58 : 5861 steps taken, and 1362 accepted.
[0 : mcmc] Progress @ 2025-04-20 01:50:02 : 6780 steps taken, and 1363 accepted.
[2 : mcmc] Progress @ 2025-04-20 01:50:30 : 5879 steps taken, and 1290 accepted.
[3 : mcmc] Progress @ 2025-04-20 01:51:53 : 6642 steps taken, and 1369 accepted.
[1 : mcmc] Progress @ 2025-04-20 01:52:01 : 5878 steps taken, and 1366 accepted.
[0 : mcmc] Progress @ 2025-04-20 01:52:12 : 6797 steps taken, and 1367 accepted.
[2 : mcmc] Progress @ 2025-04-20 01:52:41 : 5892 steps taken, and 1294 accepted.
[3 : mcmc] Progress @ 2025-04-20 01:54:05 : 6653 steps taken, and 1373 accepted.
[1 : mcmc] Progress @ 2025-04-20 01:54:12 : 5891 steps taken, and 1370 accepted.
[0 : mcmc] Progress @ 2025-04-20 01:54:17 : 6809 steps taken, and 1370 accepted.
[2 : mcmc] Progress @ 2025-04-20 01:54:53 : 5906 steps taken, and 1297 accepted.
[3 : mcmc] Progress @ 2025-04-20 01:56:10 : 6663 steps taken, and 1377 accepted.
[0 : mcmc] Progress @ 2025-04-20 01:56:20 : 6822 steps taken, and 1371 accepted.
[1 : mcmc] Progress @ 2025-04-20 01:56:23 : 5903 steps taken, and 1372 accepted.
[2 : mcmc] Progress @ 2025-04-20 01:56:56 : 5922 steps taken, and 1300 accepted.
[3 : mcmc] Progress @ 2025-04-20 01:58:13 : 6676 steps taken, and 1379 accepted.
[1 : mcmc] Progress @ 2025-04-20 01:58:27 : 5919 steps taken, and 1375 accepted.
[0 : mcmc] Progress @ 2025-04-20 01:58:29 : 6844 steps taken, and 1375 accepted.
[2 : mcmc] Progress @ 2025-04-20 01:59:00 : 5934 steps taken, and 1303 accepted.
[3 : mcmc] Progress @ 2025-04-20 02:00:25 : 6688 steps taken, and 1384 accepted.
[1 : mcmc] Progress @ 2025-04-20 02:00:29 : 5940 steps taken, and 1380 accepted.
[0 : mcmc] Progress @ 2025-04-20 02:00:40 : 6857 steps taken, and 1380 accepted.
[2 : mcmc] Progress @ 2025-04-20 02:01:06 : 5944 steps taken, and 1304 accepted.
[3 : mcmc] Progress @ 2025-04-20 02:02:31 : 6698 steps taken, and 1387 accepted.
[1 : mcmc] Progress @ 2025-04-20 02:02:32 : 5952 steps taken, and 1385 accepted.
[0 : mcmc] Progress @ 2025-04-20 02:02:49 : 6874 steps taken, and 1385 accepted.
[2 : mcmc] Progress @ 2025-04-20 02:03:18 : 5959 steps taken, and 1309 accepted.
[3 : mcmc] Progress @ 2025-04-20 02:04:33 : 6712 steps taken, and 1390 accepted.
[1 : mcmc] Progress @ 2025-04-20 02:04:44 : 5964 steps taken, and 1390 accepted.
[0 : mcmc] Progress @ 2025-04-20 02:04:54 : 6885 steps taken, and 1388 accepted.
[2 : mcmc] Progress @ 2025-04-20 02:05:21 : 5975 steps taken, and 1312 accepted.
[3 : mcmc] Progress @ 2025-04-20 02:06:36 : 6725 steps taken, and 1392 accepted.
[1 : mcmc] Progress @ 2025-04-20 02:06:47 : 5979 steps taken, and 1393 accepted.
[0 : mcmc] Progress @ 2025-04-20 02:06:58 : 6898 steps taken, and 1394 accepted.
[2 : mcmc] Progress @ 2025-04-20 02:07:25 : 5988 steps taken, and 1317 accepted.
[3 : mcmc] Progress @ 2025-04-20 02:08:38 : 6743 steps taken, and 1394 accepted.
[1 : mcmc] Progress @ 2025-04-20 02:08:59 : 5990 steps taken, and 1396 accepted.
[0 : mcmc] Progress @ 2025-04-20 02:09:03 : 6911 steps taken, and 1401 accepted.
[2 : mcmc] Progress @ 2025-04-20 02:09:28 : 6006 steps taken, and 1320 accepted.
[3 : mcmc] Progress @ 2025-04-20 02:10:50 : 6755 steps taken, and 1398 accepted.
[1 : mcmc] Progress @ 2025-04-20 02:11:05 : 6000 steps taken, and 1399 accepted.
[0 : mcmc] Progress @ 2025-04-20 02:11:12 : 6927 steps taken, and 1405 accepted.
[2 : mcmc] Progress @ 2025-04-20 02:11:32 : 6021 steps taken, and 1326 accepted.
[3 : mcmc] Progress @ 2025-04-20 02:12:53 : 6769 steps taken, and 1403 accepted.
[1 : mcmc] Progress @ 2025-04-20 02:13:10 : 6010 steps taken, and 1404 accepted.
[0 : mcmc] Progress @ 2025-04-20 02:13:15 : 6939 steps taken, and 1409 accepted.
[2 : mcmc] Progress @ 2025-04-20 02:13:35 : 6036 steps taken, and 1328 accepted.
[3 : mcmc] Progress @ 2025-04-20 02:15:05 : 6781 steps taken, and 1406 accepted.
[1 : mcmc] Progress @ 2025-04-20 02:15:19 : 6026 steps taken, and 1411 accepted.
[0 : mcmc] Progress @ 2025-04-20 02:15:20 : 6953 steps taken, and 1411 accepted.
[2 : mcmc] Progress @ 2025-04-20 02:15:47 : 6050 steps taken, and 1329 accepted.
[3 : mcmc] Progress @ 2025-04-20 02:17:08 : 6802 steps taken, and 1410 accepted.
[0 : mcmc] Progress @ 2025-04-20 02:17:23 : 6966 steps taken, and 1415 accepted.
[1 : mcmc] Progress @ 2025-04-20 02:17:30 : 6039 steps taken, and 1413 accepted.
[2 : mcmc] Progress @ 2025-04-20 02:17:47 : 6071 steps taken, and 1333 accepted.
[3 : mcmc] Progress @ 2025-04-20 02:19:11 : 6816 steps taken, and 1417 accepted.
[0 : mcmc] Progress @ 2025-04-20 02:19:29 : 6981 steps taken, and 1419 accepted.
[1 : mcmc] Progress @ 2025-04-20 02:19:32 : 6052 steps taken, and 1417 accepted.
[2 : mcmc] Progress @ 2025-04-20 02:19:58 : 6083 steps taken, and 1339 accepted.
[3 : mcmc] Progress @ 2025-04-20 02:21:14 : 6829 steps taken, and 1419 accepted.
[0 : mcmc] Progress @ 2025-04-20 02:21:32 : 6994 steps taken, and 1421 accepted.
[1 : mcmc] Progress @ 2025-04-20 02:21:44 : 6068 steps taken, and 1419 accepted.
[2 : mcmc] Progress @ 2025-04-20 02:22:10 : 6097 steps taken, and 1340 accepted.
[3 : mcmc] Progress @ 2025-04-20 02:23:28 : 6839 steps taken, and 1423 accepted.
[0 : mcmc] Progress @ 2025-04-20 02:23:35 : 7008 steps taken, and 1422 accepted.
[1 : mcmc] Progress @ 2025-04-20 02:23:53 : 6087 steps taken, and 1424 accepted.
[2 : mcmc] Progress @ 2025-04-20 02:24:13 : 6114 steps taken, and 1344 accepted.
[3 : mcmc] Progress @ 2025-04-20 02:25:31 : 6852 steps taken, and 1427 accepted.
[0 : mcmc] Progress @ 2025-04-20 02:25:38 : 7024 steps taken, and 1425 accepted.
[1 : mcmc] Progress @ 2025-04-20 02:26:05 : 6102 steps taken, and 1427 accepted.
[2 : mcmc] Progress @ 2025-04-20 02:26:15 : 6128 steps taken, and 1347 accepted.
[3 : mcmc] Progress @ 2025-04-20 02:27:34 : 6868 steps taken, and 1433 accepted.
[0 : mcmc] Progress @ 2025-04-20 02:27:41 : 7039 steps taken, and 1429 accepted.
[1 : mcmc] Progress @ 2025-04-20 02:28:08 : 6116 steps taken, and 1430 accepted.
[2 : mcmc] Progress @ 2025-04-20 02:28:19 : 6144 steps taken, and 1351 accepted.
[3 : mcmc] Progress @ 2025-04-20 02:29:37 : 6885 steps taken, and 1436 accepted.
[0 : mcmc] Progress @ 2025-04-20 02:29:46 : 7051 steps taken, and 1431 accepted.
[1 : mcmc] Progress @ 2025-04-20 02:30:11 : 6132 steps taken, and 1436 accepted.
[2 : mcmc] Progress @ 2025-04-20 02:30:23 : 6158 steps taken, and 1355 accepted.
[1 : mcmc] Learn + convergence test @ 1440 samples accepted.
[3 : mcmc] Progress @ 2025-04-20 02:31:46 : 6904 steps taken, and 1439 accepted.
[0 : mcmc] Progress @ 2025-04-20 02:31:55 : 7068 steps taken, and 1435 accepted.
[2 : mcmc] Learn + convergence test @ 1360 samples accepted.
[2 : mcmc] Ready to check convergence and learn a new proposal covmat (waiting for the rest...)
[1 : mcmc] Progress @ 2025-04-20 02:32:14 : 6147 steps taken, and 1441 accepted.
[3 : mcmc] Learn + convergence test @ 1440 samples accepted.
[0 : mcmc] All chains are ready to check convergence and learn a new proposal covmat
[0 : mcmc]  - Acceptance rate: 0.263 = avg([0.2553, 0.2796, 0.2486, 0.2661])
[0 : mcmc]  - Convergence of means: R-1 = 0.117290 after 5680 accepted steps = sum([1437, 1442, 1360, 1441])
[0 : mcmc]  - Updated covariance matrix of proposal pdf.
[2 : mcmc] Progress @ 2025-04-20 02:33:40 : 6177 steps taken, and 1360 accepted.
[3 : mcmc] Progress @ 2025-04-20 02:33:46 : 6917 steps taken, and 1441 accepted.
[0 : mcmc] Progress @ 2025-04-20 02:34:01 : 7083 steps taken, and 1439 accepted.
[1 : mcmc] Progress @ 2025-04-20 02:34:15 : 6153 steps taken, and 1443 accepted.
[0 : mcmc] Learn + convergence test @ 1440 samples accepted.
[0 : mcmc] Ready to check convergence and learn a new proposal covmat (waiting for the rest...)
[2 : mcmc] Progress @ 2025-04-20 02:35:47 : 6203 steps taken, and 1362 accepted.
[3 : mcmc] Progress @ 2025-04-20 02:35:52 : 6931 steps taken, and 1444 accepted.
[0 : mcmc] Progress @ 2025-04-20 02:36:01 : 7105 steps taken, and 1441 accepted.
[1 : mcmc] Progress @ 2025-04-20 02:36:18 : 6166 steps taken, and 1449 accepted.
[2 : mcmc] Progress @ 2025-04-20 02:37:50 : 6223 steps taken, and 1367 accepted.
[3 : mcmc] Progress @ 2025-04-20 02:37:55 : 6945 steps taken, and 1447 accepted.
[0 : mcmc] Progress @ 2025-04-20 02:38:12 : 7119 steps taken, and 1444 accepted.
[1 : mcmc] Progress @ 2025-04-20 02:38:24 : 6178 steps taken, and 1451 accepted.
[2 : mcmc] Progress @ 2025-04-20 02:39:59 : 6238 steps taken, and 1371 accepted.
[3 : mcmc] Progress @ 2025-04-20 02:40:02 : 6973 steps taken, and 1451 accepted.
[0 : mcmc] Progress @ 2025-04-20 02:40:15 : 7138 steps taken, and 1449 accepted.
[1 : mcmc] Progress @ 2025-04-20 02:40:35 : 6189 steps taken, and 1454 accepted.
[3 : mcmc] Progress @ 2025-04-20 02:42:03 : 6995 steps taken, and 1452 accepted.
[2 : mcmc] Progress @ 2025-04-20 02:42:09 : 6258 steps taken, and 1376 accepted.
[0 : mcmc] Progress @ 2025-04-20 02:42:18 : 7152 steps taken, and 1454 accepted.
[1 : mcmc] Progress @ 2025-04-20 02:42:47 : 6200 steps taken, and 1460 accepted.
[3 : mcmc] Progress @ 2025-04-20 02:44:10 : 7023 steps taken, and 1458 accepted.
[2 : mcmc] Progress @ 2025-04-20 02:44:21 : 6270 steps taken, and 1380 accepted.
[0 : mcmc] Progress @ 2025-04-20 02:44:21 : 7165 steps taken, and 1460 accepted.
[1 : mcmc] Progress @ 2025-04-20 02:44:52 : 6213 steps taken, and 1463 accepted.
[3 : mcmc] Progress @ 2025-04-20 02:46:10 : 7048 steps taken, and 1463 accepted.
[0 : mcmc] Progress @ 2025-04-20 02:46:24 : 7181 steps taken, and 1466 accepted.
[2 : mcmc] Progress @ 2025-04-20 02:46:27 : 6281 steps taken, and 1384 accepted.
[1 : mcmc] Progress @ 2025-04-20 02:46:56 : 6224 steps taken, and 1468 accepted.
[3 : mcmc] Progress @ 2025-04-20 02:48:13 : 7063 steps taken, and 1469 accepted.
[2 : mcmc] Progress @ 2025-04-20 02:48:30 : 6293 steps taken, and 1388 accepted.
[0 : mcmc] Progress @ 2025-04-20 02:48:35 : 7196 steps taken, and 1467 accepted.
[1 : mcmc] Progress @ 2025-04-20 02:48:58 : 6238 steps taken, and 1471 accepted.
[3 : mcmc] Progress @ 2025-04-20 02:50:22 : 7084 steps taken, and 1472 accepted.
[2 : mcmc] Progress @ 2025-04-20 02:50:33 : 6314 steps taken, and 1390 accepted.
[0 : mcmc] Progress @ 2025-04-20 02:50:40 : 7206 steps taken, and 1471 accepted.
[1 : mcmc] Progress @ 2025-04-20 02:51:04 : 6250 steps taken, and 1472 accepted.
[3 : mcmc] Progress @ 2025-04-20 02:52:30 : 7104 steps taken, and 1476 accepted.
[2 : mcmc] Progress @ 2025-04-20 02:52:37 : 6327 steps taken, and 1394 accepted.
[0 : mcmc] Progress @ 2025-04-20 02:52:49 : 7224 steps taken, and 1474 accepted.
[1 : mcmc] Progress @ 2025-04-20 02:53:07 : 6265 steps taken, and 1478 accepted.
[3 : mcmc] Progress @ 2025-04-20 02:54:33 : 7123 steps taken, and 1480 accepted.
[2 : mcmc] Progress @ 2025-04-20 02:54:42 : 6338 steps taken, and 1399 accepted.
[0 : mcmc] Progress @ 2025-04-20 02:54:51 : 7240 steps taken, and 1477 accepted.
[1 : mcmc] Progress @ 2025-04-20 02:55:10 : 6278 steps taken, and 1483 accepted.
[3 : mcmc] Progress @ 2025-04-20 02:56:36 : 7138 steps taken, and 1481 accepted.
[2 : mcmc] Progress @ 2025-04-20 02:56:46 : 6352 steps taken, and 1403 accepted.
[0 : mcmc] Progress @ 2025-04-20 02:57:03 : 7273 steps taken, and 1480 accepted.
[1 : mcmc] Progress @ 2025-04-20 02:57:16 : 6288 steps taken, and 1487 accepted.
[3 : mcmc] Progress @ 2025-04-20 02:58:39 : 7152 steps taken, and 1483 accepted.
[2 : mcmc] Progress @ 2025-04-20 02:58:58 : 6366 steps taken, and 1406 accepted.
[0 : mcmc] Progress @ 2025-04-20 02:59:06 : 7286 steps taken, and 1484 accepted.
[1 : mcmc] Progress @ 2025-04-20 02:59:19 : 6303 steps taken, and 1491 accepted.
[3 : mcmc] Progress @ 2025-04-20 03:00:48 : 7173 steps taken, and 1486 accepted.
[2 : mcmc] Progress @ 2025-04-20 03:01:01 : 6377 steps taken, and 1412 accepted.
[0 : mcmc] Progress @ 2025-04-20 03:01:18 : 7302 steps taken, and 1488 accepted.
[1 : mcmc] Progress @ 2025-04-20 03:01:22 : 6319 steps taken, and 1495 accepted.
[3 : mcmc] Progress @ 2025-04-20 03:02:51 : 7185 steps taken, and 1490 accepted.
[2 : mcmc] Progress @ 2025-04-20 03:03:13 : 6394 steps taken, and 1416 accepted.
[0 : mcmc] Progress @ 2025-04-20 03:03:18 : 7322 steps taken, and 1490 accepted.
[1 : mcmc] Progress @ 2025-04-20 03:03:34 : 6332 steps taken, and 1501 accepted.
[3 : mcmc] Progress @ 2025-04-20 03:05:02 : 7199 steps taken, and 1494 accepted.
[2 : mcmc] Progress @ 2025-04-20 03:05:16 : 6408 steps taken, and 1417 accepted.
[0 : mcmc] Progress @ 2025-04-20 03:05:21 : 7340 steps taken, and 1494 accepted.
[1 : mcmc] Progress @ 2025-04-20 03:05:37 : 6351 steps taken, and 1507 accepted.
[3 : mcmc] Progress @ 2025-04-20 03:07:06 : 7219 steps taken, and 1497 accepted.
[2 : mcmc] Progress @ 2025-04-20 03:07:28 : 6422 steps taken, and 1422 accepted.
[0 : mcmc] Progress @ 2025-04-20 03:07:32 : 7356 steps taken, and 1498 accepted.
[1 : mcmc] Progress @ 2025-04-20 03:07:40 : 6365 steps taken, and 1511 accepted.
[3 : mcmc] Progress @ 2025-04-20 03:09:09 : 7237 steps taken, and 1501 accepted.
[0 : mcmc] Progress @ 2025-04-20 03:09:33 : 7375 steps taken, and 1500 accepted.
[2 : mcmc] Progress @ 2025-04-20 03:09:38 : 6440 steps taken, and 1425 accepted.
[1 : mcmc] Progress @ 2025-04-20 03:09:52 : 6377 steps taken, and 1516 accepted.
[3 : mcmc] Progress @ 2025-04-20 03:11:12 : 7253 steps taken, and 1504 accepted.
[2 : mcmc] Progress @ 2025-04-20 03:11:42 : 6477 steps taken, and 1429 accepted.
[0 : mcmc] Progress @ 2025-04-20 03:11:45 : 7390 steps taken, and 1505 accepted.
[1 : mcmc] Progress @ 2025-04-20 03:11:55 : 6393 steps taken, and 1519 accepted.
[1 : mcmc] Learn + convergence test @ 1520 samples accepted.
[1 : mcmc] Ready to check convergence and learn a new proposal covmat (waiting for the rest...)
[3 : mcmc] Progress @ 2025-04-20 03:13:15 : 7268 steps taken, and 1508 accepted.
[2 : mcmc] Progress @ 2025-04-20 03:13:43 : 6500 steps taken, and 1434 accepted.
[0 : mcmc] Progress @ 2025-04-20 03:13:45 : 7409 steps taken, and 1509 accepted.
[1 : mcmc] Progress @ 2025-04-20 03:13:58 : 6406 steps taken, and 1524 accepted.
[3 : mcmc] Progress @ 2025-04-20 03:15:18 : 7281 steps taken, and 1512 accepted.
[2 : mcmc] Progress @ 2025-04-20 03:15:55 : 6511 steps taken, and 1438 accepted.
[0 : mcmc] Progress @ 2025-04-20 03:15:56 : 7424 steps taken, and 1513 accepted.
[1 : mcmc] Progress @ 2025-04-20 03:16:01 : 6425 steps taken, and 1529 accepted.
[2 : mcmc] Learn + convergence test @ 1440 samples accepted.
[2 : mcmc] Ready to check convergence and learn a new proposal covmat (waiting for the rest...)
[3 : mcmc] Progress @ 2025-04-20 03:17:21 : 7294 steps taken, and 1517 accepted.
[0 : mcmc] Progress @ 2025-04-20 03:17:59 : 7439 steps taken, and 1516 accepted.
[1 : mcmc] Progress @ 2025-04-20 03:18:03 : 6440 steps taken, and 1532 accepted.
[2 : mcmc] Progress @ 2025-04-20 03:18:04 : 6533 steps taken, and 1441 accepted.
[3 : mcmc] Learn + convergence test @ 1520 samples accepted.
[3 : mcmc] Ready to check convergence and learn a new proposal covmat (waiting for the rest...)
[0 : mcmc] Progress @ 2025-04-20 03:20:00 : 7464 steps taken, and 1518 accepted.
[1 : mcmc] Progress @ 2025-04-20 03:20:04 : 6463 steps taken, and 1533 accepted.
[0 : mcmc] All chains are ready to check convergence and learn a new proposal covmat
[0 : mcmc]  - Acceptance rate: 0.256 = avg([0.2482, 0.2767, 0.2429, 0.2559])
[0 : mcmc]  - Convergence of means: R-1 = 0.122163 after 6017 accepted steps = sum([1519, 1534, 1444, 1520])
[0 : mcmc]  - Updated covariance matrix of proposal pdf.
[3 : mcmc] Progress @ 2025-04-20 03:20:33 : 7306 steps taken, and 1520 accepted.
[2 : mcmc] Progress @ 2025-04-20 03:20:33 : 6555 steps taken, and 1444 accepted.
[0 : mcmc] Learn + convergence test @ 1520 samples accepted.
[0 : mcmc] Ready to check convergence and learn a new proposal covmat (waiting for the rest...)
[0 : mcmc] Progress @ 2025-04-20 03:22:07 : 7479 steps taken, and 1521 accepted.
[1 : mcmc] Progress @ 2025-04-20 03:22:08 : 6480 steps taken, and 1539 accepted.
[3 : mcmc] Progress @ 2025-04-20 03:22:36 : 7320 steps taken, and 1524 accepted.
[2 : mcmc] Progress @ 2025-04-20 03:22:43 : 6572 steps taken, and 1446 accepted.
[1 : mcmc] Progress @ 2025-04-20 03:24:11 : 6496 steps taken, and 1544 accepted.
[0 : mcmc] Progress @ 2025-04-20 03:24:16 : 7500 steps taken, and 1527 accepted.
[3 : mcmc] Progress @ 2025-04-20 03:24:48 : 7335 steps taken, and 1524 accepted.
[2 : mcmc] Progress @ 2025-04-20 03:24:48 : 6585 steps taken, and 1448 accepted.
[1 : mcmc] Progress @ 2025-04-20 03:26:14 : 6513 steps taken, and 1548 accepted.
[0 : mcmc] Progress @ 2025-04-20 03:26:19 : 7514 steps taken, and 1532 accepted.
[2 : mcmc] Progress @ 2025-04-20 03:26:51 : 6600 steps taken, and 1454 accepted.
[3 : mcmc] Progress @ 2025-04-20 03:26:56 : 7353 steps taken, and 1528 accepted.
[1 : mcmc] Progress @ 2025-04-20 03:28:15 : 6531 steps taken, and 1554 accepted.
[0 : mcmc] Progress @ 2025-04-20 03:28:24 : 7524 steps taken, and 1536 accepted.
[3 : mcmc] Progress @ 2025-04-20 03:28:59 : 7367 steps taken, and 1531 accepted.
[2 : mcmc] Progress @ 2025-04-20 03:29:01 : 6619 steps taken, and 1461 accepted.
[1 : mcmc] Progress @ 2025-04-20 03:30:26 : 6548 steps taken, and 1560 accepted.
[0 : mcmc] Progress @ 2025-04-20 03:30:27 : 7540 steps taken, and 1539 accepted.
[2 : mcmc] Progress @ 2025-04-20 03:31:04 : 6634 steps taken, and 1466 accepted.
[3 : mcmc] Progress @ 2025-04-20 03:31:05 : 7377 steps taken, and 1533 accepted.
[0 : mcmc] Progress @ 2025-04-20 03:32:35 : 7557 steps taken, and 1545 accepted.
[1 : mcmc] Progress @ 2025-04-20 03:32:37 : 6562 steps taken, and 1565 accepted.
[2 : mcmc] Progress @ 2025-04-20 03:33:07 : 6651 steps taken, and 1468 accepted.
[3 : mcmc] Progress @ 2025-04-20 03:33:08 : 7389 steps taken, and 1537 accepted.
[1 : mcmc] Progress @ 2025-04-20 03:34:40 : 6574 steps taken, and 1568 accepted.
[0 : mcmc] Progress @ 2025-04-20 03:34:46 : 7572 steps taken, and 1549 accepted.
[2 : mcmc] Progress @ 2025-04-20 03:35:10 : 6667 steps taken, and 1470 accepted.
[3 : mcmc] Progress @ 2025-04-20 03:35:13 : 7400 steps taken, and 1540 accepted.
[1 : mcmc] Progress @ 2025-04-20 03:36:45 : 6585 steps taken, and 1569 accepted.
[0 : mcmc] Progress @ 2025-04-20 03:36:50 : 7590 steps taken, and 1554 accepted.
[2 : mcmc] Progress @ 2025-04-20 03:37:19 : 6689 steps taken, and 1474 accepted.
[3 : mcmc] Progress @ 2025-04-20 03:37:25 : 7415 steps taken, and 1545 accepted.
[1 : mcmc] Progress @ 2025-04-20 03:38:48 : 6600 steps taken, and 1570 accepted.
[0 : mcmc] Progress @ 2025-04-20 03:38:50 : 7612 steps taken, and 1559 accepted.
[2 : mcmc] Progress @ 2025-04-20 03:39:20 : 6710 steps taken, and 1477 accepted.
[3 : mcmc] Progress @ 2025-04-20 03:39:36 : 7428 steps taken, and 1546 accepted.
[1 : mcmc] Progress @ 2025-04-20 03:40:52 : 6613 steps taken, and 1574 accepted.
[0 : mcmc] Progress @ 2025-04-20 03:40:53 : 7626 steps taken, and 1564 accepted.
[2 : mcmc] Progress @ 2025-04-20 03:41:31 : 6726 steps taken, and 1482 accepted.
[3 : mcmc] Progress @ 2025-04-20 03:41:39 : 7442 steps taken, and 1549 accepted.
[1 : mcmc] Progress @ 2025-04-20 03:42:55 : 6631 steps taken, and 1576 accepted.
[0 : mcmc] Progress @ 2025-04-20 03:43:04 : 7640 steps taken, and 1569 accepted.
[2 : mcmc] Progress @ 2025-04-20 03:43:34 : 6741 steps taken, and 1485 accepted.
[3 : mcmc] Progress @ 2025-04-20 03:43:40 : 7464 steps taken, and 1557 accepted.
[1 : mcmc] Progress @ 2025-04-20 03:45:07 : 6645 steps taken, and 1583 accepted.
[0 : mcmc] Progress @ 2025-04-20 03:45:07 : 7657 steps taken, and 1573 accepted.
[2 : mcmc] Progress @ 2025-04-20 03:45:38 : 6759 steps taken, and 1488 accepted.
[3 : mcmc] Progress @ 2025-04-20 03:45:43 : 7479 steps taken, and 1565 accepted.
[1 : mcmc] Progress @ 2025-04-20 03:47:10 : 6659 steps taken, and 1589 accepted.
[0 : mcmc] Progress @ 2025-04-20 03:47:17 : 7668 steps taken, and 1578 accepted.
[2 : mcmc] Progress @ 2025-04-20 03:47:48 : 6775 steps taken, and 1491 accepted.
[3 : mcmc] Progress @ 2025-04-20 03:47:48 : 7491 steps taken, and 1566 accepted.
[1 : mcmc] Progress @ 2025-04-20 03:49:18 : 6682 steps taken, and 1592 accepted.
[0 : mcmc] Progress @ 2025-04-20 03:49:29 : 7680 steps taken, and 1582 accepted.
[3 : mcmc] Progress @ 2025-04-20 03:49:51 : 7503 steps taken, and 1571 accepted.
[2 : mcmc] Progress @ 2025-04-20 03:49:59 : 6787 steps taken, and 1495 accepted.
[1 : mcmc] Progress @ 2025-04-20 03:51:24 : 6693 steps taken, and 1596 accepted.
[0 : mcmc] Progress @ 2025-04-20 03:51:40 : 7694 steps taken, and 1586 accepted.
[3 : mcmc] Progress @ 2025-04-20 03:52:00 : 7524 steps taken, and 1575 accepted.
[2 : mcmc] Progress @ 2025-04-20 03:52:03 : 6805 steps taken, and 1500 accepted.
[1 : mcmc] Learn + convergence test @ 1600 samples accepted.
[1 : mcmc] Ready to check convergence and learn a new proposal covmat (waiting for the rest...)
[1 : mcmc] Progress @ 2025-04-20 03:53:25 : 6711 steps taken, and 1600 accepted.
[0 : mcmc] Progress @ 2025-04-20 03:53:49 : 7713 steps taken, and 1592 accepted.
[3 : mcmc] Progress @ 2025-04-20 03:54:03 : 7539 steps taken, and 1579 accepted.
[2 : mcmc] Progress @ 2025-04-20 03:54:14 : 6817 steps taken, and 1504 accepted.
[1 : mcmc] Progress @ 2025-04-20 03:55:30 : 6725 steps taken, and 1602 accepted.
[0 : mcmc] Progress @ 2025-04-20 03:55:52 : 7730 steps taken, and 1596 accepted.
[3 : mcmc] Progress @ 2025-04-20 03:56:06 : 7556 steps taken, and 1581 accepted.
[2 : mcmc] Progress @ 2025-04-20 03:56:15 : 6836 steps taken, and 1507 accepted.
[1 : mcmc] Progress @ 2025-04-20 03:57:30 : 6741 steps taken, and 1605 accepted.
[0 : mcmc] Progress @ 2025-04-20 03:57:55 : 7743 steps taken, and 1599 accepted.
[3 : mcmc] Progress @ 2025-04-20 03:58:09 : 7574 steps taken, and 1587 accepted.
[2 : mcmc] Progress @ 2025-04-20 03:58:18 : 6852 steps taken, and 1511 accepted.
[0 : mcmc] Learn + convergence test @ 1600 samples accepted.
[1 : mcmc] Progress @ 2025-04-20 03:59:42 : 6759 steps taken, and 1608 accepted.
[0 : mcmc] Progress @ 2025-04-20 04:00:00 : 7756 steps taken, and 1601 accepted.
[3 : mcmc] Progress @ 2025-04-20 04:00:20 : 7587 steps taken, and 1592 accepted.
[2 : mcmc] Progress @ 2025-04-20 04:00:24 : 6866 steps taken, and 1514 accepted.
[1 : mcmc] Progress @ 2025-04-20 04:01:51 : 6780 steps taken, and 1614 accepted.
[0 : mcmc] Progress @ 2025-04-20 04:02:00 : 7776 steps taken, and 1605 accepted.
[3 : mcmc] Progress @ 2025-04-20 04:02:31 : 7599 steps taken, and 1596 accepted.
[2 : mcmc] Progress @ 2025-04-20 04:02:36 : 6878 steps taken, and 1517 accepted.
[2 : mcmc] Learn + convergence test @ 1520 samples accepted.
[2 : mcmc] Ready to check convergence and learn a new proposal covmat (waiting for the rest...)
[1 : mcmc] Progress @ 2025-04-20 04:04:00 : 6797 steps taken, and 1618 accepted.
[0 : mcmc] Progress @ 2025-04-20 04:04:05 : 7787 steps taken, and 1611 accepted.
[3 : mcmc] Learn + convergence test @ 1600 samples accepted.
[3 : mcmc] Ready to check convergence and learn a new proposal covmat (waiting for the rest...)
[3 : mcmc] Progress @ 2025-04-20 04:04:35 : 7612 steps taken, and 1600 accepted.
[2 : mcmc] Progress @ 2025-04-20 04:04:47 : 6890 steps taken, and 1522 accepted.
[0 : mcmc] All chains are ready to check convergence and learn a new proposal covmat
[0 : mcmc]  - Acceptance rate: 0.256 = avg([0.2498, 0.2726, 0.2438, 0.2562])
[0 : mcmc]  - Convergence of means: R-1 = 0.135582 after 6359 accepted steps = sum([1614, 1621, 1523, 1601])
[0 : mcmc]  - Updated covariance matrix of proposal pdf.
[1 : mcmc] Progress @ 2025-04-20 04:06:04 : 6811 steps taken, and 1623 accepted.
[0 : mcmc] Progress @ 2025-04-20 04:06:12 : 7798 steps taken, and 1615 accepted.
[3 : mcmc] Progress @ 2025-04-20 04:06:47 : 7626 steps taken, and 1603 accepted.
[2 : mcmc] Progress @ 2025-04-20 04:06:54 : 6905 steps taken, and 1525 accepted.
[0 : mcmc] Progress @ 2025-04-20 04:08:16 : 7815 steps taken, and 1618 accepted.
[1 : mcmc] Progress @ 2025-04-20 04:08:16 : 6823 steps taken, and 1626 accepted.
[3 : mcmc] Progress @ 2025-04-20 04:08:50 : 7638 steps taken, and 1604 accepted.
[2 : mcmc] Progress @ 2025-04-20 04:09:01 : 6935 steps taken, and 1530 accepted.
[1 : mcmc] Progress @ 2025-04-20 04:10:17 : 6848 steps taken, and 1629 accepted.
[0 : mcmc] Progress @ 2025-04-20 04:10:25 : 7830 steps taken, and 1622 accepted.
[3 : mcmc] Progress @ 2025-04-20 04:10:54 : 7651 steps taken, and 1607 accepted.
[2 : mcmc] Progress @ 2025-04-20 04:11:10 : 6950 steps taken, and 1533 accepted.
[1 : mcmc] Progress @ 2025-04-20 04:12:21 : 6860 steps taken, and 1635 accepted.
[0 : mcmc] Progress @ 2025-04-20 04:12:36 : 7846 steps taken, and 1628 accepted.
[3 : mcmc] Progress @ 2025-04-20 04:12:56 : 7667 steps taken, and 1612 accepted.
[2 : mcmc] Progress @ 2025-04-20 04:13:16 : 6962 steps taken, and 1537 accepted.
[1 : mcmc] Progress @ 2025-04-20 04:14:23 : 6881 steps taken, and 1641 accepted.
[0 : mcmc] Progress @ 2025-04-20 04:14:45 : 7864 steps taken, and 1631 accepted.
[3 : mcmc] Progress @ 2025-04-20 04:15:02 : 7680 steps taken, and 1619 accepted.
[2 : mcmc] Progress @ 2025-04-20 04:15:17 : 6983 steps taken, and 1541 accepted.
[1 : mcmc] Progress @ 2025-04-20 04:16:24 : 6904 steps taken, and 1646 accepted.
[0 : mcmc] Progress @ 2025-04-20 04:16:56 : 7879 steps taken, and 1633 accepted.
[3 : mcmc] Progress @ 2025-04-20 04:17:07 : 7691 steps taken, and 1627 accepted.
[2 : mcmc] Progress @ 2025-04-20 04:17:26 : 7002 steps taken, and 1546 accepted.
[1 : mcmc] Progress @ 2025-04-20 04:18:25 : 6928 steps taken, and 1650 accepted.
[0 : mcmc] Progress @ 2025-04-20 04:19:08 : 7891 steps taken, and 1636 accepted.
[3 : mcmc] Progress @ 2025-04-20 04:19:10 : 7704 steps taken, and 1630 accepted.
[2 : mcmc] Progress @ 2025-04-20 04:19:32 : 7014 steps taken, and 1550 accepted.
[1 : mcmc] Progress @ 2025-04-20 04:20:38 : 6957 steps taken, and 1654 accepted.
[0 : mcmc] Progress @ 2025-04-20 04:21:11 : 7906 steps taken, and 1638 accepted.
[3 : mcmc] Progress @ 2025-04-20 04:21:21 : 7718 steps taken, and 1636 accepted.
[2 : mcmc] Progress @ 2025-04-20 04:21:36 : 7026 steps taken, and 1557 accepted.
[1 : mcmc] Progress @ 2025-04-20 04:22:50 : 6972 steps taken, and 1659 accepted.
[0 : mcmc] Progress @ 2025-04-20 04:23:13 : 7921 steps taken, and 1642 accepted.
[3 : mcmc] Progress @ 2025-04-20 04:23:30 : 7733 steps taken, and 1640 accepted.
[2 : mcmc] Progress @ 2025-04-20 04:23:39 : 7041 steps taken, and 1562 accepted.
[1 : mcmc] Progress @ 2025-04-20 04:25:01 : 6988 steps taken, and 1662 accepted.
[0 : mcmc] Progress @ 2025-04-20 04:25:14 : 7942 steps taken, and 1646 accepted.
[3 : mcmc] Progress @ 2025-04-20 04:25:30 : 7760 steps taken, and 1644 accepted.
[2 : mcmc] Progress @ 2025-04-20 04:25:45 : 7052 steps taken, and 1566 accepted.
[1 : mcmc] Progress @ 2025-04-20 04:27:04 : 7000 steps taken, and 1667 accepted.
[0 : mcmc] Progress @ 2025-04-20 04:27:17 : 7965 steps taken, and 1650 accepted.
[3 : mcmc] Progress @ 2025-04-20 04:27:30 : 7784 steps taken, and 1650 accepted.
[2 : mcmc] Progress @ 2025-04-20 04:27:53 : 7073 steps taken, and 1568 accepted.
[1 : mcmc] Progress @ 2025-04-20 04:29:07 : 7017 steps taken, and 1675 accepted.
[0 : mcmc] Progress @ 2025-04-20 04:29:20 : 7979 steps taken, and 1653 accepted.
[3 : mcmc] Progress @ 2025-04-20 04:29:31 : 7806 steps taken, and 1652 accepted.
[2 : mcmc] Progress @ 2025-04-20 04:29:57 : 7091 steps taken, and 1571 accepted.
[1 : mcmc] Progress @ 2025-04-20 04:31:10 : 7032 steps taken, and 1679 accepted.
[0 : mcmc] Progress @ 2025-04-20 04:31:29 : 7997 steps taken, and 1657 accepted.
[3 : mcmc] Progress @ 2025-04-20 04:31:40 : 7827 steps taken, and 1655 accepted.
[1 : mcmc] Learn + convergence test @ 1680 samples accepted.
[1 : mcmc] Ready to check convergence and learn a new proposal covmat (waiting for the rest...)
[2 : mcmc] Progress @ 2025-04-20 04:32:06 : 7110 steps taken, and 1574 accepted.
[1 : mcmc] Progress @ 2025-04-20 04:33:19 : 7050 steps taken, and 1681 accepted.
[0 : mcmc] Progress @ 2025-04-20 04:33:30 : 8022 steps taken, and 1660 accepted.
[3 : mcmc] Progress @ 2025-04-20 04:33:43 : 7844 steps taken, and 1659 accepted.
[2 : mcmc] Progress @ 2025-04-20 04:34:10 : 7122 steps taken, and 1577 accepted.
[1 : mcmc] Progress @ 2025-04-20 04:35:22 : 7067 steps taken, and 1685 accepted.
[0 : mcmc] Progress @ 2025-04-20 04:35:38 : 8042 steps taken, and 1665 accepted.
[3 : mcmc] Progress @ 2025-04-20 04:35:50 : 7874 steps taken, and 1660 accepted.
[2 : mcmc] Progress @ 2025-04-20 04:36:21 : 7137 steps taken, and 1581 accepted.
[1 : mcmc] Progress @ 2025-04-20 04:37:31 : 7088 steps taken, and 1690 accepted.
[0 : mcmc] Progress @ 2025-04-20 04:37:41 : 8058 steps taken, and 1669 accepted.
[3 : mcmc] Progress @ 2025-04-20 04:37:58 : 7892 steps taken, and 1665 accepted.
[2 : mcmc] Progress @ 2025-04-20 04:38:33 : 7148 steps taken, and 1586 accepted.
[1 : mcmc] Progress @ 2025-04-20 04:39:34 : 7102 steps taken, and 1694 accepted.
[0 : mcmc] Progress @ 2025-04-20 04:39:43 : 8073 steps taken, and 1673 accepted.
[3 : mcmc] Progress @ 2025-04-20 04:40:04 : 7916 steps taken, and 1670 accepted.
[2 : mcmc] Progress @ 2025-04-20 04:40:36 : 7165 steps taken, and 1590 accepted.
[1 : mcmc] Progress @ 2025-04-20 04:41:40 : 7112 steps taken, and 1698 accepted.
[0 : mcmc] Progress @ 2025-04-20 04:41:46 : 8089 steps taken, and 1677 accepted.
[3 : mcmc] Progress @ 2025-04-20 04:42:10 : 7928 steps taken, and 1675 accepted.
[2 : mcmc] Progress @ 2025-04-20 04:42:43 : 7196 steps taken, and 1594 accepted.
[3 : mcmc] Learn + convergence test @ 1680 samples accepted.
[3 : mcmc] Ready to check convergence and learn a new proposal covmat (waiting for the rest...)
[1 : mcmc] Progress @ 2025-04-20 04:43:42 : 7126 steps taken, and 1704 accepted.
[0 : mcmc] Progress @ 2025-04-20 04:43:48 : 8103 steps taken, and 1680 accepted.
[0 : mcmc] Learn + convergence test @ 1680 samples accepted.
[0 : mcmc] Ready to check convergence and learn a new proposal covmat (waiting for the rest...)
[3 : mcmc] Progress @ 2025-04-20 04:44:19 : 7948 steps taken, and 1681 accepted.
[2 : mcmc] Progress @ 2025-04-20 04:44:55 : 7224 steps taken, and 1599 accepted.
[2 : mcmc] Learn + convergence test @ 1600 samples accepted.
[2 : mcmc] Ready to check convergence and learn a new proposal covmat (waiting for the rest...)
[0 : mcmc] Progress @ 2025-04-20 04:45:51 : 8122 steps taken, and 1683 accepted.
[0 : mcmc] All chains are ready to check convergence and learn a new proposal covmat
[0 : mcmc]  - Acceptance rate: 0.253 = avg([0.2444, 0.2688, 0.2425, 0.2563])
[0 : mcmc]  - Convergence of means: R-1 = 0.109272 after 6682 accepted steps = sum([1684, 1712, 1600, 1686])
[0 : mcmc]  - Updated covariance matrix of proposal pdf.
[2 : mcmc] Progress @ 2025-04-20 04:47:26 : 7226 steps taken, and 1600 accepted.
[3 : mcmc] Progress @ 2025-04-20 04:47:32 : 7967 steps taken, and 1686 accepted.
[1 : mcmc] Progress @ 2025-04-20 04:47:32 : 7143 steps taken, and 1713 accepted.
[0 : mcmc] Progress @ 2025-04-20 04:48:01 : 8135 steps taken, and 1685 accepted.
[2 : mcmc] Progress @ 2025-04-20 04:49:32 : 7239 steps taken, and 1605 accepted.
[3 : mcmc] Progress @ 2025-04-20 04:49:35 : 7984 steps taken, and 1687 accepted.
[1 : mcmc] Progress @ 2025-04-20 04:49:38 : 7157 steps taken, and 1716 accepted.
[0 : mcmc] Progress @ 2025-04-20 04:50:04 : 8149 steps taken, and 1690 accepted.
[2 : mcmc] Progress @ 2025-04-20 04:51:36 : 7268 steps taken, and 1610 accepted.
[3 : mcmc] Progress @ 2025-04-20 04:51:36 : 8006 steps taken, and 1693 accepted.
[1 : mcmc] Progress @ 2025-04-20 04:51:41 : 7169 steps taken, and 1719 accepted.
[0 : mcmc] Progress @ 2025-04-20 04:52:15 : 8162 steps taken, and 1695 accepted.
[3 : mcmc] Progress @ 2025-04-20 04:53:38 : 8025 steps taken, and 1699 accepted.
[2 : mcmc] Progress @ 2025-04-20 04:53:41 : 7280 steps taken, and 1614 accepted.
[1 : mcmc] Progress @ 2025-04-20 04:53:44 : 7184 steps taken, and 1724 accepted.
[0 : mcmc] Progress @ 2025-04-20 04:54:20 : 8172 steps taken, and 1697 accepted.
[3 : mcmc] Progress @ 2025-04-20 04:55:44 : 8036 steps taken, and 1703 accepted.
[2 : mcmc] Progress @ 2025-04-20 04:55:47 : 7291 steps taken, and 1618 accepted.
[1 : mcmc] Progress @ 2025-04-20 04:55:48 : 7199 steps taken, and 1728 accepted.
[0 : mcmc] Progress @ 2025-04-20 04:56:30 : 8188 steps taken, and 1701 accepted.
[3 : mcmc] Progress @ 2025-04-20 04:57:45 : 8054 steps taken, and 1707 accepted.
[2 : mcmc] Progress @ 2025-04-20 04:57:51 : 7303 steps taken, and 1623 accepted.
[1 : mcmc] Progress @ 2025-04-20 04:57:53 : 7211 steps taken, and 1734 accepted.
[0 : mcmc] Progress @ 2025-04-20 04:58:38 : 8205 steps taken, and 1704 accepted.
[3 : mcmc] Progress @ 2025-04-20 04:59:48 : 8069 steps taken, and 1710 accepted.
[2 : mcmc] Progress @ 2025-04-20 04:59:54 : 7318 steps taken, and 1624 accepted.
[1 : mcmc] Progress @ 2025-04-20 04:59:56 : 7225 steps taken, and 1737 accepted.
[0 : mcmc] Progress @ 2025-04-20 05:00:44 : 8219 steps taken, and 1708 accepted.
[2 : mcmc] Progress @ 2025-04-20 05:01:58 : 7336 steps taken, and 1628 accepted.
[3 : mcmc] Progress @ 2025-04-20 05:01:59 : 8087 steps taken, and 1715 accepted.
[1 : mcmc] Progress @ 2025-04-20 05:02:06 : 7247 steps taken, and 1742 accepted.
[0 : mcmc] Progress @ 2025-04-20 05:02:53 : 8235 steps taken, and 1711 accepted.
[2 : mcmc] Progress @ 2025-04-20 05:04:07 : 7356 steps taken, and 1634 accepted.
[3 : mcmc] Progress @ 2025-04-20 05:04:08 : 8107 steps taken, and 1715 accepted.
[1 : mcmc] Progress @ 2025-04-20 05:04:08 : 7261 steps taken, and 1744 accepted.
[0 : mcmc] Progress @ 2025-04-20 05:04:56 : 8252 steps taken, and 1715 accepted.
[1 : mcmc] Progress @ 2025-04-20 05:06:12 : 7276 steps taken, and 1750 accepted.
[3 : mcmc] Progress @ 2025-04-20 05:06:17 : 8124 steps taken, and 1721 accepted.
[2 : mcmc] Progress @ 2025-04-20 05:06:19 : 7370 steps taken, and 1641 accepted.
[0 : mcmc] Progress @ 2025-04-20 05:07:05 : 8273 steps taken, and 1719 accepted.
[2 : mcmc] Progress @ 2025-04-20 05:08:22 : 7381 steps taken, and 1646 accepted.
[1 : mcmc] Progress @ 2025-04-20 05:08:24 : 7290 steps taken, and 1755 accepted.
[3 : mcmc] Progress @ 2025-04-20 05:08:29 : 8136 steps taken, and 1725 accepted.
[0 : mcmc] Progress @ 2025-04-20 05:09:16 : 8286 steps taken, and 1724 accepted.
[1 : mcmc] Progress @ 2025-04-20 05:10:27 : 7303 steps taken, and 1759 accepted.
[3 : mcmc] Progress @ 2025-04-20 05:10:32 : 8151 steps taken, and 1732 accepted.
[2 : mcmc] Progress @ 2025-04-20 05:10:37 : 7391 steps taken, and 1650 accepted.
[0 : mcmc] Progress @ 2025-04-20 05:11:19 : 8299 steps taken, and 1727 accepted.
[1 : mcmc] Progress @ 2025-04-20 05:12:30 : 7320 steps taken, and 1760 accepted.
[1 : mcmc] Learn + convergence test @ 1760 samples accepted.
[1 : mcmc] Ready to check convergence and learn a new proposal covmat (waiting for the rest...)
[3 : mcmc] Progress @ 2025-04-20 05:12:35 : 8167 steps taken, and 1735 accepted.
[2 : mcmc] Progress @ 2025-04-20 05:12:46 : 7408 steps taken, and 1658 accepted.
[0 : mcmc] Progress @ 2025-04-20 05:13:25 : 8310 steps taken, and 1730 accepted.
[1 : mcmc] Progress @ 2025-04-20 05:14:33 : 7333 steps taken, and 1763 accepted.
[3 : mcmc] Progress @ 2025-04-20 05:14:48 : 8180 steps taken, and 1739 accepted.
[2 : mcmc] Progress @ 2025-04-20 05:14:49 : 7422 steps taken, and 1662 accepted.
[0 : mcmc] Progress @ 2025-04-20 05:15:28 : 8324 steps taken, and 1733 accepted.
[1 : mcmc] Progress @ 2025-04-20 05:16:40 : 7345 steps taken, and 1765 accepted.
[3 : mcmc] Progress @ 2025-04-20 05:16:52 : 8195 steps taken, and 1745 accepted.
[2 : mcmc] Progress @ 2025-04-20 05:17:02 : 7435 steps taken, and 1665 accepted.
[0 : mcmc] Progress @ 2025-04-20 05:17:31 : 8340 steps taken, and 1735 accepted.
[1 : mcmc] Progress @ 2025-04-20 05:18:43 : 7360 steps taken, and 1770 accepted.
[3 : mcmc] Progress @ 2025-04-20 05:19:03 : 8213 steps taken, and 1748 accepted.
[2 : mcmc] Progress @ 2025-04-20 05:19:14 : 7448 steps taken, and 1669 accepted.
[0 : mcmc] Progress @ 2025-04-20 05:19:41 : 8355 steps taken, and 1737 accepted.
[1 : mcmc] Progress @ 2025-04-20 05:20:54 : 7374 steps taken, and 1774 accepted.
[3 : mcmc] Progress @ 2025-04-20 05:21:06 : 8226 steps taken, and 1752 accepted.
[2 : mcmc] Progress @ 2025-04-20 05:21:17 : 7463 steps taken, and 1675 accepted.
[0 : mcmc] Progress @ 2025-04-20 05:21:55 : 8378 steps taken, and 1742 accepted.
[1 : mcmc] Progress @ 2025-04-20 05:23:03 : 7391 steps taken, and 1777 accepted.
[3 : mcmc] Progress @ 2025-04-20 05:23:09 : 8240 steps taken, and 1758 accepted.
[2 : mcmc] Progress @ 2025-04-20 05:23:23 : 7475 steps taken, and 1677 accepted.
[0 : mcmc] Progress @ 2025-04-20 05:24:06 : 8409 steps taken, and 1746 accepted.
[1 : mcmc] Progress @ 2025-04-20 05:25:06 : 7407 steps taken, and 1784 accepted.
[3 : mcmc] Progress @ 2025-04-20 05:25:12 : 8256 steps taken, and 1759 accepted.
[2 : mcmc] Progress @ 2025-04-20 05:25:23 : 7494 steps taken, and 1679 accepted.
[3 : mcmc] Learn + convergence test @ 1760 samples accepted.
[3 : mcmc] Ready to check convergence and learn a new proposal covmat (waiting for the rest...)
[2 : mcmc] Learn + convergence test @ 1680 samples accepted.
[2 : mcmc] Ready to check convergence and learn a new proposal covmat (waiting for the rest...)
[0 : mcmc] Progress @ 2025-04-20 05:26:18 : 8440 steps taken, and 1750 accepted.
[1 : mcmc] Progress @ 2025-04-20 05:27:18 : 7419 steps taken, and 1785 accepted.
[3 : mcmc] Progress @ 2025-04-20 05:27:24 : 8268 steps taken, and 1762 accepted.
[2 : mcmc] Progress @ 2025-04-20 05:27:27 : 7512 steps taken, and 1684 accepted.
[0 : mcmc] Progress @ 2025-04-20 05:28:20 : 8456 steps taken, and 1756 accepted.
[3 : mcmc] Progress @ 2025-04-20 05:29:26 : 8282 steps taken, and 1768 accepted.
[1 : mcmc] Progress @ 2025-04-20 05:29:29 : 7432 steps taken, and 1788 accepted.
[2 : mcmc] Progress @ 2025-04-20 05:29:30 : 7528 steps taken, and 1688 accepted.
[0 : mcmc] Learn + convergence test @ 1760 samples accepted.
[0 : mcmc] Ready to check convergence and learn a new proposal covmat (waiting for the rest...)
[0 : mcmc] All chains are ready to check convergence and learn a new proposal covmat
[3 : mcmc] Progress @ 2025-04-20 05:31:30 : 8293 steps taken, and 1770 accepted.
[2 : mcmc] Progress @ 2025-04-20 05:31:32 : 7542 steps taken, and 1690 accepted.
[0 : mcmc]  - Acceptance rate: 0.254 = avg([0.2424, 0.2687, 0.2494, 0.2552])
[0 : mcmc]  - Convergence of means: R-1 = 0.147474 after 7012 accepted steps = sum([1760, 1791, 1691, 1770])
[0 : mcmc]  - Updated covariance matrix of proposal pdf.
[0 : mcmc] Progress @ 2025-04-20 05:32:19 : 8466 steps taken, and 1760 accepted.
[1 : mcmc] Progress @ 2025-04-20 05:32:34 : 7441 steps taken, and 1792 accepted.
[3 : mcmc] Progress @ 2025-04-20 05:33:34 : 8300 steps taken, and 1773 accepted.
[2 : mcmc] Progress @ 2025-04-20 05:33:37 : 7553 steps taken, and 1692 accepted.
[0 : mcmc] Progress @ 2025-04-20 05:34:31 : 8477 steps taken, and 1766 accepted.
[1 : mcmc] Progress @ 2025-04-20 05:34:37 : 7456 steps taken, and 1798 accepted.
[3 : mcmc] Progress @ 2025-04-20 05:35:40 : 8311 steps taken, and 1776 accepted.
[2 : mcmc] Progress @ 2025-04-20 05:35:40 : 7565 steps taken, and 1695 accepted.
[0 : mcmc] Progress @ 2025-04-20 05:36:34 : 8491 steps taken, and 1770 accepted.
[1 : mcmc] Progress @ 2025-04-20 05:36:40 : 7474 steps taken, and 1805 accepted.
[2 : mcmc] Progress @ 2025-04-20 05:37:43 : 7579 steps taken, and 1697 accepted.
[3 : mcmc] Progress @ 2025-04-20 05:37:45 : 8322 steps taken, and 1782 accepted.
[0 : mcmc] Progress @ 2025-04-20 05:38:45 : 8507 steps taken, and 1773 accepted.
[1 : mcmc] Progress @ 2025-04-20 05:38:49 : 7493 steps taken, and 1809 accepted.
[2 : mcmc] Progress @ 2025-04-20 05:39:51 : 7606 steps taken, and 1700 accepted.
[3 : mcmc] Progress @ 2025-04-20 05:39:57 : 8333 steps taken, and 1783 accepted.
[0 : mcmc] Progress @ 2025-04-20 05:40:49 : 8523 steps taken, and 1777 accepted.
[1 : mcmc] Progress @ 2025-04-20 05:40:52 : 7510 steps taken, and 1812 accepted.
[2 : mcmc] Progress @ 2025-04-20 05:41:55 : 7620 steps taken, and 1706 accepted.
[3 : mcmc] Progress @ 2025-04-20 05:42:08 : 8348 steps taken, and 1785 accepted.
[0 : mcmc] Progress @ 2025-04-20 05:42:57 : 8541 steps taken, and 1782 accepted.
[1 : mcmc] Progress @ 2025-04-20 05:43:02 : 7532 steps taken, and 1813 accepted.
[2 : mcmc] Progress @ 2025-04-20 05:43:58 : 7636 steps taken, and 1712 accepted.
[3 : mcmc] Progress @ 2025-04-20 05:44:19 : 8359 steps taken, and 1786 accepted.
[0 : mcmc] Progress @ 2025-04-20 05:45:06 : 8561 steps taken, and 1785 accepted.
[1 : mcmc] Progress @ 2025-04-20 05:45:11 : 7550 steps taken, and 1817 accepted.
[2 : mcmc] Progress @ 2025-04-20 05:46:02 : 7650 steps taken, and 1716 accepted.
[3 : mcmc] Progress @ 2025-04-20 05:46:31 : 8373 steps taken, and 1789 accepted.
[0 : mcmc] Progress @ 2025-04-20 05:47:06 : 8583 steps taken, and 1789 accepted.
[1 : mcmc] Progress @ 2025-04-20 05:47:11 : 7569 steps taken, and 1821 accepted.
[2 : mcmc] Progress @ 2025-04-20 05:48:08 : 7663 steps taken, and 1723 accepted.
[3 : mcmc] Progress @ 2025-04-20 05:48:32 : 8391 steps taken, and 1792 accepted.
[0 : mcmc] Progress @ 2025-04-20 05:49:12 : 8595 steps taken, and 1793 accepted.
[1 : mcmc] Progress @ 2025-04-20 05:49:24 : 7581 steps taken, and 1826 accepted.
[2 : mcmc] Progress @ 2025-04-20 05:50:20 : 7674 steps taken, and 1725 accepted.
[3 : mcmc] Progress @ 2025-04-20 05:50:35 : 8404 steps taken, and 1797 accepted.
[0 : mcmc] Progress @ 2025-04-20 05:51:12 : 8612 steps taken, and 1800 accepted.
[1 : mcmc] Progress @ 2025-04-20 05:51:35 : 7596 steps taken, and 1830 accepted.
[2 : mcmc] Progress @ 2025-04-20 05:52:31 : 7685 steps taken, and 1730 accepted.
[3 : mcmc] Progress @ 2025-04-20 05:52:46 : 8420 steps taken, and 1801 accepted.
[0 : mcmc] Progress @ 2025-04-20 05:53:17 : 8624 steps taken, and 1803 accepted.
[1 : mcmc] Progress @ 2025-04-20 05:53:46 : 7608 steps taken, and 1835 accepted.
[2 : mcmc] Progress @ 2025-04-20 05:54:35 : 7699 steps taken, and 1737 accepted.
[3 : mcmc] Progress @ 2025-04-20 05:54:48 : 8437 steps taken, and 1803 accepted.
[0 : mcmc] Progress @ 2025-04-20 05:55:20 : 8640 steps taken, and 1807 accepted.
[1 : mcmc] Progress @ 2025-04-20 05:55:49 : 7624 steps taken, and 1839 accepted.
[1 : mcmc] Learn + convergence test @ 1840 samples accepted.
[1 : mcmc] Ready to check convergence and learn a new proposal covmat (waiting for the rest...)
[2 : mcmc] Progress @ 2025-04-20 05:56:38 : 7716 steps taken, and 1740 accepted.
[3 : mcmc] Progress @ 2025-04-20 05:56:50 : 8458 steps taken, and 1810 accepted.
[0 : mcmc] Progress @ 2025-04-20 05:57:23 : 8654 steps taken, and 1811 accepted.
[1 : mcmc] Progress @ 2025-04-20 05:57:55 : 7634 steps taken, and 1840 accepted.
[2 : mcmc] Progress @ 2025-04-20 05:58:47 : 7735 steps taken, and 1744 accepted.
[3 : mcmc] Progress @ 2025-04-20 05:59:00 : 8474 steps taken, and 1813 accepted.
[0 : mcmc] Progress @ 2025-04-20 05:59:28 : 8665 steps taken, and 1815 accepted.
[1 : mcmc] Progress @ 2025-04-20 05:59:58 : 7648 steps taken, and 1844 accepted.
[2 : mcmc] Progress @ 2025-04-20 06:00:53 : 7746 steps taken, and 1747 accepted.
[3 : mcmc] Progress @ 2025-04-20 06:01:09 : 8490 steps taken, and 1819 accepted.
[0 : mcmc] Progress @ 2025-04-20 06:01:30 : 8679 steps taken, and 1818 accepted.
[1 : mcmc] Progress @ 2025-04-20 06:02:00 : 7661 steps taken, and 1849 accepted.
[2 : mcmc] Progress @ 2025-04-20 06:03:04 : 7759 steps taken, and 1754 accepted.
[3 : mcmc] Progress @ 2025-04-20 06:03:21 : 8507 steps taken, and 1821 accepted.
[0 : mcmc] Progress @ 2025-04-20 06:03:39 : 8700 steps taken, and 1824 accepted.
[1 : mcmc] Progress @ 2025-04-20 06:04:06 : 7674 steps taken, and 1852 accepted.
[2 : mcmc] Progress @ 2025-04-20 06:05:13 : 7775 steps taken, and 1759 accepted.
[3 : mcmc] Progress @ 2025-04-20 06:05:30 : 8525 steps taken, and 1823 accepted.
[0 : mcmc] Progress @ 2025-04-20 06:05:50 : 8712 steps taken, and 1830 accepted.
[1 : mcmc] Progress @ 2025-04-20 06:06:10 : 7687 steps taken, and 1855 accepted.
[2 : mcmc] Learn + convergence test @ 1760 samples accepted.
[2 : mcmc] Ready to check convergence and learn a new proposal covmat (waiting for the rest...)
[2 : mcmc] Progress @ 2025-04-20 06:07:19 : 7787 steps taken, and 1761 accepted.
[3 : mcmc] Progress @ 2025-04-20 06:07:41 : 8539 steps taken, and 1824 accepted.
[0 : mcmc] Progress @ 2025-04-20 06:07:53 : 8726 steps taken, and 1837 accepted.
[1 : mcmc] Progress @ 2025-04-20 06:08:21 : 7702 steps taken, and 1861 accepted.
[2 : mcmc] Progress @ 2025-04-20 06:09:22 : 7799 steps taken, and 1764 accepted.
[3 : mcmc] Progress @ 2025-04-20 06:09:44 : 8551 steps taken, and 1828 accepted.
[0 : mcmc] Progress @ 2025-04-20 06:10:04 : 8740 steps taken, and 1838 accepted.
[1 : mcmc] Progress @ 2025-04-20 06:10:25 : 7714 steps taken, and 1863 accepted.
[0 : mcmc] Learn + convergence test @ 1840 samples accepted.
[0 : mcmc] Ready to check convergence and learn a new proposal covmat (waiting for the rest...)
[2 : mcmc] Progress @ 2025-04-20 06:11:34 : 7812 steps taken, and 1767 accepted.
[3 : mcmc] Progress @ 2025-04-20 06:11:47 : 8566 steps taken, and 1833 accepted.
[0 : mcmc] Progress @ 2025-04-20 06:12:15 : 8755 steps taken, and 1840 accepted.
[1 : mcmc] Progress @ 2025-04-20 06:12:31 : 7725 steps taken, and 1868 accepted.
[2 : mcmc] Progress @ 2025-04-20 06:13:45 : 7826 steps taken, and 1770 accepted.
[3 : mcmc] Progress @ 2025-04-20 06:13:50 : 8584 steps taken, and 1835 accepted.
[0 : mcmc] Progress @ 2025-04-20 06:14:18 : 8768 steps taken, and 1843 accepted.
[1 : mcmc] Progress @ 2025-04-20 06:14:33 : 7740 steps taken, and 1871 accepted.
[2 : mcmc] Progress @ 2025-04-20 06:15:49 : 7840 steps taken, and 1776 accepted.
[3 : mcmc] Progress @ 2025-04-20 06:15:56 : 8597 steps taken, and 1838 accepted.
[0 : mcmc] Progress @ 2025-04-20 06:16:29 : 8780 steps taken, and 1846 accepted.
[3 : mcmc] Learn + convergence test @ 1840 samples accepted.
[3 : mcmc] Ready to check convergence and learn a new proposal covmat (waiting for the rest...)
[1 : mcmc] Progress @ 2025-04-20 06:16:37 : 7755 steps taken, and 1875 accepted.
[0 : mcmc] All chains are ready to check convergence and learn a new proposal covmat
[0 : mcmc]  - Acceptance rate: 0.254 = avg([0.2445, 0.2666, 0.2534, 0.2526])
[0 : mcmc]  - Convergence of means: R-1 = 0.136084 after 7342 accepted steps = sum([1848, 1875, 1779, 1840])
[0 : mcmc]  - Updated covariance matrix of proposal pdf.
[2 : mcmc] Progress @ 2025-04-20 06:18:03 : 7852 steps taken, and 1779 accepted.
[3 : mcmc] Progress @ 2025-04-20 06:18:05 : 8611 steps taken, and 1842 accepted.
[0 : mcmc] Progress @ 2025-04-20 06:18:34 : 8806 steps taken, and 1850 accepted.
[1 : mcmc] Progress @ 2025-04-20 06:18:40 : 7762 steps taken, and 1878 accepted.
[3 : mcmc] Progress @ 2025-04-20 06:20:09 : 8624 steps taken, and 1847 accepted.
[2 : mcmc] Progress @ 2025-04-20 06:20:09 : 7868 steps taken, and 1781 accepted.
[0 : mcmc] Progress @ 2025-04-20 06:20:35 : 8833 steps taken, and 1853 accepted.
[1 : mcmc] Progress @ 2025-04-20 06:20:51 : 7775 steps taken, and 1880 accepted.
[3 : mcmc] Progress @ 2025-04-20 06:22:12 : 8637 steps taken, and 1851 accepted.
[2 : mcmc] Progress @ 2025-04-20 06:22:13 : 7884 steps taken, and 1783 accepted.
[0 : mcmc] Progress @ 2025-04-20 06:22:38 : 8847 steps taken, and 1857 accepted.
[1 : mcmc] Progress @ 2025-04-20 06:23:00 : 7790 steps taken, and 1883 accepted.
[2 : mcmc] Progress @ 2025-04-20 06:24:16 : 7896 steps taken, and 1788 accepted.
[3 : mcmc] Progress @ 2025-04-20 06:24:17 : 8650 steps taken, and 1857 accepted.
[0 : mcmc] Progress @ 2025-04-20 06:24:38 : 8866 steps taken, and 1860 accepted.
[1 : mcmc] Progress @ 2025-04-20 06:25:03 : 7807 steps taken, and 1890 accepted.
[2 : mcmc] Progress @ 2025-04-20 06:26:19 : 7913 steps taken, and 1789 accepted.
[3 : mcmc] Progress @ 2025-04-20 06:26:20 : 8661 steps taken, and 1863 accepted.
[0 : mcmc] Progress @ 2025-04-20 06:26:43 : 8880 steps taken, and 1865 accepted.
[1 : mcmc] Progress @ 2025-04-20 06:27:06 : 7829 steps taken, and 1894 accepted.
[3 : mcmc] Progress @ 2025-04-20 06:28:22 : 8677 steps taken, and 1867 accepted.
[2 : mcmc] Progress @ 2025-04-20 06:28:22 : 7926 steps taken, and 1791 accepted.
[0 : mcmc] Progress @ 2025-04-20 06:28:48 : 8892 steps taken, and 1869 accepted.
[1 : mcmc] Progress @ 2025-04-20 06:29:14 : 7845 steps taken, and 1898 accepted.
[2 : mcmc] Progress @ 2025-04-20 06:30:26 : 7946 steps taken, and 1792 accepted.
[3 : mcmc] Progress @ 2025-04-20 06:30:28 : 8689 steps taken, and 1872 accepted.
[0 : mcmc] Progress @ 2025-04-20 06:30:51 : 8906 steps taken, and 1872 accepted.
[1 : mcmc] Progress @ 2025-04-20 06:31:23 : 7865 steps taken, and 1903 accepted.
[2 : mcmc] Progress @ 2025-04-20 06:32:29 : 7961 steps taken, and 1797 accepted.
[3 : mcmc] Progress @ 2025-04-20 06:32:31 : 8704 steps taken, and 1876 accepted.
[0 : mcmc] Progress @ 2025-04-20 06:33:00 : 8925 steps taken, and 1878 accepted.
[1 : mcmc] Progress @ 2025-04-20 06:33:25 : 7884 steps taken, and 1909 accepted.
[3 : mcmc] Progress @ 2025-04-20 06:34:36 : 8717 steps taken, and 1879 accepted.
[2 : mcmc] Progress @ 2025-04-20 06:34:41 : 7973 steps taken, and 1800 accepted.
[0 : mcmc] Progress @ 2025-04-20 06:35:08 : 8941 steps taken, and 1882 accepted.
[1 : mcmc] Progress @ 2025-04-20 06:35:26 : 7900 steps taken, and 1912 accepted.
[3 : mcmc] Progress @ 2025-04-20 06:36:39 : 8732 steps taken, and 1885 accepted.
[2 : mcmc] Progress @ 2025-04-20 06:36:53 : 7984 steps taken, and 1802 accepted.
[0 : mcmc] Progress @ 2025-04-20 06:37:20 : 8955 steps taken, and 1888 accepted.
[1 : mcmc] Progress @ 2025-04-20 06:37:32 : 7912 steps taken, and 1919 accepted.
[1 : mcmc] Learn + convergence test @ 1920 samples accepted.
[1 : mcmc] Ready to check convergence and learn a new proposal covmat (waiting for the rest...)
[3 : mcmc] Progress @ 2025-04-20 06:38:40 : 8750 steps taken, and 1886 accepted.
[2 : mcmc] Progress @ 2025-04-20 06:39:04 : 7998 steps taken, and 1804 accepted.
[0 : mcmc] Progress @ 2025-04-20 06:39:29 : 8976 steps taken, and 1891 accepted.
[1 : mcmc] Progress @ 2025-04-20 06:39:43 : 7925 steps taken, and 1925 accepted.
[3 : mcmc] Progress @ 2025-04-20 06:40:51 : 8766 steps taken, and 1890 accepted.
[2 : mcmc] Progress @ 2025-04-20 06:41:16 : 8013 steps taken, and 1807 accepted.
[0 : mcmc] Progress @ 2025-04-20 06:41:32 : 8993 steps taken, and 1895 accepted.
[1 : mcmc] Progress @ 2025-04-20 06:41:46 : 7939 steps taken, and 1927 accepted.
[3 : mcmc] Progress @ 2025-04-20 06:42:54 : 8781 steps taken, and 1894 accepted.
[2 : mcmc] Progress @ 2025-04-20 06:43:16 : 8027 steps taken, and 1812 accepted.
[0 : mcmc] Progress @ 2025-04-20 06:43:40 : 9013 steps taken, and 1898 accepted.
[1 : mcmc] Progress @ 2025-04-20 06:43:49 : 7954 steps taken, and 1933 accepted.
[3 : mcmc] Progress @ 2025-04-20 06:44:56 : 8796 steps taken, and 1899 accepted.
[2 : mcmc] Progress @ 2025-04-20 06:45:22 : 8039 steps taken, and 1816 accepted.
[0 : mcmc] Progress @ 2025-04-20 06:45:43 : 9029 steps taken, and 1905 accepted.
[1 : mcmc] Progress @ 2025-04-20 06:45:52 : 7971 steps taken, and 1939 accepted.
[3 : mcmc] Progress @ 2025-04-20 06:47:00 : 8810 steps taken, and 1903 accepted.
[2 : mcmc] Progress @ 2025-04-20 06:47:34 : 8053 steps taken, and 1818 accepted.
[0 : mcmc] Progress @ 2025-04-20 06:47:51 : 9050 steps taken, and 1909 accepted.
[1 : mcmc] Progress @ 2025-04-20 06:47:58 : 7982 steps taken, and 1943 accepted.
[3 : mcmc] Progress @ 2025-04-20 06:49:06 : 8821 steps taken, and 1909 accepted.
[2 : mcmc] Progress @ 2025-04-20 06:49:46 : 8067 steps taken, and 1822 accepted.
[0 : mcmc] Progress @ 2025-04-20 06:49:54 : 9064 steps taken, and 1911 accepted.
[1 : mcmc] Progress @ 2025-04-20 06:50:09 : 7994 steps taken, and 1945 accepted.
[3 : mcmc] Progress @ 2025-04-20 06:51:15 : 8844 steps taken, and 1914 accepted.
[2 : mcmc] Progress @ 2025-04-20 06:51:47 : 8087 steps taken, and 1823 accepted.
[0 : mcmc] Progress @ 2025-04-20 06:51:57 : 9080 steps taken, and 1915 accepted.
[1 : mcmc] Progress @ 2025-04-20 06:52:13 : 8011 steps taken, and 1947 accepted.
[3 : mcmc] Progress @ 2025-04-20 06:53:16 : 8867 steps taken, and 1918 accepted.
[0 : mcmc] Learn + convergence test @ 1920 samples accepted.
[0 : mcmc] Ready to check convergence and learn a new proposal covmat (waiting for the rest...)
[2 : mcmc] Progress @ 2025-04-20 06:53:51 : 8103 steps taken, and 1825 accepted.
[0 : mcmc] Progress @ 2025-04-20 06:54:11 : 9101 steps taken, and 1921 accepted.
[1 : mcmc] Progress @ 2025-04-20 06:54:22 : 8028 steps taken, and 1951 accepted.
[3 : mcmc] Learn + convergence test @ 1920 samples accepted.
[3 : mcmc] Ready to check convergence and learn a new proposal covmat (waiting for the rest...)
[3 : mcmc] Progress @ 2025-04-20 06:55:24 : 8883 steps taken, and 1922 accepted.
[2 : mcmc] Progress @ 2025-04-20 06:55:54 : 8119 steps taken, and 1828 accepted.
[0 : mcmc] Progress @ 2025-04-20 06:56:17 : 9113 steps taken, and 1924 accepted.
[1 : mcmc] Progress @ 2025-04-20 06:56:30 : 8047 steps taken, and 1954 accepted.
[3 : mcmc] Progress @ 2025-04-20 06:57:36 : 8896 steps taken, and 1929 accepted.
[2 : mcmc] Progress @ 2025-04-20 06:57:57 : 8136 steps taken, and 1832 accepted.
[0 : mcmc] Progress @ 2025-04-20 06:58:20 : 9126 steps taken, and 1930 accepted.
[1 : mcmc] Progress @ 2025-04-20 06:58:34 : 8065 steps taken, and 1960 accepted.
[3 : mcmc] Progress @ 2025-04-20 06:59:38 : 8910 steps taken, and 1931 accepted.
[2 : mcmc] Progress @ 2025-04-20 07:00:03 : 8148 steps taken, and 1837 accepted.
[0 : mcmc] Progress @ 2025-04-20 07:00:22 : 9141 steps taken, and 1934 accepted.
[1 : mcmc] Progress @ 2025-04-20 07:00:45 : 8077 steps taken, and 1962 accepted.
[3 : mcmc] Progress @ 2025-04-20 07:01:41 : 8929 steps taken, and 1932 accepted.
[2 : mcmc] Learn + convergence test @ 1840 samples accepted.
[2 : mcmc] Ready to check convergence and learn a new proposal covmat (waiting for the rest...)
[0 : mcmc] Progress @ 2025-04-20 07:02:28 : 9151 steps taken, and 1939 accepted.
[0 : mcmc] All chains are ready to check convergence and learn a new proposal covmat
[0 : mcmc]  - Acceptance rate: 0.254 = avg([0.2431, 0.2682, 0.2501, 0.2528])
[0 : mcmc]  - Convergence of means: R-1 = 0.097009 after 7678 accepted steps = sum([1939, 1965, 1840, 1934])
[0 : mcmc]  - Updated covariance matrix of proposal pdf.
[1 : mcmc] Progress @ 2025-04-20 07:03:31 : 8088 steps taken, and 1966 accepted.
[2 : mcmc] Progress @ 2025-04-20 07:03:32 : 8160 steps taken, and 1840 accepted.
[3 : mcmc] Progress @ 2025-04-20 07:03:46 : 8941 steps taken, and 1935 accepted.
[0 : mcmc] Progress @ 2025-04-20 07:04:40 : 9158 steps taken, and 1943 accepted.
[2 : mcmc] Progress @ 2025-04-20 07:05:36 : 8176 steps taken, and 1845 accepted.
[1 : mcmc] Progress @ 2025-04-20 07:05:43 : 8101 steps taken, and 1973 accepted.
[3 : mcmc] Progress @ 2025-04-20 07:05:49 : 8953 steps taken, and 1942 accepted.
[0 : mcmc] Progress @ 2025-04-20 07:06:52 : 9173 steps taken, and 1948 accepted.
[2 : mcmc] Progress @ 2025-04-20 07:07:39 : 8192 steps taken, and 1850 accepted.
[1 : mcmc] Progress @ 2025-04-20 07:07:46 : 8117 steps taken, and 1978 accepted.
[3 : mcmc] Progress @ 2025-04-20 07:07:52 : 8969 steps taken, and 1943 accepted.
[0 : mcmc] Progress @ 2025-04-20 07:09:03 : 9186 steps taken, and 1954 accepted.
[2 : mcmc] Progress @ 2025-04-20 07:09:43 : 8208 steps taken, and 1856 accepted.
[1 : mcmc] Progress @ 2025-04-20 07:09:55 : 8140 steps taken, and 1985 accepted.
[3 : mcmc] Progress @ 2025-04-20 07:09:56 : 8983 steps taken, and 1945 accepted.
[0 : mcmc] Progress @ 2025-04-20 07:11:13 : 9206 steps taken, and 1959 accepted.
[2 : mcmc] Progress @ 2025-04-20 07:11:49 : 8234 steps taken, and 1861 accepted.
[1 : mcmc] Progress @ 2025-04-20 07:11:58 : 8154 steps taken, and 1986 accepted.
[3 : mcmc] Progress @ 2025-04-20 07:11:59 : 8998 steps taken, and 1952 accepted.
[0 : mcmc] Progress @ 2025-04-20 07:13:15 : 9218 steps taken, and 1961 accepted.
[2 : mcmc] Progress @ 2025-04-20 07:13:58 : 8257 steps taken, and 1863 accepted.
[1 : mcmc] Progress @ 2025-04-20 07:14:01 : 8170 steps taken, and 1990 accepted.
[3 : mcmc] Progress @ 2025-04-20 07:14:02 : 9012 steps taken, and 1956 accepted.
[0 : mcmc] Progress @ 2025-04-20 07:15:20 : 9228 steps taken, and 1967 accepted.
[3 : mcmc] Progress @ 2025-04-20 07:16:08 : 9025 steps taken, and 1957 accepted.
[2 : mcmc] Progress @ 2025-04-20 07:16:10 : 8270 steps taken, and 1869 accepted.
[1 : mcmc] Progress @ 2025-04-20 07:16:12 : 8181 steps taken, and 1994 accepted.
[0 : mcmc] Progress @ 2025-04-20 07:17:32 : 9239 steps taken, and 1970 accepted.
[3 : mcmc] Progress @ 2025-04-20 07:18:10 : 9040 steps taken, and 1961 accepted.
[1 : mcmc] Progress @ 2025-04-20 07:18:16 : 8193 steps taken, and 1998 accepted.
[2 : mcmc] Progress @ 2025-04-20 07:18:18 : 8291 steps taken, and 1873 accepted.
[1 : mcmc] Learn + convergence test @ 2000 samples accepted.
[1 : mcmc] Ready to check convergence and learn a new proposal covmat (waiting for the rest...)
[0 : mcmc] Progress @ 2025-04-20 07:19:35 : 9253 steps taken, and 1975 accepted.
[3 : mcmc] Progress @ 2025-04-20 07:20:13 : 9057 steps taken, and 1966 accepted.
[2 : mcmc] Progress @ 2025-04-20 07:20:19 : 8312 steps taken, and 1879 accepted.
[1 : mcmc] Progress @ 2025-04-20 07:20:21 : 8206 steps taken, and 2001 accepted.
[0 : mcmc] Progress @ 2025-04-20 07:21:38 : 9272 steps taken, and 1978 accepted.
[2 : mcmc] Progress @ 2025-04-20 07:22:22 : 8325 steps taken, and 1884 accepted.
[3 : mcmc] Progress @ 2025-04-20 07:22:25 : 9069 steps taken, and 1972 accepted.
[1 : mcmc] Progress @ 2025-04-20 07:22:31 : 8220 steps taken, and 2007 accepted.
[0 : mcmc] Progress @ 2025-04-20 07:23:41 : 9288 steps taken, and 1984 accepted.
[3 : mcmc] Progress @ 2025-04-20 07:24:28 : 9085 steps taken, and 1975 accepted.
[2 : mcmc] Progress @ 2025-04-20 07:24:29 : 8338 steps taken, and 1885 accepted.
[1 : mcmc] Progress @ 2025-04-20 07:24:34 : 8236 steps taken, and 2011 accepted.
[0 : mcmc] Progress @ 2025-04-20 07:25:53 : 9299 steps taken, and 1987 accepted.
[2 : mcmc] Progress @ 2025-04-20 07:26:31 : 8358 steps taken, and 1889 accepted.
[3 : mcmc] Progress @ 2025-04-20 07:26:32 : 9103 steps taken, and 1979 accepted.
[1 : mcmc] Progress @ 2025-04-20 07:26:41 : 8249 steps taken, and 2016 accepted.
[0 : mcmc] Progress @ 2025-04-20 07:27:59 : 9311 steps taken, and 1990 accepted.
[3 : mcmc] Progress @ 2025-04-20 07:28:33 : 9124 steps taken, and 1982 accepted.
[2 : mcmc] Progress @ 2025-04-20 07:28:35 : 8373 steps taken, and 1895 accepted.
[1 : mcmc] Progress @ 2025-04-20 07:28:44 : 8265 steps taken, and 2021 accepted.
[0 : mcmc] Progress @ 2025-04-20 07:30:03 : 9324 steps taken, and 1993 accepted.
[3 : mcmc] Progress @ 2025-04-20 07:30:36 : 9140 steps taken, and 1985 accepted.
[2 : mcmc] Progress @ 2025-04-20 07:30:48 : 8389 steps taken, and 1897 accepted.
[1 : mcmc] Progress @ 2025-04-20 07:30:51 : 8276 steps taken, and 2024 accepted.
[0 : mcmc] Progress @ 2025-04-20 07:32:15 : 9336 steps taken, and 1996 accepted.
[3 : mcmc] Progress @ 2025-04-20 07:32:38 : 9163 steps taken, and 1989 accepted.
[2 : mcmc] Progress @ 2025-04-20 07:32:52 : 8404 steps taken, and 1902 accepted.
[1 : mcmc] Progress @ 2025-04-20 07:32:55 : 8289 steps taken, and 2026 accepted.
[0 : mcmc] Learn + convergence test @ 2000 samples accepted.
[0 : mcmc] Ready to check convergence and learn a new proposal covmat (waiting for the rest...)
[0 : mcmc] Progress @ 2025-04-20 07:34:18 : 9352 steps taken, and 2000 accepted.
[3 : mcmc] Progress @ 2025-04-20 07:34:49 : 9176 steps taken, and 1993 accepted.
[2 : mcmc] Progress @ 2025-04-20 07:34:56 : 8421 steps taken, and 1904 accepted.
[1 : mcmc] Progress @ 2025-04-20 07:34:59 : 8300 steps taken, and 2030 accepted.
[0 : mcmc] Progress @ 2025-04-20 07:36:30 : 9363 steps taken, and 2004 accepted.
[3 : mcmc] Progress @ 2025-04-20 07:36:52 : 9192 steps taken, and 1999 accepted.
[1 : mcmc] Progress @ 2025-04-20 07:37:02 : 8322 steps taken, and 2034 accepted.
[2 : mcmc] Progress @ 2025-04-20 07:37:05 : 8444 steps taken, and 1910 accepted.
[3 : mcmc] Learn + convergence test @ 2000 samples accepted.
[3 : mcmc] Ready to check convergence and learn a new proposal covmat (waiting for the rest...)
[0 : mcmc] Progress @ 2025-04-20 07:38:41 : 9376 steps taken, and 2007 accepted.
[3 : mcmc] Progress @ 2025-04-20 07:39:03 : 9204 steps taken, and 2005 accepted.
[1 : mcmc] Progress @ 2025-04-20 07:39:05 : 8335 steps taken, and 2041 accepted.
[2 : mcmc] Progress @ 2025-04-20 07:39:08 : 8455 steps taken, and 1915 accepted.
[0 : mcmc] Progress @ 2025-04-20 07:40:52 : 9389 steps taken, and 2010 accepted.
[1 : mcmc] Progress @ 2025-04-20 07:41:09 : 8348 steps taken, and 2049 accepted.
[2 : mcmc] Progress @ 2025-04-20 07:41:13 : 8467 steps taken, and 1916 accepted.
[3 : mcmc] Progress @ 2025-04-20 07:41:14 : 9216 steps taken, and 2010 accepted.
[0 : mcmc] Progress @ 2025-04-20 07:42:55 : 9404 steps taken, and 2015 accepted.
[2 : mcmc] Progress @ 2025-04-20 07:43:17 : 8478 steps taken, and 1918 accepted.
[3 : mcmc] Progress @ 2025-04-20 07:43:17 : 9228 steps taken, and 2015 accepted.
[1 : mcmc] Progress @ 2025-04-20 07:43:21 : 8362 steps taken, and 2051 accepted.
[2 : mcmc] Learn + convergence test @ 1920 samples accepted.
[2 : mcmc] Ready to check convergence and learn a new proposal covmat (waiting for the rest...)
[0 : mcmc] All chains are ready to check convergence and learn a new proposal covmat
[3 : mcmc] Progress @ 2025-04-20 07:45:19 : 9249 steps taken, and 2016 accepted.
[0 : mcmc]  - Acceptance rate: 0.255 = avg([0.2481, 0.2706, 0.2492, 0.2529])
[0 : mcmc]  - Convergence of means: R-1 = 0.092586 after 8009 accepted steps = sum([2018, 2054, 1920, 2017])
[0 : mcmc]  - Updated covariance matrix of proposal pdf.
[0 : mcmc] Progress @ 2025-04-20 07:47:17 : 9419 steps taken, and 2018 accepted.
[3 : mcmc] Progress @ 2025-04-20 07:47:23 : 9276 steps taken, and 2017 accepted.
[2 : mcmc] Progress @ 2025-04-20 07:47:31 : 8483 steps taken, and 1920 accepted.
[1 : mcmc] Progress @ 2025-04-20 07:47:31 : 8373 steps taken, and 2054 accepted.
[0 : mcmc] Progress @ 2025-04-20 07:49:20 : 9431 steps taken, and 2022 accepted.
[3 : mcmc] Progress @ 2025-04-20 07:49:26 : 9291 steps taken, and 2019 accepted.
[2 : mcmc] Progress @ 2025-04-20 07:49:41 : 8505 steps taken, and 1924 accepted.
[1 : mcmc] Progress @ 2025-04-20 07:49:41 : 8390 steps taken, and 2060 accepted.
[0 : mcmc] Progress @ 2025-04-20 07:51:26 : 9443 steps taken, and 2024 accepted.
[3 : mcmc] Progress @ 2025-04-20 07:51:29 : 9311 steps taken, and 2025 accepted.
[2 : mcmc] Progress @ 2025-04-20 07:51:42 : 8522 steps taken, and 1928 accepted.
[1 : mcmc] Progress @ 2025-04-20 07:51:46 : 8401 steps taken, and 2065 accepted.
[0 : mcmc] Progress @ 2025-04-20 07:53:29 : 9454 steps taken, and 2029 accepted.
[3 : mcmc] Progress @ 2025-04-20 07:53:31 : 9324 steps taken, and 2029 accepted.
[2 : mcmc] Progress @ 2025-04-20 07:53:48 : 8534 steps taken, and 1932 accepted.
[1 : mcmc] Progress @ 2025-04-20 07:53:49 : 8416 steps taken, and 2070 accepted.
[0 : mcmc] Progress @ 2025-04-20 07:55:40 : 9466 steps taken, and 2033 accepted.
[3 : mcmc] Progress @ 2025-04-20 07:55:43 : 9336 steps taken, and 2032 accepted.
[2 : mcmc] Progress @ 2025-04-20 07:55:51 : 8553 steps taken, and 1939 accepted.
[1 : mcmc] Progress @ 2025-04-20 07:55:55 : 8427 steps taken, and 2074 accepted.
[3 : mcmc] Progress @ 2025-04-20 07:57:46 : 9347 steps taken, and 2036 accepted.
[0 : mcmc] Progress @ 2025-04-20 07:57:51 : 9480 steps taken, and 2033 accepted.
[2 : mcmc] Progress @ 2025-04-20 07:57:52 : 8575 steps taken, and 1944 accepted.
[1 : mcmc] Progress @ 2025-04-20 07:57:58 : 8440 steps taken, and 2078 accepted.
[1 : mcmc] Learn + convergence test @ 2080 samples accepted.
[1 : mcmc] Ready to check convergence and learn a new proposal covmat (waiting for the rest...)
[0 : mcmc] Progress @ 2025-04-20 07:59:57 : 9491 steps taken, and 2039 accepted.
[3 : mcmc] Progress @ 2025-04-20 07:59:59 : 9358 steps taken, and 2039 accepted.
[2 : mcmc] Progress @ 2025-04-20 08:00:01 : 8596 steps taken, and 1947 accepted.
[1 : mcmc] Progress @ 2025-04-20 08:00:04 : 8450 steps taken, and 2081 accepted.
[0 : mcmc] Progress @ 2025-04-20 08:02:00 : 9506 steps taken, and 2044 accepted.
[2 : mcmc] Progress @ 2025-04-20 08:02:02 : 8622 steps taken, and 1952 accepted.
[1 : mcmc] Progress @ 2025-04-20 08:02:06 : 8461 steps taken, and 2084 accepted.
[3 : mcmc] Progress @ 2025-04-20 08:02:08 : 9377 steps taken, and 2042 accepted.
[0 : mcmc] Progress @ 2025-04-20 08:04:03 : 9520 steps taken, and 2049 accepted.
[1 : mcmc] Progress @ 2025-04-20 08:04:12 : 8473 steps taken, and 2085 accepted.
[2 : mcmc] Progress @ 2025-04-20 08:04:13 : 8635 steps taken, and 1956 accepted.
[3 : mcmc] Progress @ 2025-04-20 08:04:18 : 9396 steps taken, and 2044 accepted.
[0 : mcmc] Progress @ 2025-04-20 08:06:06 : 9533 steps taken, and 2054 accepted.
[2 : mcmc] Progress @ 2025-04-20 08:06:17 : 8647 steps taken, and 1958 accepted.
[1 : mcmc] Progress @ 2025-04-20 08:06:17 : 8484 steps taken, and 2088 accepted.
[3 : mcmc] Progress @ 2025-04-20 08:06:27 : 9420 steps taken, and 2048 accepted.
[0 : mcmc] Progress @ 2025-04-20 08:08:11 : 9543 steps taken, and 2056 accepted.
[2 : mcmc] Progress @ 2025-04-20 08:08:23 : 8659 steps taken, and 1962 accepted.
[1 : mcmc] Progress @ 2025-04-20 08:08:26 : 8499 steps taken, and 2092 accepted.
[3 : mcmc] Progress @ 2025-04-20 08:08:36 : 9435 steps taken, and 2052 accepted.
[0 : mcmc] Progress @ 2025-04-20 08:10:23 : 9558 steps taken, and 2060 accepted.
[2 : mcmc] Progress @ 2025-04-20 08:10:27 : 8676 steps taken, and 1968 accepted.
[1 : mcmc] Progress @ 2025-04-20 08:10:38 : 8511 steps taken, and 2095 accepted.
[3 : mcmc] Progress @ 2025-04-20 08:10:39 : 9451 steps taken, and 2055 accepted.
[0 : mcmc] Progress @ 2025-04-20 08:12:27 : 9571 steps taken, and 2064 accepted.
[2 : mcmc] Progress @ 2025-04-20 08:12:30 : 8688 steps taken, and 1971 accepted.
[1 : mcmc] Progress @ 2025-04-20 08:12:44 : 8523 steps taken, and 2100 accepted.
[3 : mcmc] Progress @ 2025-04-20 08:12:48 : 9467 steps taken, and 2058 accepted.
[2 : mcmc] Progress @ 2025-04-20 08:14:34 : 8704 steps taken, and 1975 accepted.
[0 : mcmc] Progress @ 2025-04-20 08:14:37 : 9583 steps taken, and 2066 accepted.
[1 : mcmc] Progress @ 2025-04-20 08:14:47 : 8536 steps taken, and 2103 accepted.
[3 : mcmc] Progress @ 2025-04-20 08:15:02 : 9477 steps taken, and 2064 accepted.
[2 : mcmc] Progress @ 2025-04-20 08:16:46 : 8717 steps taken, and 1981 accepted.
[0 : mcmc] Progress @ 2025-04-20 08:16:49 : 9597 steps taken, and 2068 accepted.
[1 : mcmc] Progress @ 2025-04-20 08:16:54 : 8546 steps taken, and 2108 accepted.
[3 : mcmc] Progress @ 2025-04-20 08:17:05 : 9493 steps taken, and 2068 accepted.
[2 : mcmc] Progress @ 2025-04-20 08:18:55 : 8731 steps taken, and 1988 accepted.
[0 : mcmc] Progress @ 2025-04-20 08:19:00 : 9609 steps taken, and 2070 accepted.
[1 : mcmc] Progress @ 2025-04-20 08:19:05 : 8557 steps taken, and 2112 accepted.
[3 : mcmc] Progress @ 2025-04-20 08:19:08 : 9507 steps taken, and 2072 accepted.
[2 : mcmc] Progress @ 2025-04-20 08:20:59 : 8753 steps taken, and 1993 accepted.
[0 : mcmc] Progress @ 2025-04-20 08:21:03 : 9623 steps taken, and 2077 accepted.
[1 : mcmc] Progress @ 2025-04-20 08:21:17 : 8568 steps taken, and 2118 accepted.
[3 : mcmc] Progress @ 2025-04-20 08:21:20 : 9522 steps taken, and 2075 accepted.
[3 : mcmc] Learn + convergence test @ 2080 samples accepted.
[3 : mcmc] Ready to check convergence and learn a new proposal covmat (waiting for the rest...)
[2 : mcmc] Progress @ 2025-04-20 08:23:05 : 8765 steps taken, and 1996 accepted.
[0 : mcmc] Progress @ 2025-04-20 08:23:06 : 9638 steps taken, and 2079 accepted.
[1 : mcmc] Progress @ 2025-04-20 08:23:20 : 8579 steps taken, and 2120 accepted.
[3 : mcmc] Progress @ 2025-04-20 08:23:23 : 9537 steps taken, and 2080 accepted.
[0 : mcmc] Learn + convergence test @ 2080 samples accepted.
[0 : mcmc] Ready to check convergence and learn a new proposal covmat (waiting for the rest...)
[2 : mcmc] Progress @ 2025-04-20 08:25:06 : 8781 steps taken, and 1998 accepted.
[0 : mcmc] Progress @ 2025-04-20 08:25:18 : 9653 steps taken, and 2083 accepted.
[1 : mcmc] Progress @ 2025-04-20 08:25:26 : 8592 steps taken, and 2123 accepted.
[3 : mcmc] Progress @ 2025-04-20 08:25:26 : 9553 steps taken, and 2082 accepted.
[2 : mcmc] Progress @ 2025-04-20 08:27:12 : 8793 steps taken, and 1998 accepted.
[0 : mcmc] Progress @ 2025-04-20 08:27:21 : 9667 steps taken, and 2088 accepted.
[3 : mcmc] Progress @ 2025-04-20 08:27:29 : 9566 steps taken, and 2090 accepted.
[1 : mcmc] Progress @ 2025-04-20 08:27:38 : 8606 steps taken, and 2127 accepted.
[2 : mcmc] Progress @ 2025-04-20 08:29:13 : 8816 steps taken, and 1999 accepted.
[0 : mcmc] Progress @ 2025-04-20 08:29:32 : 9681 steps taken, and 2093 accepted.
[3 : mcmc] Progress @ 2025-04-20 08:29:32 : 9582 steps taken, and 2094 accepted.
[2 : mcmc] Learn + convergence test @ 2000 samples accepted.
[2 : mcmc] Ready to check convergence and learn a new proposal covmat (waiting for the rest...)
[1 : mcmc] Progress @ 2025-04-20 08:29:38 : 8628 steps taken, and 2130 accepted.
[0 : mcmc] All chains are ready to check convergence and learn a new proposal covmat
[3 : mcmc] Progress @ 2025-04-20 08:31:36 : 9593 steps taken, and 2095 accepted.
[3 : mcmc] Progress @ 2025-04-20 08:33:36 : 9606 steps taken, and 2096 accepted.
[0 : mcmc]  - Acceptance rate: 0.256 = avg([0.2501, 0.2757, 0.2475, 0.2506])
[0 : mcmc]  - Convergence of means: R-1 = 0.079169 after 8322 accepted steps = sum([2095, 2131, 2000, 2096])
[0 : mcmc]  - Updated covariance matrix of proposal pdf.
[1 : mcmc] Progress @ 2025-04-20 08:33:36 : 8630 steps taken, and 2131 accepted.
[0 : mcmc] Progress @ 2025-04-20 08:33:36 : 9693 steps taken, and 2095 accepted.
[2 : mcmc] Progress @ 2025-04-20 08:33:50 : 8821 steps taken, and 2000 accepted.
[3 : mcmc] Progress @ 2025-04-20 08:35:36 : 9615 steps taken, and 2101 accepted.
[1 : mcmc] Progress @ 2025-04-20 08:35:42 : 8644 steps taken, and 2134 accepted.
[0 : mcmc] Progress @ 2025-04-20 08:35:42 : 9706 steps taken, and 2099 accepted.
[2 : mcmc] Progress @ 2025-04-20 08:35:57 : 8846 steps taken, and 2002 accepted.
[3 : mcmc] Progress @ 2025-04-20 08:37:39 : 9627 steps taken, and 2106 accepted.
[1 : mcmc] Progress @ 2025-04-20 08:37:46 : 8655 steps taken, and 2136 accepted.
[0 : mcmc] Progress @ 2025-04-20 08:37:51 : 9723 steps taken, and 2103 accepted.
[2 : mcmc] Progress @ 2025-04-20 08:38:09 : 8859 steps taken, and 2004 accepted.
[1 : mcmc] Progress @ 2025-04-20 08:39:49 : 8671 steps taken, and 2138 accepted.
[3 : mcmc] Progress @ 2025-04-20 08:39:50 : 9641 steps taken, and 2114 accepted.
[0 : mcmc] Progress @ 2025-04-20 08:40:02 : 9738 steps taken, and 2108 accepted.
[2 : mcmc] Progress @ 2025-04-20 08:40:15 : 8870 steps taken, and 2007 accepted.
[1 : mcmc] Progress @ 2025-04-20 08:41:52 : 8684 steps taken, and 2143 accepted.
[3 : mcmc] Progress @ 2025-04-20 08:41:53 : 9673 steps taken, and 2121 accepted.
[0 : mcmc] Progress @ 2025-04-20 08:42:06 : 9752 steps taken, and 2111 accepted.
[2 : mcmc] Progress @ 2025-04-20 08:42:27 : 8883 steps taken, and 2012 accepted.
[3 : mcmc] Progress @ 2025-04-20 08:43:56 : 9691 steps taken, and 2126 accepted.
[1 : mcmc] Progress @ 2025-04-20 08:43:58 : 8695 steps taken, and 2148 accepted.
[0 : mcmc] Progress @ 2025-04-20 08:44:18 : 9765 steps taken, and 2114 accepted.
[2 : mcmc] Progress @ 2025-04-20 08:44:28 : 8902 steps taken, and 2015 accepted.
[3 : mcmc] Progress @ 2025-04-20 08:46:00 : 9708 steps taken, and 2130 accepted.
[1 : mcmc] Progress @ 2025-04-20 08:46:10 : 8708 steps taken, and 2150 accepted.
[0 : mcmc] Progress @ 2025-04-20 08:46:29 : 9777 steps taken, and 2118 accepted.
[2 : mcmc] Progress @ 2025-04-20 08:46:31 : 8917 steps taken, and 2017 accepted.
[3 : mcmc] Progress @ 2025-04-20 08:48:03 : 9726 steps taken, and 2136 accepted.
[1 : mcmc] Progress @ 2025-04-20 08:48:21 : 8722 steps taken, and 2155 accepted.
[0 : mcmc] Progress @ 2025-04-20 08:48:32 : 9792 steps taken, and 2122 accepted.
[2 : mcmc] Progress @ 2025-04-20 08:48:43 : 8931 steps taken, and 2022 accepted.
[1 : mcmc] Learn + convergence test @ 2160 samples accepted.
[1 : mcmc] Ready to check convergence and learn a new proposal covmat (waiting for the rest...)
[3 : mcmc] Progress @ 2025-04-20 08:50:09 : 9749 steps taken, and 2140 accepted.
[1 : mcmc] Progress @ 2025-04-20 08:50:30 : 8740 steps taken, and 2161 accepted.
[0 : mcmc] Progress @ 2025-04-20 08:50:35 : 9806 steps taken, and 2129 accepted.
[2 : mcmc] Progress @ 2025-04-20 08:50:46 : 8946 steps taken, and 2027 accepted.
[3 : mcmc] Progress @ 2025-04-20 08:52:12 : 9769 steps taken, and 2141 accepted.
[0 : mcmc] Progress @ 2025-04-20 08:52:40 : 9821 steps taken, and 2132 accepted.
[1 : mcmc] Progress @ 2025-04-20 08:52:42 : 8753 steps taken, and 2165 accepted.
[2 : mcmc] Progress @ 2025-04-20 08:52:56 : 8966 steps taken, and 2030 accepted.
[3 : mcmc] Progress @ 2025-04-20 08:54:12 : 9791 steps taken, and 2146 accepted.
[0 : mcmc] Progress @ 2025-04-20 08:54:41 : 9840 steps taken, and 2138 accepted.
[1 : mcmc] Progress @ 2025-04-20 08:54:45 : 8765 steps taken, and 2169 accepted.
[2 : mcmc] Progress @ 2025-04-20 08:55:01 : 8979 steps taken, and 2034 accepted.
[3 : mcmc] Progress @ 2025-04-20 08:56:18 : 9802 steps taken, and 2151 accepted.
[0 : mcmc] Progress @ 2025-04-20 08:56:44 : 9854 steps taken, and 2142 accepted.
[1 : mcmc] Progress @ 2025-04-20 08:56:51 : 8776 steps taken, and 2171 accepted.
[2 : mcmc] Progress @ 2025-04-20 08:57:05 : 8992 steps taken, and 2039 accepted.
[3 : mcmc] Progress @ 2025-04-20 08:58:21 : 9816 steps taken, and 2153 accepted.
[0 : mcmc] Progress @ 2025-04-20 08:58:47 : 9869 steps taken, and 2145 accepted.
[1 : mcmc] Progress @ 2025-04-20 08:59:02 : 8790 steps taken, and 2175 accepted.
[2 : mcmc] Progress @ 2025-04-20 08:59:08 : 9008 steps taken, and 2042 accepted.
[3 : mcmc] Progress @ 2025-04-20 09:00:32 : 9829 steps taken, and 2156 accepted.
[0 : mcmc] Progress @ 2025-04-20 09:00:50 : 9888 steps taken, and 2147 accepted.
[1 : mcmc] Progress @ 2025-04-20 09:01:06 : 8803 steps taken, and 2177 accepted.
[2 : mcmc] Progress @ 2025-04-20 09:01:20 : 9022 steps taken, and 2046 accepted.
[3 : mcmc] Learn + convergence test @ 2160 samples accepted.
[3 : mcmc] Ready to check convergence and learn a new proposal covmat (waiting for the rest...)
[3 : mcmc] Progress @ 2025-04-20 09:02:36 : 9844 steps taken, and 2162 accepted.
[0 : mcmc] Progress @ 2025-04-20 09:02:56 : 9918 steps taken, and 2151 accepted.
[1 : mcmc] Progress @ 2025-04-20 09:03:09 : 8817 steps taken, and 2181 accepted.
[2 : mcmc] Progress @ 2025-04-20 09:03:29 : 9039 steps taken, and 2048 accepted.
[3 : mcmc] Progress @ 2025-04-20 09:04:45 : 9862 steps taken, and 2168 accepted.
[0 : mcmc] Progress @ 2025-04-20 09:05:03 : 9943 steps taken, and 2156 accepted.
[1 : mcmc] Progress @ 2025-04-20 09:05:20 : 8832 steps taken, and 2183 accepted.
[2 : mcmc] Progress @ 2025-04-20 09:05:33 : 9052 steps taken, and 2052 accepted.
[0 : mcmc] Learn + convergence test @ 2160 samples accepted.
[0 : mcmc] Ready to check convergence and learn a new proposal covmat (waiting for the rest...)
[3 : mcmc] Progress @ 2025-04-20 09:06:48 : 9876 steps taken, and 2172 accepted.
[0 : mcmc] Progress @ 2025-04-20 09:07:08 : 9954 steps taken, and 2161 accepted.
[1 : mcmc] Progress @ 2025-04-20 09:07:24 : 8848 steps taken, and 2188 accepted.
[2 : mcmc] Progress @ 2025-04-20 09:07:45 : 9066 steps taken, and 2055 accepted.
[3 : mcmc] Progress @ 2025-04-20 09:08:59 : 9893 steps taken, and 2177 accepted.
[0 : mcmc] Progress @ 2025-04-20 09:09:08 : 9973 steps taken, and 2165 accepted.
[1 : mcmc] Progress @ 2025-04-20 09:09:27 : 8863 steps taken, and 2193 accepted.
[2 : mcmc] Progress @ 2025-04-20 09:09:56 : 9081 steps taken, and 2058 accepted.
[3 : mcmc] Progress @ 2025-04-20 09:11:07 : 9910 steps taken, and 2181 accepted.
[0 : mcmc] Progress @ 2025-04-20 09:11:19 : 9986 steps taken, and 2165 accepted.
[1 : mcmc] Progress @ 2025-04-20 09:11:32 : 8877 steps taken, and 2198 accepted.
[2 : mcmc] Progress @ 2025-04-20 09:12:00 : 9095 steps taken, and 2062 accepted.
[3 : mcmc] Progress @ 2025-04-20 09:13:18 : 9925 steps taken, and 2184 accepted.
[0 : mcmc] Progress @ 2025-04-20 09:13:25 : 9996 steps taken, and 2170 accepted.
[1 : mcmc] Progress @ 2025-04-20 09:13:41 : 8894 steps taken, and 2200 accepted.
[2 : mcmc] Progress @ 2025-04-20 09:14:05 : 9105 steps taken, and 2065 accepted.
[3 : mcmc] Progress @ 2025-04-20 09:15:28 : 9946 steps taken, and 2190 accepted.
[0 : mcmc] Progress @ 2025-04-20 09:15:36 : 10008 steps taken, and 2175 accepted.
[1 : mcmc] Progress @ 2025-04-20 09:15:44 : 8907 steps taken, and 2203 accepted.
[2 : mcmc] Progress @ 2025-04-20 09:16:09 : 9116 steps taken, and 2068 accepted.
[3 : mcmc] Progress @ 2025-04-20 09:17:31 : 9960 steps taken, and 2196 accepted.
[0 : mcmc] Progress @ 2025-04-20 09:17:40 : 10025 steps taken, and 2178 accepted.
[1 : mcmc] Progress @ 2025-04-20 09:17:57 : 8921 steps taken, and 2209 accepted.
[2 : mcmc] Progress @ 2025-04-20 09:18:10 : 9127 steps taken, and 2074 accepted.
[3 : mcmc] Progress @ 2025-04-20 09:19:35 : 9973 steps taken, and 2198 accepted.
[0 : mcmc] Progress @ 2025-04-20 09:19:44 : 10041 steps taken, and 2182 accepted.
[1 : mcmc] Progress @ 2025-04-20 09:20:01 : 8934 steps taken, and 2212 accepted.
[2 : mcmc] Progress @ 2025-04-20 09:20:20 : 9141 steps taken, and 2077 accepted.
[2 : mcmc] Learn + convergence test @ 2080 samples accepted.
[2 : mcmc] Ready to check convergence and learn a new proposal covmat (waiting for the rest...)
[3 : mcmc] Progress @ 2025-04-20 09:21:46 : 9986 steps taken, and 2204 accepted.
[0 : mcmc] Progress @ 2025-04-20 09:21:53 : 10060 steps taken, and 2188 accepted.
[0 : mcmc] All chains are ready to check convergence and learn a new proposal covmat
[1 : mcmc] Progress @ 2025-04-20 09:22:07 : 8945 steps taken, and 2214 accepted.
[0 : mcmc]  - Acceptance rate: 0.256 = avg([0.2507, 0.2743, 0.2459, 0.2521])
[0 : mcmc]  - Convergence of means: R-1 = 0.064897 after 8688 accepted steps = sum([2188, 2215, 2080, 2205])
[0 : mcmc]  - Updated covariance matrix of proposal pdf.
[2 : mcmc] Progress @ 2025-04-20 09:23:23 : 9157 steps taken, and 2080 accepted.
[3 : mcmc] Progress @ 2025-04-20 09:23:49 : 9999 steps taken, and 2206 accepted.
[0 : mcmc] Progress @ 2025-04-20 09:24:03 : 10066 steps taken, and 2189 accepted.
[1 : mcmc] Progress @ 2025-04-20 09:24:12 : 8955 steps taken, and 2218 accepted.
[2 : mcmc] Progress @ 2025-04-20 09:25:27 : 9175 steps taken, and 2083 accepted.
[3 : mcmc] Progress @ 2025-04-20 09:25:52 : 10013 steps taken, and 2209 accepted.
[0 : mcmc] Progress @ 2025-04-20 09:26:09 : 10078 steps taken, and 2192 accepted.
[1 : mcmc] Progress @ 2025-04-20 09:26:15 : 8967 steps taken, and 2220 accepted.
[2 : mcmc] Progress @ 2025-04-20 09:27:31 : 9189 steps taken, and 2088 accepted.
[3 : mcmc] Progress @ 2025-04-20 09:28:04 : 10028 steps taken, and 2213 accepted.
[1 : mcmc] Progress @ 2025-04-20 09:28:19 : 8983 steps taken, and 2223 accepted.
[0 : mcmc] Progress @ 2025-04-20 09:28:19 : 10092 steps taken, and 2197 accepted.
[2 : mcmc] Progress @ 2025-04-20 09:29:42 : 9207 steps taken, and 2092 accepted.
[3 : mcmc] Progress @ 2025-04-20 09:30:15 : 10040 steps taken, and 2218 accepted.
[1 : mcmc] Progress @ 2025-04-20 09:30:21 : 8999 steps taken, and 2226 accepted.
[0 : mcmc] Progress @ 2025-04-20 09:30:24 : 10105 steps taken, and 2201 accepted.
[2 : mcmc] Progress @ 2025-04-20 09:31:46 : 9220 steps taken, and 2092 accepted.
[3 : mcmc] Progress @ 2025-04-20 09:32:18 : 10052 steps taken, and 2223 accepted.
[0 : mcmc] Progress @ 2025-04-20 09:32:25 : 10125 steps taken, and 2205 accepted.
[1 : mcmc] Progress @ 2025-04-20 09:32:33 : 9012 steps taken, and 2231 accepted.
[2 : mcmc] Progress @ 2025-04-20 09:33:58 : 9236 steps taken, and 2098 accepted.
[3 : mcmc] Progress @ 2025-04-20 09:34:23 : 10066 steps taken, and 2228 accepted.
[0 : mcmc] Progress @ 2025-04-20 09:34:30 : 10137 steps taken, and 2207 accepted.
[1 : mcmc] Progress @ 2025-04-20 09:34:42 : 9028 steps taken, and 2232 accepted.
[2 : mcmc] Progress @ 2025-04-20 09:36:11 : 9262 steps taken, and 2100 accepted.
[3 : mcmc] Progress @ 2025-04-20 09:36:27 : 10078 steps taken, and 2231 accepted.
[0 : mcmc] Progress @ 2025-04-20 09:36:34 : 10152 steps taken, and 2212 accepted.
[1 : mcmc] Progress @ 2025-04-20 09:36:46 : 9049 steps taken, and 2236 accepted.
[2 : mcmc] Progress @ 2025-04-20 09:38:12 : 9286 steps taken, and 2106 accepted.
[3 : mcmc] Progress @ 2025-04-20 09:38:35 : 10099 steps taken, and 2234 accepted.
[0 : mcmc] Progress @ 2025-04-20 09:38:45 : 10166 steps taken, and 2213 accepted.
[1 : mcmc] Progress @ 2025-04-20 09:38:55 : 9070 steps taken, and 2238 accepted.
[1 : mcmc] Learn + convergence test @ 2240 samples accepted.
[1 : mcmc] Ready to check convergence and learn a new proposal covmat (waiting for the rest...)
[2 : mcmc] Progress @ 2025-04-20 09:40:23 : 9300 steps taken, and 2109 accepted.
[3 : mcmc] Progress @ 2025-04-20 09:40:45 : 10125 steps taken, and 2237 accepted.
[0 : mcmc] Progress @ 2025-04-20 09:40:54 : 10180 steps taken, and 2220 accepted.
[1 : mcmc] Progress @ 2025-04-20 09:41:06 : 9084 steps taken, and 2243 accepted.
[2 : mcmc] Progress @ 2025-04-20 09:42:35 : 9313 steps taken, and 2113 accepted.
[3 : mcmc] Learn + convergence test @ 2240 samples accepted.
[3 : mcmc] Ready to check convergence and learn a new proposal covmat (waiting for the rest...)
[3 : mcmc] Progress @ 2025-04-20 09:42:48 : 10158 steps taken, and 2240 accepted.
[0 : mcmc] Progress @ 2025-04-20 09:42:59 : 10192 steps taken, and 2224 accepted.
[1 : mcmc] Progress @ 2025-04-20 09:43:09 : 9098 steps taken, and 2249 accepted.
[2 : mcmc] Progress @ 2025-04-20 09:44:39 : 9325 steps taken, and 2116 accepted.
[3 : mcmc] Progress @ 2025-04-20 09:44:57 : 10177 steps taken, and 2244 accepted.
[0 : mcmc] Progress @ 2025-04-20 09:45:02 : 10208 steps taken, and 2225 accepted.
[1 : mcmc] Progress @ 2025-04-20 09:45:21 : 9111 steps taken, and 2256 accepted.
[2 : mcmc] Progress @ 2025-04-20 09:46:42 : 9344 steps taken, and 2118 accepted.
[3 : mcmc] Progress @ 2025-04-20 09:47:00 : 10190 steps taken, and 2251 accepted.
[0 : mcmc] Progress @ 2025-04-20 09:47:14 : 10221 steps taken, and 2229 accepted.
[1 : mcmc] Progress @ 2025-04-20 09:47:30 : 9128 steps taken, and 2261 accepted.
[2 : mcmc] Progress @ 2025-04-20 09:48:45 : 9358 steps taken, and 2123 accepted.
[3 : mcmc] Progress @ 2025-04-20 09:49:11 : 10205 steps taken, and 2257 accepted.
[0 : mcmc] Progress @ 2025-04-20 09:49:25 : 10236 steps taken, and 2231 accepted.
[1 : mcmc] Progress @ 2025-04-20 09:49:33 : 9140 steps taken, and 2264 accepted.
[2 : mcmc] Progress @ 2025-04-20 09:50:49 : 9375 steps taken, and 2127 accepted.
[3 : mcmc] Progress @ 2025-04-20 09:51:14 : 10220 steps taken, and 2261 accepted.
[0 : mcmc] Progress @ 2025-04-20 09:51:28 : 10248 steps taken, and 2237 accepted.
[1 : mcmc] Progress @ 2025-04-20 09:51:39 : 9153 steps taken, and 2269 accepted.
[2 : mcmc] Progress @ 2025-04-20 09:52:53 : 9392 steps taken, and 2132 accepted.
[0 : mcmc] Learn + convergence test @ 2240 samples accepted.
[0 : mcmc] Ready to check convergence and learn a new proposal covmat (waiting for the rest...)
[3 : mcmc] Progress @ 2025-04-20 09:53:23 : 10239 steps taken, and 2265 accepted.
[0 : mcmc] Progress @ 2025-04-20 09:53:31 : 10261 steps taken, and 2241 accepted.
[1 : mcmc] Progress @ 2025-04-20 09:53:51 : 9165 steps taken, and 2273 accepted.
[2 : mcmc] Progress @ 2025-04-20 09:54:59 : 9404 steps taken, and 2137 accepted.
[3 : mcmc] Progress @ 2025-04-20 09:55:29 : 10251 steps taken, and 2267 accepted.
[0 : mcmc] Progress @ 2025-04-20 09:55:36 : 10273 steps taken, and 2245 accepted.
[1 : mcmc] Progress @ 2025-04-20 09:56:00 : 9185 steps taken, and 2278 accepted.
[2 : mcmc] Progress @ 2025-04-20 09:57:02 : 9416 steps taken, and 2142 accepted.
[3 : mcmc] Progress @ 2025-04-20 09:57:37 : 10268 steps taken, and 2269 accepted.
[0 : mcmc] Progress @ 2025-04-20 09:57:39 : 10290 steps taken, and 2253 accepted.
[1 : mcmc] Progress @ 2025-04-20 09:58:03 : 9202 steps taken, and 2283 accepted.
[2 : mcmc] Progress @ 2025-04-20 09:59:05 : 9432 steps taken, and 2145 accepted.
[0 : mcmc] Progress @ 2025-04-20 09:59:42 : 10305 steps taken, and 2259 accepted.
[3 : mcmc] Progress @ 2025-04-20 09:59:48 : 10281 steps taken, and 2272 accepted.
[1 : mcmc] Progress @ 2025-04-20 10:00:06 : 9218 steps taken, and 2287 accepted.
[2 : mcmc] Progress @ 2025-04-20 10:01:08 : 9444 steps taken, and 2147 accepted.
[3 : mcmc] Progress @ 2025-04-20 10:01:51 : 10296 steps taken, and 2275 accepted.
[0 : mcmc] Progress @ 2025-04-20 10:01:53 : 10317 steps taken, and 2262 accepted.
[1 : mcmc] Progress @ 2025-04-20 10:02:09 : 9232 steps taken, and 2291 accepted.
[2 : mcmc] Progress @ 2025-04-20 10:03:22 : 9454 steps taken, and 2150 accepted.
[0 : mcmc] Progress @ 2025-04-20 10:03:56 : 10331 steps taken, and 2265 accepted.
[3 : mcmc] Progress @ 2025-04-20 10:04:03 : 10308 steps taken, and 2280 accepted.
[1 : mcmc] Progress @ 2025-04-20 10:04:16 : 9244 steps taken, and 2299 accepted.
[2 : mcmc] Progress @ 2025-04-20 10:05:32 : 9470 steps taken, and 2151 accepted.
[0 : mcmc] Progress @ 2025-04-20 10:05:59 : 10345 steps taken, and 2269 accepted.
[3 : mcmc] Progress @ 2025-04-20 10:06:14 : 10323 steps taken, and 2285 accepted.
[1 : mcmc] Progress @ 2025-04-20 10:06:19 : 9256 steps taken, and 2303 accepted.
[2 : mcmc] Progress @ 2025-04-20 10:07:44 : 9484 steps taken, and 2155 accepted.
[0 : mcmc] Progress @ 2025-04-20 10:08:03 : 10361 steps taken, and 2275 accepted.
[3 : mcmc] Progress @ 2025-04-20 10:08:18 : 10354 steps taken, and 2290 accepted.
[1 : mcmc] Progress @ 2025-04-20 10:08:31 : 9269 steps taken, and 2304 accepted.
[2 : mcmc] Progress @ 2025-04-20 10:09:47 : 9499 steps taken, and 2158 accepted.
[0 : mcmc] Progress @ 2025-04-20 10:10:14 : 10378 steps taken, and 2279 accepted.
[3 : mcmc] Progress @ 2025-04-20 10:10:29 : 10368 steps taken, and 2292 accepted.
[2 : mcmc] Learn + convergence test @ 2160 samples accepted.
[2 : mcmc] Ready to check convergence and learn a new proposal covmat (waiting for the rest...)
[1 : mcmc] Progress @ 2025-04-20 10:10:34 : 9282 steps taken, and 2306 accepted.
[0 : mcmc] All chains are ready to check convergence and learn a new proposal covmat
[0 : mcmc]  - Acceptance rate: 0.255 = avg([0.2549, 0.2713, 0.2419, 0.2502])
[0 : mcmc]  - Convergence of means: R-1 = 0.052304 after 9043 accepted steps = sum([2282, 2307, 2160, 2294])
[0 : mcmc]  - Updated covariance matrix of proposal pdf.
[0 : mcmc] Progress @ 2025-04-20 10:12:34 : 10384 steps taken, and 2283 accepted.
[2 : mcmc] Progress @ 2025-04-20 10:12:34 : 9503 steps taken, and 2160 accepted.
[3 : mcmc] Progress @ 2025-04-20 10:12:40 : 10381 steps taken, and 2296 accepted.
[1 : mcmc] Progress @ 2025-04-20 10:12:48 : 9297 steps taken, and 2307 accepted.
[0 : mcmc] Progress @ 2025-04-20 10:14:37 : 10398 steps taken, and 2285 accepted.
[2 : mcmc] Progress @ 2025-04-20 10:14:38 : 9518 steps taken, and 2164 accepted.
[3 : mcmc] Progress @ 2025-04-20 10:14:52 : 10396 steps taken, and 2300 accepted.
[1 : mcmc] Progress @ 2025-04-20 10:14:58 : 9314 steps taken, and 2312 accepted.
[2 : mcmc] Progress @ 2025-04-20 10:16:41 : 9531 steps taken, and 2166 accepted.
[0 : mcmc] Progress @ 2025-04-20 10:16:43 : 10411 steps taken, and 2288 accepted.
[3 : mcmc] Progress @ 2025-04-20 10:17:03 : 10407 steps taken, and 2304 accepted.
[1 : mcmc] Progress @ 2025-04-20 10:17:09 : 9326 steps taken, and 2315 accepted.
[2 : mcmc] Progress @ 2025-04-20 10:18:47 : 9543 steps taken, and 2169 accepted.
[0 : mcmc] Progress @ 2025-04-20 10:18:49 : 10438 steps taken, and 2291 accepted.
[3 : mcmc] Progress @ 2025-04-20 10:19:12 : 10419 steps taken, and 2310 accepted.
[1 : mcmc] Progress @ 2025-04-20 10:19:18 : 9348 steps taken, and 2320 accepted.
[1 : mcmc] Learn + convergence test @ 2320 samples accepted.
[1 : mcmc] Ready to check convergence and learn a new proposal covmat (waiting for the rest...)
[2 : mcmc] Progress @ 2025-04-20 10:20:50 : 9555 steps taken, and 2173 accepted.
[0 : mcmc] Progress @ 2025-04-20 10:20:58 : 10457 steps taken, and 2294 accepted.
[3 : mcmc] Progress @ 2025-04-20 10:21:17 : 10436 steps taken, and 2314 accepted.
[1 : mcmc] Progress @ 2025-04-20 10:21:26 : 9368 steps taken, and 2323 accepted.
[0 : mcmc] Progress @ 2025-04-20 10:23:01 : 10473 steps taken, and 2297 accepted.
[2 : mcmc] Progress @ 2025-04-20 10:23:02 : 9569 steps taken, and 2174 accepted.
[3 : mcmc] Learn + convergence test @ 2320 samples accepted.
[3 : mcmc] Ready to check convergence and learn a new proposal covmat (waiting for the rest...)
[3 : mcmc] Progress @ 2025-04-20 10:23:20 : 10449 steps taken, and 2321 accepted.
[1 : mcmc] Progress @ 2025-04-20 10:23:30 : 9386 steps taken, and 2330 accepted.
[2 : mcmc] Progress @ 2025-04-20 10:25:03 : 9589 steps taken, and 2178 accepted.
[0 : mcmc] Progress @ 2025-04-20 10:25:04 : 10491 steps taken, and 2301 accepted.
[3 : mcmc] Progress @ 2025-04-20 10:25:22 : 10461 steps taken, and 2326 accepted.
[1 : mcmc] Progress @ 2025-04-20 10:25:30 : 9403 steps taken, and 2332 accepted.
[0 : mcmc] Progress @ 2025-04-20 10:27:06 : 10506 steps taken, and 2305 accepted.
[2 : mcmc] Progress @ 2025-04-20 10:27:09 : 9604 steps taken, and 2184 accepted.
[3 : mcmc] Progress @ 2025-04-20 10:27:34 : 10477 steps taken, and 2331 accepted.
[1 : mcmc] Progress @ 2025-04-20 10:27:36 : 9414 steps taken, and 2335 accepted.
[0 : mcmc] Progress @ 2025-04-20 10:29:09 : 10523 steps taken, and 2309 accepted.
[2 : mcmc] Progress @ 2025-04-20 10:29:09 : 9620 steps taken, and 2189 accepted.
[3 : mcmc] Progress @ 2025-04-20 10:29:42 : 10496 steps taken, and 2336 accepted.
[1 : mcmc] Progress @ 2025-04-20 10:29:47 : 9429 steps taken, and 2341 accepted.
[0 : mcmc] Progress @ 2025-04-20 10:31:10 : 10542 steps taken, and 2313 accepted.
[2 : mcmc] Progress @ 2025-04-20 10:31:15 : 9634 steps taken, and 2192 accepted.
[3 : mcmc] Progress @ 2025-04-20 10:31:54 : 10508 steps taken, and 2341 accepted.
[1 : mcmc] Progress @ 2025-04-20 10:31:59 : 9440 steps taken, and 2344 accepted.
[0 : mcmc] Progress @ 2025-04-20 10:33:16 : 10554 steps taken, and 2315 accepted.
[2 : mcmc] Progress @ 2025-04-20 10:33:19 : 9650 steps taken, and 2198 accepted.
[3 : mcmc] Progress @ 2025-04-20 10:33:59 : 10518 steps taken, and 2345 accepted.
[1 : mcmc] Progress @ 2025-04-20 10:34:03 : 9457 steps taken, and 2350 accepted.
[0 : mcmc] Progress @ 2025-04-20 10:35:16 : 10571 steps taken, and 2315 accepted.
[2 : mcmc] Progress @ 2025-04-20 10:35:22 : 9668 steps taken, and 2203 accepted.
[3 : mcmc] Progress @ 2025-04-20 10:36:03 : 10529 steps taken, and 2347 accepted.
[1 : mcmc] Progress @ 2025-04-20 10:36:06 : 9470 steps taken, and 2353 accepted.
[0 : mcmc] Progress @ 2025-04-20 10:37:22 : 10583 steps taken, and 2320 accepted.
[0 : mcmc] Learn + convergence test @ 2320 samples accepted.
[0 : mcmc] Ready to check convergence and learn a new proposal covmat (waiting for the rest...)
[2 : mcmc] Progress @ 2025-04-20 10:37:31 : 9685 steps taken, and 2206 accepted.
[3 : mcmc] Progress @ 2025-04-20 10:38:08 : 10542 steps taken, and 2350 accepted.
[1 : mcmc] Progress @ 2025-04-20 10:38:09 : 9487 steps taken, and 2358 accepted.
[0 : mcmc] Progress @ 2025-04-20 10:39:31 : 10602 steps taken, and 2323 accepted.
[2 : mcmc] Progress @ 2025-04-20 10:39:34 : 9698 steps taken, and 2209 accepted.
[3 : mcmc] Progress @ 2025-04-20 10:40:19 : 10553 steps taken, and 2354 accepted.
[1 : mcmc] Progress @ 2025-04-20 10:40:21 : 9500 steps taken, and 2364 accepted.
[0 : mcmc] Progress @ 2025-04-20 10:41:31 : 10626 steps taken, and 2328 accepted.
[2 : mcmc] Progress @ 2025-04-20 10:41:46 : 9714 steps taken, and 2214 accepted.
[1 : mcmc] Progress @ 2025-04-20 10:42:24 : 9515 steps taken, and 2368 accepted.
[3 : mcmc] Progress @ 2025-04-20 10:42:28 : 10570 steps taken, and 2357 accepted.
[0 : mcmc] Progress @ 2025-04-20 10:43:36 : 10637 steps taken, and 2330 accepted.
[2 : mcmc] Progress @ 2025-04-20 10:43:47 : 9733 steps taken, and 2218 accepted.
[1 : mcmc] Progress @ 2025-04-20 10:44:35 : 9529 steps taken, and 2372 accepted.
[3 : mcmc] Progress @ 2025-04-20 10:44:36 : 10591 steps taken, and 2365 accepted.
[0 : mcmc] Progress @ 2025-04-20 10:45:39 : 10652 steps taken, and 2336 accepted.
[2 : mcmc] Progress @ 2025-04-20 10:45:51 : 9750 steps taken, and 2221 accepted.
[3 : mcmc] Progress @ 2025-04-20 10:46:37 : 10612 steps taken, and 2366 accepted.
[1 : mcmc] Progress @ 2025-04-20 10:46:39 : 9545 steps taken, and 2376 accepted.
[0 : mcmc] Progress @ 2025-04-20 10:47:42 : 10667 steps taken, and 2338 accepted.
[2 : mcmc] Progress @ 2025-04-20 10:47:57 : 9762 steps taken, and 2223 accepted.
[1 : mcmc] Progress @ 2025-04-20 10:48:42 : 9559 steps taken, and 2379 accepted.
[3 : mcmc] Progress @ 2025-04-20 10:48:42 : 10627 steps taken, and 2370 accepted.
[0 : mcmc] Progress @ 2025-04-20 10:49:54 : 10678 steps taken, and 2342 accepted.
[2 : mcmc] Progress @ 2025-04-20 10:50:00 : 9774 steps taken, and 2226 accepted.
[3 : mcmc] Progress @ 2025-04-20 10:50:45 : 10640 steps taken, and 2374 accepted.
[1 : mcmc] Progress @ 2025-04-20 10:50:45 : 9576 steps taken, and 2383 accepted.
[0 : mcmc] Progress @ 2025-04-20 10:52:00 : 10688 steps taken, and 2343 accepted.
[2 : mcmc] Progress @ 2025-04-20 10:52:07 : 9785 steps taken, and 2230 accepted.
[1 : mcmc] Progress @ 2025-04-20 10:52:48 : 9595 steps taken, and 2389 accepted.
[3 : mcmc] Progress @ 2025-04-20 10:52:51 : 10650 steps taken, and 2377 accepted.
[0 : mcmc] Progress @ 2025-04-20 10:54:02 : 10704 steps taken, and 2347 accepted.
[2 : mcmc] Progress @ 2025-04-20 10:54:19 : 9798 steps taken, and 2235 accepted.
[1 : mcmc] Progress @ 2025-04-20 10:54:49 : 9615 steps taken, and 2393 accepted.
[3 : mcmc] Progress @ 2025-04-20 10:54:54 : 10664 steps taken, and 2382 accepted.
[0 : mcmc] Progress @ 2025-04-20 10:56:14 : 10718 steps taken, and 2352 accepted.
[2 : mcmc] Progress @ 2025-04-20 10:56:22 : 9812 steps taken, and 2236 accepted.
[1 : mcmc] Progress @ 2025-04-20 10:56:52 : 9632 steps taken, and 2397 accepted.
[3 : mcmc] Progress @ 2025-04-20 10:56:56 : 10680 steps taken, and 2386 accepted.
[0 : mcmc] Progress @ 2025-04-20 10:58:25 : 10730 steps taken, and 2354 accepted.
[1 : mcmc] Learn + convergence test @ 2400 samples accepted.
[2 : mcmc] Progress @ 2025-04-20 10:58:34 : 9828 steps taken, and 2239 accepted.
[2 : mcmc] Learn + convergence test @ 2240 samples accepted.
[2 : mcmc] Ready to check convergence and learn a new proposal covmat (waiting for the rest...)
[1 : mcmc] Progress @ 2025-04-20 10:58:55 : 9647 steps taken, and 2402 accepted.
[3 : mcmc] Progress @ 2025-04-20 10:59:07 : 10692 steps taken, and 2390 accepted.
[0 : mcmc] All chains are ready to check convergence and learn a new proposal covmat
[0 : mcmc]  - Acceptance rate: 0.255 = avg([0.2530, 0.2705, 0.2415, 0.2547])
[0 : mcmc]  - Convergence of means: R-1 = 0.048715 after 9390 accepted steps = sum([2357, 2402, 2240, 2391])
[0 : mcmc]  - Updated covariance matrix of proposal pdf.
[0 : mcmc] Progress @ 2025-04-20 11:00:27 : 10741 steps taken, and 2359 accepted.
[2 : mcmc] Progress @ 2025-04-20 11:00:38 : 9836 steps taken, and 2241 accepted.
[1 : mcmc] Progress @ 2025-04-20 11:01:07 : 9658 steps taken, and 2407 accepted.
[3 : mcmc] Progress @ 2025-04-20 11:01:15 : 10702 steps taken, and 2395 accepted.
[0 : mcmc] Progress @ 2025-04-20 11:02:29 : 10759 steps taken, and 2363 accepted.
[2 : mcmc] Progress @ 2025-04-20 11:02:45 : 9848 steps taken, and 2248 accepted.
[3 : mcmc] Learn + convergence test @ 2400 samples accepted.
[3 : mcmc] Ready to check convergence and learn a new proposal covmat (waiting for the rest...)
[1 : mcmc] Progress @ 2025-04-20 11:03:13 : 9669 steps taken, and 2411 accepted.
[3 : mcmc] Progress @ 2025-04-20 11:03:18 : 10717 steps taken, and 2400 accepted.
[0 : mcmc] Progress @ 2025-04-20 11:04:40 : 10772 steps taken, and 2368 accepted.
[2 : mcmc] Progress @ 2025-04-20 11:04:48 : 9863 steps taken, and 2251 accepted.
[1 : mcmc] Progress @ 2025-04-20 11:05:22 : 9684 steps taken, and 2413 accepted.
[3 : mcmc] Progress @ 2025-04-20 11:05:28 : 10735 steps taken, and 2404 accepted.
[0 : mcmc] Progress @ 2025-04-20 11:06:46 : 10782 steps taken, and 2372 accepted.
[2 : mcmc] Progress @ 2025-04-20 11:07:00 : 9876 steps taken, and 2253 accepted.
[1 : mcmc] Progress @ 2025-04-20 11:07:25 : 9700 steps taken, and 2417 accepted.
[3 : mcmc] Progress @ 2025-04-20 11:07:31 : 10750 steps taken, and 2410 accepted.
[0 : mcmc] Progress @ 2025-04-20 11:08:52 : 10809 steps taken, and 2377 accepted.
[2 : mcmc] Progress @ 2025-04-20 11:09:09 : 9894 steps taken, and 2257 accepted.
[1 : mcmc] Progress @ 2025-04-20 11:09:31 : 9715 steps taken, and 2419 accepted.
[3 : mcmc] Progress @ 2025-04-20 11:09:42 : 10764 steps taken, and 2413 accepted.
[0 : mcmc] Progress @ 2025-04-20 11:10:56 : 10824 steps taken, and 2379 accepted.
[2 : mcmc] Progress @ 2025-04-20 11:11:21 : 9907 steps taken, and 2263 accepted.
[1 : mcmc] Progress @ 2025-04-20 11:11:35 : 9729 steps taken, and 2423 accepted.
[3 : mcmc] Progress @ 2025-04-20 11:11:54 : 10777 steps taken, and 2417 accepted.
[0 : mcmc] Progress @ 2025-04-20 11:13:07 : 10837 steps taken, and 2386 accepted.
[2 : mcmc] Progress @ 2025-04-20 11:13:33 : 9921 steps taken, and 2268 accepted.
[1 : mcmc] Progress @ 2025-04-20 11:13:46 : 9743 steps taken, and 2428 accepted.
[3 : mcmc] Progress @ 2025-04-20 11:13:57 : 10792 steps taken, and 2420 accepted.
[0 : mcmc] Progress @ 2025-04-20 11:15:10 : 10849 steps taken, and 2389 accepted.
[2 : mcmc] Progress @ 2025-04-20 11:15:34 : 9940 steps taken, and 2271 accepted.
[1 : mcmc] Progress @ 2025-04-20 11:15:55 : 9760 steps taken, and 2432 accepted.
[3 : mcmc] Progress @ 2025-04-20 11:16:08 : 10803 steps taken, and 2428 accepted.
[0 : mcmc] Progress @ 2025-04-20 11:17:21 : 10863 steps taken, and 2394 accepted.
[2 : mcmc] Progress @ 2025-04-20 11:17:41 : 9955 steps taken, and 2277 accepted.
[1 : mcmc] Progress @ 2025-04-20 11:17:57 : 9784 steps taken, and 2433 accepted.
[3 : mcmc] Progress @ 2025-04-20 11:18:09 : 10827 steps taken, and 2432 accepted.
[0 : mcmc] Progress @ 2025-04-20 11:19:24 : 10877 steps taken, and 2398 accepted.
[2 : mcmc] Progress @ 2025-04-20 11:19:49 : 9972 steps taken, and 2280 accepted.
[1 : mcmc] Progress @ 2025-04-20 11:20:03 : 9810 steps taken, and 2437 accepted.
[3 : mcmc] Progress @ 2025-04-20 11:20:09 : 10853 steps taken, and 2432 accepted.
[0 : mcmc] Learn + convergence test @ 2400 samples accepted.
[0 : mcmc] Ready to check convergence and learn a new proposal covmat (waiting for the rest...)
[0 : mcmc] Progress @ 2025-04-20 11:21:35 : 10893 steps taken, and 2400 accepted.
[2 : mcmc] Progress @ 2025-04-20 11:22:01 : 9984 steps taken, and 2284 accepted.
[1 : mcmc] Progress @ 2025-04-20 11:22:12 : 9829 steps taken, and 2443 accepted.
[3 : mcmc] Progress @ 2025-04-20 11:22:22 : 10882 steps taken, and 2439 accepted.
[0 : mcmc] Progress @ 2025-04-20 11:23:38 : 10906 steps taken, and 2403 accepted.
[2 : mcmc] Progress @ 2025-04-20 11:24:07 : 9997 steps taken, and 2288 accepted.
[1 : mcmc] Progress @ 2025-04-20 11:24:15 : 9848 steps taken, and 2447 accepted.
[3 : mcmc] Progress @ 2025-04-20 11:24:33 : 10897 steps taken, and 2447 accepted.
[0 : mcmc] Progress @ 2025-04-20 11:25:41 : 10923 steps taken, and 2407 accepted.
[2 : mcmc] Progress @ 2025-04-20 11:26:11 : 10011 steps taken, and 2293 accepted.
[1 : mcmc] Progress @ 2025-04-20 11:26:16 : 9871 steps taken, and 2450 accepted.
[3 : mcmc] Progress @ 2025-04-20 11:26:39 : 10908 steps taken, and 2450 accepted.
[0 : mcmc] Progress @ 2025-04-20 11:27:53 : 10941 steps taken, and 2412 accepted.
[2 : mcmc] Progress @ 2025-04-20 11:28:11 : 10031 steps taken, and 2298 accepted.
[1 : mcmc] Progress @ 2025-04-20 11:28:27 : 9883 steps taken, and 2456 accepted.
[3 : mcmc] Progress @ 2025-04-20 11:28:51 : 10919 steps taken, and 2454 accepted.
[0 : mcmc] Progress @ 2025-04-20 11:30:01 : 10956 steps taken, and 2417 accepted.
[2 : mcmc] Progress @ 2025-04-20 11:30:20 : 10050 steps taken, and 2304 accepted.
[1 : mcmc] Progress @ 2025-04-20 11:30:28 : 9909 steps taken, and 2460 accepted.
[3 : mcmc] Progress @ 2025-04-20 11:30:52 : 10938 steps taken, and 2456 accepted.
[0 : mcmc] Progress @ 2025-04-20 11:32:13 : 10969 steps taken, and 2419 accepted.
[2 : mcmc] Progress @ 2025-04-20 11:32:32 : 10065 steps taken, and 2308 accepted.
[1 : mcmc] Progress @ 2025-04-20 11:32:38 : 9925 steps taken, and 2466 accepted.
[3 : mcmc] Progress @ 2025-04-20 11:33:03 : 10951 steps taken, and 2460 accepted.
[0 : mcmc] Progress @ 2025-04-20 11:34:16 : 10981 steps taken, and 2423 accepted.
[2 : mcmc] Progress @ 2025-04-20 11:34:35 : 10079 steps taken, and 2313 accepted.
[1 : mcmc] Progress @ 2025-04-20 11:34:49 : 9940 steps taken, and 2469 accepted.
[3 : mcmc] Progress @ 2025-04-20 11:35:06 : 10965 steps taken, and 2465 accepted.
[0 : mcmc] Progress @ 2025-04-20 11:36:21 : 10993 steps taken, and 2426 accepted.
[2 : mcmc] Progress @ 2025-04-20 11:36:47 : 10092 steps taken, and 2318 accepted.
[1 : mcmc] Progress @ 2025-04-20 11:36:58 : 9959 steps taken, and 2473 accepted.
[3 : mcmc] Progress @ 2025-04-20 11:37:09 : 10983 steps taken, and 2468 accepted.
[2 : mcmc] Learn + convergence test @ 2320 samples accepted.
[2 : mcmc] Ready to check convergence and learn a new proposal covmat (waiting for the rest...)
[0 : mcmc] Progress @ 2025-04-20 11:38:24 : 11006 steps taken, and 2430 accepted.
[2 : mcmc] Progress @ 2025-04-20 11:38:59 : 10108 steps taken, and 2322 accepted.
[1 : mcmc] Progress @ 2025-04-20 11:39:01 : 9971 steps taken, and 2478 accepted.
[3 : mcmc] Progress @ 2025-04-20 11:39:12 : 10999 steps taken, and 2470 accepted.
[0 : mcmc] Progress @ 2025-04-20 11:40:27 : 11023 steps taken, and 2432 accepted.
[1 : mcmc] Learn + convergence test @ 2480 samples accepted.
[1 : mcmc] Ready to check convergence and learn a new proposal covmat (waiting for the rest...)
[0 : mcmc] All chains are ready to check convergence and learn a new proposal covmat
[2 : mcmc] Progress @ 2025-04-20 11:41:02 : 10123 steps taken, and 2328 accepted.
[3 : mcmc] Progress @ 2025-04-20 11:41:14 : 11016 steps taken, and 2474 accepted.
[0 : mcmc]  - Acceptance rate: 0.255 = avg([0.2536, 0.2692, 0.2449, 0.2527])
[0 : mcmc]  - Convergence of means: R-1 = 0.050949 after 9717 accepted steps = sum([2434, 2480, 2329, 2474])
[0 : mcmc]  - Updated covariance matrix of proposal pdf.
[1 : mcmc] Progress @ 2025-04-20 11:41:29 : 9984 steps taken, and 2480 accepted.
[0 : mcmc] Progress @ 2025-04-20 11:42:31 : 11033 steps taken, and 2436 accepted.
[2 : mcmc] Progress @ 2025-04-20 11:43:10 : 10141 steps taken, and 2336 accepted.
[3 : mcmc] Progress @ 2025-04-20 11:43:26 : 11028 steps taken, and 2478 accepted.
[1 : mcmc] Progress @ 2025-04-20 11:43:32 : 10000 steps taken, and 2482 accepted.
[3 : mcmc] Learn + convergence test @ 2480 samples accepted.
[3 : mcmc] Ready to check convergence and learn a new proposal covmat (waiting for the rest...)
[0 : mcmc] Progress @ 2025-04-20 11:44:40 : 11051 steps taken, and 2440 accepted.
[2 : mcmc] Progress @ 2025-04-20 11:45:15 : 10155 steps taken, and 2339 accepted.
[3 : mcmc] Progress @ 2025-04-20 11:45:27 : 11050 steps taken, and 2482 accepted.
[1 : mcmc] Progress @ 2025-04-20 11:45:41 : 10019 steps taken, and 2488 accepted.
[0 : mcmc] Progress @ 2025-04-20 11:46:44 : 11069 steps taken, and 2444 accepted.
[2 : mcmc] Progress @ 2025-04-20 11:47:19 : 10168 steps taken, and 2342 accepted.
[3 : mcmc] Progress @ 2025-04-20 11:47:33 : 11060 steps taken, and 2487 accepted.
[1 : mcmc] Progress @ 2025-04-20 11:47:47 : 10045 steps taken, and 2491 accepted.
[0 : mcmc] Progress @ 2025-04-20 11:48:55 : 11082 steps taken, and 2445 accepted.
[2 : mcmc] Progress @ 2025-04-20 11:49:23 : 10179 steps taken, and 2347 accepted.
[3 : mcmc] Progress @ 2025-04-20 11:49:44 : 11076 steps taken, and 2492 accepted.
[1 : mcmc] Progress @ 2025-04-20 11:49:49 : 10061 steps taken, and 2495 accepted.
[0 : mcmc] Progress @ 2025-04-20 11:50:58 : 11096 steps taken, and 2449 accepted.
[2 : mcmc] Progress @ 2025-04-20 11:51:29 : 10192 steps taken, and 2351 accepted.
[3 : mcmc] Progress @ 2025-04-20 11:51:48 : 11090 steps taken, and 2498 accepted.
[1 : mcmc] Progress @ 2025-04-20 11:52:01 : 10076 steps taken, and 2498 accepted.
[0 : mcmc] Progress @ 2025-04-20 11:53:03 : 11108 steps taken, and 2455 accepted.
[2 : mcmc] Progress @ 2025-04-20 11:53:31 : 10207 steps taken, and 2356 accepted.
[3 : mcmc] Progress @ 2025-04-20 11:53:59 : 11116 steps taken, and 2504 accepted.
[1 : mcmc] Progress @ 2025-04-20 11:54:04 : 10093 steps taken, and 2504 accepted.
[0 : mcmc] Progress @ 2025-04-20 11:55:17 : 11127 steps taken, and 2462 accepted.
[2 : mcmc] Progress @ 2025-04-20 11:55:35 : 10221 steps taken, and 2357 accepted.
[3 : mcmc] Progress @ 2025-04-20 11:56:03 : 11139 steps taken, and 2507 accepted.
[1 : mcmc] Progress @ 2025-04-20 11:56:15 : 10106 steps taken, and 2506 accepted.
[0 : mcmc] Progress @ 2025-04-20 11:57:20 : 11145 steps taken, and 2467 accepted.
[2 : mcmc] Progress @ 2025-04-20 11:57:38 : 10235 steps taken, and 2362 accepted.
[3 : mcmc] Progress @ 2025-04-20 11:58:09 : 11164 steps taken, and 2512 accepted.
[1 : mcmc] Progress @ 2025-04-20 11:58:18 : 10123 steps taken, and 2513 accepted.
[0 : mcmc] Progress @ 2025-04-20 11:59:22 : 11158 steps taken, and 2472 accepted.
[2 : mcmc] Progress @ 2025-04-20 11:59:44 : 10249 steps taken, and 2366 accepted.
[3 : mcmc] Progress @ 2025-04-20 12:00:12 : 11178 steps taken, and 2517 accepted.
[1 : mcmc] Progress @ 2025-04-20 12:00:21 : 10135 steps taken, and 2515 accepted.
[0 : mcmc] Progress @ 2025-04-20 12:01:26 : 11171 steps taken, and 2472 accepted.
[2 : mcmc] Progress @ 2025-04-20 12:01:48 : 10264 steps taken, and 2371 accepted.
[3 : mcmc] Progress @ 2025-04-20 12:02:24 : 11191 steps taken, and 2525 accepted.
[1 : mcmc] Progress @ 2025-04-20 12:02:27 : 10149 steps taken, and 2517 accepted.
[0 : mcmc] Progress @ 2025-04-20 12:03:38 : 11187 steps taken, and 2477 accepted.
[2 : mcmc] Progress @ 2025-04-20 12:03:57 : 10284 steps taken, and 2379 accepted.
[1 : mcmc] Progress @ 2025-04-20 12:04:30 : 10161 steps taken, and 2520 accepted.
[3 : mcmc] Progress @ 2025-04-20 12:04:32 : 11214 steps taken, and 2530 accepted.
[0 : mcmc] Progress @ 2025-04-20 12:05:49 : 11199 steps taken, and 2478 accepted.
[2 : mcmc] Progress @ 2025-04-20 12:06:09 : 10297 steps taken, and 2381 accepted.
[0 : mcmc] Learn + convergence test @ 2480 samples accepted.
[0 : mcmc] Ready to check convergence and learn a new proposal covmat (waiting for the rest...)
[1 : mcmc] Progress @ 2025-04-20 12:06:33 : 10175 steps taken, and 2524 accepted.
[3 : mcmc] Progress @ 2025-04-20 12:06:35 : 11230 steps taken, and 2539 accepted.
[0 : mcmc] Progress @ 2025-04-20 12:08:01 : 11212 steps taken, and 2484 accepted.
[2 : mcmc] Progress @ 2025-04-20 12:08:09 : 10321 steps taken, and 2386 accepted.
[1 : mcmc] Progress @ 2025-04-20 12:08:36 : 10189 steps taken, and 2524 accepted.
[3 : mcmc] Progress @ 2025-04-20 12:08:38 : 11246 steps taken, and 2543 accepted.
[0 : mcmc] Progress @ 2025-04-20 12:10:04 : 11229 steps taken, and 2486 accepted.
[2 : mcmc] Progress @ 2025-04-20 12:10:19 : 10342 steps taken, and 2389 accepted.
[1 : mcmc] Progress @ 2025-04-20 12:10:36 : 10199 steps taken, and 2527 accepted.
[3 : mcmc] Progress @ 2025-04-20 12:10:41 : 11261 steps taken, and 2544 accepted.
[0 : mcmc] Progress @ 2025-04-20 12:12:07 : 11244 steps taken, and 2491 accepted.
[2 : mcmc] Progress @ 2025-04-20 12:12:28 : 10362 steps taken, and 2392 accepted.
[1 : mcmc] Progress @ 2025-04-20 12:12:39 : 10212 steps taken, and 2534 accepted.
[3 : mcmc] Progress @ 2025-04-20 12:12:44 : 11278 steps taken, and 2547 accepted.
[0 : mcmc] Progress @ 2025-04-20 12:14:16 : 11259 steps taken, and 2494 accepted.
[2 : mcmc] Progress @ 2025-04-20 12:14:32 : 10375 steps taken, and 2396 accepted.
[1 : mcmc] Progress @ 2025-04-20 12:14:42 : 10228 steps taken, and 2537 accepted.
[3 : mcmc] Progress @ 2025-04-20 12:14:53 : 11294 steps taken, and 2550 accepted.
[0 : mcmc] Progress @ 2025-04-20 12:16:22 : 11272 steps taken, and 2498 accepted.
[2 : mcmc] Learn + convergence test @ 2400 samples accepted.
[2 : mcmc] Ready to check convergence and learn a new proposal covmat (waiting for the rest...)
[2 : mcmc] Progress @ 2025-04-20 12:16:37 : 10388 steps taken, and 2400 accepted.
[1 : mcmc] Progress @ 2025-04-20 12:16:53 : 10242 steps taken, and 2543 accepted.
[3 : mcmc] Progress @ 2025-04-20 12:17:04 : 11308 steps taken, and 2556 accepted.
[0 : mcmc] Progress @ 2025-04-20 12:18:33 : 11284 steps taken, and 2502 accepted.
[2 : mcmc] Progress @ 2025-04-20 12:18:40 : 10401 steps taken, and 2404 accepted.
[1 : mcmc] Progress @ 2025-04-20 12:18:56 : 10258 steps taken, and 2547 accepted.
[3 : mcmc] Progress @ 2025-04-20 12:19:07 : 11321 steps taken, and 2559 accepted.
[3 : mcmc] Learn + convergence test @ 2560 samples accepted.
[0 : mcmc] Progress @ 2025-04-20 12:20:38 : 11294 steps taken, and 2505 accepted.
[2 : mcmc] Progress @ 2025-04-20 12:20:43 : 10415 steps taken, and 2407 accepted.
[1 : mcmc] Progress @ 2025-04-20 12:21:00 : 10273 steps taken, and 2556 accepted.
[3 : mcmc] Progress @ 2025-04-20 12:21:21 : 11333 steps taken, and 2563 accepted.
[2 : mcmc] Progress @ 2025-04-20 12:22:47 : 10433 steps taken, and 2409 accepted.
[0 : mcmc] Progress @ 2025-04-20 12:22:49 : 11308 steps taken, and 2508 accepted.
[1 : mcmc] Progress @ 2025-04-20 12:23:11 : 10285 steps taken, and 2559 accepted.
[3 : mcmc] Progress @ 2025-04-20 12:23:30 : 11349 steps taken, and 2568 accepted.
[1 : mcmc] Learn + convergence test @ 2560 samples accepted.
[1 : mcmc] Ready to check convergence and learn a new proposal covmat (waiting for the rest...)
[0 : mcmc] All chains are ready to check convergence and learn a new proposal covmat
[2 : mcmc] Progress @ 2025-04-20 12:24:56 : 10451 steps taken, and 2411 accepted.
[0 : mcmc]  - Acceptance rate: 0.256 = avg([0.2533, 0.2689, 0.2454, 0.2560])
[0 : mcmc]  - Convergence of means: R-1 = 0.047554 after 10055 accepted steps = sum([2512, 2560, 2412, 2571])
[0 : mcmc]  - Updated covariance matrix of proposal pdf.
[1 : mcmc] Progress @ 2025-04-20 12:25:30 : 10289 steps taken, and 2560 accepted.
[3 : mcmc] Progress @ 2025-04-20 12:25:36 : 11366 steps taken, and 2571 accepted.
[0 : mcmc] Progress @ 2025-04-20 12:25:44 : 11319 steps taken, and 2512 accepted.
[2 : mcmc] Progress @ 2025-04-20 12:26:58 : 10467 steps taken, and 2416 accepted.
[1 : mcmc] Progress @ 2025-04-20 12:27:33 : 10306 steps taken, and 2563 accepted.
[3 : mcmc] Progress @ 2025-04-20 12:27:39 : 11384 steps taken, and 2575 accepted.
[0 : mcmc] Progress @ 2025-04-20 12:27:55 : 11333 steps taken, and 2518 accepted.
[2 : mcmc] Progress @ 2025-04-20 12:29:10 : 10481 steps taken, and 2418 accepted.
[1 : mcmc] Progress @ 2025-04-20 12:29:42 : 10323 steps taken, and 2566 accepted.
[3 : mcmc] Progress @ 2025-04-20 12:29:42 : 11398 steps taken, and 2576 accepted.
[0 : mcmc] Progress @ 2025-04-20 12:30:07 : 11346 steps taken, and 2524 accepted.
[2 : mcmc] Progress @ 2025-04-20 12:31:13 : 10497 steps taken, and 2423 accepted.
[1 : mcmc] Progress @ 2025-04-20 12:31:45 : 10342 steps taken, and 2569 accepted.
[3 : mcmc] Progress @ 2025-04-20 12:31:54 : 11413 steps taken, and 2582 accepted.
[0 : mcmc] Progress @ 2025-04-20 12:32:09 : 11360 steps taken, and 2528 accepted.
[2 : mcmc] Progress @ 2025-04-20 12:33:22 : 10515 steps taken, and 2428 accepted.
[1 : mcmc] Progress @ 2025-04-20 12:33:45 : 10363 steps taken, and 2575 accepted.
[3 : mcmc] Progress @ 2025-04-20 12:33:57 : 11425 steps taken, and 2589 accepted.
[0 : mcmc] Progress @ 2025-04-20 12:34:13 : 11378 steps taken, and 2531 accepted.
[2 : mcmc] Progress @ 2025-04-20 12:35:33 : 10528 steps taken, and 2432 accepted.
[1 : mcmc] Progress @ 2025-04-20 12:35:48 : 10381 steps taken, and 2579 accepted.
[3 : mcmc] Progress @ 2025-04-20 12:36:00 : 11441 steps taken, and 2592 accepted.
[0 : mcmc] Progress @ 2025-04-20 12:36:15 : 11392 steps taken, and 2536 accepted.
[2 : mcmc] Progress @ 2025-04-20 12:37:42 : 10550 steps taken, and 2438 accepted.
[1 : mcmc] Progress @ 2025-04-20 12:37:51 : 10394 steps taken, and 2583 accepted.
[3 : mcmc] Progress @ 2025-04-20 12:38:06 : 11453 steps taken, and 2596 accepted.
[0 : mcmc] Progress @ 2025-04-20 12:38:18 : 11408 steps taken, and 2541 accepted.
[2 : mcmc] Progress @ 2025-04-20 12:39:51 : 10571 steps taken, and 2443 accepted.
[1 : mcmc] Progress @ 2025-04-20 12:40:02 : 10411 steps taken, and 2587 accepted.
[3 : mcmc] Progress @ 2025-04-20 12:40:06 : 11474 steps taken, and 2600 accepted.
[0 : mcmc] Progress @ 2025-04-20 12:40:29 : 11420 steps taken, and 2545 accepted.
[2 : mcmc] Progress @ 2025-04-20 12:42:01 : 10588 steps taken, and 2448 accepted.
[1 : mcmc] Progress @ 2025-04-20 12:42:02 : 10431 steps taken, and 2590 accepted.
[3 : mcmc] Progress @ 2025-04-20 12:42:09 : 11489 steps taken, and 2605 accepted.
[0 : mcmc] Progress @ 2025-04-20 12:42:38 : 11440 steps taken, and 2549 accepted.
[2 : mcmc] Progress @ 2025-04-20 12:44:05 : 10603 steps taken, and 2452 accepted.
[1 : mcmc] Progress @ 2025-04-20 12:44:14 : 10446 steps taken, and 2595 accepted.
[3 : mcmc] Progress @ 2025-04-20 12:44:21 : 11506 steps taken, and 2610 accepted.
[0 : mcmc] Progress @ 2025-04-20 12:44:41 : 11457 steps taken, and 2553 accepted.
[2 : mcmc] Progress @ 2025-04-20 12:46:08 : 10619 steps taken, and 2457 accepted.
[1 : mcmc] Progress @ 2025-04-20 12:46:17 : 10463 steps taken, and 2599 accepted.
[3 : mcmc] Progress @ 2025-04-20 12:46:30 : 11523 steps taken, and 2614 accepted.
[0 : mcmc] Progress @ 2025-04-20 12:46:44 : 11473 steps taken, and 2557 accepted.
[2 : mcmc] Progress @ 2025-04-20 12:48:11 : 10633 steps taken, and 2460 accepted.
[1 : mcmc] Progress @ 2025-04-20 12:48:17 : 10483 steps taken, and 2604 accepted.
[0 : mcmc] Learn + convergence test @ 2560 samples accepted.
[0 : mcmc] Ready to check convergence and learn a new proposal covmat (waiting for the rest...)
[3 : mcmc] Progress @ 2025-04-20 12:48:39 : 11545 steps taken, and 2618 accepted.
[0 : mcmc] Progress @ 2025-04-20 12:48:55 : 11487 steps taken, and 2560 accepted.
[2 : mcmc] Progress @ 2025-04-20 12:50:25 : 10644 steps taken, and 2461 accepted.
[1 : mcmc] Progress @ 2025-04-20 12:50:27 : 10506 steps taken, and 2607 accepted.
[3 : mcmc] Progress @ 2025-04-20 12:50:41 : 11564 steps taken, and 2622 accepted.
[0 : mcmc] Progress @ 2025-04-20 12:51:04 : 11504 steps taken, and 2569 accepted.
[2 : mcmc] Progress @ 2025-04-20 12:52:25 : 10662 steps taken, and 2465 accepted.
[1 : mcmc] Progress @ 2025-04-20 12:52:30 : 10520 steps taken, and 2610 accepted.
[3 : mcmc] Progress @ 2025-04-20 12:52:55 : 11583 steps taken, and 2629 accepted.
[0 : mcmc] Progress @ 2025-04-20 12:53:07 : 11517 steps taken, and 2572 accepted.
[2 : mcmc] Progress @ 2025-04-20 12:54:28 : 10678 steps taken, and 2468 accepted.
[1 : mcmc] Progress @ 2025-04-20 12:54:33 : 10537 steps taken, and 2613 accepted.
[3 : mcmc] Progress @ 2025-04-20 12:54:56 : 11607 steps taken, and 2634 accepted.
[0 : mcmc] Progress @ 2025-04-20 12:55:18 : 11530 steps taken, and 2577 accepted.
[2 : mcmc] Progress @ 2025-04-20 12:56:37 : 10698 steps taken, and 2471 accepted.
[1 : mcmc] Progress @ 2025-04-20 12:56:43 : 10557 steps taken, and 2616 accepted.
[3 : mcmc] Progress @ 2025-04-20 12:56:59 : 11622 steps taken, and 2639 accepted.
[3 : mcmc] Learn + convergence test @ 2640 samples accepted.
[3 : mcmc] Ready to check convergence and learn a new proposal covmat (waiting for the rest...)
[0 : mcmc] Progress @ 2025-04-20 12:57:24 : 11543 steps taken, and 2582 accepted.
[1 : mcmc] Progress @ 2025-04-20 12:58:46 : 10573 steps taken, and 2620 accepted.
[2 : mcmc] Progress @ 2025-04-20 12:58:46 : 10720 steps taken, and 2472 accepted.
[3 : mcmc] Progress @ 2025-04-20 12:59:04 : 11634 steps taken, and 2643 accepted.
[0 : mcmc] Progress @ 2025-04-20 12:59:27 : 11554 steps taken, and 2586 accepted.
[2 : mcmc] Progress @ 2025-04-20 13:00:49 : 10735 steps taken, and 2476 accepted.
[1 : mcmc] Progress @ 2025-04-20 13:00:55 : 10591 steps taken, and 2622 accepted.
[3 : mcmc] Progress @ 2025-04-20 13:01:05 : 11655 steps taken, and 2646 accepted.
[0 : mcmc] Progress @ 2025-04-20 13:01:32 : 11566 steps taken, and 2588 accepted.
[2 : mcmc] Progress @ 2025-04-20 13:02:52 : 10751 steps taken, and 2479 accepted.
[1 : mcmc] Progress @ 2025-04-20 13:02:58 : 10606 steps taken, and 2626 accepted.
[2 : mcmc] Learn + convergence test @ 2480 samples accepted.
[2 : mcmc] Ready to check convergence and learn a new proposal covmat (waiting for the rest...)
[3 : mcmc] Progress @ 2025-04-20 13:03:08 : 11667 steps taken, and 2652 accepted.
[0 : mcmc] Progress @ 2025-04-20 13:03:43 : 11578 steps taken, and 2589 accepted.
[2 : mcmc] Progress @ 2025-04-20 13:04:55 : 10765 steps taken, and 2485 accepted.
[1 : mcmc] Progress @ 2025-04-20 13:05:03 : 10617 steps taken, and 2630 accepted.
[3 : mcmc] Progress @ 2025-04-20 13:05:19 : 11685 steps taken, and 2658 accepted.
[0 : mcmc] Progress @ 2025-04-20 13:05:54 : 11590 steps taken, and 2592 accepted.
[2 : mcmc] Progress @ 2025-04-20 13:07:02 : 10778 steps taken, and 2490 accepted.
[1 : mcmc] Progress @ 2025-04-20 13:07:07 : 10634 steps taken, and 2632 accepted.
[3 : mcmc] Progress @ 2025-04-20 13:07:20 : 11705 steps taken, and 2663 accepted.
[0 : mcmc] Progress @ 2025-04-20 13:07:58 : 11606 steps taken, and 2594 accepted.
[2 : mcmc] Progress @ 2025-04-20 13:09:05 : 10791 steps taken, and 2495 accepted.
[1 : mcmc] Progress @ 2025-04-20 13:09:12 : 10645 steps taken, and 2636 accepted.
[3 : mcmc] Progress @ 2025-04-20 13:09:32 : 11721 steps taken, and 2666 accepted.
[0 : mcmc] Progress @ 2025-04-20 13:10:10 : 11620 steps taken, and 2597 accepted.
[1 : mcmc] Learn + convergence test @ 2640 samples accepted.
[1 : mcmc] Ready to check convergence and learn a new proposal covmat (waiting for the rest...)
[0 : mcmc] All chains are ready to check convergence and learn a new proposal covmat
[0 : mcmc]  - Acceptance rate: 0.256 = avg([0.2564, 0.2659, 0.2440, 0.2557])
[0 : mcmc]  - Convergence of means: R-1 = 0.042541 after 10405 accepted steps = sum([2598, 2640, 2499, 2668])
[0 : mcmc]  - Convergence of bounds: R-1 = 0.136202 after 10405 accepted steps = sum([2598, 2640, 2499, 2668])
[0 : mcmc] The run has converged!
[0 : mcmc] Sampling complete after 10405 accepted steps.
[0m[0m[0m[0m
------------------------------------------------------------
Sender: LSF System <lsfadmin@jlab06.ge.infn.it>
Subject: Job 336124: <act_pl_desi_w> in cluster <infnge> Done

Job <act_pl_desi_w> was submitted from host <farmuisl7.ge.infn.it> by user <mraveri> in cluster <infnge>.
Job was executed on host(s) <16*jlab06.ge.infn.it>, in queue <long>, as user <mraveri> in cluster <infnge>.
</home/mraveri> was used as the home directory.
</home/mraveri/projects/andrea/tesi_magistrale/w0wacdm/act_planck_desidr2> was used as the working directory.
Started at Sat Apr 19 13:36:32 2025
Results reported on Sun Apr 20 13:11:59 2025

Your job looked like:

------------------------------------------------------------
# LSBATCH: User input
#!/bin/bash

#BSUB -J act_pl_desi_w             # Job name
#BSUB -M 64000                     # Memory limit (64GB)
#BSUB -R "rusage[mem=64000]"       # Resource request
#BSUB -q long                      # Queue
#BSUB -o act_planck_desidr2.out    # Output log
#BSUB -e act_planck_desidr2.err    # Error log
#BSUB -n 16                        # Total cores

# Set number of threads per chain (OMP = threads for linear algebra, etc.)
export OMP_NUM_THREADS=4

# Run Cobaya with MPI (4 chains using 4 threads each = 16 total cores)
mpirun -np 4 cobaya-run act_planck_desidr2.yaml
------------------------------------------------------------

Successfully completed.

Resource usage summary:

    CPU time :                                   644115.38 sec.
    Max Memory :                                 2616 MB
    Average Memory :                             2544.01 MB
    Total Requested Memory :                     64000.00 MB
    Delta Memory :                               61384.00 MB
    Max Processes :                              8
    Max Threads :                                31

The output (if any) is above this job summary.



PS:

Read file <act_planck_desidr2.err> for stderr output of this job.

