#        weight    minuslogpost              H0            logA              ns           ombh2           omch2             tau           A_act           P_act               A              As           DHBBN             YHe             Y_p             age           clamp        omega_de          omegam        omegamh2           rdrag            s8h5      S8_optimal     s8omegamp25      s8omegamp5          sigma8       thetastar            zrei        A_planck       chi2__BAO       chi2__CMB   minuslogprior minuslogprior__0            chi2 chi2__planck_2018_lowl.TT chi2__planck_2018_lowl.EE_sroll2 chi2__act_dr6_cmbonly.PlanckActCut chi2__act_dr6_cmbonly chi2__bao.desi_dr2.desi_bao_all
              9       575.26271       68.117949       3.0476076      0.97872095     0.022408359      0.11881217     0.058795112      0.98509795        1.004153       2.1064888   2.1064888e-09       2.4420524      0.24589883      0.24723065       13.760578       1.8727956      0.69418135      0.30574076       0.1418654       147.36294      0.98557508      0.82742641      0.60486553      0.44977693      0.81343059       1.0420234        8.108372      0.98509795       14.489901       846.55861     0.088545445      0.088545445       1150.3483                 22.738733                        390.25381                          433.56607             289.29983                       14.489901
              2       576.78516       68.085176       3.0523874      0.97871916     0.022431599       0.1188688     0.061078447      0.98509795        1.002562       2.1165815   2.1165815e-09       2.4379017      0.24590878      0.24724063       13.761316       1.8731948      0.69371458      0.30620746      0.14194526       147.32198      0.98817683      0.83055045      0.60654761      0.45119974      0.81538168       1.0419258        8.328448      0.98509795       15.146107       846.27337     0.088545445      0.088545445       1153.3932                 22.819739                        390.62737                          432.82626             291.97376                       15.146107
              1        434.7265       68.192032        3.058251      0.97931696     0.022488006       0.1186781     0.064132825      0.99401944        1.001664       2.1290287   2.1290287e-09       2.4278721      0.24593296       0.2472649       13.755488       1.8727355      0.69496251      0.30495977      0.14181097       147.30981       0.9894089       0.8291857      0.60716017      0.45119462      0.81703871       1.0418977       8.6073919      0.99401944       14.155512       665.47518     0.088545445      0.088545445       869.27591                 21.702841                        391.57745                          252.19489             189.64522                       14.155512
              6       413.24817       68.192032       3.0612994      0.97327911     0.022488006       0.1186781     0.064132825       1.0021312        1.001664       2.1355287   2.1355287e-09       2.4278721      0.24593296       0.2472649       13.755488       1.8784531      0.69496251      0.30495977      0.14181097       147.30981      0.98862933      0.82853237      0.60668177      0.45083911      0.81639495       1.0418977       8.6073919       1.0021312       14.155512       644.31266     0.088545445      0.088545445       826.31925                 21.934404                        391.62213                          230.75613             167.85108                       14.155512
              5       407.26777       68.193825       3.0416053      0.97352322     0.022539392      0.11839983     0.054316385      0.99938196        1.001664        2.093883    2.093883e-09       2.4187887        0.245955      0.24728702       13.761496       1.8783382      0.69546642      0.30445587      0.14158409       147.32654      0.97715036      0.81770511      0.59939761      0.44524197       0.8069264        1.041477       7.6225144      0.99938196       14.376723       636.57792     0.088545445      0.088545445       814.35844                 21.969369                        390.24792                          224.36064              163.4038                       14.376723
              6        405.9548       68.184415       3.0403803      0.97349023     0.022638521      0.11844503     0.053318799       1.0010238        1.001664       2.0913196   2.0913196e-09       2.4014056       0.2459974      0.24732958       13.758406       1.8797854      0.69507191      0.30485035      0.14172842       147.20441      0.97603749      0.81766981      0.59886749      0.44499221      0.80595178       1.0412419       7.5001793       1.0010238       15.403857        636.0939     0.088545445      0.088545445       811.73251                 21.809803                         390.5071                            223.777             160.23475                       15.403857
             10       406.19619       68.149653       3.0429959      0.97325259     0.022653799      0.11858439      0.05441767       1.0010238        1.001664       2.0967967   2.0967967e-09       2.3987426      0.24600392      0.24733612       13.757286        1.880571       0.6944278      0.30549439      0.14188306       147.15049      0.97798213      0.82064726      0.60022427      0.44623575      0.80735166       1.0412462       7.6102444       1.0010238       16.140696       636.43756     0.088545445      0.088545445       812.21529                 21.886842                        390.27832                           224.2724             159.63703                       16.140696
             24       406.82288       68.179755       3.0403318      0.97311547     0.022629126      0.11861047     0.053106505       1.0008348        1.001664       2.0912181   2.0912181e-09       2.4030454       0.2459934      0.24732556        13.75458       1.8804925      0.69469453      0.30522773      0.14188447       147.17091      0.97684482      0.81922982      0.59952775      0.44562063      0.80659086       1.0414268       7.4835529       1.0008348       15.493162       636.86371     0.088545445      0.088545445       813.46868                 21.896825                        390.54116                          224.42572              161.1118                       15.493162
              7       408.97736        68.16743        3.051881      0.97502994     0.022676301      0.11787364     0.059800541       1.0005409       1.0006468       2.1155101   2.1155101e-09       2.3948282      0.24601349      0.24734572       13.774447       1.8770378      0.69606828      0.30385395      0.14119481       147.31428      0.97894527      0.81759108      0.60008545      0.44553243      0.80825216       1.0404893       8.1259105       1.0005409       15.627065       635.83312     0.088545445      0.088545445       817.77764                 21.734113                        390.39017                          223.70884             166.31745                       15.627065
              3       407.51147       68.066152       3.0716398      0.97361148     0.022485668      0.11862587     0.069469395       1.0005409       1.0049864       2.1577257   2.1577257e-09       2.4282867      0.24593195      0.24726389       13.768139       1.8778283      0.69395098      0.30597101       0.1417564       147.32629      0.99411321      0.83484254      0.60998832      0.45367159       0.8201654       1.0414738       9.1123908       1.0005409       15.725113       639.09962     0.088545445      0.088545445       814.84585                 22.198517                        394.11981                          222.78129             160.02112                       15.725113
             15       409.04183       68.044586       3.0736618      0.97321803      0.02253398      0.11884416     0.070057554      0.99914609       1.0049864       2.1620928   2.1620928e-09       2.4197432      0.24595267      0.24728469       13.762807       1.8794169      0.69318116      0.30674079        0.142023       147.21461      0.99584409      0.83805668      0.61133748      0.45496072      0.82146325       1.0415156       9.1591279      0.99914609       16.688594       641.26403     0.088545445      0.088545445       817.90657                  22.51352                        394.51344                          224.23707             159.95395                       16.688594
             13       408.81311       68.068016       3.0711119      0.97319008     0.022707678      0.11890594     0.068127218       1.0006332       1.0049864       2.1565869   2.1565869e-09       2.3893858       0.2460268      0.24735908        13.75434       1.8818821      0.69288408      0.30703792      0.14225849       147.00566      0.99341708      0.83688706      0.61010021      0.45414985       0.8196023       1.0412032        8.934518       1.0006332       18.270966        641.2206     0.088545445      0.088545445       817.44913                 22.361142                         393.3631                          225.49636             157.95756                       18.270966
              4       406.24877       67.983562       3.0701043      0.97413523     0.022498221      0.11837899     0.068972845       1.0006332       1.0049864        2.154415    2.154415e-09       2.4260625      0.24593734      0.24726929       13.781865         1.87681      0.69371392      0.30620789      0.14152208       147.37794      0.99244554      0.83351658      0.60871322      0.45281085      0.81829263       1.0409346       9.0567587       1.0006332       16.886666       636.39438     0.088545445      0.088545445       812.32045                 22.048531                         393.8358                          220.51006              159.0394                       16.886666
              7       407.85382       67.976833       3.0737301      0.97463556      0.02252018      0.11819635     0.070987703       1.0006332       1.0049864       2.1622407   2.1622407e-09       2.4221789      0.24594676      0.24727875       13.786851       1.8760521      0.69400101      0.30592078       0.1413614       147.40208      0.99329653      0.83348604      0.60906217      0.45296419      0.81895376       1.0406651       9.2348943       1.0006332       17.086735       637.30719     0.088545445      0.088545445       815.53055                    22.015                        394.91844                          220.37375             161.13663                       17.086735
              8       409.04301       67.976833       3.0728451      0.97512969      0.02252018      0.11819635     0.070987703      0.99901405       1.0049864       2.1603279   2.1603279e-09       2.4221789      0.24594676      0.24727875       13.786851       1.8743925      0.69400101      0.30592078       0.1413614       147.40208        0.993044      0.83327414      0.60890732      0.45284903      0.81874555       1.0406651       9.2348943      0.99901405       17.086735       638.76517     0.088545445      0.088545445       817.90892                 22.070999                        394.90988                          221.78429             162.05702                       17.086735
              1       408.35956       67.983265        3.071628      0.97509381     0.022502941       0.1181936     0.070426913      0.99901405       1.0049864       2.1577001   2.1577001e-09       2.4252269      0.24593936      0.24727133       13.786824       1.8742135      0.69410216      0.30581965      0.14134141       147.42201       0.9925245      0.83262982      0.60856727      0.45255872      0.81835595       1.0407254       9.1873573      0.99901405       16.799382       638.20864     0.088545445      0.088545445       816.54202                 22.053454                        394.61359                           221.5416               161.534                       16.799382
              1       407.18992        68.04523       3.0698911      0.97527629     0.022549755      0.11811402     0.069499169       1.0004238       1.0049864       2.1539558   2.1539558e-09        2.416963      0.24595944      0.24729148       13.782204       1.8744358      0.69472981      0.30519214      0.14130864       147.39104      0.99068184      0.82992706      0.60740223      0.45146046      0.81720882       1.0407053       9.0870556       1.0004238       16.289395       637.01696     0.088545445      0.088545445       814.20275                 21.851976                        394.01668                           221.1483              160.8964                       16.289395
              2       407.43853       68.065002       3.0746149      0.97427794      0.02251278      0.11859636      0.07138577       1.0004238       1.0049864       2.1641546   2.1641546e-09       2.4234865      0.24594358      0.24727556       13.768306       1.8762184      0.69394582      0.30597617        0.141754       147.30394      0.99547217      0.83598941      0.61081959      0.45429176      0.82127964       1.0413696       9.2830933       1.0004238       15.981833       640.15306     0.088545445      0.088545445       814.69998                 22.108242                        395.15214                          222.89268             158.56508                       15.981833
              1       407.92234       68.077481       3.0809827      0.97525579     0.022521663      0.11821807     0.075094282      0.99953966      0.99929026       2.1779796   2.1779796e-09        2.421917      0.24594739      0.24727939       13.777262       1.8742509      0.69485508      0.30506694       0.1413846       147.39471      0.99684099      0.83497626      0.61126061      0.45428165      0.82248431       1.0409837       9.6132123      0.99953966        15.61916       640.57182     0.088545445      0.088545445        815.6676                 22.134585                        397.51392                          220.92331             159.47662                        15.61916
             12       409.28347       68.077481       3.0807956      0.96913152     0.022521663      0.11821807     0.075094282      0.99953966      0.99929026       2.1775719   2.1775719e-09        2.421917      0.24594739      0.24727939       13.777262       1.8739001      0.69485508      0.30506694       0.1413846       147.39471      0.99442461      0.83295224      0.60977889      0.45318046      0.82049058       1.0409837       9.6132123      0.99953966        15.61916       640.88579     0.088545445      0.088545445       818.38985                 23.353396                        397.86507                          219.66733              161.8849                        15.61916
              2       410.10521       68.079856       3.0801122      0.96918981     0.022513294      0.11818153     0.074821279       1.0006209      0.99929026       2.1760844   2.1760844e-09       2.4233957       0.2459438      0.24727578       13.778276       1.8736428      0.69497327      0.30494875      0.14133969       147.41373      0.99396689      0.83229307      0.60944981      0.45289202      0.82012723       1.0409736       9.5898225       1.0006209       15.481837       641.10754     0.088545445      0.088545445       820.03332                 23.158735                        397.66046                          220.28835             163.44394                       15.481837
              7       410.64789       68.079856       3.0803003      0.96926134     0.022513294      0.11818153     0.074821279       1.0006209      0.99793404       2.1764937   2.1764937e-09       2.4233957       0.2459438      0.24727578       13.778276       1.8739952      0.69497327      0.30494875      0.14133969       147.41373      0.99408741      0.83239399      0.60952371      0.45294693      0.82022667       1.0409736       9.5898225       1.0006209       15.481837       640.92044     0.088545445      0.088545445       821.11869                  23.15631                        397.65524                          220.10889             164.71641                       15.481837
              2       410.93137       68.079856       3.0849126       0.9739265     0.022513294      0.11818153     0.074821279       1.0006209      0.99793404       2.1865557   2.1865557e-09       2.4233957       0.2459438      0.24727578       13.778276       1.8826587      0.69497327      0.30494875      0.14133969       147.41373      0.99815453      0.83579958      0.61201746      0.45480008      0.82358248       1.0409736       9.5898225       1.0006209       15.481837       642.42566     0.088545445      0.088545445       821.68564                 22.525204                         397.4132                          222.48725             163.77814                       15.481837
             10       410.65982       68.118123       3.0835091      0.97420815     0.022477793       0.1180253      0.07442544       1.0006209      0.99793404        2.183489    2.183489e-09       2.4296836      0.24592858       0.2472605       13.780109       1.8815072      0.69572909      0.30419303      0.14114796       147.49497        0.996844      0.83307429      0.61100652      0.45376726      0.82273227       1.0410128       9.5601753       1.0006209        14.55747       641.87732     0.088545445      0.088545445       821.14255                 22.431182                        397.12119                          222.32495             164.70776                        14.55747
              4       410.05951       68.145395       3.0813495      0.97456424     0.022473458      0.11784126     0.073582443       1.0045421       1.0036044       2.1787785   2.1787785e-09        2.430453      0.24592672      0.24725864       13.782834       1.8806162      0.69637823      0.30354395      0.14095958        147.5491      0.99482779      0.82995866      0.60956716      0.45245663      0.82123257       1.0409095       9.4801142       1.0045421       14.079421       643.82002     0.088545445      0.088545445       819.94193                 21.838838                        396.44154                          225.53964              162.0425                       14.079421
              5       406.65634       68.145395       3.0854363      0.97873074     0.022473458      0.11784126     0.073582443       1.0045421       1.0036044       2.1877009   2.1877009e-09        2.430453      0.24592672      0.24725864       13.782834       1.8883177      0.69637823      0.30354395      0.14095958        147.5491      0.99845037      0.83298088      0.61178685      0.45410421      0.82422302       1.0409095       9.4801142       1.0045421       14.079421        640.3707     0.088545445      0.088545445       813.13559                  21.40106                        396.28291                          222.68672             158.68547                       14.079421
             13        410.3751       68.106746       3.1046921       0.9780613     0.022592382      0.11838033     0.082291934       1.0045421        1.000973       2.2302351   2.2302351e-09        2.409474      0.24597769       0.2473098       13.768312       1.8917894      0.69461499       0.3053071      0.14161758       147.27279       1.0100021      0.84678167      0.61958598      0.46055957      0.83352256       1.0410611       10.242672       1.0045421       16.006859       648.61449     0.088545445      0.088545445        820.5731                 21.856972                        402.83414                          223.92338             155.95175                       16.006859
             15       409.50009       68.106746       3.1037469      0.97450612     0.022592382      0.11838033     0.082291934       1.0045421        1.000973       2.2281281   2.2281281e-09        2.409474      0.24597769       0.2473098       13.768312       1.8900021      0.69461499       0.3053071      0.14161758       147.27279       1.0081543      0.84523246      0.61845244      0.45971697      0.83199761       1.0410611       10.242672       1.0045421       16.006859       647.78137     0.088545445      0.088545445        818.8231                 22.445087                        403.14197                          222.19431             155.03486                       16.006859
              4         411.116       68.106746       3.1038515       0.9761234     0.022592382      0.11838033     0.082291934       1.0045421      0.99766344       2.2283611   2.2283611e-09        2.409474      0.24597769       0.2473098       13.768312       1.8901997      0.69461499       0.3053071      0.14161758       147.27279         1.00883      0.84579896      0.61886694      0.46002508      0.83255523       1.0410611       10.242672       1.0045421       16.006859       648.12153     0.088545445      0.088545445       822.05491                 22.147664                        402.96667                          223.00719             157.92652                       16.006859
              4       414.59084       68.074918       3.1049638      0.97688381     0.022637283      0.11806534      0.08312916       1.0045421      0.99766344       2.2308411   2.2308411e-09       2.4016215      0.24599688      0.24732905       13.778502       1.8891375      0.69491218      0.30500984      0.14134749       147.30664       1.0077125      0.84392444      0.61788648      0.45918443      0.83143868       1.0405175       10.295323       1.0045421       16.717462       649.06395     0.088545445      0.088545445       829.00459                 22.029043                        403.56639                          223.46853             163.22317                       16.717462
              4       415.85764       68.074918       3.1024211       0.9776801     0.022637283      0.11806534      0.08312916       1.0045421      0.99766344       2.2251761   2.2251761e-09       2.4016215      0.24599688      0.24732905       13.778502       1.8843402      0.69491218      0.30500984      0.14134749       147.30664       1.0067383      0.84310852      0.61728909      0.45874048      0.83063484       1.0405175       10.295323       1.0045421       16.717462       652.75154     0.088545445      0.088545445       831.53819                 21.740284                        403.42838                          227.58287             162.06919                       16.717462
              5       409.74909       68.087767       3.0905751       0.9771756     0.022505053      0.11812407     0.077445709         1.00266      0.99766344        2.198972    2.198972e-09       2.4248532      0.24594027      0.24727224       13.779366       1.8834375      0.69518586      0.30473619      0.14127399       147.43818       1.0019449      0.83849576       0.6142701      0.45639448      0.82675793       1.0409573       9.8290445         1.00266       15.258627       642.66332     0.088545445      0.088545445       819.32109                 21.806131                        399.10948                           221.7477             161.39915                       15.258627
              5       408.31308       68.037664       3.0879728      0.97606223      0.02250125      0.11860217     0.075505545         1.00266       1.0003542       2.1932572   2.1932572e-09       2.4255262      0.24593864       0.2472706        13.77089       1.8858463      0.69371218      0.30620975      0.14174828       147.31543       1.0030565      0.84276812      0.61546713      0.45783566      0.82737065        1.041324        9.664965         1.00266       16.268128       642.83408     0.088545445      0.088545445       816.44907                 21.966076                        397.79165                          223.07636             157.34686                       16.268128
              4       407.14852       68.040655       3.0768518      0.97605934     0.022571731      0.11852641     0.069723556         1.00266       1.0058569        2.169001    2.169001e-09       2.4130978      0.24596885      0.24730093       13.770768       1.8866817      0.69375049      0.30617145      0.14174301       147.25699      0.99651045      0.83719222      0.61144482      0.45482931      0.82198918       1.0410717       9.1110613         1.00266       16.894365       638.85312     0.088545445      0.088545445       814.11994                 21.821459                        394.13298                          222.89868             158.37246                       16.894365
             15       407.86646       68.188224       3.0625124      0.97733573     0.022621068       0.1178308      0.06318627         1.00266       1.0058569       2.1381207   2.1381207e-09       2.4044531      0.24598996      0.24732211       13.775278       1.8842969      0.69646455      0.30345773      0.14109674        147.3871      0.98515279      0.82193511      0.60378571      0.44813347      0.81350136       1.0406473       8.4662286         1.00266       14.806553       635.90309     0.088545445      0.088545445       815.55583                 21.444401                        391.16908                           223.2896             164.84619                       14.806553
              9       407.77852       68.188224       3.0617076      0.97317942     0.022621068       0.1178308      0.06318627       1.0015869      0.99869907       2.1364007   2.1364007e-09       2.4044531      0.24598996      0.24732211       13.775278       1.8827811      0.69646455      0.30345773      0.14109674        147.3871      0.98319492      0.82030162      0.60258576      0.44724286      0.81188462       1.0406473       8.4662286       1.0015869       14.806553       635.41221     0.088545445      0.088545445       815.37995                  22.20337                        391.22839                          221.98045             165.16119                       14.806553
             14       408.18392       68.188224       3.0622899      0.97217365     0.022621068       0.1178308      0.06318627       1.0015869       1.0067545       2.1376452   2.1376452e-09       2.4044531      0.24598996      0.24732211       13.775278       1.8838778      0.69646455      0.30345773      0.14109674        147.3871      0.98310415      0.82022589      0.60253013      0.44720157      0.81180967       1.0406473       8.4662286       1.0015869       14.806553       636.16114     0.088545445      0.088545445       816.19076                 22.425852                        391.27008                          222.46521             165.22306                       14.806553
             12       406.07642       68.195228       3.0629088      0.97181957     0.022591125      0.11798458     0.063394094       1.0018689       1.0067545       2.1389684   2.1389684e-09       2.4096944      0.24597716      0.24730926       13.771275       1.8842606      0.69626062      0.30366167      0.14122057       147.37949      0.98431402      0.82177424      0.60340397      0.44792537      0.81285048       1.0409083       8.4966999       1.0018689       14.545229       634.95493     0.088545445      0.088545445       811.97576                 22.461767                        391.30174                          221.19142              162.4756                       14.545229
              5       405.96228       68.195228       3.0621271      0.97179369     0.022591125      0.11798458     0.063394094       1.0018689       1.0067545        2.137297    2.137297e-09       2.4096944      0.24597716      0.24730926       13.771275       1.8827882      0.69626062      0.30366167      0.14122057       147.37949      0.98391967        0.821445      0.60316222      0.44774591      0.81252482       1.0409083       8.4966999       1.0018689       14.545229       634.43473     0.088545445      0.088545445       811.74747                 22.415514                        391.33095                          220.68827             162.76751                       14.545229
              7        407.4561       68.336017       3.0726375      0.97328223     0.022640623      0.11743183     0.069310342       1.0017711       0.9994501       2.1598795   2.1598795e-09       2.4010389       0.2459983      0.24733048       13.772524       1.8803008      0.69858855      0.30133407      0.14071732       147.47179      0.98570478      0.81809921      0.60371748      0.44729682      0.81483879       1.0406121       9.0325493       1.0017711       13.066322       637.48594     0.088545445      0.088545445       814.73511                 22.335603                        393.87206                          221.27828             164.18285                       13.066322
              8       407.43169       68.507363       3.0347135      0.97286727     0.022568302      0.11722459     0.050519539       1.0017711      0.99885048       2.0795019   2.0795019e-09       2.4137003      0.24596739      0.24729945       13.764976        1.879657      0.70069007      0.29923293      0.14043776       147.60784      0.96584008        0.797578      0.59125687      0.43729906      0.79941787       1.0410855       7.2097092       1.0017711       11.230121       635.12672     0.088545445      0.088545445       814.68628                 21.876655                        391.43085                          221.81922             168.32944                       11.230121
             13       407.58498       68.464346       3.0361254      0.97303877     0.022571143      0.11716163     0.051311558       1.0017711      0.99885048       2.0824401   2.0824401e-09       2.4132012       0.2459686      0.24730067       13.770435       1.8793335      0.70044209      0.29948081      0.14037764       147.62152      0.96639481      0.79838027      0.59153313      0.43759397      0.79962584        1.040883       7.2892537       1.0017711          11.495       634.42056     0.088545445      0.088545445       814.99287                 21.855455                        391.15511                          221.40999             169.07731                          11.495
              5       407.97261       68.464346       3.0319376      0.97992799     0.022571143      0.11716163     0.051311558       1.0017711        1.000977       2.0737373   2.0737373e-09       2.4132012       0.2459686      0.24730067       13.770435       1.8714796      0.70044209      0.29948081      0.14037764       147.62152      0.96692119      0.79881513      0.59185533      0.43783231      0.80006138        1.040883       7.2892537       1.0017711          11.495       638.28343     0.088545445      0.088545445       815.76812                 20.716929                        391.56354                          226.00297             165.98969                          11.495
              1       406.98372       68.464346       3.0325995      0.97729784     0.022571143      0.11716163     0.051311558        1.002123        1.000977       2.0751106   2.0751106e-09       2.4132012       0.2459686      0.24730067       13.770435       1.8727189      0.70044209      0.29948081      0.14037764       147.62152      0.96626634      0.79827414      0.59145449      0.43753579      0.79951954        1.040883       7.2892537        1.002123          11.495       636.50872     0.088545445      0.088545445       813.79035                 21.025916                        391.41951                           224.0633             165.78663                          11.495
              1       406.20039       68.464346       3.0350738       0.9774285     0.022571143      0.11716163     0.051311558        1.002123        1.000977       2.0802514   2.0802514e-09       2.4132012       0.2459686      0.24730067       13.770435       1.8773583      0.70044209      0.29948081      0.14037764       147.62152      0.96751094      0.79930235      0.59221632      0.43809936      0.80054936        1.040883       7.2892537        1.002123          11.495       634.67422     0.088545445      0.088545445        812.2237                 21.122009                        391.39078                          222.16143             166.05448                          11.495
              9       407.70418       68.464346       3.0338202      0.97126871     0.022571143      0.11716163     0.051311558        1.002123        1.000977       2.0776452   2.0776452e-09       2.4132012       0.2459686      0.24730067       13.770435       1.8750063      0.70044209      0.29948081      0.14037764       147.62152      0.96462897      0.79692143      0.59045225      0.43679437      0.79816473        1.040883       7.2892537        1.002123          11.495       634.58972     0.088545445      0.088545445       815.23126                 21.974717                        391.12832                          221.48669             169.14654                          11.495
              1       406.27628       68.464346       3.0337516      0.97715901     0.022571143      0.11716163     0.051311558        1.002123        1.000977       2.0775025   2.0775025e-09       2.4132012       0.2459686      0.24730067       13.770435       1.8748775      0.70044209      0.29948081      0.14037764       147.62152      0.96677166       0.7986916       0.5917638      0.43776461      0.79993766        1.040883       7.2892537        1.002123          11.495       635.16284     0.088545445      0.088545445       812.37547                 21.095905                        391.41329                          222.65364             165.71763                          11.495
             11       405.39044       68.594895        3.062032      0.97725257     0.022577301      0.11739378     0.065373872        1.002123        1.000977       2.1370938   2.1370938e-09       2.4121197      0.24597124      0.24730332       13.752357       1.8751696      0.70107477      0.29884843      0.14061595       147.55253       0.9812576      0.80988934      0.60088544      0.44427761      0.81269752        1.041503       8.6794589        1.002123       10.845716       638.56545     0.088545445      0.088545445       810.60379                 21.394256                        391.92126                          225.24994             161.19263                       10.845716
              3       404.77274       68.594895       3.0629608        0.975347     0.022577301      0.11739378     0.065373872       1.0017915        1.000977       2.1390798   2.1390798e-09       2.4121197      0.24597124      0.24730332       13.752357       1.8769122      0.70107477      0.29884843      0.14061595       147.55253      0.98099548        0.809673      0.60072492      0.44415893      0.81248043        1.041503       8.6794589       1.0017915       10.845716       636.80257     0.088545445      0.088545445        809.3684                 21.777755                        391.92848                          223.09634             161.72011                       10.845716
              5       404.55206       68.586994       3.0621862      0.97530011     0.022593039      0.11741426     0.064902884       1.0011022        1.000977       2.1374235   2.1374235e-09       2.4093588      0.24597798      0.24731008       13.752068       1.8772264       0.7009289      0.29899428      0.14065216        147.5295      0.98061566      0.80966836        0.600531      0.44406971      0.81211907        1.041461       8.6311055       1.0011022       10.938952       636.35962     0.088545445      0.088545445       808.92703                 21.860136                        391.73959                          222.75989             161.62846                       10.938952
             18       404.94585       68.727988       3.0491998      0.97581805      0.02265896      0.11708252     0.058522893       1.0026958        1.000977       2.1098454   2.1098454e-09       2.3978439      0.24600611      0.24733832       13.746862       1.8768013      0.70271747      0.29720603      0.14038635       147.54473      0.97160533      0.79872895      0.59473173      0.43912232       0.8054836       1.0413561       7.9931337       1.0026958       10.536757       636.06325     0.088545445      0.088545445       809.71461                 21.470658                        390.20836                          224.38423             163.11461                       10.536757
              9       407.03128       68.739017       3.0564695      0.97740774     0.022681549      0.11644135     0.062992233        1.001295       1.0017432       2.1252394   2.1252394e-09       2.3939167      0.24601572      0.24734796       13.762819       1.8736717      0.70412201       0.2958015      0.13976776       147.69142      0.97203012      0.79574257      0.59433523      0.43831019      0.80590041       1.0406434       8.4081295        1.001295       10.541247       635.19084     0.088545445      0.088545445       813.88546                 21.444226                        391.00289                          222.74372             168.15337                       10.541247
             17       407.21565       68.739017       3.0535447      0.97551186     0.022681549      0.11644135     0.062992233        1.001295       1.0017432       2.1190325   2.1190325e-09       2.3939167      0.24601572      0.24734796       13.762819       1.8681995      0.70412201       0.2958015      0.13976776       147.69142      0.96990377      0.79400186       0.5930351      0.43735138      0.80413748       1.0406434       8.4081295        1.001295       10.541247       635.49364     0.088545445      0.088545445       814.25421                 21.576265                        391.01681                          222.90057             168.21932                       10.541247
              5       407.78764       68.739017       3.0532039      0.97463567     0.022681549      0.11644135     0.062992233        1.001295       1.0017432       2.1183104   2.1183104e-09       2.3939167      0.24601572      0.24734796       13.762819       1.8675629      0.70412201       0.2958015      0.13976776       147.69142      0.96941274      0.79359988      0.59273487      0.43712996      0.80373037       1.0406434       8.4081295        1.001295       10.541247       635.93949     0.088545445      0.088545445       815.39818                 21.695655                         391.0181                          223.22573             168.91745                       10.541247
             16        406.9858       68.739017       3.0524711      0.97466769     0.022681549      0.11644135     0.062992233       1.0000857       1.0017432       2.1167586   2.1167586e-09       2.3939167      0.24601572      0.24734796       13.762819       1.8661948      0.70412201       0.2958015      0.13976776       147.69142       0.9690695      0.79331889        0.592525      0.43697518       0.8034458       1.0406434       8.4081295       1.0000857       10.541247       634.90874     0.088545445      0.088545445        813.7945                 21.786275                        391.03562                          222.08684             168.34452                       10.541247
             13       406.19656        68.35922        3.055569       0.9713053     0.022743119      0.11802152     0.062295509       1.0000857       1.0003266       2.1233263   2.1233263e-09       2.3832608      0.24604177      0.24737411       13.751589       1.8745954      0.69731187       0.3026108      0.14140951        147.2008      0.97886516      0.81565832      0.60026432      0.44520869      0.80932214       1.0410445       8.3556592       1.0000857       13.864893          637.89     0.088545445      0.088545445       812.21603                  22.46354                        390.92523                          224.50124             160.46113                       13.864893
              5       407.83658        68.35922       3.0592498      0.97662143     0.022743119      0.11802152     0.062295509       1.0034884       1.0003266       2.1311564   2.1311564e-09       2.3832608      0.24604177      0.24737411       13.751589       1.8815083      0.69731187       0.3026108      0.14140951        147.2008      0.98266536       0.8188249      0.60259469       0.4469371      0.81246413       1.0410445       8.3556592       1.0034884       13.864893        642.1785     0.088545445      0.088545445       815.49607                 21.389471                        390.87545                          229.91358             159.45267                       13.864893
              3       408.21338        68.35922       3.0601318      0.97545262     0.022743119      0.11802152     0.062295509       1.0037849       1.0046162       2.1330369   2.1330369e-09       2.3832608      0.24604177      0.24737411       13.751589       1.8831685      0.69731187       0.3026108      0.14140951        147.2008      0.98265871      0.81881936      0.60259061      0.44693407      0.81245863       1.0410445       8.3556592       1.0037849       13.864893       641.18374     0.088545445      0.088545445       816.24967                 21.580781                        390.91803                          228.68493             161.20103                       13.864893
              8       408.55322        68.35922       3.0599008      0.97444639     0.022743119      0.11802152     0.062295509       1.0037849       1.0045608       2.1325441   2.1325441e-09       2.3832608      0.24604177      0.24737411       13.751589       1.8827334      0.69731187       0.3026108      0.14140951        147.2008      0.98216673      0.81840941      0.60228892      0.44671031      0.81205186       1.0410445       8.3556592       1.0037849       13.864893       641.43598     0.088545445      0.088545445       816.92936                 21.726295                         390.9164                          228.79328             161.62848                       13.864893
              3       406.06424       68.367968       3.0592105      0.97512571     0.022714351      0.11769473     0.062465327        1.001841       1.0045608       2.1310726   2.1310726e-09       2.3882307      0.24602962      0.24736192       13.760497       1.8807954      0.69815002      0.30177267      0.14105395       147.31965      0.98051473      0.81504811      0.60089755      0.44536944      0.81073787       1.0407978       8.3725271        1.001841       13.387626       636.11621     0.088545445      0.088545445        811.9514                 21.802883                        390.93105                          223.38227             162.44756                       13.387626
              3       404.89365       68.369481        3.058595      0.97479556     0.022699104      0.11783202     0.062020184        1.001841       1.0043171       2.1297613   2.1297613e-09       2.3908711      0.24602317      0.24735544       13.757037       1.8813122       0.6979023      0.30202039      0.14117599       147.30005      0.98094448      0.81601676      0.60129091      0.44575241      0.81110218       1.0409875       8.3361028        1.001841       13.322385       635.79252     0.088545445      0.088545445       809.61021                 21.850112                        390.80193                          223.14047             160.49531                       13.322385
              3       404.68669       68.404617       3.0593553      0.97479376     0.022710983      0.11784518     0.062351946        1.001841       1.0037701       2.1313812   2.1313812e-09       2.3888137       0.2460282      0.24736049       13.753244       1.8814944      0.69815904      0.30176373      0.14120103       147.28334      0.98115458      0.81577679      0.60144636       0.4457729      0.81148434        1.041075       8.3656374        1.001841       13.052575       636.25083     0.088545445      0.088545445        809.1963                 21.871504                        390.89641                          223.48292             159.89289                       13.052575
              5       405.09227       68.404617       3.0598077      0.97072013     0.022710983      0.11784518     0.062351946        1.001841       1.0019583       2.1323456   2.1323456e-09       2.3888137       0.2460282      0.24736049       13.753244       1.8823457      0.69815904      0.30176373      0.14120103       147.28334      0.97984853      0.81469088      0.60064575      0.44517951      0.81040414        1.041075       8.3656374        1.001841       13.052575       636.93753     0.088545445      0.088545445       810.00744                 22.638311                        390.97225                          223.32697             160.01734                       13.052575
              8       406.24555       68.331929        3.073275      0.97026389     0.022651761      0.11815641     0.068982211        1.001841       1.0019583       2.1612567   2.1612567e-09       2.3990975      0.24600305      0.24733524       13.752822       1.8827349      0.69697683      0.30294578      0.14145303       147.26632      0.98873638      0.82453983      0.60636424      0.44985734      0.81732043       1.0413412       9.0145743        1.001841        13.53373       639.73169     0.088545445      0.088545445         812.314                 22.939549                        393.86347                          222.92867             159.04858                        13.53373
              2       406.04684       68.331929       3.0735272      0.97049588     0.022651761      0.11815641     0.068982211        1.001841        1.002074       2.1618018   2.1618018e-09       2.3990975      0.24600305      0.24733524       13.752822       1.8832098      0.69697683      0.30294578      0.14145303       147.26632      0.98894869      0.82471688      0.60649445      0.44995393      0.81749594       1.0413412       9.0145743        1.001841        13.53373       639.61552     0.088545445      0.088545445       811.91659                 22.909642                        393.84902                          222.85686             158.76733                        13.53373
              2       407.16175       68.296965       3.0749774       0.9717964     0.022655238      0.11758226     0.070463644        1.001841        1.002074       2.1649393   2.1649393e-09        2.398492      0.24600453      0.24733673       13.771478       1.8803634      0.69788993      0.30203259      0.14088236       147.41536      0.98715533      0.82077759       0.6047831      0.44834579      0.81580469       1.0406188       9.1387714        1.001841       13.656072       638.43032     0.088545445      0.088545445       814.14641                 22.637736                        394.54875                          221.24383             162.06002                       13.656072
              4       406.03132       68.168506       3.0580569      0.96949983     0.022554888      0.11841811      0.06107589        1.001841        1.002074       2.1286156   2.1286156e-09       2.4160593      0.24596164      0.24729368       13.762822       1.8838547      0.69516748      0.30475476      0.14161787       147.30447      0.98377931      0.82382674      0.60349989      0.44839919      0.81224972       1.0413811       8.2898436        1.001841       14.837831       635.57574     0.088545445      0.088545445       811.88556                 22.782773                        390.64389                          222.14908             161.47198                       14.837831
             13       406.10368       68.179342       3.0539514      0.96962657     0.022542763      0.11831603     0.059159999       1.0009481        1.002074       2.1198944   2.1198944e-09       2.4181946      0.24595644      0.24728847       13.764969        1.883339      0.69551004      0.30441221      0.14150366       147.34508      0.98131876      0.82100016      0.60186906      0.44706178      0.81028258       1.0413365       8.1032914       1.0009481       14.530793       635.88762     0.088545445      0.088545445       812.03027                 22.805845                        390.26932                          222.81245             161.61186                       14.530793
              1        405.8069       68.160572       3.0537301      0.97000298     0.022548439      0.11814567     0.059253302       1.0006988        1.002074       2.1194253   2.1194253e-09       2.4171948      0.24595887      0.24729091       13.771123       1.8825709       0.6956968      0.30422541      0.14133898       147.38409      0.98046942      0.81972368       0.6011731       0.4464763      0.80946983       1.0410856         8.10775       1.0006988       14.709258       635.58577     0.088545445      0.088545445       811.43672                 22.750551                        390.27734                          222.55788             161.14169                       14.709258
              1       405.93304       68.160572       3.0503032      0.97702579     0.022548439      0.11814567     0.059253302      0.99970461       1.0050897       2.1121747   2.1121747e-09       2.4171948      0.24595887      0.24729091       13.771123       1.8761306       0.6956968      0.30422541      0.14133898       147.38409      0.98141791      0.82051667      0.60175467      0.44690822       0.8102529       1.0410856         8.10775      0.99970461       14.709258       635.28208     0.088545445      0.088545445       811.68899                 21.448312                        390.33957                           223.4942             161.69766                       14.709258
              1       405.30494       68.194433       3.0499437      0.97727948     0.022555027      0.11803827     0.059309447      0.99995301       1.0013986       2.1114155   2.1114155e-09        2.416035       0.2459617      0.24729374       13.770866       1.8752457      0.69621571      0.30370658      0.14123816       147.40535      0.98057551      0.81875725       0.6011309       0.4462545      0.80975848       1.0410555        8.109844      0.99995301       14.280933       634.85857     0.088545445      0.088545445        810.4328                 21.374388                        390.33957                          223.14461              161.2933                       14.280933
              1       404.76668       68.202844       3.0531799      0.97739153     0.022562682      0.11804615     0.060927158       1.0003064       1.0034995       2.1182596   2.1182596e-09       2.4146884      0.24596498      0.24729704       13.769695       1.8752472      0.69625724      0.30366507       0.1412537       147.39473      0.98215284      0.82002398      0.60211442      0.44696935      0.81111105       1.0410694       8.2663998       1.0003064       14.247626       635.15208     0.088545445      0.088545445       809.35626                  21.36053                        390.59694                          223.19461             159.95656                       14.247626
              1       406.43297       68.338074       3.0483121      0.97830285     0.022497655      0.11790953     0.059652594      0.99888552       1.0019508       2.1079735   2.1079735e-09       2.4261626      0.24593709      0.24726905       13.763198       1.8709042      0.69788992      0.30203269      0.14105206       147.50363      0.97935991      0.81454131      0.60018782      0.44493919      0.80960594       1.0414933       8.1555554      0.99888552       12.322129       636.82695     0.088545445      0.088545445       812.68885                 21.250182                        390.39488                          225.18188             163.53978                       12.322129
              5       404.57108       68.338074       3.0619702      0.97755198     0.022497655      0.11790953     0.059652594         1.00661       1.0024646       2.1369619   2.1369619e-09       2.4261626      0.24593709      0.24726905       13.763198       1.8966325      0.69788992      0.30203269      0.14105206       147.50363      0.98578708      0.81988684      0.60412662      0.44785916      0.81491908       1.0414933       8.1555554         1.00661       12.322129       636.30719     0.088545445      0.088545445       808.96508                 21.268217                         390.3826                          224.65637             160.33576                       12.322129
              2       404.52801       68.338074       3.0604242      0.97669158     0.022497655      0.11790953     0.059652594       1.0057297       1.0019057       2.1336607   2.1336607e-09       2.4261626      0.24593709      0.24726905       13.763198       1.8937026      0.69788992      0.30203269      0.14105206       147.50363      0.98470064      0.81898325      0.60346082      0.44736558      0.81402096       1.0414933       8.1555554       1.0057297       12.322129       635.79657     0.088545445      0.088545445       808.87892                 21.401158                        390.40524                          223.99018             160.76022                       12.322129
              2        406.0555       68.338074       3.0630837       0.9758395     0.022497655      0.11790953     0.059652594       1.0068718      0.99826839       2.1393426   2.1393426e-09       2.4261626      0.24593709      0.24726905       13.763198       1.8987455      0.69788992      0.30203269      0.14105206       147.50363      0.98568915      0.81980539      0.60406661      0.44781467      0.81483812       1.0414933       8.1555554       1.0068718       12.322129       635.25432     0.088545445      0.088545445       811.93391                 21.548248                         390.3791                          223.32697             164.35746                       12.322129
              1       404.34746       68.338074       3.0957535      0.97987357     0.022497655      0.11790953     0.059652594       1.0243307       1.0030052       2.2103887   2.2103887e-09       2.4261626      0.24593709      0.24726905       13.763198       1.9618016      0.69788992      0.30203269      0.14105206       147.50363       1.0034732       0.8345965      0.61496531      0.45589424      0.82953961       1.0414933       8.1555554       1.0243307       12.322129       638.64673     0.088545445      0.088545445       808.51784                 20.915885                        390.40707                          227.32378             157.54898                       12.322129
              3       404.95794       68.275327       3.0782761       0.9777936     0.022574984      0.11811479     0.048191087       1.0263767       1.0034308       2.1720926   2.1720926e-09       2.4125266      0.24597025      0.24730232       13.761059        1.972514      0.69672818       0.3031943      0.14133464       147.36278      0.99470441      0.82978529      0.60989658      0.45257072      0.82191317       1.0413261       6.9794877       1.0263767       13.551749       639.07858     0.088545445      0.088545445        809.7388                 21.028258                        393.01278                          225.03754             157.10847                       13.551749
              1       406.20669       68.227514       3.0731952      0.97802273     0.022519997      0.11802018     0.046645138       1.0257126       1.0055775       2.1610843   2.1610843e-09       2.4222112      0.24594668      0.24727867       13.769378       1.9685945      0.69662433      0.30329804      0.14118505       147.44925      0.99238541       0.8278157      0.60831363      0.45143471      0.81970984       1.0412247       6.8256362       1.0257126       13.610085       639.73408     0.088545445      0.088545445       812.23629                 20.942086                        394.15546                          224.63654             158.89212                       13.610085
              4       405.16273        68.06152       3.0805448      0.97714679     0.022528438       0.1183612     0.049457299       1.0260934       1.0043139       2.1770261   2.1770261e-09       2.4207209       0.2459503       0.2472823       13.774593       1.9719939      0.69438835      0.30553364       0.1415345       147.34912      0.99815221      0.83712747      0.61222682      0.45517365      0.82346965       1.0410704       7.1244125       1.0260934       16.012607        637.2891     0.088545445      0.088545445       810.14837                 21.101713                        392.16501                          224.02238             156.84666                       16.012607
              1       405.32191        68.06152       3.0756466       0.9767223     0.022528438       0.1183612     0.049457299       1.0234789       1.0049001       2.1663884   2.1663884e-09       2.4207209       0.2459503       0.2472823       13.774593       1.9623581      0.69438835      0.30553364       0.1415345       147.34912      0.99554912      0.83494432      0.61063019       0.4539866      0.82132211       1.0410704       7.1244125       1.0234789       16.012607       636.85798     0.088545445      0.088545445       810.46674                 21.165462                        392.15251                          223.54001             157.59615                       16.012607
              1        405.2105        68.06152       3.0772105      0.97375016     0.022528438       0.1183612     0.049457299       1.0243865      0.99875883       2.1697793   2.1697793e-09       2.4207209       0.2459503       0.2472823       13.774593       1.9654296      0.69438835      0.30553364       0.1415345       147.34912      0.99519833      0.83465012      0.61041503      0.45382663      0.82103271       1.0410704       7.1244125       1.0243865       16.012607       635.28142     0.088545445      0.088545445       810.24391                  21.57166                        392.00861                          221.70115             158.94988                       16.012607
              5        404.5255       68.062398       3.0772314      0.97375097     0.022529096       0.1183601     0.049461622        1.024077       1.0048697       2.1698246   2.1698246e-09       2.4206047      0.24595058      0.24728259       13.774527       1.9654537      0.69439717      0.30552482      0.14153407       147.34868      0.99519432      0.83463045       0.6104121      0.45382118      0.82103469       1.0410701       7.1247118        1.024077       16.005649       634.89024     0.088545445      0.088545445       808.87391                 21.605088                        392.00861                          221.27655             157.97801                       16.005649
              5        404.6479       68.119187       3.0839562      0.97452372     0.022474619      0.11842483     0.053716699       1.0226327       1.0003091       2.1844654   2.1844654e-09       2.4302468      0.24592721      0.24725914       13.769202       1.9619478      0.69488443      0.30503769      0.14154431       147.39203      0.99940114      0.83730483      0.61300349      0.45556602      0.82484922       1.0414477       7.5761701       1.0226327       14.773042       634.80072     0.088545445      0.088545445        809.1187                 21.635685                        390.44823                           222.7168             159.54495                       14.773042
              2       407.47259       68.069816         3.08364      0.97470534     0.022396813      0.11854539       0.0543685       1.0225886       1.0003882       2.1837748   2.1837748e-09       2.4441184       0.2458939       0.2472257       13.772423       1.9587724      0.69434939      0.30557262      0.14158707       147.44675       1.0007923      0.83948919      0.61390314       0.4564345      0.82569802       1.0416279       7.6618007       1.0225886       14.810785       637.18816     0.088545445      0.088545445       814.76809                 21.518047                        390.32398                          225.34613             162.76915                       14.810785
              4        408.2587       67.930657        3.101098      0.97363226     0.022451732      0.11908866     0.061245385       1.0237811       1.0035346       2.2222338   2.2222338e-09       2.4343148       0.2459174      0.24724929       13.768519       1.9660415      0.69179952      0.30812217      0.14218526       147.24148         1.01223      0.85458179      0.62157401      0.46309873      0.83428054       1.0416453       8.3432657       1.0237811       17.817598       638.13108     0.088545445      0.088545445       816.34031                 21.885774                        390.72416                          225.52115             160.39163                       17.817598
              4       409.41983       68.098872       3.0941909      0.97374838     0.022516524      0.11885717      0.05713845       1.0224727       1.0078685       2.2069375   2.2069375e-09       2.4228249      0.24594519      0.24727717       13.758111       1.9686123       0.6936797      0.30624237      0.14201856       147.23055        1.006328      0.84597812       0.6177686      0.45955992      0.83044239        1.041736       7.9189564       1.0224727       15.731389       637.92583     0.088545445      0.088545445       818.66257                 22.032838                         390.0886                          225.80438             165.00536                       15.731389
              2       408.55178       68.056003       3.0913668       0.9752393     0.022381779      0.11851367     0.058960052       1.0211422       1.0083796       2.2007137   2.2007137e-09       2.4468127      0.24588748      0.24721925       13.774925       1.9559218      0.69432624      0.30559574      0.14154032       147.47199       1.0048717      0.84288291       0.6163546      0.45826581      0.82897955       1.0415918       8.1249902       1.0211422        14.83539       636.45381     0.088545445      0.088545445       816.92646                 21.616207                        390.33847                          224.49913             165.63727                        14.83539
              2       406.39636       68.056003       3.0912754      0.97529528     0.022381779      0.11851367     0.058960052       1.0212267       1.0023219       2.2005124   2.2005124e-09       2.4468127      0.24588748      0.24721925       13.774925        1.955743      0.69432624      0.30559574      0.14154032       147.47199       1.0048472      0.84286239      0.61633959      0.45825466      0.82895937       1.0415918       8.1249902       1.0212267        14.83539       636.52216     0.088545445      0.088545445       812.61563                 21.593389                        390.34546                          224.58331             161.25808                        14.83539
              9       406.44021       68.056003       3.0881574      0.97440628     0.022381779      0.11851367     0.058960052       1.0194905       1.0024386       2.1936619   2.1936619e-09       2.4468127      0.24588748      0.24721925       13.774925       1.9496545      0.69432624      0.30559574      0.14154032       147.47199       1.0029414       0.8412638      0.61517063      0.45738552      0.82738715       1.0415918       8.1249902       1.0194905        14.83539       636.09103     0.088545445      0.088545445       812.70333                 21.749561                        390.31911                          224.02236             161.77691                        14.83539
              2       407.76606       68.056003       3.0788076      0.97462087     0.022381779      0.11851367     0.058960052       1.0146815      0.99964741       2.1732474   2.1732474e-09       2.4468127      0.24588748      0.24721925       13.774925       1.9315107      0.69432624      0.30559574      0.14154032       147.47199      0.99834549      0.83740879      0.61235167       0.4552896      0.82359572       1.0415918       8.1249902       1.0146815        14.83539       636.26624     0.088545445      0.088545445       815.35502                 21.721099                        390.32409                          224.22104             164.25339                        14.83539
              2       408.23486       68.070298       3.0800542      0.97478564     0.022377285      0.11850043     0.059748387       1.0158814       1.0035067       2.1759581   2.1759581e-09       2.4476189      0.24588556      0.24721733       13.774138       1.9308732      0.69449289      0.30542912      0.14152258       147.48053      0.99893747      0.83758212      0.61269557      0.45548319      0.82417062       1.0416319       8.2037767       1.0158814        14.60713       638.65649     0.088545445      0.088545445       816.29264                 21.568795                        390.45006                          226.63764             163.02901                        14.60713
              1       408.78543        68.07049       3.0800144      0.97478632     0.022377252      0.11849953     0.059730185       1.0154961      0.99906373       2.1758716   2.1758716e-09       2.4476248      0.24588554      0.24721731       13.774146       1.9308667      0.69449662      0.30542538      0.14152165       147.48081      0.99891249      0.83755313      0.61267924      0.45546965      0.82415117       1.0416316       8.2019739       1.0154961       14.603847        637.7279     0.088545445      0.088545445       817.39378                 21.609372                        390.43864                           225.6799             165.06203                       14.603847
              4       407.61613       68.011855       3.0785165      0.97457226     0.022356762       0.1185615     0.059056965       1.0137275        1.004153       2.1726148   2.1726148e-09        2.451306       0.2458768      0.24720854       13.778228       1.9305742      0.69387995      0.30604192      0.14156313       147.48718      0.99881858      0.83863431      0.61266653      0.45568988       0.8237187       1.0415752        8.141249       1.0137275       15.225672       636.98519     0.088545445      0.088545445       815.05517                 21.797776                        390.34752                           224.8399             162.84431                       15.225672
              1       407.71862       68.011855       3.0706164      0.97373652     0.022356762       0.1185615     0.059056965       1.0100438       1.0022502       2.1555186   2.1555186e-09        2.451306       0.2458768      0.24720854       13.778228       1.9153826      0.69387995      0.30604192      0.14156313       147.48718      0.99456386      0.83506193      0.61005672      0.45374876      0.82020986       1.0415752        8.141249       1.0100438       15.225672       636.34943     0.088545445      0.088545445       815.26015                 21.899396                        390.33779                          224.11224             163.68505                       15.225672
              4        407.8606        68.18895       3.0606435      0.97317829     0.022512967      0.11825961     0.052087815       1.0143033       1.0057632       2.1341286   2.1341286e-09       2.4234535      0.24594366      0.24727564       13.766465       1.9229929      0.69578128        0.304141      0.14141744       147.39328      0.98584427      0.82418302      0.60455255      0.44895499      0.81407669       1.0413819       7.3988277       1.0143033       14.132413       637.75979     0.088545445      0.088545445       815.54411                 21.628251                        390.79498                          225.33657              163.6519                       14.132413
              3       405.35897        68.18895       3.0607215      0.97283847     0.022512967      0.11825961     0.052087815       1.0117862       1.0055457        2.134295    2.134295e-09       2.4234535      0.24594366      0.24727564       13.766465       1.9231428      0.69578128        0.304141      0.14141744       147.39328      0.98575479       0.8241082      0.60449768      0.44891424      0.81400279       1.0413819       7.3988277       1.0117862       14.132413        635.2929     0.088545445      0.088545445       810.54084                 21.969202                        390.76633                          222.55736             161.11554                       14.132413
              1       404.85087       68.141923       3.0616586      0.97341088     0.022531897       0.1178838     0.053688597       1.0124001      0.99923662        2.136296    2.136296e-09       2.4201106      0.24595178      0.24728379       13.780382       1.9187929      0.69612982      0.30379235      0.14106056       147.47247      0.98444346       0.8218792       0.6033123      0.44790549      0.81263958       1.0407945       7.5510481       1.0124001       14.639454       632.23027     0.088545445      0.088545445       809.52466                 21.734235                         390.4306                          220.06543             162.65494                       14.639454
              2         404.647       68.066404       3.0747111      0.97404382     0.022481859      0.11797691     0.061348548       1.0118723       1.0041666       2.1643628   2.1643628e-09        2.428962      0.24593032      0.24726225       13.785922       1.9144472      0.69536218      0.30455982      0.14110364       147.50333      0.99232959      0.82988624      0.60819171      0.45181292      0.81869539       1.0407969       8.3248701       1.0118723       15.234244       632.97813     0.088545445      0.088545445       809.11691                 21.734318                        390.76341                           220.4804             160.90454                       15.234244
              1       403.46717       68.157444       3.0833141      0.97399142     0.022569433      0.11801205     0.064491279       1.0122994       1.0030556       2.1830631   2.1830631e-09       2.4135017      0.24596787      0.24729994       13.774474       1.9188891      0.69591131      0.30401089      0.14122635       147.39633      0.99570667       0.8319154      0.61039413       0.4532446      0.82203075       1.0408807       8.6075401       1.0122994       14.851506       634.24845     0.088545445      0.088545445       806.75724                 21.937975                        391.70735                          220.60313             157.65729                       14.851506
              1       403.40837       68.157444       3.0846528      0.97327343     0.022569433      0.11801205     0.064491279       1.0128631       1.0029091       2.1859875   2.1859875e-09       2.4135017      0.24596787      0.24729994       13.774474       1.9214596      0.69591131      0.30401089      0.14122635       147.39633      0.99610048      0.83224443      0.61063554      0.45342386      0.82235586       1.0408807       8.6075401       1.0128631       14.851506       634.00783     0.088545445      0.088545445       806.63965                 22.075782                         391.6858                          220.24625             157.78031                       14.851506
              1       404.66728       68.157444       3.0763662       0.9769463     0.022569433      0.11801205     0.064491279       1.0090295       1.0001287       2.1679479   2.1679479e-09       2.4135017      0.24596787      0.24729994       13.774474        1.905603      0.69591131      0.30401089      0.14122635       147.39633        0.993374      0.82996645      0.60896414      0.45218277      0.82010495       1.0408807       8.6075401       1.0090295       14.851506       635.80714     0.088545445      0.088545445       809.15748                  21.44007                        391.66547                           222.7016             158.49883                       14.851506
              2        405.2531       68.157444       3.0733255      0.97573586     0.022569433      0.11801205     0.064491279       1.0073632       1.0061141       2.1613659   2.1613659e-09       2.4135017      0.24596787      0.24729994       13.774474       1.8998175      0.69591131      0.30401089      0.14122635       147.39633      0.99140627       0.8283224      0.60775787      0.45128706      0.81848044       1.0408807       8.6075401       1.0073632       14.851506       635.04061     0.088545445      0.088545445       810.32912                 21.639585                         391.6767                          221.72433               160.437                       14.851506
              1       405.18961       68.151723       3.0665199      0.97522553     0.022557113      0.11812681     0.060550675       1.0076827        1.006983       2.1467065   2.1467065e-09       2.4156678      0.24596259      0.24729464       13.772187       1.9018621      0.69563971      0.30428248      0.14132879       147.37946      0.98859028      0.82659902      0.60614147      0.45018729      0.81612138       1.0410171       8.2323225       1.0076827       14.887564        633.9743     0.088545445      0.088545445       810.20214                 21.631763                        390.55147                          221.79106             161.34028                       14.887564
              3       405.16379       68.505956       3.0682139      0.97568808     0.022773909      0.11763626     0.059552369        1.009092       1.0002046       2.1503461   2.1503461e-09        2.377959      0.24605472      0.24738711       13.748253       1.9088941      0.69936248      0.30056051      0.14105503       147.26912      0.98381548      0.81565672      0.60292153      0.44642014      0.81428759       1.0409925       8.0762216        1.009092       12.429877       636.73361     0.088545445      0.088545445       810.15049                 21.689598                        390.31603                          224.72798               160.987                       12.429877
              5       404.76555       68.505956        3.071253      0.97556729     0.022773909      0.11763626     0.059552369       1.0105268       1.0032239       2.1568911   2.1568911e-09        2.377959      0.24605472      0.24738711       13.748253       1.9147042      0.69936248      0.30056051      0.14105503       147.26912      0.98526591      0.81685923      0.60381042      0.44707829      0.81548809       1.0409925       8.0762216       1.0105268       12.429877        636.6876     0.088545445      0.088545445       809.35401                 21.719554                        390.30728                          224.66077             160.23653                       12.429877
              1       404.42264       68.484563       3.0727132      0.97534262     0.022770066      0.11776262     0.059978054       1.0108593        1.002967        2.160043    2.160043e-09       2.3786198      0.24605311      0.24738549        13.74681       1.9158704       0.6989134      0.30100955      0.14117755       147.23978      0.98670254      0.81902226      0.60482211      0.44799455      0.81654964        1.041073       8.1208413       1.0108593       12.645937       636.81667     0.088545445      0.088545445       808.66819                 21.752071                         390.3693                           224.6953             159.20558                       12.645937
              2       406.65125       68.484563        3.057974      0.97301468     0.022770066      0.11776262     0.059978054       1.0047007      0.99887488       2.1284392   2.1284392e-09       2.3786198      0.24605311      0.24738549        13.74681        1.887839       0.6989134      0.30100955      0.14117755       147.23978      0.97858444      0.81228376      0.59984593      0.44430867      0.80983147        1.041073       8.1208413       1.0047007       12.645937       638.68838     0.088545445      0.088545445       813.12541                 21.992092                        390.34513                          226.35116             161.79109                       12.645937
              1       406.38168       68.426277       3.0489201      0.97239027     0.022740921      0.11786926     0.055141624       1.0048319       1.0005091       2.1092554   2.1092554e-09         2.38364      0.24604084      0.24737318       13.749856       1.8890079      0.69823474      0.30168808      0.14125505       147.24373      0.97496535      0.81057619      0.59770952       0.4429755      0.80649306       1.0410881       7.6523643       1.0048319       13.055651       637.84878     0.088545445      0.088545445       812.58627                 21.967675                        390.19093                          225.69018             161.68184                       13.055651
              3        406.0536       68.248205       3.0519607      0.97174468     0.022720378      0.11808711      0.05649686       1.0038058       1.0013723       2.1156785   2.1156785e-09       2.3871882      0.24603217      0.24736447       13.760258       1.8896315      0.69623435      0.30368806      0.14145236       147.20858      0.97823773      0.81708238      0.59992499      0.44535249      0.80814637       1.0408429       7.7949462       1.0038058       15.075935       636.02771     0.088545445      0.088545445       811.93011                 22.214179                        390.08474                          223.72879             160.82646                       15.075935
              2       405.79886       68.163449       3.0597764      0.97197002     0.022680802      0.11819808     0.061069201       1.0026582       1.0030286       2.1322788   2.1322788e-09       2.3940464       0.2460154      0.24734764       13.765833       1.8871219      0.69532481      0.30459741      0.14152374       147.22302      0.98339391       0.8230908      0.60316321      0.44809118       0.8119014       1.0408097       8.2545373       1.0026582       15.939615       635.72674     0.088545445      0.088545445       811.42063                 22.343237                        390.63574                          222.74777             159.75427                       15.939615
              5       406.87055       68.163449       3.0626737       0.9685799     0.022680802      0.11819808     0.061069201       1.0042007       1.0033352       2.1384657   2.1384657e-09       2.3940464       0.2460154      0.24734764       13.765833       1.8925975      0.69532481      0.30459741      0.14152374       147.22302      0.98354835      0.82322006      0.60325793      0.44816155      0.81202891       1.0408097       8.2545373       1.0042007       15.939615       636.57517     0.088545445      0.088545445         813.564                 22.995975                        390.64459                           222.9346             161.04921                       15.939615
              1       407.02717       68.153712       3.0571866      0.96841017     0.022648727      0.11824923      0.05839003       1.0039443      0.99882879       2.1267639   2.1267639e-09       2.3996261      0.24600175      0.24733395       13.766178       1.8923538      0.69519668      0.30472552      0.14154282       147.24502      0.98135827      0.82163921      0.60193493       0.4472257      0.81016288       1.0409173       8.0011502       1.0039443       15.797462       635.57093     0.088545445      0.088545445       813.87726                 22.954767                        390.12648                          222.48968             162.50886                       15.797462
              1       408.37899       68.153712       3.0626002      0.97010718     0.022648727      0.11824923      0.05839003       1.0089443       1.0029125       2.1383086   2.1383086e-09       2.3996261      0.24600175      0.24733395       13.766178       1.9026261      0.69519668      0.30472552      0.14154282       147.24502      0.98465432      0.82439881      0.60395663      0.44872778      0.81288394       1.0409173       8.0011502       1.0089443       15.797462       638.25142     0.088545445      0.088545445       816.58088                 22.318949                        390.15218                          225.78028               162.532                       15.797462
              9       404.96612       68.153712       3.0605382      0.97125906     0.022648727      0.11824923      0.05839003       1.0065259       1.0007917       2.1339039   2.1339039e-09       2.3996261      0.24600175      0.24733395       13.766178       1.8987069      0.69519668      0.30472552      0.14154282       147.24502      0.98407156       0.8239109      0.60359918      0.44846221      0.81240285       1.0409173       8.0011502       1.0065259       15.797462       634.67741     0.088545445      0.088545445       809.75514                 22.282335                        390.15924                          222.23584             159.28027                       15.797462
              4       405.84322       68.158907       3.0606307      0.97124307     0.022653125      0.11825001     0.058364892       1.0072367       1.0023975       2.1341014   2.1341014e-09       2.3988599      0.24600363      0.24733583       13.765576        1.898978      0.69523199      0.30469022        0.141548       147.23993      0.98405983      0.82384658      0.60359751      0.44844798      0.81242413       1.0409223       7.9976939       1.0072367       15.767272       635.90791     0.088545445      0.088545445       811.50936                 22.205754                        390.16796                          223.53419             159.83418                       15.767272
              5       409.54319       68.158907       3.0733844      0.97082171     0.022653125      0.11825001     0.058364892       1.0140308      0.99485246       2.1614932   2.1614932e-09       2.3988599      0.24600363      0.24733583       13.765576        1.923352      0.69523199      0.30469022        0.141548       147.23993      0.99019599      0.82898372      0.60736128       0.4512443      0.81749005       1.0409223       7.9976939       1.0140308       15.767272       636.73452     0.088545445      0.088545445       818.90928                  22.23818                        390.16062                          224.33572             166.40749                       15.767272
              1       407.36927       67.778995       3.0671235      0.96878175     0.022502792      0.11910351     0.054547482       1.0116012       1.0001003       2.1480026   2.1480026e-09       2.4252532       0.2459393      0.24727126        13.78022       1.9259964      0.69027525      0.30964609      0.14225117       147.18054      0.99362393      0.84166548      0.61021939      0.45520016       0.8180307       1.0410774       7.6643016       1.0116012       21.233662       633.85808     0.088545445      0.088545445       814.56144                 22.766593                        390.10789                          220.98359              159.4697                       21.233662
              4       405.98256       67.778995        3.088516      0.97476016     0.022502792      0.11910351     0.054547482       1.0240796       1.0021529       2.1944488   2.1944488e-09       2.4252532       0.2459393      0.24727126        13.78022       1.9676421      0.69027525      0.30964609      0.14225117       147.18054       1.0065939      0.85265192      0.61818472      0.46114199      0.82870864       1.0410774       7.6643016       1.0240796       21.233662       635.57884     0.088545445      0.088545445       811.78803                 21.535487                        390.26617                          223.77718             154.97553                       21.233662
              1       406.90931       67.778995       3.0797568      0.97405801     0.022502792      0.11910351     0.054547482       1.0185644       1.0059843       2.1753112   2.1753112e-09       2.4252532       0.2459393      0.24727126        13.78022       1.9504825      0.69027525      0.30964609      0.14225117       147.18054       1.0019273      0.84869896      0.61531876      0.45900409      0.82486668       1.0410774       7.6643016       1.0185644       21.233662       634.51479     0.088545445      0.088545445       813.64153                 21.755114                        390.27451                          222.48516             157.89308                       21.233662
              1       411.00393       68.116686       3.0880575      0.97383383     0.022747094       0.1189736     0.055462085       1.0199645       1.0067476       2.1934429   2.1934429e-09       2.3825754      0.24604345      0.24737579       13.747128       1.9631459      0.69309204      0.30683007      0.14236556        146.9442       1.0019819      0.84388963      0.61547601      0.45807396      0.82696408       1.0413174       7.7011204       1.0199645       17.959781       641.67605     0.088545445      0.088545445       821.83077                 22.121141                        390.12066                          229.43425             162.19494                       17.959781
              1       408.34414       68.124385       3.0957467      0.97500424      0.02278139      0.11849336     0.060848779        1.021946       1.0025631       2.2103736   2.2103736e-09       2.3766737      0.24605786      0.24739025       13.758534       1.9571004       0.6941223      0.30579984      0.14191962       147.03328       1.0033599      0.84254371      0.61583924      0.45795907      0.82814817       1.0407467       8.2146728        1.021946       17.836221        640.8523     0.088545445      0.088545445        816.5112                 21.698883                        390.57089                          228.58253             157.82267                       17.836221
              2       408.86404       68.173145       3.0981221      0.97488391     0.022812498      0.11855887     0.061389091       1.0224357      0.99832016       2.2156304   2.2156304e-09       2.3713399      0.24607086      0.24740331        13.75159       1.9596361       0.6943518      0.30557044      0.14201624       146.98157       1.0044168      0.84316334      0.61659283      0.45843346      0.82931713       1.0408808       8.2610998       1.0224357       17.437906       642.08606     0.088545445      0.088545445       817.55099                 21.757718                        390.70114                           229.6272             158.02702                       17.437906
              3       411.08391       68.173145       3.0917324      0.97464465     0.022812498      0.11855887     0.061389091       1.0171361      0.99740215       2.2015185   2.2015185e-09       2.3713399      0.24607086      0.24740331        13.75159       1.9471546       0.6943518      0.30557044      0.14201624       146.98157       1.0011214      0.84039702      0.61456986      0.45692939      0.82659623       1.0408808       8.2610998       1.0171361       17.437906       641.26658     0.088545445      0.088545445       821.99073                 22.030993                         390.6768                          228.55878             163.28625                       17.437906
              2       410.34674       68.173145       3.0934967      0.96756235     0.022812498      0.11855887     0.061389091       1.0192903      0.99684159       2.2054059   2.2054059e-09       2.3713399      0.24607086      0.24740331        13.75159       1.9505929       0.6943518      0.30557044      0.14201624       146.98157      0.99930106       0.8388689      0.61345237      0.45609854      0.82509321       1.0408808       8.2610998       1.0192903       17.437906       641.89814     0.088545445      0.088545445       820.51638                 23.236863                        390.68108                           227.9802             161.18033                       17.437906
              6        409.3343       68.211934       3.0936129      0.96841964     0.022803702      0.11824008     0.062697915       1.0186587       1.0028764       2.2056623   2.2056623e-09       2.3728462      0.24606719      0.24739962       13.757047       1.9457198      0.69540339      0.30451894      0.14168864       147.07571      0.99786416      0.83530554      0.61221672      0.45478776      0.82414116       1.0406826        8.383125       1.0186587       16.505923       641.16108     0.088545445      0.088545445       818.49151                  23.04455                         391.0589                          227.05763              160.8245                       16.505923
              1       411.07049       68.306157       3.0943241      0.96768085      0.02288828      0.11842527       0.0610259       1.0182672       1.0040222       2.2072315   2.2072315e-09       2.3584239       0.2461023      0.24743486       13.741385       1.9536261      0.69566494      0.30425761      0.14195842       146.93325      0.99788848      0.83525697      0.61252285      0.45491752      0.82473027       1.0409399        8.206233       1.0182672       16.101802       646.67388     0.088545445      0.088545445       821.96389                 23.514583                        390.58292                          232.57638             159.18821                       16.101802
              1       411.05802       68.306157       3.0903239      0.96719269      0.02288828      0.11842527       0.0610259       1.0171932      0.99797285       2.1984198   2.1984198e-09       2.3584239       0.2461023      0.24743486       13.741385       1.9458269      0.69566494      0.30425761      0.14195842       146.93325      0.99570922      0.83343288      0.61118518      0.45392403      0.82292917       1.0409399        8.206233       1.0171932       16.101802        645.2967     0.088545445      0.088545445       821.93896                 23.478272                        390.56685                          231.25158             160.54045                       16.101802
              1       410.81369       68.165104       3.0792807      0.96650229     0.022706649      0.11895235     0.056046503       1.0161581      0.99751951       2.1742756   2.1742756e-09       2.3895639      0.24602636      0.24735864       13.744511       1.9437179      0.69366066      0.30626157      0.14230387       146.99452      0.99482253      0.83675975      0.61101207      0.45454084      0.82134698       1.0415434       7.7685446       1.0161581       16.725754       640.63808     0.088545445      0.088545445        821.4503                 23.419372                        389.92996                          227.28875             164.08646                       16.725754
              3       410.24056       68.153069       3.0808287      0.96639731     0.022710907      0.11900773     0.056639812       1.0162185      0.99889773        2.177644    2.177644e-09       2.3888268      0.24602816      0.24736045       13.743963       1.9444204      0.69342407      0.30649813       0.1423635       146.97518      0.99586473      0.83814465      0.61171625      0.45515254      0.82213485       1.0415551       7.8276522       1.0162185       17.000126       641.02267     0.088545445      0.088545445       820.30402                  23.47572                        389.96163                          227.58533             162.28122                       17.000126
              2       411.26843       68.153069       3.0825997      0.96586231     0.022710907      0.11900773     0.056639812       1.0158535       1.0002964       2.1815041   2.1815041e-09       2.3888268      0.24602816      0.24736045       13.743963       1.9478671      0.69342407      0.30649813       0.1423635       146.97518      0.99654386      0.83871623      0.61213341      0.45546294      0.82269551       1.0415551       7.8276522       1.0158535       17.000126       644.16232     0.088545445      0.088545445       822.35976                 23.790722                        389.94622                          230.42537             161.19732                       17.000126
              1       405.08183       68.220103       3.0715585       0.9680955     0.022619142      0.11810894     0.055184171       1.0141829       1.0028349       2.1575502   2.1575502e-09       2.4047896      0.24598913      0.24732128       13.764913       1.9320953      0.69615466      0.30376769      0.14137295       147.31523      0.98753382      0.82487179        0.605541      0.44955098      0.81565812       1.0410422       7.6869715       1.0141829       14.549842       635.57194     0.088545445      0.088545445       809.98658                 22.968045                        390.00371                          222.60019              159.8648                       14.549842
              1       406.43087       68.220103       3.0726762      0.96875656     0.022619142      0.11810894     0.055184171       1.0163002       1.0052762       2.1599631   2.1599631e-09       2.4047896      0.24598913      0.24732128       13.764913       1.9342561      0.69615466      0.30376769      0.14137295       147.31523      0.98833469      0.82554074      0.60603208      0.44991556       0.8163196       1.0410422       7.6869715       1.0163002       14.549842       634.85551     0.088545445      0.088545445       812.68465                 22.624617                        390.07958                          222.15131             163.27929                       14.549842
              4       405.60691       68.165353       3.0711031      0.96887392     0.022554743      0.11817497     0.055137717       1.0155009       1.0038968       2.1565679   2.1565679e-09       2.4160849      0.24596158      0.24729362       13.769728       1.9313951      0.69566286      0.30425937      0.14137458       147.36929      0.98869009       0.8267086      0.60625176      0.45026066      0.81628539       1.0411147       7.6976876       1.0155009       14.721674       633.89535     0.088545445      0.088545445       811.03673                 22.584364                         390.0882                          221.22278             162.41971                       14.721674
              3       405.20073       68.193187       3.0707939      0.96847737     0.022592112      0.11825702     0.054068205       1.0147701       1.0009102       2.1559012   2.1559012e-09       2.4095213      0.24597758      0.24730968       13.764004       1.9349324      0.69565446      0.30426783        0.141494       147.30587      0.98842184      0.82667372      0.60621522      0.45023665      0.81623052       1.0411884       7.5830851       1.0147701       14.745518       635.44354     0.088545445      0.088545445       810.22437                 22.855794                        390.14703                          222.44071             160.03532                       14.745518
              6       405.19459       68.193187       3.0818678      0.96822569     0.022592112      0.11825702     0.054068205       1.0216438       1.0013716       2.1799081   2.1799081e-09       2.4095213      0.24597758      0.24730968       13.764004       1.9564787      0.69565446      0.30426783        0.141494       147.30587      0.99381459      0.83118398      0.60952268      0.45269311       0.8206838       1.0411884       7.5830851       1.0216438       14.745518       634.81425     0.088545445      0.088545445       810.21208                 22.738715                        390.14684                          221.92869             160.65232                       14.745518
              1       405.19928       68.193187       3.0832228      0.96874944     0.022592112      0.11825702     0.054068205       1.0226707       1.0021752       2.1828639   2.1828639e-09       2.4095213      0.24597758      0.24730968       13.764004       1.9591316      0.69565446      0.30426783        0.141494       147.30587      0.99468656      0.83191326      0.61005747       0.4530903      0.82140387       1.0411884       7.5830851       1.0226707       14.745518       634.95703     0.088545445      0.088545445       810.22146                 22.592068                        390.19224                          222.17272             160.51891                       14.745518
              4       404.39976       68.844573       3.0819986      0.97434348     0.022558197      0.11621425     0.052249071        1.026625       1.0028165       2.1801932   2.1801932e-09       2.4154772      0.24596306      0.24729511       13.763102       1.9638667      0.70576805       0.2941557      0.13941731       147.89059      0.98267942       0.8010454      0.60046961      0.44221692      0.81535496       1.0410272        7.373709        1.026625       10.416105       634.37779     0.088545445      0.088545445       808.62244                 21.511751                        390.98155                          221.88449             163.82855                       10.416105
              2       408.78616       68.764367         3.08001      0.97399508     0.022551655      0.11630865     0.051616804       1.0259847      0.99544853       2.1758621   2.1758621e-09       2.4166285      0.24596025      0.24729229       13.767786       1.9624454      0.70489547      0.29502811      0.13950517       147.87239       0.9824664      0.80254124      0.60043401      0.44251819      0.81470322       1.0409078       7.3117663       1.0259847       10.361136       633.91447     0.088545445      0.088545445       817.39522                 21.560353                        391.13736                          221.21675             173.11962                       10.361136
              1       404.20315       68.764367       3.0894474      0.97422203     0.022551655      0.11630865     0.051616804       1.0303799       1.0053119       2.1964937   2.1964937e-09       2.4166285      0.24596025      0.24729229       13.767786       1.9810534      0.70489547      0.29502811      0.13950517       147.87239      0.98719918      0.80640727      0.60332644      0.44464991      0.81862784       1.0409078       7.3117663       1.0303799       10.361136       633.76572     0.088545445      0.088545445       808.22921                 21.573746                        391.13736                          221.05461             164.10236                       10.361136
              1       404.22762       68.763423       3.0894311       0.9742728     0.022545929      0.11631505     0.051477788       1.0302364       1.0054999       2.1964579   2.1964579e-09       2.4176369       0.2459578      0.24728983       13.767851       1.9815719      0.70488593      0.29503764      0.13950584       147.87708      0.98729563      0.80650396      0.60338611      0.44469748       0.8187022       1.0409265       7.2988784       1.0302364       10.358351       634.08099     0.088545445      0.088545445       808.27815                 21.590767                        391.21915                          221.27107              163.8388                       10.358351
              1       404.10168       68.986632       3.0989611      0.97405075     0.022660718         0.11619     0.058976063       1.0264365       1.0000861       2.2174901   2.2174901e-09       2.3975379      0.24600686      0.24733907       13.748402        1.970769       0.7068141      0.29310997      0.13949559       147.78226      0.98939658      0.80476906        0.604659       0.4449059       0.8217749       1.0411602       8.0215952       1.0264365       10.586222        636.0612     0.088545445      0.088545445       808.02627                 21.979627                        390.17136                          223.91021             161.37886                       10.586222
              2       402.99079       68.986632       3.0986289      0.97604126     0.022660718         0.11619     0.058976063       1.0266448       1.0001972       2.2167536   2.2167536e-09       2.3975379      0.24600686      0.24733907       13.748402       1.9701144       0.7068141      0.29310997      0.13949559       147.78226      0.98998982       0.8052516      0.60502155      0.44517267      0.82226764       1.0411602       8.0215952       1.0266448       10.586222       634.57272     0.088545445      0.088545445       805.80449                 21.612496                         390.2074                          222.75282             160.64555                       10.586222
              1        402.8251       68.947544        3.103588      0.97444177     0.022718431      0.11672797     0.059676824       1.0283189       1.0003562        2.227774    2.227774e-09        2.387525      0.24603135      0.24736365       13.735549       1.9771358      0.70522852      0.29469546      0.14009126       147.57339      0.99452438      0.81264676      0.60844062      0.44829259      0.82579992       1.0414748       8.0864958       1.0283189       10.366674       635.57844     0.088545445      0.088545445       805.47311                 21.869386                        390.28124                          223.42782               159.528                       10.366674
              1       401.68348       68.354312       3.0940211      0.97250289     0.022570765      0.11780502     0.056734748       1.0254187        1.002742       2.2065627   2.2065627e-09       2.4132676      0.24596844      0.24730051       13.762615       1.9698679      0.69810065        0.301822      0.14102065       147.44999      0.99855171      0.83008046       0.6119152      0.45355396      0.82556927       1.0412429       7.8481616       1.0254187       12.581307       633.05476     0.088545445      0.088545445       803.18986                 22.048091                        390.12048                          220.88618              157.5538                       12.581307
              6       402.57493       68.347969       3.0975197      0.97261047     0.022581755      0.11778662     0.065613937       1.0176003       1.0025956       2.2142962   2.2142962e-09       2.4113379      0.24597315      0.24730523        13.76338       1.9419774      0.69806047      0.30186217      0.14101325       147.44265       1.0001694      0.83148625      0.61289849      0.45429789      0.82686837       1.0411763        8.707832       1.0176003       12.702808       635.31729     0.088545445      0.088545445       804.97278                 22.364861                        392.13304                          220.81939             156.95268                       12.702808
              7       404.79707       68.435831       3.1024199      0.97274573     0.022599441       0.1178137     0.069153253       1.0173546      0.99949925       2.2251732   2.2251732e-09       2.4082371      0.24598071      0.24731283       13.754376       1.9377515       0.6987397      0.30118314      0.14105801       147.41574       1.0023215      0.83212255      0.61426602      0.45505528      0.82918002       1.0414209       9.0374474       1.0173546       12.055815       638.28542     0.088545445      0.088545445       809.41705                 22.366263                        393.84068                          222.07848             159.07582                       12.055815
              2       403.89964       68.435831       3.1124479      0.97854113     0.022599441       0.1178137     0.069153253       1.0226094       1.0030826       2.2475995   2.2475995e-09       2.4082371      0.24598071      0.24731283       13.754376        1.957281       0.6987397      0.30118314      0.14105801       147.41574          1.0096      0.83816513       0.6187266      0.45835973      0.83520122       1.0414209       9.0374474       1.0226094       12.055815       639.31611     0.088545445      0.088545445        807.6222                 21.380186                        393.60247                          224.33346             156.25027                       12.055815
              1       408.66536       68.364447       3.1116516      0.97816561     0.022616303      0.11783196     0.072510163        1.016888       1.0080954       2.2458105   2.2458105e-09       2.4052861      0.24598792      0.24732006       13.759741       1.9426367      0.69803508      0.30188759      0.14109313       147.39209        1.009302      0.83924335      0.61858248      0.45852068      0.83451913       1.0411853       9.3437142        1.016888       12.794034       641.72051     0.088545445      0.088545445       817.15363                 21.723297                        395.53616                          224.46105             162.63908                       12.794034
              1       404.51103       68.364447       3.1135856      0.97529192     0.022616303      0.11783196     0.072510163       1.0196652        1.005041       2.2501582   2.2501582e-09       2.4052861      0.24598792      0.24732006       13.759741       1.9463974      0.69803508      0.30188759      0.14109313       147.39209       1.0091668       0.8391309       0.6184996      0.45845925      0.83440732       1.0411853       9.3437142       1.0196652       12.794034       639.29443     0.088545445      0.088545445       808.84496                 22.001227                        395.65227                          221.64093              156.7565                       12.794034
              1       402.94572        68.22138       3.1060983      0.97597125     0.022507948      0.11781432     0.066998127       1.0217829       1.0037795       2.2333735   2.2333735e-09       2.4243411      0.24594151      0.24727348       13.775873       1.9532936      0.69703797      0.30288438      0.14096714        147.5177       1.0070249      0.83895858      0.61704904      0.45776112      0.83176466       1.0410186       8.8576607       1.0217829       13.476471        635.2827     0.088545445      0.088545445       805.71435                 21.650752                        392.74001                          220.89194             156.95518                       13.476471
              1       403.17351       68.198075       3.1061784      0.97572207     0.022499033       0.1179656     0.065134199       1.0241547       1.0021542       2.2335524   2.2335524e-09       2.4259186      0.24593769      0.24726964       13.774054       1.9607458      0.69652478      0.30339752       0.1411095       147.48713        1.007973      0.84088512      0.61778588      0.45850174      0.83240556       1.0411329       8.6859553       1.0241547       13.747623       635.94631     0.088545445      0.088545445       806.16994                 21.579466                        391.93258                          222.43427               156.476                       13.747623
              5       403.98192       68.198075       3.1163288      0.97606432     0.022499033       0.1179656     0.065134199       1.0277997        1.006774       2.2563392   2.2563392e-09       2.4259186      0.24593769      0.24726964       13.774054       1.9807494      0.69652478      0.30339752       0.1411095       147.48713       1.0132342      0.84527417      0.62101045      0.46089491      0.83675035       1.0411329       8.6859553       1.0277997       13.747623       634.83541     0.088545445      0.088545445       807.78675                 21.694168                        391.92737                          221.21388             159.20372                       13.747623
              1       408.08582       68.153648       3.1198414      0.97492149     0.022563089      0.11821629     0.070305541       1.0249114       1.0088679       2.2642788   2.2642788e-09       2.4146168      0.24596515      0.24729721       13.769413       1.9672669      0.69545139      0.30447081      0.14142425       147.34899       1.0156137       0.8496794      0.62281567      0.46264295      0.83844218       1.0411022        9.161483       1.0249114       14.972943       637.91999     0.088545445      0.088545445       815.99456                 21.949472                        394.45491                          221.51561             163.10163                       14.972943
              2       404.97338       68.305049       3.1187085      0.97672515     0.022555126      0.11748656     0.074448557       1.0206731        1.002397       2.2617151   2.2617151e-09       2.4160176      0.24596174      0.24729379       13.776115       1.9488243      0.69838113      0.30154141      0.14068655       147.55246       1.0111277      0.83952872      0.61925449      0.45888716      0.83566541       1.0407975       9.5296684       1.0206731       12.804529       638.98689     0.088545445      0.088545445       809.76968                 21.783764                          396.833                          220.37012             157.97826                       12.804529
              3       404.85131       68.737155       3.1262744      0.97689374      0.02274787      0.11683354     0.074795566       1.0245254       1.0023931       2.2788919   2.2788919e-09       2.3824416      0.24604377      0.24737612       13.750426       1.9622626      0.70313553      0.29678798      0.14022628       147.51232       1.0080192      0.82766981      0.61684513      0.45528959      0.83572726        1.040889       9.4959263       1.0245254       10.711281       640.85319     0.088545445      0.088545445       809.52553                 21.865416                        396.81627                          222.17151             157.96105                       10.711281
              2       407.90253       68.737155       3.1156432      0.97478344      0.02274787      0.11683354     0.074795566       1.0186575      0.99661991       2.2547929   2.2547929e-09       2.3824416      0.24604377      0.24737612       13.750426       1.9415119      0.70313553      0.29678798      0.14022628       147.51232        1.001863       0.8226151      0.61307797      0.45250907      0.83062334        1.040889       9.4959263       1.0186575       10.711281       641.40057     0.088545445      0.088545445       815.62797                 22.293463                        396.91645                          222.19066             163.51612                       10.711281
              5        407.2993       68.737155       3.1244988      0.97399876      0.02274787      0.11683354     0.074795566       1.0242579       0.9971098       2.2748491   2.2748491e-09       2.3824416      0.24604377      0.24737612       13.750426       1.9587815      0.70313553      0.29678798      0.14022628       147.51232        1.006006      0.82601684      0.61561321      0.45438031       0.8340582        1.040889       9.4959263       1.0242579       10.711281       641.80332     0.088545445      0.088545445       814.42151                 22.304146                        396.95894                          222.54023             161.90691                       10.711281
              2        406.1722       68.737155       3.1144191      0.97826493      0.02274787      0.11683354     0.074795566        1.018376      0.99931362       2.2520344   2.2520344e-09       2.3824416      0.24604377      0.24737612       13.750426       1.9391366      0.70313553      0.29678798      0.14022628       147.51232       1.0025899      0.82321188      0.61352273      0.45283734      0.83122593        1.040889       9.4959263        1.018376       10.711281        641.1603     0.088545445      0.088545445        812.1673                 21.649312                        396.73687                          222.77412             160.29572                       10.711281
              1       403.56804       68.760215       3.1131375      0.97801235     0.022751425      0.11691033     0.068160236       1.0249572      0.99927629       2.2491502   2.2491502e-09       2.3818288      0.24604527      0.24737762       13.746193       1.9625251      0.70316468      0.29675889      0.14030663       147.48782       1.0021633      0.82292703      0.61334952      0.45269841      0.83101163       1.0410304       8.8881207       1.0249572       10.645125       637.78915     0.088545445      0.088545445       806.95898                 21.449059                        392.97835                          223.36174             158.52471                       10.645125
              3       409.11619       69.017301       3.1092186      0.97779686     0.022901123      0.11625198     0.056316027       1.0356759      0.99616884       2.2403532   2.2403532e-09       2.3562454       0.2461076      0.24744018       13.737416       2.0017093       0.7064398      0.29348433      0.13979797       147.49768      0.99420105      0.80978645       0.6079242      0.44745119      0.82594894       1.0407023       7.7074159       1.0356759        10.49305       638.16951     0.088545445      0.088545445       818.05528                 21.235545                         390.2549                          226.67907             169.39272                        10.49305
              1       408.93164       69.189939       3.1115572      0.97870814     0.022924804       0.1158702     0.057859308       1.0358541      0.99735145       2.2455985   2.2455985e-09       2.3522364      0.24611737      0.24744998       13.732012       2.0002125      0.70865095      0.29127356      0.13943987       147.57381      0.99267845      0.80406638       0.6066041      0.44563635       0.8257148       1.0407413       7.8472733       1.0358541       10.858831       638.40328     0.088545445      0.088545445       817.68619                 21.138139                        390.17507                          227.09008             168.42407                       10.858831
              1       405.88434       69.059774       3.1038647      0.98059114     0.022738262      0.11572014     0.054059377       1.0360513       1.0006709       2.2283906   2.2283906e-09       2.3840988      0.24603972      0.24737205       13.752717       2.0000274      0.70825739      0.29166683      0.13910327       147.82217      0.99077522      0.80274374      0.60507537      0.44466325      0.82335611       1.0406711       7.5098538       1.0360513       10.821781       635.31702     0.088545445      0.088545445        811.5916                 20.796895                        390.75748                          223.76264              165.4528                       10.821781
              3       404.46818       69.059774       3.1431872        0.977066     0.022738262      0.11572014     0.054059377       1.0571359       1.0000364       2.3177621   2.3177621e-09       2.3840988      0.24603972      0.24737205       13.752717       2.0802402      0.70825739      0.29166683      0.13910327       147.82217       1.0090765      0.81757178      0.61625214      0.45287693      0.83856489       1.0406711       7.5098538       1.0571359       10.821781       634.56675     0.088545445      0.088545445       808.75926                 21.187826                        390.56503                           222.8139             163.37073                       10.821781
              1       403.99533       69.016509       3.1428426      0.97672763     0.022738885       0.1158378     0.053674025       1.0563578       1.0005043       2.3169635   2.3169635e-09       2.3839913      0.24603999      0.24737232       13.753286       2.0811267       0.7076432      0.29228093      0.13922155       147.78973        1.009617       0.8193028      0.61671321      0.45345414      0.83875116       1.0406687       7.4729399       1.0563578       10.659404       634.32964     0.088545445      0.088545445       807.81357                 21.306598                        390.67788                          222.34516             162.82453                       10.659404
              3       401.95444       68.609814       3.1414909      0.97746819     0.022471738      0.11665458     0.061020652       1.0472244       1.0013851       2.3138339   2.3138339e-09       2.4307584      0.24592598       0.2472579        13.77417       2.0480017      0.70299934      0.29692389      0.13977118       147.86886       1.0177431      0.83522366      0.62228964      0.45936072      0.84300721       1.0410261       8.2724972       1.0472244       10.453274       633.25137     0.088545445      0.088545445       803.73179                  21.30186                         390.6144                          221.33511             160.02715                       10.453274
              3       402.57832       68.554936        3.143869      0.97426731     0.022657731       0.1171619     0.058212285       1.0493412       1.0060968       2.3193428   2.3193428e-09       2.3980579      0.24600559       0.2473378       13.760031       2.0644406      0.70104845      0.29887466      0.14046449       147.52486       1.0192694      0.84108405      0.62399429      0.46137376      0.84393372       1.0409305       7.9633938       1.0493412       11.314482        633.8382     0.088545445      0.088545445       804.97955                 21.920189                        390.15611                          221.76191             159.82687                       11.314482
              1       402.96647       68.531109       3.1452576      0.97388147     0.022688365      0.11719816     0.062355383       1.0468347      0.99830511       2.3225657   2.3225657e-09       2.3927334      0.24601861      0.24735086       13.760311         2.05025      0.70069808      0.29922498       0.1405314       147.48103       1.0198737      0.84232402      0.62443856      0.46183748       0.8442873         1.04082       8.3593448       1.0468347       11.620109       633.68976     0.088545445      0.088545445       805.75584                 21.973686                        390.88154                          220.83454             160.44598                       11.620109
              1       402.18039       68.474421       3.1483903      0.97322222     0.022682383      0.11758528     0.063997438       1.0454446       1.0035391       2.3298531   2.3298531e-09       2.3937719      0.24601607      0.24734832       13.754925       2.0499396      0.69938943      0.30053349      0.14091253       147.38434       1.0236844      0.84844706      0.62719632      0.46438344      0.84709142       1.0410796        8.525454       1.0454446        12.13123       635.16476     0.088545445      0.088545445       804.18368                 22.256279                        391.43233                          221.47615              156.8877                        12.13123
              3       404.03689       68.474421        3.101889      0.98025671     0.022682383      0.11758528     0.063997438       1.0231214       1.0028916       2.2239923   2.2239923e-09       2.3937719      0.24601607      0.24734832       13.754925       1.9567971      0.69938943      0.30053349      0.14091253       147.38434       1.0028593      0.83118681      0.61443706      0.45493633      0.82985876       1.0410796        8.525454       1.0231214        12.13123       638.64883     0.088545445      0.088545445       807.89669                 20.992042                        391.35396                          226.30282             157.11664                        12.13123
              1       403.11515       68.474421       3.0920919      0.97431376     0.022682383      0.11758528     0.063997438       1.0162366       1.0005468         2.20231     2.20231e-09       2.3937719      0.24601607      0.24734832       13.754925       1.9377198      0.69938943      0.30053349      0.14091253       147.38434      0.99568635      0.82524176      0.61004231      0.45168241      0.82392321       1.0410796        8.525454       1.0162366        12.13123       636.00088     0.088545445      0.088545445       806.05322                 22.083414                        391.38813                          222.52933             157.92111                        12.13123
             11       402.99147       68.555422       3.0944133      0.97364579     0.022761528      0.11757854     0.063259893       1.0186025       1.0016814       2.2074284   2.2074284e-09       2.3800887      0.24604952      0.24738189       13.745788       1.9450903      0.69994532      0.29997779      0.14098494       147.29821      0.99558836      0.82427433      0.61006062      0.45148701      0.82432926       1.0411097       8.4359695       1.0186025       11.930166       636.80553     0.088545445      0.088545445       805.80585                 22.149176                        391.13792                          223.51843             157.07016                       11.930166
              5       404.61206       68.555422       3.0774587      0.97287708     0.022761528      0.11757854     0.063259893       1.0098727       0.9994489       2.1703177   2.1703177e-09       2.3800887      0.24604952      0.24738189       13.745788         1.91239      0.69994532      0.29997779      0.14098494       147.29821      0.98689338      0.81707552      0.60473264      0.44754395      0.81712997       1.0411097       8.4359695       1.0098727       11.930166       637.38718     0.088545445      0.088545445       809.04704                 22.304111                        391.19334                          223.88973              159.7297                       11.930166
              1        404.5844       68.555422        3.078736      0.97313039     0.022761528      0.11757854     0.063259893       1.0108611      0.99887969       2.1730916   2.1730916e-09       2.3800887      0.24604952      0.24738189       13.745788       1.9148343      0.69994532      0.29997779      0.14098494       147.29821       0.9876197      0.81767686      0.60517771      0.44787333      0.81773135       1.0411097       8.4359695       1.0108611       11.930166       637.12961     0.088545445      0.088545445       808.99171                 22.214302                        391.15988                          223.75542             159.93193                       11.930166
              6        403.5124        68.33588       3.0733607      0.97262222     0.022688647      0.11792922     0.059208371       1.0123955       1.0004374       2.1614421   2.1614421e-09       2.3926846      0.24601873      0.24735098        13.75765       1.9200647      0.69741936      0.30250325      0.14126274       147.28579      0.98813883      0.82298188      0.60579387      0.44926996      0.81685009       1.0410174       8.0671784       1.0123955       13.654045       635.00001     0.088545445      0.088545445       806.84772                 22.094034                        390.26364                          222.64233             158.19367                       13.654045
              6       405.99642        68.33588       3.0353991      0.97369896     0.022688647      0.11792922     0.059208371      0.99294057         1.00141       2.0809281   2.0809281e-09       2.3926846      0.24601873      0.24735098        13.75765        1.848542      0.69741936      0.30250325      0.14126274       147.28579      0.96995921      0.80784079      0.59464857      0.44100437      0.80182181       1.0410174       8.0671784      0.99294057       13.654045       635.50468     0.088545445      0.088545445       811.81575                  21.95873                        390.27741                          223.26855             162.65702                       13.654045
              1       408.30733       68.122311       3.0303131      0.97552608     0.022434335      0.11819031      0.05719619      0.99121752       1.0040009       2.0703714   2.0703714e-09       2.4374139      0.24590995      0.24724181       13.776417       1.8465807      0.69550458      0.30441755      0.14126951       147.49945      0.97238345      0.81319713      0.59614193      0.44280966      0.80256875       1.0413119       7.9315495      0.99121752       14.244008       636.68853     0.088545445      0.088545445       816.43756                 21.670629                         390.1502                           224.8677             165.50502                       14.244008
              2       407.27681       68.036822       3.0291173      0.97502886     0.022425328      0.11838491     0.056212036         0.99325       1.0050601       2.0678971   2.0678971e-09       2.4390206      0.24590609      0.24723794       13.778954       1.8480077      0.69433794      0.30558399      0.14145511       147.45763      0.97305236      0.81604974      0.59674786      0.44368375      0.80261675       1.0412866       7.8382884         0.99325       15.389532       634.85724     0.088545445      0.088545445       814.37654                 21.518332                        390.18429                          223.15461             164.12977                       15.389532
              1       408.36601       68.036822       3.0598857      0.96884828     0.022425328      0.11838491     0.056212036       1.0068236       1.0069118       2.1325119   2.1325119e-09       2.4390206      0.24590609      0.24723794       13.778954       1.9057517      0.69433794      0.30558399      0.14145511       147.45763      0.98581396      0.82675224      0.60457422      0.44950267      0.81314308       1.0412866       7.8382884       1.0068236       15.389532         635.368     0.088545445      0.088545445       816.55493                  22.82699                        390.02217                          222.51883              165.7974                       15.389532
              2       409.00465       68.036822        3.034516      0.97292614     0.022425328      0.11838491     0.056212036       0.9970625       1.0000506       2.0790912   2.0790912e-09       2.4390206      0.24590609      0.24723794       13.778954       1.8580114      0.69433794      0.30558399      0.14145511       147.45763      0.97490043      0.81759962      0.59788123      0.44452641      0.80414112       1.0412866       7.8382884       0.9970625       15.389532       636.63488     0.088545445      0.088545445       817.83221                 21.720564                        390.15905                          224.75526              165.8078                       15.389532
             10       407.09119       68.513912       3.0385676      0.97307439      0.02264303       0.1175391     0.050076895       1.0052664       1.0046601       2.0875321   2.0875321e-09       2.4006193      0.24599933      0.24733151       13.753763       1.8885867      0.69991809      0.30000492        0.140827       147.44045      0.96885094      0.80196011      0.59351055      0.43924876      0.80194826       1.0412488       7.1536104       1.0052664       11.608576       637.27806     0.088545445      0.088545445       814.00528                 21.695486                        391.69927                          223.88331             165.11864                       11.608576
              1       406.73394       68.396566       3.0429652       0.9715897     0.022680029      0.11807353     0.055667205       1.0009762       1.0019719       2.0967323   2.0967323e-09       2.3941806      0.24601507      0.24734731       13.748586       1.8758196      0.69766602      0.30225673      0.14139843       147.25697      0.97345238       0.8105151      0.59693337       0.4426086      0.80506669       1.0413729       7.7220499       1.0009762       13.022234       637.46879     0.088545445      0.088545445        813.2908                 22.135345                         390.1123                          225.22114             162.79977                       13.022234
              4       404.96177       68.396566       3.0705015      0.96973317     0.022680029      0.11807353     0.055667205       1.0139308        1.002861       2.1552708   2.1552708e-09       2.3941806      0.24601507      0.24734731       13.748586       1.9281904      0.69766602      0.30225673      0.14139843       147.25697      0.98624749      0.82116856      0.60477949      0.44842627      0.81564853       1.0413729       7.7220499       1.0139308       13.022234       636.53154     0.088545445      0.088545445       809.74645                 22.595301                         390.0674                          223.86883             160.19268                       13.022234
              3       403.99884       68.396566       3.1094827      0.97913422     0.022680029      0.11807353     0.055667205       1.0347534        1.001883        2.240945    2.240945e-09       2.3941806      0.24601507      0.24734731       13.748586       2.0048379      0.69766602      0.30225673      0.14139843       147.25697       1.0092867      0.84035144      0.61890742      0.45890172      0.83470246       1.0413729       7.7220499       1.0347534       13.022234       638.45761     0.088545445      0.088545445       807.82059                 21.013247                        390.30546                           227.1389             156.34075                       13.022234
              1       402.07724       68.396566       3.1120435      0.97482531     0.022680029      0.11807353     0.055667205       1.0350457        1.001926       2.2466908   2.2466908e-09       2.3941806      0.24601507      0.24734731       13.748586       2.0099784      0.69766602      0.30225673      0.14139843       147.25697       1.0089108       0.8400385      0.61867695      0.45873083      0.83439163       1.0413729       7.7220499       1.0350457       13.022234       635.12647     0.088545445      0.088545445       803.97739                 21.721276                        390.14761                          223.25758             155.82869                       13.022234
              3       402.63268       68.572418       3.1134886      0.97610968     0.022667465      0.11769257     0.054839136       1.0383692       1.0016761         2.24994     2.24994e-09       2.3963641      0.24600973      0.24734195       13.743743       2.0162216      0.70005158      0.29987157       0.1410049       147.37233       1.0074158      0.83390417      0.61732993      0.45682636      0.83422559        1.041523       7.6361144       1.0383692       11.379022        636.7986     0.088545445      0.088545445       805.08826                  21.37919                        390.30514                          225.11427             156.91065                       11.379022
              1       404.51276       68.274098       3.1044795      0.97698479     0.022500002      0.11776877     0.055502872       1.0337103       1.0070347       2.2297611   2.2297611e-09       2.4257471       0.2459381      0.24727006       13.772653       1.9954882      0.69762043      0.30230204      0.14091363       147.53858       1.0062103      0.83715253       0.6164914      0.45712744      0.83141289       1.0411473       7.7400402       1.0337103        12.85898       635.45709     0.088545445      0.088545445       808.84842                 21.148416                        390.30383                          224.00485             160.53235                        12.85898
              3       404.88415       68.148641       3.1039591      0.97646386     0.022467904      0.11809295     0.055817476        1.030493      0.99883157       2.2286009   2.2286009e-09       2.4314394      0.24592434      0.24725625       13.775819       1.9931953      0.69587716      0.30404502      0.14120572       147.48791       1.0083036      0.84247085      0.61809379      0.45897481      0.83237668       1.0412008       7.7841594        1.030493       14.144824       634.30479     0.088545445      0.088545445        809.5912                 21.440699                        390.21943                          222.64466             161.14159                       14.144824
              3       405.26925       68.148641       3.0822427      0.97738212     0.022467904      0.11809295     0.055817476        1.019713      0.99898675       2.1807255   2.1807255e-09       2.4314394      0.24592434      0.24725625       13.775819        1.950377      0.69587716      0.30404502      0.14120572       147.48791      0.99776464      0.83366523      0.61163338      0.45417754      0.82367656       1.0412008       7.7841594        1.019713       14.144824       634.72434     0.088545445      0.088545445       810.36142                 21.275872                         390.2696                          223.17887             161.49226                       14.144824
              1        405.4541       68.750278       3.0896843      0.98086466     0.022538249      0.11666734     0.061987882       1.0191203       1.0086575       2.1970142   2.1970142e-09       2.4189903      0.24595451      0.24728653       13.759554       1.9408451      0.70404398      0.29587956      0.13985045       147.79102      0.99198352      0.81233661      0.60662517      0.44740328      0.82251094       1.0412863       8.3511126       1.0191203       10.330159       635.92105     0.088545445      0.088545445        810.7311                 20.927706                        390.78335                          224.20999             164.47989                       10.330159
              1       404.13288       68.750278        3.088353      0.97296643     0.022538249      0.11666734     0.061987882       1.0190559       1.0038353       2.1940912   2.1940912e-09       2.4189903      0.24595451      0.24728653       13.759554       1.9382629      0.70404398      0.29587956      0.13985045       147.79102      0.98831981      0.80933639      0.60438471      0.44575088      0.81947315       1.0412863       8.3511126       1.0190559       10.330159       634.92618     0.088545445      0.088545445       808.08867                 22.035551                        390.79008                          222.10055             162.83233                       10.330159
              1       404.14683       68.750278       3.1597226      0.97421718     0.022538249      0.11666734     0.061987882       1.0545723      0.99937778       2.3564058   2.3564058e-09       2.4189903      0.24595451      0.24728653       13.759554       2.0816518      0.70404398      0.29587956      0.13985045       147.79102        1.024716      0.83914129      0.62664199      0.46216626      0.84965136       1.0412863       8.3511126       1.0545723       10.330159       635.38506     0.088545445      0.088545445       808.11657                 21.992191                        390.77186                            222.621             162.40135                       10.330159
              3       403.33784       68.676431       3.1592296      0.97393428       0.0225344      0.11676111     0.064253648       1.0521966       1.0002525       2.3552443   2.3552443e-09       2.4196689      0.24595285      0.24728487       13.763624       2.0712187      0.70321651      0.29670687      0.13994038       147.77001       1.0252261      0.84121932       0.6270547      0.46279358      0.84961765       1.0411777       8.5710254       1.0521966       10.418166       634.80649     0.088545445      0.088545445        806.4986                 22.058692                        391.48702                          221.26078             161.27394                       10.418166
              1       406.51613       68.653647       3.1551666      0.97360204     0.022534759      0.11678942     0.056152318       1.0565383       1.0061079       2.3456946   2.3456946e-09       2.4196056      0.24595301      0.24728502       13.764855        2.096516      0.70295867      0.29696466      0.13996904       147.76201       1.0232755      0.84013589      0.62589369      0.46203701      0.84786045       1.0411396       7.7813452       1.0565383       10.469077       640.59243     0.088545445      0.088545445       812.85517                 22.112488                        390.09488                          228.38506             161.79366                       10.469077
              2       403.01672       68.653647        3.132767      0.97297823     0.022534759      0.11678942     0.056152318       1.0473233      0.99882409        2.293736    2.293736e-09       2.4196056      0.24595301      0.24728502       13.764855       2.0500769      0.70295867      0.29696466      0.13996904       147.76201       1.0116372      0.83058055      0.61877504        0.456782      0.83821725       1.0411396       7.7813452       1.0473233       10.469077       632.83695     0.088545445      0.088545445       805.85636                 21.926358                        390.11468                          220.79592             162.55032                       10.469077
              4       404.40294        68.43407       3.1287296       0.9727577     0.022441523      0.11715297     0.054746069       1.0457248      0.99923412        2.284494    2.284494e-09       2.4361327      0.24591303       0.2472449       13.776911       2.0475673      0.70047224       0.2994506      0.14023936       147.76882       1.0132216      0.83680476      0.62004313      0.45867302      0.83818639       1.0411154       7.6668507       1.0457248       11.118646       633.50012     0.088545445      0.088545445       808.62878                 21.964595                        390.24157                          221.29395             164.01002                       11.118646
              8       402.53395        68.43407       3.1408631      0.97560364     0.022441523      0.11715297     0.054746069       1.0535504       1.0047052       2.3123817   2.3123817e-09       2.4361327      0.24591303       0.2472449       13.776911       2.0725627      0.70047224       0.2994506      0.14023936       147.76882       1.0204972      0.84281357      0.62449545       0.4619666      0.84420513       1.0411154       7.6668507       1.0535504       11.118646       632.84749     0.088545445      0.088545445       804.89081                 21.367077                        390.33961                           221.1408             160.92467                       11.118646
              2       402.52486        68.43407       3.1336313      0.97634094     0.022441523      0.11715297     0.054746069       1.0500198       1.0047658       2.2957193   2.2957193e-09       2.4361327      0.24591303       0.2472449       13.776911       2.0576284      0.70047224       0.2994506      0.14023936       147.76882       1.0171008      0.84000857      0.62241704      0.46042911      0.84139549       1.0411154       7.6668507       1.0500198       11.118646       633.41174     0.088545445      0.088545445       804.87262                  21.23807                        390.35521                          221.81846             160.34224                       11.118646
              2        404.1544       68.457807        3.132938      0.97677024     0.022427727       0.1170246      0.05455819       1.0485953      0.99880791       2.2941282   2.2941282e-09       2.4385926      0.24590712      0.24723897       13.778704       2.0569751      0.70098328      0.29893961      0.14009719       147.81876        1.016209      0.83812836      0.62171367      0.45971246      0.84080357       1.0410837       7.6488121       1.0485953       10.918653       633.74404     0.088545445      0.088545445       808.13171                 21.301624                         390.4548                          221.98761             163.46902                       10.918653
              1       404.32875       68.457807       3.1348156      0.98002031     0.022427727       0.1170246      0.05455819       1.0502304      0.99889673       2.2984398   2.2984398e-09       2.4385926      0.24590712      0.24723897       13.778704        2.060841      0.70098328      0.29893961      0.14009719       147.81876       1.0184314      0.83996125      0.62307328       0.4607178      0.84264231       1.0410837       7.6488121       1.0502304       10.918653       635.16054     0.088545445      0.088545445        808.4804                  20.83401                        390.54672                          223.77981             162.40121                       10.918653
             11       403.43004       68.460516       3.1348847      0.98003752     0.022427764      0.11701993     0.054620921       1.0498551       1.0011153       2.2985985   2.2985985e-09       2.4385859      0.24590714      0.24723898       13.778591       2.0607248      0.70101681      0.29890609      0.14009257       147.81997       1.0184354      0.83989644      0.62307062      0.46070292      0.84266234       1.0410866       7.6550687       1.0498551       10.904987       635.32749     0.088545445      0.088545445       806.68299                 20.860802                        390.51484                          223.95184             160.45051                       10.904987
              1       403.35108        68.44677       3.1353808      0.98009951     0.022427669      0.11702148     0.054443563       1.0505784       1.0008566       2.2997391   2.2997391e-09       2.4386029       0.2459071      0.24723894       13.779771       2.0624788      0.70089362      0.29902924      0.14009401       147.81967       1.0187783      0.84040636        0.623282      0.46090667       0.8428614       1.0410477       7.6371224       1.0505784       10.971786       635.12854     0.088545445      0.088545445       806.52506                 20.827666                        390.54335                          223.75752             160.42474                       10.971786
              3       402.60403       68.760633       3.1443096      0.98087163     0.022538262      0.11638039     0.064641834       1.0451206       1.0046163        2.320365    2.320365e-09       2.4189881      0.24595451      0.24728653       13.766513        2.038962         0.70474      0.29518356      0.13956352       147.86827       1.0177728      0.83175343      0.62207654      0.45852906      0.84395789       1.0410083       8.5997313       1.0451206       10.348931       635.27623     0.088545445      0.088545445       805.03097                  20.94872                        391.50593                          222.82158             159.40581                       10.348931
              3       402.53766       68.760633       3.1376913      0.98115149     0.022538262      0.11638039     0.064641834       1.0425897       1.0044916       2.3050588   2.3050588e-09       2.4189881      0.24595451      0.24728653       13.766513        2.025512         0.70474      0.29518356      0.13956352       147.86827       1.0145196      0.82909484      0.62008815      0.45706343       0.8412603       1.0410083       8.5997313       1.0425897       10.348931       635.83315     0.088545445      0.088545445       804.89823                 20.838207                        391.53646                          223.45848             158.71616                       10.348931
              2       403.30345       68.760633       3.1279874      0.97898078     0.022538262      0.11638039     0.064641834       1.0364603      0.99909752       2.2827989   2.2827989e-09       2.4189881      0.24595451      0.24728653       13.766513       2.0059517         0.70474      0.29518356      0.13956352       147.86827       1.0087666       0.8243933      0.61657182      0.45447157      0.83648977       1.0410083       8.5997313       1.0364603       10.348931       634.59676     0.088545445      0.088545445       806.42981                 21.211218                        391.53705                          221.84849             161.48412                       10.348931
              1       402.44403        69.21183       3.1368748      0.97924456     0.022655533      0.11559644     0.057770048       1.0495864        1.000601       2.3031775   2.3031775e-09       2.3984405      0.24600465      0.24733686        13.74498        2.051866      0.70996882      0.28995574      0.13889684        147.9481       1.0060853      0.81173519      0.61419729      0.45070339      0.83699906       1.0411985       7.8947664       1.0495864       11.925233       634.03522     0.088545445      0.088545445       804.71098                 21.022259                        390.19568                          222.81727             158.75053                       11.925233
              1       402.73261        69.21183       3.1212926       0.9793084     0.022655533      0.11559644     0.057770048       1.0407329       1.0032112        2.267567    2.267567e-09       2.3984405      0.24600465      0.24733686        13.74498       2.0201411      0.70996882      0.28995574      0.13889684        147.9481      0.99830183      0.80545529      0.60944562      0.44721657       0.8305237       1.0411985       7.8947664       1.0407329       11.925233        634.5048     0.088545445      0.088545445       805.28812                 21.075945                         390.1819                          223.24696             158.85809                       11.925233
              3       401.16641       68.901385       3.1157103      0.97886556      0.02261051      0.11618047     0.059016959       1.0368677       1.0028655       2.2549442   2.2549442e-09       2.4062992      0.24598545      0.24731758        13.75757        2.003892      0.70621401      0.29370987      0.13943585       147.84101       1.0002691      0.81460742      0.61123814      0.44997675      0.83029191       1.0410256       8.0366278       1.0368677       10.467967        633.3188     0.088545445      0.088545445       802.15572                 21.055465                        390.25116                          222.01217             158.36896                       10.467967
              1       402.22124       68.782743       3.1049304      0.97750636     0.022590562      0.11672714     0.058125189       1.0324666       1.0030593       2.2307667   2.2307667e-09       2.4097931      0.24597692      0.24730902       13.753612       1.9859451      0.70408631       0.2958373      0.13996257       147.71634      0.99806496      0.81740457      0.61046643      0.45022024      0.82774879       1.0413131       7.9635305       1.0324666       10.339853       635.78646     0.088545445      0.088545445       804.26539                 21.146601                        390.17265                          224.46721             158.13908                       10.339853
              8       402.35965       68.794956       3.1047935      0.97746298     0.022600451      0.11672636     0.059596687       1.0292828      0.99876262       2.2304613   2.2304613e-09       2.4080601      0.24598115      0.24731326       13.752283       1.9798381      0.70417212      0.29575152      0.13997168        147.7055       0.9978449      0.81708361      0.61034176      0.45009567      0.82763975       1.0413231       8.1055052       1.0292828       10.338389       633.81943     0.088545445      0.088545445        804.5422                 21.338489                        390.33409                          222.14685             160.38439                       10.338389
              1       404.17862       68.794956        3.112381      0.98235105     0.022600451      0.11672636     0.059596687       1.0336869       1.0073571       2.2474493   2.2474493e-09       2.4080601      0.24598115      0.24731326       13.752283       1.9949172      0.70417212      0.29575152      0.13997168        147.7055       1.0035249      0.82173468        0.613816      0.45265774      0.83235091       1.0413231       8.1055052       1.0336869       10.338389       636.40148     0.088545445      0.088545445       808.18015                 20.687464                        390.37426                          225.33976             161.44028                       10.338389
              7       404.37092       68.808473       3.1138808      0.98274993     0.022571598      0.11660528     0.059678564       1.0355202       1.0066401       2.2508225   2.2508225e-09       2.4131213       0.2459688      0.24730087       13.755195       1.9975843      0.70460502      0.29531865      0.13982174       147.77026        1.003933      0.82106654       0.6139011      0.45255475      0.83277119        1.041307       8.1180579       1.0355202       10.333196       638.23282     0.088545445      0.088545445       808.56475                 20.569351                        390.42347                          227.23999             159.99873                       10.333196
              5        403.5941       68.970477       3.1118109      0.98174916     0.022682527      0.11662162     0.059996179       1.0337243        1.000987       2.2461683   2.2461683e-09       2.3937469      0.24601613      0.24734838       13.737414       1.9921878      0.70572354      0.29420049      0.13994901       147.64193       1.0010419      0.81687161      0.61227247      0.45092631      0.83134997       1.0415208       8.1240578       1.0337243       10.428651       638.14267     0.088545445      0.088545445        807.0111                 20.731327                        390.40735                          227.00399             158.43978                       10.428651
              5       405.61735       69.245488       3.1158771      0.98216584     0.022716158        0.116118     0.062601187       1.0328574       1.0048091       2.2553202   2.2553202e-09       2.3879181      0.24603039      0.24736268       13.726056       1.9899104      0.70903655      0.29088809      0.13947902       147.73969      0.99901616      0.80856039      0.61051978       0.4483645      0.83132005       1.0417069       8.3588171       1.0328574       11.624588       637.76386     0.088545445      0.088545445        811.0576                 20.806559                        390.84871                          226.10859             161.66916                       11.624588
              2       407.56258       69.245488       3.2152641      0.97600627     0.022716158        0.116118     0.062601187       1.0852516       1.0036057        2.490987    2.490987e-09       2.3879181      0.24603039      0.24736268       13.726056       2.1978435      0.70903655      0.29088809      0.13947902       147.73969       1.0474167      0.84773366      0.64009834      0.47008694      0.87159597       1.0417069       8.3588171       1.0852516       11.624588       636.88261     0.088545445      0.088545445       814.94807                  21.67414                        390.85811                          224.35036             166.44087                       11.624588
              2       405.12928       69.062266       3.2259028      0.97705233     0.022759483      0.11605986     0.059228077       1.0945176       1.0025198       2.5176294   2.5176294e-09       2.3804409      0.24604866      0.24738102       13.742591       2.2363869      0.70752171      0.29240253      0.13946421       147.70696       1.0535031       0.8555199      0.64380081      0.47342021      0.87550018       1.0409911       8.0211458       1.0945176       10.679003       633.56512     0.088545445      0.088545445       810.08148                 21.429028                        390.23414                          221.90196             165.83735                       10.679003
              5       407.04972       69.055008       3.2249867      0.97683376     0.022763606      0.11611732     0.056801416       1.0965092      0.99693802       2.5153241   2.5153241e-09       2.3797311      0.24605039      0.24738276       13.741543       2.2452094      0.70733109      0.29259313      0.13952579       147.68691       1.0532711      0.85578833      0.64373009      0.47344533       0.8752614       1.0410211       7.7837398       1.0965092       10.636495       633.54992     0.088545445      0.088545445       813.92234                 21.416343                        390.13938                           221.9942             169.73592                       10.636495
             10       404.30175       68.695054       3.2151004      0.97606659     0.022672635      0.11686658     0.056413595       1.0908832      0.99974085       2.4905792   2.4905792e-09       2.3954652      0.24601193      0.24734416       13.755301       2.2248469      0.70286097      0.29706245      0.14018408       147.58729       1.0544965      0.86628686      0.64523782      0.47635613      0.87399285       1.0409923       7.7776729       1.0908832       10.659344        632.3688     0.088545445      0.088545445        808.4264                 21.477229                        390.15853                          220.73305             165.39826                       10.659344
              4       405.08799       68.609367       3.2139366      0.97604977     0.022674366      0.11702195     0.062190456       1.0831754       1.0007523       2.4876825   2.4876825e-09       2.3951645      0.24601267       0.2473449       13.758584       2.1967316      0.70178456      0.29813867      0.14034118       147.54377        1.055134      0.86909387      0.64580874      0.47720885      0.87397567       1.0408998       8.3438336       1.0831754       11.050944       633.40641     0.088545445      0.088545445        809.9989                  21.67959                        390.77835                          220.94847             165.54154                       11.050944
              2       401.74514       68.609367       3.1501128      0.97320391     0.022674366      0.11702195     0.062190456       1.0499076       1.0019011       2.3338696   2.3338696e-09       2.3951645      0.24601267       0.2473449       13.758584       2.0609082      0.70178456      0.29813867      0.14034118       147.54377       1.0208803      0.84087969      0.62484326      0.46171679        0.845603       1.0408998       8.3438336       1.0499076       11.050944       633.54262     0.088545445      0.088545445       803.31318                 22.069765                        390.83809                          220.63477             158.71961                       11.050944
              2       402.81502       68.592577        3.149521       0.9729543     0.022694567      0.11710307     0.060969204       1.0516427       1.0016727        2.332489    2.332489e-09       2.3916578      0.24602124       0.2473535         13.7573        2.064726       0.7014232      0.29849999       0.1404425       147.49956       1.0208441      0.84166398      0.62493386      0.46192359      0.84546956        1.040885       8.2226875       1.0516427        11.23751       634.60404     0.088545445      0.088545445       805.45294                 21.983018                        390.53498                          222.08605             159.61139                        11.23751
              2       402.56014        68.73508       3.1467019      0.97236105     0.022722023      0.11704952     0.059575352       1.0511555       1.0036658       2.3259226   2.3259226e-09       2.3869038      0.24603287      0.24736517       13.745415        2.064661      0.70271517      0.29720834      0.14041641       147.48331        1.018056      0.83696374      0.62319811      0.46014147      0.84403582       1.0411801       8.0807079       1.0511555       10.663134        635.0539     0.088545445      0.088545445       804.94319                 22.130507                         390.2604                          222.66299             159.22616                       10.663134
              1       402.90609       68.794951       3.1462843      0.97286238     0.022634187      0.11684445     0.058382414       1.0503579        1.001733       2.3249516   2.3249516e-09       2.4021619      0.24599556      0.24732773        13.74813        2.068729      0.70385129      0.29607235      0.14012351       147.63611       1.0173552      0.83387285       0.6224441      0.45914496      0.84382209       1.0413633       7.9809801       1.0503579       10.360348       636.65746     0.088545445      0.088545445       805.63509                 22.238532                        390.13207                          224.28686             158.61728                       10.360348
              2       402.11323       68.777206       3.1461131      0.97282334     0.022627308      0.11687136     0.056173134       1.0545392       1.0026855       2.3245537   2.3245537e-09       2.4033629      0.24599262      0.24732478       13.749149       2.0775344       0.7036561       0.2962675      0.14014354       147.63657       1.0175375      0.83440934      0.62257786      0.45931928      0.84386441       1.0413572       7.7646349       1.0545392       10.374738       634.06817     0.088545445      0.088545445       804.04936                   21.9518                        390.10152                          222.01485             159.60645                       10.374738
              6       402.05686       68.777206       3.1517085      0.97256588     0.022627308      0.11687136     0.056173134       1.0570432       1.0027424       2.3375969   2.3375969e-09       2.4033629      0.24599262      0.24732478       13.749149       2.0891916       0.7036561       0.2962675      0.14014354       147.63657       1.0202874      0.83666438      0.62426042      0.46056062        0.846145       1.0413572       7.7646349       1.0570432       10.374738       634.02875     0.088545445      0.088545445       803.93663                 22.047048                        390.09487                          221.88683             159.53315                       10.374738
              1       402.88678       68.673426       3.1463467      0.97167618     0.022647861      0.11725621     0.055471624        1.054437       1.0046532       2.3250966   2.3250966e-09       2.3997771      0.24600139      0.24733358       13.747244       2.0809372      0.70190012      0.29802325      0.14054894       147.51064       1.0196463      0.83996249      0.62431882      0.46128461      0.84497506       1.0414082       7.6965127        1.054437       10.708653       634.51301     0.088545445      0.088545445       805.59647                  22.20061                        390.10472                          222.20768             160.37481                       10.708653
              2       403.04623       68.698939       3.1470616      0.97169494     0.022657135      0.11720873     0.054817855       1.0550438      0.99922336       2.3267594   2.3267594e-09       2.3981616      0.24600534      0.24733754       13.746033         2.08515      0.70220246      0.29772097      0.14051073       147.51301       1.0195679      0.83928703      0.62422839       0.4611008      0.84506704       1.0414094       7.6283094       1.0550438       10.634738       634.90823     0.088545445      0.088545445       805.91536                 22.242326                        390.15802                          222.50789             160.37239                       10.634738
              1       403.84986       68.697977       3.1471738       0.9717394     0.022648287      0.11719484     0.053733206        1.057496      0.99911377       2.3270204   2.3270204e-09       2.3997029      0.24600157      0.24733376       13.746739       2.0899126       0.7022423      0.29768113      0.14048799       147.52658       1.0196419      0.83924096      0.62424842      0.46110017      0.84512243       1.0414144       7.5209273        1.057496        10.61436       635.31861     0.088545445      0.088545445       807.52264                 22.059289                        390.37683                          222.88249             161.58967                        10.61436
              1       403.23357       68.697977       3.1503202      0.97213224     0.022648287      0.11719484     0.053733206       1.0588336      0.99916651       2.3343537   2.3343537e-09       2.3997029      0.24600157      0.24733376       13.746739       2.0964987       0.7022423      0.29768113      0.14048799       147.52658        1.021401       0.8406889      0.62532544       0.4618957      0.84658052       1.0414144       7.5209273       1.0588336        10.61436       634.75654     0.088545445      0.088545445       806.29005                 22.028973                        390.37673                          222.35084             160.91916                        10.61436
              5       403.18242       68.697977       3.1363129      0.97315489     0.022648287      0.11719484     0.053733206       1.0505866         1.00697       2.3018837   2.3018837e-09       2.3997029      0.24600157      0.24733376       13.746739       2.0673371       0.7022423      0.29768113      0.14048799       147.52658       1.0146704      0.83514905      0.62120476      0.45885197      0.84100184       1.0414144       7.5209273       1.0505866        10.61436       634.54308     0.088545445      0.088545445       806.18774                 21.951836                        390.40046                          222.19079              161.0303                        10.61436
              3       401.22047       68.697977       3.1334408      0.97796504     0.022648287      0.11719484     0.053733206       1.0503546       1.0012987       2.2952819   2.2952819e-09       2.3997029      0.24600157      0.24733376       13.746739        2.061408       0.7022423      0.29768113      0.14048799       147.52658       1.0150881      0.83549286      0.62146049      0.45904087      0.84134806       1.0414144       7.5209273       1.0503546        10.61436       635.37452     0.088545445      0.088545445       802.26386                 21.108721                        390.60264                          223.66316             156.27498                        10.61436
              6       401.21724       68.742128       3.1338315      0.97775138     0.022693429      0.11718406     0.054890132       1.0483943       1.0012391        2.296179    2.296179e-09       2.3918551      0.24602076      0.24735302       13.741902       2.0574476      0.70255193       0.2973716      0.14052236       147.47917       1.0145897      0.83456915      0.62119334      0.45872421      0.84120514       1.0414181        7.627291       1.0483943       10.578981       634.76784     0.088545445      0.088545445       802.25739                 21.255658                        390.40571                          223.10648             156.91057                       10.578981
              2       402.57969        68.49966       3.1341597      0.97845012     0.022562196      0.11733569     0.047415949       1.0572999       1.0012228       2.2969326   2.2969326e-09       2.4147739      0.24596477      0.24729683       13.762786       2.0891195      0.70039898        0.299524      0.14054275       147.58491       1.0179622      0.84130831       0.6232808      0.46109632      0.84251151       1.0411968       6.8892929       1.0572999       11.276603       637.45799     0.088545445      0.088545445        804.9823                 20.915977                        393.63989                          222.90212             156.24771                       11.276603
              1        403.1142       69.081717       3.1421696      0.97816245     0.022798697      0.11654923     0.053468752       1.0561805       1.0012045       2.3154047   2.3154047e-09       2.3737039       0.2460651      0.24739752       13.726423       2.0805806      0.70657877       0.2933455      0.13999279       147.53191       1.0131277      0.82523592      0.61971302      0.45607417      0.84206528       1.0414745       7.4523818       1.0561805       10.536224       637.62793     0.088545445      0.088545445       806.05131                 21.088295                        390.74337                          225.79626             157.88716                       10.536224
              7       402.97908       69.262116       3.1523643      0.97981254     0.022759639      0.11584569     0.053334436       1.0618506      0.99985217       2.3391304   2.3391304e-09       2.3804139      0.24604873      0.24738109       13.730857       2.1024648      0.70965323      0.29027144       0.1392502       147.76442       1.0144992      0.81962338      0.61972736      0.45488514      0.84430545        1.041351        7.435975       1.0618506       11.688057        635.3233     0.088545445      0.088545445       805.78106                 20.924276                        390.89724                          223.50178             158.76971                       11.688057
              5        402.4815       68.629274       3.1404324      0.97944825     0.022613965      0.11694916     0.065125986       1.0425879       1.0056247        2.311386    2.311386e-09        2.405695      0.24598692      0.24731906       13.760467       2.0291062      0.70224032      0.29768295      0.14020799       147.63062       1.0183893       0.8377954      0.62317069      0.46030481      0.84366208       1.0410358       8.6377412       1.0425879       10.747693       635.46938     0.088545445      0.088545445       804.78592                 21.102274                         391.7394                          222.62771             158.56884                       10.747693
              1          404.15       68.629274       3.1717726      0.97721581     0.022613965      0.11694916     0.065125986        1.057903      0.99741255       2.3849723   2.3849723e-09        2.405695      0.24598692      0.24731906       13.760467       2.0937057      0.70224032      0.29768295      0.14020799       147.63062       1.0335867      0.85029776      0.63247023      0.46717391      0.85625199       1.0410358       8.6377412        1.057903       10.747693       634.04456     0.088545445      0.088545445       808.12291                 21.531147                        391.73726                          220.77615             163.33066                       10.747693
              3       401.85364       68.591516       3.1693407      0.97654072     0.022660037      0.11717022     0.063827325       1.0575031       1.0014295       2.3791792   2.3791792e-09       2.3976566      0.24600657      0.24733878       13.756502       2.0940519      0.70134463      0.29857856      0.14047512       147.52005       1.0331041       0.8519673      0.63247587      0.46752906      0.85561681       1.0410421       8.5070103       1.0575031       11.115967        634.0599     0.088545445      0.088545445       803.53018                 21.636513                        391.34035                          221.08304             158.35431                       11.115967
              3       401.62372       68.660172       3.1665449       0.9761655     0.022655823      0.11717211     0.062747435       1.0584411       1.0023039       2.3725368   2.3725368e-09       2.3983902      0.24600478      0.24733698       13.750494       2.0927205      0.70194654       0.2979768       0.1404728       147.52426       1.0312732      0.84933935      0.63135232      0.46646321      0.85452775       1.0412587       8.4051298       1.0584411       10.773972       634.67485     0.088545445      0.088545445       803.07035                  21.54521                        390.95342                          222.17623             157.62152                       10.773972
             12       401.55376       68.616486       3.1659736      0.97631119     0.022631714      0.11721286     0.065125205       1.0549479       1.0024312       2.3711819   2.3711819e-09       2.4025935       0.2459945      0.24732667       13.753902       2.0816027      0.70153154       0.2983917      0.14048945       147.54023       1.0316506      0.85044421      0.63160211      0.46681012      0.85456851       1.0412344       8.6385751       1.0549479       10.894493       634.56871     0.088545445      0.088545445       802.93043                 21.643891                        391.79943                          221.12539             157.46723                       10.894493
              1        401.8028       68.571762        3.164072      0.97621426      0.02259829      0.11730203     0.062956017       1.0554171       1.0041324       2.3666771   2.3666771e-09       2.4084386      0.24598022      0.24731234       13.756336       2.0866812      0.70102354      0.29889961      0.14054518       147.55366       1.0316084      0.85143442      0.63163888      0.46703582      0.85425498       1.0412826       8.4413174       1.0554171       11.011372       634.13172     0.088545445      0.088545445       803.42852                 21.670823                        391.11432                          221.34657             158.28543                       11.011372
              5       402.82198       69.166014       3.1790528      0.97710526     0.022736709      0.11612225      0.05365084       1.0751825       1.0040136       2.4023988   2.4023988e-09       2.3843668      0.24603907       0.2473714       13.732367       2.1579659      0.70831565      0.29160881      0.13950383       147.71559       1.0292542      0.83441185      0.62902684      0.46224193      0.85599065       1.0414238       7.4770547       1.0751825       11.100005       634.86026     0.088545445      0.088545445       805.46687                 21.303367                        390.67682                          222.88008              159.5066                       11.100005
              2       403.84113       69.185442       3.1803004      0.97748831     0.022698975      0.11599206     0.052222885       1.0780454      0.99927617       2.4053977   2.4053977e-09       2.3908935      0.24602311      0.24735538       13.735256       2.1668392      0.70883028      0.29109422       0.1393359       147.79277       1.0295275      0.83342479      0.62900445      0.46202142       0.8563382       1.0414373       7.3389364       1.0780454       11.382702       635.38101     0.088545445      0.088545445       807.50516                 21.170498                        391.11826                          223.09225             160.74145                       11.382702
              5        404.1246       69.206381       3.1793941       0.9773464     0.022703347      0.11600186     0.052533962       1.0777507       1.0028936       2.4032187   2.4032187e-09       2.3901359      0.24602496      0.24735724       13.733024       2.1635298      0.70897685       0.2909477      0.13935007       147.78525       1.0289369      0.83269526      0.62865956      0.46170997       0.8559764       1.0414987       7.3698021       1.0777507       11.485406       636.39571     0.088545445      0.088545445       808.07212                 21.151356                        391.04912                          224.19524             160.19101                       11.485406
              1       403.72871       69.206381       3.1801018      0.97775427     0.022703347      0.11600186     0.052533962       1.0771226      0.99992415       2.4049202   2.4049202e-09       2.3901359      0.24602496      0.24735724       13.733024       2.1650616      0.70897685       0.2909477      0.13935007       147.78525       1.0294632      0.83312118      0.62898111      0.46194613      0.85641423       1.0414987       7.3698021       1.0771226       11.485406       635.42135     0.088545445      0.088545445       807.28033                 21.186125                        391.04297                          223.19225             160.37358                       11.485406
              2       403.71192       69.043036       3.1730091      0.97733686     0.022635315      0.11638804     0.056192247       1.0690153       1.0058048       2.3879231   2.3879231e-09       2.4019649      0.24599604      0.24732821       13.738698       2.1340882      0.70693078      0.29299341      0.13966822       147.75738       1.0291366       0.8371358      0.62914021      0.46287306      0.85513165       1.0416055       7.7573908       1.0690153       10.750993       634.84476     0.088545445      0.088545445       807.24676                 21.302236                        390.20306                          223.33946             161.65101                       10.750993
              1        403.9221       69.043036       3.1709561      0.97721038     0.022635315      0.11638804     0.056192247       1.0669004       1.0056908       2.3830259   2.3830259e-09       2.4019649      0.24599604      0.24732821       13.738698       2.1297116      0.70693078      0.29299341      0.13966822       147.75738       1.0280307      0.83623616      0.62846409      0.46237563      0.85421267       1.0416055       7.7573908       1.0669004       10.750993       635.75252     0.088545445      0.088545445       807.66712                 21.416734                        390.17478                            224.161              161.1636                       10.750993
              9       405.21193       69.061874       3.1712006      0.97721525     0.022641114      0.11635989     0.056526391       1.0658126       1.0021433       2.3836086   2.3836086e-09       2.4009533      0.24599851      0.24733069        13.73765       2.1288092      0.70713751      0.29278672      0.13964587       147.75847       1.0278681      0.83568707      0.62833958      0.46220247      0.85419412       1.0416162       7.7888111       1.0658126       10.817847       638.22508     0.088545445      0.088545445       810.24677                 21.513071                        390.15126                          226.56074             161.20384                       10.817847
             11       402.98258       68.995622       3.1720133      0.97731938     0.022640132      0.11642426     0.056240554       1.0678051       1.0060055       2.3855465   2.3855465e-09       2.4011246      0.24599809      0.24733027       13.741754       2.1317583      0.70644166      0.29348243      0.13970926        147.7423       1.0289846      0.83798144      0.62909345      0.46303166      0.85471168       1.0414918       7.7614826       1.0678051       10.579627       634.45328     0.088545445      0.088545445       805.78807                 21.356403                        390.20249                           222.8944             160.75516                       10.579627
             15       401.61868       68.926246       3.1713552      0.97697388     0.022685244      0.11661503     0.058051702        1.065102       1.0009921       2.3839769   2.3839769e-09       2.3932752      0.24601729      0.24734953       13.741419       2.1226529       0.7053539      0.29457004      0.13994514       147.64066       1.0295208      0.84079095       0.6296868      0.46389718      0.85472704       1.0413757       7.9331275        1.065102       10.376108       633.98384     0.088545445      0.088545445       803.06027                 21.471622                        390.13094                          222.38127             158.70032                       10.376108
              4       400.93524       68.926246       3.1159007      0.97678496     0.022685244      0.11661503     0.058051702       1.0368538        1.002527       2.2553735   2.2553735e-09       2.3932752      0.24601729      0.24734953       13.741419       2.0081465       0.7053539      0.29457004      0.13994514       147.64066       1.0012943      0.81773887      0.61242259      0.45117845      0.83129288       1.0413757       7.9331275       1.0368538       10.376108       634.11182     0.088545445      0.088545445       801.69338                 21.410381                        390.13479                          222.56664             157.20546                       10.376108
              1       401.18467       68.926246       3.1160784      0.97652137     0.022685244      0.11661503     0.058051702       1.0361682       1.0026245       2.2557743   2.2557743e-09       2.3932752      0.24601729      0.24734953       13.741419       2.0085034       0.7053539      0.29457004      0.13994514       147.64066       1.0012817      0.81772854      0.61241486      0.45117275      0.83128238       1.0413757       7.9331275       1.0361682       10.376108       634.38931     0.088545445      0.088545445       802.19225                 21.527971                        390.13939                          222.72195             157.42683                       10.376108
              1       405.20759       68.948584       3.1170189      0.97664494      0.02268637      0.11654906     0.058130693       1.0350467       1.0066106        2.257897    2.257897e-09       2.3930798      0.24601776      0.24735001       13.741222       2.0100758      0.70568119      0.29424279      0.13988029       147.65712       1.0013302      0.81708287      0.61237357      0.45101699      0.83145736       1.0413681       7.9395076       1.0350467       10.408831       638.83116     0.088545445      0.088545445       810.23809                  21.67888                        390.11476                          227.03752              160.9981                       10.408831
              3        403.3003       69.132351       3.1212713      0.97676774     0.022753241       0.1162306     0.057421692       1.0399372       1.0062592       2.2675188   2.2675188e-09        2.381516      0.24604603      0.24737839       13.731914       2.0215061      0.70777024      0.29215414       0.1396287       147.66802       1.0004239      0.81220648      0.61154405      0.44960462      0.83181115       1.0413985       7.8496887       1.0399372       10.867784       635.16429     0.088545445      0.088545445       806.42351                 21.493277                        390.14367                          223.52734             160.39143                       10.867784
             12       403.11084       69.132351       3.1897507      0.97707827     0.022753241       0.1162306     0.057421692       1.0761471       1.0001021       2.4282372   2.4282372e-09        2.381516      0.24604603      0.24737839       13.731914       2.1647875      0.70777024      0.29215414       0.1396287       147.66802       1.0353953      0.84059846      0.63292155      0.46532126      0.86088843       1.0413985       7.8496887       1.0761471       10.867784       634.51549     0.088545445      0.088545445        806.0446                 21.450096                        390.15905                          222.90635             160.66132                       10.867784
              6       404.13468        69.12526        3.189625      0.97706146     0.022752952      0.11624521     0.057377067       1.0761133       1.0065358       2.4279321   2.4279321e-09       2.3815657      0.24604591      0.24737827       13.732146       2.1647086      0.70768031      0.29224406      0.13964303       147.66442       1.0354412      0.84082539       0.6329658      0.46538959      0.86088238        1.041394       7.8456001       1.0761133        10.83602       634.49221     0.088545445      0.088545445       808.09227                 21.450606                        390.16532                          222.87628             162.76404                        10.83602
              5       403.66076        69.12526       3.1595343      0.97718237     0.022752952      0.11624521     0.057377067       1.0608848        0.997192       2.3559622   2.3559622e-09       2.3815657      0.24604591      0.24737827       13.732146       2.1005413      0.70768031      0.29224406      0.13964303       147.66442       1.0200268       0.8283082      0.62354298      0.45846144      0.84806662        1.041394       7.8456001       1.0608848        10.83602       634.53884     0.088545445      0.088545445       807.14443                 21.351074                        390.15462                          223.03314             161.76957                        10.83602
              5       404.52099       69.223966       3.1632941      0.97792676     0.022736306      0.11598739      0.06038009        1.059584      0.99734696       2.3648367   2.3648367e-09       2.3844365       0.2460389      0.24737123       13.730971       2.0958282       0.7090861      0.29083848      0.13936857       147.75232       1.0204791       0.8256765      0.62351275      0.45788699      0.84904825       1.0414508       8.1377869        1.059584       11.472659       634.82769     0.088545445      0.088545445       808.86488                 21.351057                        390.36971                          223.10693             162.56453                       11.472659
              2       403.69449       69.223966       3.1653721       0.9775942     0.022736306      0.11598739      0.06038009       1.0605681      0.99857081       2.3697561   2.3697561e-09       2.3844365       0.2460389      0.24737123       13.730971        2.100188       0.7090861      0.29083848      0.13936857       147.75232       1.0214088      0.82642868      0.62408076      0.45830412      0.84982172       1.0414508       8.1377869       1.0605681       11.472659        634.9073     0.088545445      0.088545445       807.21188                 21.410586                        390.36121                           223.1355             160.83193                       11.472659
              1       402.42831        68.61568       3.1415826      0.97396372     0.022705704      0.11762437     0.052647244       1.0548438       1.0023073       2.3140461   2.3140461e-09       2.3897277      0.24602596      0.24735824       13.740737        2.082779      0.70049333      0.29942991      0.14097494       147.34799       1.0199506       0.8434267      0.62497782      0.46231544      0.84487179       1.0414807       7.4055753       1.0548438       11.262075       636.02713     0.088545445      0.088545445       804.67954                 21.720786                        390.73421                          223.57214             157.39033                       11.262075
              3       405.11981       68.748083       3.1485788      0.97520302     0.022671771      0.11718452     0.045520481       1.0675527       1.0026928       2.3302923   2.3302923e-09       2.3956154      0.24601156      0.24734379       13.741955        2.127511      0.70264831      0.29727523      0.14050116       147.50317       1.0212617      0.83984871      0.62525478      0.46168599      0.84677366       1.0414919       6.6659343       1.0675527       10.513906       640.97018     0.088545445      0.088545445       810.06252                 21.290617                         395.0168                          224.66276             158.57844                       10.513906
              1       403.94627       68.814053       3.1512196      0.97562615     0.022671665       0.1170043     0.045994399       1.0663486       1.0033201       2.3364543   2.3364543e-09        2.395634      0.24601152      0.24734374       13.741053       2.1311159      0.70359897      0.29632472      0.14032083       147.55152       1.0214813      0.83801337      0.62518847      0.46126757        0.847362        1.041495        6.713837       1.0663486       10.372578       639.36072     0.088545445      0.088545445       807.71544                 21.456737                        394.58454                          223.31945             157.98214                       10.372578
              1       404.53583       68.814053       3.1000432      0.97860364     0.022671665       0.1170043     0.045994399       1.0411628       1.0030957       2.2198909   2.2198909e-09        2.395634      0.24601152      0.24734374       13.741053       2.0247966      0.70359897      0.29632472      0.14032083       147.55152      0.99681666      0.81777874      0.61009269      0.45012983      0.82690164        1.041495        6.713837       1.0411628       10.372578       640.54739     0.088545445      0.088545445       808.89457                 20.912588                        394.88141                          224.75339              157.9746                       10.372578
              5       402.51876       68.379025        3.097908      0.97822103     0.022603459       0.1175486     0.054545468       1.0297688       1.0042804       2.2151561   2.2151561e-09       2.4075333      0.24598243      0.24731455       13.766532       1.9862172      0.69879733      0.30112538      0.14079693       147.48198       1.0009104      0.83046278      0.61311722      0.45418246      0.82766897       1.0409597       7.6171205       1.0297688       12.458835       634.17645     0.088545445      0.088545445       804.86042                  21.14182                        390.43595                          222.59868             158.22514                       12.458835
              1       404.16744       68.074904       3.0920964      0.97811323     0.022455497      0.11811848     0.054270034       1.0275684       1.0049284       2.2023199   2.2023199e-09       2.4336449      0.24591902      0.24725091       13.782017       1.9757958      0.69518966      0.30473235      0.14121884       147.49499         1.00351      0.83971675      0.61516962      0.45706137      0.82797121       1.0410402       7.6308899       1.0275684       14.973999       635.35602     0.088545445      0.088545445       808.15778                 21.027079                        390.49241                          223.83654             157.82776                       14.973999
              1       405.74827       68.074904       3.0898302      0.97798284     0.022455497      0.11811848     0.054270034       1.0273116       1.0057395       2.1973348   2.1973348e-09       2.4336449      0.24591902      0.24725091       13.782017       1.9713234      0.69518966      0.30473235      0.14121884       147.49499       1.0023237      0.83872403      0.61444236      0.45652103      0.82699238       1.0410402       7.6308899       1.0273116       14.973999       637.46602     0.088545445      0.088545445       811.31945                 20.964915                        390.51367                          225.98744             158.87943                       14.973999
              1       405.19484       68.074904       3.1045787      0.97639048     0.022455497      0.11811848     0.054270034       1.0353689       1.0011302       2.2299822   2.2299822e-09       2.4336449      0.24591902      0.24725091       13.782017       2.0006128      0.69518966      0.30473235      0.14121884       147.49499       1.0091284       0.8444181      0.61861379      0.45962034       0.8326068       1.0410402       7.6308899       1.0353689       14.973999       637.78331     0.088545445      0.088545445       810.21259                 21.126205                        390.44847                          226.20863             157.45528                       14.973999
              3       407.55377       68.175618       3.1100854      0.97735471      0.02243604      0.11778153     0.055391603       1.0369167        1.009325       2.2422958   2.2422958e-09       2.4371098      0.24591068      0.24724254       13.782804       2.0071525      0.69685637      0.30306588      0.14086244       147.60664       1.0101695      0.84174975       0.6188609      0.45917402      0.83408207       1.0410317       7.7430765       1.0369167        13.41912       635.48256     0.088545445      0.088545445       814.93045                 21.062788                        390.34205                          224.07772             166.02877                        13.41912
              2       402.95589       68.173928       3.1097268      0.97733815     0.022432394      0.11779945     0.055807664       1.0348272       1.0054011        2.241492    2.241492e-09         2.43776      0.24590912      0.24724097       13.782564        2.004764      0.69681065       0.3031116      0.14087671       147.60593       1.0101175       0.8418103      0.61884474      0.45917934      0.83402884       1.0410551       7.7860666       1.0348272       13.419727        633.4472     0.088545445      0.088545445        805.7347                 21.204877                        390.26089                          221.98143             158.86777                       13.419727
              1       404.78131       68.173928        3.111017      0.98106118     0.022432394      0.11779945     0.055807664       1.0355136       1.0036448       2.2443859   2.2443859e-09         2.43776      0.24590912      0.24724097       13.782564       2.0073524      0.69681065       0.3031116      0.14087671       147.60593       1.0122102      0.84355432      0.62012684      0.46013065      0.83575674       1.0410551       7.7860666       1.0355136       13.419727       636.99514     0.088545445      0.088545445       809.38553                 20.751059                        390.36001                          225.88408             158.97066                       13.419727
              7        404.4993       68.382439        3.110978      0.98057649     0.022548172      0.11758526      0.05990075       1.0311165      0.99881485       2.2442982   2.2442982e-09       2.4172418      0.24595876       0.2472908       13.766738       1.9909091      0.69886725      0.30105547      0.14077829       147.53385       1.0090201      0.83703738      0.61806442      0.45782065       0.8343958       1.0411511       8.1618028       1.0311165       12.113692         635.876     0.088545445      0.088545445       808.82151                 20.927278                        390.45489                          224.49383             160.83181                       12.113692
              5        403.0724       68.315736       3.1098114      0.98002547     0.022589993      0.11769841       0.0588752       1.0323929       1.0019624       2.2416816   2.2416816e-09       2.4098929      0.24597667      0.24730877       13.768421       1.9926709      0.69794684      0.30197572      0.14093327         147.457       1.0087759      0.83872727      0.61808482      0.45818523       0.8337869       1.0409655       8.0531392       1.0323929        13.03161       636.32212     0.088545445      0.088545445        805.9677                 20.897078                        390.34201                          225.08304             156.61397                        13.03161
              5       402.99567       68.808363       3.1184383      0.98084973     0.022726934      0.11681879     0.060163604       1.0362842       0.9990701        2.261104    2.261104e-09        2.386055      0.24603494      0.24736725       13.745112       2.0047633      0.70382504      0.29609863      0.14019059       147.53958       1.0054188      0.82423537      0.61521471      0.45382228        0.834003       1.0411379        8.132713       1.0362842       10.463356       636.27482     0.088545445      0.088545445       805.81426                 20.868723                        390.43023                          224.97587             159.07608                       10.463356
              1       404.33087       68.808363       3.0790549       0.9757976     0.022726934      0.11681879     0.060163604       1.0146506       1.0068495       2.1737848   2.1737848e-09        2.386055      0.24603494      0.24736725       13.745112       1.9273435      0.70382504      0.29609863      0.14019059       147.53958      0.98389903      0.80659362      0.60204679      0.44410877      0.81615218       1.0411379        8.132713       1.0146506       10.463356       635.09737     0.088545445      0.088545445       808.48465                  21.70573                        390.37209                          223.01955             162.92393                       10.463356
              3       401.76566       68.808363       3.1062202      0.97472421     0.022726934      0.11681879     0.060163604       1.0287045       1.0002627       2.2336457   2.2336457e-09        2.386055      0.24603494      0.24736725       13.745112       1.9804179      0.70382504      0.29609863      0.14019059       147.53958      0.99694289      0.81728688      0.61002831      0.44999646      0.82697217       1.0411379        8.132713       1.0287045       10.463356       634.63917     0.088545445      0.088545445       803.35423                 21.860804                        390.37435                          222.40401             158.25171                       10.463356
              5       401.09241       68.837246       3.1150132       0.9767802     0.022588028      0.11641536     0.054152747       1.0411353        1.003674       2.2533727   2.2533727e-09       2.4102375      0.24597583      0.24730793       13.757409       2.0220717      0.70521804      0.29470569      0.13964825       147.80295       1.0008848      0.81721506      0.61184716      0.45080641      0.83041621        1.041146       7.5633838       1.0411353       10.365867       633.34606     0.088545445      0.088545445       802.00773                 21.250829                        390.51681                          221.57842              158.2958                       10.365867
              2       401.76337       68.998678       3.1179512      0.97695364     0.022645949      0.11611898     0.052216973       1.0448859       1.0013477       2.2600029   2.2600029e-09       2.4001103      0.24600057      0.24733276       13.749692       2.0358881      0.70709666      0.29282744       0.1394098       147.81789      0.99962854      0.81245719       0.6108182      0.44932948      0.83034587        1.041157       7.3507874       1.0448859       10.662638       634.32693     0.088545445      0.088545445       803.34964                 21.212925                        391.11192                          222.00208             158.36007                       10.662638
              7       402.68309       69.005004       3.1187574      0.97705284     0.022647535      0.11607817     0.052813021       1.0438234      0.99974176       2.2618256   2.2618256e-09       2.3998339      0.24600125      0.24733344        13.75021       2.0351026      0.70723275      0.29269136      0.13937057       147.82711      0.99980071       0.8122945      0.61088043      0.44932304      0.83052696       1.0411276       7.4101885       1.0438234       10.691337       634.48896     0.088545445      0.088545445        805.1891                 21.294595                        390.86249                          222.33187              160.0088                       10.691337
              1       404.78835       68.791914        3.102049      0.97426617     0.022721237      0.11701993      0.06404716       1.0236414       1.0064393       2.2243483   2.2243483e-09       2.3870398      0.24603253      0.24736484       13.741227       1.9569157       0.7032704      0.29665324      0.14038603       147.49209      0.99591476      0.81772245      0.60961148       0.4498994      0.82602058       1.0413193       8.5110063       1.0236414       10.491211       636.99859     0.088545445      0.088545445        809.3996                 21.910197                        391.39617                          223.69223              161.9098                       10.491211
              1       405.49846       68.791914       3.0907752      0.97697669     0.022721237      0.11701993      0.06404716       1.0173998        1.008212        2.199412    2.199412e-09       2.3870398      0.24603253      0.24736484       13.741227       1.9349776       0.7032704      0.29665324      0.14038603       147.49209      0.99134911      0.81397371       0.6068168      0.44783689      0.82223379       1.0413193       8.5110063       1.0173998       10.491211       636.21451     0.088545445      0.088545445       810.81983                 21.527713                        391.35015                          223.33664             164.11411                       10.491211
              2       405.59009       68.496089        3.082702      0.97559661     0.022718448      0.11767106     0.068013974       1.0093542       1.0046623       2.1817273   2.1817273e-09        2.387522      0.24603136      0.24736366       13.749688       1.9042514       0.6993199      0.30060308      0.14103437       147.32144      0.99159945      0.82215578      0.60766961      0.44995168      0.82067115       1.0411426       8.8975179       1.0093542       12.191662       639.92757     0.088545445      0.088545445        811.0031                 21.760356                        393.02598                          225.14123             158.88386                       12.191662
              2       404.39311       68.566638       3.0941185      0.97727454     0.022691371      0.11710911     0.068722819       1.0145826       1.0043064       2.2067777   2.2067777e-09       2.3922119      0.24601989      0.24735214       13.759518       1.9233872       0.7011912      0.29873193      0.14044535       147.50149      0.99475553      0.82057284      0.60896622      0.45020842      0.82370707       1.0408226       8.9590736       1.0145826       11.380547       637.37006     0.088545445      0.088545445       808.60912                 21.539901                        393.34365                          222.48652             159.85851                       11.380547
              8       405.82624       68.566638        3.194028      0.97864309     0.022691371      0.11710911     0.068722819       1.0667044       1.0037544       2.4386459   2.4386459e-09       2.3922119      0.24601989      0.24735214       13.759518       2.1254792       0.7011912      0.29873193      0.14044535       147.50149       1.0462598      0.86305863      0.64049591      0.47351831      0.86635513       1.0408226       8.9590736       1.0667044       11.380547       637.20858     0.088545445      0.088545445        811.4754                 21.322329                        393.24645                          222.63981             162.88627                       11.380547
              4       407.69154       68.566638       3.1731731      0.97644411     0.022691371      0.11710911     0.068722819       1.0561435         1.00748       2.3883148   2.3883148e-09       2.3922119      0.24601989      0.24735214       13.759518       2.0816115       0.7011912      0.29873193      0.14044535       147.50149       1.0345334      0.85338559      0.63331732      0.46821118      0.85664514       1.0408226       8.9590736       1.0561435       11.380547       637.57665     0.088545445      0.088545445       815.20598                 21.603039                        393.34437                          222.62924             166.24878                       11.380547
              3       404.46124       68.991249       3.1776831      0.97707469     0.022766472      0.11647595     0.064374642       1.0641566       1.0037988       2.3991105   2.3991105e-09       2.3792379       0.2460516      0.24738397        13.73727       2.1092844      0.70603039      0.29389368      0.13988729       147.58741       1.0310609      0.84070462       0.6305636      0.46427624      0.85640922       1.0412107       8.5210935       1.0641566       10.432389       637.92956     0.088545445      0.088545445       808.74539                 21.399155                        391.37622                          225.15418             160.38344                       10.432389
              4       404.15696       68.991249       3.1862472       0.9789793     0.022766472      0.11647595     0.064374642       1.0685477       1.0038003       2.4197449   2.4197449e-09       2.3792379       0.2460516      0.24738397        13.73727       2.1274261      0.70603039      0.29389368      0.13988729       147.58741        1.036246      0.84493238       0.6337346      0.46661101      0.86071596       1.0412107       8.5210935       1.0685477       10.432389       637.50254     0.088545445      0.088545445       808.13682                 21.146856                        391.36719                          224.98849             160.20189                       10.432389
              4       404.34185       69.121285       3.1898031      0.97981411     0.022736569      0.11619254     0.063157964       1.0718401        1.005093       2.4283646   2.4283646e-09       2.3843909      0.24603901      0.24737134       13.734385        2.140206       0.7077912      0.29213316      0.13957398       147.69689       1.0364764      0.84135439      0.63352031       0.4657531      0.86171833       1.0413675       8.4078032       1.0718401       10.877402        636.3594     0.088545445      0.088545445        808.5066                 21.032428                        391.00125                          224.32572              161.2698                       10.877402
              4       405.71951       69.305916       3.2017709      0.98180362     0.022698615      0.11549141     0.062434234       1.0801473       1.0054609       2.4576014   2.4576014e-09       2.3909559      0.24602296      0.24735523       13.738396       2.1691109      0.71088473      0.28904004      0.13883489       147.92821       1.0389059      0.83640081      0.63416296      0.46498653      0.86489099        1.041253       8.3349107       1.0801473       12.498929       636.11448     0.088545445      0.088545445       811.26193                 20.745382                        390.73684                          224.63225             162.64853                       12.498929
              3        406.0925       69.048189       3.2042976      0.98274496     0.022557272      0.11565671     0.065766409       1.0772736       1.0047614       2.4638189   2.4638189e-09         2.41564      0.24596266      0.24729471       13.760466       2.1601544      0.70867215      0.29125205      0.13885885       148.04203       1.0438674      0.84460651      0.63721899      0.46811867      0.86740409       1.0410301       8.6882055       1.0772736       11.263061       636.73203     0.088545445      0.088545445       812.00791                 20.700933                        391.83183                          224.19927             164.01282                       11.263061
              7       406.55138       69.048189       3.1536071      0.98600336     0.022557272      0.11565671     0.065766409       1.0500194       1.0017125       2.3420392   2.3420392e-09         2.41564      0.24596266      0.24729471       13.760466        2.053384      0.70867215      0.29125205      0.13885885       148.04203       1.0190248      0.82450608      0.62205409      0.45697811      0.84676111       1.0410301       8.6882055       1.0500194       11.263061       639.40318     0.088545445      0.088545445       812.92566                 20.396641                        391.76021                          227.24632             162.25942                       11.263061
              1       408.30929       68.928181       3.1292189      0.98226698     0.022654278      0.11683416     0.076141501       1.0242142       1.0039817        2.285612    2.285612e-09       2.3986591      0.24600412      0.24733632       13.736107       1.9627584      0.70497439      0.29494955      0.14013331       147.61648       1.0115856      0.82711305      0.61892493      0.45611558      0.83984867       1.0416961       9.6441532       1.0242142       10.357485        644.6727     0.088545445      0.088545445       816.44149                 21.146857                        397.48967                          226.03618              161.4113                       10.357485
              2       410.34829       68.822411       3.1232978      0.98118795     0.022682901      0.11719453     0.076272252       1.0195955       1.0020794       2.2721186   2.2721186e-09       2.3936818      0.24601629      0.24734854       13.734821       1.9506608       0.7032456       0.2966781       0.1405223       147.48812       1.0103963      0.82985938      0.61862586      0.45656166      0.83821745       1.0416947       9.6557212       1.0195955       10.372939       646.22334     0.088545445      0.088545445       820.51949                 21.415898                        397.65426                          227.15318             163.92321                       10.372939
              2        407.7352       68.822411       3.0964585      0.97779352     0.022682901      0.11719453     0.076272252       1.0081436       1.0022086       2.2119476   2.2119476e-09       2.3936818      0.24601629      0.24734854       13.734821       1.8990028       0.7032456       0.2966781       0.1405223       147.48812      0.99562367       0.8177263      0.60958115      0.44988644      0.82596217       1.0416947       9.6557212       1.0081436       10.372939       645.04969     0.088545445      0.088545445       815.29331                 21.715675                        397.83323                          225.50078             159.87068                       10.372939
              1       407.20912       68.822411       3.1606712       0.9752094     0.022682901      0.11719453     0.076272252       1.0395746       1.0025573       2.3586422   2.3586422e-09       2.3936818      0.24601629      0.24734854       13.734821       2.0249431       0.7032456       0.2966781       0.1405223       147.48812       1.0270859      0.84356688      0.62884423      0.46410308        0.852063       1.0416947       9.6557212       1.0395746       10.372939       643.83355     0.088545445      0.088545445       814.24115                 22.343322                        398.01295                          223.47728             160.03466                       10.372939
              2       406.11444       68.913693       3.1630148      0.97555338     0.022688629      0.11699558     0.070803561       1.0479093       1.0027154       2.3641764   2.3641764e-09       2.3926876      0.24601872      0.24735098       13.732043       2.0520157       0.7044381      0.29548581      0.14032908       147.53493        1.026867       0.8408931      0.62849396      0.46337785      0.85244615       1.0417377       9.1520411       1.0479093       10.322742       640.69855     0.088545445      0.088545445       812.05179                 21.954081                        394.45046                            224.294              161.0305                       10.322742
              3         405.461       68.913693       3.1503053      0.97556143     0.022688629      0.11699558     0.070803561       1.0403103       1.0030317        2.334319    2.334319e-09       2.3926876      0.24601872      0.24735098       13.732043       2.0261007       0.7044381      0.29548581      0.14032908       147.53493       1.0203653      0.83556896      0.62451464      0.46044396      0.84704886       1.0417377       9.1520411       1.0403103       10.322742       640.38353     0.088545445      0.088545445        810.7449                 22.064027                        394.47721                           223.8423             160.03863                       10.322742
              1       406.89292       69.058203       3.1687926      0.97831963     0.022652078      0.11606086     0.078702217       1.0433704       0.9993341       2.3778757   2.3778757e-09       2.3990423      0.24600318      0.24733538       13.745866       2.0315582       0.7077104      0.29221382      0.13935781       147.82673        1.025245      0.83206422       0.6264126      0.46055943      0.85199157       1.0412554       9.8566243       1.0433704       10.876706       642.87286     0.088545445      0.088545445       813.60875                  21.75343                         399.4307                          221.68873             159.85919                       10.876706
              7       406.58841       68.648869       3.1633359      0.97778415     0.022545637      0.11671669     0.077193797       1.0431823       1.0030756       2.3649355   2.3649355e-09       2.4176883      0.24595767       0.2472897       13.766975       2.0266074      0.70304855      0.29687476       0.1399072       147.76938       1.0286053      0.84425234      0.62908419       0.4643571      0.85224693       1.0410199       9.7649829       1.0431823       10.498768       642.73336     0.088545445      0.088545445       812.99972                 21.552224                        398.52873                          222.65241             159.76759                       10.498768
              1       408.38472       68.990347       3.1703854      0.97918499     0.022541317      0.11606741     0.076354403       1.0489483       1.0022072       2.3816662   2.3816662e-09       2.4184496      0.24595582      0.24728785       13.754716       2.0443737      0.70735411      0.29256996      0.13925359       147.94904       1.0276539      0.83452373      0.62776701       0.4616958      0.85357376        1.041344       9.6773467       1.0489483       10.876638       645.20243     0.088545445      0.088545445       816.59235                 21.286377                        397.68201                          226.23404             160.51329                       10.876638
              8       405.00189       69.398721       3.1823837      0.98036102     0.022652738      0.11511455     0.062377935       1.0687283       1.0015225       2.4104141   2.4104141e-09       2.3989274      0.24600346      0.24733566       13.741855       2.1277024       0.7125352      0.28738976      0.13841215       148.08164       1.0260968      0.82239243      0.62586677      0.45824709      0.85479913        1.041235       8.3335816       1.0687283       13.933116       635.74503     0.088545445      0.088545445        809.8267                 21.028404                        390.74335                          223.97327             160.14856                       13.933116
              4       404.56407       68.497205       3.1536363      0.97629426     0.022556904      0.11728665     0.075688281        1.037395       1.0038099       2.3421077   2.3421077e-09       2.4157048       0.2459625      0.24729455        13.76449       2.0130977      0.70049332      0.29942966      0.14048842       147.60395       1.0268247      0.84837707      0.62864638      0.46502909      0.84983129       1.0411507       9.6383247        1.037395       11.256834       639.98582     0.088545445      0.088545445       808.95104                 21.942005                        397.66548                          220.37833             157.70839                       11.256834
              1       404.25636       68.615648       3.1541358      0.97615381     0.022609445      0.11714041     0.074711733       1.0387171      0.99996281       2.3432778   2.3432778e-09       2.4064856      0.24598499      0.24731712       13.756565        2.018041      0.70172544       0.2981978      0.14039472       147.58445       1.0252677      0.84468296       0.6275885      0.46376833      0.84927604       1.0412116       9.5324994       1.0387171       10.814766       639.60874     0.088545445      0.088545445       808.33563                 21.964247                        396.95428                          220.69022             157.91212                       10.814766
              3       404.35176       68.600193       3.1535454      0.97610347     0.022602464      0.11718132     0.073882134       1.0382966       1.0042154       2.3418946   2.3418946e-09       2.4077077      0.24598201      0.24731413       13.757005        2.020199      0.70151892      0.29840428      0.14042865       147.58129       1.0253007      0.84514135      0.62764662      0.46389155      0.84920772       1.0412273       9.4597595       1.0382966       10.867056        639.9564     0.088545445      0.088545445       808.52644                 22.052798                        396.43149                          221.47211             157.70299                       10.867056
              6       403.72617       68.600193       3.1162318      0.97730837     0.022602464      0.11718132     0.073882134       1.0199492       1.0045979       2.2561205   2.2561205e-09       2.4077077      0.24598201      0.24731413       13.757005       1.9462072      0.70151892      0.29840428      0.14042865       147.58129       1.0068148      0.82990362      0.61633028      0.45552768      0.83389667       1.0412273       9.4597595       1.0199492       10.867056       639.51664     0.088545445      0.088545445       807.27524                 21.747836                        396.34004                          221.42876             156.89154                       10.867056
              2       407.02564       68.103163       3.0980179      0.97418095     0.022624528      0.11846614     0.071987653       1.0125055       1.0013053       2.2153996   2.2153996e-09       2.4038484      0.24599143      0.24732359        13.76542       1.9183347      0.69432854      0.30559355      0.14173554       147.21429       1.0053796      0.84359565      0.61687865      0.45865464      0.82968588       1.0410584       9.3059948       1.0125055       16.446414       642.34933     0.088545445      0.088545445        813.8742                 22.062651                        395.45006                          224.83661             155.07845                       16.446414
              7       408.01531       68.046606       3.0970139      0.97414216     0.022601767      0.11856925     0.072840664        1.011218       1.0023694       2.2131765   2.2131765e-09       2.4078297      0.24598171      0.24731383       13.768256       1.9131431      0.69364668      0.30627527      0.14181588        147.2122       1.0058345      0.84532048      0.61724526      0.45918294       0.8297166       1.0410575       9.3926428        1.011218       17.157216       643.36477     0.088545445      0.088545445       815.85352                 22.068192                        396.02666                          225.26991             155.33154                       17.157216
              3       408.02148        67.86949        3.101017      0.97487347     0.022518402      0.11857152     0.062276869       1.0247513       1.0025791       2.2220537   2.2220537e-09       2.4224931      0.24594599      0.24727798        13.78622       1.9618308      0.69222169      0.30769986      0.14173479       147.30428       1.0095443       0.8508796      0.61943323      0.46134554       0.8316923       1.0407464       8.4167197       1.0247513       19.198134       638.80601     0.088545445      0.088545445       815.86586                 21.518783                        390.99277                          226.29445             157.86172                       19.198134
              4       406.30155        67.86949       3.0868944      0.97379412     0.022518402      0.11857152     0.062276869       1.0143763       1.0026162       2.1908931   2.1908931e-09       2.4224931      0.24594599      0.24727798        13.78622       1.9343194      0.69222169      0.30769986      0.14173479       147.30428        1.002029      0.84454542        0.614822      0.45791115      0.82550095       1.0407464       8.4167197       1.0143763       19.198134       634.57264     0.088545445      0.088545445       812.42602                 22.049494                         391.0696                          221.45354             158.65524                       19.198134
              1       408.29956        67.86949       3.0953913      0.97069912     0.022518402      0.11857152     0.062276869       1.0207759      0.99702962       2.2095883   2.2095883e-09       2.4224931      0.24594599      0.24727798        13.78622       1.9508252      0.69222169      0.30769986      0.14173479       147.30428       1.0051117      0.84714366       0.6167135      0.45931992       0.8280406       1.0407464       8.4167197       1.0207759       19.198134       633.89777     0.088545445      0.088545445       816.42203                 22.350878                        391.04518                          220.50172             163.32612                       19.198134
              5       405.49374       68.275651       3.1170846      0.97406425     0.022502994      0.11722845     0.065543399       1.0304914       1.0019916       2.2580452   2.2580452e-09       2.4252176      0.24593938      0.24727135        13.78723       1.9806255      0.69878686      0.30113562      0.14037631       147.67992       1.0083982      0.83606831      0.61724206      0.45724193      0.83323016       1.0405677       8.7091173       1.0304914       12.629868       634.03093     0.088545445      0.088545445       810.81038                 21.791335                        392.09076                          220.14884             164.14959                       12.629868
              1       404.93936       68.275651       3.0904916      0.97536902     0.022502994      0.11722845     0.065543399       1.0155028        1.002256       2.1987884   2.1987884e-09       2.4252176      0.24593938      0.24727135        13.78723       1.9286488      0.69878686      0.30113562      0.14037631       147.67992      0.99557441      0.82543604       0.6093926      0.45142719      0.82263399       1.0405677       8.7091173       1.0155028       12.629868       633.56211     0.088545445      0.088545445       809.70164                 21.732058                        392.07896                          219.75109             163.50966                       12.629868
              1       402.17636       68.822782       3.0978201      0.97658658     0.022567869      0.11634882     0.059057199       1.0277243       1.0039912       2.2149614   2.2149614e-09       2.4137765       0.2459672      0.24729927       13.761067       1.9682022      0.70527715      0.29464655      0.13956156       147.84342      0.99209068      0.80980337      0.60637715      0.44675371      0.82303345       1.0410829       8.0533328       1.0277243       10.369922       633.46472     0.088545445      0.088545445       804.17562                 21.329649                        390.26856                          221.86651             160.34098                       10.369922
             15       401.89084         68.8116       3.0983956      0.97673122      0.02255423      0.11633565     0.058328789       1.0286045       1.0034691       2.2162366   2.2162366e-09       2.4161752      0.24596136       0.2472934       13.762793       1.9722064      0.70523798       0.2946857      0.13953475       147.86229      0.99251391      0.81017987      0.60660669      0.44693767      0.82331766       1.0410705       7.9847463       1.0286045       10.367212        633.1634     0.088545445      0.088545445       803.60459                 21.306824                        390.22039                          221.63619             160.07397                       10.367212
              1       401.88962       68.793142       3.0968447      0.97653583     0.022550726       0.1164208     0.057463595       1.0273942       1.0035067       2.2128021   2.2128021e-09       2.4167921      0.24595985      0.24729189       13.762184       1.9725605      0.70490726      0.29501638       0.1396164       147.84323      0.99224687      0.81067112      0.60653218      0.44700808      0.82298574       1.0411165       7.9017822       1.0273942       10.348478       633.60713     0.088545445      0.088545445       803.60214                 21.436736                        390.19218                          221.97821             159.64653                       10.348478
              1       405.04594       68.793142       3.1439752      0.98307383     0.022550726       0.1164208     0.057463595       1.0539024       1.0076158       2.3195892   2.3195892e-09       2.4167921      0.24595985      0.24729189       13.762184       2.0677539      0.70490726      0.29501638       0.1396164       147.84323        1.018466      0.83209228      0.62255918      0.45881982      0.84473231       1.0411165       7.9017822       1.0539024       10.348478       637.61421     0.088545445      0.088545445       809.91479                  20.49057                        390.33116                          226.79248              161.9521                       10.348478
              5       404.46485       68.793142       3.1355298      0.98337529     0.022550726       0.1164208     0.057463595       1.0495417       1.0065689       2.3000818   2.3000818e-09       2.4167921      0.24595985      0.24729189       13.762184       2.0503643      0.70490726      0.29501638       0.1396164       147.84323       1.0142922      0.82868229      0.62000787      0.45693954      0.84127052       1.0411165       7.9017822       1.0495417       10.348478       638.15168     0.088545445      0.088545445        808.7526                  20.45785                        390.33223                           227.3616             160.25244                       10.348478
              1       403.99318       68.793142       3.1185984      0.98201675     0.022550726       0.1164208     0.057463595       1.0389231       1.0073692        2.261466    2.261466e-09       2.4167921      0.24595985      0.24729189       13.762184        2.015941      0.70490726      0.29501638       0.1396164       147.84323       1.0052154      0.82126645      0.61445945       0.4528504      0.83374203       1.0411165       7.9017822       1.0389231       10.348478       635.37513     0.088545445      0.088545445       807.80928                 20.714519                        390.28171                          224.37891             162.08567                       10.348478
              3       404.31751       68.952685       3.1216264      0.98255931     0.022564409      0.11613211     0.061831169       1.0366368       1.0074572       2.2683241   2.2683241e-09       2.4143847      0.24596572      0.24729778       13.755631       2.0044685      0.70684968      0.29307431      0.13934138       147.90567       1.0045535      0.81680713      0.61375227      0.45158297      0.83415869       1.0412433       8.3201573       1.0366368        10.66585       636.07609     0.088545445      0.088545445       808.45793                 20.704429                        390.67966                            224.692             161.71599                        10.66585
              3       403.46247       68.952685       3.1164025      0.98153875     0.022564409      0.11613211     0.061831169       1.0357231       1.0023864       2.2565056   2.2565056e-09       2.4143847      0.24596572      0.24729778       13.755631       1.9940248      0.70684968      0.29307431      0.13934138       147.90567       1.0015387      0.81435575      0.61191029      0.45022768      0.83165523       1.0412433       8.3201573       1.0357231        10.66585       638.39426     0.088545445      0.088545445       806.74786                 20.679464                        390.69702                          227.01778             157.68774                        10.66585
              2       401.86386       68.952685       3.1466794      0.98086038     0.022564409      0.11613211     0.061831169        1.049857        1.001666       2.3258704   2.3258704e-09       2.4143847      0.24596572      0.24729778       13.755631       2.0553209      0.70684968      0.29307431      0.13934138       147.90567       1.0165498      0.82656134      0.62108163      0.45697571      0.84412011       1.0412433       8.3201573        1.049857        10.66585       634.92904     0.088545445      0.088545445       803.55063                 20.886931                        390.70832                           223.3338             157.95574                        10.66585
              2       402.64964       68.976052       3.1461182      0.98028223     0.022627439      0.11611463     0.048137728       1.0639661       1.0020335       2.3245655   2.3245655e-09         2.40334      0.24599268      0.24732484       13.752316       2.1112025      0.70695251      0.29297153      0.13938694       147.83978        1.015332      0.82545039      0.62038828      0.45642554      0.84325171       1.0411326       6.9346673       1.0639661         10.6295        636.9039     0.088545445      0.088545445       805.12219                 20.747406                        393.41883                          222.73766             157.58879                         10.6295
              4       401.96672       68.807854       3.1424981      0.97935042     0.022663789      0.11644095     0.051723788       1.0585752       1.0014937       2.3161654   2.3161654e-09       2.3970035      0.24600817      0.24734038       13.757227       2.0885403      0.70475207       0.2951716      0.13974961       147.71136       1.0153815      0.83005381      0.62082172       0.4575995      0.84226403       1.0408926       7.3012325       1.0585752       10.399844       635.18438     0.088545445      0.088545445       803.75635                 20.847563                        391.40634                          222.93047             158.17213                       10.399844
              3       404.64277       68.581236       3.1328127      0.97859724     0.022580872      0.11711764     0.075597216       1.0282145       1.0016617       2.2938407   2.2938407e-09       2.4114928      0.24597277      0.24730486       13.761014       1.9719702      0.70153518      0.29838798      0.14034338       147.62243       1.0155939      0.83698334      0.62161012      0.45942371       0.8410518       1.0411583       9.6199837       1.0282145       10.872124       642.22285     0.088545445      0.088545445       809.10846                 21.430151                         397.3557                            223.437             156.01348                       10.872124
              4       404.27286       68.581236       3.1067393      0.97534584     0.022580872      0.11711764     0.075597216       1.0133994       1.0022734       2.2348056   2.2348056e-09       2.4114928      0.24597277      0.24730486       13.761014       1.9212189      0.70153518      0.29838798      0.14034338       147.62243       1.0011901      0.82511266      0.61279401      0.45290785      0.82912342       1.0411583       9.6199837       1.0133994       10.872124       640.36176     0.088545445      0.088545445       808.36862                   22.1411                        397.62985                          220.59081             157.13474                       10.872124
              1       404.37425       68.581236       3.1012288      0.97528893     0.022580872      0.11711764     0.075597216       1.0108017        1.002371       2.2225244   2.2225244e-09       2.4114928      0.24597277      0.24730486       13.761014        1.910661      0.70153518      0.29838798      0.14034338       147.62243      0.99841351      0.82282441      0.61109458      0.45165182      0.82682405       1.0411583       9.6199837       1.0108017       10.872124          640.33     0.088545445      0.088545445       808.57142                 22.127676                        397.60145                          220.60087             157.36929                       10.872124
              3       405.45054       68.581236       3.1021395      0.97365914     0.022580872      0.11711764     0.075597216       1.0117527       1.0005153       2.2245496   2.2245496e-09       2.4114928      0.24597277      0.24730486       13.761014        1.912402      0.70153518      0.29838798      0.14034338       147.62243      0.99824468      0.82268528      0.61099125      0.45157545      0.82668424       1.0411583       9.6199837       1.0117527       10.872124       640.81043     0.088545445      0.088545445       810.72399                 22.367329                        397.71421                          220.72889             159.04144                       10.872124
              3       410.76544       68.971022       3.1078329       0.9778744      0.02244783      0.11597507     0.081209295       1.0106807       1.0029187       2.2372508   2.2372508e-09       2.4350094      0.24591573      0.24724761       13.761534        1.901854      0.70758072      0.29234331      0.13906777       148.07896      0.99582148       0.8079966      0.60811835      0.44715841      0.82701773       1.0414255       10.135411       1.0106807       11.095243       648.09248     0.088545445      0.088545445        821.3538                 21.749301                        401.54651                          224.79667             162.16607                       11.095243
              4       410.31021       69.193568       3.1223841      0.97854982     0.022525351      0.11532673     0.075120213       1.0259494      0.99922339       2.2700436   2.2700436e-09       2.4212658      0.24594897      0.24728097       13.757602       1.9533749      0.71065095      0.28927357      0.13849695       148.16726      0.99814359      0.80351618      0.60890995      0.44656045       0.8302825       1.0411837       9.5543009       1.0259494       12.595724       643.65253     0.088545445      0.088545445       820.44332                 21.357124                        396.81058                          225.48482             164.19507                       12.595724
              8       407.22038       69.160358       3.1261257      0.97757236     0.022591779      0.11541957     0.071062413       1.0310789      0.99869587        2.278553    2.278553e-09       2.4095797      0.24597744      0.24730954       13.756143       1.9766742      0.71004002      0.28988443      0.13865622       148.06745      0.99976164      0.80615463       0.6100723      0.44764891      0.83142884       1.0410169       9.1682115       1.0310789       11.943955       638.56811     0.088545445      0.088545445       814.26368                 21.483583                         394.3575                          222.72703             163.75161                       11.943955
              1       409.41123       69.160358       3.0959681      0.97803683     0.022591779      0.11541957     0.071062413       1.0154794      0.99714291        2.210863    2.210863e-09       2.4095797      0.24597744      0.24730954       13.756143       1.9179523      0.71004002      0.28988443      0.13865622       148.06745      0.98497581      0.79423211      0.60104972      0.44102846      0.81913254       1.0410169       9.1682115       1.0154794       11.943955       638.63459     0.088545445      0.088545445       818.64537                 21.429843                         394.3714                          222.83335             168.06683                       11.943955
              3       406.87599        69.07687       3.0909824      0.97597429     0.022691188      0.11599789     0.073869536       1.0088598      0.99940637        2.199868    2.199868e-09       2.3922438      0.24601981      0.24735207       13.744875       1.8977297      0.70791835      0.29200591      0.13933395       147.79993       0.9844995       0.7985924      0.60149183      0.44215816      0.81824211       1.0411423       9.4104108       1.0088598       10.879538       640.49248     0.088545445      0.088545445       813.57489                 21.947885                        396.16001                          222.38458             162.20287                       10.879538
              2       408.11674       69.039868       3.0855333      0.97577602     0.022673839      0.11620787     0.076988627       1.0021795      0.99953883       2.1879131   2.1879131e-09        2.395256      0.24601244      0.24734467       13.742856       1.8756793      0.70720106      0.29272312      0.13952657       147.76278      0.98319219      0.79908061      0.60090062      0.44199455      0.81693668       1.0413036       9.7009058       1.0021795         10.7134          643.15     0.088545445      0.088545445       816.05638                 22.167144                        398.30619                          222.67667             162.19298                         10.7134
              1       406.65909       68.915247         3.08101      0.97516779     0.022646853      0.11649512     0.073857527       1.0027773      0.99969705        2.178039    2.178039e-09       2.3999527      0.24600096      0.24733315       13.746721       1.8789439      0.70559314      0.29433077      0.13978684       147.71573      0.98304213      0.80218172       0.6010889      0.44273884      0.81607446       1.0413126       9.4316743       1.0027773       10.400677       640.81432     0.088545445      0.088545445       813.14108                 22.151923                        396.33914                          222.32326             161.92608                       10.400677
              7        405.5408       68.915247       3.1564327      0.97482065     0.022646853      0.11649512     0.073857527       1.0420884      0.99919002       2.3486662   2.3486662e-09       2.3999527      0.24600096      0.24733315       13.746721       2.0261401      0.70559314      0.29433077      0.13978684       147.71573       1.0206856      0.83289953      0.62410629      0.45969256      0.84732427       1.0413126       9.4316743       1.0420884       10.400677       640.29905     0.088545445      0.088545445        810.9045                 22.123557                        396.32425                          221.85124             160.20478                       10.400677
              4       406.89963       68.967873       3.1585474      0.97677773      0.02252794      0.11602352     0.070222694       1.0481592         1.00695       2.3536383   2.3536383e-09       2.4208088      0.24595008      0.24728209       13.758275       2.0452437      0.70728373      0.29264029      0.13919633       147.97586       1.0206013      0.82884077      0.62339463      0.45850765       0.8475777       1.0412641       9.1198322       1.0481592       10.833419       638.47646     0.088545445      0.088545445       813.62218                 21.575811                        394.05304                          222.84761              164.3123                       10.833419
              2       409.39679       68.967873       3.1771261      0.98103861      0.02252794      0.11602352     0.070222694       1.0552332       1.0080315       2.3977744   2.3977744e-09       2.4208088      0.24595008      0.24728209       13.758275       2.0835967      0.70728373      0.29264029      0.13919633       147.97586       1.0318182      0.83795012      0.63024603      0.46354686      0.85689298       1.0412641       9.1198322       1.0552332       10.833419       642.49844     0.088545445      0.088545445       818.61648                 21.210524                        393.97149                          227.31642             165.28462                       10.833419
              3       408.12937       69.037448       3.1695128       0.9797704      0.02257583      0.11639471     0.064362361       1.0566167       1.0021773       2.3795888   2.3795888e-09       2.4123781      0.24597061      0.24730269       13.740636       2.0921725      0.70699414      0.29293003      0.13961541       147.82215       1.0288563      0.83671096      0.62890935      0.46267819      0.85486409       1.0417485       8.5656453       1.0566167        10.87651        641.2247     0.088545445      0.088545445       816.08165                 21.312273                        391.44293                           228.4695             163.98044                        10.87651
              3       405.28432       69.037448       3.1263052      0.97675983      0.02257583      0.11639471     0.064362361       1.0355468       1.0050438       2.2789622   2.2789622e-09       2.4123781      0.24597061      0.24730269       13.740636       2.0036999      0.70699414      0.29293003      0.13961541       147.82215       1.0056987       0.8178782      0.61475381      0.45226419      0.83562274       1.0417485       8.5656453       1.0355468        10.87651       637.91055     0.088545445      0.088545445       810.39155                 21.608086                        391.42635                          224.87611             161.60449                        10.87651
              3       405.07966       69.103504       3.1318614      0.97727291     0.022597303      0.11613032     0.067052777       1.0368954       1.0050181       2.2916598   2.2916598e-09       2.4086116       0.2459798      0.24731191        13.74147       2.0040513      0.70806275      0.29186157      0.13937249       147.86929       1.0067487      0.81643422      0.61512777      0.45212608      0.83689525       1.0416041       8.8094007       1.0368954       11.226906       638.10196     0.088545445      0.088545445       809.98223                 21.499063                        392.43771                          224.16518             160.65336                       11.226906
              2        405.8487       69.465465       3.1452458      0.97701281     0.022770948      0.11561062     0.060669268       1.0507446        1.003347       2.3225384   2.3225384e-09       2.3784682      0.24605348      0.24738586       13.719121       2.0571513      0.71181434      0.28811077      0.13902643       147.81514       1.0075173      0.80971353      0.61521491      0.45073027       0.8397248       1.0416688       8.1516225       1.0507446       13.458415       637.32786     0.088545445      0.088545445       811.52032                 21.455064                        390.39275                          225.48005             160.73404                       13.458415
              4       404.33798       69.363128       3.1542784      0.97853217     0.022674035      0.11513014     0.056190102       1.0615075        1.000887        2.343612    2.343612e-09        2.395222      0.24601252      0.24734476       13.743973       2.0944964      0.71216343      0.28776146      0.13844905       148.05349       1.0111304      0.81113238      0.61677911      0.45173924      0.84211519       1.0410924       7.7271006       1.0615075       13.408521       634.82129     0.088545445      0.088545445       808.49886                  21.03538                        390.28363                          223.50228             160.26905                       13.408521
              1       403.95768       69.363128       3.1532528      0.97862674     0.022674035      0.11513014     0.056190102       1.0606363       1.0029576       2.3412096   2.3412096e-09        2.395222      0.24601252      0.24734476       13.743973       2.0923493      0.71216343      0.28776146      0.13844905       148.05349       1.0106489      0.81074614      0.61648542      0.45152414       0.8417142       1.0410924       7.7271006       1.0606363       13.408521       634.60698     0.088545445      0.088545445       807.73826                 21.051522                        390.29421                          223.26125             159.72276                       13.408521
              1       402.71376       69.136888       3.1443461      0.97744722     0.022668105      0.11574373     0.064712308       1.0464426       1.0029477       2.3204496   2.3204496e-09       2.3962528         0.24601      0.24734223       13.747194       2.0387489      0.70900527      0.29091912       0.1390567       147.89424       1.0101935      0.81704395      0.61688267      0.45304948      0.83996174       1.0411042       8.5631822       1.0464426       11.330974       635.13363     0.088545445      0.088545445       805.25044                 21.385828                        391.47906                          222.26874             158.78584                       11.330974
              2       403.19357       69.148806       3.1457659      0.97705574     0.022706902       0.1157768     0.064981618       1.0451417       1.0023143       2.3237466   2.3237466e-09       2.3895202      0.24602647      0.24735875       13.744169       2.0405463      0.70895527      0.29096915      0.13912857       147.84193       1.0105789      0.81755258      0.61719771      0.45330034      0.84035458       1.0410761       8.5797873       1.0451417       11.252095       636.35661     0.088545445      0.088545445       806.21005                 21.636344                        391.59039                          223.12987             158.60135                       11.252095
              2       402.94208       69.151767       3.1443893      0.97677557     0.022717779      0.11586104     0.064404441        1.044863       1.0031345         2.32055     2.32055e-09       2.3876378      0.24603107      0.24736337       13.741298       2.0400929      0.70878128      0.29114314      0.13922369       147.80709       1.0101547      0.81766674      0.61704409      0.45325524      0.84001986       1.0411481       8.5242717        1.044863       11.196316       636.36745     0.088545445      0.088545445       805.70707                 21.678198                        391.42082                          223.26842             158.14331                       11.196316
              6       404.72975       69.151767        3.178425      0.97656053     0.022717779      0.11586104     0.064404441       1.0630687        1.006859       2.4008911   2.4008911e-09       2.3876378      0.24603107      0.24736337       13.741298       2.1107241      0.70878128      0.29114314      0.13922369       147.80709       1.0274074      0.83163181      0.62758269      0.46099647       0.8543667       1.0411481       8.5242717       1.0630687       11.196316       635.66292     0.088545445      0.088545445        809.2824                 21.684672                        391.41596                          222.56228             162.42317                       11.196316
              7        403.3499       69.208276       3.1768293      0.97679153     0.022709567      0.11582666     0.064594587       1.0620615       1.0030269       2.3970629   2.3970629e-09       2.3890588       0.2460276      0.24735988       13.737489       2.1065574      0.70934559      0.29057896      0.13918109       147.82551       1.0263108      0.82963399      0.62686491      0.46024598      0.85380347       1.0412992       8.5439146       1.0620615       11.556584       636.05484     0.088545445      0.088545445       806.52272                 21.658661                        391.42007                          222.97611             158.91129                       11.556584
              5       404.34623       69.208276       3.1916084      0.97546419     0.022709567      0.11582666     0.064594587        1.070222       1.0022177       2.4327524   2.4327524e-09       2.3890588       0.2460276      0.24735988       13.737489       2.1379215      0.70934559      0.29057896      0.13918109       147.82551       1.0333937      0.83535958      0.63119112      0.46342229      0.85969586       1.0412992       8.5439146        1.070222       11.556584       636.20763     0.088545445      0.088545445       808.51537                 21.845008                        391.46196                          222.90066             160.75116                       11.556584
             11       404.51159       69.225555       3.1921297       0.9755586     0.022709197       0.1157835     0.064060427       1.0711097       1.0035762        2.434021    2.434021e-09       2.3891228      0.24602744      0.24735973       13.737162       2.1413228       0.7095815      0.29034309      0.13913756       147.83756       1.0333787       0.8348413      0.63113256      0.46328523      0.85979063       1.0413046       8.4926215       1.0711097       11.688973       636.10147     0.088545445      0.088545445       808.84609                 21.815628                        391.27868                          223.00716             161.05565                       11.688973
              1       404.63965       69.242175       3.1930036       0.9756842     0.022710217      0.11572839      0.06413727       1.0715603       1.0035633        2.436149    2.436149e-09       2.3889463      0.24602787      0.24736016       13.737182       2.1428656       0.7098337      0.29009092      0.13908348       147.85128       1.0334787      0.83436959       0.6311323      0.46318442      0.85997707       1.0412915       8.4986323       1.0715603       11.824143       636.16271     0.088545445      0.088545445       809.10222                 21.796757                        391.31585                           223.0501             161.11536                       11.824143
              4       404.51085       69.242175       3.1773355      0.97501749     0.022710217      0.11572839      0.06413727       1.0633074       1.0005575       2.3982765   2.3982765e-09       2.3889463      0.24602787      0.24736016       13.737182       2.1095525       0.7098337      0.29009092      0.13908348       147.85128       1.0251504      0.82764581      0.62604632      0.45945184      0.85304694       1.0412915       8.4986323       1.0633074       11.824143       636.47248     0.088545445      0.088545445        808.8446                 21.895736                        391.31562                          223.26112             160.54798                       11.824143
              7       403.99571        69.23433       3.1775124      0.97514453     0.022694128      0.11569525     0.062049676       1.0660014       1.0026358       2.3987009   2.3987009e-09       2.3917339      0.24602106      0.24735332       13.739224       2.1187535      0.70987065      0.29005396      0.13903424        147.8782        1.025268      0.82759896      0.62606273      0.45944925      0.85309649       1.0412736        8.302827       1.0660014       11.857877       635.52132     0.088545445      0.088545445       807.81433                 21.772923                        390.72868                          223.01972             160.43513                       11.857877
              1       403.41892       69.002798       3.1718723      0.97546534     0.022573184      0.11590218     0.060948215       1.0643073       1.0013569       2.3852101   2.3852101e-09       2.4128426      0.24596948      0.24730155       13.757282       2.1114835      0.70773979      0.29218431      0.13912023       147.95788       1.0256871      0.83201341      0.62641547      0.46054991      0.85201699       1.0411209       8.2284921       1.0643073       10.903506       633.95657     0.088545445      0.088545445       806.66075                 21.615794                        390.51013                          221.83064             161.80067                       10.903506
              3       404.69925       68.732246        3.152276      0.97350124     0.022545935      0.11695495     0.067953129       1.0449182       1.0016128       2.3389239   2.3389239e-09       2.4176357       0.2459578      0.24728983       13.753062       2.0417038      0.70326358      0.29665993      0.14014576       147.70516       1.0222691      0.83901431      0.62547538      0.46160972      0.84751131       1.0415218       8.9224389       1.0449182       10.344822       637.68732     0.088545445      0.088545445        809.2214                  22.22189                        393.11613                           222.3493             161.18926                       10.344822
              9       404.90817       68.726185       3.1523667      0.97349647     0.022547091      0.11695988     0.068644911       1.0446198       1.0016769       2.3391359   2.3391359e-09       2.4174323       0.2459583      0.24729033       13.753431       2.0390658      0.70319836      0.29672513      0.14015184       147.70257       1.0223566      0.83921507      0.62553568      0.46167958      0.84754644       1.0415062       8.9869683       1.0446198       10.353998       637.92194     0.088545445      0.088545445       809.63925                 22.199058                        393.44515                          222.27773             161.36331                       10.353998
              1       406.06218       68.739249       3.1532336      0.97340063     0.022563386      0.11695074     0.069092035       1.0427451       1.0011531       2.3411646   2.3411646e-09       2.4145646      0.24596528      0.24729734       13.752081       2.0390101      0.70329603      0.29662749      0.14015899       147.68679       1.0225202      0.83918051      0.62564376      0.46172136      0.84776263       1.0414934       9.0243225       1.0427451       10.353993       640.74945     0.088545445      0.088545445       811.94728                 22.467444                        393.71858                          224.56342             160.84383                       10.353993
             10       405.76535       68.699551       3.1651879      0.97566855     0.022448067       0.1162177     0.064459699       1.0577309        1.004165       2.3693196   2.3693196e-09       2.4349671      0.24591583      0.24724771       13.778883       2.0827381      0.70475053       0.2951729      0.13931063       148.01339       1.0264724      0.83846305      0.62710945      0.46223462      0.85079363       1.0408816       8.6012852       1.0577309        10.34367       634.62234     0.088545445      0.088545445       811.35362                 21.526801                        391.56282                          221.53271             166.38761                        10.34367
              2       405.74685       68.699551       3.1553838      0.97971354     0.022448067       0.1162177     0.064459699       1.0533308          1.0054        2.346204    2.346204e-09       2.4349671      0.24591583      0.24724771       13.778883       2.0624185      0.70475053       0.2951729      0.13931063       148.01339       1.0230393      0.83565874      0.62501203      0.46068863      0.84794807       1.0408816       8.6012852       1.0533308        10.34367       637.06328     0.088545445      0.088545445       811.31661                 20.897045                        391.51173                           224.6545             163.90967                        10.34367
              3       404.23056       68.699551       3.1056909      0.97855391     0.022448067       0.1162177     0.064459699       1.0259948       1.0053686       2.2324637   2.2324637e-09       2.4349671      0.24591583      0.24724771       13.778883       1.9624356      0.70475053       0.2951729      0.13931063       148.01339      0.99748933      0.81478853      0.60940263      0.44918314      0.82677095       1.0408816       8.6012852       1.0259948        10.34367       634.88156     0.088545445      0.088545445       808.28403                 21.179249                         391.5071                           222.1952              163.0588                        10.34367
              3       403.23443       68.711509       3.1082281      0.97781201     0.022510968      0.11628041     0.062649575       1.0289708       1.0053951       2.2381352   2.2381352e-09       2.4238069      0.24594281      0.24727478       13.774364       1.9745566      0.70458725      0.29533621      0.13943624       147.92582      0.99826422      0.81589853      0.61001347      0.44969556      0.82748523       1.0408243       8.4135641       1.0289708       10.363016       633.40741     0.088545445      0.088545445       806.29177                  21.26211                        390.97377                          221.17154             162.52135                       10.363016
              3       401.43649       68.690704       3.1050778      0.97704496     0.022530851      0.11650407     0.059304878        1.030431       1.0031405       2.2310954   2.2310954e-09        2.420295      0.24595133      0.24728334       13.769512       1.9815571      0.70389211       0.2960313      0.13967979       147.84309      0.99757405      0.81693756      0.60985773      0.44984505      0.82678793       1.0409528        8.088516        1.030431       10.390822       632.57778     0.088545445      0.088545445       802.69588                 21.314982                         390.3039                           220.9589             159.72728                       10.390822
              3        401.7043       68.690704       3.1680589      0.97760029     0.022530851      0.11650407     0.059304878       1.0633563       1.0024021       2.3761316   2.3761316e-09        2.420295      0.24595133      0.24728334       13.769512       2.1103716      0.70389211       0.2960313      0.13967979       147.84309       1.0297075      0.84325242      0.62950222      0.46433527      0.85342008       1.0409528        8.088516       1.0633563       10.390822       632.38221     0.088545445      0.088545445       803.23152                 21.242068                        390.30722                          220.83292             160.45849                       10.390822
              1       402.52601       68.690704       3.1487006      0.97991414     0.022530851      0.11650407     0.059304878       1.0522025       1.0026862       2.3305761   2.3305761e-09        2.420295      0.24595133      0.24728334       13.769512       2.0699113      0.70389211       0.2960313      0.13967979       147.84309       1.0206956      0.83587235      0.62399287      0.46027145      0.84595102       1.0409528        8.088516       1.0522025       10.390822        634.2894     0.088545445      0.088545445       804.87492                 21.017594                        390.28757                          222.98424              160.1947                       10.390822
              2       402.30879       68.690704       3.1152065      0.97780976     0.022530851      0.11650407     0.059304878        1.036083       1.0061881       2.2538083   2.2538083e-09        2.420295      0.24595133      0.24728334       13.769512       2.0017296      0.70389211       0.2960313      0.13967979       147.84309       1.0029333      0.82132635      0.61313404      0.45226172      0.83122963       1.0409528        8.088516        1.036083       10.390822       632.80874     0.088545445      0.088545445        804.4405                 21.169762                        390.29378                           221.3452             161.24093                       10.390822
              2       403.01052       68.779723       3.1220512      0.97678303     0.022634328      0.11643386     0.049273935       1.0498622       1.0055691        2.269288    2.269288e-09       2.4021373      0.24599562      0.24732779       13.760718       2.0563205      0.70458779      0.29533582      0.13971305       147.74622       1.0043793      0.82130288      0.61405461      0.45267449      0.83296732        1.040877       7.0554308       1.0498622       10.399488       634.71448     0.088545445      0.088545445       805.84395                 21.158444                        392.41197                          221.14407             160.72998                       10.399488
              3       403.03793       68.773685       3.1219078      0.97655701     0.022651188      0.11648944     0.050568081        1.046869       1.0007179       2.2689625   2.2689625e-09       2.3991974       0.2460028        0.247335       13.759265       2.0507109      0.70438274      0.29554085      0.13978549       147.71241       1.0044187      0.82181222      0.61415832      0.45282951      0.83296347       1.0408757       7.1862954        1.046869       10.423051       635.37441     0.088545445      0.088545445       805.89877                  21.35558                        391.70999                          222.30884             160.10131                       10.423051
              1       402.71808       68.908836       3.1149477      0.97671077     0.022647637      0.11657141      0.05301759       1.0429882       1.0018083       2.2532251   2.2532251e-09        2.399816      0.24600129      0.24733348       13.745177       2.0265349      0.70537606      0.29454784      0.13986391       147.69435       1.0009248       0.8172784      0.61210772      0.45093798      0.83088113       1.0413735       7.4389853       1.0429882       10.380712       636.66027     0.088545445      0.088545445       805.25906                 21.178544                        390.83981                          224.64191             158.21809                       10.380712
              1       403.09218       68.251605       3.0946087      0.97433479     0.022519742      0.11791413     0.054363395       1.0295655       1.0022943       2.2078598   2.2078598e-09       2.4222564      0.24594657      0.24727856       13.770141        1.980396      0.69706667      0.30285575      0.14107874        147.4778       1.0009717      0.83402934       0.6134613      0.45508878      0.82694802       1.0411844       7.6232899       1.0295655       13.293754       634.97309     0.088545445      0.088545445       806.00727                 21.510238                        390.36054                          223.10231             157.74043                       13.293754
              5       402.41365       68.756354       3.1105443      0.97561225     0.022657926      0.11698014     0.053539366       1.0395788       1.0008954       2.2433251   2.2433251e-09        2.398024      0.24600567      0.24733788       13.747181       2.0155265      0.70318145       0.2967421      0.14028294       147.57327       1.0011166      0.82200262      0.61268306      0.45220011      0.83012039       1.0413334        7.495786       1.0395788       10.457822       636.33786     0.088545445      0.088545445       804.65021                 21.352117                        390.60566                          224.38008             157.85453                       10.457822
              2       401.08363       68.756354       3.1064277      0.97768524     0.022657926      0.11698014     0.053539366        1.036441       1.0027094       2.2341092   2.2341092e-09        2.398024      0.24600567      0.24733788       13.747181       2.0072464      0.70318145       0.2967421      0.14028294       147.57327      0.99985463      0.82096644      0.61191074      0.45163009      0.82907397       1.0413334        7.495786        1.036441       10.457822       634.76764     0.088545445      0.088545445       801.99016                  21.16255                        390.68551                          222.91958              156.7647                       10.457822
              2       401.70597       68.756354       3.1143243      0.97800255     0.022657926      0.11698014     0.053539366       1.0392392       1.0032599        2.251821    2.251821e-09        2.398024      0.24600567      0.24733788       13.747181       2.0231597      0.70318145       0.2967421      0.14028294       147.57327       1.0039327       0.8243149      0.61440653      0.45347214       0.8324555       1.0413334        7.495786       1.0392392       10.457822       635.16845     0.088545445      0.088545445       803.23484                 21.240255                         390.6714                           223.2568             157.60857                       10.457822
              1       401.04058       68.516068       3.1094107        0.977568     0.022615319      0.11735344     0.060922468       1.0293024       1.0034257       2.2407836   2.2407836e-09       2.4054581       0.2459875      0.24731964       13.759396       1.9837336      0.70039149      0.29953153      0.14061363        147.5209       1.0046918      0.83045905      0.61523311      0.45514558      0.83162792       1.0411284       8.2415551       1.0293024       11.412784       633.87361     0.088545445      0.088545445       801.90407                 21.378154                        390.58357                          221.91189             156.61768                       11.412784
              3          402.23       68.568934       3.1212188      0.97808156      0.02264864      0.11691093      0.05728125       1.0411092       1.0019548       2.2673999   2.2673999e-09       2.3996413      0.24600172      0.24733391       13.765908       2.0219679      0.70172361      0.29819953      0.14020443       147.60218       1.0078781      0.83007786      0.61673478      0.45574843      0.83458716       1.0407269       7.8691016       1.0411092       11.147526       634.06925     0.088545445      0.088545445       804.28291                 21.084065                        390.20311                          222.78208             159.06613                       11.147526
              4       403.95497       68.568934       3.1242897      0.97853863      0.02264864      0.11691093      0.05728125       1.0423995       1.0066942       2.2743735   2.2743735e-09       2.3996413      0.24600172      0.24733391       13.765908       2.0281866      0.70172361      0.29819953      0.14020443       147.60218       1.0096038      0.83149917      0.61779079      0.45652878      0.83601619       1.0407269       7.8691016       1.0423995       11.147526       633.75407     0.088545445      0.088545445       807.73285                  21.05271                        390.20452                          222.49684             162.83126                       11.147526
              1       404.90915       68.376664       3.1157155      0.97635363     0.022710195      0.11767004     0.061382809       1.0322075      0.99705431        2.254956    2.254956e-09       2.3889501      0.24602786      0.24736015       13.760513        1.994443      0.69828849      0.30163421       0.1410251       147.33084       1.0089483      0.83839036      0.61829113      0.45820852      0.83430119       1.0408081       8.2687791       1.0322075       13.254408       635.30988     0.088545445      0.088545445       809.64121                 21.526251                        390.62267                          223.16096             161.07692                       13.254408
              3       405.19575       68.376664       3.0826743      0.97754418     0.022710195      0.11767004     0.061382809       1.0162158       1.0004133        2.181667    2.181667e-09       2.3889501      0.24602786      0.24736015       13.760513        1.929621      0.69828849      0.30163421       0.1410251       147.33084      0.99286947      0.82502958       0.6084379      0.45090641      0.82100558       1.0408081       8.2687791       1.0162158       13.254408       638.01717     0.088545445      0.088545445       810.21442                 21.259805                        390.64842                          226.10894             158.94284                       13.254408
              4       404.80164       68.471941       3.0861186      0.97804099     0.022722248      0.11743561     0.061623944        1.016391       1.0014413       2.1891941   2.1891941e-09       2.3868649      0.24603296      0.24736527        13.75814        1.935345      0.69960187      0.30032105      0.14080272       147.37994      0.99300705       0.8224826      0.60828218      0.45029958      0.82169123       1.0408106       8.2851213        1.016391       12.337103       636.10629     0.088545445      0.088545445       809.42618                 21.353144                          390.657                          224.09614             160.98279                       12.337103
              4       404.73449       68.735449       3.0910047      0.97835567     0.022804065      0.11710835     0.062630702       1.0179589       1.0033678        2.199917    2.199917e-09       2.3727841      0.24606734      0.24739977       13.741539       1.9409125      0.70242021       0.2975033      0.14055728       147.37638      0.99203958      0.81630577      0.60742454      0.44860621      0.82246872       1.0410335       8.3572024       1.0179589       10.915198       637.30482     0.088545445      0.088545445       809.29189                 21.384393                         390.8768                          225.04362             161.07188                       10.915198
              1        403.1377       68.735449       3.1182035      0.97222898     0.022804065      0.11710835     0.062630702       1.0320429       1.0026628       2.2605731   2.2605731e-09       2.3727841      0.24606734      0.24739977       13.741539       1.9944273      0.70242021       0.2975033      0.14055728       147.37638       1.0032591      0.82553783      0.61429424      0.45367975      0.83177048       1.0410335       8.3572024       1.0320429       10.915198       637.38999     0.088545445      0.088545445       806.09831                 22.385546                        390.95106                          224.05338             157.79312                       10.915198
              3       403.03508       68.750392       3.1180597      0.97398336     0.022687392      0.11676994     0.062812565       1.0328571       1.0064439       2.2602481   2.2602481e-09       2.3929024       0.2460182      0.24735045       13.752649       1.9934154      0.70351235      0.29641119       0.1401022       147.59674       1.0028593      0.82257143      0.61355184      0.45271503      0.83152941        1.041015       8.3961705       1.0328571       10.523557       634.22278     0.088545445      0.088545445       805.89307                 21.962329                        390.96088                          221.29957             161.14673                       10.523557
              2       401.11542       68.750392       3.1376335      0.97530705     0.022687392      0.11676994     0.062812565       1.0435326       1.0016554       2.3049255   2.3049255e-09       2.3929024       0.2460182      0.24735045       13.752649       2.0328185      0.70351235      0.29641119       0.1401022       147.59674        1.013237      0.83108345      0.61990091      0.45739975      0.84013413        1.041015       8.3961705       1.0435326       10.523557       634.15506     0.088545445      0.088545445       802.05375                 21.686167                        390.96791                          221.50098             157.37514                       10.523557
              1       400.51604       68.596374       3.1310012        0.974516     0.022633358      0.11713338     0.052911601       1.0495967       1.0026892       2.2896892   2.2896892e-09       2.4023066       0.2459952      0.24732737       13.757808       2.0597671      0.70152191      0.29840129      0.14041161       147.55964       1.0127031      0.83472655      0.61991609      0.45817678      0.83875039       1.0410855       7.4393705       1.0495967       10.983796       633.07045     0.088545445      0.088545445         800.855                 21.598879                        390.69898                          220.77259             156.80075                       10.983796
              2       402.28999       68.596374       3.1079298      0.97768023     0.022633358      0.11713338     0.052911601       1.0370846       1.0064573       2.2374676   2.2374676e-09       2.4023066       0.2459952      0.24732737       13.757808       2.0127894      0.70152191      0.29840129      0.14041161       147.55964       1.0023038      0.82615487      0.61355027      0.45347184      0.83013739       1.0410855       7.4393705       1.0370846       10.983796       634.01576     0.088545445      0.088545445       804.40289                 21.192817                        390.85341                          221.96954             159.40333                       10.983796
              1       402.79888       68.489213       3.1102036      0.97677472     0.022685436      0.11731903     0.055441294       1.0351783       1.0050867       2.2425609   2.2425609e-09       2.3932419      0.24601737      0.24734962       13.760799       2.0071903      0.70008038      0.29984258      0.14064933         147.452       1.0041366      0.83061302      0.61493217      0.45504101      0.83100548       1.0408321       7.6850996       1.0351783       11.944725        633.9649     0.088545445      0.088545445       805.42066                 21.393571                        390.27415                          222.29718             159.51104                       11.944725
              3       402.40571       68.454123       3.1076076      0.97657002      0.02268633      0.11745918     0.059133095       1.0296422       1.0023474       2.2367468   2.2367468e-09       2.3930866      0.24601775         0.24735       13.760055        1.987259       0.6994718      0.30045108      0.14079038        147.4136       1.0036642      0.83152538      0.61479694      0.45517158      0.83040175        1.040875       8.0520847       1.0296422       12.280007       634.34449     0.088545445      0.088545445       804.63432                 21.533321                        390.26762                          222.54356             158.00982                       12.280007
              2       402.56516       68.453584       3.1079937      0.97656641     0.022690481      0.11745318     0.059795992       1.0293452       1.0008353       2.2376106   2.2376106e-09       2.3923664      0.24601951      0.24735177       13.760153       1.9853924      0.69947103      0.30045185      0.14078853       147.41058       1.0037913      0.83162928      0.61487273      0.45522798      0.83050359       1.0408563       8.1157132       1.0293452       12.307583       634.30276     0.088545445      0.088545445       804.95322                 21.531207                        390.34188                          222.42967             158.34288                       12.307583
              4       401.95142       68.453584       3.1310961      0.97522205     0.022690481      0.11745318     0.059795992       1.0412415       1.0006686       2.2899064   2.2899064e-09       2.3923664      0.24601951      0.24735177       13.760153       2.0317937      0.69947103      0.30045185      0.14078853       147.41058       1.0149307      0.84085818       0.6216962      0.46027982      0.83971999       1.0408563       8.1157132       1.0412415       12.307583       633.77508     0.088545445      0.088545445       803.72574                 21.748679                        390.34958                          221.67682             157.64308                       12.307583
              3       401.13234       68.650162       3.1341531      0.97607545     0.022695751      0.11709157     0.057130624       1.0460421       1.0049224       2.2969174   2.2969174e-09       2.3914524      0.24602174      0.24735401       13.752488       2.0489075      0.70194577      0.29797755      0.14043219       147.50131       1.0139348      0.83500079      0.62069281      0.45858791       0.8400997       1.0410405       7.8473014       1.0460421       10.937188       633.44227     0.088545445      0.088545445       802.08759                 21.556349                        390.16161                          221.72431             157.70814                       10.937188
              6       400.81029       68.711519       3.1385907      0.97723182     0.022656047      0.11672181     0.056573583       1.0495784       1.0015904       2.3071329   2.3071329e-09       2.3983511      0.24600487      0.24733708       13.758262       2.0603141      0.70334511      0.29657834      0.14002273       147.64461       1.0146224      0.83240675      0.62066048      0.45802476        0.841045       1.0409284       7.7947176       1.0495784       10.560808       632.83949     0.088545445      0.088545445        801.4435                 21.338673                        390.17099                          221.32982              158.0432                       10.560808
              6       402.56057       68.711519       3.1802022      0.97954911     0.022656047      0.11672181     0.056573583       1.0719294       1.0042873       2.4051615   2.4051615e-09       2.3983511      0.24600487      0.24733708       13.758262       2.1478555      0.70334511      0.29657834      0.14002273       147.64461       1.0368765      0.85066419      0.63427362      0.46807075       0.8594919       1.0409284       7.7947176       1.0719294       10.560808       633.30365     0.088545445      0.088545445       804.94406                 21.006406                        390.25723                          222.04001              161.0796                       10.560808
              4       403.39037        68.99916       3.1874977      0.98160705     0.022634503      0.11598262     0.056408194        1.076929       1.0045529       2.4227726   2.4227726e-09       2.4021066      0.24599569      0.24732786       13.753707       2.1642983      0.70741122      0.29251287      0.13926199       147.86747       1.0361524      0.84133101      0.63296805      0.46549823       0.8606876       1.0410405       7.7712251        1.076929       10.726855        634.1872     0.088545445      0.088545445       806.60365                 20.757351                        390.32085                            223.109             161.68959                       10.726855
              1       401.20562        68.99916       3.1382096      0.97958132     0.022634503      0.11598262     0.056408194       1.0510702       1.0027174       2.3062538   2.3062538e-09       2.4021066      0.24599569      0.24732786       13.753707       2.0602103      0.70741122      0.29251287      0.13926199       147.86747       1.0101401      0.82020966      0.61707759      0.45381204      0.83908031       1.0410405       7.7712251       1.0510702       10.726855        633.3704     0.088545445      0.088545445       802.23415                 20.963519                        390.27104                          222.13584             158.13689                       10.726855
              1       401.96694        68.99916       3.1385228       0.9795133     0.022634503      0.11598262     0.056408194       1.0522916       1.0042187       2.3069763   2.3069763e-09       2.4021066      0.24599569      0.24732786       13.753707       2.0608558      0.70741122      0.29251287      0.13926199       147.86747       1.0102719      0.82031663      0.61715807      0.45387123      0.83918974       1.0410405       7.7712251       1.0522916       10.726855       634.30145     0.088545445      0.088545445       803.75679                 20.884952                        390.30527                          223.11123             158.72848                       10.726855
              1       402.79076       69.000528       3.1386278      0.97953912     0.022630637      0.11597083      0.05375794       1.0540055       1.0066474       2.3072186   2.3072186e-09       2.4027815      0.24599404      0.24732621       13.754016        2.072026      0.70745571      0.29246839      0.13924633       147.87498       1.0102961      0.82023219      0.61715553      0.45385211       0.8392182       1.0410416       7.5072782       1.0540055       10.742575       633.84868     0.088545445      0.088545445       805.40443                 20.928587                        390.72295                          222.19714             160.81318                       10.742575
              4       402.11149       68.874167       3.1407309      0.97806364     0.022717275       0.1163721     0.052804049       1.0553619       1.0045313       2.3120759   2.3120759e-09       2.3877249      0.24603086      0.24736316       13.751789       2.0803532      0.70535272      0.29457109      0.13973424       147.67014       1.0128775      0.82688878      0.61927371      0.45622615      0.84059173       1.0408783       7.3985943       1.0553619       10.405134       634.02684     0.088545445      0.088545445       804.04589                 21.132654                        390.89631                          221.99788             159.61391                       10.405134
              1       402.24059       68.873849       3.1407608      0.97807126     0.022716296      0.11636786     0.052355126       1.0558547       1.0045773       2.3121452   2.3121452e-09       2.3878942      0.24603045      0.24736274        13.75196       2.0822843        0.705361      0.29456282      0.13972903       147.67237       1.0128813      0.82686905      0.61927024      0.45622039      0.84059292       1.0408753       7.3532932       1.0558547       10.405229       634.21713     0.088545445      0.088545445        804.3041                 21.123183                        391.09686                          221.99709             159.68174                       10.405229
             12       404.12274       68.777186       3.1395172      0.97845511     0.022657053      0.11622053     0.054239358       1.0537455       1.0051478       2.3092715   2.3092715e-09       2.3981759       0.2460053      0.24733751       13.766176       2.0718737      0.70496894      0.29495467      0.13952244       147.77814       1.0124469      0.82692301      0.61877574      0.45600762      0.83964259       1.0405815       7.5529722       1.0537455       10.445432       633.37239     0.088545445      0.088545445       808.06839                 21.052946                        390.55247                          221.76698             164.25057                       10.445432
             11       403.46573       68.777186       3.1380571      0.97671712     0.022657053      0.11622053     0.054239358       1.0532707       1.0036499       2.3059023   2.3059023e-09       2.3981759       0.2460053      0.24733751       13.766176       2.0688509      0.70496894      0.29495467      0.13952244       147.77814       1.0110332      0.82576831       0.6179117      0.45537086      0.83847013       1.0405815       7.5529722       1.0532707       10.445432       632.97315     0.088545445      0.088545445       806.75437                 21.256412                        390.50548                          221.21126             163.33579                       10.445432
              1       403.21129       69.035463       3.1447665      0.97608542     0.022810097      0.11627705     0.054662983       1.0545148       1.0046817       2.3214254   2.3214254e-09        2.371751      0.24606986       0.2474023        13.73762       2.0810143      0.70673264      0.29319154      0.13973201       147.59223       1.0121793      0.82379796      0.61884433      0.45537509      0.84099528       1.0410162        7.564284       1.0545148       10.508959       636.11501     0.088545445      0.088545445        806.2455                 21.582923                        390.37238                          224.15971             159.62153                       10.508959
              4       404.14313       69.184958         3.15093      0.97647936     0.022852586      0.11589307     0.053378555       1.0605539       0.9994219       2.3357777   2.3357777e-09        2.364494      0.24608753      0.24742003       13.733802       2.0992661      0.70871209      0.29121241      0.13939052       147.64806       1.0122933      0.81976991      0.61853557      0.45437785      0.84200022        1.040936       7.4207563       1.0605539       10.972719       636.20077     0.088545445      0.088545445       808.10916                 21.403185                        390.72646                          224.07112             160.93568                       10.972719
              1       404.26735       69.330731       3.1471496      0.97764479     0.022789597      0.11570813      0.05833358       1.0550415      0.99978489       2.3269642   2.3269642e-09       2.3752646       0.2460613       0.2473937       13.727772        2.070722       0.7104515      0.28947332      0.13914259       147.76804       1.0096881      0.81412046      0.61666919      0.45232895      0.84071756       1.0413284       7.9220056       1.0550415       12.108461       636.78692     0.088545445      0.088545445       808.35761                 21.208111                        390.19403                          225.38478             159.46222                       12.108461
              1       401.01829        68.86319       3.1341531      0.97561708     0.022745438      0.11690433     0.058137398       1.0457669       1.0031486       2.2969174   2.2969174e-09        2.382861      0.24604275      0.24737509       13.737434       2.0447861      0.70407706      0.29584673      0.14029463       147.49613       1.0114185      0.82884901      0.61900072      0.45651794      0.83931398       1.0413445       7.9327634       1.0457669       10.394125       634.60631     0.088545445      0.088545445        801.8595                 21.618319                        390.11423                          222.87375             156.85907                       10.394125
              2       400.77029       68.818866       3.1315416      0.97595131     0.022689183      0.11688626      0.05321615       1.0497148       1.0029397       2.2909269   2.2909269e-09       2.3925915      0.24601896      0.24735121       13.743373       2.0596255      0.70385268      0.29607101      0.14022031       147.56357       1.0107732      0.82861857      0.61852387      0.45625269      0.83850854       1.0413381       7.4550411       1.0497148       10.389144       634.39755     0.088545445      0.088545445       801.36348                 21.427804                        390.70169                          222.26806             156.57678                       10.389144
              2       401.78806       68.593168        3.124992      0.97659963     0.022552623      0.11682565     0.060300313       1.0395662       1.0059541       2.2759714   2.2759714e-09       2.4164581      0.24596067      0.24729271        13.76873       2.0173935      0.70231965      0.29760354      0.14002314       147.73229       1.0094133      0.82999331       0.6174744      0.45606683      0.83600608       1.0409533       8.1862139       1.0395662       10.698523       632.43324     0.088545445      0.088545445       803.39904                 21.385555                        390.47522                          220.57247             160.26727                       10.698523
              1       402.93001       68.915487       3.1351339      0.97716107     0.022652497      0.11627037     0.060975031       1.0460107       1.0000504       2.2991713   2.2991713e-09       2.3989693      0.24600336      0.24733556       13.752704       2.0352094      0.70605653      0.29386738      0.13956774       147.76985       1.0094744      0.82258511       0.6170091      0.45428607      0.83801873        1.041057       8.2188597       1.0460107       10.440404       636.05866     0.088545445      0.088545445       805.68294                  21.22831                         390.5337                          224.29666             159.18387                       10.440404
              3       402.57361       68.929455       3.1316788      0.97706635     0.022646679      0.11649258     0.062814136       1.0416013        1.000595       2.2912413   2.2912413e-09       2.3999831      0.24600088      0.24733307       13.745541       2.0207434      0.70572022      0.29420372      0.13978412        147.7166        1.008941      0.82308063      0.61692193       0.4543518      0.83766076       1.0413524       8.4017097       1.0416013       10.419482       636.54644     0.088545445      0.088545445       804.97014                 21.338501                        390.97307                          224.23487             158.00421                       10.419482
              3       401.53122       68.929455       3.1554801        0.975873     0.022646679      0.11649258     0.062814136       1.0524645       1.0011215         2.34643     2.34643e-09       2.3999831      0.24600088      0.24733307       13.745541       2.0694167      0.70572022      0.29420372      0.13978412        147.7166       1.0205509      0.83255186      0.62402089      0.45958005      0.84729977       1.0413524       8.4017097       1.0524645       10.419482       634.41556     0.088545445      0.088545445       802.88536                 21.682892                        390.94094                          221.79173             158.05032                       10.419482
              1       401.88839       68.865677       3.1564213      0.97511324     0.022694887      0.11670303     0.066030788       1.0492152        1.000811       2.3486394   2.3486394e-09       2.3916021      0.24602138      0.24735364       13.744093       2.0580822      0.70462947      0.29529433      0.14004279       147.60632       1.0217978      0.83596259      0.62507215      0.46078033      0.84794245       1.0412659        8.699248       1.0492152       10.359312       635.62609     0.088545445      0.088545445       803.59969                  21.92049                        392.11505                          221.59055             157.61429                       10.359312
              3       402.59007       68.493321       3.1474199      0.97356559     0.022656701      0.11756496     0.061009999        1.049416      0.99804729       2.3275932   2.3275932e-09       2.3982371      0.24600515      0.24733736       13.754507       2.0602241      0.69965336       0.3002696      0.14086653       147.41834       1.0233445      0.84761199       0.6269369      0.46408943      0.84692702       1.0411801       8.2441322        1.049416         11.8344       633.97757     0.088545445      0.088545445       805.00304                 21.949988                        390.54339                          221.48419             159.19108                         11.8344
             12       402.42641       68.493321       3.1319661      0.97588462     0.022656701      0.11756496     0.061009999       1.0424501       1.0015844       2.2918995   2.2918995e-09       2.3982371      0.24600515      0.24733736       13.754507       2.0286306      0.69965336       0.3002696      0.14086653       147.41834       1.0163704      0.84183551      0.62266432      0.46092665       0.8411552       1.0411801       8.2441322       1.0424501         11.8344       636.92068     0.088545445      0.088545445       804.67572                 21.460685                        390.58943                          224.87056             155.92065                         11.8344
              2       403.61269       68.877158       3.1432346      0.97647084     0.022779983       0.1169754     0.064171618       1.0454138       1.0006397        2.317872    2.317872e-09       2.3769152      0.24605727      0.24738966       13.733322       2.0386877      0.70397445      0.29594937      0.14040025       147.43867       1.0164108      0.83328477      0.62217313      0.45889741      0.84354235       1.0413732       8.5080047       1.0454138       10.414886       639.21648     0.088545445      0.088545445       807.04829                 21.516772                        391.36764                          226.33207             157.41693                       10.414886
              1       404.29893       68.877158       3.0954413       0.9794502     0.022779983       0.1169754     0.064171618       1.0200632       1.0002062       2.2096989   2.2096989e-09       2.3769152      0.24605727      0.24738966       13.733322       1.9435438      0.70397445      0.29594937      0.14040025       147.43867       0.9935499      0.81454269      0.60817932      0.44857597      0.82456956       1.0413732       8.5080047       1.0200632       10.414886       638.48207     0.088545445      0.088545445       808.42076                 21.155301                        391.30927                          226.01749             159.52381                       10.414886
              3       404.22809       68.866015       3.0953011      0.97939645      0.02278077      0.11699674     0.064647592        1.018894       1.0039787        2.209389    2.209389e-09       2.3767801       0.2460576      0.24738999       13.733701       1.9414223      0.70383198      0.29609182      0.14042238       147.43209      0.99361579      0.81488364      0.60824362      0.44867737      0.82455753        1.041361       8.5533014        1.018894       10.434627       637.79482     0.088545445      0.088545445        808.2791                 21.228228                        391.44786                          225.11873             160.04965                       10.434627
              2       404.60139       68.866015       3.0987625      0.97905175      0.02278077      0.11699674     0.064647592       1.0218999       1.0020616       2.2170499   2.2170499e-09       2.3767801       0.2460576      0.24738999       13.733701        1.948154      0.70383198      0.29609182      0.14042238       147.43209      0.99520467      0.81618671      0.60921626      0.44939484      0.82587607        1.041361       8.5533014       1.0218999       10.434627        640.2428     0.088545445      0.088545445        809.0257                 21.157561                        391.47403                          227.61121             158.34827                       10.434627
              4       404.06766       68.866015        3.116647      0.98051547      0.02278077      0.11699674     0.064647592       1.0295043       1.0010917       2.2570573   2.2570573e-09       2.3767801       0.2460576      0.24738999       13.733701        1.983309      0.70383198      0.29609182      0.14042238       147.43209       1.0047109      0.82398297      0.61503553      0.45368749      0.83376488        1.041361       8.5533014       1.0295043       10.434627       637.83113     0.088545445      0.088545445       807.95823                 21.107128                        391.46672                          225.25728             159.69248                       10.434627
              3       406.51032        68.20211       3.0995963      0.97782282     0.022704978      0.11855601     0.058169394       1.0263658      0.99873287       2.2188991   2.2188991e-09       2.3898535      0.24602565      0.24735793       13.752019       1.9752054      0.69484867      0.30507364      0.14190585       147.10127       1.0070302      0.84429943        0.618077      0.45935003      0.83165157       1.0412411       7.9723906       1.0263658       15.869522       639.39823     0.088545445      0.088545445       812.84355                 21.250529                        390.24144                          227.90626              157.5758                       15.869522
              1       406.03264        68.20211       3.0983391      0.97798869     0.022704978      0.11855601     0.058169394       1.0257257       1.0032681       2.2161113   2.2161113e-09       2.3898535      0.24602565      0.24735793       13.752019       1.9727238      0.69484867      0.30507364      0.14190585       147.10127       1.0064614       0.8438225      0.61772786      0.45909055      0.83118178       1.0412411       7.9723906       1.0257257       15.869522       639.56453     0.088545445      0.088545445       811.88819                 21.227773                        390.25371                          228.08304             156.45414                       15.869522
              3        406.7664       68.215565       3.0957068      0.97804478     0.022691799      0.11867612     0.059644121       1.0226012       1.0031488       2.2102856   2.2102856e-09       2.3921377      0.24602007      0.24735233       13.747927       1.9617433      0.69473924       0.3051831      0.14201279       147.08406       1.0058679       0.8436805       0.6174799      0.45894744      0.83077364       1.0414412       8.1226305       1.0226012        15.63582       640.25834     0.088545445      0.088545445        813.3557                  21.26989                        390.38478                          228.60366             157.46155                        15.63582
              4       406.21107       68.215565       3.1158003      0.96822263     0.022691799      0.11867612     0.059644121       1.0320543       1.0027915       2.2551471   2.2551471e-09       2.3921377      0.24602007      0.24735233       13.747927       2.0015601      0.69473924       0.3051831      0.14201279       147.08406       1.0122158      0.84900485      0.62137673      0.46184379      0.83601653       1.0414412       8.1226305       1.0320543        15.63582       638.07233     0.088545445      0.088545445       812.24505                 23.083679                        390.31751                          224.67114              158.5369                        15.63582
              1       407.84146       68.215565       3.1840348      0.96966761     0.022691799      0.11867612     0.059644121       1.0674195       1.0000654       2.4143972   2.4143972e-09       2.3921377      0.24602007      0.24735233       13.747927       2.1429029      0.69473924       0.3051831      0.14201279       147.08406       1.0479232      0.87895475      0.64329671      0.47813601      0.86550824       1.0414412       8.1226305       1.0674195        15.63582        636.8437     0.088545445      0.088545445       815.50583                 22.848324                        390.27583                          223.71954             163.02631                        15.63582
              1       407.02475       68.674942       3.1949395      0.97152436     0.022737063       0.1176489     0.061504058       1.0719567      0.99993588       2.4408698   2.4408698e-09       2.3843057      0.24603922      0.24737155       13.733987       2.1583549      0.70089152      0.29903186      0.14103083       147.30663       1.0461655       0.8644425       0.6411046      0.47408723      0.86696093       1.0416019       8.2753747       1.0719567        11.06032       638.10491     0.088545445      0.088545445       813.87241                  22.62924                        390.65325                          224.82242             164.70718                        11.06032
              6       407.67613       68.674942        3.202343      0.97051909     0.022737063       0.1176489     0.061504058       1.0768228       1.0020785       2.4590078   2.4590078e-09       2.3843057      0.24603922      0.24737155       13.733987       2.1743936      0.70089152      0.29903186      0.14103083       147.30663       1.0496406      0.86731397      0.64323419      0.47566203      0.86984077       1.0416019       8.2753747       1.0768228        11.06032       637.78704     0.088545445      0.088545445       815.17518                  22.71446                        390.64349                          224.42909             166.32781                        11.06032
              5       406.90485       68.674942       3.1969204      0.97097707     0.022737063       0.1176489     0.061504058       1.0739576        1.002095       2.4457096   2.4457096e-09       2.3843057      0.24603922      0.24737155       13.733987       2.1626346      0.70089152      0.29903186      0.14103083       147.30663       1.0469823      0.86511749       0.6416052      0.47445742      0.86763789       1.0416019       8.2753747       1.0739576        11.06032       637.51081     0.088545445      0.088545445       813.63261                  22.61775                        390.64785                          224.24521             165.06148                        11.06032
              4       407.71138       68.649008        3.197586      0.97075271     0.022752076      0.11768617     0.062997794       1.0727979       1.0043467       2.4473379   2.4473379e-09       2.3817167      0.24604554       0.2473779       13.734853        2.157619      0.70055454      0.29936878      0.14108311       147.28004       1.0474377      0.86620773      0.64194372       0.4748414      0.86785132        1.041526       8.4158939       1.0727979       11.274458       638.02605     0.088545445      0.088545445       815.24568                 22.695695                        391.10297                          224.22739             165.94517                       11.274458
              3       408.15601       68.649008       3.2167858      0.97223347     0.022752076      0.11768617     0.062997794       1.0834254       1.0028736       2.4947804   2.4947804e-09       2.3817167      0.24604554       0.2473779       13.734853       2.1994451      0.70055454      0.29936878      0.14108311       147.28004       1.0581421         0.87506      0.64850411      0.47969408      0.87672039        1.041526       8.4158939       1.0834254       11.274458       637.27191     0.088545445      0.088545445       816.13492                 22.377216                        391.03688                          223.85781             167.58856                       11.274458
              1       408.23526       68.907212       3.2238368      0.97389461     0.022741338      0.11681148     0.068633558       1.0821883      0.99859864       2.5124334   2.5124334e-09       2.3835681      0.24604102      0.24737336       13.736198        2.190182      0.70465922      0.29526467      0.14019768       147.52553        1.056393      0.86444841      0.64641398      0.47650078      0.87691575       1.0413861       8.9334758       1.0821883       10.357068       638.02205     0.088545445      0.088545445       816.29343                  22.24452                        393.32913                           222.4484             167.91431                       10.357068
              1       405.20557       68.907212       3.1937168      0.98091076     0.022741338      0.11681148     0.068633558       1.0660021       1.0008257       2.4378871   2.4378871e-09       2.3835681      0.24604102      0.24737336       13.736198       2.1251972      0.70465922      0.29526467      0.14019768       147.52553       1.0434193      0.85383201      0.63847529      0.47064881      0.86614624       1.0413861       8.9334758       1.0660021       10.357068       638.09716     0.088545445      0.088545445       810.23405                 21.130735                        393.08684                          223.87959             161.77982                       10.357068
              1       408.58119       68.921748       3.1938103      0.98097921     0.022740623      0.11678821     0.068630689       1.0654923       1.0084372        2.438115    2.438115e-09       2.3836914      0.24604072      0.24737305       13.735572       2.1254081      0.70483428      0.29508964       0.1401737       147.53255       1.0433049      0.85337284      0.63837794       0.4705073      0.86614256       1.0414061       8.9329792       1.0654923       10.354753       638.38343     0.088545445      0.088545445       816.98529                 21.175321                        393.07896                          224.12915             168.24711                       10.354753
              1       406.78565        69.22899       3.2044819      0.98257939     0.022743358      0.11580496     0.052340163       1.0921364      0.99752072        2.464273    2.464273e-09       2.3832195      0.24604187      0.24737421       13.735334       2.2193548      0.70949427      0.29043033      0.13919318       147.79358       1.0424373       0.8424082      0.63672872      0.46742822      0.86734913       1.0412506       7.3383221       1.0921364       11.564301       637.54631     0.088545445      0.088545445       813.39422                 20.531961                        391.36589                          225.64846             164.28361                       11.564301
              4       406.66189        69.22899       3.0945287      0.97832462     0.022743358      0.11580496     0.052340163       1.0306953       1.0037931       2.2076831   2.2076831e-09       2.3832195      0.24604187      0.24737421       13.735334       1.9882667      0.70949427      0.29043033      0.13919318       147.79358      0.98505273      0.79603491      0.60167777      0.44169701      0.81960288       1.0412506       7.3383221       1.0306953       11.564301       639.18452     0.088545445      0.088545445       813.14669                 21.262347                        391.10957                           226.8126             162.39787                       11.564301
              2       407.98717        69.23409       3.0914493      0.97875495     0.022695247      0.11579755     0.051662862       1.0297733       1.0011384       2.2008952   2.2008952e-09       2.3915397      0.24602153      0.24735379       13.736407       1.9848403      0.70965289      0.29027172      0.13913766       147.84936       0.9840247      0.79484256       0.6009899      0.44113179      0.81877768       1.0413807       7.2797861       1.0297733       11.797503       640.07368     0.088545445      0.088545445       815.79724                  21.19114                        391.37159                          227.51096             163.92606                       11.797503
              2        404.3036       69.247881       3.0914937      0.97869067     0.022706163      0.11582659     0.053675041       1.0295759       1.0017504       2.2009929   2.2009929e-09       2.3896481      0.24602616      0.24735844       13.734098       1.9769564       0.7096852      0.29023944      0.13917762       147.82933      0.98403953      0.79485414       0.6010421      0.44115784      0.81887156       1.0414249       7.4813622       1.0295759       11.829305       635.70918     0.088545445      0.088545445       808.43011                 21.070557                        390.70951                          223.92911             160.89163                       11.829305
              1       406.63123       69.180959        3.088718      0.97732445      0.02277765      0.11646845     0.055844628       1.0259525       1.0011743       2.1948922   2.1948922e-09        2.377316      0.24605629      0.24738868       13.720475       1.9629407      0.70763276      0.29229173      0.13989097       147.57699      0.98541238      0.80063957      0.60265038      0.44311818      0.81961765       1.0417354       7.6932517       1.0259525       10.922018       638.82015     0.088545445      0.088545445       813.08537                 21.254639                        390.27661                           227.2889             163.34321                       10.922018
              2       406.86506       69.180959       3.0828622      0.97658632      0.02277765      0.11646845     0.055844628       1.0227276       1.0011452       2.1820768   2.1820768e-09        2.377316      0.24605629      0.24738868       13.720475       1.9514796      0.70763276      0.29229173      0.13989097       147.57699      0.98225127      0.79807119      0.60071713       0.4416967      0.81698839       1.0417354       7.6932517       1.0227276       10.922018       638.50723     0.088545445      0.088545445       813.55303                 21.380341                        390.25274                          226.87415             164.12378                       10.922018
              1       405.64413       69.180959        3.140775      0.97302685      0.02277765      0.11646845     0.055844628       1.0509054       1.0024543       2.3121779   2.3121779e-09        2.377316      0.24605629      0.24738868       13.720475       2.0678318      0.70763276      0.29229173      0.13989097       147.57699       1.0097218      0.82039074      0.61751731      0.45404957      0.83983699       1.0417354       7.6932517       1.0509054       10.922018       638.98722     0.088545445      0.088545445       811.11117                 22.152972                        390.11368                          226.72057             161.20193                       10.922018
              3       407.54474       69.206893       3.1414105      0.97309102     0.022782192      0.11642675     0.054881698       1.0519269      0.99890738       2.3136477   2.3136477e-09       2.3765358      0.24605819      0.24739059        13.71921        2.073135      0.70792941      0.29199513      0.13985381       147.58311       1.0096875      0.81976731      0.61745538      0.45388881      0.83996594       1.0417557       7.5959402       1.0519269       11.041258       640.00452     0.088545445      0.088545445       814.91239                 22.160414                        390.20183                          227.64228             163.86661                       11.041258
              8       406.85856       69.206893       3.1011499      0.97613158     0.022782192      0.11642675     0.054881698       1.0315816       0.9992626       2.2223491   2.2223491e-09       2.3765358      0.24605819      0.24739059        13.71921       1.9913273      0.70792941      0.29199513      0.13985381       147.58311       0.9907273      0.80437345       0.6058606      0.44536554      0.82419278       1.0417557       7.5959402       1.0315816       11.041258       637.93892     0.088545445      0.088545445       813.54003                 21.589313                        390.34245                          226.00715             164.55985                       11.041258
              2       405.75629       69.151481       3.1001861       0.9759042     0.022779255      0.11653345     0.055000681       1.0308334       1.0002623       2.2202083   2.2202083e-09       2.3770403      0.24605696      0.24738936       13.721249       1.9889357      0.70724417      0.29268025      0.13995757       147.55777      0.99100371      0.80597389        0.606142      0.44583354      0.82409262       1.0417139       7.6100356       1.0308334       10.778879        637.6652     0.088545445      0.088545445       811.33549                 21.625118                        390.32646                          225.71363             162.89141                       10.778879
              1       408.45595       69.184647        3.100287      0.97548849      0.02282196      0.11671015     0.057052815       1.0301455       1.0022562       2.2204322   2.2204322e-09       2.3697215       0.2460748      0.24740726       13.712359        1.980989      0.70706641      0.29285809      0.14017697       147.46293      0.99139755      0.80692854       0.6066204      0.44625317      0.82461781       1.0418917       7.8070969       1.0301455       10.749233       640.61016     0.088545445      0.088545445        816.7348                  21.59142                        390.12925                          228.88949             165.37541                       10.749233
              1       406.65944       68.685739       3.0858416      0.97421805     0.022714298      0.11765297     0.065422695       1.0129802      0.99914112       2.1885879   2.1885879e-09         2.38824       0.2460296      0.24736189       13.733543        1.920165      0.70102518      0.29889822      0.14101213       147.33084      0.99180958       0.8192632      0.60777442      0.44938984      0.82198063       1.0416968       8.6555492       1.0129802       10.925083       639.81742     0.088545445      0.088545445       813.14179                 22.015397                        391.88234                          225.91969             162.39929                       10.925083
              3       405.28707       68.685739       3.0972871      0.97473519     0.022714298      0.11765297     0.065422695       1.0175893       1.0044648       2.2137811   2.2137811e-09         2.38824       0.2460296      0.24736189       13.733543       1.9422684      0.70102518      0.29889822      0.14101213       147.33084      0.99769995      0.82412881        0.611384      0.45205877      0.82686238       1.0416968       8.6555492       1.0175893       10.925083        638.7538     0.088545445      0.088545445       810.39705                 22.069022                        391.89832                          224.78646             160.71817                       10.925083
              2       406.66408       68.685739       3.0916379      0.97583476     0.022714298      0.11765297     0.065422695       1.0166791       1.0020639       2.2013105   2.2013105e-09         2.38824       0.2460296      0.24736189       13.733543       1.9313273      0.70102518      0.29889822      0.14101213       147.33084      0.99530649      0.82215175       0.6099173      0.45097429      0.82487876       1.0416968       8.6555492       1.0166791       10.925083        641.7233     0.088545445      0.088545445       813.15107                 21.659965                        391.87857                          228.18477             160.50269                       10.925083
              1       405.79043       68.276168       3.0784638      0.97735869     0.022411664      0.11749533     0.058035756       1.0188406      0.99929283       2.1725004   2.1725004e-09       2.4414614      0.24590025      0.24723207        13.78237       1.9344194      0.69841484      0.30150764      0.14055186       147.71051      0.99255544      0.82385105      0.60773454       0.4503379      0.82014255       1.0410882       8.0081565       1.0188406       12.172265       637.20737     0.088545445      0.088545445       811.40378                 21.057252                        390.25631                          225.89381             162.02414                       12.172265
              3       403.34749       68.474192       3.0867985      0.97785018     0.022469845      0.11699127     0.055147819       1.0254354      0.99924269        2.190683    2.190683e-09       2.4310945      0.24592517      0.24725708       13.777008       1.9619085       0.7011076      0.29881532      0.14010598       147.78051      0.99285515      0.81865853      0.60743535      0.44910799      0.82157903        1.040989        7.698185       1.0254354       10.979436       633.59538     0.088545445      0.088545445        806.5179                 21.050165                        390.34677                          222.19844             161.94308                       10.979436
              3       403.98879       68.166555        3.080983       0.9760676     0.022481859      0.11782206     0.048397858       1.0276605       1.0040514       2.1779802   2.1779802e-09       2.4289621      0.24593032      0.24726225       13.781247       1.9770428      0.69658993       0.3033323      0.14094879       147.54461      0.99498121      0.82969451      0.60964949      0.45243884      0.82148673       1.0409305        7.014977       1.0276605       13.891908       635.03384     0.088545445      0.088545445       807.80049                  21.23726                         392.7216                          221.07498             158.87475                       13.891908
              2       403.90161       68.110894        3.081007      0.97545686      0.02251418      0.11802786     0.049779253       1.0258688        1.001077       2.1780324   2.1780324e-09       2.4232391      0.24594418      0.24727617       13.779688       1.9716355      0.69558054      0.30434156      0.14118691       147.45369      0.99584363      0.83255983      0.61043546      0.45339849      0.82186302       1.0409006        7.155663       1.0258688       14.971617       634.31348     0.088545445      0.088545445       807.62614                 21.368235                        391.96262                          220.98263             158.34104                       14.971617
              2       403.93486       68.187906       3.0797153      0.97660959     0.022456441      0.11766857     0.063333378       1.0116889       1.0050599       2.1752208   2.1752208e-09        2.433477      0.24591942      0.24725131       13.784245       1.9164288      0.69716469      0.30275759      0.14076988       147.61422       0.9938264      0.82744781      0.60874858      0.45155611      0.82066177       1.0408957       8.5178772       1.0116889       13.378483       633.75302     0.088545445      0.088545445       807.69264                 21.496904                        391.27552                          220.98059             160.56114                       13.378483
              1          404.98        68.34426       3.0841091       0.9747249     0.022648254      0.11829598     0.049896293       1.0260972       1.0040242       2.1847995   2.1847995e-09       2.3997086      0.24600155      0.24733374       13.748033       1.9772984      0.69679486      0.30312777       0.1415891       147.23313      0.99655905      0.83158776      0.61130858      0.45359361      0.82386122       1.0415345       7.1455088       1.0260972       13.447841        637.7199     0.088545445      0.088545445        809.7829                 21.633302                        391.76305                          224.32355             158.61516                       13.447841
              5          405.84        68.34426        3.127143      0.97702025     0.022648254      0.11829598     0.049896293       1.0501498       1.0040899       2.2808721   2.2808721e-09       2.3997086      0.24600155      0.24733374       13.748033       2.0642465      0.69679486      0.30312777       0.1415891       147.23313       1.0191305      0.85042273      0.62515436      0.46386723      0.84252119       1.0415345       7.1455088       1.0501498       13.447841       640.63485     0.088545445      0.088545445       811.50292                 21.144178                        392.00851                          227.48217             157.42022                       13.447841
              6       405.42116       68.343163       3.1270197      0.97704121     0.022645675      0.11829346      0.04984623       1.0501267       1.0007727       2.2805909   2.2805909e-09        2.400158      0.24600045      0.24733264       13.748268       2.0641987      0.69679605      0.30312658        0.141584       147.23666       1.0190877      0.85037718      0.62512247      0.46384312      0.84247904       1.0415352        7.140812       1.0501267       13.439276        640.5993     0.088545445      0.088545445       810.66524                 21.141325                        392.05905                          227.39893             156.62666                       13.439276
              7        406.0816       68.343163       3.1360092       0.9770856     0.022645675      0.11829346      0.04984623       1.0537151        1.006417       2.3011848   2.3011848e-09        2.400158      0.24600045      0.24733264       13.748268       2.0828386      0.69679605      0.30312658        0.141584       147.23666        1.023696      0.85422259      0.62794928      0.46594062      0.84628873       1.0415352        7.140812       1.0537151       13.439276       638.32399     0.088545445      0.088545445        811.9861                 21.237791                        392.00922                          225.07698             160.22283                       13.439276
              2       406.11269        68.66682       3.1435358      0.97870206     0.022652581      0.11745698     0.050124367       1.0590985       1.0077868       2.3185701   2.3185701e-09       2.3989547       0.2460034      0.24733559       13.742225       2.0974073      0.70140696       0.2985164      0.14075443       147.45175       1.0220928      0.84319115      0.62604542      0.46275156      0.84696174       1.0415907       7.1560608       1.0590985       10.777547       638.39541     0.088545445      0.088545445        812.0483                 20.971228                        392.08721                          225.33697             162.87534                       10.777547
              2       405.00606        68.66682       3.1278346      0.97852884     0.022652581      0.11745698     0.050124367       1.0488624        1.005404       2.2824501   2.2824501e-09       2.3989547       0.2460034      0.24733559       13.742225       2.0647326      0.70140696       0.2985164      0.14075443       147.45175       1.0140326      0.83654174      0.62110842       0.4591023       0.8402826       1.0415907       7.1560608       1.0488624       10.777547       638.51177     0.088545445      0.088545445       809.83502                 21.160178                        391.99451                          225.35708             160.54571                       10.777547
              5       405.79265       68.648451       3.1343217      0.97813273     0.022705453      0.11727484     0.043876044       1.0593069        1.005313       2.2973047   2.2973047e-09       2.3897712      0.24602586      0.24735814       13.747372       2.1043034      0.70152145      0.29840187      0.14062516       147.44153       1.0157918      0.83759162      0.62204307      0.45974905      0.84162779       1.0412062       6.4843281       1.0593069       11.008909       641.60008     0.088545445      0.088545445       811.40821                  21.08189                        396.68249                           223.8357             158.79923                       11.008909
              2       405.12679       68.648451       3.1034291      0.97745576     0.022705453      0.11727484     0.043876044       1.0434579       1.0041259       2.2274201   2.2274201e-09       2.3897712      0.24602586      0.24735814       13.747372       2.0402899      0.70152145      0.29840187      0.14062516       147.44153      0.99996191      0.82453878      0.61234928      0.45258442      0.82851205       1.0412062       6.4843281       1.0434579       11.008909       641.19302     0.088545445      0.088545445        810.0765                 21.132638                        396.66047                          223.39991             157.87457                       11.008909
              1       405.19583       68.711528       3.1043014      0.97747622     0.022725672      0.11725905     0.044001905       1.0441181       1.0044786       2.2293638   2.2293638e-09       2.3862731      0.24603441      0.24736672        13.74168       2.0415564      0.70205981      0.29786365      0.14062959       147.42325      0.99990025       0.8235275      0.61231635      0.45235587      0.82884148       1.0413246       6.4941477       1.0441181       10.784495       641.36167     0.088545445      0.088545445       810.21457                 21.111818                        396.52301                          223.72684              158.0684                       10.784495
              3       407.71271       68.711528       3.1137296      0.98166858     0.022725672      0.11725905     0.044001905       1.0492496       1.0045776       2.2504823   2.2504823e-09       2.3862731      0.24603441      0.24736672        13.74168       2.0608958      0.70205981      0.29786365      0.14062959       147.42325       1.0062481      0.82875562      0.61620361      0.45522763      0.83410335       1.0413246       6.4941477       1.0492496       10.784495       644.07343     0.088545445      0.088545445       815.24834                 20.635176                        396.89539                          226.54287             160.39041                       10.784495
              1       407.93038       68.562951        3.111832      0.98053233      0.02276662      0.11771193     0.049671208       1.0416047       1.0067155       2.2462158   2.2462158e-09       2.3792125      0.24605166      0.24738403       13.741355       2.0337971      0.69971663       0.3002065      0.14112342       147.25705       1.0076374      0.83486828      0.61759538      0.45715035      0.83435143       1.0412607       7.0891332       1.0416047       11.941713       640.56502     0.088545445      0.088545445       815.68366                 20.845744                        392.34311                          227.37616             163.17693                       11.941713
              1       408.44506        68.58046       3.1026029      0.98261246     0.022579982      0.11736123     0.062407642       1.0233794       1.0077929       2.2255806   2.2255806e-09        2.411649      0.24597239      0.24730447        13.75445       1.9644309      0.70101242      0.29891074      0.14058608       147.55845       1.0032909      0.82814297      0.61434518      0.45425303      0.83085851       1.0414185        8.394272       1.0233794        10.91461       639.82098     0.088545445      0.088545445       816.71303                 20.839014                        390.90472                          228.07724             165.97744                        10.91461
              1       405.36125       68.977458       3.1165171      0.98363431     0.022679798      0.11647964     0.057515821       1.0372784       1.0060354       2.2567641   2.2567641e-09       2.3942207      0.24601497      0.24734721       13.740755       2.0115395      0.70608726      0.29383679       0.1398043        147.6831       1.0033284      0.81786783      0.61351227      0.45169969      0.83329103       1.0413959        7.879447       1.0372784       10.472313       637.20757     0.088545445      0.088545445       810.54541                  20.61034                        390.29403                           226.3032             162.86553                       10.472313
              1       405.50092       68.920612       3.1146515      0.98432793     0.022600837      0.11626965     0.055798764       1.0383313       1.0049759       2.2525578   2.2525578e-09       2.4079925      0.24598131      0.24731343       13.753688       2.0146971      0.70621053      0.29371339      0.13951535        147.8278       1.0023536      0.81642774      0.61259922       0.4509801      0.83213828       1.0412035       7.7231347       1.0383313       10.492401       637.78415     0.088545445      0.088545445       810.82474                 20.503357                         390.4242                          226.85659              162.5482                       10.492401
              7       405.34468       68.547255        3.109737      0.98223871     0.022623982      0.11713512     0.049959368         1.04274       1.0046874       2.2415148   2.2415148e-09       2.4039438       0.2459912      0.24732335       13.762366       2.0283713      0.70111026      0.29881283      0.14040397       147.56965       1.0052557      0.82931926      0.61534883      0.45495787      0.83228404       1.0409656        7.138854         1.04274       11.210712       640.38753     0.088545445      0.088545445       810.51227                 20.509649                        392.34719                          227.53069             158.91403                       11.210712
              3       404.17138       68.547255         3.13149       0.9801182     0.022623982      0.11713512     0.049959368       1.0518264        1.002245       2.2908088   2.2908088e-09       2.4039438       0.2459912      0.24732335       13.762366        2.072978      0.70111026      0.29881283      0.14040397       147.56965       1.0154211      0.83770556       0.6215714      0.45955853      0.84070032       1.0409656        7.138854       1.0518264       11.210712       637.14534     0.088545445      0.088545445       808.16566                 20.890572                        392.18235                          224.07241             159.80961                       11.210712
              1       405.08121       68.860375       3.1395075      0.98076961     0.022702364      0.11664943     0.049846113       1.0561088       1.0020988       2.3092492   2.3092492e-09       2.3903063      0.24602455      0.24735682       13.745822       2.0901382      0.70468127      0.29524252      0.13999666       147.61238       1.0150715      0.83029654       0.6209063      0.45768934      0.84232821       1.0411738       7.1045526       1.0561088       10.372122       638.71038     0.088545445      0.088545445       809.98532                 20.881305                        392.32768                          225.50139             160.90283                       10.372122
              2       403.35475       68.860375       3.1275599      0.97981219     0.022702364      0.11664943     0.049846113       1.0530782       1.0020866       2.2818233   2.2818233e-09       2.3903063      0.24602455      0.24735682       13.745822       2.0653146      0.70468127      0.29524252      0.13999666       147.61238       1.0086535      0.82504678      0.61698047      0.45479548      0.83700237       1.0411738       7.1045526       1.0530782       10.372122       639.66162     0.088545445      0.088545445       806.53241                 20.737166                        392.33053                          226.59392             156.49867                       10.372122
              2       403.15016       68.811443       3.1221466      0.97998364     0.022645668      0.11683384     0.048381193       1.0507509       1.0040635       2.2695045   2.2695045e-09       2.4001593      0.24600045      0.24733264        13.74665       2.0601919      0.70399139      0.29593229      0.14012437       147.62614        1.007694      0.82570133      0.61653408      0.45473164      0.83590899       1.0413715       6.9671458       1.0507509       10.354103       638.82951     0.088545445      0.088545445       806.12323                 20.757516                        393.26975                          224.80225             156.93961                       10.354103
              3       402.72233       68.772721       3.1209396      0.97966862     0.022655213      0.11699477     0.051062029       1.0470661       0.9997923       2.2667668   2.2667668e-09       2.3984964      0.24600452      0.24733672        13.74541       2.0467035      0.70329753      0.29662607      0.14029485       147.57238       1.0079447      0.82741626      0.61687494      0.45524947      0.83588166       1.0414045       7.2447523       1.0470661       10.419428       637.45807     0.088545445      0.088545445       805.26758                 20.838217                        391.67757                          224.94228             157.39008                       10.419428
              7       402.15495       68.828995       3.1296817      0.97926068     0.022758681      0.11672658     0.061016101        1.040248       1.0016344         2.28667     2.28667e-09       2.3805789      0.24604832      0.24738069       13.744943       2.0239771       0.7041302      0.29579352      0.14013012       147.52893       1.0096029      0.82702183      0.61770836      0.45554433      0.83759932       1.0410189       8.2060037        1.040248       10.476741       635.05928     0.088545445      0.088545445       804.13281                  21.18199                        390.53102                          223.34627              158.5968                       10.476741
              3       405.68205       68.828995       3.1471617      0.97859083     0.022758681      0.11672658     0.061016101       1.0523419      0.99848507       2.3269924   2.3269924e-09       2.3805789      0.24604832      0.24738069       13.744943       2.0596672       0.7041302      0.29579352      0.14013012       147.52893       1.0182029      0.83406654       0.6229701      0.45942473      0.84473413       1.0410189       8.2060037       1.0523419       10.476741       641.71833     0.088545445      0.088545445       811.18701                 21.007934                        390.49707                          230.21332             158.99194                       10.476741
              3       401.51909       68.958033       3.1475604      0.97941302     0.022734269      0.11645703      0.06125552       1.0501982      0.99992434       2.3279204   2.3279204e-09       2.3847881      0.24603804      0.24737036       13.741596       2.0595022      0.70585464      0.29406937      0.13983617       147.62841       1.0168616      0.82937312      0.62182292      0.45790899      0.84441177       1.0411746       8.2303586       1.0501982       10.415254       634.40756     0.088545445      0.088545445       802.86108                 21.118216                        390.54082                          222.74853             158.03827                       10.415254
              1       402.18681       68.477571        3.131444      0.97792726     0.022629975      0.11759156     0.061640697       1.0411855      0.99996467       2.2907035   2.2907035e-09        2.402897      0.24599376      0.24732592       13.755904       2.0250159      0.69951546      0.30040747       0.1408664       147.44099       1.0173345       0.8428853       0.6232548      0.46141671      0.84185627       1.0412302       8.3120536       1.0411855       11.820071       636.60046     0.088545445      0.088545445       804.19654                 21.209437                        390.71775                          224.67327             155.77601                       11.820071
              5       404.85751       68.477571       3.0764503      0.98080212     0.022629975      0.11759156     0.061640697       1.0130462       1.0012741       2.1681304   2.1681304e-09        2.402897      0.24599376      0.24732592       13.755904       1.9166595      0.69951546      0.30040747       0.1408664       147.44099      0.99083551      0.82093026      0.60702059      0.44939797      0.81992804       1.0412302       8.3120536       1.0130462       11.820071        639.5351     0.088545445      0.088545445       809.53793                 20.836253                        390.72793                          227.97093             158.18276                       11.820071
              6        402.1936       68.477571       3.1650196      0.97778306     0.022629975      0.11759156     0.061640697       1.0570352       1.0019148       2.3689209   2.3689209e-09        2.402897      0.24599376      0.24732592       13.755904       2.0941613      0.69951546      0.30040747       0.1408664       147.44099       1.0345002       0.8571075      0.63377112       0.4692023       0.8560611       1.0412302       8.3120536       1.0570352       11.820071       634.41549     0.088545445      0.088545445       804.21012                 21.397403                        390.73838                          222.27971             157.97455                       11.820071
              1        403.4911       68.477571        3.168407      0.97356214     0.022629975      0.11759156     0.061640697       1.0605276       1.0006387       2.3769589   2.3769589e-09        2.402897      0.24599376      0.24732592       13.755904        2.101267      0.69951546      0.30040747       0.1408664       147.44099       1.0345786      0.85717245      0.63381915      0.46923786      0.85612598       1.0412302       8.3120536       1.0605276       11.820071       635.24752     0.088545445      0.088545445       806.80512                 21.882414                        390.72107                          222.64403             159.73753                       11.820071
              6       406.04419        68.50338       3.1749905      0.97274442     0.022777756      0.11729235     0.063421074       1.0612312       1.0000623       2.3926593   2.3926593e-09       2.3772979      0.24605633      0.24738873       13.757752       2.1076283      0.70006453      0.29985846      0.14071497       147.35652       1.0346056      0.85594598      0.63366524      0.46890943      0.85630959       1.0406089       8.4413724       1.0612312       12.359086       636.43319     0.088545445      0.088545445       811.91129                 22.222021                        391.20493                          223.00623             163.11902                       12.359086
              1       404.60736       68.689506       3.1799185      0.97310031     0.022859772      0.11737474     0.056774304       1.0701189       0.9993854       2.4044793   2.4044793e-09         2.36327      0.24609051      0.24742302       13.736821       2.1463844      0.70133934      0.29858407      0.14087937        147.2436       1.0363081      0.85523396      0.63489332      0.46931822      0.85888318       1.0410382        7.780471       1.0701189        11.43114       637.17047     0.088545445      0.088545445       809.03763                 22.092031                        390.08597                          224.99247             160.43601                        11.43114
              5       404.75109       68.689506       3.1760041      0.97365079     0.022859772      0.11737474     0.056774304       1.0686793      0.99841904       2.3950858   2.3950858e-09         2.36327      0.24609051      0.24742302       13.736821       2.1379992      0.70133934      0.29858407      0.14087937        147.2436       1.0345004      0.85374207       0.6337858      0.46849953      0.85738493       1.0410382        7.780471       1.0686793        11.43114       637.23836     0.088545445      0.088545445       809.32509                 21.924774                        390.06177                          225.25182             160.65559                        11.43114
              2       405.67894       68.755692       3.1788003      0.97425456     0.022875923      0.11723365     0.048616059        1.078029       1.0004304       2.4017922   2.4017922e-09       2.3605226      0.24609719      0.24742973       13.734383       2.1792551      0.70217834      0.29774521      0.14075444       147.26332       1.0349713      0.85238111      0.63393369      0.46827938       0.8581884       1.0410429       6.9509374        1.078029       11.092776       639.84887     0.088545445      0.088545445       811.18078                 21.745419                        392.61528                          225.48817             160.23914                       11.092776
              7       406.31083       68.755692       3.1235768       0.9740008     0.022875923      0.11723365     0.048616059        1.049755      0.99719045       2.2727525   2.2727525e-09       2.3605226      0.24609719      0.24742973       13.734383       2.0621715      0.70217834      0.29774521      0.14075444       147.26332       1.0066867      0.82908651      0.61660901      0.45548184      0.83473509       1.0410429       6.9509374        1.049755       11.092776       640.56334     0.088545445      0.088545445       812.44458                 21.669891                        392.61795                           226.2755             160.78846                       11.092776
              1       407.61467       68.723544       3.1234076      0.97348665      0.02291217      0.11733797     0.050233029       1.0459021       1.0044707        2.272368    2.272368e-09        2.354374      0.24611216      0.24744476       13.733393       2.0551656      0.70160202      0.29832146        0.140895       147.19538       1.0068207      0.83044686        0.616845      0.45587647      0.83465102       1.0409656       7.1115905       1.0459021       11.449837       642.77514     0.088545445      0.088545445       815.05224                   22.0078                        391.65049                          229.11684             160.82727                       11.449837
              2       407.11842       68.234159       3.1066183      0.97281086       0.0226582      0.11758853      0.06115198       1.0263603       1.0012217       2.2345352   2.2345352e-09       2.3979762      0.24600579        0.247338       13.776803        1.977294      0.69731368       0.3026087       0.1408916       147.41039       1.0035589      0.83546438      0.61484288      0.45602064      0.82897951       1.0404311       8.2564821       1.0263603       14.417984       635.99923     0.088545445      0.088545445       814.05975                 22.244253                        390.63848                           223.1165             163.64253                       14.417984
              1       406.06573       68.234159       3.1301153      0.97301458       0.0226582      0.11758853      0.06115198       1.0391149       1.0036856       2.2876616   2.2876616e-09       2.3979762      0.24600579        0.247338       13.776803       2.0243045      0.69731368       0.3026087       0.1408916       147.41039       1.0154976      0.84540336      0.62215727      0.46144563      0.83884134       1.0404311       8.2564821       1.0391149       14.417984       634.36113     0.088545445      0.088545445       811.95437                 22.133176                        390.63992                          221.58804             163.17526                       14.417984
              1       406.32954       68.567524       3.1385628      0.97373796     0.022691134      0.11708062     0.073718732       1.0302495       1.0039595       2.3070686   2.3070686e-09       2.3922531      0.24601979      0.24735204       13.760225       1.9908073      0.70126002      0.29866312      0.14041662       147.50937       1.0155639      0.83756937      0.62167282      0.45957594      0.84094285       1.0407954       9.4183106       1.0302495       11.368023       641.85833     0.088545445      0.088545445       812.48198                 22.555772                        396.39437                          222.90819             159.25563                       11.368023
              1       404.92056       68.607714       3.1385348      0.97390308     0.022706416      0.11728939     0.068023308       1.0357253       1.0066871       2.3070039   2.3070039e-09       2.3896044      0.24602626      0.24735854       13.750549       2.0135575      0.70113393      0.29878929      0.14064067       147.43658       1.0165039      0.83890911       0.6224963      0.46023329      0.84196787       1.0410985       8.8940374       1.0357253       11.236539        638.8418     0.088545445      0.088545445       809.66402                 22.361983                        393.15048                          223.32933             159.58569                       11.236539
              7       405.96731       68.627136       3.1391506      0.97397538     0.022708906      0.11724806     0.068196596       1.0386017       1.0067077        2.308425    2.308425e-09       2.3891733      0.24602732       0.2473596       13.749892       2.0140997      0.70138553      0.29853774      0.14060183       147.44485       1.0165118      0.83839857      0.62245815      0.46010819      0.84209356       1.0411056       8.9088109       1.0386017       11.129153       638.43202     0.088545445      0.088545445       811.75753                 22.030314                        393.16986                          223.23185             162.19636                       11.129153
              1       408.58923       68.475177       3.1345579      0.97338794     0.022695916      0.11757007     0.066361404       1.0386712       1.0064927       2.2978475   2.2978475e-09       2.3914238      0.24602181      0.24735408       13.754904       2.0122429      0.69939966      0.30052327      0.14091085       147.37335       1.0164917      0.84246443      0.62278757      0.46111522      0.84114411        1.041031        8.745914       1.0386712       12.198486       640.81567     0.088545445      0.088545445       817.00136                 21.961031                        392.35882                          226.49583              163.9872                       12.198486
              2       404.25914       68.946775       3.1529876      0.97595425     0.022776128      0.11625322     0.054857275       1.0606494       1.0056348       2.3405887   2.3405887e-09       2.3775777      0.24605565      0.24738804       13.747023       2.0973779      0.70609926      0.29382471      0.13967422       147.63643        1.016809      0.82864156      0.62161063      0.45765742      0.84429914       1.0408152       7.5901437       1.0606494       10.443934       634.78304     0.088545445      0.088545445       808.34118                 21.394689                        390.38325                           223.0051             163.11421                       10.443934
              1       404.37166       68.969404       3.1537944      0.97567986     0.022821764       0.1163952     0.053635981       1.0599914       1.0052561        2.342478    2.342478e-09        2.369755      0.24607472      0.24740718       13.739891       2.1042043      0.70589767      0.29402636      0.13986183       147.54751       1.0174538      0.82981529      0.62221359      0.45817993      0.84497319       1.0409177       7.4607763       1.0599914       10.434854       637.02761     0.088545445      0.088545445       808.56624                 21.644688                        390.56563                          224.81729             161.10378                       10.434854
              4       403.92395       68.936457       3.1518928      0.97520365     0.022827702       0.1166094     0.057301966       1.0570831       1.0048126       2.3380277   2.3380277e-09       2.3687399      0.24607719      0.24740966        13.73678       2.0848644      0.70515326       0.2947707      0.14008197       147.48353       1.0176065      0.83163183      0.62255171      0.45871877      0.84489814       1.0410347       7.8269437       1.0570831       10.422402       636.45945     0.088545445      0.088545445        807.6708                 21.584244                        390.15121                            224.724             160.78895                       10.422402
              4        402.9652       68.937088       3.1519131      0.97522937     0.022824281      0.11658996     0.057588655       1.0552846        1.005092       2.3380752   2.3380752e-09       2.3693247      0.24607577      0.24740823       13.737349       2.0837115      0.70520676       0.2947172       0.1400591       147.49254       1.0175415      0.83144666      0.62248653      0.45864993      0.84484802       1.0410245       7.8554955       1.0552846       10.421028       635.49572     0.088545445      0.088545445       805.75331                 21.746158                         390.1299                          223.61965             159.83657                       10.421028
              8       403.63502       68.673807       3.1413015      0.97357613     0.022785952      0.11737905     0.066980045       1.0389658       1.0044872       2.3133955   2.3133955e-09       2.3758903      0.24605977      0.24739217       13.740098       2.0233535      0.70135015      0.29857322      0.14080987       147.32428       1.0173626      0.83947539      0.62320947      0.46067724      0.84308494       1.0411859       8.7784368       1.0389658       11.204886       638.30692     0.088545445      0.088545445       807.09295                 22.311466                        392.59949                          223.39596             157.58115                       11.204886
              5       405.03446       68.071504       3.1201275      0.97244473     0.022549463      0.11820921     0.068037008       1.0257886       1.0013149       2.2649267   2.2649267e-09       2.4170145      0.24595931      0.24729135       13.777277       1.9767783      0.69476061       0.3051614      0.14140354       147.36605        1.015209      0.85056131      0.62254467      0.46270364      0.83760279       1.0408852       8.9523285       1.0257886       15.969171       636.33843     0.088545445      0.088545445       809.89184                 22.505679                        393.38317                          220.44957             157.58424                       15.969171
              1       404.94674       68.077562       3.1209147      0.97364423     0.022469783      0.11780573     0.060546627       1.0370726       1.0014199       2.2667104   2.2667104e-09       2.4311055      0.24592514      0.24725705       13.789944       2.0081951      0.69585745      0.30406458      0.14092038        147.5626         1.01447         0.84723      0.62155944       0.4615557      0.83703036        1.040679       8.2462852       1.0370726       14.866879       632.83061     0.088545445      0.088545445       809.71639                 21.711422                        390.54704                          220.57215             162.01891                       14.866879
              3       404.54248       68.171559       3.1238666       0.9740806     0.022473235      0.11757212     0.061299819       1.0379853       1.0000813       2.2734114   2.2734114e-09       2.4304925      0.24592662      0.24725854       13.787882       2.0111001      0.69719084       0.3027314      0.14069023       147.62112       1.0144224      0.84442881      0.62127634      0.46083895      0.83756871       1.0407012       8.3148499       1.0379853       13.633951       632.70743     0.088545445      0.088545445       808.90787                  21.67398                        390.73236                          220.30109             162.56648                       13.633951
              1       405.69226        67.96869       3.1187175      0.97274848     0.022522377      0.11815372     0.058488404       1.0356879       1.0058403       2.2617355   2.2617355e-09        2.421791       0.2459477      0.24727969       13.788681       2.0120531      0.69401521      0.30590656      0.14132096       147.41098       1.0149537      0.85157222      0.62229727      0.46280186      0.83675959       1.0405897       8.0375663       1.0356879       17.207239       631.62924     0.088545445      0.088545445       811.20743                 22.037632                        390.19932                          219.39229             162.37095                       17.207239
              3       404.80094         67.9642        3.115158      0.97242559     0.022551154      0.11888455     0.050273361       1.0415719       1.0007788       2.2536991   2.2536991e-09       2.4167167      0.24596004      0.24729208       13.768382       2.0381167       0.6923303      0.30759147      0.14208057       147.18495       1.0168398      0.85735435      0.62428975      0.46492165      0.83828681       1.0412746       7.2127168       1.0415719       18.204175       635.17626     0.088545445      0.088545445       809.42478                 21.925436                        391.40248                          221.84834             156.04435                       18.204175
              2       405.81836         67.9642       3.0804742       0.9693392     0.022551154      0.11888455     0.050273361       1.0233535       1.0019856       2.1768722   2.1768722e-09       2.4167167      0.24596004      0.24729208       13.768382       1.9686389       0.6923303      0.30759147      0.14208057       147.18495      0.99818415      0.84162475       0.6128361      0.45639189      0.82290703       1.0412746       7.2127168       1.0233535       18.204175       635.46824     0.088545445      0.088545445       811.45962                 22.508316                        391.31337                          221.64655             157.78721                       18.204175
              6       405.37167       68.219504       3.0880022      0.97091163     0.022533255      0.11823506     0.048327873        1.030611      0.99992166       2.1933216   2.1933216e-09       2.4198709      0.24595236      0.24728438        13.76387       1.9912476      0.69606287      0.30385948      0.14141319       147.37723      0.99814137       0.8339552      0.61208894      0.45444647      0.82441585       1.0413947       7.0040953        1.030611       13.923367       636.20991     0.088545445      0.088545445       810.56624                 22.090049                        392.45897                          221.66089             160.43297                       13.923367
              2       406.21254       68.607532       3.1031984      0.97147602     0.022674033      0.11732322     0.058277339       1.0310796       1.0008263       2.2269064   2.2269064e-09       2.3952223      0.24601252      0.24734476       13.750526       1.9819053      0.70112928      0.29879395      0.14064212       147.46357      0.99823121      0.82383934      0.61130787      0.45196306      0.82683155       1.0412171       7.9693694       1.0310796       11.113388       639.10737     0.088545445      0.088545445       812.24799                 22.058293                        390.15548                          226.89359             162.02723                       11.113388
              3       403.63469       68.361545       3.0940645      0.97091489     0.022555202      0.11758274     0.065259618       1.0170142       1.0039786       2.2066586   2.2066586e-09       2.4160042      0.24596177      0.24729382       13.768468        1.936651      0.69867348      0.30124919      0.14078281       147.52669      0.99683867      0.82728468      0.61060771      0.45236996      0.82419658       1.0410678       8.6767381       1.0170142       12.329364       634.73387     0.088545445      0.088545445       807.09229                 22.586406                        392.02927                          220.11819             160.02906                       12.329364
              4       403.60246       68.361545       3.1128872      0.97074727     0.022555202      0.11758274     0.065259618       1.0268344        1.003978       2.2485872   2.2485872e-09       2.4160042      0.24596177      0.24729382       13.768468       1.9734492      0.69867348      0.30124919      0.14078281       147.52669       1.0062002      0.83505388      0.61634205      0.45661825      0.83193678       1.0410678       8.6767381       1.0268344       12.329364       634.59704     0.088545445      0.088545445       807.02783                 22.592583                        392.02918                          219.97527             160.10143                       12.329364
              2       402.12841       68.361545       3.1151378      0.97284492     0.022555202      0.11758274     0.065259618        1.027394       1.0018819       2.2536535   2.2536535e-09       2.4160042      0.24596177      0.24729382       13.768468       1.9778956      0.69867348      0.30124919      0.14078281       147.52669       1.0081403        0.836664      0.61753046      0.45749869      0.83354089       1.0410678       8.6767381        1.027394       12.329364       634.30189     0.088545445      0.088545445       804.07973                 22.271554                        392.01844                          220.01189             157.44847                       12.329364
              3       403.67236       68.380803       3.1149306      0.97300722     0.022530078      0.11752268      0.06786643       1.0238959       1.0027399       2.2531868   2.2531868e-09       2.4204315        0.245951      0.24728301       13.769088       1.9672029      0.69902535      0.30089736      0.14069763       147.57077       1.0078891      0.83569396      0.61728318      0.45718191      0.83345058       1.0411254       8.9285003       1.0238959       12.002446       637.23505     0.088545445      0.088545445       807.16762                 22.424629                        393.18873                           221.6217             157.93012                       12.002446
              3       402.70108       68.380803       3.0954407       0.9761139     0.022530078      0.11752268      0.06786643        1.014867       1.0028101       2.2096974   2.2096974e-09       2.4204315        0.245951      0.24728301       13.769088       1.9292334      0.69902535      0.30089736      0.14069763       147.57077      0.99930174      0.82857371      0.61202383      0.45328665      0.82634944       1.0411254       8.9285003        1.014867       12.002446       635.84939     0.088545445      0.088545445       805.22507                 21.766143                        393.05328                          221.02997             157.37324                       12.002446
              5        402.7913       68.562761       3.1008625      0.97658444     0.022570045      0.11726243     0.069607677       1.0161715       1.0021687       2.2217106   2.2217106e-09       2.4133941      0.24596813       0.2473002       13.758987       1.9329785      0.70108935      0.29883378      0.14047734       147.59577      0.99969641      0.82487828      0.61202576       0.4525089      0.82777496       1.0412859       9.0763365       1.0161715       10.947792        637.2432     0.088545445      0.088545445       805.40551                 21.755309                        393.89246                          221.59544             157.21451                       10.947792
              2       406.81098       68.562761       3.0731628      0.97611663     0.022570045      0.11726243     0.069607677        1.001647       1.0084421       2.1610144   2.1610144e-09       2.4133941      0.24596813       0.2473002       13.758987       1.8801704      0.70108935      0.29883378      0.14047734       147.59577      0.98576928       0.8133866      0.60349941      0.44620483      0.81624292       1.0412859       9.0763365        1.001647       10.947792       638.27309     0.088545445      0.088545445       813.44487                 21.896564                        393.94507                          222.43146             164.22399                       10.947792
              5       402.86656       68.562761       3.1519161      0.97676657     0.022570045      0.11726243     0.069607677        1.043129       1.0003514       2.3380823   2.3380823e-09       2.4133941      0.24596813       0.2473002       13.758987       2.0342266      0.70108935      0.29883378      0.14047734       147.59577       1.0256156      0.84626497      0.62789381      0.46424114      0.84923674       1.0412859       9.0763365        1.043129       10.947792       636.87072     0.088545445      0.088545445       805.55603                 21.652236                         393.8568                          221.36168             157.73752                       10.947792
              2       402.25163       69.029325       3.1715213      0.97935954     0.022681971      0.11594363     0.052473714       1.0730154       1.0014781        2.384373    2.384373e-09       2.3938434       0.2460159      0.24734814       13.750811       2.1468223      0.70764908      0.29227508      0.13927047       147.82487       1.0262727      0.83288122      0.62694225        0.460973      0.85266727       1.0409664       7.3661976       1.0730154        10.74814       634.05319     0.088545445      0.088545445       804.32617                 20.925554                         391.1543                          221.97334             159.52484                        10.74814
              2       403.75397       69.088634        3.173433      0.97939402     0.022710548      0.11591091     0.052521131       1.0725081       1.0030983       2.3889355   2.3889355e-09       2.3888889      0.24602801       0.2473603       13.745693       2.1507263      0.70815949       0.2917648      0.13926632       147.80169       1.0265909      0.83218754      0.62713199      0.46091111      0.85329801       1.0410336       7.3646461       1.0725081       10.912402       635.98581     0.088545445      0.088545445       807.33084                 21.054472                        391.08284                           223.8485             160.43263                       10.912402
              6       405.60786       69.088634       3.1719106      0.97267517     0.022710548      0.11591091     0.052521131       1.0711373       1.0032945       2.3853015   2.3853015e-09       2.3888889      0.24602801       0.2473603       13.745693       2.1474547      0.70815949       0.2917648      0.13926632       147.80169       1.0231594      0.82940582      0.62503571      0.45937045      0.85044573       1.0410336       7.3646461       1.0711373       10.912402       639.34068     0.088545445      0.088545445       811.03863                 22.118884                        390.73011                          226.49168             160.78555                       10.912402
              5       405.76729       69.096761       3.1702864      0.97313174     0.022608824      0.11563861     0.062407767       1.0618444       1.0025204       2.3814304   2.3814304e-09       2.4065942      0.24598473      0.24731686       13.755255       2.1019927      0.70901154      0.29091277       0.1388923       147.98909       1.0217388      0.82612563      0.62374835      0.45808926      0.84931485       1.0410229       8.3558088       1.0618444       11.360971       636.07448     0.088545445      0.088545445       811.35749                 22.090872                        390.84158                          223.14203             163.92203                       11.360971
              4       405.99192       69.090695       3.1701127      0.97310057     0.022608663      0.11565057     0.062458786       1.0615754       1.0007275       2.3810168   2.3810168e-09       2.4066224      0.24598466      0.24731679       13.755466       2.1014132      0.70893571      0.29098859       0.1389041       147.98603       1.0217338      0.82627914       0.6237586      0.45812663      0.84927347       1.0410183        8.360944       1.0615754       11.322487       636.17276     0.088545445      0.088545445       811.80675                 22.110104                        390.85047                          223.21218             164.31151                       11.322487
              3       404.77272       68.561196       3.1516031      0.97149181     0.022485489      0.11678911     0.058045597       1.0554719      0.99967895       2.3373505   2.3373505e-09       2.4283184      0.24593188      0.24726381       13.774409       2.0811629      0.70226252       0.2976606      0.13991946       147.81727       1.0214193      0.83981448      0.62470302        0.461428      0.84575246       1.0409909       7.9800473       1.0554719       10.630923       632.77854     0.088545445      0.088545445       809.36835                 22.189918                         390.1572                          220.43143             165.95888                       10.630923
              2       402.29556       68.561196       3.1361848      0.97363309     0.022485489      0.11678911     0.058045597       1.0476324        1.002032       2.3015889   2.3015889e-09       2.4283184      0.24593188      0.24726381       13.774409        2.049321      0.70226252       0.2976606      0.13991946       147.81727       1.0144056      0.83404773      0.62041338      0.45825952      0.83994494       1.0409909       7.9800473       1.0476324       10.630923       632.10014     0.088545445      0.088545445       804.41404                 21.792369                        390.18157                           220.1262             161.68298                       10.630923
             12       402.40812       68.558203       3.1361787        0.973688     0.022486972       0.1168053      0.05619363       1.0495332        1.004335       2.3015748   2.3015748e-09       2.4280554      0.24593251      0.24726445       13.774189        2.056913      0.70219892       0.2977242      0.13993714       147.81126       1.0145168       0.8342814      0.62050103      0.45834874      0.84001873       1.0409955       7.7961091       1.0495332       10.646822       632.01938     0.088545445      0.088545445       804.63916                 21.738727                        390.14157                          220.13908             161.97296                       10.646822
              2       402.76674       68.564248       3.1363155      0.97379097     0.022482469      0.11678373     0.055440384       1.0494864       1.0009188       2.3018896   2.3018896e-09       2.4288539      0.24593058      0.24726251       13.774369       2.0602959      0.70230688      0.29761625      0.13991107        147.8221       1.0145173      0.83404629       0.6204724      0.45828604      0.84005614        1.041002       7.7214261       1.0494864       10.612449       633.04438     0.088545445      0.088545445       805.35638                 21.803158                        390.18798                          221.05324             161.69955                       10.612449
              1       402.67625       68.564248       3.0893574      0.97612291     0.022482469      0.11678373     0.055440384       1.0254564       1.0010108        2.196296    2.196296e-09       2.4288539      0.24593058      0.24726251       13.774369       1.9657847      0.70230688      0.29761625      0.13991107        147.8221      0.99186006      0.81541952      0.60661538      0.44805113      0.82129515        1.041002       7.7214261       1.0254564       10.612449       632.98513     0.088545445      0.088545445        805.1754                 21.408395                        390.28017                          221.29657             161.57782                       10.612449
              2       405.76692       68.569664       3.0894698      0.97615612     0.022480831      0.11676997     0.055588547       1.0269013      0.99655785       2.1965428   2.1965428e-09       2.4291445      0.24592988      0.24726181       13.774312       1.9654232      0.70238666      0.29753648      0.13989566       147.82764      0.99184372      0.81524158      0.60658869      0.44800139      0.82131406       1.0410075       7.7364247       1.0269013       10.589439       633.44212     0.088545445      0.088545445       811.35675                 21.258019                        390.29479                          221.88931             167.32519                       10.589439
              5       403.25172       68.729784       3.0943279      0.97619021     0.022566845      0.11677977     0.054251851        1.031127       1.0017957         2.20724     2.20724e-09       2.4139565      0.24596676      0.24729883       13.757502       1.9802818      0.70356891      0.29635458      0.13999148       147.72879      0.99298465       0.8142099      0.60739042      0.44814737      0.82321832       1.0412732       7.5839718        1.031127        10.37211       636.24229     0.088545445      0.088545445       806.32635                 21.220856                        390.51688                          224.50456             159.71195                        10.37211
              3        402.4558       68.729784       3.1158654      0.98117506     0.022566845      0.11677977     0.054251851       1.0402214       1.0021829       2.2552939   2.2552939e-09       2.4139565      0.24596676      0.24729883       13.757502       2.0233946      0.70356891      0.29635458      0.13999148       147.72879       1.0056615      0.82460447      0.61514464      0.45386862      0.83372789       1.0412732       7.5839718       1.0402214        10.37211       635.72759     0.088545445      0.088545445        804.7345                 20.783757                        390.59297                          224.35086              158.6348                        10.37211
              1       404.98759       68.768008        3.117824      0.98159748     0.022551252      0.11649198     0.054624165       1.0413392       1.0086932       2.2597154   2.2597154e-09       2.4166994      0.24596008      0.24729212       13.762439       2.0258524      0.70453989      0.29538369       0.1396881        147.8235       1.0051647      0.82199499      0.61450733      0.45302659      0.83354767       1.0411172        7.619925       1.0413392       10.341896       635.45641     0.088545445      0.088545445       809.79809                 20.721371                        390.57935                          224.15569             163.99978                       10.341896
              4       403.64192       68.768008       3.0989891      0.97348757     0.022551252      0.11649198     0.054624165       1.0321266       1.0058908       2.2175523   2.2175523e-09       2.4166994      0.24596008      0.24729212       13.762439       1.9880528      0.70453989      0.29538369       0.1396881        147.8235      0.99264498      0.81175674      0.60685341      0.44738398      0.82316552       1.0411172        7.619925       1.0321266       10.341896       633.44138     0.088545445      0.088545445       807.10675                 21.756065                        390.30698                          221.37834             163.32347                       10.341896
              7       402.79814       68.710093       3.0969327      0.97331999     0.022536268       0.1166139     0.054224437       1.0313546       1.0036211       2.2129967   2.2129967e-09       2.4193396      0.24595366      0.24728567        13.76463       1.9855555      0.70381509      0.29610837      0.13979504       147.80754      0.99259244      0.81316319       0.6069374      0.44772008      0.82277528       1.0411147       7.5849027       1.0313546       10.367682        633.3199     0.088545445      0.088545445        805.4192                 21.768412                        390.36584                          221.18565             161.73161                       10.367682
              1       405.18076       68.710093       3.0844714      0.98033398     0.022536268       0.1166139     0.054224437        1.026183       1.0073467       2.1855911   2.1855911e-09       2.4193396      0.24595366      0.24728567        13.76463       1.9609665      0.70381509      0.29610837      0.13979504       147.80754       0.9890869      0.81029134      0.60479388      0.44613886      0.81986947       1.0411147       7.5849027        1.026183       10.367682       636.65445     0.088545445      0.088545445       810.18442                 20.712353                        390.62668                          225.31542             163.16229                       10.367682
              1       407.02565       68.141183       3.0647635      0.97754683     0.022458755       0.1179511      0.06227548       1.0056555       1.0085441       2.1429394   2.1429394e-09       2.4330655      0.24592041      0.24725231       13.780607       1.8919868       0.6961358      0.30378637      0.14105472       147.53605      0.98847498      0.82522588      0.60577673       0.4497329      0.81596309       1.0410514       8.4204905       1.0056555       14.074412       635.18161     0.088545445      0.088545445       813.87421                 21.267267                        390.97955                           222.9348             164.61819                       14.074412
              1       404.12839       68.221284       3.0684349      0.97730859     0.022528541      0.11786366     0.064403148       1.0044872       1.0033668       2.1508214   2.1508214e-09       2.4207028      0.24595034      0.24728235       13.773971       1.8908823      0.69688687      0.30303548      0.14103706        147.4816      0.98884933       0.8241857      0.60598718      0.44961088      0.81675174       1.0410179       8.6067031       1.0044872       13.658897       635.29112     0.088545445      0.088545445       808.07969                 21.464525                        391.65297                          222.17362             159.12968                       13.658897
             12       405.39382       68.093075       3.0647509      0.97661311     0.022549966      0.11827236     0.060344988       1.0059082       1.0004198       2.1429123   2.1429123e-09       2.4169259      0.24595953      0.24729157       13.773623       1.8992818      0.69481669      0.30510537       0.1414672       147.34882      0.98931473      0.82886097      0.60673411      0.45093181      0.81636795       1.0410151       8.2164397       1.0059082       15.709394       634.89953     0.088545445      0.088545445       810.61055                 21.512985                        390.50069                          222.88586             160.00163                       15.709394
              4       409.87574        68.51114       3.0806492       0.9771782     0.022797928       0.1178972     0.056537835       1.0178608      0.99521993       2.1772532   2.1772532e-09       2.3738357      0.24606478       0.2473972       13.740045        1.944468      0.69880088      0.30112213      0.14133999       147.17309      0.99173173      0.82363365      0.60807966      0.45044953       0.8208708       1.0412229        7.779554       1.0178608       12.634547       638.16561     0.088545445      0.088545445       819.57438                 21.441161                        390.14707                          226.57737             168.77423                       12.634547
              2       405.37351        68.55337        3.079653      0.97992084     0.022497414      0.11661494     0.057295465       1.0212583       1.0022708       2.1750854   2.1750854e-09       2.4262053      0.24593699      0.24726895       13.779561       1.9395907      0.70253976      0.29738334      0.13975722       147.85074      0.98749011      0.81119078      0.60377666      0.44586715      0.81761181       1.0407497       7.8997077       1.0212583       10.673659       636.94786     0.088545445      0.088545445       810.56993                 20.731742                        390.26146                          225.95466             162.94841                       10.673659
              4       404.71093       68.801336       3.0883241      0.98077327     0.022537771       0.1160288      0.06277179       1.0190582       1.0027296       2.1940278   2.1940278e-09       2.4190745       0.2459543      0.24728632       13.772594       1.9351705      0.70583303      0.29409063      0.13921144       147.96364      0.98753017      0.80458651       0.6032108       0.4442111      0.81912241       1.0407508       8.4141842       1.0190582        10.41357       634.75884     0.088545445      0.088545445       809.24477                 20.870312                        390.93636                          222.95217             164.07236                        10.41357
              2       406.21672       69.249501       3.1018347      0.98231754      0.02269284      0.11558025     0.055263522       1.0357646       1.0036365       2.2238715   2.2238715e-09       2.3919571      0.24602051      0.24735277       13.741081       1.9911703      0.71024026      0.28968438      0.13891796       147.91069      0.98924528      0.79769296       0.6039397      0.44307256      0.82321317       1.0411973       7.6386109       1.0357646       12.034718       639.67628     0.088545445      0.088545445       812.25635                 20.511001                        390.58803                          228.57725             160.54535                       12.034718
              2       411.87426       69.249501       3.0455672      0.97539174      0.02269284      0.11558025     0.055263522       1.0057618       1.0079237       2.1021951   2.1021951e-09       2.3919571      0.24602051      0.24735277       13.741081       1.8822258      0.71024026      0.28968438      0.13891796       147.91069      0.95923276      0.77349191       0.5856169      0.42963027      0.79823787       1.0411973       7.6386109       1.0057618       12.034718       636.64612     0.088545445      0.088545445       823.57143                 21.458151                        390.29509                          224.89289             174.89059                       12.034718
              1       408.95643       69.250004       3.0455829      0.97539358        0.022693      0.11557958     0.055256199       1.0042483       1.0029603       2.1022282   2.1022282e-09       2.3919295      0.24602058      0.24735284       13.741051       1.8822831      0.71024552      0.28967912      0.13891745       147.91069      0.95923417      0.77348321      0.58561722      0.42962856      0.79824194       1.0411976        7.637838       1.0042483       12.038028       637.09717     0.088545445      0.088545445       817.73577                 21.620364                        390.26017                          225.21663             168.60057                       12.038028
              2       409.33599        69.30594       3.0467764       0.9758675     0.022670147      0.11539531     0.055608719       1.0051228       1.0030347       2.1047387   2.1047387e-09       2.3958978      0.24601087       0.2473431       13.741818       1.8832027      0.71114425      0.28878051      0.13871033       147.98608      0.95893527       0.7713944      0.58521641      0.42900116      0.79831543       1.0412215       7.6749203       1.0051228       12.715755       636.74813     0.088545445      0.088545445       818.49488                 21.506825                        390.22447                          225.01683             169.03099                       12.715755
              1       409.88899       69.200009       3.0424957      0.97545239     0.022646985      0.11571511     0.054617572       1.0035193      0.99941922       2.0957482   2.0957482e-09       2.3999298      0.24600101       0.2473332       13.742996       1.8788793      0.70963977      0.29028477      0.13900696       147.92562       0.9590692      0.77452548       0.5856108      0.42984823      0.79781651        1.041314       7.5865088       1.0035193       11.817512       636.73365     0.088545445      0.088545445        819.6009                 21.556397                        390.39355                           224.7837             171.04974                       11.817512
              3       409.16725       69.200009       3.0560255      0.98345868     0.022646985      0.11571511     0.054617572       1.0102156       1.0027052       2.1242959   2.1242959e-09       2.3999298      0.24600101       0.2473332       13.742996       1.9044728      0.70963977      0.29028477      0.13900696       147.92562      0.96856952      0.78219775      0.59141173       0.4341062      0.80571949        1.041314       7.5865088       1.0102156       11.817512       637.78784     0.088545445      0.088545445       818.15741                 20.571191                         390.6818                          226.53485             168.55206                       11.817512
              1        406.0904       69.200009       3.0805296       0.9745312     0.022646985      0.11571511     0.054617572        1.023365        1.002495       2.1769929   2.1769929e-09       2.3999298      0.24600101       0.2473332       13.742996       1.9517168      0.70963977      0.29028477      0.13900696       147.92562      0.97713542      0.78911541       0.5966421      0.43794539      0.81284518        1.041314       7.5865088        1.023365       11.817512       636.17233     0.088545445      0.088545445       812.00371                 21.637761                         390.3409                          224.19367             164.01386                       11.817512
              6       406.33523       69.172132       3.0800593      0.97370831     0.022690811      0.11600117      0.06052546       1.0163979       1.0005146       2.1759693   2.1759693e-09       2.3923091      0.24601965      0.24735191       13.736402       1.9278846      0.70871624      0.29120823      0.13933684       147.79945      0.97793458      0.79186206      0.59748403      0.43891175       0.8133461       1.0414288       8.1625351       1.0163979       11.332328       636.97464     0.088545445      0.088545445       812.49338                 21.989578                        390.37249                          224.61258              164.1864                       11.332328
              7       405.65318       69.050582       3.0789413      0.97290537     0.022713128      0.11605312     0.061951782       1.0143448       1.0038513       2.1735379   2.1735379e-09       2.3884424       0.2460291       0.2473614       13.745076       1.9202447      0.70753406      0.29239014      0.13941112       147.76052      0.97768148      0.79384988      0.59740897      0.43930123      0.81242085       1.0410679        8.294917       1.0143448       10.723065       636.45233     0.088545445      0.088545445       811.12926                 22.154851                        390.70881                          223.58867             163.95387                       10.723065
              1       405.94501       69.063968       3.0796949      0.97302333      0.02271073      0.11595219     0.061985116       1.0148736       1.0007524       2.1751765   2.1751765e-09       2.3888575      0.24602809      0.24736038        13.74673       1.9215643      0.70786405      0.29206018      0.13930779       147.79038      0.97750318      0.79297579      0.59718932      0.43901577      0.81235142       1.0410047       8.2967645       1.0148736       10.805584       636.36425     0.088545445      0.088545445       811.71292                 22.122486                        390.70881                          223.53296             164.54308                       10.805584
              7       405.71936       69.063968       3.1392273      0.97285677      0.02271073      0.11595219     0.061985116       1.0469164       1.0019686       2.3086022   2.3086022e-09       2.3888575      0.24602809      0.24736038        13.74673       2.0394333      0.70786405      0.29206018      0.13930779       147.79038       1.0069727      0.81688219       0.6151932      0.45225108      0.83684195       1.0410047       8.2967645       1.0469164       10.805584         637.032     0.088545445      0.088545445       811.26162                 21.992435                        390.70952                          224.33005             163.42403                       10.805584
              1       404.98947       68.424413       3.1191917       0.9688672     0.022732636      0.11787511     0.064068569       1.0307083       1.0014564       2.2628082   2.2628082e-09         2.38507      0.24603735      0.24736967       13.750088       1.9906665       0.6982235      0.30169931      0.14125261       147.25137       1.0085714       0.8385326      0.61830929       0.4582467      0.83428068         1.04111       8.5254145       1.0307083       13.018942       638.46318     0.088545445      0.088545445       809.80184                 23.019456                        391.56602                           223.8777             158.31972                       13.018942
              1       404.86323       68.372027       3.1172647      0.96883862     0.022699112      0.11789705     0.064221828       1.0296315       1.0006067       2.2584519   2.2584519e-09       2.3908698      0.24602317      0.24735544        13.75504       1.9862252      0.69778567      0.30213703      0.14124103       147.28271       1.0081971      0.83899447      0.61806714       0.4582333      0.83365175       1.0410638       8.5484386       1.0296315       13.326535        637.5446     0.088545445      0.088545445       809.54937                 23.004144                        391.59636                           222.9441             158.67823                       13.326535
              2       403.68475       69.014633        3.136131      0.97295659     0.022687284      0.11616678     0.056547663        1.049822      0.99903185        2.301465    2.301465e-09       2.3929211      0.24601815       0.2473504       13.745839       2.0553591      0.70704494      0.29287918      0.13949893       147.75883         1.00707      0.81873015      0.61546362      0.45276673      0.83662388       1.0411501       7.7765965        1.049822       10.626653       634.76981     0.088545445      0.088545445       807.19241                 21.928127                        390.08814                          222.75355             161.79594                       10.626653
              4         402.885       69.014633       3.1349286      0.97300923     0.022687284      0.11616678     0.056547663       1.0491048       1.0026584       2.2986994   2.2986994e-09       2.3929211      0.24601815       0.2473504       13.745839       2.0528892      0.70704494      0.29287918      0.13949893       147.75883       1.0064851      0.81825464      0.61510616      0.45250377      0.83613797       1.0411501       7.7765965       1.0491048       10.626653       634.70225     0.088545445      0.088545445       805.59291                 21.928912                        390.08814                           222.6852             160.26401                       10.626653
              8       403.58249       68.981075       3.1341597      0.97278736     0.022681821      0.11620485     0.058438576       1.0467162      0.99913931       2.2969327   2.2969327e-09       2.3938694      0.24601583      0.24734808       13.747906       2.0435684       0.7066913      0.29323275      0.13953154       147.75467       1.0064094      0.81888282      0.61509583      0.45263267      0.83587178        1.041106       7.9644003       1.0467162       10.542341       634.65008     0.088545445      0.088545445       806.98788                 22.011148                        390.14285                          222.49608             161.79547                       10.542341
              4       404.08477       68.981075       3.1359064      0.97286505     0.022681821      0.11620485     0.058438576       1.0477394       1.0055281       2.3009482   2.3009482e-09       2.3938694      0.24601583      0.24734808       13.747906       2.0471409       0.7066913      0.29323275      0.13953154       147.75467       1.0073188      0.81962274      0.61565162      0.45304166      0.83662706        1.041106       7.9644003       1.0477394       10.542341       634.65039     0.088545445      0.088545445       807.99245                 21.985295                        390.14342                          222.52167             162.79973                       10.542341
              2       404.37666       68.981075       3.1269274      0.97248942     0.022681821      0.11620485     0.058438576       1.0430149       1.0054195       2.2803804   2.2803804e-09       2.3938694      0.24601583      0.24734808       13.747906       2.0288418       0.7066913      0.29323275      0.13953154       147.75467       1.0026619      0.81583358      0.61280542      0.45094722      0.83275928        1.041106       7.9644003       1.0430149       10.542341       634.96414     0.088545445      0.088545445       808.57622                  22.05395                        390.16014                          222.75005             163.06974                       10.542341
             10       405.22596       68.387279       3.1103243      0.96904655     0.022684571      0.11759658      0.06079958       1.0292978       1.0054953       2.2428318   2.2428318e-09        2.393392        0.246017      0.24734925       13.762276       1.9860348      0.69859401      0.30132872      0.14092601        147.3789       1.0031856      0.83290655      0.61465167      0.45539599      0.82960037       1.0408274       8.2170682       1.0292978        12.93353       635.65973     0.088545445      0.088545445       810.27483                 22.903047                        390.51578                          222.24091             161.68156                        12.93353
              6       403.88712       68.209933       3.1020793      0.96876966     0.022609205      0.11808669     0.055964326       1.0288873       1.0036538       2.2244155   2.2244155e-09       2.4065275      0.24598489      0.24731702       13.766692       1.9888678      0.69613324      0.30378908      0.14134076       147.33216       1.0029763      0.83776128      0.61497506      0.45656283      0.82835112       1.0410139       7.7668826       1.0288873        14.57842         634.862     0.088545445      0.088545445       807.59715                 22.867765                        390.03927                          221.95497             158.15673                        14.57842
              2       403.94557       68.529819       3.1111492      0.97072725     0.022557406      0.11711842     0.061758689       1.0305311       1.0039409       2.2446826   2.2446826e-09       2.4156164      0.24596272      0.24729477        13.76619       1.9838646      0.70113547      0.29878758      0.14032069       147.64844       1.0020449       0.8265024      0.61329242       0.4534279       0.8295202       1.0410665       8.3319932       1.0305311        11.04065       634.02983     0.088545445      0.088545445       807.71404                  22.41899                        390.82577                          220.78507             162.64357                        11.04065
              3       403.89787        68.63524       3.1155412      0.97067263     0.022624759      0.11701778     0.064351273       1.0283599       1.0009735       2.2545628   2.2545628e-09       2.4038081      0.24599153      0.24732369       13.757766       1.9822915      0.70212351      0.29779978       0.1402874       147.60019       1.0026856      0.82520365      0.61364815      0.45331545      0.83068877       1.0410993       8.5628447       1.0283599        10.76359       637.42058     0.088545445      0.088545445       807.61865                 22.784812                        391.59738                          223.03839             159.43448                        10.76359
              1       402.73766        68.63524        3.101951      0.97306035     0.022624759      0.11701778     0.064351273       1.0218554       1.0052556       2.2241301   2.2241301e-09       2.4038081      0.24599153      0.24732369       13.757766        1.955534      0.70212351      0.29779978       0.1402874       147.60019      0.99680605      0.82036484      0.61004986      0.45065731       0.8258178       1.0410993       8.5628447       1.0218554        10.76359       635.33626     0.088545445      0.088545445       805.29822                 22.265432                        391.56669                          221.50414             159.19837                        10.76359
              4       402.96215       68.826005       3.1061415      0.97453653     0.022639445      0.11673315     0.052004171        1.037847       1.0063389         2.23347     2.23347e-09       2.4012445       0.2459978      0.24732998       13.748287       2.0128429      0.70434232      0.29558139      0.14001747       147.66011      0.99699779      0.81615138      0.60987348      0.44968564      0.82712372       1.0413226       7.3401995        1.037847        10.34411       634.64855     0.088545445      0.088545445       805.74721                 21.604955                        391.01212                          222.03148             160.75455                        10.34411
              1       402.57801       68.714379       3.1036076      0.97362899     0.022685159      0.11711709      0.05032826       1.0384352       1.0020168       2.2278177   2.2278177e-09         2.39329      0.24601725       0.2473495       13.746405       2.0144898        0.702471      0.29745246      0.14044711       147.50629      0.99760228      0.82063102      0.61071085      0.45101401       0.8269538       1.0412855       7.1647949       1.0384352       10.644514       636.29509     0.088545445      0.088545445       804.97892                 21.654188                         391.6154                           223.0255             158.03932                       10.644514
              5       402.16869        68.62838       3.1006371       0.9733056     0.022663628      0.11729194     0.050370179       1.0363313       1.0021092       2.2212098   2.2212098e-09       2.3970315       0.2460081      0.24734031        13.74982       2.0083463      0.70139933      0.29852394      0.14060043       147.48351      0.99748586      0.82267963      0.61080617      0.45149007      0.82633971       1.0412723       7.1760646       1.0363313       10.961151        635.5717     0.088545445      0.088545445        804.1603                 21.735381                        391.58167                          222.25466             157.62744                       10.961151
              1       402.95529        68.62838       3.1271906      0.97281458     0.022663628      0.11729194     0.050370179       1.0487553      0.99901064       2.2809807   2.2809807e-09       2.3970315       0.2460081      0.24734031        13.74982       2.0623892      0.70139933      0.29852394      0.14060043       147.48351       1.0106273      0.83351808      0.61885327      0.45743826      0.83722637       1.0412723       7.1760646       1.0487553       10.961151       635.88821     0.088545445      0.088545445       805.73349                 21.972151                        391.52286                           222.3932             158.88413                       10.961151
              1       402.26208       68.682474       3.1279525      0.97325844     0.022652129      0.11721126     0.048620095       1.0516557       1.0016366       2.2827192   2.2827192e-09       2.3990335       0.2460032       0.2473354       13.747555        2.071198       0.7020649      0.29785849      0.14050826        147.5179        1.010606       0.8321559      0.61873878      0.45709854      0.83753862       1.0413761       6.9961422       1.0516557       10.680868       636.37053     0.088545445      0.088545445       804.34707                 21.797497                         392.5031                          222.06994             157.29567                       10.680868
              1       402.26959       68.736408       3.1289173        0.974084     0.022573819      0.11679576       0.0513951       1.0499808       1.0000177       2.2849227   2.2849227e-09       2.4127311      0.24596975      0.24730182       13.756287       2.0617229      0.70357742      0.29634609      0.14001445       147.71666       1.0094989      0.82776945      0.61751718      0.45561587      0.83694949        1.041292       7.2925907       1.0499808       10.370755       634.46225     0.088545445      0.088545445       804.36208                 21.678951                        391.21322                          221.57007             159.52908                       10.370755
              2        402.5545        68.46178       3.1186432      0.97274905     0.022514999      0.11755205     0.054801413       1.0401565       1.0043357       2.2615673   2.2615673e-09       2.4230944      0.24594453      0.24727652        13.76152        2.026794      0.69970644      0.30021646      0.14071191       147.57975       1.0096292      0.83592615       0.6183646      0.45772353      0.83538369       1.0414361         7.66327       1.0401565       11.363508       633.88723     0.088545445      0.088545445       804.93191                 21.980583                        390.24436                          221.66229             159.68117                       11.363508
              6       402.45079        68.46178       3.0876937      0.97416955     0.022514999      0.11755205     0.054801413       1.0241573       1.0028272       2.1926451   2.1926451e-09       2.4230944      0.24594453      0.24727652        13.76152       1.9650267      0.69970644      0.30021646      0.14071191       147.57975      0.99466641      0.82353766      0.60920039      0.45094004      0.82300324       1.0414361         7.66327       1.0241573       11.363508       634.06125     0.088545445      0.088545445       804.72448                   21.7485                        390.20915                           222.1036             159.29972                       11.363508
              1       402.62528       68.632273       3.0929758       0.9747775     0.022545667      0.11725406      0.05675887       1.0256821       1.0027128       2.2042575   2.2042575e-09       2.4176831      0.24595769      0.24728972       13.753731        1.967715      0.70176403      0.29815925       0.1404446        147.6253      0.99495403      0.81971245      0.60908692      0.45008169      0.82426566       1.0415459       7.8477384       1.0256821       10.590141       634.59544     0.088545445      0.088545445       805.07346                 21.658453                        390.11879                          222.81819             159.88788                       10.590141
              3       402.03154       68.683717       3.0953338      0.97495667      0.02256141      0.11707861     0.057237111       1.0265784       1.0027016       2.2094613   2.2094613e-09       2.4149121      0.24596443      0.24729649       13.753547       1.9704747      0.70254918      0.29737421      0.14028489       147.65477      0.99489286       0.8180259      0.60887625      0.44962957      0.82452382       1.0414706       7.8886136       1.0265784       10.459561       634.20666     0.088545445      0.088545445       803.88598                 21.643688                        390.17098                          222.39198             159.21977                       10.459561
              1        403.3059       68.624123        3.093066      0.97482027     0.022543579      0.11720528     0.055772578       1.0260196      0.99991474       2.2044563   2.2044563e-09       2.4180508      0.24595679      0.24728882       13.755842       1.9717782      0.70180122      0.29812204      0.14039373        147.6408      0.99479691       0.8194423      0.60893558      0.44995582      0.82408656       1.0414748       7.7489152       1.0260196       10.606157       634.65319     0.088545445      0.088545445       806.43471                   21.7072                        390.17193                          222.77406             161.17536                       10.606157
              4       401.98834       68.624123       3.0998853      0.97859351     0.022543579      0.11720528     0.055772578       1.0303737       1.0035438       2.2195406   2.2195406e-09       2.4180508      0.24595679      0.24728882       13.755842       1.9852703      0.70180122      0.29812204      0.14039373        147.6408      0.99964196      0.82343331      0.61190134      0.45214728      0.82810018       1.0414748       7.7489152       1.0303737       10.606157       635.13809     0.088545445      0.088545445        803.7996                 21.082211                        390.30144                          223.75444             158.05535                       10.606157
              2       402.88868       68.646854       3.1011375       0.9782724     0.022617065      0.11740463     0.052384692       1.0337602       1.0032478       2.2223216   2.2223216e-09       2.4051528      0.24598825      0.24732039       13.746383       2.0012721      0.70141969      0.29850362      0.14066657       147.50528       1.0005644      0.82527919      0.61276335      0.45292906      0.82900162       1.0415667       7.3944098       1.0337602       10.746637       636.33927     0.088545445      0.088545445       805.60027                 21.127626                        391.01129                          224.20035             158.51437                       10.746637
              4       405.42824       69.485502       3.1307361      0.98186361     0.022765401       0.1153136     0.055011374       1.0501597       1.0002135       2.2890823   2.2890823e-09       2.3794222      0.24605115      0.24738352       13.725656       2.0505914      0.71260718      0.28731797      0.13872387       147.90153       1.0003895      0.80210939      0.61052986       0.4469898       0.8339043       1.0414204       7.5940732       1.0501597       13.926236       637.01414     0.088545445      0.088545445       810.67938                 20.655547                        390.59038                          225.76821             159.73901                       13.926236
              1       405.27372       69.487785       3.1304217      0.98189254     0.022759997      0.11534044     0.055175696       1.0497831       1.0013177       2.2883628   2.2883628e-09       2.3803522      0.24604888      0.24738124       13.724867       2.0492733      0.71258168      0.28734348       0.1387453        147.9003       1.0004314      0.80222024      0.61057901       0.4470357      0.83395292       1.0414703       7.6120833       1.0497831       13.968093       637.13225     0.088545445      0.088545445       810.37036                 20.656363                         390.5425                          225.93338             159.27002                       13.968093
              2       405.99816       69.487785       3.1819932      0.98383012     0.022759997      0.11534044     0.055175696        1.077092      0.99996062       2.4094731   2.4094731e-09       2.3803522      0.24604888      0.24738124       13.724867       2.1577299      0.71258168      0.28734348       0.1387453        147.9003       1.0273359       0.8237943      0.62699928       0.4590578      0.85638037       1.0414703       7.6120833        1.077092       13.968093       637.26735     0.088545445      0.088545445       811.81924                 20.476733                        390.61974                          226.17088             160.58379                       13.968093
              1       403.67347       69.148345       3.1719817       0.9816111     0.022758064      0.11623806     0.061502663       1.0642583       1.0018388       2.3854711   2.3854711e-09       2.3806851      0.24604806      0.24738042        13.73017       2.1093742      0.70787971      0.29204471      0.13964099       147.66064       1.0279685      0.83438401      0.62839544      0.46195042      0.85481216       1.0414415       8.2452847       1.0642583       10.917829       637.88121     0.088545445      0.088545445       807.16986                 20.772801                        390.60023                          226.50818             158.37082                       10.917829
              3       403.06889       69.129734        3.171384       0.9815084     0.022760909      0.11630206     0.060884527       1.0637269       1.0009927       2.3840458   2.3840458e-09       2.3801953      0.24604926      0.24738163        13.72998       2.1107216      0.70758252      0.29234186      0.13970784       147.64028       1.0280454      0.83509809      0.62851764      0.46215773      0.85476104        1.041448       8.1862591       1.0637269       10.815472       636.16545     0.088545445      0.088545445        805.9607                 20.836365                        390.49908                             224.83             158.97978                       10.815472
              1       402.22996       69.129734       3.1576476      0.97984961     0.022760909      0.11630206     0.060884527       1.0560418       1.0009125       2.3515213   2.3515213e-09       2.3801953      0.24604926      0.24738163        13.72998        2.081926      0.70758252      0.29234186      0.13970784       147.64028       1.0203541      0.82885035      0.62381541      0.45870012      0.84836619        1.041448       8.1862591       1.0560418       10.815472       635.24284     0.088545445      0.088545445       804.28284                 21.073371                        390.45225                          223.71722             158.22452                       10.815472
              5       406.33226       69.063751       3.1559385      0.97947722     0.022766152       0.1164536     0.060234781       1.0561282       1.0091377       2.3475058   2.3475058e-09       2.3792931      0.24605146      0.24738384       13.731504       2.0810735      0.70669482      0.29322942      0.13986462       147.59377       1.0204349      0.83078385      0.62403978      0.45921299      0.84802839       1.0414022       8.1248233       1.0561282       10.560513       635.69991     0.088545445      0.088545445       812.48744                  21.06603                        390.37396                          224.25992             166.22701                       10.560513
              2       403.35515       69.156889        3.158267      0.98011637     0.022734254      0.11614408     0.063144911       1.0529778       1.0027833       2.3529784   2.3529784e-09       2.3847907      0.24603803      0.24737036        13.73264       2.0738196      0.70819818      0.29172626       0.1395232       147.71246       1.0199735      0.82713324      0.62337662      0.45813597      0.84821634       1.0414266       8.4063538       1.0529778       11.055244       636.31676     0.088545445      0.088545445       806.53321                  21.18664                        390.98195                          224.14817              159.1612                       11.055244
              7       402.18486       69.007473       3.1516683      0.98015645      0.02264361      0.11636409     0.058888623       1.0558368       1.0044866       2.3375029   2.3375029e-09       2.4005182      0.24599957      0.24733176       13.742262       2.0777924      0.70666152      0.29326259      0.13965256       147.75458        1.019261      0.82957438      0.62308548      0.45852371      0.84670761       1.0414532       8.0204943       1.0558368        10.62329       635.60649     0.088545445      0.088545445       804.19262                 20.897386                        390.30871                           224.4004             157.96284                        10.62329
              4       402.65955       69.007473       3.1858236      0.97913178      0.02264361      0.11636409     0.058888623       1.0733532       1.0045415       2.4187202   2.4187202e-09       2.4005182      0.24599957      0.24733176       13.742262       2.1499859      0.70666152      0.29326259      0.13965256       147.75458       1.0364072      0.84352965      0.63356715      0.46623709      0.86095111       1.0414532       8.0204943       1.0733532        10.62329       634.25946     0.088545445      0.088545445       805.14201                 21.080949                        390.23687                          222.94164             160.25926                        10.62329
              1       404.58179       69.076617       3.1886188      0.97956237     0.022664418      0.11615058     0.055339062       1.0804468      0.99924725       2.4254903   2.4254903e-09       2.3968941      0.24600844      0.24734065       13.741445        2.171364      0.70765233      0.29227193      0.13945986       147.78874       1.0363197      0.84131489      0.63329503      0.46564276      0.86130963       1.0413747       7.6618304       1.0804468       10.889269       637.21143     0.088545445      0.088545445       808.98649                 20.840227                        390.42788                          225.94331              160.8858                       10.889269
              1       402.85239       68.959088       3.1845933       0.9793004     0.022617843      0.11629322     0.054902989       1.0768875      0.99931572       2.4157461   2.4157461e-09       2.4050168      0.24598858      0.24732072       13.749178       2.1645277      0.70645295      0.29347106      0.13955593       147.80247       1.0358486      0.84331857      0.63311611      0.46598795      0.86018535       1.0412994       7.6305659       1.0768875       10.551632       633.82145     0.088545445      0.088545445       805.52769                 20.987612                        390.42488                          222.40896             161.15462                       10.551632
              5       401.54982       68.959088        3.149151      0.98105595     0.022617843      0.11629322     0.054902989       1.0579281       1.0021793       2.3316261   2.3316261e-09       2.4050168      0.24598858      0.24732072       13.749178       2.0891556      0.70645295      0.29347106      0.13955593       147.80247       1.0183431      0.82906674      0.62241664      0.45811289      0.84564848       1.0412994       7.6305659       1.0579281       10.551632       634.77436     0.088545445      0.088545445       802.92255                 20.785334                        390.50908                          223.47994             157.59656                       10.551632
              3       402.06551       68.679615       3.1412477      0.97944655     0.022557392      0.11673346     0.066678532       1.0411976       1.0006444       2.3132711   2.3132711e-09       2.4156188      0.24596271      0.24729476        13.76347       2.0244651       0.7032539      0.29666949      0.13993572       147.75171       1.0178394      0.83508299      0.62253159      0.45944086       0.8435157       1.0410987       8.7946779       1.0411976       10.448271       635.47551     0.088545445      0.088545445       803.95394                 21.169433                        392.37564                          221.93044             158.03016                       10.448271
             13       402.82777       68.679615       3.1055616      0.97813348     0.022557392      0.11673346     0.066678532       1.0221006       1.0005579       2.2321752   2.2321752e-09       2.4156188      0.24596271      0.24729476        13.76347       1.9534938       0.7032539      0.29666949      0.13993572       147.75171      0.99933478      0.81990097       0.6112138       0.4510881      0.82818037       1.0410987       8.7946779       1.0221006       10.448271        635.6272     0.088545445      0.088545445       805.47845                  21.42294                        392.41322                          221.79104             159.40298                       10.448271
              5       403.13758       68.828581       3.1098235      0.97920262     0.022535277      0.11625931     0.065924778       1.0263495       1.0000638       2.2417087   2.2417087e-09       2.4195143      0.24595323      0.24728525       13.763908       1.9647968      0.70558456      0.29433915      0.13943945        147.9041      0.99880079      0.81454933      0.61034487      0.44955963      0.82863503        1.041087       8.7200613       1.0263495       10.401488       635.35125     0.088545445      0.088545445       806.09806                 21.171882                        391.99524                          222.18413             160.34532                       10.401488
              3       404.02415       68.828581       3.1886354      0.97941936     0.022535277      0.11625931     0.065924778       1.0678887       1.0001667       2.4255307   2.4255307e-09       2.4195143      0.24595323      0.24728525       13.763908       2.1259118      0.70558456      0.29433915      0.13943945        147.9041       1.0390319      0.84735891       0.6349292      0.46766763      0.86201196        1.041087       8.7200613       1.0678887       10.401488       635.18429     0.088545445      0.088545445       807.87121                 21.117855                        391.99222                          222.07422             162.28543                       10.401488
              3       403.79783       68.828581       3.1882972      0.97982717     0.022535277      0.11625931     0.065924778       1.0675333       1.0008914       2.4247104   2.4247104e-09       2.4195143      0.24595323      0.24728525       13.763908       2.1251928      0.70558456      0.29433915      0.13943945        147.9041       1.0390192      0.84734855      0.63492145      0.46766192      0.86200143        1.041087       8.7200613       1.0675333       10.401488       635.26827     0.088545445      0.088545445       807.41857                 21.079164                        391.97892                          222.21018             161.74882                       10.401488
              6       402.84615       68.828581       3.1332217      0.97671007     0.022535277      0.11625931     0.065924778       1.0377657       1.0050635       2.2947791   2.2947791e-09       2.4195143      0.24595323      0.24728525       13.763908       2.0113115      0.70558456      0.29433915      0.13943945        147.9041       1.0095866      0.82334544      0.61693583      0.45441431      0.83758325        1.041087       8.7200613       1.0377657       10.401488       635.40232     0.088545445      0.088545445        805.5152                 21.604061                        392.12707                          221.67119             159.71139                       10.401488
              2       404.21779       68.828581       3.1167019      0.97540503     0.022535277      0.11625931     0.065924778       1.0283656       1.0044485       2.2571814   2.2571814e-09       2.4195143      0.24595323      0.24728525       13.763908       1.9783582      0.70558456      0.29433915      0.13943945        147.9041       1.0007802      0.81616358      0.61155443      0.45045055      0.83027719        1.041087       8.7200613       1.0283656       10.401488       637.66256     0.088545445      0.088545445       808.25849                 21.913195                        392.09476                           223.6546             160.19444                       10.401488
              3       406.25706       68.995553       3.1211564      0.97682289     0.022478844      0.11562353      0.06593269       1.0338534       1.0044388       2.2672584   2.2672584e-09       2.4294969      0.24592903      0.24726095       13.768196        1.987159      0.70846195      0.29146214      0.13874724       148.13919      0.99974692      0.80912464      0.61016341       0.4483237       0.8304254        1.041038       8.7227728       1.0338534       11.259492       636.83306     0.088545445      0.088545445       812.33704                 21.404603                        392.01633                          223.41213             164.24449                       11.259492
              1       406.58226       68.995553        3.164616      0.97887573     0.022478844      0.11562353      0.06593269       1.0567452         0.99906       2.3679648   2.3679648e-09       2.4294969      0.24592903      0.24726095       13.768196        2.075424      0.70846195      0.29146214      0.13874724       148.13919       1.0225162      0.82755246      0.62405989      0.45853428      0.84933835        1.041038       8.7227728       1.0567452       11.259492       636.95289     0.088545445      0.088545445       812.98743                 21.098308                        391.97454                          223.88004             164.77505                       11.259492
              2       404.73288       68.995553       3.1578302      0.98000853     0.022478844      0.11562353      0.06593269        1.052726       1.0023851       2.3519507   2.3519507e-09       2.4294969      0.24592903      0.24726095       13.768196       2.0613883      0.70846195      0.29146214      0.13874724       148.13919       1.0194974      0.82510925      0.62221746      0.45718053      0.84683082        1.041038       8.7227728        1.052726       11.259492       636.74377     0.088545445      0.088545445       809.28868                 20.988564                        391.97362                          223.78159             161.28541                       11.259492
              1       405.07825       68.992509       3.1579105      0.97988527     0.022489177      0.11566143     0.066421519       1.0520185        1.000189       2.3521396   2.3521396e-09       2.4276647      0.24593346       0.2472654       13.767135       2.0595393      0.70833488       0.2915892      0.13879548       148.11731       1.0196348      0.82552607      0.62235544      0.45733174      0.84692632       1.0410438       8.7670757       1.0520185       11.192679       636.60201     0.088545445      0.088545445       809.97942                  21.03395                        392.15046                          223.41761             162.18472                       11.192679
              1       402.98987       68.953556       3.1590988       0.9793261     0.022618159      0.11594926     0.053143146       1.0669608       1.0036938       2.3549365   2.3549365e-09       2.4049616      0.24598871      0.24732086       13.759102       2.1174816      0.70712861      0.29279538      0.13921228       147.89475       1.0207815      0.82929642      0.62352256      0.45866249      0.84763936        1.040911       7.4473501       1.0669608       10.629991       634.94257     0.088545445      0.088545445       805.80265                 20.823948                        390.93472                          223.18389             160.23009                       10.629991
              1       402.44485        68.94388       3.1587181      0.97928411     0.022616552       0.1159795     0.053056163       1.0649106       1.0033964       2.3540401   2.3540401e-09       2.4052425      0.24598803      0.24732017        13.75917       2.1170439      0.70698616      0.29293781      0.13924092       147.88839       1.0207984      0.82961502      0.62356496      0.45874946      0.84759395       1.0409191       7.4393873       1.0649106       10.598777       634.12756     0.088545445      0.088545445        804.7126                  20.97917                        390.90902                          222.23937             159.98627                       10.598777
              3       401.49601       68.879713       3.1562867       0.9789662     0.022602886      0.11616188     0.053919187       1.0636142        1.003341       2.3483234   2.3483234e-09       2.4076337      0.24598219      0.24731431       13.760205       2.1082606      0.70608436      0.29383947      0.13940964       147.85455       1.0208604      0.83157609      0.62379162      0.45926893      0.84725083       1.0409607       7.5322987       1.0636142       10.445127       633.40414     0.088545445      0.088545445       802.81494                  20.93982                        390.65597                          221.80835             158.96567                       10.445127
              6        408.8413       68.540992       3.1491514      0.97704941     0.022579543      0.11652109     0.061689174       1.0533578       1.0003267        2.331627    2.331627e-09       2.4117261       0.2459722      0.24730428       13.780983       2.0609931      0.70245727      0.29746581       0.1397455       147.78403       1.0201146      0.83812415        0.623711      0.46061987      0.84454761       1.0404021        8.308125       1.0533578       10.973327       638.07385     0.088545445      0.088545445       817.50551                 21.121663                         390.6888                          226.26339             168.45833                       10.973327
              1       404.65983       69.232425       3.1700991      0.97856216     0.022819454      0.11595521     0.067465944       1.0558777       1.0055871       2.3809844   2.3809844e-09       2.3701499      0.24607376      0.24740621       13.728832       2.0804457      0.70905086      0.29087375      0.13941953       147.66824       1.0232887      0.82809065      0.62528652      0.45920351      0.85143782       1.0412283       8.7887334       1.0558777       11.248826       637.08636     0.088545445      0.088545445       809.14257                 21.427044                        392.46942                           223.1899             160.80738                       11.248826
              2       404.54331       69.232425       3.1738273      0.97814942     0.022819454      0.11595521     0.067465944       1.0577796       1.0052535       2.3898778   2.3898778e-09       2.3701499      0.24607376      0.24740621       13.728832       2.0882165      0.70905086      0.29087375      0.13941953       147.66824       1.0250345      0.82950347      0.62635333      0.45998697      0.85289047       1.0412283       8.7887334       1.0577796       11.248826       637.07948     0.088545445      0.088545445       808.90954                 21.496176                        392.45519                          223.12812             160.58123                       11.248826
              2       406.85233       69.232425       3.1722212      0.97821149     0.022819454      0.11595521     0.067465944       1.0552596      0.99920095       2.3860425   2.3860425e-09       2.3701499      0.24607376      0.24740621       13.728832       2.0848653      0.70905086      0.29087375      0.13941953       147.66824       1.0242362      0.82885747      0.62586554      0.45962874      0.85222626       1.0412283       8.7887334       1.0552596       11.248826       639.77825     0.088545445      0.088545445       813.52756                 21.658565                         392.4964                          225.62329             162.50049                       11.248826
              2       405.66058       69.232425       3.1556505      0.97469092     0.022819454      0.11595521     0.067465944       1.0473152      0.99895893       2.3468299   2.3468299e-09       2.3701499      0.24607376      0.24740621       13.728832       2.0506023      0.70905086      0.29087375      0.13941953       147.66824       1.0144059      0.82090234      0.61985867      0.45521736      0.84404685       1.0412283       8.7887334       1.0473152       11.248826       639.54161     0.088545445      0.088545445       811.14407                 22.169525                        392.64553                          224.72656             160.35364                       11.248826
              1       403.87499       68.863008       3.1439607      0.97329696     0.022747216      0.11658962       0.0642361       1.0459586       1.0027435       2.3195556   2.3195556e-09       2.3825542       0.2460435      0.24737584       13.745999       2.0399054      0.70473539      0.29518841       0.1399817        147.5784       1.0136826       0.8290395      0.62004015      0.45702992      0.84119172       1.0410022       8.5142561       1.0459586        10.41552       636.94264     0.088545445      0.088545445       807.57289                 22.032503                        391.37873                          223.53141             160.21473                        10.41552
              6       405.22348       68.844807       3.1357008      0.97530345     0.022494839      0.11642464     0.060368197       1.0466771       1.0019249       2.3004753   2.3004753e-09       2.4266613      0.24593589      0.24726784       13.759043       2.0388366      0.70545982      0.29446393      0.13956435       147.90485       1.0115001      0.82531798      0.61824351      0.45542576      0.83926969       1.0414166       8.2002928       1.0466771       10.429882       636.92114     0.088545445      0.088545445       810.26987                 21.474742                        390.44471                          225.00169             162.91885                       10.429882
              1       403.60475       68.875855       3.1368614      0.97536441     0.022508982      0.11638034     0.060235659       1.0465773       1.0032994       2.3031467   2.3031467e-09       2.4241583      0.24594195      0.24727393       13.757126       2.0417453      0.70578887      0.29413495      0.13953419       147.90097       1.0116154      0.82476797      0.61828058      0.45532581      0.83955461       1.0414248       8.1833085       1.0465773       10.485624       635.27057     0.088545445      0.088545445       807.03241                   21.5574                        390.42736                           223.2858             161.27622                       10.485624
              1       403.28706       68.785422       3.1409011      0.97303036     0.022713832      0.11678619     0.067578231       1.0399739       0.9998369       2.3124694   2.3124694e-09       2.3883206       0.2460294       0.2473617       13.748387       2.0201252      0.70372403      0.29619959      0.14014489       147.56291       1.0137331      0.83116777      0.62025165      0.45757685      0.84075956       1.0410687       8.8409306       1.0399739       10.490125       637.01617     0.088545445      0.088545445       806.39703                 22.263383                        392.84484                          221.90795             158.89074                       10.490125
              3       402.53893       68.472269       3.1311541       0.9717486     0.022678221      0.11735882     0.060054044       1.0407743       1.0036832       2.2900394   2.2900394e-09       2.3944946       0.2460143      0.24734654        13.76141       2.0308633      0.69986244      0.30006048       0.1406819        147.4494       1.0131079      0.83847836      0.62046211      0.45921648      0.83832625       1.0408427        8.142029       1.0407743       12.049828       634.40921     0.088545445      0.088545445       804.90076                 22.393917                        390.36513                          221.65017             158.44172                       12.049828
              4       404.16242       68.985957       3.1478875      0.97342636     0.022852932      0.11655971     0.049663143       1.0610797       1.0023576       2.3286819   2.3286819e-09       2.3644351      0.24608767      0.24742018       13.733086       2.1084986      0.70562763      0.29429644      0.14005751        147.4688       1.0141881      0.82793502      0.62043334      0.45697388      0.84236221       1.0410634       7.0539221       1.0610797       10.420893       639.31715     0.088545445      0.088545445       808.14774                 21.904502                        392.02339                          225.38925              158.4097                       10.420893
              3       403.75981       68.985957       3.1414698      0.97411976     0.022852932      0.11655971     0.049663143       1.0579942       1.0023079        2.313785    2.313785e-09       2.3644351      0.24608767      0.24742018       13.733086       2.0950102      0.70562763      0.29429644      0.14005751        147.4688       1.0112086      0.82550268      0.61861061      0.45563137      0.83988749       1.0410634       7.0539221       1.0579942       10.420893       638.64817     0.088545445      0.088545445       807.34252                 21.758073                        392.06038                          224.82972             158.27346                       10.420893
              9       401.37045       68.745311       3.1320762      0.97413472     0.022684414      0.11667805     0.052693029       1.0505234       1.0013666       2.2921519   2.2921519e-09       2.3934192      0.24601693      0.24734918       13.755695        2.062884      0.70366927      0.29625426      0.14000733        147.6247        1.009507      0.82759889      0.61751432      0.45557846      0.83701045       1.0409091       7.3990409       1.0505234        10.52956       633.58682     0.088545445      0.088545445       802.56381                 21.694944                        390.75834                          221.13354             158.44743                        10.52956
              4       402.68625       68.419501       3.1205038      0.97272456     0.022624532      0.11750186     0.052407255        1.044672      0.99853277       2.2657791   2.2657791e-09       2.4038478      0.24599144      0.24732359       13.763645       2.0403149      0.69920842      0.30071438      0.14077126         147.471       1.0095599      0.83685782      0.61838732      0.45793003      0.83506836       1.0409761       7.3954103        1.044672       12.219302        633.5208     0.088545445      0.088545445       805.19541                 21.814455                        390.76095                           220.9454             159.45531                       12.219302
              3        403.2961       68.501092       3.1218732      0.97306099     0.022649004      0.11749887     0.046929605       1.0509452      0.99947409        2.268884    2.268884e-09       2.3995779      0.24600187      0.24733407       13.755832       2.0656168      0.69987876      0.30004422      0.14079274       147.44455       1.0098352      0.83590485      0.61857954      0.45781695      0.83579397       1.0411525       6.8230833       1.0509452       11.716955       637.01581     0.088545445      0.088545445       806.41511                 21.671222                        393.65759                            221.687             157.68235                       11.716955
              5        401.4042       68.675861       3.1259315      0.97413926     0.022623453       0.1171499     0.051047111       1.0481889       1.0015835       2.2781106   2.2781106e-09       2.4040362      0.24599098      0.24732313       13.750598       2.0570074      0.70219842      0.29772496      0.14041822       147.56627       1.0098427      0.83115188      0.61817241      0.45662893      0.83686578       1.0413645       7.2520346       1.0481889        10.62285       634.77258     0.088545445      0.088545445       802.63131                 21.697949                        391.30095                          221.77369             157.23588                        10.62285
              2       403.91476       68.817054       3.1294781      0.97515775     0.022591162      0.11675004     0.053666905       1.0486145       1.0076429       2.2862044   2.2862044e-09       2.4096878      0.24597717      0.24730928       13.749937       2.0535278       0.7043317        0.295592      0.13998607        147.7095       1.0094659      0.82633081       0.6174657      0.45528779      0.83741295       1.0414378       7.5195931       1.0486145       10.324235       634.38139     0.088545445      0.088545445       807.65243                 21.508095                        390.54649                          222.32681              162.9468                       10.324235
              3       401.88188       68.875533       3.1314237       0.9756542     0.022581492      0.11648055     0.051838105       1.0512763       1.0014529       2.2906568   2.2906568e-09       2.4113839      0.24597303      0.24730512       13.752417       2.0650664      0.70542203      0.29450179      0.13970691       147.79272       1.0089609      0.82352508      0.61684891      0.45441304       0.8373496       1.0413465       7.3316295       1.0512763       10.393357       634.75507     0.088545445      0.088545445       803.58666                 21.446132                        391.12558                          222.18336             158.43823                       10.393357
              2       402.48359       68.947383       3.1340177      0.97605895     0.022586169      0.11624028      0.05157751       1.0541939       1.0008223       2.2966066   2.2966066e-09       2.4105634      0.24597504      0.24730713       13.752532       2.0715096      0.70653127      0.29339271      0.13947131       147.85216       1.0087334      0.82097617      0.61644967      0.45369078      0.83759735       1.0412887       7.3002761       1.0541939       10.582668       634.97072     0.088545445      0.088545445       804.79008                 21.284939                        391.28337                          222.40241             159.23669                       10.582668
              5       403.66336       69.180712       3.1464117      0.97577511     0.022739444      0.11586329     0.067752476       1.0429392         1.00103       2.3252478   2.3252478e-09       2.3838949      0.24604022      0.24737255       13.738092       2.0305804      0.70897496      0.29094953       0.1392476       147.78223       1.0104988       0.8176267      0.61728072      0.45335366      0.84048177       1.0411809       8.8334053       1.0429392       11.275672       637.44576     0.088545445      0.088545445       807.14963                  21.89066                        392.74638                          222.80872              158.4282                       11.275672
              1       401.06911       68.690703       3.1284893       0.9739129     0.022635623      0.11702048     0.061933238       1.0382871       1.0009479       2.2839449   2.2839449e-09       2.4019113      0.24599617      0.24732834        13.75249       2.0178603       0.7025756      0.29734781      0.14030097       147.58734       1.0101518      0.83054803      0.61823244      0.45652859      0.83721231       1.0412389       8.3288831       1.0382871       10.592203       634.03433     0.088545445      0.088545445       801.96112                 22.018146                        390.71827                          221.29791             157.33459                       10.592203
              3       401.25489       68.690703       3.1025538       0.9749517     0.022635623      0.11702048     0.061933238       1.0259235       1.0022884       2.2254713   2.2254713e-09       2.4019113      0.24599617      0.24732834        13.75249        1.966199       0.7025756      0.29734781      0.14030097       147.58734      0.99753445      0.82017405       0.6105104      0.45082631       0.8267551       1.0412389       8.3288831       1.0259235       10.592203       634.27366     0.088545445      0.088545445       802.33268                  21.72852                        390.77447                          221.77067             157.46682                       10.592203
              8       401.57815       68.892699       3.1092131      0.97547698     0.022726967      0.11677168     0.055093828          1.0353       1.0025302       2.2403409   2.2403409e-09       2.3860493      0.24603496      0.24736727       13.738957       2.0065973       0.7046489      0.29527495      0.14014351       147.55216      0.99812392      0.81670626      0.61069971       0.4501781      0.82845908       1.0413375       7.6336465          1.0353       10.359104       635.03501     0.088545445      0.088545445       802.97921                 21.645847                        390.25373                          223.13543              157.5851                       10.359104
              2       402.04558       68.892699       3.1068652      0.97500093     0.022726967      0.11677168     0.055093828       1.0340273       1.0044174       2.2350868   2.2350868e-09       2.3860493      0.24603496      0.24736727       13.738957       2.0018913       0.7046489      0.29527495      0.14014351       147.55216      0.99677027      0.81559865      0.60987149      0.44956758      0.82733553       1.0413375       7.6336465       1.0340273       10.359104       635.22146     0.088545445      0.088545445       803.91407                 21.727124                        390.23496                          223.25938             158.33351                       10.359104
             12       402.25995       68.927173       3.1100732      0.97468917     0.022787173      0.11669302     0.056952299       1.0337438       1.0015092       2.2422685   2.2422685e-09       2.3756806      0.24606028      0.24739269       13.736421       2.0008728      0.70498311      0.29494082      0.14012506        147.5062      0.99718393      0.81531001       0.6101045      0.44961206      0.82788594       1.0412008       7.8032008       1.0337438       10.387454       635.87609     0.088545445      0.088545445       804.34282                   21.8431                          390.121                          223.91199             158.07927                       10.387454
              3       401.68362       68.578049       3.0970226      0.97338858     0.022695639      0.11753962     0.057233422       1.0266593       1.0028874       2.2131956   2.2131956e-09       2.3914719       0.2460217      0.24735396       13.746643       1.9738197      0.70036615      0.29955701      0.14088013       147.38178      0.99702024      0.82455369      0.61082444      0.45189369      0.82565105       1.0413047       7.8653949       1.0266593       11.429186       634.65756     0.088545445      0.088545445       803.19015                 21.953341                         390.0602                          222.64401             157.10341                       11.429186
              2       401.89857       68.553358       3.0961848      0.97321974     0.022697029      0.11763224      0.05745786       1.0258456       1.0028718       2.2113423   2.2113423e-09       2.3912309      0.24602229      0.24735455       13.746265       1.9712818      0.69995025      0.29997285      0.14097413       147.35555      0.99713546      0.82553057      0.61099692      0.45217808       0.8255978       1.0413263       7.8888273       1.0258456       11.626486       634.89237     0.088545445      0.088545445       803.62005                 21.995694                        390.08646                          222.81022              157.1012                       11.626486
              1       402.31143       68.516722       3.0937952       0.9733582     0.022657321      0.11769511     0.056032905       1.0257292        1.004751       2.2060643   2.2060643e-09       2.3981293      0.24600541      0.24733762       13.748873       1.9721893      0.69957994      0.30034308       0.1409973       147.38294      0.99681101       0.8259578       0.6108232      0.45218894       0.8251086       1.0413864       7.7574699       1.0257292       11.707025       634.52425     0.088545445      0.088545445       804.44578                 21.960275                        390.09185                          222.47212              158.2145                       11.707025
              4       402.29788       68.590993       3.0960191      0.97364916     0.022672884      0.11757739     0.055717295       1.0271623       1.0005309       2.2109758   2.2109758e-09        2.395422      0.24601204      0.24734426        13.74509       1.9778282      0.70044732      0.29947587      0.14089514       147.39702      0.99695974      0.82438046      0.61080365      0.45184771      0.82567886       1.0414417       7.7207776       1.0271623       11.259052       634.92048     0.088545445      0.088545445       804.41867                 21.928119                        390.10165                          222.89071             158.23914                       11.259052
             18       402.13266       68.701171       3.0991319      0.97428118     0.022677507      0.11731266     0.054103043       1.0308146       1.0037236       2.2178689   2.2178689e-09       2.3946188        0.246014      0.24734624       13.742446       1.9904101      0.70195845      0.29796499      0.14063503       147.46254      0.99681384      0.82117498      0.61043221      0.45100229      0.82622081       1.0414748       7.5538847       1.0308146       10.692347        635.1831     0.088545445      0.088545445       804.08823                 21.775123                        390.42437                          222.98361             158.21278                       10.692347
              1       403.00625       68.701171       3.0966477      0.97399897     0.022677507      0.11731266     0.054103043       1.0307299       1.0029779       2.2123662   2.2123662e-09       2.3946188        0.246014      0.24734624       13.742446       1.9854717      0.70195845      0.29796499      0.14063503       147.46254      0.99546862      0.82006679      0.60960841      0.45039365      0.82510581       1.0414748       7.5538847       1.0307299       10.692347       636.15032     0.088545445      0.088545445        805.8354                 21.690103                        390.41586                          224.04436             158.99273                       10.692347
             15        402.4277       68.699851       3.0962401       0.9740301     0.022669516      0.11734131      0.05471749       1.0285833       1.0034693       2.2114646   2.2114646e-09       2.3960075       0.2460106      0.24734283       13.741999       1.9822251      0.70190321      0.29802022       0.1406557       147.46378      0.99550478      0.82022552      0.60965295      0.45044743      0.82512785       1.0415218       7.6178895       1.0285833       10.678961       635.31248     0.088545445      0.088545445        804.6783                 21.840248                        390.26369                          223.20854             158.68687                       10.678961
              4       403.18452       68.699851       3.1561378      0.97990529     0.022669516      0.11734131      0.05471749       1.0604139       1.0000611       2.3479737   2.3479737e-09       2.3960075       0.2460106      0.24734283       13.741999       2.1045838      0.70190321      0.29802022       0.1406557       147.46378       1.0280901      0.84707355      0.62960841       0.4651917      0.85213634       1.0415218       7.6178895       1.0604139       10.678961       636.14686     0.088545445      0.088545445       806.19196                 20.953775                        390.49046                          224.70262             159.36614                       10.678961
              1       403.21527       68.699851       3.1516686      0.98025383     0.022669516      0.11734131      0.05471749        1.058119       1.0002178       2.3375036   2.3375036e-09       2.3960075       0.2460106      0.24734283       13.741999        2.095199      0.70190321      0.29802022       0.1406557       147.46378       1.0259331      0.84529627      0.62828741      0.46421566      0.85034844       1.0415218       7.6178895        1.058119       10.678961       636.44286     0.088545445      0.088545445       806.25345                 20.906371                        390.48328                          225.05321             159.13164                       10.678961
              1       409.92265       68.763375        3.147989      0.98199773     0.022482982      0.11710676     0.058581839       1.0542766      0.99920895       2.3289184   2.3289184e-09        2.428763       0.2459308      0.24726273       13.747881       2.0714322      0.70334426      0.29657931      0.14023461       147.73481       1.0246868      0.84098331      0.62705402      0.46274333      0.84970806        1.041938       8.0407957       1.0542766       10.287791       644.25436     0.088545445      0.088545445        819.6682                 20.612223                        390.32591                          233.31623             165.12605                       10.287791
              3       409.00727       68.624903       3.1445022      0.98160822     0.022433938      0.11715597     0.061832917       1.0461584       1.0003547       2.3208119   2.3208119e-09       2.4374847      0.24590978      0.24724164       13.760121       2.0508437      0.70214552      0.29777774      0.14023478       147.77652       1.0240012      0.84262672      0.62663464       0.4629003      0.84828413       1.0417052       8.3706238       1.0461584       10.388561       641.16184     0.088545445      0.088545445       817.83745                 20.907829                        390.76601                            229.488             166.28705                       10.388561
              3       408.62271       68.701186       3.1501643      0.98108813     0.022557782      0.11706774     0.060403137       1.0494987       1.0075142         2.33399     2.33399e-09       2.4155502      0.24596288      0.24729493       13.752399        2.068395      0.70273115      0.29719229      0.14027039       147.66167       1.0248523      0.84230246       0.6271953      0.46308657      0.84946094       1.0415201       8.2003498       1.0494987       10.413868       640.92559     0.088545445      0.088545445       817.06833                 21.064949                        390.45567                          229.40498             165.72887                       10.413868
              5        409.9496       68.691845        3.147617      0.98167918     0.022478785      0.11701617     0.060027654       1.0488353       1.0014053       2.3280521   2.3280521e-09       2.4295075        0.245929      0.24726093       13.756796       2.0646828      0.70292701       0.2969964      0.14013982        147.7638       1.0241826      0.84119547      0.62663952      0.46259995      0.84884811       1.0416394       8.1815623       1.0488353       10.329743       642.60684     0.088545445      0.088545445       819.72211                 20.954479                        390.39955                          231.25281             166.78553                       10.329743
              6       404.37466       68.666656        3.147007      0.98161953     0.022466983      0.11701582      0.06124105       1.0498988       1.0035138       2.3266324   2.3266324e-09        2.431603      0.24592394      0.24725585       13.759358       2.0584222      0.70273479      0.29718857      0.14012767        147.7773       1.0240454      0.84141824        0.626542      0.46260275      0.84857877       1.0415944       8.3025442       1.0498988       10.351106       638.62132     0.088545445      0.088545445       808.57224                 20.766057                        390.67005                          227.18521             159.59981                       10.351106
              4       404.39309       68.280422       3.1353401      0.97935255     0.022478698       0.1180672     0.057877614       1.0460021       1.0030712       2.2996455   2.2996455e-09       2.4295228      0.24592896      0.24726089       13.764528       2.0482786      0.69708202      0.30284046      0.14119076       147.48273       1.0246072      0.85386436      0.62807134      0.46592118       0.8466531        1.041538       7.9875648       1.0460021       12.799719       637.51913     0.088545445      0.088545445       808.60909                 20.987224                        390.20171                           226.3302             158.29025                       12.799719
              5       405.26044       68.286674       3.1362358       0.9792143     0.022497263      0.11805938     0.059103031       1.0437836        1.005139       2.3017064   2.3017064e-09        2.426232      0.24593693      0.24726888        13.76368       2.0450959      0.69711445      0.30280805      0.14120151       147.46411       1.0247876      0.85397153      0.62819388      0.46599961      0.84684094       1.0415006       8.1041967       1.0437836       12.857935       637.15384     0.088545445      0.088545445       810.34378                 21.154798                        390.32839                          225.67066               160.332                       12.857935
              1       404.02531       68.299201         3.13664      0.97931327      0.02249426      0.11800758     0.059255529       1.0452147       1.0041611       2.3026368   2.3026368e-09       2.4267639      0.24593564      0.24726759       13.764064       2.0452987      0.69734304      0.30257949       0.1411467       147.48127       1.0247164      0.85341035      0.62808926      0.46583406      0.84685976       1.0414906       8.1190028       1.0452147        12.69431       637.03589     0.088545445      0.088545445       807.87352                 21.026705                         390.3541                          225.65509             158.14332                        12.69431
              2       405.12855       68.663882       3.1577773      0.97900011     0.022822753      0.11711138     0.053629361       1.0625943       1.0025853       2.3518264   2.3518264e-09       2.3695858      0.24607513      0.24740759       13.747267       2.1126298       0.7017535      0.29816985        0.140579       147.35483       1.0261395      0.84562697      0.62832817      0.46430404      0.85029691       1.0407767       7.4707164       1.0625943       11.371565       637.26904     0.088545445      0.088545445       810.08001                 21.053687                        390.68762                          225.52774              161.4394                       11.371565
              2       405.56373       68.663882        3.156756      0.97884902     0.022822753      0.11711138     0.053629361       1.0617964       1.0041061       2.3494258   2.3494258e-09       2.3695858      0.24607513      0.24740759       13.747267       2.1104733       0.7017535      0.29816985        0.140579       147.35483       1.0255561      0.84514617      0.62797092      0.46404005      0.84981345       1.0407767       7.4707164       1.0617964       11.371565       637.16244     0.088545445      0.088545445       810.95038                 21.094598                        390.68108                          225.38677             162.41637                       11.371565
              1       406.19874       68.770832       3.1596615      0.97995422     0.022782018      0.11658993     0.049880958       1.0681179       1.0011331        2.356262    2.356262e-09       2.3765658      0.24605812      0.24739052       13.753179       2.1325417       0.7038691      0.29605448      0.14001682       147.53956       1.0243975      0.83945225      0.62663343      0.46222823      0.84951421       1.0406402       7.0900825       1.0681179       10.679199       637.69919     0.088545445      0.088545445       812.22038                 20.870297                        392.32178                          224.50711             163.84199                       10.679199
              4       405.48447       68.770832       3.1629456      0.97903177     0.022782018      0.11658993     0.049880958        1.070202       1.0007028       2.3640129   2.3640129e-09       2.3765658      0.24605812      0.24739052       13.753179       2.1395567       0.7038691      0.29605448      0.14001682       147.53956        1.025717      0.84053352      0.62744057      0.46282361      0.85060844       1.0406402       7.0900825        1.070202       10.679199       637.11993     0.088545445      0.088545445       810.79186                 20.951275                        392.23415                          223.93451             162.99272                       10.679199
              2       404.06778       69.172956       3.1753253      0.98011502     0.022884017      0.11619116      0.06000408       1.0661569       1.0007004       2.3934605   2.3934605e-09       2.3591475      0.24610054      0.24743309       13.725845       2.1227917      0.70792233      0.29200214      0.13972004       147.53306       1.0276678      0.83417891      0.62830051       0.4618638      0.85471417       1.0411412       8.0706069       1.0661569       10.758307       636.19865     0.088545445      0.088545445       807.95847                 21.060564                        390.28533                          224.85275             161.00152                       10.758307
              2       402.83467       68.869977       3.1647625      0.97921818     0.022766725      0.11669848     0.066338126       1.0537257        1.003623       2.3683119   2.3683119e-09       2.3791945       0.2460517      0.24738408       13.741874       2.0740458      0.70452449      0.29539932      0.14011008        147.5275       1.0270477      0.84055281      0.62835918      0.46324457      0.85232572         1.04109       8.7100556       1.0537257       10.421521       636.54101     0.088545445      0.088545445       805.49225                 21.253778                         392.1277                          223.15953             158.52973                       10.421521
              3       404.98577       68.869977       3.1518209      0.98258137     0.022766725      0.11669848     0.066338126       1.0474501      0.99928734       2.3378597   2.3378597e-09       2.3791945       0.2460517      0.24738408       13.741874       2.0473773      0.70452449      0.29539932      0.14011008        147.5275       1.0217476      0.83621511      0.62511651      0.46085398      0.84792726         1.04109       8.7100556       1.0474501       10.421521       639.16331     0.088545445      0.088545445       809.79446                 20.780311                        392.04332                          226.33968             160.20962                       10.421521
              2       401.99915       68.869977       3.1448263      0.97729011     0.022766725      0.11669848     0.066338126       1.0432642       1.0026535       2.3215642   2.3215642e-09       2.3791945       0.2460517      0.24738408       13.741874       2.0331065      0.70452449      0.29539932      0.14011008        147.5275       1.0161062      0.83159805      0.62166501      0.45830943      0.84324553         1.04109       8.7100556       1.0432642       10.421521       636.34959     0.088545445      0.088545445       803.82122                 21.537698                        392.14357                          222.66832             157.05011                       10.421521
              4       406.81101       68.787882       3.1416087      0.97692192     0.022743109      0.11695254     0.068986332       1.0401516      0.99619181       2.3141065   2.3141065e-09       2.3832626      0.24604177       0.2473741       13.742825       2.0158702       0.7033318      0.29659183      0.14034051       147.48579       1.0162982      0.83427887      0.62203798      0.45904652      0.84290204       1.0411789       8.9693132       1.0401516       10.543939       641.74546     0.088545445      0.088545445       813.44493                 21.498093                        393.42703                          226.82034             161.15553                       10.543939
              9       406.68119       68.852782       3.1445406       0.9768939     0.022795273      0.11688318      0.06752454       1.0430277      0.99609471        2.320901    2.320901e-09       2.3742909      0.24606367      0.24739609       13.737569       2.0277086      0.70392707       0.2959967      0.14032332       147.44633       1.0166891      0.83348536      0.62225822      0.45897852        0.843624       1.0411632       8.8176575       1.0430277       10.486659       641.18312     0.088545445      0.088545445       813.18529                 21.500475                        392.65987                          227.02277             161.51551                       10.486659
              2       404.50763       68.852782       3.1469693      0.97750622     0.022795273      0.11688318      0.06752454       1.0411757       1.0046032       2.3265447   2.3265447e-09       2.3742909      0.24606367      0.24739609       13.737569       2.0326394      0.70392707       0.2959967      0.14032332       147.44633       1.0181645      0.83469484      0.62316119      0.45964455      0.84484819       1.0411632       8.8176575       1.0411757       10.486659       638.91486     0.088545445      0.088545445       808.83817                 21.733689                        392.68764                          224.49353             159.43665                       10.486659
              4       405.18607       68.891531       3.1475296      0.97759365     0.022823122      0.11693352     0.061830864       1.0468656       1.0053507       2.3278486   2.3278486e-09       2.3695228      0.24607529      0.24740775       13.732021       2.0570703      0.70409529      0.29582857      0.14040151       147.40192       1.0183858      0.83468423      0.62338345      0.45974318      0.84526958       1.0412604       8.2734852       1.0468656       10.454184       638.56449     0.088545445      0.088545445       810.19505                 21.627815                        390.68574                          226.25093             161.17638                       10.454184
             12       409.85194       68.869238       3.1469771      0.97752641     0.022818547      0.11694265       0.0614167       1.0458686       1.0074717       2.3265629   2.3265629e-09       2.3703051      0.24607338      0.24740584       13.733862       2.0576378      0.70389409      0.29602971      0.14040606       147.40456       1.0182599      0.83495663      0.62331145       0.4597682      0.84502834       1.0412158       8.2348451       1.0458686       10.491467       643.15694     0.088545445      0.088545445       819.52679                 21.744381                        390.56282                          230.84973             165.87838                       10.491467
              2       404.10974       68.864483       3.1469297      0.97746885     0.022821211      0.11696021     0.061748963       1.0487816       0.9968901       2.3264526   2.3264526e-09       2.3698494      0.24607449      0.24740695       13.733729       2.0561734      0.70381055      0.29611324      0.14042629       147.39691       1.0183102      0.83518114      0.62336471      0.45983992      0.84504095       1.0412137       8.2664481       1.0487816       10.506992       636.48173     0.088545445      0.088545445       808.04239                 21.420542                        390.62016                          224.44103             161.05367                       10.506992
              3       402.29159       68.864483       3.1611093      0.97641951     0.022821211      0.11696021     0.061748963       1.0560684       1.0027733       2.3596757   2.3596757e-09       2.3698494      0.24607449      0.24740695       13.733729       2.0855368      0.70381055      0.29611324      0.14042629       147.39691       1.0251412      0.84078368      0.62754636      0.46292461      0.85070964       1.0412137       8.2664481       1.0560684       10.506992        636.1137     0.088545445      0.088545445       804.40609                 21.597062                        390.62778                          223.88886              157.7854                       10.506992
              4       401.85605       68.702592       3.1549618      0.97587501      0.02277513      0.11733156     0.060874041        1.053371       1.0027991       2.3452142   2.3452142e-09       2.3777492      0.24605523      0.24738762       13.739146       2.0763856      0.70172391      0.29819952      0.14075155       147.34895       1.0249458      0.84495694      0.62778971      0.46391769      0.84954709       1.0412484         8.19944        1.053371       11.000891        635.6301     0.088545445      0.088545445       803.53501                 21.645903                        390.50695                          223.47725             156.90402                       11.000891
              1       402.50884       68.702592       3.1359388      0.97876855      0.02277513      0.11733156     0.060874041       1.0434436       1.0032792       2.3010227   2.3010227e-09       2.3777492      0.24605523      0.24738762       13.739146       2.0372597      0.70172391      0.29819952      0.14075155       147.34895       1.0163736      0.83789009      0.62253915      0.46003768      0.84244185       1.0412484         8.19944       1.0434436       11.000891       636.57688     0.088545445      0.088545445       804.84059                 21.216616                        390.51841                          224.84186             157.26281                       11.000891
              3       403.57166        68.61507       3.1333161      0.97839809     0.022774335      0.11735029     0.057585189       1.0467031       1.0025691       2.2949959   2.2949959e-09       2.3778858       0.2460549      0.24738728       13.746386       2.0453331      0.70092439      0.29899885      0.14076949       147.34485       1.0153697      0.83854695      0.62194407      0.45990561       0.8410735       1.0410109       7.8787963       1.0467031       11.507655       638.54284     0.088545445      0.088545445       806.96623                 21.078756                        390.22201                          227.24208             156.91574                       11.507655
              2       405.09696        68.61507       3.0639634      0.97488642     0.022774335      0.11735029     0.057585189       1.0095011       1.0051126       2.1412255   2.1412255e-09       2.3778858       0.2460549      0.24738728       13.746386       1.9082907      0.70092439      0.29899885      0.14076949       147.34485       0.9794423      0.80887618      0.59993748      0.44363252      0.81131333       1.0410109       7.8787963       1.0095011       11.507655       635.99405     0.088545445      0.088545445       810.01682                 21.738767                        390.11721                          224.13807             162.51512                       11.507655
              2       404.63513        68.61507       3.1001382      0.97004847     0.022774335      0.11735029     0.057585189        1.028049       1.0043414       2.2201018   2.2201018e-09       2.3778858       0.2460549      0.24738728       13.746386       1.9785865      0.70092439      0.29899885      0.14076949       147.34485      0.99547229       0.8221146      0.60975632       0.4508932      0.82459164       1.0410109       7.8787963        1.028049       11.507655       636.98381     0.088545445      0.088545445       809.09317                 22.578307                        390.01846                          224.38704             160.60171                       11.507655
              2       403.97968       68.614891       3.1001396      0.97003344     0.022775802       0.1173551     0.057591984       1.0280308       1.0017172       2.2201051   2.2201051e-09       2.3776337      0.24605551       0.2473879       13.746231       1.9785625       0.7009095      0.29901374      0.14077576       147.34194       0.9954827      0.82215897      0.60976949      0.45090855      0.82459919       1.0410117       7.8792187       1.0280308       11.516934       637.03383     0.088545445      0.088545445       807.78228                 22.582615                        390.01562                          224.43559             159.23152                       11.516934
              3       402.27825       68.614891       3.1314447      0.97171448     0.022775802       0.1173551     0.057591984       1.0439673       1.0019096        2.290705    2.290705e-09       2.3776337      0.24605551       0.2473879       13.746231       2.0414812       0.7009095      0.29901374      0.14077576       147.34194        1.011838      0.83566664       0.6197877      0.45831676      0.83814695       1.0410117       7.8792187       1.0439673       11.516934       635.69496     0.088545445      0.088545445       804.37942                 22.302264                        390.06205                          223.33065             157.16752                       11.516934
              4       402.54681       68.251008       3.1162554      0.97195964     0.022529355      0.11780987     0.049525779       1.0445429       1.0022345       2.2561737   2.2561737e-09       2.4205591      0.24595069       0.2472827       13.772778       2.0434075      0.69726455      0.30265787      0.14098409       147.49486       1.0102974        0.841301      0.61907285       0.4591766      0.83464879       1.0410471       7.1232819       1.0445429       13.317357       633.43003     0.088545445      0.088545445       804.91652                 21.916549                        391.85098                           219.6625             158.16913                       13.317357
              2       405.14175       68.104415        3.112283      0.96952685     0.022692983      0.11870362      0.05006605       1.0399063       1.0017381       2.2472289   2.2472289e-09       2.3919324      0.24602057      0.24735283       13.756998       2.0331082      0.69368018      0.30624191      0.14204147       147.07544       1.0115412      0.85039413      0.62099397      0.46195911      0.83477844       1.0411365       7.1590681       1.0399063       17.336103       637.38752     0.088545445      0.088545445        810.1064                 22.530504                        391.42316                          223.43386             155.38278                       17.336103
              2       407.76481       68.012621       3.1116649      0.96906356     0.022688895      0.11859539     0.053751142       1.0361004       1.0063805       2.2458405   2.2458405e-09       2.3926416      0.24601884      0.24735109       13.768195        2.016932      0.69309557       0.3068263      0.14192915       147.10863       1.0108607      0.85070755      0.62045349      0.46177709      0.83365447       1.0407598       7.5345352       1.0361004       18.745584       635.72497     0.088545445      0.088545445       815.35253                 22.674184                        390.24183                          222.80895             160.88197                       18.745584
              1       406.79745       68.012621       3.1126348      0.97292996     0.022688895      0.11859539     0.053751142       1.0379897      0.99817215       2.2480197   2.2480197e-09       2.3926416      0.24601884      0.24735109       13.768195       2.0188891      0.69309557       0.3068263      0.14192915       147.10863       1.0128407      0.85237385      0.62166879      0.46268158      0.83528738       1.0407598       7.5345352       1.0379897       18.745584       637.06265     0.088545445      0.088545445       813.41782                 21.816819                        390.43067                          224.81516             157.60958                       18.745584
              2       404.83194       68.029919       3.1144261      0.97303129     0.022669343      0.11858307     0.061172494       1.0306436       1.0027668       2.2520502   2.2520502e-09       2.3960376      0.24601053      0.24734275       13.767525        1.992711      0.69332049      0.30660143      0.14189728       147.13357       1.0138027      0.85272906      0.62222432      0.46301016      0.83618705       1.0408486       8.2740428       1.0306436       18.203205        635.7249     0.088545445      0.088545445       809.48679                 22.066901                        390.67991                          222.97809             155.55869                       18.203205
              3       404.61731       68.020668       3.1135785      0.97359184     0.022604547      0.11844702     0.060390605       1.0314176      0.99858288       2.2501423   2.2501423e-09       2.4073428       0.2459829      0.24731502       13.773812       1.9941387      0.69367117      0.30625072      0.14169643       147.24156       1.0134076      0.85146124      0.62176158      0.46253347       0.8358043        1.040844       8.2107747       1.0314176        17.50771       634.03397     0.088545445      0.088545445       809.05753                 21.902913                        390.53442                          221.59663             157.51586                        17.50771
              3       404.39923       69.022798       3.1417668       0.9778533     0.022792726       0.1167533     0.050000568       1.0575081      0.99954842       2.3144723   2.3144723e-09       2.3747278       0.2460626      0.24739502       13.726204       2.0942187      0.70566181      0.29426234      0.14019089       147.48391       1.0142554      0.82812464      0.62062218      0.45709973      0.84264301       1.0415343       7.1044541       1.0575081        10.40265       637.88351     0.088545445      0.088545445       808.62138                 21.234917                        392.09557                          224.55302             160.33522                        10.40265
              3       405.79869       69.022798       3.1616651      0.97970608     0.022792726       0.1167533     0.050000568       1.0700198      0.99772627       2.3609877   2.3609877e-09       2.3747278       0.2460626      0.24739502       13.726204       2.1363076      0.70566181      0.29426234      0.14019089       147.48391       1.0251298      0.83700343      0.62727622      0.46200055      0.85167747       1.0415343       7.1044541       1.0700198        10.40265       639.84262     0.088545445      0.088545445       811.42029                 20.845742                        392.23088                          226.76599             161.17502                        10.40265
              2       406.30914       68.396523       3.1420198       0.9776617     0.022600696      0.11791653     0.054896698       1.0546991       1.0025131       2.3150579   2.3150579e-09       2.4080172      0.24598125      0.24731337        13.75502       2.0743365      0.69817085       0.3017519      0.14116209       147.38693       1.0250355      0.85218094      0.62830199      0.46567287      0.84772683         1.04141         7.65981       1.0546991       12.435667       642.77876     0.088545445      0.088545445       812.44118                   21.0005                        390.38681                          231.39145             157.22675                       12.435667
             11       402.82526       68.667008       3.1500959      0.97903123     0.022626685      0.11733715     0.053627302        1.059067      0.99977739       2.3338302   2.3338302e-09       2.4034717      0.24599235      0.24732451       13.746181       2.0964725      0.70171766       0.2982057       0.1406087       147.51259       1.0251121      0.84489089      0.62773219      0.46387758      0.84946485       1.0415299       7.5173262        1.059067       10.685062        636.4023     0.088545445      0.088545445       805.47343                 20.976004                         390.6772                          224.74909             158.38607                       10.685062
              2        402.2661       68.804353       3.1545825      0.98015515     0.022602044      0.11676903     0.052284192       1.0633228       1.0001219       2.3443249   2.3443249e-09       2.4077811      0.24598183      0.24731395       13.750241       2.1115643      0.70415943      0.29576424      0.14001594       147.69225        1.024256      0.83880006      0.62654592      0.46205037      0.84960389       1.0413927       7.3772731       1.0633228        10.33139       635.72149     0.088545445      0.088545445       804.35512                 20.827304                        391.21678                           223.6774             158.30224                        10.33139
              4       404.67414        68.77802       3.1540643      0.97984451     0.022621364       0.1168287     0.052081113       1.0620727       0.9976805       2.3431102   2.3431102e-09       2.4044013      0.24599008      0.24732223       13.750407       2.1113277      0.70376587      0.29615774      0.14009493        147.6547       1.0241575      0.83956288      0.62657398      0.46222467      0.84935957       1.0413291       7.3532999       1.0620727       10.367853       635.62939     0.088545445      0.088545445       809.17119                 20.949992                        391.19191                          223.48749             163.17394                       10.367853
              2       402.83203       68.791155       3.1544751      0.97988744     0.022625232      0.11680588     0.052013809        1.064137      0.99865572       2.3440731   2.3440731e-09       2.4037255      0.24599173      0.24732389       13.749765       2.1124796      0.70391903       0.2960046      0.14007598       147.65645       1.0241681      0.83926095      0.62655925      0.46215405      0.84944943       1.0413336       7.3452906        1.064137       10.357242       636.38244     0.088545445      0.088545445       805.48696                 20.807309                        391.28792                          224.28721             158.74728                       10.357242
              1       403.06499        68.74133       3.1544918      0.97905243      0.02268082      0.11695447      0.05527071       1.0610871      0.99812519        2.344112    2.344112e-09       2.3940433      0.24601541      0.24734765       13.748584       2.0987989      0.70305757      0.29686596      0.14028016       147.55464       1.0244374        0.841375      0.62695226      0.46277999      0.84936503       1.0412027       7.6639817       1.0610871       10.539349       637.00196     0.088545445      0.088545445       805.95288                 20.915946                        390.37361                          225.71241             158.41158                       10.539349
             10       401.53209        68.74133        3.164182      0.97372696      0.02268082      0.11695447      0.05527071       1.0634839       1.0030714       2.3669374   2.3669374e-09       2.3940433      0.24601541      0.24734765       13.748584       2.1192356      0.70305757      0.29686596      0.14028016       147.55464       1.0273085      0.84373307      0.62870938        0.464077      0.85174549       1.0412027       7.6639817       1.0634839       10.539349       634.32602     0.088545445      0.088545445       802.88709                 21.945626                        390.20413                          222.17626             158.02172                       10.539349
              2       403.36208        68.47069       3.1551776      0.97219371     0.022648576      0.11792609      0.06021231       1.0525066       1.0016654       2.3457203   2.3457203e-09       2.3996524      0.24600169      0.24733388       13.746894       2.0795841      0.69870183      0.30122108      0.14121953       147.33112       1.0289858      0.85457353       0.6307875      0.46730929      0.85145507       1.0415176       8.1754239       1.0525066       12.092422       635.47132     0.088545445      0.088545445       806.54706                 22.353928                        390.43788                          222.67951             158.98332                       12.092422
              1        403.7871        68.47069       3.1367651        0.978436     0.022648576      0.11792609      0.06021231        1.042909       1.0021708       2.3029249   2.3029249e-09       2.3996524      0.24600169      0.24733388       13.746894        2.041644      0.69870183      0.30122108      0.14121953       147.33112           1.022      0.84877179      0.62650506      0.46413671      0.84567451       1.0415176       8.1754239        1.042909       12.092422       636.60885     0.088545445      0.088545445       807.39712                 21.329682                        390.46283                          224.81633             158.69585                       12.092422
              3       404.44709        68.24176       3.1311486      0.97723375     0.022632001      0.11827573     0.063597544        1.036138       1.0004669       2.2900268   2.2900268e-09       2.4025435      0.24599462      0.24732679       13.758102       2.0165103      0.69596171      0.30396069       0.1415526       147.25658       1.0216852      0.85402143      0.62668107      0.46531915      0.84399956       1.0412505       8.5122445        1.036138       14.490918       636.71701     0.088545445      0.088545445        808.7171                 21.566092                        391.33287                          223.81805             157.50916                       14.490918
              1       407.68956        68.24176       3.1310633       0.9764377     0.022632001      0.11827573     0.063597544       1.0394638         1.00251       2.2898314   2.2898314e-09       2.4025435      0.24599462      0.24732679       13.758102       2.0163383      0.69596171      0.30396069       0.1415526       147.25658       1.0213303      0.85372473      0.62646335       0.4651575      0.84370635       1.0412505       8.5122445       1.0394638       14.490918       644.45905     0.088545445      0.088545445       815.20203                 21.343674                        391.35135                          231.76403             156.25207                       14.490918
              2       404.26564        68.24176       3.1534599      0.97645168     0.022632001      0.11827573     0.063597544        1.049569        1.002497       2.3416945   2.3416945e-09       2.4025435      0.24599462      0.24732679       13.758102       2.0620069      0.69596171      0.30396069       0.1415526       147.25658       1.0328372      0.86334335      0.63352149      0.47039826      0.85321209       1.0412505       8.5122445        1.049569       14.490918       637.64867     0.088545445      0.088545445       808.35419                 21.500673                         391.3358                           224.8122              156.2146                       14.490918
              1       404.25355       68.232237       3.1531189      0.97633587     0.022637403      0.11833556     0.063676179       1.0475109       1.0032619       2.3408962   2.3408962e-09       2.4016007      0.24599693       0.2473291       13.757172       2.0609798      0.69573673      0.30418565      0.14161783        147.2347       1.0329468      0.86394973      0.63366167      0.47058937      0.85324305       1.0412713       8.5195967       1.0475109       14.693275       636.26052     0.088545445      0.088545445          808.33                 21.703497                        391.36985                          223.18717             157.37621                       14.693275
              2       403.97467       68.331864       3.1562309      0.97655438     0.022682124      0.11816414     0.062085531       1.0509032       1.0038927       2.3481924   2.3481924e-09       2.3938168      0.24601596      0.24734821       13.751792        2.073991      0.69689465      0.30302795      0.14149113       147.23055       1.0328903      0.86157113      0.63348526       0.4700101      0.85381906       1.0412711       8.3528486       1.0509032       13.770648       636.05775     0.088545445      0.088545445       807.77225                 21.647895                        390.86058                          223.54928             157.94385                       13.770648
              4        402.5409       68.532004       3.1625748      0.97916333      0.02252485      0.11717907     0.064997156       1.0536069       1.0043123       2.3631363   2.3631363e-09       2.4213543      0.24594876      0.24728076       13.765227        2.075071       0.7010947      0.29882835      0.14034879       147.66856       1.0320789      0.85139305      0.63170608      0.46705767      0.85439679       1.0412212       8.6520657       1.0536069       10.924628       635.37954     0.088545445      0.088545445       804.90471                 21.170292                        391.76118                          222.44807             158.60053                       10.924628
              1       403.58928       68.793693       3.1668597      0.98053424       0.0225615      0.11687827     0.052420034       1.0697792        1.003848        2.373284    2.373284e-09       2.4148962      0.24596447      0.24729653       13.749304       2.1370675      0.70392258      0.29600105      0.14008464       147.70829       1.0317252      0.84546017      0.63119226      0.46556999      0.85573314        1.041582       7.4017456       1.0697792       10.310659       637.21693     0.088545445      0.088545445       807.00148                 20.773644                        391.17711                          225.26617             159.47389                       10.310659
              2       404.48865       68.785279        3.166489      0.98048359     0.022558131      0.11694574     0.053035777       1.0690703       1.0051916       2.3724043   2.3724043e-09       2.4154888      0.24596303      0.24729508       13.748294       2.1336462      0.70371467      0.29620896      0.14014874       147.69391       1.0319643      0.84613887      0.63141072      0.46581289      0.85587907        1.041638       7.4662338       1.0690703        10.30906       637.72053     0.088545445      0.088545445       808.80022                  20.77308                        390.96208                          225.98537             160.77063                        10.30906
              4       407.64419       68.785279       3.1894327      0.97695849     0.022558131      0.11694574     0.053035777        1.082736        1.002079       2.4274652   2.4274652e-09       2.4154888      0.24596303      0.24729508       13.748294       2.1831658      0.70371467      0.29620896      0.14014874       147.69391        1.042455      0.85474058      0.63782954      0.47054827       0.8645798        1.041638       7.4662338        1.082736        10.30906       639.89847     0.088545445      0.088545445       815.11129                 21.087698                        390.78622                          228.02456             164.90375                        10.30906
              1       405.22837       69.198182       3.2039496       0.9780704     0.022698743      0.11617715     0.055581128       1.0858081       1.0032421       2.4629615   2.4629615e-09       2.3909337      0.24602301      0.24735528       13.729074        2.203842      0.70855142      0.29137311      0.13952076       147.74322       1.0430414      0.84517039      0.63747219      0.46835333       0.8676586       1.0416752        7.679476       1.0858081       11.375036       635.68202     0.088545445      0.088545445       810.27965                 21.275139                        390.25712                          224.14976              163.2226                       11.375036
              1       409.00886       69.370616        3.208123      0.97858897     0.022784107      0.11576323     0.044827023       1.0995574       1.0030114        2.473262    2.473262e-09        2.376207        0.246059       0.2473914       13.722909       2.2611734      0.71068128      0.28924363       0.1391922       147.75932       1.0415375      0.83944258      0.63617801      0.46654615      0.86748646         1.04152       6.5522385       1.0995574       12.413872       642.51638     0.088545445      0.088545445       817.84063                 21.083735                        396.06266                          225.36998             162.91038                       12.413872
              4       407.74466       69.304328        3.206667      0.97802391     0.022802976      0.11591636     0.045825534       1.0975198       1.0028743       2.4696636   2.4696636e-09       2.3729706      0.24606689      0.24739932       13.724025        2.253379      0.70976945      0.29015531       0.1393642       147.69705       1.0415768      0.84145292      0.63639845      0.46707513      0.86710458       1.0414411        6.656175       1.0975198       11.749331       641.09589     0.088545445      0.088545445       815.31223                 21.170031                        395.06219                          224.86367             162.46701                       11.749331
              3       407.41845       69.329534       3.2094769      0.97954773     0.022664287      0.11503933     0.049456916       1.0977025       1.0028894       2.4766127   2.4766127e-09        2.396917      0.24600838       0.2473406       13.749704       2.2433672      0.71209364      0.28783118      0.13834848       148.08904       1.0395254      0.83389074      0.63398457      0.46436892      0.86555412        1.040919       7.0481458       1.0977025       13.208162       636.84153     0.088545445      0.088545445       814.65981                 20.867536                        392.64724                          223.32675             164.61012                       13.208162
              2       408.33004       69.329534       3.2061484      0.98440561     0.022664287      0.11503933     0.049456916       1.0964034       1.0030443        2.468383    2.468383e-09        2.396917      0.24600838       0.2473406       13.749704       2.2359125      0.71209364      0.28783118      0.13834848       148.08904       1.0397484      0.83406965      0.63412059      0.46446855      0.86573983        1.040919       7.0481458       1.0964034       13.208162       638.52386     0.088545445      0.088545445       816.48299                 20.364019                        392.97845                          225.18139             164.75097                       13.208162
              2       405.24247        68.78688       3.1873678      0.98181083     0.022595754       0.1164619     0.046773736       1.0875698       1.0013195        2.422458    2.422458e-09        2.408883      0.24597914      0.24731125       13.760374       2.2061199       0.7046715      0.29525212      0.13970252       147.78179       1.0401919      0.85041489      0.63593762       0.4687732      0.86271284       1.0410269       6.8024998       1.0875698       10.360234       638.99767     0.088545445      0.088545445       810.30786                 20.551418                        394.53328                          223.91297             160.94996                       10.360234
              3       404.84543        68.78688       3.1756269       0.9815659     0.022595754       0.1164619     0.046773736       1.0814395       1.0044758       2.3941824   2.3941824e-09        2.408883      0.24597914      0.24731125       13.760374       2.1803694       0.7046715      0.29525212      0.13970252       147.78179       1.0340058      0.84535743      0.63215567      0.46598538      0.85758224       1.0410269       6.8024998       1.0814395       10.360234       639.08225     0.088545445      0.088545445       809.51378                 20.558925                        394.52789                          223.99544             160.07129                       10.360234
              8       404.86063       68.821008       3.1766373      0.98161791     0.022610551      0.11644582     0.046812211       1.0809984       1.0011209       2.3966027   2.3966027e-09       2.4062921      0.24598546       0.2473176       13.757391       2.1824056      0.70496704      0.29495666      0.13970124       147.76957       1.0341888      0.84495506      0.63226611      0.46595015      0.85794679       1.0410731       6.8035434       1.0809984       10.359598        638.6492     0.088545445      0.088545445       809.54417                 20.620113                        394.49167                          223.53742             160.53537                       10.359598
              1       406.39407       68.599574       3.1693007      0.98069145     0.022574187      0.11688561     0.045134257       1.0801129       1.0046753       2.3790841   2.3790841e-09       2.4126666      0.24596991      0.24730198       13.765927       2.1737354      0.70220201       0.2977212      0.14010466        147.6921       1.0337975      0.85038552      0.63248269      0.46719812      0.85624136       1.0409813       6.6383088       1.0801129       10.741713       641.94488     0.088545445      0.088545445       812.61105                  20.56942                        395.77383                          225.60162             159.92446                       10.741713
              1       405.95911       69.141016       3.1866514      0.98268344     0.022673241       0.1161578     0.052382549       1.0800442       1.0058599       2.4207232   2.4207232e-09       2.3953599      0.24601219      0.24734442       13.735332       2.1799485       0.7081631       0.2917613      0.13947591       147.77692       1.0362501      0.84032683      0.63327066      0.46542133      0.86165308       1.0415506       7.3632699       1.0800442       11.158758       637.33846     0.088545445      0.088545445       811.74113                  20.65059                        391.24694                          225.44093              163.2439                       11.158758
              1       405.74794       69.141016       3.0835618      0.98223266     0.022673241       0.1161578     0.052382549       1.0266984        1.002444        2.183604    2.183604e-09       2.3953599      0.24601219      0.24734442       13.735332       1.9664141       0.7081631       0.2917613      0.13947591       147.77692      0.98401831      0.79797052      0.60135092      0.44196197      0.81822183       1.0415506       7.3632699       1.0266984       11.158758       637.84126     0.088545445      0.088545445       811.31879                 20.628684                        391.26099                          225.95158             162.31876                       11.158758
              6       405.19378       69.141016       3.0851038      0.97859057     0.022673241       0.1161578     0.052382549       1.0283087        1.001806       2.1869736   2.1869736e-09       2.3953599      0.24601219      0.24734442       13.735332       1.9694485       0.7081631       0.2917613      0.13947591       147.77692      0.98339189      0.79746254      0.60096811      0.44168062      0.81770095       1.0415506       7.3632699       1.0283087       11.158758       637.71865     0.088545445      0.088545445       810.21048                 20.967647                        391.12978                          225.62122             161.33307                       11.158758
              3       405.17667       69.141016       3.0807773      0.97876526     0.022673241       0.1161578     0.052382549       1.0245282       1.0043377       2.1775322   2.1775322e-09       2.3953599      0.24601219      0.24734442       13.735332       1.9609463       0.7081631       0.2917613      0.13947591       147.77692       0.9813331        0.795793      0.59970994      0.44075594      0.81598905       1.0415506       7.3632699       1.0245282       11.158758       636.71076     0.088545445      0.088545445       810.17625                 21.081856                        391.09555                          224.53335             162.30673                       11.158758
              1       405.66818       69.089827       3.0797408      0.97804767     0.022704382      0.11649169     0.056343379        1.019147       1.0016081       2.1752764   2.1752764e-09       2.3899567       0.2460254      0.24735768       13.729855       1.9434582      0.70696579      0.29295851      0.13984093       147.65241       0.9823483      0.79926155      0.60072275      0.44195251      0.81653076       1.0416786       7.7589764        1.019147       10.734623       636.79143     0.088545445      0.088545445       811.15928                 21.309144                        390.22212                          225.26017             163.63322                       10.734623
             10       405.56503       69.131771       3.0811882      0.97824121     0.022708934      0.11639875     0.056899857       1.0197483       1.0045849       2.1784272   2.1784272e-09       2.3891684      0.24602733      0.24735961       13.728579       1.9441083       0.7075062      0.29241818      0.13975255       147.67228      0.98241583      0.79823176       0.6006691      0.44170914      0.81683473       1.0416912       7.8114954       1.0197483       10.918833       636.53805     0.088545445      0.088545445       810.95297                 21.263703                        390.19318                          225.08117             163.49609                       10.918833
              2       403.17975       68.734899       3.0709693      0.97708548     0.022579907      0.11674332      0.06296032        1.008063       1.0033622       2.1562793   2.1562793e-09       2.4116622      0.24597236      0.24730444       13.757691       1.9011587      0.70366253      0.29626098       0.1399681       147.72403      0.98146116      0.80456225      0.60031664      0.44289318      0.81369522       1.0412158       8.4359576        1.008063       10.380788       634.98281     0.088545445      0.088545445       806.18241                 21.520898                         391.0162                          222.44572             160.81881                       10.380788
              5       403.20175        68.92222       3.0752864      0.97768522     0.022640999      0.11656695     0.057633371       1.0163011       1.0044786       2.1656084   2.1656084e-09       2.4009734      0.24599846      0.24733064       13.744299       1.9298352      0.70551382       0.2944101      0.13985282       147.70297      0.98161096       0.8012487       0.6002846      0.44217622       0.8149276       1.0414259       7.9012413       1.0163011       10.400089       634.70257     0.088545445      0.088545445       806.22641                 21.283502                        390.21992                          223.19914             161.12375                       10.400089
              3       402.01691        68.92222        3.156316      0.97539788     0.022640999      0.11656695     0.057633371       1.0590681       1.0033139       2.3483923   2.3483923e-09       2.4009734      0.24599846      0.24733064       13.744299       2.0927191      0.70551382       0.2944101      0.13985282       147.70297       1.0212977      0.83364337      0.62455425      0.46005351      0.84787532       1.0414259       7.9012413       1.0590681       10.400089       634.33453     0.088545445      0.088545445       803.85673                  21.54616                        390.14376                          222.64461             159.12211                       10.400089
              4       403.18868        68.92222        3.159009      0.97572483     0.022640999      0.11656695     0.057633371       1.0592307      0.99818688       2.3547249   2.3547249e-09       2.4009734      0.24599846      0.24733064       13.744299       2.0983623      0.70551382       0.2944101      0.13985282       147.70297       1.0228025      0.83487162      0.62547444      0.46073133      0.84912454       1.0414259       7.9012413       1.0592307       10.400089       634.12447     0.088545445      0.088545445       806.20027                 21.625013                        390.12345                          222.37601             161.67571                       10.400089
              1       401.85426       68.299819       3.1387519      0.97298197     0.022540913      0.11792704     0.056639747       1.0479674       1.0030615       2.3075049   2.3075049e-09       2.4185206      0.24595565      0.24728767       13.764933       2.0603736      0.69742115      0.30250138      0.14111282       147.45072       1.0224784      0.85135252      0.62667991      0.46475879      0.84501405       1.0412872       7.8475002       1.0479674        12.95855       632.95749     0.088545445      0.088545445       803.53143                  22.02855                         390.0949                          220.83404             157.61539                        12.95855
              1       401.98832       68.299819       3.1390361      0.97343702     0.022540913      0.11792704     0.056639747       1.0478534       1.0032144       2.3081607   2.3081607e-09       2.4185206      0.24595565      0.24728767       13.764933       2.0609591      0.69742115      0.30250138      0.14111282       147.45072       1.0228016      0.85162158      0.62687796      0.46490567      0.84528111       1.0412872       7.8475002       1.0478534        12.95855       633.34032     0.088545445      0.088545445       803.79956                 21.980816                        390.10718                          221.25233             157.50069                        12.95855
              2        402.2456       68.343337       3.1417994      0.97365126     0.022571313      0.11741829     0.053256687       1.0536775       1.0019346       2.3145477   2.3145477e-09       2.4131713      0.24596868      0.24730075       13.774141       2.0806928      0.69883049      0.30109214      0.14063447       147.55265       1.0210114      0.84683541      0.62524974      0.46315715      0.84407039        1.040797       7.4914581       1.0536775       12.525702        632.4661     0.088545445      0.088545445       804.31411                 21.812208                        390.54087                          220.11302             159.32231                       12.525702
              7       402.07518       68.343337       3.0981579      0.97378379     0.022571313      0.11741829     0.053256687       1.0313525       1.0028661       2.2157099   2.2157099e-09       2.4131713      0.24596868      0.24730075       13.774141       1.9918413      0.69883049      0.30109214      0.14063447       147.55265      0.99902403      0.82859893      0.61178508      0.45318313      0.82589345        1.040797       7.4914581       1.0313525       12.525702       632.30863     0.088545445      0.088545445       803.97326                 21.744267                        390.56225                          220.00211             159.13893                       12.525702
              4        402.5733       68.521241        3.103026      0.97382568     0.022687267      0.11733056     0.048894809       1.0381188       1.0016027       2.2265223   2.2265223e-09       2.3929241      0.24601814       0.2473504       13.757598       2.0190988      0.70033221      0.29959082       0.1406627       147.44691      0.99933438      0.82620908      0.61200584      0.45278048       0.8272246       1.0409348       7.0184796       1.0381188       11.718809       635.79144     0.088545445      0.088545445        804.9695                 21.709647                        392.35545                          221.72633             157.45925                       11.718809
              4       402.17296       68.437544       3.1032905      0.97338864     0.022661516      0.11735708     0.059729966       1.0272447       1.0025278       2.2271114   2.2271114e-09       2.3973991       0.2460072      0.24733941       13.764991       1.9763377      0.69959716      0.30032568      0.14066346        147.4685      0.99998448      0.82806526       0.6124048      0.45335322      0.82725703       1.0407805       8.1141599       1.0272447        12.23639       633.32436     0.088545445      0.088545445       804.16884                   22.0167                        390.32078                          220.98689             158.60808                        12.23639
              4       404.94559       68.553664       3.1077988      0.97269907      0.02282109      0.11732464     0.057167952       1.0323454          1.0008       2.2371746   2.2371746e-09       2.3698701      0.24607444       0.2474069       13.751239       1.9954664      0.70034346      0.29957965       0.1407906       147.29989       1.0000369      0.82695774      0.61257525      0.45319752      0.82800197       1.0406813       7.8262563       1.0323454       12.206002       637.15901     0.088545445      0.088545445       809.71409                 22.085458                        390.08647                          224.98707             160.34908                       12.206002
              2       403.84101        68.84424       3.1159665      0.97380983     0.022879072      0.11697163     0.056439269       1.0378568       1.0008618       2.2555219   2.2555219e-09       2.3599875      0.24609849      0.24743104       13.733626       2.0147656      0.70349018      0.29643358      0.14049557       147.32966       1.0009381      0.82161157      0.61280581       0.4521731      0.83050265       1.0410174       7.7366259       1.0378568        10.69749       637.99682     0.088545445      0.088545445       807.50494                 21.893144                        390.08276                          226.02092             158.81062                        10.69749
              3        406.2364        68.84424       3.1858027      0.97302978     0.022879072      0.11697163     0.056439269       1.0757112      0.99934218       2.4186696   2.4186696e-09       2.3599875      0.24609849      0.24743104       13.733626       2.1604988      0.70349018      0.29643358      0.14049557       147.32966       1.0361958      0.85055257      0.63439169      0.46810075      0.85975683       1.0410174       7.7366259       1.0757112        10.69749       639.12482     0.088545445      0.088545445       812.29571                 21.918136                        390.10119                          227.10549              162.4734                        10.69749
              1       405.55203        68.84424       3.1929007      0.97703724     0.022879072      0.11697163     0.056439269       1.0773226         1.00095       2.4358983   2.4358983e-09       2.3599875      0.24609849      0.24743104       13.733626       2.1758884      0.70349018      0.29643358      0.14049557       147.32966       1.0414832      0.85489272      0.63762882      0.47048934      0.86414395       1.0410174       7.7366259       1.0773226        10.69749       637.22261     0.088545445      0.088545445       810.92697                 21.513377                        390.19128                          225.51796             163.00687                        10.69749
              6       405.85554       68.935475       3.1957499      0.97737948     0.022902758      0.11678363     0.055632757       1.0800407       1.0008679       2.4428485   2.4428485e-09       2.3559684      0.24610828      0.24744086       13.730065       2.1856194      0.70462028      0.29530367      0.14033125       147.35359       1.0414271      0.85247783      0.63740794      0.46987754      0.86466974       1.0410258       7.6487907       1.0800407       10.506471       637.46959     0.088545445      0.088545445       811.53398                 21.440521                        390.25257                           225.7765             163.55792                       10.506471
              1       406.00325       69.007732       3.1987178      0.97766456     0.022921411      0.11653005     0.056157829       1.0822884       1.0022392       2.4501094   2.4501094e-09       2.3528102      0.24611597      0.24744858       13.730109       2.1898149      0.70573186      0.29419225      0.14009632       147.40071       1.0411442      0.84980394      0.63696794      0.46911074      0.86488779       1.0409203       7.6923592       1.0822884       10.462058       637.30796     0.088545445      0.088545445       811.82941                 21.324204                        390.24275                          225.74101             164.05939                       10.462058
              1       406.23811       69.136267        3.201155      0.97929574     0.022827536      0.11609018     0.053970847       1.0854239      0.99949608       2.4560882   2.4560882e-09       2.3687683      0.24607712      0.24740959       13.733378       2.2047811      0.70794169      0.29198271      0.13956258       147.62296       1.0407413       0.8445163      0.63611411       0.4675998      0.86535787       1.0410686       7.4886521       1.0854239       10.776535       636.44825     0.088545445      0.088545445       812.29912                 21.140991                        390.63299                          224.67427             165.07433                       10.776535
              1       406.73537       69.101469       3.1992227      0.97899493     0.022839944      0.11629505     0.051542743        1.086568      0.99943801       2.4513468   2.4513468e-09       2.3666497      0.24608228      0.24741477       13.730499       2.2112371      0.70719242       0.2927319      0.13977986       147.55414       1.0408612      0.84635076      0.63643489      0.46813541      0.86523976       1.0411543       7.2447851        1.086568       10.599333       637.75764     0.088545445      0.088545445       813.29365                 21.158994                        391.44378                          225.15486             164.93668                       10.599333
              3        405.3974       69.101469        3.199932        0.975648     0.022839944      0.11629505     0.051542743        1.086868       1.0017071       2.4530862   2.4530862e-09       2.3666497      0.24608228      0.24741477       13.730499        2.212806      0.70719242       0.2927319      0.13977986       147.55414       1.0398871      0.84555865      0.63583924      0.46769728      0.86442997       1.0411543       7.2447851        1.086868       10.599333       638.12958     0.088545445      0.088545445       810.61772                  21.64275                        391.25219                          225.23464             161.88881                       10.599333
              1       406.96426       69.101469       3.2315822      0.97573913     0.022839944      0.11629505     0.051542743       1.1049555        1.000872       2.5319685   2.5319685e-09       2.3666497      0.24608228      0.24741477       13.730499       2.2839618      0.70719242       0.2927319      0.13977986       147.55414       1.0565114      0.85907629      0.64600418      0.47517419      0.87824931       1.0411543       7.2447851       1.1049555       10.599333       636.53282     0.088545445      0.088545445       813.75143                 21.556155                        391.23806                           223.7386             166.61927                       10.599333
              5       407.30009       68.889659       3.2258156      0.97677659     0.022597565      0.11589795     0.055002565        1.100165        1.001126       2.5174097   2.5174097e-09       2.4085657      0.24597991      0.24731202       13.766731         2.25517      0.70673658      0.29318728      0.13914038        147.9318        1.054518      0.85733882       0.6440466       0.4739184      0.87524777       1.0407187       7.6374337        1.100165        10.52544       632.71053     0.088545445      0.088545445        814.4231                 21.249029                        390.42422                          221.03729             171.18712                        10.52544
              1       407.46487       68.634462       3.2202231      0.97513251     0.022583073      0.11658118     0.066820348       1.0830786       1.0014721       2.5033706   2.5033706e-09       2.4111065      0.24597371       0.2473058       13.770943       2.1902098      0.70313208       0.2967912      0.13980912        147.7639       1.0561594      0.86655751      0.64582277       0.4766791      0.87498497       1.0407353       8.7980164       1.0830786       10.617006       634.02992     0.088545445      0.088545445       814.75264                 21.824143                        392.45954                          219.74624             170.10571                       10.617006
              2       408.08253       68.416363       3.2092241      0.97236345     0.022738167      0.11820446     0.057210545       1.0855705       1.0019132       2.4759868   2.4759868e-09       2.3841152      0.24603968      0.24737201         13.7417       2.2082889      0.69743705      0.30248574      0.14158749        147.1577       1.0583234      0.88190883       0.6491942      0.48144963      0.87538359       1.0414207       7.8647974       1.0855705       13.294372       636.88693     0.088545445      0.088545445       815.98796                  22.10221                        390.06659                          224.71813             165.80665                       13.294372
              3       409.18778       68.416363       3.1928197      0.97103016     0.022738167      0.11820446     0.057210545       1.0775772        1.001056       2.4357009   2.4357009e-09       2.3841152      0.24603968      0.24737201         13.7417       2.1723586      0.69743705      0.30248574      0.14158749        147.1577       1.0491428      0.87425857      0.64356266      0.47727322      0.86778994       1.0414207       7.8647974       1.0775772       13.294372       639.67001     0.088545445      0.088545445       818.19848                 22.237954                        390.04215                          227.38991              165.2341                       13.294372
              1       406.92752       68.592036       3.1954177      0.97258633     0.022710551      0.11766288     0.044989272       1.0912487       1.0015971       2.4420372   2.4420372e-09       2.3888884      0.24602801       0.2473603       13.741645       2.2319019      0.70019466      0.29972853       0.1410183       147.33235        1.047512      0.86684607       0.6419155      0.47496311      0.86755265       1.0414391       6.6082254       1.0912487       11.439668       639.71674     0.088545445      0.088545445       813.67794                 21.834579                        395.17197                          222.71019             162.52153                       11.439668
              6       406.49529       68.923271       3.2065984      0.97592667      0.02256774      0.11617543     0.047067859       1.0965551       1.0027394       2.4694942   2.4694942e-09       2.4137992      0.24596715      0.24729921       13.756948       2.2476329      0.70650119      0.29342273      0.13938804       147.89026        1.045842      0.85110722      0.63903178      0.47032266      0.86825845       1.0411944          6.8353       1.0965551       10.564244       637.99932     0.088545445      0.088545445       812.81349                 21.354841                         393.7646                          222.87988             164.24993                       10.564244
             15        407.3149       68.963968       3.2076173      0.97583953     0.022607024      0.11617864     0.045182484       1.1009589        1.000701       2.4720115   2.4720115e-09       2.4069094      0.24598396      0.24731608       13.752187        2.258424      0.70675815      0.29316587      0.13943053       147.84539       1.0458521      0.85069589      0.63908666      0.47026007      0.86852315        1.041218       6.6282415       1.1009589       10.611012       638.83031     0.088545445      0.088545445       814.45271                 21.184109                        395.37365                          222.27255             165.01138                       10.611012
              3       407.43276       68.742084       3.2005371      0.97499678     0.022556817       0.1165991      0.04528404       1.0958146       1.0062381       2.4545711   2.4545711e-09       2.4157199      0.24596246      0.24729451       13.761641        2.242035      0.70407853      0.29584499      0.13980078       147.78848        1.045648      0.85614145      0.63938569      0.47155132       0.8669556       1.0411412       6.6541221       1.0958146       10.353542       637.42658     0.088545445      0.088545445       814.68842                 21.345486                        395.18944                          220.89165              166.9083                       10.353542
              1       405.85432       68.521917       3.1951431      0.97420838     0.022504524      0.11679902     0.049313171       1.0879549       1.0009139       2.4413666   2.4413666e-09       2.4249469      0.24594004      0.24727201       13.777099       2.2120764      0.70185942      0.29806361      0.13994841       147.79329       1.0450548      0.86004815      0.63919162      0.47228952      0.86507514       1.0408359       7.0910674       1.0879549       10.841363       633.54169     0.088545445      0.088545445       811.53156                 21.541763                        392.14695                          219.85298              167.1485                       10.841363
              1       403.77417       68.521917        3.149757      0.97545457     0.022504524      0.11679902     0.049313171       1.0649253       1.0030907       2.3330396   2.3330396e-09       2.4249469      0.24594004      0.24727201       13.777099       2.1139233      0.70185942      0.29806361      0.13994841       147.79329       1.0220937      0.84115185       0.6251478      0.46191275      0.84606838       1.0408359       7.0910674       1.0649253       10.841363       634.35917     0.088545445      0.088545445       807.37125                 21.232369                        392.27476                          220.85204             162.17072                       10.841363
              4       404.18994       68.521917        3.146084       0.9745838     0.022504524      0.11679902     0.049313171       1.0629335       1.0037882        2.324486    2.324486e-09       2.4249469      0.24594004      0.24727201       13.777099       2.1061731      0.70185942      0.29806361      0.13994841       147.79329       1.0198784      0.83932876      0.62379287      0.46091161      0.84423464       1.0408359       7.0910674       1.0629335       10.841363       634.23657     0.088545445      0.088545445       808.20278                  21.35596                        392.28985                          220.59076             163.12485                       10.841363
             14       405.13137        68.97113       3.1525617      0.97750446       0.0225286       0.1162904     0.062978754       1.0504605       1.0069818       2.3395922   2.3395922e-09       2.4206923      0.24595037      0.24728237        13.75064       2.0627068      0.70674898      0.29317506      0.13946386       147.90317       1.0193524      0.82920747      0.62293076      0.45837564      0.84656054       1.0415603       8.4425689       1.0504605       10.761337       637.15261     0.088545445      0.088545445       810.08564                  21.47295                        391.00488                          224.67478             162.17169                       10.761337
              1       404.99765        68.97362       3.1526862      0.97751164     0.022529294      0.11627873     0.062913599       1.0500307       1.0028101       2.3398834   2.3398834e-09       2.4205698      0.24595067      0.24728267       13.750721       2.0632325      0.70679321      0.29313082      0.13945289       147.90553       1.0193359      0.82909639       0.6229084       0.4583419      0.84656209       1.0415533       8.4359231       1.0500307       10.772665       638.53495     0.088545445      0.088545445        809.8182                 21.528487                        391.00208                          226.00438             160.51059                       10.772665
              3       404.20646        68.97362       3.1504091      0.98089152     0.022529294      0.11627873     0.062913599       1.0496505        1.004889       2.3345614   2.3345614e-09       2.4205698      0.24595067      0.24728267       13.750721       2.0585396      0.70679321      0.29313082      0.13945289       147.90553       1.0195036       0.8292328      0.62301089      0.45841731      0.84670137       1.0415533       8.4359231       1.0496505       10.772665       637.50211     0.088545445      0.088545445       808.23583                  20.98205                         390.9941                          225.52596             159.96105                       10.772665
              1         405.443        68.97362       3.1080748      0.97860716     0.022529294      0.11627873     0.062913599       1.0269292       1.0052522       2.2377921   2.2377921e-09       2.4205698      0.24595067      0.24728267       13.750721       1.9732117      0.70679321      0.29313082      0.13945289       147.90553      0.99727144      0.81114986      0.60942499      0.44842068       0.8282375       1.0415533       8.4359231       1.0269292       10.772665       638.75182     0.088545445      0.088545445        810.7089                 21.358537                        390.99147                          226.40181             161.18442                       10.772665
              1       403.83887       68.612106       3.0987525       0.9758679     0.022563649      0.11751456     0.060637816       1.0237156       1.0031068       2.2170276   2.2170276e-09       2.4145183      0.24596539      0.24729745       13.747913       1.9638204      0.70099714       0.2989261      0.14072308       147.53559      0.99962069      0.82534198      0.61224687      0.45270733      0.82801006       1.0417179       8.2299945       1.0237156       10.751288       636.28082     0.088545445      0.088545445       807.50065                 21.669836                        390.51327                          224.09772             160.46854                       10.751288
              4       403.15113       68.524966       3.0979815      0.97518143     0.022576811      0.11757165     0.061793895       1.0235653       1.0004817       2.2153191   2.2153191e-09       2.4122057      0.24597103      0.24730311       13.753703       1.9577751       0.7000866      0.29983644      0.14079333       147.50554      0.99953083       0.8270037      0.61226821       0.4530674       0.8274097       1.0414862       8.3396347       1.0235653       11.247479       636.17404     0.088545445      0.088545445       806.12517                 21.638099                        390.77162                          223.76433             158.70365                       11.247479
              1       403.79675       69.007488       3.1121947      0.97757874     0.022622655      0.11640018     0.050236136       1.0427383       1.0006525       2.2470305   2.2470305e-09       2.4041756      0.24599063      0.24732279       13.741846       2.0322373      0.70662986      0.29329425      0.13966771       147.76832      0.99872739      0.81294121      0.61054961      0.44931079      0.82965029       1.0415458        7.158076       1.0427383        10.65243       636.90639     0.088545445      0.088545445       807.41641                 21.186159                        391.97097                          223.74926              159.8576                        10.65243
              3       406.44166       69.291381       3.1180756      0.97990574     0.022588671      0.11553941     0.057056293       1.0419314       1.0001844       2.2602842   2.2602842e-09       2.4101246      0.24597611      0.24730821       13.741378       2.0165295      0.71089244      0.28903229      0.13877294        148.0385      0.99682461      0.80241855      0.60840805       0.4460993      0.82977121       1.0415428       7.8392219       1.0419314       12.970143       638.44971     0.088545445      0.088545445       812.70623                 20.817294                        390.26462                           227.3678             161.28638                       12.970143
              4       404.64415       69.291381       3.1241387       0.9795027     0.022588671      0.11553941     0.057056293       1.0440621       1.0030691         2.27403     2.27403e-09       2.4101246      0.24597611      0.24730821       13.741378        2.028793      0.71089244      0.28903229      0.13877294        148.0385      0.99969531      0.80472939      0.61016017        0.447384      0.83216082       1.0415428       7.8392219       1.0440621       12.970143       636.48143     0.088545445      0.088545445       809.11121                 20.949564                        390.22812                          225.30375             159.65963                       12.970143
              3       406.88073       69.291381       3.1169632      0.98293637     0.022588671      0.11553941     0.057056293       1.0397461      0.99923829        2.257771    2.257771e-09       2.4101246      0.24597611      0.24730821       13.741378       2.0142874      0.71089244      0.28903229      0.13877294        148.0385       0.9974394      0.80291344      0.60878329      0.44637443      0.83028297       1.0415428       7.8392219       1.0397461       12.970143       637.43093     0.088545445      0.088545445       813.58437                 20.610704                        390.33859                          226.48164              163.1833                       12.970143
              1       403.84712       69.100879       3.1127728      0.98174837      0.02258382      0.11593008     0.056623099       1.0384302       1.0056144       2.2483299   2.2483299e-09       2.4109755      0.24597403      0.24730612       13.747566        2.007603      0.70848817      0.29143615      0.13915876       147.93839      0.99791161      0.80819062      0.60949439      0.44782215      0.82953337       1.0414145       7.8036596       1.0384302        11.34394       636.47063     0.088545445      0.088545445       807.51714                  20.66129                        390.32283                          225.48651             159.70257                        11.34394
              1       406.42015       69.100879       3.0811206      0.97452292      0.02258382      0.11593008     0.056623099       1.0215037       1.0053656       2.1782799   2.1782799e-09       2.4109755      0.24597403      0.24730612       13.747566       1.9450532      0.70848817      0.29143615      0.13915876       147.93839      0.97950976      0.79328729       0.5982551      0.43956415      0.81423647       1.0414145       7.8036596       1.0215037        11.34394       636.01436     0.088545445      0.088545445        812.6632                 21.665839                        390.13792                           224.2106              165.3049                        11.34394
              1       406.10617       69.100879       3.1031643      0.97389127      0.02258382      0.11593008     0.056623099       1.0318482       1.0064386       2.2268303   2.2268303e-09       2.4109755      0.24597403      0.24730612       13.747566       1.9884053      0.70848817      0.29143615      0.13915876       147.93839      0.99012475      0.80188418      0.60473841      0.44432772      0.82306039       1.0414145       7.8036596       1.0318482        11.34394        636.9373     0.088545445      0.088545445       812.03524                 21.876063                        390.08678                          224.97446               163.754                        11.34394
              1       405.33965       68.262982        3.079645      0.97021479     0.022419641        0.117658     0.055088144       1.0199646       1.0045073        2.175068    2.175068e-09       2.4400362      0.24590366      0.24723549       13.778868       1.9481567      0.69793211      0.30199034      0.14072251       147.65802      0.99131377      0.82392634      0.60715843      0.45009096      0.81903746       1.0412021       7.7145001       1.0199646       12.399334       633.31898     0.088545445      0.088545445       810.50221                 22.363544                        390.11288                          220.84256             164.78389                       12.399334
              1         406.219       68.318874       3.0855553      0.96965814     0.022498651      0.11727602     0.052071922       1.0265848       1.0056381       2.1879612   2.1879612e-09       2.4259863      0.24593752      0.24726948       13.782202       1.9715624      0.69907527      0.30084731      0.14041953       147.67193      0.99109218      0.82127156      0.60669572      0.44932177      0.81918954       1.0407583       7.3839481       1.0265848        12.23931       632.79856     0.088545445      0.088545445        812.2609                 22.362935                        390.71966                          219.71597             167.22303                        12.23931
              1       406.88658        68.26358       3.0852275      0.96839085     0.022592813      0.11770058     0.057135279       1.0189382       1.0061065       2.1872442   2.1872442e-09       2.4093985      0.24597788      0.24730998       13.772914       1.9510581      0.69747441      0.30244804      0.14093826       147.45333      0.99223163      0.82581766       0.6079534      0.45085094       0.8197994       1.0408056       7.8804117       1.0189382       13.601127       637.04742     0.088545445      0.088545445       813.59606                 23.041852                        390.00272                          224.00285             162.94751                       13.601127
              4       406.74362       68.263384       3.0853339      0.96828763     0.022600475      0.11774426     0.056078366       1.0223496      0.99806117        2.187477    2.187477e-09        2.408056      0.24598116      0.24731327       13.771529       1.9553948      0.69736249      0.30255995       0.1409896       147.43314      0.99242353      0.82625126      0.60812635      0.45102092      0.81995678       1.0408317       7.7742901       1.0223496       13.684396        633.9703     0.088545445      0.088545445       813.31015                 22.711819                        390.03973                          221.21875             165.65545                       13.684396
              7       405.78924        68.77396       3.0998586      0.97055663     0.022692314      0.11666464     0.053959383       1.0332965      0.99822231       2.2194813   2.2194813e-09       2.3920484      0.24602029      0.24735255       13.753313       1.9924295      0.70392774      0.29599586      0.14000182       147.61948      0.99175934      0.81258023      0.60665212      0.44746712      0.82246668       1.0409594       7.5250449       1.0332965       10.478121       635.81354     0.088545445      0.088545445       811.40139                 22.237927                         390.3548                          223.22081             165.10972                       10.478121
              8       402.10756        68.77396       3.1127894      0.97405207     0.022692314      0.11666464     0.053959383       1.0388474       1.0050859       2.2483672   2.2483672e-09       2.3920484      0.24602029      0.24735255       13.753313       2.0183604      0.70392774      0.29599586      0.14000182       147.61948      0.99953047      0.81894737      0.61140567      0.45097334      0.82891129       1.0409594       7.5250449       1.0388474       10.478121       633.90506     0.088545445      0.088545445       804.03803                 21.773785                        390.44588                          221.68539             159.65485                       10.478121
              3        402.0246       68.818444       3.1145244      0.97408957      0.02271582      0.11657627     0.054134532        1.039626       1.0040649       2.2522717   2.2522717e-09       2.3879765      0.24603024      0.24736254       13.751158       2.0211573      0.70444735      0.29547635      0.13993696       147.61696      0.99954647      0.81793112      0.61134462      0.45073032      0.82919259       1.0409362       7.5361655        1.039626       10.437085       634.24801     0.088545445      0.088545445        803.8721                 21.780856                        390.40934                          222.05782             159.18701                       10.437085
              4       404.21323       68.833288       3.1148379      0.97424922     0.022710768      0.11650888     0.054658308       1.0393624      0.99700587       2.2529778   2.2529778e-09       2.3888509      0.24602811      0.24736039       13.751831       2.0196741      0.70472769      0.29519604      0.13986452       147.64068      0.99936754      0.81717456      0.61115607       0.4504844      0.82913357       1.0409208       7.5886212       1.0393624       10.415856        634.0714     0.088545445      0.088545445       808.24937                 21.761541                         390.3351                          221.97476             163.76211                       10.415856
              2       404.01344       68.789797       3.1126135      0.97399538     0.022693464      0.11685477     0.046063592       1.0465236       1.0057456       2.2479717   2.2479717e-09        2.391849      0.24602077      0.24735304       13.746682       2.0501258      0.70365984      0.29626379       0.1401931       147.56724       1.0004134      0.82043298      0.61215467      0.45162795      0.82973904       1.0412072       6.7143419       1.0465236       10.445487       638.37652     0.088545445      0.088545445        807.8498                 21.643385                        394.40408                          222.32905             159.02779                       10.445487
              2       404.76788       68.700576       3.1110761       0.9729152     0.022741624      0.11724209     0.046630048       1.0444413       1.0061626       2.2445185   2.2445185e-09       2.3835187      0.24604114      0.24737348       13.742674       2.0446588      0.70196695      0.29795648      0.14062858       147.41005        1.001356      0.82489208      0.61320674      0.45304895      0.82998207       1.0412331        6.770199       1.0444413       10.880564       639.03092     0.088545445      0.088545445       809.35866                 21.866348                        393.86655                          223.29802             159.44718                       10.880564
              4       403.90878       68.700576       3.1375457       0.9763669     0.022741624      0.11724209     0.046630048       1.0579761       1.0042581       2.3047232   2.3047232e-09       2.3835187      0.24604114      0.24737348       13.742674       2.0995027      0.70196695      0.29795648      0.14062858       147.41005       1.0160425      0.83699039      0.62220036      0.45969361      0.84215503       1.0412331        6.770199       1.0579761       10.880564       639.19077     0.088545445      0.088545445       807.64047                 21.383101                        394.13339                          223.67427             157.56914                       10.880564
              5        404.6544       68.862264       3.1404331      0.97783036     0.022699058       0.1167936     0.044648657       1.0621668       1.0039297       2.3113876   2.3113876e-09       2.3908792      0.24602315      0.24735542       13.741805       2.1139341      0.70440041      0.29552338      0.14013753       147.57738        1.015233      0.83115094      0.62116121      0.45798609      0.84247373       1.0413421       6.5623386       1.0621668       10.356942       640.89635     0.088545445      0.088545445       809.13172                   21.1421                        396.00078                          223.75347             157.87843                       10.356942
              2       405.67958       68.862264       3.1136948      0.97834836     0.022699058       0.1167936     0.044648657       1.0479298       1.0045506       2.2504039   2.2504039e-09       2.3908792      0.24602315      0.24735542       13.741805         2.05816      0.70440041      0.29552338      0.14013753       147.57738       1.0019504      0.82027672      0.61303436      0.45199411      0.83145137       1.0413421       6.5623386       1.0479298       10.356942       641.65515     0.088545445      0.088545445       811.18208                 21.087584                        396.02118                          224.54639             159.16999                       10.356942
              3       404.15326       68.862264       3.1028107      0.97485506     0.022699058       0.1167936     0.044648657       1.0434111       1.0024143       2.2260431   2.2260431e-09       2.3908792      0.24602315      0.24735542       13.741805       2.0358803      0.70440041      0.29552338      0.14013753       147.57738      0.99517381       0.8147289      0.60888819      0.44893712      0.82582797       1.0413421       6.5623386       1.0434111       10.356942       639.90155     0.088545445      0.088545445       808.12944                 21.447325                        395.76274                          222.69148             157.87094                       10.356942
              5       402.96736       68.998708       3.1067335      0.97516779     0.022762611      0.11661189     0.050516105       1.0395361       1.0013023       2.2347925   2.2347925e-09       2.3799023      0.24604998      0.24738234       13.733004       2.0200377      0.70581653      0.29410756      0.14001937       147.55529      0.99516492      0.81201113      0.60875436      0.44829989      0.82663833       1.0413886        7.161071       1.0395361       10.416038       636.84457     0.088545445      0.088545445       805.75764                 21.537216                          391.656                          223.65136             158.49702                       10.416038
              1       404.75145       68.705805       3.1003927      0.97324406     0.022759035      0.11726727     0.046916756       1.0402032       1.0007361        2.220667    2.220667e-09       2.3805179      0.24604847      0.24738083       13.741052       2.0217714      0.70192208      0.29800136      0.14067117       147.38398      0.99612426      0.82072474       0.6100491        0.450733      0.82567708       1.0412308       6.7973397       1.0402032       10.918783       640.19673     0.088545445      0.088545445        809.3258                 21.646783                        393.70728                          224.84267             158.21029                       10.918783
              2         403.363       68.705805       3.1236458      0.97299837     0.022759035      0.11726727     0.046916756       1.0505472       1.0018341       2.2729095   2.2729095e-09       2.3805179      0.24604847      0.24738083       13.741052       2.0693348      0.70192208      0.29800136      0.14067117       147.38398       1.0076784      0.83024438       0.6171251      0.45596108      0.83525417       1.0412308       6.7973397       1.0505472       10.918783       639.08642     0.088545445      0.088545445       806.54891                  21.87989                        393.62635                          223.58017             156.54371                       10.918783
              3       402.26608       68.662586       3.1223063      0.97308779     0.022727218      0.11721757     0.048432362       1.0488134       1.0025464        2.269867    2.269867e-09        2.386006      0.24603506      0.24736738       13.747091       2.0603101      0.70171962      0.29820372      0.14058966       147.43261       1.0071957      0.83009268      0.61674015        0.455754       0.8345915       1.0411313       6.9612054       1.0488134       11.007989       636.80534     0.088545445      0.088545445       804.35506                 21.832416                        392.60721                          222.36572             156.54173                       11.007989
              3       403.21488       68.665941       3.1222894      0.97312036     0.022726411       0.1172188     0.048533524       1.0494529       1.0047674       2.2698286   2.2698286e-09       2.3861454      0.24603472      0.24736703       13.746783       2.0598585      0.70174788      0.29817547      0.14059007       147.43318       1.0071994      0.83004518      0.61674284      0.45574519       0.8346149       1.0411446       6.9719392       1.0494529       10.988538       636.83571     0.088545445      0.088545445       806.25266                 21.748754                        392.54119                          222.54576             158.42842                       10.988538
              1       403.43626       68.665941       3.1037751      0.97554433     0.022726411       0.1172188     0.048533524         1.03948       1.0056874       2.2281908   2.2281908e-09       2.3861454      0.24603472      0.24736703       13.746783       2.0220724      0.70174788      0.29817547      0.14059007       147.43318      0.99884706      0.82316193      0.61162843      0.45196587      0.82769376       1.0411446       6.9719392         1.03948       10.988538       636.82654     0.088545445      0.088545445       806.69542                 21.414698                        392.72451                          222.68733             158.88035                       10.988538
             10       403.30885       68.665941       3.0920472      0.97488061     0.022726411       0.1172188     0.048533524       1.0341477       1.0010196       2.2022115   2.2022115e-09       2.3861454      0.24603472      0.24736703       13.746783       1.9984963      0.70174788      0.29817547      0.14059007       147.43318      0.99275408      0.81814063      0.60789748      0.44920887      0.82264482       1.0411446       6.9719392       1.0341477       10.988538       637.74516     0.088545445      0.088545445       806.44061                 21.436048                        392.73278                          223.57633             157.70692                       10.988538
              2       402.07003        68.80574       3.0936776      0.97580885      0.02274254       0.1170749     0.058582615       1.0238252       1.0016831       2.2058049   2.2058049e-09       2.3833607      0.24604153      0.24737386       13.737927       1.9619272      0.70322852      0.29669515       0.1404623        147.4537      0.99242438      0.81504208      0.60755748      0.44839936      0.82320834        1.041364       7.9799232       1.0238252         10.4995       635.25286     0.088545445      0.088545445       803.96297                 21.636387                        390.20515                          223.41133              158.2106                         10.4995
              1       402.69343       68.779002       3.0924103      0.97589532     0.022718056      0.11710757     0.058364552       1.0232333      0.99951066       2.2030114   2.2030114e-09       2.3875899      0.24603119      0.24736349       13.740062       1.9602973      0.70298042      0.29694318      0.14047049        147.4722       0.9923133      0.81540551      0.60749833      0.44844938      0.82295625       1.0413825       7.9646823       1.0232333       10.521132       635.00216     0.088545445      0.088545445       805.20977                 21.626858                         390.1953                             223.18             159.68648                       10.521132
              2       401.53944       68.779002       3.1617685      0.97778184     0.022718056      0.11710757     0.058364552       1.0604873       1.0014807       2.3612318   2.3612318e-09       2.3875899      0.24603119      0.24736349       13.740062        2.101086      0.70298042      0.29694318      0.14047049        147.4722       1.0280754      0.84479197      0.62939201      0.46461108      0.85261483       1.0413825       7.9646823       1.0604873       10.521132       635.29053     0.088545445      0.088545445       802.90179                  21.24012                        390.19343                          223.85698             157.09013                       10.521132
              1       401.54599       68.682463       3.1600416       0.9770794     0.022721711      0.11730571      0.05636396       1.0613411       1.0030013       2.3571577   2.3571577e-09       2.3869578      0.24603273      0.24736504       13.743082       2.1058699      0.70171709       0.2982063      0.14067228        147.4152       1.0284125      0.84770802      0.62982442      0.46542391      0.85229569       1.0412983       7.7696707       1.0613411       10.906156       635.00749     0.088545445      0.088545445       802.91489                 21.304009                         390.1637                          223.53978             157.00124                       10.906156
              5       401.07992        68.48458       3.1536455      0.97716678     0.022601835       0.1173107     0.060727341       1.0527132       1.0035304       2.3421291   2.3421291e-09       2.4078177      0.24598174      0.24731386       13.763722       2.0742626      0.70023578      0.29968717      0.14055741       147.54738       1.0270024       0.8491024      0.62883239      0.46526667      0.84990007       1.0410237       8.2248191       1.0527132        11.54526       632.92269     0.088545445      0.088545445       801.98274                  21.41131                        390.53093                          220.98044              157.5148                        11.54526
              3        403.4241        68.48458       3.1224213      0.97148107     0.022601835       0.1173107     0.060727341       1.0348315       1.0048957       2.2701281   2.2701281e-09       2.4078177      0.24598174      0.24731386       13.763722       2.0104962      0.70023578      0.29968717      0.14055741       147.54738       1.0088951      0.83413168       0.6177453      0.45706344      0.83491529       1.0410237       8.2248191       1.0348315        11.54526       636.39699     0.088545445      0.088545445        806.6711                 22.554124                         390.5037                          223.33917             158.72885                        11.54526
              2       405.21283       68.474758       3.1205362      0.97249273     0.022502131      0.11703054     0.061111777       1.0349523      0.99750701       2.2658525   2.2658525e-09       2.4253702      0.24593901      0.24727098       13.774995       2.0051673      0.70095996      0.29896297      0.14017753       147.73382       1.0076257       0.8312105      0.61655077      0.45590378      0.83380499       1.0409502       8.2806264       1.0349523       11.104968       633.37557     0.088545445      0.088545445       810.24858                 22.199207                        390.63246                           220.5439             165.76804                       11.104968
              2        403.6077       68.474758       3.1134007      0.97633597     0.022502131      0.11703054     0.061111777       1.0322821      0.99745276       2.2497421   2.2497421e-09       2.4253702      0.24593901      0.24727098       13.774995       1.9909104      0.70095996      0.29896297      0.14017753       147.73382       1.0055143      0.82946874      0.61525881      0.45494845      0.83205779       1.0409502       8.2806264       1.0322821       11.104968       632.43468     0.088545445      0.088545445       807.03831                 21.453799                         390.6125                          220.36839             163.49866                       11.104968
              7       405.13465       68.542872       3.1165294      0.97670223     0.022512041      0.11664064     0.063152008       1.0323837      0.99741145        2.256792    2.256792e-09       2.4236173      0.24594327      0.24727524       13.779384       1.9890166       0.7023628      0.29756027      0.13979755       147.82744       1.0046886      0.82569743      0.61433654       0.4537327      0.83178792       1.0407087       8.4678812       1.0323837       10.757347       632.78906     0.088545445      0.088545445        810.0922                 21.423747                        391.14439                          220.22093             166.54579                       10.757347
              2       404.58281       68.542872       3.1188486      0.97971428     0.022512041      0.11664064     0.063152008       1.0348348      0.99923586        2.262032    2.262032e-09       2.4236173      0.24594327      0.24727524       13.779384       1.9936348       0.7023628      0.29756027      0.13979755       147.82744       1.0070162      0.82761035      0.61575979      0.45478388      0.83371495       1.0407087       8.4678812       1.0348348       10.757347       635.74882     0.088545445      0.088545445       808.98853                 20.902048                        391.13529                          223.71149             162.48237                       10.757347
              2       404.25657        68.53337       3.1193172      0.97935718     0.022543393      0.11669279     0.065311866       1.0326741       1.0010989       2.2630922   2.2630922e-09       2.4180836      0.24595671      0.24728874       13.777933       1.9859718      0.70210247      0.29782059      0.13988105       147.77832       1.0071872      0.82834522      0.61595635      0.45502852      0.83379879       1.0406564       8.6672708       1.0326741       10.904234       636.10195     0.088545445      0.088545445       808.33605                 21.003314                        391.81878                          223.27986             161.32986                       10.904234
              1       406.18277        68.53337       3.1193654      0.97935983     0.022543393      0.11669279     0.065311866       1.0326995      0.99728544       2.2632012   2.2632012e-09       2.4180836      0.24595671      0.24728874       13.777933       1.9860675      0.70210247      0.29782059      0.13988105       147.77832       1.0072125      0.82836602      0.61597181      0.45503994      0.83381972       1.0406564       8.6672708       1.0326995       10.904234       636.10454     0.088545445      0.088545445       812.18845                 21.002932                        391.81878                          223.28283             165.17968                       10.904234
              1        404.2203       68.445273       3.1165628      0.97898521     0.022527048      0.11691527     0.066221855        1.029456       1.0000821       2.2568673   2.2568673e-09       2.4209663       0.2459497       0.2472817       13.780092       1.9769079       0.7008951      0.29902776      0.14008719       147.73686       1.0073947      0.83100306      0.61631009       0.4557505      0.83343436       1.0406752       8.7617722        1.029456        11.35527       635.30343     0.088545445      0.088545445       808.26351                 21.124894                        392.21955                          221.95898             161.60481                        11.35527
              3       402.67915       68.463124       3.1173427      0.97853172     0.022575697      0.11713426     0.063591037       1.0322973      0.99964042       2.2586281   2.2586281e-09       2.4124012      0.24597055      0.24730263       13.771168       1.9888876      0.70048008      0.29944282      0.14035482       147.62377       1.0083697      0.83295495      0.61720098      0.45656759      0.83434972       1.0408385       8.5037772       1.0322973       11.517584       634.80002     0.088545445      0.088545445       805.18121                 21.147124                        391.26573                          222.38717              158.8636                       11.517584
              6       401.84944       68.387212       3.1147588      0.97793608     0.022585401      0.11750676     0.063287523       1.0295669       1.0029659       2.2527995   2.2527995e-09       2.4106982      0.24597471       0.2473068       13.767443       1.9849597      0.69899751      0.30092522      0.14073703       147.51329       1.0091429      0.83684245      0.61809432      0.45779327      0.83452645       1.0409861        8.479368       1.0295669       12.261711       634.33066     0.088545445      0.088545445        803.5218                 21.356386                        391.16908                          221.80519             156.92942                       12.261711
              6       404.35408       68.365454       3.1141411      0.97786625     0.022576522      0.11754743     0.062003699       1.0331033       1.0023415       2.2514085   2.2514085e-09       2.4122565      0.24597091      0.24730299       13.768504       1.9888342      0.69873787      0.30118481      0.14076882       147.51232       1.0091924      0.83739997      0.61815954      0.45794028      0.83443462       1.0409871       8.3585867       1.0331033       12.411519       639.51028     0.088545445      0.088545445       808.53108                 21.091775                        390.84179                          227.57672             156.60928                       12.411519
              5       405.17011       68.365454        3.167685       0.9810906     0.022576522      0.11754743     0.062003699       1.0583448       1.0044717       2.3752433   2.3752433e-09       2.4122565      0.24597091      0.24730299       13.768504       2.0982265      0.69873787      0.30118481      0.14076882       147.51232       1.0378576      0.86118561      0.63571785      0.47094769      0.85813603       1.0409871       8.3585867       1.0583448       12.411519       636.23755     0.088545445      0.088545445       810.16313                 20.923992                        390.85428                          224.45928             161.51406                       12.411519
              1       405.39285       68.583696       3.1735671       0.9828608     0.022537479      0.11672457     0.059299064       1.0655574       1.0045245       2.3892561   2.3892561e-09       2.4191261      0.24595417      0.24728619       13.772758       2.1220528      0.70248452      0.29743865      0.13990691        147.7764       1.0363032       0.8516199       0.6337918      0.46805401       0.8582173       1.0408552       8.0900038       1.0655574         10.6821       636.03286     0.088545445      0.088545445        810.6086                  20.64495                        390.35343                          225.03448             163.89364                         10.6821
              2       404.41867       68.583696       3.1147906      0.97930822     0.022537479      0.11672457     0.059299064       1.0374025       1.0034084       2.2528713   2.2528713e-09       2.4191261      0.24595417      0.24728619       13.772758       2.0009206      0.70248452      0.29743865      0.13990691        147.7764       1.0049187      0.82582858      0.61459741      0.45387898      0.83222618       1.0408552       8.0900038       1.0374025         10.6821       638.07202     0.088545445      0.088545445       808.66024                   20.8261                         390.3618                          226.88412             159.90612                         10.6821
              2       404.56081       68.851907       3.1239408      0.98008487     0.022623092      0.11613245      0.05759716       1.0445164       1.0021314       2.2735801   2.2735801e-09       2.4040993      0.24599082      0.24732297       13.762918       2.0261986      0.70586637       0.2940574      0.13940041       147.83983       1.0046943      0.81878841      0.61390326      0.45207237      0.83366566       1.0407949       7.8931944       1.0445164       10.416139         637.958     0.088545445      0.088545445       808.94453                 20.727852                        390.26074                          226.96941             160.57039                       10.416139
              2       401.63967       68.851907       3.1406025      0.97805358     0.022623092      0.11613245      0.05759716       1.0513058       1.0019591       2.3117791   2.3117791e-09       2.4040993      0.24599082      0.24732297       13.762918       2.0602412      0.70586637       0.2940574      0.13940041       147.83983        1.012308      0.82499329       0.6185555      0.45549824      0.83998328       1.0407949       7.8931944       1.0513058       10.416139       632.56062     0.088545445      0.088545445       803.10224                 21.134541                        390.19254                          221.23354             160.12548                       10.416139
              6       404.89764       68.040931       3.1173753      0.97387237      0.02251582      0.11824065     0.052105598       1.0417296      0.99757952       2.2587018   2.2587018e-09       2.4229493      0.24594489      0.24727687       13.780056       2.0351693        0.694491      0.30543094      0.14140134       147.39518       1.0149524      0.85083113      0.62238488      0.46268699      0.83720301       1.0409138        7.398804       1.0417296       16.099925       632.51334     0.088545445      0.088545445       809.61819                 21.684767                        390.81047                           220.0181             161.00493                       16.099925
              3       404.20314       68.040931       3.1134333      0.97381031      0.02251582      0.11824065     0.052105598       1.0397566       1.0065115       2.2498156   2.2498156e-09       2.4229493      0.24594489      0.24727687       13.780056       2.0271625        0.694491      0.30543094      0.14140134       147.39518       1.0129299      0.84913572      0.62114468      0.46176502      0.83553475       1.0409138        7.398804       1.0397566       16.099925       632.50703     0.088545445      0.088545445        808.2292                 21.685858                        390.81047                           220.0107             159.62224                       16.099925
              3       402.67602       68.506971       3.1268311      0.97538411     0.022668282      0.11741474     0.062527955        1.035426       1.0050162       2.2801608   2.2801608e-09       2.3962221      0.24601008       0.2473423       13.757081       2.0121223      0.70006845      0.29985455      0.14072789       147.44553       1.0125777      0.83773406      0.62018804      0.45893486      0.83809979       1.0410309       8.3849695        1.035426       11.748402        635.5427     0.088545445      0.088545445       805.17494                 21.889047                        390.90345                          222.75021             157.88383                       11.748402
             14       401.06435       68.412589       3.1219554      0.97597216     0.022558593      0.11743348     0.063538179       1.0331398       1.0026172       2.2690707   2.2690707e-09       2.4154076      0.24596323      0.24729528       13.767929       1.9982944      0.69943462      0.30048816      0.14063694       147.56279        1.011726      0.83804321      0.61956625      0.45871674      0.83681779       1.0410517       8.5087116       1.0331398       11.880039       633.48124     0.088545445      0.088545445       801.95161                 21.652939                        391.31135                          220.51695             156.59034                       11.880039
              1        401.0645       68.479617       3.1223454      0.97670287     0.022531461      0.11730745     0.063753887       1.0335475        1.003282       2.2699556   2.2699556e-09       2.4201875      0.24595159       0.2472836       13.766175       1.9982114      0.70034934       0.2995736      0.14048378        147.6268       1.0114507      0.83592912        0.619229       0.4581178      0.83699989       1.0411858         8.53396       1.0335475       11.259325       633.96309     0.088545445      0.088545445       801.95191                 21.515374                        391.35864                          221.08908             156.72949                       11.259325
              5       401.03979       68.465262       3.1219013      0.97677019      0.02251529      0.11727852     0.063093794        1.034202       1.0032388       2.2689479   2.2689479e-09        2.423043      0.24594466      0.24727664       13.768682        1.999963       0.7003199        0.299603      0.14043867       147.65263       1.0112821      0.83577599      0.61907607       0.4580159      0.83677264       1.0411537       8.4739203        1.034202       11.269434        633.6403     0.088545445      0.088545445       801.90248                 21.465913                        391.11903                          221.05535             156.99275                       11.269434
              2       402.47578       68.465262       3.1265343      0.97890927      0.02251529      0.11727852     0.063093794       1.0376986      0.99983901       2.2794843   2.2794843e-09        2.423043      0.24594466      0.24727664       13.768682       2.0092502       0.7003199        0.299603      0.14043867       147.65263       1.0144592      0.83840164      0.62102094      0.45945479      0.83940143       1.0411537       8.4739203       1.0376986       11.269434       636.11842     0.088545445      0.088545445       804.77447                 21.061802                         391.1498                          223.90682             157.38661                       11.269434
              3       404.60699       68.378585       3.1225233      0.97877262     0.022480616       0.1175701     0.065506856       1.0302698       1.0038492       2.2703595   2.2703595e-09       2.4291825      0.24592979      0.24726172       13.769341       1.9915724       0.6990102      0.30091251      0.14069558       147.61333       1.0146403      0.84131622      0.62141572      0.46024841      0.83901973       1.0412962       8.7190081       1.0302698       11.772943       638.03502     0.088545445      0.088545445       809.03689                 21.374449                        391.97119                          224.68938             159.22893                       11.772943
              2       402.35237       68.775293        3.136701      0.98062936     0.022499288      0.11631318     0.053114719       1.0533823       1.0031303       2.3027774   2.3027774e-09       2.4258735       0.2459378      0.24726975       13.768133       2.0706996      0.70509034      0.29483326      0.13945734       147.93004       1.0137029      0.82763076       0.6194711      0.45647307      0.84067267       1.0410789       7.4758751       1.0533823        10.35771       635.20848     0.088545445      0.088545445       804.52766                 20.765297                        390.93774                          223.50544             158.96147                        10.35771
              4       404.10084       68.775293       3.0972529      0.97367581     0.022499288      0.11631318     0.053114719       1.0322251       1.0041363       2.2137055   2.2137055e-09       2.4258735       0.2459378      0.24726975       13.768133       1.9906045      0.70509034      0.29483326      0.13945734       147.93004      0.99125385      0.80930235      0.60575252      0.44636419      0.82205544       1.0410789       7.4758751       1.0322251        10.35771       634.93401     0.088545445      0.088545445       808.02458                 21.758054                        390.64574                          222.53021             162.73287                        10.35771
              1       406.05129       68.536139       3.0899067      0.97270738     0.022431894      0.11676608     0.046604325       1.0352186       1.0024936       2.1975028   2.1975028e-09       2.4378491       0.2459089      0.24724076       13.778737       2.0019326      0.70220788      0.29771518      0.13984285       147.88358      0.99126644      0.81500819      0.60617841      0.44776559      0.82063535       1.0410283       6.8209095       1.0352186       10.580374       636.74332     0.088545445      0.088545445       811.92548                 21.684627                        393.80625                          221.25243              164.6018                       10.580374
              6       406.16144       68.459603       3.0859946      0.97239239     0.022423052      0.11711978     0.047289498       1.0319527       1.0007459       2.1889227   2.1889227e-09        2.439427      0.24590512      0.24723696       13.776061       1.9913852      0.70080585      0.29911704       0.1401877       147.79845      0.99153209      0.81822335      0.60671433      0.44868809      0.82039681        1.041203       6.9006092       1.0319527       10.912903       636.65102     0.088545445      0.088545445        812.1458                 21.772196                        393.31307                          221.56576             164.58187                       10.912903
              1       406.37825       68.502941       3.0865109      0.97251934     0.022437512      0.11714408     0.046661991       1.0328718       1.0054245       2.1900531   2.1900531e-09       2.4368474      0.24591131      0.24724317       13.771154       1.9949157      0.70110171      0.29882128      0.14022646        147.7757      0.99167894      0.81787501      0.60684612      0.44867458      0.82077799       1.0413209       6.8317792       1.0328718       10.769116       637.57467     0.088545445      0.088545445        812.5794                 21.743977                        393.74567                          222.08503             164.23561                       10.769116
              1       404.43992       68.449879       3.0846246      0.97207754     0.022496054      0.11750101     0.063943239       1.0136194       1.0046856       2.1859259   2.1859259e-09       2.4264463      0.24593641      0.24726836       13.764486       1.9235126      0.69975138      0.30017149      0.14064193       147.61458       0.9922597      0.82136287      0.60765078      0.44977615      0.82094053       1.0413952        8.564708       1.0136194       11.340534       635.45546     0.088545445      0.088545445       808.70275                 22.328999                        391.50708                          221.61939             161.90675                       11.340534
              1       404.40672       68.274667       3.0811689      0.97029018     0.022551528      0.11808039     0.061618231       1.0130753       1.0045018        2.178385    2.178385e-09       2.4166509       0.2459602      0.24729224       13.762693       1.9258113      0.69684643      0.30307604      0.14127678       147.39805      0.99328338        0.828305      0.60896294      0.45183386      0.82073502       1.0413479       8.3373604       1.0130753       13.367251       635.07012     0.088545445      0.088545445       808.63635                 22.672509                        390.79081                           221.6068             160.19898                       13.367251
              2       402.00359       68.274667       3.1136939      0.97440029     0.022551528      0.11808039     0.061618231       1.0302622       1.0021662       2.2504018   2.2504018e-09       2.4166509       0.2459602      0.24729224       13.762693       1.9894781      0.69684643      0.30307604      0.14127678       147.39805       1.0111551      0.84320831      0.61991973      0.45996349      0.83550212       1.0413479       8.3373604       1.0302622       13.367251       634.17236     0.088545445      0.088545445       803.83008                 21.856025                        390.76095                          221.55539             156.29047                       13.367251
              3       403.17372        68.12033       3.1088129      0.97380217     0.022519319      0.11841196     0.062373798       1.0267717       1.0029672       2.2394444   2.2394444e-09        2.422331      0.24594639      0.24727838       13.768234       1.9768017      0.69482607      0.30509605      0.14157614       147.34566       1.0111733      0.84732057      0.62025903      0.46098017      0.83457227       1.0413226       8.4241574       1.0267717       15.146536       634.58709     0.088545445      0.088545445       806.17035                 21.950457                        391.06663                          221.57001             156.43672                       15.146536
              1       403.46771       68.172905       3.1095467      0.97476342     0.022471597      0.11811506     0.066396875       1.0234573       1.0031956       2.2410884   2.2410884e-09       2.4307834      0.24592592      0.24725783       13.772959       1.9623993      0.69603809      0.30388415      0.14123153       147.47791       1.0104522      0.84401426       0.6194392      0.45991301       0.8342989        1.041287       8.8161117       1.0234573       13.904138        635.6256     0.088545445      0.088545445       806.75833                 21.878316                        392.50601                          221.24127             157.22859                       13.904138
              1       404.89215       68.172905       3.0912201      0.97519526     0.022471597      0.11811506     0.066396875       1.0127911       1.0039419       2.2003908   2.2003908e-09       2.4307834      0.24592592      0.24725783       13.772959       1.9267627      0.69603809      0.30388415      0.14123153       147.47791       1.0014006      0.83645359      0.61389027      0.45579312      0.82682526        1.041287       8.8161117       1.0127911       13.904138         637.231     0.088545445      0.088545445       809.60721                 21.960347                        392.51561                          222.75504             158.47206                       13.904138
              3       406.53457       68.172905       3.1341864      0.97465687     0.022471597      0.11811506     0.066396875        1.033944       1.0029882       2.2969941   2.2969941e-09       2.4307834      0.24592592      0.24725783       13.772959       2.0113529      0.69603809      0.30388415      0.14123153       147.47791       1.0229362      0.85444193      0.62709227      0.46559517      0.84460654        1.041287       8.8161117        1.033944       13.904138       639.35987     0.088545445      0.088545445       812.89205                 22.153987                        392.54476                          224.66112             159.62804                       13.904138
              1       406.07274       68.072822       3.1310923      0.97430709     0.022454811      0.11832539     0.069831983       1.0298211       1.0054835       2.2898978   2.2898978e-09       2.4337669      0.24591872      0.24725061       13.776572       1.9914105      0.69472598      0.30519603      0.14142507       147.44059       1.0229358      0.85713087       0.6273068       0.4662563      0.84398606       1.0412552         9.14807       1.0298211       15.134069       637.71273     0.088545445      0.088545445       811.96838                 22.170596                        394.30815                          221.23398             159.12158                       15.134069
              8       405.59883       68.071773       3.1313523      0.97442745     0.022442119      0.11824012     0.069993682       1.0308703       1.0050053       2.2904932   2.2904932e-09       2.4360264      0.24591328      0.24724515       13.779339       1.9912843      0.69492799      0.30499402       0.1413271       147.47746       1.0227497       0.8564578      0.62708402      0.46601358        0.843826       1.0411942       9.1647163       1.0308703       14.976159       636.98162     0.088545445      0.088545445       811.02058                 22.029552                        394.37594                          220.57613             159.06279                       14.976159
              3       407.42972       67.818255       3.1261286      0.97200203     0.022508001      0.11903749     0.066797498       1.0301269       1.0056261       2.2785597   2.2785597e-09       2.4243317      0.24594153      0.24727351       13.778378        1.993613      0.69076597      0.30915546      0.14219035       147.19225       1.0240494      0.86645162      0.62883753      0.46890265      0.84332355       1.0411118       8.8620208       1.0301269       20.464617       635.91013     0.088545445      0.088545445       814.68236                 22.434877                        392.86368                          220.61158              158.3076                       20.464617
              3       409.62249        67.74387       3.1265944      0.97176548     0.022486601      0.11885574     0.069978606        1.027854        1.005838       2.2796212   2.2796212e-09       2.4281211      0.24593235      0.24726429       13.790536       1.9818923      0.69052917      0.30939209      0.14198721       147.26422       1.0236699      0.86625171      0.62837985        0.468651      0.84254858       1.0407534       9.1629533        1.027854       21.465033       636.41406     0.088545445      0.088545445        819.0679                 22.490333                        394.54632                           219.3774             161.18881                       21.465033
              2       406.18805       67.939238       3.1330045      0.97223527     0.022551897      0.11852509     0.068096259       1.0333762       1.0036964       2.2942808   2.2942808e-09       2.4165859      0.24596036       0.2472924       13.780362       2.0021606      0.69288133      0.30704038      0.14172186       147.27936       1.0239654      0.86181177      0.62826734      0.46767414      0.84400615       1.0408192       8.9655663       1.0333762       18.330938       635.72955     0.088545445      0.088545445       812.19902                 22.366836                        393.44619                          219.91653             158.13853                       18.330938
              3       407.26867       67.926736       3.1329223      0.97201947     0.022565887      0.11858962     0.068670829       1.0319564       1.0056683       2.2940921   2.2940921e-09       2.4141248      0.24596635      0.24729841       13.779336       1.9996967       0.6925981      0.30732358      0.14180037       147.24667        1.024133      0.86258895      0.62845718      0.46792329      0.84406661       1.0408142       9.0148385       1.0319564       18.770624       636.22813     0.088545445      0.088545445       814.36026                 22.524519                        393.75318                          219.95043              159.3615                       18.770624
              1       406.80618       67.861947       3.1283005       0.9716959     0.022561128      0.11905388      0.06676939       1.0304801        1.003986       2.2835138   2.2835138e-09       2.4149616      0.24596431      0.24729637       13.772601       1.9980598      0.69101308      0.30890844      0.14225987        147.1289       1.0245167      0.86650264      0.62920137       0.4690802      0.84398012       1.0411225       8.8462418       1.0304801       20.333749       636.84767     0.088545445      0.088545445       813.43527                 22.608408                         392.8044                          221.43487             156.25385                       20.333749
              3       406.31388       67.793682       3.1266475      0.97178362     0.022500548      0.11896137     0.063124225       1.0348739       1.0038804       2.2797424   2.2797424e-09       2.4256505      0.24593834       0.2472703       13.782839       2.0093554      0.69072358      0.30919779      0.14210679        147.2207       1.0239752      0.86633857      0.62869953      0.46881579      0.84310962       1.0409774       8.5104913       1.0348739       20.768165       633.99469     0.088545445      0.088545445       812.45067                 22.270315                        391.31032                          220.41406             157.68781                       20.768165
              7        402.6262       68.224127       3.1367627      0.97451116     0.022501245      0.11800901     0.061954089       1.0426402       1.0012337       2.3029195   2.3029195e-09       2.4255271      0.24593863       0.2472706       13.770495       2.0345394       0.6966585      0.30326386      0.14115512       147.47314       1.0231526       0.8533729      0.62714007      0.46539286      0.84510251       1.0412509       8.3805158       1.0426402       13.500295       633.88589     0.088545445      0.088545445       805.07531                 21.753677                        390.87853                          221.25369             157.68912                       13.500295
              3       402.79085       68.224127        3.140898      0.97411324     0.022501245      0.11800901     0.061954089       1.0434183       1.0016537       2.3124624   2.3124624e-09       2.4255271      0.24593863       0.2472706       13.770495       2.0429702       0.6966585      0.30326386      0.14115512       147.47314       1.0251144      0.85500919      0.62834257      0.46628522      0.84672293       1.0412509       8.3805158       1.0434183       13.500295       633.77534     0.088545445      0.088545445        805.4046                   21.9743                        390.87411                          220.92693             158.12897                       13.500295
              3       403.83095       68.365642       3.1436847      0.97504205     0.022509467      0.11777078     0.065055545       1.0423713      0.99933502       2.3189154   2.3189154e-09       2.4240724      0.24594216      0.24727414       13.764218       2.0360028      0.69840513      0.30151755      0.14092512       147.52749       1.0249138      0.85129187      0.62796353      0.46533163      0.84743475       1.0413975       8.6727542       1.0423713       12.102427       635.17251     0.088545445      0.088545445       807.48481                 21.863669                        391.88601                          221.42283             160.20987                       12.102427
              4       402.72029       68.842078        3.162996      0.97636658     0.022663934      0.11650526     0.069174152       1.0495041       1.0005484        2.364132    2.364132e-09       2.3969783      0.24600823      0.24734044       13.752436       2.0586752      0.70490955       0.2950142      0.13981407       147.69391       1.0248754      0.83762102      0.62669871      0.46186976      0.85035069       1.0410629        8.996745       1.0495041       10.371121       636.25871     0.088545445      0.088545445       805.26349                 21.796488                        393.52385                          220.93837             158.63366                       10.371121
              1       403.62976       68.842078       3.1937302      0.97860958     0.022663934      0.11650526     0.069174152       1.0665388       1.0013094       2.4379197   2.4379197e-09       2.3969783      0.24600823      0.24734044       13.752436       2.1229291      0.70490955       0.2950142      0.13981407       147.69391       1.0416446       0.8513263      0.63695285      0.46942694      0.86426426       1.0410629        8.996745       1.0665388       10.371121       636.20097     0.088545445      0.088545445       807.08243                 21.366195                        393.44789                          221.38689             160.51034                       10.371121
              1       403.27152       68.842078       3.1845285      0.97956121     0.022663934      0.11650526     0.069174152       1.0618264       1.0024844       2.4155896   2.4155896e-09       2.3969783      0.24600823      0.24734044       13.752436       2.1034842      0.70490955       0.2950142      0.13981407       147.69391       1.0372431      0.84772897      0.63426136      0.46744335      0.86061225       1.0410629        8.996745       1.0618264       10.371121       636.65258     0.088545445      0.088545445       806.36596                 21.212692                        393.42611                          222.01378             159.34225                       10.371121
              3       403.47716       68.806358       3.1842002      0.97908162     0.022643574      0.11652241     0.053350524       1.0794563      0.99886141       2.4147968   2.4147968e-09       2.4005243      0.24599956      0.24733174       13.755681       2.1704057      0.70460987       0.2953138      0.13981085       147.71204       1.0373167      0.84834382      0.63430276       0.4675925      0.86045005       1.0410275       7.4720347       1.0794563       10.376454       635.32084     0.088545445      0.088545445       806.77723                 20.873126                         390.8234                           223.6243             161.07994                       10.376454
              2       406.30116       68.806358       3.1822416      0.97944786     0.022643574      0.11652241     0.053350524       1.0797348       1.0033543       2.4100718   2.4100718e-09       2.4005243      0.24599956      0.24733174       13.755681       2.1661589      0.70460987       0.2953138      0.13981085       147.71204       1.0364474      0.84763289       0.6337712      0.46720064      0.85972897       1.0410275       7.4720347       1.0797348       10.376454       640.66267     0.088545445      0.088545445       812.42522                 20.731124                        390.88626                          229.04529              161.3861                       10.376454
              3       402.13626       68.703641       3.1789261      0.97825026     0.022720044       0.1171459       0.0614177       1.0657869       1.0006718       2.4020944   2.4020944e-09       2.3872459      0.24603203      0.24736433       13.745615       2.1244345      0.70224306      0.29768038      0.14051081       147.45974        1.037637      0.85408562      0.63529129      0.46925667      0.86007306       1.0411949       8.2614187       1.0657869       10.786495       634.62194     0.088545445      0.088545445       804.09543                 21.283704                        390.62806                          222.71017               158.687                       10.786495
              1       402.21437       68.809175       3.1814624      0.97879329     0.022724502      0.11694017     0.058302201       1.0712727       1.0002043       2.4081944   2.4081944e-09       2.3864753      0.24603391      0.24736622       13.741792       2.1431418      0.70358079      0.29634288      0.14030954       147.50979       1.0375051      0.85117597      0.63498294      0.46850117      0.86062396        1.041277       7.9540973       1.0712727       10.456877       634.95746     0.088545445      0.088545445       804.25164                  21.09756                        390.17447                          223.68543              158.8373                       10.456877
              6       402.00133       68.809175       3.1828873      0.97885045     0.022724502      0.11694017     0.058302201       1.0710349       1.0017768       2.4116284   2.4116284e-09       2.3864753      0.24603391      0.24736622       13.741792       2.1461978      0.70358079      0.29634288      0.14030954       147.50979       1.0382675      0.85180137       0.6354495      0.46884541      0.86125631        1.041277       7.9540973       1.0710349       10.456877       634.12529     0.088545445      0.088545445       803.82557                 21.178053                          390.177                          222.77023             159.24341                       10.456877
              4       403.09324       68.643151       3.1804799      0.97730859     0.022758001      0.11731534     0.055438563       1.0721525      0.99976735       2.4058297   2.4058297e-09        2.380696      0.24604804       0.2473804       13.745303       2.1533348      0.70127788      0.29864543      0.14071821       147.37231       1.0389837      0.85731115      0.63635035      0.47041943      0.86081003       1.0410989       7.6694761       1.0721525       11.252417       634.62157     0.088545445      0.088545445       806.00938                 21.351098                        390.28397                           222.9865             160.13539                       11.252417
              1       403.71013       68.643151       3.1823179       0.9713977     0.022758001      0.11731534     0.055438563       1.0724034       1.0008542       2.4102557   2.4102557e-09        2.380696      0.24604804       0.2473804       13.745303       2.1572963      0.70127788      0.29864543      0.14071821       147.37231       1.0375835      0.85615581      0.63549279      0.46978548      0.85964998       1.0410989       7.6694761       1.0724034       11.252417       635.84305     0.088545445      0.088545445       807.24317                 22.395667                        390.07729                           223.3701             160.14769                       11.252417
              5       402.64591        68.57371       3.1751454      0.97318824     0.022567805      0.11719948     0.058746746       1.0667089        1.000991       2.3930299   2.3930299e-09       2.4137877      0.24596717      0.24729924         13.7598       2.1277536      0.70132342      0.29859973      0.14041215       147.61512       1.0357968       0.8541315      0.63405328       0.4687034      0.85773553       1.0412569        8.037726       1.0667089       10.876912       632.74294     0.088545445      0.088545445       805.11472                 21.954316                        390.19935                          220.58928             161.49487                       10.876912
              2       402.52793       68.533117       3.1739497      0.97302733     0.022554512      0.11726527     0.057138956       1.0674762       1.0013628       2.3901703   2.3901703e-09       2.4161256      0.24596148      0.24729352       13.761959       2.1320559      0.70085773      0.29906532      0.14046464       147.61234       1.0357743      0.85505826      0.63409875      0.46891963      0.85746299       1.0412407       7.8830733       1.0674762       11.042193       632.47461     0.088545445      0.088545445       804.87877                 21.959578                        390.09415                          220.42088             161.36197                       11.042193
              4       403.74052       68.533117       3.1707547      0.97263964     0.022554512      0.11726527     0.057138956       1.0664423       1.0048036       2.3825458   2.3825458e-09       2.4161256      0.24596148      0.24729352       13.761959       2.1252547      0.70085773      0.29906532      0.14046464       147.61234       1.0339675      0.85356671      0.63299264      0.46810165      0.85596724       1.0412407       7.8830733       1.0664423       11.042193       632.86696     0.088545445      0.088545445       807.30395                  21.95048                        390.09065                          220.82583             163.39479                       11.042193
              2       403.58008       68.391019       3.1685155      0.97155501     0.022575652      0.11754394     0.060073531       1.0618065       1.0023124       2.3772169   2.3772169e-09       2.4124093      0.24597053      0.24730261       13.766356       2.1080922      0.69897238      0.30095035      0.14076446       147.51424       1.0343877      0.85786536      0.63358751      0.46927813      0.85542687       1.0410618       8.1713853       1.0618065       12.185978       632.79677     0.088545445      0.088545445       806.98307                 22.219689                        390.40958                          220.16749             162.00032                       12.185978
              2       403.59392       68.368388       3.1679602      0.97147704     0.022570573       0.1175718     0.060578565       1.0590815       1.0014967       2.3758972   2.3758972e-09       2.4133014      0.24596836      0.24730043        13.76774       2.1047949      0.69872432      0.30119837      0.14078724       147.51247       1.0343653      0.85834096      0.63359941      0.46938361       0.8552668       1.0410371       8.2222576       1.0590815       12.358834       633.95017     0.088545445      0.088545445       807.01075                 22.473242                        390.50992                          220.96701             160.70175                       12.358834
              1       404.40105       68.298056       3.1662066      0.97120206     0.022546617      0.11764696     0.057942808       1.0607468       1.0051198       2.3717344   2.3717344e-09       2.4175156      0.24595809      0.24729013       13.772581       2.1122123      0.69799374      0.30192878      0.14083844       147.51914       1.0342749      0.85969636      0.63360163      0.46966956      0.85475206       1.0409694       7.9703036       1.0607468       12.884399       633.60509     0.088545445      0.088545445         808.625                 22.445832                        390.11315                           221.0461             162.13552                       12.884399
              1       404.50081       68.298056       3.1773734      0.97863689     0.022546617      0.11764696     0.057942808       1.0672089       1.0030688       2.3983674   2.3983674e-09       2.4175156      0.24595809      0.24729013       13.772581       2.1359311      0.69799374      0.30192878      0.14083844       147.51914       1.0430257      0.86697005      0.63896238      0.47364332      0.86198391       1.0409694       7.9703036       1.0672089       12.884399       634.16973     0.088545445      0.088545445       808.82452                 21.192959                        390.17774                          222.79904             161.77039                       12.884399
              1        405.2982       68.298056       3.0726492      0.97916949     0.022546617      0.11764696     0.057942808        1.012857       1.0009452       2.1599047   2.1599047e-09       2.4175156      0.24595809      0.24729013       13.772581       1.9235616      0.69799374      0.30192878      0.14083844       147.51914      0.99001786      0.82290961      0.60648956      0.44957221      0.81817687       1.0409694       7.9703036        1.012857       12.884399       635.34313     0.088545445      0.088545445        810.4193                 21.112311                        390.20607                          224.02475             162.19177                       12.884399
              1       411.11545       68.627912       3.0742811      0.98235487      0.02243614      0.11712267     0.048272744       1.0263457      0.99837357       2.1634324   2.1634324e-09       2.4370921      0.24591072      0.24724258       13.760706       1.9643287      0.70223767       0.2976856      0.14020368       147.78323      0.98875463      0.81341437      0.60503205       0.4469077      0.81910376       1.0416728       7.0026272       1.0263457       10.383167       645.35576     0.088545445      0.088545445       822.05382                 20.462048                        393.36219                          231.53152              166.3149                       10.383167
              4        411.3503       68.627912        3.051434      0.97937927      0.02243614      0.11712267     0.048272744       1.0129513      0.99899486       2.1145646   2.1145646e-09       2.4370921      0.24591072      0.24724258       13.760706       1.9199582      0.70223767       0.2976856      0.14020368       147.78323      0.97640504      0.80325479      0.59747517       0.4413258      0.80887312       1.0416728       7.0026272       1.0129513       10.383167       641.46487     0.088545445      0.088545445       822.52352                 20.885719                        393.14404                          227.43511             170.67548                       10.383167
              2       409.31683       68.627912       3.0547282      0.97920477      0.02243614      0.11712267     0.048272744       1.0158402       1.0004924       2.1215419   2.1215419e-09       2.4370921      0.24591072      0.24724258       13.760706       1.9262934      0.70223767       0.2976856      0.14020368       147.78323      0.97794899      0.80452495      0.59841994      0.44202366      0.81015216       1.0416728       7.0026272       1.0158402       10.383167       641.70475     0.088545445      0.088545445       818.45656                  20.80671                        393.14948                          227.74856             166.36865                       10.383167
              2       408.05536        68.35816       3.0524506      0.97717827     0.022449863      0.11735696     0.047469201       1.0151068      0.99761585       2.1167152   2.1167152e-09       2.4346474       0.2459166      0.24724848        13.77783       1.9250021      0.69935224      0.30057042      0.14045169        147.7048      0.97829698      0.81023011      0.59889744      0.44344424      0.80884609       1.0410866       6.9173385       1.0151068       11.693848       637.08608     0.088545445      0.088545445       815.93363                 21.025519                        393.46676                          222.59379              167.1537                       11.693848
              1       407.27432        68.35816       3.0612855      0.97161212     0.022449863      0.11735696     0.047469201       1.0196301      0.99985838       2.1354991   2.1354991e-09       2.4346474       0.2459166      0.24724848        13.77783       1.9420847      0.69935224      0.30057042      0.14045169        147.7048      0.98053985      0.81208767      0.60027049      0.44446089      0.81070048       1.0410866       6.9173385       1.0196301       11.693848       635.76709     0.088545445      0.088545445       814.37156                 21.814264                        393.10221                          220.85062             166.91062                       11.693848
              1       408.59743       68.847871       3.0796838      0.97136656     0.022755616      0.11688819     0.047084438       1.0300951       0.9985029       2.1751524   2.1751524e-09       2.3811068      0.24604703      0.24737939       13.738947       1.9796694      0.70395793      0.29596583      0.14028867       147.48907      0.98253896      0.80538461       0.6013197      0.44352267      0.81525794       1.0412558       6.8104407       1.0300951       10.432064       641.84445     0.088545445      0.088545445       817.01777                 21.909545                        393.53402                          226.40089             164.74126                       10.432064
              1       406.90243       68.752118       3.0766504        0.971068     0.022755602      0.11713147     0.057486414       1.0174687      0.99793925       2.1685643   2.1685643e-09       2.3811092      0.24604703      0.24737939       13.740759       1.9330373      0.70261809      0.29730545      0.14053194       147.42406      0.98264151      0.80818653        0.601643      0.44426243      0.81477585        1.041232       7.8700811       1.0174687       10.699204       638.33409     0.088545445      0.088545445       813.62777                 22.254035                        390.06769                          226.01237             164.59448                       10.699204
              1       406.32604       69.048405       3.0811972       0.9744797     0.022613464      0.11610357     0.056007771        1.020435      0.99993968       2.1784467   2.1784467e-09       2.4057826      0.24598671      0.24731885       13.746618       1.9475975      0.70761885      0.29230535       0.1393619        147.8584      0.98046385      0.79588875      0.59905624       0.4404806      0.81472006       1.0413707       7.7387825        1.020435       10.919427       637.28391     0.088545445      0.088545445       812.47499                 21.832296                         390.1321                          225.31952             164.27165                       10.919427
              1       406.02922       68.843955       3.0759044      0.97392738      0.02254073      0.11629044     0.055773958        1.017964      0.99986152       2.1669471   2.1669471e-09        2.418553      0.24595557      0.24728759       13.761543       1.9382226      0.70563887      0.29428488      0.13947603       147.88959      0.98009089       0.7992475      0.59895094       0.4411469      0.81320354       1.0411522       7.7341727        1.017964       10.412282       636.08606     0.088545445      0.088545445       811.88135                 21.866326                        390.15588                          224.06385             165.38302                       10.412282
              1       405.50362       68.843955       3.0812628      0.97332482      0.02254073      0.11629044     0.055773958       1.0218284      0.99904189       2.1785897   2.1785897e-09        2.418553      0.24595557      0.24728759       13.761543       1.9486363      0.70563887      0.29428488      0.13947603       147.88959      0.98249313      0.80120649      0.60041899      0.44222817      0.81519673       1.0411522       7.7341727       1.0218284       10.412282       634.25534     0.088545445      0.088545445       810.83014                 21.837637                        390.15461                           222.2631             166.16252                       10.412282
              3       402.98481       68.843955       3.1196968      0.97593358      0.02254073      0.11629044     0.055773958       1.0419978      0.99875347       2.2639514   2.2639514e-09        2.418553      0.24595557      0.24728759       13.761543        2.024988      0.70563887      0.29428488      0.13947603       147.88959       1.0025597      0.81757047      0.61268205      0.45126032      0.83184645       1.0411522       7.7341727       1.0419978       10.412282       633.24957     0.088545445      0.088545445       805.79254                 21.397794                        390.23788                          221.61389             162.13069                       10.412282
              2       402.18669       68.843955       3.1005612      0.97786376      0.02254073      0.11629044     0.055773958       1.0327773       1.0017493       2.2210412   2.2210412e-09        2.418553      0.24595557      0.24728759       13.761543        1.986607      0.70563887      0.29428488      0.13947603       147.88959       0.9937501      0.81038636      0.60729832      0.44729503       0.8245369       1.0411522       7.7341727       1.0327773       10.412282        634.1947     0.088545445      0.088545445       804.19629                 21.067552                        390.29192                          222.83523             159.58931                       10.412282
              1       402.11404       68.649638       3.0953324      0.97670777     0.022530178      0.11675511     0.054470298       1.0301044      0.99971784       2.2094582   2.2094582e-09       2.4204138      0.24595104      0.24728305       13.766277       1.9814061      0.70300648      0.29691683      0.13993016       147.77637      0.99416323      0.81609183      0.60804473      0.44884277      0.82371471       1.0411025       7.6132125       1.0301044       10.468906       633.03364     0.088545445      0.088545445         804.051                 21.266648                        390.46122                          221.30577             160.54845                       10.468906
              6        402.3739       68.649544       3.0951573      0.97666175     0.022536716       0.1167997     0.055071254       1.0292953      0.99901404       2.2090714   2.2090714e-09       2.4192605      0.24595385      0.24728587       13.764883       1.9786796       0.7028972      0.29702612      0.13998128       147.75706      0.99425269      0.81643507      0.60815497      0.44896545      0.82378826       1.0411334        7.672952       1.0292953       10.483219        632.9756     0.088545445      0.088545445        804.5707                 21.292911                        390.33411                          221.34857             161.11188                       10.483219
              2       401.48868       68.384843       3.0879421      0.97485734     0.022546435      0.11754647     0.053898708       1.0256595       1.0012243       2.1931897   2.1931897e-09       2.4175478      0.24595801      0.24729005       13.767632       1.9690665      0.69897506      0.30094767      0.14073778       147.54615      0.99507789      0.82522002      0.60948041      0.45142176      0.82288094       1.0411209       7.5645436       1.0256595        12.07007       632.80008     0.088545445      0.088545445       802.80026                 21.564079                        390.47624                          220.75976             157.93012                        12.07007
              1       403.29467       68.384843       3.1455019      0.97052297     0.022546435      0.11754647     0.053898708       1.0547349       1.0001643       2.3231333   2.3231333e-09       2.4175478      0.24595801      0.24729005       13.767632        2.085731      0.69897506      0.30094767      0.14073778       147.54615       1.0224373      0.84790919      0.62623788      0.46383347       0.8455058       1.0411209       7.5645436       1.0547349        12.07007       633.36484     0.088545445      0.088545445       806.41225                 22.393685                        390.28738                          220.68378             160.97734                        12.07007
              2       402.74112       68.522575       3.1488614      0.97127716     0.022566386      0.11729968     0.056714016       1.0538185       1.0004095        2.330951    2.330951e-09       2.4140372      0.24596656      0.24729863       13.761627       2.0809995       0.7006671      0.29925593      0.14051093       147.58987       1.0223183      0.84436907      0.62591253      0.46293961      0.84625833       1.0412157       7.8387186       1.0538185       11.152475        633.6781     0.088545445      0.088545445       805.30515                 22.347339                        390.07981                          221.25095             160.47457                       11.152475
              3       402.92901        68.76136       3.1572088      0.97199988     0.022627613      0.11676345     0.053421846       1.0621405       1.0003394       2.3504897   2.3504897e-09       2.4033096      0.24599275      0.24732491       13.753493       2.1123055       0.7037471      0.29617647      0.14003593       147.66517       1.0223264      0.83800805      0.62538788      0.46135698      0.84773833       1.0411937       7.4867364       1.0621405       10.400819         635.014     0.088545445      0.088545445       805.68093                 22.159721                        390.45784                          222.39643             160.26611                       10.400819
              4        404.2865       68.742862        3.157383       0.9706501     0.022740874      0.11725015     0.052055505       1.0640848      0.99980064       2.3508993   2.3508993e-09       2.3836481      0.24604082      0.24737316       13.738743       2.1184547      0.70231802      0.29760551      0.14063589       147.40873       1.0237932      0.84274034      0.62695488      0.46306987      0.84884041        1.041369       7.3321568       1.0640848       10.703928        637.0146     0.088545445      0.088545445        808.3959                 22.290249                        390.78138                          223.94297             160.67737                       10.703928
              2       408.36518       68.253242       3.1406669      0.96817539      0.02271273      0.11873446     0.059829449        1.045242      0.99984643        2.311928    2.311928e-09       2.3885113      0.24602894      0.24736123       13.742445       2.0511957      0.69490599      0.30501644      0.14209206       147.04543       1.0248571      0.85942255       0.6292247        0.467613      0.84669102       1.0415606       8.1371414        1.045242       15.354561       639.62863     0.088545445      0.088545445       816.55327                 23.041191                        390.37019                          226.21725             161.57008                       15.354561
              3       408.03108       68.145608       3.1387123      0.96897554      0.02259812      0.11834451     0.071316465       1.0333604       1.0033611       2.3074135   2.3074135e-09       2.4084684      0.24598015      0.24731226       13.765681       2.0006943      0.69502797      0.30489421       0.1415875       147.27596       1.0233776      0.85719563       0.6277578      0.46647611      0.84480178       1.0411241        9.248659       1.0333604       15.488402       639.82254     0.088545445      0.088545445       815.88507                 23.158963                        395.31855                          221.34502             160.57413                       15.488402
              2       404.38681       68.663791       3.1541369      0.97184719      0.02262257      0.11696845     0.067579478       1.0469702       1.0035826       2.3432803   2.3432803e-09       2.4041905       0.2459906      0.24732275       13.756649       2.0470359      0.70248045       0.2974429      0.14023589       147.61585       1.0222989      0.84061259      0.62559415      0.46200171      0.84711384       1.0411369        8.867544       1.0469702       10.645002       636.56133     0.088545445      0.088545445       808.59653                 22.427197                        392.91853                           221.2156             161.39021                       10.645002
              1       404.19606       68.618768       3.1526954      0.97167192     0.022607887      0.11705395     0.065804426        1.047993      0.99953197       2.3399051   2.3399051e-09       2.4067582      0.24598433      0.24731645       13.758696        2.051357       0.7019395      0.29798375       0.1403067       147.60933       1.0222895      0.84170431      0.62566736      0.46226567      0.84682829       1.0411323       8.7056555        1.047993       10.784853       635.59921     0.088545445      0.088545445       808.21503                 22.393144                        392.15909                          221.04697             161.83097                       10.784853
              1       403.63723       68.661214       3.1533463      0.97174877     0.022626148      0.11708055     0.065172229       1.0488597       1.0012536       2.3414284   2.3414284e-09       2.4035655      0.24599213      0.24732428       13.753714       2.0552895      0.70221274       0.2977106      0.14035157       147.58183       1.0224758      0.84142329      0.62583141      0.46228088      0.84724455       1.0412401       8.6419655       1.0488597       10.674453       635.87596     0.088545445      0.088545445       807.09737                  22.38198                          391.904                          221.58997             160.54696                       10.674453
              1       401.83728       68.661214       3.1502061      0.97474489     0.022626148      0.11708055     0.065172229       1.0470511       1.0040876       2.3340875   2.3340875e-09       2.4035655      0.24599213      0.24732428       13.753714       2.0488457      0.70221274       0.2977106      0.14035157       147.58183       1.0220448      0.84106861      0.62556762      0.46208603      0.84688742       1.0412401       8.6419655       1.0470511       10.674453       634.74317     0.088545445      0.088545445       803.49748                 21.867947                        391.82421                          221.05102             158.07985                       10.674453
              6       405.81113       68.762138       3.1543068      0.97300708     0.022829761      0.11761661      0.05723365       1.0568805       1.0032566       2.3436786   2.3436786e-09       2.3683883      0.24607805      0.24741052        13.72466       2.0901889      0.70152186      0.29840171      0.14109124       147.21243       1.0244011      0.84538932       0.6278343      0.46402926      0.84946347       1.0415877       7.8374068       1.0568805         10.9498       639.51563     0.088545445      0.088545445       811.44518                 22.013952                        390.07644                          227.42524             160.97975                         10.9498
              1       404.60723       69.027087       3.1607587      0.97528511     0.022784161      0.11677784     0.061116513       1.0575162       1.0037426       2.3588485   2.3588485e-09       2.3761978      0.24605902      0.24739142       13.725391       2.0874444      0.70566486      0.29425929      0.14020687       147.48686       1.0231034      0.83536705      0.62605408      0.46109923      0.85002031       1.0415952       8.2118051       1.0575162       10.407312       637.81756     0.088545445      0.088545445       809.03736                 21.690835                        390.51488                          225.61184              160.8125                       10.407312
              2       405.04716       69.027087       3.1544475      0.97557322     0.022784161      0.11677784     0.061116513       1.0519896      0.99840329       2.3440084   2.3440084e-09       2.3761978      0.24605902      0.24739142       13.725391       2.0743118      0.70566486      0.29425929      0.14020687       147.48686       1.0199933      0.83282762      0.62415094      0.45969753      0.84743633       1.0415952       8.2118051       1.0519896       10.407312       637.32408     0.088545445      0.088545445       809.91722                 21.881584                        390.50686                          224.93563             162.18583                       10.407312
              5       405.07267       68.746194       3.1526836      0.97410882     0.022755945      0.11672649      0.06826607       1.0440303       1.0048882       2.3398773   2.3398773e-09       2.3810501      0.24604717      0.24737953       13.752333       2.0412581      0.70342303      0.29650051       0.1401273         147.532       1.0196194      0.83651975      0.62383364      0.46033622      0.84540037       1.0407805       8.8928377       1.0440303       10.696317       638.34002     0.088545445      0.088545445       809.96826                 22.257069                        393.16404                          222.91891             160.93192                       10.696317
              3       403.54486       68.615313       3.1485171        0.974184     0.022656284      0.11672022     0.062932542       1.0477874        1.002841       2.3301486   2.3301486e-09       2.3983099      0.24600497      0.24733718       13.766816       2.0545707      0.70251553      0.29740771      0.14002137       147.64476       1.0188614      0.83740104        0.623252      0.46025841      0.84396731       1.0406405       8.4134535       1.0477874       10.916693       634.35021     0.088545445      0.088545445       806.91263                 22.000261                        391.08039                          221.26956             161.64573                       10.916693
              2       401.96029       68.741855       3.1509191      0.97513407     0.022636634      0.11642699     0.059906973       1.0535352       1.0024897       2.3357522   2.3357522e-09       2.4017349       0.2459966      0.24732877       13.764194       2.0720119      0.70427187      0.29565166      0.13970849       147.74546        1.018427      0.83336201        0.622638      0.45912475      0.84438507       1.0407513       8.1210965       1.0535352       10.456906       632.36898     0.088545445      0.088545445       803.74349                 21.654006                        390.33164                          220.38333              160.9176                       10.456906
              3       402.18103       68.741855       3.1581895      0.97525152     0.022636634      0.11642699     0.059906973        1.056892       1.0026819        2.352796    2.352796e-09       2.4017349       0.2459966      0.24732877       13.764194       2.0871311      0.70427187      0.29565166      0.13970849       147.74546        1.022182      0.83643464      0.62493368      0.46081755      0.84749834       1.0407513       8.1210965        1.056892       10.456906       632.64478     0.088545445      0.088545445       804.18497                 21.686044                        390.32641                          220.63232             161.08329                       10.456906
             12       402.64641        68.22363       3.1382163      0.97363862     0.022493803      0.11778285     0.059733769       1.0463873       1.0017567       2.3062694   2.3062694e-09        2.426845      0.24593544      0.24726739        13.77692       2.0465669      0.69715596      0.30276639      0.14092152       147.54179       1.0223536      0.85144448      0.62639095       0.4646462      0.84443954        1.041028       8.1613238       1.0463873       13.332853        632.5882     0.088545445      0.088545445       805.11573                 21.777132                        390.39478                          220.41629             159.19467                       13.332853
              9       402.41644        68.22363       3.1476779      0.97615503     0.022493803      0.11778285     0.059733769       1.0509492       1.0043241        2.328194    2.328194e-09        2.426845      0.24593544      0.24726739        13.77692       2.0660226      0.69715596      0.30276639      0.14092152       147.54179       1.0281895       0.8563047      0.62996653       0.4672985      0.84925978        1.041028       8.1613238       1.0509492       13.332853        632.7298     0.088545445      0.088545445       804.65579                 21.428959                        390.38076                          220.92008             158.59313                       13.332853
              6       405.83529       68.483098       3.1568886      0.97670602     0.022595225      0.11731588     0.060835173       1.0572566        1.002955       2.3497373   2.3497373e-09       2.4089757      0.24597891      0.24731102       13.763892       2.0805519      0.70022588      0.29969707      0.14055597       147.55337        1.028578      0.85042112      0.62979549      0.46598311      0.85119473       1.0410423       8.2369721       1.0572566       11.525078       640.08753     0.088545445      0.088545445       811.49348                 21.198351                        390.57663                          228.31255             159.88087                       11.525078
              3       403.99704       68.512788       3.1564066      0.97763631     0.022509645      0.11702931     0.054284287       1.0630726      0.99750224       2.3486048   2.3486048e-09       2.4240409      0.24594224      0.24727421       13.771449       2.1069742      0.70127845      0.29864456      0.14018382       147.72573       1.0276602      0.84715986      0.62881661      0.46484981      0.85061953       1.0410427       7.6031821       1.0630726       10.937282       634.31704     0.088545445      0.088545445       807.81698                  21.03432                        390.48996                          222.79276             162.56266                       10.937282
              3       403.74948       68.512788       3.1571447      0.97670552     0.022509645      0.11702931     0.054284287       1.0602991       1.0036197       2.3503392   2.3503392e-09       2.4240409      0.24594224      0.24727421       13.771449       2.1085301      0.70127845      0.29864456      0.14018382       147.72573       1.0276728      0.84717029      0.62882435      0.46485553      0.85063001       1.0410427       7.6031821       1.0602991       10.937282       635.83728     0.088545445      0.088545445       807.32187                 21.450218                        390.43269                          223.95437             160.54731                       10.937282
              1       405.08427        68.58984       3.1587675      0.97630203     0.022569685      0.11704503     0.047904039       1.0675134       1.0036914       2.3541564   2.3541564e-09       2.4134574      0.24596798      0.24730005       13.762546       2.1390769      0.70178818      0.29813501      0.14025958       147.65437       1.0276218      0.84630272      0.62887804      0.46469679       0.8510659       1.0411347       6.9348868       1.0675134       10.787962       639.46502     0.088545445      0.088545445       809.99144                 21.434647                         393.1581                          224.87228             159.73846                       10.787962
              4       403.09965        68.58984       3.0934676      0.97859331     0.022569685      0.11704503     0.047904039       1.0351773       1.0046358       2.2053418   2.2053418e-09       2.4134574      0.24596798      0.24730005       13.762546       2.0038582      0.70178818      0.29813501      0.14025958       147.65437      0.99548676      0.81983778      0.60921225      0.45016515      0.82445201       1.0411347       6.9348868       1.0351773       10.787962       636.78036     0.088545445      0.088545445       806.02221                 20.956284                        393.36446                          222.45961             158.45389                       10.787962
              8       402.16644        68.58984       3.1252604      0.97678548     0.022569685      0.11704503     0.047904039       1.0512922       1.0045474       2.2765822   2.2765822e-09       2.4134574      0.24596798      0.24730005       13.762546       2.0685899      0.70178818      0.29813501      0.14025958       147.65437       1.0107363      0.83239657      0.61854454      0.45706106      0.83708149       1.0411347       6.9348868       1.0512922       10.787962       635.94463     0.088545445      0.088545445       804.15579                 21.225225                        393.24944                          221.46996             157.42319                       10.787962
              2       403.58232        68.58984       3.1153883      0.97802895     0.022569685      0.11704503     0.047904039       1.0470348       1.0069684       2.2542182   2.2542182e-09       2.4134574      0.24596798      0.24730005       13.762546       2.0482692      0.70178818      0.29813501      0.14025958       147.65437       1.0062396      0.82869333      0.61579271      0.45502765       0.8333574       1.0411347       6.9348868       1.0470348       10.787962       636.38376     0.088545445      0.088545445       806.98755                 20.986578                        393.36615                          222.03103             159.81582                       10.787962
              4       403.75798        68.58984       3.1107867      0.97774124     0.022569685      0.11704503     0.047904039       1.0450172       1.0067464       2.2438691   2.2438691e-09       2.4134574      0.24596798      0.24730005       13.762546       2.0388656      0.70178818      0.29813501      0.14025958       147.65437       1.0038162      0.82669756      0.61430967      0.45393179       0.8313504       1.0411347       6.9348868       1.0450172       10.787962       636.70179     0.088545445      0.088545445       807.33887                 20.989044                        393.36069                          222.35206             159.84912                       10.787962
              2       401.81856       68.958297       3.1211905      0.97927719     0.022648059      0.11637737      0.05070271       1.0475444       1.0037369       2.2673355   2.2673355e-09       2.3997426      0.24600147      0.24733366       13.746113       2.0486887       0.7062057       0.2937183       0.1396703       147.74603       1.0037513      0.81780201      0.61362373      0.45173621      0.83352647       1.0413104       7.1999942       1.0475444       10.491485       635.62357     0.088545445      0.088545445       803.46003                 20.928064                         391.8132                          222.88231             157.34497                       10.491485
              5       402.70473       69.103772        3.128456      0.98006441     0.022656215      0.11572509     0.051405033       1.0517409       1.0018835       2.2838689   2.2838689e-09       2.3983219      0.24600494      0.24733715       13.750954       2.0607311      0.70879024      0.29113408      0.13902617       147.91263       1.0033496      0.81185368      0.61266971       0.4500385      0.83407124       1.0410163       7.2597703       1.0517409       11.203608       635.09662     0.088545445      0.088545445       805.23237                  20.80677                         391.6057                          222.68415             158.93214                       11.203608
              1        402.7498       69.065908       3.1306869      0.97945847      0.02269602      0.11575783     0.053970157       1.0501088       1.0024183       2.2889697   2.2889697e-09       2.3914057      0.24602186      0.24735412       13.752301        2.054765      0.70831876      0.29160548      0.13909872        147.8592       1.0042482      0.81354189      0.61329843      0.45068258      0.83458954        1.040838       7.5108566       1.0501088       10.914902       634.05676     0.088545445      0.088545445        805.3225                 20.923735                        390.72761                          222.40542             160.35084                       10.914902
             13       403.81082       69.065908        3.152574      0.98018024      0.02269602      0.11575783     0.053970157       1.0615721      0.99890065       2.3396208   2.3396208e-09       2.3914057      0.24602186      0.24735412       13.752301       2.1002336      0.70831876      0.29160548      0.13909872        147.8592       1.0155812      0.82272272      0.62021952      0.45576855       0.8440079        1.040838       7.5108566       1.0615721       10.914902       634.07714     0.088545445      0.088545445       807.44455                 20.847165                        390.74492                          222.48505             162.45251                       10.914902
              4       403.24131       69.065908       3.1524369      0.98018092      0.02269602      0.11575783     0.053970157       1.0625637       1.0026605       2.3393001   2.3393001e-09       2.3914057      0.24602186      0.24735412       13.752301       2.0999457      0.70831876      0.29160548      0.13909872        147.8592       1.0155118      0.82266655      0.62017717      0.45573743      0.84395027        1.040838       7.5108566       1.0625637       10.914902       635.19575     0.088545445      0.088545445       806.30553                 20.764674                        390.74897                          223.68211             160.19487                       10.914902
              4       404.15547       69.160021       3.1563894      0.98020705     0.022744837      0.11558997      0.05362958       1.0645132       0.9995521       2.3485645   2.3485645e-09       2.3829646       0.2460425      0.24737484       13.747271       2.1096987      0.70936096      0.29056349      0.13897967        147.8499       1.0157694      0.82078702      0.62020167      0.45534775      0.84473924       1.0408101        7.463646       1.0645132       11.276652       634.79479     0.088545445      0.088545445       808.13384                 20.817739                        390.84054                          223.13651              162.0624                       11.276652
              2       402.54982       68.793728       3.1472152      0.97800254     0.022740657      0.11652951     0.054082421       1.0579832       1.0007381       2.3271168   2.3271168e-09       2.3836856      0.24604073      0.24737307       13.753943       2.0885399      0.70428127      0.29564237      0.13991503       147.60181       1.0171781      0.83263045      0.62210412      0.45872747      0.84366767       1.0407491       7.5245124       1.0579832       10.525683       634.44946     0.088545445      0.088545445       804.92255                 21.100427                        390.56359                          222.78545             159.94741                       10.525683
              6       402.99672       68.793728       3.1534845      0.97757671     0.022740657      0.11652951     0.054082421       1.0600113       1.0013723       2.3417521   2.3417521e-09       2.3836856      0.24604073      0.24737307       13.753943       2.1016748      0.70428127      0.29564237      0.13991503       147.60181       1.0202046      0.83510786      0.62395513      0.46009237      0.84617792       1.0407491       7.5245124       1.0600113       10.525683       634.46152     0.088545445      0.088545445       805.81636                 21.273411                        390.56295                          222.62516             160.82916                       10.525683
              1       402.81782       68.457789       3.1425643      0.97657884     0.022682217      0.11750414     0.065042191       1.0427653       1.0045901       2.3163188   2.3163188e-09       2.3938008        0.246016      0.24734824       13.758616       2.0337773      0.69941685      0.30050604      0.14083122        147.4062       1.0216315      0.84657308      0.62584819      0.46337468      0.84528994       1.0409443       8.6231435       1.0427653       12.239916       635.50712     0.088545445      0.088545445       805.45855                 21.561287                        391.73726                          222.20857             157.71151                       12.239916
              3       404.23259       68.439367       3.1448987      0.97553205     0.022767036      0.11769525     0.065332743       1.0429938      0.99941765       2.3217325   2.3217325e-09       2.3791409      0.24605184      0.24738421       13.752724       2.0373464      0.69866591      0.30125694      0.14110715       147.26106        1.022867      0.84938851      0.62691176      0.46445184      0.84619831       1.0408751       8.6333423       1.0429938       13.032956       637.34908     0.088545445      0.088545445       808.28808                 21.802651                         391.8711                          223.67533             157.90605                       13.032956
              1       402.16172       68.705336       3.1503686       0.9778871     0.022705778      0.11684344     0.066365312       1.0461598       1.0008161       2.3344667   2.3344667e-09       2.3897148      0.24602599      0.24735827       13.754119       2.0442948      0.70292871      0.29699473      0.14019408       147.55655         1.02117       0.8387992      0.62485673       0.4612832      0.84643432        1.040913        8.729996       1.0461598        10.71071       635.56515     0.088545445      0.088545445       804.14635                 21.406245                        392.21875                          221.94015              157.8705                        10.71071
             13       401.60444       68.417814       3.1359128       0.9773938     0.022565222      0.11748274     0.058129361       1.0453078         1.00173        2.300963    2.300963e-09       2.4142418      0.24596607      0.24729813       13.765937       2.0484205      0.69936115      0.30056165      0.14069283       147.54222       1.0195718      0.84476028      0.62443293      0.46234822      0.84333943        1.041103       7.9819947       1.0453078       11.892136       633.61059     0.088545445      0.088545445       803.03179                 21.376976                        390.21539                          222.01823             157.52907                       11.892136
              6       401.72793       68.618455       3.1408234      0.97850412     0.022568448       0.1169518     0.055570862       1.0510919       1.0018133       2.3122898   2.3122898e-09       2.4136748      0.24596745      0.24729952       13.762599       2.0690645      0.70223748      0.29768577      0.14016512       147.68075       1.0186627      0.83796139      0.62329033      0.46039427      0.84382205        1.041123       7.7184268       1.0510919       10.661605       634.21211     0.088545445      0.088545445       803.27876                 21.177221                        390.32411                          222.71078             158.40505                       10.661605
              9       401.02834       68.518799       3.1424272      0.97645342     0.022695836      0.11742287     0.055108593       1.0525776       1.0016983       2.3160013   2.3160013e-09       2.3914377      0.24602178      0.24735404       13.755061       2.0743025      0.70009599      0.29982703      0.14076357        147.4127       1.0206991       0.8444563      0.62520192      0.46263448      0.84489474       1.0410039       7.6515914       1.0525776       11.807624       633.68185     0.088545445      0.088545445        801.8796                 21.409146                        390.27848                          221.99423             156.39012                       11.807624
              2       401.78819       68.336346        3.134155      0.97605936     0.022614664      0.11779147     0.050339248       1.0529532       1.0017452       2.2969219   2.2969219e-09       2.4055726      0.24598722      0.24731936        13.76338       2.0769312      0.69787691       0.3020457        0.141051       147.40474       1.0198202       0.8482146      0.62498219      0.46332508      0.84304252       1.0410625       7.1898643       1.0529532       13.039519       634.61147     0.088545445      0.088545445       803.39929                 21.342748                        391.73502                           221.5337              155.7483                       13.039519
              3       402.41776       68.336346       3.0969395      0.97191633     0.022614664      0.11779147     0.050339248       1.0328254       1.0019527       2.2130118   2.2130118e-09       2.4055726      0.24598722      0.24731936        13.76338       2.0010577      0.69787691       0.3020457        0.141051       147.40474      0.99943454      0.83125927      0.61248915      0.45406347      0.82619057       1.0410625       7.1898643       1.0328254       13.039519       634.61932     0.088545445      0.088545445       804.65843                  22.06268                        391.46434                          221.09231             156.99959                       13.039519
              3       404.12201       68.336346       3.1000651      0.97147806     0.022614664      0.11779147     0.050339248       1.0332468       1.0035744       2.2199396   2.2199396e-09       2.4055726      0.24598722      0.24731936        13.76338        2.007322      0.69787691       0.3020457        0.141051       147.40474       1.0008301      0.83242003      0.61334442      0.45469752      0.82734426       1.0410625       7.1898643       1.0332468       13.039519       637.56007     0.088545445      0.088545445       808.06692                 22.281664                        391.38309                          223.89532             157.46733                       13.039519
              5       404.29749       68.336346       3.1354983      0.97348995     0.022614664      0.11779147     0.050339248       1.0539115       1.0074368       2.3000095   2.3000095e-09       2.4055726      0.24598722      0.24731936        13.76338       2.0797231      0.69787691       0.3020457        0.141051       147.40474       1.0195028      0.84795066      0.62478771      0.46318091      0.84278018       1.0410625       7.1898643       1.0539115       13.039519        633.9623     0.088545445      0.088545445       808.41789                 21.698135                        391.55312                          220.71105             161.41607                       13.039519
              3       403.16148       68.336346       3.1419823      0.97230356     0.022614664      0.11779147     0.050339248       1.0568573       1.0057445       2.3149712   2.3149712e-09       2.4055726      0.24598722      0.24731936        13.76338       2.0932518      0.69787691       0.3020457        0.141051       147.40474       1.0223498      0.85031859      0.62653245      0.46447435      0.84513367       1.0410625       7.1898643       1.0568573       13.039519       633.76568     0.088545445      0.088545445       806.14587                 21.940943                        391.48442                          220.34031             159.34068                       13.039519
              5       403.02138        68.59579       3.1537641      0.97232553     0.022766877      0.11738282      0.05331647        1.061038       1.0022193       2.3424069   2.3424069e-09       2.3791683      0.24605177      0.24738414       13.747406       2.1054854      0.70070296      0.29922024      0.14079456       147.34445       1.0237462      0.84590924      0.62710285      0.46380616      0.84789297       1.0410075       7.4557021        1.061038       11.609183       635.88444     0.088545445      0.088545445       805.86566                 21.974661                        390.49981                          223.40997             158.37204                       11.609183
              3        402.6147        68.59579       3.1520482      0.97551501     0.022766877      0.11738282      0.05331647       1.0604585       1.0023641        2.338391    2.338391e-09       2.3791683      0.24605177      0.24738414       13.747406       2.1018757      0.70070296      0.29922024      0.14079456       147.34445       1.0241196      0.84621777      0.62733157      0.46397533      0.84820222       1.0410075       7.4557021       1.0604585       11.609183       636.29238     0.088545445      0.088545445       805.05232                 21.438297                        390.66152                          224.19256             157.15076                       11.609183
              1        404.0439       68.485158       3.1477327      0.97524019     0.022725722      0.11760192     0.051989789       1.0567127       1.0039427       2.3283215   2.3283215e-09       2.3862644      0.24603443      0.24736674        13.75234       2.0983851      0.69935581      0.30056714      0.14097251       147.33174       1.0238403      0.84872826      0.62735854      0.46451655       0.8472868        1.041018       7.3332271       1.0567127       12.302899       637.21543     0.088545445      0.088545445       807.91071                 21.706893                        390.99476                          224.51378             158.39238                       12.302899
              3       403.16542       68.485158       3.1360415      0.97599256     0.022725722      0.11760192     0.051989789       1.0522528       1.0057534       2.3012591   2.3012591e-09       2.3862644      0.24603443      0.24736674        13.75234       2.0739953      0.69935581      0.30056714      0.14097251       147.33174       1.0181663      0.84402477      0.62388184      0.46194229       0.8425913        1.041018       7.3332271       1.0522528       12.302899       635.27937     0.088545445      0.088545445       806.15375                 21.421727                        391.06233                          222.79532             158.57148                       12.302899
              8       402.23484       68.485158        3.105121      0.97244489     0.022725722      0.11760192     0.051989789       1.0358306       1.0019834       2.2311919   2.2311919e-09       2.3862644      0.24603443      0.24736674        13.75234       2.0108476      0.69935581      0.30056714      0.14097251       147.33174        1.001185      0.82994779      0.61347649      0.45423783      0.82853823        1.041018       7.3332271       1.0358306       12.302899       635.38289     0.088545445      0.088545445       804.29259                 22.007166                        390.85882                           222.5169             156.60681                       12.302899
              2       402.98615        68.25914       3.0949642       0.9723891     0.022597093      0.11796906     0.049583658       1.0329386      0.99996276       2.2086448   2.2086448e-09       2.4086484      0.24597971      0.24731182       13.765863       2.0001292      0.69684964       0.3030728      0.14121102       147.37697       1.0000552      0.83384922      0.61304327      0.45486013      0.82623653       1.0410666       7.1177985       1.0329386       13.823613       634.43711     0.088545445      0.088545445       805.79522                 21.898578                        391.84881                          220.68972              157.5345                       13.823613
              6        404.9545       68.185136       3.0933931      0.97196748     0.022594591      0.11812988     0.049941699       1.0329868      0.99911678       2.2051774   2.2051774e-09       2.4090867      0.24597864      0.24731075       13.768114       1.9955597      0.69585072      0.30407155      0.14136934       147.33692       1.0003063      0.83607825      0.61336895      0.45547625       0.8259958       1.0410235       7.1577361       1.0329868       14.791345       636.16958     0.088545445      0.088545445       809.73192                 21.816839                        391.66516                          222.68757             158.77099                       14.791345
              1       405.18893        68.37449       3.1074753      0.97178848     0.022735226      0.11755016     0.057307665       1.0308601       1.0033191       2.2364508   2.2364508e-09       2.3846229      0.24603844      0.24737077       13.763293       1.9942636      0.69847218      0.30145052      0.14093025       147.33498       1.0021948      0.83230885      0.61404927      0.45499563      0.82870357       1.0406102       7.8626712       1.0308601       13.409179       636.25193     0.088545445      0.088545445       810.20078                 22.338205                        390.06803                           223.8457             160.53967                       13.409179
              1       405.91127       68.373008       3.1074428      0.97177505       0.0227355      0.11755442     0.057274719       1.0304085       1.0015822       2.2363782   2.2363782e-09       2.3845756      0.24603856      0.24737088       13.763301       1.9943302      0.69844942      0.30147328      0.14093478       147.33354       1.0022008      0.83236129      0.61405783      0.45501056      0.82869948       1.0406096       7.8594268       1.0304085       13.428945       637.50363     0.088545445      0.088545445       811.64546                 22.397765                        390.06803                          225.03784             160.71288                       13.428945
              4       405.08449       68.373008       3.1017471      0.97384157       0.0227355      0.11755442     0.057274719       1.0281652       1.0033854       2.2236768   2.2236768e-09       2.3845756      0.24603856      0.24737088       13.763301       1.9830035      0.69844942      0.30147328      0.14093478       147.33354         1.00014      0.83064976      0.61279518      0.45407495      0.82699547       1.0406096       7.8594268       1.0281652       13.428945       635.68355     0.088545445      0.088545445       809.99189                 21.949125                        390.08722                           223.6472              160.8794                       13.428945
              4       407.00712       68.373008       3.1010739      0.97333191       0.0227355      0.11755442     0.057274719       1.0286443       1.0073191       2.2221801   2.2221801e-09       2.3845756      0.24603856      0.24737088       13.763301       1.9816688      0.69844942      0.30147328      0.14093478       147.33354      0.99960863      0.83020844      0.61246961      0.45383371       0.8265561       1.0406096       7.8594268       1.0286443       13.428945       634.96899     0.088545445      0.088545445       813.83715                 21.939705                        390.08636                          222.94292             165.43921                       13.428945
              1       408.50329       68.953719       3.1201827      0.97575917     0.022849328      0.11619832     0.060206698       1.0371126       1.0072557       2.2650517   2.2650517e-09       2.3650494      0.24608618      0.24741868       13.745909       2.0080904      0.70611996      0.29380403      0.13969252       147.56967      0.99925639      0.81432662      0.61090013      0.44976397      0.82976628        1.040589       8.0970733       1.0371126       10.486366       636.86243     0.088545445      0.088545445       816.82948                 21.635245                        390.33622                          224.89096             169.48069                       10.486366
             12       405.86299       68.953719       3.1206622      0.97577942     0.022849328      0.11619832     0.060206698       1.0373641       1.0022286       2.2661382   2.2661382e-09       2.3650494      0.24608618      0.24741868       13.745909       2.0090536      0.70611996      0.29380403      0.13969252       147.56967      0.99950379      0.81452823      0.61105138      0.44987532      0.82997172        1.040589       8.0970733       1.0373641       10.486366       636.85127     0.088545445      0.088545445       811.54888                 21.631776                        390.33622                          224.88327             164.21124                       10.486366
              1       406.82391       68.930765       3.1201143      0.97564606     0.022848278      0.11625012     0.060152061       1.0382151       1.0022247       2.2648969   2.2648969e-09       2.3652283      0.24608574      0.24741824       13.746545       2.0081725      0.70581741      0.29410653      0.13974326       147.55694      0.99957224      0.81520308      0.61114872      0.45006275      0.82989039       1.0405798       8.0929088       1.0382151       10.492588       638.13543     0.088545445      0.088545445       813.47073                 21.531398                        390.33292                          226.27112             164.84271                       10.492588
              6       408.06039       68.930765       3.1129734      0.97732629     0.022848278      0.11625012     0.060152061       1.0346509       1.0047213       2.2487809   2.2487809e-09       2.3652283      0.24608574      0.24741824       13.746545       1.9938833      0.70581741      0.29410653      0.13974326       147.55694       0.9966534      0.81282261      0.60936411      0.44874853      0.82746703       1.0405798       8.0929088       1.0346509       10.492588       638.45859     0.088545445      0.088545445       815.94369                 21.272399                        390.36641                          226.81978             166.99251                       10.492588
              2        406.9322       68.930765       3.1131439      0.97356135     0.022848278      0.11625012     0.060152061       1.0331496       1.0036877       2.2491645   2.2491645e-09       2.3652283      0.24608574      0.24741824       13.746545       1.9942234      0.70581741      0.29410653      0.13974326       147.55694       0.9952972      0.81171656      0.60853491      0.44813789      0.82634105       1.0405798       8.0929088       1.0331496       10.492588       637.83925     0.088545445      0.088545445       813.68731                  22.03073                        390.31439                          225.49413             165.35547                       10.492588
              1       406.15798       68.952353       3.1114886      0.97422818       0.0227976      0.11614395     0.059153035       1.0338427      0.99799828       2.2454445   2.2454445e-09        2.373892      0.24606464      0.24739706       13.748937        1.994907      0.70633149       0.2935925      0.13958641       147.64187      0.99445634      0.80988173      0.60785012      0.44743788      0.82577222       1.0406588       8.0059852       1.0338427       10.470717       635.78137     0.088545445      0.088545445       812.13888                 21.836354                        390.17259                          223.77242             165.88679                       10.470717
              1       403.21775       68.734828       3.0961261      0.97544589     0.022550667       0.1163883     0.053682015       1.0319283      0.99955992       2.2112125   2.2112125e-09       2.4168025      0.24595983      0.24729187        13.76824       1.9861081      0.70447525      0.29544826      0.13958384       147.85205      0.99153425      0.81081225      0.60606123      0.44682438      0.82204604       1.0409085       7.5230826       1.0319283       10.367889       632.80277     0.088545445      0.088545445       806.25841                 21.403885                        390.56808                          220.83081             163.08774                       10.367889
              4       403.09528       68.734828       3.0982917      0.97591544     0.022550667       0.1163883     0.053682015       1.0317435       1.0018411       2.2160063   2.2160063e-09       2.4168025      0.24595983      0.24729187        13.76824       1.9904139      0.70447525      0.29544826      0.13958384       147.85205      0.99278726      0.81183688      0.60682711      0.44738903      0.82308487       1.0409085       7.5230826       1.0317435       10.367889        634.1846     0.088545445      0.088545445       806.01347                 21.465845                        390.58614                          222.13262             161.46098                       10.367889
              9       403.64528       68.716367       3.0978183      0.97580337     0.022549389      0.11642745     0.053380432       1.0313589       1.0034085       2.2149576   2.2149576e-09       2.4170275      0.24595928      0.24729132       13.768834       1.9906722      0.70423625      0.29568722       0.1396217       147.84294      0.99281233      0.81233923      0.60688359      0.44752112      0.82299512       1.0408991        7.493462       1.0313589       10.382011       635.29216     0.088545445      0.088545445       807.11346                  21.51666                          390.631                           223.1445             161.43929                       10.382011
              5       402.31189       68.248193       3.0834596      0.97383589     0.022489956      0.11769606     0.060083879       1.0165464       1.0026287       2.1833809   2.1833809e-09       2.4275265      0.24593379      0.24726574       13.777216       1.9361603       0.6975685      0.30235391      0.14083088       147.56927      0.99427655      0.82719458      0.60909029       0.4516589      0.82139636       1.0410186        8.195016       1.0165464         13.0109       632.42082     0.088545445      0.088545445       804.44669                 21.901444                        390.42739                          220.09198             159.01497                         13.0109
              2       401.34912       68.762361       3.1006856      0.97474507     0.022685741      0.11682398     0.056858201       1.0303943       1.0027741       2.2213176   2.2213176e-09       2.3931889       0.2460175      0.24734975       13.750159       1.9825505      0.70350477       0.2964188      0.14015458        147.5841      0.99474534        0.816006      0.60864456      0.44909703      0.82487341       1.0411127        7.818347       1.0303943       10.491607       633.85127     0.088545445      0.088545445       802.52114                 21.635451                        390.15235                          222.06347             158.17826                       10.491607
             16       403.49758       68.826274       3.0960969      0.97543522     0.022643978      0.11693191     0.050605498       1.0343749       1.0005095        2.211148    2.211148e-09        2.400454      0.24599973      0.24733192       13.742707        1.998308      0.70391548      0.29600823      0.14022076       147.60178      0.99340929      0.81427224      0.60789881      0.44839136      0.82414825       1.0415248        7.199519       1.0343749       10.335303       636.68779     0.088545445      0.088545445       806.81806                 21.401257                        391.64367                          223.64287             159.79496                       10.335303
