#        weight    minuslogpost              H0            logA              ns           ombh2           omch2             tau           A_act           P_act               A              As           DHBBN             YHe             Y_p             age           clamp        omega_de          omegam        omegamh2           rdrag            s8h5      S8_optimal     s8omegamp25      s8omegamp5          sigma8       thetastar            zrei        A_planck       chi2__BAO       chi2__CMB   minuslogprior minuslogprior__0            chi2 chi2__planck_2018_lowl.TT chi2__planck_2018_lowl.EE_sroll2 chi2__act_dr6_cmbonly.PlanckActCut chi2__act_dr6_cmbonly chi2__bao.desi_dr2.desi_bao_all
              1       509.00368       68.057262       3.0528131      0.96104024     0.022259042      0.12047435     0.048976646       1.0034257       1.0109079       2.1174828   2.1174828e-09       2.4689777      0.24583503      0.24716662       13.725079       1.9199031      0.69036946      0.30955251      0.14337825       147.08952      0.99169389      0.84152428      0.61023689      0.45517882      0.81811598       1.0439688       7.1663811       1.0034257       15.327295       714.44889     0.088545445      0.088545445       1017.8303                 25.338217                        391.01753                          298.09314             288.05409                       15.327295
              2       495.34192       68.057262       3.0520206      0.96642512     0.022259042      0.12047435     0.048976646       1.0101686       1.0076623       2.1158053   2.1158053e-09       2.4689777      0.24583503      0.24716662       13.725079       1.9183822      0.69036946      0.30955251      0.14337825       147.08952      0.99333995      0.84292108      0.61124979      0.45593435      0.81947393       1.0439688       7.1663811       1.0101686       15.327295       688.27183     0.088545445      0.088545445       990.50674                 22.906355                         391.5552                          273.81028             286.90762                       15.327295
              1       472.94365       68.089701       3.0540617      0.96693817     0.022324781      0.12028926     0.050049402       1.0072438       1.0029015       2.1201283   2.1201283e-09       2.4570685      0.24586315      0.24719484       13.725421       1.9181819      0.69092184      0.30900021      0.14325891       147.06516      0.99292198      0.84141376      0.61086541      0.45544426      0.81932431       1.0437029       7.2624203       1.0072438       15.294641       674.65423     0.088545445      0.088545445       945.71021                 23.273637                        391.07644                          260.30416             255.76133                       15.294641
              3       472.81148       68.089701       3.0534638      0.96692648     0.022324781      0.12028926     0.050049402       1.0072438       1.0029015       2.1188611   2.1188611e-09       2.4570685      0.24586315      0.24719484       13.725421       1.9170354      0.69092184      0.30900021      0.14325891       147.06516      0.99262077      0.84115851       0.6106801      0.45530609      0.81907576       1.0437029       7.2624203       1.0072438       15.294641       674.19151     0.088545445      0.088545445       945.44588                 23.232031                        391.05009                          259.90938             255.95972                       15.294641
              1       469.51488       68.089701       3.0523731      0.97528966     0.022324781      0.12028926     0.050049402       1.0072438       1.0029015       2.1165512   2.1165512e-09       2.4570685      0.24586315      0.24719484       13.725421       1.9149455      0.69092184      0.30900021      0.14325891       147.06516       0.9952628       0.8433974      0.61230553      0.45651797      0.82125587       1.0437029       7.2624203       1.0072438       15.294641       674.32265     0.088545445      0.088545445       938.85267                 21.633466                        391.48542                          261.20376             249.23538                       15.294641
              1       421.19147       68.102054       3.0494689       0.9782136     0.022346232       0.1189449     0.050270896       1.0074609       1.0029015       2.1104133   2.1104133e-09       2.4532012      0.24587231      0.24720403        13.76007       1.9085466      0.69388634      0.30603574        0.141936       147.39702      0.98757294      0.82972674      0.60616705      0.45085341      0.81498438       1.0422759       7.2582667       1.0074609       14.271615       648.50143     0.088545445      0.088545445       842.20584                 21.118782                        391.69285                          235.68981              179.4328                       14.271615
              6       414.39722       68.383672        3.074522      0.97992089      0.02252997      0.11848975     0.063030513       1.0078932       1.0029015       2.1639535   2.1639535e-09       2.4204505      0.24595096      0.24728296       13.742498       1.9076571      0.69698284      0.30293988      0.14166458       147.31313       0.9956066      0.83056888      0.61080571      0.45315023      0.82331111       1.0421608       8.4880713       1.0078932       12.381716       644.42102     0.088545445      0.088545445       828.61735                 21.153335                        391.12233                          232.14536             171.81461                       12.381716
              2       411.84793       68.298691       3.0558651      0.97965291     0.022686996      0.11849839     0.053028918       1.0078932       1.0062066       2.1239552   2.1239552e-09        2.392971      0.24601803      0.24735028        13.74552       1.9102272      0.69587315      0.30404937      0.14183025       147.13644      0.98540049       0.8242511      0.60472092      0.44904619      0.81436474       1.0415132       7.4617616       1.0078932       14.389997       641.47582     0.088545445      0.088545445       823.51877                  21.06148                        390.81142                          229.60293             167.65295                       14.389997
             13       407.79744       68.298691       3.0554041      0.97432536     0.022686996      0.11849839     0.053028918       1.0081331       1.0062066       2.1229762   2.1229762e-09        2.392971      0.24601803      0.24735028        13.74552       1.9093467      0.69587315      0.30404937      0.14183025       147.13644      0.98316281      0.82237937       0.6033477      0.44802649      0.81251546       1.0415132       7.4617616       1.0081331       14.389997         637.967     0.088545445      0.088545445       815.41778                 21.770645                        390.59833                          225.59802             163.06078                       14.389997
             18       408.24702       68.298691       3.0573916      0.97297573     0.022686996      0.11849839     0.053028918       1.0081331       1.0062066          2.1272      2.1272e-09        2.392971      0.24601803      0.24735028        13.74552       1.9131454      0.69587315      0.30404937      0.14183025       147.13644      0.98363207      0.82277188      0.60363567      0.44824033      0.81290327       1.0415132       7.4617616       1.0081331       14.389997       638.82346     0.088545445      0.088545445       816.31695                 22.110921                        390.51989                          226.19265             163.10349                       14.389997
              2       407.12477       68.419122       3.0461219      0.97416357     0.022588365      0.11780971      0.04851432       1.0081331       1.0007739       2.1033615   2.1033615e-09       2.4101783      0.24597598      0.24730807       13.756266       1.9088637      0.69862471      0.30129809      0.14104294       147.42913      0.97517815      0.80976746      0.59761543      0.44276257      0.80662692       1.0413954       7.0064722       1.0081331       12.127417       638.27568     0.088545445      0.088545445       814.07244                 21.729907                         392.5154                          224.03037             163.66935                       12.127417
              7       406.63067       68.372523        3.050304      0.97532699     0.022573863      0.11731636     0.051336427       1.0111451       1.0007739       2.1121764   2.1121764e-09       2.4127233      0.24596977      0.24730184        13.77427       1.9060747      0.69930013      0.30062256      0.14053509       147.57706      0.97529684      0.80795636      0.59714942      0.44216912      0.80645033       1.0407685       7.2933313       1.0111451       12.248241       636.42448     0.088545445      0.088545445       813.08425                 21.252232                        391.30099                          223.87126             164.41153                       12.248241
              6       403.27069       68.403881       3.0554795      0.97529413     0.022568071      0.11737857     0.053905987       1.0093976       1.0022016       2.1231363   2.1231363e-09       2.4137411      0.24596729      0.24729935       13.769944       1.9061441      0.69945519      0.30046757      0.14059151       147.56688      0.97806773      0.81006155      0.59890605      0.44341268      0.80892694       1.0409429       7.5575896       1.0093976       11.980794       632.95158     0.088545445      0.088545445       806.36428                 21.486097                        390.50857                          220.95692             161.43191                       11.980794
             13       404.44763       68.437415       3.0510265      0.97436878     0.022592368      0.11776554     0.051054776       1.0093976       1.0022016        2.113703    2.113703e-09       2.4094764      0.24597769      0.24730979       13.755741       1.9085272      0.69887156      0.30105128      0.14100278       147.43645      0.97730655      0.81104492      0.59887713      0.44360644       0.8084955       1.0413925       7.2685407       1.0093976       11.986363       635.60142     0.088545445      0.088545445       808.71817                 21.612724                         391.2595                           222.7292             161.13038                       11.986363
              4       403.51099       68.437278          3.0638      0.97576987     0.022610758      0.11726102     0.058157737       1.0089814       1.0022016       2.1408755   2.1408755e-09       2.4062559      0.24598555      0.24731769        13.76903       1.9057953       0.6999083      0.30001454      0.14051664       147.55073      0.98121111      0.81176022      0.60075085      0.44461076      0.81172481       1.0408073       7.9701073       1.0089814        11.91786       633.07105     0.088545445      0.088545445        806.8449                 21.562353                        390.19659                          221.31211             161.85599                        11.91786
             16        403.3956       68.472446       3.0780736      0.97550249      0.02264977      0.11753603     0.064933659       1.0103938       1.0022016       2.1716527   2.1716527e-09       2.3994445       0.2460022      0.24733439       13.757333       1.9071713      0.69954671      0.30037621      0.14083066       147.43376      0.98918124      0.81945224      0.60596868      0.44860753      0.81852848       1.0411051        8.621675       1.0103938       11.947132       636.88736     0.088545445      0.088545445       806.61411                  21.65683                        391.72657                          223.50396             157.77962                       11.947132
              3       402.92423       68.375274        3.070623      0.97445441     0.022623087      0.11792819     0.060712633       1.0089048       1.0022016       2.1555327   2.1555327e-09       2.4041003      0.24599082      0.24732297       13.755974       1.9090631      0.69791036      0.30201234      0.14119615       147.35895      0.98783818       0.8217665      0.60553816      0.44889802       0.8168369       1.0413018       8.2297047       1.0089048       12.778138       634.78763     0.088545445      0.088545445       805.67137                 21.892012                        390.51875                          222.37687              158.1056                       12.778138
             30       403.05099       68.375274       3.0694677      0.97336468     0.022623087      0.11792819     0.060712633       1.0089048       1.0022016       2.1530438   2.1530438e-09       2.4041003      0.24599082      0.24732297       13.755974       1.9068589      0.69791036      0.30201234      0.14119615       147.35895      0.98685607       0.8209495      0.60493614      0.44845173       0.8160248       1.0413018       8.2297047       1.0089048       12.778138       634.81853     0.088545445      0.088545445       805.92489                 22.007975                        390.50557                          222.30499             158.32822                       12.778138
              2       404.15087        68.34078       3.0786994      0.97319897      0.02263211      0.11809592     0.065159911       1.0089048       1.0002383       2.1730121   2.1730121e-09       2.4025243      0.24599467      0.24732684       13.754218       1.9075018       0.6972269      0.30269572      0.14137289       147.30423      0.99233185      0.82697698      0.60848303      0.45133607      0.82034569       1.0413539        8.658323       1.0089048       13.264202       636.77653     0.088545445      0.088545445       808.12464                 22.175251                        391.90092                          222.70037             158.08391                       13.264202
              1       404.04584        68.38587       3.0835167      0.97367774     0.022640638      0.11792882     0.067803155       1.0089048       1.0002383       2.1835054   2.1835054e-09       2.4010363      0.24599831      0.24733049       13.754541       1.9066071      0.69796511      0.30195761      0.14121432       147.33927      0.99374558         0.82661      0.60917896      0.45157656      0.82178536       1.0412893       8.9025981       1.0089048       12.793457       637.57237     0.088545445      0.088545445       807.91459                 22.165776                        393.05453                          222.35206             157.54877                       12.793457
              3       405.28955        68.38587       3.0881408      0.97501234     0.022640638      0.11792882     0.067803155       1.0096689       1.0002383       2.1936257   2.1936257e-09       2.4010363      0.24599831      0.24733049       13.754541        1.915444      0.69796511      0.30195761      0.14121432       147.33927      0.99655493      0.82894685      0.61090113      0.45285318      0.82410858       1.0412893       8.9025981       1.0096689       12.793457       638.67707     0.088545445      0.088545445       810.40201                 22.120676                        393.04479                           223.5116             158.93148                       12.793457
             19       405.02172       68.372113       3.0843468      0.97493759     0.022611325      0.11791379     0.065985917       1.0110568       1.0072573       2.1853188   2.1853188e-09       2.4061567      0.24598579      0.24731793       13.756967       1.9151384      0.69793839       0.3019843      0.14116999       147.37587      0.99484788      0.82750948      0.60980681      0.45205196      0.82261415       1.0413077       8.7383881       1.0110568        12.72443       636.34213     0.088545445      0.088545445       809.86635                 21.897776                        392.24219                          222.20216             160.79979                        12.72443
              8       405.19048       68.370268       3.0840271      0.97482761     0.022617271      0.11796309      0.06573956       1.0110568       1.0072573       2.1846201   2.1846201e-09       2.4051168      0.24598833      0.24732048       13.755626       1.9154697      0.69780391      0.30211878      0.14122523       147.35608      0.99487579      0.82785319      0.60988357       0.4521592      0.82262613       1.0413389       8.7145433       1.0110568       12.803546       636.49303     0.088545445      0.088545445       810.20387                 21.916279                        392.14622                          222.43053              160.9073                       12.803546
             13         403.012       68.365104       3.0806123       0.9752345     0.022644736      0.11775745     0.064185424       1.0110803       1.0041303        2.177173    2.177173e-09       2.4003217      0.24600005      0.24733224       13.760939       1.9148827      0.69813949      0.30178319      0.14104705       147.38035      0.99201446      0.82461581       0.6079376      0.45059126      0.82022923        1.041035       8.5555674       1.0110803       12.946517       635.14547     0.088545445      0.088545445       805.84691                 21.798785                        391.50853                          221.83815             157.75492                       12.946517
              2       403.43601       68.365104       3.0794163      0.97441982     0.022644736      0.11775745     0.064185424       1.0110803       1.0041303       2.1745706   2.1745706e-09       2.4003217      0.24600005      0.24733224       13.760939       1.9125939      0.69813949      0.30178319      0.14104705       147.38035       0.9911124      0.82386597      0.60738479      0.45018153      0.81948338        1.041035       8.5555674       1.0110803       12.946517       635.60049     0.088545445      0.088545445       806.69493                 21.864375                         391.5429                          222.19322             158.14792                       12.946517
              9       404.59067       68.335505       3.0795979      0.97472628     0.022619389      0.11760952     0.064552802       1.0116722       1.0041303       2.1749656   2.1749656e-09       2.4047465      0.24598924      0.24732139       13.768293       1.9115362      0.69824899      0.30167362      0.14087378         147.448      0.99083302      0.82318632        0.607027       0.4498755      0.81907501       1.0408543       8.5937318       1.0116722       12.999094        636.0792     0.088545445      0.088545445       809.00424                 21.727955                        391.66148                          222.68976             159.92595                       12.999094
              9       404.45641       68.379255        3.073513      0.97428108     0.022663109      0.11777136     0.061105552       1.0116722        1.004648       2.1617712   2.1617712e-09        2.397122      0.24600788      0.24734009       13.758805       1.9130843      0.69819535      0.30172736      0.14107934       147.35617      0.98801385      0.82123851      0.60552055      0.44877903      0.81700594       1.0410443       8.2552287       1.0116722       12.939861       636.17766     0.088545445      0.088545445       808.73573                 21.752343                        390.61625                          223.80907             159.61821                       12.939861
              1       404.44902        68.40346       3.0729808      0.97422404     0.022664699      0.11779278      0.06080163       1.0116722        1.004648       2.1606211   2.1606211e-09       2.3968454      0.24600855      0.24734077       13.756034       1.9132292      0.69835974      0.30156303      0.14110234       147.34871      0.98773697      0.82075114      0.60537553      0.44861045      0.81692153       1.0411351       8.2259255       1.0116722       12.726578       636.44483     0.088545445      0.088545445       808.72094                 21.760209                        390.56605                          224.11858             159.54953                       12.726578
              1       404.94376       68.396514       3.0665821      0.97442712     0.022689583      0.11764973     0.057655369       1.0116722        1.004648         2.14684     2.14684e-09       2.3925221      0.24601913      0.24735138        13.75987       1.9130259      0.69855106      0.30137169      0.14098418       147.35917      0.98371623      0.81690188      0.60278499      0.44661987      0.81355482       1.0408983       7.9094292       1.0116722       12.899834       635.62865     0.088545445      0.088545445       809.71042                 21.651375                        390.12679                          223.85048             161.18194                       12.899834
              9       405.00136       68.396514        3.069634      0.97535138     0.022689583      0.11764973     0.057655369        1.010865       1.0030893        2.153402    2.153402e-09       2.3925221      0.24601913      0.24735138        13.75987       1.9188733      0.69855106      0.30137169      0.14098418       147.35917      0.98556705      0.81843884      0.60391911      0.44746017      0.81508548       1.0408983       7.9094292        1.010865       12.899834       636.00484     0.088545445      0.088545445       809.82563                  21.76427                        390.10159                          224.13897             160.92096                       12.899834
             10       403.32243       68.391804       3.0700529      0.97502542     0.022669105      0.11779285     0.057745412       1.0112955       1.0030893       2.1543042   2.1543042e-09       2.3960789      0.24601043      0.24734265       13.756944       1.9193315      0.69824735      0.30167539      0.14110682       147.34378      0.98660865      0.82001862      0.60468879      0.44814328      0.81591882        1.041089       7.9256835       1.0112955       12.867592       634.83506     0.088545445      0.088545445       806.46777                 21.772294                        390.09864                          222.96412             158.76512                       12.867592
              1       403.44659       68.376124       3.0679042      0.97470097     0.022670727      0.11791995     0.056480079       1.0128513       1.0030893       2.1496802   2.1496802e-09        2.395797      0.24601112      0.24734334       13.754826       1.9200648       0.6978336       0.3020891      0.14123555       147.30817      0.98616531      0.82056764      0.60455487      0.44819756      0.81545869       1.0411732       7.8022368       1.0128513       13.090957       635.55873     0.088545445      0.088545445       806.71609                 21.631817                        390.13768                          223.78923              158.0664                       13.090957
             12        404.9573       68.376124       3.0647925      0.97013045     0.022670727      0.11791995     0.056480079       1.0110422       1.0030893       2.1430014   2.1430014e-09        2.395797      0.24601112      0.24734334       13.754826       1.9140994       0.6978336       0.3020891      0.14123555       147.30817       0.9829129      0.81786137      0.60256103      0.44671939      0.81276927       1.0411732       7.8022368       1.0110422       13.090957       635.77406     0.088545445      0.088545445        809.7375                 22.443797                         390.0722                          223.25806             160.87249                       13.090957
              8       404.43575       68.376124       3.0653433      0.97032857     0.022670727      0.11791995     0.056480079       1.0110422       1.0030893       2.1441822   2.1441822e-09        2.395797      0.24601112      0.24734334       13.754826       1.9151541       0.6978336       0.3020891      0.14123555       147.30817      0.98325805      0.81814856      0.60277262      0.44687626      0.81305468       1.0411732       7.8022368       1.0110422       13.090957       635.38113     0.088545445      0.088545445       808.69441                 22.442451                        390.05829                          222.88038             160.22232                       13.090957
              5       405.75101       68.310882       3.0523943      0.97059125     0.022482209      0.11759643     0.050916837       1.0105674       1.0015567       2.1165961   2.1165961e-09          2.4289      0.24593047       0.2472624       13.774586       1.9116668      0.69835345      0.30156911       0.1407235       147.60451      0.97702626      0.81131633      0.59840869      0.44344995      0.80751608       1.0411188       7.2742537       1.0105674       12.333574       633.96289     0.088545445      0.088545445       811.32493                 22.173433                        391.19331                          220.59615             165.02846                       12.333574
              2       404.38433       68.310882       3.0652161      0.97155597     0.022482209      0.11759643     0.050916837       1.0169534       1.0015567       2.1439095   2.1439095e-09          2.4289      0.24593047       0.2472624       13.774586       1.9363357      0.69835345      0.30156911       0.1407235       147.60451      0.98367197      0.81683489      0.60247906      0.44646628      0.81300879       1.0411188       7.2742537       1.0169534       12.333574       633.62996     0.088545445      0.088545445       808.59157                 22.019855                         391.2314                           220.3787             162.62804                       12.333574
              1       404.33102       68.310475       3.0654113      0.97188115     0.022480452      0.11745014     0.051213999       1.0169534       1.0015567        2.144328    2.144328e-09       2.4292117      0.24592972      0.24726165       13.778674        1.935563      0.69866711      0.30125545      0.14057546       147.64561      0.98311397      0.81560487      0.60197887      0.44597958      0.81254519       1.0409661       7.3027579       1.0169534       12.268387       632.93324     0.088545445      0.088545445       808.48495                 21.958302                        391.07615                          219.89879             163.28331                       12.268387
             10       405.81167       68.356809       3.0632529      0.97234621     0.022528866      0.11723908     0.050239558       1.0181564       1.0035589       2.1397047   2.1397047e-09       2.4206453      0.24595048      0.24728249       13.779015       1.9351575      0.69942355      0.30049911      0.14041282       147.64805      0.98051678      0.81188715      0.60021483      0.44439332       0.8106734       1.0407544       7.1884713       1.0181564       12.088371       633.68738     0.088545445      0.088545445       811.44624                  21.73683                        391.59114                          220.35942             165.67049                       12.088371
             13       406.26842       68.356801       3.0632562      0.97234689     0.022528906      0.11723883     0.050241426       1.0181564       0.9994018       2.1397117   2.1397117e-09       2.4206383       0.2459505       0.2472825       13.779022       1.9351566      0.69942395      0.30049871       0.1404126       147.64807      0.98051694      0.81188626      0.60021469      0.44439307      0.81067348        1.040754       7.1886518       1.0181564       12.088572       633.68684     0.088545445      0.088545445       812.35976                 21.736758                        391.59114                          220.35895             166.58434                       12.088572
              7       405.70804       68.356801       3.0630922      0.97272678     0.022528906      0.11723883     0.050241426       1.0169318       0.9994018       2.1393609   2.1393609e-09       2.4206383       0.2459505       0.2472825       13.779022       1.9348393      0.69942395      0.30049871       0.1404126       147.64807      0.98057873      0.81193742      0.60025251      0.44442107      0.81072457        1.040754       7.1886518       1.0169318       12.088572       633.27942     0.088545445      0.088545445       811.23898                 21.802817                        391.59243                          219.88417             165.87099                       12.088572
              1       406.28856       68.356801       3.0599349      0.97412165     0.022528906      0.11723883     0.050241426       1.0168545       0.9994018       2.1326169   2.1326169e-09       2.4206383       0.2459505       0.2472825       13.779022         1.92874      0.69942395      0.30049871       0.1404126       147.64807      0.97955354      0.81108854      0.59962495      0.44395643      0.80987696        1.040754       7.1886518       1.0168545       12.088572       634.59868     0.088545445      0.088545445       812.40002                 21.425923                        391.72251                          221.45025             165.71276                       12.088572
              6       405.86277       68.451802       3.0703144      0.97511852     0.022465507      0.11685985     0.056221353       1.0168545      0.99951257       2.1548676   2.1548676e-09       2.4318652      0.24592331      0.24725521       13.782725       1.9256943      0.70120179      0.29872108      0.13997022       147.82067      0.98308191      0.81023743      0.60131026      0.44454434      0.81335876       1.0407925       7.8041746       1.0168545       11.053097       633.56577     0.088545445      0.088545445       811.54846                 21.357137                        390.20694                          222.00169             166.92959                       11.053097
             11       405.99425       68.599943       3.0898617      0.97493686     0.022822703       0.1172816     0.064476193       1.0158649      0.99951257       2.1974038   2.1974038e-09       2.3695944      0.24607511      0.24740757       13.748277       1.9315527      0.70083565      0.29908755      0.14074917       147.30958      0.99151667      0.81897619      0.60731147      0.44911863       0.8212245       1.0407686       8.5310137       1.0158649       11.840225       638.51812     0.088545445      0.088545445       811.81142                 21.899868                        391.49837                          225.11988             161.45307                       11.840225
              9        404.5862       68.806322        3.105428      0.97647958     0.022634446      0.11665212     0.073820845       1.0158649      0.99951257       2.2318769   2.2318769e-09       2.4021166      0.24599567      0.24732784       13.752381       1.9255299      0.70435487      0.29556879      0.13993143       147.68741      0.99703645      0.81603503      0.60980342      0.44962919      0.82703752       1.0411901       9.4346511       1.0158649       10.359469       639.73571     0.088545445      0.088545445       808.99532                 21.803764                        396.20524                           221.7267             158.90014                       10.359469
              1       404.75071       68.821696       3.1010865      0.97614138     0.022614772      0.11675535     0.071539041       1.0158649      0.99951257       2.2222082   2.2222082e-09       2.4055538      0.24598727      0.24731941       13.748736       1.9259576      0.70431054      0.29561316      0.14001498        147.6817      0.99541757      0.81491113      0.60890414      0.44898297      0.82578689       1.0413968       9.2335575       1.0158649       10.331365       639.25367     0.088545445      0.088545445       809.32433                 21.794349                         394.8729                          222.58642              159.7393                       10.331365
             26       403.17901       68.595217       3.0845699      0.97547373     0.022527501      0.11686219     0.063273492       1.0158649      0.99951257       2.1858064   2.1858064e-09       2.4208863       0.2459499       0.2472819       13.768235       1.9259856      0.70231318      0.29761002      0.14003455        147.7506      0.98918176      0.81338597       0.6051108      0.44693749      0.81926239       1.0410628       8.4805093       1.0158649       10.627944       633.74473     0.088545445      0.088545445       806.18092                 21.612279                        391.17696                          220.95549             161.80825                       10.627944
             14       405.43452       68.595217       3.0798237      0.98224754     0.022527501      0.11686219     0.063273492       1.0144114      0.99951257       2.1754567   2.1754567e-09       2.4208863       0.2459499       0.2472819       13.768235       1.9168661      0.70231318      0.29761002      0.14003455        147.7506      0.98940689      0.81357109      0.60524851      0.44703921      0.81944884       1.0410628       8.4805093       1.0144114       10.627944       639.13154     0.088545445      0.088545445       810.69194                 20.637025                         391.1298                          227.36471             160.93246                       10.627944
              1       404.66949       68.595217       3.0793582      0.97868273     0.022527501      0.11686219     0.063273492       1.0144114      0.99916523       2.1744443   2.1744443e-09       2.4208863       0.2459499       0.2472819       13.768235       1.9159741      0.70231318      0.29761002      0.14003455        147.7506      0.98782258      0.81226834      0.60427935      0.44632338      0.81813668       1.0410628       8.4805093       1.0144114       10.627944       637.30887     0.088545445      0.088545445       809.16188                 21.034827                        391.17362                          225.10043             161.22507                       10.627944
              2       404.12546       68.595217       3.0854377      0.97826995     0.022527501      0.11686219     0.063273492         1.01518      0.99916523       2.1877041   2.1877041e-09       2.4208863       0.2459499       0.2472819       13.768235       1.9276577      0.70231318      0.29761002      0.14003455        147.7506       0.9906729      0.81461211      0.60602297      0.44761123      0.82049738       1.0410628       8.4805093         1.01518       10.627944       634.62297     0.088545445      0.088545445       808.07384                 21.310502                        391.14977                           222.1627             162.82292                       10.627944
             10       402.81696       68.598484       3.0922572      0.97779142     0.022566455      0.11716121     0.066225894         1.01518       1.0047139        2.202674    2.202674e-09       2.4140251      0.24596659      0.24729866        13.75869       1.9294217      0.70162331       0.2982999      0.14037254       147.62687      0.99519583      0.82005781      0.60915678      0.45018639        0.824263        1.041293       8.7581338         1.01518       10.758752       636.15323     0.088545445      0.088545445       805.45683                 21.487983                        392.23889                          222.42637             158.54484                       10.758752
              3       402.51828       68.604301       3.0919787      0.97788886     0.022572039      0.11711673     0.066124934       1.0162615       1.0047139       2.2020606   2.2020606e-09       2.4130438      0.24596899      0.24730106       13.759239       1.9292739      0.70175655      0.29816667      0.14033364       147.63255      0.99478074      0.81942102      0.60886052      0.44991719      0.82395414       1.0412484       8.7462731       1.0162615       10.745294       635.97577     0.088545445      0.088545445       804.85947                 21.359638                        392.19092                          222.42521              158.1384                       10.745294
              5       405.45038       68.604301       3.0954274       0.9723236     0.022572039      0.11711673     0.066124934       1.0161123      0.99903557       2.2096681   2.2096681e-09       2.4130438      0.24596899      0.24730106       13.759239        1.935939      0.70175655      0.29816667      0.14033364       147.63255      0.99437336      0.81908545      0.60861118      0.44973294      0.82361671       1.0412484       8.7462731       1.0161123       10.745294       637.88017     0.088545445      0.088545445       810.72367                 22.522935                         392.3291                          223.02814              162.0982                       10.745294
              1       405.36603       68.582743       3.0883482      0.97139112     0.022695216       0.1175236     0.061597341       1.0161123      0.99903557       2.1940807   2.1940807e-09       2.3915452      0.24602152      0.24735378       13.746676       1.9397682      0.70044213      0.29948104      0.14086368       147.38652      0.99183916      0.82010969      0.60763252      0.44950377      0.82138861       1.0413027       8.2914187       1.0161123       11.393267       638.40436     0.088545445      0.088545445       810.55496                 22.658967                        390.66132                          225.08407             160.75734                       11.393267
             15       405.74847       68.598791       3.0844098      0.97123258      0.02268132      0.11755171     0.059600978       1.0161123      0.99903557       2.1854566   2.1854566e-09       2.3939565      0.24601562      0.24734786       13.744871       1.9398736      0.70055207      0.29937113      0.14087789       147.39448      0.99002973       0.8184389       0.6065393      0.44865388      0.81998606       1.0414158        8.101596       1.0161123       11.242146       638.29779     0.088545445      0.088545445       811.31985                 22.626333                         390.2734                          225.39806             161.77991                       11.242146
              5       403.70785       68.598791       3.0912089      0.97282823      0.02268132      0.11755171     0.059600978       1.0196326       1.0039867       2.2003663   2.2003663e-09       2.3939565      0.24601562      0.24734786       13.744871       1.9531079      0.70055207      0.29937113      0.14087789       147.39448      0.99400867      0.82172822      0.60897699      0.45045702      0.82328159       1.0414158        8.101596       1.0196326       11.242146       637.40588     0.088545445      0.088545445       807.23862                 22.317197                        390.32241                          224.76627             158.59059                       11.242146
              1       406.63284       68.696765       3.0760671      0.97338509     0.022697609      0.11716056     0.052360282       1.0188558       1.0034754       2.1672997   2.1672997e-09       2.3911304      0.24602253       0.2473548       13.746435       1.9518184      0.70219991      0.29772351      0.14050303        147.4808      0.98407409      0.81006269      0.60248914      0.44504355      0.81563517       1.0412477       7.3705793       1.0188558       10.748817       641.32601     0.088545445      0.088545445       813.08859                  22.11253                        390.74478                           228.4687             161.01377                       10.748817
              2       406.54682       68.774379       3.0886331      0.97370178     0.022849099      0.11720205     0.058217017       1.0230951       1.0025345       2.1947057   2.1947057e-09       2.3650884      0.24608608      0.24741858       13.734325        1.953483      0.70246368      0.29745991      0.14069602       147.30141      0.98909569      0.81400697      0.60577139      0.44736899      0.82026022       1.0411332       7.9218718       1.0230951       10.901358       641.01506     0.088545445      0.088545445       812.91654                 21.798782                          390.112                          229.10429             161.00012                       10.901358
              8       405.90093       68.774379       3.0939259      0.97017118     0.022849099      0.11720205     0.058217017       1.0227557       1.0025345       2.2063528   2.2063528e-09       2.3650884      0.24608608      0.24741858       13.734325       1.9638499      0.70246368      0.29745991      0.14069602       147.30141      0.99037416      0.81505913      0.60655439      0.44794724      0.82132046       1.0411332       7.9218718       1.0227557       10.901358       641.30199     0.088545445      0.088545445       811.62476                 22.820458                         390.0651                          228.41643             159.42142                       10.901358
             18       404.04506       68.774379       3.0983474      0.97272888     0.022849099      0.11720205     0.058217017       1.0257163       1.0025345       2.2161298   2.2161298e-09       2.3650884      0.24608608      0.24741858       13.734325       1.9725523      0.70246368      0.29745991      0.14069602       147.30141      0.99354038      0.81766486      0.60849354      0.44937932      0.82394621       1.0411332       7.9218718       1.0257163       10.901358       638.32437     0.088545445      0.088545445       807.91302                  22.24178                        390.13831                          225.94428             158.68729                       10.901358
              1       405.51584       68.774379         3.09966      0.97673056     0.022849099      0.11720205     0.058217017       1.0257163       1.0025345       2.2190405   2.2190405e-09       2.3650884      0.24608608      0.24741858       13.734325       1.9751432      0.70246368      0.29745991      0.14069602       147.30141      0.99572265      0.81946083      0.60983007      0.45036637      0.82575598       1.0411332       7.9218718       1.0257163       10.901358       638.80252     0.088545445      0.088545445       810.85459                 21.647656                        390.12406                           227.0308             161.15071                       10.901358
              2       404.37964       68.691394       3.1123301      0.97604522     0.022750456      0.11759277     0.064462544       1.0257163       1.0025345       2.2473349   2.2473349e-09       2.3819958      0.24604486      0.24737721       13.733697       1.9754969      0.70112536      0.29879806      0.14098809       147.30671       1.0050888      0.83001603      0.61588561      0.45534912      0.83302036       1.0415566       8.5543291       1.0257163       11.013382       638.57098     0.088545445      0.088545445       808.58219                 21.887638                        391.52194                          225.16141             158.99783                       11.013382
             14       404.17951       68.691394       3.1120381      0.97608297     0.022750456      0.11759277     0.064462544       1.0257163       1.0025345       2.2466787   2.2466787e-09       2.3819958      0.24604486      0.24737721       13.733697         1.97492      0.70112536      0.29879806      0.14098809       147.30671       1.0049567      0.82990688      0.61580463      0.45528924      0.83291082       1.0415566       8.5543291       1.0257163       11.013382       638.35627     0.088545445      0.088545445       808.18192                 21.864674                         391.5368                          224.95479             158.81228                       11.013382
              3       404.30202       68.691394       3.1115543      0.97775865     0.022750456      0.11759277     0.064462544       1.0273222       1.0010059        2.245592    2.245592e-09       2.3819958      0.24604486      0.24737721       13.733697       1.9739648      0.70112536      0.29879806      0.14098809       147.30671       1.0053615       0.8302412      0.61605269      0.45547265      0.83324634       1.0415566       8.5543291       1.0273222       11.013382       639.50798     0.088545445      0.088545445       808.42696                 21.403767                         391.4678                          226.63641              157.9056                       11.013382
              4       403.69279       68.687387       3.1132359      0.97794263     0.022758419      0.11752891     0.065376685       1.0267339       1.0010059       2.2493715   2.2493715e-09       2.3806239      0.24604821      0.24738057       13.735571       1.9736754      0.70120896      0.29871444      0.14093219       147.31489       1.0058742      0.83043114      0.61630574      0.45562786      0.83364694       1.0414563       8.6376556       1.0267339       11.051264       638.48017     0.088545445      0.088545445       807.20848                 21.455146                        391.83753                          225.18749             157.67704                       11.051264
              5       404.63037       68.708863       3.1135027      0.97776246     0.022764508      0.11761573     0.065378946       1.0267339       1.0010059       2.2499717   2.2499717e-09       2.3795759      0.24605077      0.24738314       13.731151       1.9741931       0.7011989      0.29872455      0.14102511       147.28501       1.0062849      0.83092541        0.616659      0.45589287      0.83411771       1.0415968       8.6382559       1.0267339        10.98042       639.26352     0.088545445      0.088545445       809.08364                 21.494536                        391.81583                          225.95315              158.8397                        10.98042
              2       405.50105       68.712799       3.1129204      0.97774268     0.022754064      0.11761467     0.065117297       1.0267339       0.9988535        2.248662    2.248662e-09       2.3813741      0.24604638      0.24737874       13.731116       1.9740766      0.70125749      0.29866597      0.14101361       147.29689       1.0060476       0.8306066      0.61650099      0.45575371      0.83394487       1.0416343       8.6161003       1.0267339       10.924495       639.18794     0.088545445      0.088545445         810.825                 21.487246                        391.74053                          225.96017             160.71257                       10.924495
              4       403.92731       68.415973       3.0934626      0.97607249     0.022645051       0.1181385     0.054876397       1.0267339       1.0008487       2.2053307   2.2053307e-09       2.4002669      0.24600019      0.24733237       13.746054        1.976099      0.69777345      0.30214934      0.14142841       147.27853       1.0006199      0.83298706      0.61362538      0.45494482      0.82765225       1.0415892       7.6519597       1.0267339       12.633474       636.69658     0.088545445      0.088545445       807.67753                 21.460803                        390.28311                          224.95267             158.34747                       12.633474
              3       404.36868       68.415973       3.0919731      0.97169637     0.022645051       0.1181385     0.054876397       1.0258102       1.0008487       2.2020484   2.2020484e-09       2.4002669      0.24600019      0.24733237       13.746054       1.9731579      0.69777345      0.30214934      0.14142841       147.27853      0.99819996      0.83097251      0.61214135      0.45384455       0.8256506       1.0415892       7.6519597       1.0258102       12.633474       636.27425     0.088545445      0.088545445       808.56027                 22.186933                        390.18983                          223.89749             159.65254                       12.633474
              4       406.40195       68.420234       3.0910297      0.97149189     0.022638255      0.11821924     0.054311886       1.0239685       1.0033322       2.1999718   2.1999718e-09        2.401452      0.24599729      0.24732947       13.743669        1.973524      0.69765313      0.30226967      0.14150236       147.26463      0.99812957      0.83123762      0.61217818      0.45391704      0.82561809       1.0417048       7.5981247       1.0239685       12.587702       639.02879     0.088545445      0.088545445       812.62681                 22.443623                        390.17659                          226.40858             161.01032                       12.587702
              1       405.77254       68.368115       3.0885366      0.97323172     0.022719552      0.11744101     0.053808237       1.0258315       1.0033322       2.1944941   2.1944941e-09        2.387331      0.24603182      0.24736412       13.767267       1.9705941      0.69868301      0.30123968      0.14080543       147.38152      0.99285337      0.82399343      0.60819096      0.45057595      0.82094095       1.0405149       7.5152449       1.0258315       13.312002       635.09353     0.088545445      0.088545445       811.36798                 21.864533                        390.40584                          222.82315             162.96246                       13.312002
              1       402.31616       68.247929       3.0879903      0.97202406     0.022598294      0.11793182     0.053270457       1.0258315       1.0024572       2.1932955   2.1932955e-09        2.408438      0.24598022      0.24731234       13.767841       1.9716372      0.69682741      0.30309501      0.14117498       147.38553      0.99626468       0.8306752      0.61068066      0.45311544      0.82303721       1.0409907       7.4954366       1.0258315       13.941723       633.01034     0.088545445      0.088545445       804.45522                 22.020042                        390.44931                          220.54099             157.50316                       13.941723
              9       403.88129       68.248748       3.1024796      0.97317414     0.022605746      0.11755295     0.061115914       1.0256417       1.0024572       2.2253062   2.2253062e-09       2.4071331      0.24598341      0.24731554       13.777915       1.9692696      0.69763208      0.30229033      0.14080356       147.47828       1.0017927      0.83329331      0.61366486      0.45502716      0.82760898       1.0405711       8.2649751       1.0256417       13.794265       632.73908     0.088545445      0.088545445       807.58549                 22.014623                        390.64236                           220.0821             161.05214                       13.794265
              5       402.44675       68.347356       3.0988627      0.97244245     0.022522453      0.11781455     0.059196674       1.0256417       1.0024572       2.2172719   2.2172719e-09       2.4217775      0.24594773      0.24727973        13.76429       1.9697058      0.69812222      0.30180041      0.14098187       147.50132       1.0014183      0.83236747      0.61362965      0.45481659      0.82789713       1.0413563       8.1030923       1.0256417       12.349213       633.52015     0.088545445      0.088545445        804.7164                 22.089516                        390.26102                          221.16961             158.84704                       12.349213
              4       401.93089       68.347356       3.0998865      0.97643227     0.022522453      0.11781455     0.059196674       1.0256417       1.0024572       2.2195432   2.2195432e-09       2.4217775      0.24594773      0.24727973        13.76429       1.9717235      0.69812222      0.30180041      0.14098187       147.50132       1.0034617      0.83406589      0.61488175      0.45574463      0.82958644       1.0413563       8.1030923       1.0256417       12.349213       634.14429     0.088545445      0.088545445       803.68469                  21.49942                        390.29044                          222.35443             157.19119                       12.349213
              2       403.20537        68.43998       3.1088797      0.97668428     0.022544403      0.11779609     0.063726283        1.025486       1.0024572        2.239594    2.239594e-09       2.4179058      0.24595714      0.24728917       13.755988       1.9715934      0.69893131      0.30099154      0.14098536       147.48177       1.0074214      0.83590289      0.61731193      0.45723897      0.83342418       1.0415557       8.5377754        1.025486        11.72637       636.34022     0.088545445      0.088545445       806.23365                 21.603831                        391.39056                          223.34583             158.16706                        11.72637
              2       404.58013       68.449718       3.1087322      0.97642513     0.022563645      0.11785851     0.063113717       1.0262345       0.9987728       2.2392638   2.2392638e-09       2.4145191      0.24596539      0.24729745       13.752901       1.9737193      0.69884269      0.30108018      0.14106702       147.44366       1.0073968      0.83616356      0.61738626      0.45732769      0.83346318       1.0416019       8.4754732       1.0262345       11.774533         636.287     0.088545445      0.088545445       808.98317                 21.606759                         391.1367                          223.54354             160.92163                       11.774533
              1       403.03384       68.300103       3.1021046      0.97614936     0.022492606      0.11788958     0.060606626       1.0251045       1.0006592       2.2244718   2.2244718e-09       2.4270569      0.24593493      0.24726688       13.767248       1.9705373      0.69760752      0.30231501      0.14102705       147.51461       1.0053119      0.83659666      0.61606487      0.45681607      0.83082874       1.0413722        8.249568       1.0251045       12.620489       634.58886     0.088545445      0.088545445       805.89059                 21.585922                        390.55551                          222.44742             158.68124                       12.620489
              3       403.43167       68.305773       3.1030985       0.9761625     0.022507769      0.11786029     0.061014205       1.0244155       1.0030746       2.2266837   2.2266837e-09       2.4243727      0.24594143      0.24727341        13.76713       1.9708895        0.697688      0.30223454      0.14101292       147.50548       1.0055086      0.83659462      0.61616998       0.4568636      0.83102581        1.041319        8.285112       1.0244155       12.651472        635.8012     0.088545445      0.088545445       806.68625                 21.682293                        390.61405                          223.50486             158.23357                       12.651472
              3       402.33739       68.305773       3.1046874      0.97431047     0.022507769      0.11786029     0.061014205       1.0257423       1.0024713       2.2302246   2.2302246e-09       2.4243727      0.24594143      0.24727341        13.76713       1.9740236        0.697688      0.30223454      0.14101292       147.50548        1.005595      0.83666651      0.61622292      0.45690286      0.83109722        1.041319        8.285112       1.0257423       12.651472       634.24697     0.088545445      0.088545445        804.4977                 21.927542                        390.66169                          221.65774             157.59925                       12.651472
              4       402.75282       68.272878       3.1052639      0.97396662     0.022514848      0.11796775     0.060862489       1.0273426      0.99984164       2.2315107   2.2315107e-09        2.423121      0.24594447      0.24727645       13.766923       1.9757614      0.69715088      0.30277159      0.14112747       147.46892       1.0064209      0.83849063      0.61685418      0.45757395      0.83157942       1.0413172       8.2705292       1.0273426       13.067917       633.85749     0.088545445      0.088545445       805.32855                 21.838359                        390.58777                          221.43136             158.40315                       13.067917
              1       402.65833       68.272878       3.1030242      0.97326612     0.022514848      0.11796775     0.060862489       1.0261958        1.000729       2.2265184   2.2265184e-09        2.423121      0.24594447      0.24727645       13.766923       1.9713412      0.69715088      0.30277159      0.14112747       147.46892       1.0050254      0.83732798      0.61599885      0.45693948      0.83042635       1.0413172       8.2705292       1.0261958       13.067917       633.79137     0.088545445      0.088545445       805.13956                 21.955628                          390.565                          221.27074             158.28028                       13.067917
              5       402.01618       68.272878       3.1042295        0.974208     0.022514848      0.11796775     0.060862489       1.0265808       1.0027399       2.2292035   2.2292035e-09        2.423121      0.24594447      0.24727645       13.766923       1.9737186      0.69715088      0.30277159      0.14112747       147.46892       1.0059933      0.83813438       0.6165921      0.45737954      0.83122611       1.0413172       8.2705292       1.0265808       13.067917       633.69169     0.088545445      0.088545445       803.85526                 21.824277                        390.57574                          221.29167             157.09566                       13.067917
              2        401.3618       68.335287        3.103029      0.97435115     0.022551068       0.1178237     0.060102609       1.0268165       1.0030524       2.2265292   2.2265292e-09       2.4167318         0.24596      0.24729204        13.76433        1.974349      0.69793471       0.3019879      0.14101964       147.46695       1.0041055      0.83499393      0.61531747       0.4561384      0.83004542       1.0412568       8.1851929       1.0268165       12.638907       633.29668     0.088545445      0.088545445       802.54652                 21.795737                        390.41024                           221.0907             156.61092                       12.638907
              4       401.98651       68.305797       3.1121697      0.97484138     0.022562422      0.11773161     0.065285432       1.0266782       1.0011683       2.2469744   2.2469744e-09        2.414734      0.24596487      0.24729692        13.76915       1.9719319      0.69784689      0.30207566       0.1409389       147.47888       1.0084067      0.83860907      0.61786481      0.45806002      0.83342117       1.0410421       8.6801214       1.0266782       12.954886       634.40218     0.088545445      0.088545445       803.79593                 21.806346                        391.93501                          220.66082             156.43887                       12.954886
              1       403.35061       68.303933       3.1124096      0.97483148     0.022561449      0.11774302     0.065392766       1.0273179      0.99901323       2.2475135   2.2475135e-09       2.4149052      0.24596445      0.24729651        13.76903       1.9719817      0.69780801      0.30211453      0.14094934       147.47692       1.0086026      0.83885761      0.61799623       0.4581722      0.83357163       1.0410512       8.6908008       1.0273179       12.971859       635.58979     0.088545445      0.088545445       806.52412                 21.740087                        391.96364                          221.88606             157.96247                       12.971859
              6       402.69354       68.396349       3.1117622      0.97562475     0.022563874      0.11746588     0.065914497       1.0251305       1.0059456        2.246059    2.246059e-09       2.4144787      0.24596549      0.24729755       13.768338       1.9686502      0.69921134      0.30071141      0.14067462       147.54822       1.0066495       0.8342967      0.61649877      0.45653039      0.83252011       1.0410244       8.7345034       1.0251305       12.047048       634.57859     0.088545445      0.088545445       805.20999                 21.805703                        392.17756                          220.59533             158.58435                       12.047048
              2        403.0947       68.399237       3.1108502      0.97559303     0.022565878      0.11745571     0.065417684       1.0247464       1.0061194       2.2440115   2.2440115e-09       2.4141264      0.24596635      0.24729841       13.768306       1.9688109       0.6992542      0.30066856      0.14066645       147.54871       1.0060943      0.83374722      0.61614981      0.45625572      0.83207853        1.041017       8.6866617       1.0247464       12.031661       635.01263     0.088545445      0.088545445       806.01231                 21.845957                        391.95147                          221.21521             158.96802                       12.031661
              4       404.79611       68.227428       3.1065238      0.97471444     0.022505973      0.11775659     0.063050676       1.0245949       1.0080184        2.234324    2.234324e-09       2.4246904      0.24594066      0.24727263       13.776968       1.9696136      0.69721994      0.30270243      0.14090743        147.5352       1.0064319      0.83804838      0.61662039      0.45737441      0.83131172       1.0409802       8.4803336       1.0245949       13.368535       634.06962     0.088545445      0.088545445       809.41513                 21.911398                        391.19787                          220.96035             161.97698                       13.368535
              6       404.20113       68.227428       3.0946294      0.97451023     0.022505973      0.11775659     0.063050676       1.0187575       1.0072975       2.2079054   2.2079054e-09       2.4246904      0.24594066      0.24727263       13.776968       1.9463249      0.69721994      0.30270243      0.14090743        147.5352       1.0003862      0.83301414      0.61291629      0.45462691      0.82631795       1.0409802       8.4803336       1.0187575       13.368535       633.67057     0.088545445      0.088545445       808.22517                 21.917747                         391.1981                          220.55472             161.18606                       13.368535
              1       402.97949        68.45673       3.0987009      0.97558384     0.022520933      0.11759312     0.065440738       1.0187729       1.0031174       2.2169133   2.2169133e-09        2.422046      0.24594708      0.24727907       13.760683       1.9449463      0.69956183      0.30036105      0.14075892       147.56214       1.0008873       0.8290169      0.61306167      0.45385285      0.82811997       1.0414496       8.7033978       1.0187729       11.434099       636.14921     0.088545445      0.088545445        805.7819                 21.814422                        392.02631                          222.30848             158.19859                       11.434099
              5        402.7167       68.717529       3.0991779      0.97772702     0.022595465       0.1166691     0.067625449       1.0178401       1.0036253       2.2179711   2.2179711e-09       2.4089337      0.24597901      0.24731112       13.760835       1.9373905      0.70363693      0.29628653      0.13990943       147.72642      0.99517541      0.81576487      0.60864125      0.44904448      0.82496098       1.0410447       8.8727784       1.0178401       10.432522       636.02556     0.088545445      0.088545445       805.25631                 21.527275                        392.84862                          221.64967             158.79822                       10.432522
              1       403.39885       68.717529       3.1023094      0.97373312     0.022595465       0.1166691     0.067625449       1.0196841       1.0049324       2.2249274   2.2249274e-09       2.4089337      0.24597901      0.24731112       13.760835       1.9434668      0.70363693      0.29628653      0.13990943       147.72642      0.99520836      0.81579188       0.6086614      0.44905935      0.82498829       1.0410447       8.8727784       1.0196841       10.432522        635.8851     0.088545445      0.088545445       806.62061                 22.165897                        392.86467                          220.85454             160.30299                       10.432522
              7       402.93334       68.717529       3.1269271      0.97699797     0.022595465       0.1166691     0.067625449       1.0317136       1.0057034       2.2803798   2.2803798e-09       2.4089337      0.24597901      0.24731112       13.760835       1.9919042      0.70363693      0.29628653      0.13990943       147.72642       1.0087968      0.82693056      0.61697196      0.45519073      0.83625254       1.0410447       8.8727784       1.0317136       10.432522       636.17639     0.088545445      0.088545445       805.68958                 21.679394                        392.80958                          221.68742             159.08067                       10.432522
              1       404.58601       68.662358       3.1428776      0.97705498     0.022598935      0.11693763     0.075392754       1.0321276       1.0057078       2.3170446   2.3170446e-09       2.4083258       0.2459805      0.24731261       13.758266       1.9927329      0.70258353      0.29733982      0.14018143       147.65071       1.0186109      0.83731006      0.62327677      0.46025044      0.84404903       1.0411601       9.5927762       1.0321276       10.588002       640.06251     0.088545445      0.088545445       808.99493                 21.859371                        397.31757                          220.88557             158.34442                       10.588002
              2       405.25195       68.662358        3.142912      0.97709117     0.022598935      0.11693763     0.075392754       1.0320378       1.0067422       2.3171244   2.3171244e-09       2.4083258       0.2459805      0.24731261       13.758266       1.9928015      0.70258353      0.29733982      0.14018143       147.65071       1.0186426      0.83733611      0.62329616      0.46026476      0.84407529       1.0411601       9.5927762       1.0320378       10.588002       640.16586     0.088545445      0.088545445       810.32681                 21.865499                        397.31757                          220.98279             159.57295                       10.588002
              1       408.59876       68.662358       3.1237331      0.98042234     0.022598935      0.11693763     0.075392754       1.0227475       1.0097485       2.2731078   2.2731078e-09       2.4083258       0.2459805      0.24731261       13.758266       1.9549458      0.70258353      0.29733982      0.14018143       147.65071       1.0102136      0.83040735      0.61813853      0.45645617      0.83709076       1.0411601       9.5927762       1.0227475       10.588002       641.18382     0.088545445      0.088545445       817.02042                 21.282546                        397.12671                          222.77456              165.2486                       10.588002
              2       404.91667       68.662358       3.0981092      0.97644993     0.022598935      0.11693763     0.075392754       1.0101519       1.0049204       2.2156019   2.2156019e-09       2.4083258       0.2459805      0.24731261       13.758266       1.9054889      0.70258353      0.29733982      0.14018143       147.65071      0.99583206      0.81858559      0.60933865      0.44995802      0.82517385       1.0411601       9.5927762       1.0101519       10.588002       640.46759     0.088545445      0.088545445       809.65625                  21.86024                        397.32483                          221.28251             158.60066                       10.588002
              2       403.68652       68.762294        3.083946      0.97574889      0.02269172      0.11672928     0.066848731       1.0117192      0.99978811       2.1844432   2.1844432e-09       2.3921514      0.24602003      0.24735229       13.752592       1.9110704      0.70369182      0.29623175      0.14006587       147.60281      0.98625743      0.80858333      0.60335563      0.44512426      0.81783457       1.0409956       8.7768723       1.0117192       10.502509        636.1409     0.088545445      0.088545445       807.19596                 21.741314                        392.44695                          221.95263             160.55255                       10.502509
              5       404.41448        68.63332       3.0849088      0.97430939     0.022701971      0.11722522     0.065549742        1.012582       1.0065282       2.1865474   2.1865474e-09       2.3903743      0.24602438      0.24735665       13.750158       1.9178874      0.70150255      0.29842073      0.14057206       147.45867      0.98934815      0.81574348      0.60579251      0.44774541      0.81962774       1.0411174       8.6615509        1.012582       11.065081       636.12057     0.088545445      0.088545445       808.65187                  21.99921                        391.92605                          222.19531             161.46622                       11.065081
              1       404.62146        68.63332       3.0744599      0.97773535     0.022701971      0.11722522     0.065549742       1.0063611       1.0045251       2.1638193   2.1638193e-09       2.3903743      0.24602438      0.24735665       13.750158       1.8979519      0.70150255      0.29842073      0.14057206       147.45867      0.98548793      0.81256063      0.60342884      0.44599841      0.81642973       1.0411174       8.6615509       1.0063611       11.065081       636.99851     0.088545445      0.088545445       809.06583                 21.546448                        391.90084                          223.55123             161.00223                       11.065081
              3        404.0221       68.654646       3.0644493      0.97825603     0.022601225      0.11712942     0.061965164       1.0060937       1.0059458       2.1422662   2.1422662e-09       2.4079245      0.24598148       0.2473136        13.75364       1.8925666      0.70210495      0.29781838      0.14037551       147.59655      0.98096143      0.80748435      0.60044713      0.44357049      0.81280599       1.0413367       8.3422458       1.0060937       10.637548       635.26802     0.088545445      0.088545445        807.8671                 21.261993                         390.8108                          223.19522             161.96154                       10.637548
              1       405.14921       68.593321       3.0675577      0.97863907     0.022510657      0.11726669     0.064642075       1.0054312       1.0049354       2.1489356   2.1489356e-09        2.423862      0.24594267      0.24727465       13.757789       1.8883218      0.70147279       0.2984504      0.14042222       147.66113      0.98434299      0.81145266      0.60256709      0.44537256      0.81524354       1.0415334       8.6239388       1.0054312       10.639146       637.86014     0.088545445      0.088545445       810.12132                 21.200418                        391.62428                          225.03544             161.62204                       10.639146
              3       408.38117       68.593321       3.0681317      0.97921335     0.022510657      0.11726669     0.064642075       1.0073389       1.0050286       2.1501693   2.1501693e-09        2.423862      0.24594267      0.24727465       13.757789       1.8894058      0.70147279       0.2984504      0.14042222       147.66113      0.98484286      0.81186474      0.60287309      0.44559873      0.81565754       1.0415334       8.6239388       1.0073389       10.639146       643.38313     0.088545445      0.088545445       816.58525                 20.973929                        391.61341                          230.79578             162.56298                       10.639146
              5        407.2971       68.330246       3.0605897       0.9777199     0.022443086      0.11768906     0.060275185       1.0075315       1.0019632       2.1340138   2.1340138e-09       2.4358542       0.2459137      0.24724557       13.771404        1.891659      0.69840979      0.30151281      0.14077701       147.62348      0.98444315      0.81745375       0.6030087      0.44683791      0.81376149       1.0413754       8.2253739       1.0075315       11.986896        641.1009     0.088545445      0.088545445       814.41711                 21.052468                        390.50534                          229.54309             161.32932                       11.986896
              4       404.99647       68.330246       3.0606324      0.97750202     0.022443086      0.11768906     0.060275185        1.006253       1.0008464       2.1341048   2.1341048e-09       2.4358542       0.2459137      0.24724557       13.771404       1.8917397      0.69840979      0.30151281      0.14077701       147.62348      0.98438199      0.81740296      0.60297123      0.44681015      0.81371093       1.0413754       8.2253739        1.006253       11.986896       636.47405     0.088545445      0.088545445       809.81585                 21.203349                        390.49395                          224.77675              161.3549                       11.986896
              2       406.35543       68.318671       3.0607505      0.97732525     0.022440462      0.11776937     0.060103333       1.0065562       1.0063765        2.134357    2.134357e-09       2.4363218      0.24591257      0.24724444       13.770308       1.8926137      0.69814115      0.30178143      0.14085469       147.60496      0.98487475      0.81839851      0.60335627      0.44719502       0.8140493       1.0414332       8.2106671       1.0065562       12.096805       637.23278     0.088545445      0.088545445       812.53378                 21.210784                          390.484                          225.53799              163.2042                       12.096805
              3       405.49399       68.324122       3.0595056      0.97738178     0.022434455      0.11774168     0.059609752       1.0051034       1.0061639       2.1317015   2.1317015e-09       2.4373924         0.24591      0.24724186       13.770745       1.8921258      0.69826148       0.3016611        0.140821       147.61907      0.98416025      0.81754393       0.6028825      0.44679932      0.81349118       1.0414354       8.1631492       1.0051034       12.008892        635.8212     0.088545445      0.088545445       810.81089                 21.323546                        390.41481                          224.08285             162.98079                       12.008892
              1       403.88987       68.499561       3.0641405      0.97819264     0.022513639      0.11741591     0.061930665       1.0054651       1.0038995       2.1416046   2.1416046e-09       2.4233348      0.24594395      0.24727593        13.76193       1.8921127      0.70033065      0.29959233      0.14057441       147.61768      0.98365473      0.81312081      0.60230886      0.44560692      0.81411654        1.041407       8.3650276       1.0054651       11.100712        635.7336     0.088545445      0.088545445       807.60266                  21.27498                        390.82703                          223.63159             160.76834                       11.100712
              1       407.03577       68.402897       3.0810361      0.97985916     0.022447923      0.11714256     0.073268464       1.0032948       1.0001316       2.1780959   2.1780959e-09       2.4349928      0.24591577      0.24724765       13.779789        1.881208      0.70020774      0.29971503      0.14023535       147.76446      0.99203784      0.81977378      0.60707537      0.44917931      0.82047525       1.0409952        9.443967       1.0032948       11.323991       640.27675     0.088545445      0.088545445       813.89444                 21.239899                        395.98917                          223.04767              162.2937                       11.323991
              1       408.20162       68.402897       3.0738411      0.98165362     0.022447923      0.11714256     0.073268464       1.0013912       1.0038468       2.1624807   2.1624807e-09       2.4349928      0.24591577      0.24724765       13.779789       1.8677213      0.70020774      0.29971503      0.14023535       147.76446      0.98915598      0.81739234      0.60531182      0.44787445      0.81809177       1.0409952        9.443967       1.0013912       11.323991       644.56945     0.088545445      0.088545445       816.22614                 20.845179                        395.82907                           227.8952              160.3327                       11.323991
              1       408.47799       68.375045        3.071969      0.98149096     0.022454724      0.11711405     0.072262053        1.001499        1.000552        2.158436    2.158436e-09       2.4337824      0.24591869      0.24725058       13.782859        1.867984       0.7000099       0.2999128      0.14021364       147.76449      0.98806964       0.8168132      0.60462364      0.44743904      0.81702693       1.0408644       9.3487204        1.001499        11.52639       643.42069     0.088545445      0.088545445       816.77889                 20.838791                        395.22412                          227.35778             161.83181                        11.52639
              1       407.74244       68.338532       3.0783458      0.98075814     0.022501445      0.11739633     0.074045828       1.0024631       1.0024801       2.1722439   2.1722439e-09       2.4254917      0.24593872      0.24727068       13.777081        1.873239      0.69898476      0.30093786      0.14054264       147.63658      0.99226236       0.8225823      0.60754513      0.44998471      0.82027474       1.0409382        9.505843       1.0024631       12.135963       644.40082     0.088545445      0.088545445       815.30779                 20.995129                        396.34302                          227.06268               158.771                       12.135963
              4       407.82239       68.338532       3.0804405      0.98023215     0.022501445      0.11739633     0.074045828       1.0037019       1.0030568       2.1767989   2.1767989e-09       2.4254917      0.24593872      0.24727068       13.777081        1.877167      0.69898476      0.30093786      0.14054264       147.63658      0.99310189      0.82327826      0.60805916      0.45036543      0.82096875       1.0409382        9.505843       1.0037019       12.135963       644.63629     0.088545445      0.088545445       815.46768                  21.04687                        396.37064                          227.21878             158.69543                       12.135963
              4       411.98803        68.32657       3.0760758      0.98187086     0.022391745      0.11689742     0.075162615       1.0015838       1.0032994       2.1673186   2.1673186e-09       2.4450261      0.24589173      0.24722352       13.794855       1.8648218      0.70018299       0.2997396      0.13993403       147.89333      0.98975139      0.81748822      0.60535057       0.4479123      0.81812738       1.0406487       9.6268007       1.0015838       11.492097       647.22017     0.088545445      0.088545445       823.79897                 20.775208                        397.06465                          229.38031             165.08671                       11.492097
              3       408.32858       68.120282       3.0839573      0.97959541     0.022424225      0.11777143     0.076018083       1.0017498       1.0037694       2.1844677   2.1844677e-09       2.4392175      0.24590562      0.24723746       13.788328       1.8763643       0.6964109      0.30351122      0.14084052       147.62265      0.99815529      0.83250045      0.61147685      0.45386188      0.82382759       1.0408864       9.7146126       1.0017498       13.937982       642.80008     0.088545445      0.088545445       816.48007                 21.297255                        397.87916                          223.62366             159.74202                       13.937982
              1       408.76643       68.120282       3.0795617      0.97955616     0.022424225      0.11777143     0.076018083      0.99987522       1.0008477       2.1748867   2.1748867e-09       2.4392175      0.24590562      0.24723746       13.788328       1.8681346       0.6964109      0.30351122      0.14084052       147.62265        0.995949      0.83066031      0.61012526      0.45285867      0.82200662       1.0408864       9.7146126      0.99987522       13.937982       643.19097     0.088545445      0.088545445       817.35577                 21.269975                        397.86354                          224.05746             160.22682                       13.937982
              3       407.09402       68.120282       3.0981384      0.97486502     0.022424225      0.11777143     0.076018083       1.0086448       1.0010905       2.2156666   2.2156666e-09       2.4392175      0.24590562      0.24723746       13.788328       1.9031628       0.6964109      0.30351122      0.14084052       147.62265       1.0034436      0.83691112      0.61471651      0.45626648      0.82819231       1.0408864       9.7146126       1.0086448       13.937982       639.82486     0.088545445      0.088545445       814.01094                 22.091823                        398.15341                          219.57963              160.2481                       13.937982
              4        406.4067       68.744474       3.1017636      0.97592271     0.022766184      0.11695109     0.075077567       1.0117512       1.0051465       2.2237135   2.2237135e-09       2.3792875      0.24605148      0.24738385       13.746067       1.9136711      0.70291126      0.29701227      0.14036214        147.4605      0.99584393      0.81827258       0.6095422      0.44998431      0.82567698       1.0409895       9.5191198       1.0117512       10.743482       642.00383     0.088545445      0.088545445       812.63632                 22.038863                        397.08426                          222.88071               159.889                       10.743482
              4       404.94126       68.636916       3.0997955      0.97542177     0.022728473      0.11713471     0.074021399       1.0118933       1.0014718       2.2193412   2.2193412e-09       2.3857891      0.24603559      0.24736791       13.751587        1.913947       0.7016697      0.29825359      0.14050805       147.45336      0.99642842       0.8211887      0.61005839      0.45083521      0.82551503       1.0409634       9.4373139       1.0118933       11.133163       640.90889     0.088545445      0.088545445       809.70543                 22.046235                        396.44455                           222.4181             157.66338                       11.133163
              1       405.43389       68.644109       3.0983866      0.97555376     0.022715987      0.11709301     0.073587892       1.0124322       1.0013989       2.2162166   2.2162166e-09       2.3879477      0.24603031      0.24736261       13.752431       1.9129101      0.70184722      0.29807609      0.14045386       147.47839      0.99561872      0.82012488      0.60950388      0.45035839      0.82488744       1.0409723       9.4003875       1.0124322       11.040342       641.64216     0.088545445      0.088545445       810.69069                 21.914343                        396.15061                          223.57721             158.00819                       11.040342
              1        406.7753       68.653486       3.0991243      0.97561756     0.022716039      0.11709255     0.073984951       1.0096236       1.0018196       2.2178521   2.2178521e-09       2.3879386      0.24603034      0.24736263       13.751613       1.9128022      0.70192953       0.2979938      0.14045345       147.47846      0.99596923      0.82026579      0.60971801      0.45048552       0.8252342       1.0409995       9.4365147       1.0096236       10.993368       643.01697     0.088545445      0.088545445       813.37351                 22.257377                        396.45782                          224.30178             159.36317                       10.993368
              1       406.96038       68.662417       3.1000996      0.97564964     0.022725388       0.1170789     0.074414499       1.0096827       1.0022683       2.2200163   2.2200163e-09       2.3863222      0.24603429       0.2473666       13.750941       1.9130246      0.70201617      0.29790718      0.14044916        147.4717      0.99627994      0.82036036      0.60990356      0.45058986      0.82554534       1.0409874        9.472696       1.0096827       10.981293       643.42821     0.088545445      0.088545445       813.74367                  22.27058                        396.71427                          224.44337             159.33417                       10.981293
              2       405.59765       68.653362       3.1016928      0.97447093     0.022784696      0.11744797     0.073048582       1.0126318       1.0039041       2.2235561   2.2235561e-09       2.3761059      0.24605924      0.24739164       13.740061       1.9213164      0.70102869      0.29889464      0.14087754       147.30729      0.99822297      0.82435761      0.61155849      0.45218643      0.82710084       1.0412019       9.3407883       1.0126318        11.33429       642.02394     0.088545445      0.088545445       811.01821                 22.320637                        395.84803                          223.85527             157.65998                        11.33429
              3       405.29594       68.653362       3.1042934      0.97388233     0.022784696      0.11744797     0.073048582       1.0137815       1.0020772       2.2293461   2.2293461e-09       2.3761059      0.24605924      0.24739164       13.740061       1.9263194      0.70102869      0.29889464      0.14087754       147.30729      0.99929604      0.82524377      0.61221589      0.45267252      0.82798996       1.0412019       9.3407883       1.0137815        11.33429       642.19025     0.088545445      0.088545445       810.41478                 22.453588                        395.88919                          223.84748             156.89024                        11.33429
              1       405.29076       68.703887       3.0977535       0.9735864     0.022787357      0.11748784     0.069240563       1.0137648       1.0011167        2.214814    2.214814e-09       2.3756491      0.24606036      0.24739276       13.734445       1.9283935      0.70137815      0.29854529      0.14092007       147.29373      0.99591848      0.82189156      0.61019269      0.45104467        0.825495       1.0413872       8.9912517       1.0137648       11.066398       641.04555     0.088545445      0.088545445       810.40443                 22.451892                        393.69141                          224.90226             158.29248                       11.066398
              2       407.19568       68.703887        3.090254      0.97012527     0.022787357      0.11748784     0.069240563       1.0097803       1.0008543       2.1982661   2.1982661e-09       2.3756491      0.24606036      0.24739276       13.734445       1.9139856      0.70137815      0.29854529      0.14092007       147.29373      0.99087454        0.817729       0.6071023      0.44876031      0.82131418       1.0413872       8.9912517       1.0097803       11.066398       643.53287     0.088545445      0.088545445       814.21428                 23.179348                        393.84914                          226.50438             159.61501                       11.066398
              2       407.84864       68.703887       3.0920847      0.96942214     0.022787357      0.11748784     0.069240563       1.0119568       1.0014263       2.2022942   2.2022942e-09       2.3756491      0.24606036      0.24739276       13.734445       1.9174928      0.70137815      0.29854529      0.14092007       147.29373      0.99151478      0.81825736      0.60749457      0.44905027      0.82184486       1.0413872       8.9912517       1.0119568       11.066398       643.48029     0.088545445      0.088545445       815.52019                 23.147507                        393.85291                          226.47987              160.9735                       11.066398
              3       406.02187       68.703887        3.097411      0.97258925     0.022787357      0.11748784     0.069240563       1.0151809       1.0021694       2.2140555   2.2140555e-09       2.3756491      0.24606036      0.24739276       13.734445       1.9277332      0.70137815      0.29854529      0.14092007       147.29373      0.99536687      0.82143634      0.60985472      0.45079485      0.82503778       1.0413872       8.9912517       1.0151809       11.066398       641.92547     0.088545445      0.088545445       811.86665                 22.435338                        393.69179                          225.79835             158.87479                       11.066398
              5       407.42229       68.554488       3.0955417      0.97078262     0.022784328         0.11811     0.066163473       1.0148863       1.0006151       2.2099207   2.2099207e-09        2.376169      0.24605909      0.24739149       13.730813        1.936011      0.69875779      0.30116532       0.1415392       147.13166      0.99778763      0.82903218      0.61200828      0.45337601      0.82614459       1.0416118       8.7166247       1.0148863       12.250511       642.24355     0.088545445      0.088545445       814.66749                 22.934683                        392.31856                          226.99031             160.17344                       12.250511
              2       407.22317       68.554488       3.1079352      0.97634408     0.022784328         0.11811     0.066163473       1.0223084       1.0052983       2.2374798   2.2374798e-09        2.376169      0.24605909      0.24739149       13.730813       1.9601543      0.69875779      0.30116532       0.1415392       147.13166       1.0061349      0.83596772      0.61712823      0.45716887      0.83305596       1.0416118       8.7166247       1.0223084       12.250511       641.03943     0.088545445      0.088545445       814.26926                 21.768343                        392.18981                          227.08128             160.97931                       12.250511
              1       404.00949       68.712739       3.0917873      0.97788341      0.02275659       0.1173063       0.0604951       1.0217995       1.0047553       2.2016393   2.2016393e-09        2.380939      0.24604744       0.2473798       13.739443       1.9507463      0.70190476       0.2980187      0.14070776       147.37627      0.99381316      0.81890478       0.6086733      0.44972303      0.82380301       1.0412992         8.16673       1.0217995       10.884089       637.66168     0.088545445      0.088545445       807.84189                 21.258921                        390.42852                          225.97424             159.29611                       10.884089
              4       404.30863       68.712739       3.0910476      0.97817533      0.02275659       0.1173063       0.0604951       1.0214887        1.004932       2.2000113   2.2000113e-09        2.380939      0.24604744       0.2473798       13.739443       1.9493039      0.70190476       0.2980187      0.14070776       147.37627      0.99355727      0.81869393      0.60851658      0.44960724      0.82359089       1.0412992         8.16673       1.0214887       10.884089       637.96213     0.088545445      0.088545445       808.44017                   21.2124                        390.44777                          226.30196             159.59395                       10.884089
              4       403.10607       68.712739       3.0955259      0.97770069      0.02275659       0.1173063       0.0604951       1.0235384       1.0035306       2.2098857   2.2098857e-09        2.380939      0.24604744       0.2473798       13.739443        1.958053      0.70190476       0.2980187      0.14070776       147.37627      0.99560265      0.82037932      0.60976929      0.45053282      0.82528637       1.0412992         8.16673       1.0235384       10.884089       637.16676     0.088545445      0.088545445       806.03505                  21.30138                        390.44327                          225.42211              157.9842                       10.884089
              1       401.96791       68.687552       3.0926266      0.97815931     0.022706956      0.11716593     0.060205237        1.022398       1.0022652       2.2034879   2.2034879e-09       2.3895108      0.24602649      0.24735877       13.746847       1.9535164      0.70208882      0.29783458      0.14051775       147.46895      0.99406216      0.81850444      0.60862017      0.44961431      0.82385838       1.0412021       8.1474718        1.022398       10.815845       635.54562     0.088545445      0.088545445       803.75874                 21.226738                        390.44177                          223.87711             157.39727                       10.815845
              1       402.53631       68.322055       3.0825421      0.97535422     0.022646456      0.11798655     0.052996435       1.0232692       1.0028464       2.1813785   2.1813785e-09       2.4000219      0.24600079      0.24733298       13.758463       1.9619996      0.69726447      0.30265811      0.14127787       147.31739      0.99443472      0.82852324      0.60966999      0.45220244      0.82197146        1.041146       7.4584722       1.0232692       13.513633       634.93822     0.088545445      0.088545445       804.89553                 21.500822                        390.66527                          222.77213             156.44367                       13.513633
              1       404.18622       68.322055       3.0817114      0.97492418     0.022646456      0.11798655     0.052996435       1.0233205      0.99781739       2.1795672   2.1795672e-09       2.4000219      0.24600079      0.24733298       13.758463       1.9603705      0.69726447      0.30265811      0.14127787       147.31739      0.99385819       0.8280429      0.60931653      0.45194027      0.82149492        1.041146       7.4584722       1.0233205       13.513633        635.3986     0.088545445      0.088545445       808.19535                 21.515617                        390.66597                          223.21701             159.28312                       13.513633
              1       402.33777       68.322055       3.0856931      0.97355595     0.022646456      0.11798655     0.052996435       1.0250107       1.0014846       2.1882628   2.1882628e-09       2.4000219      0.24600079      0.24733298       13.758463       1.9681916      0.69726447      0.30265811      0.14127787       147.31739       0.9953177       0.8292589      0.61021133      0.45260395      0.82270131        1.041146       7.4584722       1.0250107       13.513633       634.57249     0.088545445      0.088545445       804.49845                 21.764022                        390.58949                          222.21897             156.41233                       13.513633
              1       402.84305       68.246057        3.097098      0.97349399     0.022677232      0.11807834     0.058497153       1.0247902       1.0036918       2.2133625   2.2133625e-09       2.3946664      0.24601388      0.24734612       13.761862       1.9689857       0.6963267       0.3035957      0.14140044       147.25879       1.0015423      0.83630558      0.61416062       0.4558856       0.8273858       1.0409378       8.0023692       1.0247902       14.710786       634.27718     0.088545445      0.088545445       805.50902                 21.947881                         390.1541                           222.1752             156.52105                       14.710786
              1       405.85907       68.246057       3.0884691      0.97681287     0.022677232      0.11807834     0.058497153        1.020793       1.0069621       2.1943459   2.1943459e-09       2.3946664      0.24601388      0.24734612       13.761862       1.9520687       0.6963267       0.3035957      0.14140044       147.25879      0.99849676      0.83376253      0.61229308      0.45449934      0.82486987       1.0409378       8.0023692        1.020793       14.710786       635.89654     0.088545445      0.088545445       811.54105                 21.384047                        390.23259                           224.2799             160.93373                       14.710786
              3       405.53531        68.02717       3.0827153       0.9771508     0.022527987      0.11843989      0.05308622       1.0239257       1.0050662       2.1817563   2.1817563e-09       2.4208004       0.2459501      0.24728211       13.775514        1.961987      0.69391056      0.30601135      0.14161275       147.32874      0.99980337      0.83948019      0.61332431      0.45616774      0.82462367       1.0410525       7.4998217       1.0239257       16.574763       637.10385     0.088545445      0.088545445       810.89354                 21.116691                        390.68478                          225.30238             157.21492                       16.574763
              8       407.55267       68.022868       3.0815199      0.97724945     0.022524246      0.11837969     0.052247822       1.0251316      0.99818298       2.1791499   2.1791499e-09       2.4214609       0.2459485       0.2472805        13.77764       1.9629318      0.69401003      0.30591187       0.1415488       147.34875      0.99896426      0.83850369      0.61274037      0.45569638      0.82390553       1.0409856       7.4138592       1.0251316        16.55735       640.19497     0.088545445      0.088545445       814.92825                 21.007208                        390.99375                          228.19401             158.17594                        16.55735
              1       403.92671       68.022868       3.1161299      0.97167234     0.022524246      0.11837969     0.052247822       1.0403801      0.99946826       2.2558906   2.2558906e-09       2.4214609       0.2459485       0.2472805        13.77764       2.0320582      0.69401003      0.30591187       0.1415488       147.34875       1.0142425      0.85132783      0.62211168      0.46266584      0.83650641       1.0409856       7.4138592       1.0403801        16.55735       632.56088     0.088545445      0.088545445       807.67632                  22.10175                        390.69411                          219.76501             158.55809                        16.55735
              2       402.66557       68.095761       3.1180523      0.97191953     0.022537023      0.11829226      0.05313971       1.0405165       1.0011778       2.2602315   2.2602315e-09       2.4192064      0.24595398        0.247286       13.773195       2.0323399      0.69482576       0.3050963      0.14147415       147.35787        1.014428      0.84989525      0.62214343      0.46238076      0.83710759       1.0410774        7.501086       1.0405165       15.562305       632.63812     0.088545445      0.088545445       805.15405                  22.09319                        390.45557                          220.08937             156.95362                       15.562305
              4       403.13357       68.193629       3.1147559       0.9742144     0.022426919      0.11779553     0.050425711       1.0425682       1.0042501        2.252793    2.252793e-09       2.4387368      0.24590677      0.24723862       13.781069       2.0366766      0.69700598      0.30291631      0.14086732       147.61311       1.0114005      0.84251247      0.61962045      0.45968085      0.83520884       1.0411237       7.2379811       1.0425682       13.171689       633.69518     0.088545445      0.088545445       806.09006                 21.588105                        391.49438                           220.6127             159.22319                       13.171689
              3       403.11227        69.04924       3.1303018      0.97607295     0.022697329      0.11641292     0.054403467       1.0492515       1.0036003       2.2880884   2.2880884e-09       2.3911789      0.24602241      0.24735468       13.735774       2.0521947      0.70680119      0.29312301      0.13975512       147.68142       1.0065125      0.81909528      0.61540513       0.4528179      0.83637036       1.0414918        7.565652       1.0492515       10.638713       636.23127     0.088545445      0.088545445       806.04746                 21.356245                        390.46461                          224.41042             159.17747                       10.638713
              3       404.59869        69.04924       3.1844399      0.97416333     0.022697329      0.11641292     0.054403467       1.0771048        1.005108       2.4153757   2.4153757e-09       2.3911789      0.24602241      0.24735468       13.735774        2.166359      0.70680119      0.29312301      0.13975512       147.68142       1.0333696      0.84095147      0.63182618      0.46490059       0.8586875       1.0414918        7.565652       1.0771048       10.638713       635.24447     0.088545445      0.088545445       809.02029                 21.739657                        390.36393                          223.14089              163.1371                       10.638713
              3       410.44163       68.792728       3.1793468      0.97297509     0.022651607      0.11691677     0.050047708       1.0748337       1.0070331       2.4031052   2.4031052e-09       2.3991244      0.24600298      0.24733518       13.745873       2.1742121      0.70364253      0.29628111      0.14021324       147.59729       1.0346445      0.84856843      0.63312349      0.46710489      0.85814848       1.0413896       7.1400124       1.0748337       10.380681       646.42314     0.088545445      0.088545445       820.70616                 22.211506                        391.63095                          232.58069             163.90234                       10.380681
              7       404.02909       68.792728       3.1093541      0.97766612     0.022651607      0.11691677     0.050047708       1.0429799       1.0040975       2.2406568   2.2406568e-09       2.3991244      0.24600298      0.24733518       13.745873       2.0272367      0.70364253      0.29628111      0.14021324       147.59729       1.0008648       0.8208638      0.61245285      0.45185454      0.83013107       1.0413896       7.1400124       1.0429799       10.380681       639.23845     0.088545445      0.088545445       807.88108                  20.98836                        392.08582                          226.16426             158.26196                       10.380681
              3       402.32078       68.900497       3.1103209      0.97793114     0.022687388      0.11669234     0.049594906        1.042754       1.0037707       2.2428241   2.2428241e-09       2.3929031       0.2460182      0.24735045       13.741518        2.031036      0.70496625      0.29495762       0.1400246       147.61753      0.99947137      0.81706398      0.61139438      0.45056904      0.82962443       1.0413768       7.0827085        1.042754       10.352582       636.56169     0.088545445      0.088545445       804.46446                 21.077638                        392.34807                          223.13598             157.55019                       10.352582
              2       405.24647       68.900497       3.0718589      0.98024521     0.022687388      0.11669234     0.049594906       1.0237141       1.0022702       2.1581984   2.1581984e-09       2.3929031       0.2460182      0.24735045       13.741518       1.9544015      0.70496625      0.29495762       0.1400246       147.61753      0.98130904      0.80221635      0.60028416      0.44238133      0.81454856       1.0413768       7.0827085       1.0237141       10.352582       639.30765     0.088545445      0.088545445       810.31585                 20.741212                        392.46593                          226.10051             160.65563                       10.352582
              5       407.17729       68.858761       3.0713238      0.98002508     0.022686223      0.11676081     0.049906318       1.0231702        1.007193       2.1570438   2.1570438e-09       2.3931053       0.2460177      0.24734995       13.743361       1.9521397      0.70446656      0.29545722       0.1400919       147.60048      0.98151328      0.80336294      0.60048122      0.44271382      0.81447129       1.0413295       7.1159803       1.0231702       10.352842       639.26252     0.088545445      0.088545445       814.17749                 20.757665                        392.28884                          226.21601             164.56213                       10.352842
              1       406.15078       68.858761       3.0777319      0.97231093     0.022686223      0.11676081     0.049906318       1.0233184       1.0031077       2.1709108   2.1709108e-09       2.3931053       0.2460177      0.24734995       13.743361       1.9646894      0.70446656      0.29545722       0.1400919       147.60048      0.98174552      0.80355304      0.60062331      0.44281858      0.81466401       1.0413295       7.1159803       1.0233184       10.352842       640.70744     0.088545445      0.088545445       812.12447                  22.15732                        391.75143                          226.79869             161.06419                       10.352842
              1       405.00988       68.982058       3.0753232      0.97453537     0.022623813      0.11607883     0.052027151        1.022045       1.0014883       2.1656881   2.1656881e-09       2.4039733      0.24599113      0.24732328       13.752869       1.9516669      0.70708641      0.29283765      0.13934751       147.85349      0.97765957      0.79453094      0.59732742      0.43940924      0.81199944        1.041121       7.3354447        1.022045       10.663404       636.01513     0.088545445      0.088545445       809.84267                 21.658138                        391.05253                          223.30447             163.16413                       10.663404
              9       404.24518       68.929261       3.0788412      0.97419008      0.02262869      0.11627516     0.059108111       1.0178864       1.0007077       2.1733204   2.1733204e-09       2.4031214      0.24599321      0.24732537       13.752009       1.9310037      0.70621404       0.2937099      0.13954871       147.79516      0.98049962      0.79866903      0.59927876       0.4411726      0.81404655       1.0411638       8.0432642       1.0178864       10.478898       634.60852     0.088545445      0.088545445       808.31327                 21.729363                        390.20795                           222.6712             163.22585                       10.478898
              1       404.08629       68.718692       3.0763074      0.97299161     0.022607054      0.11675052      0.05771455       1.0174002      0.99928211       2.1678205   2.1678205e-09        2.406904      0.24598397       0.2473161       13.758183       1.9314928      0.70345001      0.29647346      0.14000244       147.69161      0.98243165      0.80578263       0.6009471      0.44343779      0.81440379        1.041106       7.9193153       1.0174002       10.448879       633.82275     0.088545445      0.088545445       807.99549                  21.89093                        390.09663                          221.83518             163.72386                       10.448879
              1       402.84759       68.695826       3.0754882      0.97313456      0.02258894      0.11674628     0.057718989       1.0160441        1.001788       2.1660454   2.1660454e-09       2.4100774      0.24597622      0.24730832       13.760819       1.9298941      0.70329992      0.29662351      0.13998009       147.71299      0.98229585       0.8059041      0.60084005      0.44341488      0.81415573       1.0410799       7.9237245       1.0160441       10.467518       633.34931     0.088545445      0.088545445       805.51809                 21.970001                        390.06244                          221.31687             161.70126                       10.467518
              2       403.84081       68.695826       3.0728486      0.97345116      0.02258894      0.11674628     0.057718989       1.0159698       1.0009937       2.1603354   2.1603354e-09       2.4100774      0.24597622      0.24730832       13.760819       1.9248066      0.70329992      0.29662351      0.13998009       147.71299      0.98111928       0.8049388      0.60012038      0.44288377      0.81318055       1.0410799       7.9237245       1.0159698       10.467518       633.90462     0.088545445      0.088545445       807.50453                 21.772006                        390.09582                          222.03679             163.13239                       10.467518
              1       405.50516       68.458927       3.0781169      0.97027764     0.022676703      0.11773887     0.063088769        1.011747       1.0007095       2.1717468   2.1717468e-09       2.3947584      0.24601366      0.24734589       13.752265       1.9143043      0.69893774      0.30098515      0.14106044       147.34976      0.98817068      0.82002754      0.60559639      0.44855897      0.81761153       1.0412115       8.4429441        1.011747       12.282376       637.72679     0.088545445      0.088545445       810.83323                  22.57323                         391.1511                          224.00246             160.82406                       12.282376
              1       404.31681       68.470717       3.0783633      0.97034345     0.022678326      0.11771345     0.063373165       1.0107895       1.0012411       2.1722819   2.1722819e-09       2.3944764      0.24601435      0.24734659        13.75187       1.9136872      0.69909217      0.30083075      0.14103665       147.35473      0.98811868      0.81967638      0.60553898      0.44845891       0.8176389       1.0412154       8.4693539       1.0107895       12.183374       636.73478     0.088545445      0.088545445       808.45654                 22.680904                        391.23897                          222.81491             159.53838                       12.183374
              1        405.3888       68.303628        3.075479      0.97117452     0.022522162      0.11799298     0.062454962       1.0085414       1.0025358       2.1660254   2.1660254e-09       2.4218288      0.24594761       0.2472796       13.763308       1.9116829      0.69735375      0.30256879      0.14116001       147.45405      0.99044082      0.82486525      0.60709471      0.45025908      0.81855981       1.0414167       8.4240183       1.0085414       12.827104       637.23479     0.088545445      0.088545445       810.60051                  22.64537                        391.00901                          223.58041             160.53862                       12.827104
              3       407.69751       68.303628        3.060791       0.9691121     0.022522162      0.11799298     0.062454962       1.0008814       1.0039958       2.1344433   2.1344433e-09       2.4218288      0.24594761       0.2472796       13.763308       1.8838093      0.69735375      0.30256879      0.14116001       147.45405      0.98242008      0.81818536      0.60217837      0.44661282      0.81193099       1.0414167       8.4240183       1.0008814       12.827104       639.31405     0.088545445      0.088545445       815.21792                 23.104691                        391.04605                          225.16331             163.07676                       12.827104
              1       407.30139       68.511656       3.0619376      0.97111462     0.022478158      0.11746103     0.062203821       1.0039123       1.0033129       2.1368922   2.1368922e-09       2.4296187      0.24592873      0.24726066       13.760595       1.8869182       0.7004159       0.2995071      0.14058405       147.64545      0.98038827      0.81028467      0.60031904       0.4441032       0.8114847       1.0415821       8.4011324       1.0039123        10.92086       637.03215     0.088545445      0.088545445        814.4257                 22.467747                        390.95966                          223.60474             166.47269                        10.92086
              7       406.29893       68.511656       3.0765045      0.97609728     0.022478158      0.11746103     0.062203821       1.0131479       1.0031741       2.1682479   2.1682479e-09       2.4296187      0.24592873      0.24726066       13.760595       1.9146058       0.7004159       0.2995071      0.14058405       147.64545      0.98944141      0.81776703      0.60586253      0.44820415      0.81897815       1.0415821       8.4011324       1.0131479        10.92086       639.11336     0.088545445      0.088545445       812.42076                 21.405495                        390.95895                          226.74892             162.38654                        10.92086
              1       406.78424       68.511656       3.0818477      0.97187105     0.022478158      0.11746103     0.062203821       1.0149907       1.0021134       2.1798642   2.1798642e-09       2.4296187      0.24592873      0.24726066       13.760595       1.9248633       0.7004159       0.2995071      0.14058405       147.64545      0.99048338      0.81862822      0.60650056      0.44867616      0.81984061       1.0415821       8.4011324       1.0149907        10.92086       637.03298     0.088545445      0.088545445       813.39138                 22.195825                        390.93716                          223.89999             165.43755                        10.92086
              4       404.47523       68.511656       3.1139334      0.97330737     0.022478158      0.11746103     0.062203821       1.0297909       1.0016746        2.250941    2.250941e-09       2.4296187      0.24592873      0.24726066       13.760595       1.9876255       0.7004159       0.2995071      0.14058405       147.64545       1.0070553       0.8323248      0.61664801      0.45618302      0.83355747       1.0415821       8.4011324       1.0297909        10.92086       636.35215     0.088545445      0.088545445       808.77337                 22.134326                        390.89702                           223.3208             161.50036                        10.92086
              3       405.10758       68.511656       3.1081232      0.97219962     0.022478158      0.11746103     0.062203821       1.0278068        1.003357       2.2379004   2.2379004e-09       2.4296187      0.24592873      0.24726066       13.760595       1.9761104       0.7004159       0.2995071      0.14058405       147.64545       1.0037082      0.82955842      0.61459847      0.45466681        0.830787       1.0415821       8.4011324       1.0278068        10.92086       636.08581     0.088545445      0.088545445       810.03806                  22.21151                        390.93716                          222.93714             163.03139                        10.92086
              2       406.92447       68.511656       3.1309821      0.97005859     0.022478158      0.11746103     0.062203821       1.0384747       1.0012667       2.2896455   2.2896455e-09       2.4296187      0.24592873      0.24726066       13.760595       2.0218023       0.7004159       0.2995071      0.14058405       147.64545       1.0144147      0.83840731      0.62115438      0.45951674      0.83964899       1.0415821       8.4011324       1.0384747        10.92086        637.8176     0.088545445      0.088545445       813.67184                 22.766392                        390.96875                          224.08246             164.93338                        10.92086
              1       406.88076       69.152343        3.137973      0.97158897      0.02267999      0.11623984     0.059418027       1.0465032       1.0005765       2.3057082   2.3057082e-09       2.3941874      0.24601505       0.2473473       13.731905       2.0473614      0.70807304      0.29185139      0.13956469       147.74731       1.0073698      0.81720092      0.61571938      0.45255698      0.83770746       1.0416552       8.0621264       1.0465032       11.162463       639.04393     0.088545445      0.088545445       813.58442                  22.42605                        390.17336                          226.44452             163.37803                       11.162463
              5       406.03317       69.152343       3.1331357       0.9725363      0.02267999      0.11623984     0.059418027       1.0442041       1.0005265       2.2945819   2.2945819e-09       2.3941874      0.24601505       0.2473473       13.731905       2.0374817      0.70807304      0.29185139      0.13956469       147.74731       1.0053028      0.81552415      0.61445602       0.4516284      0.83598861       1.0416552       8.0621264       1.0442041       11.162463       638.05343     0.088545445      0.088545445       811.88924                 22.222783                        390.21726                          225.61339             162.67335                       11.162463
              2       404.18912       69.152343       3.1294717      0.97831308      0.02267999      0.11623984     0.059418027       1.0440516       1.0010098       2.2861898   2.2861898e-09       2.3941874      0.24601505       0.2473473       13.731905         2.03003      0.70807304      0.29185139      0.13956469       147.74731       1.0057008      0.81584695      0.61469924      0.45180717      0.83631952       1.0416552       8.0621264       1.0440516       11.162463       637.47085     0.088545445      0.088545445       808.20114                 21.130807                        390.27483                          226.06521             159.56783                       11.162463
              1       403.01301       68.921156       3.1254619      0.97804043     0.022602436      0.11653674     0.060711508       1.0378509       1.0050633        2.277041    2.277041e-09       2.4077125      0.24598199      0.24731412       13.746276       2.0166824      0.70564951      0.29427441      0.13978405        147.7542       1.0068333      0.82148944      0.61563314      0.45342986      0.83586063       1.0414885        8.210553       1.0378509       10.435736       636.31117     0.088545445      0.088545445       805.84894                  21.40516                        390.47813                          224.42788             159.10203                       10.435736
              5       403.82672       68.921156       3.0998014      0.97719401     0.022602436      0.11653674     0.060711508       1.0264158      0.99860432       2.2193543   2.2193543e-09       2.4077125      0.24598199      0.24731412       13.746276       1.9655916      0.70564951      0.29427441      0.13978405        147.7542      0.99367396      0.81075251      0.60758677       0.4475035      0.82493586       1.0414885        8.210553       1.0264158       10.435736       635.24286     0.088545445      0.088545445       807.47635                 21.348199                        390.50667                          223.38799             161.79776                       10.435736
              3       402.55766       68.912798        3.100209      0.97704411      0.02261077      0.11656704     0.061533356       1.0257375       1.0040346       2.2202592   2.2202592e-09       2.4062539      0.24598556      0.24731769       13.745956       1.9631636      0.70549675      0.29442715      0.13982268       147.73673      0.99395349      0.81131022      0.60779968      0.44771839      0.82511789        1.041475       8.2886243       1.0257375       10.408866        635.2621     0.088545445      0.088545445       804.93822                 21.391656                        390.61683                          223.25362             159.26725                       10.408866
              4       401.60486       68.912798       3.1457373      0.98004595      0.02261077      0.11656704     0.061533356       1.0490151       1.0031532       2.3236801   2.3236801e-09       2.4062539      0.24598556      0.24731769       13.745956       2.0546088      0.70549675      0.29442715      0.13982268       147.73673       1.0180163      0.83095135        0.622514      0.45855727       0.8450933        1.041475       8.2886243       1.0490151       10.408866       635.23605     0.088545445      0.088545445       803.03263                 21.013993                        390.61067                          223.61139             157.38772                       10.408866
              1        401.7627       68.912798       3.1450509      0.97839485      0.02261077      0.11656704     0.061533356       1.0492981       1.0025021       2.3220857   2.3220857e-09       2.4062539      0.24598556      0.24731769       13.745956        2.053199      0.70549675      0.29442715      0.13982268       147.73673       1.0170195      0.83013773      0.62190447      0.45810828      0.84426583        1.041475       8.2886243       1.0492981       10.408866       635.49491     0.088545445      0.088545445       803.34831                 21.173358                        390.64688                          223.67467             157.44454                       10.408866
              5       401.66216       68.912798       3.1514474      0.97847583      0.02261077      0.11656704     0.061533356       1.0521369       1.0010066       2.3369865   2.3369865e-09       2.4062539      0.24598556      0.24731769       13.745956       2.0663744      0.70549675      0.29442715      0.13982268       147.73673       1.0203092      0.83282296      0.62391613      0.45959011      0.84699676        1.041475       8.2886243       1.0521369       10.408866       634.81339     0.088545445      0.088545445       803.14723                 21.210473                        390.63714                          222.96578             157.92497                       10.408866
              8       402.57199       69.046615       3.1563584      0.97696734     0.022775106        0.116591     0.061928085       1.0528052       1.0013864       2.3484918   2.3484918e-09       2.3777534      0.24605522      0.24738761       13.729016       2.0749087      0.70624223      0.29368197      0.14001097       147.54698       1.0204427      0.83184088      0.62420775      0.45951371      0.84792968        1.041476        8.288426       1.0528052        10.48139       636.06418     0.088545445      0.088545445       804.96689                 21.621842                        390.73265                          223.70968             158.42133                        10.48139
              3        401.2258       68.696641       3.1482641      0.97728717     0.022627599      0.11680977     0.065113958       1.0457696       1.0012566       2.3295591   2.3295591e-09        2.403312      0.24599274       0.2473249       13.757949       2.0451091      0.70309051      0.29683291      0.14008223       147.65276       1.0203531      0.83766417       0.6242323      0.46075945      0.84570369       1.0410514       8.6307035       1.0457696       10.543723        634.2192     0.088545445      0.088545445       802.27451                 21.517907                        391.74755                          220.95374             157.51159                       10.543723
              2       405.10922       68.696641       3.0935581      0.98208075     0.022627599      0.11680977     0.065113958       1.0189927       1.0061808       2.2055415   2.2055415e-09        2.403312      0.24599274       0.2473249       13.757949       1.9362345      0.70309051      0.29683291      0.14008223       147.65276      0.99465353        0.816566      0.60850982      0.44915434      0.82440303       1.0410514       8.6307035       1.0189927       10.543723       638.29024     0.088545445      0.088545445       810.04135                 20.748832                        391.64922                          225.89218             161.20739                       10.543723
              1       403.83996       68.726353       3.0940115      0.98226917     0.022626477      0.11675885     0.065106246       1.0191886       1.0030852       2.2065416   2.2065416e-09        2.403508      0.24599227      0.24732442       13.756746       1.9371424      0.70345735      0.29646614      0.14003019       147.66767       0.9945587      0.81575647      0.60839529      0.44893102      0.82450268       1.0410878       8.6293752       1.0191886        10.46572       638.16837     0.088545445      0.088545445       807.50282                   20.7365                        391.64953                          225.78234             158.86873                        10.46572
              1       405.79025       68.646124       3.0925154      0.98180531      0.02260929      0.11697719     0.062411627       1.0194563      0.99884448       2.2032428   2.2032428e-09       2.4065127      0.24598493      0.24731706       13.758336       1.9446986      0.70233693      0.29758638      0.14023134       147.62833      0.99530963      0.81866991      0.60907318       0.4498552      0.82464346       1.0411278       8.3802244       1.0194563       10.673444       636.64289     0.088545445      0.088545445       811.40342                 20.859305                         390.8963                          224.88729             164.08708                       10.673444
              1       406.92868       68.555879       3.0896607      0.98099406     0.022634119      0.11708695     0.060293053       1.0190294       1.0045127       2.1969622   2.1969622e-09       2.4021737      0.24599553       0.2473277       13.762643        1.947389      0.70126637      0.29865674      0.14036594       147.57122      0.99434878      0.81998717      0.60863115      0.44993239      0.82330566       1.0409137       8.1709584       1.0190294       11.193625       637.82279     0.088545445      0.088545445       813.68026                 21.000576                        390.48324                          226.33897             164.66385                       11.193625
              7       402.93699       68.555879       3.1304152      0.98104938     0.022634119      0.11708695     0.060293053       1.0418655       1.0001592       2.2883478   2.2883478e-09       2.4021737      0.24599553       0.2473277       13.762643       2.0283932      0.70126637      0.29865674      0.14036594       147.57122       1.0148403      0.83688545      0.62117381      0.45920459      0.84027231       1.0409137       8.1709584       1.0418655       11.193625       635.34332     0.088545445      0.088545445       805.69688                 20.840646                        390.45724                          224.04544             159.15993                       11.193625
              4       407.06432       67.852779       3.1215427      0.97776954     0.022521149      0.11854913     0.057794606        1.038885       1.0024548       2.2681343   2.2681343e-09       2.4220079      0.24594717      0.24727917       13.788245       2.0205473      0.69211273      0.30780877      0.14171515       147.30718       1.0210096      0.86071114      0.62644639      0.46661012      0.84103421       1.0406659       7.9759441        1.038885       19.516966        636.4571     0.088545445      0.088545445       813.95155                 21.116071                        390.21677                          225.12426             157.97748                       19.516966
              8       407.91583       67.944443       3.1197771      0.97913187     0.022490235      0.11809396     0.058146622       1.0369714       1.0038169       2.2641332   2.2641332e-09       2.4274771      0.24593391      0.24726586       13.793355       2.0155634      0.69399587      0.30592585      0.14122906       147.46273       1.0179956      0.85402054      0.62406084      0.46412074      0.83911772       1.0405363       8.0100474       1.0369714        17.19578        635.4108     0.088545445      0.088545445       815.65458                 21.035659                        390.29466                          224.08048               163.048                        17.19578
              2       408.84803       67.930303       3.1240391      0.97767248     0.022592548      0.11832309     0.063278775       1.0344844       1.0001306       2.2738035   2.2738035e-09       2.4094449      0.24597777      0.24730987       13.785558       2.0035015      0.69315018      0.30677151      0.14156051       147.28781       1.0200846      0.85781246      0.62570801      0.46566701       0.8407521       1.0404746        8.490546       1.0344844       18.801084       637.54389     0.088545445      0.088545445       817.51897                 21.273523                         391.2373                          225.03307             161.17399                       18.801084
              2       408.80684       67.933088       3.1239629       0.9776402     0.022596891      0.11831423     0.063124872       1.0342855       1.0032345       2.2736303   2.2736303e-09       2.4086838      0.24597962      0.24731174       13.785433       2.0039657      0.69318515      0.30673654      0.14155598       147.28534        1.019937      0.85761798       0.6256125      0.46558266      0.84064771       1.0404624       8.4745068       1.0342855       18.797072       637.08254     0.088545445      0.088545445       817.43659                  21.30647                         391.1744                          224.60167             161.55697                       18.797072
              1       408.70553       67.933088       3.1294962      0.97709431     0.022596891      0.11831423     0.063124872       1.0370546       1.0038898       2.2862459   2.2862459e-09       2.4086838      0.24597962      0.24731174       13.785433        2.015085      0.69318515      0.30673654      0.14155598       147.28534       1.0225499      0.85981501      0.62721518      0.46677538      0.84280127       1.0404624       8.4745068       1.0370546       18.797072       636.51236     0.088545445      0.088545445       817.23398                 21.394302                          391.216                          223.90205             161.92455                       18.797072
              2       409.10872       67.933088       3.1338154      0.97788714     0.022596891      0.11831423     0.063124872       1.0394186       1.0005209       2.2961419   2.2961419e-09       2.4086838      0.24597962      0.24731174       13.785433       2.0238073      0.69318515      0.30673654      0.14155598       147.28534       1.0250704      0.86193441      0.62876124      0.46792596      0.84487873       1.0404624       8.4745068       1.0394186       18.797072       637.25392     0.088545445      0.088545445       818.04035                 21.269638                        391.17068                           224.8136             161.98936                       18.797072
              3       408.90136       68.128214       3.1351157      0.97952226     0.022584474      0.11777816     0.064406632       1.0387488      0.99900083       2.2991297   2.2991297e-09       2.4108608      0.24597431       0.2473064       13.783052       2.0212525      0.69612184       0.3038003       0.1410075       147.44205       1.0226781      0.85373427      0.62668531      0.46526091      0.84411664       1.0405067       8.5907519       1.0387488       15.228904       636.84027     0.088545445      0.088545445       817.62563                 21.130493                        391.55491                          224.15487             165.55645                       15.228904
              2         404.565       68.549304       3.1463103       0.9795416      0.02271437      0.11762389     0.060975678       1.0492424       1.0058552        2.325012    2.325012e-09       2.3882275      0.24602963      0.24736192       13.746378       2.0580807      0.69989561      0.30002749      0.14098313        147.3385       1.0247494      0.84850619      0.62792744      0.46472895      0.84843623       1.0412609       8.2285049       1.0492424       11.739998       638.02912     0.088545445      0.088545445        808.9529                 21.034317                        390.54261                          226.45219             159.18378                       11.739998
             10       404.68614       68.351987       3.1423724      0.97829151     0.022699183      0.11805846     0.056432149        1.051475      0.99818616       2.3158744   2.3158744e-09       2.3908575       0.2460232      0.24735547        13.75242       2.0687055       0.6972628      0.30265985      0.14140251       147.23974       1.0256285      0.85470421      0.62893295      0.46649076      0.84794101       1.0411752       7.7934127        1.051475       13.622358       638.06953     0.088545445      0.088545445       809.19519                 21.099688                        390.20679                          226.76305              157.5033                       13.622358
              2        407.0117       68.429264       3.1433835      0.98128719     0.022494333       0.1178523     0.057435651       1.0497251       1.0036684       2.3182171   2.3182171e-09        2.426751      0.24593567      0.24726762        13.75677       2.0666462       0.6988239      0.30109892       0.1409915       147.52261       1.0275483      0.85281005      0.62965181      0.46642064      0.85000829       1.0417124       7.9368648       1.0497251       11.578194       639.53412     0.088545445      0.088545445       813.84631                 20.856057                        390.28795                          228.39012             162.73399                       11.578194
              3       407.00219       68.429264       3.1591843      0.97868111     0.022494333       0.1178523     0.057435651       1.0582914      0.99891039       2.3551376   2.3551376e-09        2.426751      0.24593567      0.24726762        13.75677       2.0995601       0.6988239      0.30109892       0.1409915       147.52261       1.0346618      0.85871391      0.63401079      0.46964959      0.85589275       1.0417124       7.9368648       1.0582914       11.578194       637.06547     0.088545445      0.088545445        813.8273                 21.159017                        390.20368                          225.70277             165.18364                       11.578194
              1       406.01635        68.42436       3.1586988      0.97859157     0.022492737      0.11787827     0.056190659       1.0608042       1.0029069       2.3539945   2.3539945e-09       2.4270338      0.24593498      0.24726693        13.75654       2.1037729      0.69872868      0.30119413      0.14101587       147.51746       1.0345573      0.85884076      0.63397415      0.46965957      0.85577564       1.0417296       7.8135536       1.0608042       11.613492       638.81272     0.088545445      0.088545445       811.85561                 21.017748                        390.24034                          227.55463              161.4294                       11.613492
              3       408.70418       68.426203       3.1580882      0.97857907     0.022486403      0.11788602      0.05720375       1.0572365      0.99885134       2.3525577   2.3525577e-09       2.4281564      0.24593227      0.24726421       13.756338       2.0982331      0.69874188      0.30118094      0.14101729       147.52246       1.0343251       0.8586257      0.63383344      0.46955019      0.85559508       1.0417596       7.9162662       1.0572365        11.57361       638.15284     0.088545445      0.088545445       817.23126                 21.229692                        390.21078                          226.71236             167.50481                        11.57361
              2       408.41623       68.440575       3.1611892      0.97944446     0.022410029      0.11763564     0.054818623       1.0629642      0.99903614       2.3598644   2.3598644e-09       2.4417538      0.24589955      0.24723137       13.763983       2.1148141      0.69956597      0.30035688      0.14069053       147.67486       1.0354315       0.8575173      0.63414356      0.46945826      0.85660024       1.0417312       7.6901326       1.0629642        11.08675       638.77561     0.088545445      0.088545445       816.65538                 20.947227                        390.38252                          227.44586             166.79302                        11.08675
              4       407.37854       68.454434       3.1640571      0.97985493     0.022415694      0.11751145     0.056971408       1.0625632      0.99886327       2.3666419   2.3666419e-09       2.4407412      0.24590197       0.2472338       13.765994       2.1117758      0.69994055      0.29998233      0.14057201       147.70167       1.0362644      0.85733069      0.63451999      0.46959042      0.85737613       1.0416254       7.9027198       1.0625632       11.001983       637.99723     0.088545445      0.088545445       814.57998                 20.913468                        390.25069                          226.83307             165.58077                       11.001983
              5        405.5658       68.426624       3.1659106      0.98019924     0.022401662         0.11746     0.057030608       1.0639848       1.0036657       2.3710325   2.3710325e-09       2.4432504      0.24589597      0.24722778       13.770252       2.1154431      0.69983644      0.30008637      0.14050653       147.73118       1.0373018      0.85828238      0.63508118      0.47004649      0.85806004       1.0415237       7.9107642       1.0639848       11.083601       638.11011     0.088545445      0.088545445       810.95451                 20.833133                        390.28246                          226.99451              161.7608                       11.083601
              2       404.92088       68.713249       3.1664529      0.97925663     0.022555507      0.11726718     0.056699829       1.0641632       1.0048997       2.3723186   2.3723186e-09       2.4159505       0.2459619      0.24729395       13.745947       2.1179912      0.70241792      0.29750554      0.14046756       147.61072       1.0336202      0.85038906      0.63278329       0.4673355      0.85680352        1.041775       7.8403326       1.0641632       10.396531       636.86662     0.088545445      0.088545445       809.66466                 21.032938                        390.20772                          225.62597             162.40151                       10.396531
              1       404.48806       68.713249       3.1638835      0.97930609     0.022555507      0.11726718     0.056699829       1.0625514       1.0029359       2.3662311   2.3662311e-09       2.4159505       0.2459619      0.24729395       13.745947       2.1125564      0.70241792      0.29750554      0.14046756       147.61072       1.0323129      0.84931347      0.63198293       0.4667444      0.85571981        1.041775       7.8403326       1.0625514       10.396531       636.77472     0.088545445      0.088545445       808.79904                 21.047412                        390.20389                          225.52342             161.62779                       10.396531
              2       404.06086       68.713249       3.1599838       0.9772088     0.022555507      0.11726718     0.056699829       1.0605476        1.002882       2.3570213   2.3570213e-09       2.4159505       0.2459619      0.24729395       13.745947        2.104334      0.70241792      0.29750554      0.14046756       147.61072       1.0294706      0.84697507      0.63024291      0.46545932      0.85336377        1.041775       7.8403326       1.0605476       10.396531       635.99735     0.088545445      0.088545445       807.94463                 21.321899                        390.15991                          224.51555             161.55074                       10.396531
              3        404.8769       68.713249       3.1295987      0.97841664     0.022555507      0.11726718     0.056699829       1.0457677        1.004299       2.2864802   2.2864802e-09       2.4159505       0.2459619      0.24729395       13.745947       2.0413553      0.70241792      0.29750554      0.14046756       147.61072       1.0144199      0.83459242      0.62102885      0.45865438      0.84088772        1.041775       7.8403326       1.0457677       10.396531         638.456     0.088545445      0.088545445       809.57671                 21.048811                        390.18968                          227.21751             160.72418                       10.396531
              6       406.07766        68.85436       3.1305274      0.97782843     0.022685362      0.11721834     0.061920205       1.0408565        1.004534       2.2886046   2.2886046e-09       2.3932547      0.24601734      0.24734958        13.73129       2.0220299      0.70346553      0.29645825      0.14054857       147.47899       1.0127391      0.83142166      0.62008919      0.45755683      0.84035595       1.0418081       8.3204845       1.0408565       10.334224        640.0454     0.088545445      0.088545445       811.97824                 21.264054                        390.74729                          228.03406             161.59861                       10.334224
              1       404.23822        68.85436       3.1279897      0.97761516     0.022685362      0.11721834     0.061920205       1.0386066       1.0021754       2.2828043   2.2828043e-09       2.3932547      0.24601734      0.24734958        13.73129       2.0169051      0.70346553      0.29645825      0.14054857       147.47899       1.0113717      0.83029913      0.61925199      0.45693907      0.83922136       1.0418081       8.3204845       1.0386066       10.334224       637.78128     0.088545445      0.088545445       808.29935                 21.384436                        390.78353                          225.61332             160.18384                       10.334224
              4       404.95916       68.810775       3.1245118      0.97697456     0.022702784      0.11744361     0.060084046       1.0377182       1.0035094       2.2748786   2.2748786e-09       2.3902335      0.24602472        0.247357       13.728526       2.0172972      0.70257719      0.29734649      0.14079126       147.39948       1.0106637      0.83169159      0.61908547      0.45715799      0.83836842       1.0418743       8.1427647       1.0377182       10.431472       637.57052     0.088545445      0.088545445       809.74124                 21.516542                         390.3884                          225.66558             161.73924                       10.431472
              4       402.84787       68.287375       3.1213742      0.97720637     0.022598496      0.11815423      0.05997681       1.0351926       1.0034257       2.2677521   2.2677521e-09       2.4084026      0.24598031      0.24731242       13.758277        2.011409      0.69670018      0.30322232      0.14139759       147.32614       1.0161112      0.84778823       0.6230914      0.46237255      0.83967546       1.0413433       8.1676881       1.0351926       13.618104       635.34729     0.088545445      0.088545445       805.51865                 21.454468                         390.4197                          223.47313             156.55325                       13.618104
             16          403.85       68.458572       3.1400322      0.98042899     0.022534484      0.11708335      0.06935361       1.0376189       1.0031176       2.3104611   2.3104611e-09       2.4196542      0.24595289      0.24728491       13.774096       2.0112168       0.7006368      0.29928609       0.1402627       147.68346       1.0206831      0.84270116      0.62463523      0.46200652      0.84451009       1.0408759       9.0575653       1.0376189       11.345112       637.43272     0.088545445      0.088545445        807.5229                 21.064111                        393.64067                          222.72794             158.74507                       11.345112
              1       403.51895       68.458572        3.125611      0.97964226     0.022534484      0.11708335      0.06935361       1.0298486       1.0024156       2.2773806   2.2773806e-09       2.4196542      0.24595289      0.24728491       13.774096       1.9824208       0.7006368      0.29928609       0.1402627       147.68346       1.0130441      0.83639417       0.6199603      0.45854875      0.83818957       1.0408759       9.0575653       1.0298486       11.345112       636.86963     0.088545445      0.088545445        806.8608                 21.199595                        393.64937                          222.02067             158.64606                       11.345112
              5        405.6337        68.54088        3.127011      0.97980226     0.022538204       0.1169188     0.068971202       1.0307812      0.99792756        2.280571    2.280571e-09       2.4189983      0.24595449      0.24728651       13.771205       1.9867169      0.70169772      0.29822536      0.14010187       147.72343       1.0125237      0.83379837      0.61946418      0.45777528      0.83826253       1.0409346       9.0178324       1.0307812        10.88409       636.86367     0.088545445      0.088545445        811.0903                 21.206456                        393.45776                          222.19945             163.34255                        10.88409
              1       406.07185       68.334242       3.1235776      0.97921212     0.022462043      0.11728435     0.046373676       1.0533771      0.99838396       2.2727544   2.2727544e-09       2.4324809      0.24592182      0.24725372       13.781611       2.0714423      0.69927116      0.30065145      0.14039126       147.71061       1.0140959      0.83993574      0.62074617      0.45965276       0.8382976       1.0409066       6.7974193       1.0533771       11.910933        638.5886     0.088545445      0.088545445       811.96661                 20.752065                        394.50561                          223.33092             161.46708                       11.910933
              7         404.963       68.357472       3.1239431      0.97917142     0.022475133      0.11725798     0.046211834       1.0532706      0.99995372       2.2735853   2.2735853e-09       2.4301555      0.24592744      0.24725936       13.779911       2.0728705      0.69950394      0.30041872      0.14037798       147.70303       1.0139153      0.83934374      0.62062096      0.45947109      0.83829078       1.0409141       6.7772836       1.0532706       11.796025       638.12305     0.088545445      0.088545445       809.74891                 20.793771                        394.63239                          222.69689             159.82983                       11.796025
              3       404.02006       68.357472       3.1298725      0.97803478     0.022475133      0.11725798     0.046211834         1.05606       1.0041125       2.2871064   2.2871064e-09       2.4301555      0.24592744      0.24725936       13.779911       2.0851979      0.69950394      0.30041872      0.14037798       147.70303       1.0164832      0.84146949      0.62219276      0.46063476      0.84041386       1.0409141       6.7772836         1.05606       11.796025       637.09455     0.088545445      0.088545445       807.86302                 20.948311                        394.53086                          221.61538             158.97245                       11.796025
              2        406.6569       68.582394       3.1349365      0.97822841     0.022653058      0.11695832     0.071027001        1.032477      0.99689027       2.2987176   2.2987176e-09       2.3988716       0.2460036       0.2473358       13.763297       1.9943086      0.70173051      0.29819266      0.14025625       147.58454       1.0150355      0.83603736       0.6211719      0.45902468      0.84059648       1.0408063       9.1793573        1.032477       11.100291       637.61634     0.088545445      0.088545445       813.13671                 21.532718                        394.52101                          221.56261             164.42008                       11.100291
              7       403.58241         69.0231       3.1406736      0.97798374      0.02275171      0.11629764      0.05665794       1.0510631      0.99700217       2.3119436   2.3119436e-09       2.3817797      0.24604539      0.24737774       13.739744       2.0642618       0.7067069      0.29321724      0.13969422       147.65175       1.0114948      0.82323216      0.61838405      0.45504637      0.84035135       1.0411512       7.7754235       1.0510631       10.529847       634.02281     0.088545445      0.088545445       806.98773                 21.264729                        390.19685                          222.56124             162.43507                       10.529847
              3       401.73917       68.604882       3.1366373      0.97804965     0.022668908      0.11691515     0.059903028         1.04577       1.0007221       2.3026307   2.3026307e-09       2.3961133      0.24601034      0.24734257       13.762053       2.0426463      0.70198407      0.29793915      0.14022893       147.57843        1.015373      0.83581235      0.62134813      0.45905729      0.84101376       1.0407862       8.1217375         1.04577        11.03709       633.51476     0.088545445      0.088545445       803.30125                 21.207031                        390.38835                          221.91938              158.7494                        11.03709
              4       401.69383       68.604882       3.1146793        0.977454     0.022668908      0.11691515     0.059903028        1.034288       1.0026088       2.2526204   2.2526204e-09       2.3961133      0.24601034      0.24734257       13.762053       1.9982826      0.70198407      0.29793915      0.14022893       147.57843       1.0040566      0.82649719      0.61442318      0.45394108      0.83164064       1.0407862       8.1217375        1.034288        11.03709       633.46337     0.088545445      0.088545445       803.21056                 21.294861                        390.39347                          221.77504              158.7101                        11.03709
             10        402.5059       68.749715        3.113764      0.97767053     0.022579482      0.11662532     0.050172059       1.0447907       1.0056048       2.2505597   2.2505597e-09       2.4117368      0.24597217      0.24730426       13.759626         2.03569       0.7040408      0.29588274      0.13984967       147.75605       1.0022071      0.82071325      0.61287628      0.45201487      0.83098447       1.0411341       7.1627869       1.0447907       10.365407       635.26145     0.088545445      0.088545445        804.8347                 21.024364                        392.00912                          222.22796             159.20785                       10.365407
              6        401.2718       68.899715       3.1217676      0.97862408     0.022625977       0.1161655      0.05636589       1.0421087       1.0019261       2.2686445   2.2686445e-09       2.4035954      0.24599205      0.24732421       13.757704       2.0267849      0.70619872      0.29372515      0.13943634       147.82775       1.0030083      0.81686658      0.61291255      0.45121528      0.83255557       1.0409649       7.7717605       1.0421087       10.457284       633.05587     0.088545445      0.088545445       802.36652                 21.095451                        390.23227                          221.72815             158.85336                       10.457284
              2       401.78028       68.753627       3.1206894      0.97842748     0.022646745      0.11644021     0.059951724       1.0380952       1.0029628       2.2661997   2.2661997e-09       2.3999715      0.24600091       0.2473331       13.762512       2.0101329      0.70432378      0.29559978      0.13973182       147.73058       1.0043622      0.82179352      0.61406476      0.45278309      0.83279508       1.0407745       8.1233876       1.0380952       10.451021       633.17103     0.088545445      0.088545445       803.38348                 21.137209                        390.37222                          221.66159             159.76143                       10.451021
             12       404.14616       68.638258       3.1202785      0.97924814     0.022524244       0.1164245     0.062381185       1.0361243       1.0061638       2.2652688   2.2652688e-09       2.4214612       0.2459485       0.2472805        13.77653       1.9995678      0.70362235      0.29630094      0.13959361       147.87192       1.0058528      0.82407769      0.61482401      0.45361152      0.83333104       1.0407282       8.3869482       1.0361243       10.478201        634.1227     0.088545445      0.088545445       808.11522                 20.988795                        390.89407                          222.23983             163.51432                       10.478201
              4       405.38854       69.233109       3.1176795      0.97775873     0.022699738      0.11593817     0.062106118       1.0335256      0.99851328       2.2593889   2.2593889e-09       2.3907612      0.24602343      0.24735571       13.732516       1.9954751      0.70934192      0.29058269      0.13928277       147.80645      0.99738386       0.8064044      0.60930773      0.44735688      0.82988756       1.0415183       8.3117155       1.0335256       11.700137       636.33961     0.088545445      0.088545445       810.59999                 21.455123                        390.73385                          224.15063             162.56024                       11.700137
              5       403.89843       69.237041       3.1177821      0.97776902      0.02270047      0.11592969      0.06214308       1.0350684       1.0031736       2.2596207   2.2596207e-09       2.3906344      0.24602374      0.24735602       13.732382       1.9955322      0.70939108      0.29053354      0.13927503       147.80791      0.99736921      0.80629269      0.60929032      0.44732518      0.82989893       1.0415189       8.3149369       1.0350684       11.727444       636.50321     0.088545445      0.088545445       807.61976                 21.304034                        390.72951                          224.46966             159.38911                       11.727444
              4       403.04707       69.082206       3.1193324         0.97825     0.022677312      0.11604708     0.066788293       1.0305352        1.005131       2.2631265   2.2631265e-09       2.3946526      0.24601392      0.24734615       13.743436       1.9801462      0.70788948      0.29203479      0.13936926       147.80222       0.9998053      0.81111146       0.6108818      0.44907185      0.83099524       1.0412466       8.7623972       1.0305352       10.916896       636.07222     0.088545445      0.088545445       805.91705                 21.370871                        392.31101                          222.39034             158.92793                       10.916896
              1       404.54932       69.082206       3.1596802      0.97638571     0.022677312      0.11604708     0.066788293       1.0495904       1.0054091        2.356306    2.356306e-09       2.3946526      0.24601392      0.24734615       13.743436       2.0616746      0.70788948      0.29203479      0.13936926       147.80222       1.0194473      0.82704644      0.62288309      0.45789425      0.84732085       1.0412466       8.7623972       1.0495904       10.916896       638.68451     0.088545445      0.088545445       808.92156                 21.869151                        392.34982                          224.46554             159.32015                       10.916896
              3       405.28207       69.065126       3.1591131      0.97633649     0.022671881      0.11608522     0.066515197       1.0495457      0.99920813       2.3549701   2.3549701e-09       2.3955963      0.24601161      0.24734384       13.744045       2.0616314      0.70767642      0.29224782      0.13940196       147.79802       1.0194744      0.82750905      0.62293618      0.45801676       0.8472386       1.0412511       8.7388521       1.0495457       10.848182       638.48143     0.088545445      0.088545445       810.38705                 21.866504                        392.22964                          224.38528             161.05743                       10.848182
              6       402.49498       68.642121       3.1578952      0.97580541     0.022685152      0.11678542     0.057464759       1.0601412        1.002037       2.3521038   2.3521038e-09       2.3932911      0.24601725       0.2473495       13.761864       2.0967334       0.7025482       0.2973751      0.14011544       147.59508       1.0243117      0.84196205      0.62669128      0.46278556      0.84864782       1.0407162       7.8769294       1.0601412       10.900093       633.32611     0.088545445      0.088545445       804.81286                 21.425995                        390.16224                          221.73788             160.58665                       10.900093
              1       404.49271       68.642121       3.1603672       0.9752341     0.022685152      0.11678542     0.057464759       1.0616256       1.0057173       2.3579253   2.3579253e-09       2.3932911      0.24601725       0.2473495       13.761864       2.1019229       0.7025482       0.2973751      0.14011544       147.59508        1.025354      0.84281874      0.62732893      0.46325644      0.84951131       1.0407162       7.8769294       1.0616256       10.900093       633.62162     0.088545445      0.088545445       808.80833                 21.494039                        390.17704                          221.95054             164.28662                       10.900093
              1       403.76663       68.900005       3.1654725      0.97629866     0.022596578      0.11610505     0.048850439       1.0742288       1.0041649        2.369994    2.369994e-09       2.4087386      0.24597949       0.2473116       13.760146       2.1493953      0.70639046      0.29353342       0.1393465       147.87692       1.0241528      0.83359873      0.62573258      0.46057796      0.85010854       1.0409757       7.0145541       1.0742288       10.494968       635.28877     0.088545445      0.088545445       807.35617                 21.167983                        392.63482                          221.48597             161.57243                       10.494968
              5       404.15419       68.900005       3.1857673      0.97704173     0.022596578      0.11610505     0.048850439       1.0834907       1.0023137        2.418584    2.418584e-09       2.4087386      0.24597949       0.2473116       13.760146       2.1934626      0.70639046      0.29353342       0.1393465       147.87692       1.0348938      0.84234123      0.63229505      0.46540835      0.85902419       1.0409757       7.0145541       1.0834907       10.494968       635.89769     0.088545445      0.088545445        808.1313                 21.218106                        392.63329                          222.04629             161.73864                       10.494968
              3       404.31693       68.860646       3.1777561      0.97676701     0.022509627      0.11630483     0.057328778       1.0705294       1.0068905       2.3992856   2.3992856e-09       2.4240441      0.24594223      0.24727421       13.760526       2.1393744      0.70581679        0.294107      0.13945932       147.92075       1.0326941      0.84178837      0.63107876      0.46473984      0.85695344       1.0412967       7.8961646       1.0705294       10.467788       633.99507     0.088545445      0.088545445       808.45677                 21.358576                        390.18353                          222.45296             163.99392                       10.467788
              2       404.93385       68.906634       3.1700584      0.97515659     0.022576702      0.11664346     0.052819509       1.0703013      0.99952682       2.3808876   2.3808876e-09       2.4122249      0.24597098      0.24730306       13.745341       2.1422021      0.70535487      0.29456902      0.13986503       147.75429       1.0292904      0.84048055      0.62945575      0.46372656      0.85441416        1.041626       7.4356128       1.0703013       10.416341       635.89044     0.088545445      0.088545445       809.69062                 21.578904                        390.73962                          223.57191             163.38384                       10.416341
             11       404.87606       68.811163       3.1677312      0.97519865     0.022530269      0.11679099      0.05478598       1.0670498      0.99963225        2.375353    2.375353e-09       2.4203977      0.24595108      0.24728309       13.751003       2.1288333      0.70432318       0.2956005      0.13996613       147.76664       1.0297429      0.84291499      0.62984625      0.46441992      0.85419743       1.0416202       7.6465679       1.0670498       10.316662       635.34748     0.088545445      0.088545445       809.57502                 21.580636                        390.29432                          223.47253             163.91087                       10.316662
              8       404.80268       68.811163       3.1705201      0.97552939     0.022530269      0.11679099      0.05478598       1.0684974      0.99977461       2.3819871   2.3819871e-09       2.4203977      0.24595108      0.24728309       13.751003       2.1347789      0.70432318       0.2956005      0.13996613       147.76664        1.031311      0.84419856      0.63080537      0.46512713      0.85549818       1.0416202       7.6465679       1.0684974       10.316662        635.3351     0.088545445      0.088545445       809.42827                 21.534847                         390.3014                          223.49885             163.77651                       10.316662
              4       403.94871       68.811163       3.1289892      0.97779927     0.022530269      0.11679099      0.05478598         1.04824       1.0036011       2.2850871   2.2850871e-09       2.4203977      0.24595108      0.24728309       13.751003       2.0479355      0.70432318       0.2956005      0.13996613       147.76664       1.0109984      0.82757135      0.61838112      0.45596605      0.83864841       1.0416202       7.6465679         1.04824       10.316662       637.46979     0.088545445      0.088545445       807.72032                 21.057323                        390.40441                          226.00805             159.93387                       10.316662
             18       400.56531       68.624342       3.1345543      0.97837836     0.022550644      0.11688622     0.053860679       1.0509226       1.0029861       2.2978392   2.2978392e-09       2.4168065      0.24595982      0.24729186       13.764361       2.0631787      0.70246562      0.29745764      0.14008174       147.71825       1.0151791      0.83455557      0.62106643      0.45866367      0.84097247       1.0411158       7.5493871       1.0509226       10.590601       633.37115     0.088545445      0.088545445       800.95353                 21.046618                        390.57461                          221.74992             156.99178                       10.590601
              6        401.5138       68.676752       3.1348054       0.9783612     0.022545041      0.11680094     0.050495041       1.0549281       1.0043248       2.2984162   2.2984162e-09       2.4177932      0.24595742      0.24728945       13.762212       2.0776349      0.70311226      0.29681112      0.13999085       147.74741       1.0146518      0.83280804       0.6206431      0.45810177      0.84085651       1.0411942       7.2059292       1.0549281       10.435265       634.98375     0.088545445      0.088545445        802.8505                 20.973356                        391.82011                          222.19028             157.43149                       10.435265
              1       401.88468       68.666462       3.1343191      0.97831374      0.02254227      0.11682965      0.05051723       1.0535751       1.0044758       2.2972988   2.2972988e-09       2.4182816      0.24595623      0.24728826       13.762412       2.0765327      0.70296828      0.29695507      0.14001678        147.7428       1.0146139      0.83307801      0.62064864       0.4581614      0.84076209       1.0412016       7.2092328       1.0535751       10.454105        635.2688     0.088545445      0.088545445       803.59228                 21.067123                        391.78597                           222.4157             157.86937                       10.454105
             12       401.74768       68.666462       3.1339123      0.97816865      0.02254227      0.11682965      0.05051723       1.0533559       1.0023632       2.2963645   2.2963645e-09       2.4182816      0.24595623      0.24728826       13.762412       2.0756882      0.70296828      0.29695507      0.14001678        147.7428        1.014351      0.83286217      0.62048784       0.4580427      0.84054426       1.0412016       7.2092328       1.0533559       10.454105       635.20819     0.088545445      0.088545445       803.31826                 21.085853                        391.77388                          222.34846             157.65596                       10.454105
              2       402.33464       68.623892       3.1308823      0.97821931     0.022477181      0.11690026     0.051590266        1.050699       1.0031908       2.2894171   2.2894171e-09       2.4297921      0.24592831      0.24726024        13.76603       2.0649721      0.70258791      0.29733535      0.14002231       147.79693       1.0139424       0.8332277        0.620244      0.45800921      0.83994517       1.0413177       7.3345377        1.050699       10.441351       635.60488     0.088545445      0.088545445       804.49219                 21.077972                        391.25662                          223.27029             158.44595                       10.441351
             10       403.01746       68.623892       3.1239095      0.97766358     0.022477181      0.11690026     0.051590266       1.0471026       1.0064347       2.2735088   2.2735088e-09       2.4297921      0.24592831      0.24726024        13.76603       2.0506234      0.70258791      0.29733535      0.14002231       147.79693       1.0101979       0.8301506      0.61795345      0.45631779      0.83684327       1.0413177       7.3345377       1.0471026       10.441351       635.35162     0.088545445      0.088545445       805.85782                 21.144227                        391.24835                          222.95904             160.06485                       10.441351
              4       403.01278       68.623892       3.1250757      0.97816067     0.022477181      0.11690026     0.051590266       1.0477526       1.0003293       2.2761618   2.2761618e-09       2.4297921      0.24592831      0.24726024        13.76603       2.0530163      0.70258791      0.29733535      0.14002231       147.79693       1.0109801      0.83079337      0.61843192      0.45667111      0.83749122       1.0413177       7.3345377       1.0477526       10.441351       635.50196     0.088545445      0.088545445       805.84846                 21.076638                        391.25662                          223.16871             159.90515                       10.441351
              3       403.28505       68.384095       3.1220455      0.97755184     0.022457337      0.11727237     0.049308074       1.0479734       1.0051368       2.2692751   2.2692751e-09       2.4333176      0.24591981       0.2472517        13.77764       2.0561685      0.69974516      0.30017756      0.14037457        147.7191       1.0124415      0.83768119      0.61971505       0.4587083      0.83723522       1.0410541        7.107546       1.0479734       11.523804       635.58428     0.088545445      0.088545445       806.39302                 21.116705                        392.29463                          222.17295             159.28493                       11.523804
              4       404.94142       68.407299         3.12767      0.97853239     0.022419089      0.11700827     0.048617734       1.0540213       1.0052945       2.2820745   2.2820745e-09       2.4401347      0.24590342      0.24723526       13.783876       2.0706227      0.70059492      0.29932785      0.14007222       147.83283       1.0144109       0.8373141      0.62058589      0.45902748       0.8390061       1.0409381       7.0391132       1.0540213       11.145466       637.30262     0.088545445      0.088545445       809.70574                 20.807137                        392.84022                          223.65526             161.25766                       11.145466
              7       404.65699       68.407299       3.1215395      0.97816568     0.022419089      0.11700827     0.048617734       1.0510213       1.0014149       2.2681271   2.2681271e-09       2.4401347      0.24590342      0.24723526       13.783876       2.0579677      0.70059492      0.29932785      0.14007222       147.83283       1.0111642      0.83463425      0.61859969      0.45755835      0.83632084       1.0409381       7.0391132       1.0510213       11.145466       637.58617     0.088545445      0.088545445       809.13688                 20.830578                        392.80538                          223.95021             160.40524                       11.145466
              2       404.26282       68.407299       3.1225192      0.97754668     0.022419089      0.11700827     0.048617734       1.0492796        1.004432       2.2703502   2.2703502e-09       2.4401347      0.24590342      0.24723526       13.783876       2.0599849      0.70059492      0.29932785      0.14007222       147.83283       1.0114199      0.83484532      0.61875613      0.45767405      0.83653233       1.0409381       7.0391132       1.0492796       11.145466       636.25996     0.088545445      0.088545445       808.34855                 21.089078                        392.68728                           222.4836             160.94312                       11.145466
              4       402.64767       68.248158       3.1086705      0.97489627     0.022523334       0.1177597     0.049543031       1.0398806       1.0039937       2.2391256   2.2391256e-09       2.4216218      0.24594811      0.24728011       13.774567       2.0278972      0.69735991       0.3025625       0.1409279       147.51501       1.0073854      0.83862069      0.61722696       0.4577714      0.83222567       1.0410007       7.1254846       1.0398806       13.278213       634.36502     0.088545445      0.088545445       805.11825                 21.531262                        392.00501                          220.82874             157.47502                       13.278213
              2       405.17009       68.248158       3.0740979      0.97450419     0.022523334       0.1177597     0.049543031       1.0212017       1.0042653       2.1630361   2.1630361e-09       2.4216218      0.24594811      0.24728011       13.774567       1.9589856      0.69735991       0.3025625       0.1409279       147.51501      0.98997277      0.82412518      0.60655822      0.44985885       0.8178407       1.0410007       7.1254846       1.0212017       13.278213       636.74749     0.088545445      0.088545445       810.16309                 21.680487                        391.97546                          223.09155             160.13738                       13.278213
              1       406.44361       68.428313       3.0853014      0.97640464     0.022483071      0.11709537     0.047796759       1.0332922       1.0046107       2.1874059   2.1874059e-09       2.4287471      0.24593084      0.24726277       13.777862       1.9879875      0.70045612       0.2994667      0.14022331       147.73776      0.99221864      0.81946395      0.60717297      0.44915844      0.82077722       1.0409303       6.9412035       1.0332922       11.308904       638.83804     0.088545445      0.088545445       812.71013                 21.002981                        393.31562                          224.51943             162.56318                       11.308904
              1       406.24611        68.26895       3.0844594      0.97621458      0.02246907      0.11730139     0.056189552       1.0236727      0.99766023       2.1855648   2.1855648e-09       2.4312322      0.24592484      0.24725675       13.786756       1.9532511      0.69864402      0.30127844      0.14041532       147.69818      0.99360484      0.82411427      0.60822928      0.45061883      0.82096626       1.0407126       7.8072804       1.0236727       12.503779       633.98889     0.088545445      0.088545445       812.31512                 21.197166                        390.21197                          222.57976             165.82245                       12.503779
              1       405.40436        68.26895       3.0866934      0.97213922      0.02246907      0.11730139     0.056189552       1.0239087      0.99906352       2.1904529   2.1904529e-09       2.4312322      0.24592484      0.24725675       13.786756       1.9576196      0.69864402      0.30127844      0.14041532       147.69818      0.99316962      0.82375329      0.60796287      0.45042145      0.82060666       1.0407126       7.8072804       1.0239087       12.503779       631.34727     0.088545445      0.088545445       810.63164                 21.909389                        390.12013                          219.31775             166.78059                       12.503779
              4       406.58351       68.826207       3.0971691      0.97438802     0.022451947      0.11628903     0.056813207       1.0302591       1.0005501       2.2135199   2.2135199e-09       2.4342766      0.24591749      0.24724938       13.765592       1.9757687      0.70567742      0.29424629      0.13938585       147.98957      0.99152162      0.80836942      0.60583848      0.44620518      0.82258182       1.0413248       7.8578478       1.0302591       10.469667       636.16307     0.088545445      0.088545445       812.98993                 21.538574                        390.16681                          224.45769             166.35719                       10.469667
              2       405.31713       68.826207       3.1625989      0.97633474     0.022451947      0.11628903     0.056813207       1.0644231       1.0000679       2.3631932   2.3631932e-09       2.4342766      0.24591749      0.24724938       13.765592       2.1093659      0.70567742      0.29424629      0.13938585       147.98957       1.0252616      0.83587704      0.62645427      0.46138888      0.85057307       1.0413248       7.8578478       1.0644231       10.469667       635.56902     0.088545445      0.088545445       810.45716                 21.264835                        390.21416                          224.09002             164.41848                       10.469667
              1       405.71609       68.410179       3.1334376      0.96995866     0.022754812      0.11793617     0.048525084       1.0520701       1.0023935       2.2952746   2.2952746e-09       2.3812453       0.2460467      0.24737905       13.749083       2.0829858      0.69792005      0.30200273      0.14133585       147.21054       1.0164347      0.84574707      0.62322169      0.46200352      0.84069767       1.0410754       6.9754452       1.0520701       13.351937        641.2958     0.088545445      0.088545445       811.25509                 22.590006                        392.25299                           226.4528             156.60736                       13.351937
              3       404.71874       68.384697       3.1359987      0.97020399     0.022759563      0.11785228     0.050259827       1.0540315       1.0005583       2.3011605   2.3011605e-09       2.3804271      0.24604869      0.24738106       13.753491       2.0810944       0.6978641      0.30205862      0.14125671       147.22757       1.0174289      0.84655758      0.62374392      0.46241204      0.84136321       1.0408986       7.1525583       1.0540315       13.622993       637.52637     0.088545445      0.088545445       809.26038                 22.293734                        391.42072                          223.81191             158.11102                       13.622993
              1       405.65879       68.384697       3.1411302      0.97118522     0.022759563      0.11785228     0.050259827       1.0561066      0.99707668       2.3129994   2.3129994e-09       2.3804271      0.24604869      0.24738106       13.753491       2.0918011       0.6978641      0.30205862      0.14125671       147.22757       1.0204251      0.84905059      0.62558077      0.46377379      0.84384092       1.0408986       7.1525583       1.0561066       13.622993       636.94951     0.088545445      0.088545445        811.1405                 22.193433                        391.51197                           223.2441             160.56799                       13.622993
              5       404.38586         68.2619       3.1355526      0.97033554     0.022762072      0.11822083     0.054305541       1.0484504       1.0012236       2.3001342   2.3001342e-09       2.3799952      0.24604975      0.24738212       13.754274       2.0634027      0.69597978      0.30394267      0.14162777       147.12689       1.0197905      0.85251791       0.6256019      0.46451097      0.84255865       1.0409177       7.5691764       1.0484504       15.362207       636.62387     0.088545445      0.088545445       808.59462                 22.468598                        390.18543                          223.96984             156.60855                       15.362207
              2       403.75155       68.066482        3.134476      0.97107638     0.022595616      0.11847511     0.051005036       1.0508098       1.0015383       2.2976592   2.2976592e-09       2.4089072      0.24597908      0.24731119        13.76922       2.0748333      0.69404204      0.30587996      0.14171559       147.24402       1.0231203      0.85897424      0.62774188      0.46684086      0.84409892        1.041033       7.2725971       1.0508098       16.709129       634.09836     0.088545445      0.088545445         807.326                 22.236348                        391.08186                          220.78014             156.51851                       16.709129
              1       403.85032       68.396757       3.1375447      0.97162238     0.022656025      0.11801825     0.065427331       1.0373895       1.0036406        2.304721    2.304721e-09       2.3983548      0.24600486      0.24733707       13.750725       2.0220361      0.69783719      0.30208556      0.14131914       147.29834       1.0204847      0.84924322      0.62568644      0.46386247      0.84396464       1.0413765       8.6764435       1.0373895       12.831832       637.50706     0.088545445      0.088545445       807.52355                 22.673443                        392.05523                          222.77839             157.18466                       12.831832
              4       403.37894       68.396757       3.1380988      0.97166873     0.022656025      0.11801825     0.065427331       1.0382579       1.0024095       2.3059984   2.3059984e-09       2.3983548      0.24600486      0.24733707       13.750725       2.0231568      0.69783719      0.30208556      0.14131914       147.29834       1.0207856       0.8494936      0.62587091      0.46399923      0.84421347       1.0413765       8.6764435       1.0382579       12.831832       636.75634     0.088545445      0.088545445       806.58078                 22.588529                        392.05188                          222.11592             156.99262                       12.831832
              4        406.8067       68.192138       3.1403233      0.97232065     0.022560164       0.1181381     0.067475411       1.0375822      0.99622233       2.3111338   2.3111338e-09       2.4151311       0.2459639      0.24729595       13.768207       2.0193737      0.69596952      0.30395277      0.14134313       147.37308       1.0244808      0.85602676      0.62816322      0.46641663       0.8460012       1.0411414       8.8958699       1.0375822       14.410782       635.51584     0.088545445      0.088545445       813.43632                  22.43764                        393.08216                          219.99604             163.50969                       14.410782
              1       403.90651       68.192138       3.1203459      0.97603452     0.022560164       0.1181381     0.067475411       1.0267022       1.0026754       2.2654214   2.2654214e-09       2.4151311       0.2459639      0.24729595       13.768207       1.9794321      0.69596952      0.30395277      0.14134313       147.37308       1.0157384      0.84872184      0.62280278      0.46243646      0.83878183       1.0411414       8.8958699       1.0267022       14.410782       636.84694     0.088545445      0.088545445       807.63592                 21.843645                        392.93332                          222.06997              156.3782                       14.410782
              6       404.11213       68.327111       3.1225063      0.97622507     0.022599027       0.1179056     0.067644078       1.0276355        1.000494        2.270321    2.270321e-09       2.4083096      0.24598054      0.24731265       13.761513       1.9830441      0.69758427      0.30233832      0.14114949        147.3917       1.0147487      0.84467526      0.62198272      0.46121309      0.83879343       1.0411965       8.8975647       1.0276355       13.076897       637.35946     0.088545445      0.088545445       808.04717                  21.85886                        392.94246                          222.55814             157.61082                       13.076897
              1       405.78959       68.327111       3.1734447      0.97542169     0.022599027       0.1179056     0.067644078       1.0540268      0.99946345       2.3889634   2.3889634e-09       2.4083096      0.24598054      0.24731265       13.761513        2.086674      0.69758427      0.30233832      0.14114949        147.3917       1.0406053       0.8661983      0.63783137      0.47296519       0.8601666       1.0411965       8.8975647       1.0540268       13.076897       636.99293     0.088545445      0.088545445       811.40208                 22.010314                        392.96773                          222.01488             161.33225                       13.076897
              6       404.12268       68.327111       3.1752547      0.97586902     0.022599027       0.1179056     0.067644078        1.056395       1.0035126       2.3932916   2.3932916e-09       2.4083096      0.24598054      0.24731265       13.761513       2.0904544      0.69758427      0.30233832      0.14114949        147.3917       1.0417259      0.86713106      0.63851822       0.4734745      0.86109287       1.0411965       8.8975647        1.056395       13.076897       636.01417     0.088545445      0.088545445       808.06827                 21.776983                        392.94246                          221.29472              158.9772                       13.076897
              4       403.49309       68.327111       3.1078543      0.97453658     0.022599027       0.1179056     0.067644078       1.0221353       1.0039714       2.2372986   2.2372986e-09       2.4083096      0.24598054      0.24731265       13.761513       1.9542002      0.69758427      0.30233832      0.14114949        147.3917        1.006691      0.83796806      0.61704383      0.45755079      0.83213294       1.0411965       8.8975647       1.0221353       13.076897       637.18967     0.088545445      0.088545445       806.80909                  21.90616                        392.97987                          222.30364             156.54252                       13.076897
              3       404.18143       68.327111       3.0698079      0.97527049     0.022599027       0.1179056     0.067644078        1.001868       1.0043206       2.1537764   2.1537764e-09       2.4083096      0.24598054      0.24731265       13.761513       1.8812466      0.69758427      0.30233832      0.14114949        147.3917      0.98799893      0.82240881      0.60558666      0.44905507      0.81668204       1.0411965       8.8975647        1.001868       13.076897       636.77816     0.088545445      0.088545445       808.18577                 21.906391                        392.99099                          221.88078             158.33072                       13.076897
              2       403.24499       68.327111       3.1243145       0.9773528     0.022599027       0.1179056     0.067644078       1.0297668       1.0046318       2.2744299   2.2744299e-09       2.4083096      0.24598054      0.24731265       13.761513       1.9866331      0.69758427      0.30233832      0.14114949        147.3917       1.0161053      0.84580454      0.62281428       0.4618297      0.83991485       1.0411965       8.8975647       1.0297668       13.076897       636.93211     0.088545445      0.088545445       806.31289                 21.546636                        392.94962                          222.43585             156.30388                       13.076897
              7       406.01585       68.288276       3.1339462      0.97974588     0.022411972      0.11753755      0.06100824        1.044555       1.0047438       2.2964424   2.2964424e-09       2.4414063      0.24590038       0.2472322       13.780128       2.0326587      0.69843057      0.30149193      0.14059439       147.69885       1.0215914      0.84798722      0.62556038      0.46354101      0.84420965       1.0411686       8.3013663        1.044555       12.091306       640.48706     0.088545445      0.088545445       811.85461                 20.807582                        390.67368                          229.00579             159.27625                       12.091306
              5       405.17135       68.288276       3.1249583      0.97938761     0.022411972      0.11753755      0.06100824       1.0397815       1.0008831       2.2758945   2.2758945e-09       2.4414063      0.24590038       0.2472322       13.780128       2.0144711      0.69843057      0.30149193      0.14059439       147.69885       1.0168711      0.84406908      0.62266997       0.4613992      0.84030896       1.0411686       8.3013663       1.0397815       12.091306        639.8131     0.088545445      0.088545445       810.16562                 20.856413                        390.67148                          228.28521             158.26121                       12.091306
              4        404.3269       68.283969       3.1283136       0.9801212     0.022362921      0.11739888     0.058896996       1.0428242       1.0015956       2.2835438   2.2835438e-09       2.4501987      0.24587943      0.24721117       13.785657       2.0297944      0.69879513      0.30112736      0.14040667       147.79099        1.018511      0.84448354      0.62346585      0.46184923      0.84163757        1.041133       8.1031739       1.0428242       11.808186       637.04557     0.088545445      0.088545445       808.47671                 20.809091                        390.36811                          225.86837             159.62296                       11.808186
              2       402.07419       68.656015       3.1183992      0.97705452     0.022708657       0.1174279     0.063078051       1.0322749        1.000355       2.2610157   2.2610157e-09       2.3892163      0.24602721       0.2473595       13.742444       1.9930339      0.70125569      0.29866765      0.14078143        147.3971       1.0081016      0.83196267      0.61750525      0.45649676      0.83530217       1.0413836       8.4290301       1.0322749       11.009585       636.43205     0.088545445      0.088545445       803.97128                 21.473691                        391.04701                          223.91134             156.52965                       11.009585
              1       402.20075       68.793104       3.1221789      0.97765702     0.022719151      0.11712707     0.064794115       1.0324429        1.003653       2.2695778   2.2695778e-09       2.3874004      0.24603165      0.24736395       13.738257       1.9937267      0.70305866      0.29686498      0.14049109       147.46578       1.0079138      0.82811334      0.61707164      0.45548631      0.83597991       1.0414424       8.5846449       1.0324429        10.48755       636.58091     0.088545445      0.088545445        804.2244                 21.467509                        391.60793                          223.50547             157.15594                        10.48755
              2       406.01461       68.926684       3.1247033      0.97815643     0.022715978      0.11687901      0.05992309        1.037876       1.0090043       2.2753143   2.2753143e-09       2.3879493      0.24603031      0.24736261       13.733332       2.0183332       0.7047373      0.29518664      0.14023986       147.53568       1.0074733      0.82433767      0.61652604        0.454439      0.83642547       1.0415811       8.1137981        1.037876       10.339183       636.21525     0.088545445      0.088545445       811.85212                 21.400378                        390.34634                          224.46853             165.29769                       10.339183
              7       402.01071       68.977858       3.1289402      0.97867558     0.022724212      0.11664225     0.058587183       1.0427751       1.0050871        2.284975    2.284975e-09       2.3865255      0.24603379       0.2473661       13.735061       2.0323255      0.70565556      0.29426849      0.14001132       147.58992       1.0082015      0.82292917      0.61672016      0.45422819      0.83734071       1.0414579       7.9774249       1.0427751       10.406073       634.85583     0.088545445      0.088545445       803.84432                 21.194705                        390.23428                          223.42685             158.58241                       10.406073
              5       401.95475       68.980859       3.1286807      0.97862088     0.022727522      0.11664956     0.057938947        1.043337       1.0048161       2.2843823   2.2843823e-09       2.3859535      0.24603519       0.2473675       13.734506       2.0344342      0.70565885       0.2942652      0.14002194       147.58427        1.008052      0.82281675      0.61664038      0.45416816      0.83723472       1.0414661       7.9133121        1.043337       10.406505       634.91836     0.088545445      0.088545445       803.73241                   21.1869                        390.22681                          223.50465             158.40754                       10.406505
              7       404.21838       68.980859       3.0951191      0.97819064     0.022727522      0.11664956     0.057938947       1.0262391      0.99796974       2.2089869   2.2089869e-09       2.3859535      0.24603519       0.2473675       13.734506       1.9672883      0.70565885       0.2942652      0.14002194       147.58427      0.99111271      0.80899015      0.60627837      0.44653633      0.82316585       1.0414661       7.9133121       1.0262391       10.406505       635.42823     0.088545445      0.088545445       808.25968                 21.219966                        390.22329                          223.98498             162.42494                       10.406505
              1       405.71262       68.833071       3.0950854      0.97875818      0.02261292      0.11680643     0.054680516       1.0307164       1.0076195       2.2089124   2.2089124e-09       2.4058776      0.24598648      0.24731861       13.746385        1.980084      0.70430436      0.29561937      0.14006421       147.67009      0.99370219      0.81358941      0.60790826        0.448251      0.82443196       1.0414901       7.6179155       1.0307164       10.323889       637.46717     0.088545445      0.088545445       811.24816                 20.945594                        390.47723                          226.04435              163.4571                       10.323889
              1        402.2152       68.833071       3.1630157       0.9775765      0.02261292      0.11680643     0.054680516       1.0654507      0.99996332       2.3641785   2.3641785e-09       2.4058776      0.24598648      0.24731861       13.746385       2.1192655      0.70430436      0.29561937      0.14006421       147.67009       1.0275655      0.84131488      0.62862453      0.46352647      0.85252692       1.0414901       7.6179155       1.0654507       10.323889       634.73833     0.088545445      0.088545445        804.2533                 21.171877                        390.44821                          223.11824             159.19109                       10.323889
              1       401.69167       68.670094       3.1568631        0.976678     0.022604284      0.11724159     0.059081244        1.056917       1.0015566       2.3496773   2.3496773e-09       2.4073889      0.24598279      0.24731491       13.749127       2.0878096      0.70199462      0.29792874      0.14049074       147.56316        1.027281      0.84598981      0.62892838      0.46465359       0.8512813       1.0414946       8.0633571        1.056917       10.604396       634.53163     0.088545445      0.088545445       803.20625                 21.399081                        390.27514                          222.85741             158.07022                       10.604396
              2       401.46528       68.602234       3.1552441       0.9763764     0.022603762      0.11737921     0.058231476       1.0566962        1.003293       2.3458762   2.3458762e-09       2.4074804      0.24598256      0.24731468       13.751384       2.0879777      0.70111345      0.29880976      0.14062784       147.52691       1.0273997      0.84791973      0.62915444      0.46516385      0.85095887       1.0414413       7.9822086       1.0566962       10.895988       634.11507     0.088545445      0.088545445       802.75347                  21.43177                         390.2263                            222.457             157.74241                       10.895988
              4       401.71534       68.576882       3.1588709      0.97695042     0.022580013      0.11725093     0.059372547       1.0567888       1.0056769       2.3543997   2.3543997e-09       2.4116437       0.2459724      0.24730449       13.757779       2.0907873      0.70121569      0.29870747      0.14047581       147.58772       1.0290631      0.84887394      0.63000266      0.46575111      0.85217907         1.04129       8.0972436       1.0567888       10.912056       633.24657     0.088545445      0.088545445       803.25358                 21.436453                        390.29279                          221.51733             159.09495                       10.912056
              3        401.3414       68.644163       3.1629239      0.97761812      0.02256957      0.11700902     0.059689398       1.0596166       1.0047361       2.3639615   2.3639615e-09       2.4134776      0.24596793          0.2473       13.758726       2.0979487      0.70233665      0.29758666      0.14022346       147.66417       1.0298389      0.84705985      0.63019432      0.46545516      0.85323983       1.0412577       8.1264402       1.0596166       10.582695       633.28443     0.088545445      0.088545445        802.5057                 21.272805                        390.37755                          221.63408             158.63858                       10.582695
              1       401.61367       68.638582       3.1630349      0.97764709     0.022566104      0.11701006     0.059605795       1.0606165       1.0013468       2.3642239   2.3642239e-09       2.4140868      0.24596644      0.24729851       13.759286       2.0985324      0.70229341      0.29762988      0.14022103        147.6679       1.0299655      0.84724025      0.63026902      0.46552724      0.85330999       1.0412512       8.1190772       1.0606165       10.592118         634.415     0.088545445      0.088545445       803.05025                 21.187588                        390.34342                          222.88399             158.04313                       10.592118
              2       400.83498       68.645021       3.1633011      0.97764884      0.02257127      0.11699121     0.059163791       1.0600587       1.0030064       2.3648533   2.3648533e-09       2.4131789      0.24596866      0.24730073       13.759091       2.1009475       0.7023783      0.29754501      0.14020734       147.66719       1.0299258       0.8470299      0.63022936      0.46546475      0.85331713       1.0412369        8.074268       1.0600587       10.582023       633.04135     0.088545445      0.088545445       801.49287                 21.287741                        390.29751                          221.45609              157.8695                       10.582023
              5        401.4264        68.59402       3.1632083      0.97742834     0.022593301      0.11704859      0.06325094       1.0564482        1.002694       2.3646339   2.3646339e-09        2.409313      0.24597809      0.24731019       13.761432       2.0836503      0.70176678      0.29815641      0.14028675       147.62705        1.030144      0.84846057       0.6304521      0.46586827      0.85318077       1.0410905        8.465874       1.0564482       10.844711       634.05548     0.088545445      0.088545445       802.67571                 21.331936                        391.15038                          221.57316             157.77552                       10.844711
              2       403.18838       69.002345       3.1731675      0.97870408     0.022664166      0.11619464     0.056957503       1.0705181        1.001524       2.3883014   2.3883014e-09        2.396938      0.24600833      0.24734054       13.746793        2.131162      0.70693062      0.29299348      0.13950368       147.77718       1.0285705      0.83642885      0.62860881      0.46248212      0.85440932       1.0412033       7.8227841       1.0705181       10.621171       636.61639     0.088545445      0.088545445       806.19967                 20.949914                        390.22309                          225.44339             158.96211                       10.621171
              1       401.34298       69.002345        3.133098      0.98101483     0.022664166      0.11619464     0.056957503       1.0481695       1.0019394       2.2944952   2.2944952e-09        2.396938      0.24600833      0.24734054       13.746793       2.0474556      0.70693062      0.29299348      0.13950368       147.77718       1.0090672      0.82056892      0.61668945      0.45371278      0.83820844       1.0412033       7.8227841       1.0481695       10.621171       634.84375     0.088545445      0.088545445       802.50886                 20.769235                        390.27121                          223.80331             157.04394                       10.621171
              3       402.48783       69.048003       3.1355927      0.98160576     0.022633616       0.1160435     0.057155491       1.0503288       1.0022647       2.3002266   2.3002266e-09       2.4022615      0.24599531      0.24732748       13.747749       2.0517574      0.70769918      0.29222502      0.13932198       147.85206       1.0097606      0.81946521      0.61691218      0.45357875       0.8390619       1.0412534       7.8467401       1.0503288       10.887111       636.95182     0.088545445      0.088545445       804.79857                   20.6391                        390.27096                          226.04176             156.95964                       10.887111
              1       402.81624       69.033542       3.1356642      0.98164504     0.022626249      0.11605562     0.057189636       1.0497654      0.99902645        2.300391    2.300391e-09       2.4035478      0.24599217      0.24732433       13.748894       2.0517638      0.70756672      0.29235745      0.13932674       147.85703       1.0100009      0.81990859      0.61706421      0.45374192      0.83917361       1.0412422       7.8519346       1.0497654       10.843158       635.57267     0.088545445      0.088545445       805.45539                 20.673887                        390.26443                          224.63436             159.03955                       10.843158
              2       402.76028        68.98231       3.1339929      0.98137683     0.022623821      0.11617894     0.056362412       1.0496286       1.0060115       2.2965495   2.2965495e-09       2.4039719      0.24599113      0.24732329       13.750098       2.0517292      0.70687814      0.29304591      0.13944763       147.82652       1.0099844      0.82132779      0.61718798      0.45409987      0.83884853       1.0412297        7.772647       1.0496286       10.635194       635.58356     0.088545445      0.088545445       805.34347                 20.688604                        390.34057                          224.55439             159.12471                       10.635194
              3        402.6961       68.894329       3.1263958      0.98046094      0.02260839      0.11660033     0.059384185       1.0423397       1.0039725       2.2791686   2.2791686e-09       2.4066703      0.24598454      0.24731667        13.74674       2.0239324      0.70527372      0.29465014      0.13985358       147.73045       1.0086646      0.82376889      0.61682959      0.45445602      0.83721796       1.0414621         8.08104       1.0423397         10.3802       637.40612     0.088545445      0.088545445       805.21511                 20.820875                        390.36451                          226.22074             157.42879                         10.3802
             16       403.00827       68.894329       3.1148131      0.97941237      0.02260839      0.11660033     0.059384185       1.0359221      0.99886546        2.252922    2.252922e-09       2.4066703      0.24598454      0.24731667        13.74674       2.0006251      0.70527372      0.29465014      0.13985358       147.73045       1.0024347      0.81868094      0.61301978       0.4516491      0.83204693       1.0414621         8.08104       1.0359221         10.3802       635.96198     0.088545445      0.088545445       805.83944                 20.979142                        390.29719                          224.68564             159.49727                         10.3802
              1       403.35701       68.897271       3.1148252      0.97941494     0.022608851      0.11659678     0.059363852       1.0343859      0.99916372       2.2529492   2.2529492e-09       2.4065896      0.24598474      0.24731687       13.746564       2.0007306      0.70530539      0.29461848       0.1398505       147.73089       1.0024062      0.81859597      0.61299896      0.45162163      0.83204103       1.0414658       8.0788943       1.0343859       10.384017       635.07872     0.088545445      0.088545445       806.53694                 21.117107                        390.27495                          223.68666              161.0742                       10.384017
              3       401.80552       68.949237        3.116908      0.97958315     0.022628238      0.11644958     0.056034584       1.0403472       1.0007194       2.2576464   2.2576464e-09       2.4032004      0.24599302      0.24732518       13.745478       2.0182962      0.70601829      0.29390569      0.13972269       147.74876       1.0023224      0.81705302      0.61280764      0.45120736      0.83228521        1.041412       7.7438999       1.0403472       10.479446       635.20094     0.088545445      0.088545445       803.43394                 20.924437                        390.32263                          223.95388             157.75355                       10.479446
              1       406.46377       68.949237       3.1882841      0.97764012     0.022628238      0.11644958     0.056034584       1.0797945       1.0032568       2.4246788   2.4246788e-09       2.4032004      0.24599302      0.24732518       13.745478       2.1676202      0.70601829      0.29390569      0.13972269       147.74876       1.0379618      0.84610479      0.63459711      0.46725084      0.86187859        1.041412       7.7438999       1.0797945       10.479446       639.29251     0.088545445      0.088545445       812.75046                 21.030782                        390.27898                          227.98275              162.9785                       10.479446
              1       405.84739       68.558913       3.1743716      0.97581626     0.022561014       0.1174457     0.051303948       1.0755427        1.003457       2.3911789   2.3911789e-09       2.4149817      0.24596426      0.24729632       13.754567        2.157993      0.70068509      0.29923803      0.14065158       147.55682       1.0379772      0.85748345      0.63565866      0.47014104      0.85944832       1.0414933       7.2961168       1.0755427       10.971918       638.32251     0.088545445      0.088545445       811.51769                 21.233726                        391.32172                          225.76707             162.22326                       10.971918
              3       403.07794        68.60978       3.1755533      0.97592916     0.022577015        0.117343      0.05234945       1.0737857       1.0033757       2.3940062   2.3940062e-09         2.41217      0.24597112       0.2473032       13.752435       2.1560315      0.70131294      0.29861029      0.14056488       147.56653       1.0376978      0.85595132      0.63538959      0.46969538      0.85953567       1.0414937       7.3982045       1.0737857       10.771133       634.75584     0.088545445      0.088545445        805.9788                 21.368929                         390.9218                          222.46512             160.45182                       10.771133
              5       402.90624       68.603017       3.1724663      0.97513767     0.022633497      0.11747791      0.05162691       1.0726433       1.0030705       2.3866274   2.3866274e-09       2.4022823      0.24599526      0.24732743       13.747811       2.1524945      0.70084738      0.29907584      0.14075627        147.4674       1.0361105      0.85579893      0.63463352      0.46931922      0.85817858       1.0414726       7.3145059       1.0726433       11.015528       635.06346     0.088545445      0.088545445       805.63539                 21.489955                         391.0958                           222.4777             159.55641                       11.015528
              2       405.30039       68.583282       3.1725181      0.97519287     0.022622068      0.11749617     0.051266049       1.0729482       1.0075264       2.3867509   2.3867509e-09       2.4042782      0.24599038      0.24732253        13.74937       2.1541601      0.70066067       0.2992625       0.1407631       147.47527       1.0364424      0.85643072      0.63484452      0.46954849      0.85833001       1.0414628       7.2801722       1.0729482       11.080352       634.99481     0.088545445      0.088545445       810.42369                  21.48004                        391.25894                          222.25583             164.34853                       11.080352
              2       405.43929       68.661252       3.1739231      0.97554289     0.022613523      0.11735745     0.051131497       1.0744042       1.0065046       2.3901066   2.3901066e-09       2.4057721      0.24598673      0.24731887       13.746495       2.1577693      0.70165249      0.29827086      0.14061584       147.52183       1.0362605       0.8542115      0.63456704      0.46895397      0.85866707       1.0415682       7.2662812       1.0744042       10.673749       636.07624     0.088545445      0.088545445       810.70149                 21.390931                        391.34755                          223.33777              163.9515                       10.673749
              1       407.04946       68.661252       3.0744523      0.97600826     0.022613523      0.11735745     0.051131497         1.02277       1.0073781       2.1638027   2.1638027e-09       2.4057721      0.24598673      0.24731887       13.746495       1.9534639      0.70165249      0.29827086      0.14061584       147.52183      0.98615861      0.81291145      0.60388652      0.44628063      0.81715159       1.0415682       7.2662812         1.02277       10.673749       638.09965     0.088545445      0.088545445       813.92183                 21.276022                        391.40468                          225.41895             165.14844                       10.673749
              1       406.30861       68.719217       3.0745429      0.97645053      0.02257207      0.11730461     0.057457189       1.0161887       1.0047785       2.1639987   2.1639987e-09       2.4130384        0.245969      0.24730107       13.743947       1.9290803      0.70235527       0.2975682      0.14052155       147.58223       0.9861774      0.81154552      0.60379676      0.44595127      0.81751202       1.0417902       7.9123941       1.0161887        10.41155       637.78319     0.088545445      0.088545445       812.44012                 21.369492                        390.19811                          226.21559             164.24538                        10.41155
              1       403.09703       68.666851       3.0803232      0.97731944       0.0225391      0.11711285     0.060390948       1.0159109       1.0015594       2.1765437   2.1765437e-09       2.4188403      0.24595487      0.24728689       13.754712       1.9289123      0.70237775      0.29754561      0.14029681       147.67051      0.98878201      0.81332325      0.60514926      0.44694172       0.8193588       1.0415143       8.2043142       1.0159109       10.462588       635.32324     0.088545445      0.088545445       806.01697                 21.335547                        390.47392                          223.51378             160.23114                       10.462588
              5       403.39174       68.875742       3.0842504      0.97768045     0.022600408      0.11672829     0.061303055       1.0173012       1.0041199       2.1851081   2.1851081e-09       2.4080676      0.24598113      0.24731325       13.745097       1.9329729      0.70486171      0.29506212      0.13997357       147.70504      0.98741674      0.80732167      0.60396531      0.44513358      0.81947108       1.0415648       8.2718306       1.0173012        10.34693       635.68815     0.088545445      0.088545445       806.60639                 21.330224                        390.59179                          223.76613             160.57132                        10.34693
              2       402.95165       68.750716       3.0839602      0.97772141     0.022565397      0.11687222       0.0639667       1.0143126       1.0015018        2.184474    2.184474e-09        2.414211      0.24596614       0.2472982        13.75316       1.9221448      0.70355686      0.29636668      0.14008249       147.70551      0.98886079      0.81098176      0.60496621      0.44636328      0.81992433       1.0414381        8.538602       1.0143126       10.342924        635.7389     0.088545445      0.088545445        805.7262                 21.372192                        391.37739                          222.98932             159.64438                       10.342924
              7       403.02213       68.722839        3.082835      0.97759253     0.022558488       0.1169495     0.063919306       1.0140462       1.0032067       2.1820176   2.1820176e-09       2.4154259      0.24596318      0.24729523       13.753699       1.9201654       0.7031673      0.29675618      0.14015286       147.69266      0.98884788      0.81176572      0.60503428      0.44656011      0.81974737       1.0414559       8.5372009       1.0140462       10.372127       636.08742     0.088545445      0.088545445       805.86717                 21.354697                        391.37194                          223.36079             159.40762                       10.372127
              4       404.41783       68.955811       3.0918102      0.97876223     0.022595895      0.11632356     0.063996135       1.0203419       1.0006635       2.2016896   2.2016896e-09       2.4088582       0.2459792      0.24731131       13.749237       1.9371791       0.7064074      0.29351659      0.13956432       147.81883      0.98903711      0.80530109      0.60451375      0.44495322      0.82129281       1.0413785       8.5238546       1.0203419       10.568531       638.06087     0.088545445      0.088545445       808.65857                 21.090599                        391.30381                          225.66645             160.02917                       10.568531
              2       405.73385       68.949339       3.0878462      0.97805608     0.022630191      0.11650217     0.067723013       1.0141072      0.99943252       2.1929795   2.1929795e-09       2.4028594      0.24599385      0.24732601       13.743976       1.9151866      0.70590443      0.29401956      0.13977723       147.73246      0.98754675      0.80528978       0.6038329      0.44464235      0.82001674       1.0414638       8.8707742       1.0141072       10.466233        639.6252     0.088545445      0.088545445       811.29061                 21.309667                         392.7918                          225.52373             161.19918                       10.466233
              1       407.06727       68.949339       3.0852195      0.97810814     0.022630191      0.11650217     0.067723013        1.010084      0.99911221       2.1872267   2.1872267e-09       2.4028594      0.24599385      0.24732601       13.743976       1.9101626      0.70590443      0.29401956      0.13977723       147.73246      0.98627038      0.80424897      0.60305247      0.44406767      0.81895689       1.0414638       8.8707742        1.010084       10.466233       639.02257     0.088545445      0.088545445       813.95745                 21.581908                        392.80978                          224.63089             164.46864                       10.466233
              4       404.99051       68.949339       3.1032593      0.97712857     0.022630191      0.11650217     0.067723013       1.0215471      0.99878137       2.2270418   2.2270418e-09       2.4028594      0.24599385      0.24732601       13.743976       1.9449342      0.70590443      0.29401956      0.13977723       147.73246      0.99483118      0.81122983      0.60828694      0.44792216      0.82606541       1.0414638       8.8707742       1.0215471       10.466233       638.37238     0.088545445      0.088545445       809.80394                 21.488732                        392.82595                           224.0577             160.96532                       10.466233
              2       402.74208       68.736876       3.1038803      0.97749386     0.022545162      0.11653027     0.066427428       1.0231988       1.0006131       2.2284252   2.2284252e-09        2.417772      0.24595747       0.2472895       13.764311       1.9511917      0.70420404      0.29571947      0.13972029        147.8201      0.99698561      0.81595571      0.60954218      0.44949384      0.82657789       1.0410815       8.7701759       1.0231988       10.352246       635.56777     0.088545445      0.088545445       805.30706                 21.357926                        392.27202                          221.93782             159.38705                       10.352246
              1       402.43889       68.258828       3.0886312      0.97483645     0.022501359      0.11767806     0.063258924       1.0160214       1.0036711       2.1947017   2.1947017e-09       2.4255069      0.24593868      0.24727065       13.776452       1.9338799      0.69767689      0.30224555      0.14082429       147.56134      0.99699574      0.82925387       0.6107489      0.45284823      0.82370692       1.0410018       8.5001323       1.0160214       12.975249       633.35969     0.088545445      0.088545445       804.70069                 21.818852                        391.28595                          220.25488             158.36576                       12.975249
              4       403.52929       68.444105       3.0906092      0.97402418     0.022615143      0.11767213     0.061638483        1.018371      0.99797457        2.199047    2.199047e-09       2.4054889      0.24598743      0.24731957       13.757074       1.9439988      0.69908122      0.30084163      0.14093214       147.43601      0.99597906      0.82606315      0.61024288      0.45194668      0.82398297       1.0412546       8.3168193        1.018371       12.025361        634.2348     0.088545445      0.088545445       806.88149                  21.98754                        390.71829                          221.52896             160.62134                       12.025361
              1       401.07355       68.444105       3.1208204      0.97564539     0.022615143      0.11767213     0.061638483       1.0338947       1.0018981       2.2664967   2.2664967e-09       2.4054889      0.24598743      0.24731957       13.757074       2.0036256      0.69908122      0.30084163      0.14093214       147.43601       1.0117662      0.83915701      0.61991579      0.45911045      0.83704385       1.0412546       8.3168193       1.0338947       12.025361       634.08611     0.088545445      0.088545445       801.97001                  21.71677                        390.76665                          221.60269             155.85854                       12.025361
              2       401.34259       68.634843       3.1296033      0.97712805     0.022613817      0.11705867     0.061366162       1.0396165      0.99928743       2.2864907   2.2864907e-09       2.4057207      0.24598686        0.247319       13.756982       2.0224019      0.70205648       0.2978668      0.14031736       147.60145       1.0125857      0.83351776      0.61974013      0.45784149      0.83888822       1.0411699       8.2798127       1.0396165       10.737766       633.43272     0.088545445      0.088545445        802.5081                 21.454603                        390.61066                          221.36746             158.33761                       10.737766
              1       402.06648       68.634843       3.1810924       0.9778864     0.022613817      0.11705867     0.061366162       1.0663975       1.0027824       2.4073038   2.4073038e-09       2.4057207      0.24598686        0.247319       13.756982       2.1292611      0.70205648       0.2978668      0.14031736       147.60145       1.0392953      0.85550405      0.63608746       0.4699183      0.86101616       1.0411699       8.2798127       1.0663975       10.737766       633.64678     0.088545445      0.088545445       803.95586                 21.376318                        390.61161                          221.65886             159.57131                       10.737766
              3       402.84733       68.606589       3.1803294      0.97794283     0.022598063      0.11708339     0.061436869       1.0663646       1.0060631       2.4054676   2.4054676e-09       2.4084784      0.24598012      0.24731224       13.759237       2.1273362      0.70179198      0.29813124      0.14032632       147.61241       1.0393153       0.8560278      0.63610986      0.47003911      0.86085549       1.0411528       8.2907737       1.0663646       10.809999       633.28883     0.088545445      0.088545445       805.51757                 21.320545                        390.64958                          221.31871             161.41874                       10.809999
              3       402.62822         68.5609       3.1761364      0.97859373     0.022519466      0.11709395     0.062067786       1.0635553       1.0014865       2.3954025   2.3954025e-09        2.422305      0.24594645      0.24727844       13.765145       2.1157635      0.70153914      0.29838398      0.14025828        147.6974       1.0383107      0.85556777      0.63541794      0.46962731      0.85973696       1.0412297       8.3708146       1.0635553       10.763886       634.15434     0.088545445      0.088545445       805.07936                 21.221012                        390.83836                          222.09497             160.16113                       10.763886
              6       402.41861       68.521737       3.1761466      0.97866214     0.022495496      0.11709053     0.059220188       1.0673038       1.0017458       2.3954271   2.3954271e-09        2.426545      0.24593617      0.24726812       13.769366       2.1278693      0.70125621      0.29866682      0.14023089       147.72515        1.038692      0.85636737      0.63562022       0.4698881      0.85980697       1.0411714       8.0989003       1.0673038       10.858403       633.67398     0.088545445      0.088545445       804.66012                 21.081689                        390.31305                          222.27924             160.12774                       10.858403
             13        402.8419       68.535369       3.1770647      0.97867894     0.022503536      0.11705692     0.059343613       1.0677835       1.0050942       2.3976273   2.3976273e-09       2.4251216      0.24593962      0.24727158       13.768858       2.1292981      0.70142949      0.29849358      0.14020532       147.72517        1.038857      0.85614142      0.63569222      0.46987317      0.86002911       1.0411551       8.1085374       1.0677835       10.817803       633.62411     0.088545445      0.088545445       805.50671                 21.075634                        390.30893                          222.23955             161.06479                       10.817803
              1       403.59981       68.729076       3.1804317      0.97967917     0.022515138      0.11668347     0.061973916       1.0660194       1.0048819       2.4057136   2.4057136e-09       2.4230697      0.24594459      0.24727658       13.761621       2.1252698      0.70387614      0.29604736      0.13984347       147.81259       1.0379339       0.8502681      0.63471717      0.46818828      0.86047835       1.0412999       8.3555943       1.0660194       10.328309       635.40669     0.088545445      0.088545445       807.02254                  21.10986                        390.81335                          223.48348             161.28753                       10.328309
              4       401.96543       68.729076       3.1312348      0.97882392     0.022515138      0.11668347     0.061973916       1.0402508       1.0048011       2.2902243   2.2902243e-09       2.4230697      0.24594459      0.24727658       13.761621       2.0232435      0.70387614      0.29604736      0.13984347       147.81259       1.0123808      0.82933516      0.61909092      0.45666185      0.83929404       1.0412999       8.3555943       1.0402508       10.328309       635.03042     0.088545445      0.088545445       803.75377                 21.211888                        390.81075                          223.00778             158.39504                       10.328309
              4       401.00502       68.617454       3.1350738       0.9763108     0.022645857      0.11708188      0.05115064       1.0528277       1.0032314       2.2990332   2.2990332e-09       2.4001264      0.24600053      0.24733272       13.757009       2.0754695      0.70178811      0.29813513      0.14037261       147.55949       1.0149879      0.83606659      0.62127152      0.45907615      0.84077184       1.0410611       7.2563663       1.0528277       10.917721       634.18133     0.088545445      0.088545445       801.83295                 21.379687                        391.39641                          221.40523              156.7339                       10.917721
             10       401.91532       68.582508       3.1339704      0.97646362     0.022623276       0.1171057     0.052425213        1.051022      0.99884654        2.296498    2.296498e-09       2.4040672       0.2459909      0.24732305       13.760068       2.0679027      0.70148149      0.29844168      0.14037385        147.5783       1.0149498      0.83659572      0.62124958       0.4591779      0.84052616       1.0410406        7.391575        1.051022       11.011917       633.44306     0.088545445      0.088545445       803.65355                 21.364843                        390.92254                          221.15568             159.19857                       11.011917
              4       404.03264        68.66263        3.128762      0.97705319     0.022578135      0.11708261     0.052902425       1.0467046      0.99970724       2.2845679   2.2845679e-09       2.4119733       0.2459716      0.24730368       13.754845       2.0551977      0.70232249      0.29760086      0.14030562       147.63487       1.0124513      0.83290599      0.61964493      0.45766894      0.83894667       1.0413695        7.449991       1.0467046       10.551507       636.58114     0.088545445      0.088545445       807.88819                  21.40322                        390.75242                          224.42549             160.75555                       10.551507
              2       402.37475       68.586156       3.1301751      0.97674812     0.022575466      0.11713341     0.049513841       1.0519188      0.99981812       2.2877986   2.2877986e-09       2.4124418      0.24597045      0.24730253       13.760295       2.0720996      0.70155599      0.29836718      0.14035374       147.62425       1.0136719      0.83537688      0.62044515      0.45855471       0.8394902       1.0412036       7.1030806       1.0519188       10.834913       635.23864     0.088545445      0.088545445       804.57241                 21.278909                        392.21941                          221.74032             158.49886                       10.834913
              5       402.43246       68.589077       3.1302086      0.97675734     0.022575528      0.11712872     0.049409637       1.0523417      0.99918934       2.2878752   2.2878752e-09       2.4124311      0.24597048      0.24730256       13.760163       2.0726008      0.70159123      0.29833195      0.14034912       147.62544       1.0136537      0.83529092      0.62042893      0.45852918      0.83949304       1.0412071       7.0921893       1.0523417       10.821562       635.00636     0.088545445      0.088545445       804.68783                 21.249112                        392.27476                          221.48249             158.85991                       10.821562
              1       403.05294       68.598296       3.1328306      0.97686991     0.022572563      0.11701808     0.045275219       1.0587524       1.0002041       2.2938818   2.2938818e-09       2.4129517      0.24596921      0.24730128       13.762456       2.0952964      0.70191285      0.29801035      0.14023551       147.65838       1.0143938       0.8351459      0.62075626      0.45864741      0.84016246       1.0411236       6.6557515       1.0587524       10.758063       637.51129     0.088545445      0.088545445       805.92878                 21.110597                        395.21039                          221.19031             157.65943                       10.758063
              8       403.15148       68.365596       3.1264508      0.97582716     0.022544378      0.11750927     0.045328264       1.0550557       1.0017912        2.279294    2.279294e-09       2.4179101      0.24595713      0.24728916       13.770413       2.0817507      0.69888954      0.30103314      0.14069851       147.55838       1.0146939      0.84158423      0.62145176      0.46032122      0.83898433       1.0410293       6.6732233       1.0550557       12.202695       637.19423     0.088545445      0.088545445       806.12587                 21.214774                        395.13958                          220.83988             156.72895                       12.202695
              6        405.0206       68.335139       3.1255099      0.97553005     0.022546648      0.11760037     0.043799611       1.0564673        1.005204       2.2771504   2.2771504e-09       2.4175101      0.24595811      0.24729014       13.770563       2.0861612      0.69842112      0.30150149      0.14079189        147.5315       1.0147172       0.8425942      0.62156914      0.46058714      0.83881672         1.04103       6.5095819       1.0564673       12.516997       639.03709     0.088545445      0.088545445       809.86412                 21.193723                        396.48042                          221.36295             158.31003                       12.516997
              1       404.35376       67.931122       3.1097633       0.9737776      0.02250771      0.11861756      0.05735322       1.0310311       1.0013195       2.2415737   2.2415737e-09       2.4243831      0.24594141      0.24727338       13.779769       1.9986496      0.69270331      0.30721838      0.14177014       147.30394       1.0136409      0.85351641       0.6219856      0.46306518      0.83544629       1.0410062       7.9369471       1.0310311       18.035031       633.43757     0.088545445      0.088545445       808.53043                  21.93091                        390.09749                          221.40917             157.05784                       18.035031
              5       403.34724       68.000809       3.1097004      0.97506884     0.022437841      0.11833357     0.057258849       1.0320528       1.0033018       2.2414327   2.2414327e-09       2.4367888      0.24591145      0.24724332       13.783218       1.9989011      0.69409807      0.30582378      0.14141628        147.4574       1.0128339       0.8497874      0.62110225      0.46188187      0.83520924       1.0410928        7.938947       1.0320528       15.975995       632.97615     0.088545445      0.088545445       806.51738                 21.636625                        390.13973                           221.1998             157.56523                       15.975995
              2       403.57192        68.07396       3.1107299      0.97543704     0.022442926      0.11820247     0.058719327       1.0314418       1.0000564       2.2437416   2.2437416e-09       2.4358827      0.24591363       0.2472455        13.78015       1.9951239      0.69502708      0.30489494      0.14129027       147.48679       1.0124353      0.84758614      0.62071942      0.46124629      0.83532943       1.0411587       8.0807318       1.0314418       14.927925         633.194     0.088545445      0.088545445       806.96674                 21.595646                        390.27396                          221.32439             158.84481                       14.927925
              2       406.09437        68.07396       3.0541006      0.97655782     0.022442926      0.11820247     0.058719327       1.0020183       1.0020506       2.1202107   2.1202107e-09       2.4358827      0.24591363       0.2472455        13.78015       1.8852809      0.69502708      0.30489494      0.14129027       147.48679      0.98459177      0.82427623      0.60364869      0.44856132       0.8123566       1.0411587       8.0807318       1.0020183       14.927925       635.25928     0.088545445      0.088545445       812.01165                 21.491965                        390.28065                          223.48667             161.82445                       14.927925
              4       406.32531        68.07396       3.0484406      0.97498394     0.022442926      0.11820247     0.058719327       1.0014497       0.9999205       2.1082443   2.1082443e-09       2.4358827      0.24591363       0.2472455        13.78015       1.8746404      0.69502708      0.30489494      0.14129027       147.48679      0.98121962      0.82145314      0.60158124      0.44702503      0.80957434       1.0411587       8.0807318       1.0014497       14.927925       635.45576     0.088545445      0.088545445       812.47352                 21.488429                        390.27584                           223.6915             162.08983                       14.927925
              6       403.62834        68.07396       3.1395674      0.97641565     0.022442926      0.11820247     0.058719327       1.0466494       1.0047656       2.3093874   2.3093874e-09       2.4358827      0.24591363       0.2472455        13.78015       2.0534959      0.69502708      0.30489494      0.14129027       147.48679       1.0275229      0.86021712      0.62996957      0.46811992      0.84777775       1.0411587       8.0807318       1.0466494       14.927925       633.51606     0.088545445      0.088545445       807.07958                 21.425878                        390.27815                          221.81203              158.6356                       14.927925
              4       403.47965       68.291354       3.1540017      0.97640566     0.022577233      0.11770759     0.056634228       1.0580474       1.0055317       2.3429635   2.3429635e-09       2.4121317      0.24597121      0.24730329       13.770683       2.0920577       0.6977388      0.30218371      0.14092969       147.46879       1.0301451      0.85687228      0.63117391      0.46796869      0.85129734       1.0409355       7.8344915       1.0580474       13.193192       633.66854     0.088545445      0.088545445       806.78222                 21.297992                         390.2228                          222.14775             159.92048                       13.193192
              1       401.54863       68.291354       3.1350292      0.97524611     0.022577233      0.11770759     0.056634228       1.0464081       1.0039018       2.2989308   2.2989308e-09       2.4121317      0.24597121      0.24730329       13.770683       2.0527404       0.6977388      0.30218371      0.14092969       147.46879       1.0199667      0.84840593      0.62493758      0.46334492      0.84288607       1.0409355       7.8344915       1.0464081       13.193192       632.37514     0.088545445      0.088545445       802.92017                 21.632457                        390.16411                          220.57858             157.35183                       13.193192
              7       401.85314       68.322679       3.1358807      0.97444007     0.022647939      0.11782481     0.057271245       1.0455596       1.0027724       2.3008892   2.3008892e-09       2.3997635      0.24600142      0.24733361       13.762775       2.0518733      0.69761332      0.30230926      0.14111761       147.35882       1.0200316      0.84897176      0.62518555      0.46357691      0.84313296       1.0409719       7.8838706       1.0455596         13.4374       633.58592     0.088545445      0.088545445       803.52919                 21.848979                        390.10828                          221.62866             156.50587                         13.4374
              5       401.58029       68.322679       3.1315472      0.97591548     0.022647939      0.11782481     0.057271245       1.0440087       1.0030024       2.2909398   2.2909398e-09       2.3997635      0.24600142      0.24733361       13.762775       2.0430007      0.69761332      0.30230926      0.14111761       147.35882       1.0183985      0.84761252       0.6241846       0.4628347      0.84178307       1.0409719       7.8838706       1.0440087         13.4374       633.43564     0.088545445      0.088545445       802.98348                 21.540442                        390.17734                          221.71785             156.11044                         13.4374
              6       402.18414       68.604022       3.1389453      0.97639488     0.022741305      0.11739842     0.059695044         1.04513       1.0046439       2.3079511   2.3079511e-09       2.3835737      0.24604101      0.24737334       13.746951       2.0482178      0.70079597      0.29912725      0.14078459       147.36869       1.0180348      0.84100517      0.62359326      0.46117463      0.84321324       1.0411142        8.093768         1.04513       11.436571       635.03456     0.088545445      0.088545445        804.1912                 21.624704                         390.3374                          223.07245             157.72007                       11.436571
              3       400.87434       68.576701       3.1382807      0.97655259     0.022707422      0.11738356     0.055687195       1.0503154       1.0023854       2.3064178   2.3064178e-09       2.3894301      0.24602669      0.24735897       13.750695         2.06333      0.70066116      0.29926199      0.14073585       147.41032       1.0180689      0.84120674      0.62356015      0.46120207      0.84307355       1.0411043       7.7063964       1.0503154       11.452615       634.31361     0.088545445      0.088545445       801.57158                 21.367753                        390.26339                          222.68246             155.80536                       11.452615
              4       402.54528       68.319769       3.1208485      0.97769509     0.022481045      0.11777983     0.062283157        1.033534       1.0022415       2.2665604   2.2665604e-09       2.4291064      0.24592997       0.2472619       13.768816       2.0011002      0.69804149      0.30188109      0.14090574        147.5568       1.0147808      0.84350689      0.62173373      0.46085404      0.83877495       1.0413436        8.413355        1.033534       12.325959       635.20318     0.088545445      0.088545445       804.91348                 21.353085                         390.9778                          222.87229             157.38434                       12.325959
              3       402.98672       68.328999       3.1207585      0.97767755      0.02248482      0.11778097     0.062445137        1.032892       1.0042955       2.2663564   2.2663564e-09        2.428437      0.24593159      0.24726353       13.767862       2.0002719      0.69811252      0.30181007      0.14091066       147.55228        1.014666      0.84328986      0.62166882      0.46077883      0.83873671       1.0413625       8.4281763        1.032892       12.269731       635.57585     0.088545445      0.088545445       805.79636                 21.403546                        390.98686                          223.18544             157.95078                       12.269731
              1       402.74542       68.539051       3.1300576      0.97788095     0.022596951      0.11741241     0.068064233       1.0324562       1.0051107       2.2875296   2.2875296e-09       2.4086732      0.24597965      0.24731176       13.756253       1.9963969      0.70050596      0.29941711      0.14065422       147.52563        1.015621      0.83934501      0.62197059      0.46008598      0.84081547       1.0413066       8.9282833       1.0324562        11.20835       636.77354     0.088545445      0.088545445       805.31375                 21.522578                        393.05044                          222.20052             157.33186                        11.20835
              3       403.47352       68.539051        3.132375      0.97742191     0.022596951      0.11741241     0.068064233       1.0328479       1.0048965       2.2928369   2.2928369e-09       2.4086732      0.24597965      0.24731176       13.756253       2.0010287      0.70050596      0.29941711      0.14065422       147.52563       1.0166193      0.84017005      0.62258196      0.46053823      0.84164196       1.0413066       8.9282833       1.0328479        11.20835        637.6757     0.088545445      0.088545445       806.76995                 21.680032                         393.0582                          222.93747              157.8859                        11.20835
              1       403.83785       68.539051       3.1494007      0.97812228     0.022596951      0.11741241     0.068064233       1.0421065       1.0061181       2.3322083   2.3322083e-09       2.4086732      0.24597965      0.24731176       13.756253       2.0353893      0.70050596      0.29941711      0.14065422       147.52563       1.0255863       0.8475807      0.62807339      0.46460036      0.84906559       1.0413066       8.9282833       1.0421065        11.20835       637.05383     0.088545445      0.088545445        807.4986                 21.525763                        393.03427                           222.4938             159.23642                        11.20835
              1       402.34488       68.837885       3.1597345      0.97945671      0.02262713      0.11670219      0.06184981       1.0558796       1.0062984       2.3564338   2.3564338e-09       2.4033939      0.24599254       0.2473247       13.748422       2.0822515      0.70453569      0.29538804      0.13997419       147.68217       1.0258825      0.83937469      0.62749404      0.46260235      0.85116033       1.0413561        8.317442       1.0558796       10.336554       634.51097     0.088545445      0.088545445       804.51267                 21.096443                         390.6828                          222.73172             159.66515                       10.336554
              4       404.35185        68.82534       3.1576455      0.97929389     0.022619817      0.11678809     0.060628989       1.0538271       1.0028038       2.3515163   2.3515163e-09       2.4046717      0.24598942      0.24732157        13.74738       2.0829859      0.70426206      0.29566165      0.14005278       147.66731       1.0253528      0.83956411      0.62725805      0.46253542      0.85064332       1.0414298       8.2027544       1.0538271       10.329927       637.70727     0.088545445      0.088545445       808.52662                 21.289276                        390.47661                          225.94139             160.48942                       10.329927
              2       401.66484       68.805815        3.157049      0.97910241     0.022624889      0.11685158      0.06084545       1.0548246       1.0046635       2.3501142   2.3501142e-09       2.4037854      0.24599159      0.24732374        13.74723       2.0808429      0.70394938      0.29597428      0.14012134       147.64458        1.025373      0.84026042      0.62734718      0.46272338      0.85053944        1.041427       8.2236634       1.0548246       10.341086       634.53501     0.088545445      0.088545445       803.15259                 21.172277                        390.51882                          222.84391              158.2765                       10.341086
              6       401.33686       68.793151       3.1592339      0.97905784     0.022629215      0.11680146     0.058416653       1.0585883       1.0049553       2.3552545   2.3552545e-09       2.4030298      0.24599343       0.2473256         13.7496       2.0955488      0.70393714       0.2959865      0.14007554       147.65319       1.0262079      0.84089839      0.62780665      0.46306706       0.8511536       1.0413246       7.9846709       1.0585883        10.35907       633.80141     0.088545445      0.088545445       802.49663                 21.125462                        390.21167                          222.46428             158.33615                        10.35907
              6       402.04762       68.332021       3.1484234      0.97788748     0.022530661      0.11757034     0.061551326       1.0489906       1.0012481       2.3299302   2.3299302e-09       2.4203287      0.24595125      0.24728326       13.772098       2.0600611      0.69849216      0.30143044      0.14074587       147.55737       1.0272975      0.85284019      0.62922383      0.46623185      0.84919687       1.0410297       8.3262057       1.0489906       12.432986       633.51689     0.088545445      0.088545445       803.91815                 21.295011                        390.73468                           221.4872             157.96827                       12.432986
              5       403.04351       68.332021       3.1607807      0.97725645     0.022530661      0.11757034     0.061551326       1.0548217       1.0009913       2.3589005   2.3589005e-09       2.4203287      0.24595125      0.24728326       13.772098       2.0856759      0.69849216      0.30143044      0.14074587       147.55737       1.0334148      0.85791858      0.63297066      0.46900812      0.85425357       1.0410297       8.3262057       1.0548217       12.432986       633.71443     0.088545445      0.088545445       805.90993                 21.451447                        390.76357                          221.49941             159.76251                       12.432986
             14       401.89139       68.799981       3.1782435      0.97836744     0.022674074      0.11664381     0.059277733       1.0685044       1.0050101       2.4004552   2.4004552e-09       2.3952152      0.24601254      0.24734477       13.752084       2.1320904       0.7042342      0.29568945      0.13996275       147.64542       1.0344158      0.84690055      0.63270061      0.46655969      0.85800396       1.0410609       8.0555181       1.0685044       10.406546       633.05724     0.088545445      0.088545445       803.60569                 21.184456                        390.28789                          221.58489              160.1419                       10.406546
              7       404.05893       68.800714       3.1785285       0.9783869     0.022675114      0.11663334     0.059487348       1.0673535       1.0076416       2.4011395   2.4011395e-09       2.3950345      0.24601298      0.24734522       13.752277       2.1318043      0.70426042      0.29566323      0.13995332       147.64707       1.0344984      0.84690514      0.63274051      0.46657876      0.85807709       1.0410492        8.075517       1.0673535       10.407324       633.63097     0.088545445      0.088545445       807.94078                 21.285575                        390.29812                          222.04728             163.90248                       10.407324
              3        402.1961       68.800714       3.1717073      0.97952197     0.022675114      0.11663334     0.059487348       1.0637001       1.0030605       2.3848167   2.3848167e-09       2.3950345      0.24601298      0.24734522       13.752277       2.1173124      0.70426042      0.29566323      0.13995332       147.64707       1.0314266      0.84439035      0.63086165      0.46519331      0.85552912       1.0410492        8.075517       1.0637001       10.407324       634.09464     0.088545445      0.088545445       804.21511                 21.132488                        390.29659                          222.66556             159.71314                       10.407324
              6       401.19206       68.800714       3.1057722      0.97638938     0.022675114      0.11663334     0.059487348       1.0305881       1.0005671       2.2326453   2.2326453e-09       2.3950345      0.24601298      0.24734522       13.752277         1.98221      0.70426042      0.29566323      0.13995332       147.64707      0.99677574      0.81602299      0.60966781      0.44956511      0.82678756       1.0410492        8.075517       1.0305881       10.407324       633.54627     0.088545445      0.088545445       802.20703                 21.436634                        390.28236                          221.82728             158.25344                       10.407324
              2       401.58921       68.916406       3.1089791      0.97725485     0.022650859      0.11630103     0.054484268        1.036622        1.003315       2.2398167   2.2398167e-09       2.3992547      0.24600266      0.24733486       13.751827       2.0085749      0.70600326      0.29392065      0.13959676       147.76342      0.99658156      0.81221707      0.60916043      0.44852763      0.82732121       1.0410969       7.5811891        1.036622       10.436338       634.05759     0.088545445      0.088545445       803.00133                 21.312342                        390.49008                          222.25517              158.5074                       10.436338
             11       402.14487       69.039764       3.1147556      0.97813896     0.022655305      0.11591558      0.05418442        1.040743        1.001868       2.2527923   2.2527923e-09       2.3984802      0.24600456      0.24733676       13.751393       2.0214228      0.70785228      0.29207191      0.13921575       147.86225      0.99709918      0.80876004      0.60906053      0.44774722      0.82849141       1.0410352       7.5439476        1.040743       10.848688       633.96113     0.088545445      0.088545445       804.11265                 21.148699                        390.53949                          222.27295             159.30283                       10.848688
              2       402.82579       69.039764       3.1121286      0.98127358     0.022655305      0.11591558      0.05418442       1.0397393       1.0020529        2.246882    2.246882e-09       2.3984802      0.24600456      0.24733676       13.751393       2.0161195      0.70785228      0.29207191      0.13921575       147.86225      0.99699461      0.80867522      0.60899665      0.44770026      0.82840451       1.0410352       7.5439476       1.0397393       10.848688       634.73004     0.088545445      0.088545445       805.47448                 20.741723                        390.67411                           223.3142             159.89576                       10.848688
              3       404.87068       68.978226       3.1105652      0.98119475     0.022635961      0.11599128     0.053900162       1.0380469       1.0052524       2.2433721   2.2433721e-09       2.4018522      0.24599631      0.24732848       13.755278       2.0141149      0.70721234      0.29271171       0.1392721       147.86351      0.99701745      0.80992672      0.60907222      0.44800083      0.82805421        1.040984        7.520645       1.0380469       10.657899       636.36759     0.088545445      0.088545445       809.56428                 20.826533                        390.77695                          224.76411             162.53879                       10.657899
              1       405.45713       69.016824       3.1190453       0.9806261     0.022740901      0.11579437     0.059808537       1.0375306       1.0032674        2.262477    2.262477e-09       2.3836435      0.24604084      0.24737317       13.754396       2.0074056      0.70773282      0.29219132      0.13918013       147.79917       0.9989057      0.81038878      0.61012497      0.44857558      0.82985454       1.0406179       8.0764333       1.0375306       10.671388       634.93091     0.088545445      0.088545445       810.73717                 20.917097                         390.3438                          223.67002             165.13487                       10.671388
              3       406.36816       68.956934       3.1130222       0.9813551     0.022634258       0.1157853     0.056423432        1.040437       1.0036827       2.2488907   2.2488907e-09       2.4021494      0.24599559      0.24732776       13.762871       2.0089058      0.70746826      0.29245574      0.13906442       147.92097      0.99724182      0.80934644      0.60898205      0.44783654      0.82811271       1.0407026        7.768874        1.040437       10.664584       638.40455     0.088545445      0.088545445       812.55922                 20.575798                        390.36156                           227.4672             163.49008                       10.664584
              2       405.18612       68.956934         3.11438      0.98117908     0.022634258       0.1157853     0.056423432       1.0404436       1.0044949       2.2519465   2.2519465e-09       2.4021494      0.24599559      0.24732776       13.762871       2.0116355      0.70746826      0.29245574      0.13906442       147.92097      0.99785144       0.8098412      0.60935432      0.44811031      0.82861895       1.0407026        7.768874       1.0404436       10.664584       635.96165     0.088545445      0.088545445       810.19516                 20.643428                        390.35684                          224.96138             163.56893                       10.664584
              2       404.71476       68.992569        3.115939      0.98111326     0.022654048      0.11575527     0.053576151       1.0436479       1.0001052         2.25546     2.25546e-09       2.3986992      0.24600402      0.24733622       13.760003       2.0262801      0.70779188       0.2921322      0.13905418       147.90692      0.99813131      0.80947081      0.60951401      0.44810372      0.82906549       1.0407252       7.4799633       1.0436479       10.745111       635.37738     0.088545445      0.088545445       809.25242                 20.657669                        390.90047                          223.81924             163.12993                       10.745111
              6       404.25957       68.947869       3.1147606      0.98091387     0.022650142      0.11586898     0.053148902       1.0422797       1.0022663       2.2528037   2.2528037e-09       2.3993795      0.24600236      0.24733455       13.760933       2.0256238      0.70718189      0.29274209      0.13916399       147.88061      0.99832179      0.81088357      0.60975064      0.44851148      0.82895504       1.0407257       7.4395147       1.0422797       10.596981       634.79106     0.088545445      0.088545445       808.34206                 20.751669                        390.94579                          223.09359             162.95402                       10.596981
              1       403.95213       69.111092       3.1211939      0.97963295     0.022833454       0.1161309     0.061647611       1.0357299        1.001366       2.2673433   2.2673433e-09       2.3677575      0.24607959      0.24741206       13.734318       2.0043375      0.70763122      0.29229311      0.13960922       147.60545       1.0003607      0.81237788      0.61148406      0.44961396      0.83163066       1.0410228       8.2389604       1.0357299       10.680429       636.08777     0.088545445      0.088545445       807.72718                 21.171315                        390.59797                          224.31848             160.95898                       10.680429
              5       403.75613       69.111092       3.1194504      0.97559438     0.022833454       0.1161309     0.061647611       1.0343792       1.0019159       2.2633936   2.2633936e-09       2.3677575      0.24607959      0.24741206       13.734318       2.0008459      0.70763122      0.29229311      0.13960922       147.60545      0.99793342      0.81040673      0.61000036      0.44852302       0.8296128       1.0410228       8.2389604       1.0343792       10.680429       637.02186     0.088545445      0.088545445       807.33516                 21.821331                        390.57249                          224.62805             159.63287                       10.680429
              3       403.88571       69.110316       3.1193486      0.97571532     0.022823137      0.11608839      0.06116085       1.0358797       1.0046483       2.2631633   2.2631633e-09       2.3695201      0.24607529      0.24740775       13.735832       2.0025909      0.70773527      0.29218907      0.13955639       147.62837      0.99777705      0.81001561      0.60984707       0.4483704      0.82947815       1.0410012       8.1938665       1.0358797       10.706988       635.94118     0.088545445      0.088545445       807.59433                 21.675536                        390.48051                          223.78514             160.94616                       10.706988
              2       401.37536       68.665533       3.1027073      0.97466771     0.022692994      0.11709769     0.061677106       1.0255889       1.0005969       2.2258129   2.2258129e-09       2.3919305      0.24602057      0.24735284       13.751037       1.9675084      0.70207208      0.29785128      0.14043555       147.50275      0.99756871      0.82130148      0.61067773      0.45114064      0.82663201       1.0410998       8.2917449       1.0255889       10.858209       634.25539     0.088545445      0.088545445       802.57363                 21.839452                        390.73161                          221.68433             157.46003                       10.858209
              5       402.96634       68.980952       3.1121231      0.97639592     0.022685943      0.11612889      0.04940836       1.0450163       1.0009975       2.2468697   2.2468697e-09       2.3931539      0.24601758      0.24734983       13.749887       2.0354589      0.70684124      0.29308281       0.1394597       147.77053      0.99631168      0.81029284      0.60884592      0.44797625       0.8274844       1.0410132       7.0548015       1.0450163       10.557145        635.8137     0.088545445      0.088545445       805.75558                 21.213154                        392.41807                          222.18248             159.38473                       10.557145
              7       403.84827       68.939415       3.1118559      0.97623275     0.022685496      0.11618263     0.049353451       1.0448885         1.00538       2.2462695   2.2462695e-09       2.3932314      0.24601739      0.24734964       13.752092       2.0351386      0.70637572      0.29354824      0.13951299       147.75659      0.99658993      0.81143305      0.60907414      0.44832198      0.82746625       1.0409489       7.0498644       1.0448885        10.47143       635.66577     0.088545445      0.088545445       807.51945                 21.230072                        392.40334                          222.03236             161.38225                        10.47143
              4       403.07609       68.939415       3.1289915      0.97999118     0.022685496      0.11618263     0.049353451       1.0528864        1.002588       2.2850923   2.2850923e-09       2.3932314      0.24601739      0.24734964       13.752092       2.0703124      0.70637572      0.29354824      0.13951299       147.75659       1.0066205          0.8196      0.61520438      0.45283427      0.83579458       1.0409489       7.0498644       1.0528864        10.47143       636.23392     0.088545445      0.088545445       805.97509                 20.849538                        392.61638                          222.76801             159.26974                        10.47143
              4       403.24213       68.903452       3.1279463      0.97996019     0.022673623      0.11622636      0.05035763       1.0509434       1.0026388       2.2827051   2.2827051e-09       2.3952935      0.24601235      0.24734458       13.754395       2.0640001      0.70600205      0.29392183      0.13954485       147.75804       1.0065734      0.82028637      0.61521076      0.45298298      0.83553753       1.0409198       7.1562917       1.0509434       10.427809       635.98135     0.088545445      0.088545445       806.30718                 20.887713                        392.07157                          223.02206             159.89802                       10.427809
              3       403.28069       68.903452       3.1478539      0.98109363     0.022673623      0.11622636      0.05035763       1.0618023       1.0021995       2.3286036   2.3286036e-09       2.3952935      0.24601235      0.24734458       13.754395       2.1055012      0.70600205      0.29392183      0.13954485       147.75804       1.0170868      0.82885399      0.62163643      0.45771424      0.84426444       1.0409198       7.1562917       1.0618023       10.427809       636.01515     0.088545445      0.088545445       806.38429                 20.736597                        392.10339                          223.17516             159.94133                       10.427809
              6        401.5308       68.579361       3.1330331      0.98048674     0.022563067      0.11702798     0.060419646       1.0437908       1.0036047       2.2943463   2.2943463e-09       2.4146207      0.24596514       0.2472972       13.764122       2.0331955      0.70174737      0.29817579      0.14023591       147.66636       1.0161062      0.83685813      0.62180459      0.45948572      0.84146456       1.0411023       8.1992045       1.0437908       10.809557       635.37334     0.088545445      0.088545445       802.88452                 20.851973                        390.49927                           224.0221             156.70162                       10.809557
              5       401.37082       68.579361       3.1263666      0.97956506     0.022563067      0.11702798     0.060419646       1.0401581        1.004719        2.279102    2.279102e-09       2.4146207      0.24596514       0.2472972       13.764122       2.0196863      0.70174737      0.29817579      0.14023591       147.66636       1.0123664        0.833778      0.61951599      0.45779454      0.83836748       1.0411023       8.1992045       1.0401581       10.809557       634.47158     0.088545445      0.088545445       802.56455                  20.97619                        390.45337                          223.04201             157.28341                       10.809557
             10       400.95945       68.967243       3.1383955      0.98045688     0.022663038      0.11628659     0.058346815       1.0490506       1.0032769       2.3066826   2.3066826e-09       2.3971342      0.24600785      0.24734006       13.747401       2.0526194      0.70644128      0.29348274       0.1395945       147.75372       1.0122014      0.82414487      0.61870556      0.45538599      0.84059805       1.0412008       7.9612282       1.0490506       10.514295        634.1743     0.088545445      0.088545445        801.7418                 20.882999                        390.24658                          223.04472              157.0532                       10.514295
              3       401.77991       68.852626       3.1336861      0.98037809     0.022611248      0.11649458     0.056904856       1.0490742        1.002485       2.2958451   2.2958451e-09       2.4061702      0.24598576       0.2473179       13.753241       2.0488759      0.70513362      0.29479015       0.1397507       147.75569       1.0118658      0.82648642      0.61867337      0.45586859      0.83962079       1.0412175       7.8343508       1.0490742       10.360435       636.51886     0.088545445      0.088545445       803.38273                 20.763979                        390.25373                          225.50116             156.50344                       10.360435
             10       401.00146       68.725466       3.1310413      0.97949605     0.022629106      0.11690437     0.057204194       1.0463729       1.0022727       2.2897811   2.2897811e-09       2.4030488      0.24599339      0.24732555        13.75277       2.0422412      0.70313605      0.29678744      0.14017834       147.62572       1.0128737      0.83158375      0.61976285      0.45744293      0.83968068       1.0412344       7.8667721       1.0463729       10.475385       635.46969     0.088545445      0.088545445       801.82582                 20.918798                        390.26738                          224.28351             155.88075                       10.475385
             10       402.63523       68.387371       3.1210224      0.97871914     0.022544226      0.11752657     0.058808758       1.0389054       1.0054826       2.2669545   2.2669545e-09       2.4179368      0.24595707       0.2472891       13.768013       2.0154042       0.6990446      0.30087813      0.14071566       147.55394       1.0130635      0.83997636      0.62047214      0.45953643      0.83776967       1.0411128       8.0545168       1.0389054       12.030225       635.46142     0.088545445      0.088545445       805.09336                 21.014322                        390.28492                          224.16218             157.60172                       12.030225
             10        401.9228       68.516393       3.1238167      0.97938715     0.022543609      0.11719494     0.058463365       1.0392254        1.001999       2.2732978   2.2732978e-09       2.4180455       0.2459568      0.24728883       13.765662       2.0224403      0.70088471      0.29903831      0.14038342       147.64335       1.0123621      0.83556091      0.61967619      0.45824371      0.83797894       1.0411437       8.0150973       1.0392254       11.074767       634.45263     0.088545445      0.088545445       803.66851                 21.085981                        390.26701                          223.09964             158.14111                       11.074767
              4       401.57634       68.570802       3.1257592      0.97925473     0.022578857      0.11717903     0.058739814       1.0402064       1.0052699       2.2777182   2.2777182e-09       2.4118466      0.24597191      0.24730399       13.760314       2.0252528      0.70131808      0.29860506      0.14040275       147.60825       1.0126937      0.83507606      0.61990053      0.45824348      0.83858621       1.0411981       8.0340442       1.0402064       10.924317       634.10974     0.088545445      0.088545445       802.97559                 21.096189                        390.26125                          222.75229             157.94154                       10.924317
              1        401.3492       68.695884        3.129947      0.98002506      0.02257975       0.1167297     0.060883634        1.041858       1.0047261       2.2872766   2.2872766e-09       2.4116898      0.24597229      0.24730437        13.76152       2.0250504      0.70335504      0.29656838      0.13995431       147.72771       1.0120632      0.83018759      0.61901933      0.45680981      0.83882816       1.0410857        8.235143        1.041858       10.451096       634.42082     0.088545445      0.088545445       802.52131                 20.931309                        390.53812                          222.95139              157.6494                       10.451096
              1       402.35433        68.89837       3.1347962      0.98045779      0.02262834       0.1164278     0.061335586       1.0445393       1.0057594       2.2983951   2.2983951e-09       2.4031826      0.24599306      0.24732522       13.750562       2.0330557      0.70562971      0.29429416      0.13970101       147.75454       1.0117481      0.82541282      0.61854638      0.45558318      0.83980191       1.0412375       8.2624691       1.0445393       10.402901       635.56451     0.088545445      0.088545445       804.53156                 20.878546                        390.63285                          224.05311             158.56415                       10.402901
              2       402.86195        68.89837       3.1246231      0.98072002      0.02262834       0.1164278     0.061335586        1.037384       1.0058405       2.2751318   2.2751318e-09       2.4031826      0.24599306      0.24732522       13.750562       2.0124781      0.70562971      0.29429416      0.13970101       147.75454       1.0067166        0.821308      0.61547032      0.45331754      0.83562553       1.0412375       8.2624691        1.037384       10.402901       635.33129     0.088545445      0.088545445       805.54681                 21.002997                        390.58429                            223.744             159.81262                       10.402901
              2       406.15747        68.89837       3.2204352      0.97927027      0.02262834       0.1164278     0.061335586       1.0906696       1.0043424       2.5039014   2.5039014e-09       2.4031826      0.24599306      0.24732522       13.750562       2.2148372      0.70562971      0.29429416      0.13970101       147.75454       1.0555284      0.86113005      0.64531209      0.47529716      0.87614178       1.0412375       8.2624691       1.0906696       10.402901       635.92985     0.088545445      0.088545445       812.13785                 20.990814                        390.60896                          224.33007              165.8051                       10.402901
              3       405.22773       68.819284       3.2229006      0.97807747     0.022704743      0.11673056     0.056921103       1.0936516       1.0032577       2.5100823   2.5100823e-09       2.3898941      0.24602555      0.24735783       13.747166       2.2399943      0.70415217      0.29577152      0.14008017       147.58794       1.0578235      0.86640291      0.64715364       0.4772506       0.8775428       1.0411326        7.818849       1.0936516       10.413499       634.02856     0.088545445      0.088545445       810.27837                 21.314447                        390.16386                          222.55026             165.83631                       10.413499
              2       404.54609       68.814698       3.2227527      0.97805895     0.022704425      0.11674246     0.057221709        1.093788       1.0027448        2.509711    2.509711e-09       2.3899491      0.24602542       0.2473577       13.747254       2.2383169      0.70408828      0.29583541      0.14009175       147.58511       1.0578302      0.86654789      0.64717108      0.47728923      0.87751907       1.0411326       7.8487867        1.093788       10.419666       633.30106     0.088545445      0.088545445       808.91509                 21.272787                        390.16899                          221.85928             165.19437                       10.419666
              3       403.59336       68.814698       3.2129765      0.97544298     0.022704425      0.11674246     0.057221709         1.08892       1.0008139       2.4852951   2.4852951e-09       2.3899491      0.24602542       0.2473577       13.747254       2.2165412      0.70408828      0.29583541      0.14009175       147.58511       1.0516137      0.86145547      0.64336787      0.47448436      0.87236218       1.0411326       7.8487867         1.08892       10.419666       632.91856     0.088545445      0.088545445       807.00962                 21.611736                        390.11059                          221.19624             163.67139                       10.419666
              3       403.66616       68.722889       3.2111149      0.97516382     0.022690064      0.11689513     0.056699477        1.088568       1.0008063       2.4806727   2.4806727e-09       2.3924388      0.24601933      0.24735159       13.751583       2.2147307      0.70300426      0.29691922      0.14023006       147.56022       1.0519323      0.86398028      0.64372156      0.47517943      0.87204416       1.0410607       7.8027447        1.088568       10.612735       632.69195     0.088545445      0.088545445       807.15523                 21.607982                        390.11721                          220.96676             163.85054                       10.612735
              3       403.86762       68.947244       3.2127886      0.97633912     0.022673384      0.11647486      0.05849281        1.088104       1.0006758       2.4848281   2.4848281e-09        2.395335      0.24601225      0.24734448       13.743726        2.210498      0.70585315      0.29407083      0.13979311       147.69153       1.0500013      0.85633934      0.64203879       0.4727965      0.87186306       1.0413178       7.9765939        1.088104       10.429204       633.43984     0.088545445      0.088545445       807.55814                 21.473155                        390.22093                          221.74576             163.68909                       10.429204
              3       401.89395       68.947244       3.1501911      0.97950296     0.022673384      0.11647486      0.05849281       1.0556793        1.004123       2.3340524   2.3340524e-09        2.395335      0.24601225      0.24734448       13.743726       2.0763683      0.70585315      0.29407083      0.13979311       147.69153       1.0188877      0.83096432      0.62301391       0.4587866      0.84602804       1.0413178       7.9765939       1.0556793       10.429204       635.69752     0.088545445      0.088545445       803.61082                 20.941961                        390.19944                          224.55613             157.48409                       10.429204
              6       401.41878       68.947244       3.1266448      0.98046938     0.022673384      0.11647486      0.05849281       1.0421346       1.0041979       2.2797362   2.2797362e-09        2.395335      0.24601225      0.24734448       13.743726       2.0280487      0.70585315      0.29407083      0.13979311       147.69153       1.0073379      0.82154479      0.61595163      0.45358595      0.83643775       1.0413178       7.9765939       1.0421346       10.429204       634.55538     0.088545445      0.088545445       802.66047                 20.924007                        390.23032                          223.40105             157.67588                       10.429204
              1       404.97507        68.88936       3.1265259      0.98089941     0.022619091      0.11628275       0.0529362       1.0464697       1.0045639        2.279465    2.279465e-09       2.4047985      0.24598911      0.24732126       13.755589       2.0504687      0.70587784      0.29404601      0.13954671       147.80389       1.0070437       0.8208977      0.61550024      0.45324399      0.83584242       1.0410782       7.4317363       1.0464697       10.423984       637.87573     0.088545445      0.088545445       809.77305                 20.892457                        390.96908                           226.0142             161.47333                       10.423984
              6        402.2376       68.603685       3.1170672      0.98025005      0.02254105      0.11685746     0.053887785       1.0431734       1.0021294        2.258006    2.258006e-09       2.4184965      0.24595571      0.24728773       13.767243       2.0273034      0.70236792      0.29755529      0.14004337       147.73671       1.0070666       0.8280064      0.61606116      0.45500456      0.83412648       1.0410486       7.5536113       1.0431734       10.632942       636.68107     0.088545445      0.088545445        804.2981                 20.712682                        390.69737                          225.27102             156.98409                       10.632942
              7       402.47019        68.71189       3.1181929      0.98077671      0.02253423      0.11665792     0.051525867       1.0461411       1.0016204       2.2605493   2.2605493e-09        2.419699      0.24595278       0.2472848        13.76332        2.039197      0.70374166       0.2961818      0.13983702       147.79793       1.0063353      0.82461652      0.61538687      0.45398114      0.83417781       1.0411726       7.3119514       1.0461411       10.362135       637.27162     0.088545445      0.088545445       804.76328                 20.650572                        391.55023                          225.07082             157.12952                       10.362135
              8       402.60301       68.430572       3.1145138      0.97844857     0.022611273      0.11760386     0.050048356       1.0442322       1.0009161       2.2522477   2.2522477e-09       2.4061657      0.24598577      0.24731791       13.760241       2.0377209      0.69911624      0.30080658         0.14086       147.45852       1.0093819       0.8370089      0.61837573      0.45795655      0.83498871       1.0411518       7.1579145       1.0442322       12.087979       637.43023     0.088545445      0.088545445       805.02893                 20.938147                        392.03483                          224.45725             155.51072                       12.087979
              1       403.68861       68.789148       3.1195999      0.97927245       0.0226748      0.11722666     0.051456478       1.0451255       1.0038918        2.263732    2.263732e-09       2.3950891      0.24601285      0.24734508         13.7371       2.0423515      0.70290778      0.29701585      0.14054632       147.48857        1.008188      0.82869364      0.61730014      0.45571286      0.83618327       1.0416508       7.2850496       1.0451255       10.422499       637.97071     0.088545445      0.088545445       807.20014                 20.948887                        391.46514                          225.55668             158.80693                       10.422499
              1       404.81263       68.671327       3.1153964      0.97889772     0.022645617      0.11752518     0.048755174       1.0455243       1.0028643       2.2542364   2.2542364e-09       2.4001681      0.24600043      0.24733262       13.740159        2.044802      0.70131629      0.29860707      0.14081567       147.44128       1.0083086      0.83207435      0.61766957      0.45659508      0.83556681       1.0416946       7.0166682       1.0455243       10.749194       639.93939     0.088545445      0.088545445       809.44817                 20.940059                        392.78303                           226.2163             158.75958                       10.749194
              3       406.97294       68.671327       3.1178463      0.97960789     0.022645617      0.11752518     0.048755174       1.0462506       1.0074996       2.2597658   2.2597658e-09       2.4001681      0.24600043      0.24733262       13.740159       2.0498177      0.70131629      0.29860707      0.14081567       147.44128       1.0098206      0.83332207      0.61859578      0.45727976      0.83681977       1.0416946       7.0166682       1.0462506       10.749194       639.69258     0.088545445      0.088545445       813.76878                 20.902493                        392.78045                          226.00964             163.32701                       10.749194
              1       408.37985       68.558703       3.1192253      0.97779218      0.02275769      0.11810644     0.048027396       1.0458553       1.0050623       2.2628843   2.2628843e-09       2.3807496      0.24604791      0.24738027        13.73126       2.0556363      0.69885909      0.30106403        0.141509        147.1621       1.0125899      0.84110216      0.62105436      0.46003866      0.83842631       1.0416891       6.9266188       1.0458553       12.061781       641.88978     0.088545445      0.088545445       816.58261                 21.245133                        393.18585                          227.45881             162.63104                       12.061781
              1       407.75323       68.558703       3.1095948      0.97774776      0.02275769      0.11810644     0.048027396       1.0424727       1.0000695       2.2411961   2.2411961e-09       2.3807496      0.24604791      0.24738027        13.73126       2.0359344      0.69885909      0.30106403        0.141509        147.1621       1.0077085      0.83704746      0.61806044      0.45782095      0.83438451       1.0416891       6.9266188       1.0424727       12.061781       643.16591     0.088545445      0.088545445       815.32937                 21.103596                        393.19357                          228.86875             160.10167                       12.061781
              1       407.89771       69.359676       3.1317857      0.98052549     0.022898782       0.1163218      0.06115299       1.0410689        1.001979       2.2914862   2.2914862e-09       2.3566422      0.24610664      0.24743921       13.705488       2.0276848      0.70919054      0.29073434      0.13986545       147.48156       1.0055546      0.81413564      0.61494076      0.45155158      0.83745059       1.0417953       8.1813322       1.0410689       11.515448       638.91648     0.088545445      0.088545445       815.61834                 21.130909                         390.4904                          227.29517             165.18641                       11.515448
              1       413.25533       69.005031       3.1329387      0.97803102      0.02300118      0.11703336     0.065706283       1.0386613        1.005554       2.2941297   2.2941297e-09       2.3393744      0.24614883      0.24748156       13.714474       2.0116213      0.70448429      0.29543981      0.14067941       147.17802       1.0097942      0.82734421      0.61842993      0.45594006      0.83882863       1.0412453       8.6003925       1.0386613       10.524086       649.30967     0.088545445      0.088545445       826.33356                 21.338865                        391.80583                          236.16498             166.49981                       10.524086
              2       406.10744       68.869825       3.1280015      0.97982599     0.022806724      0.11649495     0.067985842       1.0336144       1.0046457       2.2828311   2.2828311e-09       2.3723286      0.24606845      0.24740089       13.746359       1.9926087      0.70486798      0.29505583      0.13994654       147.53751        1.007102       0.8233654      0.61597631      0.45398349      0.83577227       1.0407687       8.8496323       1.0336144       10.490694       639.13207     0.088545445      0.088545445       812.03779                 21.149666                        392.76503                          225.21737             162.41503                       10.490694
              7       405.51864       68.869825       3.1278167      0.97454398     0.022806724      0.11649495     0.067985842       1.0315011        1.003199       2.2824094   2.2824094e-09       2.3723286      0.24606845      0.24740089       13.746359       1.9922406      0.70486798      0.29505583      0.13994654       147.53751       1.0049653      0.82161849      0.61466942      0.45302029      0.83399905       1.0407687       8.8496323       1.0315011       10.490694       639.71321     0.088545445      0.088545445       810.86018                  22.20286                        392.89759                          224.61276             160.65628                       10.490694
              1       405.76528       68.871082       3.1278216      0.97454966     0.022806656       0.1164932     0.067979304       1.0315122       1.0042449       2.2824205   2.2824205e-09       2.3723403      0.24606842      0.24740086       13.746298       1.9922764      0.70488258      0.29504123      0.13994472       147.53805       1.0049555      0.82158142      0.61466144      0.45300881      0.83399855       1.0407707       8.8490119       1.0315122       10.488644       639.70594     0.088545445      0.088545445       811.35348                 22.201649                         392.8965                          224.60779              161.1589                       10.488644
             10       405.52593       68.871082       3.1630452      0.97654235     0.022806656       0.1164932     0.067979304       1.0498147        1.002725       2.3642484   2.3642484e-09       2.3723403      0.24606842      0.24740086       13.746298       2.0637022      0.70488258      0.29504123      0.13994472       147.53805       1.0235949      0.83681968      0.62606187      0.46141098      0.84946712       1.0407707       8.8490119       1.0498147       10.488644        638.9146     0.088545445      0.088545445       810.87476                  21.85806                         392.8837                          224.17284             161.47152                       10.488644
              2       406.81096       68.800779       3.1601717      0.97695918     0.022737816      0.11643844      0.06486845       1.0515838      0.99824013       2.3574643   2.3574643e-09       2.3841758      0.24603954      0.24737187       13.755892       2.0706234      0.70454026       0.2953834      0.13982113       147.62941       1.0228415      0.83664915       0.6254629      0.46110313      0.84840854       1.0406795       8.5730233       1.0515838       10.509501       637.06597     0.088545445      0.088545445       813.44482                 21.684495                        391.61266                          223.76882             165.86935                       10.509501
              6        407.0357       68.800779       3.1351209      0.97909084     0.022737816      0.11643844      0.06486845       1.0387017      0.99858578       2.2991415   2.2991415e-09       2.3841758      0.24603954      0.24737187       13.755892       2.0193969      0.70454026       0.2953834      0.13982113       147.62941       1.0109379      0.82691241      0.61818389      0.45573691      0.83853494       1.0406795       8.5730233       1.0387017       10.509501       637.08582     0.088545445      0.088545445       813.89432                 21.339711                        391.52887                          224.21724             166.29899                       10.509501
              1       403.67727       68.540327       3.1287046      0.97747763     0.022750979      0.11725665      0.06217348       1.0385268       1.0036844       2.2844367   2.2844367e-09       2.3819057      0.24604508      0.24737743       13.756187       2.0173253       0.7005208      0.29940228       0.1406525       147.39576       1.0126399      0.83685188      0.62014309      0.45872846      0.83835534       1.0407492       8.3279697       1.0385268        11.89421       635.82415     0.088545445      0.088545445       807.17745                  21.38919                        390.83148                          223.60348             159.45909                        11.89421
              1       404.45794       68.540327       3.1356711      0.97762865     0.022750979      0.11725665      0.06217348       1.0431383      0.99894681        2.300407    2.300407e-09       2.3819057      0.24604508      0.24737743       13.756187       2.0314282       0.7005208      0.29940228       0.1406525       147.39576       1.0162323      0.83982062      0.62234306       0.4603558      0.84132942       1.0407492       8.3279697       1.0431383        11.89421       637.45934     0.088545445      0.088545445        808.7388                 21.272239                        390.82241                          225.36469             159.38525                        11.89421
              3       404.05469       68.551806        3.135795      0.97766313     0.022752137      0.11724344      0.06216295       1.0430168       1.0036214        2.300692    2.300692e-09       2.3817061      0.24604557      0.24737792         13.7555       2.0317227      0.70064672      0.29927638      0.14064045       147.39801       1.0161777      0.83952803      0.62229633      0.46027284      0.84135471       1.0407662       8.3264855       1.0430168       11.811048       636.92863     0.088545445      0.088545445        807.9323                 21.288325                        390.81968                          224.82062             159.19262                       11.811048
              7       403.82159       68.574326       3.1366716       0.9776372     0.022763895      0.11722281     0.061293678       1.0428821        1.000365       2.3027097   2.3027097e-09       2.3796814      0.24605052      0.24738289        13.75375       2.0370429      0.70086218      0.29906097      0.14063157       147.39046       1.0163086      0.83923003      0.62236665        0.460242      0.84160127       1.0407809       8.2397475       1.0428821       11.704091       635.70938     0.088545445      0.088545445        807.4661                 21.422909                        390.59161                          223.69487             160.05263                       11.704091
              4       402.10887        68.41028        3.121308      0.97860162     0.022565322      0.11753704     0.061541384       1.0344454       1.0012358        2.267602    2.267602e-09       2.4142241      0.24596611      0.24729817       13.765119       2.0049921      0.69917869      0.30074409      0.14074722        147.5276       1.0129525      0.83968819      0.62043895      0.45946066      0.83781818       1.0411381       8.3166222       1.0344454       11.969586       634.58444     0.088545445      0.088545445       804.04065                 21.251475                         390.7119                          222.62107             157.48662                       11.969586
              5       401.39835       68.452733       3.1221443       0.9784862     0.022590219      0.11756435     0.061898955       1.0352614       1.0015584       2.2694993   2.2694993e-09       2.4098532      0.24597677      0.24730887       13.759931       2.0052351      0.69944029      0.30048259      0.14079943       147.49255       1.0131069      0.83941923      0.62059102      0.45947334       0.8382058       1.0412294        8.345973       1.0352614       11.788386       634.98303     0.088545445      0.088545445       802.61961                 21.210568                        390.82712                          222.94535             155.84819                       11.788386
              1        400.8869       68.452733       3.1264814      0.97683938     0.022590219      0.11756435     0.061898955       1.0373532       1.0014992       2.2793637   2.2793637e-09       2.4098532      0.24597677      0.24730887       13.759931       2.0139509      0.69944029      0.30048259      0.14079943       147.49255       1.0146651      0.84071031      0.62154553      0.46018004      0.83949501       1.0412294        8.345973       1.0373532       11.788386       634.00817     0.088545445      0.088545445       801.59671                 21.460695                        390.79954                          221.74793             155.80016                       11.788386
              3       400.82586       68.479859       3.1276833      0.97697488     0.022594124      0.11746446     0.062151622       1.0377137       1.0037667       2.2821049   2.2821049e-09       2.4091687      0.24597844      0.24731055       13.760149       2.0153542      0.69988301      0.30003992      0.14070346       147.51486       1.0146254      0.83972903      0.62141526      0.45991405      0.83962847       1.0411936       8.3676027       1.0377137       11.583752       633.81735     0.088545445      0.088545445       801.47463                  21.45718                        390.82741                          221.53276             156.07354                       11.583752
              2       401.86389       68.503639       3.1293943       0.9768732     0.022616681      0.11743112     0.061564573       1.0406102       1.0004594       2.2860129   2.2860129e-09       2.4052199      0.24598808      0.24732023       13.758338       2.0211771      0.70011432      0.29980867      0.14069267       147.49863       1.0149852      0.83958985      0.62162373      0.45997967      0.84007206       1.0411708       8.3048916       1.0406102       11.521055       636.02115     0.088545445      0.088545445        803.5507                 21.326952                        390.71188                          223.98231             156.00849                       11.521055
              2       403.31758       68.703542       3.1372629      0.97945563     0.022504781      0.11621479     0.055918326       1.0522355       1.0013247       2.3040716   2.3040716e-09       2.4249014      0.24594015      0.24727212       13.777047       2.0602785      0.70467085      0.29525259      0.13936444       147.95025       1.0132181      0.82786157      0.61907168      0.45634087      0.83983218        1.040746       7.7544981       1.0522355       10.369526       634.10577     0.088545445      0.088545445       806.45808                 20.821833                        390.36131                          222.92263             161.98278                       10.369526
              6       402.78932       68.796914        3.138082       0.9801056     0.022461369      0.11608837     0.057484742       1.0502953       1.0040951       2.3059597   2.3059597e-09       2.4326007      0.24592153      0.24725343       13.773449       2.0555171      0.70583078      0.29409286       0.1391946       148.03313       1.0131396      0.82543078      0.61883501       0.4557178      0.84033752        1.040997       7.9183213       1.0502953         10.4427       634.48928     0.088545445      0.088545445       805.40155                 20.842724                        390.26709                          223.37947             160.46957                         10.4427
              4       404.14687       68.796914       3.1575563      0.97865082     0.022461369      0.11608837     0.057484742       1.0600804      0.99964007       2.3513068   2.3513068e-09       2.4326007      0.24592153      0.24725343       13.773449       2.0959392      0.70583078      0.29409286       0.1391946       148.03313       1.0224809      0.83304139      0.62454077       0.4599196      0.84808557        1.040997       7.9183213       1.0600804         10.4427       634.03047     0.088545445      0.088545445       808.11664                 21.061606                        390.23477                          222.73409             163.64348                         10.4427
              6       405.04117       69.346356       3.1781937      0.97816471      0.02281596      0.11570014     0.062984107       1.0649099      0.99803908       2.4003357   2.4003357e-09       2.3707476       0.2460723      0.24740475       13.725895       2.1162389      0.71054375       0.2893811      0.13916097       147.74078       1.0253528      0.82660718      0.62625715      0.45932516      0.85385703       1.0412985       8.3635091       1.0649099       12.105499       635.74359     0.088545445      0.088545445       809.90524                 21.403972                         390.8955                          223.44412             162.05615                       12.105499
              1       404.28886       68.450173       3.1469876       0.9756887     0.022581492       0.1174867     0.056124464       1.0563654       1.0023717       2.3265872   2.3265872e-09        2.411384      0.24597303      0.24730512       13.762517       2.0795542      0.69960216      0.30032072      0.14071306         147.523       1.0243193      0.84828204      0.62736309      0.46442467       0.8474667       1.0411614       7.7795814       1.0563654       11.737432       637.99336     0.088545445      0.088545445       808.40064                 21.281646                        390.22776                          226.48395             158.66985                       11.737432
              2       402.79285       68.450173       3.1738805      0.97462545     0.022581492       0.1174867     0.056124464       1.0691783       1.0040839       2.3900048   2.3900048e-09        2.411384      0.24597303      0.24730512       13.762517       2.1362382      0.69960216      0.30032072      0.14071306         147.523       1.0377632      0.85941544      0.63559701      0.47052009       0.8585894       1.0411614       7.7795814       1.0691783       11.737432       632.97504     0.088545445      0.088545445        805.4086                 21.581493                        390.15143                          221.24212             160.69613                       11.737432
              2       403.72668       68.450173       3.1786241      0.97834507     0.022581492       0.1174867     0.056124464       1.0725823       1.0018143       2.4013691   2.4013691e-09        2.411384      0.24597303      0.24730512       13.762517       2.1463959      0.69960216      0.30032072      0.14071306         147.523       1.0417114      0.86268512      0.63801516       0.4723102      0.86185593       1.0411614       7.7795814       1.0725823       11.737432        636.6228     0.088545445      0.088545445       807.27627                 20.987611                         390.2665                          225.36869             158.91603                       11.737432
              6       402.24499       68.505263       3.1806658      0.97851106     0.022598052      0.11737215     0.056001934       1.0725946       1.0032105       2.4062768   2.4062768e-09       2.4084804      0.24598012      0.24731223       13.760314       2.1513097      0.70029391      0.29962909      0.14061507       147.53516       1.0418117      0.86132615      0.63796547      0.47200127       0.8622857       1.0411605       7.7618144       1.0725946       11.408369       633.69787     0.088545445      0.088545445       804.31288                 21.080493                        390.26572                          222.35166             159.20665                       11.408369
              1       400.65081       68.505263       3.1343092      0.97594934     0.022598052      0.11737215     0.056001934       1.0469991       1.0041619        2.297276    2.297276e-09       2.4084804      0.24598012      0.24731223       13.760314       2.0538585      0.70029391      0.29962909      0.14061507       147.53516       1.0169422      0.84076512      0.62273637      0.46073396      0.84170176       1.0411605       7.7618144       1.0469991       11.408369       632.96599     0.088545445      0.088545445       801.12453                 21.533069                        390.19767                          221.23524             156.75018                       11.408369
              5       400.94209       68.889447       3.1472044      0.97767002     0.022622586      0.11632859     0.060146229       1.0507075       1.0032782       2.3270916   2.3270916e-09       2.4041877       0.2459906      0.24732276       13.754228       2.0633416      0.70577462      0.29414923      0.13959605       147.78763       1.0164717      0.82884527      0.62131748      0.45756785      0.84366814        1.041119       8.1466376       1.0507075       10.413615       633.54723     0.088545445      0.088545445       801.70708                 21.366074                        390.38052                          221.80063             157.74624                       10.413615
              3       401.75463       68.900154       3.1477351       0.9776958     0.022629702      0.11630708     0.059671759       1.0529263      0.99880535       2.3283271   2.3283271e-09       2.4029447      0.24599364      0.24732581       13.753677        2.066397      0.70589638       0.2940275      0.13958165       147.78546       1.0165262      0.82864532      0.62133475      0.45753322      0.84377889       1.0411093       8.0984466       1.0529263       10.426701       633.40177     0.088545445      0.088545445       803.33218                 21.218776                        390.34122                          221.84177             159.50371                       10.426701
              4       401.56474       68.900154       3.1410185      0.97901466     0.022629702      0.11630708     0.059671759       1.0488675      0.99906166       2.3127409   2.3127409e-09       2.4029447      0.24599364      0.24732581       13.753677       2.0525642      0.70589638       0.2940275      0.13958165       147.78546       1.0136325      0.82628649      0.61956605       0.4562308      0.84137698       1.0411093       8.0984466       1.0488675       10.426701       633.26905     0.088545445      0.088545445        802.9524                  21.08997                        390.32824                          221.85085             159.25664                       10.426701
              1       401.04571       68.962976       3.1422308      0.97897122     0.022664917      0.11642934     0.058441725       1.0497503       1.0033798       2.3155463   2.3155463e-09       2.3968073      0.24600865      0.24734086       13.743816       2.0601158      0.70610086      0.29382316      0.13973912       147.71321       1.0143784      0.82675394      0.62019675      0.45661586      0.84237987       1.0413372       7.9727796       1.0497503       10.471277        634.1187     0.088545445      0.088545445       801.91433                 21.168565                        390.19114                          222.75899             157.32435                       10.471277
              1       401.95593       68.962976       3.1218875      0.97809927     0.022664917      0.11642934     0.058441725       1.0410717       1.0011223       2.2689164   2.2689164e-09       2.3968073      0.24600865      0.24734086       13.743816       2.0186297      0.70610086      0.29382316      0.13973912       147.71321       1.0037754      0.81811213      0.61371402      0.45184299      0.83357473       1.0413372       7.9727796       1.0410717       10.471277       635.84605     0.088545445      0.088545445       803.73476                 21.107231                        390.17613                          224.56268             157.41744                       10.471277
              3       400.86223       68.962976       3.1260196      0.97806361     0.022664917      0.11642934     0.058441725       1.0422409       1.0012853       2.2783114   2.2783114e-09       2.3968073      0.24600865      0.24734086       13.743816       2.0269883      0.70610086      0.29382316      0.13973912       147.71321       1.0058376       0.8197929      0.61497487      0.45277128      0.83528727       1.0413372       7.9727796       1.0422409       10.471277       634.01988     0.088545445      0.088545445       801.54737                 21.201808                        390.19091                          222.62716             157.05621                       10.471277
              2       400.72863       68.875028        3.122938      0.97764111     0.022656498      0.11666686     0.058537914       1.0402416       1.0012581       2.2713011   2.2713011e-09       2.3982726      0.24600506      0.24733727       13.745306       2.0203627      0.70486685      0.29505697      0.13996823       147.65884       1.0058897      0.82240819      0.61525865      0.45345501      0.83479773       1.0413531       7.9881528       1.0402416       10.347155       634.06527     0.088545445      0.088545445       801.28016                 21.263731                        390.23538                          222.56616             156.86774                       10.347155
              3       404.90275       68.847457       3.1194287      0.97874429     0.022513895      0.11652058     0.056162079       1.0411977      0.99743588       2.2633445   2.2633445e-09       2.4232896      0.24594406      0.24727604       13.755654       2.0228743      0.70523989      0.29468386      0.13967934        147.8577       1.0050088      0.82058846       0.6144024      0.45268072      0.83389969       1.0414791       7.7832549       1.0411977       10.398765       635.27006     0.088545445      0.088545445       809.62841                 21.032947                        390.24161                           223.9955             163.95958                       10.398765
              4       403.28111       69.109777       3.1295889      0.97905286     0.022636882      0.11608938     0.057660979       1.0460582       1.0052046       2.2864578   2.2864578e-09       2.4016916      0.24599671      0.24732888       13.740954        2.037415       0.7081186      0.29180574      0.13937113       147.83602       1.0057228      0.81549884      0.61449943      0.45164265      0.83608038       1.0414773       7.8970284       1.0460582       11.143707       635.85763     0.088545445      0.088545445       806.38513                 20.989797                        390.19511                          224.67272              159.3838                       11.143707
              4       403.79793       69.205383       3.1331541      0.97933138      0.02266422       0.1158758     0.058071422       1.0481825       1.0033154       2.2946241   2.2946241e-09       2.3969287      0.24600835      0.24734057        13.73764        2.043014      0.70931336      0.29061119      0.13918489       147.86297        1.005795      0.81311389      0.61433817      0.45106131      0.83671859       1.0414597       7.9275827       1.0481825       11.697741       637.10262     0.088545445      0.088545445       807.41877                 20.929562                        390.24714                          225.92592              158.6184                       11.697741
              3       401.72993       68.847498        3.123181      0.97720443     0.022659294      0.11650678      0.06761186       1.0306575       1.0018335       2.2718531   2.2718531e-09       2.3977858      0.24600625      0.24733846       13.752043       1.9845102       0.7049626      0.29496116      0.13981094       147.69868       1.0050238      0.82129591      0.61455626      0.45290056      0.83391241       1.0410925        8.852442       1.0306575       10.367012       635.66543     0.088545445      0.088545445       803.28278                 21.590326                        392.76446                          221.31064             157.25034                       10.367012
              2       401.58385       68.977792       3.1276427      0.97753844     0.022706491      0.11633981     0.065887765        1.035186        1.001595       2.2820123   2.2820123e-09       2.3895914       0.2460263      0.24735858       13.743822       2.0002699      0.70632788      0.29359616      0.13969117       147.69088       1.0055381      0.81906687      0.61473897      0.45251017      0.83512821       1.0411782       8.6759746        1.035186       10.479354       635.41224     0.088545445      0.088545445       802.99061                 21.480944                        391.93505                          221.99624             157.09902                       10.479354
              3       405.25941       68.930464       3.1228519      0.97675233     0.022695819      0.11685957     0.073134214         1.02488       1.0015331       2.2711057   2.2711057e-09       2.3914405      0.24602177      0.24735404       13.734079       1.9620667      0.70485303      0.29507091      0.14020026       147.56335       1.0060243      0.82288413      0.61559581      0.45370886      0.83524533       1.0416232        9.360865         1.02488       10.342906        641.5186     0.088545445      0.088545445       810.34174                 21.814977                        395.74812                           223.9555             158.48023                       10.342906
              2       405.25478       68.930464       3.1223627      0.97745058     0.022695819      0.11685957     0.073134214       1.0247887       1.0021113        2.269995    2.269995e-09       2.3914405      0.24602177      0.24735404       13.734079       1.9611071      0.70485303      0.29507091      0.14020026       147.56335       1.0060489      0.82290429      0.61561089      0.45371997      0.83526579       1.0416232        9.360865       1.0247887       10.342906       641.71027     0.088545445      0.088545445       810.33248                 21.682077                        395.70814                          224.32005              158.2793                       10.342906
              3       404.69716       69.475776       3.1431324      0.98133261     0.022695448      0.11500894     0.058857655       1.0530693       1.0013398        2.317635    2.317635e-09       2.3915049      0.24602162      0.24735388       13.736808       2.0602596       0.7133028      0.28662233      0.13834926        148.0623       1.0052606      0.80420219      0.61308807      0.44859081      0.83790611       1.0412388        7.982255       1.0530693       14.573583       635.69494     0.088545445      0.088545445       809.21722                 20.747701                        390.23831                          224.70894              158.9487                       14.573583
              3       403.97061        69.18347       3.1355112      0.97969668     0.022740502      0.11577142     0.053668911       1.0521629      0.99859027        2.300039    2.300039e-09       2.3837122      0.24604067        0.247373        13.74034       2.0659461      0.70918789      0.29073661      0.13915679       147.80583       1.0059969      0.81346418      0.61443047      0.45117775      0.83675403       1.0410871        7.471906       1.0521629       11.328807       634.79436     0.088545445      0.088545445       807.76414                 20.971987                        390.77275                          223.04962             161.64097                       11.328807
              3       405.89754        68.66127       3.1178841      0.97842106     0.022537913      0.11632195     0.062928826       1.0355919       1.0039474       2.2598512   2.2598512e-09       2.4190494      0.24595436      0.24728638       13.776934        1.992602      0.70400951      0.29591383      0.13950473       147.88422       1.0035482      0.82136038      0.61331764      0.45235227      0.83156105       1.0406511       8.4343251       1.0355919       10.455015       636.85582     0.088545445      0.088545445       811.61799                 21.002969                        391.01644                          224.83641             164.30715                       10.455015
              3       404.42228       68.364782       3.1063645      0.97744223     0.022470953       0.1171571     0.058987227       1.0325458       1.0043879       2.2339682   2.2339682e-09       2.4308978      0.24592564      0.24725756       13.782144       1.9853694      0.69979298       0.3001297      0.14027292       147.73477       1.0038119      0.83030474      0.61432163      0.45469801      0.82998179       1.0408385       8.0821799       1.0325458       11.689678       635.73576     0.088545445      0.088545445       808.66747                 21.065885                        390.28615                          224.38372             161.24203                       11.689678
              3       402.33713       68.364782       3.1084036      0.97598193     0.022470953       0.1171571     0.058987227       1.0317853       1.0004544       2.2385281   2.2385281e-09       2.4308978      0.24592564      0.24725756       13.782144       1.9894219      0.69979298       0.3001297      0.14027292       147.73477       1.0042747      0.83068756      0.61460488      0.45490766      0.83036447       1.0408385       8.0821799       1.0317853       11.689678       631.81175     0.088545445      0.088545445       804.49718                 21.440712                        390.28572                          220.08532             160.99575                       11.689678
              2       402.23528       68.363507         3.10835      0.97597491      0.02247073      0.11716127     0.059012424       1.0314649       1.0009857        2.238408    2.238408e-09       2.4309374      0.24592555      0.24725746       13.782149       1.9892149      0.69977335      0.30014933      0.14027686        147.7339       1.0042752      0.83072908      0.61460947      0.45491849       0.8303571       1.0408397       8.0847845       1.0314649       11.698949       631.87626     0.088545445      0.088545445       804.29346                 21.468855                        390.27426                          220.13314             160.71826                       11.698949
              1       402.49066       68.363507        3.108091      0.97594606      0.02247073      0.11716127     0.059012424       1.0321742       1.0004115       2.2378283   2.2378283e-09       2.4309374      0.24592555      0.24725746       13.782149       1.9886998      0.69977335      0.30014933      0.14027686        147.7339       1.0041341      0.83061234       0.6145231      0.45485456      0.83024041       1.0408397       8.0847845       1.0321742       11.698949       632.14935     0.088545445      0.088545445       804.80423                 21.387999                        390.30189                          220.45946             160.95593                       11.698949
              1       401.16042       68.362808       3.1087598      0.97560017     0.022532788      0.11737746      0.05402489        1.036752       1.0022479       2.2393254   2.2393254e-09       2.4199534      0.24595216      0.24728418       13.774584       2.0099802      0.69917183      0.30075085      0.14055511        147.6066       1.0050387      0.83285573      0.61538152      0.45571798      0.83098414         1.04091       7.5771803        1.036752       12.110359       632.12971     0.088545445      0.088545445       802.14375                  21.41324                        390.48836                          220.22811             157.90368                       12.110359
              6       402.33461       68.405963       3.1097545       0.9758458      0.02252881      0.11730562     0.053722657       1.0361854       1.0025448        2.241554    2.241554e-09       2.4206553      0.24595046      0.24728246        13.77283       2.0131971       0.6997133      0.30020948      0.14047929       147.63029       1.0050919      0.83181279       0.6153311      0.45547544       0.8312904       1.0409718       7.5464546       1.0361854       11.732306       634.05407     0.088545445      0.088545445       804.49213                 21.520653                        390.49877                          222.03464             158.70576                       11.732306
              2       402.00369       68.659658       3.1173092      0.97534658     0.022688894      0.11739021     0.058872213       1.0346898        1.005167       2.2585525   2.2585525e-09       2.3926418      0.24601883      0.24735109       13.743688       2.0076798      0.70140928      0.29851406      0.14072397       147.42915       1.0068311      0.83055162      0.61666407      0.45581629      0.83427157       1.0414051       8.0258489       1.0346898         10.9152       635.01983     0.088545445      0.088545445       803.83028                 21.778203                        390.20745                          223.03418             157.89526                         10.9152
             13       401.83784       68.659658       3.1126389      0.97606872     0.022688894      0.11739021     0.058872213       1.0327462       1.0051455        2.248029    2.248029e-09       2.3926418      0.24601883      0.24735109       13.743688       1.9983251      0.70140928      0.29851406      0.14072397       147.42915       1.0047614      0.82884429      0.61539642      0.45487929      0.83255659       1.0414051       8.0258489       1.0327462         10.9152       634.69421     0.088545445      0.088545445       803.49858                 21.613004                        390.22173                          222.85948             157.88917                         10.9152
              1       401.24981       68.659658       3.1267205      0.97443692     0.022688894      0.11739021     0.058872213       1.0400629       1.0039321       2.2799088   2.2799088e-09       2.3926418      0.24601883      0.24735109       13.743688       2.0266639      0.70140928      0.29851406      0.14072397       147.42915       1.0112268      0.83417774      0.61935637      0.45780634      0.83791392       1.0414051       8.0258489       1.0400629         10.9152       634.47276     0.088545445      0.088545445       802.32253                  21.87286                        390.17041                          222.42949             156.93457                         10.9152
              1       400.90382       68.659658       3.1370209      0.97518395     0.022688894      0.11739021     0.058872213       1.0456246       1.0024297        2.303514    2.303514e-09       2.3926418      0.24601883      0.24735109       13.743688        2.047647      0.70140928      0.29851406      0.14072397       147.42915       1.0167398      0.83872548      0.62273295       0.4603022      0.84248204       1.0414051       8.0258489       1.0456246         10.9152       634.30728     0.088545445      0.088545445       801.63055                 21.730561                        390.20214                          222.37458             156.40808                         10.9152
              4       401.73075       68.686151       3.1380186      0.97513679     0.022705351      0.11736217     0.059871537       1.0454505      0.99938246       2.3058134   2.3058134e-09       2.3897889      0.24602581      0.24735809       13.741664       2.0455985      0.70166411      0.29825929      0.14071239       147.41833       1.0168258      0.83831375       0.6227728      0.46023339      0.84271581       1.0414115       8.1191818       1.0454505       10.843855       634.78076     0.088545445      0.088545445       803.28441                 21.734182                        390.33188                           222.7147             157.65979                       10.843855
              2       402.69724       68.489817        3.133429      0.97375589      0.02272453      0.11765485     0.067188521       1.0351394       1.0016976       2.2952548   2.2952548e-09       2.3864704      0.24603393      0.24736624       13.750518       2.0066503      0.69928641      0.30063655      0.14102425       147.31899       1.0162402      0.84263177      0.62275869      0.46113729      0.84102587       1.0410911       8.8182904       1.0351394         12.2747       637.19809     0.088545445      0.088545445       805.21739                 22.167525                        392.72661                          222.30396              155.7446                         12.2747
              1        403.3982       68.489817       3.1151057      0.97778118      0.02272453      0.11765485     0.067188521       1.0259741       1.0020389       2.2535813   2.2535813e-09       2.3864704      0.24603393      0.24736624       13.750518       1.9702168      0.69928641      0.30063655      0.14102425       147.31899       1.0085276      0.83623676      0.61803238      0.45763757      0.83464305       1.0410911       8.8182904       1.0259741         12.2747        638.3084     0.088545445      0.088545445       806.61931                  21.47192                        392.62869                          224.20779             156.03621                         12.2747
              1       404.11032       68.498634       3.1154313       0.9778104     0.022726848       0.1176351     0.067181894       1.0268014      0.99959997       2.2543152   2.2543152e-09       2.3860698      0.24603491      0.24736722       13.750213       1.9708845      0.69940098        0.300522      0.14100681       147.32168       1.0085386      0.83601295      0.61802004      0.45758484      0.83470592       1.0410903       8.8167158       1.0268014       12.207257       639.49284     0.088545445      0.088545445       808.04354                 21.403246                        392.60547                          225.48412             156.34345                       12.207257
              3       404.81428       68.715487       3.1207044      0.97926913     0.022649472      0.11689937     0.074766766       1.0212823        1.000399       2.2662338   2.2662338e-09       2.3994964      0.24600207      0.24733427       13.753231       1.9514756      0.70301727      0.29690619      0.14019371       147.60435       1.0073945      0.82732301      0.61642709      0.45502633      0.83507773       1.0411473       9.5215682       1.0212823        10.54187       640.56774     0.088545445      0.088545445       809.45147                 21.508802                        396.73838                          222.32056             158.34186                        10.54187
              1       404.31984       68.627763       3.1179999      0.97886487     0.022642307      0.11708372     0.075067761        1.019596       1.0030726       2.2601129   2.2601129e-09       2.4007452      0.24599902       0.2473312       13.756144       1.9450336      0.70188133      0.29804194       0.1403709       147.56296       1.0073234       0.8295821      0.61657825      0.45557255      0.83448562       1.0411027       9.5545301        1.019596       10.858837       640.63353     0.088545445      0.088545445       808.46258                 21.553972                        397.01084                          222.06872             156.97021                       10.858837
              1       404.68384       68.269482       3.1048184      0.98026547     0.022368296      0.11722705     0.056312519       1.0337461       1.0019371       2.2305167   2.2305167e-09       2.4492328      0.24588172      0.24721348       13.791516       1.9929346      0.69902442      0.30089804      0.14024022       147.83106       1.0057338      0.83322953      0.61546193      0.45583329      0.83099107       1.0408922       7.8414504       1.0337461       11.884658       636.50948     0.088545445      0.088545445       809.19059                 20.724581                         390.3454                           225.4395             160.79645                       11.884658
              6       403.95482       68.269482       3.1106983       0.9778627     0.022368296      0.11722705     0.056312519        1.036725        1.001745       2.2436706   2.2436706e-09       2.4492328      0.24588172      0.24721348       13.791516       2.0046874      0.69902442      0.30089804      0.14024022       147.83106       1.0077682      0.83491495      0.61670686      0.45675533      0.83267196       1.0408922       7.8414504        1.036725       11.884658       634.29488     0.088545445      0.088545445       807.73255                 21.010177                        390.24623                          223.03848             161.55301                       11.884658
              1       404.08851        68.05143       3.1037776      0.97472749     0.022544702      0.11855468      0.06118223       1.0241768       1.0009983       2.2281965   2.2281965e-09        2.417853      0.24595727       0.2472893       13.769777       1.9715658       0.6938448      0.30607717      0.14174425       147.27959       1.0098428      0.84822508      0.61962671      0.46088001      0.83305255       1.0412031       8.3046638       1.0241768       16.468803       634.89758     0.088545445      0.088545445       807.99993                 21.884652                        390.70474                          222.30819             156.63354                       16.468803
              1       406.13877       67.772121       3.0946414      0.97375977     0.022497776       0.1191398     0.058937438        1.022831       1.0007383        2.207932    2.207932e-09       2.4261413      0.24593715       0.2472691       13.779982        1.962426      0.69014434      0.30977698      0.14228244       147.17651        1.009559      0.85544549      0.62003975      0.46257464      0.83110759       1.0411079       8.1053698        1.022831         21.3409       635.39559     0.088545445      0.088545445       812.10045                 21.780643                        390.31756                          223.29739             155.36395                         21.3409
              4       406.50653       67.772121       3.1080084      0.97016746     0.022497776       0.1191398     0.058937438       1.0274994       1.0019562       2.2376435   2.2376435e-09       2.4261413      0.24593715       0.2472691       13.779982       1.9888338      0.69014434      0.30977698      0.14228244       147.17651        1.014942      0.86000673       0.6233458      0.46504109      0.83553905       1.0411079       8.1053698       1.0274994         21.3409       634.52124     0.088545445      0.088545445       812.83598                 22.691225                        390.28126                          221.54876             156.97383                         21.3409
              1       405.85726       68.287611       3.1222185      0.97313444     0.022458217      0.11793645     0.058397675       1.0369854        1.007996       2.2696676   2.2696676e-09       2.4331611      0.24592018      0.24725208       13.768015       2.0194759       0.6974701       0.3024524      0.14103954       147.54049       1.0148987      0.84484267      0.62195347      0.46123489      0.83867488        1.041473       8.0414757       1.0369854       12.540287       635.42623     0.088545445      0.088545445       811.53743                  22.10082                        390.19498                          223.13044             163.57091                       12.540287
              3       404.06453       68.287611        3.156254      0.97559328     0.022458217      0.11793645     0.058397675       1.0555808       1.0047323       2.3482465   2.3482465e-09       2.4331611      0.24592018      0.24725208       13.768015       2.0893928       0.6974701       0.3024524      0.14103954       147.54049       1.0332888       0.8601514       0.6332234      0.46959257      0.85387185        1.041473       8.0414757       1.0555808       12.540287       634.38784     0.088545445      0.088545445       807.95196                 21.608614                         390.1972                          222.58203             161.02384                       12.540287
              3       404.09346       68.209227       3.1545911      0.97519548     0.022473722      0.11810524     0.056139109       1.0565592       1.0052511       2.3443449   2.3443449e-09        2.430406      0.24592683      0.24725875       13.769943       2.0953651      0.69637827      0.30354406      0.14122383       147.47814       1.0334239      0.86256238      0.63351297      0.47023066      0.85349323       1.0413794       7.8156729       1.0565592       13.509952       633.98661     0.088545445      0.088545445       808.00983                 21.650074                        390.13118                          222.20536             160.51327                       13.509952
              3       403.71609        68.22403       3.1553236      0.97493009     0.022504537      0.11815184     0.057691512       1.0552981        1.004792       2.3460628   2.3460628e-09       2.4249445      0.24594005      0.24727201       13.766518       2.0904001      0.69634369      0.30357867      0.14130125       147.43138       1.0336408      0.86292555      0.63373273      0.47040719      0.85376496       1.0413937       7.9643106       1.0552981       13.604206       633.87295     0.088545445      0.088545445       807.25509                 21.733347                        390.19552                          221.94408             159.77794                       13.604206
              5       404.21845       68.273921         3.15709      0.97503989     0.022521304      0.11806583     0.057927315       1.0575729      0.99901451       2.3502105   2.3502105e-09       2.4219804      0.24594724      0.24727923        13.76398       2.0931085      0.69693587       0.3029866        0.141232       147.43562       1.0337641       0.8618284      0.63373064      0.47017611      0.85417892       1.0414078       7.9824465       1.0575729       13.151458       634.48029     0.088545445      0.088545445       808.25981                 21.570524                        390.21043                          222.69934             160.62807                       13.151458
              8       403.89353       68.486916       3.1640939      0.97563589     0.022579661      0.11773126      0.05771548        1.061667      0.99885164        2.366729    2.366729e-09       2.4117054      0.24597225      0.24730433        13.75264       2.1087131      0.69940688      0.30051607      0.14095579       147.45976       1.0343507      0.85732094      0.63378003      0.46925129      0.85599578       1.0415357       7.9428329        1.061667        11.54753       634.81271     0.088545445      0.088545445       807.60996                 21.516185                        390.12365                          223.17288             161.24972                        11.54753
              3       402.95263       68.348493       3.1615333      0.97546699      0.02254526      0.11766997     0.056673886       1.0618442        1.005292       2.3606764   2.3606764e-09       2.4177546      0.24595751      0.24728954       13.767514       2.1077066      0.69839294      0.30152971       0.1408601        147.5145       1.0334761      0.85832722      0.63313664      0.46916972      0.85440725       1.0411474       7.8454211       1.0618442       12.417525       633.07398     0.088545445      0.088545445       805.72817                 21.455443                        390.16889                          221.44964             160.23666                       12.417525
              3       401.46946       68.403737       3.1640713      0.97539376     0.022592556       0.1176213     0.056157337       1.0629317       1.0006722       2.3666755   2.3666755e-09       2.4094435      0.24597777      0.24730987       13.762654        2.115247      0.69888284      0.30103992      0.14085872       147.47472       1.0338573      0.85773485      0.63336859      0.46915089       0.8550677       1.0411385       7.7825448       1.0629317       12.207415       632.42389     0.088545445      0.088545445       802.76183                 21.550327                        390.16313                          220.71044             158.13052                       12.207415
              6       402.04509       68.448931       3.1657672      0.97559557     0.022601724      0.11750811     0.055588905       1.0650022       1.0048665       2.3706926   2.3706926e-09       2.4078373      0.24598169      0.24731381       13.761489       2.1212474      0.69950237       0.3004205       0.1407547       147.49473       1.0339044       0.8564681      0.63328049      0.46884415      0.85538911        1.041129       7.7218815       1.0650022       11.858972       632.77119     0.088545445      0.088545445       803.91308                 21.465442                        390.23134                          221.07441             159.28292                       11.858972
              1       403.04436       68.414604       3.1654669      0.97573822     0.022605557      0.11755165     0.048722264       1.0717751      0.99959506       2.3699807   2.3699807e-09       2.4071662      0.24598333      0.24731545       13.763237       2.1499343      0.69909953      0.30082326      0.14080207       147.47887       1.0341704      0.85750695       0.6334967      0.46916133       0.8553946       1.0410632       7.0203593       1.0717751       12.166862       634.81287     0.088545445      0.088545445       805.91164                 21.335589                        392.61907                          220.85822              158.9319                       12.166862
              5       404.31326       68.601111       3.1739555      0.97502782     0.022801907      0.11754683     0.049120733       1.0749174        1.003184       2.3901842   2.3901842e-09       2.3731538      0.24606644      0.24739887       13.741516       2.1665346      0.70032646      0.29959675       0.1409936       147.26187       1.0358325      0.85689848      0.63473053      0.46959521      0.85793644       1.0411078       7.0224435       1.0749174       11.793245       637.73683     0.088545445      0.088545445       808.44944                 21.584852                        392.34513                          223.80685             158.91937                       11.793245
              1        403.1732       68.673217       3.1757961      0.97535144     0.022791267      0.11735277     0.052119154       1.0737005        1.003217       2.3945876   2.3945876e-09       2.3749781      0.24606199      0.24739441       13.740721       2.1575487      0.70138949      0.29853388       0.1407889       147.32539       1.0355874      0.85440853      0.63434986      0.46889678      0.85818405       1.0411425       7.3292203       1.0737005       11.225185       636.07104     0.088545445      0.088545445       806.16932                 21.520735                        391.00999                          223.54031             158.87309                       11.225185
              1       403.33083       68.674334       3.1760247      0.97527267      0.02280003       0.1173563     0.052533058       1.0734895       1.0031521        2.395135    2.395135e-09       2.3734755      0.24606566      0.24739808       13.740288       2.1562562      0.70137313      0.29855024      0.14080119       147.31472       1.0356163      0.85448149      0.63438143      0.46892654        0.858215        1.041127       7.3693872       1.0734895       11.256193       636.21351     0.088545445      0.088545445       806.48456                 21.531372                        390.81358                          223.86856             159.01486                       11.256193
              2       403.00748       68.676254       3.1760879      0.97528036     0.022800496      0.11735271     0.052521392       1.0729458       1.0005667       2.3952865   2.3952865e-09       2.3733955      0.24606585      0.24739828       13.740203       2.1564429      0.70139644      0.29852693      0.14079807       147.31516       1.0356196      0.85443612      0.63437994      0.46891629      0.85822974       1.0411277       7.3680553       1.0729458        11.24629       635.85633     0.088545445      0.088545445       805.83787                 21.589148                        390.82694                          223.44024             158.73525                        11.24629
              2       403.86909       68.557654       3.1722672      0.97495891     0.022754834       0.1174759     0.053284953       1.0707547      0.99773074       2.3861523   2.3861523e-09       2.3812415      0.24604671      0.24737906       13.748569       2.1449414      0.70019749      0.29972563       0.1408756       147.33301       1.0350975      0.85635057      0.63414738      0.46921423      0.85705606       1.0410244       7.4565419       1.0707547       11.846333       635.22455     0.088545445      0.088545445        807.5611                 21.558676                        390.60452                          223.06136             160.49022                       11.846333
              8       403.55219       68.557654       3.1847901      0.97669036     0.022754834       0.1174759     0.053284953        1.076661       1.0008713       2.4162215   2.4162215e-09       2.3812415      0.24604671      0.24737906       13.748569        2.171971      0.70019749      0.29972563       0.1408756       147.33301       1.0422911      0.86230191      0.63855448       0.4724751      0.86301231       1.0410244       7.4565419        1.076661       11.846333       635.00812     0.088545445      0.088545445       806.92729                 21.384395                        390.66995                          222.95377             160.07283                       11.846333
              1       403.08361        68.65555       3.1884579      0.97744706     0.022721289      0.11696138     0.056182991       1.0769591       1.0003463       2.4251002   2.4251002e-09       2.3870307      0.24603256      0.24736486       13.754872       2.1673536      0.70221459      0.29770874      0.14032753       147.50771          1.0414      0.85695637      0.63738716      0.47081599      0.86288995       1.0408518       7.7453223       1.0769591       10.983937       633.59006     0.088545445      0.088545445       805.99013                  21.24428                        390.24968                          222.09609             161.41613                       10.983937
              3       403.36117       68.886473       3.1957955      0.97831875     0.022764778      0.11653085     0.057753826       1.0797582       1.0039746       2.4429599   2.4429599e-09       2.3795294      0.24605089      0.24738326       13.745055       2.1764665      0.70502334      0.29490051       0.1399405       147.57459       1.0417235      0.85136984      0.63714503      0.46952333      0.86460834        1.040964       7.8838305       1.0797582       10.415177        633.9818     0.088545445      0.088545445       806.54525                 21.168044                        390.20856                           222.6052             162.14826                       10.415177
              2       403.40116       68.981016       3.1961054      0.97991362     0.022626934      0.11597565     0.058042494         1.08123       1.0034372       2.4437171   2.4437171e-09       2.4034282      0.24599246      0.24732462       13.755709       2.1758846      0.70728784      0.29263622      0.13924745       147.87782       1.0400407      0.84469764      0.63532678      0.46728214      0.86380387       1.0409986       7.9339037         1.08123       10.685969       634.01597     0.088545445      0.088545445       806.62522                 20.866752                        390.29443                          222.85479             161.92329                       10.685969
              3       403.97447       68.930235       3.1943101      0.97942639     0.022613447      0.11612921     0.064063526       1.0717161       1.0047868       2.4393339   2.4393339e-09       2.4057855       0.2459867      0.24731884       13.756347       2.1459835      0.70656159      0.29336235      0.13938752       147.85154       1.0401354      0.84634915      0.63554433      0.46773185      0.86356445       1.0410483       8.5218207       1.0717161       10.531565       634.82973     0.088545445      0.088545445       807.77184                 21.210214                        391.29006                          222.32945             162.41055                       10.531565
              7       404.82885       68.989137       3.1973714      0.97819135     0.022793567       0.1166987     0.064927312       1.0727129       1.0046736        2.446813    2.446813e-09       2.3745836      0.24606296      0.24739537       13.730633       2.1488477      0.70548746      0.29443661      0.14013713       147.49758       1.0427896      0.85166841      0.63802103      0.46998386      0.86613789       1.0413739        8.571233       1.0727129       10.386137       636.82461     0.088545445      0.088545445       809.48061                 21.371008                        391.57178                          223.88182             162.26987                       10.386137
             15       405.50326       68.989137       3.2135294      0.97784366     0.022793567       0.1166987     0.064927312       1.0803815       1.0044621       2.4866696   2.4866696e-09       2.3745836      0.24606296      0.24739537       13.730633       2.1838506      0.70548746      0.29443661      0.14013713       147.49758       1.0511074      0.85846176      0.64311021       0.4737327      0.87304666       1.0413739        8.571233       1.0803815       10.386137       636.12449     0.088545445      0.088545445       810.82943                 21.523438                        391.56348                          223.03757              164.3188                       10.386137
              3       405.08684       68.962026       3.2122184      0.97795023     0.022789402      0.11678408      0.05984466       1.0848819      0.99947942       2.4834118   2.4834118e-09       2.3752981      0.24606121      0.24739362       13.730805       2.2032731      0.70508509      0.29483892      0.14021834       147.47935       1.0511192       0.8593581      0.64321058      0.47396839      0.87288489       1.0413958       8.0873613       1.0848819       10.367847       635.00884     0.088545445      0.088545445        809.9966                   21.4003                        390.32593                          223.28261             164.61991                       10.367847
              1       405.68703       68.962026       3.1720755      0.98329911     0.022789402      0.11678408      0.05984466       1.0640107      0.99982224       2.3856948   2.3856948e-09       2.3752981      0.24606121      0.24739362       13.730805        2.116579      0.70508509      0.29483892      0.14021834       147.47935       1.0323622      0.84402301       0.6317326      0.46551051      0.85730842       1.0413958       8.0873613       1.0640107       10.367847        637.7684     0.088545445      0.088545445       811.19697                 20.673317                        390.36814                          226.72695             163.06072                       10.367847
              2       404.13633       68.962026       3.0888798      0.97825147     0.022789402      0.11678408      0.05984466        1.019796       1.0024469       2.1952472   2.1952472e-09       2.3752981      0.24606121      0.24739362       13.730805       1.9476146      0.70508509      0.29483892      0.14021834       147.47935      0.98837049      0.80805696      0.60481281      0.44567388      0.82077625       1.0413958       8.0873613        1.019796       10.367847       636.56415     0.088545445      0.088545445       808.09557                 21.374584                        390.31251                          224.87705             161.16358                       10.367847
              2       403.51863       69.114004       3.0952419      0.97923635     0.022799081      0.11614534     0.057970793       1.0270256        1.002304       2.2092582   2.2092582e-09       2.3736381      0.24606526      0.24739768       13.734607       1.9674046      0.70769759      0.29222676      0.13958928       147.63983      0.98766011      0.80191695      0.60369911      0.44386462      0.82108958       1.0411351       7.8913706       1.0270256       10.738204       635.55006     0.088545445      0.088545445       806.86016                 21.063215                        390.22471                          224.26214              160.5719                       10.738204
              1       402.79224       69.114004       3.1153275      0.97909325     0.022799081      0.11614534     0.057970793       1.0365252       1.0024489       2.2540812   2.2540812e-09       2.3736381      0.24606526      0.24739768       13.734607       2.0073207      0.70769759      0.29222676      0.13958928       147.63983      0.99757387      0.80996628      0.60975881      0.44831996      0.82933137       1.0411351       7.8913706       1.0365252       10.738204       635.09644     0.088545445      0.088545445       805.40739                 21.160106                        390.19924                          223.73709             159.57275                       10.738204
              2        402.9326       69.116172       3.1125123      0.98006475     0.022700162      0.11603946     0.052842376       1.0407743       1.0047094       2.2477445   2.2477445e-09       2.3906877      0.24602361      0.24735589       13.740025       2.0223142      0.70814465       0.2917797      0.13938449       147.77868      0.99674572      0.80819221      0.60902902      0.44761204      0.82865588       1.0412806        7.401776       1.0407743       11.005681         635.355     0.088545445      0.088545445        805.6881                 20.907928                         391.0313                          223.41577             159.32741                       11.005681
              4       402.39621       68.938151       3.1066043      0.97913599     0.022694125        0.116549     0.051543047       1.0391739       1.0002945       2.2345037   2.2345037e-09       2.3917344      0.24602105      0.24735332       13.741932       2.0156326       0.7055759      0.29434806      0.13988799       147.64847      0.99707045      0.81380731      0.60977688      0.44914466      0.82785764       1.0413173         7.27901       1.0391739       10.394097        635.9364     0.088545445      0.088545445       804.61534                  20.94187                        391.43889                          223.55565             158.28484                       10.394097
              7       402.22588       68.773329        3.099626      0.97858252     0.022636086      0.11699711      0.05167672       1.0348971       1.0024889        2.218965    2.218965e-09       2.4018305      0.24599637      0.24732854       13.745815       2.0010808      0.70333827      0.29658532      0.14027806       147.59309       0.9970078      0.81834068      0.61016318      0.45028078      0.82681544       1.0414578       7.3117732       1.0348971       10.390886       636.22745     0.088545445      0.088545445       804.27467                  21.00938                        391.31032                          223.90775             157.65634                       10.390886
              1       403.73019       68.792802       3.1017732      0.97756404     0.022760238      0.11735559     0.054052215       1.0328161       1.0008396       2.2237347   2.2237347e-09       2.3803108      0.24604898      0.24738134       13.730941       1.9958772      0.70248635      0.29743728       0.1407607       147.35908      0.99859126      0.82187543      0.61165723      0.45170715      0.82824584         1.04158       7.5319176       1.0328161       10.590022        637.4976     0.088545445      0.088545445       807.28328                 21.245576                        390.52607                          225.72595             159.19566                       10.590022
              7       403.93812       68.792802        3.112458      0.97379413     0.022760238      0.11735559     0.054052215       1.0365595       1.0018836       2.2476224   2.2476224e-09       2.3803108      0.24604898      0.24738134       13.730941       2.0173172      0.70248635      0.29743728       0.1407607       147.35908       1.0024852      0.82508026      0.61404233      0.45346854      0.83147551         1.04158       7.5319176       1.0365595       10.590022       638.05847     0.088545445      0.088545445       807.69915                 22.008921                         390.3786                          225.67095             159.05066                       10.590022
              5       404.20775       68.818671       3.1128836      0.97393905     0.022751155      0.11730582      0.05527353       1.0354801       1.0019867       2.2485791   2.2485791e-09       2.3818754      0.24604516      0.24737751       13.730263       2.0132523      0.70283426      0.29708944      0.14070184       147.38246       1.0024453      0.82433392      0.61395368      0.45327046      0.83159871       1.0416268       7.6554266       1.0354801       10.492558       638.16019     0.088545445      0.088545445        808.2384                 22.027311                        390.18477                          225.94812             159.58565                       10.492558
              6         404.647       69.071102        3.121491      0.97534315     0.022774647      0.11659095     0.053007116       1.0453305       1.0054038       2.2680171   2.2680171e-09       2.3778321      0.24605503      0.24738742       13.726875       2.0398814      0.70645153      0.29347272      0.14001047       147.54752         1.00209      0.81650108      0.61298079      0.45116853      0.83282726       1.0415496       7.4117739       1.0453305       10.531888        637.2559     0.088545445      0.088545445       809.11691                 21.507615                        390.74303                          225.00526             161.32912                       10.531888
              1       406.15991       68.923234       3.1165335      0.97437065      0.02279919      0.11716155     0.050612037       1.0443855       1.0052067       2.2568012   2.2568012e-09       2.3736194      0.24606531      0.24739773       13.723673       2.0395401       0.7039378      0.29598613      0.14060561       147.36759       1.0028274      0.82251557      0.61408272      0.45294421      0.83254753       1.0416592       7.1721042       1.0443855        10.36766       639.56909     0.088545445      0.088545445       812.14274                 21.635415                         391.5725                          226.36118             162.20598                        10.36766
              3       406.78167       68.923234       3.1117469      0.97625324      0.02279919      0.11716155     0.050612037       1.0412761       1.0072559       2.2460246   2.2460246e-09       2.3736194      0.24606531      0.24739773       13.723673        2.029801       0.7039378      0.29598613      0.14060561       147.36759        1.001156      0.82114469      0.61305923      0.45218929      0.83115993       1.0416592       7.1721042       1.0412761        10.36766       638.70069     0.088545445      0.088545445       813.38625                 21.417584                        391.66938                          225.61372              164.3179                        10.36766
              2       407.46097       68.923234         3.15491      0.97297892      0.02279919      0.11716155     0.050612037       1.0635272       1.0076188       2.3450927   2.3450927e-09       2.3736194      0.24606531      0.24739773       13.723673       2.1193318       0.7039378      0.29598613      0.14060561       147.36759       1.0217083      0.83800159      0.62564444      0.46147208      0.84822243       1.0416592       7.1721042       1.0635272        10.36766       638.78431     0.088545445      0.088545445       814.74486                 21.977394                        391.44385                          225.36307             165.59289                        10.36766
              1       408.16654       69.051808       3.1594596      0.97338749     0.022838165      0.11692128      0.05097164       1.0665682        1.006777       2.3557863   2.3557863e-09       2.3669533      0.24608154      0.24741403       13.717841       2.1274653      0.70546148      0.29446273      0.14040431       147.38858       1.0219689      0.83510938      0.62557989      0.46082959      0.84922974       1.0416831       7.1974374       1.0665682       10.384623       639.69348     0.088545445      0.088545445       816.15598                 21.848471                        391.37414                          226.47088             166.07787                       10.384623
              1       405.78096        69.03043        3.161041      0.97335214     0.022864066       0.1167381     0.047425607       1.0715757      0.99930626       2.3595145   2.3595145e-09       2.3625391      0.24609229      0.24742481       13.724003       2.1459979      0.70560907      0.29431509      0.14024704       147.40868        1.021595      0.83429803      0.62517586      0.46047423      0.84878768       1.0413574       6.8232226       1.0715757        10.39905       640.97473     0.088545445      0.088545445       811.38483                 21.743724                         393.4299                          225.80111             160.01105                        10.39905
              4       405.69221        69.03043       3.1515236      0.98039516     0.022864066       0.1167381     0.047425607       1.0663589       1.0016748       2.3371646   2.3371646e-09       2.3625391      0.24609229      0.24742481       13.724003       2.1256705      0.70560907      0.29431509      0.14024704       147.40868       1.0195107      0.83259583      0.62390033      0.45953474      0.84705593       1.0413574       6.8232226       1.0663589        10.39905       641.03957     0.088545445      0.088545445       811.20732                 20.814798                        393.93207                          226.29271              159.7687                        10.39905
              3       407.30743       69.146346       3.1512356      0.98067728     0.022795436      0.11678727     0.062446629       1.0509625       1.0021614       2.3364917   2.3364917e-09       2.3742631      0.24606374      0.24739616       13.714345       2.0621668      0.70663597      0.29328844      0.14022757       147.47178       1.0198329      0.83094058      0.62407585      0.45926264      0.84803473       1.0419291       8.3376891       1.0509625       10.652051       640.46098     0.088545445      0.088545445       814.43777                 20.984127                        390.82699                          228.64986             163.32474                       10.652051
              2       405.73215       69.238145       3.1567317      0.98130422     0.022859988      0.11637323     0.052293364       1.0648824        1.000104       2.3493685   2.3493685e-09       2.3632333       0.2460906      0.24742311       13.715804       2.1160684       0.7081424      0.29178221      0.13987808       147.51099       1.0196083      0.82746543      0.62354925      0.45828481      0.84841054       1.0415911       7.3187305       1.0648824       10.985948       639.16297     0.088545445      0.088545445       811.28721                 20.751028                        391.31856                          227.09339             161.13829                       10.985948
              5        404.4974       69.123858       3.1505829      0.98236787     0.022653875      0.11603508     0.051408297       1.0644768        1.000758       2.3349672   2.3349672e-09       2.3987293      0.24600395      0.24733615       13.740736       2.1068232      0.70831558      0.29160879      0.13933382       147.83163       1.0171326      0.82433355      0.62142927      0.45665883      0.84565176       1.0414169       7.2660822       1.0644768       11.182986       640.21455     0.088545445      0.088545445       808.81771                 20.491146                        391.78142                          227.94198             157.42018                       11.182986
              1       403.38519       68.903471       3.1445391       0.9802574     0.022729849      0.11694143     0.055695309        1.052763       1.0026464       2.3208976   2.3208976e-09       2.3855514      0.24603617      0.24736849       13.733296       2.0762501      0.70437765      0.29554623      0.14031614       147.50351       1.0186793      0.83427993      0.62346833      0.45969603      0.84558649       1.0415437       7.6960726        1.052763       10.341553       636.34275     0.088545445      0.088545445       806.59329                 21.016627                         390.3108                          225.01532             159.90899                       10.341553
              1       403.22232       68.898791       3.1469861      0.97989995       0.0228041      0.11690563     0.052315496       1.0593112       1.0009564       2.3265837   2.3265837e-09       2.3727781      0.24606736      0.24739979        13.73266       2.0954535      0.70425647       0.2956674       0.1403546       147.43051       1.0189911      0.83481485      0.62370189      0.45991537      0.84581659       1.0413009       7.3400205       1.0593112       10.416315       638.24448     0.088545445      0.088545445       806.26755                 20.872712                        391.21304                          226.15872             157.60676                       10.416315
              2       403.09813       68.898791       3.1500996      0.97977529       0.0228041      0.11690563     0.052315496       1.0609411       1.0013995       2.3338389   2.3338389e-09       2.3727781      0.24606736      0.24739979        13.73266       2.1019879      0.70425647       0.2956674       0.1403546       147.43051       1.0205296      0.83607527      0.62464356      0.46060975      0.84709362       1.0413009       7.3400205       1.0609411       10.416315       638.05329     0.088545445      0.088545445       806.01918                 20.888704                        391.15338                           226.0112             157.54958                       10.416315
              3       403.40544       68.625222       3.1419431      0.97836623     0.022764046      0.11744045     0.056592462       1.0516772       0.9982673       2.3148804   2.3148804e-09       2.3796553      0.24605058      0.24738295       13.743313       2.0671546      0.70084328      0.29907999      0.14084936       147.33223       1.0202996      0.84288646       0.6250524      0.46223547      0.84521966       1.0411634       7.7848925       1.0516772       11.415267       637.22727     0.088545445      0.088545445       806.63379                 21.111781                        390.20672                          225.90877             157.99125                       11.415267
              1       403.39853       68.625222       3.1470543      0.97566591     0.022764046      0.11744045     0.056592462       1.0522478      0.99850112       2.3267425   2.3267425e-09       2.3796553      0.24605058      0.24738295       13.743313       2.0777474      0.70084328      0.29907999      0.14084936       147.33223       1.0218497      0.84416707      0.62600205      0.46293775      0.84650381       1.0411634       7.7848925       1.0522478       11.415267       635.53462     0.088545445      0.088545445       806.61996                 21.705425                        390.10612                          223.72307             159.67008                       11.415267
              1        401.6405       68.471493       3.1407775      0.97547078     0.022694435      0.11771725     0.053359153       1.0535785       1.0000097       2.3121837   2.3121837e-09       2.3916806      0.24602119      0.24735345       13.751259       2.0781417      0.69905652      0.30086639      0.14105656       147.33581       1.0213379      0.84732795      0.62591847      0.46356559      0.84513162       1.0411803       7.4809207       1.0535785       12.273181       634.78138     0.088545445      0.088545445       803.10392                 21.488259                        390.59393                          222.69919             156.04936                       12.273181
              1       402.65714       68.471493       3.1783626      0.97591264     0.022694435      0.11771725     0.053359153       1.0734045       1.0021963       2.4007413   2.4007413e-09       2.3916806      0.24602119      0.24735345       13.751259       2.1577354      0.69905652      0.30086639      0.14105656       147.33581       1.0408893      0.86354825      0.63790036      0.47243957      0.86130987       1.0411803       7.4809207       1.0734045       12.273181       634.46881     0.088545445      0.088545445        805.1372                 21.439842                        390.59817                           222.4308             158.39521                       12.273181
              1       404.76863       68.380071       3.1745525      0.97533348      0.02268008      0.11806572     0.055761954       1.0672882      0.99850357       2.3916115   2.3916115e-09       2.3941718      0.24601509      0.24734733       13.750256       2.1392247      0.69753674      0.30238598      0.14139066       147.25898       1.0411684      0.86712577      0.63844892      0.47344177      0.86096549       1.0413154        7.731261       1.0672882       13.186062       634.72458     0.088545445      0.088545445       809.36017                 21.696468                        390.16069                          222.86742             161.44953                       13.186062
              1        404.2226       68.380071       3.1243196      0.97704048      0.02268008      0.11806572     0.055761954       1.0422969      0.99747211       2.2744414   2.2744414e-09       2.3941718      0.24601509      0.24734733       13.750256       2.0344196      0.69753674      0.30238598      0.14139066       147.25898       1.0160082      0.84617138      0.62302058      0.46200088      0.84015996       1.0413154        7.731261       1.0422969       13.186062       636.55688     0.088545445      0.088545445        808.2681                 21.294164                        390.25763                          225.00509             158.52515                       13.186062
              2       403.73292       68.380071       3.1064767      0.97209627      0.02268008      0.11806572     0.055761954       1.0322496        1.006215       2.2342188   2.2342188e-09       2.3941718      0.24601509      0.24734733       13.750256       1.9984417      0.69753674      0.30238598      0.14139066       147.25898       1.0050793      0.83706935      0.61631892      0.45703127       0.8311226       1.0413154        7.731261       1.0322496       13.186062        634.9311     0.088545445      0.088545445       807.28874                 22.158077                        390.07282                           222.7002             159.17158                       13.186062
              2       402.61145       68.353594       3.1053458      0.97219449     0.022642829      0.11800716      0.05701142       1.0295751       1.0048411       2.2316935   2.2316935e-09       2.4006542      0.24599924      0.24733142       13.755207       1.9912008      0.69750744      0.30241522      0.14129486       147.31598       1.0046351      0.83661022      0.61594215      0.45676292      0.83059444       1.0412708       7.8628628       1.0295751       13.164409       634.81647     0.088545445      0.088545445       805.04582                 22.268997                        390.07626                          222.47121             157.06494                       13.164409
              2       404.29435       68.110676       3.0964714      0.97136723     0.022554787      0.11845735     0.059652537        1.022771       1.0060163       2.2119761   2.2119761e-09       2.4160772      0.24596159      0.24729364        13.76689       1.9632106      0.69456526      0.30535684        0.141657       147.29414       1.0040216      0.84191534      0.61596009      0.45788297      0.82861094       1.0412508       8.1511433        1.022771       15.639673       633.68142     0.088545445      0.088545445       808.41161                 22.356989                        390.36645                          220.95799             159.09051                       15.639673
              1       404.27003       68.110676       3.0901456      0.97267073     0.022554787      0.11845735     0.059652537       1.0184252       1.0051105       2.1980278   2.1980278e-09       2.4160772      0.24596159      0.24729364        13.76689        1.950831      0.69456526      0.30535684        0.141657       147.29414       1.0013487      0.83967399      0.61432028      0.45666399      0.82640501       1.0412508       8.1511433       1.0184252       15.639673       635.10432     0.088545445      0.088545445       808.36297                 22.257879                        390.36696                          222.47949             157.61897                       15.639673
              1        403.1536       68.185463       3.0920996      0.97359102     0.022508056      0.11805458      0.05773518       1.0221653       1.0053834       2.2023269   2.2023269e-09        2.424322      0.24594156      0.24727353       13.772499       1.9621565      0.69620172      0.30372055       0.1412075       147.45337       1.0005589      0.83542249      0.61334818      0.45532933      0.82620636       1.0411667       7.9657636       1.0221653        14.01309       633.67151     0.088545445      0.088545445       806.13011                 21.983136                         390.1615                          221.52688              158.4455                        14.01309
              2       404.86157       68.578988       3.1014215      0.97564773     0.022485167      0.11733296     0.062302553       1.0251186       1.0047034       2.2229527   2.2229527e-09       2.4283755      0.24593174      0.24726368       13.757942       1.9625237      0.70126129      0.29866187        0.140463        147.6718       1.0006356      0.82532338      0.61258509      0.45285729      0.82865065        1.041627       8.4067918       1.0251186       10.635622       637.04621     0.088545445      0.088545445       809.54605                 21.559586                        390.92813                           224.5585             161.86421                       10.635622
              3       403.91529       68.482562       3.0989409      0.97543138     0.022479811       0.1174521     0.057152403       1.0285021      0.99887616       2.2174455   2.2174455e-09       2.4293253      0.24592944      0.24726137       13.763371       1.9779304      0.70017681      0.29974614      0.14057678       147.64581       1.0004072      0.82724839      0.61256929      0.45325606      0.82787891       1.0414816       7.9048945       1.0285021       11.073251       634.49222     0.088545445      0.088545445       807.65349                 21.509962                        390.18489                          222.79737             162.08802                       11.073251
              2       403.66847       68.482562        3.115694      0.97696773     0.022479811       0.1174521     0.057152403       1.0363485      0.99923304       2.2549075   2.2549075e-09       2.4293253      0.24592944      0.24726137       13.763371        2.011346      0.70017681      0.29974614      0.14057678       147.64581       1.0094168      0.83469847      0.61808601      0.45733802      0.83533468       1.0414816       7.9048945       1.0363485       11.073251       634.77357     0.088545445      0.088545445       807.15985                 21.365569                        390.18846                          223.21954             161.31303                       11.073251
              2       402.03235       68.413085       3.1149799      0.97580409     0.022576071      0.11791033     0.057060748       1.0356517       1.0023127       2.2532979   2.2532979e-09       2.4123356      0.24597071      0.24730279       13.754394       2.0102787      0.69838282      0.30153997      0.14113126       147.41601        1.010648      0.83979012      0.61944923      0.45903092       0.8359292       1.0415159       7.8816637       1.0356517       12.146266         634.638     0.088545445      0.088545445       803.88762                 21.549421                        390.16778                           222.9208             157.10335                       12.146266
              4       403.81055       68.413085       3.1158585      0.97567963     0.022576071      0.11791033     0.057060748       1.0349652       1.0061983       2.2552784   2.2552784e-09       2.4123356      0.24597071      0.24730279       13.754394       2.0120457      0.69838282      0.30153997      0.14113126       147.41601       1.0110438      0.84011904      0.61969184       0.4592107       0.8362566       1.0415159       7.8816637       1.0349652       12.146266       635.64905     0.088545445      0.088545445         807.444                 21.688858                         390.1336                          223.82659             159.64869                       12.146266
              1       402.22195       68.328157       3.1146494      0.97505536     0.022603608      0.11806197     0.056655873       1.0348578       1.0038332       2.2525532   2.2525532e-09       2.4075073       0.2459825      0.24731462       13.757036       2.0112423      0.69724879      0.30267381      0.14131044       147.34496       1.0111516      0.84252806      0.61995456      0.45983663      0.83582652       1.0413541       7.8373815       1.0348578       13.174439       634.55602     0.088545445      0.088545445       804.26681                 21.747231                         390.1302                          222.67859             156.53635                       13.174439
             12       404.18726       68.480562       3.1201324      0.97718108     0.022440553      0.11673724     0.061714897       1.0368667      0.99999675       2.2649378   2.2649378e-09       2.4363056      0.24591261      0.24724448       13.784227       2.0019416      0.70176737      0.29815557      0.13982266       147.88162       1.0080676      0.82958869       0.6164304      0.45550671      0.83420602       1.0408101       8.3483696       1.0368667       10.809233       634.21973     0.088545445      0.088545445       808.19743                 21.190885                        390.76687                          222.26198             163.16846                       10.809233
              1       405.61198       68.815993       3.1314905       0.9783852     0.022517548      0.11607163     0.063650356       1.0415548      0.99742176         2.29081     2.29081e-09       2.4226439      0.24594563      0.24727762       13.770673       2.0169868      0.70591059       0.2940131      0.13923404        147.9746       1.0084982      0.82156265      0.61604364      0.45363144      0.83660375       1.0408922       8.5042967       1.0415548       10.431223        635.4618     0.088545445      0.088545445       811.04686                 21.085812                        391.22165                          223.15433             165.15384                       10.431223
              5       404.52669       68.815993       3.1316558      0.97846424     0.022517548      0.11607163     0.063650356       1.0421008       1.0018718       2.2911885   2.2911885e-09       2.4226439      0.24594563      0.24727762       13.770673       2.0173201      0.70591059       0.2940131      0.13923404        147.9746       1.0086121      0.82165548      0.61611325       0.4536827      0.83669828       1.0408922       8.5042967       1.0421008       10.431223       636.79316     0.088545445      0.088545445        808.8763                 21.034434                        391.20616                          224.55257             161.65192                       10.431223
              2       404.03081       68.815993       3.1220726      0.98078055     0.022517548      0.11607163     0.063650356       1.0369407       1.0020786       2.2693365   2.2693365e-09       2.4226439      0.24594563      0.24727762       13.770673       1.9980801      0.70591059       0.2940131      0.13923404        147.9746       1.0046853      0.81845651      0.61371452      0.45191636      0.83344074       1.0408922       8.5042967       1.0369407       10.431223       637.26814     0.088545445      0.088545445       807.88453                  20.76641                        391.21583                           225.2859             160.18517                       10.431223
              1       409.78738       68.690082       3.1203623      0.97949288     0.022574894      0.11640274     0.067435549        1.027798       1.0081346       2.2654586   2.2654586e-09       2.4125423      0.24597021      0.24730229       13.771141       1.9796224      0.70400816      0.29591525       0.1396225       147.82103       1.0052371      0.82291885      0.61447945       0.4532097      0.83313528       1.0407293       8.8544515        1.027798       10.456897       640.83557     0.088545445      0.088545445       819.39767                   21.3777                        392.64906                          226.80881              168.1052                       10.456897
             11       408.39671       68.943408       3.1301819      0.98029914     0.022694742      0.11596351     0.061523193       1.0393379       1.0045349       2.2878142   2.2878142e-09       2.3916274      0.24602132      0.24735358       13.757502       2.0229371      0.70685129      0.29307268      0.13930312       147.80521       1.0059942      0.81791945      0.61459029      0.45219893       0.8352988       1.0407007       8.2557455       1.0393379       10.523198       639.49049     0.088545445      0.088545445       816.61633                 21.163469                        390.60574                          227.72128             166.60264                       10.523198
              1       409.44258       69.113789       3.1360092      0.98043176     0.022781152      0.11586642     0.063711149       1.0397109       1.0041243       2.3011848   2.3011848e-09       2.3767145      0.24605776      0.24739015       13.742759       2.0258752      0.70831721      0.29160713      0.13929244       147.73485        1.007019      0.81607335      0.61520454      0.45208393      0.83718222       1.0408795       8.4429619       1.0397109       10.869613       641.81715     0.088545445      0.088545445       818.70807                 21.266107                        391.10389                          229.44715             166.02131                       10.869613
             11       408.53036         68.1781       3.1011705      0.97605024     0.022631803      0.11857939     0.063105178       1.0207917       1.0091355       2.2223949   2.2223949e-09        2.402578      0.24599454       0.2473267       13.755498       1.9588842      0.69474082      0.30518144      0.14185606       147.17618       1.0079534      0.84519339      0.61858936      0.45977142      0.83226746       1.0413822       8.4707271       1.0207917       15.519632       637.46955     0.088545445      0.088545445       816.88362                 21.757398                        391.17932                          224.53284             163.89444                       15.519632
             10       405.38471       68.204269       3.1018018      0.97623305     0.022623272      0.11849679     0.063752909       1.0205346        1.005247       2.2237984   2.2237984e-09        2.404068       0.2459909      0.24732305       13.755654       1.9575837      0.69517093      0.30475138      0.14176493       147.20756       1.0078526      0.84419888      0.61842809      0.45948954      0.83234387       1.0413948       8.5335388       1.0205346       15.032685       637.48086     0.088545445      0.088545445       810.59233                 21.744948                        391.36836                          224.36756             158.07878                       15.032685
              3       405.31013       68.728183       3.1202316      0.97802506     0.022761625      0.11743829     0.066187748       1.0310647       1.0007144       2.2651625   2.2651625e-09       2.3800721      0.24604956      0.24738193        13.73435       1.9843096      0.70174863      0.29817487      0.14084478       147.33548       1.0087321      0.83168345      0.61796093      0.45664507      0.83626373       1.0414727       8.7117274       1.0310647       10.850076       642.43584     0.088545445      0.088545445       810.44317                  21.31792                        392.18842                           228.9295             157.15725                       10.850076
              3       405.35828       68.728183        3.157931      0.97697755     0.022761625      0.11743829     0.066187748        1.050625       1.0022521        2.352188    2.352188e-09       2.3800721      0.24604956      0.24738193        13.73435       2.0605449      0.70174863      0.29817487      0.14084478       147.33548       1.0275124      0.84716751      0.62946596      0.46514677      0.85183306       1.0414727       8.7117274        1.050625       10.850076       641.52765     0.088545445      0.088545445       810.53947                  21.47852                        392.13529                          227.91384             158.16174                       10.850076
              1       405.30454       68.427272       3.1470452       0.9759639     0.022703785      0.11816611     0.060250605       1.0490794       1.0061969       2.3267212   2.3267212e-09       2.3900601      0.24602515      0.24735743        13.74271       2.0625826      0.69768884      0.30223398      0.14151476         147.206       1.0273649      0.85553773      0.63012275      0.46720876      0.84984424       1.0415009       8.1704275       1.0490794       12.924602        637.0811     0.088545445      0.088545445       810.43198                 21.597263                        390.42853                          225.05531             160.42628                       12.924602
              3       404.03151       68.150244         3.13776      0.97529193     0.022562385      0.11836611     0.066194932       1.0382879       1.0029867       2.3052172   2.3052172e-09       2.4147405      0.24596485      0.24729691       13.765654       2.0193689       0.6950999      0.30482229      0.14157336       147.30992       1.0257601      0.85903809      0.62920358      0.46752287      0.84679738       1.0412525       8.7787432       1.0382879       15.109416       636.81453     0.088545445      0.088545445       807.88592                 21.765658                        392.39244                          222.65643             155.96198                       15.109416
              2       404.75247       68.150244       3.0829772      0.97521028     0.022562385      0.11836611     0.066194932       1.0105587       1.0031981       2.1823278   2.1823278e-09       2.4147405      0.24596485      0.24729691       13.765654       1.9117178       0.6950999      0.30482229      0.14157336       147.30992      0.99801325      0.83580109      0.61218361      0.45487637      0.82389149       1.0412525       8.7787432       1.0105587       15.109416       637.97582     0.088545445      0.088545445       809.32785                 21.741186                        392.38677                          223.84786             156.24262                       15.109416
              1       405.81764       68.150244       3.0863256      0.97650759     0.022562385      0.11836611     0.066194932        1.012913       1.0023454       2.1896473   2.1896473e-09       2.4147405      0.24596485      0.24729691       13.765654       1.9181297       0.6950999      0.30482229      0.14157336       147.30992       1.0001815      0.83761688      0.61351358      0.45586459      0.82568141       1.0412525       8.7787432        1.012913       15.109416        640.6596     0.088545445      0.088545445       811.45818                 21.466356                        392.38658                          226.80667             155.68916                       15.109416
              2       406.40294       68.589693       3.1068563      0.97790387     0.022703516      0.11685722     0.072258995       1.0176245       1.0025921        2.235067    2.235067e-09       2.3901067      0.24602503      0.24735731       13.764037       1.9343149      0.70190165      0.29802153       0.1402056       147.55537      0.99975673      0.82307141      0.61176648      0.45200953      0.82798747       1.0405905        9.276905       1.0176245       11.248102       639.32661     0.088545445      0.088545445       812.62879                 21.545533                        395.20197                          222.57911             162.05408                       11.248102
              4       406.81487       68.589693       3.1043306      0.97796852     0.022703516      0.11685722     0.072258995       1.0164494       1.0039677       2.2294289   2.2294289e-09       2.3901067      0.24602503      0.24735731       13.764037       1.9294355      0.70190165      0.29802153       0.1402056       147.55537      0.99851973      0.82205302      0.61100954      0.45145025        0.826963       1.0405905        9.276905       1.0164494       11.248102       639.45107     0.088545445      0.088545445       813.45265                 21.523711                        395.20197                          222.72539             162.75348                       11.248102
              4       408.94854       68.899238       3.1148228      0.97913009     0.022747301      0.11613369       0.0779094       1.0168751      0.99998638       2.2529437   2.2529437e-09       2.3825397      0.24604353      0.24737588       13.755288        1.927876       0.7060061      0.29391778      0.13952585        147.7007       0.9985438      0.81370778      0.61028233       0.4493526      0.82884692       1.0406191       9.7601526       1.0168751        10.45099       643.20051     0.088545445      0.088545445          817.72                 21.521629                        398.70357                          222.97531              164.0685                        10.45099
              2       408.29904       68.899238       3.1279892      0.97845617     0.022747301      0.11613369       0.0779094       1.0236741       1.0032951       2.2828031   2.2828031e-09       2.3825397      0.24604353      0.24737588       13.755288       1.9534271       0.7060061      0.29391778      0.13952585        147.7007       1.0048785      0.81886991      0.61415393      0.45220327      0.83410509       1.0406191       9.7601526       1.0236741        10.45099       643.03577     0.088545445      0.088545445       816.42098                 21.619511                        398.75081                          222.66545             162.93422                        10.45099
              2       408.23232        68.25597        3.103465      0.97666554     0.022494582       0.1173378      0.07912581       1.0088909        1.003627       2.2275001   2.2275001e-09       2.4267069      0.24593578      0.24726773       13.786211       1.9014719      0.69839647      0.30152596      0.14047725       147.66013       1.0032901      0.83268346      0.61422573      0.45515486      0.82888986       1.0406476       9.9653881       1.0088909       12.803937        642.1865     0.088545445      0.088545445       816.28754                 21.863539                        400.25547                          220.06749              161.2971                       12.803937
              2        407.7337       68.273567       3.1033691      0.97675789     0.022496728      0.11737579     0.077548209       1.0092587       1.0048619       2.2272865   2.2272865e-09       2.4263268       0.2459367      0.24726865       13.783546       1.9072981      0.69846581      0.30145666      0.14051739       147.64732       1.0034008      0.83271039      0.61433738      0.45521143      0.82908818       1.0407351       9.8241359       1.0092587       12.669268       641.53865     0.088545445      0.088545445       815.29031                 21.932722                         399.0797                          220.52622             161.08239                       12.669268
              2       408.93382       67.994409       3.0955341      0.97501054     0.022526906      0.11812056     0.072787389       1.0086607       1.0046083       2.2099038   2.2099038e-09       2.4209913      0.24594964      0.24728164       13.787173       1.9105176      0.69430859      0.30561325      0.14129233       147.41477       1.0037861      0.84163465       0.6154189      0.45757667       0.8277092       1.0406197       9.3978276       1.0086607       16.826568       639.63052     0.088545445      0.088545445       817.69054                 22.153905                        396.01972                          221.45689             161.23346                       16.826568
              2        407.4047       67.994409       3.0993103      0.97513634     0.022526906      0.11812056     0.072787389       1.0121133       1.0013875       2.2182646   2.2182646e-09       2.4209913      0.24594964      0.24728164       13.787173       1.9177458      0.69430859      0.30561325      0.14129233       147.41477       1.0057314      0.84326567      0.61661152      0.45846341      0.82931323       1.0406197       9.3978276       1.0121133       16.826568       638.43713     0.088545445      0.088545445       814.63232                 21.945099                        395.93725                          220.55478             159.36862                       16.826568
              1       406.46518       68.224977       3.1018267      0.97637409     0.022515517      0.11812567     0.071682723       1.0151595      0.99906441       2.2238537   2.2238537e-09       2.4230029      0.24594476      0.24727674       13.766849         1.92683      0.69638476       0.3035376      0.14128605        147.4261       1.0066653      0.84030881      0.61717727      0.45810291      0.83148955       1.0413406       9.3003825       1.0151595       13.662346       641.25305     0.088545445      0.088545445       812.75327                 21.666737                        395.16901                           224.4173             157.83787                       13.662346
              2       408.00927       69.552768       3.1447923      0.98279394     0.022729343      0.11491739     0.051444272       1.0600987      0.99998045       2.3214853   2.3214853e-09       2.3856388      0.24603596      0.24736828       13.731627       2.0945079      0.71405636      0.28586894       0.1382916        148.0491       1.0055475      0.80297303      0.61319917      0.44837697      0.83860958       1.0412804       7.2370779       1.0600987       15.325293       638.12334     0.088545445      0.088545445       815.84145                 20.620668                        391.79758                           225.7051             162.39281                       15.325293
              3       401.72282       68.885089       3.1250375      0.97964784     0.022643153      0.11624628     0.055199407       1.0459937       1.0039906       2.2760748   2.2760748e-09       2.4005978      0.24599938      0.24733156       13.756307       2.0381725      0.70586752      0.29405633       0.1395343       147.78675       1.0054223      0.81957644      0.61449557      0.45250813      0.83447076       1.0409648       7.6532445       1.0459937        10.41641       634.24476     0.088545445      0.088545445       803.26856                 20.863334                        390.45108                          222.93035             158.60739                        10.41641
              7       401.75787       68.872246       3.1245688      0.97939423     0.022655187      0.11639311     0.057230688       1.0421062       1.0056293       2.2750083   2.2750083e-09       2.3985008      0.24600451      0.24733671       13.753084        2.028958      0.70542289      0.29450093      0.13969317       147.73381       1.0058699      0.82098046      0.61494407      0.45300947      0.83476446        1.041054       7.8547286       1.0421062        10.38257       633.56588     0.088545445      0.088545445       803.33866                  21.04986                        390.22918                          222.28684             159.39021                        10.38257
              6       402.16383       68.897435       3.1258029      0.97955391     0.022653932      0.11625758     0.058118301       1.0433191       1.0053916       2.2778176   2.2778176e-09       2.3987194      0.24600397      0.24733617        13.75461       2.0278603      0.70592642      0.29399745      0.13955637       147.77166       1.0056937      0.81972341      0.61468576      0.45262553      0.83477082        1.040986       7.9399579       1.0433191       10.422183       634.09445     0.088545445      0.088545445       804.15057                 20.928711                        390.24613                          222.91961             159.63394                       10.422183
              2       401.65571       68.897435       3.1197228      0.98027698     0.022653932      0.11625758     0.058118301       1.0390813       1.0032367       2.2640103   2.2640103e-09       2.3987194      0.24600397      0.24733617        13.75461       2.0155681      0.70592642      0.29399745      0.13955637       147.77166       1.0029203      0.81746283      0.61299061       0.4513773      0.83246873        1.040986       7.9399579       1.0390813       10.422183        633.7837     0.088545445      0.088545445       803.13433                 20.930867                        390.28314                          222.56969             158.92845                       10.422183
              8       402.33444       69.025944       3.1241474      0.98086488     0.022680583      0.11593195     0.055843351       1.0451766       1.0026665       2.2740499   2.2740499e-09       2.3940845      0.24601531      0.24734755       13.751469       2.0337384      0.70764788      0.29227627       0.1392574       147.82957       1.0027873      0.81380446       0.6125808      0.45041389      0.83313425       1.0409473       7.7040565       1.0451766        10.74373       634.71503     0.088545445      0.088545445       804.49179                 20.743652                        390.34749                          223.62389             159.03303                        10.74373
              2       402.39425        69.09954       3.1262408      0.98107452     0.022704732      0.11587389     0.055130376        1.046986       1.0024031       2.2788153   2.2788153e-09        2.389896      0.24602555      0.24735783       13.745907       2.0409083      0.70834131      0.29158301      0.13922349       147.81817       1.0030923      0.81274696      0.61272986      0.45025609      0.83383187       1.0410408       7.6271688        1.046986       10.985463       635.12378     0.088545445      0.088545445       804.61142                 20.724283                        390.51368                          223.88582             158.50218                       10.985463
              2       403.70248       69.167905       3.1278205      0.98169454     0.022689058      0.11562478     0.051732822       1.0507597       1.0028135       2.2824179   2.2824179e-09       2.3926132       0.2460189      0.24735116       13.747152       2.0580722      0.70947102      0.29045344      0.13895871       147.90289        1.002561      0.80988407      0.61211391      0.44936721      0.83380235       1.0410137       7.2848103       1.0507597       11.489338         635.782     0.088545445      0.088545445       807.22786                 20.672333                        391.55629                          223.55337             159.95652                       11.489338
              3       403.47713       68.782902       3.1182869      0.97954807     0.022656845      0.11634454     0.063194541       1.0345633       1.0021687       2.2607617   2.2607617e-09       2.3982122      0.24600521      0.24733742        13.76227       1.9923458      0.70475629      0.29516733      0.13964625       147.74501       1.0028462      0.81964711      0.61304402      0.45186503      0.83171511       1.0407326       8.4317965       1.0345633       10.427547       635.93369     0.088545445      0.088545445       806.77716                 20.973452                        391.05822                          223.90202             160.41592                       10.427547
              4       402.88876       68.957982       3.1228656      0.98022465     0.022673078      0.11615849     0.068340754       1.0304058       1.0034205       2.2711368   2.2711368e-09       2.3953883      0.24601212      0.24734435       13.751456       1.9809945      0.70661071       0.2933133      0.13947644       147.77695       1.0035057      0.81658527      0.61326056      0.45131313      0.83332056       1.0410097       8.9101374       1.0304058       10.516818       636.41847     0.088545445      0.088545445       805.60043                 21.140387                        392.95283                          222.32525             158.66514                       10.516818
              4       404.65704       68.630318       3.1137274      0.97923896     0.022605742      0.11642066     0.060227678       1.0340719       1.0032043       2.2504774   2.2504774e-09       2.4071337      0.24598341      0.24731553       13.775098       1.9950857      0.70338889      0.29653439      0.13967127       147.78169       1.0019085      0.82138073      0.61249825      0.45198458      0.83001528       1.0404926       8.1588176       1.0340719       10.681597       633.56148     0.088545445      0.088545445       809.13699                 21.030869                        390.43185                          222.09877             164.89391                       10.681597
              5       405.08003       68.630318       3.1716616      0.97478175     0.022605742      0.11642066     0.060227678       1.0645346       1.0010597       2.3847076   2.3847076e-09       2.4071337      0.24598341      0.24731553       13.775098       2.1140831      0.70338889      0.29653439      0.13967127       147.78169       1.0295951      0.84407859      0.62942389      0.46447462      0.85295174       1.0404926       8.1588176       1.0645346       10.681597       632.23385     0.088545445      0.088545445       809.98297                 21.662067                        390.42705                          220.14473             167.06752                       10.681597
              2       405.79031       68.648575        3.162619       0.9757018     0.022512007      0.11713137     0.044763226       1.0748664       1.0013799       2.3632408   2.3632408e-09       2.4236233      0.24594325      0.24727523       13.756563       2.1608625      0.70223744      0.29768588      0.14028825       147.69584       1.0300978      0.84755421      0.63042549       0.4656647      0.85348168       1.0415493       6.6149227       1.0748664       10.459853       639.77998     0.088545445      0.088545445       811.40354                 21.278282                        395.61217                          222.88953              161.1637                       10.459853
              2       406.47601       68.649189       3.1626352      0.97570701     0.022511931      0.11712908     0.044727745       1.0745979      0.99986068       2.3632792   2.3632792e-09       2.4236367      0.24594322       0.2472752       13.756573        2.161051       0.7022478      0.29767552      0.14028588       147.69654       1.0300932       0.8475277      0.63042002      0.46565662      0.85348171       1.0415488       6.6110955       1.0745979       10.458013       639.90003     0.088545445      0.088545445       812.77492                   21.3057                        395.61217                          222.98216             162.41688                       10.458013
              2       407.37203       68.649189        3.165737      0.97757701     0.022511931      0.11712908     0.044727745       1.0770551      0.99824882       2.3706209   2.3706209e-09       2.4236367      0.24594322       0.2472752       13.756573       2.1677644       0.7022478      0.29767552      0.14028588       147.69654       1.0324332      0.84945298      0.63185212      0.46671443      0.85542052       1.0415488       6.6110955       1.0770551       10.458013       640.51476     0.088545445      0.088545445       814.56698                 20.997715                        395.75557                          223.76147              163.5942                       10.458013
              1       406.03984       68.681202       3.1666486      0.97771851     0.022516308      0.11707524     0.044722425       1.0770558       1.0011711       2.3727831   2.3727831e-09       2.4228631       0.2459451      0.24727708       13.755095       2.1697646      0.70263016      0.29729323      0.14023642       147.70603       1.0324815      0.84870858      0.63182595      0.46654519      0.85565995        1.041575       6.6090296       1.0770558       10.391928       640.52221     0.088545445      0.088545445       811.90259                 21.027488                        395.74307                          223.75165             160.98845                       10.391928
              2       405.45298       68.681202       3.1269112      0.97835925     0.022516308      0.11707524     0.044722425       1.0565653       1.0011009       2.2803436   2.2803436e-09       2.4228631       0.2459451      0.24727708       13.755095       2.0852344      0.70263016      0.29729323      0.14023642       147.70603       1.0124192      0.83221724      0.61954887       0.4574797      0.83903353        1.041575       6.6090296       1.0565653       10.391928       641.43698     0.088545445      0.088545445       810.72886                 20.894868                        395.92012                          224.62199             158.89995                       10.391928
              2       405.85972       68.773278       3.1307662      0.97836043     0.022583015      0.11699263     0.043080995       1.0600405       1.0005918       2.2891513   2.2891513e-09       2.4111169      0.24597369      0.24730578       13.747392       2.1001718      0.70345952      0.29646408      0.14022051       147.65356       1.0129833      0.83114712      0.61987652      0.45740215      0.84006359       1.0415889        6.418335       1.0600405       10.332665       642.49568     0.088545445      0.088545445       811.54235                 20.914324                        397.51228                          224.06908               158.714                       10.332665
              2        405.4348       69.462448       3.1579496      0.98148131     0.022659648      0.11483059     0.060872778        1.057943       1.0017428       2.3522317   2.3522317e-09       2.3977241      0.24600641      0.24733861       13.743881       2.0826039      0.71363662      0.28628848       0.1381351       148.15089       1.0121085      0.80875406      0.61702546      0.45134024      0.84353308       1.0410962       8.1821844        1.057943       14.844179       635.63821     0.088545445      0.088545445       810.69251                  20.83426                        390.47361                          224.33033             160.21013                       14.844179
              1       405.42104       68.932956       3.1446112      0.97867794     0.022645306      0.11576135     0.060991616       1.0509713       1.0053697       2.3210649   2.3210649e-09       2.4002224       0.2460003      0.24733248       13.765347       2.0545213      0.70729185       0.2926321      0.13905153       147.91506       1.0119412      0.82157905      0.61794413      0.45449562        0.840173       1.0405774       8.2122714       1.0509713       10.600753        633.9605     0.088545445      0.088545445       810.66498                   21.0542                        390.49841                          222.40788             166.10373                       10.600753
              1       404.49291        68.87938       3.1432242      0.97814449     0.022669787      0.11600191     0.060934898       1.0499586        1.004866       2.3178478   2.3178478e-09       2.3959605      0.24601072      0.24734294       13.762793       2.0519063      0.70627769      0.29364614      0.13931657       147.82275       1.0124256      0.82421494      0.61853434      0.45532332       0.8402485       1.0406162       8.2053816       1.0499586        10.45464       633.99127     0.088545445      0.088545445       808.80873                 21.136003                        390.49854                          222.35672             164.36282                        10.45464
              2       404.34592        68.87938       3.1105672      0.97837506     0.022669787      0.11600191     0.060934898       1.0329495       1.0008575       2.2433764   2.2433764e-09       2.3959605      0.24601072      0.24734294       13.762793       1.9859796      0.70627769      0.29364614      0.13931657       147.82275      0.99611676      0.81093791      0.60857056      0.44798865      0.82671319       1.0406162       8.2053816       1.0329495        10.45464       634.29629     0.088545445      0.088545445       808.51474                  21.10522                        390.49533                          222.69574             163.76381                        10.45464
              1       407.33873       68.872413       3.1085845      0.97854732     0.022612987      0.11612833     0.069126272       1.0204412        1.002201        2.238933    2.238933e-09       2.4058659       0.2459865      0.24731864       13.761495       1.9498391      0.70607149      0.29385232      0.13938618       147.85248      0.99638553      0.81162823      0.60881079      0.44824415      0.82689442       1.0408771       8.9975801       1.0204412       10.437592       640.89991     0.088545445      0.088545445       814.50038                 21.571916                        393.45162                          225.87637             163.16288                       10.437592
              8       404.98226       68.872413        3.108147      0.97757708     0.022612987      0.11612833     0.069126272       1.0209591       1.0042334       2.2379537   2.2379537e-09       2.4058659       0.2459865      0.24731864       13.761495       1.9489863      0.70607149      0.29385232      0.13938618       147.85248      0.99579601      0.81114803      0.60845059      0.44797894      0.82640518       1.0408771       8.9975801       1.0209591       10.437592        638.0877     0.088545445      0.088545445       809.78742                 21.644719                        393.46344                          222.97954             161.26213                       10.437592
              1        405.0273       68.944367       3.1097454      0.97828515     0.022590901      0.11584283     0.065367639       1.0261824       1.0015077       2.2415337   2.2415337e-09       2.4097335      0.24597706      0.24730916       13.763592       1.9668338      0.70733178       0.2925922       0.1390786         147.954      0.99515136      0.80791538      0.60772097      0.44696128      0.82630149       1.0408383       8.6453468       1.0261824       10.679148       636.40395     0.088545445      0.088545445        809.8775                 21.402465                        391.78813                          223.21336              162.7944                       10.679148
              1       405.58075       68.944367       3.0833237        0.980749     0.022590901      0.11584283     0.065367639       1.0148089       1.0004644       2.1830842   2.1830842e-09       2.4097335      0.24597706      0.24730916       13.763592       1.9155473      0.70733178       0.2925922       0.1390786         147.954      0.98302296      0.79806891      0.60031437      0.44151395      0.81623095       1.0408383       8.6453468       1.0148089       10.679148       636.24349     0.088545445      0.088545445        810.9844                 20.875025                        391.72929                          223.63917             164.06176                       10.679148
              7       412.19302       69.151885       3.0908619      0.98161648     0.022627798      0.11531459     0.067357636       1.0167549       1.0106472       2.1996028   2.1996028e-09       2.4032772      0.24599283      0.24732499       13.758791       1.9223753      0.71011317      0.28981126      0.13858726       148.05545      0.98298282      0.79239648      0.59975897      0.44005359      0.81742505       1.0407864       8.8131722       1.0167549       11.787056       636.99496     0.088545445      0.088545445       824.20896                 20.852962                        392.47801                          223.66399             175.42694                       11.787056
              1       408.17406       69.164802       3.0921597      0.98140798     0.022667952      0.11532426     0.065535361       1.0203946       1.0036209       2.2024593   2.2024593e-09       2.3962795      0.24600994      0.24734216       13.756278       1.9318998       0.7101173      0.28980716      0.13863708       148.00779      0.98322333      0.79265429      0.59995962      0.44019925      0.81770141       1.0407323       8.6324099       1.0203946       11.704017       638.43096     0.088545445      0.088545445       816.17103                 20.753578                        391.69643                          225.98094             166.03605                       11.704017
              4       407.93074       69.267383       3.0939628      0.98231159     0.022644059      0.11503804     0.060395566       1.0248337       1.0043714       2.2064342   2.2064342e-09       2.4004398      0.24599977      0.24733195       13.755778        1.955384      0.71162161      0.28830307      0.13832696        148.1121      0.98263115      0.78906019      0.59926269       0.4391163      0.81781471       1.0407853       8.1427536       1.0248337       12.760167       635.89661     0.088545445      0.088545445       815.68438                 20.721492                        390.41466                          224.76046              167.0276                       12.760167
              3       405.71186       69.267383       3.1587513      0.98256398     0.022644059      0.11503804     0.060395566       1.0589641       1.0043194       2.3541181   2.3541181e-09       2.4004398      0.24599977      0.24733195       13.755778       2.0862643      0.71162161      0.28830307      0.13832696        148.1121       1.0150829      0.81511922      0.61905358      0.45361829      0.84482337       1.0407853       8.1427536       1.0589641       12.760167       635.08306     0.088545445      0.088545445       811.24662                 20.666853                        390.42143                          223.99478              163.4034                       12.760167
              6       405.87278       69.259381       3.1585184      0.98243718     0.022663264      0.11510308     0.056769029       1.0624585       1.0003388         2.35357     2.35357e-09        2.397095      0.24600794      0.24734016       13.754159       2.1009619      0.71137933      0.28854533      0.13841121       148.07295       1.0151696      0.81575818      0.61920069      0.45382137       0.8448467       1.0407835       7.7855533       1.0624585       12.546442       634.93526     0.088545445      0.088545445       811.56847                 20.638607                        390.35255                          223.94411             164.08676                       12.546442
              1       404.89949       69.259381       3.1501207      0.98085769     0.022663264      0.11510308     0.056769029       1.0579912       1.0018727       2.3338883   2.3338883e-09        2.397095      0.24600794      0.24734016       13.754159       2.0833925      0.71137933      0.28854533      0.13841121       148.07295       1.0102993      0.81184455      0.61623005      0.45164414      0.84079352       1.0407835       7.7855533       1.0579912       12.546442       634.41782     0.088545445      0.088545445       809.62189                 20.811013                        390.28586                          223.32094             162.65763                       12.546442
              1       405.87893       68.974803       3.1372334      0.97908692     0.022682594      0.11648058     0.045902092       1.0603391      0.99762894       2.3040037   2.3040037e-09       2.3937352      0.24601616      0.24734841       13.740887       2.1019052      0.70605678      0.29386726      0.13980804       147.67972       1.0119988      0.82499668      0.61881816      0.45561797      0.84047586       1.0413818       6.6946387       1.0603391       10.464508       639.19165     0.088545445      0.088545445       811.58077                 20.934866                        395.06731                          223.18947             161.92461                       10.464508
              1       406.28123       68.996796       3.1388405      0.97896574     0.022721835      0.11644153     0.043255981       1.0638867      0.99864893       2.3077094   2.3077094e-09       2.3869363      0.24603279      0.24736509       13.738943        2.116457      0.70624374      0.29368035      0.13980823       147.64642       1.0121322      0.82476453      0.61889992       0.4556057      0.84072063       1.0413045       6.4040699       1.0638867       10.475561       641.63446     0.088545445      0.088545445       812.38537                 20.927552                        397.47823                          223.22868             160.27535                       10.475561
              6        404.7768       68.525871       3.1259904      0.97607251     0.022730115      0.11762333     0.048318409       1.0523375       1.0038294       2.2782448   2.2782448e-09       2.3855054      0.24603629       0.2473686       13.748036       2.0683858        0.699658      0.30026504      0.14099831        147.3212       1.0130137      0.83924307      0.62075295      0.45951002      0.83857632       1.0411503       6.9545384       1.0523375       12.000969       640.54229     0.088545445      0.088545445       809.37652                 21.203253                        392.93969                          226.39934             156.83326                       12.000969
              5       406.19449       68.525871       3.0675548      0.97044357     0.022730115      0.11762333     0.048318409       1.0210822       1.0015301       2.1489292   2.1489292e-09       2.3855054      0.24603629       0.2473686       13.748036       1.9509821        0.699658      0.30026504      0.14099831        147.3212      0.98172473      0.81332137      0.60157975      0.44531713      0.81267522       1.0411503       6.9545384       1.0210822       12.000969       639.16075     0.088545445      0.088545445       812.21189                  22.17082                         392.4975                          224.49244             161.05016                       12.000969
              1       405.99104       68.525871        3.054182      0.97167353     0.022730115      0.11762333     0.048318409       1.0130214       1.0018655       2.1203834   2.1203834e-09       2.3855054      0.24603629       0.2473686       13.748036       1.9250657        0.699658      0.30026504      0.14099831        147.3212      0.97564147      0.80828161      0.59785205      0.44255772      0.80763947       1.0411503       6.9545384       1.0130214       12.000969       638.68985     0.088545445      0.088545445       811.80498                 22.107789                        392.51929                          224.06278             161.11416                       12.000969
              1       406.37962       68.970513       3.0703283      0.97329769     0.022840462      0.11662459     0.050250969       1.0205316       1.0018537       2.1548976   2.1548976e-09       2.3665613       0.2460825      0.24741498       13.733016       1.9488535       0.7053856      0.29453843      0.14010992       147.46527      0.97607717      0.79732342      0.59717466      0.43993333      0.81061732       1.0411192        7.117779       1.0205316       10.409593       639.39157     0.088545445      0.088545445       812.58216                 21.883612                        391.72975                          225.77821               162.781                       10.409593
              3       405.92382       69.004841       3.0712283       0.9741523      0.02274867      0.11618015     0.057961545        1.013954       1.0059081       2.1568379   2.1568379e-09       2.3823037      0.24604411      0.24737646       13.744654       1.9207584      0.70680479      0.29311932      0.13957369       147.68668      0.97498697       0.7931758      0.59593611      0.43849113      0.80991341       1.0409785       7.9019862        1.013954       10.528616       635.54464     0.088545445      0.088545445       811.67055                  21.87356                        390.08056                          223.59052             165.59729                       10.528616
              4       404.58945       69.004841       3.0689234      0.97639686      0.02274867      0.11618015     0.057961545       1.0136689       1.0030829       2.1518724   2.1518724e-09       2.3823037      0.24604411      0.24737646       13.744654       1.9163364      0.70680479      0.29311932      0.13957369       147.68668      0.97470524      0.79294661      0.59576391      0.43836442      0.80967938       1.0409785       7.9019862       1.0136689       10.528616       634.82254     0.088545445      0.088545445        809.0018                 21.426442                        390.15102                          223.24508             163.65065                       10.528616
              2       403.89793       68.697278       3.0576614      0.97485507     0.022708703      0.11712063     0.058816691       1.0048751       1.0020151       2.1277738   2.1277738e-09       2.3892083      0.24602723      0.24735952       13.747177       1.8916375      0.70226545      0.29765797       0.1404742       147.47912      0.97529871      0.80268298      0.59708587      0.44102801      0.80836484       1.0411782       8.0108987       1.0048751       10.775302       635.18238     0.088545445      0.088545445       807.61878                 21.820674                        390.19643                          223.16527              161.6611                       10.775302
              2       405.81414       68.697278       3.0619092      0.97152639     0.022708703      0.11712063     0.058816691       1.0065117        1.006125       2.1368315   2.1368315e-09       2.3892083      0.24602723      0.24735952       13.747177       1.8996901      0.70226545      0.29765797       0.1404742       147.47912      0.97612548      0.80336341      0.59759202      0.44140187      0.80905009       1.0411782       8.0108987       1.0065117       10.775302       637.06118     0.088545445      0.088545445       811.45119                 22.469413                        390.14115                          224.45061             163.61471                       10.775302
              1       408.14594       68.575216       3.0544623      0.97116803     0.022691305      0.11772691     0.045093752       1.0161575       1.0029132       2.1209778   2.1209778e-09       2.3922234      0.24601986      0.24735212       13.741912       1.9380643      0.69995235       0.2999708      0.14106308       147.33668      0.97625901      0.80837077      0.59829916      0.44278015      0.80844159       1.0415065       6.6240151       1.0161575       11.478496       641.98073     0.088545445      0.088545445       816.11478                 22.146508                        394.91899                          224.91523             162.65556                       11.478496
              3       408.23687       68.575216       3.1587226      0.97179781     0.022691305      0.11772691     0.045093752       1.0694491       1.0069012       2.3540506   2.3540506e-09       2.3922234      0.24601986      0.24735212       13.741912       2.1510369      0.69995235       0.2999708      0.14106308       147.33668       1.0287496      0.85183449      0.63046795      0.46658713      0.85190912       1.0415065       6.6240151       1.0694491       11.478496       642.68205     0.088545445      0.088545445       816.29666                 22.163125                        394.92329                          225.59564             162.13611                       11.478496
              8       405.47413       68.501342       3.1603585       0.9706555     0.022749753       0.1178392     0.057757032       1.0567191      0.99909118       2.3579048   2.3579048e-09        2.382117      0.24604457      0.24737691       13.743796       2.1006764      0.69894097      0.30098201      0.14123382       147.24192       1.0295894      0.85465521      0.63117345      0.46750241      0.85214517       1.0412563       7.9097882       1.0567191       12.396229       638.59443     0.088545445      0.088545445       810.77116                 22.733428                        390.08608                          225.77493              159.7805                       12.396229
              4       402.95625        68.49845       3.1594667      0.97096793      0.02270748      0.11776333     0.058905754       1.0567798        1.000611       2.3558029   2.3558029e-09       2.3894202      0.24602671        0.247359       13.747265       2.0939874      0.69916734      0.30075564      0.14111568       147.30901       1.0291863      0.85372428      0.63079436      0.46713375      0.85179357       1.0412758       8.0309425       1.0567798       12.141466        635.0837     0.088545445      0.088545445       805.73542                 22.488358                        390.17281                          222.42254             158.51025                       12.141466
              1       404.40877       68.226746       3.1524109       0.9703267     0.022617824      0.11781577      0.05838818       1.0544641       1.0028894       2.3392394   2.3392394e-09         2.40502      0.24598857      0.24732072       13.772355       2.0814181      0.69684646       0.3030759      0.14107847       147.39471       1.0274794      0.85652013      0.62970666      0.46722507      0.84869264       1.0407543       8.0004131       1.0544641       14.288887       632.61795     0.088545445      0.088545445       808.64046                 22.422531                        390.15251                          220.04292             161.73362                       14.288887
              2       404.56051       68.096056       3.1471034      0.96995578     0.022571243      0.11812068     0.057769278       1.0517908       1.0033416       2.3268568   2.3268568e-09       2.4131837      0.24596865      0.24730072       13.776915       2.0729647      0.69512463      0.30479744      0.14133679       147.36544       1.0272509      0.85988141      0.62985465      0.46799711      0.84769088       1.0408085       7.9551244       1.0517908       15.770191       631.94848     0.088545445      0.088545445       808.94392                 22.487386                         390.1142                           219.3469             161.22525                       15.770191
              8       403.70183       68.182517       3.1491686      0.97055651     0.022570309      0.11790107     0.053655596       1.0564811       1.0034467        2.331667    2.331667e-09       2.4133477      0.24596825      0.24730032       13.775252       2.0944108      0.69637177      0.30355049      0.14111624       147.42491       1.0269659      0.85702063      0.62943414      0.46720559      0.84799357       1.0408352       7.5397381       1.0564811       14.475391       632.56332     0.088545445      0.088545445       807.22658                 22.375415                        390.32914                          219.85877             160.18786                       14.475391
              2       403.19426       68.182517       3.1395474      0.97614178     0.022570309      0.11790107     0.053655596       1.0516608       1.0009397       2.3093413   2.3093413e-09       2.4133477      0.24596825      0.24730032       13.775252       2.0743568      0.69637177      0.30355049      0.14111624       147.42491       1.0242175      0.85472705      0.62774963      0.46595524      0.84572414       1.0408352       7.5397381       1.0516608       14.475391       633.21786     0.088545445      0.088545445       806.21142                 21.428493                        390.52904                          221.26033             158.51817                       14.475391
              4       403.22184       68.182517        3.130965      0.97697737     0.022570309      0.11790107     0.053655596       1.0473812       1.0009215       2.2896063   2.2896063e-09       2.4133477      0.24596825      0.24730032       13.775252       2.0566299      0.69637177      0.30355049      0.14111624       147.42491       1.0201575       0.8513389      0.62526122      0.46410818      0.84237167       1.0408352       7.5397381       1.0473812       14.475391       633.59908     0.088545445      0.088545445       806.26659                 21.289443                        390.56653                          221.74311             158.19211                       14.475391
              3       403.41095         68.1923        3.130874      0.97707316     0.022568186      0.11790168      0.05227072       1.0485462       1.0014509       2.2893981   2.2893981e-09       2.4137207      0.24596734       0.2472994       13.774424       2.0621466      0.69646214      0.30346015      0.14111473       147.42712       1.0201305      0.85114939      0.62524299      0.46406012      0.84240981       1.0408704       7.3993126       1.0485462        14.33751       634.23193     0.088545445      0.088545445       806.64481                 21.272726                        390.94558                          222.01363             158.07537                        14.33751
              6        405.1375       68.192313       3.1308895      0.97707158     0.022568327      0.11790066     0.052310089        1.047571       1.0027138       2.2894335   2.2894335e-09       2.4136959       0.2459674      0.24729946       13.774447       2.0620162      0.69646412      0.30345816      0.14111386       147.42723       1.0201309      0.85114474      0.62524224      0.46405881      0.84241018        1.040869       7.4032882        1.047571       14.337964       636.13487     0.088545445      0.088545445       810.09791                 21.362552                        390.91496                          223.85736             159.62508                       14.337964
              5       402.40977       68.404799       3.1380772      0.97804299     0.022597443      0.11738017     0.053329833       1.0537362        1.003143       2.3059486   2.3059486e-09        2.408587      0.24597986      0.24731197       13.769015       2.0726593      0.69939708      0.30052569      0.14062248       147.53373        1.020143      0.84506219      0.62470468      0.46253559      0.84373168       1.0408721       7.4928293       1.0537362       12.139979       635.15418     0.088545445      0.088545445       804.64245                 20.998783                        390.75493                          223.40046             157.34829                       12.139979
              1       402.30933       68.477668       3.1411535      0.97809132     0.022644363      0.11728476     0.052398635       1.0561218       1.0030993       2.3130534   2.3130534e-09       2.4003869      0.24599989      0.24733208       13.763881       2.0829209      0.70013991      0.29978303      0.14057399       147.50689        1.020507      0.84393245      0.62487369      0.46237463      0.84448216       1.0408665       7.3868012       1.0561218        11.80074        635.2294     0.088545445      0.088545445       804.44157                 21.012538                        391.05446                           223.1624             157.41143                        11.80074
              2       402.08287       68.477668       3.1541657       0.9753455     0.022644363      0.11728476     0.052398635       1.0611561       1.0035417       2.3433479   2.3433479e-09       2.4003869      0.24599989      0.24733208       13.763881       2.1102013      0.70013991      0.29978303      0.14057399       147.50689        1.026088      0.84854774      0.62829099      0.46490326      0.84910046       1.0408665       7.3868012       1.0611561        11.80074       633.53247     0.088545445      0.088545445       803.98865                 21.559709                        390.83988                          221.13289             158.65544                        11.80074
              4       402.08488        68.51409       3.1551892      0.97556044     0.022644015      0.11719464     0.052273512        1.061873       1.0035962       2.3457475   2.3457475e-09       2.4004475      0.24599975      0.24733193       13.763128       2.1128909      0.70065136      0.29927166      0.14048352       147.53138       1.0260374      0.84742843      0.62815891      0.46460719      0.84928437       1.0408794       7.3727886        1.061873       11.518961       633.71805     0.088545445      0.088545445       803.99266                 21.531246                        390.92034                          221.26647             158.75565                       11.518961
              4       402.04881       68.771156       3.1642769      0.97669507     0.022678647      0.11653848     0.055875351       1.0637105         1.00369        2.367162    2.367162e-09       2.3944207      0.24601448      0.24734672       13.757391       2.1168752      0.70419925      0.29572434      0.13986199       147.66858       1.0260374      0.83995418      0.62746302      0.46271108      0.85087618       1.0408506       7.7172848       1.0637105       10.464427       633.38249     0.088545445      0.088545445       803.92053                 21.439025                        390.22494                          221.71852             160.07361                       10.464427
              4       402.32621       68.771156       3.1625699      0.97663006     0.022678647      0.11653848     0.055875351       1.0625081       1.0026427       2.3631248   2.3631248e-09       2.3944207      0.24601448      0.24734672       13.757391       2.1132649      0.70419925      0.29572434      0.13986199       147.66858       1.0251365      0.83921665      0.62691206      0.46230479      0.85012906       1.0408506       7.7172848       1.0625081       10.464427       633.99383     0.088545445      0.088545445       804.47533                 21.477554                        390.20958                           222.3067             160.01708                       10.464427
              2       402.89768       68.609542       3.1578805      0.97585146     0.022666932      0.11685747     0.054492922       1.0611157       1.0023573       2.3520692   2.3520692e-09       2.3964569       0.2460095      0.24734172       13.763274       2.1092018      0.70215129      0.29777193      0.14016927        147.5961       1.0250228      0.84335815      0.62718654      0.46330573      0.84903538       1.0407434       7.5866804       1.0611157       10.998333       634.02267     0.088545445      0.088545445       805.61827                 21.556139                        390.40647                          222.06006             160.59727                       10.998333
              1       401.92551       68.609542       3.1268683       0.9764783     0.022666932      0.11685747     0.054492922       1.0455778       1.0035733       2.2802456   2.2802456e-09       2.3964569       0.2460095      0.24734172       13.763274       2.0447946      0.70215129      0.29777193      0.14016927        147.5961       1.0094938      0.83058137      0.61768473       0.4562867      0.83617259       1.0407434       7.5866804       1.0455778       10.998333       633.11185     0.088545445      0.088545445       803.67393                 21.385205                        390.41759                          221.30905             159.56375                       10.998333
              4       403.06441       68.609542         3.12442      0.97536892     0.022666932      0.11685747     0.054492922       1.0460859       1.0028565       2.2746698   2.2746698e-09       2.3964569       0.2460095      0.24734172       13.763274       2.0397944      0.70215129      0.29777193      0.14016927        147.5961       1.0078301      0.82921254      0.61666677      0.45553472      0.83479455       1.0407434       7.5866804       1.0460859       10.998333        634.6213     0.088545445      0.088545445       805.95173                 21.370276                        390.42659                          222.82443              160.3321                       10.998333
              1        404.6484       67.952824       3.0998697      0.97264643     0.022518722      0.11860702     0.056591402       1.0289615        1.002932       2.2195058   2.2195058e-09       2.4224366      0.24594613      0.24727812       13.777825       1.9819908      0.69289854       0.3070232      0.14177061       147.29471       1.0079707      0.84839207      0.61850677      0.46040206      0.83090555       1.0410314       7.8583275       1.0289615       17.786272       634.33032     0.088545445      0.088545445       809.11972                 21.850319                        390.15057                          222.32943             157.00312                       17.786272
              2       407.04788       67.931125       3.0985086      0.97200896     0.022588739      0.11904372     0.049550904       1.0319027       1.0026544        2.216487    2.216487e-09       2.4101127      0.24597614      0.24730824       13.765978       2.0073625      0.69160425      0.30831743      0.14227733       147.10097       1.0089453      0.85229738      0.61965724      0.46174378      0.83157612       1.0412468       7.1320841       1.0319027        19.38106       638.28044     0.088545445      0.088545445       813.91868                 22.172777                        391.68005                          224.42761             156.25717                        19.38106
              1       405.24335       68.918162       3.1330277      0.97632893     0.022778445      0.11658835     0.044929514       1.0582961       1.0053183       2.2943339   2.2943339e-09       2.3771795      0.24605662      0.24738902       13.740314        2.097159      0.70514472       0.2947792      0.14001166       147.54396       1.0088581      0.82439421      0.61712213      0.45472133      0.83752334       1.0410843       6.5741339       1.0582961         10.3979       640.67884     0.088545445      0.088545445        810.3096                 21.338843                        395.66388                          223.67612             159.23286                         10.3979
              1       406.36573       68.989514       3.1372742      0.97578915     0.022871361      0.11667189     0.051093693       1.0536848       1.0074655       2.3040976   2.3040976e-09       2.3612982      0.24609531      0.24742784       13.729209       2.0802783      0.70538355      0.29454052      0.14018812       147.41835       1.0102063      0.82532128      0.61814148      0.45538021      0.83907663       1.0411468       7.1983203       1.0536848        10.41499       638.65819     0.088545445      0.088545445       812.55436                 21.587439                        391.42515                          225.64559             163.48119                        10.41499
             13       405.95525       69.266704       3.1429947      0.97755165      0.02283424      0.11617915     0.053278871       1.0550838       1.0070766       2.3173159   2.3173159e-09       2.3676234      0.24607991      0.24741239       13.719294       2.0830889       0.7088412      0.29108348      0.13965825       147.59159        1.010147      0.81818879      0.61752031      0.45358181      0.84071124       1.0415329       7.4202397       1.0550838       11.280747       637.48108     0.088545445      0.088545445       811.73341                 21.372255                        390.77117                          225.33766             162.97158                       11.280747
              7       402.69598       69.249134        3.142964      0.97808088     0.022762621      0.11580538      0.05626287       1.0528106       1.0014038       2.3172448   2.3172448e-09       2.3799006      0.24604998      0.24738235       13.733022       2.0706305       0.7096222      0.29030244      0.13921287       147.77194       1.0088627      0.81507155      0.61624288      0.45233958      0.83953585       1.0412614       7.7262265       1.0528106       11.614157       635.18282     0.088545445      0.088545445       805.21487                  21.28973                        390.25137                          223.64172             158.41789                       11.614157
              1       402.41373       69.249911       3.1429922      0.97809425     0.022761627      0.11580031      0.05629387       1.0533756       1.0005069       2.3173102   2.3173102e-09       2.3800717      0.24604956      0.24738193        13.73312       2.0705605      0.70964137      0.29028327       0.1392068       147.77442       1.0088581      0.81502394      0.61623333       0.4523251       0.8395367       1.0412607       7.7294212       1.0533756       11.625464       634.57866     0.088545445      0.088545445       804.65037                 21.234615                        390.26725                           223.0768             158.44624                       11.625464
              5       401.09772       68.975373       3.1331183      0.97719652     0.022690334      0.11634535      0.05269089       1.0520746       1.0032179        2.294542    2.294542e-09       2.3923919      0.24601945       0.2473517       13.744326       2.0650439       0.7063296      0.29359444      0.13968055       147.70742       1.0083469      0.82133611      0.61644446      0.45376492      0.83744636       1.0412186        7.393104       1.0520746        10.48816       634.39544     0.088545445      0.088545445       802.01835                 21.202545                        390.93293                          222.25996             157.13475                        10.48816
              6       401.18959       68.975373       3.1229893      0.97631801     0.022690334      0.11634535      0.05269089       1.0460851       1.0019902       2.2714178   2.2714178e-09       2.3923919      0.24601945       0.2473517       13.744326       2.0442326       0.7063296      0.29359444      0.13968055       147.70742       1.0029137      0.81691059      0.61312294      0.45131994      0.83293404       1.0412186        7.393104       1.0460851        10.48816       634.36071     0.088545445      0.088545445        802.2021                 21.387575                        390.86337                          222.10977             157.35322                        10.48816
             16       401.16946       68.975373       3.1297967      0.97589159     0.022690334      0.11634535      0.05269089       1.0495889       1.0019579       2.2869331   2.2869331e-09       2.3923919      0.24601945       0.2473517       13.744326        2.058196       0.7063296      0.29359444      0.13968055       147.70742        1.006168      0.81956133      0.61511243       0.4527844      0.83563678       1.0412186        7.393104       1.0495889        10.48816       634.37996     0.088545445      0.088545445       802.16182                 21.455493                        390.85389                          222.07057              157.2937                        10.48816
              1       401.46052       68.516003       3.1176372      0.97406555     0.022567538       0.1171983     0.064772475       1.0298943       1.0014458       2.2592935   2.2592935e-09       2.4138347      0.24596706      0.24729912        13.76495       1.9847783      0.70082319      0.29909983       0.1404107       147.61573       1.0070016      0.83128817      0.61642496      0.45586291      0.83353948        1.041085       8.6202436       1.0298943        11.17147       633.89559     0.088545445      0.088545445       802.74395                 22.009081                        391.71844                          220.16807             157.67689                        11.17147
              6        402.7171       68.502582       3.1183029      0.97433381     0.022542504      0.11686346     0.064436299       1.0313081       1.0016098       2.2607979   2.2607979e-09       2.4182402      0.24595633      0.24728836       13.776003       1.9874357      0.70147284      0.29845015      0.14005083       147.73346       1.0058301      0.82861652      0.61531294      0.45479324      0.83248822       1.0407505       8.5875243       1.0313081       11.079841       633.03772     0.088545445      0.088545445       805.25711                 21.887528                        391.61339                          219.53681             161.13955                       11.079841
              4       402.96305       68.643098       3.1222693      0.97512606     0.022546306      0.11657163     0.063639326       1.0342676      0.99976387       2.2697829   2.2697829e-09       2.4175705      0.24595796      0.24728999        13.77145       1.9985172      0.70330506      0.29661825      0.13976281       147.80762         1.00589      0.82493145      0.61503295      0.45388711      0.83339121       1.0408447       8.5052979       1.0342676        10.51027       633.32484     0.088545445      0.088545445       805.74902                 21.766619                        391.30928                          220.24894              161.9139                        10.51027
              1       404.03892       68.693698       3.1236701      0.97513419     0.022575176      0.11658831     0.063530501       1.0344954      0.99806787       2.2729648   2.2729648e-09       2.4124928      0.24597033      0.24730241       13.765716       2.0017545      0.70364547      0.29627795      0.13980836       147.77081       1.0062484      0.82467705      0.61530221      0.45395553      0.83399538       1.0409391       8.4883808       1.0344954       10.447411       634.23242     0.088545445      0.088545445       807.90075                  21.83945                        391.23177                           221.1612             163.22092                       10.447411
              7       401.28265       68.551647       3.1168071      0.97510646     0.022489323         0.11695     0.058993443        1.036335        1.003145       2.2574188   2.2574188e-09       2.4276387      0.24593352      0.24726546       13.770736       2.0061855      0.70182902      0.29809408      0.14008419       147.76977       1.0060974      0.82824316      0.61551312      0.45480544      0.83300763       1.0411251       8.0755587        1.036335       10.693873       632.53381     0.088545445      0.088545445       802.38821                 21.593115                        390.25547                          220.68522             159.16053                       10.693873
              2       403.06943       68.589405       3.1171954      0.97551834     0.022466136      0.11691087     0.058280215       1.0373468       1.0067989       2.2582955   2.2582955e-09       2.4317535      0.24592358      0.24725548       13.769098       2.0098295      0.70228968       0.2976335      0.14002187       147.80624       1.0062688      0.82746004       0.6155495      0.45465653      0.83337896       1.0412546       8.0102405       1.0373468       10.509365       633.35174     0.088545445      0.088545445       805.96177                 21.511179                        390.23337                          221.60719             162.10066                       10.509365
              1       401.26104       68.598855       3.1167926      0.97515672     0.022525915      0.11697821     0.052698184       1.0426792       1.0012693       2.2573861   2.2573861e-09       2.4211662      0.24594922      0.24728122       13.764776       2.0315747      0.70210157      0.29782163      0.14014899       147.72123       1.0057811      0.82758646      0.61539073      0.45461107      0.83303239        1.041202       7.4384096       1.0426792       10.623166       633.23186     0.088545445      0.088545445       802.34499                 21.467912                        390.78035                           220.9836             158.48996                       10.623166
              2       401.05293       68.598855       3.1381064      0.97552768     0.022525915      0.11697821     0.052698184        1.053882       1.0020856       2.3060159   2.3060159e-09       2.4211662      0.24594922      0.24728122       13.764776       2.0753399      0.70210157      0.29782163      0.14014899       147.72123       1.0167014      0.83657207       0.6220724      0.45954706      0.84207713        1.041202       7.4384096        1.053882       10.623166       633.16704     0.088545445      0.088545445       801.92877                 21.411038                        390.82194                          220.93406             158.13856                       10.623166
              1       401.82543       68.303496       3.1299808      0.97411773     0.022491757      0.11746453     0.054802453       1.0470792       1.0039494       2.2873541   2.2873541e-09       2.4272073      0.24593456      0.24726651       13.778591       2.0498996      0.69855045      0.30137209      0.14060116       147.62912       1.0162522      0.84334749      0.62229845      0.46107808      0.83989106       1.0409316       7.6660764       1.0470792       12.402703        631.4175     0.088545445      0.088545445       803.47376                 21.627131                        390.23734                          219.55303             159.65356                       12.402703
              5       403.37584       68.303496       3.1229609      0.97720505     0.022491757      0.11746453     0.054802453       1.0428899       1.0074173       2.2713532   2.2713532e-09       2.4272073      0.24593456      0.24726651       13.778591       2.0355598      0.69855045      0.30137209      0.14060116       147.62912       1.0138872      0.84138491      0.62085027      0.46000509      0.83793652       1.0409316       7.6660764       1.0428899       12.402703       632.63356     0.088545445      0.088545445       806.57459                 21.230216                        390.35865                          221.04469             161.53833                       12.402703
              8       404.13947       68.303496       3.1637019       0.9735899     0.022491757      0.11746453     0.054802453       1.0647557      0.99835275       2.3658014   2.3658014e-09       2.4272073      0.24593456      0.24726651       13.778591       2.1202031      0.69855045      0.30137209      0.14060116       147.62912       1.0333237      0.85751446      0.63275213       0.4688235      0.85399998       1.0409316       7.6660764       1.0647557       12.402703        631.2359     0.088545445      0.088545445       808.10184                 21.723895                        390.26319                          219.24881             164.46323                       12.402703
              7        403.1025       68.322491       3.1648211      0.97342837     0.022522136       0.1174388     0.055361057       1.0647226      0.99983735       2.3684507   2.3684507e-09       2.4218335       0.2459476      0.24727959       13.776776       2.1202074      0.69870809      0.30121449       0.1406058       147.60208       1.0333575      0.85725806      0.63277803      0.46878139      0.85414663       1.0408829       7.7150324       1.0647226       12.412064       631.11668     0.088545445      0.088545445        806.0279                 21.774893                        390.19591                          219.14588             162.49915                       12.412064
              2       401.94839       68.322491        3.111036      0.97312664     0.022522136       0.1174388     0.055361057       1.0367129       1.0035172       2.2444284   2.2444284e-09       2.4218335       0.2459476      0.24727959       13.776776       2.0091842      0.69870809      0.30121449       0.1406058       147.60208       1.0058223      0.83441528      0.61591682      0.45629008      0.83138675       1.0408829       7.7150324       1.0367129       12.412064        631.4533     0.088545445      0.088545445        803.7197                 21.796068                        390.16418                          219.49306             159.85433                       12.412064
              5       401.74533        68.29486       3.1100991      0.97294711     0.022521006      0.11755108     0.055877639       1.0355107       1.0020139       2.2423267   2.2423267e-09        2.422033      0.24594711       0.2472791       13.776188         2.00523      0.69822594      0.30169658      0.14071696       147.57332       1.0060254      0.83561685      0.61616293      0.45665494       0.8313865       1.0409234       7.7689573       1.0355107       12.702446       631.49561     0.088545445      0.088545445       803.31357                 21.846863                        390.12872                          219.52003             159.11552                       12.702446
              1       402.63726        68.29486       3.1635361      0.97535142     0.022521006      0.11755108     0.055877639       1.0623749       1.0015373       2.3654092   2.3654092e-09        2.422033      0.24594711       0.2472791       13.776188       2.1152981      0.69822594      0.30169658      0.14071696       147.57332       1.0342166      0.85903276      0.63342923      0.46945146      0.85468386       1.0409234       7.7689573       1.0623749       12.702446       632.06784     0.088545445      0.088545445       805.09743                 21.589611                        390.15578                          220.32245             160.32715                       12.702446
              1       403.55512       68.201798       3.1607215      0.97529521     0.022468719      0.11759778     0.056415228       1.0604908       1.0040642       2.3587609   2.3587609e-09       2.4312945      0.24592468       0.2472566       13.784612       2.1070861      0.69741384      0.30250847      0.14071137       147.61935       1.0338297      0.86020425      0.63318601       0.4695866      0.85378187       1.0408301       7.8350194       1.0604908       13.286813        631.7898     0.088545445      0.088545445       806.93314                 21.570686                        390.18663                          220.03249             161.85653                       13.286813
              3       403.43979       68.443488       3.1683557      0.97689323     0.022443692      0.11697332     0.058549462       1.0631723       1.0016645        2.376837    2.376837e-09       2.4357463      0.24591396      0.24724583       13.780945       2.1141898      0.70093354      0.29898932      0.14006187       147.81463       1.0340421      0.85287476        0.632584      0.46776974      0.85546902       1.0409453       8.0424353       1.0631723       11.037094       632.91844     0.088545445      0.088545445       806.70249                  21.36401                        390.27267                          221.28176             162.74696                       11.037094
              1       408.78828       68.443488       3.1954515      0.97749903     0.022443692      0.11697332     0.058549462       1.0760079       1.0022145       2.4421198   2.4421198e-09       2.4357463      0.24591396      0.24724583       13.780945       2.1722587      0.70093354      0.29898932      0.14006187       147.81463       1.0483897      0.86470861      0.64136126      0.47426016      0.86733887       1.0409453       8.0424353       1.0760079       11.037094       638.07229     0.088545445      0.088545445       817.39948                 21.435555                        390.23118                          226.40556             168.29009                       11.037094
              1       407.41944       68.359642       3.1928396      0.97716639     0.022417683      0.11720957     0.060793244       1.0725034       1.0024626       2.4357496   2.4357496e-09       2.4403857      0.24590282      0.24723465       13.782622       2.1568915      0.69974954      0.30017312      0.14027212       147.78036        1.048833      0.86762433      0.64187311      0.47510777      0.86717396       1.0410157       8.2729436       1.0725034       11.482701       636.23757     0.088545445      0.088545445       814.66179                 21.478893                        390.55702                          224.20166             166.94152                       11.482701
              2        404.8003       68.267104       3.1879574      0.97590631     0.022497236      0.11791137     0.055044921       1.0757856        1.003518       2.4238866   2.4238866e-09       2.4262368      0.24593691      0.24726887       13.769455       2.1712053      0.69725842      0.30266404      0.14105347       147.50361       1.0495383      0.87409702      0.64319733      0.47707256      0.86716956       1.0412853       7.6971694       1.0757856       12.976769       633.62229     0.088545445      0.088545445       809.42352                 21.512194                        390.27291                          221.83718             162.82446                       12.976769
              2       405.65721       68.267104       3.1803755      0.97845099     0.022497236      0.11791137     0.055044921       1.0733255       1.0058742       2.4055785   2.4055785e-09       2.4262368      0.24593691      0.24726887       13.769455       2.1548058      0.69725842      0.30266404      0.14105347       147.50361       1.0465861      0.87163832      0.64138812      0.47573063      0.86473035       1.0412853       7.6971694       1.0733255       12.976769       635.55223     0.088545445      0.088545445       811.13733                 21.017509                         390.3371                          224.19762             162.60834                       12.976769
              9       404.12717       68.267104       3.1772508      0.97721226     0.022497236      0.11791137     0.055044921       1.0715895       1.0011723       2.3980735   2.3980735e-09       2.4262368      0.24593691      0.24726887       13.769455       2.1480831      0.69725842      0.30266404      0.14105347       147.50361       1.0444567      0.86986484      0.64008312      0.47476269      0.86297093       1.0412853       7.6971694       1.0715895       12.976769       634.61925     0.088545445      0.088545445       808.07725                 21.182508                        390.35078                          223.08596             160.48123                       12.976769
              7       405.83167       68.211865       3.1740313      0.97717118     0.022475811      0.11804819     0.049967958       1.0754893       1.0034257       2.3903653   2.3903653e-09       2.4300352      0.24592773      0.24725965       13.771209       2.1630306      0.69651987      0.30340246      0.14116887       147.49102       1.0439577      0.87100555      0.63990814      0.47492214      0.86220962       1.0413212       7.1843868       1.0754893       13.465743       637.27369     0.088545445      0.088545445       811.48625                 21.065673                        391.92122                           224.2868             160.74682                       13.465743
              1       405.46939       68.219723       3.1744749      0.97711402     0.022484902      0.11805936     0.050764354       1.0748423       1.0023322       2.3914258   2.3914258e-09       2.4284224      0.24593162      0.24726356       13.769958       2.1605462      0.69654625       0.3033761      0.14118913        147.4779       1.0441199      0.87112293      0.64003053      0.47500265      0.86239326       1.0413332       7.2652943       1.0748423       13.454348       636.90639     0.088545445      0.088545445       810.76169                 21.089939                        391.52178                          224.29467             160.40096                       13.454348
              1       406.30846       68.216979       3.1743059      0.97710601     0.022482752      0.11808553     0.050907862       1.0745623        1.004989       2.3910218   2.3910218e-09       2.4288037       0.2459307      0.24726264       13.769547       2.1595612      0.69647023      0.30345211      0.14121314       147.47332       1.0442073      0.87137476      0.64011131      0.47509235      0.86244808       1.0413583       7.2810292       1.0745623       13.482213       637.05259     0.088545445      0.088545445       812.43983                 21.094547                        391.49131                          224.46673             161.90503                       13.482213
              1       403.10948       68.498814       3.1854839      0.97793456     0.022560739      0.11748039     0.057949432       1.0726297       1.0042509       2.4178985   2.4178985e-09         2.41503      0.24596415       0.2472962       13.758947       2.1532965      0.70008629      0.29983669        0.140686       147.54785        1.045059      0.86450898      0.64003472      0.47361421      0.86493274       1.0413525       7.9657073       1.0726297       11.312699       633.77452     0.088545445      0.088545445       806.04187                 21.225979                        390.16409                          222.38445             160.95466                       11.312699
              2       404.05784       68.498814       3.0777327      0.98062325     0.022560739      0.11748039     0.057949432       1.0168093        1.000569       2.1709126   2.1709126e-09         2.41503      0.24596415       0.2472962       13.758947       1.9333394      0.70008629      0.29983669        0.140686       147.54785      0.99126881      0.82001186      0.60709151      0.44923683      0.82041382       1.0413525       7.9657073       1.0168093       11.312699       636.80317     0.088545445      0.088545445       807.93858                 20.847117                        390.27141                          225.68464             159.82271                       11.312699
              4       403.39767       68.498814       3.0758008      0.98010199     0.022560739      0.11748039     0.057949432       1.0157578       1.0033703       2.1667226   2.1667226e-09         2.41503      0.24596415       0.2472962       13.758947       1.9296079      0.70008629      0.29983669        0.140686       147.54785      0.99011338      0.81905605      0.60638388       0.4487132      0.81945754       1.0413525       7.9657073       1.0157578       11.312699       636.32486     0.088545445      0.088545445       806.61825                  20.91349                        390.27694                          225.13444             158.98068                       11.312699
              1        406.0999       68.626617       3.0848644      0.97882326     0.022759959      0.11742928     0.070992002       1.0064565       1.0029516       2.1864502   2.1864502e-09       2.3803589      0.24604886      0.24738122       13.743605        1.897041      0.70088784      0.29903543       0.1408341       147.33975      0.99172005      0.81917491      0.60752765      0.44925892      0.82155263       1.0411661       9.1584672       1.0064565       11.385404        640.8845     0.088545445      0.088545445       812.02271                 21.484158                        394.43418                          224.96616             159.75281                       11.385404
              4       405.13834       68.626617       3.1462291      0.97970146     0.022759959      0.11742928     0.070992002       1.0383543       1.0035273       2.3248232   2.3248232e-09       2.3803589      0.24604886      0.24738122       13.743605       2.0170983      0.70088784      0.29903543       0.1408341       147.33975       1.0229655      0.84498406      0.62666859       0.4634134       0.8474367       1.0411661       9.1584672       1.0383543       11.385404       640.90316     0.088545445      0.088545445       810.09959                  21.30153                        394.39696                          225.20468             157.81102                       11.385404
              2        405.2745       68.898183       3.1560255      0.98104449     0.022794556      0.11660573     0.071979422       1.0435835       1.0013351       2.3477101   2.3477101e-09       2.3744139      0.24606337      0.24739579        13.74116       2.0329371      0.70490314      0.29502073      0.14004515       147.52136       1.0224071      0.83596074       0.6254475      0.46095019      0.84864827       1.0410024       9.2233451       1.0435835       10.426514       640.68986     0.088545445      0.088545445       810.37191                 21.117756                        394.81034                          224.76177             159.25554                       10.426514
              2       404.98708        69.02666       3.1590202       0.9813704     0.022846463      0.11650283     0.068095839       1.0493856       1.0016632       2.3547514   2.3547514e-09       2.3655377      0.24608499      0.24741748       13.731231       2.0549335      0.70610764      0.29381652      0.13999416        147.4912       1.0225193      0.83375679      0.62545919       0.4604877      0.84953236       1.0411394       8.8508322       1.0493856       10.437988       639.77692     0.088545445      0.088545445       809.79707                 20.996743                        392.72225                          226.05792             159.58216                       10.437988
              2       405.82477       68.998689       3.1580752      0.98123382     0.022845757      0.11655074     0.067387118       1.0482196       1.0036843       2.3525271   2.3525271e-09       2.3656581       0.2460847      0.24741719       13.732406       2.0559044      0.70577016      0.29415393      0.14004136       147.47915       1.0223793      0.83433513      0.62542629      0.46059561      0.84924396       1.0411098       8.7859355       1.0482196       10.418857       638.91792     0.088545445      0.088545445       811.47246                 21.117301                        392.47218                          225.32843             162.13568                       10.418857
              5        405.3212       68.998689        3.168541      0.97776777     0.022845757      0.11655074     0.067387118       1.0533783       1.0055055       2.3772774   2.3772774e-09       2.3656581       0.2460847      0.24741719       13.732406       2.0775341      0.70577016      0.29415393      0.14004136       147.47915       1.0263697      0.83759161      0.62786738      0.46239335      0.85255863       1.0411098       8.7859355       1.0533783       10.418857       638.42646     0.088545445      0.088545445       810.46532                 21.656652                        392.52004                          224.24976                161.62                       10.418857
              2       401.42994       68.657564       3.1546489      0.97759441      0.02264275      0.11721924     0.063818873        1.050781       1.0029069       2.3444803   2.3444803e-09       2.4006681      0.24599921      0.24733139       13.749794       2.0635463      0.70185165      0.29807169      0.14050686       147.52621       1.0261068      0.84531059      0.62822753      0.46419146       0.8502307       1.0413348       8.5118403        1.050781       10.751846       635.28532     0.088545445      0.088545445       802.68279                 21.379054                        391.31311                          222.59316             156.64562                       10.751846
              1       403.86252       68.657564       3.1271781      0.98236608      0.02264275      0.11721924     0.063818873        1.036551       1.0002849       2.2809522   2.2809522e-09       2.4006681      0.24599921      0.24733139       13.749794       2.0076307      0.70185165      0.29807169      0.14050686       147.52621       1.0139694      0.83531173      0.62079647      0.45870072      0.84017364       1.0413348       8.5118403        1.036551       10.751846       638.54218     0.088545445      0.088545445       807.54794                 20.755118                        391.22445                          226.56261             158.25391                       10.751846
              1       403.46949       68.650385       3.1274762       0.9828862     0.022593303      0.11687393      0.06287625       1.0381482       1.0005111       2.2816323   2.2816323e-09       2.4093125      0.24597809       0.2473102       13.761224       2.0120188      0.70262689      0.29729643       0.1401121       147.67386       1.0128137      0.83236281      0.61965292      0.45755776      0.83917217       1.0410708       8.4267401       1.0381482       10.608697       637.18142     0.088545445      0.088545445        806.7619                 20.658095                        390.98888                          225.53445             158.97178                       10.608697
              3       403.43105       68.556557       3.1230952      0.98219689     0.022621714      0.11720742      0.05624485       1.0424904       1.0001486       2.2716584   2.2716584e-09       2.4043401      0.24599023      0.24732238       13.759627       2.0299688      0.70104236      0.29888075        0.140474       147.55282       1.0123579      0.83540603      0.61977359      0.45825536      0.83822108       1.0410763       7.7779188       1.0424904       11.163688        637.2011     0.088545445      0.088545445       806.68502                 20.630786                        390.36771                           226.2026             158.32023                       11.163688
              1       402.78159       68.556557       3.0734861      0.97678813     0.022621714      0.11720742      0.05624485       1.0156894       1.0054689       2.1617132   2.1617132e-09       2.4043401      0.24599023      0.24732238       13.759627        1.931721      0.70104236      0.29888075        0.140474       147.55282      0.98550591      0.81324754      0.60333459       0.4461005      0.81598793       1.0410763       7.7779188       1.0156894       11.163688       633.63046     0.088545445      0.088545445       805.38608                 21.402248                        390.18804                          222.04017             160.59194                       11.163688
              2        403.9452       68.500112       3.0713725      0.97725494     0.022533663      0.11713335     0.056912646       1.0142756      0.99893755        2.157149    2.157149e-09        2.419799      0.24595254      0.24728455       13.769064       1.9250696      0.70089498      0.29902801      0.14031188       147.67097      0.98516366       0.8129907      0.60295096      0.44587175      0.81536868        1.041055       7.8627494       1.0142756       11.111318        633.2659     0.088545445      0.088545445       807.71331                 21.305114                        390.20012                          221.76067             163.33609                       11.111318
              2       403.72798       68.619261       3.0742914      0.97785001     0.022544516      0.11697262     0.055366882       1.0176481      0.99900303       2.1634546   2.1634546e-09       2.4178858      0.24595719      0.24728922       13.762612       1.9366749      0.70225108      0.29767217      0.14016201       147.70192      0.98538807      0.81056081       0.6029272      0.44534793      0.81626339        1.041209       7.7038057       1.0176481       10.600025       633.89015     0.088545445      0.088545445       807.27887                 21.187003                        390.33377                          222.36938             162.78869                       10.600025
              4       402.15954       68.631323       3.0745952      0.97787405      0.02254927      0.11697022     0.055243522       1.0183688       1.0041262       2.1641121   2.1641121e-09       2.4170485      0.24595923      0.24729127        13.76148       1.9377415      0.70235074      0.29757254      0.14016436       147.69746      0.98544781      0.81043698      0.60296628      0.44533952      0.81638462         1.04123       7.6904013       1.0183688       10.571799       633.87198     0.088545445      0.088545445       804.14199                  21.14241                        390.30074                          222.42883             159.69822                       10.571799
              3       401.85411       68.631323       3.1271093      0.97486957      0.02254927      0.11697022     0.055243522       1.0454228        1.006161       2.2807953   2.2807953e-09       2.4170485      0.24595923      0.24729127        13.76148       2.0422194      0.70235074      0.29757254      0.14016436       147.69746       1.0104998      0.83103983      0.61829483       0.4566609      0.83713867         1.04123       7.6904013       1.0454228       10.571799       632.79589     0.088545445      0.088545445       803.53113                 21.573614                        390.27392                          220.94836             160.16345                       10.571799
              4       402.03848       68.695487       3.1314522      0.97438237      0.02263659      0.11687877     0.060575953       1.0425055      0.99822219       2.2907221   2.2907221e-09       2.4017425      0.24599658      0.24732875       13.755916       2.0293493      0.70291526      0.29700816      0.14016023       147.62423       1.0110081      0.83042642      0.61860131      0.45667047      0.83795122       1.0410989       8.1946194       1.0425055       10.570365       633.28232     0.088545445      0.088545445       803.89988                 21.769013                        390.44538                          221.06792              160.0472                       10.570365
             15       405.42865       68.764746       3.1347984      0.97535962     0.022563987        0.116467     0.066565018       1.0383851      0.99633888       2.2984002   2.2984002e-09       2.4144589      0.24596554       0.2472976       13.763064       2.0119075      0.70453774      0.29538583      0.13967586       147.81604       1.0110611      0.82680269      0.61809856      0.45567494      0.83841746        1.041048       8.7771541       1.0383851        10.35172       634.73856     0.088545445      0.088545445        810.6802                  21.76821                         392.3841                          220.58625             165.58993                        10.35172
             10       401.64152       68.494758       3.1238981      0.97399445     0.022551032      0.11726696     0.058670087       1.0406893       1.0020034       2.2734831   2.2734831e-09       2.4167382      0.24595999      0.24729203       13.765406        2.021769      0.70052639      0.29939659      0.14046286       147.61578       1.0107428      0.83499204      0.61877252      0.45771245      0.83650647       1.0411378       8.0349495       1.0406893       11.241916       633.30267     0.088545445      0.088545445       803.10595                 21.701539                        390.21646                          221.38468             158.56136                       11.241916
              2       401.02602       68.517371       3.1253948      0.97399109     0.022563164      0.11718509     0.060808164       1.0387978       1.0022443       2.2768881   2.2768881e-09       2.4146037      0.24596518      0.24729724        13.76531       2.0161572      0.70087258      0.29905044      0.14039312       147.62415       1.0108461      0.83434614      0.61875896      0.45757007       0.8367301       1.0410863       8.2396857       1.0387978       11.143422       632.68691     0.088545445      0.088545445       801.87495                  21.81758                        390.51779                          220.35153             158.04462                       11.143422
              3        402.3214       68.976066       3.1400884      0.97567934     0.022692684      0.11614121     0.055791277       1.0528768      0.99887824       2.3105909   2.3105909e-09       2.3919843      0.24602044       0.2473527       13.749796        2.066633      0.70675964       0.2931644      0.13947876       147.75969       1.0100919      0.82167693      0.61728812      0.45421945      0.83889985       1.0409946         7.69972       1.0528768       10.536662       633.46295     0.088545445      0.088545445       804.46571                  21.45577                        390.23545                          221.77173              160.4661                       10.536662
              4       402.72157       69.103683       3.1441002      0.97649266     0.022681008      0.11584073     0.057266042       1.0538614       1.0051765       2.3198791   2.3198791e-09       2.3940106      0.24601549      0.24734773       13.747103       2.0688295      0.70849541      0.29142892      0.13916661       147.85364       1.0102899      0.81821393      0.61706339      0.45338061      0.83984013        1.041078       7.8433532       1.0538614        11.08085       633.67717     0.088545445      0.088545445       805.26605                 21.363833                        390.16113                          222.15221             160.50803                        11.08085
              5       401.86879       69.103683       3.1647288       0.9799611     0.022681008      0.11584073     0.057266042       1.0649027       1.0037748       2.3682321   2.3682321e-09       2.3940106      0.24601549      0.24734773       13.747103       2.1119499      0.70849541      0.29142892      0.13916661       147.85364       1.0221302      0.82780311      0.62429516      0.45869407      0.84968276        1.041078       7.8433532       1.0649027        11.08085       633.77756     0.088545445      0.088545445       803.56049                  20.89771                        390.21754                          222.66231             158.70208                        11.08085
              2       401.93843       68.569216       3.1453683      0.97765362     0.022600234      0.11713468     0.049834617       1.0609332       1.0047026       2.3228228   2.3228228e-09       2.4080981      0.24598105      0.24731317       13.761083       2.1024723      0.70135311      0.29857003      0.14037978       147.59625       1.0216284      0.84234504      0.62534419      0.46225399      0.84597507       1.0410912       7.1310572       1.0609332        10.99994       635.14243     0.088545445      0.088545445       803.69976                 21.048921                        392.14217                          221.95134              157.5574                        10.99994
              6       402.86158       68.245154       3.1370059      0.97669988     0.022471559      0.11765023     0.060687451       1.0449979       1.0048364       2.3034795   2.3034795e-09       2.4307901       0.2459259      0.24725782       13.779244        2.040196      0.69767947      0.30224294      0.14076666       147.60205       1.0222809      0.85019306      0.62617421      0.46428454      0.84451261       1.0410079       8.2575445       1.0449979       12.893796       633.63138     0.088545445      0.088545445       805.54606                 21.317852                        390.58497                          221.72857             159.02088                       12.893796
             10       401.91905       68.646736       3.1504287       0.9770312     0.022703597      0.11711274     0.057254328       1.0555908       1.0053599       2.3346071   2.3346071e-09       2.3900926      0.24602507      0.24735735       13.751998       2.0820125      0.70185447      0.29806885       0.1404612       147.48691       1.0226642      0.84240085      0.62606892      0.46259538      0.84731129       1.0410329       7.8580992       1.0555908       10.984646       633.89559     0.088545445      0.088545445       803.66101                 21.307777                         390.1985                          222.38931             158.78077                       10.984646
              3       404.92452       68.646736       3.1578846       0.9816132     0.022703597      0.11711274     0.057254328       1.0608832      0.99869199       2.3520787   2.3520787e-09       2.3900926      0.24602507      0.24735735       13.751998       2.0975937      0.70185447      0.29806885       0.1404612       147.48691       1.0282937      0.84703806      0.62951527      0.46514185      0.85197554       1.0410329       7.8580992       1.0608832       10.984646       640.09919     0.088545445      0.088545445       809.67195                 20.640978                        390.23736                          229.22085             158.58812                       10.984646
              1       405.10816       68.981859       3.1670123       0.9841927     0.022657739      0.11590342     0.053714989       1.0703124       1.0040049       2.3736462   2.3736462e-09       2.3980565      0.24600559       0.2473378       13.756773       2.1318652      0.70738203      0.29254202      0.13920603        147.8628       1.0260387      0.83308917      0.62672678      0.46091975      0.85217971       1.0408442       7.4957036       1.0703124       10.660646       637.44109     0.088545445      0.088545445       810.03923                 20.381578                        390.96483                          226.09469              161.9375                       10.660646
              3       405.34841        68.67447       3.1611127       0.9814399     0.022722767      0.11685822     0.049991043       1.0692378       1.0037554       2.3596838   2.3596838e-09       2.3867752      0.24603318      0.24736549       13.755979       2.1351685      0.70259425      0.29732912      0.14022585       147.53368       1.0281592      0.84520608      0.62916912      0.46459739      0.85203618       1.0407939       7.1176094       1.0692378       10.889016       638.09726     0.088545445      0.088545445       810.51973                 20.654147                        392.28068                          225.16243             161.53345                       10.889016
              4       406.33537       68.601064       3.1570577      0.98140534     0.022674969      0.11721214     0.045798418       1.0715916      0.99875232       2.3501345   2.3501345e-09       2.3950597      0.24601292      0.24734515       13.754104       2.1444342      0.70130695      0.29861626      0.14053198       147.49222       1.0287898      0.84856489      0.62989831      0.46563842      0.85210297       1.0410769       6.6943461       1.0715916       11.130679       642.05437     0.088545445      0.088545445       812.49364                 20.583917                         395.2302                          226.24025              159.3086                       11.130679
              3       406.37909       68.601064       3.0797248      0.97945892     0.022674969      0.11721214     0.045798418       1.0310418       1.0050863       2.1752415   2.1752415e-09       2.3950597      0.24601292      0.24734515       13.754104        1.984849      0.70130695      0.29861626      0.14053198       147.49222      0.98902881      0.81576928       0.6055538      0.44764228      0.81917062       1.0410769       6.6943461       1.0310418       11.130679       641.40222     0.088545445      0.088545445        812.5811                 20.769413                        395.10053                          225.53228              160.0482                       11.130679
              2       407.37211       68.444895       3.0757588       0.9790245     0.022617371      0.11734372     0.043683793       1.0312338        1.004485       2.1666317   2.1666317e-09       2.4050992      0.24598838      0.24732052       13.765912       1.9853717      0.69978444      0.30013842      0.14060596       147.52121      0.98870735       0.8183114      0.60543663      0.44812492      0.81797173       1.0409014       6.4802321       1.0312338       11.921305       642.61666     0.088545445      0.088545445       814.56714                  20.76008                        396.93692                          224.91967             160.02917                       11.921305
              3       405.27657       68.901741       3.0879763       0.9804898     0.022770209      0.11674259     0.051492809       1.0290348      0.99927735       2.1932648   2.1932648e-09       2.3785952      0.24605317      0.24738555       13.737773       1.9786318       0.7046966      0.29522728      0.14015767        147.5118      0.98894958      0.80913493      0.60510169      0.44603351      0.82089809       1.0412221       7.2608735       1.0290348       10.387321       637.67983     0.088545445      0.088545445       810.37604                 20.823592                        391.56304                          225.29319             162.30889                       10.387321
              5       405.41199       68.901741       3.0861154      0.97985029     0.022770209      0.11674259     0.051492809       1.0294874       1.0025798       2.1891872   2.1891872e-09       2.3785952      0.24605317      0.24738555       13.737773       1.9749533       0.7046966      0.29522728      0.14015767        147.5118       0.9877862      0.80818308      0.60438986       0.4455088       0.8199324       1.0412221       7.2608735       1.0294874       10.387321       640.55389     0.088545445      0.088545445       810.64689                 20.783807                        391.56261                          228.20747             159.70568                       10.387321
              3       404.43834       68.241213       3.0663754      0.97759646      0.02258297      0.11794992     0.051562146       1.0162265       1.0025886       2.1463963   2.1463963e-09       2.4111246      0.24597367      0.24730576       13.768361       1.9360813      0.69676178      0.30316062      0.14117775       147.39777      0.98790484       0.8238248       0.6055593      0.44933979       0.8160908       1.0410292       7.3246693       1.0162265       13.906736       635.66214     0.088545445      0.088545445       808.69958                 21.171176                        391.21743                          223.27353              159.1307                       13.906736
              4       404.65337       68.240546       3.0660051      0.97763338     0.022575554      0.11800189     0.049486064       1.0189269       1.0028206       2.1456016   2.1456016e-09       2.4124265      0.24597049      0.24730257       13.767205       1.9434172      0.69666017      0.30326223      0.14122231       147.39221      0.98808055      0.82421583      0.60571479      0.44949282      0.81623196       1.0411015       7.1126008       1.0189269       13.883869       637.34316     0.088545445      0.088545445       809.12964                 21.057331                        392.23438                          224.05145             157.90261                       13.883869
              1       404.42787       68.243482       3.0654142      0.97776958     0.022566954      0.11803292     0.050696849       1.0173283       1.0028806       2.1443343   2.1443343e-09       2.4139373      0.24596681      0.24729887       13.766333       1.9375716      0.69663811      0.30328429      0.14124474       147.39353      0.98806417      0.82427388       0.6057288      0.44951139      0.81623599       1.0411652       7.2404558       1.0173283       13.799758       636.94322     0.088545445      0.088545445       808.67865                 21.064101                        391.62491                          224.25421             157.93568                       13.799758
              2       405.18119       68.243482       3.0698629      0.97825919     0.022566954      0.11803292     0.050696849        1.019693       1.0053851        2.153895    2.153895e-09       2.4139373      0.24596681      0.24729887       13.766333       1.9462105      0.69663811      0.30328429      0.14124474       147.39353       0.9904501      0.82626429      0.60719148      0.45059685        0.818207       1.0411652       7.2404558        1.019693       13.799758       637.40851     0.088545445      0.088545445        810.1853                 20.995338                        391.63456                          224.77861             158.97703                       13.799758
              4       404.84225       68.243482       3.0626327       0.9760766     0.022566954      0.11803292     0.050696849       1.0166309       1.0034236        2.138378    2.138378e-09       2.4139373      0.24596681      0.24729887       13.766333       1.9321897      0.69663811      0.30328429      0.14124474       147.39353      0.98605187      0.82259515      0.60449516      0.44859591      0.81457364       1.0411652       7.2404558       1.0166309       13.799758       637.41273     0.088545445      0.088545445       809.50742                 21.217954                          391.549                          224.64578             158.29493                       13.799758
              3       403.43888       68.243482       3.0738738      0.97584263     0.022566954      0.11803292     0.050696849        1.021647       1.0037281       2.1625514   2.1625514e-09       2.4139373      0.24596681      0.24729887       13.766333       1.9540322      0.69663811      0.30328429      0.14124474       147.39353      0.99152088      0.82715757      0.60784792      0.45108399      0.81909157       1.0411652       7.2404558        1.021647       13.799758       635.59073     0.088545445      0.088545445       806.70066                 21.318109                        391.51016                          222.76246             157.31017                       13.799758
              6        403.0652       68.243482       3.0758604       0.9731965     0.022566954      0.11803292     0.050696849       1.0224608       1.0029934       2.1668517   2.1668517e-09       2.4139373      0.24596681      0.24729887       13.766333       1.9579179      0.69663811      0.30328429      0.14124474       147.39353      0.99150293      0.82714259      0.60783691      0.45107582      0.81907673       1.0411652       7.2404558       1.0224608       13.799758       634.40786     0.088545445      0.088545445        805.9533                 21.730992                        391.32569                          221.35117             157.74569                       13.799758
              2       403.55119       68.315824       3.0774463      0.97390941     0.022540749      0.11775868     0.048924121       1.0245274       1.0006124        2.170291    2.170291e-09       2.4185496      0.24595558       0.2472876       13.768112       1.9679906      0.69792399      0.30199857       0.1409443       147.49585      0.99099133       0.8239973      0.60719996      0.45012482       0.8190879       1.0411563       7.0577051       1.0245274       12.724925       635.04558     0.088545445      0.088545445       806.92528                 21.665618                        392.28483                          221.09513             159.15478                       12.724925
              7       405.39539       68.297577       3.0765906      0.97382221     0.022536445      0.11786259     0.048022709        1.026923       1.0002934       2.1684345   2.1684345e-09       2.4193083      0.24595373      0.24728575       13.767012       1.9698552      0.69754903      0.30237349       0.1410439       147.47289      0.99120732       0.8249875      0.60743957      0.45044214      0.81915701       1.0412235       6.9657463        1.026923       12.919617       638.07334     0.088545445      0.088545445       810.61369                 21.452886                        392.92733                          223.69312             159.62074                       12.919617
              4       402.66347        68.52096       3.0819447      0.97559136     0.022509681      0.11711944     0.050269136       1.0269516       1.0012374       2.1800756   2.1800756e-09       2.4240346      0.24594225      0.24727423       13.768254       1.9715525      0.70115765      0.29876538      0.14027399       147.70153      0.98979191       0.8162886       0.6057427      0.44783781       0.8193239       1.0411635       7.1945727       1.0269516       10.914433       634.34819     0.088545445      0.088545445       805.14985                 21.355277                        391.76474                          221.22817             159.88722                       10.914433
              3       403.73952        68.52096        3.106747      0.97428417     0.022509681      0.11711944     0.050269136       1.0410627       1.0001949       2.2348227   2.2348227e-09       2.4240346      0.24594225      0.24727423       13.768254        2.021063      0.70115765      0.29876538      0.14027399       147.70153       1.0016413      0.82606091      0.61299443      0.45319916      0.82913254       1.0411635       7.1945727       1.0410627       10.914433       635.55807     0.088545445      0.088545445       807.30195                 21.416063                        391.69476                          222.44725             160.82945                       10.914433
              2       403.45893        68.52096       3.1437617      0.97914728     0.022509681      0.11711944     0.050269136       1.0607472       1.0001109       2.3190941   2.3190941e-09       2.4240346      0.24594225      0.24727423       13.768254       2.0972739      0.70115765      0.29876538      0.14027399       147.70153       1.0222557      0.84306168      0.62561018      0.46252624      0.84619653       1.0411635       7.1945727       1.0607472       10.914433       637.99169     0.088545445      0.088545445       806.74077                 20.778959                        392.01861                          225.19411             157.83465                       10.914433
              2       404.60004        68.52096       3.1114159      0.97721853     0.022509681      0.11711944     0.050269136       1.0440501      0.99861449       2.2452812   2.2452812e-09       2.4240346      0.24594225      0.24727423       13.768254       2.0305212      0.70115765      0.29876538      0.14027399       147.70153       1.0051117      0.82892298      0.61511828      0.45476936      0.83200525       1.0411635       7.1945727       1.0440501       10.914433       638.06626     0.088545445      0.088545445       809.02299                 20.975157                        391.89817                          225.19294             160.04229                       10.914433
              5       404.99397       68.500112       3.1106706       0.9771227     0.022504107      0.11719857     0.049124379       1.0447128       1.0054709       2.2436085   2.2436085e-09       2.4250206      0.24593986      0.24727183       13.768087       2.0336592      0.70081896      0.29910403      0.14034755       147.68654       1.0052718      0.82977441      0.61529686      0.45503024      0.83201112       1.0412006       7.0780532       1.0447128       11.013429        638.7105     0.088545445      0.088545445       809.81084                 20.973751                        392.49786                          225.23889             160.08691                       11.013429
              5       405.41308       68.521041       3.1092403      0.97781945     0.022453756      0.11715913     0.050055822       1.0432164       1.0001763       2.2404019   2.2404019e-09       2.4339546      0.24591827      0.24725016       13.768691       2.0269731      0.70119293       0.2987301      0.14025776        147.7537       1.0049269      0.82868293      0.61498735      0.45465914      0.83185271       1.0413497       7.1850259       1.0432164         10.7438       640.02021     0.088545445      0.088545445       810.64907                 20.887404                        392.07203                          227.06077             159.88506                         10.7438
              5       403.11449       69.060691       3.1269721      0.97844561     0.022723433      0.11654523     0.051757175       1.0484678       1.0029608       2.2804825   2.2804825e-09         2.38666      0.24603346      0.24736577       13.730437       2.0562269      0.70656628      0.29335795      0.13991353       147.61683        1.006247      0.81953783      0.61541705      0.45291738      0.83621905        1.041601       7.2952705       1.0484678       10.591414       636.62349     0.088545445      0.088545445        806.0519                 21.144607                        391.30118                           224.1777               158.837                       10.591414
              2       403.44663       69.061646       3.1270196      0.97845414     0.022723266      0.11653731     0.051793676       1.0481229        1.003028       2.2805906   2.2805906e-09        2.386689      0.24603339       0.2473657       13.730574       2.0561743      0.70659135      0.29333288      0.13990544       147.61914       1.0062269      0.81946414      0.61539589      0.45289214      0.83620817       1.0415957       7.2988884       1.0481229       10.596412       636.95302     0.088545445      0.088545445       806.71618                 21.174446                        391.28266                          224.49592             159.16674                       10.596412
              1       402.25366       68.711593       3.1175027      0.97663845     0.022687881      0.11733103     0.055113737       1.0385876       1.0024303       2.2589896   2.2589896e-09       2.3928175      0.24601841      0.24735066       13.740742       2.0232197      0.70198796       0.2979355      0.14066378       147.44608       1.0068986      0.82947183      0.61663945      0.45557708      0.83464297       1.0414986       7.6533723       1.0385876       10.683888       635.70477     0.088545445      0.088545445       804.33022                 21.507936                        390.27497                          223.92187             157.94157                       10.683888
              5       404.57677       68.932623       3.1249867      0.97672887     0.022823474      0.11709542     0.061228181       1.0367271      0.99869987       2.2759591   2.2759591e-09       2.3694626      0.24607543      0.24740789       13.723985       2.0136424      0.70410653      0.29581742      0.14056376        147.3583       1.0073747      0.82587758      0.61682132      0.45489934      0.83637961        1.041554       8.2188943       1.0367271       10.384873       637.39059     0.088545445      0.088545445       808.97644                 21.639869                        390.55679                          225.19393             161.20098                       10.384873
              2        405.1966       68.941869        3.125111      0.97660207     0.022842109      0.11718408     0.061827319        1.036778       1.0047639       2.2762421   2.2762421e-09       2.3662803      0.24608318      0.24741567       13.720254        2.011481      0.70396014      0.29596383      0.14067105       147.31395       1.0076951      0.82656366      0.61713521      0.45518714      0.83670173       1.0416281       8.2738385        1.036778       10.390668       638.69317     0.088545445      0.088545445       810.21611                 21.608476                        390.71217                          226.37252             161.13228                       10.390668
              2       405.01701       68.941869       3.1363438      0.97593105     0.022842109      0.11718408     0.061827319       1.0425874      0.99870985       2.3019548   2.3019548e-09       2.3662803      0.24608318      0.24741567       13.720254       2.0342029      0.70396014      0.29596383      0.14067105       147.31395       1.0131085      0.83100403      0.62045051      0.45763244      0.84119656       1.0416281       8.2738385       1.0425874       10.390668       638.53246     0.088545445      0.088545445       809.85692                 21.717909                        390.67716                          226.13739             160.93379                       10.390668
              2       407.27878       69.177603       3.1411921      0.97774531     0.022817996      0.11656452     0.063547571       1.0434621       1.0078556       2.3131426   2.3131426e-09       2.3703993      0.24607315      0.24740561       13.717051       2.0370687      0.70731934      0.29260514      0.14002739       147.50633       1.0119953      0.82301144      0.61905855      0.45530479      0.84170758       1.0417251       8.4329315       1.0434621       10.778291       637.90421     0.088545445      0.088545445       814.38048                 21.538039                        391.12039                          225.24578             165.69798                       10.778291
              2       410.07053       69.177603       3.1156314      0.97400215     0.022817996      0.11656452     0.063547571       1.0282175       1.0066607       2.2547662   2.2547662e-09       2.3703993      0.24607315      0.24740561       13.717051       1.9856596      0.70731934      0.29260514      0.14002739       147.50633      0.99770079      0.81138636      0.61031432      0.44887359      0.82981842       1.0417251       8.4329315       1.0282175       10.778291       644.63638     0.088545445      0.088545445       819.96398                 22.404048                        391.15785                          231.07449              164.5493                       10.778291
              4       408.41529       69.393652       3.1237489      0.97468762     0.022875732      0.11595246     0.059197264       1.0394549      0.99695985       2.2731438   2.2731438e-09        2.360555      0.24609711      0.24742965       13.713208       2.0193371      0.71029009      0.28963486      0.13947306       147.60629      0.99722803      0.80484262       0.6094205      0.44707436      0.83071939       1.0415575       7.9912281       1.0394549       12.030958       638.97874     0.088545445      0.088545445       816.65349                 21.932206                        390.15111                          226.89543              165.6438                       12.030958
              4       406.62989       69.393652       3.1525397      0.97433927     0.022875732      0.11595246     0.059197264       1.0544608      0.99878779       2.3395406   2.3395406e-09        2.360555      0.24609711      0.24742965       13.713208       2.0783204      0.71029009      0.28963486      0.13947306       147.60629       1.0115512      0.81640254      0.61817358      0.45349567      0.84265098       1.0415575       7.9912281       1.0544608       12.030958       638.89755     0.088545445      0.088545445        813.0827                 21.999912                        390.14292                          226.75472             162.15418                       12.030958
              1       404.92291       69.393652       3.1695692      0.97950792     0.022875732      0.11595246     0.059197264       1.0639395       1.0038928        2.379723    2.379723e-09        2.360555      0.24609711      0.24742965       13.713208       2.1140162      0.71029009      0.28963486      0.13947306       147.60629       1.0222433      0.82503192      0.62470767      0.45828912       0.8515578       1.0415575       7.9912281       1.0639395       12.030958       636.46805     0.088545445      0.088545445       809.66873                 21.164011                        390.24284                          225.06119             161.16973                       12.030958
              3        405.7548       69.245196       3.1619131      0.97971517     0.022778844      0.11633207     0.065391636       1.0540783         1.00097       2.3615732   2.3615732e-09        2.377111      0.24605679      0.24738918       13.718521        2.072063       0.7084569      0.29146773      0.13975578       147.61225       1.0220201      0.82866036      0.62488756      0.45914462      0.85046071       1.0417758       8.6126218       1.0540783       11.286205       639.15253     0.088545445      0.088545445        811.3325                 21.156108                        391.68912                          226.30731             160.89377                       11.286205
              1       405.13722       69.152252       3.1596524      0.97904387     0.022785657      0.11660549     0.065445882       1.0517552       1.0024235       2.3562404   2.3562404e-09       2.3759408      0.24605965      0.24739205       13.719043       2.0671597      0.70708666      0.29283777      0.14003602       147.53134       1.0224985      0.83199576      0.62549326      0.46012879      0.85028762        1.041777       8.6211314       1.0517552        10.74497       638.39572     0.088545445      0.088545445       810.09735                 21.323935                        391.76321                          225.30857             160.95666                        10.74497
              4       405.74248       69.152252       3.1292265      0.97967315     0.022785657      0.11660549     0.065445882       1.0354256       1.0040118       2.2856293   2.2856293e-09       2.3759408      0.24605965      0.24739205       13.719043       2.0052117      0.70708666      0.29283777      0.14003602       147.53134       1.0073062      0.81963391      0.61619963      0.45329216      0.83765399        1.041777       8.6211314       1.0354256        10.74497       638.60942     0.088545445      0.088545445       811.30786                 21.277744                        391.73557                           225.5961             161.95348                        10.74497
              3        405.3622       68.845956       3.1176297      0.97996763     0.022563638      0.11689174      0.05969775       1.0345506       1.0051992       2.2592764   2.2592764e-09       2.4145202      0.24596539      0.24729745       13.744263       2.0050101      0.70433901      0.29558475      0.14010024       147.70225       1.0062594      0.82386082      0.61562985      0.45393135      0.83492827       1.0417461       8.1275799       1.0345506       10.318731       638.07942     0.088545445      0.088545445       810.54732                 21.110321                         390.3273                           226.6418             162.14916                       10.318731
              1       404.97709       68.845956       3.1411851      0.97535524     0.022563638      0.11689174      0.05969775        1.046462       1.0027346       2.3131263   2.3131263e-09       2.4145202      0.24596539      0.24729745       13.744263       2.0527995      0.70433901      0.29558475      0.14010024       147.70225       1.0163739      0.83214193      0.62181791      0.45849408      0.84332062       1.0417461       8.1275799        1.046462       10.318731       637.96619     0.088545445      0.088545445       809.77709                 21.825998                        390.28242                          225.85777             161.49216                       10.318731
              1       405.74479       68.368762       3.1262254      0.97465593     0.022335773      0.11740419     0.056620513       1.0425419       1.0026874       2.2787802   2.2787802e-09       2.4550857      0.24586784      0.24719955       13.778721       2.0348035      0.69958851      0.30033417      0.14038483       147.82003       1.0152308      0.84028919      0.62143372      0.46004043      0.83944767       1.0414605       7.8837566       1.0425419       11.135952       636.14572     0.088545445      0.088545445       811.31249                 21.655664                        390.15202                          224.33804             164.03081                       11.135952
              1       405.90173        68.01512       3.1184323      0.97190133     0.022376165      0.11843344     0.054553605       1.0390369       1.0018673       2.2610904   2.2610904e-09       2.4478199      0.24588508      0.24721685       13.780902       2.0273712      0.69414423      0.30577765      0.14145447       147.49963       1.0170402      0.85329045      0.62372376      0.46381386      0.83876607       1.0413994       7.6829336       1.0390369       15.265543       634.25839     0.088545445      0.088545445       811.62637                 22.118026                        390.21586                           221.9245             162.10244                       15.265543
              2       403.17907        68.14636       3.1253864      0.97209201     0.022435642      0.11783343     0.054174172       1.0444669       1.0038649       2.2768691   2.2768691e-09       2.4371809      0.24591051      0.24724237       13.783997       2.0430687      0.69648512      0.30343706      0.14091394       147.59322       1.0162979      0.84760792      0.62267227      0.46214332      0.83896215       1.0410009       7.6209333       1.0444669       13.765546       631.44396     0.088545445      0.088545445       806.18106                 21.981002                        390.27447                          219.18849             160.97155                       13.765546
              1        404.0048        68.14636       3.1503796      0.97307106     0.022435642      0.11783343     0.054174172       1.0584092       1.0033705       2.3344924   2.3344924e-09       2.4371809      0.24591051      0.24724237       13.783997        2.094775      0.69648512      0.30343706      0.14091394       147.59322       1.0294619      0.85858692       0.6307377      0.46812943      0.84982916       1.0410009       7.6209333       1.0584092       13.765546       631.83219     0.088545445      0.088545445       807.83251                 21.731909                        390.34532                          219.75496             162.23477                       13.765546
              1       404.49795        68.14636       3.0571105      0.97419404     0.022435642      0.11783343     0.054174172       1.0088912       1.0044661        2.126602    2.126602e-09       2.4371809      0.24591051      0.24724237       13.783997       1.9082318      0.69648512      0.30343706      0.14091394       147.59322      0.98297655      0.81981739      0.60225671      0.44699103      0.81145509       1.0410009       7.6209333       1.0088912       13.765546       632.92316     0.088545445      0.088545445       808.81881                 21.695135                        390.36019                          220.86783             162.13011                       13.765546
              2       404.87929        68.38378       3.0626096      0.97598593     0.022423069       0.1170941     0.060774875       1.0074646       1.0004056       2.1383286   2.1383286e-09        2.439424      0.24590513      0.24723697       13.783499       1.8935905      0.70019688      0.29972584      0.14016204       147.80531      0.98150473       0.8109827      0.60055114      0.44435599      0.81165029       1.0409499       8.2677098       1.0074646       11.320966       633.49743     0.088545445      0.088545445       809.58148                 21.396975                        390.58892                          221.51153             164.76309                       11.320966
              1       405.11422        68.38378       3.0576803      0.97364863     0.022423069       0.1170941     0.060774875       1.0044267       1.0037813       2.1278141   2.1278141e-09        2.439424      0.24590513      0.24723697       13.783499       1.8842794      0.70019688      0.29972584      0.14016204       147.80531      0.97821442      0.80826404       0.5985379      0.44286637      0.80892938       1.0409499       8.2677098       1.0044267       11.320966        632.8109     0.088545445      0.088545445       810.05135                  21.82172                        390.60558                           220.3836             165.91948                       11.320966
              3       403.57158       68.603445        3.064454      0.97390913     0.022532241      0.11691538     0.061323702       1.0072407       1.0037704       2.1422762   2.1422762e-09       2.4200498      0.24595193      0.24728394       13.765918        1.895005      0.70226149      0.29766172      0.14009249       147.73103      0.97891635      0.80511906      0.59889308      0.44236427      0.81080897        1.041132        8.292384       1.0072407       10.616979       633.56233     0.088545445      0.088545445       806.96607                 21.857391                        390.65917                          221.04577             162.78676                       10.616979
              4       404.45935       68.421455       3.0588932      0.97295741     0.022495484      0.11750628     0.052156977       1.0120269       1.0018587       2.1303965   2.1303965e-09        2.426547      0.24593616      0.24726812       13.766877       1.9193645      0.69949182      0.30043098      0.14064663       147.61379      0.98006045      0.81172727      0.60018508      0.44434611      0.81067918       1.0413175       7.3979941       1.0120269       11.523099       634.68115     0.088545445      0.088545445       808.74161                 21.893466                        390.77211                          222.01557             162.53737                       11.523099
              5       405.35252       68.796474       3.0708042      0.97407409     0.022610852      0.11681438     0.048757051       1.0233539       1.0050876       2.1559233   2.1559233e-09       2.4062394      0.24598559      0.24731773       13.749456       1.9556155      0.70397724       0.2959464       0.1400701       147.67027      0.98015404       0.8030823      0.59962633      0.44226641      0.81297544       1.0413954       7.0130443       1.0233539        10.33969       637.03443     0.088545445      0.088545445       810.52794                 21.553134                        392.53322                          222.94807             163.15382                        10.33969
              1       408.04707       68.887152       3.0729421      0.97489044      0.02259395      0.11645413      0.05145916       1.0237858       1.0044692       2.1605375   2.1605375e-09       2.4091992      0.24597837      0.24731047       13.751774       1.9492384      0.70555083      0.29437302      0.13969294        147.7859       0.9793075      0.79907449      0.59870474      0.44099859      0.81280842       1.0413206       7.2898513       1.0237858       10.404917       639.37399     0.088545445      0.088545445       815.91705                 21.310968                        391.30189                          226.76113             166.13815                       10.404917
              4       408.52584       68.713313       3.0676388      0.97447942     0.022526123      0.11669801     0.050649381       1.0215318      0.99773615       2.1491097   2.1491097e-09       2.4211296      0.24594931      0.24728131       13.762316        1.942071      0.70368619      0.29623727        0.139869       147.79645      0.97912456      0.80246295      0.59878142      0.44175171      0.81163056       1.0412406       7.2243241       1.0215318       10.350996       638.18176     0.088545445      0.088545445       816.87459                 21.345613                        391.63287                          225.20327             168.34183                       10.350996
              4        407.2735       68.265775         3.05382       0.9719668     0.022526735      0.11798451     0.070205477      0.99198452        1.000126       2.1196159   2.1196159e-09       2.4210214      0.24594957      0.24728157       13.766772       1.8419485      0.69702638      0.30289607      0.14115611        147.4512      0.98013036      0.81684659      0.60077073      0.44568927      0.80981414       1.0412833       9.1574276      0.99198452       13.232462       638.50685     0.088545445      0.088545445       814.36992                 22.484261                        394.50182                          221.52077             162.63061                       13.232462
              5       406.62997       68.263563       3.0550149      0.97275578      0.02242545      0.11745083     0.055982041       1.0085516       1.0005757       2.1221502   2.1221502e-09       2.4389989      0.24590615      0.24723799       13.784332       1.8973644      0.69836936      0.30155309      0.14052115       147.70698      0.97896524        0.812606      0.59938062      0.44416429      0.80883838       1.0409679       7.7992585       1.0085516       12.342604        633.5849     0.088545445      0.088545445       813.08285                 21.727546                        390.14565                           221.7117             167.15535                       12.342604
              1        405.8748       68.186888        3.053192       0.9721381     0.022444833      0.11767421     0.060404608       1.0014071      0.99955966       2.1182852   2.1182852e-09       2.4355431      0.24591445      0.24724632       13.784499       1.8772307      0.69716849      0.30275378      0.14076391       147.62572      0.97919058      0.81524689      0.59977734      0.44490004      0.80857007       1.0409284       8.2364937       1.0014071       13.306997       632.17629     0.088545445      0.088545445       811.57251                 22.135277                        390.49089                          219.55011             166.08923                       13.306997
              3       404.94167       68.186888       3.0757968      0.97955215     0.022444833      0.11767421     0.060404608       1.0140397        1.004707        2.166714    2.166714e-09       2.4355431      0.24591445      0.24724632       13.784499       1.9201485      0.69716849      0.30275378      0.14076391       147.62572      0.99312833      0.82685108      0.60831455      0.45123273      0.82007922       1.0409284       8.2364937       1.0140397       13.306997       636.43893     0.088545445      0.088545445       809.70624                 20.902885                        390.54837                          224.98767             159.96031                       13.306997
              3        405.7342       68.137773       3.0731289      0.97985795     0.022389626      0.11769884     0.061944298       1.0101912       1.0044048        2.160941    2.160941e-09       2.4454058      0.24589083      0.24722262       13.789707       1.9091444      0.69679763      0.30312453      0.14073333       147.68083      0.99269178      0.82710042      0.60801412       0.4511479      0.81942346       1.0409499       8.4003487       1.0101912       13.437379       636.36934     0.088545445      0.088545445       811.29132                 20.964172                        390.90022                          224.50494              161.4846                       13.437379
              1        405.3252       68.213252       3.0766876      0.97960707     0.022463705        0.117597      0.06499027       1.0088085       1.0045431       2.1686449   2.1686449e-09       2.4321854      0.24592253      0.24725444       13.783752       1.9043142      0.69752791      0.30239443      0.14070557       147.62523      0.99290941      0.82594529      0.60811743       0.4509526      0.82005693       1.0408762       8.6736564       1.0088085       13.131519       636.26519     0.088545445      0.088545445        810.4733                 21.088553                        391.80495                          223.37168             161.07659                       13.131519
              1       405.71932       68.307065       3.0772615      0.98023962     0.022468879      0.11759976     0.068942043       1.0048977       1.0034038       2.1698898   2.1698898e-09       2.4312661      0.24592475      0.24725667       13.775198       1.8904073      0.69834116      0.30158139      0.14071351       147.61852      0.99303206      0.82461463      0.60820112       0.4507112      0.82072202       1.0411451       9.0466728       1.0048977       12.288201       639.10443     0.088545445      0.088545445       811.26155                 21.126011                        393.55554                          224.42288             159.86892                       12.288201
             11         405.389       68.288705        3.076762      0.98012602     0.022468413      0.11765251     0.068926936       1.0054957       1.0032117       2.1688063   2.1688063e-09       2.4313488      0.24592455      0.24725646       13.775398       1.8895205      0.69806681       0.3018557      0.14076579       147.60494      0.99310579      0.82523999      0.60830278        0.450889      0.82067264       1.0411479       9.0464128       1.0054957       12.467734       639.64305     0.088545445      0.088545445       810.60091                 21.057278                         393.5568                          225.02898             158.49012                       12.467734
              1       404.31617       68.288705       3.1482723      0.97871759     0.022468413      0.11765251     0.068926936       1.0423403       1.0022193       2.3295782   2.3295782e-09       2.4313488      0.24592455      0.24725646       13.775398       2.0295891      0.69806681       0.3018557      0.14076579       147.60494       1.0287016        0.854819      0.63010612      0.46705018      0.85008794       1.0411479       9.0464128       1.0423403       12.467734       638.43034     0.088545445      0.088545445       808.45525                 21.227014                        393.54941                          223.65392             157.55718                       12.467734
              2       404.35839       68.285678       3.1504757      0.97814268     0.022521196      0.11757557     0.069777517       1.0426044       1.0034393       2.3347169   2.3347169e-09       2.4219995      0.24594719      0.24727919       13.776328       2.0306087      0.69809184      0.30183066      0.14074164       147.56656        1.028745       0.8547723      0.63010568      0.46704016      0.85010497       1.0409217       9.1102686       1.0426044       12.801506        637.5796     0.088545445      0.088545445       808.53969                  21.33955                        393.93838                          222.30167             158.15859                       12.801506
              9       408.32172       68.153042       3.1460024      0.97820275     0.022439647      0.11761311      0.07206264       1.0389235      0.99931604       2.3242962   2.3242962e-09       2.4364669      0.24591223      0.24724409       13.789327       2.0123275      0.69701035      0.30291185      0.14069762       147.64764       1.0279048      0.85599456      0.62954179      0.46703952      0.84858529       1.0407757       9.3443162       1.0389235       13.603167        641.1375     0.088545445      0.088545445       816.46635                 21.260957                        395.31375                           224.5628             161.72568                       13.603167
              6       405.31069       68.062257       3.1451577      0.97701346     0.022482912      0.11798929     0.064799821       1.0428975       1.0038421       2.3223338   2.3223338e-09       2.4287753      0.24593077       0.2472627       13.785924       2.0400473      0.69529608      0.30462591      0.14111706       147.49886       1.0291453      0.86081714      0.63077081      0.46861188      0.84904337        1.040795       8.6578034       1.0428975       15.308229       634.80002     0.088545445      0.088545445       810.44429                 21.531882                        391.80646                          221.46168             160.33604                       15.308229
              2       404.88256       68.853461       3.1639184      0.98152832     0.022522471       0.1164402      0.05565248       1.0638349       1.0010642       2.3663137   2.3663137e-09       2.4217742      0.24594774      0.24727973       13.757093       2.1170601      0.70544275      0.29448102      0.13960754       147.86971       1.0281592      0.83900722      0.62847437      0.46296899      0.85314578       1.0413885       7.7289967       1.0638349       10.414491       637.26575     0.088545445      0.088545445       809.58803                 20.805513                        390.40852                          226.05172             161.90779                       10.414491
              1       402.42358       68.930142       3.1667809      0.98170846     0.022552041      0.11624791     0.055872719       1.0667576       1.0027845        2.373097    2.373097e-09       2.4165605      0.24596042      0.24729246       13.754782       2.1221939      0.70644021      0.29348373      0.13944482       147.88834       1.0280262      0.83680695      0.62820992      0.46238187      0.85351032       1.0413331         7.74119       1.0667576       10.589165       635.55517     0.088545445      0.088545445       804.67007                 20.686543                        390.40522                           224.4634             158.52573                       10.589165
              7       402.36069       68.930142       3.1515526       0.9800219     0.022552041      0.11624791     0.055872719       1.0591106       0.9999913       2.3372325   2.3372325e-09       2.4165605      0.24596042      0.24729246       13.754782       2.0901213      0.70644021      0.29348373      0.13944482       147.88834       1.0195651      0.82991969      0.62303949      0.45857628      0.84648559       1.0413331         7.74119       1.0591106       10.589165       635.08928     0.088545445      0.088545445        804.5443                 20.838979                        390.38867                          223.86163             158.86585                       10.589165
              1       402.15821       68.982221       3.1579566      0.97872742     0.022697037      0.11616276     0.052393017        1.065336       1.0052222        2.352248    2.352248e-09       2.3912295      0.24602229      0.24735456       13.748542       2.1182398      0.70675753      0.29316653      0.13950466       147.74901       1.0204179      0.83011923      0.62362749      0.45888499      0.84751356        1.041025       7.3583392        1.065336       10.538915       634.07275     0.088545445      0.088545445       804.13933                 21.027872                        391.13173                          221.91315             159.52767                       10.538915
              2       403.34067       68.982221       3.1893923      0.97619485     0.022697037      0.11616276     0.052393017       1.0825375      0.99920059       2.4273673   2.4273673e-09       2.3912295      0.24602229      0.24735456       13.748542       2.1858859      0.70675753      0.29316653      0.13950466       147.74901       1.0355732      0.84244817      0.63288961      0.46570035      0.86010084        1.041025       7.3583392       1.0825375       10.538915       633.80075     0.088545445      0.088545445       806.50424                 21.336022                        391.02308                          221.44165             162.16458                       10.538915
              7       402.91155       68.422846        3.173804      0.97310982     0.022648107      0.11762892     0.052177141       1.0717424      0.99970806       2.3898221   2.3898221e-09       2.3997341      0.24600149      0.24733368       13.759237       2.1530052      0.69891609      0.30100672      0.14092189       147.41083       1.0374937      0.86078655       0.6356676      0.47084084      0.85819509       1.0410608        7.369092       1.0717424       12.379441       633.30962     0.088545445      0.088545445       805.64601                 21.890694                        390.79504                          220.62389             159.95695                       12.379441
              2       405.60329       68.422846       3.2015191      0.97638903     0.022648107      0.11762892     0.052177141       1.0861543      0.99984582       2.4569826   2.4569826e-09       2.3997341      0.24600149      0.24733368       13.759237       2.2135105      0.69891609      0.30100672      0.14092189       147.41083       1.0532923      0.87389437      0.64534737      0.47801067      0.87126344       1.0410608        7.369092       1.0861543       12.379441       634.42254     0.088545445      0.088545445       811.02948                 21.438811                        390.97184                          222.01189              164.2275                       12.379441
              1       405.15759       68.514931       3.2037393      0.97680616     0.022667712      0.11749878     0.053240942       1.0869083      0.99862679       2.4624437   2.4624437e-09       2.3963212      0.24600984      0.24734206       13.754099       2.2137156      0.69996033      0.29996269      0.14081136       147.42375       1.0533157       0.8717713      0.64523511      0.47751256       0.8718689       1.0411455       7.4712017       1.0869083        11.71255       633.83206     0.088545445      0.088545445        810.1381                 21.356962                        390.70026                          221.77484             164.59348                        11.71255
              6       401.45346       68.514931       3.1275298       0.9752181     0.022667712      0.11749878     0.053240942       1.0470598      0.99902016       2.2817546   2.2817546e-09       2.3963212      0.24600984      0.24734206       13.754099       2.0512777      0.69996033      0.29996269      0.14081136       147.42375       1.0133172      0.83866672        0.620733      0.45937953       0.8387606       1.0411455       7.4712017       1.0470598        11.71255       633.99545     0.088545445      0.088545445       802.72984                 21.507941                        390.60593                          221.88158             157.02183                        11.71255
              1        404.8267       68.432728       3.1258311      0.97464627     0.022663492      0.11765355     0.050405615       1.0489549      0.99571825       2.2778818   2.2778818e-09       2.3970553      0.24600804      0.24734026        13.75727       2.0594413      0.69891758      0.30100525      0.14096191       147.38714        1.013472       0.8409133      0.62099372      0.45997129      0.83838536       1.0410769       7.1846683       1.0489549       12.396782       634.91846     0.088545445      0.088545445        809.4763                 21.529721                        391.62993                          221.75881             162.16106                       12.396782
              4        402.3425       68.304307       3.1206405      0.97421078     0.022631182      0.11803108     0.049957415       1.0464955       1.0016731        2.266089    2.266089e-09       2.4026864      0.24599427      0.24732644       13.759239       2.0506168      0.69704442      0.30287812      0.14130713       147.32252       1.0135629      0.84490279      0.62142931      0.46100826      0.83767347       1.0411792       7.1507352       1.0464955        13.61497       635.66718     0.088545445      0.088545445       804.50791                  21.56277                        391.76962                           222.3348             155.22576                        13.61497
              4       401.84314       68.386132       3.1212464      0.97540196     0.022568604      0.11771533     0.049086046       1.0479262       1.0030398       2.2674625   2.2674625e-09       2.4136474      0.24596751      0.24729958       13.762301       2.0554386      0.69857795      0.30134478       0.1409288       147.47632       1.0127555      0.84088535      0.62051821      0.45974863      0.83750732       1.0412477       7.0685094       1.0479262       12.251038       635.25694     0.088545445      0.088545445       803.50918                 21.375462                        392.32718                           221.5543              156.0012                       12.251038
              2        401.6569       68.985934       3.1399356      0.97846523     0.022679162      0.11628453     0.066731644       1.0409964        1.003147       2.3102379   2.3102379e-09       2.3943313       0.2460147      0.24734694       13.745367       2.0215958      0.70657079      0.29335328      0.13960856       147.73625        1.011975      0.82374501      0.61858277      0.45524538      0.84052393       1.0412127       8.7610497       1.0409964       10.535863       635.68846     0.088545445      0.088545445       803.13671                 21.336951                        392.28402                          222.06749             156.91238                       10.535863
              1       400.82611       68.633768       3.1290156      0.97708433     0.022591818      0.11698465     0.063021513        1.038551       1.0004703       2.2851473   2.2851473e-09       2.4095729      0.24597745      0.24730956       13.759704       2.0145331      0.70225098       0.2976723      0.14022134       147.64583       1.0120384      0.83257118      0.61929921      0.45744105      0.83842828       1.0411438       8.4431763        1.038551       10.672073       633.81574     0.088545445      0.088545445       801.47512                 21.407584                        391.08267                          221.32548             156.98731                       10.672073
              1        401.4473       68.572866       3.1255191      0.97721028     0.022556848      0.11716898     0.066241987       1.0332172       1.0019527       2.2771712   2.2771712e-09       2.4157145      0.24596248      0.24729453       13.761008       1.9946129      0.70140423      0.29851892       0.1403707       147.63552       1.0118865      0.83420636      0.61937108      0.45781908      0.83793042       1.0412498       8.7621163       1.0332172       10.839938       635.44976     0.088545445      0.088545445       802.71751                 21.465809                        392.26828                          221.71567             156.42781                       10.839938
              1       401.64388       68.661458       3.1267705      0.97727703     0.022596097      0.11725676     0.061891097       1.0373776       1.0017095       2.2800227   2.2800227e-09       2.4088228      0.24597928      0.24731139         13.7497       2.0145648      0.70190483      0.29801852      0.14049772       147.56823       1.0123582      0.83387412      0.61979992      0.45794395      0.83886235       1.0415061        8.338905       1.0373776       10.615184       635.02147     0.088545445      0.088545445       803.11068                 21.458107                        390.79161                          222.77175             157.47402                       10.615184
              4       402.77939       68.661458       3.1023715      0.97873992     0.022596097      0.11725676     0.061891097       1.0247905        1.000953       2.2250656   2.2250656e-09       2.4088228      0.24597928      0.24731139         13.7497       1.9660062      0.70190483      0.29801852      0.14049772       147.56823       1.0006456      0.82422656       0.6126291      0.45264574      0.82915708       1.0415061        8.338905       1.0247905       10.615184       635.81212     0.088545445      0.088545445        805.3817                 21.248453                        390.80442                          223.75925             158.95439                       10.615184
              2       403.10497       68.754454       3.1125179      0.97661177     0.022814004      0.11720816     0.054096494       1.0373657       1.0009817        2.247757    2.247757e-09       2.3710823      0.24607149      0.24740394       13.736872       2.0172594      0.70235252      0.29757103      0.14066703       147.33871       1.0025014      0.82519739      0.61395007      0.45345137      0.83125715       1.0411709       7.5217585       1.0373657       10.874314       636.70955     0.088545445      0.088545445       806.03284                 21.483379                         390.4576                          224.76857             158.44898                       10.874314
              4       403.47443       68.754454        3.103691      0.97734012     0.022814004      0.11720816     0.054096494       1.0336878      0.99960058       2.2280035   2.2280035e-09       2.3710823      0.24607149      0.24740394       13.736872       1.9995315      0.70235252      0.29757103      0.14066703       147.33871      0.99836626      0.82179363      0.61141766      0.45158098      0.82782839       1.0411709       7.5217585       1.0336878       10.874314       636.90721     0.088545445      0.088545445       806.77178                 21.292205                        390.52358                          225.09143             158.99025                       10.874314
              2       402.15596       68.462081       3.0935308      0.97747067     0.022632636      0.11740123     0.055107305       1.0269308       1.0012393       2.2054811   2.2054811e-09       2.4024325      0.24599489      0.24732706       13.762399       1.9753213      0.69977988      0.30014302      0.14067873       147.48885      0.99705416      0.82533467      0.61062679      0.45196824      0.82498072       1.0409746       7.6648513       1.0269308        11.89039       633.86767     0.088545445      0.088545445       804.13482                 21.275295                        390.33925                          222.25313             158.37676                        11.89039
              3       402.67151       68.891308       3.1011266      0.98084471     0.022596733      0.11651829     0.060948402       1.0260895       1.0036358       2.2222973   2.2222973e-09       2.4087115      0.24597956      0.24731167       13.749572       1.9672658      0.70544528      0.29447857      0.13975989       147.76553      0.99579584      0.81281502       0.6088579      0.44851748      0.82651839       1.0413948       8.2343412       1.0260895        10.39738       635.63137     0.088545445      0.088545445       805.16594                 20.934795                        390.53777                           224.1588             159.13719                        10.39738
              3       403.53366       68.891308       3.1080056      0.97518257     0.022596733      0.11651829     0.060948402       1.0284378       1.0052819       2.2376373   2.2376373e-09       2.4087115      0.24597956      0.24731167       13.749572       1.9808454      0.70544528      0.29447857      0.13975989       147.76553      0.99705072      0.81383931      0.60962517      0.44908269      0.82755995       1.0413948       8.2343412       1.0284378        10.39738       636.84337     0.088545445      0.088545445       806.89024                 21.869962                        390.50636                          224.46705             159.64949                        10.39738
              1       401.75478       68.891308       3.1200914      0.97536216     0.022596733      0.11651829     0.060948402       1.0356838       1.0027947        2.264845    2.264845e-09       2.4087115      0.24597956      0.24731167       13.749572       2.0049307      0.70544528      0.29447857      0.13975989       147.76553       1.0031633      0.81882868      0.61336257      0.45183586      0.83263343       1.0413948       8.2343412       1.0356838        10.39738       634.65333     0.088545445      0.088545445       803.33248                 21.728715                        390.53086                          222.39375             158.28176                        10.39738
              2       402.30908       68.721388       3.1173969      0.97360867     0.022649876      0.11700832     0.058469174       1.0364513      0.99822781       2.2587506   2.2587506e-09       2.3994259      0.24600224      0.24733444        13.74972        2.009475      0.70283671      0.29708677      0.14030307        147.5747       1.0041414      0.82513823      0.61455631      0.45371435      0.83241684       1.0412805       7.9885268       1.0364513       10.531668       633.70364     0.088545445      0.088545445       804.44106                 21.941289                        390.15651                          221.60584             160.20575                       10.531668
              1       401.97181       68.721388       3.1219476      0.97379866     0.022649876      0.11700832     0.058469174       1.0374649       1.0017141       2.2690529   2.2690529e-09       2.3994259      0.24600224      0.24733444        13.74972       2.0186403      0.70283671      0.29708677      0.14030307        147.5747       1.0065022      0.82707812      0.61600113      0.45478103      0.83437385       1.0412805       7.9885268       1.0374649       10.531668       635.73875     0.088545445      0.088545445       803.76653                 22.064498                        390.17687                          223.49738             157.49611                       10.531668
              3       404.69103       68.729398       3.1222213      0.97381242     0.022653412      0.11699673     0.058524673       1.0370021       1.0076927       2.2696741   2.2696741e-09         2.39881      0.24600375      0.24733595       13.749233       2.0189688      0.70292303      0.29700047      0.14029501       147.57386       1.0065187      0.82692366      0.61600241      0.45474894      0.83443618       1.0412827       7.9929782       1.0370021       10.516455       637.67418     0.088545445      0.088545445       809.20497                 22.130352                        390.13549                          225.40834             161.01433                       10.516455
              4       402.64664       68.801164       3.1234537      0.97418197     0.022656111      0.11691134     0.055744417       1.0415747       1.0064373        2.272473    2.272473e-09         2.39834       0.2460049       0.2473371       13.745154       2.0327302      0.70371715      0.29620651      0.14021231       147.59372       1.0064902      0.82534109      0.61589419      0.45436488       0.8348481       1.0413972       7.7163363       1.0415747       10.374192       635.12392     0.088545445      0.088545445       805.11619                 21.888607                        390.13299                          223.10232             159.61808                       10.374192
              7       403.44562       68.801164       3.1187609      0.97887856     0.022656111      0.11691134     0.055744417       1.0410139      0.99713145       2.2618336   2.2618336e-09         2.39834       0.2460049       0.2473371       13.745154       2.0232133      0.70371715      0.29620651      0.14021231       147.59372       1.0059468      0.82489543      0.61556163      0.45411954      0.83439731       1.0413972       7.7163363       1.0410139       10.374192       635.33644     0.088545445      0.088545445       806.71416                 21.018934                        390.31566                          224.00185             161.00352                       10.374192
              2       405.02946        68.85925        3.120591      0.97913342     0.022663984      0.11677109      0.05494499       1.0422656       1.0094269       2.2659768   2.2659768e-09       2.3969697      0.24600825      0.24734047       13.743644       2.0301627      0.70449598       0.2954278      0.14007994       147.62253       1.0058793      0.82323554      0.61537501       0.4536832      0.83469347        1.041399       7.6325619       1.0422656         10.3398       634.72028     0.088545445      0.088545445       809.88183                 21.032875                        390.42341                            223.264             164.82175                         10.3398
              5       408.41067       68.982843       3.1229036      0.98043875     0.022629364      0.11637961     0.059692474       1.0402722      0.99388681       2.2712232   2.2712232e-09       2.4030038       0.2459935      0.24732566       13.744399       2.0156336      0.70644934      0.29347472      0.13965384       147.76632       1.0051197      0.81845125      0.61444214      0.45224489      0.83481129       1.0414333       8.1024327       1.0402722       10.573661       636.64237     0.088545445      0.088545445       816.64426                 20.844998                        390.37649                          225.42089             169.42822                       10.573661
              3       407.58358       68.798224       3.1165626      0.97984508     0.022586001        0.116798     0.062587722       1.0338133      0.99477935       2.2568669   2.2568669e-09       2.4105929      0.24597496      0.24730706       13.750429       1.9913286       0.7040794      0.29584425      0.14002887        147.7024       1.0051584      0.82332408      0.61487793       0.4534764      0.83372557       1.0414467       8.4001424       1.0338133       10.324106       638.09574     0.088545445      0.088545445       814.99008                 20.938743                        390.87595                          226.28105             166.57023                       10.324106
              1       409.02641       68.594221       3.1110243      0.97897594     0.022518956      0.11708625     0.052792763       1.0414452      0.99433552       2.2444021   2.2444021e-09       2.4223951      0.24594623      0.24727822       13.762418       2.0195074      0.70184649       0.2980767      0.14025007       147.70018       1.0050333      0.82758067      0.61504408      0.45445224      0.83238498       1.0413218       7.4514418       1.0414452       10.633491       639.66084     0.088545445      0.088545445       817.87573                 20.801563                        390.96183                          227.89746             167.58139                       10.633491
              1          404.39       68.756122       3.1150586      0.98067572     0.022457505      0.11642157     0.053838148       1.0426246      0.99928716       2.2534751   2.2534751e-09       2.4332878      0.24591988      0.24725177          13.768       2.0234363      0.70478498      0.29513858      0.13952394       147.94759       1.0038383      0.82022635      0.61351609      0.45220197      0.83237583       1.0412455       7.5602447       1.0426246       10.341139       637.53203     0.088545445      0.088545445       808.60291                 20.661241                         390.7668                          226.10398             160.72974                       10.341139
              4       403.33475       68.756122       3.1177104      0.98069799     0.022457505      0.11642157     0.053838148       1.0440083       1.0021694       2.2594587   2.2594587e-09       2.4332878      0.24591988      0.24725177          13.768       2.0288091      0.70478498      0.29513858      0.13952394       147.94759       1.0051788      0.82132163      0.61433534      0.45280582      0.83348734       1.0412455       7.5602447       1.0440083       10.341139       637.53403     0.088545445      0.088545445       806.49241                  20.65895                         390.7668                          226.10828             158.61723                       10.341139
              1       400.87921       68.500948       3.1132246      0.97826475     0.022544661      0.11718842     0.059448672       1.0334715       1.0016811        2.249346    2.249346e-09       2.4178603      0.24595725      0.24728928       13.767181       1.9971919      0.70076147      0.29916152      0.14037795       147.64393       1.0065979      0.83101781      0.61614189      0.45567707      0.83311376       1.0410882       8.1114152       1.0334715       11.162082       633.29358     0.088545445      0.088545445       801.58133                 21.183812                        390.33489                          221.77488             157.12567                       11.162082
              5       401.77384       68.500948       3.1309786      0.97811438     0.022544661      0.11718842     0.059448672       1.0442381       1.0015822       2.2896375   2.2896375e-09       2.4178603      0.24595725      0.24728928       13.767181       2.0329667      0.70076147      0.29916152      0.14037795       147.64393       1.0155147      0.83837925      0.62159988       0.4597136      0.84049375       1.0410882       8.1114152       1.0442381       11.162082       635.52352     0.088545445      0.088545445        803.3706                 21.064074                         390.3358                          224.12365               156.685                       11.162082
              5       400.83782       68.640613       3.1381144      0.97771762     0.022650816      0.11695057     0.056807486       1.0487044       1.0023731       2.3060342   2.3060342e-09       2.3992623      0.24600264      0.24733484       13.758416       2.0583698       0.7022575       0.2976658      0.14024625       147.58913       1.0161987      0.83601894      0.62187262      0.45933937      0.84191684       1.0409765       7.8229049       1.0487044       10.813225        633.1683     0.088545445      0.088545445       801.49855                 21.288778                        390.19514                          221.68438             157.51703                       10.813225
              1       401.92728       68.298194       3.1227363      0.97724035     0.022509085      0.11786332     0.057743239       1.0388321       1.0026899       2.2708432   2.2708432e-09         2.42414        0.245942      0.24727397       13.767684       2.0231683       0.6976116      0.30231093      0.14101727       147.50321       1.0158892      0.84537671      0.62253591      0.46161283      0.83955846       1.0412964       7.9633851       1.0388321       12.732309       634.03541     0.088545445      0.088545445       803.67746                 21.347918                          390.147                          222.54049             156.90975                       12.732309
              4       402.41225       68.383393       3.1243575      0.97837009     0.022448267      0.11745454      0.05560705       1.0425059       1.0027011       2.2745275   2.2745275e-09       2.4349315      0.24591592       0.2472478       13.772961       2.0351271      0.69936882       0.3005539      0.14054767       147.68045       1.0150231       0.8407604      0.62148669      0.46016377      0.83936574         1.04127       7.7571838       1.0425059       11.541586       634.75732     0.088545445      0.088545445       804.64742                 21.122127                        390.31211                          223.32308             158.34851                       11.541586
             15       402.62365       68.383393       3.1269066      0.97939003     0.022448267      0.11745454      0.05560705       1.0450893       1.0042601       2.2803331   2.2803331e-09       2.4349315      0.24591592       0.2472478       13.772961       2.0403216      0.69936882       0.3005539      0.14054767       147.68045       1.0167151      0.84216195      0.62252271      0.46093087      0.84076497         1.04127       7.7571838       1.0450893       11.541586       635.85863     0.088545445      0.088545445        805.0702                 20.888892                        390.37468                          224.59505             157.66999                       11.541586
              7       403.93121       68.630173       3.1414457       0.9780217     0.022679401      0.11705057      0.04541008       1.0639862       1.0031163       2.3137293   2.3137293e-09       2.3942898       0.2460148      0.24734704       13.755823       2.1128558      0.70189391      0.29802937      0.14037483       147.53049       1.0183936      0.83868185      0.62335864      0.46057753      0.84367118       1.0409794       6.6498579       1.0639862       10.969634       639.79819     0.088545445      0.088545445       807.68533                 20.918189                        395.34406                          223.53594             156.91751                       10.969634
              1       404.11204       68.630173       3.0923624      0.97554854     0.022679401      0.11705057      0.04541008        1.037709       1.0035423       2.2029058   2.2029058e-09       2.3942898       0.2460148      0.24734704       13.755823       2.0116537      0.70189391      0.29802937      0.14037483       147.53049       0.9927619      0.81757326      0.60766947      0.44898536      0.82243702       1.0409794       6.6498579        1.037709       10.969634        638.5311     0.088545445      0.088545445         808.047                 21.269069                        395.07857                          222.18346             158.54627                       10.969634
              2        403.4948       68.719536       3.0949238      0.97495593     0.022825797      0.11738481     0.058354761       1.0244088       1.0032059       2.2085554   2.2085554e-09       2.3690655       0.2460764      0.24740887       13.734822        1.965269      0.70165092      0.29827255      0.14085547       147.27853      0.99410426      0.81981314      0.60901132      0.45006857      0.82408507       1.0412252       7.9437895       1.0244088       11.113252       637.20536     0.088545445      0.088545445       806.81252                 21.772492                        390.17466                          225.25821             158.49391                       11.113252
              1       403.78784       68.719536         3.14337      0.97907781     0.022825797      0.11738481     0.058354761       1.0495678       1.0000565       2.3181858   2.3181858e-09       2.3690655       0.2460764      0.24740887       13.734822       2.0628229      0.70165092      0.29827255      0.14085547       147.27853       1.0200946      0.84124675      0.62493362      0.46183539      0.84563036       1.0412252       7.9437895       1.0495678       11.113252       637.29603     0.088545445      0.088545445       807.39858                 21.163385                        390.16041                          225.97223              158.9893                       11.113252
              1       403.61952       68.719536        3.140818      0.97929898     0.022825797      0.11738481     0.058354761       1.0485514       1.0013678       2.3122775   2.3122775e-09       2.3690655       0.2460764      0.24740887       13.734822       2.0575654      0.70165092      0.29827255      0.14085547       147.27853       1.0188806      0.84024558      0.62418989      0.46128576      0.84462398       1.0412252       7.9437895       1.0485514       11.113252       637.77627     0.088545445      0.088545445       807.06194                 21.105486                        390.17507                          226.49572             158.17242                       11.113252
              8       406.74971       69.000984       3.1535585      0.98004934     0.022926741      0.11651769     0.064704645       1.0495678       1.0023104       2.3419254   2.3419254e-09        2.351909      0.24611817      0.24745079       13.730895       2.0576491      0.70568905      0.29423505       0.1400893       147.39809       1.0187416      0.83158667       0.6232543      0.45902769      0.84623636       1.0408734       8.5139899       1.0495678       10.473668       639.91481     0.088545445      0.088545445       813.32234                  21.14248                        391.41684                          227.35549             162.93386                       10.473668
              6       411.08234       69.358249       3.1653041      0.98188242     0.022975378      0.11555136     0.069856809       1.0525206        1.000571       2.3695949   2.3695949e-09       2.3437082       0.2461382      0.24747089       13.724559       2.0606169      0.71062091      0.28930396       0.1391716       147.60333       1.0179932      0.82054758      0.62177399      0.45600662      0.84780106       1.0407649       8.9634683       1.0525206       11.625935       643.95834     0.088545445      0.088545445       821.98759                  20.92822                        393.35939                          229.67073             166.40332                       11.625935
              4         405.605       68.747846       3.1450818      0.97956025     0.022830397      0.11691357     0.066881317       1.0424676        1.001141       2.3221574   2.3221574e-09       2.3682795      0.24607831      0.24741079       13.745041       2.0314179      0.70288392      0.29703961      0.14038883       147.39916        1.018324      0.83683407       0.6233316       0.4601747      0.84433647       1.0407952       8.7487564       1.0424676       10.928891       639.12612     0.088545445      0.088545445       811.03292                 21.230949                        392.35168                          225.54349              160.9779                       10.928891
              4       405.21625       68.855183       3.1480364       0.9807565     0.022731441      0.11628157     0.048899112       1.0645888       1.0007263       2.3290286   2.3290286e-09       2.3852764      0.24603685      0.24736917       13.755559       2.1120374       0.7053513      0.29457247      0.13965788       147.67865       1.0170854      0.83021302      0.62176141      0.45805941       0.8439675       1.0406884       6.9945617       1.0645888        10.43825        638.1326     0.088545445      0.088545445       810.25542                 20.668756                        392.98065                          224.48319             161.68456                        10.43825
              3       405.49681       69.226722       3.1559118       0.9839384     0.022677433      0.11526466     0.056251588       1.0619309       1.0006204        2.347443    2.347443e-09       2.3946315      0.24601397      0.24734621       13.752195       2.0976622       0.7107402      0.28918439      0.13858696       148.01325       1.0153906      0.81736921      0.61953201       0.4543154      0.84483138       1.0408266       7.7340894       1.0619309       12.121152       635.65157     0.088545445      0.088545445       810.81653                 20.458926                        390.39191                          224.80073             163.04381                       12.121152
              1       405.17005       69.226722       3.1295633      0.97557297     0.022677433      0.11526466     0.056251588       1.0476487       1.0024521       2.2863992   2.2863992e-09       2.3946315      0.24601397      0.24734621       13.752195       2.0431138       0.7107402      0.28918439      0.13858696       148.01325      0.99887124      0.80407142      0.60945284      0.44692414      0.83108681       1.0408266       7.7340894       1.0476487       12.121152       634.72258     0.088545445      0.088545445         810.163                 21.492069                        390.18692                          223.04359             163.31927                       12.121152
              2        406.2982       69.469425       3.1327139      0.97596084     0.022782903      0.11549323     0.050558585       1.0544291       1.0033736       2.2936142   2.2936142e-09       2.3764138      0.24605849      0.24739089       13.721662       2.0730307      0.71206567      0.28785944        0.138921       147.83345       1.0000431      0.80309864       0.6105352      0.44720415      0.83351916       1.0415228       7.1450932       1.0544291       13.504502       638.63636     0.088545445      0.088545445       812.41931                 21.422914                        391.82476                          225.38869             160.27845                       13.504502
             12       407.20589       69.469425       3.1366699      0.97617766     0.022782903      0.11549323     0.050558585       1.0565092      0.99863228       2.3027056   2.3027056e-09       2.3764138      0.24605849      0.24739089       13.721662       2.0812478      0.71206567      0.28785944        0.138921       147.83345       1.0021072      0.80475621      0.61179532      0.44812717      0.83523951       1.0415228       7.1450932       1.0565092       13.504502       638.51595     0.088545445      0.088545445       814.23469                 21.392056                        391.86905                          225.25484             162.21423                       13.504502
              3       406.24392       68.887815       3.1244049      0.97279695     0.022791719      0.11659044     0.068137939       1.0318064       1.0032064       2.2746354   2.2746354e-09       2.3749006      0.24606218      0.24739459        13.74257       1.9848511       0.7048525      0.29507134      0.14002702       147.52862       1.0031638      0.82029161      0.61365577      0.45227917      0.83261277        1.040963       8.8697124       1.0318064       10.436709       640.41282     0.088545445      0.088545445       812.31074                 22.248965                        393.04276                           225.1211             161.46121                       10.436709
              6       405.24908       68.887815       3.1839468      0.97477359     0.022791719      0.11659044     0.068137939       1.0628391       1.0010554        2.414185    2.414185e-09       2.3749006      0.24606218      0.24739459        13.74257       2.1066223       0.7048525      0.29507134      0.14002702       147.52862        1.034263      0.84572153      0.63267976      0.46630031      0.85842466        1.040963       8.8697124       1.0628391       10.436709       638.66157     0.088545445      0.088545445       810.32107                 21.917164                        392.96403                          223.78037             161.22279                       10.436709
              4        404.1593        68.91092       3.1844231      0.97489319      0.02279352      0.11655624     0.067697618       1.0617973       1.0015583       2.4153351   2.4153351e-09       2.3745916      0.24606294      0.24739535       13.741418       2.1094828      0.70511862      0.29480528      0.13999462       147.53577       1.0342468      0.84516367      0.63263328       0.4661609      0.85855519       1.0409898        8.827686       1.0617973       10.418211       637.57111     0.088545445      0.088545445        808.1415                 22.089447                        392.74861                          222.73305             160.15219                       10.418211
              1        404.7296        68.91092        3.178902      0.97719638      0.02279352      0.11655624     0.067697618       1.0607403       0.9988519       2.4020364   2.4020364e-09       2.3745916      0.24606294      0.24739535       13.741418       2.0978681      0.70511862      0.29480528      0.13999462       147.53577       1.0323098      0.84358082      0.63144846      0.46528786      0.85694726       1.0409898        8.827686       1.0607403       10.418211       638.31627     0.088545445      0.088545445        809.2821                 21.506557                        392.72899                          224.08073             160.54762                       10.418211
              2       403.80113       68.903158       3.1784841      0.97721354     0.022786022      0.11656872     0.067057736        1.059545       0.9997232       2.4010329   2.4010329e-09       2.3758782       0.2460598       0.2473922       13.741966       2.0996771      0.70504168       0.2948822      0.13999961       147.54078       1.0322691      0.84369809      0.63142915      0.46530398      0.85686517       1.0409996       8.7700919        1.059545       10.416581       636.53235     0.088545445      0.088545445       807.42517                 21.653549                        392.41429                          222.46451             160.47625                       10.416581
              4       403.57601       68.903158       3.1191777      0.97582945     0.022786022      0.11656872     0.067057736       1.0281024       1.0018336       2.2627765   2.2627765e-09       2.3758782       0.2460598       0.2473922       13.741966       1.9787734      0.70504168       0.2948822      0.13999961       147.54078       1.0015749      0.81861097      0.61265379       0.4514683      0.83138653       1.0409996       8.7700919       1.0281024       10.416581       637.95136     0.088545445      0.088545445       806.97493                 21.934662                        392.43188                          223.58481             158.60699                       10.416581
              3       404.03928       68.870438        3.118753      0.97584787     0.022762957      0.11650246     0.067080884       1.0278263       1.0019272       2.2618158   2.2618158e-09       2.3798428      0.24605012      0.24738249       13.747297       1.9778416      0.70494966      0.29497415      0.13991029       147.58423       1.0013183      0.81843657      0.61239915      0.45131584      0.83097621       1.0408907       8.7764693       1.0278263       10.431994       637.96707     0.088545445      0.088545445       807.90147                 21.932729                        392.46755                          223.56678             159.50241                       10.431994
              6       407.16127       68.870438       3.2023806       0.9813698     0.022762957      0.11650246     0.067080884       1.0720688       1.0016125       2.4591002   2.4591002e-09       2.3798428      0.24605012      0.24738249       13.747297       2.1503567      0.70494966      0.29497415      0.13991029       147.58423       1.0462966      0.85519997      0.63990754      0.47158852      0.86830288       1.0408907       8.7764693       1.0720688       10.431994       637.65873     0.088545445      0.088545445       814.14545                  21.06788                        392.38568                          224.20517             166.05472                       10.431994
              1       407.05197       68.870438       3.1802641      0.97070371     0.022762957      0.11650246     0.067080884       1.0596214       1.0037575       2.4053104   2.4053104e-09       2.3798428      0.24605012      0.24738249       13.747297       2.1033203      0.70494966      0.29497415      0.13991029       147.58423        1.030556      0.84233424       0.6302807      0.46449388      0.85524002       1.0408907       8.7764693       1.0596214       10.431994       641.01264     0.088545445      0.088545445       813.92685                  22.94355                        392.65369                          225.41539             162.48222                       10.431994
              1       406.16611       68.785507       3.1768797      0.97064943     0.022720155       0.1166493     0.067253926       1.0576144       1.0016868       2.3971838   2.3971838e-09       2.3872269      0.24603208      0.24736438       13.751951       2.0954886      0.70400073      0.29592289      0.14001432       147.59255       1.0303528      0.84408463      0.63027351      0.46486162      0.85454397       1.0409059       8.8061132       1.0576144       10.502977       639.85963     0.088545445      0.088545445       812.15513                 22.930988                        392.73554                          224.19311             161.79252                       10.502977
              1       405.92564        68.76522       3.1769377      0.97065597     0.022700557      0.11655958     0.065500936       1.0606854       1.0011077       2.3973229   2.3973229e-09       2.3906194      0.24602378      0.24735605       13.756738       2.1029703      0.70405721      0.29586636      0.13990501       147.63846         1.03012      0.84362441       0.6300081      0.46464367      0.85422491       1.0407997       8.6443203       1.0606854       10.514075       636.96519     0.088545445      0.088545445       811.67419                 22.708945                        392.01971                          222.23654             164.19492                       10.514075
              6       406.75153        68.76522       3.1763686       0.9699212     0.022700557      0.11655958     0.065500936       1.0595717       1.0017545       2.3959587   2.3959587e-09       2.3906194      0.24602378      0.24735605       13.756738       2.1017737      0.70405721      0.29586636      0.13990501       147.63846       1.0295373      0.84314722      0.62965174      0.46438085      0.85374173       1.0407997       8.6443203       1.0595717       10.514075       638.95039     0.088545445      0.088545445       813.32596                 22.966112                        392.01598                           223.9683              163.8615                       10.514075
              1       407.25236        68.76522       3.1781621      0.96973729     0.022700557      0.11655958     0.065500936       1.0614275      0.99965574       2.4002599   2.4002599e-09       2.3906194      0.24602378      0.24735605       13.756738       2.1055467      0.70405721      0.29586636      0.13990501       147.63846       1.0303885      0.84384429       0.6301723      0.46476478      0.85444755       1.0407997       8.6443203       1.0614275       10.514075       637.64973     0.088545445      0.088545445       814.32762                 22.883237                        392.00955                          222.75694             166.16382                       10.514075
              1        405.9178        68.67782       3.1706757      0.96973277     0.022622495      0.11706583     0.050505652       1.0714033       1.0049213       2.3823577   2.3823577e-09       2.4042036      0.24599057      0.24732272       13.752748       2.1534675      0.70239569      0.29752769      0.14033319       147.58984       1.0304671      0.84763306        0.630702      0.46580705       0.8539695       1.0412828       7.1951496       1.0714033       10.605958       638.51109     0.088545445      0.088545445       811.65852                 22.581516                        391.29642                          224.63316             162.54147                       10.605958
              9       405.57527        68.67782       3.1873406      0.97095801     0.022622495      0.11706583     0.050505652       1.0805068       1.0043661       2.4223921   2.4223921e-09       2.4042036      0.24599057      0.24732272       13.752748       2.1896554      0.70239569      0.29752769      0.14033319       147.58984       1.0395767      0.85512639       0.6362776      0.46992492      0.86151885       1.0412828       7.1951496       1.0805068       10.605958       637.24705     0.088545445      0.088545445       810.97345                 22.335884                        391.35867                           223.5525             163.12044                       10.605958
              7       405.81903       68.676945       3.1873175      0.97095059      0.02262256      0.11706856     0.050462972       1.0806948       1.0053201       2.4223362   2.4223362e-09       2.4041923      0.24599059      0.24732275       13.752749       2.1897919      0.70238218       0.2975412      0.14033599       147.58904       1.0395807      0.85515918      0.63628322      0.46993441      0.86151668        1.041283       7.1907816       1.0806948        10.60925       636.86871     0.088545445      0.088545445       811.46098                  22.31753                        391.39389                          223.15729             163.98302                        10.60925
              1       406.00079       68.980436       3.1976449      0.97168564      0.02272358      0.11648923     0.049752061       1.0884605       1.0002286       2.4474821   2.4474821e-09       2.3866346      0.24603352      0.24736583       13.739033       2.2156718      0.70600045       0.2939236      0.13985768       147.63166        1.039744      0.84779583      0.63584024      0.46817328      0.86355379       1.0413029       7.0885076       1.0884605       10.438873       637.52298     0.088545445      0.088545445       811.82449                 22.112033                        391.87209                          223.53885             163.86264                       10.438873
              3       404.25871       68.980436       3.1704399      0.97200667      0.02272358      0.11648923     0.049752061       1.0736497       1.0007679       2.3817959   2.3817959e-09       2.3866346      0.24603352      0.24736583       13.739033        2.156207      0.70600045       0.2939236      0.13985768       147.63166       1.0258231      0.83644491      0.62732714      0.46190503      0.85199189       1.0413029       7.0885076       1.0736497       10.438873       637.53921     0.088545445      0.088545445       808.34033                 22.067865                        391.88422                          223.58712             160.36225                       10.438873
              5       403.57237       68.980436       3.1601281      0.97383988      0.02272358      0.11648923     0.049752061       1.0685076       1.0053794       2.3573616   2.3573616e-09       2.3866346      0.24603352      0.24736583       13.739033        2.134087      0.70600045       0.2939236      0.13985768       147.63166       1.0212671         0.83273      0.62454098      0.45985356      0.84820793       1.0413029       7.0885076       1.0685076       10.438873       636.36321     0.088545445      0.088545445       806.96765                 21.723377                        392.01829                          222.62154             160.16557                       10.438873
              3       402.66362       69.011623       3.1615458      0.97378154     0.022751341      0.11649688     0.051143742        1.067336       1.0017716        2.360706    2.360706e-09       2.3818433      0.24604524      0.24737759       13.735316       2.1311745      0.70619178      0.29373234      0.13989308        147.5987       1.0216507      0.83274306      0.62481509      0.45998053       0.8487183       1.0413323       7.2257278        1.067336       10.463406       636.43129     0.088545445      0.088545445       805.15016                 21.819321                        391.30088                          223.31109             158.25546                       10.463406
              1        402.2393       69.011623       3.1240282      0.97535457     0.022751341      0.11649688     0.051143742       1.0476234       1.0011558       2.2737788   2.2737788e-09       2.3818433      0.24604524      0.24737759       13.735316       2.0526993      0.70619178      0.29373234      0.13989308        147.5987       1.0032717      0.81776239      0.61357494      0.45170568      0.83345023       1.0413323       7.2257278       1.0476234       10.463406       636.14386     0.088545445      0.088545445       804.30151                 21.559583                        391.35477                          223.22951             157.69424                       10.463406
              1       401.69041       69.069059       3.1274401      0.97596624      0.02273929      0.11617215     0.055220936       1.0464696       1.0007598         2.28155     2.28155e-09       2.3839214      0.24604016      0.24737249       13.739469       2.0429874      0.70738618      0.29253806       0.1395563       147.69931       1.0032489      0.81508981      0.61319138      0.45096376      0.83377803        1.041184       7.6337624       1.0464696       10.696068        634.3717     0.088545445      0.088545445       803.20373                 21.452369                        390.26492                          222.65441             158.13597                       10.696068
              2        401.8678       68.822995       3.1219388      0.97456573     0.022738364      0.11679137      0.05838655       1.0380132       1.0041196       2.2690328   2.2690328e-09       2.3840813      0.24603977       0.2473721       13.744257       2.0189561      0.70398471      0.29593899       0.1401746       147.53419       1.0044429      0.82312327      0.61460005      0.45330774      0.83328208       1.0411226       7.9564336       1.0380132       10.453609       635.44401     0.088545445      0.088545445       803.55851                 21.917904                        390.13745                          223.38866             157.66089                       10.453609
              2       401.62522       68.821702       3.1221379      0.97456826      0.02273653      0.11676396     0.058241047       1.0398336      0.99923847       2.2694846   2.2694846e-09       2.3843978      0.24603899      0.24737132        13.74517       2.0199458      0.70403534      0.29588836      0.14014535       147.54357       1.0044106      0.82296233      0.61454821      0.45325012      0.83324744       1.0410941       7.9420792       1.0398336       10.453883        634.1786     0.088545445      0.088545445       803.07335                 21.741708                        390.11439                           222.3225             158.44087                       10.453883
              6       401.20445       68.821702       3.1381784      0.97951126      0.02273653      0.11676396     0.058241047       1.0482346       1.0026474       2.3061819   2.3061819e-09       2.3843978      0.24603899      0.24737132        13.74517        2.052608      0.70403534      0.29588836      0.14014535       147.54357       1.0144254      0.83116797      0.62067578      0.45776942      0.84155563       1.0410941       7.9420792       1.0482346       10.453883       634.61543     0.088545445      0.088545445       802.23181                 21.030165                        390.20641                          223.37885             157.16249                       10.453883
              6       402.95492       68.857155       3.1387653      0.98069701     0.022627554      0.11613308     0.053091891       1.0548275        1.004567       2.3075357   2.3075357e-09       2.4033199      0.24599273      0.24732488       13.762314       2.0750731      0.70590047      0.29402331       0.1394055       147.83467       1.0123564      0.82497815      0.61859076        0.455511      0.84005552       1.0407997       7.4428002       1.0548275       10.418905       634.30019     0.088545445      0.088545445       805.73275                 20.759333                        390.93755                          222.60331             161.01365                       10.418905
              3       402.43108       68.857155        3.129067      0.97610898     0.022627554      0.11613308     0.053091891        1.049657       1.0042307       2.2852648   2.2852648e-09       2.4033199      0.24599273      0.24732488       13.762314       2.0550458      0.70590047      0.29402331       0.1394055       147.83467       1.0056835      0.81954034      0.61451335      0.45250852      0.83451833       1.0407997       7.4428002        1.049657       10.418905       633.07489     0.088545445      0.088545445       804.68506                 21.338341                        390.77304                          220.96351             161.19127                       10.418905
             15       402.39117       68.325274       3.1094107      0.97432273     0.022540529      0.11784766     0.065702826       1.0240229       1.0012581       2.2407836   2.2407836e-09       2.4185884      0.24595548      0.24728751       13.764851        1.964858      0.69781743      0.30210516      0.14103305       147.47231       1.0075575      0.83809593      0.61744755      0.45776186      0.83283801       1.0412795       8.7278615       1.0240229        12.67484       635.04684     0.088545445      0.088545445       804.60524                 21.992991                        392.15535                           220.8985             156.88356                        12.67484
              3       402.37551       68.325274        3.123571      0.97360416     0.022540529      0.11784766     0.065702826       1.0313304       1.0016204       2.2727394   2.2727394e-09       2.4185884      0.24595548      0.24728751       13.764851       1.9928788      0.69781743      0.30210516      0.14103305       147.47231       1.0144377      0.84381892      0.62166383      0.46088771      0.83852509       1.0412795       8.7278615       1.0313304        12.67484       634.85179     0.088545445      0.088545445       804.57393                 22.115251                        392.13837                          220.59818              157.0473                        12.67484
              4       402.39857       68.255265       3.1202144      0.97267964     0.022546737       0.1180449     0.054044043       1.0419361       1.0001505       2.2651237   2.2651237e-09       2.4174945      0.24595814      0.24729018       13.765512       2.0330584      0.69676051      0.30316192      0.14123651       147.41281       1.0137182      0.84544117      0.62144686      0.46112924        0.837501       1.0412648       7.5873229       1.0419361       13.521499       633.21803     0.088545445      0.088545445       804.62004                 21.889864                        390.30891                          221.01925             157.88052                       13.521499
              3       402.67517       68.106889       3.1178743      0.97189076     0.022531622      0.11823611     0.053744358       1.0403715       1.0003494       2.2598291   2.2598291e-09        2.420159      0.24595166      0.24728367       13.773884       2.0295223      0.69505819       0.3048639       0.1414126       147.37885       1.0140147      0.84903585      0.62182225      0.46205403      0.83683485       1.0410648       7.5628353       1.0403715       15.320324       632.18747     0.088545445      0.088545445       805.17326                  22.05237                        390.33452                          219.80058             157.66546                       15.320324
              1       403.96675       68.166597       3.1230888      0.97125236     0.022624021      0.11818352     0.054533311       1.0407285       1.0048658       2.2716438   2.2716438e-09        2.403937      0.24599122      0.24732337       13.767496       2.0369164      0.69550648      0.30441575      0.14145241       147.28993       1.0151212      0.84920981      0.62254465      0.46242072      0.83811522       1.0409496       7.6214545       1.0407285       15.338211       634.96901     0.088545445      0.088545445       807.75641                 22.395984                        390.17705                          222.39597             157.44919                       15.338211
              1       403.36335       68.166597       3.1210845      0.97159824     0.022624021      0.11818352     0.054533311       1.0414799       1.0047931       2.2670952   2.2670952e-09        2.403937      0.24599122      0.24732337       13.767496       2.0328378      0.69550648      0.30441575      0.14145241       147.28993       1.0142382      0.84847107      0.62200309      0.46201845      0.83738612       1.0409496       7.6214545       1.0414799       15.338211       633.16916     0.088545445      0.088545445       806.54962                 22.116886                        390.20234                          220.84993             158.04225                       15.338211
              6       403.07535       68.368344       3.1263568      0.97236315     0.022645291       0.1176488     0.047940891       1.0517733       1.0001299       2.2790797   2.2790797e-09        2.400225      0.24600029      0.24733248       13.763601       2.0707067      0.69839935      0.30152334      0.14093896       147.40867       1.0132415      0.84162808       0.6208272      0.46004569      0.83780029       1.0409277       6.9317992       1.0517733       12.871628       635.42002     0.088545445      0.088545445       805.97361                 21.823771                        392.83679                          220.75946             157.68197                       12.871628
             10       404.21212       68.424519       3.1303432       0.9718628     0.022732661      0.11771428     0.051059265       1.0497256      0.99764054       2.2881832   2.2881832e-09       2.3850657      0.24603736      0.24736968       13.754456       2.0660521      0.69856789      0.30135492      0.14109181       147.29413       1.0144854      0.84258362      0.62175782      0.46067095      0.83917335       1.0409395        7.238235       1.0497256       12.948742       635.78178     0.088545445      0.088545445       808.24715                 22.092917                        391.22926                           222.4596             159.51663                       12.948742
              5       403.47339       68.424519        3.107222      0.97176165     0.022732661      0.11771428     0.051059265       1.0381181      0.99952691       2.2358845   2.2358845e-09       2.3850657      0.24603736      0.24736968       13.754456       2.0188305      0.69856789      0.30135492      0.14109181       147.29413       1.0027861      0.83286672      0.61458754      0.45535837      0.82949578       1.0409395        7.238235       1.0381181       12.948742       636.09401     0.088545445      0.088545445        806.7697                 22.056444                        391.22926                          222.80831             157.72694                       12.948742
              1       403.06573       68.389101       3.1061008      0.97176155     0.022714634       0.1177531     0.051675233       1.0371117       1.0010236        2.233379    2.233379e-09       2.3881818      0.24602974      0.24736204       13.757026       2.0140854      0.69821113       0.3017116       0.1411126       147.30382       1.0027272      0.83348907      0.61457407      0.45548306      0.82923233       1.0409218       7.3055329       1.0371117       13.194873       635.56528     0.088545445      0.088545445       805.95437                  22.03728                        390.96613                          222.56187             157.19421                       13.194873
              1       405.36552       68.399558       3.1067277      0.97190772     0.022711271      0.11769589     0.053000348       1.0375703       1.0002376       2.2347796   2.2347796e-09       2.3887638      0.24602832      0.24736061       13.757751       2.0100145      0.69843288      0.30148988      0.14105202       147.32278       1.0027658      0.83303355      0.61453178      0.45536802      0.82932769       1.0409008       7.4401246       1.0375703       13.039666       638.23387     0.088545445      0.088545445       810.55396                 21.879491                        390.58385                          225.77054             159.28042                       13.039666
              3        403.4786       68.399558       3.1267984      0.97014697     0.022711271      0.11769589     0.053000348       1.0458886       1.0039536       2.2800864   2.2800864e-09       2.3887638      0.24602832      0.24736061       13.757751       2.0507645      0.69843288      0.30148988      0.14105202       147.32278       1.0121986      0.84086972      0.62031255      0.45965157        0.837129       1.0409008       7.4401246       1.0458886       13.039666       635.17585     0.088545445      0.088545445       806.78011                 22.442757                        390.47665                          222.25644              158.5646                       13.039666
              4       403.35975       68.399558       3.1698419      0.97387871     0.022711271      0.11769589     0.053000348       1.0684278       1.0036814       2.3803721   2.3803721e-09       2.3887638      0.24602832      0.24736061       13.757751       2.1409638      0.69843288      0.30148988      0.14105202       147.32278        1.035695      0.86038902        0.634712      0.47032157      0.85656146       1.0409008       7.4401246       1.0684278       13.039666       634.22007     0.088545445      0.088545445       806.54242                 21.817189                        390.58693                          221.81594             159.28268                       13.039666
              7       403.51005       68.408004       3.1700683      0.97387523     0.022715805      0.11769078     0.052811894       1.0698754       1.0030198       2.3809109   2.3809109e-09       2.3879792      0.24603024      0.24736253       13.757018       2.1422558      0.69850857      0.30141421      0.14105145       147.31911       1.0357087      0.86025911      0.63471972      0.47029778      0.85662563       1.0409088       7.4200008       1.0698754       12.984991        634.6615     0.088545445      0.088545445         806.843                 21.697204                        390.71013                          222.25417             159.19651                       12.984991
              5       407.03572       68.408004       3.1737304      0.97458115     0.022715805      0.11769078     0.052811894       1.0694394      0.99817235       2.3896462   2.3896462e-09       2.3879792      0.24603024      0.24736253       13.757018       2.1501154      0.69850857      0.30141421      0.14105145       147.31911       1.0378872       0.8620686      0.63605481      0.47128701      0.85842748       1.0409088       7.4200008       1.0694394       12.984991       637.01378     0.088545445      0.088545445       813.89435                 21.836726                        390.68006                          224.49699             163.89558                       12.984991
              1       407.42938       68.440355       3.1751864      0.97446416     0.022737589      0.11762266     0.050842902       1.0722748      0.99880049        2.393128    2.393128e-09        2.384215      0.24603944      0.24737177       13.755417       2.1617444      0.69889244      0.30103041      0.14100512       147.31307       1.0378904      0.86128689      0.63600456      0.47109969      0.85863313       1.0408766       7.2135496       1.0722748       12.791252       638.39377     0.088545445      0.088545445       814.68167                 21.825636                         391.3637                          225.20444             163.49664                       12.791252
              4        403.7217       68.440355       3.1309685      0.97663845     0.022737589      0.11762266     0.050842902         1.05032         1.00051       2.2896143   2.2896143e-09        2.384215      0.24603944      0.24737177       13.755417       2.0682391      0.69889244      0.30103041      0.14100512       147.31307       1.0160414      0.84315563       0.6226158       0.4611824      0.84055773       1.0408766       7.2135496         1.05032       12.791252       636.41944     0.088545445      0.088545445       807.26632                 21.346606                        391.53293                          223.53991             158.05562                       12.791252
              1       404.45117       68.426109       3.1257619      0.97696086      0.02269236      0.11783356     0.047152081       1.0528794      0.99968202       2.2777244   2.2777244e-09       2.3920404      0.24602031      0.24735257       13.752165       2.0727427      0.69841322       0.3015096      0.14117078       147.30714       1.0151341      0.84352163      0.62224242      0.46108915      0.83971967       1.0411744        6.842715       1.0528794       12.712154       640.43639     0.088545445      0.088545445       808.72526                 21.092946                        393.79147                          225.55197             155.57672                       12.712154
              3       403.06236       68.426109       3.1306068      0.97575072      0.02269236      0.11783356     0.047152081       1.0542532       1.0013308       2.2887863   2.2887863e-09       2.3920404      0.24602031      0.24735257       13.752165       2.0828091      0.69841322       0.3015096      0.14117078       147.30714       1.0171241      0.84517527      0.62346226      0.46199306      0.84136585       1.0411744        6.842715       1.0542532       12.712154       637.85476     0.088545445      0.088545445       805.94762                 21.359649                        393.65104                          222.84407              155.3807                       12.712154
              1       406.62169       68.426109       3.1787151      0.97739411      0.02269236      0.11783356     0.047152081       1.0785549       1.0010869       2.4015875   2.4015875e-09       2.3920404      0.24602031      0.24735257       13.752165       2.1854589      0.69841322       0.3015096      0.14117078       147.30714       1.0425435      0.86629741      0.63904348      0.47353893       0.8623928       1.0411744        6.842715       1.0785549       12.712154       639.16621     0.088545445      0.088545445       813.06629                 21.259864                        393.67494                          224.23141             161.18792                       12.712154
              3       405.90177       68.426109       3.1882122      0.97474714      0.02269236      0.11783356     0.047152081       1.0860633       1.0002735       2.4245044   2.4245044e-09       2.3920404      0.24602031      0.24735257       13.752165       2.2063134      0.69841322       0.3015096      0.14117078       147.30714       1.0464436      0.86953819       0.6414341      0.47531042      0.86561896       1.0411744        6.842715       1.0860633       12.712154       638.56581     0.088545445      0.088545445       811.62644                 21.408483                        393.55596                          223.60137             160.34848                       12.712154
              1       405.23139       68.607097       3.1911496      0.97629455      0.02265605       0.1173446      0.04760925       1.0874422       1.0052495       2.4316365   2.4316365e-09       2.3983505      0.24600487      0.24733708       13.750471       2.2107813      0.70111825      0.29880497      0.14064552       147.47788       1.0453236      0.86273057      0.64015071      0.47329203      0.86583529       1.0412847       6.8913696       1.0874422       11.051043        636.9946     0.088545445      0.088545445       810.28569                 21.225457                        393.43774                           222.3314             162.24005                       11.051043
              7        405.6444       68.619203       3.1928232      0.97647223     0.022655041      0.11722598     0.050522335       1.0852767      0.99643979       2.4357095   2.4357095e-09       2.3985263      0.24600444      0.24733665       13.752666       2.2016199      0.70147777      0.29844548      0.14052589       147.51073        1.045538      0.86204914       0.6401458      0.47314597      0.86608925       1.0411966       7.1923637       1.0852767       10.964303       634.78824     0.088545445      0.088545445       811.11171                 21.254806                        391.72307                          221.81036             165.35917                       10.964303
              4       402.42037       68.619203       3.1395991      0.98001278     0.022655041      0.11722598     0.050522335       1.0571295       1.0032796       2.3094607   2.3094607e-09       2.3985263      0.24600444      0.24733665       13.752666       2.0875046      0.70147777      0.29844548      0.14052589       147.51073       1.0194671      0.84055358      0.62418349      0.46134788      0.84449295       1.0411966       7.1923637       1.0571295       10.964303       637.46672     0.088545445      0.088545445       804.66366                 20.790856                        391.96373                          224.71214             156.23263                       10.964303
              1       402.96546       68.741651       3.1474335      0.97941479     0.022804785      0.11727496     0.058535883       1.0518215        1.002259        2.327625    2.327625e-09       2.3726607      0.24606764      0.24740008       13.736433       2.0704721      0.70211978      0.29780374      0.14072461       147.33112       1.0217617      0.84156484      0.62580945      0.46230081      0.84714856        1.041228       7.9643952       1.0518215       10.909604       636.72969     0.088545445      0.088545445       805.75383                 21.101986                        390.16697                          225.46073             158.11453                       10.909604
              5       402.34222       68.741651       3.1436249      0.97797187     0.022804785      0.11727496     0.058535883       1.0497058       1.0028177       2.3187769   2.3187769e-09       2.3726607      0.24606764      0.24740008       13.736433       2.0626016      0.70211978      0.29780374      0.14072461       147.33112       1.0192514      0.83949729      0.62427196      0.46116503      0.84506729        1.041228       7.9643952       1.0497058       10.909604       636.17123     0.088545445      0.088545445       804.50736                 21.306786                        390.22916                          224.63529             157.42652                       10.909604
              3       404.16815       68.741651       3.1692873      0.98044835     0.022804785      0.11727496     0.058535883       1.0640775       1.0017017       2.3790522   2.3790522e-09       2.3726607      0.24606764      0.24740008       13.736433       2.1162178      0.70211978      0.29780374      0.14072461       147.33112        1.033399      0.85114981      0.63293708      0.46756616      0.85679712        1.041228       7.9643952       1.0640775       10.909604       638.24982     0.088545445      0.088545445       808.15922                 20.914848                        390.21703                          227.11795             158.99979                       10.909604
              3       403.64973       68.741651       3.1023656      0.97907337     0.022804785      0.11727496     0.058535883       1.0287472         1.00244       2.2250525   2.2250525e-09       2.3726607      0.24606764      0.24740008       13.736433       1.9792317      0.70211978      0.29780374      0.14072461       147.33112      0.99886346      0.82270495      0.61178474      0.45194041      0.82816353        1.041228       7.9643952       1.0287472       10.909604       637.64287     0.088545445      0.088545445       807.12237                  21.11269                        390.18249                          226.34769              158.5699                       10.909604
             12       402.76852       68.741651       3.1075884      0.97665538     0.022804785      0.11727496     0.058535883       1.0303872       1.0031202        2.236704    2.236704e-09       2.3726607      0.24606764      0.24740008       13.736433        1.989596      0.70211978      0.29780374      0.14072461       147.33112       1.0005438      0.82408898      0.61281394      0.45270071      0.82955675        1.041228       7.9643952       1.0303872       10.909604       636.33501     0.088545445      0.088545445       805.35994                 21.555763                        390.20691                          224.57234             158.11533                       10.909604
              9       403.15242        68.69806       3.1004033      0.97812814     0.022637544      0.11712099     0.055227969       1.0308349       1.0073923       2.2206906   2.2206906e-09       2.4015761      0.24599699      0.24732916        13.74904       1.9884636      0.70242225      0.29750118       0.1404034       147.55829      0.99819668      0.82114348      0.61102718      0.45126609      0.82734826       1.0413633       7.6721561       1.0308349       10.581468       634.49644     0.088545445      0.088545445       806.12775                 21.188347                        390.33931                          222.96879             161.04983                       10.581468
              1       403.87451        68.69806       3.1132972      0.97810398     0.022637544      0.11712099     0.055227969       1.0375468        1.008613       2.2495094   2.2495094e-09       2.4015761      0.24599699      0.24732916        13.74904       2.0142687      0.70242225      0.29750118       0.1404034       147.55829       1.0046435      0.82644679      0.61497346      0.45418057      0.83269163       1.0413633       7.6721561       1.0375468       10.581468       634.32769     0.088545445      0.088545445       807.57193                 21.187536                        390.33931                          222.80085             162.66277                       10.581468
              2        401.1638       68.748138       3.1186673      0.97818885     0.022663692      0.11678508     0.058182673       1.0372553       1.0010537       2.2616218   2.2616218e-09       2.3970204      0.24600813      0.24734034       13.753083       2.0131825      0.70351103      0.29641251      0.14009364        147.6191       1.0050768      0.82438002      0.61489909      0.45370961      0.83335437       1.0410854       7.9531225       1.0372553       10.483568       633.65991     0.088545445      0.088545445       802.15051                 21.265036                        390.17162                          222.22325             158.00704                       10.483568
              2       401.84813       68.932804       3.1245722      0.97846475     0.022736166      0.11649565     0.056197846       1.0425426       1.0007145       2.2750161   2.2750161e-09       2.3844606      0.24603884      0.24737117       13.742713       2.0331604      0.70555403      0.29436992      0.13987668       147.61594       1.0051826      0.82045145      0.61472558      0.45279815       0.8345607       1.0411364       7.7365448       1.0425426       10.393284       634.47144     0.088545445      0.088545445       803.51916                 21.218427                        390.24183                          223.01118             158.65444                       10.393284
              4       401.75721       68.928978       3.1244715      0.97843893     0.022735948      0.11650348     0.056080153       1.0441564      0.99935626       2.2747869   2.2747869e-09       2.3844982      0.24603875      0.24737107       13.742842       2.0334342      0.70550531      0.29441862      0.13988429       147.61408       1.0051836      0.82055164      0.61473454      0.45282348      0.83453834       1.0411341       7.7250534       1.0441564        10.39086       634.87707     0.088545445      0.088545445       803.33733                 21.079088                         390.2709                          223.52708              158.0694                        10.39086
              5       402.20552       68.986275       3.1251413      0.97898928     0.022718731      0.11634414     0.056114169       1.0450618      0.99922763       2.2763111   2.2763111e-09       2.3874731      0.24603147      0.24736378        13.74262       2.0346583      0.70636529      0.29355877      0.13970773       147.67605       1.0047411      0.81837422      0.61426997      0.45215053      0.83451763       1.0411771       7.7297017       1.0450618       10.482373        635.5395     0.088545445      0.088545445       804.23394                  20.97298                        390.29969                          224.26683             158.21207                       10.482373
              9       405.24801       68.986275       3.1515501      0.97994669     0.022718731      0.11634414     0.056114169       1.0587441       1.0086726       2.3372265   2.3372265e-09       2.3874731      0.24603147      0.24736378        13.74262       2.0891069      0.70636529      0.29355877      0.13970773       147.67605        1.018472      0.82955823      0.62266466      0.45832968      0.84592226       1.0411771       7.7297017       1.0587441       10.482373       635.17102     0.088545445      0.088545445       810.31894                 20.875557                         390.3346                          223.96086             164.66554                       10.482373
              1       402.71674        68.93241       3.1519915      0.98001982     0.022691216      0.11624858     0.059744753       1.0540197      0.99892061       2.3382586   2.3382586e-09       2.3922389      0.24601982      0.24735208       13.750745       2.0749083      0.70616521      0.29375874      0.13958467       147.73245       1.0186259      0.82986798      0.62262152      0.45837595      0.84571966        1.040985       8.0901501       1.0540197       10.445698         633.708     0.088545445      0.088545445       805.25639                 21.022027                        390.30709                          222.37889             161.10268                       10.445698
              3       402.92525        68.93241       3.1438201      0.97825092     0.022691216      0.11624858     0.059744753       1.0486002       1.0014424       2.3192296   2.3192296e-09       2.3922389      0.24601982      0.24735208       13.750745       2.0580224      0.70616521      0.29375874      0.13958467       147.73245       1.0137816      0.82592139      0.61966052      0.45619606      0.84169768        1.040985       8.0901501       1.0486002       10.445698       635.39044     0.088545445      0.088545445       805.67341                 21.363091                        390.33618                          223.69117             159.83727                       10.445698
              3       402.09048       69.170682       3.1482578      0.98002349     0.022674226      0.11571966     0.062212002       1.0509223       1.0009493       2.3295445   2.3295445e-09       2.3951888      0.24601261      0.24734484       13.744707       2.0570003      0.70932705      0.29059742      0.13903875        147.8939       1.0128518      0.81857857      0.61848598      0.45410136      0.84237782       1.0411625       8.3232859       1.0509223       11.514728       634.41844     0.088545445      0.088545445       804.00387                 21.000221                         390.7008                          222.71742             158.07071                       11.514728
              1        402.5574       69.170682       3.1342687      0.97884508     0.022674226      0.11571966     0.062212002       1.0440329       1.0006621        2.297183    2.297183e-09       2.3951888      0.24601261      0.24734484       13.744707       2.0284249      0.70932705      0.29059742      0.13903875        147.8939       1.0053346      0.81250323      0.61389569       0.4507311      0.83612584       1.0411625       8.3232859       1.0440329       11.514728       634.91916     0.088545445      0.088545445       804.93771                 21.114402                         390.7402                          223.06455             158.50382                       11.514728
              3       407.26183       69.117244       3.1325777      0.97863635     0.022662286      0.11583181     0.061942625       1.0419978       1.0108518       2.2933017   2.2933017e-09       2.3972651      0.24600753      0.24733974       13.746666        2.026089      0.70866766       0.2912567      0.13913896       147.87702       1.0053592       0.8138674      0.61402129       0.4510788      0.83582326       1.0411563       8.3022418       1.0419978       11.207101       634.35758     0.088545445      0.088545445       814.34656                 21.255582                        390.66014                          222.44186             168.78188                       11.207101
