#        weight    minuslogpost              H0            logA              ns           ombh2           omch2             tau           A_act           P_act               A              As           DHBBN             YHe             Y_p             age           clamp        omega_de          omegam        omegamh2           rdrag            s8h5      S8_optimal     s8omegamp25      s8omegamp5          sigma8       thetastar            zrei        A_planck       chi2__BAO       chi2__CMB   minuslogprior minuslogprior__0            chi2 chi2__planck_2018_lowl.TT chi2__planck_2018_lowl.EE_sroll2 chi2__act_dr6_cmbonly.PlanckActCut chi2__act_dr6_cmbonly chi2__bao.desi_dr2.desi_bao_all
              1       458.60164       67.940733       3.0510827      0.96212587     0.022544511      0.12057182      0.05669847      0.99591754      0.99644745       2.1138217   2.1138217e-09       2.4178867      0.24595719      0.24728922       13.725097        1.887212      0.68847682      0.31144489      0.14376119       146.74742       0.9899494      0.84394097      0.60956976      0.45537451      0.81597737       1.0429845       7.8992315      0.99591754       20.202893       672.99957     0.088545445      0.088545445       917.02619                 25.181588                        389.85615                          257.96183             223.82373                       20.202893
              8        440.7141       67.619179       3.1086549      0.96427626     0.022846606      0.12027868     0.085412458      0.99591754       1.0072449       2.2390907   2.2390907e-09       2.3655133      0.24608505      0.24741754       13.753346       1.8874844      0.68548735      0.31443361      0.14377016       146.49162       1.0169358      0.87235937      0.62619664      0.46891376      0.83623529        1.040941       10.484815      0.99591754       32.167789       685.62158     0.088545445      0.088545445       881.25111                 26.161941                        407.46786                          251.99179             163.46174                       32.167789
              3       431.14992       67.619179       3.1063297      0.96575193     0.022846606      0.12027868     0.085412458       0.9977177       1.0072449       2.2338903   2.2338903e-09       2.3655133      0.24608505      0.24741754       13.753346       1.8831006      0.68548735      0.31443361      0.14377016       146.49162       1.0163222      0.87183297      0.62581878       0.4686308      0.83573069        1.040941       10.484815       0.9977177       32.167789       668.29691     0.088545445      0.088545445       862.12275                 25.174376                        407.14836                          235.97417             161.65806                       32.167789
              4       417.34056       67.579317       3.0745268      0.96571731     0.022684113      0.11991966     0.070221721       0.9977177       1.0052785        2.163964    2.163964e-09       2.3934715      0.24601681      0.24734905       13.770958       1.8804259      0.68625815      0.31366272      0.14324864       146.76451      0.99984061      0.85554953      0.61511086      0.46032983      0.82193537        1.040869       9.1551832       0.9977177        29.74515       647.13659     0.088545445      0.088545445       834.50404                 24.245332                        395.00344                          227.88781              157.6223                        29.74515
              1       417.83902       67.579317       3.0748415      0.96451692     0.022684113      0.11991966     0.070221721      0.99807464       1.0052785        2.164645    2.164645e-09       2.3934715      0.24601681      0.24734905       13.770958       1.8810177      0.68625815      0.31366272      0.14324864       146.76451      0.99954386      0.85529561       0.6149283      0.46019321      0.82169143        1.040869       9.1551832      0.99807464        29.74515       647.35188     0.088545445      0.088545445       835.50094                 24.510974                        395.05589                          227.78502             158.40391                        29.74515
              3       418.19722       67.816251        3.078798      0.96631575     0.022777318      0.11918175      0.07290827      0.99894454       1.0052785       2.1732264   2.1732264e-09       2.3773731      0.24605615      0.24738854        13.76733       1.8783549      0.68984843      0.31007299      0.14260393       146.85593      0.99656201      0.84543386      0.61240285      0.45698631      0.82067502       1.0405638       9.3636984      0.99894454       24.522091       649.35735     0.088545445      0.088545445       836.21734                 24.070658                        396.51085                          228.77584             162.33791                       24.522091
             11       416.00372       67.834634       3.0567503       0.9646005     0.022802783      0.11975811     0.060853521      0.99894454       1.0036108       2.1258362   2.1258362e-09       2.3730036      0.24606681      0.24739924       13.749428       1.8822318      0.68870863      0.31121284      0.14320576       146.67625      0.98778033      0.84086978      0.60764579      0.45385264       0.8135535        1.041155       8.2327692      0.99894454       25.153531       647.01125     0.088545445      0.088545445       831.83035                 24.067472                        390.62557                          232.31821             159.66557                       25.153531
              1       415.93066       67.511401       3.0692358      0.96507522     0.022591861      0.11957355     0.068118056      0.99894454       1.0036108       2.1525447   2.1525447e-09       2.4095653      0.24597747      0.24730958       13.788887       1.8783892      0.68658838      0.31333233      0.14281027       146.95755      0.99612744      0.85113612      0.61235711      0.45814829      0.81847132       1.0405427       8.9746316      0.99894454       29.429479       640.53966     0.088545445      0.088545445       831.68424                 24.015304                         393.7854                          222.73896             161.71509                       29.429479
              7       413.92916       67.575501       3.0617149      0.96466066     0.022430367      0.11962069     0.064743169      0.99894454       1.0036108       2.1364164   2.1364164e-09       2.4381215      0.24590825       0.2472401       13.786272       1.8769413      0.68743309      0.31248777      0.14269593       147.12422      0.99351749      0.84724839      0.61063039      0.45654824      0.81671429       1.0411992       8.6963703      0.99894454       25.167782       637.15514     0.088545445      0.088545445       827.68123                  23.89317                        392.18345                          221.07852             165.35831                       25.167782
              5       410.27369       67.575501       3.0614908      0.97314602     0.022430367      0.11962069     0.064743169      0.99894454       1.0007238       2.1359375   2.1359375e-09       2.4381215      0.24590825       0.2472401       13.786272       1.8765206      0.68743309      0.31248777      0.14269593       147.12422      0.99660536      0.84988166      0.61252824       0.4579672      0.81925265       1.0411992       8.6963703      0.99894454       25.167782       637.25598     0.088545445      0.088545445        820.3703                 22.124085                        391.99229                          223.13961             157.94653                       25.167782
              7       409.38426       67.643667         3.05355      0.97488039     0.022327098       0.1187143     0.062223027      0.99908346       1.0034007       2.1190436   2.1190436e-09       2.4566503      0.24586414      0.24719583       13.807699       1.8710856      0.69026932       0.3096517      0.14168627       147.47967      0.98904409      0.83696293      0.60680282      0.45265358      0.81344693       1.0407141       8.4604403      0.99908346       21.156616       633.91113     0.088545445      0.088545445       818.59143                 21.637562                        391.10277                           221.1708             163.52368                       21.156616
              5       409.32404       67.644074       3.0533184      0.97474403     0.022316836      0.11876954     0.062065218       0.9995465       1.0034007        2.118553    2.118553e-09       2.4585033      0.24585976      0.24719144       13.806433       1.8712429      0.69017475      0.30974627      0.14173124       147.47644      0.98925373      0.83737295       0.6069796      0.45282002       0.8136218          1.0408       8.4487119       0.9995465       21.066721       634.48806     0.088545445      0.088545445       818.47098                  21.60415                        391.04532                          221.83859              162.9162                       21.066721
             25       409.04018        67.66091       3.0537958      0.97465244     0.022313587      0.11881428     0.062259592       0.9995465       1.0034007       2.1195646   2.1195646e-09       2.4590903      0.24585837      0.24719004       13.803794       1.8714087      0.69023829      0.30968277      0.14177273       147.46816      0.98965363      0.83766109       0.6072694      0.45301299      0.81405198       1.0409059       8.4694808       0.9995465       20.737581       634.90601     0.088545445      0.088545445       817.90327                 21.627692                        391.08164                          222.19668             162.25968                       20.737581
              1       408.64112        67.66091        3.056022      0.97392265     0.022313587      0.11881428     0.062259592       1.0001751       1.0034007       2.1242885   2.1242885e-09       2.4590903      0.24585837      0.24719004       13.803794       1.8755796      0.69023829      0.30968277      0.14177273       147.46816       0.9904813      0.83836165      0.60777727      0.45339186      0.81473279       1.0409059       8.4694808       1.0001751       20.737581       633.92481     0.088545445      0.088545445       817.10516                 21.800226                        391.09755                          221.02704             162.44277                       20.737581
              2       408.66085       67.663657       3.0563558       0.9739886     0.022317972      0.11878945     0.062448108      0.99980609       1.0030108       2.1249977   2.1249977e-09        2.458298      0.24586025      0.24719192       13.804108       1.8754985       0.6903081      0.30961297      0.14175229       147.46986      0.99049274      0.83821828      0.60776238       0.4533552      0.81475874       1.0408767       8.4862784      0.99980609       20.716582       633.86764     0.088545445      0.088545445       817.14462                 21.836143                        391.17494                          220.85655              162.5604                       20.716582
             22       408.66298       67.663317       3.0563226      0.97399609     0.022318451      0.11878594     0.062434326      0.99980609       1.0030108       2.1249272   2.1249272e-09       2.4582115      0.24586045      0.24719213       13.804221        1.875488      0.69031161      0.30960945      0.14174925       147.47026      0.99045789      0.83817812      0.60773775      0.45333554      0.81472803       1.0408707       8.4847435      0.99980609       20.725993       633.83403     0.088545445      0.088545445       817.14886                 21.834427                        391.16039                          220.83922             162.58884                       20.725993
              5       408.84421       67.656961       3.0563679      0.97370147     0.022302769      0.11891329     0.062339784      0.99980609       1.0030108       2.1250234   2.1250234e-09       2.4610466      0.24585375      0.24718541       13.801738       1.8759275      0.69000947      0.30991158      0.14186092       147.45393       0.9912001      0.83950343      0.60831291      0.45387523      0.81530026       1.0410265       8.4819699      0.99980609       20.773372       634.44073     0.088545445      0.088545445       817.51132                 21.883521                        391.13904                          221.41817             162.29721                       20.773372
              2       409.71902        67.62431       3.0563042      0.97397818     0.022319406      0.11879428     0.062410918       1.0009573       1.0030108       2.1248879   2.1248879e-09       2.4580391      0.24586086      0.24719254       13.807453       1.8755411       0.6899339      0.30998708      0.14175856       147.46699        0.990633      0.83900455      0.60785517      0.45356132      0.81463716       1.0407606       8.4821666       1.0009573       21.524675        634.4347     0.088545445      0.088545445       819.26094                 21.700734                        391.12962                          221.60434             163.30157                       21.524675
              3       409.28473        67.62431        3.055546      0.97426792     0.022319406      0.11879428     0.062410918      0.99963849       1.0030108       2.1232776   2.1232776e-09       2.4580391      0.24586086      0.24719254       13.807453       1.8741198       0.6899339      0.30998708      0.14175856       147.46699      0.99036645      0.83877879      0.60769161      0.45343928      0.81441796       1.0407606       8.4821666      0.99963849       21.524675       633.69948     0.088545445      0.088545445       818.39237                 21.760161                         391.1401                          220.79922             163.16822                       21.524675
             39       409.34096       67.624394       3.0563945      0.97421573      0.02231594      0.11882463     0.062813663      0.99937413       1.0030108       2.1250798   2.1250798e-09       2.4586651      0.24585938      0.24719105       13.806711       1.8742003      0.68987588      0.31004509      0.14178544       147.46279      0.99095621      0.83942018      0.60808232      0.45375204      0.81490345       1.0408017       8.5228527      0.99937413       21.507257       634.03967     0.088545445      0.088545445       818.50482                 21.809946                        391.30903                          220.92069              162.9579                       21.507257
              5       409.19112       67.624394       3.0558832      0.97368441      0.02231594      0.11882463     0.062813663      0.99937413       1.0030108       2.1239936   2.1239936e-09       2.4586651      0.24585938      0.24719105       13.806711       1.8732423      0.68987588      0.31004509      0.14178544       147.46279      0.99050318      0.83903642      0.60780432       0.4535446       0.8145309       1.0408017       8.5228527      0.99937413       21.507257         633.628     0.088545445      0.088545445       818.20515                 21.868047                        391.30103                          220.45893             163.06989                       21.507257
              2       409.51886       67.624394       3.0530578      0.97497367      0.02231594      0.11882463     0.062813663      0.99813684       1.0030108       2.1180009   2.1180009e-09       2.4586651      0.24585938      0.24719105       13.806711       1.8679571      0.68987588      0.31004509      0.14178544       147.46279      0.98958902      0.83826206      0.60724336      0.45312601      0.81377915       1.0408017       8.5228527      0.99813684       21.507257       634.59832     0.088545445      0.088545445       818.86063                 21.640275                        391.29111                          221.66694             162.75506                       21.507257
              9       410.50828       67.667235       3.0483265      0.97541005     0.022288363      0.11856962     0.060829566      0.99903154       1.0013029       2.1080037   2.1080037e-09       2.4636553      0.24584759      0.24717922       13.810611       1.8665322      0.69088562      0.30903546      0.14150285       147.56152      0.98610857      0.83312909      0.60480591      0.45093932      0.81117386       1.0407307        8.330912      0.99903154       20.041927       635.16191     0.088545445      0.088545445       820.83947                 21.406752                        390.74759                          223.00757             165.63563                       20.041927
              1       410.22551       67.667235        3.048838      0.97528773     0.022288363      0.11856962     0.060829566      0.99903154       1.0013029       2.1090822   2.1090822e-09       2.4636553      0.24584759      0.24717922       13.810611       1.8674871      0.69088562      0.30903546      0.14150285       147.56152      0.98631496      0.83330347       0.6049325       0.4510337      0.81134364       1.0407307        8.330912      0.99903154       20.041927       634.55951     0.088545445      0.088545445       820.27394                 21.451851                        390.74413                          222.36353              165.6725                       20.041927
             19        410.1391        67.67631       3.0509854      0.97542358     0.022304689       0.1185356     0.061914832      0.99903154       1.0013029       2.1136161   2.1136161e-09       2.4606992      0.24585457      0.24718623       13.810284       1.8674439      0.69100713      0.30891397      0.14148516       147.55231        0.987077      0.83370812      0.60538095       0.4513237      0.81202494       1.0406799       8.4325716      0.99903154        20.04676       634.60199     0.088545445      0.088545445       820.10111                 21.460876                        390.97984                          222.16127             165.45236                        20.04676
              1       409.72046       67.747573       3.0359371      0.97467153     0.022287131      0.11872438     0.054067014      0.99858438       1.0013029       2.0820479   2.0820479e-09       2.4638787      0.24584706      0.24717869       13.799233       1.8686532       0.6912838      0.30863746      0.14165637       147.52168      0.98026521      0.82772316      0.60138504      0.44824431      0.80684565       1.0411376        7.657323      0.99858438         18.7115       635.13796     0.088545445      0.088545445       819.26383                 21.471258                        390.42004                          223.24666             165.41436                         18.7115
              8        409.9756       67.755006       3.0364225      0.97481474     0.022269025      0.11865645     0.054460782      0.99858438       1.0013029       2.0830588   2.0830588e-09       2.4671636      0.24583931      0.24717091       13.800921       1.8680887      0.69153894      0.30838234      0.14157034       147.56003      0.98031063      0.82719104      0.60132157      0.44810435       0.8069273       1.0411343       7.7004471      0.99858438       18.308544       635.28108     0.088545445      0.088545445       819.77411                  21.44619                        390.33703                          223.49786             166.18449                       18.308544
              2       409.69869       67.795617       3.0357058      0.97558391     0.022276769      0.11830415      0.05453463      0.99858438       1.0013029       2.0815664   2.0815664e-09       2.4657578      0.24584263      0.24717424       13.806725       1.8664746      0.69265803      0.30726335      0.14122578       147.64532      0.97815714       0.8229245      0.59963521      0.44644176      0.80539594       1.0408623        7.700035      0.99858438       17.412291       634.18096     0.088545445      0.088545445        819.2203                 21.319814                        390.36778                          222.49336             167.62705                       17.412291
              5       412.45474        67.84463       3.0494427      0.97713781     0.022275892      0.11773144     0.062278567      0.99858438       1.0013029        2.110358    2.110358e-09        2.465917      0.24584225      0.24717387       13.818094       1.8632093      0.69434808      0.30557341       0.1406522       147.79951       0.9822173        0.822546      0.60151188      0.44722194      0.80903129        1.040401       8.4600828      0.99858438       16.196622          634.79     0.088545445      0.088545445       824.73239                  21.22014                         391.0613                          222.50857             173.74577                       16.196622
              2        407.0819       68.130155       3.0366447      0.97615046     0.022388413      0.11810367     0.054921059      0.99858438       1.0013029       2.0835218   2.0835218e-09       2.4456232      0.24589031       0.2472221        13.77934       1.8667847      0.69586026      0.30406189      0.14113695       147.57387      0.97557142      0.81505219      0.59795603      0.44402738      0.80524633        1.041361       7.7120743      0.99858438       13.737827       635.67358     0.088545445      0.088545445       813.98671                 21.322088                        390.34724                          224.00425              164.5753                       13.737827
             14       407.51527       67.971971       3.0558371       0.9764115     0.022426383      0.11818599     0.064455918      0.99824279       1.0070646       2.1238958   2.1238958e-09       2.4388324      0.24590654      0.24723839       13.790131       1.8670137      0.69418268       0.3057391      0.14125724       147.50946      0.98583201      0.82675076      0.60437375      0.44941063      0.81277034       1.0408797       8.6426782      0.99824279       16.173595       634.88462     0.088545445      0.088545445       814.85346                 21.522582                        391.74524                           221.6168             163.79524                       16.173595
              2       406.10278       67.971971       3.0555514      0.97483137     0.022426383      0.11818599     0.064455918      0.99792812       1.0047537       2.1232891   2.1232891e-09       2.4388324      0.24590654      0.24723839       13.790131       1.8664804      0.69418268       0.3057391      0.14125724       147.50946      0.98509776        0.826135      0.60392361      0.44907591      0.81216499       1.0408797       8.6426782      0.99792812       16.173595       634.01394     0.088545445      0.088545445       812.02846                 21.791569                        391.76293                          220.45944             161.84093                       16.173595
              7       406.75938       67.973653       3.0563267      0.97513427     0.022446177      0.11806452     0.064947082      0.99792812       1.0043739       2.1249358   2.1249358e-09       2.4353036      0.24591502       0.2472469       13.792762       1.8660939      0.69441786      0.30550392      0.14115557       147.51992      0.98477632      0.82530387      0.60361788      0.44876223      0.81191002       1.0407053       8.6822439      0.99792812       16.257822        634.0094     0.088545445      0.088545445       813.34167                 21.754671                        391.92583                           220.3289             163.07444                       16.257822
              5       406.82455       68.002079       3.0570236      0.97434356     0.022442747      0.11842823     0.064834434      0.99922054       1.0043739       2.1264172   2.1264172e-09       2.4359146      0.24591355      0.24724542       13.780388       1.8678156      0.69389419      0.30602766      0.14151584       147.42679      0.98669015      0.82835666       0.6051765      0.45011369      0.81365798       1.0411843       8.6799742      0.99922054       16.075643       636.85131     0.088545445      0.088545445       813.47201                 21.765846                        391.90233                          223.18313             160.54505                       16.075643
              4       406.35891       68.002079        3.057591      0.97411897     0.022442747      0.11842823     0.064834434      0.99922054       1.0043739       2.1276241   2.1276241e-09       2.4359146      0.24591355      0.24724542       13.780388       1.8688757      0.69389419      0.30602766      0.14151584       147.42679      0.98688561      0.82852075      0.60529638      0.45020286      0.81381916       1.0411843       8.6799742      0.99922054       16.075643       636.09101     0.088545445      0.088545445       812.54073                 21.835631                        391.90611                          222.34928             160.37407                       16.075643
             14       406.34622       68.002079        3.061705      0.97308187     0.022442747      0.11842823     0.064834434      0.99922054       1.0043739       2.1363951   2.1363951e-09       2.4359146      0.24591355      0.24724542       13.780388         1.87658      0.69389419      0.30602766      0.14151584       147.42679      0.98852691      0.82989867      0.60630306      0.45095159      0.81517263       1.0411843       8.6799742      0.99922054       16.075643       636.10863     0.088545445      0.088545445       812.51535                 22.266808                        391.94086                          221.90096             160.33108                       16.075643
             16       405.25733       68.002079       3.0622695      0.97421119     0.022442747      0.11842823     0.064834434       1.0006182       1.0031172       2.1376015   2.1376015e-09       2.4359146      0.24591355      0.24724542       13.780388       1.8776398      0.69389419      0.30602766      0.14151584       147.42679      0.98923168      0.83049035      0.60673532       0.4512731      0.81575381       1.0411843       8.6799742       1.0006182       16.075643       635.08653     0.088545445      0.088545445       810.33757                 21.931331                         391.9036                           221.2516              159.1754                       16.075643
              9       406.80878       68.000493       3.0627298      0.97407487     0.022436591      0.11849184      0.06500454       1.0006182      0.99919552       2.1385857   2.1385857e-09       2.4370116      0.24591092      0.24724278       13.778962       1.8778653      0.69375566      0.30616619       0.1415733       147.41662      0.98980518      0.83130067      0.60714868      0.45163165      0.81621722        1.041263       8.6991367       1.0006182       16.086776       635.57307     0.088545445      0.088545445       813.44047                 21.960992                        392.00068                           221.6114             161.78063                       16.086776
              9       405.28947       67.953979       3.0620583      0.97412184      0.02246835      0.11847755     0.064580812       1.0006182       1.0035178       2.1371502   2.1371502e-09       2.4313602      0.24592453      0.24725644       13.782624       1.8781958      0.69329844       0.3066233      0.14159077       147.38499      0.98934483      0.83174585      0.60688503      0.45160393      0.81555853       1.0410278       8.6499055       1.0006182       17.108715       634.53986     0.088545445      0.088545445       810.40186                 21.947482                        391.80382                          220.78857             158.75328                       17.108715
              2       405.54679       67.953979       3.0607083      0.97451222      0.02246835      0.11847755     0.064580812       1.0006182       1.0014287       2.1342668   2.1342668e-09       2.4313602      0.24592453      0.24725644       13.782624       1.8756618      0.69329844       0.3066233      0.14159077       147.38499      0.98882428      0.83130822      0.60656571      0.45136631      0.81512942       1.0410278       8.6499055       1.0006182       17.108715        635.1084     0.088545445      0.088545445       810.91648                 21.802183                        391.78943                          221.51679             158.69936                       17.108715
              5        406.0117       67.915596       3.0639287       0.9741779     0.022502846      0.11867471     0.065850371      0.99996531       1.0014287       2.1411511   2.1411511e-09       2.4252437      0.24593932      0.24727129       13.779727       1.8769401      0.69244946       0.3074722      0.14182242       147.29418      0.99122604      0.83516752      0.60828754      0.45296056      0.81687849       1.0410327       8.7663061      0.99996531       18.291491       635.73213     0.088545445      0.088545445       811.84632                 21.997575                        392.34971                          221.38485             157.82269                       18.291491
              5       406.70494       67.943679       3.0717764      0.97422473     0.022489407      0.11872325     0.069821614      0.99996531       1.0014287       2.1580203   2.1580203e-09       2.4276238      0.24593356       0.2472655       13.776272       1.8767622       0.6926276      0.30729412      0.14185752       147.29628       0.9953951      0.83841631      0.61088377      0.45482795      0.82048383       1.0412022       9.1457751      0.99996531       17.708253       638.21127     0.088545445      0.088545445       813.23279                 22.107719                        394.33078                          221.77277             157.31327                       17.708253
              9       406.73602       67.943679       3.0713983      0.97451403     0.022489407      0.11872325     0.069821614      0.99996531       1.0014287       2.1572045   2.1572045e-09       2.4276238      0.24593356       0.2472655       13.776272       1.8760527       0.6926276      0.30729412      0.14185752       147.29628      0.99531668      0.83835026      0.61083565      0.45479212       0.8204192       1.0412022       9.1457751      0.99996531       17.708253       638.41443     0.088545445      0.088545445       813.29495                 22.033357                        394.31589                          222.06519             157.17226                       17.708253
              1       406.81213       67.941636       3.0642235      0.97542838     0.022475509      0.11823386      0.06685908      0.99996531       1.0014287       2.1417826   2.1417826e-09       2.4300888       0.2459276      0.24725952       13.790182       1.8737098      0.69369941       0.3062223      0.14135423       147.44189      0.98958696      0.83089466      0.60677988      0.45137798      0.81568404       1.0407141       8.8601177      0.99996531       17.188292       635.25199     0.088545445      0.088545445       813.44717                 21.747284                        392.75072                          220.75398             161.00689                       17.188292
             12       407.55892       67.945042       3.0646937      0.97547941      0.02247443      0.11821479     0.067126759      0.99926928       1.0014287       2.1427898   2.1427898e-09       2.4302804      0.24592713      0.24725905       13.790429       1.8735876      0.69377377      0.30614795      0.14133408       147.44817      0.98973093      0.83085478      0.60684652      0.45140016      0.81582315       1.0407068       8.8853627      0.99926928       17.107596       635.81017     0.088545445      0.088545445       814.94075                 21.824383                        392.85127                          221.13451             162.02298                       17.107596
              6        407.3155       67.950735       3.0649673      0.97554695     0.022487034      0.11819214      0.06725565      0.99998361       1.0046528       2.1433761   2.1433761e-09       2.4280444      0.24593254      0.24726448       13.790197       1.8736172      0.69384682      0.30607491      0.14132404       147.44015      0.98964627      0.83064011      0.60678383       0.4513266      0.81578754       1.0406674        8.893839      0.99998361       17.136682       635.50214     0.088545445      0.088545445       814.45392                 21.739746                        392.93027                          220.83212             161.81509                       17.136682
              1       406.97384       68.175996       3.0523336      0.97431848     0.022622813      0.11868512     0.059749095      0.99998361       1.0046528       2.1164677   2.1164677e-09       2.4041482       0.2459907      0.24732285       13.753059       1.8780806      0.69451385       0.3054084       0.1419528       147.15815      0.98363446      0.82534063      0.60376749      0.44883836      0.81217475        1.041511       8.1491828      0.99998361       15.537509        637.2468     0.088545445      0.088545445       813.77059                 21.887399                        390.39769                          224.96171             160.98628                       15.537509
             15       406.79286       68.216201       3.0562266      0.97461083     0.022580453      0.11857207     0.062012768      0.99998361       1.0034763       2.1247231   2.1247231e-09       2.4115665      0.24597259      0.24730468       13.753715       1.8768896      0.69520781      0.30471453      0.14179739       147.23513      0.98523188      0.82523367      0.60458242      0.44918868      0.81373354       1.0416199       8.3779319      0.99998361        14.55504       637.64375     0.088545445      0.088545445       813.40864                 21.873452                        390.89482                          224.87548             161.20985                        14.55504
             19       405.20204       68.202363       3.0647018      0.97546539     0.022628698      0.11828662     0.066546231      0.99998361       1.0034763       2.1428071   2.1428071e-09         2.40312      0.24599321      0.24732538       13.761389       1.8757793      0.69559405      0.30432826      0.14156019       147.25734      0.98786841      0.82641413      0.60594664      0.45005952      0.81582838       1.0411531       8.7937616      0.99998361       14.970425       637.45021     0.088545445      0.088545445       810.22699                 21.847871                        392.47778                          223.12455             157.80636                       14.970425
              6       405.83341       68.203467       3.0484205      0.97475935     0.022543214      0.11841388     0.058367832      0.99998361       1.0015525       2.1082018   2.1082018e-09       2.4181152      0.24595663      0.24728866       13.760154       1.8759209      0.69551409      0.30440822      0.14160196       147.31855      0.98095287      0.82082954      0.60174912      0.44697121      0.81012375       1.0415107       8.0270625      0.99998361       14.300167       635.77712     0.088545445      0.088545445       811.48973                 21.727373                        390.18809                          223.86165             161.41245                       14.300167
             19       408.68617       68.203467       3.0499787      0.97530263     0.022543214      0.11841388     0.058367832      0.99899451       1.0015525       2.1114894   2.1114894e-09       2.4181152      0.24595663      0.24728866       13.760154       1.8788463      0.69551409      0.30440822      0.14160196       147.31855      0.98192147      0.82164003      0.60234329      0.44741256      0.81092367       1.0415107       8.0270625      0.99899451       14.300167        638.5239     0.088545445      0.088545445       817.19524                 21.840213                         390.1769                          226.50679             164.37118                       14.300167
             18       406.35531       68.136388       3.0455326       0.9765774     0.022418053      0.11774017     0.057389266      0.99994545       1.0015525       2.1021224   2.1021224e-09       2.4403198      0.24590298      0.24723481       13.787919       1.8741758      0.69663504      0.30328712      0.14080309       147.63796      0.97786778      0.81513423      0.59900877      0.44452549       0.8071787       1.0409168        7.946225      0.99994545       13.689069       633.87628     0.088545445      0.088545445       812.53354                 21.400795                        390.18795                          222.28754             164.96819                       13.689069
              9       405.68165       68.136388         3.04462      0.97684502     0.022418053      0.11774017     0.057389266      0.99994545       1.0045486       2.1002049   2.1002049e-09       2.4403198      0.24590298      0.24723481       13.787919       1.8724662      0.69663504      0.30328712      0.14080309       147.63796      0.97752157      0.81484563       0.5987967      0.44436811      0.80689292       1.0409168        7.946225      0.99994545       13.689069       633.45785     0.088545445      0.088545445        811.1862                 21.317145                        390.19109                          221.94961             164.03928                       13.689069
              8       406.55269       68.090775       3.0506344      0.97658656     0.022327024      0.11787658     0.060558872      0.99994545       1.0045486       2.1128743   2.1128743e-09       2.4566637      0.24586411       0.2471958       13.790737        1.871858      0.69613057      0.30379149      0.14084848       147.70327      0.98200216       0.8195312      0.60158982      0.44662639      0.81032004       1.0411593       8.2836586      0.99994545        13.57951       635.27625     0.088545445      0.088545445       812.92828                 21.384498                        390.60293                          223.28883             164.07252                        13.57951
             10       408.48121       68.086339       3.0500818      0.97650975     0.022321817      0.11790388     0.060258421      0.99866145       1.0046714       2.1117071   2.1117071e-09       2.4576036      0.24586189      0.24719357       13.790527       1.8719484      0.69604331      0.30387873      0.14087057        147.7018      0.98190782      0.81963757      0.60155562      0.44663305       0.8102158       1.0411885       8.2559271      0.99866145        13.60464       637.60082     0.088545445      0.088545445       816.78533                 21.522997                        390.53608                          225.54174             165.57988                        13.60464
              6       407.41357       68.071295       3.0466339      0.97623744     0.022368651      0.11801403     0.058210783       1.0016687       1.0046714       2.1044387   2.1044387e-09       2.4491691      0.24588187      0.24721363       13.787568       1.8731607      0.69557018      0.30435183      0.14102754        147.6199      0.98039391       0.8194299      0.60079539      0.44624213      0.80887724       1.0411414       8.0443672       1.0016687       14.209295       636.68928     0.088545445      0.088545445       814.65005                 21.237989                        390.25306                          225.19823             163.75147                       14.209295
              1       406.78009       68.071295       3.0491402      0.97904471     0.022368651      0.11801403     0.058210783       1.0016687       1.0046714       2.1097197   2.1097197e-09       2.4491691      0.24588187      0.24721363       13.787568       1.8778613      0.69557018      0.30435183      0.14102754        147.6199      0.98267639      0.82133763      0.60219412      0.44728104       0.8107604       1.0411414       8.0443672       1.0016687       14.209295       636.61769     0.088545445      0.088545445       813.38309                 20.989201                        390.31611                          225.31237             162.55611                       14.209295
              6       408.29858       68.016724       3.0577318      0.97951219      0.02239566      0.11789617      0.06265068       1.0010066       1.0046714       2.1279238   2.1279238e-09       2.4443248      0.24589341       0.2472252       13.794917       1.8773203      0.69527785      0.30464403       0.1409367        147.6213      0.98644247      0.82486693      0.60440463      0.44903061      0.81354132       1.0407838        8.470663       1.0010066       15.052919       636.67826     0.088545445      0.088545445       816.42006                 21.063348                        391.10215                          224.51277             164.68888                       15.052919
             14       407.22665       68.012679       3.0582807      0.97932362     0.022416518      0.11799578     0.062732681       1.0019264       1.0046714       2.1290919   2.1290919e-09        2.440594      0.24590232      0.24723415       13.791978       1.8780429      0.69498119      0.30494069      0.14105716       147.57127      0.98702915      0.82605626      0.60489328      0.44950301      0.81400096       1.0408246       8.4753957       1.0019264       15.366661       636.57106     0.088545445      0.088545445       814.27621                 21.018998                        391.12405                          224.42801             162.33849                       15.366661
              4       409.57487       67.945117       3.0523959      0.97911424     0.022474435      0.11805866     0.059472256       1.0023959       1.0046714       2.1165996   2.1165996e-09       2.4302795      0.24592714      0.24725906       13.794693       1.8792379      0.69411262       0.3058091      0.14117796       147.48977      0.98419574      0.82538551      0.60328595      0.44862741      0.81126102       1.0405413       8.1439619       1.0023959       16.986395       636.45303     0.088545445      0.088545445       818.97265                 20.963047                        390.44784                          225.04214             165.53323                       16.986395
              3       409.05484       67.945117       3.0533961      0.97822694     0.022474435      0.11805866     0.059472256        1.002139       1.0048289       2.1187177   2.1187177e-09       2.4302795      0.24592714      0.24725906       13.794693       1.8811184      0.69411262       0.3058091      0.14117796       147.48977      0.98435484      0.82551894      0.60338347      0.44869994      0.81139216       1.0405413       8.1439619        1.002139       16.986395       634.93954     0.088545445      0.088545445       817.93258                 21.145794                        390.38084                           223.4129             166.00665                       16.986395
              3       409.22337       67.945117       3.0614508      0.97917301     0.022474435      0.11805866     0.059472256       1.0060591       1.0029857       2.1358522   2.1358522e-09       2.4302795      0.24592714      0.24725906       13.794693       1.8963315      0.69411262       0.3058091      0.14117796       147.48977      0.98868391      0.82914946      0.60603707      0.45067326      0.81496056       1.0405413       8.1439619       1.0060591       16.986395       635.89374     0.088545445      0.088545445       818.26964                 21.034489                          390.424                          224.43525             165.38951                       16.986395
              3       408.27736       67.910587       3.0661702      0.97747826      0.02257375      0.11856898     0.058709821       1.0081796       1.0014131        2.145956    2.145956e-09       2.4127432      0.24596972      0.24730179       13.781121       1.9082098      0.69247958      0.30744206       0.1417876        147.2434      0.99247638      0.83611641      0.60901746      0.45349297      0.81787874       1.0407241       8.0548661       1.0081796       19.136469       636.36003     0.088545445      0.088545445       816.37762                  21.31959                        390.28336                          224.75708             160.88113                       19.136469
              1       408.85702       67.910587       3.0646189      0.97753668      0.02257375      0.11856898     0.058709821       1.0072838       1.0049345       2.1426295   2.1426295e-09       2.4127432      0.24596972      0.24730179       13.781121       1.9052518      0.69247958      0.30744206       0.1417876        147.2434      0.99172895      0.83548673      0.60855881      0.45315145       0.8172628       1.0407241       8.0548661       1.0072838       19.136469        636.4963     0.088545445      0.088545445       817.53694                 21.322775                        390.28336                          224.89016             161.90418                       19.136469
              2       407.55221       67.910587       3.0630967      0.96887459      0.02257375      0.11856898     0.058709821       1.0060918       1.0051893       2.1393704   2.1393704e-09       2.4127432      0.24596972      0.24730179       13.781121       1.9023537      0.69247958      0.30744206       0.1417876        147.2434      0.98771283      0.83210333      0.60609438      0.45131636       0.8139532       1.0407241       8.0548661       1.0060918       19.136469       634.00033     0.088545445      0.088545445       814.92733                 22.859277                        390.20829                          220.93277             161.79053                       19.136469
              2       407.77057       67.879737       3.0502603      0.96936955      0.02245005      0.11843213     0.054126322        1.004054       1.0039469       2.1120841   2.1120841e-09       2.4346141      0.24591668      0.24724856       13.790977       1.8953861      0.69276547       0.3071561      0.14152705       147.41748      0.98195417      0.82637161      0.60228366      0.44837446      0.80902379       1.0408049       7.6220066        1.004054       18.080719       633.58628     0.088545445      0.088545445       815.36405                 22.631775                        390.15657                          220.79793             163.69705                       18.080719
              1       407.25974       67.879737       3.0559076      0.97259193      0.02245005      0.11843213     0.054126322       1.0083397       1.0070348       2.1240455   2.1240455e-09       2.4346141      0.24591668      0.24724856       13.790977       1.9061203      0.69276547       0.3071561      0.14152705       147.41748      0.98593697      0.82972337      0.60472651      0.45019306      0.81230519       1.0408049       7.6220066       1.0083397       18.080719       631.76448     0.088545445      0.088545445       814.34239                 21.873752                        390.28381                          219.60691             164.49719                       18.080719
              1       405.71133       67.858029       3.0559634      0.97241254      0.02244202       0.1185183     0.053992148       1.0083691       1.0022861        2.124164    2.124164e-09       2.4360441      0.24591324      0.24724511       13.790778       1.9067381      0.69239917      0.30752235      0.14160519       147.40351      0.98650791      0.83096184      0.60516021      0.45065016       0.8126456        1.040852        7.611595       1.0083691       18.432528       631.90615     0.088545445      0.088545445       811.24557                 21.905745                        390.34067                          219.65973             160.90689                       18.432528
              2       407.13697       67.811151       3.0544819      0.97229892      0.02242576      0.11853359     0.053419045       1.0075657       1.0051481       2.1210194   2.1210194e-09       2.4389437      0.24590628      0.24723812       13.794985        1.906099      0.69197584      0.30794557      0.14160422       147.41759      0.98613158      0.83138629      0.60492832      0.45063239      0.81205496         1.04077       7.5568476       1.0075657       19.076682       632.19132     0.088545445      0.088545445       814.09685                  21.97445                        390.44297                           219.7739             162.82885                       19.076682
              8       408.48166       67.808503       3.0518631      0.97164414     0.022459902      0.11865407     0.051022937       1.0076566       1.0012713       2.1154722   2.1154722e-09       2.4328615       0.2459209       0.2472528          13.791       1.9102462      0.69161551       0.3083059      0.14175884       147.34749      0.98497956      0.83127327       0.6043865      0.45036042      0.81109047        1.040802       7.3051285       1.0076566       19.660652       634.71817     0.088545445      0.088545445       816.78623                 22.140713                        391.07408                          221.50337             162.40741                       19.660652
              1       408.76405        67.67946       3.0606584      0.96991505     0.022537126      0.11923346     0.052669478       1.0117246        1.002978       2.1341605   2.1341605e-09       2.4191883      0.24595402      0.24728604       13.784622       1.9207858       0.6890049       0.3109162      0.14241546       147.10802      0.99165777      0.84248108      0.60918767      0.45489582      0.81581233       1.0408287       7.4670675       1.0117246       23.980857       634.75774     0.088545445      0.088545445       817.35101                 22.278464                        390.50386                          221.97542             158.61241                       23.980857
              3       408.75693       67.670429       3.0579017      0.96971965     0.022533285      0.11926178     0.051125846       1.0115748       1.0011547       2.1282852   2.1282852e-09       2.4198656      0.24595238      0.24728439       13.784762       1.9214208      0.68886843      0.31105265      0.14243994        147.1048      0.99043636      0.84171957      0.60846348      0.45440489      0.81475313       1.0408414        7.309495       1.0115748       24.157904       634.76828     0.088545445      0.088545445       817.33677                 22.307919                        390.97213                          221.48824             158.41059                       24.157904
              2       409.75843       68.094175       3.0623853      0.97039086     0.022779239      0.11872574      0.05130487       1.0129004       0.9980341       2.1378491   2.1378491e-09       2.3770431      0.24605696      0.24738935       13.754966       1.9293642      0.69335431      0.30656775      0.14214984       146.97419      0.98641523      0.83000258      0.60568437      0.45069006       0.8139819       1.0409072       7.2687502       1.0129004       18.511845       640.21254     0.088545445      0.088545445       819.33978                 22.424808                        390.94735                          226.84038             160.61539                       18.511845
              1       409.32346       68.094175        3.066517      0.97386016     0.022779239      0.11872574      0.05130487       1.0152982       1.0039579       2.1467003   2.1467003e-09       2.3770431      0.24605696      0.24738935       13.754966       1.9373521      0.69335431      0.30656775      0.14214984       146.97419      0.98976414      0.83282046      0.60774069      0.45222017      0.81674539       1.0409072       7.2687502       1.0152982       18.511845       640.51088     0.088545445      0.088545445       818.46983                 21.790884                        391.12855                          227.59145              159.4471                       18.511845
              1       408.39196       67.955032       3.0620298      0.97369478     0.022583588      0.11921429     0.050271311       1.0139383       1.0035875       2.1370892   2.1370892e-09       2.4110163      0.24597393      0.24730602        13.75937       1.9326693        0.691463      0.30845874      0.14244274       147.06156      0.99220422      0.83864879      0.60955255       0.4542662      0.81792198       1.0415104       7.2111124       1.0139383        19.04635       638.83814     0.088545445      0.088545445       816.60684                 21.737834                        391.48648                          225.61383             158.72235                        19.04635
              4       405.97361       68.124151       3.0809164      0.97918077     0.022441014      0.11781107     0.067719102       1.0090646        1.001319        2.177835    2.177835e-09       2.4362233      0.24591281      0.24724468       13.786438       1.9019754       0.6963238      0.30359834      0.14089695       147.59333      0.99655461      0.83140374       0.6105574      0.45321195      0.82252983       1.0408971       8.9424982       1.0090646       14.049748       638.62803     0.088545445      0.088545445       811.77014                 21.098711                        393.02262                           224.5067             159.09236                       14.049748
              1       404.94239       68.124151       3.0763873      0.97560448     0.022441014      0.11781107     0.067719102       1.0065064       1.0025792       2.1679938   2.1679938e-09       2.4362233      0.24591281      0.24724468       13.786438       1.8933808       0.6963238      0.30359834      0.14089695       147.59333      0.99294314      0.82839076      0.60834477      0.45156952      0.81954901       1.0408971       8.9424982       1.0065064       14.049748       635.69588     0.088545445      0.088545445       809.70769                 21.650412                        393.04937                          220.99609             159.96206                       14.049748
              1       404.82302       68.062374       3.0792879      0.97473438     0.022486594      0.11804645     0.067805546        1.007142       1.0029634       2.1742913   2.1742913e-09       2.4281224      0.24593235      0.24726429        13.78425       1.8985523      0.69516577      0.30475621      0.14117791       147.47965      0.99521516      0.83275781      0.61004051       0.4532594      0.82105175       1.0408466        8.943408        1.007142       15.377549       635.26839     0.088545445      0.088545445       809.46896                 21.857932                        393.16341                          220.24705             158.82302                       15.377549
              4       406.12724       67.929451       3.0765135       0.9739003     0.022428035      0.11840909     0.066014305       1.0057781       1.0019371       2.1682673   2.1682673e-09       2.4385375      0.24590725       0.2472391       13.787777       1.9000872      0.69331264      0.30660905      0.14148199       147.44831      0.99648737      0.83756436      0.61114898       0.4547716      0.82129816       1.0409852       8.7956874       1.0057781       17.005835       635.46284     0.088545445      0.088545445       812.07739                 22.104317                        392.40971                          220.94881             159.60872                       17.005835
              2       405.72019       68.269762       3.0858348       0.9727597     0.022748329      0.11846682     0.065627957       1.0106691        1.002405       2.1885729   2.1885729e-09       2.3823624      0.24604397      0.24737631       13.747272       1.9193638       0.6955515      0.30437096      0.14186001       147.07688      0.99707979      0.83463746      0.61192037      0.45451238      0.82384234        1.041236       8.6807788       1.0106691       15.283952       639.58015     0.088545445      0.088545445       811.26329                 22.417004                          392.135                          225.02814             156.39919                       15.283952
              3       407.59254       68.269762       3.0868397      0.97424899     0.022748329      0.11846682     0.065627957       1.0103388       1.0050927       2.1907733   2.1907733e-09       2.3823624      0.24604397      0.24737631       13.747272       1.9212936       0.6955515      0.30437096      0.14186001       147.07688      0.99814935      0.83553277      0.61257677      0.45499993      0.82472607        1.041236       8.6807788       1.0103388       15.283952       640.65049     0.088545445      0.088545445       815.00799                 22.247833                        392.10943                          226.29322             159.07355                       15.283952
              8       408.96021       68.283335        3.088125      0.97427417     0.022748491      0.11850263     0.066190001        1.012211         1.00724       2.1935909   2.1935909e-09       2.3823345      0.24604404      0.24737638       13.745096       1.9216033      0.69559536      0.30432713      0.14189599       147.06726      0.99893944      0.83616888      0.61310053      0.45537256      0.82546093       1.0413137        8.734687        1.012211       15.126293       640.93901     0.088545445      0.088545445       817.74333                 22.042187                        392.35173                           226.5451             161.67803                       15.126293
              2       409.96306       68.283335       3.0827893      0.97233972     0.022748491      0.11850263     0.066190001       1.0069133       1.0066933       2.1819177   2.1819177e-09       2.3823345      0.24604404      0.24737638       13.745096       1.9113775      0.69559536      0.30432713      0.14189599       147.06726      0.99554089       0.8333241      0.61101466      0.45382331      0.82265258       1.0413137        8.734687       1.0069133       15.126293       643.32944     0.088545445      0.088545445       819.74903                 22.737248                        392.35575                          228.23644              161.2933                       15.126293
              1       411.61486       68.045989       3.0957897      0.97209123     0.022653174      0.11896044     0.073359011       1.0061178       1.0068774       2.2104687   2.2104687e-09       2.3988514      0.24600365      0.24733585       13.756294       1.9088225      0.69268524      0.30723672      0.14225848       147.05159       1.0061495       0.8479699       0.6179197      0.46004501      0.82997262       1.0413354       9.4349505       1.0061178       18.061052       645.37987     0.088545445      0.088545445       823.05263                 22.982742                         396.5622                          225.83493             159.61171                       18.061052
              1       408.51846       68.045989       3.0974519      0.97128462     0.022653174      0.11896044     0.073359011       1.0085498       1.0008685       2.2141461   2.2141461e-09       2.3988514      0.24600365      0.24733585       13.756294        1.911998      0.69268524      0.30723672      0.14225848       147.05159       1.0066763       0.8484139      0.61824325      0.46028589       0.8304072       1.0413354       9.4349505       1.0085498       18.061052       643.13259     0.088545445      0.088545445       816.85982                 22.924158                         396.5678                          223.64064             155.66618                       18.061052
              4       408.76906       68.045989       3.0888637      0.97131414     0.022653174      0.11896044     0.073359011       1.0045047       1.0027278        2.195212    2.195212e-09       2.3988514      0.24600365      0.24733585       13.756294       1.8956477      0.69268524      0.30723672      0.14225848       147.05159       1.0023741      0.84478806      0.61560108      0.45831878       0.8268583       1.0413354       9.4349505       1.0045047       18.061052       643.38425     0.088545445      0.088545445       817.36103                 22.878857                         396.5381                           223.9673             155.91573                       18.061052
              1       411.74881       68.139368       3.0941218      0.97110906      0.02270969      0.11910175      0.07477315       1.0050818       1.0034077       2.2067851   2.2067851e-09       2.3890374      0.24602765      0.24735994       13.742665       1.9002595      0.69310087      0.30682129      0.14245631       146.95174       1.0048682      0.84643958      0.61734726      0.45946337      0.82948426       1.0416159       9.5523336       1.0050818       17.278407       647.21207     0.088545445      0.088545445       823.32053                 23.086344                        397.50263                          226.62309             158.83005                       17.278407
              2        411.7554       68.161531       3.0906691      0.97125018     0.022697056      0.11902713     0.073327817       1.0059356       1.0011815       2.1991787   2.1991787e-09       2.3912261       0.2460223      0.24735456       13.743063       1.8991916      0.69348824      0.30643398      0.14236905       146.98542       1.0027991      0.84387418      0.61598173      0.45830233      0.82791091       1.0416362       9.4222882       1.0059356       16.738398       647.29724     0.088545445      0.088545445        823.3337                 22.845032                        396.45916                          227.99306             159.29806                       16.738398
              2       410.95323       68.020243       3.0889925       0.9703678     0.022677086      0.11928997     0.071899093       1.0046049       1.0021873       2.1954947   2.1954947e-09       2.3946919      0.24601382      0.24734606       13.749008       1.9014357      0.69168864      0.30823325      0.14261193       146.93808       1.0037713       0.8482742       0.6168417      0.45961436      0.82785419       1.0415429       9.3013454       1.0046049       19.082584       644.91034     0.088545445      0.088545445       821.72937                 23.195072                        395.69051                          226.02476             157.73644                       19.082584
              1       410.70951       68.102961        3.093729      0.97120793     0.022785283      0.11872866     0.074742086       1.0055035       1.0020167       2.2059183   2.2059183e-09       2.3760051      0.24605949      0.24739189       13.753944       1.8996311       0.6934141      0.30650798      0.14215881       146.96674       1.0022197      0.84320737      0.61539839      0.45789595      0.82707694       1.0409208        9.520217       1.0055035       18.433917        646.8495     0.088545445      0.088545445       821.24193                 23.011647                        397.40737                          226.43048             155.95851                       18.433917
              2       410.72597       68.102961       3.0948276      0.97097725     0.022785283      0.11872866     0.074742086       1.0059915       1.0021507       2.2083431   2.2083431e-09       2.3760051      0.24605949      0.24739189       13.753944       1.9017193       0.6934141      0.30650798      0.14215881       146.96674       1.0026821      0.84359649      0.61568238      0.45810726      0.82745861       1.0409208        9.520217       1.0059915       18.433917       646.88098     0.088545445      0.088545445       821.27484                 23.069621                        397.44085                          226.37051             155.95995                       18.433917
              1       411.58352       68.112162       3.0939575      0.97126744     0.022780819      0.11859931     0.074790203       1.0061279       1.0043152       2.2064226   2.2064226e-09       2.3767717      0.24605762      0.24739001       13.756758       1.8998825      0.69378537      0.30613673      0.14202499       147.00587       1.0016522       0.8418681      0.61490517      0.45739036      0.82666449       1.0408237       9.5229395       1.0061279       18.118793       646.62872     0.088545445      0.088545445       822.98995                 22.933932                        397.40737                          226.28741             158.24244                       18.118793
              1       410.12741       67.986435       3.0909423      0.97135184     0.022683925      0.11867022     0.074502979       1.0051361       1.0036123       2.1997797   2.1997797e-09       2.3935042      0.24601673      0.24734897       13.768622        1.895251      0.69270796      0.30721386      0.14199902       147.09431        1.001846      0.84391693      0.61499602      0.45785979      0.82606098       1.0407735       9.5242453       1.0051361       19.217146       643.56426     0.088545445      0.088545445       820.07774                 22.828577                        397.26795                          223.46774             157.29633                       19.217146
              1       404.57112       68.275443       3.0551637      0.97309093     0.022555177      0.11783612     0.059660361       1.0037366       1.0043508        2.122466    2.122466e-09       2.4160086      0.24596176      0.24729381       13.769187       1.8837377       0.6973695      0.30255298      0.14103616       147.45908      0.98015869      0.81609519      0.60066042      0.44548119      0.80989489       1.0410815        8.140821       1.0037366       13.261542        634.0075     0.088545445      0.088545445       808.96516                 21.893582                        390.37606                          221.73786             161.69612                       13.261542
              5       404.52387       68.275443       3.0682798      0.97583803     0.022555177      0.11783612     0.059660361       1.0094788      0.99793137       2.1504878   2.1504878e-09       2.4160086      0.24596176      0.24729381       13.769187       1.9086076       0.6973695      0.30255298      0.14103616       147.45908      0.98764414       0.8223277      0.60524765      0.44888333      0.81608004       1.0410815        8.140821       1.0094788       13.261542       633.49224     0.088545445      0.088545445       808.87066                 21.550142                        390.39899                          221.54312             162.11687                       13.261542
              4       405.58893       68.329655       3.0660713      0.97580996     0.022593181      0.11773162     0.058185906        1.008692      0.99889065       2.1457438   2.1457438e-09        2.409334      0.24597804      0.24731014       13.766193       1.9100214      0.69799193      0.30193067      0.14096967       147.44461      0.98546127      0.81931622      0.60383876      0.44760795      0.81459957       1.0410341       7.9852389        1.008692       12.930491        634.8001     0.088545445      0.088545445       811.00077                 21.661931                        390.21932                          222.91884             163.27018                       12.930491
              6       407.96592       68.490199       3.0737527      0.97787363     0.022562361      0.11726214     0.064419497       1.0080285      0.99519816       2.1622895   2.1622895e-09       2.4147447      0.24596484       0.2472969       13.765632       1.9009022      0.70047265      0.29945031      0.14046937       147.60442       0.9870782      0.81554689      0.60429217      0.44702124      0.81689413         1.04109       8.5890492       1.0080285       11.316304       634.86159     0.088545445      0.088545445       815.75475                  21.36826                        391.55164                           221.9417             169.57686                       11.316304
              4       406.24746       68.490199       3.0592723      0.97552706     0.022562361      0.11726214     0.064419497       1.0010608      0.99684144       2.1312042   2.1312042e-09       2.4147447      0.24596484       0.2472969       13.765632       1.8735747      0.70047265      0.29945031      0.14046937       147.60442      0.97907638       0.8089356      0.59939343      0.44339743      0.81027192         1.04109       8.5890492       1.0010608       11.316304       634.41983     0.088545445      0.088545445       812.31783                 21.694091                        391.59956                          221.12619             166.58169                       11.316304
              6       404.33083       68.493559       3.0619427      0.97469705     0.022652165      0.11740003     0.063983721        1.001582       1.0004363        2.136903    2.136903e-09       2.3990272      0.24600322      0.24733542       13.759111       1.8802225      0.70001669      0.29990628      0.14069706       147.46745      0.98009467      0.81090647      0.60025983      0.44420728      0.81113453       1.0410167       8.5279684        1.001582       11.758218       635.41048     0.088545445      0.088545445       808.48457                 21.964514                        391.40616                           222.0398             161.31587                       11.758218
              3       403.87857       68.493559       3.0693245      0.97708541     0.022652165      0.11740003     0.063983721       1.0053719       1.0030863       2.1527355   2.1527355e-09       2.3990272      0.24600322      0.24733542       13.759111       1.8941533      0.70001669      0.29990628      0.14069706       147.46745       0.9846196      0.81465029      0.60303113      0.44625811      0.81487941       1.0410167       8.5279684       1.0053719       11.758218       635.63508     0.088545445      0.088545445       807.58005                 21.566968                        391.40567                          222.66244             160.18675                       11.758218
              2        404.0698       68.557508       3.0748899      0.97761115      0.02265377       0.1173625     0.067087703       1.0051197       1.0017961       2.1647497   2.1647497e-09       2.3987476       0.2460039       0.2473361       13.754431       1.8929365      0.70065249      0.29927062      0.14066114       147.47565      0.98708755      0.81551459      0.60450404      0.44711087      0.81730318       1.0411625       8.8211036       1.0051197       11.327068       637.04886     0.088545445      0.088545445       807.96252                 21.572767                        392.59465                          222.88144             159.58659                       11.327068
             11       403.40991       68.557508       3.0824806      0.97634355      0.02265377       0.1173625     0.067087703       1.0090601       1.0048746       2.1812443   2.1812443e-09       2.3987476       0.2460039       0.2473361       13.754431         1.90736      0.70065249      0.29927062      0.14066114       147.47565      0.99035913      0.81821751      0.60650759      0.44859276      0.82001202       1.0411625       8.8211036       1.0090601       11.327068       636.47739     0.088545445      0.088545445       806.64272                 21.761618                        392.60535                          222.11043             158.83826                       11.327068
              4       402.89383       68.557508       3.0886738      0.97787542      0.02265377       0.1173625     0.067087703       1.0131805       1.0011636       2.1947951   2.1947951e-09       2.3987476       0.2460039       0.2473361       13.754431       1.9192093      0.70065249      0.29927062      0.14066114       147.47565      0.99401488      0.82123783      0.60874642      0.45024867      0.82303897       1.0411625       8.8211036       1.0131805       11.327068       637.04121     0.088545445      0.088545445       805.61057                 21.416096                        392.54766                          223.07745              157.2423                       11.327068
              1       402.94407       68.575092       3.0858971      0.97783289     0.022627901      0.11743167     0.065708893       1.0129676       1.0010834       2.1887092   2.1887092e-09       2.4032593      0.24599287      0.24732503       13.751694       1.9191727      0.70071391      0.29920924      0.14070444       147.48598       0.9931382      0.82046728      0.60825633      0.44986312      0.82241853       1.0413549       8.6991395       1.0129676       11.133236        636.7829     0.088545445      0.088545445       805.71105                 21.403939                        391.98681                          223.39215              157.7949                       11.133236
              2       403.74795       68.901166        3.071089      0.97865077     0.022734019      0.11673977     0.058144485       1.0139335       1.0035776       2.1565375   2.1565375e-09       2.3848312      0.24603793      0.24737026       13.738889       1.9197884      0.70477386      0.29515002      0.14011865       147.55285      0.98020836      0.80179084      0.59971152      0.44203137      0.81363887       1.0413103       7.9332072       1.0139335       10.362377       635.74757     0.088545445      0.088545445        807.3188                  21.13246                        390.19834                          224.41677             161.20885                       10.362377
              2       406.44314       69.061866       3.0880389      0.97898613     0.022844824       0.1167987     0.065352803       1.0147598       1.0019428       2.1934021   2.1934021e-09       2.3658171      0.24608431       0.2474168       13.720112       1.9246578       0.7057903      0.29413393       0.1402884       147.41394      0.98746845      0.80616487      0.60433628      0.44505629      0.82062054       1.0415647       8.6011768       1.0147598       10.412789       639.75323     0.088545445      0.088545445       812.70919                 21.319755                        391.70902                          226.72445             162.54317                       10.412789
              2       406.79143       69.080551       3.0878537      0.97936566     0.022831595      0.11668724     0.065841053       1.0135281       1.0008254       2.1929959   2.1929959e-09       2.3680749      0.24607881      0.24741129       13.721866       1.9224233      0.70621074      0.29371353       0.1401637       147.45836      0.98693651      0.80480292      0.60387646      0.44455868      0.82028942       1.0415346       8.6481791       1.0135281       10.468476       639.12406     0.088545445      0.088545445       813.40577                 21.349483                        391.89241                          225.88216             163.81323                       10.468476
              2        407.0165       69.080551       3.0861907      0.98057398     0.022831595      0.11668724     0.065841053       1.0132957       1.0008895       2.1893519   2.1893519e-09       2.3680749      0.24607881      0.24741129       13.721866       1.9192289      0.70621074      0.29371353       0.1401637       147.45836      0.98657692      0.80450969      0.60365644       0.4443967      0.81999055       1.0415346       8.6481791       1.0132957       10.468476       639.51158     0.088545445      0.088545445       813.85591                 21.122546                         391.8101                          226.57893             163.87586                       10.468476
              3       406.99526       69.080551       3.0762166      0.97819227     0.022831595      0.11668724     0.065841053       1.0086286       1.0036411       2.1676237   2.1676237e-09       2.3680749      0.24607881      0.24741129       13.721866       1.9001815      0.70621074      0.29371353       0.1401637       147.45836      0.98076595      0.79977111      0.60010088      0.44177919      0.81516078       1.0415346       8.6481791       1.0086286       10.468476       639.78915     0.088545445      0.088545445       813.81342                 21.420648                        391.91077                          226.45773             163.55579                       10.468476
              4       407.71266       69.080551       3.0828646      0.98101924     0.022831595      0.11668724     0.065841053       1.0118517       1.0044218        2.182082    2.182082e-09       2.3680749      0.24607881      0.24741129       13.721866       1.9128559      0.70621074      0.29371353       0.1401637       147.45836      0.98510717      0.80331117      0.60275714      0.44373466      0.81876897       1.0415346       8.6481791       1.0118517       10.468476       640.03342     0.088545445      0.088545445       815.24823                 21.042188                        391.83906                          227.15216             164.74633                       10.468476
              2       407.47706        69.08202        3.081488      0.98130759     0.022813147      0.11658656      0.06573405       1.0107726       1.0043323       2.1790804   2.1790804e-09       2.3712289      0.24607113      0.24740358       13.724984       1.9106335      0.70647284      0.29345143      0.14004457       147.50582       0.9841249      0.80187415      0.60202814      0.44309908      0.81796126       1.0414785       8.6406361       1.0107726       10.511483        639.0868     0.088545445      0.088545445       814.77702                 21.051078                        391.81597                          226.21975             165.17874                       10.511483
              5        404.5845        69.08202       3.1002468      0.97764915     0.022813147      0.11658656      0.06573405       1.0204345       1.0036391        2.220343    2.220343e-09       2.3712289      0.24607113      0.24740358       13.724984       1.9468129      0.70647284      0.29345143      0.14004457       147.50582      0.99199559      0.80828726      0.60684295      0.44664283      0.82450303       1.0414785       8.6406361       1.0204345       10.511483       638.10999     0.088545445      0.088545445        808.9919                 21.556669                        391.87819                          224.67512             160.37043                       10.511483
              1       407.04217        69.08202       3.1018343      0.97912768     0.022813147      0.11658656      0.06573405       1.0198022       1.0018825       2.2238707   2.2238707e-09       2.3712289      0.24607113      0.24740358       13.724984       1.9499059      0.70647284      0.29345143      0.14004457       147.50582      0.99335029      0.80939109      0.60767168      0.44725279        0.825629       1.0414785       8.6406361       1.0198022       10.511483       640.07382     0.088545445      0.088545445       813.90725                 21.482634                        391.85318                          226.73801             163.32195                       10.511483
              1       406.72094       69.163298       3.1074441      0.98019389     0.022811163      0.11633111      0.06968331       1.0195304       1.0026964       2.2363812   2.2363812e-09       2.3715684      0.24607031      0.24740275       13.724861       1.9454482      0.70770049      0.29222396      0.13978714        147.5765      0.99480596      0.80799996       0.6082823       0.4472333      0.82732515       1.0414498       9.0038237       1.0195304       10.818621       640.31597     0.088545445      0.088545445       813.26478                 21.363931                        393.54256                          225.40947             162.13019                       10.818621
              2         406.036       69.163298       3.1008775      0.97766244     0.022811163      0.11633111      0.06968331       1.0175046       1.0047503       2.2217438   2.2217438e-09       2.3715684      0.24607031      0.24740275       13.724861        1.932715      0.70770049      0.29222396      0.13978714        147.5765       0.9905755       0.8045639      0.60569556      0.44533143      0.82380691       1.0414498       9.0038237       1.0175046       10.818621       639.89064     0.088545445      0.088545445        811.8949                 21.610609                        393.63998                          224.64005             161.18564                       10.818621
              1       407.47815       69.163298       3.1095219      0.97370989     0.022811163      0.11633111      0.06968331       1.0210675      0.99832009       2.2410328   2.2410328e-09       2.3715684      0.24607031      0.24740275       13.724861       1.9494947      0.70770049      0.29222396      0.13978714        147.5765      0.99335042      0.80681774       0.6073923      0.44657894      0.82611466       1.0414498       9.0038237       1.0210675       10.818621       641.49392     0.088545445      0.088545445       814.77921                 22.395847                         393.7831                          225.31497             162.46667                       10.818621
              1       406.96018       69.290524        3.090912      0.97492023     0.022703305      0.11586931     0.062720815       1.0201579       1.0023245       2.1997131   2.1997131e-09       2.3901433      0.24602495      0.24735722       13.729255       1.9403829      0.70995939      0.28996534      0.13921748       147.82101      0.98240361      0.79310232      0.60008586      0.44035194       0.8177619       1.0416046       8.3686436       1.0201579       12.129957       638.12013     0.088545445      0.088545445       813.74326                 21.823795                        390.87932                          225.41702             163.49317                       12.129957
              1       406.70251       68.991327        3.082402      0.97547312     0.022506093      0.11572152     0.061917268       1.0179274       1.0026846       2.1810728   2.1810728e-09       2.4246692      0.24594071      0.24727268       13.765117       1.9270346       0.7081631      0.29176097      0.13887248         148.082      0.98039811       0.7941729      0.59848947      0.43985883      0.81432865       1.0410624       8.3346411       1.0179274       11.108334       635.72443     0.088545445      0.088545445       813.22794                 21.517049                        390.79283                          223.41455             166.39517                       11.108334
              1       404.86032       68.991327       3.0816368      0.97949676     0.022506093      0.11572152     0.061917268       1.0172376       1.0032035       2.1794047   2.1794047e-09       2.4246692      0.24594071      0.24727268       13.765117       1.9255607       0.7081631      0.29176097      0.13887248         148.082       0.9815413      0.79509894      0.59918734      0.44037172      0.81527819       1.0410624       8.3346411       1.0172376       11.108334          635.33     0.088545445      0.088545445       809.54355                 20.984127                        390.70574                          223.64014             163.10522                       11.108334
              2       405.65429       69.208186       3.0949181      0.97993475      0.02267522      0.11550972     0.067127072       1.0185722      0.99984587        2.208543    2.208543e-09       2.3950161      0.24601303      0.24734526       13.747145        1.931079      0.71007824      0.28984631       0.1388298       147.94946      0.98482496      0.79429102      0.60114567      0.44108437      0.81929024       1.0410435       8.7840084       1.0185722       11.860063       636.53215     0.088545445      0.088545445       811.13149                 21.105065                        392.38723                          223.03985             162.73928                       11.860063
              1       409.59948       69.415462       3.0832157      0.97874621     0.022738301      0.11583498     0.058396916       1.0192765       1.0052028       2.1828484   2.1828484e-09        2.384092      0.24603974      0.24737207       13.718262         1.94223      0.71100113      0.28892388      0.13921815       147.79114      0.97911239      0.78859971      0.59807619       0.4384826      0.81575671       1.0418472        7.942858       1.0192765       13.024494       638.90571     0.088545445      0.088545445       819.02187                 21.296743                        390.16724                          227.44172             167.09168                       13.024494
              1       410.52283       69.415462       3.0804561      0.97867171     0.022738301      0.11583498     0.058396916       1.0199739      0.99880916        2.176833    2.176833e-09        2.384092      0.24603974      0.24737207       13.718262       1.9368776      0.71100113      0.28892388      0.13921815       147.79114      0.97773413      0.78748963       0.5972343      0.43786537       0.8146084       1.0418472        7.942858       1.0199739       13.024494        639.2944     0.088545445      0.088545445       820.86858                 21.107525                        390.18973                          227.99715             168.54968                       13.024494
              3       410.11719       69.406982       3.0763134      0.97849638     0.022744191      0.11578686     0.056215174        1.018528      0.99877239       2.1678336   2.1678336e-09        2.383076      0.24604222      0.24737456       13.720161       1.9373053      0.71101817      0.28890681      0.13917592       147.79753      0.97536739      0.78549366      0.59574342      0.43676588      0.81258689       1.0417551       7.7262455        1.018528         12.9405       637.88924     0.088545445      0.088545445        820.0573                 21.233763                        390.28699                          226.36848             169.22756                         12.9405
              1       408.21835       69.378941        3.076615      0.97848941     0.022727654      0.11581988     0.056543869       1.0184406       1.0046277       2.1684875   2.1684875e-09       2.3859306      0.24603525      0.24736756       13.722172       1.9366161      0.71075028      0.28917464       0.1391924       147.80711      0.97593732      0.78644944      0.59610918      0.43713528      0.81289744       1.0417502       7.7628638       1.0184406       12.762134       637.59363     0.088545445      0.088545445       816.25961                 21.225339                        390.22714                          226.14116             165.90385                       12.762134
              1       406.33513       69.118988       3.0848195      0.97712233     0.022820871      0.11598748     0.059198691       1.0192577       1.0003311        2.186352    2.186352e-09       2.3699075      0.24607435      0.24740681       13.737893       1.9422304      0.70802455      0.29189981      0.13945322       147.65797      0.98065684      0.79545763       0.5992723      0.44048655      0.81529682       1.0409239        8.003042       1.0192577       10.769751       636.78129     0.088545445      0.088545445       812.49318                 21.509928                        390.23147                           225.0399             164.94214                       10.769751
              2       404.76936       69.118988         3.09222      0.97706084     0.022820871      0.11598748     0.059198691       1.0239757       1.0005681       2.2025921   2.2025921e-09       2.3699075      0.24607435      0.24740681       13.737893       1.9566572      0.70802455      0.29189981      0.13945322       147.65797      0.98426892      0.79838756      0.60147961      0.44210901      0.81829983       1.0409239        8.003042       1.0239757       10.769751       635.67996     0.088545445      0.088545445       809.36162                  21.42289                        390.22088                          224.03619             162.91192                       10.769751
              1       405.41739       68.975574       3.0939192      0.97712561     0.022761227      0.11623864      0.06771396       1.0161131       1.0057679        2.206338    2.206338e-09       2.3801405      0.24604939      0.24738176       13.745289       1.9268879      0.70640659      0.29351745      0.13964474       147.65697      0.98757414      0.80422723       0.6037065      0.44435936      0.82019548       1.0409226       8.8310616       1.0161131       10.467072       637.08716     0.088545445      0.088545445       810.65769                 21.594916                        392.73974                           222.7525             163.10346                       10.467072
              1       405.52903       69.011705       3.0951533      0.97700566     0.022785428       0.1162186     0.068239858       1.0152485       1.0042989       2.2090624   2.2090624e-09       2.3759802      0.24605955      0.24739195       13.741989       1.9272391      0.70670519      0.29321893       0.1396489       147.63536      0.98768659      0.80379299      0.60377974      0.44430023      0.82050369       1.0409461       8.8736009       1.0152485       10.504068       638.40131     0.088545445      0.088545445       810.88097                 21.744122                        392.94025                          223.71694             161.97559                       10.504068
              1       404.64821       69.011705       3.1379823      0.97925727     0.022785428       0.1162186     0.068239858       1.0370674       1.0034179       2.3057298   2.3057298e-09       2.3759802      0.24605955      0.24739195       13.741989        2.011574      0.70670519      0.29321893       0.1396489       147.63536       1.0099414      0.82190427      0.61738427      0.45431132      0.83899149       1.0409461       8.8736009       1.0370674       10.504068       638.10186     0.088545445      0.088545445       809.11933                 21.410921                        392.89786                          223.79308              160.5134                       10.504068
              3       403.51955       68.850583       3.1363982      0.97807012     0.022790262      0.11660141     0.067538813       1.0374606        1.002588       2.3020802   2.3020802e-09       2.3751506      0.24606157      0.24739398       13.745596        2.011208      0.70451313      0.29541063      0.14003654       147.52732        1.011473      0.82771813      0.61874915      0.45616415      0.83928234       1.0408678       8.8143188       1.0374606       10.492169       637.24692     0.088545445      0.088545445       806.86201                 21.473654                        392.63546                           223.1378             159.12293                       10.492169
              1       403.26246       68.685075       3.1330257      0.98038608     0.022521129      0.11679162     0.067402549       1.0353157       1.0037384       2.2943295   2.2943295e-09       2.4220113      0.24594716      0.24727916       13.762386       2.0049829      0.70325467      0.29666873      0.13995761       147.77686       1.0146345      0.83248473      0.62059569      0.45801183      0.84089314       1.0412701        8.873411       1.0353157       10.383756       637.56067     0.088545445      0.088545445       806.34783                 21.132479                        392.64917                          223.77902              158.4034                       10.383756
              1       403.08307       68.481239       3.1307835       0.9789583     0.022504521      0.11735769     0.063846828       1.0392679       1.0007216       2.2891909   2.2891909e-09       2.4249473      0.24594004      0.24727201       13.765394       2.0147695      0.70031385      0.29960909      0.14050708       147.64346       1.0171039      0.84070081      0.62271575      0.46071102      0.84168794       1.0413133       8.5506119       1.0392679       11.152433       637.85451     0.088545445      0.088545445       805.98905                 21.055428                        391.37247                          225.42662              156.9821                       11.152433
              3       403.36679       68.481239       3.1322875      0.97207998     0.022504521      0.11735769     0.063846828       1.0382542       1.0042922       2.2926364   2.2926364e-09       2.4249473      0.24594004      0.24727201       13.765394        2.017802      0.70031385      0.29960909      0.14050708       147.64346       1.0151903      0.83911909      0.62154416      0.45984422      0.84010437       1.0413133       8.5506119       1.0382542       11.152433       634.71951     0.088545445      0.088545445       806.55648                 22.332828                        391.46314                          220.92355             160.68453                       11.152433
              1       403.58769       68.513833       3.1330701      0.97211746     0.022514928      0.11732497     0.063920885        1.037699       1.0029596       2.2944314   2.2944314e-09        2.423107       0.2459445      0.24727649       13.763116       2.0190826      0.70064645      0.29927656      0.14048477       147.64059       1.0151987      0.83848731      0.62152466      0.45970216      0.84031127       1.0413486       8.5546348        1.037699       11.009239       636.33129     0.088545445      0.088545445       806.99829                 22.448831                        391.46156                           222.4209             159.65775                       11.009239
              1       402.34538       68.513833       3.0985836      0.97473255     0.022514928      0.11732497     0.063920885        1.021221       1.0040713       2.2166533   2.2166533e-09        2.423107       0.2459445      0.24727649       13.763116       1.9506385      0.70064645      0.29927656      0.14048477       147.64059      0.99884291       0.8249785      0.61151132      0.45229593      0.82677307       1.0413486       8.5546348        1.021221       11.009239       634.64952     0.088545445      0.088545445       804.51367                 21.829882                        391.40085                          221.41879             158.85491                       11.009239
              1       405.13621       68.962925       3.1041125      0.97494543      0.02277272      0.11625632     0.069061754       1.0203434       1.0019672       2.2289428   2.2289428e-09       2.3781635      0.24605422       0.2473866       13.745606       1.9413893      0.70623754      0.29368648      0.13967391       147.63941      0.99184406      0.80804892      0.60634838      0.44636816      0.82366618       1.0408748        8.953568       1.0203434       10.450709       638.59572     0.088545445      0.088545445       810.09534                 21.945206                        393.41373                          223.23678             161.04891                       10.450709
              4       404.94828       69.097486       3.1013513      0.97715105     0.022691768       0.1156802     0.066773854        1.022221       1.0022108       2.2227967   2.2227967e-09       2.3921431      0.24602005      0.24735231       13.751765       1.9449154      0.70875682      0.29116749      0.13901683       147.88491      0.98820735      0.79964766      0.60341336      0.44325194      0.82144635       1.0408583       8.7497705        1.022221         11.0891       636.19825     0.088545445      0.088545445       809.71947                 21.468751                        392.28029                          222.44921             162.43212                         11.0891
              1       409.01399       69.356555       3.1041926       0.9780012     0.022766168      0.11511882     0.067380529       1.0245533       1.0012232       2.2291214   2.2291214e-09       2.3792903      0.24605147      0.24738384       13.742327       1.9480842      0.71194088        0.287984      0.13852986       147.95332      0.98513322       0.7907899      0.60100877      0.44027386      0.82042469       1.0408256       8.7772441       1.0245533       12.808361       639.48467     0.088545445      0.088545445       817.85089                 21.286961                        392.43328                          225.76443             165.55785                       12.808361
              4       411.45887       69.356555        3.065515      0.97582006     0.022766168      0.11511882     0.067380529       1.0027737       1.0015074       2.1445505   2.1445505e-09       2.3792903      0.24605147      0.24738384       13.742327       1.8741756      0.71194088        0.287984      0.13852986       147.95332      0.96545207      0.77499137      0.58900172      0.43147799      0.80403411       1.0408256       8.7772441       1.0027737       12.808361       639.87587     0.088545445      0.088545445       822.74064                 21.860238                        392.46957                          225.54606             170.05641                       12.808361
              2       411.73105       69.500668       3.0687816       0.9745936     0.022849091      0.11541302     0.056203845       1.0165714       1.0043249       2.1515671   2.1515671e-09       2.3650897      0.24608608      0.24741858       13.719304       1.9228122      0.71235351      0.28757168      0.13890698       147.78118      0.96697718       0.7760203      0.59033325      0.43229854      0.80614046       1.0413589       7.6954171       1.0165714        13.44858        640.0813     0.088545445      0.088545445       823.28501                 21.663005                        390.17096                          228.24733             169.75513                        13.44858
              2        407.3402       69.500668       3.1187753      0.97833686     0.022849091      0.11541302     0.056203845       1.0421935       1.0060904       2.2618661   2.2618661e-09       2.3650897      0.24608608      0.24741858       13.719304       2.0213841      0.71235351      0.28757168      0.13890698       147.78118      0.99288998      0.79681589      0.60615284      0.44388316      0.82774319       1.0413589       7.6954171       1.0421935        13.44858       637.23348     0.088545445      0.088545445       814.50331                 21.132412                        390.29984                          225.80124             163.82124                        13.44858
              1       402.47076       69.104074       3.1107092      0.97829477     0.022686468      0.11585316     0.057434721       1.0352851       1.0043857       2.2436952   2.2436952e-09       2.3930627      0.24601781      0.24735006       13.746577       2.0002151      0.70846124      0.29146308       0.1391845       147.84418      0.99427672      0.80533239      0.60730239      0.44622189      0.82653091       1.0410789       7.8589379       1.0352851       11.062305       633.96756     0.088545445      0.088545445       804.76442                 21.205976                        390.20722                          222.55436             159.73456                       11.062305
              8       406.11649       69.104074       3.0997038      0.98202381     0.022686468      0.11585316     0.057434721       1.0286716       1.0044647       2.2191376   2.2191376e-09       2.3930627      0.24601781      0.24735006       13.746577       1.9783224      0.70846124      0.29146308       0.1391845       147.84418      0.99024465      0.80206654       0.6048396      0.44441234      0.82317909       1.0410789       7.8589379       1.0286716       11.062305       636.93471     0.088545445      0.088545445       812.05588                 20.821967                        390.21628                          225.89646             164.05887                       11.062305
              1       403.04961       69.104074       3.0951131      0.97869569     0.022686468      0.11585316     0.057434721       1.0285131       1.0025297       2.2089738   2.2089738e-09       2.3930627      0.24601781      0.24735006       13.746577       1.9692615      0.70846124      0.29146308       0.1391845       147.84418      0.98670599      0.79920034      0.60267819      0.44282422      0.82023744       1.0410789       7.8589379       1.0285131       11.062305       634.51066     0.088545445      0.088545445       805.92213                 21.037161                        390.21064                          223.26285             160.34917                       11.062305
              2       402.21364       69.104074       3.1357781      0.97841927     0.022686468      0.11585316     0.057434721       1.0479698       1.0012167        2.300653    2.300653e-09       2.3930627      0.24601781      0.24735006       13.746577        2.050992      0.70846124      0.29146308       0.1391845       147.84418       1.0068662      0.81552945        0.614992      0.45187192      0.83699638       1.0410789       7.8589379       1.0479698       11.062305       634.22014     0.088545445      0.088545445       804.25019                  21.22392                        390.21408                          222.78214             158.96774                       11.062305
              1       401.58294       69.055004       3.1371196      0.97758447     0.022726713      0.11602857     0.059930065       1.0464593        1.000722       2.3037414   2.3037414e-09       2.3860933      0.24603485      0.24736716       13.744987       2.0435211      0.70759451      0.29232971      0.13940015       147.75195       1.0080857      0.81841121      0.61597528      0.45293045      0.83771259       1.0410197       8.0962838       1.0464593       10.720794       633.69339     0.088545445      0.088545445       802.98878                 21.344764                        390.32515                          222.02347              158.5746                       10.720794
              1       401.42204       69.055587       3.1370697      0.97768152     0.022721414       0.1160113      0.06019856       1.0466393       1.0017662       2.3036265   2.3036265e-09       2.3870091      0.24603261      0.24736491       13.745555       2.0423222      0.70764678      0.29227744      0.13937759       147.76252       1.0080409      0.81824655      0.61592293      0.45287171      0.83767884       1.0410164       8.1232036       1.0466393       10.737547       633.75216     0.088545445      0.088545445       802.66699                 21.291051                        390.37111                             222.09             158.17728                       10.737547
              7       400.63209       68.435221       3.1289401      0.97590751     0.022520423      0.11732198     0.056556029       1.0448203       1.0016355       2.2849748   2.2849748e-09        2.422136      0.24594686      0.24727885       13.770016       2.0405981      0.69995297      0.29996987      0.14048727       147.63525       1.0148425      0.83945845      0.62130933       0.4598088      0.83953434       1.0410977        7.833439       1.0448203       11.493216       632.24104     0.088545445      0.088545445       801.08708                 21.416209                        390.13902                          220.68581             157.35282                       11.493216
             10       401.02337       68.680525       3.1390959      0.97450716     0.022715987      0.11733605     0.060392605       1.0450389       1.0019274       2.3082989   2.3082989e-09       2.3879478      0.24603031      0.24736261       13.742582       2.0456706      0.70164806      0.29827533       0.1406969       147.41346       1.0169159      0.83839424      0.62281083      0.46026769      0.84275594       1.0413396       8.1667786       1.0450389       10.900491       634.65136     0.088545445      0.088545445       801.86964                  21.90053                        390.37898                          222.37185             156.31779                       10.900491
              2       401.26117       68.300418       3.1278214      0.97552029     0.022492746      0.11753886     0.058989306       1.0415506       1.0025911         2.28242     2.28242e-09       2.4270322      0.24593499      0.24726694       13.776802        2.028421      0.69836183       0.3015607      0.14067647       147.60817       1.0161165      0.84369078      0.62229864      0.46115034      0.83975996       1.0409992       8.0841716       1.0415506       12.465997       632.06213     0.088545445      0.088545445       802.34524                 21.509897                         390.2697                          220.28253             157.81711                       12.465997
              7       401.56761       68.227334        3.127212      0.97433198     0.022544352      0.11774931     0.058097348       1.0417369       1.0023527       2.2810297   2.2810297e-09       2.4179146      0.24595712      0.24728915       13.776126        2.030805       0.6971523      0.30277007      0.14093853       147.49431       1.0163967      0.84651561      0.62275997       0.4619542      0.83954205       1.0408738       7.9876268       1.0417369        13.65469       631.70265     0.088545445      0.088545445       802.95814                 21.697396                        390.19078                          219.81447              157.6008                        13.65469
              2       402.99949       68.227334       3.1418883        0.977762     0.022544352      0.11774931     0.058097348       1.0484968       1.0035686       2.3147536   2.3147536e-09       2.4179146      0.24595712      0.24728915       13.776126       2.0608294       0.6971523      0.30277007      0.14093853       147.49431       1.0252256      0.85386884      0.62816956      0.46596696      0.84683472       1.0408738       7.9876268       1.0484968        13.65469       633.43394     0.088545445      0.088545445       805.82188                 21.279165                        390.24835                          221.90643             158.73325                        13.65469
              4        403.9393       68.227334       3.1091835      0.98006807     0.022544352      0.11774931     0.058097348       1.0323891       1.0008547       2.2402746   2.2402746e-09       2.4179146      0.24595712      0.24728915       13.776126       1.9945207       0.6971523      0.30277007      0.14093853       147.49431       1.0094877      0.84076137      0.61852672      0.45881404      0.83383522       1.0408738       7.9876268       1.0323891        13.65469       635.43604     0.088545445      0.088545445       807.70151                 20.902786                        390.25729                          224.27597             158.61078                        13.65469
              1       404.43814       68.727554       3.1128544      0.98431463     0.022475707      0.11655719     0.057429181       1.0372106       1.0036685       2.2485134   2.2485134e-09       2.4300538      0.24592768       0.2472596       13.766304       2.0045326      0.70421385      0.29570964      0.13967776       147.89068       1.0048654      0.82232431      0.61431298       0.4530082      0.83305431       1.0412603       7.9179402       1.0372106        10.31829       639.58049     0.088545445      0.088545445       808.69919                  20.39312                        390.34487                           228.8425             158.80041                        10.31829
              4       402.68606       68.727554       3.1056958         0.97873     0.022475707      0.11655719     0.057429181       1.0325065       1.0060787       2.2324748   2.2324748e-09       2.4300538      0.24592768       0.2472596       13.766304       1.9902343      0.70421385      0.29570964      0.13967776       147.89068       0.9991249      0.81762665      0.61080362      0.45042032      0.82829536       1.0412603       7.9179402       1.0325065        10.31829       634.50146     0.088545445      0.088545445       805.19504                  21.06165                        390.25708                          223.18273             160.37529                        10.31829
              1       402.52902       68.582756        3.107987      0.97783969     0.022501933       0.1168019     0.067751884       1.0233376       1.0033667       2.2375957   2.2375957e-09       2.4254053      0.24593893      0.24727089       13.771695       1.9540383      0.70238752      0.29753565       0.1399487       147.79541       1.0016585      0.82338531      0.61264922      0.45247714      0.82952052       1.0410263       8.9108462       1.0233376       10.600648       635.70277     0.088545445      0.088545445       804.88096                 21.359722                        392.92502                          221.41802             158.57754                       10.600648
              3       404.94948       68.832182       3.1118778      0.97840706     0.022589532       0.1163225      0.06942624       1.0220331       1.0031728       2.2463185   2.2463185e-09       2.4099736      0.24597648      0.24730858       13.760364       1.9550978      0.70536747      0.29455625       0.1395569       147.82625      0.99941676      0.81561403      0.61084983      0.45001451      0.82916774       1.0410271       9.0355278       1.0220331       10.376558       639.18249     0.088545445      0.088545445       809.72187                 21.558197                        393.63525                          223.98905             160.16282                       10.376558
              5       404.11132       68.633162       3.1153901       0.9736573     0.022802007      0.11734652     0.067368694       1.0252999        1.000317       2.2542223   2.2542223e-09       2.3731366      0.24606648      0.24739891       13.744136       1.9700672      0.70103131      0.29889197      0.14079339       147.31512       1.0041522      0.82912544      0.61509912      0.45480337      0.83189122       1.0409895       8.8098683       1.0252999       11.519144       638.97321     0.088545445      0.088545445       808.04555                 22.292349                        392.76285                          223.91801             157.55319                       11.519144
              4       406.66606       68.829508       3.1203059      0.97317172     0.022901059      0.11728747     0.064845539       1.0296051      0.99853257       2.2653308   2.2653308e-09       2.3562562      0.24610758      0.24744016        13.72573       1.9897912      0.70265014      0.29727358      0.14083339       147.22109       1.0045036      0.82655235      0.61535806      0.45437766      0.83337182       1.0412539       8.5481706       1.0296051       10.838992       641.79289     0.088545445      0.088545445       813.15502                 22.452471                        391.63765                          227.70277             160.52314                       10.838992
              6       406.26264       68.817829       3.1226689      0.97378092      0.02283026      0.11744426     0.066937349       1.0304151       1.0032872       2.2706901   2.2706901e-09       2.3683029      0.24607826      0.24741073       13.724423       1.9861719      0.70236762      0.29755607      0.14091939       147.25776       1.0074229      0.82959305      0.61724063      0.45587598       0.8357229       1.0415682       8.7654841       1.0304151       10.691012       641.80854     0.088545445      0.088545445       812.34819                 22.170431                        392.52118                          227.11693             159.84864                       10.691012
             11       402.35636       68.725847       3.1173212       0.9749246     0.022727366      0.11727109     0.066224714       1.0277773       1.0012641       2.2585796   2.2585796e-09       2.3859804      0.24603512      0.24736744       13.740042       1.9783965      0.70215489       0.2977686      0.14064332       147.41816       1.0054214      0.82792323      0.61571242      0.45482847      0.83350496       1.0413756        8.720336       1.0277773       10.733213       637.05681     0.088545445      0.088545445       804.53562                 22.005889                        392.21354                          222.83738              156.7456                       10.733213
              1       402.43344       68.493814       3.1101921      0.97362883      0.02273233      0.11751132     0.062182602       1.0285315       1.0003322       2.2425353   2.2425353e-09       2.3851229      0.24603722      0.24736954       13.753864       1.9802871      0.69961084      0.30031213      0.14088851       147.34859        1.003583       0.8313529      0.61485424      0.45516137      0.83057519       1.0409303       8.3381044       1.0285315       12.237395       635.34235     0.088545445      0.088545445       804.68979                 22.021594                        390.84747                          222.47329             157.11004                       12.237395
              5       401.72931         68.7753        3.109125      0.97564584     0.022713299      0.11682253      0.05524322       1.0357028      0.99904785       2.2401435   2.2401435e-09       2.3884129      0.24602918      0.24736147       13.748302       2.0058211       0.7035611       0.2963625       0.1401807       147.55377      0.99901496      0.81944541      0.61128544      0.45102422      0.82849185        1.041079        7.651805       1.0357028       10.513226       633.75638     0.088545445      0.088545445       803.28153                  21.53894                        390.25997                          221.95747             159.01192                       10.513226
              1       402.59587       68.522075       3.1054827      0.97421788     0.022701199      0.11729702     0.054727256       1.0338077      0.99875755       2.2319991   2.2319991e-09       2.3905081      0.24602405      0.24735633        13.75806        2.000592      0.70038128      0.29954175      0.14064308       147.44035       1.0004067      0.82697872      0.61264116      0.45323195      0.82811725       1.0408658       7.6099712       1.0338077       11.775694       633.69417     0.088545445      0.088545445       805.01465                 21.737301                        390.27456                          221.68231             159.54479                       11.775694
              4       401.98521       68.522075       3.1245635      0.97389354     0.022701199      0.11729702     0.054727256       1.0446961       1.0010971       2.2749963   2.2749963e-09       2.3905081      0.24602405      0.24735633        13.75806       2.0391314      0.70038128      0.29954175      0.14064308       147.44035       1.0098712       0.8348025      0.61843717      0.45751983       0.8359518       1.0408658       7.6099712       1.0446961       11.775694       634.27459     0.088545445      0.088545445       803.79332                  21.68453                        390.27456                           222.3155             157.74304                       11.775694
              4       402.25261       68.449546       3.1203026      0.97593124     0.022556514      0.11697709     0.058577798       1.0389025       1.0036606       2.2653234   2.2653234e-09       2.4157733      0.24596234      0.24729438       13.777207       2.0148846      0.70073762      0.29918525      0.14017847       147.68735       1.0081951      0.83208352      0.61690023      0.45624696       0.8341226       1.0406788       8.0187888       1.0389025       11.477166       631.82316     0.088545445      0.088545445       804.32812                 21.416054                        390.21312                          220.19398              161.0278                       11.477166
              5       402.45375       68.418618       3.1196565      0.97591481     0.022539444      0.11704067     0.057881586       1.0392213        1.004609       2.2638601   2.2638601e-09       2.4187796      0.24595502      0.24728704       13.778677       2.0163888      0.70036765      0.29955514      0.14022498       147.68938        1.008485      0.83306056      0.61712877      0.45655698       0.8341739       1.0406988       7.9551794       1.0392213       11.619481       631.67736     0.088545445      0.088545445       804.73042                 21.399667                        390.15897                          220.11872             161.43358                       11.619481
              1       402.93879       68.428995       3.1188196      0.97594869     0.022547131      0.11696728     0.057066331       1.0397233       1.0045489       2.2619663   2.2619663e-09       2.4174252      0.24595831      0.24729035       13.779558       2.0179897      0.70059884      0.29932398      0.14015927       147.70045       1.0075614      0.83178262      0.61649135       0.4559974      0.83347314       1.0406313       7.8713773       1.0397233         11.5669       631.74275     0.088545445      0.088545445       805.70048                 21.374127                        390.20067                          220.16795             162.39083                         11.5669
              5       403.95035       68.428995       3.1544079      0.97840409     0.022547131      0.11696728     0.057066331       1.0586517       1.0050481       2.3439155   2.3439155e-09       2.4174252      0.24595831      0.24729035       13.779558       2.0910998      0.70059884      0.29932398      0.14015927       147.70045       1.0266149      0.84751207      0.62814953      0.46462055      0.84923456       1.0406313       7.8713773       1.0586517         11.5669         632.943     0.088545445      0.088545445       807.72361                 21.020087                        390.24286                          221.68006             163.21371                         11.5669
              1       403.25731       68.916226         3.16264      0.97891254     0.022665728      0.11660785     0.046974309        1.073673       1.0036957       2.3632904   2.3632904e-09       2.3966663      0.24600899      0.24734121       13.743033        2.151373      0.70532442      0.29459949      0.13991844       147.66438       1.0259819      0.83791531      0.62749238      0.46229208      0.85172709       1.0413883       6.8127461        1.073673       10.374961       638.31578     0.088545445      0.088545445       806.33753                 20.885062                        394.11449                          223.31622              157.6468                       10.374961
              1       403.61502       68.916226       3.1624184      0.97929055     0.022665728      0.11660785     0.046974309       1.0739048       1.0035321       2.3627669   2.3627669e-09       2.3966663      0.24600899      0.24734121       13.743033       2.1508965      0.70532442      0.29459949      0.13991844       147.66438       1.0260178      0.83794458      0.62751431      0.46230824      0.85175685       1.0413883       6.8127461       1.0739048       10.374961       639.10624     0.088545445      0.088545445       807.05294                 20.815918                        394.19653                          224.09379             157.57174                       10.374961
              1       404.26393       69.022479       3.1641183      0.98008785     0.022662426      0.11636702     0.048618819       1.0739638       1.0025638       2.3667868   2.3667868e-09       2.3972407      0.24600759       0.2473398       13.740343       2.1474812      0.70674339      0.29318075      0.13967432       147.73277       1.0254046      0.83445573      0.62686553      0.46127323      0.85190374       1.0414526       6.9820598       1.0739638       10.633684       639.93107     0.088545445      0.088545445       808.35077                 20.706397                         393.1175                          226.10717             157.78601                       10.633684
              6       402.98932       69.022479       3.1280619      0.97893147     0.022662426      0.11636702     0.048618819       1.0527992       1.0034961        2.282969    2.282969e-09       2.3972407      0.24600759       0.2473398       13.740343       2.0714299      0.70674339      0.29318075      0.13967432       147.73277       1.0066347      0.81918114      0.61539084      0.45282969      0.83630976       1.0414526       6.9820598       1.0527992       10.633684       637.41341     0.088545445      0.088545445       805.80154                 20.989457                        393.00359                          223.42036             157.75445                       10.633684
              4       403.34575       69.203549         3.13042      0.97946992     0.022726729      0.11594415     0.050686557       1.0537946        1.002633       2.2883588   2.2883588e-09       2.3860903      0.24603486      0.24736717       13.734214       2.0677515      0.70902471      0.29089983      0.13931574       147.77467       1.0043655      0.81267324      0.61360916      0.45063789       0.8355183       1.0413682       7.1759253       1.0537946       11.408385       637.42075     0.088545445      0.088545445       806.51441                 20.848221                        391.99692                          224.57561             157.68527                       11.408385
              2       403.67172       69.173783       3.1311407      0.97908989     0.022730265      0.11610217     0.050629786       1.0539532       1.0041733       2.2900086   2.2900086e-09       2.3854795      0.24603635      0.24736867        13.73241       2.0694772      0.70843661      0.29148786       0.1394773       147.72818       1.0055699       0.8149526      0.61452303      0.45153694      0.83634034       1.0414416       7.1718874       1.0539532       11.166287       637.55976     0.088545445      0.088545445       807.16635                 20.903118                        391.96911                          224.68753              158.4403                       11.166287
              2       403.11819       69.173783       3.1305589      0.97837802     0.022730265      0.11610217     0.050629786       1.0533637       1.0010284       2.2886768   2.2886768e-09       2.3854795      0.24603635      0.24736867        13.73241       2.0682736      0.70843661      0.29148786       0.1394773       147.72818       1.0050011      0.81449158       0.6141754      0.45128151      0.83586723       1.0414416       7.1718874       1.0533637       11.166287       636.95625     0.088545445      0.088545445        806.0593                 21.011725                        391.90092                          224.04361             157.93676                       11.166287
              2       402.75886       68.686336       3.1202473      0.97640692      0.02266079      0.11681625     0.047150102       1.0509845       1.0004523       2.2651981   2.2651981e-09       2.3975255      0.24600689       0.2473391       13.757774       2.0613518      0.70291732      0.29700608      0.14012191       147.61398       1.0056416      0.82595818      0.61527564      0.45421456      0.83344776       1.0409428       6.8341017       1.0509845       10.655079       636.82701     0.088545445      0.088545445       805.34062                 21.155574                        393.77717                          221.89427             157.85853                       10.655079
              3       402.24049       68.686336        3.145495      0.97665416      0.02266079      0.11681625     0.047150102       1.0634377       1.0022543       2.3231172   2.3231172e-09       2.3975255      0.24600689       0.2473391       13.757774       2.1140588      0.70291732      0.29700608      0.14012191       147.61398       1.0185137      0.83653043      0.62315116       0.4600285      0.84411588       1.0409428       6.8341017       1.0634377       10.655079       636.12532     0.088545445      0.088545445       804.30388                 21.203063                        393.82406                           221.0982             157.52348                       10.655079
              1       403.39859       68.686336       3.1282298      0.97465178      0.02266079      0.11681625     0.047150102       1.0533279       1.0050787       2.2833524   2.2833524e-09       2.3975255      0.24600689       0.2473391       13.757774       2.0778724      0.70291732      0.29700608      0.14012191       147.61398       1.0089837      0.82870318      0.61732045       0.4557241      0.83621766       1.0409428       6.8341017       1.0533279       10.655079       637.09355     0.088545445      0.088545445       806.62009                 21.577403                        393.58544                          221.93071             158.87145                       10.655079
              3       404.74497       68.756103       3.1286715      0.97615339     0.022592895      0.11654235     0.049497633       1.0512251      0.99849484       2.2843611   2.2843611e-09       2.4093841      0.24597791      0.24731002       13.760968       2.0690532      0.70424292      0.29568064      0.13978011       147.76336       1.0085137      0.82540842      0.61665627      0.45472504       0.8362525       1.0410295       7.0888841       1.0512251       10.375887       636.48522     0.088545445      0.088545445       809.31284                 21.411209                        392.17791                           222.8961             162.45173                       10.375887
              1       403.19189       68.756103       3.1464601      0.97288924     0.022592895      0.11654235     0.049497633       1.0616484       1.0045894       2.3253604   2.3253604e-09       2.4093841      0.24597791      0.24731002       13.760968       2.1061882      0.70424292      0.29568064      0.13978011       147.76336       1.0162506      0.83174058      0.62138698      0.45821349      0.84266785       1.0410295       7.0888841       1.0616484       10.375887       634.87414     0.088545445      0.088545445       806.20669                 21.803853                        392.05115                          221.01914             160.95666                       10.375887
              8       405.44922       68.803831       3.1493458      0.97261071     0.022625092      0.11660395     0.050786238       1.0613013       1.0084864       2.3320804   2.3320804e-09       2.4037499      0.24599167      0.24732383       13.754176        2.106838      0.70445498      0.29546869      0.13987391       147.71084        1.017494      0.83250978       0.6222516      0.45876881      0.84399166        1.041155       7.2163431       1.0613013       10.357727       635.20699     0.088545445      0.088545445       810.72134                 21.942882                        391.37437                          221.88974             165.15663                       10.357727
              4       402.57297       68.840024       3.1498551      0.97284675     0.022627863      0.11651546      0.05136221       1.0619113        1.001562       2.3332684   2.3332684e-09       2.4032659      0.24599286      0.24732502       13.753326       2.1054845      0.70494654       0.2949772      0.13978819       147.73151       1.0171682      0.83121577      0.62195707      0.45836086      0.84394335       1.0411601       7.2734691       1.0619113       10.356016        634.5458     0.088545445      0.088545445       804.96885                 21.825831                        391.19528                          221.52469             160.06704                       10.356016
              1       402.91561       68.840024       3.1763094      0.97666812     0.022627863      0.11651546      0.05136221       1.0754332      0.99892948       2.3958171   2.3958171e-09       2.4032659      0.24599286      0.24732502       13.753326       2.1619269      0.70494654       0.2949772      0.13978819       147.73151       1.0322257       0.8435205      0.63116408      0.46514611      0.85643649       1.0411601       7.2734691       1.0754332       10.356016       634.01479     0.088545445      0.088545445       805.65413                 21.310579                        391.36836                          221.33585             161.28333                       10.356016
              2       402.22603       68.625661       3.1725484      0.97582633     0.022711876      0.11707477      0.06024118       1.0636502      0.99957256       2.3868234   2.3868234e-09        2.388659      0.24602858      0.24736086       13.754673       2.1159015      0.70173435      0.29818892      0.14043151       147.48785       1.0333577      0.85138734      0.63258202       0.4674549      0.85603982       1.0409085       8.1476731       1.0636502       11.118295       633.33289     0.088545445      0.088545445       804.27497                 21.604696                        390.40904                          221.31915             159.82378                       11.118295
              1       402.62377       68.719497       3.1752819      0.97601469      0.02274052      0.11688128     0.060346375        1.066041       1.0002327       2.3933566   2.3933566e-09       2.3837093      0.24604068      0.24737301       13.750882       2.1212469      0.70289743      0.29702604      0.14026667       147.50773       1.0330997       0.8487664      0.63223839      0.46674481      0.85641099       1.0409065       8.1479199        1.066041       10.759479       634.56418     0.088545445      0.088545445       805.07046                  21.50148                          390.421                           222.6417              159.7468                       10.759479
              1       402.54331       68.705484       3.1776012      0.97655271     0.022707791      0.11676276     0.060582496       1.0664273       1.0038452       2.3989139   2.3989139e-09       2.3893663      0.24602685      0.24735913       13.756258       2.1251685      0.70309663      0.29682681      0.14011542       147.57592       1.0341616      0.84903933      0.63271758      0.46702022      0.85720387       1.0408219       8.1761404       1.0664273       10.710652       633.13782     0.088545445      0.088545445       804.90952                 21.487998                        390.44826                          221.20156             161.06105                       10.710652
              1       405.54417       68.769607       3.1776223      0.97665844     0.022704368      0.11665702     0.063339453       1.0654552       1.0048186       2.3989646   2.3989646e-09       2.3899591       0.2460254      0.24735767       13.753577       2.1135274      0.70388088       0.2960427      0.14000626       147.60808       1.0333614      0.84675991      0.63210479      0.46625948      0.85694015       1.0409074       8.4402495       1.0654552        10.50967       637.17216     0.088545445      0.088545445       810.91125                 21.363943                        391.13339                          224.67482             163.22942                        10.50967
              1       403.23866       68.769607       3.1519894      0.97882142     0.022704368      0.11665702     0.063339453       1.0492896      0.99944766       2.3382534   2.3382534e-09       2.3899591       0.2460254      0.24735767       13.753577       2.0600399      0.70388088       0.2960427      0.14000626       147.60808       1.0210504      0.83667201      0.62457419      0.46070468      0.84673097       1.0409074       8.4402495       1.0492896        10.50967       634.83575     0.088545445      0.088545445       806.30024                 21.303628                        391.09226                          222.43985             160.95482                        10.50967
             25       401.05337       68.826019       3.1491094       0.9789462     0.022621936      0.11655838     0.061898205        1.049799       1.0042165        2.331529    2.331529e-09       2.4043014      0.24599033      0.24732248        13.75355       2.0600451      0.70474836      0.29517535      0.13982518       147.72661       1.0195181      0.83355487      0.62343512      0.45952727      0.84580694       1.0411798       8.3204373        1.049799       10.350601       633.91548     0.088545445      0.088545445       801.92965                 21.211218                         390.7143                          221.98997             157.66357                       10.350601
              9       401.69273       68.826019       3.0997115      0.97754362     0.022621936      0.11655838     0.061898205       1.0250221       1.0048797       2.2191548   2.2191548e-09       2.4043014      0.24599033      0.24732248        13.75355       1.9607557      0.70474836      0.29517535      0.13982518       147.72661      0.99410885      0.81278039       0.6078974      0.44807458       0.8247271       1.0411798       8.3204373       1.0250221       10.350601       633.97794     0.088545445      0.088545445       803.20837                 21.325665                        390.73529                          221.91699             158.87983                       10.350601
              1       401.23893       68.826019       3.1045623      0.97768551     0.022621936      0.11655838     0.061898205       1.0268229       1.0017102       2.2299457   2.2299457e-09       2.4043014      0.24599033      0.24732248        13.75355       1.9702901      0.70474836      0.29517535      0.13982518       147.72661      0.99657729      0.81479857      0.60940685      0.44918718      0.82677495       1.0411798       8.3204373       1.0268229       10.350601        633.9281     0.088545445      0.088545445       802.30077                 21.373728                        390.74456                          221.80981             158.02207                       10.350601
              2       401.66237       68.826019       3.1014084      0.97858074     0.022621936      0.11655838     0.061898205       1.0262757       1.0041533       2.2229237   2.2229237e-09       2.4043014      0.24599033      0.24732248        13.75355       1.9640858      0.70474836      0.29517535      0.13982518       147.72661      0.99534973      0.81379493       0.6086562      0.44863389      0.82575656       1.0411798       8.3204373       1.0262757       10.350601        634.6295     0.088545445      0.088545445       803.14766                 21.145581                        390.73706                          222.74685             158.16756                       10.350601
              1       402.04832       68.826019       3.1299167      0.98087504     0.022621936      0.11655838     0.061898205       1.0397433       1.0047341       2.2872073   2.2872073e-09       2.4043014      0.24599033      0.24732248        13.75355       2.0208843      0.70474836      0.29517535      0.13982518       147.72661       1.0105315      0.82620751      0.61793986      0.45547677      0.83835158       1.0411798       8.3204373       1.0397433       10.350601       634.96826     0.088545445      0.088545445       803.91954                 20.962127                        390.70354                          223.30259             158.60068                       10.350601
              7       401.98419       68.713999       3.1240765       0.9801165     0.022622731      0.11693618     0.063554475       1.0358765      0.99991655       2.2738885   2.2738885e-09       2.4041625      0.24599067      0.24732282       13.753088        2.002472      0.70298308      0.29694038      0.14020378       147.62431       1.0098659      0.82942963      0.61795045      0.45616396      0.83711734       1.0412509       8.4861112       1.0358765       10.492624       636.31284     0.088545445      0.088545445       803.79128                 20.981326                        391.19012                           224.1414             156.98582                       10.492624
              2       401.70158       68.713999       3.1674479      0.97616673     0.022622731      0.11693618     0.063554475       1.0578901      0.99997196       2.3746802   2.3746802e-09       2.4041625      0.24599067      0.24732282       13.753088       2.0912329      0.70298308      0.29694038      0.14020378       147.62431       1.0304387      0.84632661      0.63053922      0.46545684      0.85417094       1.0412509       8.4861112       1.0578901       10.492624       633.92643     0.088545445      0.088545445       803.22607                 21.604203                        391.21284                          221.10939             158.80702                       10.492624
              2       401.87849       68.610551       3.1643766       0.9759433     0.022599783      0.11716053     0.065250328        1.053957       1.0005151       2.3673981   2.3673981e-09       2.4081771      0.24598086      0.24731298        13.75673        2.077761      0.70165889      0.29826434      0.14040518       147.58985       1.0306739      0.84927586      0.63090947      0.46624842      0.85372247       1.0412427       8.6573475        1.053957       10.809423       634.38001     0.088545445      0.088545445       803.57988                 21.707398                        391.85477                          220.81785             158.39045                       10.809423
              8       401.36688       68.517182       3.1664133      0.97576073     0.022644314      0.11730293     0.059610576       1.0606984       1.0037543       2.3722246   2.3722246e-09       2.4003954      0.24599987      0.24733206       13.759886       2.1056138      0.70044706      0.29947596      0.14059211        147.5021       1.0324882      0.85329947      0.63223032      0.46769833      0.85464318       1.0410034        8.105991       1.0606984       11.527273       632.58203     0.088545445      0.088545445       802.55666                 21.599244                        390.33801                          220.64478             158.44736                       11.527273
              5       402.57162       68.517182       3.1563186      0.98017461     0.022644314      0.11730293     0.059610576       1.0564766       1.0004963       2.3483983   2.3483983e-09       2.4003954      0.24599987      0.24733206       13.759886       2.0844653      0.70044706      0.29947596      0.14059211        147.5021       1.0290313      0.85044253      0.63011355      0.46613242      0.85178174       1.0410034        8.105991       1.0564766       11.527273       635.91344     0.088545445      0.088545445       804.96615                 20.892932                        390.37924                          224.64127             157.52544                       11.527273
              3       408.44929       68.517182        3.220877      0.96987757     0.022644314      0.11730293     0.059610576       1.0886628       1.0005616       2.5050079   2.5050079e-09       2.4003954      0.24599987      0.24733206       13.759886       2.2234738      0.70044706      0.29947596      0.14059211        147.5021       1.0586054        0.874884      0.64822283      0.47952893       0.8762617       1.0410034        8.105991       1.0886628       11.527273       635.54907     0.088545445      0.088545445       816.72148                 22.796038                        390.27209                          222.48094             169.64514                       11.527273
              2       408.33155       68.517182       3.2252047      0.97011361     0.022644314      0.11730293     0.059610576        1.091298       1.0022265       2.5158724   2.5158724e-09       2.4003954      0.24599987      0.24733206       13.759886       2.2331172      0.70044706      0.29947596      0.14059211        147.5021       1.0609942      0.87685825       0.6496856      0.48061103      0.87823906       1.0410034        8.105991        1.091298       11.527273       634.78554     0.088545445      0.088545445       816.48601                 22.713983                        390.27158                          221.79997              170.1732                       11.527273
              2       410.31839       68.404651       3.2242209      0.96967042     0.022702111      0.11758489     0.062665899       1.0879538       1.0037347       2.5133985   2.5133985e-09         2.39035      0.24602444      0.24735671       13.760576       2.2173306      0.69873458      0.30118819      0.14093187       147.36251       1.0619306      0.88142216       0.6506515      0.48201207      0.87829205       1.0408214       8.3927906       1.0879538       12.879499       635.38473     0.088545445      0.088545445        820.4597                  22.80344                        391.00643                          221.57486             172.19547                       12.879499
              1       408.71342       68.404651       3.2312635      0.97384664     0.022702111      0.11758489     0.062665899       1.0913795       1.0012572       2.5311619   2.5311619e-09         2.39035      0.24602444      0.24735671       13.760576       2.2330015      0.69873458      0.30118819      0.14093187       147.36251       1.0673782      0.88594377      0.65398928      0.48448475       0.8827976       1.0408214       8.3927906       1.0913795       12.879499       634.31828     0.088545445      0.088545445       817.24976                 22.067066                        391.00944                          221.24177             170.05198                       12.879499
              1       409.38436       68.371055        3.232374      0.97408742     0.022681608      0.11756379     0.061056467       1.0951956       1.0011734       2.5339743   2.5339743e-09       2.3939064      0.24601574      0.24734799        13.76469       2.2426899      0.69852743      0.30139526      0.14089026       147.39097       1.0682686      0.88701357      0.65448655      0.48493645      0.88331706       1.0407522       8.2419384       1.0951956       13.059911       634.00569     0.088545445      0.088545445       818.59163                 21.816895                        390.56848                          221.62031             171.52603                       13.059911
             10       411.31756        68.54514        3.239413      0.97503646     0.022693477      0.11706115     0.063355323       1.0945024       1.0023872       2.5518737   2.5518737e-09       2.3918468      0.24602078      0.24735304       13.762676       2.2481715      0.70110133      0.29882175      0.14039949       147.51201       1.0685896      0.88157884      0.65411235      0.48362128      0.88470666       1.0407021       8.4512577       1.0945024       11.517424        637.0508     0.088545445      0.088545445       822.45802                 22.004586                        391.18513                          223.86109              173.8898                       11.517424
              6       409.50138       68.662954        3.243427      0.97523174     0.022734811       0.1168126     0.060415866       1.1024504       1.0027194       2.5621377   2.5621377e-09       2.3846945      0.24603827      0.24737059       13.757916        2.270523      0.70256568      0.29735767      0.14019228       147.53246       1.0684712       0.8783471      0.65379841      0.48279598      0.88536852         1.04068        8.154335       1.1024504       10.978899        633.7198     0.088545445      0.088545445       818.82568                 21.666237                        390.40459                          221.64897             174.12698                       10.978899
              1       409.89424       68.348459       3.2345563      0.97586163     0.022446602      0.11715539     0.057825455       1.1008058       1.0027906       2.5395102   2.5395102e-09        2.435228       0.2459152      0.24724708        13.78431       2.2621604      0.69970536      0.30021728      0.14024686        147.7625       1.0698847      0.88508369      0.65472703      0.48463993      0.88450715       1.0408504       7.9730692       1.1008058       11.683058       632.17872     0.088545445      0.088545445       819.61139                 21.376282                        390.17029                          220.63215             175.74962                       11.683058
              1       410.14397       68.625601        3.239661      0.97621571     0.022465026      0.11661428     0.049303925       1.1130819       1.0031631       2.5525068   2.5525068e-09       2.4319506       0.2459231      0.24725501       13.774062       2.3128212      0.70323578      0.29668748      0.13972417       147.88723        1.068192      0.87609779      0.65308125      0.48199443      0.88489637       1.0410463       7.0959204       1.1130819        10.40869        635.1093     0.088545445      0.088545445       820.11084                 21.221296                        392.34742                          221.54059             174.59285                        10.40869
              5       410.91811       68.625601       3.2205905      0.98278302     0.022465026      0.11661428     0.049303925       1.1043735       1.0054734       2.5042904   2.5042904e-09       2.4319506       0.2459231      0.24725501       13.774062       2.2691325      0.70323578      0.29668748      0.13972417       147.88723       1.0607266      0.86997492        0.648517      0.47862587        0.878712       1.0410463       7.0959204       1.1043735        10.40869       642.10465     0.088545445      0.088545445       821.65914                  20.38545                        392.80992                          228.90928             169.14579                        10.40869
              7       410.74665       68.604126       3.2210539      0.98282063      0.02245964      0.11662502      0.04712931       1.1058278       1.0055977       2.5054512   2.5054512e-09       2.4329081      0.24592079      0.24725269        13.77582       2.2800793      0.70303858      0.29688463      0.13972953       147.89039       1.0611913      0.87074025      0.64880731      0.47891966      0.87895938       1.0410078       6.8690431       1.1058278       10.444122       641.08581     0.088545445      0.088545445       821.31622                 20.428218                        394.23202                          226.42557             169.78628                       10.444122
              2       407.78375       68.604126       3.1723257      0.98157474      0.02245964      0.11662502      0.04712931       1.0791743      0.99784461       2.3862917   2.3862917e-09       2.4329081      0.24592079      0.24725269        13.77582       2.1716385      0.70303858      0.29688463      0.13972953       147.89039       1.0351528      0.84937484      0.63288748      0.46716837      0.85739229       1.0410078       6.8690431       1.0791743       10.444122       639.54822     0.088545445      0.088545445        815.3904                 20.537247                        394.14304                          224.86794             165.39806                       10.444122
              1       406.69997       68.452645       3.1658648      0.98043264     0.022486335      0.11713506     0.044265893       1.0780862       1.0055111       2.3709238   2.3709238e-09       2.4281683      0.24593224      0.24726418       13.774524        2.170045      0.70057736      0.29934552      0.14026627       147.72345       1.0347001      0.85438959      0.63321731      0.46837744      0.85607061       1.0410368       6.5652535       1.0780862       11.188479       641.19777     0.088545445      0.088545445       813.22284                  20.62868                        396.45951                          224.10958             160.83659                       11.188479
              4       402.22485       68.529028       3.1606504      0.97933534      0.02257812      0.11734376     0.052153361       1.0663517       1.0035787       2.3585932   2.3585932e-09       2.4119759      0.24597159      0.24730367        13.75953        2.124972      0.70060462      0.29931843      0.14056675       147.56499       1.0316733        0.852296      0.63170284      0.46724665      0.85404246       1.0412519       7.3774766       1.0663517       11.173129       635.69643     0.088545445      0.088545445        804.2726                 20.888023                        391.16767                          223.64074             157.40304                       11.173129
              3       404.57197        68.57888       3.1635137      0.97964242     0.022582739      0.11717657     0.050209167        1.070189      0.99733529       2.3653562   2.3653562e-09       2.4111652      0.24597357      0.24730566        13.75956       2.1393677      0.70138542      0.29853774      0.14040417       147.60457       1.0320728      0.85093368      0.63176468      0.46698739      0.85468392       1.0412094       7.1742353        1.070189       10.898905       636.43994     0.088545445      0.088545445       808.96685                 20.819582                        392.07576                           223.5446             161.62801                       10.898905
              3       402.59099       68.813599        3.165282      0.97939661     0.022659377      0.11689024       0.0505723        1.069883       1.0042861       2.3695425   2.3695425e-09       2.3977714      0.24600629       0.2473385       13.744543        2.141598      0.70386187      0.29606182      0.14019449       147.59573       1.0296295      0.84402081      0.63003362      0.46473922      0.85411849       1.0414032       7.1920734        1.069883       10.362622       635.98856     0.088545445      0.088545445       805.00488                 20.965272                        391.83083                          223.19246              158.6537                       10.362622
              7       402.58823       68.497142       3.1655318      0.98014887      0.02256053      0.11717576      0.05351735       1.0670474       1.0030243       2.3701346   2.3701346e-09       2.4150667      0.24596406      0.24729611       13.767431       2.1295529      0.70072138       0.2992016      0.14038116        147.6296       1.0338341      0.85358242      0.63281687      0.46802497       0.8556321       1.0410227       7.5168779       1.0670474       11.246291       634.54263     0.088545445      0.088545445       804.99938                 20.854324                        390.75511                           222.9332             159.21045                       11.246291
              1       405.81234       68.371293        3.162863      0.97986182     0.022547238       0.1174373     0.053312312         1.06734       1.0063743       2.3638174   2.3638174e-09       2.4174063      0.24595836      0.24729039       13.771798       2.1247481      0.69908756      0.30083513       0.1406294       147.57448       1.0344703       0.8575145      0.63348603      0.46915806      0.85537176       1.0409621       7.5029098         1.06734        12.14526       637.64726     0.088545445      0.088545445       811.44759                 20.743978                        390.82336                          226.07993             161.65507                        12.14526
             10       404.57795       68.371293       3.1993132      0.97611926     0.022547238       0.1174373     0.053312312        1.086039       1.0022575       2.4515688   2.4515688e-09       2.4174063      0.24595836      0.24729039       13.771798       2.2036245      0.69908756      0.30083513       0.1406294       147.57448       1.0519872      0.87203503      0.64421303      0.47710244        0.869856       1.0409621       7.5029098        1.086039        12.14526       632.94251     0.088545445      0.088545445       808.97881                 21.280314                        390.65344                          221.00875             163.89105                        12.14526
              1       407.26818       68.197238       3.1971244       0.9760431     0.022513428      0.11771722     0.053556737       1.0851957       1.0010326       2.4462085   2.4462085e-09        2.423372      0.24594386      0.24727584       13.780524       2.1977317      0.69702043      0.30290186      0.14087551       147.53756       1.0534517      0.87752731      0.64539189      0.47879432      0.86995747       1.0408294       7.5391293       1.0851957       13.733044       634.91979     0.088545445      0.088545445       814.35928                 21.200316                        390.60747                            223.112             165.70645                       13.733044
              3       405.60835       68.044578       3.1862262      0.97472165     0.022507619      0.11832557       0.0581587       1.0713862       1.0033006        2.419694    2.419694e-09       2.4243993      0.24594137      0.24727334       13.777638       2.1539938      0.69435805       0.3055639      0.14147806       147.38188       1.0513763      0.88173417      0.64480808      0.47940878      0.86727127       1.0410357       8.0121306       1.0713862       16.024911        632.3803     0.088545445      0.088545445       811.03961                 21.724694                        390.18903                          220.46657              162.6344                       16.024911
              9       404.18462       68.044578       3.0928218      0.97047208     0.022507619      0.11832557       0.0581587       1.0232413       1.0043987       2.2039181   2.2039181e-09       2.4243993      0.24594137      0.24727334       13.777638       1.9619117      0.69435805       0.3055639      0.14147806       147.38188       1.0017803       0.8401406       0.6143909      0.45679389      0.82635996       1.0410357       8.0121306       1.0232413       16.024911       632.28065     0.088545445      0.088545445       808.19215                 22.368401                        390.15257                          219.75969             159.88658                       16.024911
              1       405.67614       68.044578       3.1048766      0.97992325     0.022507619      0.11832557       0.0581587       1.0292344       1.0049738       2.2306465   2.2306465e-09       2.4243993      0.24594137      0.24727334       13.777638       1.9857051      0.69435805       0.3055639      0.14147806       147.38188       1.0114776       0.8482732      0.62033823      0.46121567      0.83435916       1.0410357       8.0121306       1.0292344       16.024911       636.94976     0.088545445      0.088545445       811.17519                 20.942014                        390.31253                          225.69522             158.20052                       16.024911
              2       404.85711       68.363146       3.1126674      0.97959291     0.022726351      0.11791049     0.060080278       1.0319703       1.0014533       2.2480931   2.2480931e-09       2.3861558       0.2460347      0.24736701       13.754719       1.9935596      0.69762009      0.30230258      0.14128171       147.24891       1.0099225      0.84079013      0.61916946      0.45911343       0.8350242       1.0409817        8.143211       1.0319703       13.633462       638.53922     0.088545445      0.088545445       809.53713                 21.034831                        390.40306                          227.10133             157.36445                       13.633462
              4       404.84243         68.5785       3.1121824      0.97929157     0.022757892      0.11767078     0.058614218       1.0338951       1.0048506       2.2470031   2.2470031e-09       2.3807148      0.24604799      0.24738035       13.741338       1.9984441      0.69995883      0.29996433      0.14107354        147.2777       1.0071054      0.83391625      0.61721478      0.45677647       0.8340055       1.0412855       7.9893938       1.0338951        11.76552       639.29718     0.088545445      0.088545445       809.50777                 21.027506                        390.25624                          228.01343             158.44507                        11.76552
              4       402.76726         68.5785       3.1161899      0.97815331     0.022757892      0.11767078     0.058614218       1.0350822       1.0021993       2.2560259   2.2560259e-09       2.3807148      0.24604799      0.24738035       13.741338       2.0064688      0.69995883      0.29996433      0.14107354        147.2777       1.0086838      0.83522321      0.61818212      0.45749235      0.83531261       1.0412855       7.9893938       1.0350822        11.76552        636.8328     0.088545445      0.088545445       805.35743                 21.258194                        390.23093                          225.34368             156.75911                        11.76552
              1       402.67562       68.700833       3.1179118      0.97827351     0.022767137      0.11744958     0.056431757       1.0386046       1.0008707       2.2599139   2.2599139e-09       2.3791236      0.24605188      0.24738425       13.736305       2.0187191       0.7014755      0.29844793      0.14086159       147.32636       1.0077967       0.8314316      0.61740634      0.45633967      0.83532205       1.0413894        7.768899       1.0386046       11.000186       636.84777     0.088545445      0.088545445       805.17415                 21.191213                        390.24091                          225.41564              157.3262                       11.000186
              2       402.79199       69.147574       3.1386118      0.98110681     0.022788575      0.11604852     0.061625296       1.0459575       1.0007633       2.3071816   2.3071816e-09         2.37544      0.24606087      0.24739327       13.734589       2.0396457       0.7082058      0.29171862      0.13948196       147.67755       1.0094345       0.8185123      0.61688987      0.45336572      0.83939543       1.0411569       8.2460641       1.0459575       10.911257       635.75358     0.088545445      0.088545445        805.4069                   20.8895                        390.62108                            224.243             158.74206                       10.911257
              3       403.71048       68.889797       3.1374227      0.98256147     0.022526088      0.11606595     0.057297686       1.0491294       1.0026461       2.3044397   2.3044397e-09       2.4211357      0.24594929      0.24728129       13.764062       2.0549308      0.70653435       0.2933895      0.13923691       147.96653       1.0127203      0.82386861      0.61862593      0.45529121      0.84055663       1.0410832       7.8849574       1.0491294        10.56852       636.17268     0.088545445      0.088545445       807.24387                 20.662263                        390.28385                          225.22657             160.50266                        10.56852
              6       402.55799       68.920116       3.1317191      0.97998317     0.022777548      0.11664124      0.05257327        1.050644       1.0007368       2.2913335   2.2913335e-09       2.3773336      0.24605625      0.24738864       13.738721       2.0626415      0.70505198      0.29487193      0.14006365       147.53079        1.009911      0.82550001      0.61782357      0.45527399      0.83840936        1.041149       7.3673068        1.050644       10.390308       636.16412     0.088545445      0.088545445       804.93889                 20.906631                        391.13676                          224.12073             158.38447                       10.390308
              6       404.19039       68.920116       3.1368142      0.97155791     0.022777548      0.11664124      0.05257327       1.0535171      0.99875693       2.3030381   2.3030381e-09       2.3773336      0.24605625      0.24738864       13.738721       2.0731778      0.70505198      0.29487193      0.14006365       147.53079       1.0092102      0.82492712      0.61739481      0.45495803      0.83782751        1.041149       7.3673068       1.0535171       10.390308       636.98575     0.088545445      0.088545445        808.2037                 22.118407                        390.72736                          224.13998             160.82764                       10.390308
              2       404.07019       68.911921       3.1389618      0.97176414     0.022783372      0.11658582     0.050927066       1.0553094      0.99925841       2.3079893   2.3079893e-09       2.3763333      0.24605869      0.24739109       13.740798       2.0844866      0.70508626      0.29483764      0.14001406       147.53915       1.0100488      0.82547709      0.61785313      0.45528253      0.83847385       1.0410504       7.1977897       1.0553094       10.405629       637.74884     0.088545445      0.088545445       807.96328                 22.166298                        391.29371                          224.28883             159.80882                       10.405629
              4       405.15579       68.908958       3.1387968      0.97174706     0.022781537      0.11659405     0.050679779       1.0565503        1.005566       2.3076085   2.3076085e-09       2.3766483      0.24605792      0.24739032       13.740885       2.0851737      0.70504744      0.29487645      0.14002045       147.53899       1.0100328      0.82554407      0.61785039      0.45529549      0.83844254       1.0410552        7.173021       1.0565503       10.405362       637.34442     0.088545445      0.088545445       810.13449                 22.038836                        391.43739                          223.86819             162.38471                       10.405362
              2        405.3514       68.908958       3.1133926      0.97012534     0.022781537      0.11659405     0.050679779        1.041739        1.001178       2.2497238   2.2497238e-09       2.3766483      0.24605792      0.24739032       13.740885       2.0328686      0.70504744      0.29487645      0.14002045       147.53899      0.99666403      0.81461722      0.60967257      0.44926923      0.82734497       1.0410552        7.173021        1.041739       10.405362       640.19326     0.088545445      0.088545445       810.52571                 22.508851                           391.31                           226.3744             159.92708                       10.405362
              5       406.81052       68.449517       3.1173445      0.97170039     0.022632994      0.11686949     0.053615579       1.0421136       1.0043201       2.2586321   2.2586321e-09         2.40237      0.24599505      0.24732721       13.778064       2.0289699      0.70080378      0.29911909      0.14014735       147.63076       1.0038603      0.82834076      0.61421368      0.45423492      0.83053598       1.0403678       7.5051231       1.0421136       11.835089       633.23056     0.088545445      0.088545445       813.44394                 22.025189                        390.38689                          220.81848             168.37829                       11.835089
              4        406.1657       68.289142        3.112225      0.97129987     0.022587025      0.11722146     0.053506333       1.0392806       1.0017026       2.2470988   2.2470988e-09       2.4104133       0.2459754       0.2473075       13.783917       2.0190504      0.69874067      0.30118184      0.14045335        147.5878       1.0041239      0.83272178      0.61471009      0.45538376      0.82978035       1.0403855       7.5094813       1.0392806       13.069495       632.34035     0.088545445      0.088545445       812.15432                 22.068394                        390.38719                          219.88477             166.74447                       13.069495
              1       403.94883       68.696319       3.1108905      0.97112243      0.02261298      0.11671044     0.058909301       1.0321726      0.99977016        2.244102    2.244102e-09       2.4058671       0.2459865      0.24731864       13.761098       1.9946864      0.70332919      0.29659424      0.13996829       147.69576      0.99867103      0.81926895      0.61084337      0.45078612      0.82773093       1.0409814       8.0344617       1.0321726       10.510979       635.33024     0.088545445      0.088545445       807.72056                 22.469043                        390.17004                          222.69116             161.87935                       10.510979
              1       403.63433       68.496536       3.1077817      0.97051767     0.022626135      0.11714367     0.055915948       1.0346553       1.0002458       2.2371364   2.2371364e-09       2.4035678      0.24599212      0.24732428       13.766567       2.0004352      0.70064465      0.29927833      0.14041467       147.56499       1.0000026      0.82583646      0.61214493      0.45276524       0.8276285       1.0408186       7.7426291       1.0346553       11.537656       633.26058     0.088545445      0.088545445       807.09157                 22.298238                        390.09282                          220.86953             162.29332                       11.537656
              1       403.83231       68.496536       3.1647122      0.97903787     0.022626135      0.11714367     0.055915948       1.0631306       1.0041531       2.3681927   2.3681927e-09       2.4035678      0.24599212      0.24732428       13.766567        2.117625      0.70064465      0.29927833      0.14041467       147.56499       1.0322378      0.85245741      0.63187751      0.46736019      0.85430722       1.0408186       7.7426291       1.0631306       11.537656       634.29152     0.088545445      0.088545445       807.48753                 21.113877                        390.28201                          222.89563             161.65836                       11.537656
              2       404.14913       68.481829       3.1639938       0.9790644     0.022598893      0.11715455      0.05383469       1.0649628       1.0054093       2.3664921   2.3664921e-09       2.4083331      0.24598048      0.24731259       13.768318        2.124931      0.70055094        0.299372      0.14039831       147.59247       1.0322305      0.85259997      0.63185463      0.46737983      0.85420946       1.0408563       7.5400317       1.0649628       11.508434       634.49365     0.088545445      0.088545445       808.12116                 21.067494                        390.56913                          222.85703             162.11908                       11.508434
             11       402.86678       68.624602       3.1698104      0.97965991     0.022621336       0.1167702     0.051928332       1.0720606       1.0014802       2.3802971   2.3802971e-09       2.4044062      0.24599007      0.24732222       13.765581       2.1454914      0.70256412      0.29735914      0.14003641       147.67038       1.0324823      0.84852872      0.63160104      0.46640496      0.85530796       1.0408112       7.3357787       1.0720606       10.769865       634.44882     0.088545445      0.088545445       805.55648                 20.843369                        391.28792                          222.31753             160.33779                       10.769865
              1       404.89878       68.846735       3.1766425      0.97991622     0.022715243      0.11634539     0.049832727       1.0772493       1.0013113       2.3966152   2.3966152e-09       2.3880764         0.24603      0.24736229          13.755       2.1692727      0.70517851      0.29474525       0.1397055       147.67958       1.0319438      0.84273442      0.63089841      0.46485889      0.85624437       1.0407734       7.0953029       1.0772493        10.42292       636.26011     0.088545445      0.088545445       809.62047                 20.890005                        392.30708                          223.06302             162.93744                        10.42292
              3        407.3014       69.026044       3.1731363      0.97935849     0.022694756      0.11620754     0.041356222       1.0869507       1.0017311       2.3882268   2.3882268e-09       2.3916249      0.24602132      0.24735359       13.743511       2.1986395      0.70704056      0.29288359      0.13954716       147.73953       1.0285458      0.83626999      0.62864269      0.46246368       0.8545355       1.0412088       6.1996558       1.0869507        10.63457       645.56774     0.088545445      0.088545445       814.42572                 20.683474                         399.6976                          225.18667              158.2234                        10.63457
              1       404.98282       68.697369       3.1714931      0.98007221     0.022666079      0.11662759     0.069374541       1.0541493       1.0045316       2.3843057   2.3843057e-09       2.3966052      0.24600914      0.24734136       13.761821       2.0754103      0.70340129      0.29652213      0.13993854       147.65868       1.0319989      0.84643096      0.63119499      0.46577677      0.85536065       1.0407596       9.0165991       1.0541493       10.623319       636.87652     0.088545445      0.088545445       809.78855                 21.172632                        393.53675                          222.16714             162.28871                       10.623319
              3       407.24911        69.16388       3.1738006      0.98013136     0.022729071      0.11595346     0.074285793       1.0497833      0.99890506        2.389814    2.389814e-09       2.3856857      0.24603584      0.24736816       13.737387       2.0598723      0.70866647      0.29125798       0.1393274       147.76954       1.0268299      0.83153227      0.62734674      0.46086858      0.85396129        1.041255       9.4373408       1.0497833        11.18255       640.98939     0.088545445      0.088545445       814.32114                 21.447069                        396.20713                          223.33519             162.14919                        11.18255
              3       406.15732        69.16388       3.1533567      0.98269513     0.022729071      0.11595346     0.074285793       1.0415117       1.0000145       2.3414529   2.3414529e-09       2.3856857      0.24603584      0.24736816       13.737387       2.0181879      0.70866647      0.29125798       0.1393274       147.76954       1.0173951      0.82389192       0.6215825      0.45663399      0.84611485        1.041255       9.4373408       1.0415117        11.18255       642.78503     0.088545445      0.088545445       812.13754                 20.871424                         395.9924                           225.9212             158.16996                        11.18255
              1       406.84315        69.24729       3.1516416      0.98216603     0.022792424      0.11593863      0.07461507       1.0387212      0.99977396       2.3374404   2.3374404e-09       2.3747797      0.24606248      0.24739489       13.728718       2.0134031      0.70926671      0.29065793      0.13937592       147.70283       1.0153622       0.8212156      0.62039446       0.4555263      0.84493319       1.0413236       9.4500724       1.0387212       11.426969       641.42941     0.088545445      0.088545445       813.50921                 21.100828                        396.25731                          224.07127             160.65284                       11.426969
              1       406.97154        69.24729       3.1570834      0.98254994     0.022792424      0.11593863      0.07461507        1.042896      0.99976079        2.350195    2.350195e-09       2.3747797      0.24606248      0.24739489       13.728718       2.0243894      0.70926671      0.29065793      0.13937592       147.70283         1.01828      0.82357551      0.62217728      0.45683533      0.84736125       1.0413236       9.4500724        1.042896       11.426969       643.29696     0.088545445      0.088545445       813.76598                  20.93177                        396.15288                          226.21231             159.04205                       11.426969
              1       403.39216       69.011236       3.1557249      0.98226094     0.022739127      0.11622008     0.053903863        1.063883       1.0007784       2.3470044   2.3470044e-09       2.3839496      0.24604009      0.24737242       13.743258        2.107141      0.70679532       0.2931288      0.13960408       147.68659       1.0205291      0.83028811      0.62380655      0.45900198      0.84778419       1.0410652       7.5027289        1.063883       10.538957        637.8021     0.088545445      0.088545445       806.60723                 20.564157                        390.83799                          226.39995             158.26617                       10.538957
              2       404.38013       69.047025       3.1591007      0.98260015      0.02275662      0.11603716     0.054565454       1.0643747      0.99920997       2.3549408   2.3549408e-09       2.3809338      0.24604746      0.24737982       13.744635       2.1114706      0.70744618      0.29247801      0.13943865       147.71628       1.0210393      0.82925807       0.6239334      0.45884029      0.84842788       1.0409289       7.5620366       1.0643747        10.64999       636.06069     0.088545445      0.088545445       808.58317                 20.591784                        390.67161                           224.7973             161.87249                        10.64999
              3       403.99617       69.018093       3.1586811      0.98263527     0.022739667      0.11608705     0.055804642        1.062819      0.99927011        2.353953    2.353953e-09       2.3838564      0.24604032      0.24737265       13.746284       2.1053606      0.70713173       0.2927924      0.13947158       147.72178       1.0213858      0.83016803      0.62418202      0.45914643      0.84853802       1.0409404       7.6898026        1.062819       10.588293       635.71457     0.088545445      0.088545445       807.81524                  20.59966                        390.40603                          224.70889             161.51237                       10.588293
             13       403.68711       68.957575       3.1532817      0.98213994     0.022701262       0.1163807     0.051463296       1.0653373       1.0018029       2.3412772   2.3412772e-09       2.3904971      0.24602408      0.24735635       13.744629       2.1122844      0.70608068      0.29384333      0.13972683       147.68573       1.0206941      0.83192027      0.62404448      0.45945661      0.84759149       1.0411758       7.2665787       1.0653373       10.444098       639.72601     0.088545445      0.088545445       807.19712                 20.522628                        391.70142                          227.50196             157.02702                       10.444098
             11       404.04818       69.178347       3.1506749      0.98157644     0.022792914      0.11627228     0.060885134        1.051845       1.0002204        2.335182    2.335182e-09       2.3746955      0.24606268       0.2473951       13.725643       2.0674574       0.7079887      0.29193579      0.13971006       147.61262       1.0168469       0.8252587      0.62167367      0.45696644      0.84574734       1.0414778       8.1784653        1.051845       10.942143       636.14287     0.088545445      0.088545445       807.91928                 20.912003                        390.46453                          224.76634             160.83426                       10.942143
              6       405.00435       68.753336       3.1389356      0.97928152      0.02281428      0.11719623     0.050165641        1.057446      0.99916051       2.3079289   2.3079289e-09       2.3710351       0.2460716      0.24740405       13.737288       2.0876087       0.7023675      0.29755605      0.14065538       147.34159       1.0168133      0.83693341      0.62270209      0.45990965      0.84311754       1.0411541       7.1227244        1.057446       10.878815       641.05023     0.088545445      0.088545445        809.8316                  20.87335                        392.10775                          228.06913             157.90255                       10.878815
              6       405.64888       68.753336       3.1379316      0.97915034      0.02281428      0.11719623     0.050165641       1.0569127       0.9977215       2.3056128   2.3056128e-09       2.3710351       0.2460716      0.24740405       13.737288       2.0855137       0.7023675      0.29755605      0.14065538       147.34159       1.0162517       0.8364711      0.62235812       0.4596556      0.84265182       1.0411541       7.1227244       1.0569127       10.878815       640.98359     0.088545445      0.088545445       811.12066                 20.888423                        392.10283                          227.99234             159.25826                       10.878815
              1       405.01938        69.01509       3.1579539      0.98288718     0.022681223      0.11607405     0.046299149       1.0723266       1.0020579       2.3522418   2.3522418e-09       2.3939733      0.24601558      0.24734782       13.748508       2.1442086      0.70725624      0.29266789      0.13940014       147.79055       1.0215443      0.82996099      0.62419892      0.45911003      0.84865123       1.0410669       6.7306556       1.0723266       10.664786       639.96561     0.088545445      0.088545445       809.86166                 20.480904                        395.02694                          224.45776             159.23127                       10.664786
              1       405.05615       69.045874       3.1612553      0.98304423     0.022724802      0.11590021     0.050155958       1.0708794        1.002656       2.3600203   2.3600203e-09       2.3864235      0.24603404      0.24736635       13.749367       2.1347687      0.70779045      0.29213374      0.13926988       147.78865       1.0217969      0.82898731      0.62420737      0.45890662      0.84905038        1.040859       7.1202581       1.0708794       10.738614       638.32756     0.088545445      0.088545445        809.9352                 20.461541                        392.44435                          225.42166             160.86903                       10.738614
              1       404.58474       68.746994       3.1497386        0.981527     0.022690069      0.11671305     0.061530568       1.0503185       0.9986537       2.3329965   2.3329965e-09       2.3924378      0.24601933      0.24735159       13.754433       2.0628579      0.70359774      0.29632579      0.14004799         147.609       1.0214976      0.83762109      0.62489434      0.46105098      0.84696258       1.0409371       8.2712168       1.0503185       10.537077       635.43694     0.088545445      0.088545445       808.99239                 20.879737                        390.66571                          223.89149             163.01838                       10.537077
              2       401.32546       68.746994       3.1698407      0.97677826     0.022690069      0.11671305     0.061530568       1.0611977       1.0021059       2.3803693   2.3803693e-09       2.3924378      0.24601933      0.24735159       13.754433       2.1047454      0.70359774      0.29632579      0.14004799         147.609       1.0299337      0.84453864      0.63005506       0.4648586      0.85395728       1.0409371       8.2712168       1.0611977       10.537077        633.1227     0.088545445      0.088545445       802.47382                 21.494012                        390.61025                          221.01845             158.81404                       10.537077
              3       401.42126       68.711583       3.1715262      0.97721892      0.02264855      0.11667864     0.060832274       1.0629707       1.0028214       2.3843847   2.3843847e-09       2.3996569      0.24600168      0.24733387       13.759644       2.1112423      0.70345298      0.29647047      0.13997206       147.66456       1.0312744      0.84579163      0.63078967       0.4654574      0.85484862       1.0409015       8.2128002       1.0629707       10.543416       632.61487     0.088545445      0.088545445       802.66543                 21.391463                        390.49442                            220.729             159.50714                       10.543416
              2       403.71634       68.711583       3.1461386      0.97258084      0.02264855      0.11667864     0.060832274       1.0483039      0.99930214        2.324613    2.324613e-09       2.3996569      0.24600168      0.24733387       13.759644       2.0583177      0.70345298      0.29647047      0.13997206       147.66456       1.0164567      0.83363901      0.62172627      0.45876955      0.84256586       1.0409015       8.2128002       1.0483039       10.543416       635.33875     0.088545445      0.088545445       807.25559                 22.291831                        390.51962                           222.5273             161.37343                       10.543416
              4        402.6877       68.385548       3.1350869      0.97098323     0.022614173      0.11748616     0.058920314       1.0436548       1.0032392       2.2990635   2.2990635e-09       2.4056585      0.24598701      0.24731915       13.767367       2.0434943       0.6989654      0.30095733       0.1407452       147.48672       1.0164035      0.84293411      0.62255046      0.46110602      0.84052054       1.0408852       8.0482526       1.0436548       12.443608       634.04606     0.088545445      0.088545445       805.19831                 22.514204                        390.19707                          221.33479             158.70864                       12.443608
              1       401.86465       68.682368       3.1402147      0.97181666     0.022648301      0.11696293     0.059339468       1.0476695       1.0032624       2.3108828   2.3108828e-09       2.3997004      0.24600157      0.24733376       13.754453       2.0522785      0.70259852      0.29732487       0.1402561       147.58862       1.0148831      0.83432957      0.62107844      0.45862135       0.8410826       1.0411202       8.0730145       1.0476695       10.646874       633.70921     0.088545445      0.088545445       803.55222                 22.249668                        390.26002                          221.19953             159.19613                       10.646874
              2        402.1783       68.667972        3.148447      0.97353148     0.022544079      0.11663025     0.059504633       1.0525478       1.0011158       2.3299852   2.3299852e-09       2.4179628        0.245957      0.24728903       13.767697       2.0685598      0.70340038      0.29652298      0.13981919       147.79434       1.0187723      0.83540604       0.6229724      0.45970941      0.84421724       1.0409873       8.1072357       1.0525478       10.449183       632.37372     0.088545445      0.088545445       804.17951                 21.881296                        390.28838                          220.20404             161.35661                       10.449183
              3       403.14636       68.832671       3.1559672      0.97441164     0.022578118      0.11613172     0.054747542       1.0620943       1.0005307       2.3475731   2.3475731e-09       2.4119762      0.24597159      0.24730367       13.765876       2.1040982      0.70579842      0.29412531      0.13935471        147.8904       1.0191402      0.83061785      0.62267916      0.45856133       0.8455343       1.0408519       7.6201589       1.0620943       10.410429       632.73933     0.088545445      0.088545445       806.11562                 21.621204                        390.34835                          220.76977             162.96587                       10.410429
              1       402.99355       68.549981       3.1465834      0.97323855     0.022520013      0.11682361     0.050904031       1.0596934       1.0014194       2.3256472   2.3256472e-09       2.4222085      0.24594668      0.24727868       13.773509       2.1005312       0.7020182      0.29790489      0.13998849       147.76935       1.0195019      0.83878851      0.62360723      0.46071309      0.84409578       1.0409063       7.2530115       1.0596934        10.77335       633.50066     0.088545445      0.088545445       805.81002                 21.780142                        391.33334                          220.38718             161.53601                        10.77335
              8       405.07924       68.519417       3.1289131      0.96919885     0.022786605      0.11760212     0.057045477       1.0415724       1.0000511        2.284913    2.284913e-09       2.3757781      0.24606004      0.24739245       13.747646       2.0385464      0.69952626      0.30039677      0.14103359       147.26413       1.0112686      0.83808862      0.61972235      0.45879742      0.83709229       1.0409636       7.8269244       1.0415724       12.378605       639.42032     0.088545445      0.088545445       809.98139                 22.949261                        389.99737                          226.47368             158.18247                       12.378605
              3       404.60412       68.620708       3.1250249       0.9691219     0.022752609      0.11766947     0.055257792       1.0418472       1.0038029       2.2760461   2.2760461e-09       2.3816248      0.24604577      0.24737812        13.73779       2.0379088      0.70034183      0.29958143      0.14106695       147.28391        1.009512      0.83520547      0.61868243      0.45771643      0.83625565       1.0414229       7.6589252       1.0418472        11.44855        638.5753     0.088545445      0.088545445       809.03115                  22.85692                        390.06694                          225.65144              159.0073                        11.44855
              7       405.09447       68.620708        3.134651      0.97818183     0.022752609      0.11766947     0.055257792       1.0476525       1.0072786       2.2980614   2.2980614e-09       2.3816248      0.24604577      0.24737812        13.73779       2.0576207      0.70034183      0.29958143      0.14106695       147.28391       1.0179151       0.8421577      0.62383232      0.46152645      0.84321661       1.0414229       7.6589252       1.0476525        11.44855       636.56857     0.088545445      0.088545445       810.01185                 21.240566                        390.31681                           225.0112             161.99473                        11.44855
              1       403.18467       68.531504        3.141896      0.97920031     0.022708297      0.11744551     0.050874687       1.0566256       1.0032395       2.3147714   2.3147714e-09       2.3892786      0.24602706      0.24735934       13.752979        2.090831      0.70013244      0.29979061      0.14079867        147.3928       1.0214806      0.84508881       0.6257196      0.46300349      0.84562001       1.0410338       7.2205313       1.0566256        11.78585       636.62704     0.088545445      0.088545445       806.19226                 20.980869                        391.68043                          223.96574             157.77936                        11.78585
              4       403.08602       68.630087       3.1434562      0.97926341     0.022747051      0.11727567     0.051079934       1.0580521       1.0031213       2.3183856   2.3183856e-09       2.3825828      0.24604343      0.24737577       13.747837       2.0932361      0.70127161      0.29865166      0.14066759       147.39506       1.0206168      0.84209155      0.62504492      0.46206435      0.84551244        1.041046       7.2310887       1.0580521       11.274644       637.31325     0.088545445      0.088545445       805.99495                 20.932136                        391.64102                          224.74009             157.40706                       11.274644
              4       402.37799       68.523458        3.140886      0.97958784     0.022640042      0.11750725     0.055331873       1.0520859         1.00501       2.3124347   2.3124347e-09       2.4011403      0.24599805      0.24733023       13.753868       2.0701834      0.70007589      0.29984714      0.14079216       147.45228       1.0220588      0.84566102      0.62606654      0.46328205        0.846049       1.0412508       7.6879688       1.0520859       11.520146       635.65227     0.088545445      0.088545445        804.5789                 20.941123                        390.35796                          224.35319             157.40648                       11.520146
              1       402.22798        68.51101       3.1390633      0.97905369     0.022686677      0.11760003     0.060976784       1.0449714       1.0033316       2.3082236   2.3082236e-09       2.3930264      0.24601789      0.24735015       13.751169       2.0432152      0.69966986      0.30025315      0.14093158       147.37564       1.0211025      0.84582241      0.62563552      0.46311974      0.84518057        1.041193       8.2345319       1.0449714       11.871569       636.06879     0.088545445      0.088545445       804.27886                  21.13365                        390.57405                          224.36109              156.3385                       11.871569
              4       402.61651        68.51101       3.1446567      0.97396764     0.022686677      0.11760003     0.060976784       1.0484495       0.9990792       2.3211705   2.3211705e-09       2.3930264      0.24601789      0.24735015       13.751169       2.0546757      0.69966986      0.30025315      0.14093158       147.37564       1.0219661      0.84653779      0.62616467      0.46351143      0.84589541        1.041193       8.2345319       1.0484495       11.871569       635.56112     0.088545445      0.088545445       805.05594                  21.83491                        390.55717                          223.16904             157.62325                       11.871569
              3        401.7651         68.7062       3.1544946      0.97543464     0.022688933      0.11697776     0.061042661       1.0543143      0.99942047       2.3441187   2.3441187e-09       2.3926349      0.24601885      0.24735111        13.75083       2.0747158      0.70268732      0.29723613      0.14031156       147.53936       1.0232211      0.84110409      0.62624293      0.46240044      0.84813979       1.0411026       8.2293488       1.0543143       10.671508       634.51006     0.088545445      0.088545445       803.35311                 21.591181                         390.5682                          222.35067             158.17155                       10.671508
              1       400.38734       68.687619        3.155008      0.97568693     0.022655506      0.11697425     0.058045826       1.0563439       1.0016664       2.3453226   2.3453226e-09       2.3984453      0.24600464      0.24733684       13.753482       2.0882602      0.70260473      0.29731867      0.14027462       147.57756         1.02392       0.8417751      0.62662943      0.46271793      0.84860433       1.0411293       7.9447807       1.0563439       10.648315       632.80605     0.088545445      0.088545445       800.59759                 21.616275                        390.15412                          221.03565             157.14323                       10.648315
              4        401.1051       68.531156       3.1538261      0.97547395     0.022631182      0.11718458     0.057597984       1.0559588       1.0005227       2.3425523   2.3425523e-09       2.4026864      0.24599427      0.24732644       13.762242       2.0876626      0.70084917      0.29907388      0.14046063       147.54839       1.0252787      0.84640356      0.62766888      0.46416802      0.84876208       1.0409522       7.9092969       1.0559588       11.348145       632.32798     0.088545445      0.088545445       802.03311                 21.623425                        390.14139                          220.56317             158.35698                       11.348145
              7       401.48884       68.531156       3.1564764      0.97850711     0.022631182      0.11718458     0.057597984       1.0586431       1.0031702       2.3487689   2.3487689e-09       2.4026864      0.24599427      0.24732644       13.762242       2.0932029      0.70084917      0.29907388      0.14046063       147.54839        1.027833      0.84851224      0.62923261      0.46532442      0.85087664       1.0409522       7.9092969       1.0586431       11.348145        633.8248     0.088545445      0.088545445       802.80059                  21.07204                        390.22477                          222.52799             157.62765                       11.348145
              2       401.57434       68.531156       3.1256332      0.97527638     0.022631182      0.11718458     0.057597984       1.0405934       1.0006275       2.2774311   2.2774311e-09       2.4026864      0.24599427      0.24732644       13.762242       2.0296272      0.70084917      0.29907388      0.14046063       147.54839       1.0108508      0.83449279      0.61883618      0.45763615      0.83681812       1.0409522       7.9092969       1.0405934       11.348145       633.41599     0.088545445      0.088545445       802.97158                 21.716026                        390.11651                          221.58345             158.20745                       11.348145
              1        401.3727       68.531156       3.1564331      0.97370101     0.022631182      0.11718458     0.057597984        1.057109       1.0037856       2.3486672   2.3486672e-09       2.4026864      0.24599427      0.24732644       13.762242       2.0931122      0.70084917      0.29907388      0.14046063       147.54839       1.0259192      0.84693231      0.62806098      0.46445798       0.8492923       1.0409522       7.9092969        1.057109       11.348145       632.51661     0.088545445      0.088545445        802.5683                 21.934834                        390.07394                          220.50784             158.70355                       11.348145
              6       401.84687       68.347887       3.1557497      0.97421491      0.02250776      0.11740822     0.056662896       1.0584317       1.0032987       2.3470627   2.3470627e-09       2.4243743      0.24594143       0.2472734       13.775752       2.0955977      0.69902819      0.30089445      0.14056085       147.62634       1.0288297      0.85284419      0.62995511      0.46656607      0.85056216       1.0409627        7.848085       1.0584317       12.099936       631.28721     0.088545445      0.088545445       803.51664                 21.695553                        390.14036                          219.45129              160.1295                       12.099936
              1       402.07962       68.347887       3.1509474      0.97788085      0.02250776      0.11740822     0.056662896       1.0565979       1.0004819       2.3358184   2.3358184e-09       2.4243743      0.24594143       0.2472734       13.775752       2.0855582      0.69902819      0.30089445      0.14056085       147.62634       1.0278026      0.85199275      0.62932619      0.46610027        0.849713       1.0409627        7.848085       1.0565979       12.099936       633.14764     0.088545445      0.088545445       803.98216                 21.099255                         390.1987                          221.84969             158.73458                       12.099936
              1       402.62882       68.347887       3.1041865       0.9771495      0.02250776      0.11740822     0.056662896       1.0303451       1.0036514       2.2291077   2.2291077e-09       2.4243743      0.24594143       0.2472734       13.775752       1.9902805      0.69902819      0.30089445      0.14056085       147.62634       1.0037698      0.83207082      0.61461082      0.45520157      0.82984438       1.0409627        7.848085       1.0303451       12.099936       633.92941     0.088545445      0.088545445       805.08055                 21.370704                        390.21433                          222.34438              159.0512                       12.099936
              6       404.89311       68.248992       3.0986651       0.9767468     0.022451643      0.11775271     0.058071741       1.0251906       1.0012822       2.2168339   2.2168339e-09       2.4343306      0.24591736      0.24724925       13.776644       1.9737525      0.69753622      0.30238619      0.14084922        147.5969       1.0036011       0.8350373      0.61482247      0.45592165      0.82910444       1.0411794       8.0070328       1.0251906       12.771837       636.06849     0.088545445      0.088545445       809.60913                 21.509322                        390.23224                          224.32693              160.7688                       12.771837
              1       404.53786       68.242735        3.098354      0.97677577     0.022440814      0.11777313     0.057806241       1.0252947       1.0034246       2.2161444   2.2161444e-09        2.436259      0.24591272      0.24724459       13.776937       1.9741866      0.69746015      0.30246225      0.14085881       147.60355       1.0036819      0.83525532      0.61488247      0.45599482      0.82913323       1.0412103       7.9835947       1.0252947       12.769911        636.2508     0.088545445      0.088545445       808.89862                 21.496569                        390.21464                          224.53958             159.87792                       12.769911
              6       402.65737       68.809123       3.1005512      0.97637304     0.022657245      0.11709074     0.059185735       1.0273398       1.0035114       2.2210191   2.2210191e-09       2.3981425      0.24600538      0.24733759       13.739523       1.9730778      0.70340438       0.2965193      0.14039285       147.54442      0.99681909       0.8182347      0.61017245      0.45026256      0.82687404       1.0416098       8.0590891       1.0273398       10.362132       635.62594     0.088545445      0.088545445       805.13766                 21.492458                        390.26897                           223.8645             159.14959                       10.362132
              1       402.97554       68.809123        3.104317      0.97891946     0.022657245      0.11709074     0.059185735       1.0297765       1.0032351       2.2293988   2.2293988e-09       2.3981425      0.24600538      0.24733759       13.739523        1.980522      0.70340438       0.2965193      0.14039285       147.54442      0.99967749      0.82058101      0.61192214       0.4515537      0.82924512       1.0416098       8.0590891       1.0297765       10.362132        636.8753     0.088545445      0.088545445       805.77399                 21.088074                        390.27254                          225.51468             158.53656                       10.362132
              6       403.43921       68.566456       3.1015298      0.97867062     0.022590313      0.11745877     0.056460585       1.0296985      0.99906639       2.2231936   2.2231936e-09       2.4098368      0.24597681      0.24730891       13.752744       1.9858034      0.70066083      0.29926231      0.14069395       147.52064       1.0017511      0.82766267      0.61351994      0.45377617      0.82949864       1.0414545       7.8112418       1.0296985       11.042108       635.19606     0.088545445      0.088545445       806.70134                 21.142739                        390.21649                          223.83684             160.46317                       11.042108
              8       403.86578       69.041028        3.126555      0.98221899     0.022616248       0.1158957     0.056030643       1.0445985       1.0020147       2.2795315   2.2795315e-09       2.4052957       0.2459879      0.24732004         13.7529       2.0378771      0.70798662      0.29193757      0.13915682       147.91132       1.0047788      0.81465915      0.61368651       0.4510961      0.83488004       1.0411174       7.7365428       1.0445985       10.955862       635.87723     0.088545445      0.088545445       807.55446                 20.721421                        390.38318                          224.77263             160.72137                       10.955862
              2       403.07903       69.041028       3.1405889      0.98310612     0.022616248       0.1158957     0.056030643       1.0542456       1.0033863       2.3117477   2.3117477e-09       2.4052957       0.2459879      0.24732004         13.7529       2.0666781      0.70798662      0.29193757      0.13915682       147.91132       1.0122008      0.82067678      0.61821962      0.45442821      0.84104704       1.0411174       7.7365428       1.0542456       10.955862       637.14506     0.088545445      0.088545445       805.98096                 20.476023                        390.39653                          226.27251             157.88004                       10.955862
              7       403.62369       69.042169       3.1406483      0.98311498     0.022616271        0.115892      0.05604867       1.0546473       1.0033208       2.3118851   2.3118851e-09       2.4052916      0.24598791      0.24732005       13.752901       2.0667264      0.70800399       0.2919202      0.13915314       147.91229       1.0122082      0.82064565      0.61822008      0.45442178      0.84106018       1.0411167       7.7382663       1.0546473       10.962095       638.27565     0.088545445      0.088545445        807.0703                  20.45089                        390.39653                          227.42824             157.83255                       10.962095
              9        403.1342       69.042169       3.1410038      0.98312302     0.022616271        0.115892      0.05604867       1.0535113       1.0002762        2.312707    2.312707e-09       2.4052916      0.24598791      0.24732005       13.752901       2.0674612      0.70800399       0.2919202      0.13915314       147.91229       1.0123913      0.82079407      0.61833189      0.45450397      0.84121229       1.0411167       7.7382663       1.0535113       10.962095       635.60512     0.088545445      0.088545445        806.0913                 20.535978                         390.4093                          224.65985             159.52409                       10.962095
              5       403.45424       69.052163       3.1433535       0.9834828     0.022608754      0.11578209     0.057282164       1.0545063       1.0037085       2.3181476   2.3181476e-09       2.4066065       0.2459847      0.24731683       13.755247       2.0672187      0.70833477      0.29158944      0.13903571       147.95041       1.0131121      0.82060024      0.61864159      0.45460275      0.84187219       1.0410464       7.8600418       1.0545063       11.070446       636.98762     0.088545445      0.088545445       806.73139                 20.453773                         390.3239                          226.20994             158.67332                       11.070446
             11       403.87002       69.048079       3.1438712      0.98352268     0.022610815      0.11576349      0.05713107        1.054915       1.0047578        2.319348    2.319348e-09       2.4062459      0.24598558      0.24731771       13.756062       2.0689143      0.70833496      0.29158924      0.13901917       147.95311       1.0132832      0.82071407      0.61872766      0.45466593      0.84198946       1.0410089       7.8442926        1.054915       11.053031       636.84003     0.088545445      0.088545445       807.56295                 20.450404                         390.3455                          226.04413             159.66989                       11.053031
              1       403.57468       69.016445        3.142729      0.98331855     0.022613764      0.11584494     0.057587226       1.0536164       1.0047324       2.3167003   2.3167003e-09       2.4057301      0.24598684      0.24731897       13.756535        2.064668      0.70789034      0.29203379      0.13910357       147.92781       1.0131969      0.82158179      0.61876881      0.45486937      0.84172482       1.0409958       7.8899181       1.0536164       10.879621       636.45207     0.088545445      0.088545445       806.97227                 20.482699                        390.33092                          225.63845             159.64057                       10.879621
              5       403.02664       69.082389       3.1356754      0.98203143      0.02268539      0.11607364      0.05336746        1.053728       1.0046675       2.3004167   2.3004167e-09       2.3932499      0.24601735       0.2473496        13.74247       2.0675314      0.70781846      0.29210582       0.1394039       147.78599        1.009577      0.81921929      0.61689061      0.45351663      0.83911814       1.0412551       7.4583385        1.053728        10.88797       636.79349     0.088545445      0.088545445        805.8762                 20.594577                        390.95408                          225.24483             158.19474                        10.88797
              4       402.33121       69.082389       3.1251296      0.97506776      0.02268539      0.11607364      0.05336746       1.0464175       1.0031826       2.2762844   2.2762844e-09       2.3932499      0.24601735       0.2473496        13.74247       2.0458422      0.70781846      0.29210582       0.1394039       147.78599       1.0015737      0.81272506      0.61200031      0.44992145      0.83246616       1.0412551       7.4583385       1.0464175        10.88797       635.31433     0.088545445      0.088545445       804.48532                 21.628224                        390.62596                          223.06015             158.28302                        10.88797
              2       405.38766       69.101555       3.1261629      0.97530891     0.022672816       0.1160103     0.052951522       1.0499661      0.99984006       2.2786378   2.2786378e-09       2.3954338      0.24601201      0.24734424       13.742862       2.0496617      0.70813948      0.29178484      0.13932799        147.8171       1.0018508      0.81225852      0.61208627      0.44986097      0.83281197       1.0412757        7.418106       1.0499661       11.026716        637.8881     0.088545445      0.088545445       810.59823                 21.331473                        390.83457                          225.72205             161.68342                       11.026716
              2       407.29141       69.305114       3.1452329      0.97858502     0.022584141      0.11499279     0.058203921       1.0559385       1.0001122       2.3225085   2.3225085e-09       2.4109192      0.24597417      0.24730626       13.755352        2.067293      0.71215446       0.2877703       0.1382218       148.19172       1.0067757       0.8073235      0.61387061      0.44961245      0.83813765       1.0410002       7.9428496       1.0559385       13.509853       636.86994     0.088545445      0.088545445       814.40573                  20.94564                        390.26243                          225.66188             164.02593                       13.509853
              4       407.87131       69.305114        3.137086       0.9849859     0.022584141      0.11499279     0.058203921       1.0521812       1.0043808       2.3036641   2.3036641e-09       2.4109192      0.24597417      0.24730626       13.755352       2.0505193      0.71215446       0.2877703       0.1382218       148.19172        1.005167      0.80603353      0.61288975      0.44889405      0.83679844       1.0410002       7.9428496       1.0521812       13.509853       640.83919     0.088545445      0.088545445       815.56553                 20.269778                        390.37364                          230.19577             161.21648                       13.509853
              5       406.49849       69.186168       3.1314072      0.98399465     0.022596999       0.1153526     0.053377554       1.0509271       1.0013163       2.2906191   2.2906191e-09       2.4086649      0.24597967      0.24731178       13.755566       2.0586842      0.71038533      0.28953918      0.13859447       148.07972       1.0043777      0.80915958      0.61282086      0.44953175      0.83542354       1.0410074       7.4664054       1.0509271       12.146924       637.56348     0.088545445      0.088545445       812.81989                 20.477021                         391.0499                          226.03656             163.10949                       12.146924
             14       404.80208       69.186168       3.1556649      0.97857082     0.022596999       0.1153526     0.053377554       1.0645603       1.0063662       2.3468637   2.3468637e-09       2.4086649      0.24597967      0.24731178       13.755566       2.1092337      0.71038533      0.28953918      0.13859447       148.07972       1.0145067      0.81731985      0.61900108      0.45406522      0.84384868       1.0410074       7.4664054       1.0645603       12.146924       634.60432     0.088545445      0.088545445       809.42707                 20.996552                         390.8487                          222.75907             162.67582                       12.146924
              2       402.76897       69.091999       3.1515813      0.97788311     0.022594798       0.1156389     0.053106523       1.0617672       1.0027967       2.3372996   2.3372996e-09       2.4090504      0.24597873      0.24731084       13.756053        2.101777      0.70900019      0.29092411      0.13887857       148.00474       1.0142249      0.82005082      0.61914602      0.45471367      0.84303996       1.0410448       7.4440663       1.0617672       11.383415       634.42395     0.088545445      0.088545445       805.36085                 21.130698                        390.84078                          222.45247             159.55348                       11.383415
             11       405.21101       69.091999       3.1709595      0.97533705     0.022594798       0.1156389     0.053106523       1.0726373       1.0058604       2.3830338   2.3830338e-09       2.4090504      0.24597873      0.24731084       13.756053       2.1429027      0.70900019      0.29092411      0.13887857       148.00474       1.0230963      0.82722377      0.62456167      0.45869104      0.85041399       1.0410448       7.4440663       1.0726373       11.383415        634.4335     0.088545445      0.088545445       810.24492                 21.435109                        390.70899                           222.2894               164.428                       11.383415
              5       404.74123       69.091999       3.1755707      0.97582104     0.022594798       0.1156389     0.053106523       1.0737967       1.0046392        2.394048    2.394048e-09       2.4090504      0.24597873      0.24731084       13.756053        2.152807      0.70900019      0.29092411      0.13887857       148.00474       1.0256489      0.82928766      0.62611992      0.45983545      0.85253574       1.0410448       7.4440663       1.0737967       11.383415       635.95816     0.088545445      0.088545445       809.30537                 21.491648                        390.70899                          223.75752              161.9638                       11.383415
              7       403.69723       69.050723       3.1769056      0.97525084      0.02263949      0.11575092     0.056433959       1.0714254       1.0006587       2.3972458   2.3972458e-09       2.4012365      0.24599782         0.24733       13.755386       2.1413844      0.70832351       0.2916007      0.13903528       147.92435       1.0265565      0.83151013       0.6268507      0.46063958      0.85303524       1.0409299       7.7686551       1.0714254       10.992316       633.66005     0.088545445      0.088545445       807.21738                 21.598641                        390.12275                          221.93866             162.56501                       10.992316
              3       407.08196       69.446303       3.1828101      0.97665411     0.022690742      0.11511882     0.058025799       1.0744669      0.99837939       2.4114423   2.4114423e-09       2.3923212      0.24601962      0.24735188       13.736505       2.1472189      0.71284134      0.28708373      0.13845442       148.03781       1.0243564      0.82049178       0.6248529      0.45738291      0.85364174       1.0412834       7.9041037       1.0744669       14.181193        635.7781     0.088545445      0.088545445       813.98683                 21.372255                        390.16272                          224.24313             164.02753                       14.181193
              3       406.75193       69.460374        3.183966      0.97658742     0.022705795      0.11509463     0.058098625       1.0744867      0.99869104       2.4142313   2.4142313e-09       2.3897119        0.246026      0.24735828       13.735519       2.1493892       0.7129766       0.2869485      0.13844529       148.02749       1.0245952      0.82041824      0.62498826      0.45742811      0.85392725       1.0412602       7.9073981       1.0744867       14.248632       635.73328     0.088545445      0.088545445       813.32676                 21.438576                        390.14688                          224.14783             163.34485                       14.248632
              2       406.19884        68.83776        3.161144      0.97206409     0.022763686      0.11695095       0.0737716       1.0421349       1.0012295       2.3597577   2.3597577e-09       2.3797173      0.24605043       0.2473828       13.737906       2.0360583      0.70372148      0.29620225       0.1403595       147.46331       1.0239678      0.83988549      0.62675351      0.46237449      0.84957101       1.0412722       9.4021074       1.0421349       10.463184       643.52935     0.088545445      0.088545445        812.2206                 22.937482                        396.38104                          224.21082             158.22806                       10.463184
              3        405.6208       68.809603       3.1606483      0.97198558     0.022757644      0.11699304     0.073483618       1.0431325       1.0018654       2.3585881   2.3585881e-09       2.3807574      0.24604789      0.24738025       13.739407       2.0362217      0.70340281      0.29652086      0.14039556       147.45878        1.024091      0.84062763      0.62686912      0.46258409      0.84949938       1.0412493       9.3783602       1.0431325       10.517612       641.99132     0.088545445      0.088545445       811.06451                 22.802113                        396.17771                           223.0115             158.55558                       10.517612
              5        404.6861       68.809603       3.1549563      0.97348037     0.022757644      0.11699304     0.073483618       1.0397995        1.001521       2.3452013   2.3452013e-09       2.3807574      0.24604789      0.24738025       13.739407       2.0246645      0.70340281      0.29652086      0.14039556       147.45878       1.0217667      0.83871978      0.62544641      0.46153423      0.84757139       1.0412493       9.3783602       1.0397995       10.517612       641.41151     0.088545445      0.088545445        809.1951                 22.552449                        396.16068                          222.69838             157.26598                       10.517612
              3       406.55353       69.077762       3.1543994      0.97693594     0.022567953      0.11616335     0.065234765       1.0489189       1.0073017       2.3438956   2.3438956e-09       2.4137617      0.24596724       0.2472993       13.743638       2.0571979      0.70783741      0.29208685      0.13937617       147.89327       1.0185666      0.82643795      0.62235269      0.45752473      0.84656161        1.041639        8.645941       1.0489189       11.176793       638.74439     0.088545445      0.088545445       812.92997                 21.663298                        391.71933                          225.36176             163.00879                       11.176793
              3       405.57417       69.092223       3.1547129       0.9769404     0.022573116      0.11614603     0.065134802       1.0494782       1.0057353       2.3446305   2.3446305e-09       2.4128547      0.24596945      0.24730152       13.742697       2.0582544      0.70798518      0.29193912      0.13936401       147.89215        1.018526      0.82611528      0.62231431      0.45743866      0.84661648       1.0416495       8.6348968       1.0494782       11.244041       638.26295     0.088545445      0.088545445       810.97124                 21.633031                        391.72956                          224.90035             161.46425                       11.244041
              1       405.88328       69.092223       3.1338706       0.9766445     0.022573116      0.11614603     0.065134802        1.039722       1.0061181       2.2962688   2.2962688e-09       2.4128547      0.24596945      0.24730152       13.742697       2.0157996      0.70798518      0.29193912      0.13936401       147.89215        1.007852      0.81745765      0.61579251      0.45264474        0.837744       1.0416495       8.6348968        1.039722       11.244041       637.76967     0.088545445      0.088545445       811.58947                 21.560817                        391.73377                          224.47509             162.57575                       11.244041
              5       403.54065       69.107478       3.1499575      0.97576183     0.022733631      0.11590868     0.067755048        1.045661       1.0025152       2.3335074   2.3335074e-09       2.3848983      0.24603777      0.24737009       13.743459       2.0377828      0.70827497      0.29164936      0.13928717       147.77651        1.012898      0.82090717      0.61879032       0.4547354      0.84203133        1.041028       8.8356656        1.045661       10.933874       636.78205     0.088545445      0.088545445       806.90421                 21.779937                        392.75745                          222.24466             159.18829                       10.933874
              6       403.85015       69.107478       3.1611804      0.97627574     0.022733631      0.11590868     0.067755048       1.0519927       1.0020993       2.3598435   2.3598435e-09       2.3848983      0.24603777      0.24737009       13.743459       2.0607813      0.70827497      0.29164936      0.13928717       147.77651       1.0187994      0.82568999      0.62239555      0.45738481      0.84693723        1.041028       8.8356656       1.0519927       10.933874       637.00732     0.088545445      0.088545445       807.52321                 21.648091                        392.72554                           222.6337             159.58201                       10.933874
              3       404.69996       69.104286        3.166732      0.97768042     0.022661433      0.11549451     0.066028977       1.0566505       1.0012156       2.3729807   2.3729807e-09       2.3974136      0.24600716      0.24733938       13.757109       2.0794198      0.70926648      0.29065784      0.13880081       147.96905       1.0204039      0.82444051      0.62283086       0.4573152      0.84825145        1.040755       8.6836765       1.0566505       11.293213       635.09391     0.088545445      0.088545445       809.22282                 21.412948                        391.97374                          221.70722              162.8357                       11.293213
              1       403.19909       69.019732       3.1613638      0.97759876     0.022583545      0.11564966     0.055634798       1.0642481        1.002682       2.3602763   2.3602763e-09       2.4110237      0.24597391        0.247306       13.762451       2.1117333      0.70839152      0.29153262      0.13887808       148.01447       1.0195413      0.82546895      0.62239089       0.4573356      0.84701565       1.0408711       7.6998809       1.0642481       11.045067       633.61214     0.088545445      0.088545445        806.2211                 21.210637                        390.31971                          222.08179             161.56389                       11.045067
              2        404.7394       69.019732       3.1042058      0.97506222     0.022583545      0.11564966     0.055634798        1.034129       1.0034677       2.2291508   2.2291508e-09       2.4110237      0.24597391        0.247306       13.762451       1.9944157      0.70839152      0.29153262      0.13887808       148.01447      0.98985031      0.80142976       0.6042657      0.44401714      0.82234898       1.0408711       7.6998809        1.034129       11.045067       634.63367     0.088545445      0.088545445       809.30172                 21.590649                        390.25509                          222.78793             163.62298                       11.045067
              2       404.71902        68.98561       3.1025976      0.97479231     0.022583076      0.11576005     0.055402299       1.0329858       1.0033895       2.2255688   2.2255688e-09        2.411106      0.24597371       0.2473058        13.76244        1.992137      0.70787202      0.29205204      0.13898799       147.98514      0.98971209      0.80240426      0.60430083      0.44424061      0.82203088       1.0408909       7.6786428       1.0329858       10.861639       635.29628     0.088545445      0.088545445       809.26094                 21.673464                         390.2427                          223.38011             163.10302                       10.861639
              1       405.43392       68.794618        3.099242      0.97464896     0.022518424      0.11597559     0.054487908       1.0336334       1.0039538       2.2181131   2.2181131e-09       2.4224892        0.245946      0.24727799       13.775188       1.9890976      0.70592888      0.29399476      0.13913888       147.99948       0.9904972      0.80672773      0.60494429      0.44545135      0.82154335       1.0407226       7.6043519       1.0336334       10.423797       633.20096     0.088545445      0.088545445       810.69075                 21.476185                        390.40085                          221.32392             167.06599                       10.423797
              1       405.63541       68.829257       3.0971573       0.9755303     0.022459782      0.11584631      0.05572593       1.0304762       1.0041369       2.2134938   2.2134938e-09       2.4328828      0.24592085      0.24725275         13.7773       1.9800465      0.70662147      0.29330224      0.13895096       148.10042      0.98941084      0.80433677      0.60407666      0.44455029      0.82084887        1.040835       7.7394564       1.0304762       10.568715       634.46532     0.088545445      0.088545445       811.09372                 21.461912                        390.23788                          222.76552             166.05969                       10.568715
              1        405.3609       68.778726       3.0956922      0.97523736     0.022466269      0.11597989     0.058624857       1.0264911       1.0045956       2.2102532   2.2102532e-09       2.4317298      0.24592363      0.24725554       13.777916       1.9657176      0.70589415      0.29402946      0.13909102       148.05697      0.98946889      0.80588271      0.60426428      0.44496375      0.82059565       1.0408131       8.0274565       1.0264911       10.432056       634.15112     0.088545445      0.088545445       810.54471                 21.586233                        390.24921                          222.31568             165.96153                       10.432056
              3       404.37226        68.55442       3.0801355      0.97354672       0.0224262      0.11681027     0.055731339       1.0202965       1.0040229       2.1761351   2.1761351e-09        2.438865      0.24590647      0.24723831       13.776057       1.9466068      0.70228479      0.29763832      0.13988133       147.87807      0.98695951      0.81138672      0.60358616      0.44582199      0.81717875       1.0411447       7.7638442       1.0202965       10.516505       634.23897     0.088545445      0.088545445       808.56743                 21.820629                        390.16517                          222.25317             163.81196                       10.516505
              2       405.45642       68.578748       3.0815891      0.97309273     0.022465666      0.11683694     0.053516381        1.022187       1.0019234       2.1793007   2.1793007e-09       2.4318369      0.24592338      0.24725528       13.772084       1.9580934      0.70235534      0.29756782      0.13994747       147.82681       0.9872394      0.81158777      0.60382869      0.44597471      0.81755552        1.041145       7.5322153        1.022187       10.532272       636.90062     0.088545445      0.088545445       810.73576                 21.973049                        390.41748                          224.51009             163.30287                       10.532272
              4       401.92685       68.578748         3.15379      0.97717141     0.022465666      0.11683694     0.053516381       1.0616855       1.0032479       2.3424676   2.3424676e-09       2.4318369      0.24592338      0.24725528       13.772084       2.1046983      0.70235534      0.29756782      0.13994747       147.82681       1.0251307       0.8427374      0.62700431      0.46309172      0.84893421        1.041145       7.5322153       1.0616855       10.532272       633.47566     0.088545445      0.088545445       803.67661                  21.16537                        390.64898                           221.6613             159.66868                       10.532272
              1       402.45596       68.662397       3.1531373      0.97689259     0.022501648      0.11685542     0.052476922       1.0618431       1.0003152       2.3409391   2.3409391e-09       2.4254557      0.24593881      0.24727077       13.763179       2.1077021       0.7029646      0.29695874      0.14000194       147.78151       1.0241465      0.84088949      0.62646322      0.46245514      0.84863619       1.0413211       7.4193874       1.0618431       10.398066       634.26408     0.088545445      0.088545445       804.73483                 21.249759                        390.91287                          222.10145             160.07268                       10.398066
              5       402.77785       68.662397       3.1372184      0.97747477     0.022501648      0.11685542     0.052476922       1.0529179       1.0002922       2.3039691   2.3039691e-09       2.4254557      0.24593881      0.24727077       13.763179       2.0744156       0.7029646      0.29695874      0.14000194       147.78151       1.0162544      0.83440958      0.62163568      0.45889145      0.84209658       1.0413211       7.4193874       1.0529179       10.398066       635.05549     0.088545445      0.088545445        805.3786                 21.217204                        390.93628                            222.902             159.92505                       10.398066
              2       401.78584       68.662397       3.1346285      0.97811762     0.022501648      0.11685542     0.052476922       1.0529921       1.0015829       2.2980098   2.2980098e-09       2.4254557      0.24593881      0.24727077       13.763179         2.06905       0.7029646      0.29695874      0.14000194       147.78151       1.0151899      0.83353555      0.62098453      0.45841076       0.8412145       1.0413211       7.4193874       1.0529921       10.398066        635.0992     0.088545445      0.088545445        803.3946                 21.007814                        391.00085                          223.09053             157.89733                       10.398066
              1       401.84673       68.666458       3.1311122      0.97779651     0.022519723      0.11702387     0.057272925       1.0454465       1.0007517       2.2899434   2.2899434e-09       2.4222596      0.24594656      0.24727855       13.757711       2.0421053      0.70260414      0.29731922      0.14018846         147.716       1.0140617      0.83354348      0.62050095      0.45819273      0.84030453       1.0414675       7.9006677       1.0454465       10.424525       634.55744     0.088545445      0.088545445       803.51636                 21.191612                        390.23157                          223.13426              158.5344                       10.424525
              1       402.90039       68.541078       3.1222964      0.97589618     0.022568754      0.11768244     0.057840365       1.0387474       1.0037618       2.2698445   2.2698445e-09        2.413621      0.24596758      0.24729965       13.749477       2.0218857      0.70000891      0.29991416      0.14089606       147.48514       1.0126557      0.83815707      0.62042103      0.45913009      0.83837297       1.0416727        7.957121       1.0387474       11.150315       635.33203     0.088545445      0.088545445       805.62369                 21.574448                        390.16781                          223.58977             159.14135                       11.150315
              1       402.94638        68.55629        3.123393      0.97576991      0.02258983      0.11767326     0.058571284       1.0379863       1.0035021       2.2723349   2.2723349e-09       2.4099214       0.2459766       0.2473087       13.747808       2.0211473      0.70011671       0.2998064      0.14090796       147.46408       1.0128754      0.83816085      0.62056877      0.45919816      0.83864795       1.0416541       8.0242243       1.0379863       11.145257       635.59916     0.088545445      0.088545445       805.71567                 21.677269                         390.1911                          223.73079             158.97126                       11.145257
              1       404.16167        68.55629       3.1182877      0.97757878      0.02258983      0.11767326     0.058571284       1.0362055      0.99872557       2.2607636   2.2607636e-09       2.4099214       0.2459766       0.2473087       13.747808       2.0108551      0.70011671       0.2998064      0.14090796       147.46408       1.0109953      0.83660507      0.61941688      0.45834581      0.83709127       1.0416541       8.0242243       1.0362055       11.145257       635.89246     0.088545445      0.088545445       808.14626                 21.318961                        390.22159                          224.35191             161.10854                       11.145257
              3       404.26696        68.55629       3.1012325      0.97713404      0.02258983      0.11767326     0.058571284       1.0275964      0.99889029       2.2225328   2.2225328e-09       2.4099214       0.2459766       0.2473087       13.747808       1.9768504      0.70011671       0.2998064      0.14090796       147.46408       1.0022394      0.82935945      0.61405227      0.45437619      0.82984144       1.0416541       8.0242243       1.0275964       11.145257       636.03217     0.088545445      0.088545445       808.35683                 21.363214                        390.21175                           224.4572              161.1794                       11.145257
              2       404.20718        68.55349       3.1009064      0.97710838     0.022588507      0.11768724       0.0583935       1.0283441       1.0045974       2.2218081   2.2218081e-09       2.4101534      0.24597604      0.24730814       13.747711       1.9769086      0.70006527      0.29985783      0.14092062       147.46182       1.0021654      0.82940936      0.61402076      0.45437236      0.82976327        1.041664       8.0072754       1.0283441        11.15941       637.39162     0.088545445      0.088545445       808.23728                 21.290156                        390.24202                          225.85945             159.68624                        11.15941
              3       404.12098        68.55349       3.0874866      0.97552064     0.022588507      0.11768724       0.0583935       1.0195568       1.0042334       2.1921911   2.1921911e-09       2.4101534      0.24597604      0.24730814       13.747711       1.9505562      0.70006527      0.29985783      0.14092062       147.46182      0.99485681      0.82336062      0.60954281       0.4510587      0.82371194        1.041664       8.0072754       1.0195568        11.15941        636.2443     0.088545445      0.088545445       808.06487                  21.72591                        390.20433                          224.31406             160.66116                        11.15941
              4       403.29072        68.55349       3.1018679      0.97469908     0.022588507      0.11768724       0.0583935       1.0275645       1.0042336       2.2239454   2.2239454e-09       2.4101534      0.24597604      0.24730814       13.747711       1.9788103      0.70006527      0.29985783      0.14092062       147.46182       1.0017204      0.82904103      0.61374808      0.45417057      0.82939477        1.041664       8.0072754       1.0275645        11.15941       635.45134     0.088545445      0.088545445       806.40435                 21.786496                        390.20643                          223.45842              159.7936                        11.15941
              1       402.87616       68.534996         3.10216      0.97496853     0.022567834      0.11764089     0.058882549       1.0273395       1.0043092        2.224595    2.224595e-09       2.4137827      0.24596719      0.24729925       13.751173       1.9774533      0.70004608      0.29987698      0.14085359       147.49705       1.0019564      0.82917215      0.61381967      0.45423081      0.82947828       1.0416127       8.0592658       1.0273395       11.171094       635.05548     0.088545445      0.088545445       805.57522                 21.739848                        390.22994                           223.0857             159.34865                       11.171094
              2       403.23328       68.342574       3.0991167      0.97423454     0.022528987      0.11793869     0.052479398       1.0312717       1.0042098       2.2178351   2.2178351e-09       2.4206239      0.24595053      0.24728254        13.76115       1.9968536      0.69780019      0.30212244      0.14111255        147.4609       1.0028863      0.83435888      0.61467152      0.45571029      0.82908173       1.0414573       7.4307481       1.0312717       12.484523       635.39375     0.088545445      0.088545445       806.28946                 21.766196                        390.73516                          222.89239             158.41119                       12.484523
              1       403.51197       68.349716       3.0993873       0.9742651      0.02253014      0.11792168     0.052402575       1.0317492         1.00587       2.2184355   2.2184355e-09       2.4204206      0.24595103      0.24728304       13.760949       1.9977011       0.6978973      0.30202534      0.14109668       147.46416       1.0029021      0.83417428      0.61466393      0.45566804      0.82913811        1.041458       7.4223885       1.0317492       12.420742       635.03646     0.088545445      0.088545445       806.84686                 21.733736                        390.77509                          222.52763             159.38966                       12.420742
              3        403.6712       68.322824       3.0993791      0.97382669     0.022553303      0.11802139     0.052607565       1.0320441       0.9987027       2.2184173   2.2184173e-09       2.4163384      0.24596096        0.247293       13.759984       1.9968659      0.69739621      0.30252637      0.14121956       147.41176       1.0031983      0.83550196      0.61497931       0.4560908      0.82921986        1.041424       7.4398496       1.0320441       12.862272       634.38142     0.088545445      0.088545445        807.1653                 21.744743                        390.68925                          221.94743             159.92161                       12.862272
              8        405.6607       68.540806       3.1003058      0.97366994     0.022638612      0.11791784     0.055476573       1.0293433      0.99846883       2.2204741   2.2204741e-09       2.4013897      0.24599744      0.24732962       13.741193       1.9872814      0.69935675      0.30056633      0.14120131       147.34442       1.0014607      0.83051156      0.61389429      0.45454688      0.82910305       1.0417425       7.7103406       1.0293433       11.519604       636.42608     0.088545445      0.088545445        811.1443                 21.914835                        390.13751                          224.37374             163.19862                       11.519604
              3       404.76533       68.465145       3.0992412      0.97297891     0.022656083      0.11811459     0.054444662       1.0287096       1.0023896       2.2181114   2.2181114e-09       2.3983448      0.24600489      0.24733709       13.742057       1.9892681      0.69823489      0.30168802      0.14141554       147.27264       1.0019077      0.83321215       0.6144011      0.45534597      0.82901515       1.0416816       7.6059393       1.0287096       12.255621       637.33371     0.088545445      0.088545445       809.35357                 22.114894                        390.23393                          224.98489             159.76424                       12.255621
              1       403.16917       68.123665       3.0933884      0.97322711     0.022512556      0.11840864     0.054836699       1.0258182       1.0022993       2.2051671   2.2051671e-09       2.4235262      0.24594349      0.24727547       13.768212       1.9761092      0.69487766      0.30504447      0.14156607       147.35407       1.0032141      0.84054383      0.61536592      0.45732425      0.82802348       1.0413464       7.6808703       1.0258182       15.039174       633.84526     0.088545445      0.088545445       806.16124                 21.931834                        390.21692                          221.69651              157.2768                       15.039174
             11       400.96577       68.483057       3.1127147      0.97528184     0.022577281      0.11732496     0.054750752       1.0385558       1.0005169       2.2481994   2.2481994e-09       2.4121231      0.24597123      0.24730331       13.764138        2.015018       0.7002444      0.29967854      0.14054711       147.57095       1.0057619      0.83151045      0.61581558      0.45563238      0.83231315       1.0410977       7.6402043       1.0385558        11.44398       633.04601     0.088545445      0.088545445       801.75444                 21.448905                        390.29276                          221.30435             157.26445                        11.44398
              1       401.25388       68.483305       3.1120211      0.97536869     0.022572063      0.11733232     0.056274884       1.0369313       1.0006321       2.2466405   2.2466405e-09       2.4130397        0.245969      0.24730107       13.764058       2.0074921      0.70024202      0.29968092      0.14054924       147.57481       1.0055277      0.83132427      0.61567451      0.45552891      0.83212084       1.0411196       7.7940787       1.0369313       11.420513       633.56605     0.088545445      0.088545445       802.33067                 21.437381                        390.14683                          221.98184             157.34411                       11.420513
              1       403.44551       68.478438       3.1119126      0.97530084      0.02257512      0.11735123     0.056393926       1.0369176       1.0067384       2.2463968   2.2463968e-09       2.4125026      0.24597031      0.24730238       13.763889       2.0067965      0.70015255      0.29977038      0.14057122       147.56634       1.0055469      0.83153389      0.61571029      0.45558938      0.83210711       1.0411176       7.8055614       1.0369176       11.471196       634.05955     0.088545445      0.088545445       806.71392                 21.431877                        390.15684                          222.47083             161.18318                       11.471196
              9       402.13416       68.478438       3.1610661       0.9749619      0.02257512      0.11735123     0.056393926       1.0625238       1.0034013       2.3595738   2.3595738e-09       2.4125026      0.24597031      0.24730238       13.763889        2.107902      0.70015255      0.29977038      0.14057122       147.56634       1.0304323      0.85211287      0.63094802      0.46686441      0.85270027       1.0411176       7.8055614       1.0625238       11.471196       633.29276     0.088545445      0.088545445       804.09122                 21.502085                        390.16917                          221.62151             159.32727                       11.471196
              5       403.75098        68.75501        3.172212       0.9749203     0.022713001      0.11691669     0.055259563       1.0677043       1.0072567       2.3860206   2.3860206e-09       2.3884644      0.24602905      0.24736134       13.747529       2.1363693      0.70318757      0.29673599      0.14027456       147.52889       1.0313708      0.84681995      0.63118921      0.46585646      0.85519866       1.0411203       7.6550891       1.0677043       10.569549       634.42181     0.088545445      0.088545445       807.32486                  21.76483                        390.25514                          222.40185              162.3335                       10.569549
              5       402.95641       68.575281       3.1678857      0.97367067      0.02272798      0.11736973     0.056297462        1.064116      0.99851373         2.37572     2.37572e-09       2.3858742      0.24603538       0.2473677       13.750637       2.1227356      0.70063447      0.29928869      0.14074257       147.39116       1.0318646      0.85266538      0.63201745      0.46746774      0.85448903       1.0410325       7.7621959        1.064116       11.555701       634.02648     0.088545445      0.088545445       805.73572                 21.959599                        390.10741                          221.95947             160.15354                       11.555701
              5       403.35006       68.575281       3.1378185      0.96975857      0.02272798      0.11736973     0.056297462        1.048569       1.0039743       2.3053522   2.3053522e-09       2.3858742      0.24603538       0.2473677       13.750637        2.059861      0.70063447      0.29928869      0.14074257       147.39116       1.0149471      0.83868587      0.62165547      0.45980356      0.84047961       1.0410325       7.7621959        1.048569       11.555701       635.58516     0.088545445      0.088545445       806.52303                 22.629518                        390.03251                          222.92313             159.38216                       11.555701
              3       403.54146       68.558642       3.1371282       0.9694506     0.022740197      0.11745452     0.056118988       1.0480341       1.0038606       2.3037612   2.3037612e-09       2.3837649      0.24604054      0.24737287       13.749463       2.0591744      0.70028276      0.29964036      0.14083958       147.35496       1.0149213      0.83944957      0.62174677      0.46000613       0.8403563       1.0410421       7.7431807       1.0480341       11.756003       636.19993     0.088545445      0.088545445       806.90584                 22.722371                        389.98277                          223.49479              158.9499                       11.756003
              2       405.22538       68.533272       3.1402738      0.97114452     0.022671025      0.11711962     0.068798655       1.0365329       1.0004595       2.3110194   2.3110194e-09       2.3957451      0.24601125      0.24734347       13.762742       2.0139368      0.70092112      0.29900193      0.14043551       147.52134       1.0159564      0.83853905      0.62193403      0.45989938      0.84105776       1.0407869       8.9716498       1.0365329        11.50236        638.5416     0.088545445      0.088545445       810.27366                 22.831122                        393.55731                          222.15317              160.2297                        11.50236
              3       404.94367       68.571616       3.1414284      0.97117849     0.022686603      0.11706363     0.069093793       1.0372332       1.0004705       2.3136893   2.3136893e-09       2.3930393      0.24601786      0.24735011       13.760452       2.0150737      0.70134145      0.29858169      0.14039509       147.51897       1.0159537      0.83771027      0.62188762      0.45970339      0.84129076        1.040801       8.9938689       1.0372332       11.319511        638.2834     0.088545445      0.088545445       809.71025                   22.7951                        393.72342                          221.76488             160.10734                       11.319511
              2       407.54404       69.197615       3.1578718      0.97698376     0.022502657      0.11511705     0.052046512       1.0668178       1.0050973       2.3520487   2.3520487e-09       2.4252773      0.24593924       0.2472712        13.76366       2.1195286       0.7111701      0.28875443      0.13826457       148.24971       1.0143801      0.81529153      0.61855516      0.45343036      0.84381312        1.041025       7.3479682       1.0668178       12.895936       637.80532     0.088545445      0.088545445         814.911                 21.212885                        391.17387                          225.41857             164.20974                       12.895936
              1       407.08686       69.197615       3.1640797      0.98389944     0.022502657      0.11511705     0.052046512       1.0712991       1.0054272       2.3666953   2.3666953e-09       2.4252773      0.24593924       0.2472712        13.76366       2.1327273       0.7111701      0.28875443      0.13826457       148.24971       1.0202524      0.82001131      0.62213602      0.45605531      0.84869801        1.041025       7.3479682       1.0712991       12.895936       638.83806     0.088545445      0.088545445       813.99662                 20.376943                        391.59572                          226.86539             162.26263                       12.895936
              2       407.92431       69.110717       3.1629507      0.98360641      0.02248783      0.11524378     0.050524852       1.0735014       1.0012263       2.3640248   2.3640248e-09       2.4279032      0.24593288      0.24726482       13.768247       2.1368139      0.71020901      0.28971533      0.13837648       148.23202       1.0207843      0.82237879      0.62258631       0.4567646      0.84860718       1.0409435       7.1971082       1.0735014       12.166795       641.29484     0.088545445      0.088545445       815.67154                  20.30985                        392.29084                          228.69415              162.2099                       12.166795
              2       409.19797       69.110717       3.1031249      0.98540235      0.02248783      0.11524378     0.050524852       1.0415397       1.0048075       2.2267427   2.2267427e-09       2.4279032      0.24593288      0.24726482       13.768247       2.0127262      0.71020901      0.28971533      0.13837648       148.23202      0.99138957      0.79869735      0.60465816      0.44361149      0.82417046       1.0409435       7.1971082       1.0415397       12.166795       642.32586     0.088545445      0.088545445       818.21886                   20.2008                        392.40478                          229.72029              163.7262                       12.166795
              3       408.15626       69.110717        3.078823      0.98050053      0.02248783      0.11524378     0.050524852       1.0279296       1.0037267       2.1732807   2.1732807e-09       2.4279032      0.24593288      0.24726482       13.768247       1.9644026      0.71020901      0.28971533      0.13837648       148.23202      0.97756457      0.78755946      0.59622615      0.43742529      0.81267734       1.0409435       7.1971082       1.0279296       12.166795       637.77427     0.088545445      0.088545445       816.13544                 20.674081                         392.0266                          225.07359             166.19437                       12.166795
              4       406.59329       68.805599       3.0721639      0.97673144     0.022608101      0.11627761     0.044728988       1.0291188       1.0041047       2.1588567   2.1588567e-09       2.4067209      0.24598442      0.24731655       13.763438       1.9741162      0.70519537       0.2947283      0.13953058       147.81753      0.97886793      0.79910991      0.59826205      0.44080541      0.81196254       1.0408525       6.5801887       1.0291188       10.380642       638.73271     0.088545445      0.088545445       813.00949                 21.055901                        395.88923                          221.78758             163.89613                       10.380642
              1       405.89881       68.805599       3.0990709      0.97319687     0.022608101      0.11627761     0.044728988       1.0420805       1.0031991       2.2177336   2.2177336e-09       2.4067209      0.24598442      0.24731655       13.763438       2.0279548      0.70519537       0.2947283      0.13953058       147.81753       0.9907816      0.80883577      0.60554341      0.44617039      0.82184482       1.0408525       6.5801887       1.0420805       10.380642       638.70846     0.088545445      0.088545445       811.62053                 21.638999                        395.50127                          221.56819             162.53143                       10.380642
              8       403.56561       68.550027       3.0882746      0.97128508      0.02263328      0.11709416      0.05301449       1.0275324       1.0000995       2.1939192   2.1939192e-09       2.4023202      0.24599517      0.24732734       13.762987       1.9732078       0.7012018       0.2987213      0.14037231       147.57023      0.99004451      0.81656165      0.60600343      0.44801405       0.8197068       1.0409062       7.4488485       1.0275324       11.225091       633.75808     0.088545445      0.088545445       806.95413                 22.100132                        390.52123                          221.13672             161.97096                       11.225091
              1       404.07057       68.550027       3.0871227      0.97089809      0.02263328      0.11709416      0.05301449       1.0268861       1.0043737       2.1913934   2.1913934e-09       2.4023202      0.24599517      0.24732734       13.762987       1.9709361       0.7012018       0.2987213      0.14037231       147.57023      0.98932809      0.81597076      0.60556491      0.44768985      0.81911363       1.0409062       7.4488485       1.0268861       11.225091       633.96627     0.088545445      0.088545445       807.96404                 22.174429                        390.56028                          221.23156             162.77268                       11.225091
             18       404.78246       68.550027       3.1509337      0.96992835      0.02263328      0.11709416      0.05301449        1.060589       1.0030937       2.3357864   2.3357864e-09       2.4023202      0.24599517      0.24732734       13.762987       2.1008029       0.7012018       0.2987213      0.14037231       147.57023       1.0210236      0.84211238      0.62496566      0.46203269      0.84535594       1.0409062       7.4488485        1.060589       11.225091       634.24773     0.088545445      0.088545445       809.38783                 22.301635                        390.51767                          221.42843             163.91501                       11.225091
              1       405.55147       68.550027       3.1766432      0.98122445      0.02263328      0.11709416      0.05301449       1.0758057       1.0013582       2.3966169   2.3966169e-09       2.4023202      0.24599517      0.24732734       13.762987       2.1555138       0.7012018       0.2987213      0.14037231       147.57023       1.0387197      0.85670761      0.63579738       0.4700405      0.86000739       1.0409062       7.4488485       1.0758057       11.225091       640.32127     0.088545445      0.088545445       810.92584                 20.585051                        390.97346                          228.76276             159.37948                       11.225091
              3       406.70891       68.568641       3.1765758      0.98144711      0.02261974      0.11702222     0.051596581       1.0771693      0.99747018       2.3964553   2.3964553e-09       2.4046851      0.24598939      0.24732154       13.763677       2.1614894      0.70154581      0.29837732      0.14028683        147.6046       1.0383958      0.85566901      0.63550234      0.46968707      0.85985595       1.0409192         7.30627       1.0771693       11.055534       639.87901     0.088545445      0.088545445       813.24073                 20.558648                         391.5536                          227.76676             162.30619                       11.055534
              3       407.00135       68.550919       3.1761297      0.98150711     0.022608536      0.11701052     0.051995908       1.0752551      0.99653409       2.3953866   2.3953866e-09       2.4066447       0.2459846      0.24731673       13.765875       2.1588007      0.70144022      0.29848287      0.14026392       147.62024       1.0382887      0.85574251      0.63541083      0.46966097      0.85965612       1.0408827       7.3491598       1.0752551       11.104185       636.42481     0.088545445      0.088545445        813.8256                 20.638469                        391.32987                          224.45647             166.29661                       11.104185
              8       410.31271       68.550919       3.2185583      0.97708009     0.022608536      0.11701052     0.051995908       1.0962735      0.99642865       2.4992064   2.4992064e-09       2.4066447       0.2459846      0.24731673       13.765875       2.2523664      0.70144022      0.29848287      0.14026392       147.62024       1.0587497      0.87260619      0.64793255      0.47891634      0.87659693       1.0408827       7.3491598       1.0962735       11.104185       634.62426     0.088545445      0.088545445       820.44833                 21.328553                        391.12412                          222.17159             174.71989                       11.104185
              1       404.93665       68.550919       3.2107562      0.97756462     0.022608536      0.11701052     0.051995908        1.093197       1.0033481       2.4797831   2.4797831e-09       2.4066447       0.2459846      0.24731673       13.765875       2.2348616      0.70144022      0.29848287      0.14026392       147.62024       1.0548235      0.86937026      0.64552979      0.47714035      0.87334619       1.0408827       7.3491598        1.093197       11.104185       633.20859     0.088545445      0.088545445        809.6962                 21.156997                         391.1633                           220.8883             165.38343                       11.104185
              1       403.33078       68.550919       3.1669049      0.97208782     0.022608536      0.11701052     0.051995908       1.0696482       1.0040811       2.3733911   2.3733911e-09       2.4066447       0.2459846      0.24731673       13.765875       2.1389776      0.70144022      0.29848287      0.14026392       147.62024       1.0297854      0.84873419      0.63020698      0.46581456      0.85261575       1.0408827       7.3491598       1.0696482       11.104185       632.77693     0.088545445      0.088545445       806.48446                 21.960564                        390.86314                          219.95323             162.60335                       11.104185
              2       404.98568       68.477635       3.1654375      0.97219979     0.022570459      0.11700071     0.050002345       1.0700695       1.0054258       2.3699111   2.3699111e-09       2.4133213      0.24596831      0.24730038       13.773684       2.1443742      0.70090297      0.29901996      0.14021604       147.66539       1.0296444      0.84953774      0.63006693       0.4659204      0.85204324        1.040752       7.1518435       1.0700695       11.367647       634.15168     0.088545445      0.088545445       809.79427                 21.979723                        391.60305                           220.5689             164.27495                       11.367647
              1       404.16217       68.187962       3.1534251      0.97178533     0.022462717      0.11760917     0.053433017       1.0598445       1.0035058        2.341613    2.341613e-09        2.432361      0.24592211      0.24725401       13.785695       2.1042813      0.69727945      0.30264282      0.14071675       147.62298       1.0288614      0.85632563      0.63014911      0.46738624      0.84959263       1.0408164       7.5358365       1.0598445       13.395054       631.42765     0.088545445      0.088545445       808.14725                 22.057247                        390.41165                          218.95876             163.32454                       13.395054
              3       406.44189       68.150781       3.1539417      0.97161091     0.022472279      0.11762545     0.056864034       1.0559737       1.0069728       2.3428229   2.3428229e-09       2.4306623      0.24592621      0.24725813       13.788296       2.0909709      0.69689341      0.30302878      0.14074259       147.60794       1.0292232      0.85737602      0.63039962      0.46772104      0.84965961       1.0406986       7.8792055       1.0559737       13.888898       631.88089     0.088545445      0.088545445       812.70669                 22.235587                        390.08154                          219.56377              166.9369                       13.888898
              1       405.84281       68.201502       3.1549568       0.9716941     0.022484583      0.11757083     0.056355429       1.0564078       1.0008105       2.3452023   2.3452023e-09       2.4284789      0.24593149      0.24726342       13.784942       2.0952247      0.69743506      0.30248725      0.14070028       147.60875       1.0291561      0.85625958      0.63031113      0.46744632      0.84992031       1.0407599       7.8248897       1.0564078       13.393721       634.00864     0.088545445      0.088545445       811.50854                 22.296415                        390.08266                          221.62956             164.10618                       13.393721
              2       403.99122       68.201502       3.0932395      0.97416609     0.022484583      0.11757083     0.056355429       1.0249588       1.0008322       2.2048389   2.2048389e-09       2.4284789      0.24593149      0.24726342       13.784942       1.9698228      0.69743506      0.30248725      0.14070028       147.60875      0.99882356      0.83102289      0.61173386      0.45366919      0.82487045       1.0407599       7.8248897       1.0249588       13.393721       632.58529     0.088545445      0.088545445       807.80534                 21.792941                        390.14961                          220.64275             161.82633                       13.393721
              2       404.24853       67.943643       3.0817442      0.97344773     0.022410452       0.1182922     0.059415197       1.0160578       1.0039241       2.1796386   2.1796386e-09        2.441678      0.24589973      0.24723155       13.790187       1.9354283      0.69373205      0.30618966      0.14134752       147.49915      0.99838117      0.83821059      0.61216491      0.45537173      0.82294498       1.0409488       8.1581658       1.0160578       16.510716       632.01859     0.088545445      0.088545445       808.31997                 21.884941                        390.37467                          219.75899             159.79066                       16.510716
              2       405.13084       68.004358       3.0830415      0.97373377     0.022414467      0.11814583     0.061362401       1.0163371       1.0027929       2.1824682   2.1824682e-09       2.4409605      0.24590145      0.24723327        13.78867       1.9304085       0.6945865      0.30533535      0.14120517       147.53365      0.99806479      0.83621385      0.61181677      0.45479497      0.82305168       1.0409642       8.3456746       1.0163371       15.563932       634.01128     0.088545445      0.088545445        810.0846                 21.729151                        390.77867                          221.50346             160.50938                       15.563932
              1       404.30143       68.751191       3.1008743      0.97754323     0.022424673      0.11616259     0.059882198       1.0275314       1.0031144       2.2217368   2.2217368e-09       2.4391377      0.24590581      0.24723766       13.776467       1.9709681      0.70535998      0.29456356      0.13923213       148.05437      0.99438117      0.81104508      0.60741814      0.44748915      0.82450445       1.0410353       8.1639972       1.0275314       10.389733       635.29161     0.088545445      0.088545445       808.42576                 21.289692                        390.37742                          223.62449             162.74443                       10.389733
              1       403.54183       68.747572       3.1076716      0.97679731     0.022508726      0.11611226     0.053106346       1.0386697       1.0026047         2.23689     2.23689e-09       2.4242034      0.24594184      0.24727382       13.775859       2.0114862      0.70525761      0.29466592      0.13926586       147.97348      0.99653696      0.81303621      0.60877186      0.44852541      0.82627021       1.0407555       7.4692061       1.0386697       10.373345       633.19724     0.088545445      0.088545445       806.90657                 21.201296                        390.77854                          221.21741             163.33598                       10.373345
              1       402.21728       69.112664       3.1195712      0.97647934     0.022700613      0.11583397     0.058755905       1.0387099       1.0031621       2.2636671   2.2636671e-09       2.3906097       0.2460238      0.24735608       13.745959       2.0126943      0.70854428      0.29138007      0.13917944       147.83353      0.99773439      0.80797604       0.6094088      0.44773771      0.82945678        1.041047       7.9847785       1.0387099       11.070195       633.95876     0.088545445      0.088545445       804.25747                 21.478872                        390.19094                          222.28895             159.22852                       11.070195
             21       403.34591       69.112664       3.1239846      0.97776974     0.022700613      0.11583397     0.058755905       1.0398285        1.003271       2.2736796   2.2736796e-09       2.3906097       0.2460238      0.24735608       13.745959       2.0215968      0.70854428      0.29138007      0.13917944       147.83353       1.0004359      0.81016371      0.61105883      0.44895001      0.83170261        1.041047       7.9847785       1.0398285       11.070195       635.85324     0.088545445      0.088545445       806.51472                 21.406113                        390.20689                          224.24024             159.59129                       11.070195
              1       401.97502       69.011499       3.1203677      0.97775592      0.02265447      0.11596673     0.058240856       1.0391733       1.0015431       2.2654709   2.2654709e-09       2.3986257       0.2460042       0.2473364       13.752506       2.0163742      0.70750728      0.29241684      0.13926606       147.84941        1.000161      0.81193951      0.61098599      0.44929527      0.83086537       1.0410088       7.9470134       1.0391733       10.734269       633.69998     0.088545445      0.088545445       803.77294                 21.303256                         390.1741                          222.22262             159.33869                       10.734269
              4       402.35128       68.994029       3.1202178      0.97771292      0.02265386      0.11597933     0.059782628       1.0377652       1.0000245       2.2651313   2.2651313e-09       2.3987319      0.24600394      0.24733614       13.753719       2.0098648      0.70733395      0.29259013      0.13927806        147.8467       1.0002155      0.81231399      0.61103245      0.44939599      0.83080548       1.0409722       8.0977596       1.0377652       10.677751       633.46106     0.088545445      0.088545445       804.52546                 21.314671                        390.33891                          221.80748             160.38665                       10.677751
              1         402.824        69.16795       3.1240905      0.97771644     0.022720205      0.11588224     0.058960271       1.0421089       1.0029763       2.2739203   2.2739203e-09       2.3872182       0.2460321       0.2473644       13.739224       2.0209846      0.70886815      0.29105632      0.13924732       147.79862       1.0003558      0.80961237      0.61108439      0.44884403       0.8319686       1.0412128       8.0014151       1.0421089       11.262477       635.45179     0.088545445      0.088545445       805.47092                 21.191322                        390.24573                          224.01474             158.75665                       11.262477
              3       404.04647       69.165161       3.1240153      0.97770326     0.022720017      0.11588971      0.05894255       1.0421316       1.0056794       2.2737494   2.2737494e-09       2.3872506      0.24603202      0.24736432        13.73927       2.0209043      0.70882946        0.291095      0.13925459       147.79682       1.0003683      0.80970298          0.6111       0.4488704       0.8319622       1.0412131       7.9998582       1.0421316       11.245194       635.56277     0.088545445      0.088545445       807.91585                 21.187907                        390.23833                          224.13653             161.10789                       11.245194
              5       404.08625       69.165161       3.1195934      0.97458968     0.022720017      0.11588971      0.05894255       1.0375665       1.0056391       2.2637174   2.2637174e-09       2.3872506      0.24603202      0.24736432        13.73927       2.0119879      0.70882946        0.291095      0.13925459       147.79682      0.99696168      0.80694569      0.60901901      0.44734186      0.82912911       1.0412131       7.9998582       1.0375665       11.245194       636.34309     0.088545445      0.088545445       807.99541                 21.892207                        390.15396                          224.29693             160.40713                       11.245194
              7       403.39443       69.165161       3.0998217      0.97668112     0.022720017      0.11588971      0.05894255       1.0275543        1.003455       2.2193995   2.2193995e-09       2.3872506      0.24603202      0.24736432        13.73927       1.9725982      0.70882946        0.291095      0.13925459       147.79682      0.98795038      0.79965189      0.60351423      0.44329844       0.8216348       1.0412131       7.9998582       1.0275543       11.245194       635.39457     0.088545445      0.088545445       806.61177                 21.536882                        390.19525                          223.66244             159.97201                       11.245194
              1       403.08749       69.053441       3.0951738      0.97614421     0.022701365       0.1162799     0.055482373       1.0290074       1.0052413       2.2091077   2.2091077e-09       2.3904793      0.24602412       0.2473564       13.738933       1.9770858      0.70710738      0.29281684      0.13962613       147.71268      0.98822672      0.80348277       0.6040853       0.4443726      0.82120059       1.0413508       7.6700777       1.0290074       10.682832        634.6913     0.088545445      0.088545445        805.9979                 21.464391                        390.22897                          222.99794             160.62376                       10.682832
              2        402.3682       69.053441       3.1908169      0.97684067     0.022701365       0.1162799     0.055482373        1.078929       1.0027527       2.4308277   2.4308277e-09       2.3904793      0.24602412       0.2473564       13.738933       2.1755186      0.70710738      0.29281684      0.13962613       147.71268       1.0369117      0.84306635      0.63384556      0.46626462      0.86165705       1.0413508       7.6700777        1.078929       10.682832       633.96685     0.088545445      0.088545445       804.55931                 21.410297                        390.24216                           222.3144             159.90962                       10.682832
              1       405.59797       69.053441       3.1627058       0.9796092     0.022701365       0.1162799     0.055482373       1.0639622        1.009615       2.3634461   2.3634461e-09       2.3904793      0.24602412       0.2473564       13.738933        2.115214      0.70710738      0.29281684      0.13962613       147.71268       1.0235317      0.83218764      0.62566659      0.46024807      0.85053845       1.0413508       7.6700777       1.0639622       10.682832       634.28168     0.088545445      0.088545445       811.01886                 21.027678                        390.30608                          222.94792             166.05434                       10.682832
              1       401.98465       68.889155       3.1578101      0.97901373     0.022673386      0.11667296      0.05361551        1.062939      0.99968994       2.3519035   2.3519035e-09       2.3953348      0.24601225      0.24734448       13.743431       2.1127576      0.70493944      0.29498441      0.13999121       147.63835       1.0239636      0.83708584       0.6263394       0.4615933      0.84988461       1.0413583       7.4954265        1.062939       10.351062       634.48805     0.088545445      0.088545445       803.79221                 21.060813                        390.68478                          222.74245              158.9531                       10.351062
              1       401.71228       68.638017       3.1482934       0.9799198        0.022495      0.11664826     0.060923515       1.0511662       1.0028279       2.3296273   2.3296273e-09       2.4266329      0.24593596      0.24726791       13.771205       2.0623813       0.7032074      0.29671589      0.13978812       147.84448       1.0218262      0.83821802      0.62480514      0.46113682      0.84656322       1.0410431       8.2574714       1.0511662       10.431154       634.09371     0.088545445      0.088545445       803.24747                  20.95652                        390.56911                          222.56808              158.7226                       10.431154
              3       402.57855       68.638017       3.0946243      0.97548348        0.022495      0.11664826     0.060923515       1.0224012       1.0036259       2.2078943   2.2078943e-09       2.4266329      0.24593596      0.24726791       13.771205        1.954613       0.7032074      0.29671589      0.13978812       147.84448       0.9930786      0.81463598      0.60722717      0.44816341       0.8227464       1.0410431       8.2574714       1.0224012       10.431154       633.87895     0.088545445      0.088545445       804.98002                 21.672784                        390.54955                          221.65662             160.66991                       10.431154
              1       402.25186       68.638017       3.1342213       0.9766786        0.022495      0.11664826     0.060923515       1.0431389       1.0060634       2.2970741   2.2970741e-09       2.4266329      0.24593596      0.24726791       13.771205       2.0335625       0.7032074      0.29671589      0.13978812       147.84448       1.0134002      0.83130607        0.619653      0.45733428      0.83958245       1.0410431       8.2574714       1.0431389       10.431154       633.23583     0.088545445      0.088545445       804.32664                 21.458772                        390.55705                          221.22001             160.65966                       10.431154
              2       401.93183         68.7112       3.1351835      0.97705484     0.022493826       0.1164909     0.062884244       1.0421772        1.004439       2.2992854   2.2992854e-09       2.4268408      0.24593545       0.2472674       13.769075       2.0275535      0.70417505      0.29574841      0.13962959        147.8883       1.0128506      0.82885812      0.61914127      0.45658365      0.83957433       1.0410941       8.4445943       1.0421772        10.33653       633.83562     0.088545445      0.088545445       803.68656                 21.412793                        391.04413                          221.37869             159.51441                        10.33653
             10       403.73143         68.8639       3.1381331      0.97736154     0.022523846      0.11631209     0.059276919       1.0460189       1.0050813       2.3060775   2.3060775e-09       2.4215315      0.24594833      0.24728033       13.759649       2.0482672       0.7057993       0.2941245       0.1394808       147.90285       1.0125765       0.8254535      0.61880877      0.45571074      0.84027929       1.0412778       8.0847484       1.0460189       10.456494       637.08954     0.088545445      0.088545445       807.28577                 21.462192                        390.27092                          225.35643             159.73973                       10.456494
              8       403.41942       68.834541       3.1379362       0.9773378     0.022516802      0.11631408     0.059382478       1.0460129       1.0054969       2.3056233   2.3056233e-09       2.4227757      0.24594531      0.24727729       13.762384       2.0474316      0.70555895      0.29436478      0.13947574       147.91009       1.0126579      0.82595064      0.61885289      0.45583628      0.84016766       1.0412109       8.0966102       1.0460129       10.412319       636.27524     0.088545445      0.088545445       806.66174                 21.442374                        390.29126                           224.5416             159.97418                       10.412319
              1       401.58599       68.545322       3.1317184      0.97528373     0.022557333      0.11727826     0.057685814       1.0434119       1.0044578       2.2913319   2.2913319e-09       2.4156292      0.24596269      0.24729474       13.760445       2.0416568       0.7009306      0.29899248      0.14048046       147.60572       1.0150086      0.83780653       0.6214035      0.45950343      0.84034694       1.0412836       7.9369046       1.0434119       10.992431       634.26968     0.088545445      0.088545445       802.99488                 21.734129                        390.09845                          222.43711             157.73276                       10.992431
              1       403.57538       68.726581       3.1368811      0.97562929     0.022601916      0.11698896     0.052118961       1.0543871       1.0067252        2.303192    2.303192e-09       2.4078035      0.24598177      0.24731389       13.751101       2.0752011      0.70302415      0.29689934      0.14023574       147.63358       1.0150275      0.83364154      0.62114426      0.45850575      0.84147297        1.041398       7.3638327       1.0543871       10.428062       635.17163     0.088545445      0.088545445       806.97367                 21.355826                        391.04097                          222.77483             161.37397                       10.428062
              1       402.66147         69.0078       3.1463665      0.97561864     0.022735443      0.11666377     0.057852729       1.0533768       1.0029956       2.3251427   2.3251427e-09       2.3845854      0.24603853      0.24737086       13.731529       2.0710919      0.70584215      0.29408196      0.14004408       147.57165       1.0157337      0.82878403      0.62136395      0.45757591      0.84377948       1.0415408       7.9034606       1.0533768       10.435478        635.9197     0.088545445      0.088545445       805.14585                 21.553767                        390.14078                          224.22515             158.79067                       10.435478
              2       401.38803        68.99212       3.1481592      0.97619373     0.022704416      0.11632733     0.063820649       1.0478515        1.003261       2.3293148   2.3293148e-09       2.3899508      0.24602542      0.24735769       13.742957       2.0501908      0.70648044      0.29344364      0.13967661       147.69654       1.0152689      0.82669235      0.62067177      0.45681796      0.84329752       1.0412127       8.4807127       1.0478515       10.510035       634.68975     0.088545445      0.088545445       802.59898                 21.654816                        391.24754                           221.7874             157.39919                       10.510035
              4       401.34121       68.797694       3.1434379      0.97525473     0.022698668      0.11682548     0.065381481       1.0432759       1.0030984       2.3183433   2.3183433e-09       2.3909467      0.24602298      0.24735525       13.746643       2.0341741      0.70377875       0.2961449      0.14016901       147.56928       1.0161856      0.83311448      0.62177899      0.45868243       0.8428688       1.0411859       8.6391792       1.0432759         10.4387       635.20273     0.088545445      0.088545445       802.50533                 21.838277                        391.84887                          221.51558              156.8639                         10.4387
              4       403.85314       68.756424       3.1408701      0.97567317     0.022642723      0.11676776     0.065579139       1.0417142       1.0081458       2.3123979   2.3123979e-09       2.4006727       0.2459992      0.24733138       13.753398       2.0281555      0.70366347      0.29626008      0.14005535       147.64714       1.0153487      0.83246991      0.62114091      0.45825627      0.84192198        1.041145       8.6704366       1.0417142       10.430937       634.54941     0.088545445      0.088545445       807.52918                 21.768402                        391.92214                          220.85888             162.54883                       10.430937
              7       401.73803       68.526375       3.1391764      0.97477814     0.022630011      0.11708199     0.057484343       1.0498737       1.0035614       2.3084847   2.3084847e-09       2.4028908      0.24599377      0.24732594       13.765505       2.0577695      0.70102839      0.29889465      0.14035687       147.57714       1.0169758      0.83906712      0.62247088      0.46025506      0.84185928       1.0408315        7.896392       1.0498737       11.349523       632.63206     0.088545445      0.088545445       803.29897                 21.577716                        390.14137                          220.91297             159.31739                       11.349523
              3       401.56908       68.526375       3.1149147      0.97789891     0.022630011      0.11708199     0.057484343       1.0368696        1.000526       2.2531508   2.2531508e-09       2.4028908      0.24599377      0.24732594       13.765505       2.0084452      0.70102839      0.29889465      0.14035687       147.57714       1.0059158       0.8299419      0.61570124      0.45524959       0.8327037       1.0408315        7.896392       1.0368696       11.349523        633.2453     0.088545445      0.088545445       802.96107                 21.163855                        390.21252                          221.86892             158.36624                       11.349523
              7       402.36409       68.526375       3.0895655      0.97624858     0.022630011      0.11708199     0.057484343       1.0239731       1.0044013       2.1967532   2.1967532e-09       2.4028908      0.24599377      0.24732594       13.765505       1.9581727      0.70102839      0.29889465      0.14035687       147.57714      0.99261848      0.81897083      0.60756224      0.44923161      0.82169613       1.0408315        7.896392       1.0239731       11.349523       633.10823     0.088545445      0.088545445       804.55108                 21.376055                        390.19977                           221.5324             160.09333                       11.349523
             13       401.84935       68.526375       3.1615058       0.9743701     0.022630011      0.11708199     0.057484343       1.0614279       1.0016356       2.3606116   2.3606116e-09       2.4028908      0.24599377      0.24732594       13.765505       2.1042351      0.70102839      0.29889465      0.14035687       147.57714        1.028233      0.84835501      0.62936121      0.46534977      0.85117809       1.0408315        7.896392       1.0614279       11.349523       632.16763     0.088545445      0.088545445        803.5216                 21.665778                        390.11662                          220.38523             160.00445                       11.349523
              2       402.46551       69.057342         3.17573      0.97604268     0.022728968      0.11599571     0.061976924       1.0647676       1.0013795       2.3944292   2.3944292e-09       2.3857036       0.2460358      0.24736812        13.74562       2.1152881      0.70767849      0.29224573      0.13936955       147.75829       1.0269051      0.83348826      0.62744015       0.4613275      0.85336586       1.0409855        8.292432       1.0647676        10.73482       634.07008     0.088545445      0.088545445       804.75394                 21.620934                        390.73309                          221.71606             159.94904                        10.73482
              3       403.59678       68.846393       3.1704713      0.97576427     0.022663603      0.11625347     0.060810895       1.0617932       1.0008585       2.3818709   2.3818709e-09       2.3970359      0.24600809       0.2473403       13.758969       2.1091066      0.70547846      0.29444529      0.13956194       147.76195       1.0270167      0.83794042      0.62772478      0.46240277      0.85215406       1.0408055       8.1996104       1.0617932       10.401272       634.64035     0.088545445      0.088545445       807.01646                  21.72687                        390.46423                          222.44925             161.97484                       10.401272
              2       403.95812       68.840924        3.169702      0.97585801     0.022652945      0.11625078     0.062618976       1.0592242       1.0032306       2.3800392   2.3800392e-09       2.3988912      0.24600355      0.24733575       13.759819       2.0998775      0.70545982      0.29446392       0.1395486       147.77459       1.0267534      0.83774002      0.62754884      0.46228048      0.85190175       1.0408137       8.3761266       1.0592242       10.397996       635.81612     0.088545445      0.088545445       807.73915                 21.785093                        390.89598                          223.13505             161.52504                       10.397996
              2       407.43348       68.408872        3.155334      0.97533478     0.022501692      0.11694012     0.065338292       1.0520138       1.0018288       2.3460872   2.3460872e-09       2.4254479      0.24593883      0.24727079       13.783339       2.0586951      0.70057779      0.29934499      0.14008668       147.75856       1.0261847      0.84708584      0.62780498      0.46437385      0.84875386       1.0406586       8.6847291       1.0520138       11.477307       637.23236     0.088545445      0.088545445       814.68987                 21.475736                        391.94953                           223.8071             165.98021                       11.477307
              8       407.95596       68.408872       3.0762277      0.97389658     0.022501692      0.11694012     0.065338292       1.0106029       1.0054453       2.1676478   2.1676478e-09       2.4254479      0.24593883      0.24727079       13.783339       1.9021143      0.70057779      0.29934499      0.14008668       147.75856      0.98584624      0.81378758      0.60312648      0.44611969      0.81539003       1.0406586       8.6847291       1.0106029       11.477307       635.31807     0.088545445      0.088545445       815.73483                 21.768368                        391.95178                          221.59792             168.93946                       11.477307
              5       405.53719       68.438805         3.07738      0.97373787     0.022527271      0.11696175     0.064866169       1.0111278       1.0032984       2.1701471   2.1701471e-09       2.4209268       0.2459498       0.2472818       13.779384       1.9061064      0.70073887      0.29918398      0.14013389       147.72417      0.98614878      0.81382124      0.60336239      0.44623416      0.81581869       1.0407053       8.6339667       1.0111278       11.407492       634.28064     0.088545445      0.088545445        810.8973                 21.848572                        391.79156                          220.64051             165.20916                       11.407492
              2       405.53039       68.502264       3.0787256      0.97391592     0.022539146      0.11685854     0.065705062       1.0085958       1.0038226       2.1730691   2.1730691e-09       2.4188322      0.24595489      0.24728691       13.776258       1.9054732      0.70148771      0.29843527      0.14004255       147.73854      0.98596421      0.81221241      0.60315114      0.44579859      0.81604407       1.0407528       8.7089035       1.0085958       11.067768       636.35668     0.088545445      0.088545445       810.88369                   22.1443                        392.13717                          222.07521             163.45924                       11.067768
              5       404.78651       68.139789       3.0645546      0.97195367     0.022511216      0.11815276     0.064852967       1.0011775       1.0021302       2.1424917   2.1424917e-09       2.4237632      0.24594291      0.24727489       13.773791       1.8818655      0.69557604      0.30434612      0.14130884       147.42366      0.98693595      0.82529883      0.60510578      0.44944158      0.81468433       1.0411268       8.6595297       1.0011775       14.653277       635.18652     0.088545445      0.088545445       809.39593                 22.460083                        391.90023                          220.82621             159.55614                       14.653277
              1       406.13945       68.166998       3.0650514      0.97202179     0.022516023      0.11811639     0.064782488       1.0037185       1.0012823       2.1435565   2.1435565e-09       2.4229134      0.24594497      0.24727696       13.772235       1.8830661      0.69588694      0.30403529      0.14127728       147.42801      0.98686448      0.82464508      0.60502818      0.44926915      0.81478796       1.0411569        8.650989       1.0037185       14.334537       636.69094     0.088545445      0.088545445       812.10181                 22.168718                        391.85093                          222.67129             161.07634                       14.334537
              1       404.12577       68.166998       3.0978584      0.97028109     0.022516023      0.11811639     0.064782488       1.0186526       1.0013283       2.2150462   2.2150462e-09       2.4229134      0.24594497      0.24727696       13.772235       1.9458683      0.69588694      0.30403529      0.14127728       147.42801       1.0025205       0.8377276       0.6146266      0.45639655       0.8277141       1.0411569        8.650989       1.0186526       14.334537       634.58339     0.088545445      0.088545445       808.07445                 22.714072                         391.8622                          220.00712             159.15652                       14.334537
              4       406.31954       68.047413       3.0967232        0.968376     0.022618211         0.11886     0.063003428       1.0185812       1.0031197       2.2125331   2.2125331e-09       2.4049524      0.24598874      0.24732088       13.759839       1.9505887      0.69299052      0.30693144      0.14212308       147.11691       1.0049357       0.8461984      0.61702738      0.45926651      0.82898008        1.041324       8.4691281       1.0185812       17.559054       637.25626     0.088545445      0.088545445       812.46199                 23.150683                        391.28027                          222.82531             157.64667                       17.559054
              8       405.57769       68.133211       3.0990234      0.96864244     0.022632248      0.11868828     0.061653012       1.0212264       1.0030859       2.2176283   2.2176283e-09       2.4025003      0.24599473       0.2473269       13.756509       1.9603681      0.69410292      0.30581923       0.1419654       147.14683          1.0048      0.84385578      0.61677285      0.45866061      0.82939049       1.0413623       8.3322729       1.0212264        16.24234       636.94836     0.088545445      0.088545445       810.97828                 23.064535                        390.81223                           223.0716             157.78758                        16.24234
              3       404.09575       68.771964       3.1219932      0.97199776     0.022679367      0.11655056     0.064111478       1.0323814       1.0025209       2.2691563   2.2691563e-09       2.3942956      0.24601479      0.24734703       13.756969       1.9960797      0.70417915      0.29574444      0.13987479       147.66454       1.0028159      0.82099917      0.61327613      0.45225691      0.83162381       1.0408641        8.517786       1.0323814        10.46362       637.63977     0.088545445      0.088545445       808.01441                 22.526298                        391.43139                          223.68208             159.91102                        10.46362
              2       403.60916       68.771964       3.1545442      0.97274312     0.022679367      0.11655056     0.064111478       1.0494179       1.0022203        2.344235    2.344235e-09       2.3942956      0.24601479      0.24734703       13.756969       2.0621233      0.70417915      0.29574444      0.13987479       147.66454       1.0195619      0.83470906      0.62351725      0.45980916      0.84551112       1.0408641        8.517786       1.0494179        10.46362       636.62996     0.088545445      0.088545445       807.04122                 22.373226                        391.42354                           222.8332             159.94764                        10.46362
              1       403.46287       68.771964       3.1366243      0.98065698     0.022679367      0.11655056     0.064111478       1.0408371       1.0043037       2.3026006   2.3026006e-09       2.3942956      0.24601479      0.24734703       13.756969       2.0254993      0.70417915      0.29574444      0.13987479       147.66454       1.0135436      0.82978187       0.6198367      0.45709496      0.84052016       1.0408641        8.517786       1.0408371        10.46362       635.50849     0.088545445      0.088545445       806.74865                 21.041138                        391.31877                          223.14858             160.77654                        10.46362
              1       403.94634       68.584616       3.1278267      0.98091205     0.022562267      0.11679313     0.063745228       1.0366245       1.0003044       2.2824322   2.2824322e-09       2.4147612       0.2459648      0.24729686       13.770115       2.0092292      0.70229405      0.29762913      0.14000026       147.73024       1.0122887      0.83237018      0.61920808      0.45735715       0.8383353       1.0408684       8.5156393       1.0366245       10.755897       635.45035     0.088545445      0.088545445       807.71558                 20.958146                        391.29233                          223.19987             161.50934                       10.755897
              4       402.66513       68.783124       3.1296836      0.98122319     0.022591012      0.11670405     0.053369409       1.0482517       1.0015971       2.2866743   2.2866743e-09       2.4097142      0.24597711      0.24730921       13.754198       2.0551722      0.70413745      0.29578617      0.13993993       147.72203       1.0118092      0.82853438      0.61884808      0.45638201      0.83914997       1.0412882       7.4885332       1.0482517       10.341216       635.96786     0.088545445      0.088545445       805.15318                  20.78414                        390.86961                          224.31411              158.8441                       10.341216
              2        403.3195       68.783124       3.1828181      0.97893818     0.022591012      0.11670405     0.053369409       1.0758182        1.002424       2.4114615   2.4114615e-09       2.4097142      0.24597711      0.24730921       13.754198       2.1673261      0.70413745      0.29578617      0.13993993       147.72203       1.0381367      0.85009299      0.63495062      0.46825715      0.86098481       1.0412882       7.4885332       1.0758182       10.341216       635.38176     0.088545445      0.088545445       806.46191                 21.109474                        390.73124                          223.54105             160.73894                       10.341216
              5       403.33633       68.828925       3.1835148       0.9791916     0.022587358       0.1165958     0.052667847       1.0774809       1.0008876       2.4131421   2.4131421e-09       2.4103549      0.24597554      0.24730764       13.753216       2.1718818      0.70476729      0.29515643      0.13982803       147.75519       1.0378106      0.84847973      0.63462422      0.46776713      0.86100085       1.0413172        7.416581       1.0774809       10.339403       635.09538     0.088545445      0.088545445       806.49557                 21.030642                        390.95599                          223.10875             161.06079                       10.339403
              4       403.56229       68.820782       3.1827529      0.97956633     0.022552924      0.11648217      0.05252523       1.0775131       1.0010812       2.4113042   2.4113042e-09       2.4164051       0.2459608      0.24729284       13.757995       2.1708468      0.70501004      0.29491366      0.13967996       147.82427       1.0372299      0.84732709      0.63410115      0.46728546      0.86046819       1.0412589       7.4075221       1.0775131        10.35275        635.2948     0.088545445      0.088545445        806.9475                 20.960638                        391.03195                          223.30221             161.29995                        10.35275
              3       402.66285       68.820782       3.1788133      0.97729904     0.022552924      0.11648217      0.05252523       1.0768989       1.0033244       2.4018234   2.4018234e-09       2.4164051       0.2459608      0.24729284       13.757995       2.1623114      0.70501004      0.29491366      0.13967996       147.82427       1.0342862      0.84492236      0.63230156      0.46595929      0.85802617       1.0412589       7.4075221       1.0768989        10.35275       634.32133     0.088545445      0.088545445       805.14861                 21.118642                        390.97717                          222.22552             160.47453                        10.35275
              3       401.71868       68.820782        3.163065      0.97688583     0.022552924      0.11648217      0.05252523       1.0674388       1.0031869       2.3642951   2.3642951e-09       2.4164051       0.2459608      0.24729284       13.757995       2.1285255      0.70501004      0.29491366      0.13967996       147.82427       1.0260111      0.83816231      0.62724265      0.46223125      0.85116128       1.0412589       7.4075221       1.0674388        10.35275       634.01873     0.088545445      0.088545445       803.26027                 21.264334                        390.94756                          221.80684             158.88878                        10.35275
              2       402.25264       68.647448       3.1613969      0.97482209     0.022654846      0.11727865      0.05551556       1.0613599      0.99962253       2.3603546   2.3603546e-09       2.3985603      0.24600436      0.24733656       13.748737        2.112307      0.70161203      0.29831128      0.14057836       147.49686       1.0287664      0.84805215      0.62993596      0.46554731      0.85237162       1.0413373       7.6995855       1.0613599       10.840394       634.17813     0.088545445      0.088545445       804.32819                 21.774354                        390.18418                           222.2196             159.30967                       10.840394
              8       405.58375       68.647448       3.1283431      0.97877985     0.022654846      0.11727865      0.05551556       1.0427686       1.0048694       2.2836112   2.2836112e-09       2.3985603      0.24600436      0.24733656       13.748737       2.0436285      0.70161203      0.29831128      0.14057836       147.49686       1.0134435       0.8354209      0.62055343      0.45861325      0.83967604       1.0413373       7.6995855       1.0427686       10.840394       639.01365     0.088545445      0.088545445        810.9904                 21.303097                        390.30728                          227.40327             161.13636                       10.840394
              4        401.9445        68.74152       3.1304082      0.97934257     0.022645913      0.11700864     0.052510985       1.0503407       1.0048815       2.2883319   2.2883319e-09       2.4001165      0.24600056      0.24733274       13.748041       2.0601961      0.70301846      0.29690506      0.14029942       147.57904       1.0128815       0.8319839      0.61990139      0.45759051      0.83978519       1.0413506       7.3946637       1.0503407       10.471543       635.99476     0.088545445      0.088545445        803.7119                 20.907043                        391.06079                          224.02693             157.24559                       10.471543
              2       402.75962       68.558826        3.122367      0.97884627     0.022590814       0.1175117     0.052658125       1.0450646       1.0051961       2.2700048   2.2700048e-09       2.4097489      0.24597702      0.24730913       13.751961       2.0430948      0.70048052       0.2994426      0.14074738       147.50595       1.0126368      0.83706364      0.62024573      0.45881983      0.83846586       1.0414869       7.4293019       1.0450646       11.096578       636.32775     0.088545445      0.088545445       805.34216                   20.9944                        390.92867                          224.40468             157.91783                       11.096578
              2       404.46175       68.558826       3.1213643      0.97896108     0.022590814       0.1175117     0.052658125       1.0434353       1.0074521       2.2677297   2.2677297e-09       2.4097489      0.24597702      0.24730913       13.751961       2.0410471      0.70048052       0.2994426      0.14074738       147.50595       1.0121739      0.83668098      0.61996218      0.45861008      0.83808256       1.0414869       7.4293019       1.0434353       11.096578       636.31034     0.088545445      0.088545445       808.74642                 21.075229                        390.87129                          224.36382              161.3395                       11.096578
              2        406.1131       68.417725       3.1171278      0.97847828     0.022564162      0.11772377     0.053029584       1.0404957       1.0093567       2.2581429   2.2581429e-09       2.4144281      0.24596561      0.24729767       13.759393       2.0309092      0.69884771      0.30107509       0.1409328       147.47903       1.0118163      0.83962275      0.61994719      0.45922275      0.83692394        1.041362        7.475809       1.0404957       11.971602       635.93548     0.088545445      0.088545445       812.04911                 21.143724                        390.78267                          224.00909             164.14203                       11.971602
              1       403.54296       68.569329       3.1235134      0.97919357       0.0225942      0.11722636     0.052100938       1.0460992       1.0077756       2.2726085   2.2726085e-09       2.4091554      0.24597847      0.24731058       13.758731       2.0477188      0.70117195      0.29875119      0.14046543       147.57845       1.0116844      0.83460227      0.61935183      0.45789388      0.83774147        1.041205       7.3668435       1.0460992       10.994278       635.06946     0.088545445      0.088545445       806.90883                 20.970844                        391.20654                          222.89207             160.84509                       10.994278
              5       402.63635       68.569329       3.0904258      0.97792362       0.0225942      0.11722636     0.052100938       1.0289038      0.99961307       2.1986437   2.1986437e-09       2.4091554      0.24597847      0.24731058       13.758731       1.9810734      0.70117195      0.29875119      0.14046543       147.57845      0.99459977      0.82050807      0.60889263      0.45016127      0.82359425        1.041205       7.3668435       1.0289038       10.994278       634.64742     0.088545445      0.088545445       805.09562                  21.13175                        391.09746                           222.4182             159.45392                       10.994278
              3       402.92008       68.569329       3.1284774      0.98186962       0.0225942      0.11722636     0.052100938       1.0494271       1.0025441       2.2839178   2.2839178e-09       2.4091554      0.24597847      0.24731058       13.758731        2.057909      0.70117195      0.29875119      0.14046543       147.57845       1.0152425      0.83753759      0.62153011       0.4595043      0.84068783        1.041205       7.3668435       1.0494271       10.994278       637.64541     0.088545445      0.088545445       805.66306                 20.622867                        391.28718                          225.73536             157.02338                       10.994278
             16       404.34767       68.423568       3.1248651      0.98103138     0.022621225      0.11759906     0.049424003       1.0493741       1.0023234       2.2756825   2.2756825e-09       2.4044255      0.24599002      0.24732217       13.760721       2.0614962      0.69904363      0.30087918      0.14086515       147.44872       1.0155465      0.84226058      0.62215803      0.46078544      0.84004524       1.0411003       7.0909957       1.0493741       12.201192       638.64086     0.088545445      0.088545445       808.51824                 20.716299                         392.4919                          225.43266             157.67619                       12.201192
              1       403.65109       68.423568       3.1248449       0.9702621     0.022621225      0.11759906     0.049424003       1.0496767       1.0004587       2.2756366   2.2756366e-09       2.4044255      0.24599002      0.24732217       13.760721       2.0614546      0.69904363      0.30087918      0.14086515       147.44872       1.0113561      0.83878522      0.61959086      0.45888413      0.83657902       1.0411003       7.0909957       1.0496767       12.201192       635.31801     0.088545445      0.088545445        807.1251                 22.196276                        391.88422                          221.23751              159.6059                       12.201192
              4       405.22202        68.48149       3.1284865      0.96923511     0.022738936      0.11763083     0.057839539       1.0401062       1.0003061       2.2839385   2.2839385e-09       2.3839825      0.24604001      0.24737234       13.751517       2.0344434      0.69923378      0.30068916      0.14101463       147.30936       1.0117714       0.8390075      0.62000961      0.45912175      0.83727665       1.0410039       7.9163806       1.0401062       12.426052       639.74421     0.088545445      0.088545445       810.26696                 23.010333                        390.06071                          226.67316              158.0967                       12.426052
              1       403.37526       68.486099       3.1286359      0.96946446     0.022718602      0.11752704     0.057810303       1.0419985       1.0001694       2.2842797   2.2842797e-09       2.3874953      0.24603142      0.24736372       13.754492       2.0348664      0.69953888      0.30038407      0.14089051       147.35961       1.0115043      0.83804823      0.61970951      0.45878307       0.8370838       1.0409595        7.916259       1.0419985       12.226262       635.54263     0.088545445      0.088545445       806.57343                 22.729822                        390.06937                          222.74344             158.80455                       12.226262
              2       406.01373       68.626976        3.135617      0.96965086     0.022798808      0.11712716      0.05848919       1.0442415       1.0000314       2.3002825   2.3002825e-09       2.3736848      0.24606515      0.24739757       13.750752       2.0463415      0.70144996      0.29847331      0.14057084       147.37719       1.0116335      0.83421202       0.6194368      0.45785016      0.83805134       1.0407454        7.957739       1.0442415       11.496884       639.65853     0.088545445      0.088545445       811.85037                 22.875931                        390.06099                          226.72161             160.69496                       11.496884
              1       408.32557       68.423477       3.1294977      0.96887551     0.022782373      0.11756146     0.055603872       1.0435835      0.99746395       2.2862493   2.2862493e-09       2.3765048      0.24605827      0.24739067       13.757359       2.0456281      0.69877894      0.30114387       0.1409887       147.27966       1.0116433      0.83968709      0.61990264      0.45921598      0.83681601       1.0406463         7.68366       1.0435835       13.248374       639.49497     0.088545445      0.088545445       816.47405                 22.923209                        390.02699                          226.54477             163.73071                       13.248374
              2       407.85616       68.423477       3.0689312      0.97466652     0.022782373      0.11756146     0.055603872        1.014634      0.99804059       2.1518891   2.1518891e-09       2.3765048      0.24605827      0.24739067       13.757359        1.925409      0.69877894      0.30114387       0.1409887       147.27966      0.98364074      0.81644432      0.60274357      0.44650476      0.81365271       1.0406463         7.68366        1.014634       13.248374       637.66701     0.088545445      0.088545445       815.53522                 21.616215                        390.21895                          225.83184             164.61984                       13.248374
              5       408.13346       68.423477       3.0582084      0.97257167     0.022782373      0.11756146     0.055603872        1.008816      0.99857668        2.128938    2.128938e-09       2.3765048      0.24605827      0.24739067       13.757359       1.9048733      0.69877894      0.30114387       0.1409887       147.27966      0.97759755      0.81142833      0.59904049      0.44376157      0.80865388       1.0406463         7.68366        1.008816       13.248374        637.3135     0.088545445      0.088545445       816.08983                 22.000627                        390.13251                          225.18036             165.52796                       13.248374
              4       406.20896        68.32131       3.0516851      0.97244527     0.022675003      0.11778748     0.063138934      0.99794599       1.0045465       2.1150957   2.1150957e-09       2.3950537      0.24601294      0.24734517       13.763176       1.8641817      0.69762318       0.3022994      0.14110735       147.33866      0.97682331      0.81297751      0.59869196      0.44392821      0.80740997       1.0408587       8.4483482      0.99794599       13.639545       635.84054     0.088545445      0.088545445       812.24083                 22.199771                        391.20278                          222.43799             162.76074                       13.639545
              3        405.7128       68.263063       3.0479648      0.97292374     0.022584769      0.11783788     0.061133294      0.99810075       1.0061517       2.1072415   2.1072415e-09       2.4108091      0.24597444      0.24730653        13.76943       1.8647242      0.69719245         0.30273      0.14106751       147.42563      0.97639812      0.81331842      0.59838912      0.44386158      0.80671442       1.0409706       8.2773881      0.99810075        13.61521       633.72387     0.088545445      0.088545445       811.24851                 22.031145                        390.66143                           221.0313             163.90943                        13.61521
              2       406.35383       68.263063       3.0642039      0.97095281     0.022584769      0.11783788     0.061133294       1.0051897       1.0078662       2.1417404   2.1417404e-09       2.4108091      0.24597444      0.24730653        13.76943       1.8952527      0.69719245         0.30273      0.14106751       147.42563      0.98361824      0.81933261      0.60281399      0.44714377      0.81267979       1.0409706       8.2773881       1.0051897        13.61521       634.05943     0.088545445      0.088545445       812.53056                   22.5229                        390.68236                          220.85417             164.85592                        13.61521
              3       402.95647       68.263063       3.1505702      0.97693396     0.022584769      0.11783788     0.061133294       1.0509182      0.99919118       2.3349375   2.3349375e-09       2.4108091      0.24597444      0.24730653        13.76943       2.0662152      0.69719245         0.30273      0.14106751       147.42563       1.0293737      0.85744593       0.6308554      0.46794379      0.85048363       1.0409706       8.2773881       1.0509182        13.61521       634.03549     0.088545445      0.088545445       805.73585                 21.366824                        390.64047                           222.0282             158.08514                        13.61521
              4       403.67106        68.58306        3.159899      0.97891283     0.022583511      0.11718106     0.053128318       1.0629756       1.0014803       2.3568216   2.3568216e-09       2.4110297       0.2459739      0.24730599       13.759046       2.1192395      0.70141062      0.29851255      0.14040944       147.60251         1.02992      0.84912008      0.63045277      0.46600782      0.85292709       1.0412247       7.4730038       1.0629756        10.88282       636.07332     0.088545445      0.088545445       807.16504                 21.131593                        390.77585                          224.16588              160.2089                        10.88282
              3       402.69353        68.58306       3.1663537      0.97941888     0.022583511      0.11718106     0.053128318       1.0672166       1.0011185       2.3720832   2.3720832e-09       2.4110297       0.2459739      0.24730599       13.759046       2.1329626      0.70141062      0.29851255      0.14040944       147.60251       1.0334501      0.85203054      0.63261372      0.46760512       0.8558506       1.0412247       7.4730038       1.0672166        10.88282       634.83616     0.088545445      0.088545445       805.20996                 20.999724                        390.80981                          223.02663             159.49099                        10.88282
              9        401.6569        68.58306        3.143567        0.976568     0.022583511      0.11718106     0.053128318        1.057063       1.0005639       2.3186426   2.3186426e-09       2.4110297       0.2459739      0.24730599       13.759046       2.0849092      0.70141062      0.29851255      0.14040944       147.60251       1.0206247      0.84145654      0.62476276      0.46180197      0.84522919       1.0412247       7.4730038        1.057063        10.88282       634.99253     0.088545445      0.088545445       803.13671                 21.196149                        390.75647                          223.03991             157.26136                        10.88282
              2       402.69748        68.58306        3.180737      0.97540306     0.022583511      0.11718106     0.053128318       1.0743721       1.0023793       2.4064482   2.4064482e-09       2.4110297       0.2459739      0.24730599       13.759046       2.1638634      0.70141062      0.29851255      0.14040944       147.60251       1.0393058      0.85685825      0.63619819      0.47025462      0.86069995       1.0412247       7.4730038       1.0743721        10.88282       634.07932     0.088545445      0.088545445       805.21786                 21.602113                        390.60298                          221.87423             160.25572                        10.88282
              1        402.8971        68.58188       3.1818325      0.97519435     0.022618053      0.11717147     0.052499993       1.0755639       1.0012837        2.409086    2.409086e-09         2.40498      0.24598867      0.24732081       13.758468       2.1689592       0.7013473      0.29857587      0.14043439       147.56652       1.0394512      0.85713436      0.63631546      0.47036625      0.86081297       1.0411224       7.4014626       1.0755639       11.007567       634.17943     0.088545445      0.088545445       805.61712                 21.631253                        390.81061                          221.73758             160.43012                       11.007567
              1       402.54894       68.510829       3.1779855      0.97480616     0.022599318       0.1175119     0.053215229       1.0731484       1.0005482       2.3998361   2.3998361e-09       2.4082586      0.24598066      0.24731278        13.75597       2.1575428      0.70004217      0.29988084      0.14075608        147.4964       1.0397096      0.86027316      0.63683781       0.4712659      0.86058081       1.0413228       7.4837699       1.0731484          11.416       633.33459     0.088545445      0.088545445        804.9208                 21.631443                        390.58399                          221.11915             160.17021                          11.416
              2       403.52315       68.402335       3.1748032      0.97422789     0.022607774      0.11780835     0.051705765        1.071898        1.004132       2.3922112   2.3922112e-09        2.406778      0.24598428      0.24731641        13.75726       2.1571903       0.6984382      0.30148457      0.14106099       147.40789       1.0399069       0.8638918      0.63730331      0.47223965      0.86006229       1.0412943       7.3325905        1.071898        12.38303       634.65724     0.088545445      0.088545445       806.86922                  21.77351                        391.01629                          221.86744             159.82895                        12.38303
              1       402.29992       68.402335       3.1439894      0.97531494     0.022607774      0.11780835     0.051705765       1.0573377       1.0040662       2.3196222   2.3196222e-09        2.406778      0.24598428      0.24731641        13.75726       2.0917328       0.6984382      0.30148457      0.14106099       147.40789       1.0244343       0.8510381      0.62782098      0.46521327      0.84726557       1.0412943       7.3325905       1.0573377        12.38303       635.00119     0.088545445      0.088545445       804.42276                  21.42181                        391.14168                           222.4377             157.03853                        12.38303
              2       402.80303       68.401438       3.1439289      0.97535216     0.022604489      0.11780333     0.051403173       1.0574123        1.005574       2.3194818   2.3194818e-09       2.4073531      0.24598287        0.247315       13.757566       2.0928724      0.69844804      0.30147472      0.14105269       147.41288       1.0244207      0.85099625      0.62780344      0.46519647       0.8472488       1.0412947       7.3021776       1.0574123       12.368889       634.72906     0.088545445      0.088545445       805.42897                 21.430787                        391.22813                          222.07014             158.33102                       12.368889
              1       402.10776       68.382626       3.1434035      0.97570159      0.02255512      0.11761016     0.052606328        1.056902       1.0033208       2.3182635   2.3182635e-09       2.4160187      0.24596174      0.24729378       13.765852       2.0867457      0.69880077      0.30112195      0.14081015       147.51948       1.0236861       0.8493736      0.62708341      0.46452695      0.84652485       1.0411599       7.4324749        1.056902       12.161071       634.52807     0.088545445      0.088545445       804.03844                 21.310335                        390.85307                          222.36467             157.34929                       12.161071
              3       401.68277       68.424147        3.143574       0.9760001     0.022529509      0.11754855     0.054113431       1.0550949       1.0037292       2.3186587   2.3186587e-09       2.4205319      0.24595076      0.24728276       13.764553       2.0808199       0.6993525      0.30057031      0.14072293       147.56448       1.0235828      0.84814483      0.62692299      0.46419528      0.84669633       1.0412834       7.5903018       1.0550949       11.682323       633.82964     0.088545445      0.088545445       803.18845                 21.334362                        390.47897                          222.01631             157.67649                       11.682323
             10       401.78184       68.367448       3.1415844      0.97582151     0.022517289      0.11767681     0.053540838       1.0531507       1.0017991       2.3140501   2.3140501e-09       2.4226897      0.24594552       0.2472775        13.76641       2.0790636      0.69860538       0.3013173      0.14083896       147.54385       1.0235525      0.84966424      0.62703361      0.46456538      0.84632039       1.0412827       7.5369638       1.0531507       12.095339       633.58134     0.088545445      0.088545445       803.38659                 21.477149                        390.53919                            221.565              157.7099                       12.095339
              7       403.78814       68.361506       3.1415114      0.97564337     0.022530905       0.1177316     0.054075648       1.0526254      0.99759837       2.3138813   2.3138813e-09       2.4202856      0.24595136      0.24728336       13.765069       2.0766895       0.6984066      0.30151607      0.14090737       147.51402       1.0236649      0.85022507       0.6271786      0.46474941      0.84637654       1.0412885       7.5890772       1.0526254       12.244292       633.33286     0.088545445      0.088545445       807.39919                 21.504761                        390.44421                           221.3839             161.82203                       12.244292
              4        404.0082       68.332959        3.140558      0.97558688     0.022524116      0.11779033     0.053253037        1.052916      0.99760841       2.3116761   2.3116761e-09       2.4214837      0.24594844      0.24728044       13.766182       2.0781265      0.69804331       0.3018793      0.14095932       147.50591       1.0236594      0.85096456      0.62723305      0.46492967      0.84619528       1.0412835       7.5080197        1.052916       12.475871       633.50535     0.088545445      0.088545445        807.8393                 21.494418                        390.60907                          221.40186             161.85808                       12.475871
              8       401.94595       68.442521       3.1451601      0.97599823     0.022565344      0.11753852     0.050392744       1.0583428       1.0015197       2.3223392   2.3223392e-09       2.4142204      0.24596612      0.24729818        13.76222       2.0996895      0.69945882      0.30046403      0.14074873       147.52717       1.0239676      0.84830753      0.62718742      0.46435001      0.84712835       1.0412353       7.2021899       1.0583428       11.727227       634.64151     0.088545445      0.088545445       803.71482                 21.410929                        391.66912                          221.56146             157.34608                       11.727227
              1       402.06917       68.531581       3.1481803       0.9767436     0.022540464      0.11716204     0.050433614       1.0622646       1.0009555       2.3293639   2.3293639e-09       2.4185999      0.24595545      0.24728748       13.765303       2.1058685      0.70109402      0.29882903      0.14034737       147.65568       1.0235145      0.84432716       0.6264625      0.46318104      0.84730425       1.0411622       7.2058303       1.0622646       10.978155       635.12803     0.088545445      0.088545445       803.96125                 21.122988                        391.73473                          222.27031             157.85507                       10.978155
              5       403.20721       68.656747        3.152463      0.97687513     0.022577936      0.11691371      0.05523999         1.06033       1.0051952       2.3393613   2.3393613e-09       2.4120082      0.24597151      0.24730359       13.759992        2.094674      0.70263022      0.29729311      0.14013651       147.68037       1.0235136      0.84118687      0.62622653      0.46241049      0.84807693       1.0411716       7.6827142         1.06033       10.555604       635.39242     0.088545445      0.088545445       806.23732                 21.148497                        390.30446                          223.93946              160.2893                       10.555604
              1       401.75583       68.656747       3.1493186      0.98004908     0.022577936      0.11691371      0.05523999       1.0563312       1.0023355       2.3320168   2.3320168e-09       2.4120082      0.24597151      0.24730359       13.759992       2.0880978      0.70263022      0.29729311      0.14013651       147.68037       1.0231527      0.84089023       0.6260057      0.46224742      0.84777786       1.0411716       7.6827142       1.0563312       10.555604       634.47471     0.088545445      0.088545445       803.33457                 20.947258                        390.36531                          223.16214             158.30425                       10.555604
              2       401.93107       68.656747       3.0947342      0.97958902     0.022577936      0.11691371      0.05523999       1.0297236       1.0019447       2.2081369   2.2081369e-09       2.4120082      0.24597151      0.24730359       13.759992       1.9771751      0.70263022      0.29729311      0.14013651       147.68037      0.99543014      0.81810611      0.60904392      0.44972272      0.82480712       1.0411716       7.6827142       1.0297236       10.555604       635.78761     0.088545445      0.088545445       803.68504                   20.8495                        390.43091                           224.5072             157.34182                       10.555604
              4       401.91135       68.704797       3.0964445      0.97988438     0.022567779      0.11669654     0.057254675       1.0288451        1.002067       2.2119167   2.2119167e-09       2.4137923      0.24596716      0.24729923       13.761968       1.9725953      0.70352759      0.29639585      0.13990919       147.75001      0.99507719      0.81587962      0.60858092      0.44904138      0.82480313       1.0411072       7.8818471       1.0288451       10.414387       635.34583     0.088545445      0.088545445       803.64561                 20.837432                        390.27654                          224.23186             157.88539                       10.414387
              4       401.30345       68.704797       3.1053094      0.97671937     0.022567779      0.11669654     0.057254675       1.0331034       1.0008414       2.2316122   2.2316122e-09       2.4137923      0.24596716      0.24729923       13.761968       1.9901598      0.70352759      0.29639585      0.13990919       147.75001       0.9982828      0.81850795      0.61054144      0.45048795      0.82746021       1.0411072       7.8818471       1.0331034       10.414387       633.39498     0.088545445      0.088545445        802.4298                 21.267304                        390.21097                          221.91671             158.62043                       10.414387
              2       401.34933       68.701523       3.1046995      0.97673622     0.022558303      0.11673828     0.057451142       1.0325253       1.0008904       2.2302517   2.2302517e-09       2.4154585       0.2459631      0.24729515       13.761374       1.9881651      0.70343099      0.29649244      0.13994145        147.7494      0.99830703      0.81874837      0.61059145      0.45056155      0.82746058       1.0411665       7.9042339       1.0325253       10.406537       633.58624     0.088545445      0.088545445       802.52158                 21.271674                        390.20979                          222.10478              158.5288                       10.406537
              3       401.43967       68.818004       3.1087542      0.97670004     0.022621564       0.1166476     0.059078675       1.0313044       1.0008909       2.2393129   2.2393129e-09       2.4043664      0.24599017      0.24732232       13.751825       1.9897554      0.70449197      0.29543172      0.13991403       147.70306      0.99882594      0.81722781      0.61087891      0.45036996      0.82859222       1.0412529       8.0485442       1.0313044       10.344529       633.95345     0.088545445      0.088545445       802.70225                 21.503644                        390.25339                          222.19641             158.40427                       10.344529
              2       402.22739       68.818004        3.107316      0.97520645     0.022621564       0.1166476     0.059078675       1.0300835       1.0009779       2.2360947   2.2360947e-09       2.4043664      0.24599017      0.24732232       13.751825       1.9868959      0.70449197      0.29543172      0.13991403       147.70306       0.9975352      0.81617174       0.6100895      0.44978797      0.82752147       1.0412529       8.0485442       1.0300835       10.344529       635.00418     0.088545445      0.088545445       804.27768                 21.788692                        390.22221                          222.99328             158.92897                       10.344529
              2       401.71114       68.790535       3.1067694       0.9753549     0.022591429      0.11652726     0.060003069       1.0309715       1.0008404       2.2348727   2.2348727e-09       2.4096411      0.24597729      0.24730939       13.758376       1.9821421      0.70457391      0.29534972      0.13976355       147.76904      0.99700342      0.81537008      0.60960024      0.44939607      0.82691523       1.0411192       8.1433782       1.0309715       10.350307       633.41264     0.088545445      0.088545445       803.24518                 21.561078                        390.36141                          221.49016             159.48224                       10.350307
              1       401.78476       68.669826       3.1024948      0.97503028      0.02256106      0.11678986     0.058395027       1.0299986      0.99987177         2.22534     2.22534e-09       2.4149737      0.24596428      0.24729634        13.76269       1.9800452       0.7030419      0.29688146      0.13999579       147.73246       0.9969463      0.81840897      0.60981838      0.45013862      0.82614207       1.0411208       7.9974805       1.0299986       10.478876        632.8593     0.088545445      0.088545445       803.39244                 21.578377                        390.21906                          221.06186             160.05426                       10.478876
              1       401.08931       68.669826       3.1016129      0.97903398      0.02256106      0.11678986     0.058395027       1.0297768       1.0025615       2.2233783   2.2233783e-09       2.4149737      0.24596428      0.24729634        13.76269       1.9782997       0.7030419      0.29688146      0.13999579       147.73246      0.99803956      0.81930644      0.61048711      0.45063225      0.82704803       1.0411208       7.9974805       1.0297768       10.478876       634.04149     0.088545445      0.088545445       802.00152                 20.997443                        390.22525                           222.8188             157.48115                       10.478876
              2       401.94314       68.426196       3.0951797      0.97764371     0.022607763      0.11749339     0.052307593       1.0317715        1.002432       2.2091207   2.2091207e-09         2.40678      0.24598427       0.2473164       13.763741       1.9896911      0.69932118      0.30060164      0.14074602       147.49194       0.9987982      0.82769823      0.61176804      0.45298583      0.82620715         1.04103       7.3887791       1.0317715       12.064473       635.11913     0.088545445      0.088545445       803.70919                 21.085339                        391.03195                          223.00184             156.52559                       12.064473
              1       402.66034       68.426196       3.0806665       0.9776153     0.022607763      0.11749339     0.052307593       1.0241836       1.0038696       2.1772909   2.1772909e-09         2.40678      0.24598427       0.2473164       13.763741       1.9610229      0.69932118      0.30060164      0.14074602       147.49194      0.99156578      0.82170476      0.60733815       0.4497057      0.82022448         1.04103       7.3887791       1.0241836       12.064473       635.06444     0.088545445      0.088545445       805.14359                 21.099917                        391.01389                          222.95064             158.01467                       12.064473
              2       405.01246       68.113728       3.0674588       0.9767929     0.022496857      0.11833871     0.050177711       1.0186018       1.0019967        2.148723    2.148723e-09       2.4263039      0.24593675      0.24726871       13.771427       1.9435541       0.6949732      0.30494891      0.14148043       147.39032      0.99143269      0.83037795      0.60804725      0.45184981      0.81823972       1.0412831       7.2060266       1.0186018       14.980606        637.0707     0.088545445      0.088545445       809.84783                 21.169738                        391.76833                          224.13263             157.79653                       14.980606
              4       407.33614       68.271762       3.0714294      0.97807733      0.02243733      0.11780403       0.0514324       1.0201957      0.99721954       2.1572716   2.1572716e-09       2.4368799      0.24591123       0.2472431        13.77361        1.946396      0.69765854      0.30226392      0.14088623       147.59919      0.99083964      0.82425669      0.60704447      0.45010837      0.81869837       1.0413386       7.3404822       1.0201957       12.493742       636.95015     0.088545445      0.088545445        814.4952                 20.993147                        391.30438                          224.65262              165.0513                       12.493742
              1       405.28011       68.271762       3.0683394      0.97633621      0.02243733      0.11780403       0.0514324       1.0186476       1.0063196        2.150616    2.150616e-09       2.4368799      0.24591123       0.2472431        13.77361        1.940391      0.69765854      0.30226392      0.14088623       147.59919       0.9886509      0.82243593      0.60570352      0.44911409      0.81688989       1.0413386       7.3404822       1.0186476       12.493742       635.85846     0.088545445      0.088545445       810.38312                 21.213862                        391.20106                          223.44354             162.03091                       12.493742
              3         404.857       68.541575       3.0780556      0.97683829     0.022519635      0.11723812     0.057348282       1.0195972       1.0018569       2.1716137   2.1716137e-09       2.4222752      0.24594652      0.24727851       13.762906       1.9362904      0.70106359      0.29885949      0.14040262       147.65859      0.98882341      0.81584376      0.60528867      0.44753737      0.81864532       1.0413262        7.911444       1.0195972       10.873014       638.45725     0.088545445      0.088545445       809.53691                 21.143594                        390.21471                          227.09894             160.20665                       10.873014
              1       402.97066       68.597162       3.0796104      0.97712503     0.022516917       0.1171079      0.05777465        1.017627       1.0060064       2.1749927   2.1749927e-09       2.4227554      0.24594536      0.24727734       13.761621       1.9376502      0.70183038      0.29809282      0.14026968       147.69653      0.98878698       0.8142599      0.60512305       0.4471277      0.81894703       1.0413592       7.9521825        1.017627       10.621059       634.23881     0.088545445      0.088545445       805.76423                 21.350918                        390.17972                          222.70817             160.90437                       10.621059
             13       404.35564       68.597162       3.1629207      0.97125402     0.022516917       0.1171079      0.05777465       1.0602725       1.0023777        2.363954    2.363954e-09       2.4227554      0.24594536      0.24727734       13.761621       2.1059914      0.70183038      0.29809282      0.14026968       147.69653       1.0285282      0.84698651      0.62944406      0.46509859      0.85186203       1.0413592       7.9521825       1.0602725       10.621059       635.12101     0.088545445      0.088545445        808.5342                 22.388718                        390.13005                          222.60225             162.79213                       10.621059
              7       404.44574       68.707838       3.1681448      0.97128853      0.02256721      0.11673426     0.063432571       1.0575363       1.0022471       2.3763358   2.3763358e-09       2.4138923      0.24596692      0.24729898       13.760681       2.0932012      0.70347514      0.29644831      0.13994634       147.74051       1.0282045      0.84319415      0.62888304      0.46404182      0.85228067       1.0411582       8.4840136       1.0575363       10.408046       635.99859     0.088545445      0.088545445       808.71438                 22.559397                        391.22463                          222.21457             162.30774                       10.408046
              1       405.90963        68.82962       3.1700356      0.97218466     0.022533178      0.11658281     0.060901476       1.0619687       1.0001063       2.3808332   2.3808332e-09       2.4198846      0.24595233      0.24728434       13.754995        2.107806      0.70491503      0.29500869      0.13976086       147.81944       1.0284356      0.84044053      0.62881587      0.46342792      0.85322739       1.0414438       8.2459596       1.0619687       10.353271        635.9995     0.088545445      0.088545445       811.64217                 22.247031                        390.54076                          223.21171              165.2894                       10.353271
              2       405.78532       68.581902       3.1654868      0.97207126     0.022484809      0.11659025     0.051376729       1.0690712       1.0022713       2.3700278   2.3700278e-09        2.428439      0.24593158      0.24726352       13.778055       2.1385932      0.70286652      0.29705665      0.13971992       147.87152       1.0275484      0.84343823      0.62822741      0.46379568      0.85095591         1.04084       7.3053279       1.0690712       10.548471       635.26145     0.088545445      0.088545445       811.39354                 22.022783                        391.04114                          222.19753             165.58362                       10.548471
              4       407.04158       68.382985        3.161672      0.96982126      0.02258732       0.1171113     0.061380523       1.0558316       1.0000316       2.3610038   2.3610038e-09       2.4103615      0.24597553      0.24730763       13.778591       2.0882488      0.69980187      0.30012085      0.14034349       147.61693       1.0276509      0.85011374      0.62898988      0.46555147      0.84980566       1.0405459       8.2871592       1.0558316       12.170669       634.41391     0.088545445      0.088545445       813.90607                 22.745405                        390.61455                          221.05396             167.32149                       12.170669
              6       406.72568       68.379548       3.1615633      0.96980886     0.022585237      0.11711229     0.061602108       1.0555504       1.0028877       2.3607474   2.3607474e-09       2.4107268      0.24597464      0.24730673       13.778926       2.0870968      0.69977404      0.30014867      0.14034239       147.61899       1.0276273      0.85014382      0.62897424      0.46555068      0.84976484        1.040542       8.3091055       1.0555504       12.187198       634.47877     0.088545445      0.088545445       813.27426                 22.753226                        390.70569                          221.01985             166.60829                       12.187198
              2       404.59263       68.316904       3.1572426      0.96924939     0.022634044      0.11783751     0.053906299       1.0599916       0.9996516       2.3505692   2.3505692e-09       2.4021868      0.24599549      0.24732766        13.76332       2.1103312      0.69756476      0.30235781      0.14111642        147.3709       1.0291572      0.85665461      0.63077738      0.46774204      0.85064002       1.0410042       7.5506894       1.0599916       13.401954       634.97556     0.088545445      0.088545445       809.00818                 22.731123                        390.19739                          222.04704             160.63066                       13.401954
              6       404.54326       68.318747       3.1572858      0.96925941     0.022633758      0.11783347     0.053951128       1.0595166       1.0027082       2.3506708   2.3506708e-09       2.4022367      0.24599537      0.24732754       13.763274       2.1102333      0.69759034      0.30233224       0.1411121       147.37229       1.0291552      0.85659931      0.63077134      0.46772768      0.85064987       1.0410061       7.5552193       1.0595166       13.378248       636.20334     0.088545445      0.088545445       808.90942                 22.789601                        390.16592                          223.24782             159.32783                       13.378248
              9       402.09642       68.318747       3.1128342      0.97747209     0.022633758      0.11783347     0.053951128       1.0380278       1.0029323        2.248468    2.248468e-09       2.4022367      0.24599537      0.24732754       13.763274       2.0184842      0.69759034      0.30233224       0.1411121       147.37229       1.0096979      0.84040431      0.61884588      0.45888474      0.83456734       1.0410061       7.5552193       1.0380278       13.378248       634.56682     0.088545445      0.088545445       804.01574                 21.216525                        390.50511                          222.84519             156.07067                       13.378248
              1        402.3538       68.318747       3.1135539      0.97783904     0.022633758      0.11783347     0.053951128        1.039069       1.0028222       2.2500868   2.2500868e-09       2.4022367      0.24599537      0.24732754       13.763274       2.0199375      0.69759034      0.30233224       0.1411121       147.37229       1.0102033      0.84082497      0.61915564      0.45911444      0.83498509       1.0410061       7.5552193        1.039069       13.378248       635.52067     0.088545445      0.088545445        804.5305                 21.107775                        390.52851                          223.88439             155.63158                       13.378248
              5       403.51959       68.373922       3.1169974       0.9781172     0.022662998      0.11754519     0.051694489       1.0426817       1.0029069       2.2578485   2.2578485e-09       2.3971412      0.24600783      0.24734005       13.765451       2.0360739       0.6986323       0.3012904      0.14085306       147.41662        1.009987      0.83837565      0.61873879      0.45840956      0.83514333       1.0407882       7.3148644       1.0426817        12.89431        635.4401     0.088545445      0.088545445       806.86209                  21.10271                        391.23735                          223.10004             158.52768                        12.89431
              2       403.80928       68.718303       3.1292922      0.97892099     0.022795889      0.11703652     0.053514531       1.0490659       1.0007537       2.2857795   2.2857795e-09       2.3741854      0.24606393      0.24739635       13.745236       2.0537719      0.70244112      0.29748235      0.14047727       147.40464       1.0111743      0.83189436      0.61905257       0.4571859      0.83822812       1.0409271       7.4640002       1.0490659       10.958267       638.53883     0.088545445      0.088545445       807.44147                 20.952329                         390.7789                          226.80761             157.94437                       10.958267
              5       405.45766       68.781077       3.1261099      0.98072369      0.02250381      0.11630327     0.070337498       1.0296155        1.007194       2.2785171   2.2785171e-09       2.4250731      0.24593973       0.2472717        13.76777        1.979511      0.70515132      0.29477229      0.13945195       147.92764       1.0082536       0.8230631      0.61613508      0.45399137      0.83618866       1.0410738       9.1419433       1.0296155       10.361996       638.57131     0.088545445      0.088545445       810.73823                 21.110749                        394.07401                          223.38656             161.80492                       10.361996
              3       404.00945       68.774368       3.1258492      0.98070223     0.022500878       0.1163159     0.070452356       1.0296395       1.0038847       2.2779231   2.2779231e-09        2.425592      0.24593848      0.24727044       13.768097       1.9785404       0.7050733       0.2948503      0.13946165       147.92753       1.0082366      0.82320509       0.6161354      0.45402164      0.83613377        1.041075       9.1536048       1.0296395       10.356438       638.37771     0.088545445      0.088545445       807.84182                 21.089032                        394.15264                          223.13604             159.10767                       10.356438
              1       402.97835       68.609047       3.1213811       0.9793366     0.022547172      0.11691257     0.071316199       1.0258966        1.003419       2.2677678   2.2677678e-09       2.4174179      0.24595833      0.24729037       13.765089       1.9663196      0.70228436      0.29763886       0.1401046       147.71508        1.009109      0.82992778      0.61737802      0.45600917      0.83585079       1.0411075       9.2333575       1.0258966       10.635316       637.99195     0.088545445      0.088545445       805.77961                 21.301045                        394.69907                          221.99184             157.15235                       10.635316
              2       404.08352       68.609047         3.12195      0.98161546     0.022547172      0.11691257     0.071316199       1.0269241       1.0038535       2.2690584   2.2690584e-09       2.4174179      0.24595833      0.24729037       13.765089       1.9674387      0.70228436      0.29763886       0.1401046       147.71508       1.0102806      0.83089142      0.61809487      0.45653865       0.8368213       1.0411075       9.2333575       1.0269241       10.635316       640.09547     0.088545445      0.088545445       807.98994                  20.92591                        394.58488                          224.58468             157.25916                       10.635316
              4       403.85637       68.576927       3.1217451      0.98123401     0.022580925      0.11704214     0.070222656       1.0280849         1.00163       2.2685934   2.2685934e-09       2.4114836      0.24597279      0.24730488       13.763461       1.9713423      0.70165812      0.29826503      0.14026793       147.64261       1.0106118      0.83254237      0.61847757      0.45706139      0.83689961       1.0410645        9.125884       1.0280849       10.880121       640.10692     0.088545445      0.088545445       807.53566                 20.929741                        393.99901                          225.17818             156.54861                       10.880121
              3       405.07124       68.917672       3.1330844      0.98270766     0.022646058      0.11630682     0.069273308       1.0346947       1.0067884       2.2944641   2.2944641e-09       2.4000914      0.24600062      0.24733281       13.751688       1.9976125        0.706012      0.29391192      0.13959774       147.76723       1.0108414       0.8238244      0.61787781      0.45494291      0.83916682       1.0411192       9.0067403       1.0346947       10.439794        638.2034     0.088545445      0.088545445       809.96538                 20.832142                        393.32714                          224.04412             161.32219                       10.439794
              4       405.56396       68.917672       3.0882296      0.97825449     0.022646058      0.11630682     0.069273308        1.011035       1.0073262       2.1938203   2.1938203e-09       2.4000914      0.24600062      0.24733281       13.751688       1.9099897        0.706012      0.29391192      0.13959774       147.76723      0.98672796      0.80417224      0.60313847      0.44409034      0.81914867       1.0411192       9.0067403        1.011035       10.439794       637.32189     0.088545445      0.088545445       810.95083                 21.504826                        393.52515                          222.29191             163.18915                       10.439794
              7        403.9862       68.610615        3.077879       0.9771185     0.022603586      0.11701722     0.063244822       1.0123129       1.0069154       2.1712301   2.1712301e-09       2.4075112      0.24598249      0.24731461        13.76054       1.9132516      0.70195581      0.29796742      0.14026568       147.62397      0.98667989      0.81229673      0.60382922      0.44612476      0.81728199       1.0410798       8.4622211       1.0123129       10.801074       634.62799     0.088545445      0.088545445        807.7953                 21.382007                        391.15791                          222.08807             162.36624                       10.801074
              4       404.95442       68.721903       3.0807064      0.97792641     0.022585314      0.11670642     0.062363617       1.0156828       1.0071813       2.1773779   2.1773779e-09       2.4107135      0.24597467      0.24730676       13.759703       1.9220534      0.70361713      0.29630635       0.1399366       147.72774      0.98637594      0.80862616      0.60328885      0.44510301      0.81769258       1.0411237       8.3764784       1.0156828       10.409276       635.67478     0.088545445      0.088545445       809.73174                   21.1765                         390.8645                          223.63378             163.64769                       10.409276
              5       403.33938       68.796439       3.0834883      0.97808462     0.022628059       0.1166326     0.060733087       1.0187942      0.99932169       2.1834434   2.1834434e-09       2.4032316      0.24599294       0.2473251       13.753964       1.9337033      0.70432466      0.29559899      0.13990552       147.69984      0.98676264      0.80764256      0.60349185      0.44498682      0.81845664       1.0411562       8.2076743       1.0187942       10.363636       635.71355     0.088545445      0.088545445       806.50166                 21.133871                        390.49463                          224.08505             160.42447                       10.363636
              4       403.06284       68.796439        3.200946       0.9772876     0.022628059       0.1166326     0.060733087       1.0791133      0.99972123       2.4555749   2.4555749e-09       2.4032316      0.24599294       0.2473251       13.753964       2.1747087      0.70432466      0.29559899      0.13990552       147.69984       1.0461289      0.85623251      0.63979955      0.47175843       0.8676972       1.0411562       8.2076743       1.0791133       10.363636       632.90355     0.088545445      0.088545445        805.9486                 21.365848                        390.48921                          221.04849             162.68141                       10.363636
              7        402.5934       68.792718       3.2006365      0.97731632     0.022621149      0.11663753     0.060720714       1.0785235       1.0026814        2.454815    2.454815e-09       2.4044388      0.24598999      0.24732214       13.754347       2.1740895      0.70429684      0.29562679      0.13990355       147.70623       1.0460819      0.85624335      0.63976853      0.47174665      0.86763473       1.0411682       8.2081984       1.0785235       10.360744       632.97147     0.088545445      0.088545445       805.00971                 21.400983                        390.48921                          221.08128              161.6775                       10.360744
              3       404.02596       68.792718       3.1665989      0.97288516     0.022621149      0.11663753     0.060720714       1.0617807       1.0020181       2.3726651   2.3726651e-09       2.4044388      0.24598999      0.24732214       13.754347        2.101334      0.70429684      0.29562679      0.13990355       147.70623       1.0266811      0.84036332      0.62790328      0.46299756      0.85154343       1.0411682       8.2081984       1.0617807       10.360744       634.90522     0.088545445      0.088545445       807.87482                  21.94997                        390.48417                          222.47109             162.60886                       10.360744
              4       403.39045       68.783957       3.1665289      0.97278268     0.022625528        0.116657     0.061233293       1.0599355       1.0055163        2.372499    2.372499e-09       2.4036737      0.24599186      0.24732402       13.754468        2.099034      0.70417112       0.2957525      0.13992739       147.69611       1.0267162      0.84066008      0.62795147      0.46308231      0.85151828       1.0411519       8.2571079       1.0599355       10.371962       633.77417     0.088545445      0.088545445       806.60382                 22.124618                        390.58419                          221.06536             162.45769                       10.371962
              4       404.35448       68.914651       3.1707464      0.97346945     0.022652632      0.11638231     0.057901508       1.0642173       1.0058423       2.3825261   2.3825261e-09       2.3989458      0.24600342      0.24733562       13.749705       2.1219984      0.70581341      0.29411049      0.13967981       147.73957        1.026803      0.83732346      0.62772662      0.46227263      0.85239897       1.0411746       7.9214254       1.0642173       10.417435       637.10198     0.088545445      0.088545445       808.53187                 22.123845                         390.1047                          224.87344             161.01245                       10.417435
              3       403.11364       68.883561       3.1709486      0.97307633     0.022672251      0.11640616     0.060146264        1.062377       1.0023536       2.3830079   2.3830079e-09       2.3955321      0.24601177      0.24734399       13.751259       2.1129203       0.7054562      0.29446764      0.13972327       147.71124       1.0268541      0.83809109      0.62780668      0.46247187      0.85224908       1.0410579       8.1363694        1.062377       10.385563       635.79177     0.088545445      0.088545445       806.05018                 22.203629                        390.34128                          223.24687             159.87284                       10.385563
              1       404.44906       68.883561       3.1981522      0.97323503     0.022672251      0.11640616     0.060146264       1.0769111       1.0023542       2.4487242   2.4487242e-09       2.3955321      0.24601177      0.24734399       13.751259       2.1711883       0.7054562      0.29446764      0.13972327       147.71124         1.04098      0.84962028       0.6364431      0.46883386      0.86397303       1.0410579       8.1363694       1.0769111       10.385563       635.63927     0.088545445      0.088545445       808.72104                 22.177284                        390.34128                          223.12071              162.6962                       10.385563
              3       405.72202       68.883561       3.1960183      0.97502126     0.022672251      0.11640616     0.060146264       1.0750733       1.0001638       2.4435043   2.4435043e-09       2.3955321      0.24601177      0.24734399       13.751259       2.1665601       0.7054562      0.29446764      0.13972327       147.71124       1.0405835      0.84929664      0.63620066      0.46865527      0.86364392       1.0410579       8.1363694       1.0750733       10.385563       637.24127     0.088545445      0.088545445       811.26694                 21.944343                        390.32928                          224.96765             163.64011                       10.385563
              6       402.07015       68.883561       3.1623117      0.97400404     0.022672251      0.11640616     0.060146264       1.0583244       1.0040904       2.3625147   2.3625147e-09       2.3955321      0.24601177      0.24734399       13.751259       2.0947497       0.7054562      0.29446764      0.13972327       147.71124       1.0227935       0.8347769      0.62532405      0.46064305       0.8488789       1.0410579       8.1363694       1.0583244       10.385563       634.22372     0.088545445      0.088545445       803.96321                 21.980313                        390.34683                          221.89657             159.35392                       10.385563
              5       402.39036       68.841911       3.1611817      0.97366561     0.022700378      0.11661643     0.057314453       1.0600438      0.99995443       2.3598465   2.3598465e-09       2.3906504      0.24602371      0.24735598       13.748409        2.104268      0.70459665      0.29532709      0.13996167        147.6234       1.0232294      0.83707296      0.62585728      0.46137189      0.84898396       1.0410885       7.8566621       1.0600438       10.387962       634.81824     0.088545445      0.088545445       804.60363                 22.016941                        390.11201                           222.6893             159.39743                       10.387962
             13       401.74402       68.841911       3.1528401       0.9758533     0.022700378      0.11661643     0.057314453       1.0557538      0.99990547       2.3402437   2.3402437e-09       2.3906504      0.24602371      0.24735598       13.748409       2.0867882      0.70459665      0.29532709      0.13996167        147.6234       1.0198273      0.83428982      0.62377639      0.45983789      0.84616121       1.0410885       7.8566621       1.0557538       10.387962       634.08829     0.088545445      0.088545445       803.31095                 21.645045                        390.12874                          222.31451              158.8347                       10.387962
              8       402.07463       68.841911       3.1418885      0.97934929     0.022700378      0.11661643     0.057314453       1.0523144      0.99871656        2.314754    2.314754e-09       2.3906504      0.24602371      0.24735598       13.748409       2.0640591      0.70459665      0.29532709      0.13996167        147.6234       1.0156233      0.83085062      0.62120499       0.4579423      0.84267307       1.0410885       7.8566621       1.0523144       10.387962       635.39101     0.088545445      0.088545445       803.97217                 20.941566                        390.23916                          224.21029              158.1932                       10.387962
              4       401.39116        68.83793       3.1415188      0.97942277     0.022685598      0.11659342     0.057715599       1.0517992       1.0004542       2.3138984   2.3138984e-09       2.3932137      0.24601744      0.24734969       13.749795       2.0616416      0.70464223      0.29528151      0.13992389       147.64606       1.0154714       0.8305869      0.62107014      0.45782522      0.84252265       1.0410898       7.8990853       1.0517992       10.380236       635.32847     0.088545445      0.088545445       802.60522                 20.931078                        390.22058                          224.17681             156.89652                       10.380236
              4       402.16698       68.966136       3.1449223      0.98006313     0.022685166      0.11633601     0.059004342       1.0506706      0.99980215       2.3217872   2.3217872e-09       2.3932887      0.24601725       0.2473495       13.745538       2.0633452      0.70628143      0.29364259      0.13966605       147.71571       1.0154594      0.82719616      0.62077648      0.45697245      0.84329688       1.0411941       8.0213356       1.0506706       10.478669        634.1959     0.088545445      0.088545445       804.15687                 21.036193                        390.25537                          222.90434              159.4823                       10.478669
              6       401.89392       68.966136        3.141838      0.97983372     0.022685166      0.11633601     0.059004342       1.0510344      0.99990356       2.3146371   2.3146371e-09       2.3932887      0.24601725       0.2473495       13.745538        2.056991      0.70628143      0.29364259      0.13966605       147.71571       1.0138049      0.82584841      0.61976506      0.45622791      0.84192291       1.0411941       8.0213356       1.0510344       10.478669       635.82487     0.088545445      0.088545445       803.61075                 20.897408                        390.29826                           224.6292             157.30721                       10.478669
              7       401.21407       68.934984       3.1416804      0.97926597     0.022715832      0.11647971     0.062309716       1.0457165       1.0035557       2.3142723   2.3142723e-09       2.3879746      0.24603025      0.24736254       13.743513       2.0431155      0.70564898      0.29427498      0.13984041       147.64289       1.0141935      0.82757912      0.62019604      0.45679077      0.84205538       1.0411782       8.3363925       1.0457165       10.397739       634.48127     0.088545445      0.088545445       802.25104                 21.181648                        390.81405                          222.48557             157.37203                       10.397739
              4       401.04158       68.934984       3.1457557      0.97871061     0.022715832      0.11647971     0.062309716       1.0485112       1.0009301       2.3237229   2.3237229e-09       2.3879746      0.24603025      0.24736254       13.743513       2.0514588      0.70564898      0.29427498      0.13984041       147.64289       1.0160447       0.8290897      0.62132808      0.45762455      0.84359238       1.0411782       8.3363925       1.0485112       10.397739       634.62906     0.088545445      0.088545445       801.90607                 21.196204                        390.82002                          222.61284             156.87927                       10.397739
              1        400.5977       68.873012       3.1433749       0.9787433     0.022677116      0.11651307     0.060869637       1.0485918       1.0010964       2.3181971   2.3181971e-09       2.3946867      0.24601383      0.24734607       13.749129       2.0524834      0.70513031      0.29479351      0.13983506       147.67709       1.0156141      0.82967926       0.6210588      0.45762759      0.84285573       1.0411292       8.2073152       1.0485918       10.369815       633.69531     0.088545445      0.088545445       801.01832                 21.163492                        390.49518                          222.03664             156.95319                       10.369815
              3       401.02584       68.873012       3.1269703      0.97732422     0.022677116      0.11651307     0.060869637       1.0389278         1.00233       2.2804784   2.2804784e-09       2.3946867      0.24601383      0.24734607       13.749129       2.0190881      0.70513031      0.29479351      0.13983506       147.67709       1.0067678      0.82245251      0.61564919      0.45364152      0.83551421       1.0411292       8.2073152       1.0389278       10.369815       634.12155     0.088545445      0.088545445       801.87458                 21.470378                        390.49025                          222.16092             157.38322                       10.369815
              2       400.61663       68.836648       3.1267722      0.97706219     0.022705356      0.11659135     0.058062322       1.0422135       1.0014002       2.2800266   2.2800266e-09        2.389788      0.24602581      0.24735809       13.749424       2.0300541       0.7045939      0.29532983      0.13994157       147.62459       1.0069281      0.82371276      0.61586449      0.45400642      0.83542666       1.0410332       7.9285607       1.0422135       10.400016       633.27419     0.088545445      0.088545445       801.05617                 21.388854                        390.14443                          221.74091             157.38197                       10.400016
              1       401.57176       68.836648       3.1595653      0.97389748     0.022705356      0.11659135     0.058062322       1.0592778       1.0040135       2.3560351   2.3560351e-09        2.389788      0.24602581      0.24735809       13.749424       2.0977294       0.7045939      0.29532983      0.13994157       147.62459       1.0223305      0.83631258      0.62528499      0.46095107      0.84820567       1.0410332       7.9285607       1.0592778       10.400016       633.46082     0.088545445      0.088545445       802.96643                 21.900024                        390.09925                          221.46154              159.1056                       10.400016
              9       401.46514       68.836648       3.1135827        0.973693     0.022705356      0.11659135     0.058062322       1.0352638       1.0015002       2.2501517   2.2501517e-09        2.389788      0.24602581      0.24735809       13.749424       2.0034546       0.7045939      0.29532983      0.13994157       147.62459      0.99901554       0.8172399      0.61102493      0.45043877      0.82886176       1.0410332       7.9285607       1.0352638       10.400016       633.92374     0.088545445      0.088545445       802.75318                 21.926504                        390.09037                          221.90686             158.42943                       10.400016
              3       401.06962       68.836648        3.125006      0.97445392     0.022705356      0.11659135     0.058062322       1.0408323       1.0023529       2.2760031   2.2760031e-09        2.389788      0.24602581      0.24735809       13.749424       2.0264717       0.7045939      0.29532983      0.13994157       147.62459       1.0050314      0.82216116      0.61470441      0.45315123      0.83385301       1.0410332       7.9285607       1.0408323       10.400016       633.92974     0.088545445      0.088545445       801.96215                 21.840659                        390.13135                          221.95773              157.6324                       10.400016
              4       402.12506       68.836648       3.1553242        0.976657     0.022705356      0.11659135     0.058062322       1.0558693       1.0027714       2.3460642   2.3460642e-09        2.389788      0.24602581      0.24735809       13.749424       2.0888517       0.7045939      0.29532983      0.13994157       147.62459        1.021247      0.83542627      0.62462232      0.46046256      0.84730675       1.0410332       7.9285607       1.0558693       10.400016       635.11542     0.088545445      0.088545445       804.07302                 21.581906                        390.11134                          223.42218             158.55758                       10.400016
              1        402.2194       68.884304        3.155944      0.97699328     0.022698761      0.11654934     0.056918428       1.0574134       1.0042631       2.3475187   2.3475187e-09       2.3909306      0.24602302      0.24735529       13.746547        2.094934      0.70510494       0.2948189      0.13989296       147.64321       1.0213133      0.83446819      0.62460859      0.46025317      0.84765499       1.0411462       7.8169624       1.0574134       10.371706       635.34592     0.088545445      0.088545445        804.2617                 21.512078                        390.16557                          223.66828             158.54407                       10.371706
              1       401.93059       68.834496       3.1538957      0.97670035     0.022677992      0.11668426     0.060116847       1.0536836       1.0064679       2.3427153   2.3427153e-09       2.3945344      0.24601421      0.24734644       13.747821       2.0773165       0.7044371      0.29548663      0.14000712       147.63023       1.0212989      0.83585481      0.62472715      0.46060096      0.84733652       1.0411966        8.137263       1.0536836       10.369657         633.661     0.088545445      0.088545445       803.68409                 21.542208                        390.37169                           221.7471             159.65343                       10.369657
              2       401.11589       68.947475       3.1565005      0.97746447     0.022661324      0.11642277     0.059672558       1.0558685       1.0040255       2.3488255   2.3488255e-09       2.3974326      0.24600712      0.24733933       13.745462        2.084586      0.70599007      0.29393391      0.13972896         147.719       1.0211041      0.83242441      0.62429756      0.45967836       0.8478699       1.0412932        8.093599       1.0558685       10.449218       633.91264     0.088545445      0.088545445       802.05469                 21.413946                         390.3043                           222.1944             157.69283                       10.449218
              2       401.77381        68.89802       3.1546868      0.97739889     0.022641312       0.1164914     0.058521835       1.0577667       1.0047679       2.3445693   2.3445693e-09       2.4009188      0.24599859      0.24733078       13.748495       2.0856031      0.70546542      0.29445845      0.13977758       147.72294       1.0209174      0.83330979      0.62423771      0.45983921      0.84741079       1.0412717       7.9869029       1.0577667       10.385953       634.21005     0.088545445      0.088545445       803.37052                 21.228968                        390.22711                          222.75397             158.77452                       10.385953
             10       403.31092       68.700483       3.1470823      0.97632923     0.022619818      0.11715981     0.059179618       1.0519698      0.99737634       2.3268077   2.3268077e-09       2.4046715      0.24598942      0.24732157        13.74825       2.0670821      0.70239855      0.29752488       0.1404245       147.56767       1.0214151      0.84031866      0.62526338      0.46178925      0.84660762       1.0414574       8.0679549       1.0519698       10.537167       634.70377     0.088545445      0.088545445       806.44475                 21.432186                         390.2777                          222.99389             161.20382                       10.537167
              1        405.1146       68.633551       3.1478204      0.97562231     0.022602347      0.11692698     0.072243476       1.0378944      0.99769542       2.3285258   2.3285258e-09       2.4077282      0.24598196      0.24731408       13.761014       2.0152604       0.7023492      0.29757409      0.14017419       147.64954       1.0206037      0.83936689      0.62448807      0.46123571      0.84552289       1.0410545       9.3043684       1.0378944       10.695761       637.75562     0.088545445      0.088545445       810.05211                 22.004036                        395.39701                          220.35457             161.60073                       10.695761
              2       403.53675       68.498343       3.1433475      0.97509932     0.022576541      0.11720523     0.071414635       1.0373522       1.0035321       2.3181337   2.3181337e-09       2.4122532      0.24597091      0.24730299       13.766079       2.0095949      0.70063493      0.29928805      0.14042664       147.60383       1.0204656      0.84277123      0.62468451      0.46204373      0.84457533       1.0410171       9.2404239       1.0373522       11.314414       637.31236     0.088545445      0.088545445       806.89641                 21.915564                        394.92944                          220.46735             158.26964                       11.314414
              3       403.58734       68.520638       3.1443349       0.9752683      0.02257906      0.11710387     0.070522991       1.0391379       1.0034908       2.3204236   2.3204236e-09       2.4118109      0.24597199      0.24730408       13.766809       2.0151705      0.70104023       0.2988828       0.1403278       147.62814       1.0203504      0.84178607      0.62450406      0.46175382      0.84461743       1.0409682       9.1552371       1.0391379       11.171806       636.98027     0.088545445      0.088545445        806.9976                 21.830377                        394.38825                          220.76164             158.84552                       11.171806
              3       402.55608       68.682826       3.1485443      0.97545059     0.022668975      0.11722301     0.068446797       1.0426099       1.0032811       2.3302118   2.3302118e-09       2.3961015      0.24601037       0.2473426       13.746743       2.0320916      0.70200733      0.29791606      0.14053685       147.49599       1.0218332      0.84154914      0.62564441      0.46222246      0.84684531       1.0413465       8.9422213       1.0426099       10.727998       637.18276     0.088545445      0.088545445       804.93506                 21.862941                        393.22672                           222.0931             157.02431                       10.727998
             10       402.51854       68.682826         3.10673      0.97656583     0.022668975      0.11722301     0.068446797       1.0204089       1.0012966       2.2347847   2.2347847e-09       2.3961015      0.24601037       0.2473426       13.746743       1.9488731      0.70200733      0.29791606      0.14053685       147.49599       1.0011202      0.82449053      0.61296229      0.45285299      0.82967935       1.0413465       8.9422213       1.0204089       10.727998        637.2437     0.088545445      0.088545445       804.85999                 21.748507                        393.19694                          222.29826             156.88829                       10.727998
              1       401.92622       68.777342       3.1085121      0.97729977     0.022690165      0.11717479     0.059431856       1.0306637       1.0036368        2.238771    2.238771e-09       2.3924211      0.24601937      0.24735163       13.739136       1.9878692      0.70288294      0.29704067      0.14050982       147.48529       1.0014808      0.82317189      0.61315365      0.45266123      0.83054916        1.041521       8.0768353       1.0306637       10.473616       635.26693     0.088545445      0.088545445       803.67536                 21.407581                        390.29367                          223.56568             157.93481                       10.473616
              2       402.38903       68.572758       3.1002045      0.97702315      0.02258066      0.11747762     0.058527369       1.0271838       1.0052344       2.2202491   2.2202491e-09         2.41153      0.24597268      0.24730476       13.751935       1.9749926      0.70069628      0.29922686      0.14070315       147.52638       1.0006094      0.82666922      0.61283071      0.45325297      0.82859131        1.041518       8.0184291       1.0271838       10.978872       634.80952     0.088545445      0.088545445       804.60098                 21.383891                        390.20577                          223.21986             158.81258                       10.978872
              2       402.43613       68.589079       3.1007864      0.97707453     0.022583625      0.11744715     0.059227529       1.0267918       1.0052463       2.2215415   2.2215415e-09       2.4110097      0.24597395      0.24730604       13.751243       1.9733769      0.70089717      0.29902601      0.14067564        147.5312       1.0006614      0.82631112      0.61283265      0.45317833      0.82873303       1.0415264       8.0860222       1.0267918       10.903429        634.9105     0.088545445      0.088545445       804.69517                 21.393943                        390.26931                          223.24725             158.88124                       10.903429
              4       404.63232        68.73199       3.1026337      0.97838623     0.022524911      0.11710464     0.057459479       1.0302348       1.0059118       2.2256491   2.2256491e-09       2.4213435      0.24594879      0.24728078       13.749566       1.9840291      0.70298902      0.29693448      0.14027441       147.68864       1.0000929      0.82149559      0.61204726      0.45180404       0.8291246       1.0417352       7.9198621       1.0302348        10.32593       636.75484     0.088545445      0.088545445       809.08754                 21.142519                        390.22068                          225.39164             162.00677                        10.32593
              1       403.28225       68.932131       3.1101283      0.97928655     0.022553524      0.11653056     0.059933318       1.0323363       1.0033711        2.242392    2.242392e-09       2.4162996      0.24596105       0.2472931       13.746816       1.9890886      0.70585918      0.29406476      0.13972895       147.81062      0.99994247      0.81540886      0.61135943      0.45020194        0.830206       1.0416396       8.1464775       1.0323363       10.524556       636.33298     0.088545445      0.088545445       806.38741                 21.061529                        390.37662                          224.89483             159.52988                       10.524556
              6       400.77935       68.693553       3.1061914      0.97746195     0.022631853      0.11700235     0.055127222       1.0349638       1.0013015       2.2335815   2.2335815e-09       2.4025691      0.24599456      0.24732673       13.752836       2.0004095      0.70264669      0.29727673      0.14027907        147.5964       1.0002381      0.82223715      0.61214122      0.45200356      0.82901311       1.0412376       7.6611662       1.0349638       10.573083       634.12793     0.088545445      0.088545445       801.38161                 21.185221                        390.33499                          222.60772              156.6806                       10.573083
              4       400.91947       68.766899        3.109397      0.97753557     0.022676815      0.11687826     0.054290658       1.0375538       1.0012356       2.2407528   2.2407528e-09       2.3947389      0.24601371      0.24734594       13.748518       2.0101926      0.70344799      0.29647558      0.14019994       147.57951        1.000518      0.82091002      0.61222615      0.45176139      0.82968769       1.0412072       7.5655166       1.0375538       10.465598       634.48032     0.088545445      0.088545445       801.66184                 21.173177                        390.52037                          222.78677             156.71592                       10.465598
              3       401.13486       68.766899       3.1007937       0.9752181     0.022676815      0.11687826     0.054290658       1.0320098       1.0016857       2.2215576   2.2215576e-09       2.3947389      0.24601371      0.24734594       13.748518       1.9929726      0.70344799      0.29647558      0.14019994       147.57951       0.9953365      0.81665864      0.60905552      0.44942178      0.82539085       1.0412072       7.5655166       1.0320098       10.465598       634.01304     0.088545445      0.088545445       802.09262                 21.612545                        390.39272                          222.00778             157.61398                       10.465598
              2       401.32079       68.586478       3.0957075      0.97463483     0.022623103      0.11705421     0.056698782       1.0279437       1.0013177       2.2102871   2.2102871e-09       2.4040974      0.24599083      0.24732298        13.76113       1.9733347      0.70162587       0.2982973      0.14032218       147.59229       0.9947168      0.81958494      0.60880896      0.44992836      0.82379415       1.0409978        7.820051       1.0279437       10.982736       632.96882     0.088545445      0.088545445        802.4645                 21.607412                        390.16508                          221.19632             158.51294                       10.982736
              2       401.15593       68.586478       3.1465394      0.97382186     0.022623103      0.11705421     0.056698782       1.0534021      0.99990713       2.3255447   2.3255447e-09       2.4040974      0.24599083      0.24732298        13.76113       2.0762362      0.70162587       0.2982973      0.14032218       147.59229       1.0200048      0.84042067      0.62428628      0.46136657      0.84473688       1.0409978        7.820051       1.0534021       10.982736       632.27235     0.088545445      0.088545445       802.13476                 21.844889                        390.14807                          220.27939             158.87968                       10.982736
              5       402.99668       68.660027       3.1471812      0.97434403     0.022602992      0.11700438     0.057124748       1.0533544       1.0078789       2.3270378   2.3270378e-09       2.4076151      0.24598223      0.24731435       13.756535          2.0758      0.70241313      0.29751021      0.14025224       147.62808       1.0201153      0.83896489      0.62427608      0.46105439      0.84528123       1.0412143        7.866384       1.0533544       10.611399       632.71731     0.088545445      0.088545445       805.81626                 21.776596                        390.13498                          220.80573             162.48756                       10.611399
              1       403.22257       68.660027       3.1599173      0.97697397     0.022602992      0.11700438     0.057124748       1.0602632       1.0082542       2.3568646   2.3568646e-09       2.4076151      0.24598223      0.24731435       13.756535       2.1024066      0.70241313      0.29751021      0.14025224       147.62808       1.0276687      0.84517703      0.62889855      0.46446828      0.85154014       1.0412143        7.866384       1.0602632       10.611399       632.72786     0.088545445      0.088545445       806.26806                 21.357875                        390.17965                          221.19034             162.92879                       10.611399
              7       402.21383       68.667028       3.1601226      0.97700805     0.022603545      0.11699008     0.057161324       1.0606392        1.006977       2.3573486   2.3573486e-09       2.4075183      0.24598247      0.24731459       13.756292       2.1026845      0.70250297      0.29742038      0.14023849        147.6313       1.0276722      0.84499329      0.62888526       0.4644234      0.85158643       1.0412183       7.8696525       1.0606392       10.588763       632.76394     0.088545445      0.088545445       804.25058                 21.326374                        390.17812                          221.25944             160.89788                       10.588763
              8       402.47385       68.667028       3.1558566      0.97897504     0.022603545      0.11699008     0.057161324       1.0586928       1.0070125       2.3473135   2.3473135e-09       2.4075183      0.24598247      0.24731459       13.756292       2.0937335      0.70250297      0.29742038      0.14023849        147.6313       1.0262579      0.84383037      0.62801976      0.46378424      0.85041444       1.0412183       7.8696525       1.0586928       10.588763       633.73282     0.088545445      0.088545445       804.77061                 21.034767                        390.21701                          222.48104             160.44903                       10.588763
              2       403.04775       68.849805         3.16296      0.97953351     0.022645445      0.11658331     0.063813441       1.0555642        1.007094       2.3640469   2.3640469e-09       2.4001981      0.24600036      0.24733254       13.750122       2.0807909      0.70485014      0.29507362      0.13987362        147.6936       1.0266819      0.83929662      0.62787017      0.46275642      0.85189733       1.0412169       8.4988789       1.0555642       10.352991       634.55417     0.088545445      0.088545445       805.91841                 21.133332                        391.24151                          222.17933             161.01124                       10.352991
              2       406.85504       68.587674        3.154687      0.97798796     0.022638934      0.11734722     0.065930997       1.0499833       1.0067931       2.3445696   2.3445696e-09       2.4013335      0.24599758      0.24732976       13.752585       2.0549261      0.70097978       0.2989434      0.14063102       147.49625       1.0273285      0.84811223       0.6291144      0.46518625       0.8508096       1.0412737       8.7156938       1.0499833       11.089512       640.57609     0.088545445      0.088545445       813.53299                 21.222617                        392.06327                          227.29021             161.86738                       11.089512
              6        405.9244       69.058399        3.170153      0.97975656     0.022747771      0.11646929     0.065792736       1.0559492       1.0075841       2.3811127   2.3811127e-09       2.3824587      0.24604373      0.24737608       13.732048       2.0875318      0.70665499      0.29326923      0.13986193       147.61004       1.0280854      0.83708233      0.62871537      0.46266932      0.85435321       1.0414503        8.659862       1.0559492       10.568384       637.33945     0.088545445      0.088545445       811.67172                 21.315309                        391.89023                          224.13391             163.76388                       10.568384
              2       403.72846       69.027157       3.1709087      0.97927304     0.022782573      0.11650808     0.067909129       1.0544946       1.0012234       2.3829128   2.3829128e-09       2.3764705      0.24605835      0.24739075       13.732789       2.0802859      0.70623495      0.29368921      0.13993552        147.5609       1.0283437      0.83818203      0.62895603      0.46301204      0.85437452       1.0413103       8.8498041       1.0544946       10.461771        637.5072     0.088545445      0.088545445       807.27983                 21.398409                        392.77863                          223.33016             159.31086                       10.461771
              6        403.8312       69.027157         3.17037      0.97500532     0.022782573      0.11650808     0.067909129       1.0538941        1.001037       2.3816295   2.3816295e-09       2.3764705      0.24605835      0.24739075       13.732789       2.0791656      0.70623495      0.29368921      0.13993552        147.5609       1.0263767      0.83657875      0.62775296      0.46212639      0.85274027       1.0413103       8.8498041       1.0538941       10.461771       638.46174     0.088545445      0.088545445       807.48531                 22.127691                        392.85652                          223.47753             158.56179                       10.461771
              3       404.67311       69.028297       3.1704097      0.97502228      0.02278251       0.1164984      0.06758137       1.0545964       1.0060318        2.381724    2.381724e-09       2.3764812      0.24605833      0.24739073       13.732954       2.0806116      0.70626509      0.29365907      0.13992578       147.56357       1.0263441      0.83648185      0.62772212      0.46209183      0.85272026       1.0413034       8.8190935       1.0545964       10.465582       637.85421     0.088545445      0.088545445       809.16913                  22.07591                        392.70957                          223.06873             160.84934                       10.465582
              1        405.7186       69.028297       3.1714987      0.97555832      0.02278251       0.1164984      0.06758137        1.054737       1.0073097       2.3843192   2.3843192e-09       2.3764812      0.24605833      0.24739073       13.732954       2.0828786      0.70626509      0.29365907      0.13992578       147.56357       1.0271152      0.83711025      0.62819369      0.46243897      0.85336086       1.0413034       8.8190935        1.054737       10.465582       638.26746     0.088545445      0.088545445        811.2601                 22.032467                        392.69827                          223.53671             162.52707                       10.465582
              4       405.89872       69.030881       3.1715477      0.97558307     0.022781332      0.11648964     0.067582305       1.0553227      0.99653641       2.3844359   2.3844359e-09       2.3766836      0.24605783      0.24739023       13.732999       2.0829767      0.70630794      0.29361623      0.13991584       147.56723       1.0270986      0.83700251      0.62817241      0.46240644      0.85336307       1.0413047       8.8193093       1.0553227        10.47226       637.53579     0.088545445      0.088545445       811.62034                 21.964653                        392.71479                          222.85635             163.61229                        10.47226
             11        405.8924       68.633817       3.1584949      0.97401029     0.022668241      0.11727937     0.077629849       1.0381177       1.0013101       2.3535147   2.3535147e-09       2.3962293      0.24601006      0.24734228       13.749557       2.0150623      0.70146353      0.29845975      0.14059247       147.48174       1.0268837      0.84679523      0.62879891      0.46476479      0.85072723       1.0412632       9.7826868       1.0381177       10.948743        642.9732     0.088545445      0.088545445       811.60771                 22.441865                        399.10365                          221.42768             157.68577                       10.948743
              1       406.41799       68.633817        3.115796      0.97201678     0.022668241      0.11727937     0.077629849       1.0157266       1.0011794       2.2551374   2.2551374e-09       2.3962293      0.24601006      0.24734228       13.749557       1.9308324      0.70146353      0.29845975      0.14059247       147.48174       1.0044249      0.82827509      0.61504654      0.45459999       0.8321211       1.0412632       9.7826868       1.0157266       10.948743       643.96719     0.088545445      0.088545445       812.65889                 22.903033                        399.25864                          221.80552             157.74295                       10.948743
              3       405.99608       68.262618       3.1002361      0.97239315     0.022402142      0.11739527      0.07000787       1.0157974       1.0017845       2.2203192   2.2203192e-09       2.4431645      0.24589618      0.24722798       13.786579       1.9302224      0.69853026      0.30139219      0.14044228       147.74798       1.0010882      0.83056468      0.61283956       0.4540773        0.827111       1.0409653       9.1593797       1.0157974       12.190592       636.35708     0.088545445      0.088545445       811.81506                 22.386379                        394.37166                          219.59904             163.26739                       12.190592
              6       406.21262       68.262618       3.1006261       0.9724092     0.022402142      0.11739527      0.07000787       1.0164084        1.001215       2.2211853   2.2211853e-09       2.4431645      0.24589618      0.24722798       13.786579       1.9309753      0.69853026      0.30139219      0.14044228       147.74798       1.0012895      0.83073174      0.61296283      0.45416863      0.82727736       1.0409653       9.1593797       1.0164084       12.190592        636.2183     0.088545445      0.088545445       812.24814                 22.330173                        394.37773                           219.5104             163.83925                       12.190592
              7       406.79916       68.262618       3.0631885      0.97469579     0.022402142      0.11739527      0.07000787      0.99707372       1.0057696       2.1395669   2.1395669e-09       2.4431645      0.24589618      0.24722798       13.786579       1.8600209      0.69853026      0.30139219      0.14044228       147.74798      0.98357872      0.81603777      0.60212075       0.4461353      0.81264449       1.0409653       9.1593797      0.99707372       12.190592       636.75818     0.088545445      0.088545445       813.42124                 21.978284                        394.31542                          220.46448             164.47246                       12.190592
              5       405.33399       68.014723       3.0581378      0.97208702     0.022587886      0.11840934     0.053003904       1.0102705        1.003612       2.1287878   2.1287878e-09       2.4102623      0.24597577      0.24730787       13.775821       1.9146693      0.69373507      0.30618681       0.1416421       147.27008      0.98509628      0.82748256      0.60433363      0.44954522      0.81241913       1.0408293       7.4776323       1.0102705       17.389191       633.62603     0.088545445      0.088545445       810.49088                 22.005664                        390.52094                          221.09942             159.47566                       17.389191
              1       404.92003       68.649826       3.0774902      0.97633451     0.022495883      0.11636599     0.065141226       1.0102943       1.0025972       2.1703862   2.1703862e-09       2.4264764      0.24593633      0.24726829       13.777894        1.905268      0.70390656      0.29601676      0.13950674       147.91948       0.9833186       0.8049882      0.60095652      0.44327386       0.8147305       1.0407721       8.6569403       1.0102943       10.411916       634.42615     0.088545445      0.088545445       809.66297                 21.574578                        391.81161                          221.03996             164.82491                       10.411916
              1       406.03655       68.587098        3.070358      0.97623828     0.022433657      0.11705177     0.066483654       1.0054671       1.0024348       2.1549617   2.1549617e-09       2.4375348      0.24590966      0.24724152        13.76633       1.8866554      0.70203917        0.297884       0.1401303       147.80486      0.98427937      0.80997746      0.60221475       0.4449008      0.81515387        1.041482       8.8141634       1.0054671       10.464277       638.15027     0.088545445      0.088545445       811.89601                 21.553547                         392.4168                          224.17992             163.28147                       10.464277
              5       406.38318       68.587098       3.0813885      0.97852191     0.022433657      0.11705177     0.066483654       1.0117754       1.0008735       2.1788635   2.1788635e-09       2.4375348      0.24590966      0.24724152        13.76633       1.9075813      0.70203917        0.297884       0.1401303       147.80486      0.99059077       0.8151712      0.60607628       0.4477536      0.82038081        1.041482       8.8141634       1.0117754       10.464277       640.38019     0.088545445      0.088545445       812.58928                 21.145577                        392.37276                          226.86185             161.74481                       10.464277
              1        405.9384       68.587098       3.0840157      0.97854431     0.022433657      0.11705177     0.066483654       1.0130798       1.0026418       2.1845953   2.1845953e-09       2.4375348      0.24590966      0.24724152        13.76633       1.9125994      0.70203917        0.297884       0.1401303       147.80486      0.99190139      0.81624973      0.60687816      0.44834601      0.82146623        1.041482       8.8141634       1.0130798       10.464277       640.29299     0.088545445      0.088545445        811.6997                 21.144861                        392.37276                          226.77537             160.94243                       10.464277
              1       404.27497       68.503791        3.082588      0.97860265       0.0223931      0.11682863     0.063256799       1.0152764       1.0045213       2.1814787   2.1814787e-09       2.4447834      0.24589231      0.24722411       13.780956       1.9222365      0.70187597      0.29804702      0.13986659       147.91031      0.99065032      0.81512623      0.60582736      0.44763092      0.81993172       1.0410985       8.5110862       1.0152764       10.599975       635.85065     0.088545445      0.088545445       808.37285                 21.095627                        391.16389                          223.59113             161.92223                       10.599975
              4       403.55394        68.70174        3.090128      0.97836743     0.022587985      0.11687875     0.049311613        1.032217       0.9993042       2.1979892   2.1979892e-09        2.410245      0.24597581      0.24730791       13.756694       1.9915629      0.70307237      0.29685107       0.1401116       147.67862      0.99222425      0.81464676      0.60705545      0.44808769      0.82242008       1.0412419       7.0759219        1.032217       10.455483        636.0492     0.088545445      0.088545445       806.93079                 21.008537                        392.46072                          222.57994              160.4261                       10.455483
              3       403.40427       68.770357       3.0917741      0.97879726     0.022586255      0.11673063     0.048024028       1.0346124       1.0010169       2.2016101   2.2016101e-09       2.4105484      0.24597507      0.24730717       13.754729       1.9999875      0.70398144      0.29594215      0.13996175       147.72021      0.99212508      0.81272585      0.60683242       0.4475798      0.82274844        1.041291       6.9400365       1.0346124       10.346312        637.2379     0.088545445      0.088545445       806.63145                 20.933726                        393.35985                          222.94433             159.04723                       10.346312
              2       403.39048       68.770357       3.1187091      0.97928094     0.022586255      0.11673063     0.048024028       1.0487064      0.99933377       2.2617163   2.2617163e-09       2.4105484      0.24597507      0.24730717       13.754729       2.0545892      0.70398144      0.29594215      0.13996175       147.72021       1.0057641       0.8238986       0.6151747      0.45373279      0.83405897        1.041291       6.9400365       1.0487064       10.346312       637.17992     0.088545445      0.088545445       806.60386                 20.873252                        393.36542                          222.94125             159.07763                       10.346312
              1       402.41374       68.805449       3.1237324      0.97891198     0.022645288      0.11645681     0.055865149       1.0451183       1.0031913       2.2731063   2.2731063e-09       2.4002255      0.24600029      0.24733248       13.757513       2.0328058        0.704737      0.29518666      0.13974697       147.72777       1.0059763       0.8223886      0.61506829      0.45336451      0.83444777       1.0409498       7.7224779       1.0451183       10.384131       635.88437     0.088545445      0.088545445       804.65039                 20.901329                        390.35086                          224.63218             158.38189                       10.384131
              3       402.97125       68.975639       3.1281369      0.97922749     0.022680279      0.11647718     0.066246282       1.0337613       1.0031509       2.2831403   2.2831403e-09       2.3941372      0.24601518      0.24734742       13.740969       1.9998242      0.70607592      0.29384812      0.13980232       147.68322       1.0074407      0.82123769      0.61602467      0.45355383      0.83669539       1.0413866       8.7191389       1.0337613       10.468997       637.09004     0.088545445      0.088545445       805.76542                 21.360522                        392.11683                           223.6127             158.20638                       10.468997
              7       403.22665       68.975639       3.1615113      0.97838252     0.022680279      0.11647718     0.066246282       1.0508566       1.0029044       2.3606246   2.3606246e-09       2.3941372      0.24601518      0.24734742       13.740969       2.0676934      0.70607592      0.29384812      0.13980232       147.68322       1.0240594       0.8347848      0.62618659      0.46103564      0.85049749       1.0413866       8.7191389       1.0508566       10.468997        637.2748     0.088545445      0.088545445       806.27621                  21.51719                        392.11859                          223.63902             158.53241                       10.468997
              1       404.79528       69.355379       3.1752208      0.97912716     0.022869284      0.11599635     0.058349681       1.0672706       1.0038495       2.3932103   2.3932103e-09       2.3616514      0.24609445      0.24742697       13.715544       2.1296046      0.70989242      0.29003245       0.1395105       147.60169       1.0254539      0.82841706      0.62671181      0.45991707      0.85399677       1.0415083       7.9109787       1.0672706       11.769394        636.4269     0.088545445      0.088545445       809.41348                 21.242559                        390.17934                            225.005             161.21718                       11.769394
              4       404.16458       69.248977       3.1706087      0.97879074     0.022841953      0.11630056     0.054932496       1.0684799        1.003453       2.3821981   2.3821981e-09       2.3663069      0.24608312       0.2474156       13.717327       2.1343425      0.70842285      0.29150179      0.13978738       147.55043       1.0253919       0.8315044      0.62698462      0.46069892      0.85328985       1.0415913       7.5858421       1.0684799        11.11477        636.3968     0.088545445      0.088545445       808.15207                 21.182378                         390.4412                          224.77322             160.64049                        11.11477
              3       403.91265        69.30167       3.1736968      0.97885686      0.02286205      0.11610489     0.059477259       1.0654942       1.0017199       2.3895659   2.3895659e-09       2.3628822      0.24609145      0.24742397       13.717492       2.1215718      0.70923164      0.29069311      0.13961181       147.58068       1.0254784      0.82981355      0.62684053      0.46027327      0.85368644       1.0414851       8.0238665       1.0654942       11.412721       636.09338     0.088545445      0.088545445        807.6482                 21.268747                        390.24757                          224.57707              160.1421                       11.412721
              6       405.99247        69.30167       3.1745035      0.97858883      0.02286205      0.11610489     0.059477259       1.0679481       1.0035653       2.3914944   2.3914944e-09       2.3628822      0.24609145      0.24742397       13.717492       2.1232839      0.70923164      0.29069311      0.13961181       147.58068       1.0257858      0.83006223      0.62702838      0.46041121      0.85394228       1.0414851       8.0238665       1.0679481       11.412721       639.18807     0.088545445      0.088545445       811.80785                  21.12195                        390.27728                          227.78884             161.20705                       11.412721
              3       404.36087       69.297348       3.1753877      0.97837693     0.022874006      0.11609392     0.063929757       1.0625612       1.0017795       2.3936098   2.3936098e-09       2.3608484       0.2460964      0.24742894       13.717844       2.1063216      0.70919331      0.29073144      0.13961279        147.5703       1.0260062       0.8303132      0.62716422      0.46052613      0.85409913       1.0414298       8.4468053       1.0625612       11.352562       637.49127     0.088545445      0.088545445       808.54466                 21.356709                        391.13752                          224.99704             159.70083                       11.352562
              5       405.34853       69.370431       3.1773916      0.97872051     0.022882213      0.11596918     0.063650881       1.0631293       1.0043183       2.3984112   2.3984112e-09       2.3594538      0.24609979      0.24743234       13.714612       2.1117242       0.7100479        0.289877      0.13949626        147.5946       1.0260727      0.82860701      0.62707399      0.46012118      0.85460484       1.0414903        8.416349       1.0631293       11.830364       637.26822     0.088545445      0.088545445       810.51997                 21.394896                        391.05248                          224.82084             161.42138                       11.830364
              4       405.15539       69.379601       3.1773492      0.97899207     0.022852455      0.11586196     0.065412871       1.0615931      0.99996108       2.3983095   2.3983095e-09       2.3645164      0.24608747      0.24741998        13.71755       2.1042063       0.7104091      0.28951583      0.13935928       147.65655       1.0257438      0.82746711      0.62671901       0.4597174      0.85438731       1.0414783       8.5875512       1.0615931       12.087391       637.27629     0.088545445      0.088545445       810.13369                 21.369774                        391.64297                          224.26355             160.77001                       12.087391
              4       403.92575       69.320783        3.173521      0.97941467     0.022761179      0.11584884     0.065393062       1.0601632       1.0029952       2.3891458   2.3891458e-09       2.3801489      0.24604937      0.24738174       13.725571       2.0962495      0.71013472      0.28979008      0.13925488       147.76185       1.0248799      0.82712418      0.62607385      0.45935288      0.85330578       1.0415239       8.6076114       1.0601632       12.088994        636.5795     0.088545445      0.088545445       807.67441                 21.238482                        391.69056                          223.65045             159.00592                       12.088994
              1       406.49331       69.448696       3.1779766      0.98013893     0.022772795      0.11543936     0.063383928         1.06426       1.0072455       2.3998146   2.3998146e-09       2.3781505      0.24605425      0.24738664       13.725235       2.1140882       0.7120264      0.28789867      0.13885702       147.85928       1.0244352      0.82266519      0.62535478      0.45807479      0.85372217        1.041429        8.407258         1.06426       13.401047       636.41155     0.088545445      0.088545445       812.80953                 21.170514                        390.98401                          224.25702             162.99693                       13.401047
              3       405.45793       69.446388       3.1744625      0.98067888     0.022716974      0.11556991     0.056168603       1.0714463        1.001724       2.3913962   2.3913962e-09        2.387777      0.24603073      0.24736303       13.723389       2.1372932      0.71185232      0.28807274      0.13893175       147.88648       1.0240932      0.82282437      0.62523008      0.45805266      0.85342296       1.0417064       7.7239737       1.0714463       13.654124       636.84379     0.088545445      0.088545445       810.73877                 20.835297                        390.34956                          225.65894             160.24085                       13.654124
              3        405.7848       69.446388       3.1323737      0.98197428     0.022716974      0.11556991     0.056168603       1.0488806        1.004354        2.292834    2.292834e-09        2.387777      0.24603073      0.24736303       13.723389       2.0492039      0.71185232      0.28807274      0.13893175       147.88648       1.0032709       0.8060943       0.6125176      0.44873931      0.83607075       1.0417064       7.7239737       1.0488806       13.654124       637.10442     0.088545445      0.088545445       811.39251                 20.709612                        390.35846                          226.03635             160.63396                       13.654124
              3        408.3357       69.446388        3.089587      0.97941584     0.022716974      0.11556991     0.056168603       1.0263099        1.006473       2.1968004   2.1968004e-09        2.387777      0.24603073      0.24736303       13.723389       1.9633746      0.71185232      0.28807274      0.13893175       147.88648      0.98106199      0.78825023      0.59895863      0.43880581       0.8175631       1.0417064       7.7239737       1.0263099       13.654124       637.16192     0.088545445      0.088545445       816.49432                 21.039356                        390.27755                          225.84502             165.67827                       13.654124
              3       407.43414       69.446388       3.0997172      0.97817139     0.022716974      0.11556991     0.056168603        1.031817       1.0050456       2.2191676   2.2191676e-09        2.387777      0.24603073      0.24736303       13.723389       1.9833651      0.71185232      0.28807274      0.13893175       147.88648      0.98556868       0.7918712      0.60171005      0.44082154      0.82131872       1.0417064       7.7239737        1.031817       13.654124       637.34478     0.088545445      0.088545445       814.69118                  21.17494                        390.27423                           225.8956             163.69228                       13.654124
              9       408.94972       69.749911       3.1128922      0.97874996     0.022863602      0.11491344     0.056210487       1.0387427       1.0025229       2.2485985   2.2485985e-09       2.3626181      0.24609209      0.24742461       13.710757       2.0095004      0.71540262       0.2845231      0.13842191       147.89991      0.98617716      0.78527797      0.60152842      0.43932461      0.82361978       1.0415146       7.6851596       1.0387427       16.821369       638.04092     0.088545445      0.088545445       817.72235                 21.173253                        390.29952                          226.56815             162.86006                       16.821369
              3       405.88415       69.098932        3.091168      0.97606583     0.022731897      0.11630584     0.057741145       1.0242768      0.99707056       2.2002762   2.2002762e-09       2.3851977      0.24603704      0.24736936       13.733381       1.9603061       0.7073746      0.29254971      0.13968261       147.67161      0.98593415      0.80122437      0.60274483      0.44328539      0.81956533       1.0414353       7.8871359       1.0242768       10.765662        635.4259     0.088545445      0.088545445       811.59122                 21.573973                         390.1581                          223.69382             165.39966                       10.765662
              2        404.6339       69.097375       3.0942536      0.97631936     0.022721437      0.11576128     0.058169161       1.0274961       1.0017352       2.2070759   2.2070759e-09       2.3870051      0.24603262      0.24736492       13.748731       1.9646816      0.70852392      0.29140039      0.13912758       147.82987      0.98461343       0.7973124      0.60133858      0.44181616      0.81845825       1.0408699       7.9211863       1.0274961       10.979556       634.86042     0.088545445      0.088545445       809.09071                 21.366077                        390.16924                          223.32511             163.25073                       10.979556
              2       405.64643       69.097375       3.1016256       0.9729882     0.022721437      0.11576128     0.058169161       1.0306341       1.0011518       2.2234065   2.2234065e-09       2.3870051      0.24603262      0.24736492       13.748731       1.9792187      0.70852392      0.29140039      0.13912758       147.82987      0.98698395      0.79923198      0.60278633      0.44287986      0.82042874       1.0408699       7.9211863       1.0306341       10.979556       635.65609     0.088545445      0.088545445       811.11578                 21.961963                        390.09954                          223.59458             164.48013                       10.979556
              1       404.89477       69.097375       3.0958043      0.97499307     0.022721437      0.11576128     0.058169161        1.026843       1.0046625       2.2105011   2.2105011e-09       2.3870051      0.24603262      0.24736492       13.748731       1.9677306      0.70852392      0.29140039      0.13912758       147.82987      0.98487432      0.79752366      0.60149791      0.44193323      0.81867512       1.0408699       7.9211863        1.026843       10.979556        635.0426     0.088545445      0.088545445       809.61245                 21.719454                        390.10002                          223.22312             163.59029                       10.979556
             11       404.06585       69.004578       3.0925333      0.97467381     0.022697735      0.11594587     0.057496614       1.0256506       1.0026498       2.2032822   2.2032822e-09       2.3911085      0.24602258      0.24735485       13.752501       1.9639445      0.70740154      0.29252257      0.13928847        147.8066      0.98473513      0.79963665       0.6015867      0.44242338      0.81800957       1.0408553       7.8635991       1.0256506       10.650029       634.61835     0.088545445      0.088545445       807.95461                  21.74683                         390.1374                          222.73412             162.68623                       10.650029
              3       405.57967       68.912763       3.0843742      0.97394377     0.022707403      0.11699037     0.050623307       1.0271374       1.0007103       2.1853787   2.1853787e-09       2.3894335      0.24602668      0.24735896       13.731755       1.9749489      0.70440156      0.29552234      0.14034264       147.51542      0.98650445      0.80792499      0.60380466      0.44518861      0.81893396       1.0416815       7.1895183       1.0271374         10.3261         638.116     0.088545445      0.088545445       810.98225                  21.76467                        391.51805                          224.83329             162.54015                         10.3261
              3       406.43588       68.898594       3.0844124       0.9736763     0.022738844      0.11707316     0.047426196       1.0302748       1.0005573       2.1854622   2.1854622e-09       2.3839983      0.24603997       0.2473723       13.729891       1.9876936      0.70403934      0.29588453      0.14045687       147.45829       0.9866843      0.80888039      0.60403759      0.44549674      0.81899905       1.0416468       6.8528591       1.0302748       10.342094       640.18261     0.088545445      0.088545445       812.69467                 21.748568                         393.3685                          225.06554             162.16996                       10.342094
              1       407.38231       68.190846       3.0658996      0.96959474     0.022729638       0.1185959     0.054556865       1.0105304       1.0042183       2.1453754   2.1453754e-09       2.3855878      0.24603608       0.2473684       13.751265       1.9236046      0.69460903      0.30531325       0.1419704       147.06339      0.98716157      0.82815807      0.60595126      0.45042668      0.81517581       1.0411857       7.6078704       1.0105304       16.307901       639.61907     0.088545445      0.088545445       814.58752                 22.809491                        390.11654                          226.69304             158.66055                       16.307901
              1       405.95292       68.190846       3.0925395      0.96832083     0.022729638       0.1185959     0.054556865       1.0244866       1.0031417       2.2032959   2.2032959e-09       2.3855878      0.24603608       0.2473684       13.751265       1.9755377      0.69460903      0.30531325       0.1419704       147.06339      0.99991266      0.83885533      0.61377829      0.45624481      0.82570537       1.0411857       7.6078704       1.0244866       16.307901       638.77773     0.088545445      0.088545445       811.72875                 23.012436                        390.10304                          225.66226             156.64312                       16.307901
              1       404.67176       68.190846       3.1091811      0.97109899     0.022729638       0.1185959     0.054556865       1.0346181       1.0026092        2.240269    2.240269e-09       2.3855878      0.24603608       0.2473684       13.751265       2.0086889      0.69460903      0.30531325       0.1419704       147.06339       1.0093364       0.8467612       0.6195629      0.46054473      0.83348731       1.0411857       7.6078704       1.0346181       16.307901       637.26738     0.088545445      0.088545445       809.16642                 22.270984                        390.17994                          224.81646             155.59114                       16.307901
              1       404.58567       68.248716        3.112708      0.97224199     0.022627132       0.1181118     0.063120607       1.0263477       1.0000215       2.2481844   2.2481844e-09       2.4033935      0.24599255       0.2473247       13.762079       1.9815547      0.69638609      0.30353633       0.1413838       147.30556        1.009485      0.84280599      0.61901305      0.45946504      0.83396367       1.0411099       8.4644125       1.0263477       14.268307       637.06163     0.088545445      0.088545445       808.99425                  22.51403                        391.22607                          223.32153             157.66431                       14.268307
             10        402.5164        68.33626       3.1160938      0.97265428     0.022644813      0.11778549     0.062840696       1.0312499       1.0021394        2.255809    2.255809e-09       2.4003083      0.24600009      0.24733227       13.762729       1.9893884       0.6978244      0.30209822      0.14107517       147.37278        1.009048      0.83938587      0.61840712      0.45847063       0.8341371       1.0409786       8.4271548       1.0312499       13.252089       634.73952     0.088545445      0.088545445       804.85571                 22.113901                        391.08181                          221.54381              156.8641                       13.252089
              3       401.92341        68.33626       3.1152858       0.9725133     0.022644813      0.11778549     0.062840696       1.0298906       1.0025666       2.2539872   2.2539872e-09       2.4003083      0.24600009      0.24733227       13.762729       1.9877818       0.6978244      0.30209822      0.14107517       147.37278       1.0085861      0.83900166      0.61812405      0.45826077      0.83375529       1.0409786       8.4271548       1.0298906       13.252089       634.06507     0.088545445      0.088545445       803.66972                 22.252923                         391.0804                          220.73174             156.35257                       13.252089
              3       402.46058       68.425791       3.1180138      0.97309798     0.022638556      0.11754798     0.062868728       1.0311881         1.00575       2.2601445   2.2601445e-09       2.4013994      0.24599742       0.2473296       13.761445       1.9931002      0.69913527      0.30078755       0.1408314       147.44309       1.0085553      0.83624664      0.61783799      0.45755107      0.83427579        1.041008       8.4271494       1.0311881       12.266008       634.03347     0.088545445      0.088545445       804.74406                 22.190729                        391.07349                          220.76924             158.44459                       12.266008
              6       401.68171       68.425791       3.0962905      0.97464618     0.022638556      0.11754798     0.062868728       1.0202936       1.0030329       2.2115761   2.2115761e-09       2.4013994      0.24599742       0.2473296       13.761445       1.9502703      0.69913527      0.30078755       0.1408314       147.44309      0.99825114      0.82770289      0.61152567      0.45287637      0.82575218        1.041008       8.4271494       1.0202936       12.266008       634.04636     0.088545445      0.088545445       803.18634                 21.893087                         391.0638                          221.08948             156.87397                       12.266008
              2       403.85251       68.425791       3.1080319       0.9715976     0.022638556      0.11754798     0.062868728       1.0249378       1.0006713       2.2376961   2.2376961e-09       2.4013994      0.24599742       0.2473296       13.761445       1.9733041      0.69913527      0.30078755       0.1408314       147.44309       1.0029588      0.83160624      0.61440956      0.45501208      0.82964633        1.041008       8.4271494       1.0249378       12.266008       637.03724     0.088545445      0.088545445       807.52793                 22.613471                        391.09936                          223.32441             158.22469                       12.266008
              4        402.5163       68.527821       3.1110408      0.97220261     0.022639523      0.11729683     0.062252071       1.0292743       1.0050383       2.2444393   2.2444393e-09       2.4012308      0.24599783      0.24733001       13.759241       1.9816931      0.70056326      0.29935978      0.14058122       147.50906       1.0028868      0.82861037      0.61409244      0.45423659      0.83020508       1.0410408       8.3631928       1.0292743       11.433579       633.91879     0.088545445      0.088545445       804.85551                 22.242569                        390.86975                          220.80647             159.50315                       11.433579
              6        402.6214       68.485053       3.1093498      0.97187159     0.022644627      0.11750787     0.062206382        1.028081       1.0050443       2.2406471   2.2406471e-09       2.4003408      0.24600001      0.24733219       13.757126       1.9785257      0.69972832      0.30019463      0.14079736         147.447       1.0032133      0.83070087      0.61452831      0.45487558      0.83021613       1.0411257       8.3614954        1.028081        11.81463       634.32153     0.088545445      0.088545445       805.06571                 22.325103                        390.86786                          221.12857             158.92955                        11.81463
              2        404.3749       68.485053       3.1498168       0.9804989     0.022644627      0.11750787     0.062206382       1.0501536       1.0058891        2.333179    2.333179e-09       2.4003408      0.24600001      0.24733219       13.757126       2.0602327      0.69972832      0.30019463      0.14079736         147.447       1.0271099      0.85048827      0.62916646      0.46571078      0.84999199       1.0411257       8.3614954       1.0501536        11.81463       637.67471     0.088545445      0.088545445       808.57271                 20.901664                        390.88105                            225.892             159.08337                        11.81463
              4       402.65209       68.594539       3.1531744      0.98093831     0.022667891      0.11729915      0.06164919       1.0520861       1.0010622       2.3410259   2.3410259e-09       2.3962901      0.24600991      0.24734213       13.752499       2.0694666      0.70108025      0.29884295       0.1406119       147.47685       1.0271781      0.84777398      0.62900089      0.46506324      0.85072757       1.0411687       8.2986464       1.0520861       11.155698        636.3808     0.088545445      0.088545445       805.12709                 20.897192                        390.71242                          224.77119             157.59059                       11.155698
              2       406.10282       68.629118       3.1572878      0.98054479      0.02270107      0.11734154     0.074905895       1.0402544      0.99982689       2.3506754   2.3506754e-09       2.3905305        0.246024      0.24735627        13.74738       2.0236259      0.70122095      0.29870232      0.14068748       147.42859       1.0289471       0.8490883       0.6301688      0.46587193      0.85240747       1.0412313       9.5296218       1.0402544       11.105476       642.58569     0.088545445      0.088545445       812.02855                 21.262649                        396.74743                          224.57561             158.33738                       11.105476
              1       406.91424       68.629118       3.1127706      0.98188224      0.02270107      0.11734154     0.074905895       1.0172125       1.0023781        2.248325    2.248325e-09       2.3905305        0.246024      0.24735627        13.74738       1.9355155      0.70122095      0.29870232      0.14068748       147.42859       1.0068155      0.83082529      0.61661452      0.45585151      0.83407307       1.0412313       9.5296218       1.0172125       11.105476       643.87441     0.088545445      0.088545445       813.65139                 21.089909                        396.72359                          226.06091             158.67151                       11.105476
              2       407.69591       68.676194        3.113968      0.98237963     0.022675085      0.11720036     0.075201343        1.018898      0.99926307       2.2510188   2.2510188e-09       2.3950395      0.24601297       0.2473452       13.747781       1.9366898      0.70198484      0.29793854      0.14052031       147.49524       1.0068442      0.82922097      0.61644887      0.45543744      0.83438289        1.041287       9.5605407        1.018898       10.769752       646.30372     0.088545445      0.088545445       815.21473                 20.919776                        396.81507                          228.56887             158.14125                       10.769752
              2       407.53941       68.645883       3.1128776      0.98232172     0.022663102      0.11724319      0.07477368       1.0187569      0.99926138       2.2485656   2.2485656e-09       2.3971232      0.24600787      0.24734009       13.749618       1.9362346      0.70165615      0.29826716      0.14055116       147.49713       1.0067326      0.82976886      0.61641434      0.45553745      0.83410624       1.0412736       9.5258971       1.0187569       10.868855       646.01661     0.088545445      0.088545445       814.90173                 20.912014                        396.55268                          228.55192             158.01626                       10.868855
              1       407.88586       68.897735       3.1208389      0.98439406     0.022593842      0.11644382     0.077343247       1.0208258       1.0049825       2.2665385   2.2665385e-09       2.4092181      0.24597832      0.24731043       13.751124       1.9417066      0.70566322      0.29426065      0.13968253       147.78879       1.0065993      0.82112438      0.61537827      0.45323684      0.83552434       1.0413411       9.7598058       1.0208258       10.422219       646.19324     0.088545445      0.088545445       815.59463                 20.730395                        398.13956                          227.32328             158.97918                       10.422219
              4       407.35876       68.925444       3.1198455      0.98448433     0.022603251      0.11661089     0.073007017       1.0240588       1.0038282        2.264288    2.264288e-09       2.4075698      0.24598234      0.24731446       13.743846       1.9566745      0.70552834      0.29439559      0.13985901       147.73339       1.0068925      0.82186773      0.61575183      0.45356396      0.83593573       1.0415788       9.3686242       1.0240588       10.428577       644.10465     0.088545445      0.088545445       814.54043                 20.682915                        395.35597                          228.06577              160.0072                       10.428577
              4       408.55155       68.847721        3.119349      0.98461778     0.022535886      0.11640126     0.078600727       1.0189577       1.0050855       2.2631641   2.2631641e-09       2.4194069      0.24595349      0.24728551         13.7583       1.9339459      0.70544747      0.29447629      0.13958201       147.86515       1.0063719      0.82118203       0.6151285      0.45313586      0.83503229       1.0412952         9.88752       1.0189577        10.40127        647.4443     0.088545445      0.088545445         816.926                 20.709064                        399.03511                          227.70013             159.08043                        10.40127
              3       407.27011       68.847721        3.120271      0.98290653     0.022535886      0.11640126     0.078600727       1.0192851       1.0046839       2.2652518   2.2652518e-09       2.4194069      0.24595349      0.24728551         13.7583       1.9357299      0.70544747      0.29447629      0.13958201       147.86515       1.0061713      0.82101836       0.6150059      0.45304555      0.83486586       1.0412952         9.88752       1.0192851        10.40127       645.77316     0.088545445      0.088545445       814.36313                 20.929235                        399.16559                          225.67833              158.1887                        10.40127
              2       405.06249       68.123533       3.0941336      0.97976018     0.022453238       0.1179188     0.062687837       1.0192862       1.0029807       2.2068111   2.2068111e-09       2.4340468      0.24591805      0.24724994       13.783211       1.9467725      0.69605981      0.30386232       0.1410169       147.55075       1.0038849      0.83817083      0.61517931      0.45674198      0.82857631       1.0409786       8.4610317       1.0192862       14.220812       636.41945     0.088545445      0.088545445       809.94789                 21.055888                         391.0735                          224.29007             159.30762                       14.220812
              7       403.60807       68.497868       3.1034244      0.98192328     0.022473635      0.11712929     0.054069413       1.0353602       1.0024565       2.2274097   2.2274097e-09       2.4304214      0.24592679      0.24725871       13.771019       1.9991069      0.70101197      0.29891101      0.14024779       147.73923       1.0033516      0.82769484      0.61401239      0.45400706      0.83040825       1.0411976       7.5912308       1.0353602       10.903658       638.66598     0.088545445      0.088545445       807.03904                  20.55825                        390.70464                          227.40309              157.4694                       10.903658
              2        405.1653       68.496931       3.1027063       0.9818866     0.022475577      0.11723965     0.052932996       1.0354947      0.99902391       2.2258107   2.2258107e-09       2.4300769      0.24592763      0.24725955       13.768026       2.0022173      0.70076443      0.29915855      0.14036009       147.70745       1.0035797      0.82849436      0.61427489      0.45429517      0.83059136       1.0413079       7.4773845       1.0354947       10.936638       638.58698     0.088545445      0.088545445       810.15352                 20.589609                        391.01448                           226.9829              160.6299                       10.936638
              1       403.47383       68.496931        3.159283      0.97400286     0.022475577      0.11723965     0.052932996        1.064228       1.0054606       2.3553703   2.3553703e-09       2.4300769      0.24592763      0.24725955       13.768026        2.118762      0.70076443      0.29915855      0.14036009       147.70745       1.0292573      0.84969224      0.62999175      0.46591878      0.85184289       1.0413079       7.4773845        1.064228       10.936638       633.44872     0.088545445      0.088545445       806.77056                 21.673149                        390.63489                          221.14068              162.3852                       10.936638
              4       402.76532       68.837401       3.1703107      0.97479005     0.022618314       0.1166457     0.049769403       1.0736612       1.0007991       2.3814882   2.3814882e-09       2.4049344      0.24598878      0.24732093       13.750252       2.1558536      0.70466934      0.29525439      0.13990889       147.70719        1.029233      0.84177014      0.62946996      0.46400654      0.85393716       1.0413166       7.1139405       1.0736612       10.339481       635.31173     0.088545445      0.088545445       805.35356                 21.565525                        391.98888                          221.75733             159.70234                       10.339481
              1       403.24051       68.606805       3.1654744      0.97348761     0.022579661      0.11722752     0.062549184       1.0580002       1.0004114       2.3699986   2.3699986e-09       2.4117054      0.24597225      0.24730434        13.75578       2.0913107      0.70152674      0.29839648      0.14045205       147.59436       1.0308377      0.84972632      0.63106239      0.46641308      0.85383485       1.0413548       8.4054687       1.0580002       10.773694       634.51117     0.088545445      0.088545445       806.30393                 21.963857                        390.95068                          221.59664             161.01907                       10.773694
              2       403.97234       68.606805       3.1555095      0.98100385     0.022579661      0.11722752     0.062549184        1.053485       1.0054338       2.3464988   2.3464988e-09       2.4117054      0.24597225      0.24730434        13.75578       2.0705743      0.70152674      0.29839648      0.14045205       147.59436       1.0286791      0.84794702      0.62974097      0.46543643      0.85204695       1.0413548       8.4054687        1.053485       10.773694       638.36891     0.088545445      0.088545445        807.7676                 20.813836                         390.9154                          226.63968             158.62499                       10.773694
              1        402.9585       68.606805       3.1165722       0.9805858     0.022579661      0.11722752     0.062549184       1.0326911      0.99949187       2.2568886   2.2568886e-09       2.4117054      0.24597225      0.24730434        13.75578       1.9915013      0.70152674      0.29839648      0.14045205       147.59436       1.0086836      0.83146458      0.61750003      0.45638925      0.83548481       1.0413548       8.4054687       1.0326911       10.773694       637.11751     0.088545445      0.088545445        805.7399                 20.901891                        390.92926                          225.28637              157.8487                       10.773694
              3       403.62816       68.534462        3.113856      0.97931929     0.022669978      0.11776048     0.060550603       1.0316872       1.0047079       2.2507667   2.2507667e-09       2.3959272       0.2460108      0.24734303        13.74518       1.9940539      0.69956932      0.30035374      0.14107533       147.35143       1.0093505      0.83648302      0.61859268       0.4579447      0.83559631       1.0414761       8.2004195       1.0316872       11.664447       636.97752     0.088545445      0.088545445       807.07923                 21.140337                        390.49284                          225.34435             158.43726                       11.664447
              4        405.2966       68.534462       3.1770685      0.98043134     0.022669978      0.11776048     0.060550603       1.0658903        1.000633       2.3976363   2.3976363e-09       2.3959272       0.2460108      0.24734303        13.74518       2.1241722      0.69956932      0.30035374      0.14107533       147.35143       1.0422075      0.86371271      0.63872947      0.47285199      0.86279713       1.0414761       8.2004195       1.0658903       11.664447       639.11116     0.088545445      0.088545445        810.4161                 20.910009                        390.49007                          227.71108             159.64049                       11.664447
              5       404.55898       68.534462       3.1312725      0.96935716     0.022669978      0.11776048     0.060550603       1.0404617       1.0007184       2.2903106   2.2903106e-09       2.3959272       0.2460108      0.24734303        13.74518       2.0290876      0.69956932      0.30035374      0.14107533       147.35143        1.014296      0.84058153      0.62162359      0.46018849      0.83969047       1.0414761       8.2004195       1.0404617       11.664447       636.89944     0.088545445      0.088545445       808.94088                 22.836922                        390.48865                          223.57387             160.37699                       11.664447
              3       409.26842       68.542398       3.1314566      0.96936501     0.022674356      0.11775992     0.060330597       1.0407678       1.0094337       2.2907322   2.2907322e-09       2.3951662      0.24601266      0.24734489       13.744375       2.0303543      0.69963077      0.30029231      0.14107914       147.34672       1.0143209      0.84049608      0.62164305      0.46017936       0.8397597       1.0414877       8.1780211       1.0407678       11.630063       636.95299     0.088545445      0.088545445       818.35975                 22.832159                        390.41269                          223.70814             169.77669                       11.630063
              1       405.83083       68.545076       3.1315555      0.96937897     0.022674563       0.1177518     0.060360085       1.0400896       1.0065375       2.2909589   2.2909589e-09       2.3951303      0.24601275      0.24734498       13.744354       2.0304355      0.69967107      0.30025201      0.14107123       147.34865       1.0143185      0.84040896      0.62163284      0.46015636      0.83977408       1.0414865        8.180699       1.0400896       11.609949       637.38777     0.088545445      0.088545445       811.48456                 22.925892                        390.41713                          224.04474             162.48684                       11.609949
              3       404.75398       68.545577       3.1315725      0.96937841     0.022674939      0.11775163     0.060359636       1.0400978       1.0046318       2.2909976   2.2909976e-09       2.3950649      0.24601291      0.24734514       13.744304       2.0304716      0.69967502      0.30024806      0.14107143       147.34828       1.0143207      0.84040395      0.62163445      0.46015604      0.83977902       1.0414869       8.1805656       1.0400978       11.608249       637.39675     0.088545445      0.088545445       809.33088                 22.926297                        390.41713                          224.05332             160.32588                       11.608249
              4        403.2877       68.631219        3.133443      0.97012345     0.022677226      0.11728503     0.052164052       1.0502362       1.0046098       2.2952869   2.2952869e-09       2.3946676      0.24601388      0.24734612       13.749387        2.067892      0.70140984      0.29851344      0.14060712       147.47022       1.0125842      0.83512283      0.62005892      0.45832541      0.83886483       1.0412385       7.3567735       1.0502362        10.99456       636.22342     0.088545445      0.088545445       806.39832                 22.493208                        390.66404                          223.06618             159.18033                        10.99456
              6       401.43735       68.631219         3.15989      0.97738576     0.022677226      0.11728503     0.052164052       1.0650339       1.0009611       2.3568003   2.3568003e-09       2.3946676      0.24601388      0.24734612       13.749387       2.1233113      0.70140984      0.29851344      0.14060712       147.47022       1.0289242      0.84859921      0.63006481       0.4657214       0.8524016       1.0412385       7.3567735       1.0650339        10.99456       634.52645     0.088545445      0.088545445        802.6976                 21.232013                        391.08909                          222.20534              157.1766                        10.99456
              3       402.23868       68.631219       3.1709782       0.9724933     0.022677226      0.11728503     0.052164052       1.0707791       1.0019221       2.3830784   2.3830784e-09       2.3946676      0.24601388      0.24734612       13.749387        2.146986      0.70140984      0.29851344      0.14060712       147.47022       1.0327042      0.85171668      0.63237946      0.46743231      0.85553304       1.0412385       7.3567735       1.0707791        10.99456       634.25234     0.088545445      0.088545445       804.30026                 21.993715                         390.8129                          221.44573             159.05337                        10.99456
              4       403.93835       68.631219       3.1872404      0.97949683     0.022677226      0.11728503     0.052164052       1.0795416        1.000116       2.4221493   2.4221493e-09       2.3946676      0.24601388      0.24734612       13.749387       2.1821862      0.70140984      0.29851344      0.14060712       147.47022       1.0439385       0.8609821      0.63925882      0.47251728      0.86483997       1.0412385       7.3567735       1.0795416        10.99456       635.46007     0.088545445      0.088545445       807.69961                 20.976248                        391.17653                           223.3073             161.24497                        10.99456
              4       403.86448       68.807795       3.1935098      0.98103718     0.022635227      0.11646083      0.05161414       1.0860676       1.0031146       2.4373825   2.4373825e-09       2.4019803        0.245996      0.24732817       13.757471       2.1983266      0.70476991      0.29515376      0.13974092       147.73792       1.0426476      0.85229655      0.63748277      0.46987304      0.86488103       1.0409868       7.2964936       1.0860676        10.37455       635.99302     0.088545445      0.088545445       807.55187                 20.659736                         391.5171                          223.81619              161.1843                        10.37455
              5       401.62833       68.807795        3.138321       0.9795035     0.022635227      0.11646083      0.05161414       1.0564607       1.0029946       2.3065109   2.3065109e-09       2.4019803        0.245996      0.24732817       13.757471       2.0802907      0.70476991      0.29515376      0.13974092       147.73792       1.0136711      0.82861012       0.6197663      0.45681466      0.84084486       1.0409868       7.2964936       1.0564607        10.37455        635.2002     0.088545445      0.088545445       803.07958                 20.827066                        391.46781                          222.90532             157.50483                        10.37455
              1       401.63497       68.775664       3.1375251      0.97921043     0.022648601      0.11653246     0.051358287        1.055211       1.0033593       2.3046758   2.3046758e-09        2.399648       0.2460017      0.24733389       13.757981       2.0796996      0.70431427      0.29560933      0.13982593       147.70374        1.013582      0.82949446      0.61980608      0.45702017      0.84057467       1.0409344       7.2685521        1.055211       10.414612       634.42153     0.088545445      0.088545445       803.09284                 20.938187                        391.50092                          221.98242              158.2567                       10.414612
              3       402.25005       68.911303       3.1441058      0.97933993     0.022704129      0.11629168     0.059620382       1.0517399       1.0026896       2.3198922   2.3198922e-09       2.3900005      0.24602529      0.24735757       13.751074       2.0591226      0.70586725      0.29405665      0.13964067       147.70642        1.014578      0.82719792      0.62020949      0.45671593       0.8422299       1.0409354       8.0757431       1.0517399       10.417047       635.58173     0.088545445      0.088545445         804.323                 20.953109                        390.32931                          224.29931             158.32423                       10.417047
              5       401.27143       68.807156       3.1385619      0.97877979     0.022709231      0.11671427     0.052145744       1.0551959       1.0029063       2.3070665   2.3070665e-09       2.3891169      0.24602746      0.24735974        13.74856       2.0785807       0.7040728      0.29585087      0.14006837       147.58731       1.0143418       0.8309169       0.6205394      0.45765433      0.84139737       1.0410678       7.3391913       1.0551959       10.440061       635.09751     0.088545445      0.088545445       802.36577                 20.980358                        391.18164                          222.93551              156.8282                       10.440061
             12       401.23456       68.807156       3.1418859      0.97749236     0.022709231      0.11671427     0.052145744       1.0558518       1.0012135        2.314748    2.314748e-09       2.3891169      0.24602746      0.24735974        13.74856       2.0855015       0.7040728      0.29585087      0.14006837       147.58731        1.015526       0.8318869      0.62126381      0.45818859       0.8423796       1.0410678       7.3391913       1.0558518       10.440061       634.43963     0.088545445      0.088545445       802.29202                 21.242137                        391.11173                          222.08576             157.41233                       10.440061
              1        401.9931       68.761567       3.1406361      0.97705153     0.022724913      0.11689536     0.052960701       1.0559171        1.002832       2.3118567   2.3118567e-09       2.3864043      0.24603409       0.2473664       13.747207       2.0795044       0.7032641      0.29665946      0.14026514       147.52133       1.0158031      0.83388411      0.62165151      0.45878746      0.84233033       1.0410863       7.4212916       1.0559171       10.576562       636.26592     0.088545445      0.088545445       803.80911                 21.158769                         390.8356                          224.27155             156.96662                       10.576562
              1       402.41329       68.716188       3.1379924      0.97675693     0.022723727      0.11720773     0.051324622       1.0556997       1.0028527       2.3057531   2.3057531e-09       2.3866092      0.24603359      0.24736589        13.74272       2.0808118      0.70221303      0.29771044      0.14057632       147.43912       1.0163075      0.83668155      0.62230485      0.45967586      0.84247043       1.0412887       7.2604037       1.0556997       10.753624       637.48281     0.088545445      0.088545445        804.6495                 21.193805                        391.42423                          224.86478             156.41306                       10.753624
              6       400.75362       68.738754       3.1389474      0.97734718      0.02266599      0.11704044     0.054495875       1.0525011       1.0034532        2.307956    2.307956e-09       2.3966207       0.2460091      0.24734132       13.746868       2.0696315      0.70288476      0.29703876       0.1403513       147.54815       1.0164589      0.83524391       0.6221483       0.4593008      0.84273424        1.041325       7.5912545       1.0525011       10.519214       634.43272     0.088545445      0.088545445       801.33016                 21.215043                         390.4751                          222.74258             156.37822                       10.519214
              2       400.75417       68.738754       3.1348926      0.97732068      0.02266599      0.11704044     0.054495875       1.0505762       1.0023378       2.2986167   2.2986167e-09       2.3966207       0.2460091      0.24734132       13.746868       2.0612565      0.70288476      0.29703876       0.1403513       147.54815       1.0143899      0.83354377      0.62088192      0.45836589      0.84101885        1.041325       7.5912545       1.0505762       10.519214        634.7663     0.088545445      0.088545445       801.33125                 21.199501                        390.46256                          223.10424             156.04574                       10.519214
              2        402.8768       68.723046       3.1346414      0.97683551     0.022710169      0.11716997     0.054043619       1.0511772       1.0052209       2.2980393   2.2980393e-09       2.3889546      0.24602785      0.24736014       13.743514       2.0626035      0.70238112      0.29754237      0.14052501        147.4643       1.0145051      0.83481499       0.6211445      0.45875398      0.84101829       1.0413036       7.5383066       1.0511772       10.684923        636.5005     0.088545445      0.088545445       805.57651                 21.227464                        390.52409                          224.74895             158.39109                       10.684923
              1       401.81547       68.723046       3.1382846      0.97184443     0.022710169      0.11716997     0.054043619       1.0511732       1.0023031       2.3064269   2.3064269e-09       2.3889546      0.24602785      0.24736014       13.743514       2.0701318      0.70238112      0.29754237      0.14052501        147.4643       1.0144091      0.83473597       0.6210857      0.45871055      0.84093867       1.0413036       7.5383066       1.0511732       10.684923       635.33366     0.088545445      0.088545445       803.45385                  22.21365                        390.31956                          222.80045             157.43527                       10.684923
              4        401.6961        68.88497       3.1432721      0.97311883     0.022675675      0.11665666     0.054425248       1.0542119       1.0025636       2.3179589   2.3179589e-09       2.3949369      0.24601322      0.24734546       13.744184        2.078895      0.70493311      0.29499073       0.1399772       147.64018         1.01415      0.82905402      0.62032106      0.45716041      0.84171377       1.0413226       7.5760045       1.0542119       10.352661       634.75084     0.088545445      0.088545445       803.21511                 21.968079                        390.30513                          222.47763             158.11161                       10.352661
              2       403.50947       68.498313       3.1290979      0.97224818     0.022536689      0.11728414     0.048335662       1.0536948       1.0005941       2.2853354   2.2853354e-09       2.4192654      0.24595384      0.24728585       13.765013       2.0747517      0.70055144      0.29937154      0.14046569       147.62719       1.0129047      0.83673676      0.62009916      0.45868419      0.83831747       1.0412034       6.9902685       1.0536948       11.166792       635.18169     0.088545445      0.088545445       806.84186                 21.787203                        392.54275                          220.85174             160.49337                       11.166792
              7       403.68148       68.538294       3.1305772      0.97249513     0.022531991      0.11718329     0.049713928       1.0535502       1.0011352       2.2887185   2.2887185e-09       2.4200939      0.24595182      0.24728383       13.764359       2.0721034      0.70112537      0.29879769      0.14036015       147.65945       1.0130577      0.83566305      0.62007629      0.45844732      0.83868874       1.0412264       7.1335106       1.0535502        10.91974       635.18071     0.088545445      0.088545445       807.18587                 21.734876                        391.85982                          221.58601             161.08542                        10.91974
              1       404.82684       69.030694       3.1494145      0.97361921      0.02273515      0.11602264     0.052348533       1.0596771      0.99927363       2.3322405   2.3322405e-09       2.3846359      0.24603841      0.24737074       13.747063       2.1004095      0.70738328      0.29254088      0.13940265       147.74416       1.0127591      0.82259495      0.61883362      0.45511436      0.84144796       1.0409198       7.3435158       1.0596771       10.642146        637.1608     0.088545445      0.088545445        809.4766                 21.900581                        390.86101                          224.39921             161.67365                       10.642146
              9       403.13466       69.030694       3.1576932      0.97681661      0.02273515      0.11602264     0.052348533       1.0642689       1.0036381       2.3516285   2.3516285e-09       2.3846359      0.24603841      0.24737074       13.747063       2.1178703      0.70738328      0.29254088      0.13940265       147.74416       1.0182114      0.82702353      0.62216522      0.45756455      0.84597804       1.0409198       7.3435158       1.0642689       10.642146       635.65874     0.088545445      0.088545445       806.09224                 21.386805                        391.03882                          223.23311             159.79135                       10.642146
              3       402.70438       68.984004       3.1589666      0.97562574     0.022802739      0.11641753     0.064489637        1.052037       1.0032807       2.3546251   2.3546251e-09       2.3730113      0.24606679      0.24739922       13.738514       2.0696971      0.70601521      0.29390885      0.13986513       147.56274       1.0202825      0.83191111      0.62394717      0.45941057      0.84741208       1.0410336       8.5218532        1.052037       10.431133       636.24945     0.088545445      0.088545445       805.23166                  21.85356                        391.43286                          222.96303             158.55107                       10.431133
              7       403.44243       68.784921       3.1471747      0.97570301     0.022695814      0.11690619      0.04739883       1.0639721       1.0062843       2.3270226   2.3270226e-09       2.3914416      0.24602177      0.24735404       13.745644       2.1165596      0.70350417      0.29641945      0.14024687       147.55085        1.018811      0.83588615      0.62347193      0.46003787      0.84496794       1.0412418       6.8552329       1.0639721        10.45949        636.7673     0.088545445      0.088545445       806.70776                 21.355778                        393.55778                          221.85375             159.48097                        10.45949
              9       402.36438       68.784921       3.1362488      0.97412605     0.022695814      0.11690619      0.04739883       1.0581472        1.000681       2.3017362   2.3017362e-09       2.3914416      0.24602177      0.24735404       13.745644       2.0935602      0.70350417      0.29641945      0.14024687       147.55085       1.0126468      0.83082874       0.6196997      0.45725447      0.83985558       1.0412418       6.8552329       1.0581472        10.45949       636.87736     0.088545445      0.088545445       804.55166                 21.587606                         393.3793                          221.91045             157.21482                        10.45949
              4       403.44176       68.784921       3.1478521      0.97922509     0.022695814      0.11690619      0.04739883       1.0653266      0.99941801       2.3285994   2.3285994e-09       2.3914416      0.24602177      0.24735404       13.745644       2.1179938      0.70350417      0.29641945      0.14024687       147.55085       1.0205378      0.83730297      0.62452871      0.46081762      0.84640015       1.0412418       6.8552329       1.0653266        10.45949       639.05311     0.088545445      0.088545445       806.70642                 20.829748                        393.81237                          224.41099             157.19383                        10.45949
              4       403.13607       68.564236       3.1427913      0.97718571     0.022766099      0.11758667     0.052418786       1.0561787      0.99957826       2.3168447   2.3168447e-09       2.3793021      0.24605144      0.24738381       13.744664        2.086251      0.69999545      0.29992767      0.14099763       147.29099       1.0213314      0.84551485      0.62584908      0.46315222      0.84569835       1.0411327       7.3684117       1.0561787       11.889939       637.57309     0.088545445      0.088545445       806.09504                 21.203339                        390.99072                          225.37903             156.63202                       11.889939
              1       404.15169       68.632824       3.1444181      0.97736083     0.022794452      0.11752078     0.050219339        1.059553       1.0032089       2.3206168   2.3206168e-09       2.3744318      0.24606333      0.24739574       13.739627         2.09886      0.70067445      0.29924883       0.1409601       147.27707       1.0213451       0.8442256      0.62581583      0.46286534       0.8461326       1.0411933       7.1370699        1.059553       11.526964       639.57239     0.088545445      0.088545445       808.12629                 21.137802                        391.98088                          226.45371             157.02694                       11.526964
              1       404.60337       68.632824       3.0966238      0.97404078     0.022794452      0.11752078     0.050219339       1.0331562       1.0055675       2.2123132   2.2123132e-09       2.3744318      0.24606333      0.24739574       13.739627       2.0009058      0.70067445      0.29924883       0.1409601       147.27707      0.99595646      0.82323983       0.6102593      0.45135943      0.82509943       1.0411933       7.1370699       1.0331562       11.526964       637.92994     0.088545445      0.088545445       809.02965                 21.750078                        391.69797                          224.48189             159.57275                       11.526964
              5       404.49677       69.207019       3.1171936      0.97665021     0.022869605      0.11609057     0.057289446       1.0383511      0.99884173       2.2582914   2.2582914e-09       2.3615967      0.24609458      0.24742711       13.725992       2.0138123      0.70844988      0.29147467      0.13960504        147.5761      0.99630744      0.80760696       0.6090019      0.44747508       0.8288357       1.0411705       7.8082295       1.0383511       10.942455       636.48998     0.088545445      0.088545445       808.81644                 21.497608                        390.13736                          224.85501             161.38401                       10.942455
              4       404.61743         69.4041       3.1227996      0.97877125     0.022756304      0.11541709     0.059899815         1.03981      0.99943033        2.270987    2.270987e-09       2.3809882      0.24604732      0.24737968       13.730217       2.0145884      0.71173668       0.2881883      0.13881826       147.88373      0.99622373       0.8004773      0.60809094      0.44554094      0.82994525       1.0413153        8.076664         1.03981       13.088638       635.24287     0.088545445      0.088545445       809.05777                 21.188663                        390.28795                          223.76626             160.72626                       13.088638
              4       403.64441       69.210154        3.116587      0.97815698     0.022688231      0.11584804     0.062774123       1.0341275       1.0005069       2.2569219   2.2569219e-09       2.3927568      0.24601855      0.24735081       13.737322       1.9906349      0.70936126      0.29056329      0.13918114        147.8436      0.99667062      0.80564573       0.6087609      0.44694794       0.8291566       1.0413824       8.3764903       1.0341275       11.642784       636.21718     0.088545445      0.088545445       807.11173                 21.232496                        390.86764                          224.11704             159.25177                       11.642784
             11       405.50638       68.889153       3.1107842       0.9748039     0.022811429      0.11700192     0.064779545       1.0258762      0.99709037       2.2438634   2.2438634e-09       2.3715231      0.24607042      0.24740286       13.730686       1.9711952      0.70395536      0.29596849      0.14045822       147.39664      0.99925526      0.81933907      0.61173487      0.45120573      0.82937677       1.0413564       8.5584781       1.0258762       10.438717       638.06215     0.088545445      0.088545445       810.83568                  22.04124                        391.59691                          224.42401             162.33481                       10.438717
              7       406.57367       68.889153       3.1624278      0.97026695     0.022811429      0.11700192     0.064779545       1.0531051      0.99801186       2.3627889   2.3627889e-09       2.3715231      0.24607042      0.24740286       13.730686       2.0756691      0.70395536      0.29596849      0.14045822       147.39664       1.0236076      0.83930678      0.62664316      0.46220184       0.8495891       1.0413564       8.5584781       1.0531051       10.438717       640.02218     0.088545445      0.088545445       812.97026                 22.850514                        391.62228                          225.54939             162.50936                       10.438717
              1        405.0744       68.813266        3.159876       0.9705942     0.022717509      0.11694027      0.05497842       1.0607379       0.9991807       2.3567674   2.3567674e-09       2.3876845      0.24603096      0.24736326       13.741619       2.1113638      0.70363059      0.29629309      0.14030265       147.51755        1.023183      0.83932404      0.62620972      0.46200873      0.84876883       1.0413072        7.626796       1.0607379       10.437229       638.57682     0.088545445      0.088545445       809.97172                 22.612391                        390.09964                          225.86478             160.95767                       10.437229
              1        403.9798       68.738816       3.1598065      0.96973159     0.022747419      0.11706594     0.051996093       1.0647323       1.0009741       2.3566035   2.3566035e-09       2.3825194      0.24604358      0.24737593       13.743944       2.1238473      0.70265899      0.29726453      0.14045823       147.45067       1.0235901       0.8416795      0.62663244      0.46269909      0.84864705       1.0411437       7.3215053       1.0647323       10.720282       637.26631     0.088545445      0.088545445        807.7825                 22.559592                        390.73189                          223.97483             159.79591                       10.720282
              1       403.17102       68.738816       3.1464319      0.97041514     0.022747419      0.11706594     0.051996093       1.0578055       1.0009721       2.3252948   2.3252948e-09       2.3825194      0.24604358      0.24737593       13.743944       2.0956309      0.70265899      0.29726453      0.14045823       147.45067       1.0170341      0.83628865      0.62261894      0.45973556      0.84321157       1.0411437       7.3215053       1.0578055       10.720282       636.76334     0.088545445      0.088545445       806.16495                 22.409597                        390.81901                          223.53473             158.68133                       10.720282
             14       403.57167       68.742637       3.1466723       0.9708536     0.022714222      0.11678926     0.055243765       1.0551152      0.99892548       2.3258539   2.3258539e-09       2.3882531      0.24602957      0.24736186       13.752072       2.0825638      0.70334779      0.29657573      0.14014835       147.56165       1.0160171      0.83373309      0.62165298      0.45875618      0.84239178        1.040944       7.6508536       1.0551152       10.604642       634.96175     0.088545445      0.088545445       806.96626                  22.36532                        390.15913                          222.43731             161.39986                       10.604642
              1       401.72349       68.742637       3.1356548        0.975435     0.022714222      0.11678926     0.055243765        1.048924       0.9998364       2.3003694   2.3003694e-09       2.3882531      0.24602957      0.24736186       13.752072        2.059745      0.70334779      0.29657573      0.14014835       147.56165        1.012212      0.83061062      0.61932478      0.45703805      0.83923687        1.040944       7.6508536        1.048924       10.604642       633.87138     0.088545445      0.088545445       803.26988                  21.63112                        390.21044                          222.02982             158.79386                       10.604642
              6       402.23662       68.749111       3.1357124      0.97549604     0.022712525      0.11677875     0.055284216       1.0482677       1.0038632        2.300502    2.300502e-09       2.3885467      0.24602885      0.24736114       13.751834       2.0596971      0.70342949      0.29649405      0.14013615       147.56636       1.0121928      0.83042813      0.61929959      0.45698799      0.83926052       1.0409563       7.6551133       1.0482677       10.581141        635.3275     0.088545445      0.088545445       804.29616                 21.692155                        390.23384                           223.4015             158.38752                       10.581141
              5       402.78945       68.749111        3.119961      0.97276669     0.022712525      0.11677875     0.055284216       1.0404256       1.0053257       2.2645496   2.2645496e-09       2.3885467      0.24602885      0.24736114       13.751834        2.027508      0.70342949      0.29649405      0.14013615       147.56636       1.0032014      0.82305132      0.61379826       0.4529285      0.83180525       1.0409563       7.6551133       1.0404256       10.581141       635.20177     0.088545445      0.088545445       805.40182                 22.102717                        390.19794                          222.90111              159.6189                       10.581141
              4       403.52009       68.749111       3.1224155      0.97130551     0.022712525      0.11677875     0.055284216       1.0411269       1.0018928       2.2701149   2.2701149e-09       2.3885467      0.24602885      0.24736114       13.751834       2.0324907      0.70342949      0.29649405      0.14013615       147.56636       1.0038711      0.82360076      0.61420801      0.45323086      0.83236053       1.0409563       7.6551133       1.0411269       10.581141       637.48687     0.088545445      0.088545445       806.86309                 22.436004                        390.12996                           224.9209             158.79508                       10.581141
              1       401.28939       68.749111       3.1354522      0.97797623     0.022712525      0.11677875     0.055284216       1.0491113       1.0018506       2.2999034   2.2999034e-09       2.3885467      0.24602885      0.24736114       13.751834       2.0591612      0.70342949      0.29649405      0.14013615       147.56636       1.0130259      0.83111164      0.61980932      0.45736413       0.8399513       1.0409563       7.6551133       1.0491113       10.581141       633.85312     0.088545445      0.088545445       802.40169                 21.232007                        390.32813                          222.29299             157.96742                       10.581141
              2       401.88462       68.683992       3.1326371      0.97789053     0.022670609      0.11700966     0.049105607       1.0551107       1.0002658       2.2934379   2.2934379e-09       2.3958174      0.24601107      0.24734329       13.752422       2.0789039      0.70246624      0.29745716      0.14032514       147.55124       1.0134856       0.8335242      0.62029956      0.45809714       0.8399344       1.0411178        7.039487       1.0551107       10.705129       636.44093     0.088545445      0.088545445       803.59216                 21.021017                        392.57983                          222.84008              156.4461                       10.705129
              1        401.7432       68.346674       3.1191055       0.9779121     0.022478224      0.11752367     0.055923931       1.0398668       1.0010214       2.2626131   2.2626131e-09       2.4296069      0.24592876      0.24726069       13.773508        2.023184      0.69883359      0.30108905      0.14064676       147.62845       1.0124726        0.839766      0.62003427      0.45929259       0.8370318       1.0411578       7.7831697       1.0398668       11.986737       633.61929     0.088545445      0.088545445       803.30931                 21.144524                        390.27008                          222.20468             157.70329                       11.986737
              3       403.58292       68.346674       3.0798234      0.97643014     0.022478224      0.11752367     0.055923931        1.020818       1.0053043       2.1754561   2.1754561e-09       2.4296069      0.24592876      0.24726069       13.773508       1.9452499      0.69883359      0.30108905      0.14064676       147.62845      0.99221744      0.82296598      0.60763011      0.45010416      0.82028647       1.0411578       7.7831697        1.020818       11.986737       634.70291     0.088545445      0.088545445       806.98875                 21.232479                        390.28072                           223.1897              160.2991                       11.986737
              5       403.03826       68.346674       3.0964938      0.97302705     0.022478224      0.11752367     0.055923931       1.0268725       1.0052476       2.2120257   2.2120257e-09       2.4296069      0.24592876      0.24726069       13.773508       1.9779498      0.69883359      0.30108905      0.14064676       147.62845      0.99922124      0.82877508      0.61191922      0.45328133      0.82607666       1.0411578       7.7831697       1.0268725       11.986737       633.93991     0.088545445      0.088545445       805.89942                 22.020282                        390.10775                          221.81188             159.97277                       11.986737
              4       402.44876       68.346674        3.097275      0.97275522     0.022478224      0.11752367     0.055923931       1.0279433       1.0049081       2.2137544   2.2137544e-09       2.4296069      0.24592876      0.24726069       13.773508       1.9794955      0.69883359      0.30108905      0.14064676       147.62845      0.99950781      0.82901276      0.61209471      0.45341132      0.82631357       1.0411578       7.7831697       1.0279433       11.986737       632.64234     0.088545445      0.088545445       804.72044                  21.98892                        390.10775                          220.54567             160.09136                       11.986737
              3       402.62889       68.919845       3.1154532      0.97418444     0.022681532       0.1166153     0.051225188       1.0424567       1.0020718       2.2543645   2.2543645e-09       2.3939196      0.24601571      0.24734795       13.742078       2.0348411       0.7053064      0.29461752       0.1399417       147.64474       1.0001323      0.81687043      0.61170811      0.45067024      0.83028959       1.0413665        7.250262       1.0424567       10.372276       636.67261     0.088545445      0.088545445       805.08068                  21.77879                        391.27048                          223.62335              158.0358                       10.372276
              2       401.85079       68.919845        3.128187      0.97759644     0.022681532       0.1166153     0.051225188       1.0493951       1.0021327       2.2832546   2.2832546e-09       2.3939196      0.24601571      0.24734795       13.742078        2.060918       0.7053064      0.29461752       0.1399417       147.64474       1.0078428      0.82316806      0.61642404      0.45414466      0.83669067       1.0413665        7.250262       1.0493951       10.372276       635.75931     0.088545445      0.088545445       803.52449                 21.246811                        391.45191                          223.06059              157.3929                       10.372276
              1       402.56583       68.923297       3.1279078      0.97766846     0.022677262      0.11663889     0.051369556       1.0490675       1.0002165       2.2826173   2.2826173e-09       2.3946612       0.2460139      0.24734613       13.741245        2.059748      0.70529525      0.29462868      0.13996102       147.64321       1.0078839      0.82325031      0.61647046      0.45418316      0.83674576        1.041413       7.2663463       1.0490675        10.37241         635.878     0.088545445      0.088545445       804.95457                 21.241402                        391.41809                          223.21851             158.70416                        10.37241
              6       402.81746       68.923297       3.1588756      0.97482121     0.022677262      0.11663889     0.051369556        1.066685      0.99944401       2.3544108   2.3544108e-09       2.3946612       0.2460139      0.24734613       13.741245       2.1245317      0.70529525      0.29462868      0.13996102       147.64321         1.02249      0.83518075      0.62540427      0.46076512      0.84887177        1.041413       7.2663463        1.066685        10.37241       635.33975     0.088545445      0.088545445       805.45783                 21.528523                        391.25454                          222.55669             159.74566                        10.37241
              6       402.02897       68.922327       3.1580613      0.97508523     0.022654482      0.11661873     0.052666615       1.0645411       1.0009762       2.3524943   2.3524943e-09       2.3986235      0.24600421      0.24733641       13.742505       2.1173027      0.70537736      0.29454657      0.13991808       147.67403       1.0222543       0.8347729      0.62521213      0.46059146       0.8486701        1.041447        7.402868       1.0645411       10.383766       634.67215     0.088545445      0.088545445       803.88085                 21.549187                        390.79151                          222.33145             158.82494                       10.383766
              3       402.88527       68.922327       3.1394572      0.97309464     0.022654482      0.11661873     0.052666615       1.0537478        1.001426       2.3091329   2.3091329e-09       2.3986235      0.24600421      0.24733641       13.742505       2.0782763      0.70537736      0.29454657      0.13991808       147.67403       1.0120145      0.82641108      0.61894945      0.45597778      0.84016908        1.041447        7.402868       1.0537478       10.383766       636.21445     0.088545445      0.088545445       805.59346                  21.96774                        390.71238                          223.53434             158.99524                       10.383766
             11       401.66641       68.713465       3.1350313      0.97178279     0.022658195      0.11699325     0.056821558       1.0466399       1.0024698       2.2989356   2.2989356e-09       2.3979771      0.24600579      0.24733799       13.750605       2.0519757      0.70278248      0.29714098      0.14029631       147.56948       1.0122063      0.83185405      0.61948474      0.45737376      0.83905412       1.0412196       7.8238432       1.0466399       10.572308       634.70342     0.088545445      0.088545445       803.15574                 22.299948                         390.0597                          222.34377             157.88001                       10.572308
              1       402.13173       68.460048       3.1274822      0.97139014     0.022539988      0.11720794     0.055730846       1.0439725       1.0025903       2.2816459   2.2816459e-09       2.4186837      0.24595525      0.24728727       13.770401       2.0409908      0.70037215      0.29955075      0.14039279       147.64391       1.0114532      0.83575428      0.61913018      0.45803596      0.83688228       1.0409996       7.7446263       1.0439725       11.391363       632.74576     0.088545445      0.088545445       804.08636                 22.249834                        390.09989                          220.39604             159.94923                       11.391363
              5       402.37218       68.460048       3.1269263       0.9716127     0.022539988      0.11720794     0.055730846       1.0438987       1.0049027        2.280378    2.280378e-09       2.4186837      0.24595525      0.24728727       13.770401       2.0398566      0.70037215      0.29955075      0.14039279       147.64391       1.0112581      0.83559306      0.61901075      0.45794761      0.83672085       1.0409996       7.7446263       1.0438987       11.391363       632.33929     0.088545445      0.088545445       804.56727                 22.183903                        390.07043                          220.08495             160.83662                       11.391363
              2       402.37117        68.50272       3.1282942      0.97179068     0.022548873      0.11709788     0.055653172       1.0446999       1.0049628       2.2834994   2.2834994e-09       2.4171184      0.24595906       0.2472911       13.769388       2.0429661      0.70096091      0.29896208      0.14029162       147.66347       1.0111543      0.83428935       0.6188357      0.45759301       0.8368957       1.0409859       7.7330752       1.0446999       11.149543       632.60658     0.088545445      0.088545445       804.56525                 22.165485                         390.1001                            220.341             160.80913                       11.149543
              1       402.52368        68.49134       3.1280359      0.97176135      0.02254424      0.11710193     0.055384258       1.0456943        1.004194       2.2829098   2.2829098e-09       2.4179343      0.24595707       0.2472891       13.770413       2.0435374      0.70086278      0.29906018      0.14029103       147.66756       1.0111201      0.83443816       0.6188141      0.45761458      0.83679785       1.0409684       7.7072082       1.0456943       11.195926       632.04675     0.088545445      0.088545445       804.87026                 22.061421                        390.12864                          219.85669             161.62759                       11.195926
              4       402.61655        68.49134       3.1343086      0.97503658      0.02254424      0.11710193     0.055384258       1.0500803       1.0047225       2.2972747   2.2972747e-09       2.4179343      0.24595707       0.2472891       13.770413       2.0563961      0.70086278      0.29906018      0.14029103       147.66756       1.0155676      0.83810852      0.62153602      0.45962744      0.84047859       1.0409684       7.7072082       1.0500803       11.195926       633.23807     0.088545445      0.088545445         805.056                  21.42001                        390.27353                          221.54453               160.622                       11.195926
              4       402.20682        68.49134       3.0887296      0.97561087      0.02254424      0.11710193     0.055384258       1.0263263       1.0020918       2.1949177   2.1949177e-09       2.4179343      0.24595707       0.2472891       13.770413       1.9647717      0.70086278      0.29906018      0.14029103       147.66756      0.99290332       0.8194046       0.6076653      0.44937001      0.82172177       1.0409684       7.7072082       1.0263263       11.195926       633.50367     0.088545445      0.088545445       804.23654                 21.345392                        390.33615                          221.82212             159.53695                       11.195926
              2        402.5159        68.49134       3.1577814      0.97382989      0.02254424      0.11710193     0.055384258       1.0620389       1.0034346       2.3518361   2.3518361e-09       2.4179343      0.24595707       0.2472891       13.770413       2.1052365      0.70086278      0.29906018      0.14029103       147.66756       1.0270825      0.84761137      0.62858327       0.4648389       0.8500083       1.0409684       7.7072082       1.0620389       11.195926       632.20453     0.088545445      0.088545445       804.85471                 21.647117                        390.22556                          220.33185             161.45426                       11.195926
              1       403.99428        68.49134         3.17435      0.97798073      0.02254424      0.11710193     0.055384258       1.0713826      0.99819016       2.3911272   2.3911272e-09       2.4179343      0.24595707       0.2472891       13.770413       2.1404078      0.70086278      0.29906018      0.14029103       147.66756       1.0372741      0.85602208       0.6348206      0.46945142       0.8584428       1.0409684       7.7072082       1.0713826       11.195926       634.28734     0.088545445      0.088545445       807.81146                 21.015944                        390.33621                          222.93518              162.3282                       11.195926
              3       404.29611       68.487387        3.174669      0.97791686      0.02255014      0.11705468     0.056772056       1.0701769      0.99795202       2.3918901   2.3918901e-09       2.4168953       0.2459596      0.24729164       13.771897       2.1351561       0.7009164      0.29900655      0.14024969       147.67364       1.0371081      0.85572225      0.63467222      0.46932066      0.85828064       1.0408907       7.8434474       1.0701769       11.232836       634.02472     0.088545445      0.088545445       808.41513                 21.042662                        390.19588                          222.78617             163.15757                       11.232836
              2       402.05659       68.487387       3.1041239      0.97608767      0.02255014      0.11705468     0.056772056       1.0323527       1.0055104       2.2289683   2.2289683e-09       2.4168953       0.2459596      0.24729164       13.771897       1.9897216       0.7009164      0.29900655      0.14024969       147.67364       1.0004629      0.82548618      0.61224673      0.45273769      0.82795417       1.0408907       7.8434474       1.0323527       11.232836       632.26814     0.088545445      0.088545445       803.93609                   21.3563                        390.20251                          220.70933             160.43511                       11.232836
              1       401.53506       68.649575       3.1099712      0.97565749     0.022696382      0.11708741      0.06137905       1.0300581       1.0044053       2.2420399   2.2420399e-09        2.391343      0.24602201      0.24735428       13.752636        1.983034      0.70194818      0.29797514      0.14042866       147.50172       1.0015591      0.82479952      0.61311298      0.45298677      0.82984217       1.0410327       8.2618867       1.0300581       10.941581       634.15789     0.088545445      0.088545445       802.89303                 21.623832                        390.60732                          221.92673             157.79356                       10.941581
              6       402.39854       68.639611       3.1096325      0.97562618     0.022693704      0.11710949     0.061595336       1.0304936       1.0036142       2.2412806   2.2412806e-09       2.3918074      0.24602088      0.24735314       13.752987       1.9815051      0.70182046      0.29810284      0.14044806        147.4988       1.0015622       0.8250603      0.61313604      0.45305234       0.8297845       1.0410336       8.2837724       1.0304936       10.983549       635.75286     0.088545445      0.088545445       804.61999                 21.543208                        390.66106                          223.54859             157.88358                       10.983549
              1        403.3876       68.436831        3.101793      0.97503189     0.022625197      0.11773109     0.060163758        1.027164        1.005402       2.2237788   2.2237788e-09       2.4037316      0.24599172      0.24732388       13.755837        1.971669      0.69886989      0.30105295      0.14100116       147.40909        1.002225      0.83172477      0.61414495      0.45491641       0.8291062       1.0412699       8.1722821        1.027164       12.162876        635.8576     0.088545445      0.088545445       806.59811                 21.603904                        390.43885                          223.81484             158.57764                       12.162876
              1       402.72749       68.436831        3.096597      0.97445617     0.022625197      0.11773109     0.060163758       1.0244547       1.0036205       2.2122539   2.2122539e-09       2.4037316      0.24599172      0.24732388       13.755837       1.9614507      0.69886989      0.30105295      0.14100116       147.40909      0.99940414      0.82938383       0.6124164      0.45363602      0.82677263       1.0412699       8.1722821       1.0244547       12.162876       635.70976     0.088545445      0.088545445       805.27789                 21.699352                        390.42511                          223.58529             157.40526                       12.162876
              1       402.18558       68.685727       3.1027899      0.97606157     0.022632292      0.11705098     0.064141874       1.0242006       1.0040064       2.2259967   2.2259967e-09       2.4024927      0.24599475      0.24732691       13.752187       1.9579951      0.70247491      0.29744849      0.14032814       147.58289      0.99829167      0.82101702      0.61100342      0.45122856      0.82735271       1.0412653       8.5419916       1.0242006       10.602666       635.75137     0.088545445      0.088545445       804.19406                 21.563768                        391.42571                          222.76189             157.84003                       10.602666
              4       402.92921       68.927048       3.1116034      0.97613047     0.022767596       0.1167614     0.062215433       1.0307537       1.0038761       2.2457023   2.2457023e-09       2.3790446      0.24605207      0.24738445         13.7351       1.9829536      0.70487932      0.29504462      0.14017387       147.50971      0.99903709      0.81708314      0.61129152      0.45052646      0.82942372       1.0413239       8.3204487       1.0307537       10.368321       636.79937     0.088545445      0.088545445       805.68133                   21.5655                        390.79706                          224.43681             158.51364                       10.368321
              1       402.19044       69.023982       3.1134737      0.97689446     0.022747419      0.11654995     0.058066407        1.035485       1.0043779       2.2499064   2.2499064e-09       2.3825193      0.24604358      0.24737593       13.732885       2.0032198      0.70619383      0.29373032      0.13994223        147.5888       0.9988566      0.81423154      0.61092844      0.44975659      0.82985678       1.0414359       7.9196271        1.035485       10.475932       635.02386     0.088545445      0.088545445       804.20379                 21.427533                        390.14027                          223.45606               158.704                       10.475932
              3       402.22771       68.997662       3.1142063      0.97620784     0.022800902      0.11664557     0.061146236       1.0323887       1.0024744       2.2515552   2.2515552e-09        2.373326      0.24606602      0.24739845       13.731132       1.9923776      0.70565642      0.29426767      0.14009134       147.50366       0.9991644      0.81566777      0.61127942      0.45022065      0.82995422       1.0413234        8.207948       1.0323887       10.398692       635.96558     0.088545445      0.088545445       804.27834                 21.632767                        390.51104                          223.82177             157.91407                       10.398692
             10       406.86784       68.886143       3.1092775      0.97605597     0.022756901      0.11695856     0.065915847        1.026916       1.0002961       2.2404851   2.2404851e-09       2.3808854      0.24604757      0.24737993       13.733619       1.9637594      0.70413579      0.29578805      0.14036032       147.46882      0.99919475      0.81882202      0.61159121        0.451031      0.82930843       1.0414415       8.6782985        1.026916       10.375781       643.57228     0.088545445      0.088545445       813.55859                 21.532678                        391.96593                          230.07368             159.61052                       10.375781
              9       404.54497       68.886143       3.1198778      0.97676156     0.022756901      0.11695856     0.065915847       1.0283875       1.0032233       2.2643613   2.2643613e-09       2.3808854      0.24604757      0.24737993       13.733619       1.9846867      0.70413579      0.29578805      0.14036032       147.46882       1.0047777      0.82339711      0.61500842      0.45355109      0.83394211       1.0414415       8.6782985       1.0283875       10.375781       639.44059     0.088545445      0.088545445       808.91285                 21.853295                        392.03187                          225.55543             159.09648                       10.375781
              2       402.85208       68.886143       3.1527585      0.97424031     0.022756901      0.11695856     0.065915847       1.0471031       1.0015983       2.3400526   2.3400526e-09       2.3808854      0.24604757      0.24737993       13.733619       2.0510292      0.70413579      0.29578805      0.14036032       147.46882       1.0204424       0.8362341      0.62459657      0.46062208       0.8469435       1.0414415       8.6782985       1.0471031       10.375781       637.34491     0.088545445      0.088545445       805.52708                 22.096596                        392.07312                          223.17519             157.80639                       10.375781
              1       403.73606       69.102493       3.1587735      0.97580938     0.022744811      0.11617688     0.068429597       1.0488779        1.004616       2.3541703   2.3541703e-09        2.382969      0.24604248      0.24737482       13.736243       2.0530555       0.7076478      0.29227652      0.13956656       147.69188       1.0188592      0.82730649      0.62274394      0.45788666      0.84695635       1.0412739       8.9012174       1.0488779       10.793702       637.38517     0.088545445      0.088545445       807.29503                 21.851255                        393.06248                          222.47143             159.11616                       10.793702
             13        404.6317       69.220399       3.1622906      0.97614774     0.022782937      0.11600153     0.067678598       1.0517018       1.0050681        2.362465    2.362465e-09       2.3764079      0.24605851       0.2473909       13.729621       2.0633861      0.70892929      0.29099528      0.13942933       147.69649       1.0189703      0.82483443      0.62265867      0.45732141        0.847771       1.0413361       8.8186531       1.0517018        11.28205       637.73417     0.088545445      0.088545445        809.0863                 21.786706                        392.68584                          223.26162             160.07008                        11.28205
              8       405.59378       69.141734       3.1592357      0.97626526     0.022726505      0.11604833      0.06873368       1.0494744       1.0066009       2.3552588   2.3552588e-09       2.3861292      0.24603476      0.24736707       13.736808        2.052756      0.70828674      0.29163766       0.1394197       147.74689       1.0185234      0.82564102      0.62237487      0.45736502      0.84691757       1.0412983       8.9316075       1.0494744       11.044954       637.80006     0.088545445      0.088545445       811.01048                 21.724577                        393.22838                          222.84711             162.16546                       11.044954
              2        403.6521       68.516903         3.14666      0.97293911     0.022638551      0.11690035     0.057209282       1.0533521       1.0040878       2.3258252   2.3258252e-09       2.4014005      0.24599742      0.24732959       13.771086       2.0743676      0.70131445      0.29860857      0.14018376        147.6163       1.0190112      0.83996408      0.62352428      0.46092359      0.84348585       1.0405871       7.8637954       1.0533521       11.407991       632.28574     0.088545445      0.088545445       807.12711                  21.96002                        390.09052                           220.2352             163.43338                       11.407991
              2        402.2817       68.664753       3.1479317      0.97449419     0.022591587      0.11655559      0.06203366       1.0497432       1.0012348       2.3287849   2.3287849e-09       2.4096134      0.24597735      0.24730946       13.768728       2.0570632      0.70343015       0.2964932      0.13979204       147.76126       1.0180793      0.83474276      0.62251843      0.45936288      0.84362322        1.040776       8.3398399       1.0497432        10.54637       632.44147     0.088545445      0.088545445        804.3863                 21.787057                        390.74131                          219.91311             161.39846                        10.54637
              3       401.98019       68.664753       3.1160237      0.97531857     0.022591587      0.11655559      0.06203366       1.0330833        1.001897       2.2556509   2.2556509e-09       2.4096134      0.24597735      0.24730946       13.768728       1.9924624      0.70343015       0.2964932      0.13979204       147.76126       1.0022822      0.82179046      0.61285911      0.45223516      0.83053313        1.040776       8.3398399       1.0330833        10.54637       632.64487     0.088545445      0.088545445       803.78328                 21.659138                        390.79492                          220.19082             160.59204                        10.54637
              1       402.59303       68.837676       3.1203605      0.97620371     0.022601445       0.1162634     0.055392562       1.0417667      0.99951435       2.2654545   2.2654545e-09        2.407886      0.24598157      0.24731369       13.761174       2.0278787      0.70551408      0.29440965      0.13950971       147.82895       1.0023754      0.81769476      0.61260638       0.4512524      0.83165557       1.0409493       7.6818873       1.0417667       10.387648       633.34273     0.088545445      0.088545445       805.00896                 21.452732                        390.29316                          221.59684             161.27858                       10.387648
              1       403.03789       69.051937       3.1273076      0.97600414     0.022738176      0.11632151     0.049020816       1.0513843       1.0019459       2.2812476   2.2812476e-09       2.3841137      0.24603969      0.24737202        13.73692       2.0682046      0.70693014      0.29299407      0.13970455       147.66042       1.0041245      0.81684433      0.61388948        0.451653      0.83440228       1.0412969       7.0076586       1.0513843       10.605614       637.60485     0.088545445      0.088545445       805.89868                 21.452501                        392.55914                          223.59321             157.68822                       10.605614
              1       403.06026       69.051937        3.148098       0.9748783     0.022738176      0.11632151     0.049020816       1.0636112       1.0037325       2.3291722   2.3291722e-09       2.3841137      0.24603969      0.24737202        13.73692       2.1116535      0.70693014      0.29299407      0.13970455       147.66042       1.0141772      0.82502209      0.62003537      0.45617468      0.84275582       1.0412969       7.0076586       1.0636112       10.605614       636.82537     0.088545445      0.088545445       805.94342                 21.496284                        392.45925                          222.86984             158.51244                       10.605614
              4       402.95893       69.114406       3.1496075      0.97518939     0.022749717      0.11620306     0.050643234       1.0628376       1.0036986       2.3326906   2.3326906e-09       2.3821232      0.24604455       0.2473769       13.734343       2.1079921      0.70768349      0.29224085      0.13959764       147.67939       1.0140332      0.82336837      0.61982874      0.45572929      0.84301728       1.0413248       7.1705481       1.0628376       10.817313       636.27789     0.088545445      0.088545445       805.74078                 21.486947                        391.64359                          223.14735             158.64558                       10.817313
              5       402.54187       69.114406       3.1466953      0.97578324     0.022749717      0.11620306     0.050643234       1.0603681       1.0033423       2.3259073   2.3259073e-09       2.3821232      0.24604455       0.2473769       13.734343       2.1018623      0.70768349      0.29224085      0.13959764       147.67939       1.0127895      0.82235854      0.61906853      0.45517035      0.84198334       1.0413248       7.1705481       1.0603681       10.817313       636.41939     0.088545445      0.088545445       804.90665                 21.490391                        391.68201                          223.24699             157.66995                       10.817313
              6       402.59117       69.153675       3.1480828      0.97571718      0.02278284      0.11619046     0.052482089       1.0590877       1.0033887       2.3291367   2.3291367e-09       2.3764245      0.24605847      0.24739086       13.730325        2.097054      0.70797246      0.29195197      0.13961817       147.64582       1.0129582      0.82199709      0.61919436      0.45515031      0.84236273       1.0413426       7.3505112       1.0590877       10.896167       636.18231     0.088545445      0.088545445       805.00524                 21.556481                        390.91891                          223.70692             157.92677                       10.896167
             10       402.57138       69.153675       3.1601162      0.97605454      0.02278284      0.11619046     0.052482089       1.0653872       1.0027002       2.3573334   2.3573334e-09       2.3764245      0.24605847      0.24739086       13.730325       2.1224411      0.70797246      0.29195197      0.13961817       147.64582       1.0192038       0.8270653      0.62301215      0.45795665      0.84755651       1.0413426       7.3505112       1.0653872       10.896167       636.08808     0.088545445      0.088545445       804.96567                 21.515528                        390.94159                          223.63096             157.98143                       10.896167
              3       402.18196       69.153675       3.1510802      0.97721198      0.02278284      0.11619046     0.052482089       1.0616313       1.0024104       2.3361286   2.3361286e-09       2.3764245      0.24605847      0.24739086       13.730325       2.1033492      0.70797246      0.29195197      0.13961817       147.64582       1.0150626      0.82370479      0.62048074      0.45609589      0.84411274       1.0413426       7.3505112       1.0616313       10.896167       635.69984     0.088545445      0.088545445       804.18682                 21.250162                        391.06618                           223.3835             157.59082                       10.896167
              1       403.17749       69.153675       3.1468349      0.97494884      0.02278284      0.11619046     0.052482089       1.0596763       1.0025464       2.3262321   2.3262321e-09       2.3764245      0.24605847      0.24739086       13.730325       2.0944388      0.70797246      0.29195197      0.13961817       147.64582       1.0120265      0.82124109      0.61862488       0.4547317        0.841588       1.0413426       7.3505112       1.0596763       10.896167       636.52992     0.088545445      0.088545445       806.17789                 21.546338                        390.92148                           224.0621              158.7518                       10.896167
              4       401.82108       68.794265       3.1366524      0.97339127     0.022734713      0.11692774     0.059608092       1.0442622       1.0009429       2.3026653   2.3026653e-09       2.3847115      0.24603823      0.24737055       13.743168       2.0438823      0.70345699      0.29646665      0.14030732       147.50177       1.0123195      0.83073567      0.61956616      0.45717413      0.83964118       1.0411928       8.0789352       1.0442622       10.509574         635.721     0.088545445      0.088545445       803.46506                 22.156903                        390.26885                          223.29525             157.23449                       10.509574
             15       401.70622       68.861088       3.1388007       0.9738981     0.022729671      0.11668639     0.061140136       1.0456632       1.0001982       2.3076175   2.3076175e-09       2.3855822       0.2460361      0.24736841       13.744002       2.0420115      0.70455184      0.29537195      0.14006093         147.572        1.012006      0.82811987      0.61910217      0.45640946      0.83978868       1.0411453       8.2242593       1.0456632       10.391976       634.74544     0.088545445      0.088545445       803.23534                 21.923908                        390.53574                          222.28579             158.09793                       10.391976
              1       402.00834       68.861088        3.133902      0.97414773     0.022729671      0.11668639     0.061140136       1.0414818       1.0011392       2.2963409   2.2963409e-09       2.3855822       0.2460361      0.24736841       13.744002       2.0320328      0.70455184      0.29537195      0.14006093         147.572       1.0096271      0.82617323      0.61764686      0.45533659      0.83781461       1.0411453       8.2242593       1.0414818       10.391976       635.92606     0.088545445      0.088545445       803.83958                 22.068131                        390.52032                          223.33762             157.52154                       10.391976
              6       400.77395       68.729787       3.1287335      0.97375795     0.022681028      0.11700713      0.05705742       1.0437632       1.0006074       2.2845027   2.2845027e-09       2.3940071       0.2460155      0.24734774       13.748159       2.0381317       0.7028459      0.29707759      0.14033303       147.54031       1.0096124      0.82966151      0.61793763      0.45620718      0.83700329       1.0412243       7.8423285       1.0437632       10.576162       633.58773     0.088545445      0.088545445       801.37081                 21.888361                        390.08138                            221.618             157.20691                       10.576162
              3       402.77864       68.729787       3.0722571      0.97711256     0.022681028      0.11700713      0.05705742       1.0148679       1.0048049       2.1590581   2.1590581e-09       2.3940071       0.2460155      0.24734774       13.748159       1.9262155       0.7028459      0.29707759      0.14033303       147.54031      0.98276688      0.80760089      0.60150672      0.44407667      0.81474745       1.0412243       7.8423285       1.0148679       10.576162        634.3105     0.088545445      0.088545445       805.38018                 21.351065                        390.19809                          222.76135             160.49351                       10.576162
              2       401.96097       68.729787       3.1602215      0.97357826     0.022681028      0.11700713      0.05705742       1.0613161       1.0025387       2.3575817   2.3575817e-09       2.3940071       0.2460155      0.24734774       13.748159       2.1033295       0.7028459      0.29707759      0.14033303       147.54031       1.0255628      0.84276897      0.62770015      0.46341459      0.85022674       1.0412243       7.8423285       1.0613161       10.576162       634.16692     0.088545445      0.088545445       803.74485                 21.810659                        390.09698                          222.25928             159.00177                       10.576162
              3       401.85756       68.764321       3.1609485      0.97371274     0.022687378      0.11697175       0.0561887       1.0624959       1.0026774       2.3592964   2.3592964e-09       2.3929047      0.24601819      0.24735044       13.745902       2.1085195      0.70320571      0.29671787      0.14030399        147.5427       1.0255908      0.84208493      0.62768481      0.46326292      0.85046353       1.0412725       7.7543714       1.0624959       10.492859       634.18589     0.088545445      0.088545445       803.53803                 21.788754                        390.13066                          222.26648             158.85928                       10.492859
              1       402.41809       68.386091       3.1482343      0.97204316     0.022619649      0.11793503     0.054081252       1.0563279       1.0019922       2.3294896   2.3294896e-09       2.4047011      0.24598935       0.2473215       13.754924       2.0906744      0.69799865      0.30192407      0.14119955       147.36091       1.0260061      0.85336076      0.62893862       0.4662112       0.8484648       1.0413502       7.5736984       1.0563279       12.657304        633.9235     0.088545445      0.088545445       804.65909                   22.0655                        390.30234                          221.55565             158.07829                       12.657304
              1       404.39149       68.193577       3.1443988      0.97072222     0.022626199      0.11831954     0.054305685       1.0515704       1.0028368        2.320572    2.320572e-09       2.4035565      0.24599215       0.2473243        13.76134       2.0817363       0.6954502      0.30447209       0.1415906       147.25137       1.0264195      0.85897444      0.62962724      0.46770324       0.8476111       1.0411682       7.6006154       1.0515704       15.084545       636.31157     0.088545445      0.088545445       808.60589                 22.552011                          390.178                          223.58156             157.20977                       15.084545
              7       405.13921       68.418758       3.1532541      0.97109879     0.022706816      0.11781742     0.049879749       1.0612329       1.0041353       2.3412127   2.3412127e-09       2.3895351      0.24602643      0.24735871       13.752861       2.1189264      0.69835202      0.30157078       0.1411691       147.29536       1.0266948      0.85323793      0.62932685      0.46636245      0.84923707       1.0410983       7.1239832       1.0612329       12.872064       639.26921     0.088545445      0.088545445       810.10132                 22.404089                        391.59417                          225.27096             157.96005                       12.872064
              8       405.06707       68.408822       3.1541492       0.9717047     0.022687126      0.11753887     0.067708768       1.0442533       1.0040169       2.3433091   2.3433091e-09       2.3929485      0.24601808      0.24735034       13.761872       2.0465317      0.69890168       0.3010211      0.14087086       147.39145        1.026008      0.85120649      0.62857347      0.46559175      0.84860739       1.0408235       8.8737061       1.0442533       12.720246        637.8945     0.088545445      0.088545445       809.95705                 22.705183                        393.08811                          222.10121             159.34231                       12.720246
              2       405.71726        68.43644       3.1553712      0.97169851     0.022706359      0.11749528     0.068898384       1.0439051      0.99917777       2.3461744   2.3461744e-09       2.3896142      0.24602624      0.24735852        13.76009       2.0441649      0.69919664       0.3007262      0.14084651       147.38168       1.0261105      0.85071256      0.62860908      0.46550405      0.84886345       1.0408095       8.9790511       1.0439051       12.573423       638.37069     0.088545445      0.088545445       811.25743                 22.727876                        393.61604                          222.02678             160.31331                       12.573423
              1       402.99255       68.811649       3.1618931      0.97383879     0.022715261       0.1169883     0.059936015       1.0571547       1.0059407        2.361526    2.361526e-09       2.3880732      0.24603001       0.2473623       13.740512       2.0947537      0.70351999      0.29640369      0.14034843        147.5072        1.025787      0.84173288      0.62785459      0.46326552       0.8509189       1.0413592       8.1166547       1.0571547       10.436767       635.45957     0.088545445      0.088545445       805.80801                 22.087724                        390.32661                          223.04523             159.91168                       10.436767
              3        401.7546         68.8881       3.1640899      0.97530082     0.022617327      0.11634549     0.058813898        1.060769       1.0017432       2.3667194   2.3667194e-09       2.4051069      0.24598836       0.2473205       13.754027       2.1040772      0.70573859      0.29418526      0.13960768       147.78896       1.0243041      0.83531579      0.62611807      0.46111735      0.85016067       1.0411466       8.0182544        1.060769       10.411626       633.83973     0.088545445      0.088545445        803.3321                 21.718742                        390.17818                          221.94281             159.08074                       10.411626
              5       404.01654         68.8881       3.1963267      0.98247572     0.022617327      0.11634549     0.058813898       1.0786715       1.0016944        2.444258    2.444258e-09       2.4051069      0.24598836       0.2473205       13.754027        2.173011      0.70573859      0.29418526      0.13960768       147.78896       1.0438275      0.85123708        0.638052      0.46990634       0.8663649       1.0411466       8.0182544       1.0786715       10.411626       634.98522     0.088545445      0.088545445       807.85599                 20.702815                        390.30766                          223.97475             162.45914                       10.411626
              4       404.49083       68.815902       3.1942628      0.98091249     0.022726053      0.11702614     0.059377187        1.077388       1.0006364       2.4392185   2.4392185e-09       2.3862072      0.24603457      0.24736688        13.73881       2.1660892      0.70345392      0.29646977      0.14039706       147.48508       1.0454781      0.85808951       0.6399624      0.47222563      0.86728004       1.0413844       8.0604865        1.077388       10.445774       637.83444     0.088545445      0.088545445       808.80457                 20.823177                        390.32483                          226.68643             160.52436                       10.445774
              1       404.19825       68.815902       3.1906105      0.98035065     0.022726053      0.11702614     0.059377187       1.0732873        1.002087        2.430326    2.430326e-09       2.3862072      0.24603457      0.24736688        13.73881       2.1581924      0.70345392      0.29646977      0.14039706       147.48508       1.0433446       0.8563384      0.63865641      0.47126196      0.86551017       1.0413844       8.0604865       1.0732873       10.445774       635.59865     0.088545445      0.088545445        808.2194                 21.064417                        390.28339                          224.25084             162.17498                       10.445774
              2       404.04966       68.888666       3.1913634      0.98213074     0.022580836      0.11636162     0.051474426       1.0843802       1.0017024       2.4321565   2.4321565e-09       2.4114991      0.24597275      0.24730484       13.754536       2.1942263      0.70578633      0.29413752      0.13958732       147.82545       1.0415089      0.84922571       0.6366115      0.46882643      0.86444401        1.041259       7.2926259       1.0843802       10.434567       636.54469     0.088545445      0.088545445       807.92223                 20.601877                        391.61454                          224.32827             160.94297                       10.434567
              2       404.73261       68.938479       3.1942391      0.98177375     0.022632512      0.11631436     0.048326844       1.0894484       1.0009375       2.4391608   2.4391608e-09       2.4024542      0.24599484      0.24732701       13.750015       2.2144418      0.70620206       0.2937219      0.13959174       147.78035       1.0419417      0.84880477      0.63688106      0.46885917      0.86511582       1.0412236       6.9564029       1.0894484       10.483499       637.80667     0.088545445      0.088545445       809.28814                 20.603667                        393.39979                          223.80321             160.99797                       10.483499
              1        404.0315       68.938479       3.1456721      0.98210548     0.022632512      0.11631436     0.048326844       1.0632031       1.0056285       2.3235286   2.3235286e-09       2.4024542      0.24599484      0.24732701       13.750015       2.1094627      0.70620206       0.2937219      0.13959174       147.78035       1.0170746       0.8285471      0.62168118      0.45766932      0.84446886       1.0412236       6.9564029       1.0632031       10.483499       638.21215     0.088545445      0.088545445       807.88591                 20.578738                        393.42525                          224.20816             159.19026                       10.483499
              2       404.45152       69.071071       3.1492102      0.98268469     0.022667646      0.11610997     0.052022672       1.0605623       1.0059712       2.3317642   2.3317642e-09       2.3963326      0.24600981      0.24734203       13.742958       2.1013496      0.70768373      0.29224052      0.13942248       147.79605       1.0170919      0.82559214      0.62150324      0.45696034      0.84529498       1.0413062       7.3266789       1.0605623       10.872943       636.94191     0.088545445      0.088545445       808.72594                 20.628946                         391.4584                          224.85457             160.91109                       10.872943
              3       401.72373       69.071071       3.1424746      0.97880341     0.022667646      0.11610997     0.052022672       1.0582572       1.0031839       2.3161111   2.3161111e-09       2.3963326      0.24600981      0.24734203       13.742958       2.0872433      0.70768373      0.29224052      0.13942248       147.79605       1.0121542      0.82158408      0.61848599       0.4547419      0.84119127       1.0413062       7.3266789       1.0582572       10.872943       635.22009     0.088545445      0.088545445       803.27036                 20.960132                        391.23115                          223.02881             157.17733                       10.872943
              3       402.16684       69.095878       3.1437412      0.97888942     0.022676658      0.11601398     0.053491642       1.0571083       1.0055963       2.3190466   2.3190466e-09       2.3947663      0.24601364      0.24734587       13.743156       2.0837577      0.70807577      0.29184854       0.1393355       147.81182       1.0121033      0.82069833      0.61835844      0.45449559      0.84130004        1.041253       7.4717654       1.0571083       10.989227       634.31928     0.088545445      0.088545445       804.15658                 21.005385                        390.75921                          222.55468             158.84808                       10.989227
              6       404.48739       69.208066       3.1477149      0.97924337     0.022702454      0.11574605     0.051420296        1.061998      0.99740638         2.32828     2.32828e-09       2.3902907      0.24602459      0.24735686       13.739914        2.100739      0.70952697      0.29039759      0.13909337       147.85518       1.0120451      0.81764127      0.61805408      0.45370622      0.84193435       1.0412295        7.252528        1.061998       11.622965       635.52077     0.088545445      0.088545445       808.79769                 20.907349                        391.56343                             223.05             161.65395                       11.622965
              3       404.22025       69.227531       3.1479272      0.97932555     0.022708811      0.11575416     0.051961023       1.0607261      0.99812909       2.3287743   2.3287743e-09       2.3891896      0.24602728      0.24735956       13.737803        2.098914       0.7096601      0.29026449      0.13910784        147.8459        1.012098      0.81746163      0.61810245      0.45368972      0.84209674       1.0412797       7.3063913       1.0607261         11.7185        635.3196     0.088545445      0.088545445        808.2634                 20.974504                        391.33469                          223.01041              161.2253                         11.7185
              3       402.73081       69.182495       3.1465155      0.97919867     0.022694294      0.11582775     0.052004103       1.0594212       1.0013484       2.3254891   2.3254891e-09       2.3917051      0.24602113      0.24735339       13.740148       2.0957724      0.70915855      0.29076594      0.13916691       147.84228       1.0120614      0.81843655      0.61814569      0.45391729      0.84179232       1.0412631        7.314863       1.0594212       11.458455       635.52334     0.088545445      0.088545445       805.28453                 21.023407                        391.26344                           223.2365             158.30274                       11.458455
              2       403.18389       69.182495       3.1124896      0.98039352     0.022694294      0.11582775     0.052004103       1.0423231       1.0013555       2.2476934   2.2476934e-09       2.3917051      0.24602113      0.24735339       13.740148       2.0256616      0.70915855      0.29076594      0.13916691       147.84228      0.99544824       0.8050018      0.60799874      0.44646618      0.82797418       1.0412631        7.314863       1.0423231       11.458455       635.67995     0.088545445      0.088545445        806.1907                 20.818616                         391.3793                          223.48203              159.0523                       11.458455
              7       404.71846       69.182495        3.107761      0.97952269     0.022694294      0.11582775     0.052004103        1.038714       1.0057666       2.2370899   2.2370899e-09       2.3917051      0.24602113      0.24735339       13.740148       2.0161055      0.70915855      0.29076594      0.13916691       147.84228      0.99276341      0.80283063       0.6063589      0.44526201      0.82574105       1.0412631        7.314863        1.038714       11.458455        636.6923     0.088545445      0.088545445       809.25983                  21.01514                        391.28747                          224.38969             161.10907                       11.458455
              3       405.22557        69.14872       3.1052304      0.97999756     0.022634773      0.11582021     0.052750822       1.0368251       0.9999341        2.231436    2.231436e-09       2.4020595      0.24599581      0.24732798       13.744965        2.008009       0.7090146      0.29090982      0.13909985       147.91093      0.99226441      0.80258845      0.60598111      0.44503962      0.82512451       1.0413075       7.4029803       1.0368251       11.484286       636.56918     0.088545445      0.088545445       810.27405                 20.944667                        391.04689                          224.57762             162.22058                       11.484286
              2       403.39712        69.14872       3.1419702      0.97990948     0.022634773      0.11582021     0.052750822       1.0570741      0.99903545        2.314943    2.314943e-09       2.4020595      0.24599581      0.24732798       13.744965       2.0831547       0.7090146      0.29090982      0.13909985       147.91093       1.0106263      0.81744034      0.61719479      0.45327508      0.84039344       1.0413075       7.4029803       1.0570741       11.484286       635.13537     0.088545445      0.088545445       806.61714                  20.87331                        391.07905                          223.18301             159.99749                       11.484286
              3       405.47449       69.136142       3.1410084      0.97973912     0.022633407       0.1159364     0.048320949        1.060074       1.0071112       2.3127176   2.3127176e-09        2.402298      0.24599522      0.24732739       13.742922       2.0996725      0.70866849      0.29125591      0.13921468       147.88114       1.0108041      0.81838511      0.61743076      0.45358319      0.84046489        1.041399       6.9506007        1.060074       11.362579       638.58523     0.088545445      0.088545445        810.7719                 20.910306                        393.29845                          224.37648             160.82409                       11.362579
              1       404.46372       69.023583       3.1372084      0.98014862     0.022536287      0.11586274     0.051554377       1.0549062       1.0012911       2.3039459   2.3039459e-09       2.4193362      0.24595366      0.24728568       13.757546       2.0782257      0.70807602      0.29184813      0.13904389       148.00991       1.0098834       0.8184687      0.61667908      0.45326109       0.8390155        1.041234       7.3025109       1.0549062       11.118538       637.34178     0.088545445      0.088545445       808.75035                  20.87559                        391.50241                          224.96379             160.29003                       11.118538
              2       401.45055       68.874356       3.1360541      0.97845547     0.022619273      0.11627675     0.058661467       1.0485118       1.0020159       2.3012882   2.3012882e-09       2.4047668      0.24598919      0.24732134       13.757075       2.0465309      0.70576195      0.29416187      0.13954089        147.8053       1.0109223      0.82426177      0.61786436      0.45502969      0.83897023       1.0410269       8.0014798       1.0485118       10.408745       634.37191     0.088545445      0.088545445         802.724                 21.035178                        390.27508                          223.06166             157.94335                       10.408745
              8       402.88438       68.407209       3.1186509      0.97668723     0.022522126      0.11756931     0.059642459        1.036865      0.99884767       2.2615847   2.2615847e-09       2.4218352      0.24594759      0.24727959       13.765689       2.0072806      0.69917501      0.30074776      0.14073631       147.56718       1.0114131      0.83840243        0.619484      0.45875488      0.83652609       1.0412745       8.1425581        1.036865        11.77467       635.34936     0.088545445      0.088545445       805.59168                 21.295309                        390.38442                          223.66963             158.46765                        11.77467
              2         404.176       68.407209       3.1390904      0.97698227     0.022522126      0.11756931     0.059642459       1.0449876      0.99872128       2.3082862   2.3082862e-09       2.4218352      0.24594759      0.24727959       13.765689       2.0487307      0.69917501      0.30074776      0.14073631       147.56718        1.021918      0.84711041      0.62591821      0.46351969      0.84521458       1.0412745       8.1425581       1.0449876        11.77467       634.73134     0.088545445      0.088545445       808.17491                   21.5008                        390.34041                          222.89013              161.6689                        11.77467
              3       401.61419       68.585803       3.1464954      0.97745861     0.022548858      0.11700127     0.049167081       1.0621421       1.0033907       2.3254425   2.3254425e-09       2.4171209      0.24595905      0.24729109       13.764672       2.1076555      0.70189038       0.2980328        0.140195       147.68939       1.0217288      0.84116513      0.62519969      0.46193914      0.84616048       1.0411292       7.0703856       1.0621421       10.736463       634.94282     0.088545445      0.088545445        803.0513                 21.074762                        392.45943                          221.40863             157.37201                       10.736463
             10       401.49209       68.810338       3.1539653      0.97873244     0.022575748      0.11635222     0.055479435       1.0603321       1.0051859       2.3428782   2.3428782e-09       2.4123924      0.24597057      0.24730265       13.761858       2.0968187      0.70514674      0.29477694      0.13957283       147.83375       1.0211865       0.8338097      0.62417346      0.45991616      0.84709461       1.0410296       7.6978011       1.0603321       10.363533       632.95855     0.088545445      0.088545445       802.80709                 21.008643                        390.31135                          221.63855             159.48501                       10.363533
              2       401.66218       68.810338       3.1523082      0.97959499     0.022575748      0.11635222     0.055479435       1.0585973       1.0013518       2.3389991   2.3389991e-09       2.4123924      0.24597057      0.24730265       13.761858        2.093347      0.70514674      0.29477694      0.13957283       147.83375       1.0206794       0.8333956      0.62386347      0.45968775      0.84667392       1.0410296       7.6978011       1.0585973       10.363533       633.57074     0.088545445      0.088545445       803.14727                 20.973916                        390.32595                          222.27088               159.213                       10.363533
              5       402.55003       68.939494       3.1563176      0.98000743     0.022611239      0.11612107     0.054775822        1.062247       0.9988537        2.348396    2.348396e-09       2.4061716      0.24598576      0.24731789       13.755813       2.1047168      0.70666217       0.2932618      0.13937718        147.8562       1.0207329      0.83036109      0.62367746      0.45895903      0.84751263       1.0410727       7.6160642        1.062247        10.55721       633.66889     0.088545445      0.088545445       804.92297                 20.878292                        390.52225                          222.26834             160.69687                        10.55721
              2       402.51106       68.892514       3.1525761      0.98023862     0.022554192      0.11628004     0.049780939       1.0660543       1.0021354       2.3396257   2.3396257e-09        2.416182      0.24596134      0.24729338       13.757166       2.1179086      0.70604723      0.29387663       0.1394791       147.87727        1.020499      0.83145363      0.62364849      0.45917807      0.84702965       1.0412506       7.1227192       1.0660543       10.485991       636.74738     0.088545445      0.088545445       804.84503                 20.724065                        392.34596                          223.67736             157.61166                       10.485991
              5       401.13882       68.560151       3.1417833      0.97896704     0.022502207      0.11706659     0.058083632       1.0500189       1.0026483       2.3145104   2.3145104e-09       2.4253569      0.24593905      0.24727101       13.766433       2.0606695      0.70162754      0.29829558      0.14021367       147.72405       1.0207693      0.84088478      0.62463338      0.46162242      0.84520778       1.0412424       7.9851576       1.0500189       10.712808        633.9083     0.088545445      0.088545445       802.10055                 21.052133                        390.19241                          222.66375             157.47944                       10.712808
              1       401.94294       68.554289       3.1415112       0.9789533     0.022499928      0.11708461     0.057945975       1.0511699       1.0036099       2.3138808   2.3138808e-09       2.4257602      0.24593807      0.24727003       13.766521       2.0606762      0.70154301      0.29838009      0.14022941       147.72176       1.0207702        0.841064      0.62465148      0.46166849      0.84517241       1.0412506       7.9723944       1.0511699       10.732084       635.48708     0.088545445      0.088545445       803.70879                  20.95138                         390.2356                          224.30009             157.48963                       10.732084
              1       405.92124       68.554289       3.1041277      0.98363547     0.022499928      0.11708461     0.057945975       1.0324825        0.999668       2.2289767   2.2289767e-09       2.4257602      0.24593807      0.24727003       13.766521        1.985063      0.70154301      0.29838009      0.14022941       147.72176       1.0036725      0.82697628      0.61418865       0.4539356      0.83101588       1.0412506       7.9723944       1.0324825       10.732084       642.53887     0.088545445      0.088545445       811.66539                 20.406682                        390.34726                          231.78493             158.39443                       10.732084
              2       404.99269       68.661904       3.1072784      0.98426212      0.02249827      0.11678215     0.055705982       1.0364784       1.0020494       2.2360106   2.2360106e-09       2.4260537      0.24593736      0.24726932       13.765324       2.0002683      0.70312293      0.29680042      0.13992528       147.80482        1.003389      0.82344802      0.61368201      0.45295965      0.83143301       1.0412496       7.7449917       1.0364784       10.392756       641.56168     0.088545445      0.088545445       809.80829                 20.346992                        390.47549                           230.7392             157.85386                       10.392756
              6       407.33545       68.661904        3.026664      0.97927638      0.02249827      0.11678215     0.055705982      0.99394937       1.0061163       2.0628302   2.0628302e-09       2.4260537      0.24593736      0.24726932       13.765324       1.8453463      0.70312293      0.29680042      0.13992528       147.80482      0.96190208      0.78940108      0.58830821      0.43423122      0.79705591       1.0412496       7.7449917      0.99394937       10.392756       635.46211     0.088545445      0.088545445       814.49381                 20.967077                        390.36075                          224.13428             168.63894                       10.392756
              1       411.21153       68.592238       3.0263346      0.97836514     0.022502908      0.11688812     0.042392058       1.0064865        1.006317       2.0621507   2.0621507e-09       2.4252328      0.24593935      0.24727131       13.768462       1.8945197      0.70228448      0.29763871      0.14003589       147.77118      0.96221861      0.79126614      0.58861807      0.43476637       0.7969136       1.0411447       6.3558357       1.0064865        10.58004       642.79917     0.088545445      0.088545445       822.24598                 20.909349                        398.20254                          223.68728             168.86677                        10.58004
              1       412.79269        68.74337       3.0315468      0.97915253     0.022516864        0.116433     0.042829164        1.008325       1.0057315       2.0729272   2.0729272e-09       2.4227648      0.24594533      0.24727732       13.767184        1.902756      0.70452564      0.29539789      0.13959473       147.87805      0.96187594       0.7864878      0.58794448      0.43344916      0.79750694       1.0410684       6.3949452        1.008325       10.339285       644.64263     0.088545445      0.088545445       825.40828                 20.891534                         397.7966                          225.95449             170.42637                       10.339285
              3       412.06984        68.74337       3.0428453      0.98083307     0.022516864        0.116433     0.042829164       1.0143578       1.0057557       2.0964809   2.0964809e-09       2.4227648      0.24594533      0.24727732       13.767184       1.9243762      0.70452564      0.29539789      0.13959473       147.87805      0.96795054      0.79145476      0.59165757      0.43618655      0.80254349       1.0410684       6.3949452       1.0143578       10.339285       644.73761     0.088545445      0.088545445       823.96259                 20.688907                        398.03106                          226.01764              168.8857                       10.339285
              4       408.35425       69.030038       3.0548311      0.98102525     0.022672677      0.11590106     0.047371768       1.0176218       1.0032862       2.1217603   2.1217603e-09        2.395458      0.24601195      0.24734418       13.752173       1.9299662      0.70776395      0.29216021      0.13921861       147.84674      0.96857136      0.78577917      0.59163785      0.43497191       0.8047309       1.0409463       6.8422951       1.0176218       10.782522         638.861     0.088545445      0.088545445        816.5314                   20.6518                        394.10607                          224.10313             166.88788                       10.782522
              1       406.98541        68.31029        3.028018      0.97867095     0.022495646      0.11775489     0.051968085      0.99751726       1.0041071       2.0656252   2.0656252e-09       2.4265184      0.24593623      0.24726819       13.769939       1.8617125      0.69797983      0.30194272       0.1408954        147.5472      0.96891607      0.80547525      0.59362251      0.44003934      0.80080951       1.0412515       7.3822661      0.99751726        12.48691       636.94698     0.088545445      0.088545445       813.79373                 20.962249                        391.19819                          224.78654             164.35984                        12.48691
              1       406.48586       68.305338       3.0281846      0.97881715     0.022486394      0.11767777     0.055207412      0.99440093       1.0041337       2.0659694   2.0659694e-09       2.4281579      0.24593226       0.2472642       13.772739       1.8499983      0.69812116      0.30180139      0.14080904       147.57811      0.96872959      0.80495179      0.59341729      0.43983573      0.80062637       1.0411783       7.7119575      0.99440093       12.441192       635.71414     0.088545445      0.088545445       812.79463                 20.998896                        390.35406                          224.36119              164.6393                       12.441192
              4       404.21427       68.305338       3.1418495       0.9767832     0.022486394      0.11767777     0.055207412       1.0542926       1.0028552       2.3146638   2.3146638e-09       2.4281579      0.24593226       0.2472642       13.772739       2.0726948      0.69812116      0.30180139      0.14080904       147.57811       1.0245811      0.85136077      0.62763039      0.46519418      0.84678597       1.0411783       7.7119575       1.0542926       12.441192       637.36319     0.088545445      0.088545445       808.25144                 21.108416                        390.34506                          225.90972             158.44705                       12.441192
              1       404.58335       68.305338       3.1285288       0.9774842     0.022486394      0.11767777     0.055207412       1.0474122      0.99935233       2.2840352   2.2840352e-09       2.4281579      0.24593226       0.2472642       13.772739       2.0452681      0.69812116      0.30180139      0.14080904       147.57811       1.0180528       0.8459362      0.62363135      0.46223012      0.84139055       1.0411783       7.7119575       1.0474122       12.441192       638.29022     0.088545445      0.088545445       808.98961                 21.008438                        390.33934                          226.94244             158.25819                       12.441192
              1       404.04286       68.227881       3.1271305      0.97619346     0.022559499      0.11813471     0.054419175       1.0464628       1.0024016       2.2808436   2.2808436e-09       2.4152482      0.24596361      0.24729567       13.765146       2.0456325       0.6962967      0.30362567      0.14133908       147.37469        1.019104      0.85093222      0.62486195      0.46384054      0.84178167       1.0412459       7.6238465       1.0464628       13.977059        638.0238     0.088545445      0.088545445       807.90863                 21.227711                        390.43841                          226.35768             155.90777                       13.977059
              2       401.85923       68.227881       3.1050568      0.97330234     0.022559499      0.11813471     0.054419175       1.0333228       1.0016398       2.2310486   2.2310486e-09       2.4152482      0.24596361      0.24729567       13.765146       2.0009726       0.6962967      0.30362567      0.14133908       147.37469       1.0068048      0.84066261      0.61732071      0.45824261      0.83162249       1.0412459       7.6238465       1.0333228       13.977059       633.27352     0.088545445      0.088545445       803.54137                 21.827764                        390.27649                          221.16926             156.29079                       13.977059
              5       402.08748       69.038006       3.1312812      0.97599487     0.022786004      0.11655414     0.056390717       1.0461351      0.99995846       2.2903305   2.2903305e-09       2.3758814      0.24605979      0.24739219       13.730482       2.0460574      0.70622344      0.29370074      0.13998501       147.54471       1.0070928      0.82095441      0.61601302      0.45348837       0.8367845        1.041383       7.7461464       1.0461351       10.465619       635.27735     0.088545445      0.088545445       803.99788                 21.564995                        390.18155                           223.5308             158.25491                       10.465619
              9       402.38113       68.778209       3.1194931      0.97612943     0.022642821      0.11707824     0.061496415        1.035373         1.00272       2.2634903   2.2634903e-09       2.4006557      0.24599924      0.24733142       13.742985       2.0015366      0.70319463      0.29672898      0.14036592       147.56388        1.006382      0.82642442      0.61599658      0.45464068      0.83461908       1.0415418       8.2866448        1.035373       10.392375       636.18169     0.088545445      0.088545445       804.58517                  21.51442                        390.61967                          224.04761              158.0111                       10.392375
              2       401.47146       68.745035       3.1197455      0.97554866      0.02267463      0.11720644     0.060951301       1.0349882       1.0020657       2.2640617   2.2640617e-09       2.3951185      0.24601278      0.24734501       13.741548       2.0042257       0.7025695      0.29735403      0.14052594       147.49412       1.0068772      0.82819862      0.61647525      0.45523338      0.83482835       1.0414988        8.228621       1.0349882       10.529899         635.071     0.088545445      0.088545445       802.76582                 21.694722                         390.5504                          222.82589             157.16492                       10.529899
              3         400.611       68.699797       3.1182458      0.97570556     0.022604663      0.11692926     0.052807842       1.0433368       1.0019425       2.2606689   2.2606689e-09       2.4073227      0.24598295      0.24731507       13.755027       2.0340829       0.7029132      0.29701023      0.14017879       147.64635       1.0053957      0.82584752      0.61518761      0.45415117      0.83332561       1.0412476        7.432121       1.0433368       10.493225       633.61688     0.088545445      0.088545445       801.04491                 21.412731                        390.78599                          221.41815              156.9348                       10.493225
              4       405.92591       68.388188        3.101593      0.97542158     0.022450025      0.11777195     0.049380621        1.035976       1.0052062       2.2233341   2.2233341e-09       2.4346186      0.24591667      0.24724855        13.76381       2.0142495      0.69872855      0.30119418      0.14086684       147.59357       1.0041259      0.83335778      0.61516321       0.4557241       0.8303835       1.0416182       7.1250715        1.035976       11.623349       638.54022     0.088545445      0.088545445       811.67473                  21.50211                        392.11021                          224.92789             161.51117                       11.623349
              1       405.31989       68.388188       3.1282168      0.97669461     0.022450025      0.11777195     0.049380621       1.0502715       1.0024294       2.2833228   2.2833228e-09       2.4346186      0.24591667      0.24724855        13.76381       2.0685968      0.69872855      0.30119418      0.14086684       147.59357       1.0180785      0.84493756       0.6237111      0.46205654      0.84192195       1.0416182       7.1250715       1.0502715       11.623349       638.19881     0.088545445      0.088545445       810.46268                 21.282647                        392.23605                          224.68011             160.64053                       11.623349
              1       406.35843       68.297617       3.1272065      0.97647944     0.022465349      0.11814797      0.06306773       1.0368754       1.0025554        2.281017    2.281017e-09       2.4318932      0.24592324      0.24725515       13.761165        2.010706         0.69709      0.30283253      0.14125818       147.47611       1.0198113      0.84995459      0.62520612      0.46379264      0.84279624       1.0417092       8.5003473       1.0368754       12.593158       639.29505     0.088545445      0.088545445       812.53977                  21.43734                        391.18706                          226.67065             160.65156                       12.593158
              6       403.25128       68.411331       3.1330263      0.97633678     0.022532262      0.11786318     0.060720691       1.0411255       1.0007364       2.2943309   2.2943309e-09       2.4200462      0.24595194      0.24728395       13.757027        2.031958      0.69856171      0.30136107       0.1410403       147.47741        1.020118       0.8471957      0.62515286      0.46318876      0.84375126       1.0415731       8.2512597       1.0411255       11.901579       635.28291     0.088545445      0.088545445       806.32548                 21.565186                        390.56244                          223.15529             159.14098                       11.901579
              5         402.012       68.991813       3.1565117      0.97845739     0.022629525      0.11590027      0.05281058       1.0645868       1.0017436       2.3488519   2.3488519e-09       2.4029756      0.24599357      0.24732573       13.756756       2.1134158      0.70753237      0.29239171      0.13917466       147.89521       1.0185864      0.82671547      0.62213969      0.45748744       0.8460512       1.0409424       7.4106217       1.0645868       10.738878       633.63484     0.088545445      0.088545445       803.84691                 21.038714                        390.94735                          221.64877             159.47319                       10.738878
              2       402.83997       68.991813       3.1070394      0.97676669     0.022629525      0.11590027      0.05281058       1.0382484        1.002463       2.2354762   2.2354762e-09       2.4029756      0.24599357      0.24732573       13.756756       2.0114043      0.70753237      0.29239171      0.13917466       147.89521      0.99305315      0.80599192      0.60654431      0.44601945      0.82484296       1.0409424       7.4106217       1.0382484       10.738878        634.1721     0.088545445      0.088545445       805.50285                  21.29159                        390.86762                          222.01289             160.59187                       10.738878
              4        403.1343        68.89647       3.1034914      0.97594575     0.022641527      0.11626405     0.049686184       1.0392085       1.0000475       2.2275588   2.2275588e-09       2.4008814      0.24599869      0.24733087       13.754858        2.016844      0.70593068      0.29399319      0.13955044       147.78383      0.99330401      0.80960855      0.60710665      0.44704301      0.82448105       1.0410218       7.0944422       1.0392085       10.424752       635.18322     0.088545445      0.088545445        806.0915                 21.353593                        392.16997                          221.65965             160.48354                       10.424752
              4       404.12296        68.89647       3.1158486      0.97236056     0.022641527      0.11626405     0.049686184       1.0462584       1.0020459       2.2552561   2.2552561e-09       2.4008814      0.24599869      0.24733087       13.754858       2.0419213      0.70593068      0.29399319      0.13955044       147.78383      0.99808531      0.81350563      0.61002898      0.44919487      0.82844971       1.0410218       7.0944422       1.0462584       10.424752       635.91558     0.088545445      0.088545445       808.06883                 21.836283                        391.96527                          222.11403              161.7285                       10.424752
              3       407.20375       68.626124       3.1112008        0.970789     0.022637913      0.11679517     0.052124965       1.0406953      0.99578398       2.2447983   2.2447983e-09       2.4015116      0.24599715      0.24732932       13.764307       2.0225635      0.70248911      0.29743416      0.14007795       147.64517      0.99926008      0.82142119      0.61132335       0.4514594       0.8277959          1.0408       7.3526949       1.0406953       10.816949       634.19321     0.088545445      0.088545445        814.2304                 22.151749                        390.78047                          221.26099             169.22024                       10.816949
              8       406.09052       68.936319       3.1191129      0.97307575     0.022626783      0.11601178      0.05864685       1.0380347       0.9973224       2.2626299   2.2626299e-09       2.4034545       0.2459924      0.24732455       13.758669        2.012211      0.70683243      0.29309153      0.13928343       147.86823      0.99852218      0.81184959      0.61000386      0.44883157      0.82905199       1.0409054       7.9936051       1.0380347       10.559339       634.75419     0.088545445      0.088545445       812.00394                 22.039556                        390.16824                           222.5464             166.69041                       10.559339
             11       404.59611        68.94949       3.1211075      0.97298584     0.022639401      0.11588338     0.058317652       1.0399447         1.00112       2.2671475   2.2671475e-09       2.4012522      0.24599778      0.24732996       13.760689       2.0175565      0.70718797      0.29273601      0.13916764       147.88875      0.99860474      0.81110776      0.60992747      0.44863921      0.82919973       1.0407735       7.9560701       1.0399447       10.609582       634.42601     0.088545445      0.088545445       809.01514                 21.996734                         390.1471                          222.28218             163.97954                       10.609582
              1       403.37243       68.689592       3.1125907      0.97169037     0.022603021      0.11653507      0.05561356       1.0373725        1.002943       2.2479206   2.2479206e-09       2.4076101      0.24598225      0.24731437       13.766777       2.0112944      0.70366386      0.29625955      0.13978296       147.75399      0.99887092      0.81856058      0.61076329      0.45059982      0.82785607       1.0407985       7.7076763       1.0373725       10.505855       633.53226     0.088545445      0.088545445       806.56777                 22.164485                        390.11783                          221.24995             162.52966                       10.505855
              1        403.2679       68.689592       3.0976749      0.97398224     0.022603021      0.11653507      0.05561356       1.0293647       1.0052042       2.2146398   2.2146398e-09       2.4076101      0.24598225      0.24731437       13.766777       1.9815169      0.70366386      0.29625955      0.13978296       147.75399      0.99231944      0.81319173      0.60675736      0.44764439      0.82242625       1.0407985       7.7076763       1.0293647       10.505855       633.35085     0.088545445      0.088545445       806.35872                 21.808524                        390.15856                          221.38377             162.50202                       10.505855
              1       404.86974       68.727891       3.0987378      0.97421592     0.022586418      0.11628894      0.05097532        1.035176       1.0051085        2.216995    2.216995e-09       2.4105198      0.24597514      0.24730724       13.770603       2.0021108      0.70455026      0.29537324      0.13952023       147.83876      0.99155173      0.81060034      0.60600285      0.44675298      0.82201905       1.0406895       7.2380778        1.035176       10.417804       634.48775     0.088545445      0.088545445        809.5624                 21.629218                        391.38039                          221.47814             164.65685                       10.417804
              1       407.32758       68.727891       3.0699952      0.97271216     0.022586418      0.11628894      0.05097532       1.0197649       1.0026817       2.1541798   2.1541798e-09       2.4105198      0.24597514      0.24730724       13.770603       1.9453841      0.70455026      0.29537324      0.13952023       147.83876      0.97684107      0.79857427      0.59701219      0.44012495      0.80982358       1.0406895       7.2380778       1.0197649       10.417804       636.90037     0.088545445      0.088545445       814.47806                 21.941866                        391.28014                          223.67836             167.15989                       10.417804
              2       408.40976        68.69055       3.0618552      0.97468766     0.022390599      0.11613633     0.051396723       1.0166666       1.0049718       2.1367161   2.1367161e-09       2.4452315      0.24589124      0.24722303       13.783509       1.9279874       0.7049674      0.29495601       0.1391718       148.09982      0.97447703      0.79541267       0.5951952       0.4386304      0.80764425       1.0409134       7.3205072       1.0166666       10.350147       635.98959     0.088545445      0.088545445       816.64243                 21.464719                        391.22756                          223.29731             170.30269                       10.350147
              1       408.66845       68.791312       3.0646462      0.97533129     0.022395246      0.11589723     0.053307859       1.0161344       1.0032756        2.142688    2.142688e-09        2.444399      0.24589323      0.24722503        13.78104       1.9260002       0.7063265      0.29359713      0.13893735       148.15934      0.97432817      0.79257352      0.59485348      0.43787279      0.80811293       1.0409422       7.5111237       1.0161344       10.555018       636.73827     0.088545445      0.088545445       817.15981                 21.440995                        390.67781                          224.61947             169.86652                       10.555018
              2       408.27689       68.697487        3.061349      0.97509461      0.02236985      0.11612984     0.054856437       1.0137496       1.0026598       2.1356348   2.1356348e-09       2.4489537      0.24588238      0.24721414       13.783645       1.9137239       0.7050847      0.29483873      0.13914456       148.12501      0.97448124      0.79517159      0.59516864      0.43856723      0.80768852       1.0409799       7.6770901       1.0137496       10.364442       635.21121     0.088545445      0.088545445       816.37668                 21.392575                        390.32262                          223.49601             170.80103                       10.364442
              1       409.28981       68.697487        3.080239      0.97359345      0.02236985      0.11612984     0.054856437       1.0218866       1.0007239       2.1763603   2.1763603e-09       2.4489537      0.24588238      0.24721414       13.783645       1.9502177       0.7050847      0.29483873      0.13914456       148.12501      0.98316353      0.80225629      0.60047139      0.44247471      0.81488474       1.0409799       7.6770901       1.0218866       10.364442       637.20299     0.088545445      0.088545445       818.40253                 21.781165                        390.21796                          225.20387             170.83509                       10.364442
              2       405.51703       68.758532        3.083981      0.97294351     0.022468821       0.1162467     0.056374767        1.022286        1.003064       2.1845194   2.1845194e-09       2.4312764      0.24592473      0.24725664       13.772285       1.9515937       0.7051516      0.29477196      0.13936039       147.98207      0.98436373      0.80342866      0.60143742      0.44316146      0.81624193       1.0410351       7.8091369        1.022286       10.362936       634.90856     0.088545445      0.088545445       810.85698                  21.93555                        390.07786                          222.89515             165.58549                       10.362936
              6       406.75379       68.758532       3.0455654       0.9782037     0.022468821       0.1162467     0.056374767        1.002934       1.0017325       2.1021914   2.1021914e-09       2.4312764      0.24592473      0.24725664       13.772285       1.8780439       0.7051516      0.29477196      0.13936039       147.98207      0.96758699      0.78973564      0.59118698      0.43560856      0.80233053       1.0410351       7.8091369        1.002934       10.362936        634.9733     0.088545445      0.088545445        813.3305                 21.133228                        390.25959                          223.58048             167.99426                       10.362936
             10       406.79974       68.857204       3.0487073      0.97854696     0.022494161      0.11605055     0.056694944       1.0060151       1.0008087       2.1088067   2.1088067e-09       2.4267815       0.2459356      0.24726755       13.768248       1.8827479      0.70635629      0.29356749      0.13918958       148.00664      0.96758018      0.78738962      0.59100158      0.43502642      0.80290036       1.0410514       7.8320911       1.0060151       10.537392       635.27637     0.088545445      0.088545445       813.42239                 20.954342                        390.25963                          224.06239             167.60863                       10.537392
              1       407.69411       68.857204       3.0386851      0.97572862     0.022494161      0.11605055     0.056694944       1.0005374       1.0033317       2.0877772   2.0877772e-09       2.4267815       0.2459356      0.24726755       13.768248       1.8639727      0.70635629      0.29356749      0.13918958       148.00664      0.96170164      0.78260584      0.58741095      0.43238342      0.79802234       1.0410514       7.8320911       1.0005374       10.537392       634.48287     0.088545445      0.088545445       815.21112                 21.374006                        390.15281                          222.95606             170.19086                       10.537392
              1       408.86751       68.693371       3.0353881        0.974975     0.022498718       0.1165367     0.065020264      0.98993563      0.99852461       2.0809053   2.0809053e-09       2.4259745      0.24593755      0.24726951       13.769262       1.8271593      0.70391404      0.29600938      0.13968029       147.87051      0.96305957      0.78863556      0.58875815      0.43427347      0.79819787        1.041078       8.6485105      0.98993563        10.35202       635.41905     0.088545445      0.088545445       817.55794                 21.718947                        391.76026                          221.93985             171.78686                        10.35202
              1       411.33466       68.693371       3.0362117      0.97500557     0.022498718       0.1165367     0.065020264      0.99157574      0.99749882       2.0826198   2.0826198e-09       2.4259745      0.24593755      0.24726951       13.769262       1.8286648      0.70391404      0.29600938      0.13968029       147.87051      0.96346753      0.78896963      0.58900755      0.43445743      0.79853599        1.041078       8.6485105      0.99157574        10.35202       638.06245     0.088545445      0.088545445       822.49222                 21.575763                        391.74331                          224.74337             174.07776                        10.35202
              3       408.08986       68.693371       3.0308464      0.97622298     0.022498718       0.1165367     0.065020264      0.98726575      0.99970049       2.0714758   2.0714758e-09       2.4259745      0.24593755      0.24726951       13.769262       1.8188797      0.70391404      0.29600938      0.13968029       147.87051      0.96133505      0.78722338      0.58770388      0.43349583      0.79676856        1.041078       8.6485105      0.98726575        10.35202       635.29553     0.088545445      0.088545445       816.00262                 21.568373                        391.75167                          221.97549             170.35507                        10.35202
              3         407.147       69.006286       3.0443873      0.97483468     0.022789851      0.11649683     0.061345863      0.99737721       1.0016866       2.0997162   2.0997162e-09       2.3752211       0.2460614      0.24739381       13.734736       1.8572752      0.70606556      0.29385854      0.13993154       147.55578      0.96362472      0.78571966      0.58936839      0.43393174      0.80048327       1.0412178       8.2269115      0.99737721       10.434866       637.27243     0.088545445      0.088545445       814.11691                 21.798749                         390.5659                          224.90778             166.40962                       10.434866
              1       406.57612       69.006286       3.0732239      0.97177062     0.022789851      0.11649683     0.061345863       1.0118674       1.0006944       2.1611463   2.1611463e-09       2.3752211       0.2460614      0.24739381       13.734736       1.9116123      0.70606556      0.29385854      0.13993154       147.55578      0.97646784      0.79619167      0.59722345      0.43971515      0.81115205       1.0412178       8.2269115       1.0118674       10.434866       638.47399     0.088545445      0.088545445       812.97514                 22.333408                        390.55243                          225.58815             164.06628                       10.434866
              2       404.74331       69.006286       3.1010864       0.9738016     0.022789851      0.11649683     0.061345863       1.0265625       1.0041187        2.222208    2.222208e-09       2.3752211       0.2460614      0.24739381       13.734736       1.9656236      0.70606556      0.29385854      0.13993154       147.55578      0.99093997      0.80799195      0.60607483      0.44623212      0.82317405       1.0412178       8.2269115       1.0265625       10.434866       637.45393     0.088545445      0.088545445       809.30954                 21.914121                        390.55053                          224.98928             161.42074                       10.434866
              7       404.44753         68.5896       3.0790021      0.97444328     0.022493679      0.11722485     0.058645914       1.0171036       1.0051817       2.1736701   2.1736701e-09       2.4268668      0.24593539      0.24726734       13.759727       1.9331006      0.70156544      0.29835774      0.14036339       147.69138      0.98832567      0.81448607      0.60494172      0.44709299      0.81851984       1.0415211       8.0458213       1.0171036       10.603919       635.05359     0.088545445      0.088545445       808.71796                 21.696076                        390.22039                          223.13712             163.06046                       10.603919
              2       403.09945       68.571616       3.0806007      0.97376288     0.022522481      0.11714135     0.052606632       1.0242919       1.0021788       2.1771478   2.1771478e-09       2.4217725      0.24594774      0.24727974       13.762815       1.9597215       0.7015252      0.29839794       0.1403087       147.68134      0.98824719      0.81441336      0.60483475      0.44702899      0.81834753       1.0413046       7.4325427       1.0242919       10.736088       634.26236     0.088545445      0.088545445       806.02181                 21.639095                        390.76182                          221.86144             161.02336                       10.736088
              2       402.80036       68.558248       3.0821325       0.9735321     0.022543517      0.11714252     0.055289326       1.0222575       1.0001104       2.1804852   2.1804852e-09       2.4180617      0.24595676      0.24728879       13.763392       1.9522231      0.70136154      0.29856158      0.14033091       147.65749      0.98880631      0.81519682      0.60520089      0.44736092      0.81873071       1.0412123       7.6989988       1.0222575       10.858152       633.24837     0.088545445      0.088545445       805.42364                 21.747785                        390.21879                           221.2818             161.31712                       10.858152
              4       401.23678       68.558248       3.1379896      0.97479581     0.022543517      0.11714252     0.055289326       1.0514595       1.0027125       2.3057465   2.3057465e-09       2.4180617      0.24595676      0.24728879       13.763392       2.0643716      0.70136154      0.29856158      0.14033091       147.65749       1.0173038      0.83869085      0.62264283      0.46025389      0.84232659       1.0412123       7.6989988       1.0514595       10.858152       633.07645     0.088545445      0.088545445       802.29647                 21.526254                        390.28238                          221.26782             158.36186                       10.858152
              1       400.90259       68.554376       3.1379144      0.97482936     0.022538371      0.11712825     0.055368317         1.04995       1.0035351       2.3055732   2.3055732e-09       2.4189689      0.24595456      0.24728658       13.764266       2.0638903      0.70136913      0.29855397      0.14031148       147.66707       1.0172565      0.83860894      0.62259232      0.46021363      0.84226363       1.0411989       7.7077958         1.04995        10.85654       632.89784     0.088545445      0.088545445        801.6281                 21.665451                        390.24674                          220.98565             157.87372                        10.85654
              2       402.54723       68.530639       3.1429863      0.97303774     0.022664351      0.11718685     0.049640177       1.0581564       1.0015013       2.3172965   2.3172965e-09       2.3969058      0.24600841      0.24734062       13.761319        2.098286      0.70076919      0.29915386      0.14049607        147.5108       1.0185338      0.84103454      0.62357898      0.46117432      0.84317518       1.0408681       7.0981822       1.0581564       11.504058       635.09796     0.088545445      0.088545445       804.91736                 21.875005                        391.90387                          221.31908             158.31535                       11.504058
              8       405.23176       68.530639       3.0983092      0.98090631     0.022664351      0.11718685     0.049640177       1.0364102       1.0043589       2.2160451   2.2160451e-09       2.3969058      0.24600841      0.24734062       13.761319        2.006604      0.70076919      0.29915386      0.14049607        147.5108      0.99904314      0.82494055       0.6116462      0.45234931      0.82704022       1.0408681       7.0981822       1.0364102       11.504058       638.63394     0.088545445      0.088545445       810.28642                 20.682264                        392.44555                          225.50613             160.14842                       11.504058
              4        404.8146       68.491709       3.0976165      0.98050332     0.022689023      0.11741175     0.052359903       1.0327999       1.0043893       2.2145106   2.2145106e-09       2.3926193      0.24601889      0.24735114       13.757948       1.9943369      0.69989693      0.30002604      0.14074564       147.42328      0.99974164      0.82744798      0.61234548      0.45319619      0.82738336       1.0409292       7.3755205       1.0327999       11.973334        637.7819     0.088545445      0.088545445       809.45211                 20.781546                        391.14398                          225.85637             159.69688                       11.973334
              1       404.81154       68.491709       3.0768712       0.9790367     0.022689023      0.11741175     0.052359903       1.0218345       1.0046245       2.1690431   2.1690431e-09       2.3926193      0.24601889      0.24735114       13.757948         1.95339      0.69989693      0.30002604      0.14074564       147.42328      0.98886818      0.81844843      0.60568544      0.44826711      0.81838451       1.0409292       7.3755205       1.0218345       11.973334       636.56763     0.088545445      0.088545445         809.446                 20.974245                        391.10428                           224.4891             160.90503                       11.973334
              2       404.85593       68.569827       3.0777925      0.97975997     0.022663235      0.11716542     0.051065854       1.0250596       1.0001868       2.1710423   2.1710423e-09       2.3970999      0.24600793      0.24734015       13.758465       1.9602572      0.70115906      0.29876408      0.14047353       147.51778      0.98814626      0.81521876      0.60495052      0.44725164      0.81825329       1.0409645       7.2451254       1.0250596       11.250253       638.63708     0.088545445      0.088545445       809.53476                 20.772892                        391.68392                          226.18026             159.64743                       11.250253
              4       404.38625       68.565168       3.0762486      0.97991618     0.022653571      0.11728091     0.052656663       1.0209605       1.0049718        2.167693    2.167693e-09       2.3987822      0.24600382      0.24733602       13.755986       1.9510158      0.70089336      0.29902977      0.14057935       147.49767      0.98817018      0.81586326      0.60507906      0.44744611      0.81824529       1.0410987       7.4115039       1.0209605       11.261456       636.22901     0.088545445      0.088545445        808.5954                 20.907182                        391.01951                          224.30232             161.10493                       11.261456
              4       404.63752       68.565168       3.1986518      0.97821811     0.022653571      0.11728091     0.052656663       1.0845424       1.0042712       2.4499478   2.4499478e-09       2.3987822      0.24600382      0.24733602       13.755986        2.205057      0.70089336      0.29902977      0.14057935       147.49767       1.0498517      0.86678938      0.64284805      0.47537566      0.86932011       1.0410987       7.4115039       1.0845424       11.261456       634.73399     0.088545445      0.088545445       809.09795                 21.191775                        390.91703                          222.62518              163.1025                       11.261456
              1       403.95307       68.495527       3.1962641      0.97796705     0.022631552      0.11739646     0.050993758       1.0857818       1.0029024       2.4441049   2.4441049e-09       2.4026217      0.24599443       0.2473266       13.759597       2.2071265      0.70008548      0.29983749      0.14067287       147.49132       1.0496511        0.868289      0.64283212      0.47568456      0.86871253       1.0410716        7.247955       1.0857818       11.638886       634.49235     0.088545445      0.088545445       807.72906                 21.114338                        391.52595                          221.85206             161.59782                       11.638886
              5       404.65781       68.512544        3.196674      0.97805131     0.022632695      0.11735571     0.050757081       1.0878001       1.0017082       2.4451069   2.4451069e-09       2.4024223      0.24599492      0.24732709       13.759172       2.2090768      0.70031882      0.29960419      0.14063327       147.50093       1.0495823      0.86773178      0.64274471      0.47552733      0.86876344       1.0410757       7.2227929       1.0878001       11.516938       636.54618     0.088545445      0.088545445       809.13853                 20.977133                         391.6882                          223.88085             161.07541                       11.516938
              1       404.09473       68.873629       3.2066027      0.97979899     0.022702926      0.11675326     0.057879196       1.0856794        1.004058       2.4695048   2.4695048e-09       2.3902089      0.24602479      0.24735706       13.741799       2.1995642      0.70457485      0.29534897      0.14010105       147.58388       1.0498513      0.85910659      0.64230031       0.4735022      0.87127303       1.0413227       7.9144071       1.0856794       10.355794       635.19462     0.088545445      0.088545445       808.01237                 20.945796                        390.23553                          224.01329             162.46195                       10.355794
              6       405.27453       68.873629       3.1681115      0.97913255     0.022702926      0.11675326     0.057879196       1.0666205       1.0036237       2.3762567   2.3762567e-09       2.3902089      0.24602479      0.24735706       13.741799        2.116509      0.70457485      0.29534897      0.14010105       147.58388        1.029575      0.84251421      0.62989523       0.4643572      0.85444567       1.0413227       7.9144071       1.0666205       10.355794       640.75371     0.088545445      0.088545445       810.37196                 20.892719                        390.25436                          229.60663             159.26246                       10.355794
             10       401.42838       68.873629       3.1509886       0.9804516     0.022702926      0.11675326     0.057879196       1.0553152        1.001231       2.3359146   2.3359146e-09       2.3902089      0.24602479      0.24735706       13.741799       2.0805767      0.70457485      0.29534897      0.14010105       147.58388       1.0213171      0.83575672      0.62484307      0.46063276      0.84759248       1.0413227       7.9144071       1.0553152       10.355794       634.95967     0.088545445      0.088545445       802.67968                 20.915232                        390.26425                          223.78019             157.36422                       10.355794
              4       405.85017       68.806281       3.1468464      0.98017038     0.022685626      0.11703754     0.055679144       1.0575008      0.99987036       2.3262588   2.3262588e-09       2.3932088      0.24601745       0.2473497        13.74045       2.0811134       0.7034323      0.29649137      0.14036804       147.52707       1.0211329      0.83810427      0.62502782      0.46121387       0.8470252       1.0414721       7.7055417       1.0575008       10.402479       643.61785     0.088545445      0.088545445       811.52326                 20.729218                        390.35521                          232.53342             157.50292                       10.402479
              2        403.3745       68.742871       3.1452844      0.97973688     0.022687834      0.11720423     0.055230381       1.0553925       1.0052613        2.322628    2.322628e-09       2.3928257      0.24601839      0.24735064       13.741439        2.079731      0.70252752        0.297396      0.14053693       147.48001       1.0213539      0.84019981      0.62535104      0.46180396      0.84681802       1.0414562        7.662932       1.0553925       10.565301       637.44607     0.088545445      0.088545445        806.5719                 20.892865                        390.41524                          226.13797             158.56053                       10.565301
              2       401.02013       68.742871       3.1380564      0.97596751     0.022687834      0.11720423     0.055230381       1.0501127       1.0031878       2.3059007   2.3059007e-09       2.3928257      0.24601839      0.24735064       13.741439       2.0647529      0.70252752        0.297396      0.14053693       147.48001       1.0161943      0.83595533      0.62219192      0.45947104      0.84254011       1.0414562        7.662932       1.0501127       10.565301       634.39394     0.088545445      0.088545445       801.86317                 21.530668                        390.22718                          222.63608             156.90393                       10.565301
              3       401.69982       68.566194       3.1297584      0.97606177     0.022576133      0.11747688     0.053710118       1.0478507       1.0016377       2.2868455   2.2868455e-09       2.4123248      0.24597074      0.24730282        13.75266       2.0539261      0.70065018      0.29927296      0.14069788       147.53162       1.0151943      0.83879491      0.62175754      0.45987301      0.84062865       1.0415094       7.5387279       1.0478507        10.99569       634.77049     0.088545445      0.088545445       803.22254                  21.38315                        390.55404                           222.8333             157.45636                        10.99569
              2       402.28492       68.566194       3.1341797      0.97694316     0.022576133      0.11747688     0.053710118       1.0494326       1.0054212       2.2969786   2.2969786e-09       2.4123248      0.24597074      0.24730282        13.75266       2.0630271      0.70065018      0.29927296      0.14069788       147.53162       1.0177853      0.84093571       0.6233444      0.46104672      0.84277413       1.0415094       7.5387279       1.0494326        10.99569       634.78706     0.088545445      0.088545445       804.39276                 21.329129                        390.57235                          222.88559                158.61                        10.99569
              5        402.2549       68.551825       3.1340995      0.97680326     0.022581139      0.11751454      0.05387655       1.0490594       1.0002125       2.2967945   2.2967945e-09        2.411446      0.24597288      0.24730497       13.752767       2.0621752      0.70043388      0.29948922      0.14074055       147.51598        1.017919      0.84150494      0.62347354      0.46122551      0.84279651        1.041494       7.5550385       1.0490594       11.098212       634.66341     0.088545445      0.088545445       804.33271                 21.363712                        390.48584                          222.81386             158.57109                       11.098212
              1       404.77985       68.135885       3.1240847      0.97474227      0.02253504      0.11835998     0.054598212         1.04173      0.99813878       2.2739073   2.2739073e-09       2.4195562      0.24595313      0.24728514        13.76784       2.0386813      0.69504348      0.30487868      0.14153989       147.34199       1.0188156      0.85327445      0.62490685      0.46435171      0.84097584       1.0412735       7.6509175         1.04173       15.047833       633.99212     0.088545445      0.088545445        809.3826                 21.710117                        390.24348                          222.03853             160.34265                       15.047833
              1       404.24738       68.135885        3.088626      0.97196896      0.02253504      0.11835998     0.054598212       1.0248131         1.00525       2.1946901   2.1946901e-09       2.4195562      0.24595313      0.24728514        13.76784       1.9676589      0.69504348      0.30487868      0.14153989       147.34199      0.99985275      0.83739279       0.6132757      0.45570892      0.82532309       1.0412735       7.6509175       1.0248131       15.047833       633.84495     0.088545445      0.088545445       808.31766                 22.008144                        390.22942                          221.60739             159.42488                       15.047833
              8       403.96908        68.16848       3.0897686      0.97228502     0.022505639      0.11804536     0.049561917       1.0300034       1.0058498       2.1971992   2.1971992e-09       2.4247495      0.24594052      0.24727249       13.774325       1.9898507      0.69607538      0.30384685      0.14119586        147.4585       0.9989395      0.83427865      0.61234289      0.45463029      0.82476646       1.0411126        7.135486       1.0300034       14.188634       633.95197     0.088545445      0.088545445       807.76107                  21.91825                        391.81222                          220.22151             159.62046                       14.188634
              2       402.74681       68.281751       3.0962211      0.97166654     0.022641832      0.11811524     0.054331786       1.0278253       1.0044468       2.2114225   2.2114225e-09       2.4008281      0.24599882        0.247331       13.758657       1.9837171       0.6966409      0.30328159      0.14140194        147.2883       1.0007519      0.83508571      0.61367756      0.45540916      0.82694901       1.0411744       7.5966461       1.0278253       13.999176       634.43581     0.088545445      0.088545445       805.31654                 22.244661                        390.23425                          221.95689             156.88156                       13.999176
              3       403.10544         69.0582       3.1217035      0.97526415     0.022750547       0.1160712     0.055350593       1.0421156       1.0006341       2.2684991   2.2684991e-09       2.3819801       0.2460449      0.24737725       13.742883       2.0307744      0.70748223      0.29244199      0.13946661       147.71388       0.9994892      0.81173144      0.61079528      0.44916469      0.83058816       1.0410142       7.6422598       1.0421156       10.677787       635.65523     0.088545445      0.088545445       806.03378                 21.694371                         390.2236                          223.73726             159.70077                       10.677787
