[0 : output] Output to be read-from/written-into folder '.', with prefix '1_w0wa_act_planck_desidr2_des'
[0 : camb] `camb` module loaded successfully from /mnt/project_mnt/farm_fs/mraveri/projects/cobaya/code/CAMB/camb
[1 : bao.desi_dr2.desi_bao_all] Initialized.
[2 : bao.desi_dr2.desi_bao_all] Initialized.
[0 : bao.desi_dr2.desi_bao_all] Initialized.
[3 : bao.desi_dr2.desi_bao_all] Initialized.
[3 : mcmc] Getting initial point... (this may take a few seconds)
[2 : mcmc] Getting initial point... (this may take a few seconds)
[0 : mcmc] Getting initial point... (this may take a few seconds)
[1 : mcmc] Getting initial point... (this may take a few seconds)
[3 : mcmc] Initial point: H0:68.07225, logA:3.049147, ns:0.9649401, ombh2:0.02240434, omch2:0.1208969, tau:0.04991105, w:-0.9814896, wa:-0.01404531, A_act:1.019045, P_act:0.9929019
[0 : mcmc] Initial point: H0:68.11642, logA:3.048834, ns:0.96262, ombh2:0.0223823, omch2:0.1186849, tau:0.05162648, w:-0.9814895, wa:0.03622536, A_act:1.003894, P_act:1.005665
[2 : mcmc] Initial point: H0:68.0473, logA:3.049108, ns:0.9628212, ombh2:0.0224051, omch2:0.1201673, tau:0.05223267, w:-0.9848522, wa:0.07007873, A_act:1.0042, P_act:0.9757238
[1 : mcmc] Initial point: H0:68.04949, logA:3.050234, ns:0.9577149, ombh2:0.02228593, omch2:0.1207526, tau:0.05096746, w:-0.9784664, wa:0.02647396, A_act:0.9888664, P_act:1.008121
[0 : model] Measuring speeds... (this may take a few seconds)
[0 : model] Setting measured speeds (per sec): {planck_2018_lowl.TT: 1120.0, planck_2018_lowl.EE_sroll2: 707.0, act_dr6_cmbonly.PlanckActCut: 97.2, act_dr6_cmbonly: 186.0, bao.desi_dr2.desi_bao_all: 240.0, sn.desy5: 115.0, camb.transfers: 0.0771, camb: 0.0998}
[0 : mcmc] Dragging with number of interpolating steps:
[0 : mcmc] * 1 : [['H0', 'ombh2', 'omch2', 'tau', 'w', 'wa'], ['logA', 'ns']]
[0 : mcmc] * 4 : [['A_act'], ['P_act']]
[0 : autoselect_covmat] No cached covmat database present, not usable or not up-to-date. Will be re-created and cached.
[0 : mcmc] Covariance matrix selected automatically: /mnt/project_mnt/farm_fs/mraveri/projects/cobaya/data/planck_supp_data_and_covmats/covmats/base_w_wa_BAO_TT_lowE_lowl_plikHM.covmat
[0 : mcmc] Covariance matrix loaded for params ['ombh2', 'omch2', 'tau', 'w', 'wa', 'logA', 'ns']
[0 : mcmc] Missing proposal covariance for params ['H0', 'A_act', 'P_act']
[0 : mcmc] Covariance matrix not complete. We will start learning the covariance of the proposal earlier: R-1 = 3000 (would be 300 if all params loaded).
[0 : mcmc] Sampling!
[1 : mcmc] Progress @ 2025-04-23 19:32:05 : 1 steps taken, and 0 accepted.
[0 : mcmc] Progress @ 2025-04-23 19:32:05 : 1 steps taken, and 0 accepted.
[2 : mcmc] Progress @ 2025-04-23 19:32:37 : 1 steps taken, and 0 accepted.
[3 : mcmc] Progress @ 2025-04-23 19:32:50 : 1 steps taken, and 0 accepted.
[0 : mcmc] Progress @ 2025-04-23 19:34:13 : 22 steps taken, and 2 accepted.
[1 : mcmc] Progress @ 2025-04-23 19:34:14 : 15 steps taken, and 3 accepted.
[2 : mcmc] Progress @ 2025-04-23 19:34:38 : 20 steps taken, and 0 accepted.
[3 : mcmc] Progress @ 2025-04-23 19:34:56 : 29 steps taken, and 1 accepted.
[0 : mcmc] Progress @ 2025-04-23 19:36:19 : 43 steps taken, and 2 accepted.
[1 : mcmc] Progress @ 2025-04-23 19:36:33 : 43 steps taken, and 5 accepted.
[2 : mcmc] Progress @ 2025-04-23 19:36:44 : 40 steps taken, and 2 accepted.
 WARNING: mismatch in integrated times (CAMB: CalcScalarSources)
 WARNING: mismatch in integrated times (CAMB: CalcScalarSources)
 WARNING: mismatch in integrated times (CAMB: CalcScalarSources)
 WARNING: mismatch in integrated times (CAMB: CalcScalarSources)
 WARNING: mismatch in integrated times (CAMB: CalcScalarSources)
 WARNING: mismatch in integrated times (CAMB: CalcScalarSources)
 WARNING: mismatch in integrated times (CAMB: CalcScalarSources)
 WARNING: mismatch in integrated times (CAMB: CalcScalarSources)
 WARNING: mismatch in integrated times (CAMB: CalcScalarSources)
 WARNING: mismatch in integrated times (CAMB: CalcScalarSources)
 WARNING: mismatch in integrated times (CAMB: CalcScalarSources)
 WARNING: mismatch in integrated times (CAMB: CalcScalarSources)
 WARNING: mismatch in integrated times (CAMB: CalcScalarSources)
 WARNING: mismatch in integrated times (CAMB: CalcScalarSources)
 WARNING: mismatch in integrated times (CAMB: CalcScalarSources)
 WARNING: mismatch in integrated times (CAMB: CalcScalarSources)
 WARNING: mismatch in integrated times (CAMB: CalcScalarSources)
 WARNING: mismatch in integrated times (CAMB: CalcScalarSources)
 WARNING: mismatch in integrated times (CAMB: CalcScalarSources)
 WARNING: mismatch in integrated times (CAMB: CalcScalarSources)
 WARNING: mismatch in integrated times (CAMB: CalcScalarSources)
 WARNING: mismatch in integrated times (CAMB: CalcScalarSources)
 WARNING: mismatch in integrated times (CAMB: CalcScalarSources)
 WARNING: mismatch in integrated times (CAMB: CalcScalarSources)
 WARNING: mismatch in integrated times (CAMB: CalcScalarSources)
 WARNING: mismatch in integrated times (CAMB: CalcScalarSources)
 WARNING: mismatch in integrated times (CAMB: CalcScalarSources)
 WARNING: mismatch in integrated times (CAMB: CalcScalarSources)
 WARNING: mismatch in integrated times (CAMB: CalcScalarSources)
 WARNING: mismatch in integrated times (CAMB: CalcScalarSources)
 WARNING: mismatch in integrated times (CAMB: CalcScalarSources)
 WARNING: mismatch in integrated times (CAMB: CalcScalarSources)
 WARNING: mismatch in integrated times (CAMB: CalcScalarSources)
 WARNING: mismatch in integrated times (CAMB: CalcScalarSources)
 WARNING: mismatch in integrated times (CAMB: CalcScalarSources)
 WARNING: mismatch in integrated times (CAMB: CalcScalarSources)
 WARNING: mismatch in integrated times (CAMB: CalcScalarSources)
 WARNING: mismatch in integrated times (CAMB: CalcScalarSources)
 WARNING: mismatch in integrated times (CAMB: CalcScalarSources)
 WARNING: mismatch in integrated times (CAMB: CalcScalarSources)
 WARNING: mismatch in integrated times (CAMB: CalcScalarSources)
 WARNING: mismatch in integrated times (CAMB: CalcScalarSources)
 WARNING: mismatch in integrated times (CAMB: CalcScalarSources)
 WARNING: mismatch in integrated times (CAMB: CalcScalarSources)
 WARNING: mismatch in integrated times (CAMB: CalcScalarSources)
 WARNING: mismatch in integrated times (CAMB: CalcScalarSources)
 WARNING: mismatch in integrated times (CAMB: CalcScalarSources)
 WARNING: mismatch in integrated times (CAMB: CalcScalarSources)
 WARNING: mismatch in integrated times (CAMB: CalcScalarSources)
 WARNING: mismatch in integrated times (CAMB: CalcScalarSources)
 WARNING: mismatch in integrated times (CAMB: CalcScalarSources)
 WARNING: mismatch in integrated times (CAMB: CalcScalarSources)
 WARNING: mismatch in integrated times (CAMB: CalcScalarSources)
 WARNING: mismatch in integrated times (CAMB: CalcScalarSources)
 WARNING: mismatch in integrated times (CAMB: CalcScalarSources)
 WARNING: mismatch in integrated times (CAMB: CalcScalarSources)
 WARNING: mismatch in integrated times (CAMB: CalcScalarSources)
 WARNING: mismatch in integrated times (CAMB: CalcScalarSources)
 WARNING: mismatch in integrated times (CAMB: CalcScalarSources)
 WARNING: mismatch in integrated times (CAMB: CalcScalarSources)
 WARNING: mismatch in integrated times (CAMB: CalcScalarSources)
 WARNING: mismatch in integrated times (CAMB: CalcScalarSources)
 WARNING: mismatch in integrated times (CAMB: CalcScalarSources)
 WARNING: mismatch in integrated times (CAMB: CalcScalarSources)
 WARNING: mismatch in integrated times (CAMB: CalcScalarSources)
 WARNING: mismatch in integrated times (CAMB: CalcScalarSources)
 WARNING: mismatch in integrated times (CAMB: CalcScalarSources)
 WARNING: mismatch in integrated times (CAMB: CalcScalarSources)
 WARNING: mismatch in integrated times (CAMB: CalcScalarSources)
 WARNING: mismatch in integrated times (CAMB: CalcScalarSources)
 WARNING: mismatch in integrated times (CAMB: CalcScalarSources)
 WARNING: mismatch in integrated times (CAMB: CalcScalarSources)
 WARNING: mismatch in integrated times (CAMB: CalcScalarSources)
 WARNING: mismatch in integrated times (CAMB: CalcScalarSources)
 WARNING: mismatch in integrated times (CAMB: CalcScalarSources)
 WARNING: mismatch in integrated times (CAMB: CalcScalarSources)
 WARNING: mismatch in integrated times (CAMB: CalcScalarSources)
 WARNING: mismatch in integrated times (CAMB: CalcScalarSources)
 WARNING: mismatch in integrated times (CAMB: CalcScalarSources)
 WARNING: mismatch in integrated times (CAMB: CalcScalarSources)
 WARNING: mismatch in integrated times (CAMB: CalcScalarSources)
 WARNING: mismatch in integrated times (CAMB: CalcScalarSources)
 WARNING: mismatch in integrated times (CAMB: CalcScalarSources)
 WARNING: mismatch in integrated times (CAMB: CalcScalarSources)
 WARNING: mismatch in integrated times (CAMB: CalcScalarSources)
 WARNING: mismatch in integrated times (CAMB: CalcScalarSources)
 WARNING: mismatch in integrated times (CAMB: CalcScalarSources)
 WARNING: mismatch in integrated times (CAMB: CalcScalarSources)
 WARNING: mismatch in integrated times (CAMB: CalcScalarSources)
 WARNING: mismatch in integrated times (CAMB: CalcScalarSources)
 WARNING: mismatch in integrated times (CAMB: CalcScalarSources)
 WARNING: mismatch in integrated times (CAMB: CalcScalarSources)
 WARNING: mismatch in integrated times (CAMB: CalcScalarSources)
 WARNING: mismatch in integrated times (CAMB: CalcScalarSources)
 WARNING: mismatch in integrated times (CAMB: CalcScalarSources)
 WARNING: mismatch in integrated times (CAMB: CalcScalarSources)
 WARNING: mismatch in integrated times (CAMB: CalcScalarSources)
 WARNING: mismatch in integrated times (CAMB: CalcScalarSources)
 WARNING: mismatch in integrated times (CAMB: CalcScalarSources)
 WARNING: mismatch in integrated times (CAMB: CalcScalarSources)
 WARNING: mismatch in integrated times (CAMB: CalcScalarSources)
 WARNING: mismatch in integrated times (CAMB: CalcScalarSources)
 WARNING: mismatch in integrated times (CAMB: CalcScalarSources)
 WARNING: mismatch in integrated times (CAMB: CalcScalarSources)
 WARNING: mismatch in integrated times (CAMB: CalcScalarSources)
 WARNING: mismatch in integrated times (CAMB: CalcScalarSources)
 WARNING: mismatch in integrated times (CAMB: CalcScalarSources)
 WARNING: mismatch in integrated times (CAMB: CalcScalarSources)
 WARNING: mismatch in integrated times (CAMB: CalcScalarSources)
 WARNING: mismatch in integrated times (CAMB: CalcScalarSources)
 WARNING: mismatch in integrated times (CAMB: CalcScalarSources)
 WARNING: mismatch in integrated times (CAMB: CalcScalarSources)
 WARNING: mismatch in integrated times (CAMB: CalcScalarSources)
 WARNING: mismatch in integrated times (CAMB: CalcScalarSources)
 WARNING: mismatch in integrated times (CAMB: CalcScalarSources)
 WARNING: mismatch in integrated times (CAMB: CalcScalarSources)
 WARNING: mismatch in integrated times (CAMB: CalcScalarSources)
 WARNING: mismatch in integrated times (CAMB: CalcScalarSources)
 WARNING: mismatch in integrated times (CAMB: CalcScalarSources)
 WARNING: mismatch in integrated times (CAMB: CalcScalarSources)
 WARNING: mismatch in integrated times (CAMB: CalcScalarSources)
 WARNING: mismatch in integrated times (CAMB: CalcScalarSources)
 WARNING: mismatch in integrated times (CAMB: CalcScalarSources)
 WARNING: mismatch in integrated times (CAMB: CalcScalarSources)
 WARNING: mismatch in integrated times (CAMB: CalcScalarSources)
 WARNING: mismatch in integrated times (CAMB: CalcScalarSources)
 WARNING: mismatch in integrated times (CAMB: CalcScalarSources)
 WARNING: mismatch in integrated times (CAMB: CalcScalarSources)
 WARNING: mismatch in integrated times (CAMB: CalcScalarSources)
 WARNING: mismatch in integrated times (CAMB: CalcScalarSources)
 WARNING: mismatch in integrated times (CAMB: CalcScalarSources)
 WARNING: mismatch in integrated times (CAMB: CalcScalarSources)
 WARNING: mismatch in integrated times (CAMB: CalcScalarSources)
 WARNING: mismatch in integrated times (CAMB: CalcScalarSources)
 WARNING: mismatch in integrated times (CAMB: CalcScalarSources)
 WARNING: mismatch in integrated times (CAMB: CalcScalarSources)
 WARNING: mismatch in integrated times (CAMB: CalcScalarSources)
 WARNING: mismatch in integrated times (CAMB: CalcScalarSources)
 WARNING: mismatch in integrated times (CAMB: CalcScalarSources)
 WARNING: mismatch in integrated times (CAMB: CalcScalarSources)
 WARNING: mismatch in integrated times (CAMB: CalcScalarSources)
 WARNING: mismatch in integrated times (CAMB: CalcScalarSources)
 WARNING: mismatch in integrated times (CAMB: CalcScalarSources)
 WARNING: mismatch in integrated times (CAMB: CalcScalarSources)
 WARNING: mismatch in integrated times (CAMB: CalcScalarSources)
 WARNING: mismatch in integrated times (CAMB: CalcScalarSources)
 WARNING: mismatch in integrated times (CAMB: CalcScalarSources)
 WARNING: mismatch in integrated times (CAMB: CalcScalarSources)
 WARNING: mismatch in integrated times (CAMB: CalcScalarSources)
 WARNING: mismatch in integrated times (CAMB: CalcScalarSources)
 WARNING: mismatch in integrated times (CAMB: CalcScalarSources)
 WARNING: mismatch in integrated times (CAMB: CalcScalarSources)
 WARNING: mismatch in integrated times (CAMB: CalcScalarSources)
 WARNING: mismatch in integrated times (CAMB: CalcScalarSources)
 WARNING: mismatch in integrated times (CAMB: CalcScalarSources)
 WARNING: mismatch in integrated times (CAMB: CalcScalarSources)
 WARNING: mismatch in integrated times (CAMB: CalcScalarSources)
 WARNING: mismatch in integrated times (CAMB: CalcScalarSources)
 WARNING: mismatch in integrated times (CAMB: CalcScalarSources)
 WARNING: mismatch in integrated times (CAMB: CalcScalarSources)
 WARNING: mismatch in integrated times (CAMB: CalcScalarSources)
 WARNING: mismatch in integrated times (CAMB: CalcScalarSources)
 WARNING: mismatch in integrated times (CAMB: CalcScalarSources)
 WARNING: mismatch in integrated times (CAMB: CalcScalarSources)
 WARNING: mismatch in integrated times (CAMB: CalcScalarSources)
 WARNING: mismatch in integrated times (CAMB: CalcScalarSources)
 WARNING: mismatch in integrated times (CAMB: CalcScalarSources)
 WARNING: mismatch in integrated times (CAMB: CalcScalarSources)
 WARNING: mismatch in integrated times (CAMB: CalcScalarSources)
 WARNING: mismatch in integrated times (CAMB: CalcScalarSources)
 WARNING: mismatch in integrated times (CAMB: CalcScalarSources)
 WARNING: mismatch in integrated times (CAMB: CalcScalarSources)
 WARNING: mismatch in integrated times (CAMB: CalcScalarSources)
 WARNING: mismatch in integrated times (CAMB: CalcScalarSources)
 WARNING: mismatch in integrated times (CAMB: CalcScalarSources)
 WARNING: mismatch in integrated times (CAMB: CalcScalarSources)
 WARNING: mismatch in integrated times (CAMB: CalcScalarSources)
 WARNING: mismatch in integrated times (CAMB: CalcScalarSources)
 WARNING: mismatch in integrated times (CAMB: CalcScalarSources)
 WARNING: mismatch in integrated times (CAMB: CalcScalarSources)
 WARNING: mismatch in integrated times (CAMB: CalcScalarSources)
 WARNING: mismatch in integrated times (CAMB: CalcScalarSources)
 WARNING: mismatch in integrated times (CAMB: CalcScalarSources)
 WARNING: mismatch in integrated times (CAMB: CalcScalarSources)
 WARNING: mismatch in integrated times (CAMB: CalcScalarSources)
 WARNING: mismatch in integrated times (CAMB: CalcScalarSources)
 WARNING: mismatch in integrated times (CAMB: CalcScalarSources)
 WARNING: mismatch in integrated times (CAMB: CalcScalarSources)
 WARNING: mismatch in integrated times (CAMB: CalcScalarSources)
 WARNING: mismatch in integrated times (CAMB: CalcScalarSources)
 WARNING: mismatch in integrated times (CAMB: CalcScalarSources)
 WARNING: mismatch in integrated times (CAMB: CalcScalarSources)
 WARNING: mismatch in integrated times (CAMB: CalcScalarSources)
 WARNING: mismatch in integrated times (CAMB: CalcScalarSources)
 WARNING: mismatch in integrated times (CAMB: CalcScalarSources)
 WARNING: mismatch in integrated times (CAMB: CalcScalarSources)
 WARNING: mismatch in integrated times (CAMB: CalcScalarSources)
 WARNING: mismatch in integrated times (CAMB: CalcScalarSources)
 WARNING: mismatch in integrated times (CAMB: CalcScalarSources)
 WARNING: mismatch in integrated times (CAMB: CalcScalarSources)
 WARNING: mismatch in integrated times (CAMB: CalcScalarSources)
 WARNING: mismatch in integrated times (CAMB: CalcScalarSources)
 WARNING: mismatch in integrated times (CAMB: CalcScalarSources)
 WARNING: mismatch in integrated times (CAMB: CalcScalarSources)
 WARNING: mismatch in integrated times (CAMB: CalcScalarSources)
 WARNING: mismatch in integrated times (CAMB: CalcScalarSources)
 WARNING: mismatch in integrated times (CAMB: CalcScalarSources)
 WARNING: mismatch in integrated times (CAMB: CalcScalarSources)
 WARNING: mismatch in integrated times (CAMB: CalcScalarSources)
 WARNING: mismatch in integrated times (CAMB: CalcScalarSources)
 WARNING: mismatch in integrated times (CAMB: CalcScalarSources)
 WARNING: mismatch in integrated times (CAMB: CalcScalarSources)
 WARNING: mismatch in integrated times (CAMB: CalcScalarSources)
 WARNING: mismatch in integrated times (CAMB: CalcScalarSources)
 WARNING: mismatch in integrated times (CAMB: CalcScalarSources)
 WARNING: mismatch in integrated times (CAMB: CalcScalarSources)
 WARNING: mismatch in integrated times (CAMB: CalcScalarSources)
 WARNING: mismatch in integrated times (CAMB: CalcScalarSources)
 WARNING: mismatch in integrated times (CAMB: CalcScalarSources)
 WARNING: mismatch in integrated times (CAMB: CalcScalarSources)
 WARNING: mismatch in integrated times (CAMB: CalcScalarSources)
 WARNING: mismatch in integrated times (CAMB: CalcScalarSources)
 WARNING: mismatch in integrated times (CAMB: CalcScalarSources)
 WARNING: mismatch in integrated times (CAMB: CalcScalarSources)
 WARNING: mismatch in integrated times (CAMB: CalcScalarSources)
 WARNING: mismatch in integrated times (CAMB: CalcScalarSources)
 WARNING: mismatch in integrated times (CAMB: CalcScalarSources)
 WARNING: mismatch in integrated times (CAMB: CalcScalarSources)
 WARNING: mismatch in integrated times (CAMB: CalcScalarSources)
 WARNING: mismatch in integrated times (CAMB: CalcScalarSources)
 WARNING: mismatch in integrated times (CAMB: CalcScalarSources)
 WARNING: mismatch in integrated times (CAMB: CalcScalarSources)
 WARNING: mismatch in integrated times (CAMB: CalcScalarSources)
 WARNING: mismatch in integrated times (CAMB: CalcScalarSources)
 WARNING: mismatch in integrated times (CAMB: CalcScalarSources)
 WARNING: mismatch in integrated times (CAMB: CalcScalarSources)
 WARNING: mismatch in integrated times (CAMB: CalcScalarSources)
 WARNING: mismatch in integrated times (CAMB: CalcScalarSources)
 WARNING: mismatch in integrated times (CAMB: CalcScalarSources)
 WARNING: mismatch in integrated times (CAMB: CalcScalarSources)
 WARNING: mismatch in integrated times (CAMB: CalcScalarSources)
 WARNING: mismatch in integrated times (CAMB: CalcScalarSources)
 WARNING: mismatch in integrated times (CAMB: CalcScalarSources)
 WARNING: mismatch in integrated times (CAMB: CalcScalarSources)
 WARNING: mismatch in integrated times (CAMB: CalcScalarSources)
 WARNING: mismatch in integrated times (CAMB: CalcScalarSources)
 WARNING: mismatch in integrated times (CAMB: CalcScalarSources)
 WARNING: mismatch in integrated times (CAMB: CalcScalarSources)
 WARNING: mismatch in integrated times (CAMB: CalcScalarSources)
 WARNING: mismatch in integrated times (CAMB: CalcScalarSources)
 WARNING: mismatch in integrated times (CAMB: CalcScalarSources)
 WARNING: mismatch in integrated times (CAMB: CalcScalarSources)
 WARNING: mismatch in integrated times (CAMB: CalcScalarSources)
 WARNING: mismatch in integrated times (CAMB: CalcScalarSources)
 WARNING: mismatch in integrated times (CAMB: CalcScalarSources)
 WARNING: mismatch in integrated times (CAMB: CalcScalarSources)
 WARNING: mismatch in integrated times (CAMB: CalcScalarSources)
 WARNING: mismatch in integrated times (CAMB: CalcScalarSources)
 WARNING: mismatch in integrated times (CAMB: CalcScalarSources)
 WARNING: mismatch in integrated times (CAMB: CalcScalarSources)
 WARNING: mismatch in integrated times (CAMB: CalcScalarSources)
 WARNING: mismatch in integrated times (CAMB: CalcScalarSources)
 WARNING: mismatch in integrated times (CAMB: CalcScalarSources)
 WARNING: mismatch in integrated times (CAMB: CalcScalarSources)
 WARNING: mismatch in integrated times (CAMB: CalcScalarSources)
 WARNING: mismatch in integrated times (CAMB: CalcScalarSources)
 WARNING: mismatch in integrated times (CAMB: CalcScalarSources)
 WARNING: mismatch in integrated times (CAMB: CalcScalarSources)
 WARNING: mismatch in integrated times (CAMB: CalcScalarSources)
 WARNING: mismatch in integrated times (CAMB: CalcScalarSources)
 WARNING: mismatch in integrated times (CAMB: CalcScalarSources)
 WARNING: mismatch in integrated times (CAMB: CalcScalarSources)
 WARNING: mismatch in integrated times (CAMB: CalcScalarSources)
 WARNING: mismatch in integrated times (CAMB: CalcScalarSources)
 WARNING: mismatch in integrated times (CAMB: CalcScalarSources)
[3 : mcmc] Progress @ 2025-04-23 19:37:03 : 54 steps taken, and 4 accepted.
[0 : mcmc] Progress @ 2025-04-23 19:38:27 : 67 steps taken, and 5 accepted.
[1 : mcmc] Progress @ 2025-04-23 19:38:39 : 66 steps taken, and 9 accepted.
[2 : mcmc] Progress @ 2025-04-23 19:38:49 : 69 steps taken, and 3 accepted.
[3 : mcmc] Progress @ 2025-04-23 19:39:05 : 87 steps taken, and 4 accepted.
[0 : mcmc] Progress @ 2025-04-23 19:40:33 : 96 steps taken, and 6 accepted.
[1 : mcmc] Progress @ 2025-04-23 19:40:46 : 92 steps taken, and 9 accepted.
[2 : mcmc] Progress @ 2025-04-23 19:40:58 : 85 steps taken, and 4 accepted.
[3 : mcmc] Progress @ 2025-04-23 19:41:20 : 115 steps taken, and 5 accepted.
[0 : mcmc] Progress @ 2025-04-23 19:42:44 : 137 steps taken, and 8 accepted.
[1 : mcmc] Progress @ 2025-04-23 19:42:54 : 110 steps taken, and 10 accepted.
[2 : mcmc] Progress @ 2025-04-23 19:43:00 : 115 steps taken, and 8 accepted.
[3 : mcmc] Progress @ 2025-04-23 19:43:26 : 141 steps taken, and 7 accepted.
[1 : mcmc] Progress @ 2025-04-23 19:45:03 : 129 steps taken, and 11 accepted.
[0 : mcmc] Progress @ 2025-04-23 19:45:04 : 161 steps taken, and 8 accepted.
[2 : mcmc] Progress @ 2025-04-23 19:45:07 : 145 steps taken, and 10 accepted.
[3 : mcmc] Progress @ 2025-04-23 19:45:27 : 171 steps taken, and 8 accepted.
[0 : mcmc] Progress @ 2025-04-23 19:47:07 : 189 steps taken, and 9 accepted.
[2 : mcmc] Progress @ 2025-04-23 19:47:15 : 172 steps taken, and 11 accepted.
[1 : mcmc] Progress @ 2025-04-23 19:47:25 : 154 steps taken, and 14 accepted.
[3 : mcmc] Progress @ 2025-04-23 19:47:30 : 202 steps taken, and 9 accepted.
[0 : mcmc] Progress @ 2025-04-23 19:49:15 : 219 steps taken, and 9 accepted.
[2 : mcmc] Progress @ 2025-04-23 19:49:19 : 196 steps taken, and 12 accepted.
[1 : mcmc] Progress @ 2025-04-23 19:49:27 : 167 steps taken, and 16 accepted.
[3 : mcmc] Progress @ 2025-04-23 19:49:51 : 246 steps taken, and 10 accepted.
[0 : mcmc] Progress @ 2025-04-23 19:51:20 : 244 steps taken, and 10 accepted.
[2 : mcmc] Progress @ 2025-04-23 19:51:28 : 218 steps taken, and 12 accepted.
[1 : mcmc] Progress @ 2025-04-23 19:51:31 : 194 steps taken, and 18 accepted.
[3 : mcmc] Progress @ 2025-04-23 19:51:57 : 277 steps taken, and 10 accepted.
[0 : mcmc] Progress @ 2025-04-23 19:53:28 : 271 steps taken, and 10 accepted.
[2 : mcmc] Progress @ 2025-04-23 19:53:31 : 248 steps taken, and 13 accepted.
[1 : mcmc] Progress @ 2025-04-23 19:53:41 : 236 steps taken, and 20 accepted.
[3 : mcmc] Progress @ 2025-04-23 19:53:58 : 307 steps taken, and 11 accepted.
[0 : mcmc] Progress @ 2025-04-23 19:55:37 : 295 steps taken, and 13 accepted.
[1 : mcmc] Progress @ 2025-04-23 19:55:49 : 264 steps taken, and 21 accepted.
[2 : mcmc] Progress @ 2025-04-23 19:55:50 : 270 steps taken, and 14 accepted.
[3 : mcmc] Progress @ 2025-04-23 19:56:09 : 346 steps taken, and 11 accepted.
[0 : mcmc] Progress @ 2025-04-23 19:57:38 : 328 steps taken, and 15 accepted.
[1 : mcmc] Progress @ 2025-04-23 19:57:53 : 288 steps taken, and 22 accepted.
[2 : mcmc] Progress @ 2025-04-23 19:58:04 : 303 steps taken, and 14 accepted.
[3 : mcmc] Progress @ 2025-04-23 19:58:09 : 389 steps taken, and 11 accepted.
[0 : mcmc] Progress @ 2025-04-23 19:59:41 : 366 steps taken, and 17 accepted.
[1 : mcmc] Progress @ 2025-04-23 19:59:58 : 319 steps taken, and 22 accepted.
[2 : mcmc] Progress @ 2025-04-23 20:00:14 : 324 steps taken, and 17 accepted.
[3 : mcmc] Progress @ 2025-04-23 20:00:18 : 437 steps taken, and 11 accepted.
[0 : mcmc] Progress @ 2025-04-23 20:01:41 : 407 steps taken, and 18 accepted.
[1 : mcmc] Progress @ 2025-04-23 20:01:58 : 352 steps taken, and 25 accepted.
[2 : mcmc] Progress @ 2025-04-23 20:02:14 : 339 steps taken, and 17 accepted.
[3 : mcmc] Progress @ 2025-04-23 20:02:34 : 465 steps taken, and 16 accepted.
[0 : mcmc] Progress @ 2025-04-23 20:03:46 : 438 steps taken, and 18 accepted.
[1 : mcmc] Progress @ 2025-04-23 20:04:05 : 384 steps taken, and 30 accepted.
[2 : mcmc] Progress @ 2025-04-23 20:04:30 : 379 steps taken, and 17 accepted.
[3 : mcmc] Progress @ 2025-04-23 20:04:44 : 506 steps taken, and 17 accepted.
[0 : mcmc] Progress @ 2025-04-23 20:05:54 : 462 steps taken, and 19 accepted.
[1 : mcmc] Progress @ 2025-04-23 20:06:13 : 408 steps taken, and 30 accepted.
[2 : mcmc] Progress @ 2025-04-23 20:06:47 : 404 steps taken, and 18 accepted.
[3 : mcmc] Progress @ 2025-04-23 20:06:51 : 531 steps taken, and 18 accepted.
[0 : mcmc] Progress @ 2025-04-23 20:08:16 : 499 steps taken, and 21 accepted.
[1 : mcmc] Progress @ 2025-04-23 20:08:30 : 435 steps taken, and 33 accepted.
[2 : mcmc] Progress @ 2025-04-23 20:08:50 : 445 steps taken, and 18 accepted.
[3 : mcmc] Progress @ 2025-04-23 20:09:06 : 569 steps taken, and 18 accepted.
[0 : mcmc] Progress @ 2025-04-23 20:10:20 : 534 steps taken, and 22 accepted.
[1 : mcmc] Progress @ 2025-04-23 20:10:49 : 456 steps taken, and 35 accepted.
[2 : mcmc] Progress @ 2025-04-23 20:10:57 : 476 steps taken, and 18 accepted.
[3 : mcmc] Progress @ 2025-04-23 20:11:25 : 586 steps taken, and 19 accepted.
[0 : mcmc] Progress @ 2025-04-23 20:12:22 : 566 steps taken, and 22 accepted.
[1 : mcmc] Progress @ 2025-04-23 20:12:54 : 495 steps taken, and 36 accepted.
[2 : mcmc] Progress @ 2025-04-23 20:13:19 : 490 steps taken, and 19 accepted.
[3 : mcmc] Progress @ 2025-04-23 20:13:34 : 619 steps taken, and 20 accepted.
[0 : mcmc] Progress @ 2025-04-23 20:14:27 : 592 steps taken, and 23 accepted.
[1 : mcmc] Progress @ 2025-04-23 20:15:00 : 532 steps taken, and 37 accepted.
[2 : mcmc] Progress @ 2025-04-23 20:15:27 : 512 steps taken, and 21 accepted.
[3 : mcmc] Progress @ 2025-04-23 20:15:38 : 650 steps taken, and 24 accepted.
[0 : mcmc] Progress @ 2025-04-23 20:16:28 : 627 steps taken, and 25 accepted.
[1 : mcmc] Progress @ 2025-04-23 20:17:08 : 555 steps taken, and 38 accepted.
[2 : mcmc] Progress @ 2025-04-23 20:17:31 : 536 steps taken, and 21 accepted.
[3 : mcmc] Progress @ 2025-04-23 20:17:44 : 675 steps taken, and 25 accepted.
[0 : mcmc] Progress @ 2025-04-23 20:18:35 : 675 steps taken, and 26 accepted.
[1 : mcmc] Progress @ 2025-04-23 20:19:19 : 578 steps taken, and 38 accepted.
[2 : mcmc] Progress @ 2025-04-23 20:19:40 : 558 steps taken, and 22 accepted.
[3 : mcmc] Progress @ 2025-04-23 20:19:51 : 711 steps taken, and 25 accepted.
[0 : mcmc] Progress @ 2025-04-23 20:20:39 : 704 steps taken, and 26 accepted.
[1 : mcmc] Progress @ 2025-04-23 20:21:28 : 607 steps taken, and 38 accepted.
[2 : mcmc] Progress @ 2025-04-23 20:21:48 : 607 steps taken, and 25 accepted.
[3 : mcmc] Progress @ 2025-04-23 20:21:56 : 748 steps taken, and 29 accepted.
[0 : mcmc] Progress @ 2025-04-23 20:22:59 : 736 steps taken, and 29 accepted.
[1 : mcmc] Progress @ 2025-04-23 20:23:32 : 627 steps taken, and 40 accepted.
[2 : mcmc] Progress @ 2025-04-23 20:23:51 : 646 steps taken, and 29 accepted.
[3 : mcmc] Progress @ 2025-04-23 20:23:56 : 769 steps taken, and 31 accepted.
[0 : mcmc] Progress @ 2025-04-23 20:25:07 : 761 steps taken, and 30 accepted.
[1 : mcmc] Progress @ 2025-04-23 20:25:36 : 667 steps taken, and 42 accepted.
[2 : mcmc] Progress @ 2025-04-23 20:25:55 : 677 steps taken, and 29 accepted.
[3 : mcmc] Progress @ 2025-04-23 20:26:04 : 794 steps taken, and 32 accepted.
[0 : mcmc] Progress @ 2025-04-23 20:27:07 : 800 steps taken, and 33 accepted.
[1 : mcmc] Progress @ 2025-04-23 20:27:58 : 689 steps taken, and 44 accepted.
[2 : mcmc] Progress @ 2025-04-23 20:28:00 : 712 steps taken, and 30 accepted.
[3 : mcmc] Progress @ 2025-04-23 20:28:11 : 823 steps taken, and 33 accepted.
[0 : mcmc] Progress @ 2025-04-23 20:29:11 : 832 steps taken, and 35 accepted.
[1 : mcmc] Progress @ 2025-04-23 20:29:58 : 726 steps taken, and 45 accepted.
[2 : mcmc] Progress @ 2025-04-23 20:30:01 : 757 steps taken, and 34 accepted.
[3 : mcmc] Progress @ 2025-04-23 20:30:16 : 846 steps taken, and 33 accepted.
[0 : mcmc] Progress @ 2025-04-23 20:31:15 : 869 steps taken, and 40 accepted.
[2 : mcmc] Progress @ 2025-04-23 20:32:01 : 791 steps taken, and 36 accepted.
[1 : mcmc] Progress @ 2025-04-23 20:32:04 : 759 steps taken, and 46 accepted.
[3 : mcmc] Progress @ 2025-04-23 20:32:31 : 879 steps taken, and 35 accepted.
[0 : mcmc] Progress @ 2025-04-23 20:33:18 : 902 steps taken, and 41 accepted.
[2 : mcmc] Progress @ 2025-04-23 20:34:05 : 824 steps taken, and 37 accepted.
[1 : mcmc] Progress @ 2025-04-23 20:34:12 : 809 steps taken, and 48 accepted.
[3 : mcmc] Progress @ 2025-04-23 20:34:34 : 919 steps taken, and 36 accepted.
[0 : mcmc] Progress @ 2025-04-23 20:35:22 : 936 steps taken, and 44 accepted.
[2 : mcmc] Progress @ 2025-04-23 20:36:10 : 848 steps taken, and 39 accepted.
[1 : mcmc] Progress @ 2025-04-23 20:36:22 : 834 steps taken, and 52 accepted.
[3 : mcmc] Progress @ 2025-04-23 20:36:35 : 959 steps taken, and 36 accepted.
[0 : mcmc] Progress @ 2025-04-23 20:37:25 : 966 steps taken, and 45 accepted.
[2 : mcmc] Progress @ 2025-04-23 20:38:13 : 879 steps taken, and 42 accepted.
[1 : mcmc] Progress @ 2025-04-23 20:38:27 : 858 steps taken, and 53 accepted.
[3 : mcmc] Progress @ 2025-04-23 20:38:41 : 975 steps taken, and 36 accepted.
[0 : mcmc] Progress @ 2025-04-23 20:39:32 : 992 steps taken, and 48 accepted.
[2 : mcmc] Progress @ 2025-04-23 20:40:20 : 904 steps taken, and 43 accepted.
[1 : mcmc] Progress @ 2025-04-23 20:40:32 : 890 steps taken, and 55 accepted.
[3 : mcmc] Progress @ 2025-04-23 20:40:47 : 999 steps taken, and 36 accepted.
[0 : mcmc] Progress @ 2025-04-23 20:41:33 : 1029 steps taken, and 49 accepted.
[2 : mcmc] Progress @ 2025-04-23 20:42:31 : 948 steps taken, and 46 accepted.
[1 : mcmc] Progress @ 2025-04-23 20:42:41 : 919 steps taken, and 58 accepted.
[3 : mcmc] Progress @ 2025-04-23 20:42:47 : 1034 steps taken, and 37 accepted.
[0 : mcmc] Progress @ 2025-04-23 20:43:54 : 1074 steps taken, and 53 accepted.
[2 : mcmc] Progress @ 2025-04-23 20:44:46 : 975 steps taken, and 49 accepted.
[1 : mcmc] Progress @ 2025-04-23 20:44:49 : 962 steps taken, and 60 accepted.
[3 : mcmc] Progress @ 2025-04-23 20:45:03 : 1062 steps taken, and 37 accepted.
[0 : mcmc] Progress @ 2025-04-23 20:46:01 : 1126 steps taken, and 53 accepted.
[1 : mcmc] Progress @ 2025-04-23 20:46:53 : 999 steps taken, and 60 accepted.
[2 : mcmc] Progress @ 2025-04-23 20:46:53 : 1000 steps taken, and 50 accepted.
[3 : mcmc] Progress @ 2025-04-23 20:47:13 : 1101 steps taken, and 39 accepted.
[0 : mcmc] Progress @ 2025-04-23 20:48:04 : 1157 steps taken, and 53 accepted.
[2 : mcmc] Progress @ 2025-04-23 20:48:58 : 1033 steps taken, and 50 accepted.
[1 : mcmc] Progress @ 2025-04-23 20:48:58 : 1027 steps taken, and 60 accepted.
[3 : mcmc] Progress @ 2025-04-23 20:49:17 : 1134 steps taken, and 40 accepted.
[0 : mcmc] Progress @ 2025-04-23 20:50:08 : 1187 steps taken, and 54 accepted.
[2 : mcmc] Progress @ 2025-04-23 20:51:03 : 1063 steps taken, and 51 accepted.
[1 : mcmc] Progress @ 2025-04-23 20:51:06 : 1048 steps taken, and 61 accepted.
[3 : mcmc] Progress @ 2025-04-23 20:51:35 : 1158 steps taken, and 44 accepted.
[0 : mcmc] Progress @ 2025-04-23 20:52:13 : 1220 steps taken, and 55 accepted.
[2 : mcmc] Progress @ 2025-04-23 20:53:07 : 1095 steps taken, and 52 accepted.
[1 : mcmc] Progress @ 2025-04-23 20:53:15 : 1077 steps taken, and 62 accepted.
[3 : mcmc] Progress @ 2025-04-23 20:53:42 : 1178 steps taken, and 47 accepted.
[0 : mcmc] Progress @ 2025-04-23 20:54:19 : 1245 steps taken, and 56 accepted.
[2 : mcmc] Progress @ 2025-04-23 20:55:08 : 1135 steps taken, and 55 accepted.
[1 : mcmc] Progress @ 2025-04-23 20:55:18 : 1111 steps taken, and 64 accepted.
[3 : mcmc] Progress @ 2025-04-23 20:55:45 : 1214 steps taken, and 49 accepted.
[0 : mcmc] Progress @ 2025-04-23 20:56:38 : 1273 steps taken, and 56 accepted.
[2 : mcmc] Progress @ 2025-04-23 20:57:11 : 1168 steps taken, and 57 accepted.
[1 : mcmc] Progress @ 2025-04-23 20:57:25 : 1141 steps taken, and 66 accepted.
[3 : mcmc] Progress @ 2025-04-23 20:57:51 : 1237 steps taken, and 52 accepted.
[0 : mcmc] Progress @ 2025-04-23 20:58:45 : 1293 steps taken, and 57 accepted.
[2 : mcmc] Progress @ 2025-04-23 20:59:15 : 1204 steps taken, and 59 accepted.
[1 : mcmc] Progress @ 2025-04-23 20:59:31 : 1168 steps taken, and 69 accepted.
[3 : mcmc] Progress @ 2025-04-23 20:59:52 : 1269 steps taken, and 52 accepted.
[0 : mcmc] Progress @ 2025-04-23 21:00:48 : 1324 steps taken, and 59 accepted.
[2 : mcmc] Progress @ 2025-04-23 21:01:29 : 1234 steps taken, and 61 accepted.
[1 : mcmc] Progress @ 2025-04-23 21:01:34 : 1207 steps taken, and 72 accepted.
[3 : mcmc] Progress @ 2025-04-23 21:02:01 : 1289 steps taken, and 56 accepted.
[0 : mcmc] Progress @ 2025-04-23 21:02:52 : 1360 steps taken, and 60 accepted.
[1 : mcmc] Progress @ 2025-04-23 21:03:37 : 1246 steps taken, and 73 accepted.
[2 : mcmc] Progress @ 2025-04-23 21:03:53 : 1257 steps taken, and 62 accepted.
[3 : mcmc] Progress @ 2025-04-23 21:04:21 : 1327 steps taken, and 59 accepted.
[0 : mcmc] Progress @ 2025-04-23 21:04:56 : 1394 steps taken, and 61 accepted.
[1 : mcmc] Progress @ 2025-04-23 21:05:37 : 1284 steps taken, and 74 accepted.
[2 : mcmc] Progress @ 2025-04-23 21:05:56 : 1279 steps taken, and 65 accepted.
[3 : mcmc] Progress @ 2025-04-23 21:06:31 : 1360 steps taken, and 60 accepted.
[0 : mcmc] Progress @ 2025-04-23 21:06:57 : 1433 steps taken, and 63 accepted.
[1 : mcmc] Progress @ 2025-04-23 21:07:44 : 1319 steps taken, and 76 accepted.
[2 : mcmc] Progress @ 2025-04-23 21:08:05 : 1302 steps taken, and 67 accepted.
[3 : mcmc] Progress @ 2025-04-23 21:08:33 : 1384 steps taken, and 61 accepted.
[0 : mcmc] Progress @ 2025-04-23 21:08:59 : 1474 steps taken, and 63 accepted.
[1 : mcmc] Learn + convergence test @ 80 samples accepted.
[1 : mcmc] Ready to check convergence and learn a new proposal covmat (waiting for the rest...)
[1 : mcmc] Progress @ 2025-04-23 21:09:48 : 1351 steps taken, and 80 accepted.
[2 : mcmc] Progress @ 2025-04-23 21:10:09 : 1335 steps taken, and 69 accepted.
[3 : mcmc] Progress @ 2025-04-23 21:10:44 : 1405 steps taken, and 61 accepted.
[0 : mcmc] Progress @ 2025-04-23 21:10:59 : 1492 steps taken, and 64 accepted.
[1 : mcmc] Progress @ 2025-04-23 21:11:57 : 1374 steps taken, and 80 accepted.
[2 : mcmc] Progress @ 2025-04-23 21:12:14 : 1373 steps taken, and 72 accepted.
[3 : mcmc] Progress @ 2025-04-23 21:12:50 : 1423 steps taken, and 63 accepted.
[0 : mcmc] Progress @ 2025-04-23 21:13:14 : 1523 steps taken, and 65 accepted.
[1 : mcmc] Progress @ 2025-04-23 21:14:07 : 1391 steps taken, and 81 accepted.
[2 : mcmc] Progress @ 2025-04-23 21:14:29 : 1412 steps taken, and 73 accepted.
[3 : mcmc] Progress @ 2025-04-23 21:14:55 : 1444 steps taken, and 64 accepted.
[0 : mcmc] Progress @ 2025-04-23 21:15:24 : 1575 steps taken, and 66 accepted.
[1 : mcmc] Progress @ 2025-04-23 21:16:13 : 1411 steps taken, and 82 accepted.
[2 : mcmc] Progress @ 2025-04-23 21:16:40 : 1436 steps taken, and 74 accepted.
[3 : mcmc] Progress @ 2025-04-23 21:17:03 : 1479 steps taken, and 67 accepted.
[0 : mcmc] Progress @ 2025-04-23 21:17:26 : 1604 steps taken, and 68 accepted.
[1 : mcmc] Progress @ 2025-04-23 21:18:25 : 1439 steps taken, and 85 accepted.
[2 : mcmc] Progress @ 2025-04-23 21:18:43 : 1482 steps taken, and 75 accepted.
[3 : mcmc] Progress @ 2025-04-23 21:19:10 : 1519 steps taken, and 70 accepted.
[0 : mcmc] Progress @ 2025-04-23 21:19:36 : 1648 steps taken, and 70 accepted.
[1 : mcmc] Progress @ 2025-04-23 21:20:30 : 1460 steps taken, and 85 accepted.
[2 : mcmc] Progress @ 2025-04-23 21:20:52 : 1521 steps taken, and 76 accepted.
[3 : mcmc] Progress @ 2025-04-23 21:21:13 : 1545 steps taken, and 73 accepted.
[0 : mcmc] Progress @ 2025-04-23 21:21:48 : 1678 steps taken, and 72 accepted.
[1 : mcmc] Progress @ 2025-04-23 21:22:31 : 1493 steps taken, and 87 accepted.
[2 : mcmc] Progress @ 2025-04-23 21:22:58 : 1543 steps taken, and 76 accepted.
[3 : mcmc] Progress @ 2025-04-23 21:23:17 : 1566 steps taken, and 74 accepted.
[0 : mcmc] Progress @ 2025-04-23 21:23:54 : 1697 steps taken, and 75 accepted.
[1 : mcmc] Progress @ 2025-04-23 21:24:45 : 1526 steps taken, and 88 accepted.
[2 : mcmc] Progress @ 2025-04-23 21:25:03 : 1572 steps taken, and 76 accepted.
[3 : mcmc] Progress @ 2025-04-23 21:25:31 : 1600 steps taken, and 78 accepted.
[0 : mcmc] Progress @ 2025-04-23 21:25:59 : 1720 steps taken, and 75 accepted.
[1 : mcmc] Progress @ 2025-04-23 21:26:50 : 1562 steps taken, and 90 accepted.
[2 : mcmc] Progress @ 2025-04-23 21:27:07 : 1600 steps taken, and 76 accepted.
[3 : mcmc] Progress @ 2025-04-23 21:27:47 : 1621 steps taken, and 79 accepted.
[0 : mcmc] Progress @ 2025-04-23 21:27:59 : 1755 steps taken, and 76 accepted.
[3 : mcmc] Learn + convergence test @ 80 samples accepted.
[3 : mcmc] Ready to check convergence and learn a new proposal covmat (waiting for the rest...)
[1 : mcmc] Progress @ 2025-04-23 21:28:54 : 1588 steps taken, and 93 accepted.
[2 : mcmc] Progress @ 2025-04-23 21:29:10 : 1627 steps taken, and 77 accepted.
[3 : mcmc] Progress @ 2025-04-23 21:29:49 : 1653 steps taken, and 80 accepted.
[0 : mcmc] Progress @ 2025-04-23 21:30:00 : 1775 steps taken, and 77 accepted.
[1 : mcmc] Progress @ 2025-04-23 21:31:01 : 1610 steps taken, and 95 accepted.
[2 : mcmc] Progress @ 2025-04-23 21:31:31 : 1665 steps taken, and 78 accepted.
[0 : mcmc] Learn + convergence test @ 80 samples accepted.
[0 : mcmc] Ready to check convergence and learn a new proposal covmat (waiting for the rest...)
[3 : mcmc] Progress @ 2025-04-23 21:31:55 : 1676 steps taken, and 80 accepted.
[0 : mcmc] Progress @ 2025-04-23 21:32:05 : 1821 steps taken, and 80 accepted.
[1 : mcmc] Progress @ 2025-04-23 21:33:05 : 1640 steps taken, and 96 accepted.
[2 : mcmc] Progress @ 2025-04-23 21:33:34 : 1691 steps taken, and 79 accepted.
[2 : mcmc] Learn + convergence test @ 80 samples accepted.
[2 : mcmc] Ready to check convergence and learn a new proposal covmat (waiting for the rest...)
[3 : mcmc] Progress @ 2025-04-23 21:34:05 : 1703 steps taken, and 81 accepted.
[0 : mcmc] Progress @ 2025-04-23 21:34:07 : 1842 steps taken, and 80 accepted.
[0 : mcmc] All chains are ready to check convergence and learn a new proposal covmat
[0 : mcmc]  - Acceptance rate: 0.055 = avg([0.0418, 0.0576, 0.0478, 0.0717])
[0 : mcmc]  - Convergence of means: R-1 = 880.379363 after 340 accepted steps = sum([81, 97, 80, 82])
[0 : mcmc]  - Updated covariance matrix of proposal pdf.
[1 : mcmc] Progress @ 2025-04-23 21:35:25 : 1659 steps taken, and 98 accepted.
[2 : mcmc] Progress @ 2025-04-23 21:35:36 : 1702 steps taken, and 82 accepted.
[0 : mcmc] Progress @ 2025-04-23 21:36:15 : 1855 steps taken, and 85 accepted.
[3 : mcmc] Progress @ 2025-04-23 21:36:27 : 1714 steps taken, and 83 accepted.
[1 : mcmc] Progress @ 2025-04-23 21:37:30 : 1666 steps taken, and 102 accepted.
[2 : mcmc] Progress @ 2025-04-23 21:37:39 : 1718 steps taken, and 85 accepted.
[0 : mcmc] Progress @ 2025-04-23 21:38:26 : 1865 steps taken, and 88 accepted.
[3 : mcmc] Progress @ 2025-04-23 21:38:38 : 1722 steps taken, and 88 accepted.
[1 : mcmc] Progress @ 2025-04-23 21:39:40 : 1672 steps taken, and 104 accepted.
[2 : mcmc] Progress @ 2025-04-23 21:39:46 : 1729 steps taken, and 91 accepted.
[0 : mcmc] Progress @ 2025-04-23 21:40:49 : 1874 steps taken, and 92 accepted.
[3 : mcmc] Progress @ 2025-04-23 21:40:55 : 1729 steps taken, and 93 accepted.
[1 : mcmc] Progress @ 2025-04-23 21:41:55 : 1678 steps taken, and 106 accepted.
[2 : mcmc] Progress @ 2025-04-23 21:41:58 : 1741 steps taken, and 95 accepted.
[0 : mcmc] Progress @ 2025-04-23 21:42:52 : 1880 steps taken, and 98 accepted.
[3 : mcmc] Progress @ 2025-04-23 21:43:06 : 1735 steps taken, and 97 accepted.
[2 : mcmc] Progress @ 2025-04-23 21:44:01 : 1752 steps taken, and 98 accepted.
[1 : mcmc] Progress @ 2025-04-23 21:44:09 : 1684 steps taken, and 110 accepted.
[3 : mcmc] Progress @ 2025-04-23 21:45:09 : 1741 steps taken, and 97 accepted.
[0 : mcmc] Progress @ 2025-04-23 21:45:17 : 1887 steps taken, and 100 accepted.
[2 : mcmc] Progress @ 2025-04-23 21:46:11 : 1761 steps taken, and 99 accepted.
[1 : mcmc] Progress @ 2025-04-23 21:46:30 : 1692 steps taken, and 117 accepted.
[0 : mcmc] Progress @ 2025-04-23 21:47:18 : 1896 steps taken, and 102 accepted.
[3 : mcmc] Progress @ 2025-04-23 21:47:19 : 1750 steps taken, and 99 accepted.
[2 : mcmc] Progress @ 2025-04-23 21:48:17 : 1771 steps taken, and 103 accepted.
[1 : mcmc] Progress @ 2025-04-23 21:48:42 : 1697 steps taken, and 118 accepted.
[0 : mcmc] Progress @ 2025-04-23 21:49:23 : 1902 steps taken, and 103 accepted.
[3 : mcmc] Progress @ 2025-04-23 21:49:27 : 1756 steps taken, and 100 accepted.
[2 : mcmc] Progress @ 2025-04-23 21:50:19 : 1779 steps taken, and 104 accepted.
[1 : mcmc] Progress @ 2025-04-23 21:50:47 : 1706 steps taken, and 120 accepted.
[0 : mcmc] Progress @ 2025-04-23 21:51:38 : 1909 steps taken, and 106 accepted.
[3 : mcmc] Progress @ 2025-04-23 21:51:48 : 1764 steps taken, and 104 accepted.
[2 : mcmc] Progress @ 2025-04-23 21:52:27 : 1808 steps taken, and 109 accepted.
[1 : mcmc] Progress @ 2025-04-23 21:53:10 : 1713 steps taken, and 123 accepted.
[0 : mcmc] Progress @ 2025-04-23 21:53:50 : 1915 steps taken, and 109 accepted.
[3 : mcmc] Progress @ 2025-04-23 21:53:50 : 1769 steps taken, and 106 accepted.
[2 : mcmc] Progress @ 2025-04-23 21:54:47 : 1829 steps taken, and 112 accepted.
[1 : mcmc] Progress @ 2025-04-23 21:55:14 : 1720 steps taken, and 125 accepted.
[0 : mcmc] Progress @ 2025-04-23 21:55:56 : 1922 steps taken, and 114 accepted.
[3 : mcmc] Progress @ 2025-04-23 21:55:58 : 1777 steps taken, and 108 accepted.
[2 : mcmc] Progress @ 2025-04-23 21:57:01 : 1843 steps taken, and 115 accepted.
[1 : mcmc] Progress @ 2025-04-23 21:57:20 : 1729 steps taken, and 128 accepted.
[3 : mcmc] Progress @ 2025-04-23 21:57:59 : 1784 steps taken, and 111 accepted.
[0 : mcmc] Progress @ 2025-04-23 21:58:10 : 1934 steps taken, and 117 accepted.
[2 : mcmc] Progress @ 2025-04-23 21:59:14 : 1851 steps taken, and 117 accepted.
[1 : mcmc] Progress @ 2025-04-23 21:59:35 : 1735 steps taken, and 130 accepted.
[3 : mcmc] Progress @ 2025-04-23 22:00:11 : 1791 steps taken, and 115 accepted.
[0 : mcmc] Progress @ 2025-04-23 22:00:34 : 1946 steps taken, and 119 accepted.
[2 : mcmc] Progress @ 2025-04-23 22:01:36 : 1862 steps taken, and 119 accepted.
[1 : mcmc] Progress @ 2025-04-23 22:01:50 : 1741 steps taken, and 134 accepted.
[3 : mcmc] Progress @ 2025-04-23 22:02:12 : 1797 steps taken, and 118 accepted.
[0 : mcmc] Progress @ 2025-04-23 22:02:56 : 1956 steps taken, and 122 accepted.
[2 : mcmc] Progress @ 2025-04-23 22:03:36 : 1872 steps taken, and 124 accepted.
[1 : mcmc] Progress @ 2025-04-23 22:04:03 : 1748 steps taken, and 137 accepted.
[3 : mcmc] Progress @ 2025-04-23 22:04:24 : 1803 steps taken, and 122 accepted.
[0 : mcmc] Progress @ 2025-04-23 22:05:08 : 1966 steps taken, and 124 accepted.
[2 : mcmc] Progress @ 2025-04-23 22:05:36 : 1881 steps taken, and 126 accepted.
[1 : mcmc] Progress @ 2025-04-23 22:06:27 : 1755 steps taken, and 140 accepted.
[3 : mcmc] Progress @ 2025-04-23 22:06:36 : 1811 steps taken, and 122 accepted.
[0 : mcmc] Progress @ 2025-04-23 22:07:13 : 1971 steps taken, and 127 accepted.
[2 : mcmc] Progress @ 2025-04-23 22:07:38 : 1888 steps taken, and 129 accepted.
[1 : mcmc] Progress @ 2025-04-23 22:08:27 : 1762 steps taken, and 145 accepted.
[3 : mcmc] Progress @ 2025-04-23 22:08:46 : 1817 steps taken, and 128 accepted.
[0 : mcmc] Progress @ 2025-04-23 22:09:26 : 1978 steps taken, and 131 accepted.
[2 : mcmc] Progress @ 2025-04-23 22:10:01 : 1901 steps taken, and 134 accepted.
[1 : mcmc] Progress @ 2025-04-23 22:10:40 : 1770 steps taken, and 150 accepted.
[3 : mcmc] Progress @ 2025-04-23 22:10:48 : 1824 steps taken, and 129 accepted.
[0 : mcmc] Progress @ 2025-04-23 22:11:37 : 1986 steps taken, and 131 accepted.
[2 : mcmc] Progress @ 2025-04-23 22:12:05 : 1908 steps taken, and 136 accepted.
[3 : mcmc] Progress @ 2025-04-23 22:12:50 : 1830 steps taken, and 135 accepted.
[1 : mcmc] Progress @ 2025-04-23 22:12:57 : 1776 steps taken, and 152 accepted.
[0 : mcmc] Progress @ 2025-04-23 22:13:41 : 1993 steps taken, and 133 accepted.
[2 : mcmc] Progress @ 2025-04-23 22:14:08 : 1914 steps taken, and 142 accepted.
[1 : mcmc] Progress @ 2025-04-23 22:14:58 : 1783 steps taken, and 153 accepted.
[3 : mcmc] Progress @ 2025-04-23 22:15:06 : 1836 steps taken, and 136 accepted.
[0 : mcmc] Progress @ 2025-04-23 22:16:06 : 2003 steps taken, and 138 accepted.
[2 : mcmc] Progress @ 2025-04-23 22:16:09 : 1920 steps taken, and 144 accepted.
[3 : mcmc] Progress @ 2025-04-23 22:17:18 : 1842 steps taken, and 138 accepted.
[1 : mcmc] Progress @ 2025-04-23 22:17:23 : 1790 steps taken, and 155 accepted.
[2 : mcmc] Progress @ 2025-04-23 22:18:09 : 1928 steps taken, and 147 accepted.
[0 : mcmc] Progress @ 2025-04-23 22:18:28 : 2016 steps taken, and 140 accepted.
[3 : mcmc] Progress @ 2025-04-23 22:19:20 : 1849 steps taken, and 143 accepted.
[1 : mcmc] Progress @ 2025-04-23 22:19:40 : 1798 steps taken, and 156 accepted.
[2 : mcmc] Progress @ 2025-04-23 22:20:31 : 1943 steps taken, and 153 accepted.
[0 : mcmc] Progress @ 2025-04-23 22:20:38 : 2026 steps taken, and 144 accepted.
[3 : mcmc] Progress @ 2025-04-23 22:21:22 : 1856 steps taken, and 147 accepted.
[1 : mcmc] Progress @ 2025-04-23 22:21:44 : 1804 steps taken, and 156 accepted.
[2 : mcmc] Progress @ 2025-04-23 22:22:36 : 1951 steps taken, and 155 accepted.
[0 : mcmc] Progress @ 2025-04-23 22:22:45 : 2036 steps taken, and 147 accepted.
[3 : mcmc] Progress @ 2025-04-23 22:23:24 : 1863 steps taken, and 150 accepted.
[1 : mcmc] Learn + convergence test @ 160 samples accepted.
[1 : mcmc] Ready to check convergence and learn a new proposal covmat (waiting for the rest...)
[1 : mcmc] Progress @ 2025-04-23 22:23:50 : 1810 steps taken, and 160 accepted.
[2 : mcmc] Progress @ 2025-04-23 22:24:54 : 1957 steps taken, and 159 accepted.
[0 : mcmc] Progress @ 2025-04-23 22:25:02 : 2044 steps taken, and 151 accepted.
[3 : mcmc] Progress @ 2025-04-23 22:25:39 : 1870 steps taken, and 152 accepted.
[1 : mcmc] Progress @ 2025-04-23 22:26:04 : 1816 steps taken, and 160 accepted.
[2 : mcmc] Learn + convergence test @ 160 samples accepted.
[2 : mcmc] Ready to check convergence and learn a new proposal covmat (waiting for the rest...)
[2 : mcmc] Progress @ 2025-04-23 22:27:09 : 1963 steps taken, and 161 accepted.
[0 : mcmc] Progress @ 2025-04-23 22:27:12 : 2052 steps taken, and 152 accepted.
[3 : mcmc] Progress @ 2025-04-23 22:27:42 : 1876 steps taken, and 157 accepted.
[1 : mcmc] Progress @ 2025-04-23 22:28:18 : 1822 steps taken, and 163 accepted.
[3 : mcmc] Learn + convergence test @ 160 samples accepted.
[3 : mcmc] Ready to check convergence and learn a new proposal covmat (waiting for the rest...)
[2 : mcmc] Progress @ 2025-04-23 22:29:18 : 1972 steps taken, and 164 accepted.
[0 : mcmc] Progress @ 2025-04-23 22:29:23 : 2072 steps taken, and 153 accepted.
[3 : mcmc] Progress @ 2025-04-23 22:30:05 : 1885 steps taken, and 161 accepted.
[1 : mcmc] Progress @ 2025-04-23 22:30:21 : 1829 steps taken, and 166 accepted.
[2 : mcmc] Progress @ 2025-04-23 22:31:33 : 1978 steps taken, and 167 accepted.
[0 : mcmc] Progress @ 2025-04-23 22:31:45 : 2087 steps taken, and 156 accepted.
[3 : mcmc] Progress @ 2025-04-23 22:32:07 : 1893 steps taken, and 162 accepted.
[1 : mcmc] Progress @ 2025-04-23 22:32:27 : 1841 steps taken, and 169 accepted.
[2 : mcmc] Progress @ 2025-04-23 22:33:44 : 1987 steps taken, and 171 accepted.
[0 : mcmc] Progress @ 2025-04-23 22:33:54 : 2097 steps taken, and 159 accepted.
[1 : mcmc] Progress @ 2025-04-23 22:34:28 : 1848 steps taken, and 174 accepted.
[3 : mcmc] Progress @ 2025-04-23 22:34:31 : 1900 steps taken, and 167 accepted.
[0 : mcmc] Learn + convergence test @ 160 samples accepted.
[0 : mcmc] Ready to check convergence and learn a new proposal covmat (waiting for the rest...)
[0 : mcmc] All chains are ready to check convergence and learn a new proposal covmat
[1 : mcmc] Progress @ 2025-04-23 22:36:31 : 1856 steps taken, and 175 accepted.
[0 : mcmc]  - Acceptance rate: 0.321 = avg([0.2807, 0.2298, 0.3284, 0.4474])
[0 : mcmc]  - Convergence of means: R-1 = 159.696480 after 679 accepted steps = sum([160, 175, 175, 169])
[0 : mcmc]  - Updated covariance matrix of proposal pdf.
[2 : mcmc] Progress @ 2025-04-23 22:36:43 : 1992 steps taken, and 175 accepted.
[3 : mcmc] Progress @ 2025-04-23 22:36:43 : 1907 steps taken, and 169 accepted.
[0 : mcmc] Progress @ 2025-04-23 22:36:55 : 2101 steps taken, and 161 accepted.
[1 : mcmc] Progress @ 2025-04-23 22:38:32 : 1862 steps taken, and 180 accepted.
[2 : mcmc] Progress @ 2025-04-23 22:38:59 : 1998 steps taken, and 178 accepted.
[3 : mcmc] Progress @ 2025-04-23 22:39:03 : 1917 steps taken, and 171 accepted.
[0 : mcmc] Progress @ 2025-04-23 22:39:13 : 2110 steps taken, and 163 accepted.
[1 : mcmc] Progress @ 2025-04-23 22:40:39 : 1868 steps taken, and 183 accepted.
[3 : mcmc] Progress @ 2025-04-23 22:41:07 : 1925 steps taken, and 173 accepted.
[2 : mcmc] Progress @ 2025-04-23 22:41:20 : 2005 steps taken, and 181 accepted.
[0 : mcmc] Progress @ 2025-04-23 22:41:30 : 2119 steps taken, and 165 accepted.
[1 : mcmc] Progress @ 2025-04-23 22:42:52 : 1873 steps taken, and 186 accepted.
[3 : mcmc] Progress @ 2025-04-23 22:43:14 : 1932 steps taken, and 178 accepted.
[0 : mcmc] Progress @ 2025-04-23 22:43:38 : 2126 steps taken, and 168 accepted.
[2 : mcmc] Progress @ 2025-04-23 22:43:43 : 2015 steps taken, and 184 accepted.
[1 : mcmc] Progress @ 2025-04-23 22:44:56 : 1880 steps taken, and 188 accepted.
[3 : mcmc] Progress @ 2025-04-23 22:45:15 : 1940 steps taken, and 181 accepted.
[0 : mcmc] Progress @ 2025-04-23 22:45:42 : 2131 steps taken, and 169 accepted.
[2 : mcmc] Progress @ 2025-04-23 22:45:44 : 2022 steps taken, and 186 accepted.
[1 : mcmc] Progress @ 2025-04-23 22:47:17 : 1886 steps taken, and 191 accepted.
[3 : mcmc] Progress @ 2025-04-23 22:47:36 : 1950 steps taken, and 184 accepted.
[2 : mcmc] Progress @ 2025-04-23 22:47:46 : 2030 steps taken, and 189 accepted.
[0 : mcmc] Progress @ 2025-04-23 22:47:55 : 2140 steps taken, and 172 accepted.
[1 : mcmc] Progress @ 2025-04-23 22:49:26 : 1894 steps taken, and 192 accepted.
[3 : mcmc] Progress @ 2025-04-23 22:49:49 : 1957 steps taken, and 185 accepted.
[2 : mcmc] Progress @ 2025-04-23 22:49:56 : 2037 steps taken, and 192 accepted.
[0 : mcmc] Progress @ 2025-04-23 22:49:56 : 2148 steps taken, and 175 accepted.
[1 : mcmc] Progress @ 2025-04-23 22:51:43 : 1900 steps taken, and 193 accepted.
[0 : mcmc] Progress @ 2025-04-23 22:52:00 : 2156 steps taken, and 178 accepted.
[3 : mcmc] Progress @ 2025-04-23 22:52:04 : 1963 steps taken, and 188 accepted.
[2 : mcmc] Progress @ 2025-04-23 22:52:14 : 2043 steps taken, and 195 accepted.
[1 : mcmc] Progress @ 2025-04-23 22:53:59 : 1907 steps taken, and 197 accepted.
[3 : mcmc] Progress @ 2025-04-23 22:54:12 : 1970 steps taken, and 192 accepted.
[0 : mcmc] Progress @ 2025-04-23 22:54:21 : 2168 steps taken, and 182 accepted.
[2 : mcmc] Progress @ 2025-04-23 22:54:30 : 2052 steps taken, and 198 accepted.
[3 : mcmc] Progress @ 2025-04-23 22:56:13 : 1975 steps taken, and 193 accepted.
[1 : mcmc] Progress @ 2025-04-23 22:56:22 : 1914 steps taken, and 200 accepted.
[0 : mcmc] Progress @ 2025-04-23 22:56:23 : 2175 steps taken, and 183 accepted.
[2 : mcmc] Progress @ 2025-04-23 22:56:55 : 2059 steps taken, and 202 accepted.
[0 : mcmc] Progress @ 2025-04-23 22:58:24 : 2183 steps taken, and 186 accepted.
[1 : mcmc] Progress @ 2025-04-23 22:58:24 : 1920 steps taken, and 202 accepted.
[3 : mcmc] Progress @ 2025-04-23 22:58:38 : 1982 steps taken, and 194 accepted.
[2 : mcmc] Progress @ 2025-04-23 22:59:04 : 2066 steps taken, and 205 accepted.
[0 : mcmc] Progress @ 2025-04-23 23:00:25 : 2190 steps taken, and 188 accepted.
[1 : mcmc] Progress @ 2025-04-23 23:00:38 : 1927 steps taken, and 205 accepted.
[3 : mcmc] Progress @ 2025-04-23 23:00:49 : 1990 steps taken, and 197 accepted.
[2 : mcmc] Progress @ 2025-04-23 23:01:20 : 2072 steps taken, and 209 accepted.
[0 : mcmc] Progress @ 2025-04-23 23:02:28 : 2196 steps taken, and 190 accepted.
[3 : mcmc] Progress @ 2025-04-23 23:02:50 : 1995 steps taken, and 201 accepted.
[1 : mcmc] Progress @ 2025-04-23 23:02:51 : 1934 steps taken, and 206 accepted.
[2 : mcmc] Progress @ 2025-04-23 23:03:21 : 2078 steps taken, and 215 accepted.
[0 : mcmc] Progress @ 2025-04-23 23:04:42 : 2203 steps taken, and 190 accepted.
[1 : mcmc] Progress @ 2025-04-23 23:05:07 : 1942 steps taken, and 207 accepted.
[3 : mcmc] Progress @ 2025-04-23 23:05:14 : 2002 steps taken, and 206 accepted.
[2 : mcmc] Progress @ 2025-04-23 23:05:24 : 2084 steps taken, and 216 accepted.
[0 : mcmc] Progress @ 2025-04-23 23:07:00 : 2209 steps taken, and 192 accepted.
[1 : mcmc] Progress @ 2025-04-23 23:07:20 : 1950 steps taken, and 212 accepted.
[3 : mcmc] Progress @ 2025-04-23 23:07:39 : 2010 steps taken, and 208 accepted.
[2 : mcmc] Progress @ 2025-04-23 23:07:47 : 2092 steps taken, and 220 accepted.
[0 : mcmc] Progress @ 2025-04-23 23:09:16 : 2215 steps taken, and 194 accepted.
[1 : mcmc] Progress @ 2025-04-23 23:09:25 : 1957 steps taken, and 214 accepted.
[3 : mcmc] Progress @ 2025-04-23 23:09:49 : 2020 steps taken, and 210 accepted.
[2 : mcmc] Progress @ 2025-04-23 23:09:52 : 2098 steps taken, and 223 accepted.
[0 : mcmc] Progress @ 2025-04-23 23:11:26 : 2223 steps taken, and 197 accepted.
[1 : mcmc] Progress @ 2025-04-23 23:11:34 : 1969 steps taken, and 218 accepted.
[3 : mcmc] Progress @ 2025-04-23 23:12:08 : 2034 steps taken, and 214 accepted.
[2 : mcmc] Progress @ 2025-04-23 23:12:13 : 2111 steps taken, and 228 accepted.
[1 : mcmc] Progress @ 2025-04-23 23:13:37 : 1981 steps taken, and 221 accepted.
[0 : mcmc] Progress @ 2025-04-23 23:13:52 : 2232 steps taken, and 200 accepted.
[3 : mcmc] Progress @ 2025-04-23 23:14:21 : 2040 steps taken, and 215 accepted.
[2 : mcmc] Progress @ 2025-04-23 23:14:37 : 2118 steps taken, and 231 accepted.
[1 : mcmc] Progress @ 2025-04-23 23:15:46 : 1989 steps taken, and 224 accepted.
[0 : mcmc] Progress @ 2025-04-23 23:16:02 : 2239 steps taken, and 201 accepted.
[3 : mcmc] Progress @ 2025-04-23 23:16:35 : 2051 steps taken, and 219 accepted.
[2 : mcmc] Progress @ 2025-04-23 23:16:47 : 2124 steps taken, and 234 accepted.
[1 : mcmc] Progress @ 2025-04-23 23:17:53 : 1996 steps taken, and 229 accepted.
[0 : mcmc] Progress @ 2025-04-23 23:18:04 : 2247 steps taken, and 203 accepted.
[3 : mcmc] Progress @ 2025-04-23 23:18:42 : 2059 steps taken, and 222 accepted.
[2 : mcmc] Progress @ 2025-04-23 23:19:04 : 2131 steps taken, and 236 accepted.
[1 : mcmc] Progress @ 2025-04-23 23:19:56 : 2003 steps taken, and 235 accepted.
[0 : mcmc] Progress @ 2025-04-23 23:20:10 : 2253 steps taken, and 204 accepted.
[3 : mcmc] Progress @ 2025-04-23 23:20:56 : 2066 steps taken, and 226 accepted.
[2 : mcmc] Learn + convergence test @ 240 samples accepted.
[2 : mcmc] Ready to check convergence and learn a new proposal covmat (waiting for the rest...)
[2 : mcmc] Progress @ 2025-04-23 23:21:26 : 2139 steps taken, and 241 accepted.
[1 : mcmc] Progress @ 2025-04-23 23:22:08 : 2013 steps taken, and 236 accepted.
[0 : mcmc] Progress @ 2025-04-23 23:22:23 : 2260 steps taken, and 209 accepted.
[3 : mcmc] Progress @ 2025-04-23 23:22:58 : 2073 steps taken, and 229 accepted.
[2 : mcmc] Progress @ 2025-04-23 23:23:41 : 2149 steps taken, and 245 accepted.
[1 : mcmc] Progress @ 2025-04-23 23:24:13 : 2020 steps taken, and 237 accepted.
[0 : mcmc] Progress @ 2025-04-23 23:24:24 : 2266 steps taken, and 212 accepted.
[3 : mcmc] Progress @ 2025-04-23 23:24:59 : 2081 steps taken, and 233 accepted.
[2 : mcmc] Progress @ 2025-04-23 23:25:45 : 2157 steps taken, and 247 accepted.
[1 : mcmc] Progress @ 2025-04-23 23:26:32 : 2028 steps taken, and 239 accepted.
[0 : mcmc] Progress @ 2025-04-23 23:26:39 : 2274 steps taken, and 214 accepted.
[3 : mcmc] Progress @ 2025-04-23 23:27:02 : 2095 steps taken, and 236 accepted.
[1 : mcmc] Learn + convergence test @ 240 samples accepted.
[1 : mcmc] Ready to check convergence and learn a new proposal covmat (waiting for the rest...)
[2 : mcmc] Progress @ 2025-04-23 23:28:08 : 2163 steps taken, and 249 accepted.
[1 : mcmc] Progress @ 2025-04-23 23:28:43 : 2034 steps taken, and 240 accepted.
[0 : mcmc] Progress @ 2025-04-23 23:28:44 : 2283 steps taken, and 219 accepted.
[3 : mcmc] Progress @ 2025-04-23 23:29:08 : 2105 steps taken, and 238 accepted.
[2 : mcmc] Progress @ 2025-04-23 23:30:19 : 2172 steps taken, and 251 accepted.
[0 : mcmc] Progress @ 2025-04-23 23:30:50 : 2291 steps taken, and 220 accepted.
[1 : mcmc] Progress @ 2025-04-23 23:31:00 : 2039 steps taken, and 241 accepted.
[3 : mcmc] Progress @ 2025-04-23 23:31:10 : 2113 steps taken, and 239 accepted.
[3 : mcmc] Learn + convergence test @ 240 samples accepted.
[3 : mcmc] Ready to check convergence and learn a new proposal covmat (waiting for the rest...)
[2 : mcmc] Progress @ 2025-04-23 23:32:47 : 2179 steps taken, and 252 accepted.
[1 : mcmc] Progress @ 2025-04-23 23:33:03 : 2044 steps taken, and 243 accepted.
[0 : mcmc] Progress @ 2025-04-23 23:33:15 : 2297 steps taken, and 221 accepted.
[3 : mcmc] Progress @ 2025-04-23 23:33:22 : 2121 steps taken, and 240 accepted.
[2 : mcmc] Progress @ 2025-04-23 23:35:05 : 2184 steps taken, and 253 accepted.
[0 : mcmc] Progress @ 2025-04-23 23:35:16 : 2302 steps taken, and 224 accepted.
[1 : mcmc] Progress @ 2025-04-23 23:35:18 : 2050 steps taken, and 246 accepted.
[3 : mcmc] Progress @ 2025-04-23 23:35:24 : 2132 steps taken, and 244 accepted.
[2 : mcmc] Progress @ 2025-04-23 23:37:08 : 2189 steps taken, and 254 accepted.
[0 : mcmc] Progress @ 2025-04-23 23:37:17 : 2307 steps taken, and 226 accepted.
[3 : mcmc] Progress @ 2025-04-23 23:37:26 : 2137 steps taken, and 247 accepted.
[1 : mcmc] Progress @ 2025-04-23 23:37:32 : 2058 steps taken, and 248 accepted.
[2 : mcmc] Progress @ 2025-04-23 23:39:11 : 2194 steps taken, and 257 accepted.
[0 : mcmc] Progress @ 2025-04-23 23:39:29 : 2317 steps taken, and 227 accepted.
[1 : mcmc] Progress @ 2025-04-23 23:39:35 : 2064 steps taken, and 249 accepted.
[3 : mcmc] Progress @ 2025-04-23 23:39:42 : 2144 steps taken, and 249 accepted.
[2 : mcmc] Progress @ 2025-04-23 23:41:12 : 2199 steps taken, and 257 accepted.
[0 : mcmc] Progress @ 2025-04-23 23:41:31 : 2322 steps taken, and 227 accepted.
[3 : mcmc] Progress @ 2025-04-23 23:41:45 : 2149 steps taken, and 251 accepted.
[1 : mcmc] Progress @ 2025-04-23 23:41:55 : 2069 steps taken, and 251 accepted.
[2 : mcmc] Progress @ 2025-04-23 23:43:29 : 2205 steps taken, and 259 accepted.
[0 : mcmc] Progress @ 2025-04-23 23:43:33 : 2328 steps taken, and 231 accepted.
[3 : mcmc] Progress @ 2025-04-23 23:43:45 : 2157 steps taken, and 254 accepted.
[1 : mcmc] Progress @ 2025-04-23 23:44:21 : 2076 steps taken, and 254 accepted.
[2 : mcmc] Progress @ 2025-04-23 23:45:32 : 2210 steps taken, and 261 accepted.
[3 : mcmc] Progress @ 2025-04-23 23:45:47 : 2163 steps taken, and 254 accepted.
[0 : mcmc] Progress @ 2025-04-23 23:46:00 : 2334 steps taken, and 235 accepted.
[1 : mcmc] Progress @ 2025-04-23 23:46:38 : 2084 steps taken, and 256 accepted.
[2 : mcmc] Progress @ 2025-04-23 23:47:48 : 2216 steps taken, and 263 accepted.
[3 : mcmc] Progress @ 2025-04-23 23:47:48 : 2171 steps taken, and 254 accepted.
[0 : mcmc] Progress @ 2025-04-23 23:48:01 : 2340 steps taken, and 238 accepted.
[1 : mcmc] Progress @ 2025-04-23 23:48:41 : 2089 steps taken, and 259 accepted.
[0 : mcmc] Progress @ 2025-04-23 23:50:03 : 2346 steps taken, and 239 accepted.
[2 : mcmc] Progress @ 2025-04-23 23:50:05 : 2223 steps taken, and 265 accepted.
[3 : mcmc] Progress @ 2025-04-23 23:50:15 : 2179 steps taken, and 258 accepted.
[1 : mcmc] Progress @ 2025-04-23 23:50:56 : 2096 steps taken, and 262 accepted.
[0 : mcmc] Learn + convergence test @ 240 samples accepted.
[0 : mcmc] Ready to check convergence and learn a new proposal covmat (waiting for the rest...)
[0 : mcmc] All chains are ready to check convergence and learn a new proposal covmat
[2 : mcmc] Progress @ 2025-04-23 23:52:12 : 2230 steps taken, and 269 accepted.
[1 : mcmc] Progress @ 2025-04-23 23:53:06 : 2105 steps taken, and 263 accepted.
[0 : mcmc]  - Acceptance rate: 0.358 = avg([0.3015, 0.3568, 0.4054, 0.3619])
[0 : mcmc]  - Convergence of means: R-1 = 56.871696 after 1034 accepted steps = sum([240, 264, 269, 261])
[0 : mcmc]  - Updated covariance matrix of proposal pdf.
[3 : mcmc] Progress @ 2025-04-23 23:53:47 : 2188 steps taken, and 262 accepted.
[0 : mcmc] Progress @ 2025-04-23 23:53:49 : 2350 steps taken, and 240 accepted.
[2 : mcmc] Progress @ 2025-04-23 23:54:45 : 2237 steps taken, and 271 accepted.
[1 : mcmc] Progress @ 2025-04-23 23:55:26 : 2113 steps taken, and 266 accepted.
[3 : mcmc] Progress @ 2025-04-23 23:55:50 : 2197 steps taken, and 265 accepted.
[0 : mcmc] Progress @ 2025-04-23 23:55:51 : 2357 steps taken, and 242 accepted.
[2 : mcmc] Progress @ 2025-04-23 23:56:51 : 2242 steps taken, and 272 accepted.
[1 : mcmc] Progress @ 2025-04-23 23:57:31 : 2119 steps taken, and 269 accepted.
[3 : mcmc] Progress @ 2025-04-23 23:58:00 : 2203 steps taken, and 267 accepted.
[0 : mcmc] Progress @ 2025-04-23 23:58:13 : 2366 steps taken, and 245 accepted.
[2 : mcmc] Progress @ 2025-04-23 23:58:54 : 2247 steps taken, and 274 accepted.
[1 : mcmc] Progress @ 2025-04-23 23:59:52 : 2124 steps taken, and 271 accepted.
[3 : mcmc] Progress @ 2025-04-24 00:00:04 : 2210 steps taken, and 270 accepted.
[0 : mcmc] Progress @ 2025-04-24 00:00:17 : 2373 steps taken, and 245 accepted.
[2 : mcmc] Progress @ 2025-04-24 00:01:07 : 2254 steps taken, and 277 accepted.
[3 : mcmc] Progress @ 2025-04-24 00:02:06 : 2216 steps taken, and 272 accepted.
[1 : mcmc] Progress @ 2025-04-24 00:02:07 : 2131 steps taken, and 273 accepted.
[0 : mcmc] Progress @ 2025-04-24 00:02:29 : 2382 steps taken, and 248 accepted.
[2 : mcmc] Progress @ 2025-04-24 00:03:22 : 2259 steps taken, and 279 accepted.
[3 : mcmc] Progress @ 2025-04-24 00:04:12 : 2222 steps taken, and 275 accepted.
[1 : mcmc] Progress @ 2025-04-24 00:04:20 : 2137 steps taken, and 276 accepted.
[0 : mcmc] Progress @ 2025-04-24 00:04:30 : 2387 steps taken, and 251 accepted.
[2 : mcmc] Progress @ 2025-04-24 00:05:24 : 2265 steps taken, and 283 accepted.
[3 : mcmc] Progress @ 2025-04-24 00:06:14 : 2227 steps taken, and 278 accepted.
[1 : mcmc] Progress @ 2025-04-24 00:06:22 : 2143 steps taken, and 278 accepted.
[0 : mcmc] Progress @ 2025-04-24 00:06:56 : 2396 steps taken, and 253 accepted.
[2 : mcmc] Progress @ 2025-04-24 00:07:51 : 2272 steps taken, and 285 accepted.
[1 : mcmc] Progress @ 2025-04-24 00:08:36 : 2150 steps taken, and 280 accepted.
[3 : mcmc] Progress @ 2025-04-24 00:08:39 : 2235 steps taken, and 280 accepted.
[0 : mcmc] Progress @ 2025-04-24 00:08:57 : 2401 steps taken, and 255 accepted.
[2 : mcmc] Progress @ 2025-04-24 00:10:06 : 2280 steps taken, and 288 accepted.
[1 : mcmc] Progress @ 2025-04-24 00:10:40 : 2155 steps taken, and 282 accepted.
[3 : mcmc] Progress @ 2025-04-24 00:10:41 : 2241 steps taken, and 282 accepted.
[0 : mcmc] Progress @ 2025-04-24 00:11:01 : 2407 steps taken, and 258 accepted.
[2 : mcmc] Progress @ 2025-04-24 00:12:17 : 2286 steps taken, and 289 accepted.
[1 : mcmc] Progress @ 2025-04-24 00:12:41 : 2162 steps taken, and 285 accepted.
[3 : mcmc] Progress @ 2025-04-24 00:12:58 : 2248 steps taken, and 284 accepted.
[0 : mcmc] Progress @ 2025-04-24 00:13:16 : 2414 steps taken, and 263 accepted.
[2 : mcmc] Progress @ 2025-04-24 00:14:28 : 2293 steps taken, and 289 accepted.
[1 : mcmc] Progress @ 2025-04-24 00:14:43 : 2167 steps taken, and 287 accepted.
[3 : mcmc] Progress @ 2025-04-24 00:15:12 : 2255 steps taken, and 288 accepted.
[0 : mcmc] Progress @ 2025-04-24 00:15:34 : 2421 steps taken, and 266 accepted.
[2 : mcmc] Progress @ 2025-04-24 00:16:31 : 2298 steps taken, and 291 accepted.
[1 : mcmc] Progress @ 2025-04-24 00:16:46 : 2172 steps taken, and 288 accepted.
[3 : mcmc] Progress @ 2025-04-24 00:17:13 : 2267 steps taken, and 291 accepted.
[0 : mcmc] Progress @ 2025-04-24 00:17:34 : 2426 steps taken, and 267 accepted.
[2 : mcmc] Progress @ 2025-04-24 00:18:34 : 2304 steps taken, and 293 accepted.
[1 : mcmc] Progress @ 2025-04-24 00:18:48 : 2177 steps taken, and 290 accepted.
[3 : mcmc] Progress @ 2025-04-24 00:19:15 : 2272 steps taken, and 293 accepted.
[0 : mcmc] Progress @ 2025-04-24 00:19:45 : 2437 steps taken, and 270 accepted.
[2 : mcmc] Progress @ 2025-04-24 00:20:47 : 2310 steps taken, and 296 accepted.
[1 : mcmc] Progress @ 2025-04-24 00:21:02 : 2183 steps taken, and 293 accepted.
[3 : mcmc] Progress @ 2025-04-24 00:21:30 : 2278 steps taken, and 296 accepted.
[0 : mcmc] Progress @ 2025-04-24 00:21:47 : 2442 steps taken, and 271 accepted.
[2 : mcmc] Progress @ 2025-04-24 00:22:47 : 2316 steps taken, and 297 accepted.
[1 : mcmc] Progress @ 2025-04-24 00:23:17 : 2190 steps taken, and 296 accepted.
[3 : mcmc] Progress @ 2025-04-24 00:23:35 : 2283 steps taken, and 296 accepted.
[0 : mcmc] Progress @ 2025-04-24 00:23:51 : 2447 steps taken, and 273 accepted.
[2 : mcmc] Progress @ 2025-04-24 00:24:59 : 2322 steps taken, and 298 accepted.
[1 : mcmc] Progress @ 2025-04-24 00:25:26 : 2197 steps taken, and 298 accepted.
[3 : mcmc] Progress @ 2025-04-24 00:25:39 : 2290 steps taken, and 301 accepted.
[0 : mcmc] Progress @ 2025-04-24 00:25:54 : 2454 steps taken, and 274 accepted.
[2 : mcmc] Progress @ 2025-04-24 00:27:08 : 2330 steps taken, and 300 accepted.
[1 : mcmc] Progress @ 2025-04-24 00:27:31 : 2204 steps taken, and 301 accepted.
[3 : mcmc] Progress @ 2025-04-24 00:27:45 : 2296 steps taken, and 302 accepted.
[0 : mcmc] Progress @ 2025-04-24 00:28:13 : 2465 steps taken, and 277 accepted.
[2 : mcmc] Progress @ 2025-04-24 00:29:23 : 2337 steps taken, and 302 accepted.
[1 : mcmc] Progress @ 2025-04-24 00:29:38 : 2210 steps taken, and 304 accepted.
[3 : mcmc] Progress @ 2025-04-24 00:29:47 : 2305 steps taken, and 304 accepted.
[0 : mcmc] Progress @ 2025-04-24 00:30:30 : 2472 steps taken, and 280 accepted.
[2 : mcmc] Progress @ 2025-04-24 00:31:29 : 2347 steps taken, and 302 accepted.
[3 : mcmc] Progress @ 2025-04-24 00:31:54 : 2311 steps taken, and 306 accepted.
[1 : mcmc] Progress @ 2025-04-24 00:31:55 : 2217 steps taken, and 307 accepted.
[0 : mcmc] Progress @ 2025-04-24 00:32:37 : 2478 steps taken, and 282 accepted.
[2 : mcmc] Progress @ 2025-04-24 00:33:35 : 2357 steps taken, and 304 accepted.
[3 : mcmc] Progress @ 2025-04-24 00:34:00 : 2317 steps taken, and 309 accepted.
[1 : mcmc] Progress @ 2025-04-24 00:34:12 : 2224 steps taken, and 310 accepted.
[0 : mcmc] Progress @ 2025-04-24 00:34:45 : 2484 steps taken, and 283 accepted.
[2 : mcmc] Progress @ 2025-04-24 00:35:54 : 2368 steps taken, and 305 accepted.
[3 : mcmc] Progress @ 2025-04-24 00:36:06 : 2325 steps taken, and 313 accepted.
[1 : mcmc] Progress @ 2025-04-24 00:36:21 : 2230 steps taken, and 314 accepted.
[0 : mcmc] Progress @ 2025-04-24 00:36:47 : 2491 steps taken, and 284 accepted.
[2 : mcmc] Progress @ 2025-04-24 00:38:11 : 2377 steps taken, and 308 accepted.
[3 : mcmc] Progress @ 2025-04-24 00:38:20 : 2334 steps taken, and 315 accepted.
[1 : mcmc] Progress @ 2025-04-24 00:38:31 : 2236 steps taken, and 314 accepted.
[0 : mcmc] Progress @ 2025-04-24 00:38:54 : 2498 steps taken, and 286 accepted.
[3 : mcmc] Progress @ 2025-04-24 00:40:25 : 2340 steps taken, and 317 accepted.
[2 : mcmc] Progress @ 2025-04-24 00:40:26 : 2385 steps taken, and 310 accepted.
[1 : mcmc] Progress @ 2025-04-24 00:40:36 : 2243 steps taken, and 315 accepted.
[0 : mcmc] Progress @ 2025-04-24 00:41:00 : 2506 steps taken, and 289 accepted.
[3 : mcmc] Learn + convergence test @ 320 samples accepted.
[3 : mcmc] Ready to check convergence and learn a new proposal covmat (waiting for the rest...)
[2 : mcmc] Progress @ 2025-04-24 00:42:44 : 2394 steps taken, and 315 accepted.
[1 : mcmc] Progress @ 2025-04-24 00:42:44 : 2249 steps taken, and 315 accepted.
[3 : mcmc] Progress @ 2025-04-24 00:42:45 : 2349 steps taken, and 321 accepted.
[0 : mcmc] Progress @ 2025-04-24 00:43:15 : 2518 steps taken, and 293 accepted.
[3 : mcmc] Progress @ 2025-04-24 00:44:50 : 2355 steps taken, and 325 accepted.
[2 : mcmc] Progress @ 2025-04-24 00:45:00 : 2401 steps taken, and 318 accepted.
[1 : mcmc] Progress @ 2025-04-24 00:45:05 : 2256 steps taken, and 316 accepted.
[0 : mcmc] Progress @ 2025-04-24 00:45:20 : 2526 steps taken, and 295 accepted.
[3 : mcmc] Progress @ 2025-04-24 00:46:54 : 2362 steps taken, and 329 accepted.
[1 : mcmc] Progress @ 2025-04-24 00:47:11 : 2262 steps taken, and 317 accepted.
[2 : mcmc] Progress @ 2025-04-24 00:47:17 : 2409 steps taken, and 319 accepted.
[2 : mcmc] Learn + convergence test @ 320 samples accepted.
[2 : mcmc] Ready to check convergence and learn a new proposal covmat (waiting for the rest...)
[0 : mcmc] Progress @ 2025-04-24 00:47:43 : 2533 steps taken, and 297 accepted.
[3 : mcmc] Progress @ 2025-04-24 00:49:02 : 2368 steps taken, and 330 accepted.
[1 : mcmc] Progress @ 2025-04-24 00:49:20 : 2268 steps taken, and 319 accepted.
[2 : mcmc] Progress @ 2025-04-24 00:49:36 : 2417 steps taken, and 321 accepted.
[0 : mcmc] Progress @ 2025-04-24 00:49:59 : 2540 steps taken, and 300 accepted.
[1 : mcmc] Learn + convergence test @ 320 samples accepted.
[1 : mcmc] Ready to check convergence and learn a new proposal covmat (waiting for the rest...)
[3 : mcmc] Progress @ 2025-04-24 00:51:19 : 2376 steps taken, and 334 accepted.
[1 : mcmc] Progress @ 2025-04-24 00:51:28 : 2275 steps taken, and 320 accepted.
[2 : mcmc] Progress @ 2025-04-24 00:51:52 : 2424 steps taken, and 324 accepted.
[0 : mcmc] Progress @ 2025-04-24 00:52:01 : 2547 steps taken, and 301 accepted.
[3 : mcmc] Progress @ 2025-04-24 00:53:29 : 2382 steps taken, and 337 accepted.
[1 : mcmc] Progress @ 2025-04-24 00:53:47 : 2284 steps taken, and 324 accepted.
[0 : mcmc] Progress @ 2025-04-24 00:54:17 : 2554 steps taken, and 305 accepted.
[2 : mcmc] Progress @ 2025-04-24 00:54:18 : 2433 steps taken, and 326 accepted.
[3 : mcmc] Progress @ 2025-04-24 00:55:36 : 2389 steps taken, and 340 accepted.
[1 : mcmc] Progress @ 2025-04-24 00:55:56 : 2291 steps taken, and 326 accepted.
[2 : mcmc] Progress @ 2025-04-24 00:56:20 : 2440 steps taken, and 329 accepted.
[0 : mcmc] Progress @ 2025-04-24 00:56:31 : 2561 steps taken, and 306 accepted.
[3 : mcmc] Progress @ 2025-04-24 00:57:40 : 2399 steps taken, and 342 accepted.
[1 : mcmc] Progress @ 2025-04-24 00:58:00 : 2299 steps taken, and 329 accepted.
[2 : mcmc] Progress @ 2025-04-24 00:58:36 : 2448 steps taken, and 332 accepted.
[0 : mcmc] Progress @ 2025-04-24 00:58:48 : 2568 steps taken, and 309 accepted.
[3 : mcmc] Progress @ 2025-04-24 00:59:58 : 2410 steps taken, and 345 accepted.
[1 : mcmc] Progress @ 2025-04-24 01:00:09 : 2306 steps taken, and 331 accepted.
[2 : mcmc] Progress @ 2025-04-24 01:00:43 : 2455 steps taken, and 337 accepted.
[0 : mcmc] Progress @ 2025-04-24 01:01:04 : 2575 steps taken, and 312 accepted.
[1 : mcmc] Progress @ 2025-04-24 01:02:12 : 2314 steps taken, and 334 accepted.
[3 : mcmc] Progress @ 2025-04-24 01:02:14 : 2418 steps taken, and 348 accepted.
[2 : mcmc] Progress @ 2025-04-24 01:02:44 : 2470 steps taken, and 341 accepted.
[0 : mcmc] Progress @ 2025-04-24 01:03:19 : 2583 steps taken, and 313 accepted.
[1 : mcmc] Progress @ 2025-04-24 01:04:21 : 2320 steps taken, and 336 accepted.
[3 : mcmc] Progress @ 2025-04-24 01:04:32 : 2426 steps taken, and 351 accepted.
[2 : mcmc] Progress @ 2025-04-24 01:04:50 : 2477 steps taken, and 342 accepted.
[0 : mcmc] Progress @ 2025-04-24 01:05:23 : 2590 steps taken, and 316 accepted.
[1 : mcmc] Progress @ 2025-04-24 01:06:38 : 2327 steps taken, and 340 accepted.
[3 : mcmc] Progress @ 2025-04-24 01:06:46 : 2433 steps taken, and 355 accepted.
[2 : mcmc] Progress @ 2025-04-24 01:06:54 : 2487 steps taken, and 344 accepted.
[0 : mcmc] Learn + convergence test @ 320 samples accepted.
[0 : mcmc] Ready to check convergence and learn a new proposal covmat (waiting for the rest...)
[0 : mcmc] All chains are ready to check convergence and learn a new proposal covmat
[1 : mcmc] Progress @ 2025-04-24 01:08:42 : 2335 steps taken, and 340 accepted.
[0 : mcmc]  - Acceptance rate: 0.342 = avg([0.3232, 0.3448, 0.3453, 0.3545])
[0 : mcmc]  - Convergence of means: R-1 = 3.261014 after 1364 accepted steps = sum([320, 341, 346, 357])
[0 : mcmc]  - Updated covariance matrix of proposal pdf.
[3 : mcmc] Progress @ 2025-04-24 01:09:28 : 2438 steps taken, and 357 accepted.
[0 : mcmc] Progress @ 2025-04-24 01:09:51 : 2596 steps taken, and 320 accepted.
[2 : mcmc] Progress @ 2025-04-24 01:09:51 : 2491 steps taken, and 346 accepted.
[1 : mcmc] Progress @ 2025-04-24 01:10:48 : 2342 steps taken, and 342 accepted.
[3 : mcmc] Progress @ 2025-04-24 01:11:42 : 2445 steps taken, and 359 accepted.
[2 : mcmc] Progress @ 2025-04-24 01:11:53 : 2498 steps taken, and 352 accepted.
[0 : mcmc] Progress @ 2025-04-24 01:11:54 : 2603 steps taken, and 322 accepted.
[1 : mcmc] Progress @ 2025-04-24 01:12:54 : 2348 steps taken, and 346 accepted.
[2 : mcmc] Progress @ 2025-04-24 01:13:57 : 2504 steps taken, and 357 accepted.
[3 : mcmc] Progress @ 2025-04-24 01:14:00 : 2452 steps taken, and 361 accepted.
[0 : mcmc] Progress @ 2025-04-24 01:14:08 : 2613 steps taken, and 324 accepted.
[1 : mcmc] Progress @ 2025-04-24 01:15:07 : 2356 steps taken, and 350 accepted.
[0 : mcmc] Progress @ 2025-04-24 01:16:12 : 2620 steps taken, and 326 accepted.
[2 : mcmc] Progress @ 2025-04-24 01:16:12 : 2512 steps taken, and 361 accepted.
[3 : mcmc] Progress @ 2025-04-24 01:16:16 : 2462 steps taken, and 364 accepted.
[1 : mcmc] Progress @ 2025-04-24 01:17:24 : 2363 steps taken, and 353 accepted.
[2 : mcmc] Progress @ 2025-04-24 01:18:27 : 2520 steps taken, and 365 accepted.
[0 : mcmc] Progress @ 2025-04-24 01:18:32 : 2628 steps taken, and 329 accepted.
[3 : mcmc] Progress @ 2025-04-24 01:18:34 : 2468 steps taken, and 366 accepted.
[1 : mcmc] Progress @ 2025-04-24 01:19:37 : 2376 steps taken, and 354 accepted.
[2 : mcmc] Progress @ 2025-04-24 01:20:35 : 2526 steps taken, and 368 accepted.
[3 : mcmc] Progress @ 2025-04-24 01:20:36 : 2478 steps taken, and 370 accepted.
[0 : mcmc] Progress @ 2025-04-24 01:20:46 : 2635 steps taken, and 333 accepted.
[1 : mcmc] Progress @ 2025-04-24 01:21:56 : 2387 steps taken, and 358 accepted.
[3 : mcmc] Progress @ 2025-04-24 01:22:41 : 2485 steps taken, and 372 accepted.
[2 : mcmc] Progress @ 2025-04-24 01:22:51 : 2533 steps taken, and 371 accepted.
[0 : mcmc] Progress @ 2025-04-24 01:23:01 : 2643 steps taken, and 335 accepted.
[1 : mcmc] Progress @ 2025-04-24 01:23:59 : 2396 steps taken, and 359 accepted.
[2 : mcmc] Progress @ 2025-04-24 01:24:52 : 2540 steps taken, and 376 accepted.
[3 : mcmc] Progress @ 2025-04-24 01:24:54 : 2493 steps taken, and 374 accepted.
[0 : mcmc] Progress @ 2025-04-24 01:25:04 : 2650 steps taken, and 339 accepted.
[1 : mcmc] Progress @ 2025-04-24 01:26:22 : 2407 steps taken, and 362 accepted.
[3 : mcmc] Progress @ 2025-04-24 01:26:56 : 2505 steps taken, and 376 accepted.
[2 : mcmc] Progress @ 2025-04-24 01:27:08 : 2552 steps taken, and 378 accepted.
[0 : mcmc] Progress @ 2025-04-24 01:27:09 : 2656 steps taken, and 340 accepted.
[1 : mcmc] Progress @ 2025-04-24 01:28:29 : 2414 steps taken, and 365 accepted.
[3 : mcmc] Progress @ 2025-04-24 01:29:09 : 2511 steps taken, and 377 accepted.
[2 : mcmc] Progress @ 2025-04-24 01:29:09 : 2560 steps taken, and 380 accepted.
[0 : mcmc] Progress @ 2025-04-24 01:29:31 : 2663 steps taken, and 342 accepted.
[1 : mcmc] Progress @ 2025-04-24 01:30:44 : 2422 steps taken, and 367 accepted.
[2 : mcmc] Progress @ 2025-04-24 01:31:16 : 2571 steps taken, and 383 accepted.
[3 : mcmc] Progress @ 2025-04-24 01:31:26 : 2518 steps taken, and 380 accepted.
[0 : mcmc] Progress @ 2025-04-24 01:31:37 : 2669 steps taken, and 345 accepted.
[1 : mcmc] Progress @ 2025-04-24 01:32:50 : 2431 steps taken, and 368 accepted.
[2 : mcmc] Progress @ 2025-04-24 01:33:17 : 2581 steps taken, and 384 accepted.
[3 : mcmc] Progress @ 2025-04-24 01:33:29 : 2524 steps taken, and 384 accepted.
[0 : mcmc] Progress @ 2025-04-24 01:33:39 : 2677 steps taken, and 347 accepted.
[1 : mcmc] Progress @ 2025-04-24 01:35:04 : 2439 steps taken, and 370 accepted.
[3 : mcmc] Progress @ 2025-04-24 01:35:30 : 2533 steps taken, and 388 accepted.
[2 : mcmc] Progress @ 2025-04-24 01:35:31 : 2592 steps taken, and 385 accepted.
[0 : mcmc] Progress @ 2025-04-24 01:35:53 : 2683 steps taken, and 350 accepted.
[1 : mcmc] Progress @ 2025-04-24 01:37:07 : 2448 steps taken, and 370 accepted.
[3 : mcmc] Progress @ 2025-04-24 01:37:44 : 2545 steps taken, and 390 accepted.
[2 : mcmc] Progress @ 2025-04-24 01:37:48 : 2599 steps taken, and 389 accepted.
[0 : mcmc] Progress @ 2025-04-24 01:38:09 : 2690 steps taken, and 351 accepted.
[1 : mcmc] Progress @ 2025-04-24 01:39:23 : 2458 steps taken, and 372 accepted.
[2 : mcmc] Progress @ 2025-04-24 01:39:51 : 2606 steps taken, and 391 accepted.
[3 : mcmc] Progress @ 2025-04-24 01:40:00 : 2552 steps taken, and 394 accepted.
[0 : mcmc] Progress @ 2025-04-24 01:40:22 : 2697 steps taken, and 353 accepted.
[1 : mcmc] Progress @ 2025-04-24 01:41:40 : 2468 steps taken, and 375 accepted.
[2 : mcmc] Progress @ 2025-04-24 01:41:54 : 2613 steps taken, and 395 accepted.
[3 : mcmc] Progress @ 2025-04-24 01:42:09 : 2568 steps taken, and 397 accepted.
[0 : mcmc] Progress @ 2025-04-24 01:42:27 : 2705 steps taken, and 356 accepted.
[1 : mcmc] Progress @ 2025-04-24 01:43:55 : 2476 steps taken, and 377 accepted.
[3 : mcmc] Learn + convergence test @ 400 samples accepted.
[3 : mcmc] Ready to check convergence and learn a new proposal covmat (waiting for the rest...)
[2 : mcmc] Progress @ 2025-04-24 01:44:09 : 2622 steps taken, and 398 accepted.
[3 : mcmc] Progress @ 2025-04-24 01:44:24 : 2577 steps taken, and 400 accepted.
[0 : mcmc] Progress @ 2025-04-24 01:44:32 : 2711 steps taken, and 359 accepted.
[2 : mcmc] Learn + convergence test @ 400 samples accepted.
[2 : mcmc] Ready to check convergence and learn a new proposal covmat (waiting for the rest...)
[1 : mcmc] Progress @ 2025-04-24 01:45:58 : 2483 steps taken, and 378 accepted.
[2 : mcmc] Progress @ 2025-04-24 01:46:13 : 2628 steps taken, and 402 accepted.
[0 : mcmc] Progress @ 2025-04-24 01:46:37 : 2717 steps taken, and 361 accepted.
[3 : mcmc] Progress @ 2025-04-24 01:46:39 : 2584 steps taken, and 402 accepted.
[1 : mcmc] Progress @ 2025-04-24 01:48:04 : 2489 steps taken, and 380 accepted.
[2 : mcmc] Progress @ 2025-04-24 01:48:18 : 2634 steps taken, and 406 accepted.
[0 : mcmc] Progress @ 2025-04-24 01:48:53 : 2725 steps taken, and 365 accepted.
[3 : mcmc] Progress @ 2025-04-24 01:48:55 : 2593 steps taken, and 404 accepted.
[1 : mcmc] Progress @ 2025-04-24 01:50:07 : 2497 steps taken, and 384 accepted.
[2 : mcmc] Progress @ 2025-04-24 01:50:38 : 2641 steps taken, and 411 accepted.
[0 : mcmc] Progress @ 2025-04-24 01:50:55 : 2731 steps taken, and 368 accepted.
[3 : mcmc] Progress @ 2025-04-24 01:51:13 : 2601 steps taken, and 405 accepted.
[1 : mcmc] Progress @ 2025-04-24 01:52:10 : 2509 steps taken, and 385 accepted.
[0 : mcmc] Progress @ 2025-04-24 01:52:59 : 2737 steps taken, and 370 accepted.
[2 : mcmc] Progress @ 2025-04-24 01:53:01 : 2652 steps taken, and 414 accepted.
[3 : mcmc] Progress @ 2025-04-24 01:53:28 : 2608 steps taken, and 405 accepted.
[1 : mcmc] Progress @ 2025-04-24 01:54:17 : 2518 steps taken, and 385 accepted.
[2 : mcmc] Progress @ 2025-04-24 01:55:09 : 2658 steps taken, and 416 accepted.
[0 : mcmc] Progress @ 2025-04-24 01:55:15 : 2744 steps taken, and 373 accepted.
[3 : mcmc] Progress @ 2025-04-24 01:55:44 : 2616 steps taken, and 410 accepted.
[1 : mcmc] Progress @ 2025-04-24 01:56:19 : 2527 steps taken, and 386 accepted.
[2 : mcmc] Progress @ 2025-04-24 01:57:10 : 2670 steps taken, and 419 accepted.
[0 : mcmc] Progress @ 2025-04-24 01:57:19 : 2755 steps taken, and 376 accepted.
[3 : mcmc] Progress @ 2025-04-24 01:58:01 : 2625 steps taken, and 413 accepted.
[1 : mcmc] Progress @ 2025-04-24 01:58:27 : 2535 steps taken, and 389 accepted.
[2 : mcmc] Progress @ 2025-04-24 01:59:11 : 2680 steps taken, and 422 accepted.
[0 : mcmc] Progress @ 2025-04-24 01:59:35 : 2764 steps taken, and 379 accepted.
[3 : mcmc] Progress @ 2025-04-24 02:00:18 : 2633 steps taken, and 414 accepted.
[1 : mcmc] Progress @ 2025-04-24 02:00:32 : 2545 steps taken, and 391 accepted.
[2 : mcmc] Progress @ 2025-04-24 02:01:28 : 2689 steps taken, and 425 accepted.
[0 : mcmc] Progress @ 2025-04-24 02:01:52 : 2773 steps taken, and 382 accepted.
[3 : mcmc] Progress @ 2025-04-24 02:02:23 : 2639 steps taken, and 417 accepted.
[1 : mcmc] Progress @ 2025-04-24 02:02:48 : 2553 steps taken, and 394 accepted.
[2 : mcmc] Progress @ 2025-04-24 02:03:32 : 2698 steps taken, and 430 accepted.
[0 : mcmc] Progress @ 2025-04-24 02:03:56 : 2781 steps taken, and 384 accepted.
[3 : mcmc] Progress @ 2025-04-24 02:04:38 : 2646 steps taken, and 422 accepted.
[1 : mcmc] Progress @ 2025-04-24 02:04:54 : 2559 steps taken, and 396 accepted.
[2 : mcmc] Progress @ 2025-04-24 02:05:36 : 2706 steps taken, and 430 accepted.
[0 : mcmc] Progress @ 2025-04-24 02:06:16 : 2787 steps taken, and 385 accepted.
[3 : mcmc] Progress @ 2025-04-24 02:06:53 : 2654 steps taken, and 424 accepted.
[1 : mcmc] Progress @ 2025-04-24 02:06:58 : 2566 steps taken, and 399 accepted.
[2 : mcmc] Progress @ 2025-04-24 02:07:39 : 2715 steps taken, and 434 accepted.
[1 : mcmc] Learn + convergence test @ 400 samples accepted.
[1 : mcmc] Ready to check convergence and learn a new proposal covmat (waiting for the rest...)
[0 : mcmc] Progress @ 2025-04-24 02:08:36 : 2796 steps taken, and 390 accepted.
[3 : mcmc] Progress @ 2025-04-24 02:08:54 : 2664 steps taken, and 427 accepted.
[1 : mcmc] Progress @ 2025-04-24 02:09:12 : 2575 steps taken, and 402 accepted.
[2 : mcmc] Progress @ 2025-04-24 02:10:03 : 2722 steps taken, and 438 accepted.
[0 : mcmc] Progress @ 2025-04-24 02:10:50 : 2803 steps taken, and 393 accepted.
[3 : mcmc] Progress @ 2025-04-24 02:10:55 : 2674 steps taken, and 431 accepted.
[1 : mcmc] Progress @ 2025-04-24 02:11:37 : 2588 steps taken, and 405 accepted.
[2 : mcmc] Progress @ 2025-04-24 02:12:18 : 2734 steps taken, and 443 accepted.
[0 : mcmc] Progress @ 2025-04-24 02:12:55 : 2809 steps taken, and 395 accepted.
[3 : mcmc] Progress @ 2025-04-24 02:13:00 : 2683 steps taken, and 434 accepted.
[1 : mcmc] Progress @ 2025-04-24 02:13:41 : 2594 steps taken, and 410 accepted.
[2 : mcmc] Progress @ 2025-04-24 02:14:32 : 2741 steps taken, and 443 accepted.
[0 : mcmc] Progress @ 2025-04-24 02:14:58 : 2819 steps taken, and 397 accepted.
[3 : mcmc] Progress @ 2025-04-24 02:15:12 : 2690 steps taken, and 436 accepted.
[1 : mcmc] Progress @ 2025-04-24 02:15:57 : 2604 steps taken, and 412 accepted.
[2 : mcmc] Progress @ 2025-04-24 02:16:43 : 2750 steps taken, and 446 accepted.
[0 : mcmc] Progress @ 2025-04-24 02:17:00 : 2825 steps taken, and 399 accepted.
[3 : mcmc] Progress @ 2025-04-24 02:17:16 : 2698 steps taken, and 439 accepted.
[1 : mcmc] Progress @ 2025-04-24 02:18:00 : 2611 steps taken, and 414 accepted.
[0 : mcmc] Learn + convergence test @ 400 samples accepted.
[0 : mcmc] Ready to check convergence and learn a new proposal covmat (waiting for the rest...)
[0 : mcmc] All chains are ready to check convergence and learn a new proposal covmat
[2 : mcmc] Progress @ 2025-04-24 02:18:46 : 2756 steps taken, and 448 accepted.
[3 : mcmc] Progress @ 2025-04-24 02:19:19 : 2706 steps taken, and 441 accepted.
[0 : mcmc]  - Acceptance rate: 0.332 = avg([0.3356, 0.3081, 0.3430, 0.3384])
[0 : mcmc]  - Convergence of means: R-1 = 0.573595 after 1706 accepted steps = sum([400, 416, 449, 441])
[0 : mcmc]  - Updated covariance matrix of proposal pdf.
[1 : mcmc] Progress @ 2025-04-24 02:20:22 : 2620 steps taken, and 416 accepted.
[0 : mcmc] Progress @ 2025-04-24 02:20:22 : 2829 steps taken, and 401 accepted.
[2 : mcmc] Progress @ 2025-04-24 02:20:52 : 2761 steps taken, and 450 accepted.
[3 : mcmc] Progress @ 2025-04-24 02:21:39 : 2711 steps taken, and 443 accepted.
[0 : mcmc] Progress @ 2025-04-24 02:22:34 : 2837 steps taken, and 405 accepted.
[1 : mcmc] Progress @ 2025-04-24 02:22:40 : 2628 steps taken, and 419 accepted.
[2 : mcmc] Progress @ 2025-04-24 02:22:57 : 2770 steps taken, and 456 accepted.
[3 : mcmc] Progress @ 2025-04-24 02:23:51 : 2720 steps taken, and 445 accepted.
[1 : mcmc] Progress @ 2025-04-24 02:24:42 : 2635 steps taken, and 422 accepted.
[0 : mcmc] Progress @ 2025-04-24 02:24:48 : 2846 steps taken, and 406 accepted.
[2 : mcmc] Progress @ 2025-04-24 02:25:02 : 2776 steps taken, and 458 accepted.
[3 : mcmc] Progress @ 2025-04-24 02:26:05 : 2728 steps taken, and 448 accepted.
[0 : mcmc] Progress @ 2025-04-24 02:26:53 : 2852 steps taken, and 407 accepted.
[1 : mcmc] Progress @ 2025-04-24 02:26:59 : 2645 steps taken, and 425 accepted.
[2 : mcmc] Progress @ 2025-04-24 02:27:16 : 2784 steps taken, and 464 accepted.
[3 : mcmc] Progress @ 2025-04-24 02:28:20 : 2736 steps taken, and 451 accepted.
[1 : mcmc] Progress @ 2025-04-24 02:29:01 : 2656 steps taken, and 429 accepted.
[0 : mcmc] Progress @ 2025-04-24 02:29:07 : 2860 steps taken, and 408 accepted.
[2 : mcmc] Progress @ 2025-04-24 02:29:32 : 2792 steps taken, and 467 accepted.
[3 : mcmc] Progress @ 2025-04-24 02:30:33 : 2744 steps taken, and 454 accepted.
[0 : mcmc] Progress @ 2025-04-24 02:31:10 : 2870 steps taken, and 411 accepted.
[1 : mcmc] Progress @ 2025-04-24 02:31:13 : 2669 steps taken, and 434 accepted.
[2 : mcmc] Progress @ 2025-04-24 02:31:45 : 2799 steps taken, and 471 accepted.
[3 : mcmc] Progress @ 2025-04-24 02:32:46 : 2753 steps taken, and 459 accepted.
[0 : mcmc] Progress @ 2025-04-24 02:33:25 : 2880 steps taken, and 416 accepted.
[1 : mcmc] Progress @ 2025-04-24 02:33:34 : 2675 steps taken, and 437 accepted.
[2 : mcmc] Progress @ 2025-04-24 02:33:49 : 2805 steps taken, and 472 accepted.
[3 : mcmc] Progress @ 2025-04-24 02:35:04 : 2763 steps taken, and 463 accepted.
[0 : mcmc] Progress @ 2025-04-24 02:35:38 : 2889 steps taken, and 421 accepted.
[1 : mcmc] Progress @ 2025-04-24 02:35:49 : 2682 steps taken, and 442 accepted.
[2 : mcmc] Progress @ 2025-04-24 02:36:04 : 2812 steps taken, and 476 accepted.
[3 : mcmc] Progress @ 2025-04-24 02:37:09 : 2770 steps taken, and 465 accepted.
[0 : mcmc] Progress @ 2025-04-24 02:37:39 : 2898 steps taken, and 425 accepted.
[1 : mcmc] Progress @ 2025-04-24 02:38:02 : 2692 steps taken, and 444 accepted.
[2 : mcmc] Progress @ 2025-04-24 02:38:09 : 2818 steps taken, and 479 accepted.
[2 : mcmc] Learn + convergence test @ 480 samples accepted.
[2 : mcmc] Ready to check convergence and learn a new proposal covmat (waiting for the rest...)
[3 : mcmc] Progress @ 2025-04-24 02:39:16 : 2777 steps taken, and 468 accepted.
[0 : mcmc] Progress @ 2025-04-24 02:39:44 : 2904 steps taken, and 427 accepted.
[1 : mcmc] Progress @ 2025-04-24 02:40:19 : 2703 steps taken, and 447 accepted.
[2 : mcmc] Progress @ 2025-04-24 02:40:24 : 2825 steps taken, and 482 accepted.
[3 : mcmc] Progress @ 2025-04-24 02:41:18 : 2789 steps taken, and 472 accepted.
[0 : mcmc] Progress @ 2025-04-24 02:41:59 : 2912 steps taken, and 428 accepted.
[1 : mcmc] Progress @ 2025-04-24 02:42:38 : 2713 steps taken, and 450 accepted.
[2 : mcmc] Progress @ 2025-04-24 02:42:42 : 2832 steps taken, and 485 accepted.
[3 : mcmc] Progress @ 2025-04-24 02:43:37 : 2797 steps taken, and 475 accepted.
[0 : mcmc] Progress @ 2025-04-24 02:44:17 : 2919 steps taken, and 432 accepted.
[1 : mcmc] Progress @ 2025-04-24 02:44:42 : 2722 steps taken, and 454 accepted.
[2 : mcmc] Progress @ 2025-04-24 02:44:57 : 2839 steps taken, and 488 accepted.
[3 : mcmc] Progress @ 2025-04-24 02:45:43 : 2803 steps taken, and 477 accepted.
[0 : mcmc] Progress @ 2025-04-24 02:46:21 : 2926 steps taken, and 434 accepted.
[1 : mcmc] Progress @ 2025-04-24 02:46:47 : 2729 steps taken, and 455 accepted.
[2 : mcmc] Progress @ 2025-04-24 02:47:16 : 2846 steps taken, and 489 accepted.
[3 : mcmc] Progress @ 2025-04-24 02:47:58 : 2810 steps taken, and 478 accepted.
[0 : mcmc] Progress @ 2025-04-24 02:48:24 : 2934 steps taken, and 436 accepted.
[1 : mcmc] Progress @ 2025-04-24 02:48:55 : 2737 steps taken, and 456 accepted.
[2 : mcmc] Progress @ 2025-04-24 02:49:20 : 2852 steps taken, and 493 accepted.
[3 : mcmc] Progress @ 2025-04-24 02:50:19 : 2817 steps taken, and 479 accepted.
[0 : mcmc] Progress @ 2025-04-24 02:50:41 : 2941 steps taken, and 439 accepted.
[1 : mcmc] Progress @ 2025-04-24 02:51:15 : 2748 steps taken, and 456 accepted.
[2 : mcmc] Progress @ 2025-04-24 02:51:30 : 2861 steps taken, and 495 accepted.
[3 : mcmc] Progress @ 2025-04-24 02:52:22 : 2822 steps taken, and 480 accepted.
[3 : mcmc] Learn + convergence test @ 480 samples accepted.
[3 : mcmc] Ready to check convergence and learn a new proposal covmat (waiting for the rest...)
[0 : mcmc] Progress @ 2025-04-24 02:52:46 : 2950 steps taken, and 443 accepted.
[2 : mcmc] Progress @ 2025-04-24 02:53:33 : 2867 steps taken, and 497 accepted.
[1 : mcmc] Progress @ 2025-04-24 02:53:37 : 2755 steps taken, and 460 accepted.
[3 : mcmc] Progress @ 2025-04-24 02:54:39 : 2829 steps taken, and 482 accepted.
[0 : mcmc] Progress @ 2025-04-24 02:54:48 : 2957 steps taken, and 446 accepted.
[2 : mcmc] Progress @ 2025-04-24 02:55:37 : 2876 steps taken, and 499 accepted.
[1 : mcmc] Progress @ 2025-04-24 02:55:53 : 2763 steps taken, and 462 accepted.
[3 : mcmc] Progress @ 2025-04-24 02:56:47 : 2835 steps taken, and 485 accepted.
[0 : mcmc] Progress @ 2025-04-24 02:56:55 : 2964 steps taken, and 449 accepted.
[2 : mcmc] Progress @ 2025-04-24 02:57:42 : 2882 steps taken, and 502 accepted.
[1 : mcmc] Progress @ 2025-04-24 02:58:13 : 2770 steps taken, and 464 accepted.
[3 : mcmc] Progress @ 2025-04-24 02:58:51 : 2842 steps taken, and 488 accepted.
[0 : mcmc] Progress @ 2025-04-24 02:59:01 : 2971 steps taken, and 453 accepted.
[2 : mcmc] Progress @ 2025-04-24 02:59:48 : 2888 steps taken, and 502 accepted.
[1 : mcmc] Progress @ 2025-04-24 03:00:31 : 2778 steps taken, and 467 accepted.
[3 : mcmc] Progress @ 2025-04-24 03:01:00 : 2849 steps taken, and 489 accepted.
[0 : mcmc] Progress @ 2025-04-24 03:01:04 : 2978 steps taken, and 456 accepted.
[2 : mcmc] Progress @ 2025-04-24 03:02:07 : 2895 steps taken, and 504 accepted.
[1 : mcmc] Progress @ 2025-04-24 03:02:47 : 2786 steps taken, and 469 accepted.
[0 : mcmc] Progress @ 2025-04-24 03:03:10 : 2986 steps taken, and 457 accepted.
[3 : mcmc] Progress @ 2025-04-24 03:03:17 : 2856 steps taken, and 490 accepted.
[2 : mcmc] Progress @ 2025-04-24 03:04:27 : 2901 steps taken, and 507 accepted.
[1 : mcmc] Progress @ 2025-04-24 03:05:02 : 2796 steps taken, and 472 accepted.
[3 : mcmc] Progress @ 2025-04-24 03:05:21 : 2862 steps taken, and 491 accepted.
[0 : mcmc] Progress @ 2025-04-24 03:05:26 : 2993 steps taken, and 460 accepted.
[2 : mcmc] Progress @ 2025-04-24 03:06:30 : 2908 steps taken, and 512 accepted.
[1 : mcmc] Progress @ 2025-04-24 03:07:17 : 2806 steps taken, and 473 accepted.
[0 : mcmc] Progress @ 2025-04-24 03:07:28 : 3003 steps taken, and 464 accepted.
[3 : mcmc] Progress @ 2025-04-24 03:07:37 : 2870 steps taken, and 494 accepted.
[2 : mcmc] Progress @ 2025-04-24 03:08:33 : 2918 steps taken, and 516 accepted.
[1 : mcmc] Progress @ 2025-04-24 03:09:34 : 2813 steps taken, and 476 accepted.
[3 : mcmc] Progress @ 2025-04-24 03:09:39 : 2877 steps taken, and 497 accepted.
[0 : mcmc] Progress @ 2025-04-24 03:09:41 : 3013 steps taken, and 466 accepted.
[2 : mcmc] Progress @ 2025-04-24 03:10:50 : 2928 steps taken, and 521 accepted.
[1 : mcmc] Learn + convergence test @ 480 samples accepted.
[1 : mcmc] Ready to check convergence and learn a new proposal covmat (waiting for the rest...)
[1 : mcmc] Progress @ 2025-04-24 03:11:53 : 2822 steps taken, and 480 accepted.
[0 : mcmc] Progress @ 2025-04-24 03:11:55 : 3020 steps taken, and 470 accepted.
[3 : mcmc] Progress @ 2025-04-24 03:11:55 : 2884 steps taken, and 499 accepted.
[2 : mcmc] Progress @ 2025-04-24 03:12:56 : 2935 steps taken, and 524 accepted.
[0 : mcmc] Progress @ 2025-04-24 03:14:02 : 3027 steps taken, and 472 accepted.
[1 : mcmc] Progress @ 2025-04-24 03:14:09 : 2835 steps taken, and 482 accepted.
[3 : mcmc] Progress @ 2025-04-24 03:14:13 : 2891 steps taken, and 499 accepted.
[2 : mcmc] Progress @ 2025-04-24 03:15:12 : 2942 steps taken, and 529 accepted.
[0 : mcmc] Progress @ 2025-04-24 03:16:17 : 3037 steps taken, and 474 accepted.
[1 : mcmc] Progress @ 2025-04-24 03:16:24 : 2842 steps taken, and 484 accepted.
[3 : mcmc] Progress @ 2025-04-24 03:16:29 : 2898 steps taken, and 501 accepted.
[2 : mcmc] Progress @ 2025-04-24 03:17:13 : 2949 steps taken, and 531 accepted.
[0 : mcmc] Progress @ 2025-04-24 03:18:19 : 3044 steps taken, and 478 accepted.
[1 : mcmc] Progress @ 2025-04-24 03:18:24 : 2849 steps taken, and 488 accepted.
[3 : mcmc] Progress @ 2025-04-24 03:18:41 : 2905 steps taken, and 502 accepted.
[2 : mcmc] Progress @ 2025-04-24 03:19:31 : 2957 steps taken, and 532 accepted.
[0 : mcmc] Progress @ 2025-04-24 03:20:22 : 3050 steps taken, and 480 accepted.
[0 : mcmc] Learn + convergence test @ 480 samples accepted.
[0 : mcmc] Ready to check convergence and learn a new proposal covmat (waiting for the rest...)
[0 : mcmc] All chains are ready to check convergence and learn a new proposal covmat
[1 : mcmc] Progress @ 2025-04-24 03:20:30 : 2856 steps taken, and 491 accepted.
[3 : mcmc] Progress @ 2025-04-24 03:20:42 : 2911 steps taken, and 505 accepted.
[0 : mcmc]  - Acceptance rate: 0.336 = avg([0.3424, 0.3045, 0.3641, 0.3325])
[0 : mcmc]  - Convergence of means: R-1 = 0.311674 after 2012 accepted steps = sum([480, 491, 536, 505])
[0 : mcmc]  - Updated covariance matrix of proposal pdf.
[2 : mcmc] Progress @ 2025-04-24 03:21:48 : 2968 steps taken, and 536 accepted.
[0 : mcmc] Progress @ 2025-04-24 03:22:22 : 3055 steps taken, and 482 accepted.
[1 : mcmc] Progress @ 2025-04-24 03:22:34 : 2860 steps taken, and 493 accepted.
[3 : mcmc] Progress @ 2025-04-24 03:22:54 : 2917 steps taken, and 509 accepted.
[2 : mcmc] Progress @ 2025-04-24 03:23:54 : 2979 steps taken, and 538 accepted.
[0 : mcmc] Progress @ 2025-04-24 03:24:28 : 3061 steps taken, and 483 accepted.
[1 : mcmc] Progress @ 2025-04-24 03:24:36 : 2868 steps taken, and 494 accepted.
[3 : mcmc] Progress @ 2025-04-24 03:24:58 : 2923 steps taken, and 512 accepted.
[2 : mcmc] Progress @ 2025-04-24 03:25:55 : 2990 steps taken, and 539 accepted.
[0 : mcmc] Progress @ 2025-04-24 03:26:32 : 3067 steps taken, and 485 accepted.
[1 : mcmc] Progress @ 2025-04-24 03:26:56 : 2874 steps taken, and 496 accepted.
[3 : mcmc] Progress @ 2025-04-24 03:27:15 : 2930 steps taken, and 515 accepted.
[2 : mcmc] Progress @ 2025-04-24 03:28:10 : 2999 steps taken, and 541 accepted.
[0 : mcmc] Progress @ 2025-04-24 03:28:43 : 3077 steps taken, and 488 accepted.
[1 : mcmc] Progress @ 2025-04-24 03:29:00 : 2883 steps taken, and 500 accepted.
[3 : mcmc] Progress @ 2025-04-24 03:29:29 : 2941 steps taken, and 516 accepted.
[2 : mcmc] Progress @ 2025-04-24 03:30:11 : 3010 steps taken, and 543 accepted.
[0 : mcmc] Progress @ 2025-04-24 03:30:58 : 3086 steps taken, and 489 accepted.
[1 : mcmc] Progress @ 2025-04-24 03:31:04 : 2899 steps taken, and 504 accepted.
[3 : mcmc] Progress @ 2025-04-24 03:31:31 : 2948 steps taken, and 518 accepted.
[2 : mcmc] Progress @ 2025-04-24 03:32:27 : 3021 steps taken, and 544 accepted.
[0 : mcmc] Progress @ 2025-04-24 03:33:02 : 3093 steps taken, and 493 accepted.
[1 : mcmc] Progress @ 2025-04-24 03:33:05 : 2908 steps taken, and 507 accepted.
[3 : mcmc] Progress @ 2025-04-24 03:33:35 : 2959 steps taken, and 519 accepted.
[2 : mcmc] Progress @ 2025-04-24 03:34:30 : 3027 steps taken, and 548 accepted.
[1 : mcmc] Progress @ 2025-04-24 03:35:08 : 2917 steps taken, and 510 accepted.
[0 : mcmc] Progress @ 2025-04-24 03:35:08 : 3101 steps taken, and 496 accepted.
[3 : mcmc] Progress @ 2025-04-24 03:35:36 : 2967 steps taken, and 520 accepted.
[2 : mcmc] Progress @ 2025-04-24 03:36:45 : 3036 steps taken, and 550 accepted.
[0 : mcmc] Progress @ 2025-04-24 03:37:11 : 3111 steps taken, and 497 accepted.
[1 : mcmc] Progress @ 2025-04-24 03:37:12 : 2926 steps taken, and 513 accepted.
[3 : mcmc] Progress @ 2025-04-24 03:37:49 : 2976 steps taken, and 522 accepted.
[2 : mcmc] Progress @ 2025-04-24 03:38:46 : 3043 steps taken, and 551 accepted.
[0 : mcmc] Progress @ 2025-04-24 03:39:11 : 3120 steps taken, and 500 accepted.
[1 : mcmc] Progress @ 2025-04-24 03:39:28 : 2933 steps taken, and 515 accepted.
[3 : mcmc] Progress @ 2025-04-24 03:39:54 : 2983 steps taken, and 524 accepted.
[2 : mcmc] Progress @ 2025-04-24 03:40:47 : 3049 steps taken, and 554 accepted.
[0 : mcmc] Progress @ 2025-04-24 03:41:26 : 3129 steps taken, and 503 accepted.
[1 : mcmc] Progress @ 2025-04-24 03:41:31 : 2940 steps taken, and 516 accepted.
[3 : mcmc] Progress @ 2025-04-24 03:41:59 : 2989 steps taken, and 526 accepted.
[2 : mcmc] Progress @ 2025-04-24 03:43:01 : 3057 steps taken, and 556 accepted.
[0 : mcmc] Progress @ 2025-04-24 03:43:38 : 3136 steps taken, and 504 accepted.
[1 : mcmc] Progress @ 2025-04-24 03:43:49 : 2946 steps taken, and 517 accepted.
[3 : mcmc] Progress @ 2025-04-24 03:44:02 : 2996 steps taken, and 529 accepted.
[2 : mcmc] Progress @ 2025-04-24 03:45:15 : 3064 steps taken, and 558 accepted.
[0 : mcmc] Progress @ 2025-04-24 03:45:54 : 3147 steps taken, and 507 accepted.
[1 : mcmc] Progress @ 2025-04-24 03:45:57 : 2953 steps taken, and 521 accepted.
[2 : mcmc] Learn + convergence test @ 560 samples accepted.
[2 : mcmc] Ready to check convergence and learn a new proposal covmat (waiting for the rest...)
[3 : mcmc] Progress @ 2025-04-24 03:46:23 : 3003 steps taken, and 530 accepted.
[2 : mcmc] Progress @ 2025-04-24 03:47:32 : 3072 steps taken, and 561 accepted.
[0 : mcmc] Progress @ 2025-04-24 03:47:54 : 3153 steps taken, and 507 accepted.
[1 : mcmc] Progress @ 2025-04-24 03:48:12 : 2960 steps taken, and 523 accepted.
[3 : mcmc] Progress @ 2025-04-24 03:48:27 : 3011 steps taken, and 533 accepted.
[2 : mcmc] Progress @ 2025-04-24 03:49:48 : 3079 steps taken, and 564 accepted.
[0 : mcmc] Progress @ 2025-04-24 03:50:00 : 3159 steps taken, and 511 accepted.
[1 : mcmc] Progress @ 2025-04-24 03:50:30 : 2969 steps taken, and 524 accepted.
[3 : mcmc] Progress @ 2025-04-24 03:50:42 : 3018 steps taken, and 535 accepted.
[0 : mcmc] Progress @ 2025-04-24 03:52:03 : 3165 steps taken, and 511 accepted.
[2 : mcmc] Progress @ 2025-04-24 03:52:05 : 3089 steps taken, and 566 accepted.
[1 : mcmc] Progress @ 2025-04-24 03:52:33 : 2980 steps taken, and 527 accepted.
[3 : mcmc] Progress @ 2025-04-24 03:52:56 : 3025 steps taken, and 538 accepted.
[0 : mcmc] Progress @ 2025-04-24 03:54:21 : 3174 steps taken, and 513 accepted.
[2 : mcmc] Progress @ 2025-04-24 03:54:23 : 3096 steps taken, and 566 accepted.
[1 : mcmc] Progress @ 2025-04-24 03:54:44 : 2990 steps taken, and 533 accepted.
[3 : mcmc] Progress @ 2025-04-24 03:55:04 : 3033 steps taken, and 540 accepted.
[2 : mcmc] Progress @ 2025-04-24 03:56:24 : 3106 steps taken, and 570 accepted.
[0 : mcmc] Progress @ 2025-04-24 03:56:44 : 3181 steps taken, and 513 accepted.
[1 : mcmc] Progress @ 2025-04-24 03:56:45 : 2999 steps taken, and 535 accepted.
[3 : mcmc] Progress @ 2025-04-24 03:57:15 : 3043 steps taken, and 540 accepted.
[2 : mcmc] Progress @ 2025-04-24 03:58:41 : 3116 steps taken, and 572 accepted.
[0 : mcmc] Progress @ 2025-04-24 03:58:46 : 3188 steps taken, and 514 accepted.
[1 : mcmc] Progress @ 2025-04-24 03:59:03 : 3008 steps taken, and 537 accepted.
[3 : mcmc] Progress @ 2025-04-24 03:59:17 : 3050 steps taken, and 543 accepted.
[2 : mcmc] Progress @ 2025-04-24 04:00:43 : 3128 steps taken, and 576 accepted.
[0 : mcmc] Progress @ 2025-04-24 04:01:06 : 3195 steps taken, and 515 accepted.
[1 : mcmc] Progress @ 2025-04-24 04:01:09 : 3014 steps taken, and 538 accepted.
[3 : mcmc] Progress @ 2025-04-24 04:01:20 : 3057 steps taken, and 546 accepted.
[2 : mcmc] Progress @ 2025-04-24 04:02:59 : 3139 steps taken, and 579 accepted.
[0 : mcmc] Progress @ 2025-04-24 04:03:24 : 3202 steps taken, and 516 accepted.
[1 : mcmc] Progress @ 2025-04-24 04:03:25 : 3022 steps taken, and 538 accepted.
[3 : mcmc] Progress @ 2025-04-24 04:03:35 : 3064 steps taken, and 547 accepted.
[2 : mcmc] Progress @ 2025-04-24 04:05:11 : 3149 steps taken, and 582 accepted.
[0 : mcmc] Progress @ 2025-04-24 04:05:26 : 3210 steps taken, and 518 accepted.
[1 : mcmc] Progress @ 2025-04-24 04:05:29 : 3031 steps taken, and 541 accepted.
[3 : mcmc] Progress @ 2025-04-24 04:05:52 : 3073 steps taken, and 549 accepted.
[2 : mcmc] Progress @ 2025-04-24 04:07:31 : 3155 steps taken, and 584 accepted.
[0 : mcmc] Progress @ 2025-04-24 04:07:42 : 3221 steps taken, and 519 accepted.
[1 : mcmc] Progress @ 2025-04-24 04:07:46 : 3038 steps taken, and 544 accepted.
[3 : mcmc] Progress @ 2025-04-24 04:07:54 : 3081 steps taken, and 552 accepted.
[2 : mcmc] Progress @ 2025-04-24 04:09:43 : 3166 steps taken, and 587 accepted.
[0 : mcmc] Progress @ 2025-04-24 04:09:53 : 3237 steps taken, and 521 accepted.
[1 : mcmc] Progress @ 2025-04-24 04:10:00 : 3048 steps taken, and 546 accepted.
[3 : mcmc] Progress @ 2025-04-24 04:10:00 : 3090 steps taken, and 554 accepted.
[2 : mcmc] Progress @ 2025-04-24 04:11:51 : 3174 steps taken, and 590 accepted.
[0 : mcmc] Progress @ 2025-04-24 04:11:54 : 3245 steps taken, and 524 accepted.
[3 : mcmc] Progress @ 2025-04-24 04:12:14 : 3098 steps taken, and 557 accepted.
[1 : mcmc] Progress @ 2025-04-24 04:12:15 : 3055 steps taken, and 547 accepted.
[2 : mcmc] Progress @ 2025-04-24 04:13:53 : 3184 steps taken, and 593 accepted.
[0 : mcmc] Progress @ 2025-04-24 04:14:10 : 3256 steps taken, and 525 accepted.
[3 : mcmc] Progress @ 2025-04-24 04:14:19 : 3108 steps taken, and 559 accepted.
[1 : mcmc] Progress @ 2025-04-24 04:14:29 : 3065 steps taken, and 550 accepted.
[2 : mcmc] Progress @ 2025-04-24 04:16:07 : 3192 steps taken, and 596 accepted.
[3 : mcmc] Learn + convergence test @ 560 samples accepted.
[3 : mcmc] Ready to check convergence and learn a new proposal covmat (waiting for the rest...)
[3 : mcmc] Progress @ 2025-04-24 04:16:19 : 3117 steps taken, and 561 accepted.
[0 : mcmc] Progress @ 2025-04-24 04:16:19 : 3271 steps taken, and 527 accepted.
[1 : mcmc] Progress @ 2025-04-24 04:16:45 : 3073 steps taken, and 553 accepted.
[2 : mcmc] Progress @ 2025-04-24 04:18:22 : 3199 steps taken, and 598 accepted.
[3 : mcmc] Progress @ 2025-04-24 04:18:25 : 3123 steps taken, and 563 accepted.
[0 : mcmc] Progress @ 2025-04-24 04:18:32 : 3281 steps taken, and 528 accepted.
[1 : mcmc] Progress @ 2025-04-24 04:19:02 : 3082 steps taken, and 557 accepted.
[1 : mcmc] Learn + convergence test @ 560 samples accepted.
[1 : mcmc] Ready to check convergence and learn a new proposal covmat (waiting for the rest...)
[2 : mcmc] Progress @ 2025-04-24 04:20:38 : 3206 steps taken, and 599 accepted.
[3 : mcmc] Progress @ 2025-04-24 04:20:39 : 3130 steps taken, and 565 accepted.
[0 : mcmc] Progress @ 2025-04-24 04:20:48 : 3290 steps taken, and 531 accepted.
[1 : mcmc] Progress @ 2025-04-24 04:21:16 : 3091 steps taken, and 561 accepted.
[2 : mcmc] Progress @ 2025-04-24 04:22:41 : 3212 steps taken, and 600 accepted.
[3 : mcmc] Progress @ 2025-04-24 04:22:43 : 3137 steps taken, and 566 accepted.
[0 : mcmc] Progress @ 2025-04-24 04:22:48 : 3297 steps taken, and 535 accepted.
[1 : mcmc] Progress @ 2025-04-24 04:23:30 : 3098 steps taken, and 562 accepted.
[2 : mcmc] Progress @ 2025-04-24 04:24:47 : 3219 steps taken, and 603 accepted.
[0 : mcmc] Progress @ 2025-04-24 04:24:51 : 3304 steps taken, and 539 accepted.
[3 : mcmc] Progress @ 2025-04-24 04:24:56 : 3145 steps taken, and 569 accepted.
[1 : mcmc] Progress @ 2025-04-24 04:25:44 : 3105 steps taken, and 566 accepted.
[2 : mcmc] Progress @ 2025-04-24 04:26:58 : 3227 steps taken, and 604 accepted.
[0 : mcmc] Progress @ 2025-04-24 04:27:07 : 3313 steps taken, and 541 accepted.
[3 : mcmc] Progress @ 2025-04-24 04:27:11 : 3156 steps taken, and 570 accepted.
[1 : mcmc] Progress @ 2025-04-24 04:28:01 : 3113 steps taken, and 569 accepted.
[2 : mcmc] Progress @ 2025-04-24 04:28:59 : 3235 steps taken, and 608 accepted.
[0 : mcmc] Progress @ 2025-04-24 04:29:20 : 3321 steps taken, and 542 accepted.
[3 : mcmc] Progress @ 2025-04-24 04:29:34 : 3171 steps taken, and 572 accepted.
[1 : mcmc] Progress @ 2025-04-24 04:30:18 : 3121 steps taken, and 572 accepted.
[2 : mcmc] Progress @ 2025-04-24 04:31:03 : 3242 steps taken, and 611 accepted.
[0 : mcmc] Progress @ 2025-04-24 04:31:21 : 3329 steps taken, and 544 accepted.
[3 : mcmc] Progress @ 2025-04-24 04:31:37 : 3178 steps taken, and 577 accepted.
[1 : mcmc] Progress @ 2025-04-24 04:32:31 : 3132 steps taken, and 574 accepted.
[0 : mcmc] Progress @ 2025-04-24 04:33:25 : 3336 steps taken, and 545 accepted.
[2 : mcmc] Progress @ 2025-04-24 04:33:27 : 3255 steps taken, and 613 accepted.
[3 : mcmc] Progress @ 2025-04-24 04:33:57 : 3187 steps taken, and 581 accepted.
[1 : mcmc] Progress @ 2025-04-24 04:34:45 : 3142 steps taken, and 575 accepted.
[2 : mcmc] Progress @ 2025-04-24 04:35:28 : 3264 steps taken, and 616 accepted.
[0 : mcmc] Progress @ 2025-04-24 04:35:37 : 3344 steps taken, and 549 accepted.
[3 : mcmc] Progress @ 2025-04-24 04:36:13 : 3196 steps taken, and 585 accepted.
[1 : mcmc] Progress @ 2025-04-24 04:36:54 : 3149 steps taken, and 579 accepted.
[2 : mcmc] Progress @ 2025-04-24 04:37:48 : 3272 steps taken, and 618 accepted.
[0 : mcmc] Progress @ 2025-04-24 04:37:57 : 3351 steps taken, and 550 accepted.
[3 : mcmc] Progress @ 2025-04-24 04:38:20 : 3202 steps taken, and 590 accepted.
[1 : mcmc] Progress @ 2025-04-24 04:38:56 : 3158 steps taken, and 582 accepted.
[0 : mcmc] Progress @ 2025-04-24 04:39:59 : 3357 steps taken, and 550 accepted.
[2 : mcmc] Progress @ 2025-04-24 04:40:04 : 3280 steps taken, and 623 accepted.
[3 : mcmc] Progress @ 2025-04-24 04:40:23 : 3211 steps taken, and 593 accepted.
[1 : mcmc] Progress @ 2025-04-24 04:41:10 : 3171 steps taken, and 586 accepted.
[0 : mcmc] Progress @ 2025-04-24 04:42:02 : 3364 steps taken, and 553 accepted.
[2 : mcmc] Progress @ 2025-04-24 04:42:15 : 3288 steps taken, and 628 accepted.
[3 : mcmc] Progress @ 2025-04-24 04:42:41 : 3221 steps taken, and 597 accepted.
[1 : mcmc] Progress @ 2025-04-24 04:43:12 : 3178 steps taken, and 589 accepted.
[0 : mcmc] Progress @ 2025-04-24 04:44:06 : 3371 steps taken, and 554 accepted.
[2 : mcmc] Progress @ 2025-04-24 04:44:16 : 3301 steps taken, and 631 accepted.
[3 : mcmc] Progress @ 2025-04-24 04:45:00 : 3228 steps taken, and 599 accepted.
[1 : mcmc] Progress @ 2025-04-24 04:45:19 : 3184 steps taken, and 592 accepted.
[0 : mcmc] Progress @ 2025-04-24 04:46:18 : 3378 steps taken, and 556 accepted.
[2 : mcmc] Progress @ 2025-04-24 04:46:28 : 3308 steps taken, and 632 accepted.
[3 : mcmc] Progress @ 2025-04-24 04:47:01 : 3238 steps taken, and 602 accepted.
[1 : mcmc] Progress @ 2025-04-24 04:47:34 : 3193 steps taken, and 594 accepted.
[0 : mcmc] Progress @ 2025-04-24 04:48:26 : 3387 steps taken, and 558 accepted.
[2 : mcmc] Progress @ 2025-04-24 04:48:42 : 3316 steps taken, and 636 accepted.
[3 : mcmc] Progress @ 2025-04-24 04:49:06 : 3244 steps taken, and 604 accepted.
[1 : mcmc] Progress @ 2025-04-24 04:49:49 : 3200 steps taken, and 598 accepted.
[0 : mcmc] Progress @ 2025-04-24 04:50:30 : 3393 steps taken, and 559 accepted.
[2 : mcmc] Progress @ 2025-04-24 04:50:46 : 3323 steps taken, and 639 accepted.
[0 : mcmc] Learn + convergence test @ 560 samples accepted.
[0 : mcmc] Ready to check convergence and learn a new proposal covmat (waiting for the rest...)
[0 : mcmc] All chains are ready to check convergence and learn a new proposal covmat
[3 : mcmc] Progress @ 2025-04-24 04:51:13 : 3258 steps taken, and 607 accepted.
[2 : mcmc] Learn + convergence test @ 640 samples accepted.
[0 : mcmc]  - Acceptance rate: 0.318 = avg([0.3034, 0.2988, 0.3497, 0.3173])
[0 : mcmc]  - Convergence of means: R-1 = 0.169815 after 2409 accepted steps = sum([560, 600, 641, 608])
[0 : mcmc]  - Updated covariance matrix of proposal pdf.
[1 : mcmc] Progress @ 2025-04-24 04:52:35 : 3208 steps taken, and 601 accepted.
[0 : mcmc] Progress @ 2025-04-24 04:52:36 : 3395 steps taken, and 560 accepted.
[2 : mcmc] Progress @ 2025-04-24 04:52:48 : 3330 steps taken, and 642 accepted.
[3 : mcmc] Progress @ 2025-04-24 04:53:34 : 3270 steps taken, and 610 accepted.
[0 : mcmc] Progress @ 2025-04-24 04:54:43 : 3401 steps taken, and 562 accepted.
[1 : mcmc] Progress @ 2025-04-24 04:54:46 : 3222 steps taken, and 602 accepted.
[2 : mcmc] Progress @ 2025-04-24 04:54:52 : 3338 steps taken, and 644 accepted.
[3 : mcmc] Progress @ 2025-04-24 04:55:43 : 3284 steps taken, and 612 accepted.
[0 : mcmc] Progress @ 2025-04-24 04:56:43 : 3410 steps taken, and 564 accepted.
[1 : mcmc] Progress @ 2025-04-24 04:57:02 : 3234 steps taken, and 604 accepted.
[2 : mcmc] Progress @ 2025-04-24 04:57:06 : 3345 steps taken, and 648 accepted.
[3 : mcmc] Progress @ 2025-04-24 04:57:44 : 3294 steps taken, and 615 accepted.
[0 : mcmc] Progress @ 2025-04-24 04:58:44 : 3418 steps taken, and 567 accepted.
[1 : mcmc] Progress @ 2025-04-24 04:59:16 : 3243 steps taken, and 609 accepted.
[2 : mcmc] Progress @ 2025-04-24 04:59:18 : 3359 steps taken, and 653 accepted.
[3 : mcmc] Progress @ 2025-04-24 04:59:49 : 3303 steps taken, and 617 accepted.
[0 : mcmc] Progress @ 2025-04-24 05:00:58 : 3425 steps taken, and 567 accepted.
[1 : mcmc] Progress @ 2025-04-24 05:01:18 : 3250 steps taken, and 610 accepted.
[2 : mcmc] Progress @ 2025-04-24 05:01:29 : 3368 steps taken, and 656 accepted.
[3 : mcmc] Progress @ 2025-04-24 05:01:52 : 3312 steps taken, and 619 accepted.
[0 : mcmc] Progress @ 2025-04-24 05:03:12 : 3432 steps taken, and 568 accepted.
[1 : mcmc] Progress @ 2025-04-24 05:03:23 : 3258 steps taken, and 612 accepted.
[2 : mcmc] Progress @ 2025-04-24 05:03:45 : 3376 steps taken, and 658 accepted.
[3 : mcmc] Progress @ 2025-04-24 05:04:07 : 3320 steps taken, and 623 accepted.
[1 : mcmc] Progress @ 2025-04-24 05:05:23 : 3267 steps taken, and 615 accepted.
[0 : mcmc] Progress @ 2025-04-24 05:05:23 : 3439 steps taken, and 570 accepted.
[2 : mcmc] Progress @ 2025-04-24 05:05:59 : 3384 steps taken, and 662 accepted.
[3 : mcmc] Progress @ 2025-04-24 05:06:09 : 3327 steps taken, and 625 accepted.
[0 : mcmc] Progress @ 2025-04-24 05:07:28 : 3445 steps taken, and 573 accepted.
[1 : mcmc] Progress @ 2025-04-24 05:07:39 : 3275 steps taken, and 616 accepted.
[3 : mcmc] Progress @ 2025-04-24 05:08:11 : 3334 steps taken, and 628 accepted.
[2 : mcmc] Progress @ 2025-04-24 05:08:12 : 3391 steps taken, and 664 accepted.
[0 : mcmc] Progress @ 2025-04-24 05:09:36 : 3459 steps taken, and 577 accepted.
[1 : mcmc] Progress @ 2025-04-24 05:09:42 : 3282 steps taken, and 619 accepted.
[2 : mcmc] Progress @ 2025-04-24 05:10:26 : 3398 steps taken, and 667 accepted.
[3 : mcmc] Progress @ 2025-04-24 05:10:33 : 3348 steps taken, and 631 accepted.
[0 : mcmc] Progress @ 2025-04-24 05:11:37 : 3467 steps taken, and 579 accepted.
[1 : mcmc] Progress @ 2025-04-24 05:11:52 : 3294 steps taken, and 622 accepted.
[3 : mcmc] Progress @ 2025-04-24 05:12:37 : 3355 steps taken, and 634 accepted.
[2 : mcmc] Progress @ 2025-04-24 05:12:41 : 3408 steps taken, and 668 accepted.
[0 : mcmc] Progress @ 2025-04-24 05:13:42 : 3476 steps taken, and 582 accepted.
[1 : mcmc] Progress @ 2025-04-24 05:13:57 : 3302 steps taken, and 625 accepted.
[3 : mcmc] Progress @ 2025-04-24 05:14:49 : 3365 steps taken, and 635 accepted.
[2 : mcmc] Progress @ 2025-04-24 05:14:54 : 3416 steps taken, and 671 accepted.
[0 : mcmc] Progress @ 2025-04-24 05:15:42 : 3484 steps taken, and 584 accepted.
[1 : mcmc] Progress @ 2025-04-24 05:15:59 : 3311 steps taken, and 626 accepted.
[3 : mcmc] Progress @ 2025-04-24 05:16:53 : 3371 steps taken, and 638 accepted.
[2 : mcmc] Progress @ 2025-04-24 05:17:09 : 3426 steps taken, and 673 accepted.
[0 : mcmc] Progress @ 2025-04-24 05:17:59 : 3491 steps taken, and 587 accepted.
[1 : mcmc] Progress @ 2025-04-24 05:18:03 : 3318 steps taken, and 627 accepted.
[3 : mcmc] Learn + convergence test @ 640 samples accepted.
[3 : mcmc] Ready to check convergence and learn a new proposal covmat (waiting for the rest...)
[3 : mcmc] Progress @ 2025-04-24 05:18:56 : 3380 steps taken, and 642 accepted.
[2 : mcmc] Progress @ 2025-04-24 05:19:21 : 3434 steps taken, and 675 accepted.
[0 : mcmc] Progress @ 2025-04-24 05:20:13 : 3499 steps taken, and 587 accepted.
[1 : mcmc] Progress @ 2025-04-24 05:20:23 : 3328 steps taken, and 630 accepted.
[3 : mcmc] Progress @ 2025-04-24 05:21:09 : 3391 steps taken, and 645 accepted.
[2 : mcmc] Progress @ 2025-04-24 05:21:31 : 3442 steps taken, and 676 accepted.
[0 : mcmc] Progress @ 2025-04-24 05:22:28 : 3506 steps taken, and 590 accepted.
[1 : mcmc] Progress @ 2025-04-24 05:22:39 : 3336 steps taken, and 633 accepted.
[3 : mcmc] Progress @ 2025-04-24 05:23:23 : 3400 steps taken, and 647 accepted.
[2 : mcmc] Progress @ 2025-04-24 05:23:44 : 3452 steps taken, and 677 accepted.
[0 : mcmc] Progress @ 2025-04-24 05:24:30 : 3514 steps taken, and 591 accepted.
[1 : mcmc] Progress @ 2025-04-24 05:24:40 : 3346 steps taken, and 636 accepted.
[3 : mcmc] Progress @ 2025-04-24 05:25:32 : 3411 steps taken, and 651 accepted.
[2 : mcmc] Progress @ 2025-04-24 05:25:54 : 3460 steps taken, and 679 accepted.
[0 : mcmc] Progress @ 2025-04-24 05:26:42 : 3522 steps taken, and 595 accepted.
[1 : mcmc] Progress @ 2025-04-24 05:26:54 : 3355 steps taken, and 639 accepted.
[3 : mcmc] Progress @ 2025-04-24 05:27:38 : 3420 steps taken, and 654 accepted.
[2 : mcmc] Progress @ 2025-04-24 05:28:00 : 3469 steps taken, and 681 accepted.
[1 : mcmc] Learn + convergence test @ 640 samples accepted.
[1 : mcmc] Ready to check convergence and learn a new proposal covmat (waiting for the rest...)
[0 : mcmc] Progress @ 2025-04-24 05:28:43 : 3537 steps taken, and 597 accepted.
[1 : mcmc] Progress @ 2025-04-24 05:29:04 : 3369 steps taken, and 642 accepted.
[3 : mcmc] Progress @ 2025-04-24 05:29:38 : 3431 steps taken, and 654 accepted.
[2 : mcmc] Progress @ 2025-04-24 05:30:11 : 3478 steps taken, and 685 accepted.
[0 : mcmc] Progress @ 2025-04-24 05:30:57 : 3545 steps taken, and 600 accepted.
[1 : mcmc] Progress @ 2025-04-24 05:31:09 : 3376 steps taken, and 644 accepted.
[3 : mcmc] Progress @ 2025-04-24 05:31:42 : 3437 steps taken, and 657 accepted.
[2 : mcmc] Progress @ 2025-04-24 05:32:24 : 3486 steps taken, and 687 accepted.
[0 : mcmc] Progress @ 2025-04-24 05:33:10 : 3552 steps taken, and 603 accepted.
[1 : mcmc] Progress @ 2025-04-24 05:33:24 : 3385 steps taken, and 645 accepted.
[3 : mcmc] Progress @ 2025-04-24 05:33:59 : 3445 steps taken, and 662 accepted.
[2 : mcmc] Progress @ 2025-04-24 05:34:30 : 3492 steps taken, and 688 accepted.
[0 : mcmc] Progress @ 2025-04-24 05:35:25 : 3561 steps taken, and 606 accepted.
[1 : mcmc] Progress @ 2025-04-24 05:35:38 : 3393 steps taken, and 645 accepted.
[3 : mcmc] Progress @ 2025-04-24 05:36:00 : 3453 steps taken, and 664 accepted.
[2 : mcmc] Progress @ 2025-04-24 05:36:46 : 3499 steps taken, and 689 accepted.
[0 : mcmc] Progress @ 2025-04-24 05:37:27 : 3567 steps taken, and 609 accepted.
[1 : mcmc] Progress @ 2025-04-24 05:37:40 : 3402 steps taken, and 647 accepted.
[3 : mcmc] Progress @ 2025-04-24 05:38:00 : 3461 steps taken, and 665 accepted.
[2 : mcmc] Progress @ 2025-04-24 05:38:46 : 3506 steps taken, and 689 accepted.
[0 : mcmc] Progress @ 2025-04-24 05:39:32 : 3573 steps taken, and 612 accepted.
[1 : mcmc] Progress @ 2025-04-24 05:40:03 : 3420 steps taken, and 648 accepted.
[3 : mcmc] Progress @ 2025-04-24 05:40:15 : 3470 steps taken, and 668 accepted.
[2 : mcmc] Progress @ 2025-04-24 05:40:51 : 3512 steps taken, and 692 accepted.
[0 : mcmc] Progress @ 2025-04-24 05:41:33 : 3580 steps taken, and 615 accepted.
[1 : mcmc] Progress @ 2025-04-24 05:42:06 : 3427 steps taken, and 651 accepted.
[3 : mcmc] Progress @ 2025-04-24 05:42:27 : 3479 steps taken, and 669 accepted.
[2 : mcmc] Progress @ 2025-04-24 05:42:55 : 3518 steps taken, and 692 accepted.
[0 : mcmc] Progress @ 2025-04-24 05:43:45 : 3590 steps taken, and 619 accepted.
[1 : mcmc] Progress @ 2025-04-24 05:44:20 : 3435 steps taken, and 653 accepted.
[3 : mcmc] Progress @ 2025-04-24 05:44:48 : 3489 steps taken, and 674 accepted.
[2 : mcmc] Progress @ 2025-04-24 05:44:57 : 3524 steps taken, and 693 accepted.
[0 : mcmc] Progress @ 2025-04-24 05:45:59 : 3600 steps taken, and 622 accepted.
[1 : mcmc] Progress @ 2025-04-24 05:46:42 : 3444 steps taken, and 655 accepted.
[2 : mcmc] Progress @ 2025-04-24 05:47:00 : 3533 steps taken, and 695 accepted.
[3 : mcmc] Progress @ 2025-04-24 05:47:04 : 3496 steps taken, and 676 accepted.
[0 : mcmc] Progress @ 2025-04-24 05:48:00 : 3611 steps taken, and 625 accepted.
[1 : mcmc] Progress @ 2025-04-24 05:48:44 : 3450 steps taken, and 657 accepted.
[2 : mcmc] Progress @ 2025-04-24 05:49:02 : 3540 steps taken, and 699 accepted.
[3 : mcmc] Progress @ 2025-04-24 05:49:18 : 3503 steps taken, and 679 accepted.
[0 : mcmc] Progress @ 2025-04-24 05:50:10 : 3619 steps taken, and 627 accepted.
[1 : mcmc] Progress @ 2025-04-24 05:50:45 : 3458 steps taken, and 659 accepted.
[2 : mcmc] Progress @ 2025-04-24 05:51:16 : 3546 steps taken, and 703 accepted.
[3 : mcmc] Progress @ 2025-04-24 05:51:34 : 3511 steps taken, and 681 accepted.
[0 : mcmc] Progress @ 2025-04-24 05:52:15 : 3626 steps taken, and 628 accepted.
[1 : mcmc] Progress @ 2025-04-24 05:53:00 : 3466 steps taken, and 662 accepted.
[2 : mcmc] Progress @ 2025-04-24 05:53:26 : 3553 steps taken, and 707 accepted.
[3 : mcmc] Progress @ 2025-04-24 05:53:38 : 3517 steps taken, and 684 accepted.
[0 : mcmc] Progress @ 2025-04-24 05:54:21 : 3637 steps taken, and 632 accepted.
[1 : mcmc] Progress @ 2025-04-24 05:55:23 : 3474 steps taken, and 665 accepted.
[2 : mcmc] Progress @ 2025-04-24 05:55:28 : 3564 steps taken, and 709 accepted.
[3 : mcmc] Progress @ 2025-04-24 05:55:41 : 3529 steps taken, and 685 accepted.
[0 : mcmc] Progress @ 2025-04-24 05:56:23 : 3646 steps taken, and 635 accepted.
[1 : mcmc] Progress @ 2025-04-24 05:57:39 : 3482 steps taken, and 666 accepted.
[3 : mcmc] Progress @ 2025-04-24 05:57:45 : 3535 steps taken, and 688 accepted.
[2 : mcmc] Progress @ 2025-04-24 05:57:51 : 3576 steps taken, and 712 accepted.
[0 : mcmc] Progress @ 2025-04-24 05:58:26 : 3655 steps taken, and 636 accepted.
[1 : mcmc] Progress @ 2025-04-24 05:59:45 : 3491 steps taken, and 669 accepted.
[3 : mcmc] Progress @ 2025-04-24 05:59:57 : 3543 steps taken, and 690 accepted.
[2 : mcmc] Progress @ 2025-04-24 06:00:03 : 3586 steps taken, and 716 accepted.
[0 : mcmc] Progress @ 2025-04-24 06:00:30 : 3661 steps taken, and 640 accepted.
[0 : mcmc] Learn + convergence test @ 640 samples accepted.
[0 : mcmc] Ready to check convergence and learn a new proposal covmat (waiting for the rest...)
[1 : mcmc] Progress @ 2025-04-24 06:01:47 : 3497 steps taken, and 669 accepted.
[2 : mcmc] Progress @ 2025-04-24 06:02:07 : 3594 steps taken, and 717 accepted.
[3 : mcmc] Progress @ 2025-04-24 06:02:11 : 3550 steps taken, and 694 accepted.
[0 : mcmc] Progress @ 2025-04-24 06:02:30 : 3668 steps taken, and 641 accepted.
[1 : mcmc] Progress @ 2025-04-24 06:03:49 : 3506 steps taken, and 670 accepted.
[2 : mcmc] Progress @ 2025-04-24 06:04:13 : 3601 steps taken, and 720 accepted.
[2 : mcmc] Learn + convergence test @ 720 samples accepted.
[2 : mcmc] Ready to check convergence and learn a new proposal covmat (waiting for the rest...)
[3 : mcmc] Progress @ 2025-04-24 06:04:23 : 3557 steps taken, and 696 accepted.
[0 : mcmc] Progress @ 2025-04-24 06:04:43 : 3674 steps taken, and 644 accepted.
[0 : mcmc] All chains are ready to check convergence and learn a new proposal covmat
[0 : mcmc]  - Acceptance rate: 0.305 = avg([0.3002, 0.2828, 0.3297, 0.3061])
[0 : mcmc]  - Convergence of means: R-1 = 0.137423 after 2734 accepted steps = sum([645, 672, 720, 697])
[1 : mcmc] Progress @ 2025-04-24 06:05:50 : 3509 steps taken, and 672 accepted.
[0 : mcmc]  - Updated covariance matrix of proposal pdf.
[2 : mcmc] Progress @ 2025-04-24 06:06:35 : 3603 steps taken, and 722 accepted.
[3 : mcmc] Progress @ 2025-04-24 06:06:35 : 3560 steps taken, and 698 accepted.
[0 : mcmc] Progress @ 2025-04-24 06:06:45 : 3682 steps taken, and 646 accepted.
[1 : mcmc] Progress @ 2025-04-24 06:08:03 : 3516 steps taken, and 676 accepted.
[2 : mcmc] Progress @ 2025-04-24 06:08:36 : 3611 steps taken, and 725 accepted.
[0 : mcmc] Progress @ 2025-04-24 06:08:47 : 3693 steps taken, and 651 accepted.
[3 : mcmc] Progress @ 2025-04-24 06:08:48 : 3568 steps taken, and 700 accepted.
[1 : mcmc] Progress @ 2025-04-24 06:10:05 : 3527 steps taken, and 679 accepted.
[2 : mcmc] Progress @ 2025-04-24 06:10:39 : 3617 steps taken, and 729 accepted.
[3 : mcmc] Progress @ 2025-04-24 06:11:04 : 3576 steps taken, and 701 accepted.
[0 : mcmc] Progress @ 2025-04-24 06:11:05 : 3702 steps taken, and 653 accepted.
[1 : mcmc] Progress @ 2025-04-24 06:12:06 : 3533 steps taken, and 681 accepted.
[2 : mcmc] Progress @ 2025-04-24 06:12:55 : 3626 steps taken, and 733 accepted.
[0 : mcmc] Progress @ 2025-04-24 06:13:16 : 3711 steps taken, and 654 accepted.
[3 : mcmc] Progress @ 2025-04-24 06:13:19 : 3583 steps taken, and 705 accepted.
[1 : mcmc] Progress @ 2025-04-24 06:14:08 : 3540 steps taken, and 684 accepted.
[2 : mcmc] Progress @ 2025-04-24 06:15:15 : 3643 steps taken, and 737 accepted.
[3 : mcmc] Progress @ 2025-04-24 06:15:33 : 3593 steps taken, and 711 accepted.
[0 : mcmc] Progress @ 2025-04-24 06:15:36 : 3723 steps taken, and 658 accepted.
[1 : mcmc] Progress @ 2025-04-24 06:16:24 : 3546 steps taken, and 685 accepted.
[2 : mcmc] Progress @ 2025-04-24 06:17:30 : 3653 steps taken, and 740 accepted.
[3 : mcmc] Progress @ 2025-04-24 06:17:36 : 3602 steps taken, and 715 accepted.
[0 : mcmc] Progress @ 2025-04-24 06:17:50 : 3731 steps taken, and 661 accepted.
[1 : mcmc] Progress @ 2025-04-24 06:18:37 : 3553 steps taken, and 686 accepted.
[3 : mcmc] Progress @ 2025-04-24 06:19:36 : 3613 steps taken, and 716 accepted.
[2 : mcmc] Progress @ 2025-04-24 06:19:52 : 3664 steps taken, and 740 accepted.
[0 : mcmc] Progress @ 2025-04-24 06:20:03 : 3741 steps taken, and 661 accepted.
[1 : mcmc] Progress @ 2025-04-24 06:20:52 : 3561 steps taken, and 690 accepted.
[3 : mcmc] Progress @ 2025-04-24 06:21:41 : 3623 steps taken, and 718 accepted.
[2 : mcmc] Progress @ 2025-04-24 06:22:04 : 3671 steps taken, and 740 accepted.
[0 : mcmc] Progress @ 2025-04-24 06:22:15 : 3751 steps taken, and 662 accepted.
[1 : mcmc] Progress @ 2025-04-24 06:23:07 : 3569 steps taken, and 693 accepted.
[3 : mcmc] Progress @ 2025-04-24 06:23:42 : 3631 steps taken, and 719 accepted.
[2 : mcmc] Progress @ 2025-04-24 06:24:25 : 3682 steps taken, and 744 accepted.
[0 : mcmc] Progress @ 2025-04-24 06:24:29 : 3759 steps taken, and 665 accepted.
[1 : mcmc] Progress @ 2025-04-24 06:25:20 : 3577 steps taken, and 696 accepted.
[3 : mcmc] Learn + convergence test @ 720 samples accepted.
[3 : mcmc] Ready to check convergence and learn a new proposal covmat (waiting for the rest...)
[3 : mcmc] Progress @ 2025-04-24 06:25:56 : 3638 steps taken, and 720 accepted.
[2 : mcmc] Progress @ 2025-04-24 06:26:39 : 3692 steps taken, and 746 accepted.
[0 : mcmc] Progress @ 2025-04-24 06:26:44 : 3767 steps taken, and 669 accepted.
[1 : mcmc] Progress @ 2025-04-24 06:27:36 : 3585 steps taken, and 697 accepted.
[3 : mcmc] Progress @ 2025-04-24 06:27:59 : 3644 steps taken, and 721 accepted.
[0 : mcmc] Progress @ 2025-04-24 06:28:46 : 3773 steps taken, and 671 accepted.
[2 : mcmc] Progress @ 2025-04-24 06:28:56 : 3702 steps taken, and 748 accepted.
[1 : mcmc] Progress @ 2025-04-24 06:29:50 : 3595 steps taken, and 698 accepted.
[3 : mcmc] Progress @ 2025-04-24 06:30:13 : 3652 steps taken, and 725 accepted.
[0 : mcmc] Progress @ 2025-04-24 06:31:08 : 3782 steps taken, and 672 accepted.
[2 : mcmc] Progress @ 2025-04-24 06:31:19 : 3711 steps taken, and 749 accepted.
[1 : mcmc] Progress @ 2025-04-24 06:31:55 : 3603 steps taken, and 701 accepted.
[3 : mcmc] Progress @ 2025-04-24 06:32:18 : 3658 steps taken, and 726 accepted.
[2 : mcmc] Progress @ 2025-04-24 06:33:21 : 3717 steps taken, and 750 accepted.
[0 : mcmc] Progress @ 2025-04-24 06:33:23 : 3791 steps taken, and 675 accepted.
[1 : mcmc] Progress @ 2025-04-24 06:34:07 : 3618 steps taken, and 703 accepted.
[3 : mcmc] Progress @ 2025-04-24 06:34:26 : 3665 steps taken, and 730 accepted.
[0 : mcmc] Progress @ 2025-04-24 06:35:26 : 3797 steps taken, and 676 accepted.
[2 : mcmc] Progress @ 2025-04-24 06:35:35 : 3725 steps taken, and 751 accepted.
[1 : mcmc] Progress @ 2025-04-24 06:36:20 : 3625 steps taken, and 706 accepted.
[3 : mcmc] Progress @ 2025-04-24 06:36:27 : 3676 steps taken, and 733 accepted.
[0 : mcmc] Progress @ 2025-04-24 06:37:27 : 3807 steps taken, and 676 accepted.
[2 : mcmc] Progress @ 2025-04-24 06:37:47 : 3732 steps taken, and 753 accepted.
[3 : mcmc] Progress @ 2025-04-24 06:38:29 : 3690 steps taken, and 736 accepted.
[1 : mcmc] Progress @ 2025-04-24 06:38:43 : 3635 steps taken, and 708 accepted.
[0 : mcmc] Progress @ 2025-04-24 06:39:41 : 3815 steps taken, and 679 accepted.
[2 : mcmc] Progress @ 2025-04-24 06:39:58 : 3740 steps taken, and 754 accepted.
[3 : mcmc] Progress @ 2025-04-24 06:40:44 : 3697 steps taken, and 738 accepted.
[1 : mcmc] Progress @ 2025-04-24 06:40:47 : 3641 steps taken, and 710 accepted.
[0 : mcmc] Progress @ 2025-04-24 06:41:45 : 3822 steps taken, and 679 accepted.
[2 : mcmc] Progress @ 2025-04-24 06:41:59 : 3751 steps taken, and 757 accepted.
[3 : mcmc] Progress @ 2025-04-24 06:42:56 : 3705 steps taken, and 740 accepted.
[1 : mcmc] Progress @ 2025-04-24 06:42:58 : 3651 steps taken, and 711 accepted.
[0 : mcmc] Progress @ 2025-04-24 06:43:47 : 3829 steps taken, and 682 accepted.
[2 : mcmc] Progress @ 2025-04-24 06:44:06 : 3758 steps taken, and 760 accepted.
[3 : mcmc] Progress @ 2025-04-24 06:45:11 : 3712 steps taken, and 742 accepted.
[1 : mcmc] Progress @ 2025-04-24 06:45:13 : 3658 steps taken, and 712 accepted.
[0 : mcmc] Progress @ 2025-04-24 06:45:59 : 3836 steps taken, and 685 accepted.
[2 : mcmc] Progress @ 2025-04-24 06:46:10 : 3764 steps taken, and 763 accepted.
[1 : mcmc] Progress @ 2025-04-24 06:47:13 : 3666 steps taken, and 714 accepted.
[3 : mcmc] Progress @ 2025-04-24 06:47:24 : 3720 steps taken, and 745 accepted.
[0 : mcmc] Progress @ 2025-04-24 06:48:09 : 3845 steps taken, and 689 accepted.
[2 : mcmc] Progress @ 2025-04-24 06:48:32 : 3772 steps taken, and 765 accepted.
[1 : mcmc] Progress @ 2025-04-24 06:49:19 : 3673 steps taken, and 715 accepted.
[3 : mcmc] Progress @ 2025-04-24 06:49:28 : 3726 steps taken, and 748 accepted.
[0 : mcmc] Progress @ 2025-04-24 06:50:12 : 3852 steps taken, and 690 accepted.
[2 : mcmc] Progress @ 2025-04-24 06:50:33 : 3780 steps taken, and 765 accepted.
[1 : mcmc] Progress @ 2025-04-24 06:51:20 : 3681 steps taken, and 719 accepted.
[3 : mcmc] Progress @ 2025-04-24 06:51:43 : 3734 steps taken, and 750 accepted.
[1 : mcmc] Learn + convergence test @ 720 samples accepted.
[1 : mcmc] Ready to check convergence and learn a new proposal covmat (waiting for the rest...)
[0 : mcmc] Progress @ 2025-04-24 06:52:34 : 3860 steps taken, and 693 accepted.
[2 : mcmc] Progress @ 2025-04-24 06:52:49 : 3787 steps taken, and 768 accepted.
[1 : mcmc] Progress @ 2025-04-24 06:53:24 : 3687 steps taken, and 722 accepted.
[3 : mcmc] Progress @ 2025-04-24 06:53:43 : 3741 steps taken, and 754 accepted.
[0 : mcmc] Progress @ 2025-04-24 06:54:38 : 3867 steps taken, and 693 accepted.
[2 : mcmc] Progress @ 2025-04-24 06:54:50 : 3795 steps taken, and 768 accepted.
[1 : mcmc] Progress @ 2025-04-24 06:55:39 : 3696 steps taken, and 723 accepted.
[3 : mcmc] Progress @ 2025-04-24 06:55:47 : 3748 steps taken, and 756 accepted.
[0 : mcmc] Progress @ 2025-04-24 06:56:40 : 3873 steps taken, and 696 accepted.
[2 : mcmc] Progress @ 2025-04-24 06:56:53 : 3802 steps taken, and 769 accepted.
[1 : mcmc] Progress @ 2025-04-24 06:57:45 : 3702 steps taken, and 725 accepted.
[3 : mcmc] Progress @ 2025-04-24 06:57:59 : 3755 steps taken, and 758 accepted.
[0 : mcmc] Progress @ 2025-04-24 06:58:55 : 3881 steps taken, and 698 accepted.
[2 : mcmc] Progress @ 2025-04-24 06:59:03 : 3814 steps taken, and 773 accepted.
[1 : mcmc] Progress @ 2025-04-24 06:59:49 : 3708 steps taken, and 727 accepted.
[3 : mcmc] Progress @ 2025-04-24 07:00:22 : 3765 steps taken, and 762 accepted.
[0 : mcmc] Progress @ 2025-04-24 07:01:08 : 3889 steps taken, and 699 accepted.
[2 : mcmc] Progress @ 2025-04-24 07:01:26 : 3827 steps taken, and 775 accepted.
[1 : mcmc] Progress @ 2025-04-24 07:02:11 : 3716 steps taken, and 731 accepted.
[3 : mcmc] Progress @ 2025-04-24 07:02:23 : 3771 steps taken, and 764 accepted.
[0 : mcmc] Progress @ 2025-04-24 07:03:10 : 3895 steps taken, and 699 accepted.
[2 : mcmc] Progress @ 2025-04-24 07:03:30 : 3834 steps taken, and 779 accepted.
[1 : mcmc] Progress @ 2025-04-24 07:04:11 : 3725 steps taken, and 733 accepted.
[3 : mcmc] Progress @ 2025-04-24 07:04:39 : 3780 steps taken, and 767 accepted.
[0 : mcmc] Progress @ 2025-04-24 07:05:23 : 3902 steps taken, and 702 accepted.
[2 : mcmc] Progress @ 2025-04-24 07:05:46 : 3841 steps taken, and 781 accepted.
[1 : mcmc] Progress @ 2025-04-24 07:06:13 : 3738 steps taken, and 735 accepted.
[3 : mcmc] Progress @ 2025-04-24 07:06:45 : 3786 steps taken, and 769 accepted.
[0 : mcmc] Progress @ 2025-04-24 07:07:24 : 3909 steps taken, and 704 accepted.
[2 : mcmc] Progress @ 2025-04-24 07:07:59 : 3848 steps taken, and 783 accepted.
[1 : mcmc] Progress @ 2025-04-24 07:08:27 : 3748 steps taken, and 738 accepted.
[3 : mcmc] Progress @ 2025-04-24 07:09:06 : 3794 steps taken, and 771 accepted.
[0 : mcmc] Progress @ 2025-04-24 07:09:45 : 3916 steps taken, and 705 accepted.
[2 : mcmc] Progress @ 2025-04-24 07:10:14 : 3856 steps taken, and 787 accepted.
[1 : mcmc] Progress @ 2025-04-24 07:10:41 : 3758 steps taken, and 739 accepted.
[3 : mcmc] Progress @ 2025-04-24 07:11:12 : 3800 steps taken, and 775 accepted.
[0 : mcmc] Progress @ 2025-04-24 07:11:59 : 3926 steps taken, and 708 accepted.
[2 : mcmc] Progress @ 2025-04-24 07:12:18 : 3863 steps taken, and 790 accepted.
[1 : mcmc] Progress @ 2025-04-24 07:12:52 : 3770 steps taken, and 744 accepted.
[3 : mcmc] Progress @ 2025-04-24 07:13:28 : 3808 steps taken, and 777 accepted.
[0 : mcmc] Progress @ 2025-04-24 07:14:00 : 3936 steps taken, and 709 accepted.
[2 : mcmc] Progress @ 2025-04-24 07:14:26 : 3874 steps taken, and 791 accepted.
[1 : mcmc] Progress @ 2025-04-24 07:14:55 : 3777 steps taken, and 746 accepted.
[3 : mcmc] Progress @ 2025-04-24 07:15:41 : 3815 steps taken, and 778 accepted.
[0 : mcmc] Progress @ 2025-04-24 07:16:12 : 3944 steps taken, and 713 accepted.
[2 : mcmc] Progress @ 2025-04-24 07:16:33 : 3881 steps taken, and 793 accepted.
[1 : mcmc] Progress @ 2025-04-24 07:17:12 : 3786 steps taken, and 746 accepted.
[3 : mcmc] Progress @ 2025-04-24 07:17:42 : 3821 steps taken, and 781 accepted.
[0 : mcmc] Progress @ 2025-04-24 07:18:28 : 3951 steps taken, and 717 accepted.
[2 : mcmc] Progress @ 2025-04-24 07:18:45 : 3889 steps taken, and 794 accepted.
[1 : mcmc] Progress @ 2025-04-24 07:19:27 : 3793 steps taken, and 749 accepted.
[3 : mcmc] Progress @ 2025-04-24 07:19:48 : 3828 steps taken, and 784 accepted.
[0 : mcmc] Progress @ 2025-04-24 07:20:30 : 3957 steps taken, and 719 accepted.
[2 : mcmc] Progress @ 2025-04-24 07:20:47 : 3899 steps taken, and 794 accepted.
[0 : mcmc] Learn + convergence test @ 720 samples accepted.
[0 : mcmc] Ready to check convergence and learn a new proposal covmat (waiting for the rest...)
[1 : mcmc] Progress @ 2025-04-24 07:21:42 : 3803 steps taken, and 753 accepted.
[3 : mcmc] Progress @ 2025-04-24 07:21:50 : 3836 steps taken, and 785 accepted.
[0 : mcmc] Progress @ 2025-04-24 07:22:35 : 3963 steps taken, and 722 accepted.
[2 : mcmc] Progress @ 2025-04-24 07:22:59 : 3907 steps taken, and 796 accepted.
[1 : mcmc] Progress @ 2025-04-24 07:23:58 : 3810 steps taken, and 755 accepted.
[3 : mcmc] Progress @ 2025-04-24 07:24:05 : 3844 steps taken, and 787 accepted.
[0 : mcmc] Progress @ 2025-04-24 07:24:48 : 3971 steps taken, and 725 accepted.
[2 : mcmc] Progress @ 2025-04-24 07:25:20 : 3916 steps taken, and 798 accepted.
[1 : mcmc] Progress @ 2025-04-24 07:26:00 : 3817 steps taken, and 757 accepted.
[3 : mcmc] Progress @ 2025-04-24 07:26:09 : 3850 steps taken, and 790 accepted.
[0 : mcmc] Progress @ 2025-04-24 07:26:49 : 3980 steps taken, and 727 accepted.
[2 : mcmc] Learn + convergence test @ 800 samples accepted.
[2 : mcmc] Ready to check convergence and learn a new proposal covmat (waiting for the rest...)
[1 : mcmc] Progress @ 2025-04-24 07:28:02 : 3823 steps taken, and 757 accepted.
[3 : mcmc] Progress @ 2025-04-24 07:28:18 : 3857 steps taken, and 793 accepted.
[0 : mcmc] Progress @ 2025-04-24 07:28:52 : 3989 steps taken, and 727 accepted.
[0 : mcmc] All chains are ready to check convergence and learn a new proposal covmat
[0 : mcmc]  - Acceptance rate: 0.296 = avg([0.2857, 0.2820, 0.3086, 0.3068])
[0 : mcmc]  - Convergence of means: R-1 = 0.116883 after 3079 accepted steps = sum([728, 758, 800, 793])
[0 : mcmc]  - Updated covariance matrix of proposal pdf.
[3 : mcmc] Progress @ 2025-04-24 07:30:19 : 3858 steps taken, and 793 accepted.
[1 : mcmc] Progress @ 2025-04-24 07:30:20 : 3831 steps taken, and 759 accepted.
[2 : mcmc] Progress @ 2025-04-24 07:30:20 : 3922 steps taken, and 800 accepted.
[0 : mcmc] Progress @ 2025-04-24 07:30:52 : 3999 steps taken, and 728 accepted.
[1 : mcmc] Progress @ 2025-04-24 07:32:22 : 3838 steps taken, and 760 accepted.
[3 : mcmc] Progress @ 2025-04-24 07:32:35 : 3865 steps taken, and 796 accepted.
[2 : mcmc] Progress @ 2025-04-24 07:32:36 : 3930 steps taken, and 803 accepted.
[0 : mcmc] Progress @ 2025-04-24 07:32:57 : 4005 steps taken, and 730 accepted.
[3 : mcmc] Learn + convergence test @ 800 samples accepted.
[3 : mcmc] Ready to check convergence and learn a new proposal covmat (waiting for the rest...)
[1 : mcmc] Progress @ 2025-04-24 07:34:37 : 3846 steps taken, and 761 accepted.
[3 : mcmc] Progress @ 2025-04-24 07:34:47 : 3873 steps taken, and 800 accepted.
[2 : mcmc] Progress @ 2025-04-24 07:34:51 : 3938 steps taken, and 805 accepted.
[0 : mcmc] Progress @ 2025-04-24 07:35:10 : 4014 steps taken, and 733 accepted.
[1 : mcmc] Progress @ 2025-04-24 07:36:37 : 3855 steps taken, and 764 accepted.
[3 : mcmc] Progress @ 2025-04-24 07:36:52 : 3879 steps taken, and 803 accepted.
[2 : mcmc] Progress @ 2025-04-24 07:37:03 : 3946 steps taken, and 806 accepted.
[0 : mcmc] Progress @ 2025-04-24 07:37:11 : 4022 steps taken, and 736 accepted.
[1 : mcmc] Progress @ 2025-04-24 07:38:53 : 3863 steps taken, and 768 accepted.
[3 : mcmc] Progress @ 2025-04-24 07:39:14 : 3888 steps taken, and 804 accepted.
[2 : mcmc] Progress @ 2025-04-24 07:39:20 : 3953 steps taken, and 809 accepted.
[0 : mcmc] Progress @ 2025-04-24 07:39:24 : 4030 steps taken, and 739 accepted.
[1 : mcmc] Progress @ 2025-04-24 07:41:08 : 3872 steps taken, and 770 accepted.
[2 : mcmc] Progress @ 2025-04-24 07:41:25 : 3959 steps taken, and 811 accepted.
[3 : mcmc] Progress @ 2025-04-24 07:41:25 : 3895 steps taken, and 805 accepted.
[0 : mcmc] Progress @ 2025-04-24 07:41:27 : 4037 steps taken, and 741 accepted.
[1 : mcmc] Progress @ 2025-04-24 07:43:24 : 3882 steps taken, and 773 accepted.
[2 : mcmc] Progress @ 2025-04-24 07:43:31 : 3965 steps taken, and 813 accepted.
[3 : mcmc] Progress @ 2025-04-24 07:43:41 : 3905 steps taken, and 806 accepted.
[0 : mcmc] Progress @ 2025-04-24 07:43:43 : 4045 steps taken, and 743 accepted.
[1 : mcmc] Progress @ 2025-04-24 07:45:38 : 3890 steps taken, and 774 accepted.
[0 : mcmc] Progress @ 2025-04-24 07:45:44 : 4056 steps taken, and 745 accepted.
[2 : mcmc] Progress @ 2025-04-24 07:45:44 : 3972 steps taken, and 816 accepted.
[3 : mcmc] Progress @ 2025-04-24 07:45:53 : 3912 steps taken, and 808 accepted.
[1 : mcmc] Progress @ 2025-04-24 07:47:40 : 3902 steps taken, and 775 accepted.
[0 : mcmc] Progress @ 2025-04-24 07:47:51 : 4068 steps taken, and 748 accepted.
[2 : mcmc] Progress @ 2025-04-24 07:47:59 : 3979 steps taken, and 818 accepted.
[3 : mcmc] Progress @ 2025-04-24 07:48:08 : 3919 steps taken, and 809 accepted.
[0 : mcmc] Progress @ 2025-04-24 07:49:54 : 4077 steps taken, and 749 accepted.
[1 : mcmc] Progress @ 2025-04-24 07:49:55 : 3910 steps taken, and 777 accepted.
[3 : mcmc] Progress @ 2025-04-24 07:50:11 : 3925 steps taken, and 812 accepted.
[2 : mcmc] Progress @ 2025-04-24 07:50:22 : 3987 steps taken, and 822 accepted.
[1 : mcmc] Progress @ 2025-04-24 07:51:57 : 3917 steps taken, and 779 accepted.
[0 : mcmc] Progress @ 2025-04-24 07:52:07 : 4086 steps taken, and 752 accepted.
[3 : mcmc] Progress @ 2025-04-24 07:52:25 : 3933 steps taken, and 816 accepted.
[2 : mcmc] Progress @ 2025-04-24 07:52:26 : 3994 steps taken, and 826 accepted.
[1 : mcmc] Progress @ 2025-04-24 07:54:13 : 3924 steps taken, and 783 accepted.
[3 : mcmc] Progress @ 2025-04-24 07:54:28 : 3943 steps taken, and 819 accepted.
[0 : mcmc] Progress @ 2025-04-24 07:54:30 : 4095 steps taken, and 754 accepted.
[2 : mcmc] Progress @ 2025-04-24 07:54:37 : 4005 steps taken, and 826 accepted.
[1 : mcmc] Progress @ 2025-04-24 07:56:28 : 3930 steps taken, and 785 accepted.
[3 : mcmc] Progress @ 2025-04-24 07:56:42 : 3951 steps taken, and 821 accepted.
[0 : mcmc] Progress @ 2025-04-24 07:56:44 : 4105 steps taken, and 754 accepted.
[2 : mcmc] Progress @ 2025-04-24 07:56:51 : 4013 steps taken, and 827 accepted.
[1 : mcmc] Progress @ 2025-04-24 07:58:29 : 3937 steps taken, and 788 accepted.
[3 : mcmc] Progress @ 2025-04-24 07:58:54 : 3959 steps taken, and 823 accepted.
[0 : mcmc] Progress @ 2025-04-24 07:58:56 : 4112 steps taken, and 756 accepted.
[2 : mcmc] Progress @ 2025-04-24 07:59:05 : 4023 steps taken, and 827 accepted.
[1 : mcmc] Progress @ 2025-04-24 08:00:37 : 3943 steps taken, and 790 accepted.
[3 : mcmc] Progress @ 2025-04-24 08:00:59 : 3965 steps taken, and 827 accepted.
[0 : mcmc] Progress @ 2025-04-24 08:01:12 : 4120 steps taken, and 758 accepted.
[2 : mcmc] Progress @ 2025-04-24 08:01:17 : 4033 steps taken, and 829 accepted.
[1 : mcmc] Progress @ 2025-04-24 08:02:47 : 3951 steps taken, and 792 accepted.
[3 : mcmc] Progress @ 2025-04-24 08:02:59 : 3973 steps taken, and 830 accepted.
[2 : mcmc] Progress @ 2025-04-24 08:03:18 : 4043 steps taken, and 832 accepted.
[0 : mcmc] Progress @ 2025-04-24 08:03:34 : 4130 steps taken, and 764 accepted.
[1 : mcmc] Progress @ 2025-04-24 08:04:58 : 3958 steps taken, and 794 accepted.
[3 : mcmc] Progress @ 2025-04-24 08:05:14 : 3981 steps taken, and 834 accepted.
[2 : mcmc] Progress @ 2025-04-24 08:05:21 : 4054 steps taken, and 834 accepted.
[0 : mcmc] Progress @ 2025-04-24 08:05:38 : 4136 steps taken, and 764 accepted.
[1 : mcmc] Progress @ 2025-04-24 08:07:12 : 3965 steps taken, and 795 accepted.
[3 : mcmc] Progress @ 2025-04-24 08:07:18 : 3991 steps taken, and 835 accepted.
[2 : mcmc] Progress @ 2025-04-24 08:07:22 : 4061 steps taken, and 835 accepted.
[0 : mcmc] Progress @ 2025-04-24 08:07:52 : 4144 steps taken, and 766 accepted.
[2 : mcmc] Progress @ 2025-04-24 08:09:26 : 4067 steps taken, and 837 accepted.
[3 : mcmc] Progress @ 2025-04-24 08:09:27 : 4004 steps taken, and 836 accepted.
[1 : mcmc] Progress @ 2025-04-24 08:09:28 : 3972 steps taken, and 797 accepted.
[0 : mcmc] Progress @ 2025-04-24 08:10:02 : 4155 steps taken, and 768 accepted.
[2 : mcmc] Progress @ 2025-04-24 08:11:26 : 4076 steps taken, and 839 accepted.
[1 : mcmc] Progress @ 2025-04-24 08:11:43 : 3978 steps taken, and 798 accepted.
[3 : mcmc] Progress @ 2025-04-24 08:11:47 : 4015 steps taken, and 838 accepted.
[0 : mcmc] Progress @ 2025-04-24 08:12:17 : 4167 steps taken, and 770 accepted.
[2 : mcmc] Progress @ 2025-04-24 08:13:28 : 4083 steps taken, and 841 accepted.
[1 : mcmc] Progress @ 2025-04-24 08:14:00 : 3985 steps taken, and 799 accepted.
[3 : mcmc] Progress @ 2025-04-24 08:14:02 : 4023 steps taken, and 841 accepted.
[0 : mcmc] Progress @ 2025-04-24 08:14:20 : 4175 steps taken, and 772 accepted.
[2 : mcmc] Progress @ 2025-04-24 08:15:37 : 4092 steps taken, and 846 accepted.
[1 : mcmc] Progress @ 2025-04-24 08:16:02 : 3993 steps taken, and 799 accepted.
[3 : mcmc] Progress @ 2025-04-24 08:16:15 : 4034 steps taken, and 843 accepted.
[0 : mcmc] Progress @ 2025-04-24 08:16:21 : 4183 steps taken, and 774 accepted.
[1 : mcmc] Learn + convergence test @ 800 samples accepted.
[1 : mcmc] Ready to check convergence and learn a new proposal covmat (waiting for the rest...)
[2 : mcmc] Progress @ 2025-04-24 08:17:54 : 4098 steps taken, and 849 accepted.
[1 : mcmc] Progress @ 2025-04-24 08:18:04 : 4001 steps taken, and 803 accepted.
[0 : mcmc] Progress @ 2025-04-24 08:18:22 : 4189 steps taken, and 776 accepted.
[3 : mcmc] Progress @ 2025-04-24 08:18:30 : 4041 steps taken, and 845 accepted.
[2 : mcmc] Progress @ 2025-04-24 08:20:09 : 4107 steps taken, and 851 accepted.
[1 : mcmc] Progress @ 2025-04-24 08:20:18 : 4008 steps taken, and 804 accepted.
[3 : mcmc] Progress @ 2025-04-24 08:20:32 : 4049 steps taken, and 847 accepted.
[0 : mcmc] Progress @ 2025-04-24 08:20:43 : 4202 steps taken, and 781 accepted.
[2 : mcmc] Progress @ 2025-04-24 08:22:23 : 4115 steps taken, and 854 accepted.
[1 : mcmc] Progress @ 2025-04-24 08:22:31 : 4023 steps taken, and 805 accepted.
[3 : mcmc] Progress @ 2025-04-24 08:22:38 : 4055 steps taken, and 850 accepted.
[0 : mcmc] Progress @ 2025-04-24 08:22:54 : 4210 steps taken, and 783 accepted.
[2 : mcmc] Progress @ 2025-04-24 08:24:25 : 4122 steps taken, and 857 accepted.
[3 : mcmc] Progress @ 2025-04-24 08:24:41 : 4061 steps taken, and 852 accepted.
[1 : mcmc] Progress @ 2025-04-24 08:24:43 : 4030 steps taken, and 809 accepted.
[0 : mcmc] Progress @ 2025-04-24 08:24:56 : 4219 steps taken, and 785 accepted.
[2 : mcmc] Progress @ 2025-04-24 08:26:25 : 4133 steps taken, and 861 accepted.
[3 : mcmc] Progress @ 2025-04-24 08:26:56 : 4068 steps taken, and 853 accepted.
[0 : mcmc] Progress @ 2025-04-24 08:26:59 : 4227 steps taken, and 786 accepted.
[1 : mcmc] Progress @ 2025-04-24 08:26:59 : 4039 steps taken, and 812 accepted.
[2 : mcmc] Progress @ 2025-04-24 08:28:28 : 4140 steps taken, and 864 accepted.
[1 : mcmc] Progress @ 2025-04-24 08:29:03 : 4046 steps taken, and 815 accepted.
[3 : mcmc] Progress @ 2025-04-24 08:29:08 : 4075 steps taken, and 855 accepted.
[0 : mcmc] Progress @ 2025-04-24 08:29:23 : 4241 steps taken, and 788 accepted.
[2 : mcmc] Progress @ 2025-04-24 08:30:48 : 4152 steps taken, and 866 accepted.
[3 : mcmc] Progress @ 2025-04-24 08:31:12 : 4081 steps taken, and 858 accepted.
[1 : mcmc] Progress @ 2025-04-24 08:31:21 : 4052 steps taken, and 817 accepted.
[0 : mcmc] Progress @ 2025-04-24 08:31:38 : 4249 steps taken, and 790 accepted.
[2 : mcmc] Progress @ 2025-04-24 08:32:49 : 4166 steps taken, and 866 accepted.
[3 : mcmc] Progress @ 2025-04-24 08:33:25 : 4088 steps taken, and 862 accepted.
[1 : mcmc] Progress @ 2025-04-24 08:33:36 : 4060 steps taken, and 821 accepted.
[0 : mcmc] Progress @ 2025-04-24 08:33:48 : 4257 steps taken, and 793 accepted.
[2 : mcmc] Progress @ 2025-04-24 08:35:02 : 4175 steps taken, and 868 accepted.
[3 : mcmc] Progress @ 2025-04-24 08:35:38 : 4097 steps taken, and 866 accepted.
[1 : mcmc] Progress @ 2025-04-24 08:35:52 : 4066 steps taken, and 823 accepted.
[0 : mcmc] Progress @ 2025-04-24 08:36:05 : 4264 steps taken, and 797 accepted.
[2 : mcmc] Progress @ 2025-04-24 08:37:04 : 4192 steps taken, and 871 accepted.
[3 : mcmc] Progress @ 2025-04-24 08:37:47 : 4107 steps taken, and 868 accepted.
[1 : mcmc] Progress @ 2025-04-24 08:38:08 : 4074 steps taken, and 826 accepted.
[0 : mcmc] Progress @ 2025-04-24 08:38:20 : 4272 steps taken, and 799 accepted.
[0 : mcmc] Learn + convergence test @ 800 samples accepted.
[0 : mcmc] Ready to check convergence and learn a new proposal covmat (waiting for the rest...)
[2 : mcmc] Progress @ 2025-04-24 08:39:23 : 4203 steps taken, and 876 accepted.
[3 : mcmc] Progress @ 2025-04-24 08:39:47 : 4114 steps taken, and 871 accepted.
[1 : mcmc] Progress @ 2025-04-24 08:40:23 : 4081 steps taken, and 828 accepted.
[0 : mcmc] Progress @ 2025-04-24 08:40:33 : 4280 steps taken, and 801 accepted.
[2 : mcmc] Progress @ 2025-04-24 08:41:25 : 4210 steps taken, and 880 accepted.
[2 : mcmc] Learn + convergence test @ 880 samples accepted.
[2 : mcmc] Ready to check convergence and learn a new proposal covmat (waiting for the rest...)
[3 : mcmc] Progress @ 2025-04-24 08:42:06 : 4122 steps taken, and 873 accepted.
[0 : mcmc] All chains are ready to check convergence and learn a new proposal covmat
[1 : mcmc] Progress @ 2025-04-24 08:42:24 : 4088 steps taken, and 830 accepted.
[0 : mcmc]  - Acceptance rate: 0.290 = avg([0.2750, 0.2812, 0.2967, 0.3052])
[0 : mcmc]  - Convergence of means: R-1 = 0.091147 after 3385 accepted steps = sum([802, 830, 880, 873])
[0 : mcmc]  - Updated covariance matrix of proposal pdf.
[0 : mcmc] Progress @ 2025-04-24 08:42:33 : 4288 steps taken, and 802 accepted.
[2 : mcmc] Progress @ 2025-04-24 08:43:29 : 4215 steps taken, and 883 accepted.
[3 : mcmc] Progress @ 2025-04-24 08:44:13 : 4131 steps taken, and 877 accepted.
[0 : mcmc] Progress @ 2025-04-24 08:44:35 : 4294 steps taken, and 803 accepted.
[1 : mcmc] Progress @ 2025-04-24 08:44:39 : 4095 steps taken, and 832 accepted.
[2 : mcmc] Progress @ 2025-04-24 08:45:43 : 4223 steps taken, and 885 accepted.
[3 : mcmc] Progress @ 2025-04-24 08:46:28 : 4137 steps taken, and 880 accepted.
[3 : mcmc] Learn + convergence test @ 880 samples accepted.
[3 : mcmc] Ready to check convergence and learn a new proposal covmat (waiting for the rest...)
[0 : mcmc] Progress @ 2025-04-24 08:46:35 : 4302 steps taken, and 804 accepted.
[1 : mcmc] Progress @ 2025-04-24 08:46:56 : 4101 steps taken, and 835 accepted.
[2 : mcmc] Progress @ 2025-04-24 08:47:49 : 4229 steps taken, and 888 accepted.
[0 : mcmc] Progress @ 2025-04-24 08:48:37 : 4309 steps taken, and 804 accepted.
[3 : mcmc] Progress @ 2025-04-24 08:48:40 : 4144 steps taken, and 884 accepted.
[1 : mcmc] Progress @ 2025-04-24 08:48:58 : 4108 steps taken, and 837 accepted.
[2 : mcmc] Progress @ 2025-04-24 08:50:02 : 4238 steps taken, and 893 accepted.
[0 : mcmc] Progress @ 2025-04-24 08:50:40 : 4317 steps taken, and 805 accepted.
[3 : mcmc] Progress @ 2025-04-24 08:50:43 : 4150 steps taken, and 889 accepted.
[1 : mcmc] Progress @ 2025-04-24 08:51:21 : 4117 steps taken, and 840 accepted.
[2 : mcmc] Progress @ 2025-04-24 08:52:16 : 4246 steps taken, and 896 accepted.
[0 : mcmc] Progress @ 2025-04-24 08:52:55 : 4323 steps taken, and 809 accepted.
[3 : mcmc] Progress @ 2025-04-24 08:52:59 : 4157 steps taken, and 891 accepted.
[1 : mcmc] Progress @ 2025-04-24 08:53:37 : 4124 steps taken, and 841 accepted.
[2 : mcmc] Progress @ 2025-04-24 08:54:17 : 4253 steps taken, and 899 accepted.
[0 : mcmc] Progress @ 2025-04-24 08:54:55 : 4335 steps taken, and 813 accepted.
[3 : mcmc] Progress @ 2025-04-24 08:55:00 : 4167 steps taken, and 893 accepted.
[1 : mcmc] Progress @ 2025-04-24 08:55:39 : 4132 steps taken, and 843 accepted.
[2 : mcmc] Progress @ 2025-04-24 08:56:36 : 4259 steps taken, and 902 accepted.
[3 : mcmc] Progress @ 2025-04-24 08:57:01 : 4173 steps taken, and 895 accepted.
[0 : mcmc] Progress @ 2025-04-24 08:57:06 : 4345 steps taken, and 816 accepted.
[1 : mcmc] Progress @ 2025-04-24 08:57:46 : 4140 steps taken, and 844 accepted.
[2 : mcmc] Progress @ 2025-04-24 08:58:38 : 4266 steps taken, and 905 accepted.
[0 : mcmc] Progress @ 2025-04-24 08:59:07 : 4352 steps taken, and 818 accepted.
[3 : mcmc] Progress @ 2025-04-24 08:59:14 : 4181 steps taken, and 898 accepted.
[1 : mcmc] Progress @ 2025-04-24 08:59:47 : 4147 steps taken, and 847 accepted.
[2 : mcmc] Progress @ 2025-04-24 09:00:40 : 4273 steps taken, and 908 accepted.
[3 : mcmc] Progress @ 2025-04-24 09:01:18 : 4192 steps taken, and 899 accepted.
[0 : mcmc] Progress @ 2025-04-24 09:01:22 : 4361 steps taken, and 819 accepted.
[1 : mcmc] Progress @ 2025-04-24 09:02:00 : 4157 steps taken, and 847 accepted.
[2 : mcmc] Progress @ 2025-04-24 09:02:42 : 4282 steps taken, and 912 accepted.
[0 : mcmc] Progress @ 2025-04-24 09:03:22 : 4372 steps taken, and 822 accepted.
[3 : mcmc] Progress @ 2025-04-24 09:03:41 : 4199 steps taken, and 903 accepted.
[1 : mcmc] Progress @ 2025-04-24 09:04:15 : 4164 steps taken, and 847 accepted.
[2 : mcmc] Progress @ 2025-04-24 09:04:45 : 4289 steps taken, and 913 accepted.
[0 : mcmc] Progress @ 2025-04-24 09:05:24 : 4384 steps taken, and 822 accepted.
[3 : mcmc] Progress @ 2025-04-24 09:05:51 : 4206 steps taken, and 906 accepted.
[1 : mcmc] Progress @ 2025-04-24 09:06:28 : 4171 steps taken, and 849 accepted.
[2 : mcmc] Progress @ 2025-04-24 09:06:49 : 4295 steps taken, and 913 accepted.
[0 : mcmc] Progress @ 2025-04-24 09:07:25 : 4393 steps taken, and 823 accepted.
[3 : mcmc] Progress @ 2025-04-24 09:07:52 : 4214 steps taken, and 907 accepted.
[1 : mcmc] Progress @ 2025-04-24 09:08:29 : 4180 steps taken, and 852 accepted.
[2 : mcmc] Progress @ 2025-04-24 09:08:50 : 4302 steps taken, and 915 accepted.
[0 : mcmc] Progress @ 2025-04-24 09:09:28 : 4404 steps taken, and 828 accepted.
[3 : mcmc] Progress @ 2025-04-24 09:10:03 : 4222 steps taken, and 911 accepted.
[1 : mcmc] Progress @ 2025-04-24 09:10:42 : 4191 steps taken, and 853 accepted.
[2 : mcmc] Progress @ 2025-04-24 09:11:02 : 4309 steps taken, and 916 accepted.
[0 : mcmc] Progress @ 2025-04-24 09:11:47 : 4419 steps taken, and 832 accepted.
[3 : mcmc] Progress @ 2025-04-24 09:12:06 : 4230 steps taken, and 912 accepted.
[1 : mcmc] Progress @ 2025-04-24 09:12:56 : 4199 steps taken, and 860 accepted.
[2 : mcmc] Progress @ 2025-04-24 09:13:10 : 4315 steps taken, and 917 accepted.
[0 : mcmc] Progress @ 2025-04-24 09:13:48 : 4429 steps taken, and 836 accepted.
[3 : mcmc] Progress @ 2025-04-24 09:14:21 : 4237 steps taken, and 914 accepted.
[1 : mcmc] Progress @ 2025-04-24 09:15:11 : 4206 steps taken, and 865 accepted.
[2 : mcmc] Progress @ 2025-04-24 09:15:22 : 4323 steps taken, and 919 accepted.
[0 : mcmc] Progress @ 2025-04-24 09:15:56 : 4441 steps taken, and 836 accepted.
[3 : mcmc] Progress @ 2025-04-24 09:16:25 : 4246 steps taken, and 915 accepted.
[1 : mcmc] Progress @ 2025-04-24 09:17:19 : 4213 steps taken, and 868 accepted.
[2 : mcmc] Progress @ 2025-04-24 09:17:37 : 4330 steps taken, and 920 accepted.
[0 : mcmc] Progress @ 2025-04-24 09:18:04 : 4450 steps taken, and 838 accepted.
[3 : mcmc] Progress @ 2025-04-24 09:18:38 : 4254 steps taken, and 917 accepted.
[1 : mcmc] Progress @ 2025-04-24 09:19:37 : 4219 steps taken, and 872 accepted.
[2 : mcmc] Progress @ 2025-04-24 09:19:46 : 4340 steps taken, and 922 accepted.
[0 : mcmc] Progress @ 2025-04-24 09:20:07 : 4457 steps taken, and 840 accepted.
[3 : mcmc] Progress @ 2025-04-24 09:20:42 : 4270 steps taken, and 920 accepted.
[1 : mcmc] Progress @ 2025-04-24 09:21:38 : 4227 steps taken, and 874 accepted.
[2 : mcmc] Progress @ 2025-04-24 09:21:51 : 4347 steps taken, and 924 accepted.
[0 : mcmc] Progress @ 2025-04-24 09:22:21 : 4466 steps taken, and 842 accepted.
[3 : mcmc] Progress @ 2025-04-24 09:22:54 : 4278 steps taken, and 923 accepted.
[1 : mcmc] Progress @ 2025-04-24 09:23:45 : 4233 steps taken, and 877 accepted.
[2 : mcmc] Progress @ 2025-04-24 09:24:07 : 4355 steps taken, and 926 accepted.
[0 : mcmc] Progress @ 2025-04-24 09:24:42 : 4474 steps taken, and 845 accepted.
[3 : mcmc] Progress @ 2025-04-24 09:24:54 : 4287 steps taken, and 925 accepted.
[1 : mcmc] Progress @ 2025-04-24 09:25:57 : 4240 steps taken, and 879 accepted.
[2 : mcmc] Progress @ 2025-04-24 09:26:19 : 4364 steps taken, and 927 accepted.
[1 : mcmc] Learn + convergence test @ 880 samples accepted.
[1 : mcmc] Ready to check convergence and learn a new proposal covmat (waiting for the rest...)
[0 : mcmc] Progress @ 2025-04-24 09:26:54 : 4482 steps taken, and 848 accepted.
[3 : mcmc] Progress @ 2025-04-24 09:26:54 : 4295 steps taken, and 928 accepted.
[1 : mcmc] Progress @ 2025-04-24 09:28:12 : 4247 steps taken, and 881 accepted.
[2 : mcmc] Progress @ 2025-04-24 09:28:20 : 4376 steps taken, and 928 accepted.
[0 : mcmc] Progress @ 2025-04-24 09:28:59 : 4489 steps taken, and 851 accepted.
[3 : mcmc] Progress @ 2025-04-24 09:29:09 : 4302 steps taken, and 929 accepted.
[1 : mcmc] Progress @ 2025-04-24 09:30:27 : 4254 steps taken, and 886 accepted.
[2 : mcmc] Progress @ 2025-04-24 09:30:34 : 4386 steps taken, and 929 accepted.
[0 : mcmc] Progress @ 2025-04-24 09:31:11 : 4496 steps taken, and 852 accepted.
[3 : mcmc] Progress @ 2025-04-24 09:31:22 : 4309 steps taken, and 930 accepted.
[1 : mcmc] Progress @ 2025-04-24 09:32:37 : 4262 steps taken, and 889 accepted.
[2 : mcmc] Progress @ 2025-04-24 09:32:47 : 4393 steps taken, and 932 accepted.
[3 : mcmc] Progress @ 2025-04-24 09:33:25 : 4318 steps taken, and 933 accepted.
[0 : mcmc] Progress @ 2025-04-24 09:33:26 : 4503 steps taken, and 854 accepted.
[2 : mcmc] Progress @ 2025-04-24 09:34:49 : 4403 steps taken, and 936 accepted.
[1 : mcmc] Progress @ 2025-04-24 09:34:56 : 4273 steps taken, and 890 accepted.
[0 : mcmc] Progress @ 2025-04-24 09:35:26 : 4510 steps taken, and 855 accepted.
[3 : mcmc] Progress @ 2025-04-24 09:35:28 : 4325 steps taken, and 936 accepted.
[2 : mcmc] Progress @ 2025-04-24 09:36:53 : 4410 steps taken, and 939 accepted.
[1 : mcmc] Progress @ 2025-04-24 09:37:09 : 4285 steps taken, and 893 accepted.
[3 : mcmc] Progress @ 2025-04-24 09:37:31 : 4334 steps taken, and 937 accepted.
[0 : mcmc] Progress @ 2025-04-24 09:37:39 : 4518 steps taken, and 858 accepted.
[2 : mcmc] Progress @ 2025-04-24 09:39:05 : 4419 steps taken, and 941 accepted.
[1 : mcmc] Progress @ 2025-04-24 09:39:23 : 4293 steps taken, and 895 accepted.
[0 : mcmc] Progress @ 2025-04-24 09:39:39 : 4527 steps taken, and 860 accepted.
[3 : mcmc] Progress @ 2025-04-24 09:39:45 : 4346 steps taken, and 937 accepted.
[2 : mcmc] Progress @ 2025-04-24 09:41:20 : 4426 steps taken, and 942 accepted.
[1 : mcmc] Progress @ 2025-04-24 09:41:26 : 4299 steps taken, and 897 accepted.
[0 : mcmc] Progress @ 2025-04-24 09:41:42 : 4534 steps taken, and 865 accepted.
[3 : mcmc] Progress @ 2025-04-24 09:41:48 : 4356 steps taken, and 939 accepted.
[2 : mcmc] Progress @ 2025-04-24 09:43:21 : 4434 steps taken, and 944 accepted.
[1 : mcmc] Progress @ 2025-04-24 09:43:39 : 4307 steps taken, and 899 accepted.
[0 : mcmc] Progress @ 2025-04-24 09:43:44 : 4542 steps taken, and 868 accepted.
[3 : mcmc] Progress @ 2025-04-24 09:43:49 : 4365 steps taken, and 940 accepted.
[2 : mcmc] Progress @ 2025-04-24 09:45:35 : 4442 steps taken, and 946 accepted.
[1 : mcmc] Progress @ 2025-04-24 09:45:43 : 4314 steps taken, and 902 accepted.
[0 : mcmc] Progress @ 2025-04-24 09:45:58 : 4550 steps taken, and 872 accepted.
[3 : mcmc] Progress @ 2025-04-24 09:46:06 : 4373 steps taken, and 942 accepted.
[2 : mcmc] Progress @ 2025-04-24 09:47:40 : 4449 steps taken, and 950 accepted.
[1 : mcmc] Progress @ 2025-04-24 09:48:00 : 4322 steps taken, and 904 accepted.
[0 : mcmc] Progress @ 2025-04-24 09:48:12 : 4560 steps taken, and 874 accepted.
[3 : mcmc] Progress @ 2025-04-24 09:48:15 : 4384 steps taken, and 945 accepted.
[2 : mcmc] Progress @ 2025-04-24 09:49:40 : 4458 steps taken, and 953 accepted.
[0 : mcmc] Progress @ 2025-04-24 09:50:23 : 4569 steps taken, and 876 accepted.
[1 : mcmc] Progress @ 2025-04-24 09:50:25 : 4331 steps taken, and 904 accepted.
[3 : mcmc] Progress @ 2025-04-24 09:50:29 : 4392 steps taken, and 948 accepted.
[2 : mcmc] Progress @ 2025-04-24 09:51:43 : 4472 steps taken, and 957 accepted.
[1 : mcmc] Progress @ 2025-04-24 09:52:30 : 4338 steps taken, and 907 accepted.
[3 : mcmc] Progress @ 2025-04-24 09:52:31 : 4398 steps taken, and 950 accepted.
[0 : mcmc] Progress @ 2025-04-24 09:52:36 : 4577 steps taken, and 879 accepted.
[0 : mcmc] Learn + convergence test @ 880 samples accepted.
[0 : mcmc] Ready to check convergence and learn a new proposal covmat (waiting for the rest...)
[2 : mcmc] Progress @ 2025-04-24 09:53:56 : 4479 steps taken, and 958 accepted.
[2 : mcmc] Learn + convergence test @ 960 samples accepted.
[2 : mcmc] Ready to check convergence and learn a new proposal covmat (waiting for the rest...)
[1 : mcmc] Progress @ 2025-04-24 09:54:43 : 4349 steps taken, and 911 accepted.
[3 : mcmc] Progress @ 2025-04-24 09:54:43 : 4405 steps taken, and 952 accepted.
[0 : mcmc] Progress @ 2025-04-24 09:54:48 : 4586 steps taken, and 882 accepted.
[0 : mcmc] All chains are ready to check convergence and learn a new proposal covmat
[0 : mcmc]  - Acceptance rate: 0.284 = avg([0.2689, 0.2815, 0.2886, 0.2962])
[0 : mcmc]  - Convergence of means: R-1 = 0.071586 after 3705 accepted steps = sum([882, 911, 960, 952])
[0 : mcmc]  - Updated covariance matrix of proposal pdf.
[2 : mcmc] Progress @ 2025-04-24 09:55:56 : 4487 steps taken, and 961 accepted.
[1 : mcmc] Progress @ 2025-04-24 09:56:52 : 4355 steps taken, and 913 accepted.
[3 : mcmc] Progress @ 2025-04-24 09:57:01 : 4413 steps taken, and 952 accepted.
[0 : mcmc] Progress @ 2025-04-24 09:57:03 : 4595 steps taken, and 885 accepted.
[2 : mcmc] Progress @ 2025-04-24 09:58:10 : 4495 steps taken, and 965 accepted.
[1 : mcmc] Progress @ 2025-04-24 09:58:55 : 4364 steps taken, and 915 accepted.
[3 : mcmc] Progress @ 2025-04-24 09:59:21 : 4425 steps taken, and 954 accepted.
[0 : mcmc] Progress @ 2025-04-24 09:59:23 : 4605 steps taken, and 887 accepted.
[2 : mcmc] Progress @ 2025-04-24 10:00:25 : 4502 steps taken, and 966 accepted.
[1 : mcmc] Progress @ 2025-04-24 10:01:07 : 4373 steps taken, and 918 accepted.
[3 : mcmc] Progress @ 2025-04-24 10:01:24 : 4435 steps taken, and 955 accepted.
[0 : mcmc] Progress @ 2025-04-24 10:01:38 : 4613 steps taken, and 891 accepted.
[2 : mcmc] Progress @ 2025-04-24 10:02:44 : 4508 steps taken, and 967 accepted.
[1 : mcmc] Progress @ 2025-04-24 10:03:18 : 4384 steps taken, and 918 accepted.
[3 : mcmc] Progress @ 2025-04-24 10:03:36 : 4446 steps taken, and 957 accepted.
[0 : mcmc] Progress @ 2025-04-24 10:03:40 : 4619 steps taken, and 895 accepted.
[2 : mcmc] Progress @ 2025-04-24 10:04:45 : 4515 steps taken, and 969 accepted.
[3 : mcmc] Learn + convergence test @ 960 samples accepted.
[3 : mcmc] Ready to check convergence and learn a new proposal covmat (waiting for the rest...)
[1 : mcmc] Progress @ 2025-04-24 10:05:31 : 4394 steps taken, and 923 accepted.
[3 : mcmc] Progress @ 2025-04-24 10:05:38 : 4456 steps taken, and 962 accepted.
[0 : mcmc] Progress @ 2025-04-24 10:05:55 : 4627 steps taken, and 900 accepted.
[2 : mcmc] Progress @ 2025-04-24 10:06:58 : 4523 steps taken, and 972 accepted.
[1 : mcmc] Progress @ 2025-04-24 10:07:47 : 4402 steps taken, and 928 accepted.
[3 : mcmc] Progress @ 2025-04-24 10:07:51 : 4463 steps taken, and 963 accepted.
[0 : mcmc] Progress @ 2025-04-24 10:07:55 : 4634 steps taken, and 900 accepted.
[2 : mcmc] Progress @ 2025-04-24 10:09:00 : 4529 steps taken, and 972 accepted.
[1 : mcmc] Progress @ 2025-04-24 10:09:51 : 4411 steps taken, and 928 accepted.
[0 : mcmc] Progress @ 2025-04-24 10:10:03 : 4642 steps taken, and 903 accepted.
[3 : mcmc] Progress @ 2025-04-24 10:10:08 : 4471 steps taken, and 964 accepted.
[2 : mcmc] Progress @ 2025-04-24 10:11:14 : 4537 steps taken, and 974 accepted.
[1 : mcmc] Progress @ 2025-04-24 10:12:04 : 4420 steps taken, and 932 accepted.
[0 : mcmc] Progress @ 2025-04-24 10:12:06 : 4649 steps taken, and 905 accepted.
[3 : mcmc] Progress @ 2025-04-24 10:12:15 : 4479 steps taken, and 965 accepted.
[2 : mcmc] Progress @ 2025-04-24 10:13:16 : 4543 steps taken, and 977 accepted.
[1 : mcmc] Progress @ 2025-04-24 10:14:15 : 4428 steps taken, and 934 accepted.
[0 : mcmc] Progress @ 2025-04-24 10:14:16 : 4664 steps taken, and 909 accepted.
[3 : mcmc] Progress @ 2025-04-24 10:14:34 : 4491 steps taken, and 968 accepted.
[2 : mcmc] Progress @ 2025-04-24 10:15:36 : 4554 steps taken, and 982 accepted.
[1 : mcmc] Progress @ 2025-04-24 10:16:19 : 4440 steps taken, and 936 accepted.
[0 : mcmc] Progress @ 2025-04-24 10:16:30 : 4675 steps taken, and 913 accepted.
[3 : mcmc] Progress @ 2025-04-24 10:16:46 : 4505 steps taken, and 969 accepted.
[2 : mcmc] Progress @ 2025-04-24 10:17:50 : 4567 steps taken, and 984 accepted.
[1 : mcmc] Progress @ 2025-04-24 10:18:34 : 4448 steps taken, and 938 accepted.
[0 : mcmc] Progress @ 2025-04-24 10:18:46 : 4683 steps taken, and 915 accepted.
[3 : mcmc] Progress @ 2025-04-24 10:19:01 : 4514 steps taken, and 971 accepted.
[2 : mcmc] Progress @ 2025-04-24 10:20:03 : 4575 steps taken, and 985 accepted.
[1 : mcmc] Progress @ 2025-04-24 10:20:45 : 4457 steps taken, and 941 accepted.
[0 : mcmc] Progress @ 2025-04-24 10:20:55 : 4694 steps taken, and 918 accepted.
[3 : mcmc] Progress @ 2025-04-24 10:21:09 : 4526 steps taken, and 975 accepted.
[2 : mcmc] Progress @ 2025-04-24 10:22:07 : 4581 steps taken, and 989 accepted.
[0 : mcmc] Progress @ 2025-04-24 10:22:55 : 4710 steps taken, and 922 accepted.
[1 : mcmc] Progress @ 2025-04-24 10:22:58 : 4468 steps taken, and 945 accepted.
[3 : mcmc] Progress @ 2025-04-24 10:23:23 : 4537 steps taken, and 977 accepted.
[2 : mcmc] Progress @ 2025-04-24 10:24:24 : 4588 steps taken, and 990 accepted.
[0 : mcmc] Progress @ 2025-04-24 10:24:57 : 4722 steps taken, and 923 accepted.
[1 : mcmc] Progress @ 2025-04-24 10:25:02 : 4478 steps taken, and 947 accepted.
[3 : mcmc] Progress @ 2025-04-24 10:25:45 : 4547 steps taken, and 978 accepted.
[2 : mcmc] Progress @ 2025-04-24 10:26:26 : 4600 steps taken, and 992 accepted.
[0 : mcmc] Progress @ 2025-04-24 10:27:10 : 4729 steps taken, and 925 accepted.
[1 : mcmc] Progress @ 2025-04-24 10:27:21 : 4485 steps taken, and 949 accepted.
[3 : mcmc] Progress @ 2025-04-24 10:27:46 : 4555 steps taken, and 983 accepted.
[2 : mcmc] Progress @ 2025-04-24 10:28:40 : 4607 steps taken, and 994 accepted.
[0 : mcmc] Progress @ 2025-04-24 10:29:24 : 4736 steps taken, and 926 accepted.
[1 : mcmc] Progress @ 2025-04-24 10:29:42 : 4493 steps taken, and 953 accepted.
[3 : mcmc] Progress @ 2025-04-24 10:29:49 : 4565 steps taken, and 984 accepted.
[2 : mcmc] Progress @ 2025-04-24 10:30:41 : 4620 steps taken, and 996 accepted.
[0 : mcmc] Progress @ 2025-04-24 10:31:35 : 4745 steps taken, and 928 accepted.
[3 : mcmc] Progress @ 2025-04-24 10:31:51 : 4571 steps taken, and 987 accepted.
[1 : mcmc] Progress @ 2025-04-24 10:31:56 : 4502 steps taken, and 955 accepted.
[2 : mcmc] Progress @ 2025-04-24 10:32:41 : 4630 steps taken, and 998 accepted.
[0 : mcmc] Progress @ 2025-04-24 10:33:59 : 4757 steps taken, and 932 accepted.
[3 : mcmc] Progress @ 2025-04-24 10:34:13 : 4579 steps taken, and 990 accepted.
[1 : mcmc] Progress @ 2025-04-24 10:34:19 : 4517 steps taken, and 956 accepted.
[2 : mcmc] Progress @ 2025-04-24 10:34:45 : 4637 steps taken, and 999 accepted.
[0 : mcmc] Progress @ 2025-04-24 10:36:00 : 4763 steps taken, and 934 accepted.
[3 : mcmc] Progress @ 2025-04-24 10:36:16 : 4586 steps taken, and 992 accepted.
[1 : mcmc] Progress @ 2025-04-24 10:36:20 : 4529 steps taken, and 958 accepted.
[1 : mcmc] Learn + convergence test @ 960 samples accepted.
[1 : mcmc] Ready to check convergence and learn a new proposal covmat (waiting for the rest...)
[2 : mcmc] Progress @ 2025-04-24 10:37:04 : 4646 steps taken, and 1002 accepted.
[0 : mcmc] Progress @ 2025-04-24 10:38:15 : 4771 steps taken, and 935 accepted.
[3 : mcmc] Progress @ 2025-04-24 10:38:27 : 4593 steps taken, and 995 accepted.
[1 : mcmc] Progress @ 2025-04-24 10:38:33 : 4537 steps taken, and 961 accepted.
[2 : mcmc] Progress @ 2025-04-24 10:39:09 : 4654 steps taken, and 1005 accepted.
[0 : mcmc] Progress @ 2025-04-24 10:40:29 : 4779 steps taken, and 937 accepted.
[1 : mcmc] Progress @ 2025-04-24 10:40:33 : 4545 steps taken, and 965 accepted.
[3 : mcmc] Progress @ 2025-04-24 10:40:41 : 4600 steps taken, and 997 accepted.
[2 : mcmc] Progress @ 2025-04-24 10:41:20 : 4662 steps taken, and 1008 accepted.
[0 : mcmc] Progress @ 2025-04-24 10:42:31 : 4787 steps taken, and 940 accepted.
[1 : mcmc] Progress @ 2025-04-24 10:42:41 : 4551 steps taken, and 967 accepted.
[3 : mcmc] Progress @ 2025-04-24 10:42:44 : 4606 steps taken, and 999 accepted.
[2 : mcmc] Progress @ 2025-04-24 10:43:33 : 4670 steps taken, and 1010 accepted.
[0 : mcmc] Progress @ 2025-04-24 10:44:34 : 4794 steps taken, and 942 accepted.
[3 : mcmc] Progress @ 2025-04-24 10:44:46 : 4613 steps taken, and 1001 accepted.
[1 : mcmc] Progress @ 2025-04-24 10:44:53 : 4560 steps taken, and 970 accepted.
[2 : mcmc] Progress @ 2025-04-24 10:45:38 : 4676 steps taken, and 1014 accepted.
[0 : mcmc] Progress @ 2025-04-24 10:46:47 : 4801 steps taken, and 946 accepted.
[3 : mcmc] Progress @ 2025-04-24 10:46:47 : 4620 steps taken, and 1001 accepted.
[1 : mcmc] Progress @ 2025-04-24 10:46:59 : 4567 steps taken, and 974 accepted.
[2 : mcmc] Progress @ 2025-04-24 10:47:49 : 4686 steps taken, and 1018 accepted.
[3 : mcmc] Progress @ 2025-04-24 10:48:52 : 4626 steps taken, and 1001 accepted.
[0 : mcmc] Progress @ 2025-04-24 10:49:01 : 4808 steps taken, and 949 accepted.
[1 : mcmc] Progress @ 2025-04-24 10:49:13 : 4578 steps taken, and 979 accepted.
[2 : mcmc] Progress @ 2025-04-24 10:49:51 : 4692 steps taken, and 1021 accepted.
[3 : mcmc] Progress @ 2025-04-24 10:50:53 : 4633 steps taken, and 1004 accepted.
[0 : mcmc] Progress @ 2025-04-24 10:51:13 : 4817 steps taken, and 950 accepted.
[1 : mcmc] Progress @ 2025-04-24 10:51:26 : 4588 steps taken, and 980 accepted.
[2 : mcmc] Progress @ 2025-04-24 10:51:56 : 4698 steps taken, and 1021 accepted.
[3 : mcmc] Progress @ 2025-04-24 10:52:57 : 4641 steps taken, and 1005 accepted.
[1 : mcmc] Progress @ 2025-04-24 10:53:30 : 4594 steps taken, and 983 accepted.
[0 : mcmc] Progress @ 2025-04-24 10:53:30 : 4826 steps taken, and 953 accepted.
[2 : mcmc] Progress @ 2025-04-24 10:53:56 : 4706 steps taken, and 1025 accepted.
[3 : mcmc] Progress @ 2025-04-24 10:55:09 : 4649 steps taken, and 1009 accepted.
[0 : mcmc] Progress @ 2025-04-24 10:55:39 : 4837 steps taken, and 956 accepted.
[1 : mcmc] Progress @ 2025-04-24 10:55:43 : 4603 steps taken, and 986 accepted.
[2 : mcmc] Progress @ 2025-04-24 10:56:12 : 4715 steps taken, and 1028 accepted.
[3 : mcmc] Progress @ 2025-04-24 10:57:11 : 4658 steps taken, and 1009 accepted.
[0 : mcmc] Progress @ 2025-04-24 10:57:54 : 4846 steps taken, and 958 accepted.
[1 : mcmc] Progress @ 2025-04-24 10:57:57 : 4611 steps taken, and 989 accepted.
[2 : mcmc] Progress @ 2025-04-24 10:58:22 : 4723 steps taken, and 1029 accepted.
[0 : mcmc] Learn + convergence test @ 960 samples accepted.
[0 : mcmc] Ready to check convergence and learn a new proposal covmat (waiting for the rest...)
[3 : mcmc] Progress @ 2025-04-24 10:59:12 : 4664 steps taken, and 1009 accepted.
[0 : mcmc] Progress @ 2025-04-24 11:00:08 : 4853 steps taken, and 962 accepted.
[1 : mcmc] Progress @ 2025-04-24 11:00:10 : 4618 steps taken, and 992 accepted.
[2 : mcmc] Progress @ 2025-04-24 11:00:27 : 4730 steps taken, and 1031 accepted.
[3 : mcmc] Progress @ 2025-04-24 11:01:16 : 4670 steps taken, and 1011 accepted.
[0 : mcmc] Progress @ 2025-04-24 11:02:10 : 4862 steps taken, and 964 accepted.
[1 : mcmc] Progress @ 2025-04-24 11:02:21 : 4630 steps taken, and 994 accepted.
[2 : mcmc] Progress @ 2025-04-24 11:02:29 : 4737 steps taken, and 1032 accepted.
[3 : mcmc] Progress @ 2025-04-24 11:03:24 : 4684 steps taken, and 1013 accepted.
[0 : mcmc] Progress @ 2025-04-24 11:04:10 : 4870 steps taken, and 968 accepted.
[2 : mcmc] Progress @ 2025-04-24 11:04:33 : 4743 steps taken, and 1033 accepted.
[1 : mcmc] Progress @ 2025-04-24 11:04:33 : 4640 steps taken, and 997 accepted.
[3 : mcmc] Progress @ 2025-04-24 11:05:34 : 4699 steps taken, and 1014 accepted.
[0 : mcmc] Progress @ 2025-04-24 11:06:12 : 4876 steps taken, and 971 accepted.
[2 : mcmc] Progress @ 2025-04-24 11:06:35 : 4749 steps taken, and 1034 accepted.
[1 : mcmc] Progress @ 2025-04-24 11:06:48 : 4651 steps taken, and 998 accepted.
[3 : mcmc] Progress @ 2025-04-24 11:07:37 : 4705 steps taken, and 1015 accepted.
[0 : mcmc] Progress @ 2025-04-24 11:08:15 : 4886 steps taken, and 975 accepted.
[2 : mcmc] Progress @ 2025-04-24 11:08:37 : 4756 steps taken, and 1036 accepted.
[1 : mcmc] Progress @ 2025-04-24 11:09:00 : 4659 steps taken, and 1003 accepted.
[3 : mcmc] Progress @ 2025-04-24 11:09:40 : 4711 steps taken, and 1015 accepted.
[0 : mcmc] Progress @ 2025-04-24 11:10:21 : 4894 steps taken, and 977 accepted.
[2 : mcmc] Progress @ 2025-04-24 11:10:57 : 4763 steps taken, and 1037 accepted.
[1 : mcmc] Progress @ 2025-04-24 11:11:15 : 4667 steps taken, and 1004 accepted.
[3 : mcmc] Progress @ 2025-04-24 11:11:54 : 4719 steps taken, and 1017 accepted.
[0 : mcmc] Progress @ 2025-04-24 11:12:36 : 4904 steps taken, and 979 accepted.
[2 : mcmc] Progress @ 2025-04-24 11:13:01 : 4770 steps taken, and 1039 accepted.
[1 : mcmc] Progress @ 2025-04-24 11:13:34 : 4675 steps taken, and 1006 accepted.
[2 : mcmc] Learn + convergence test @ 1040 samples accepted.
[2 : mcmc] Ready to check convergence and learn a new proposal covmat (waiting for the rest...)
[3 : mcmc] Progress @ 2025-04-24 11:14:01 : 4728 steps taken, and 1020 accepted.
[0 : mcmc] Progress @ 2025-04-24 11:14:50 : 4920 steps taken, and 982 accepted.
[0 : mcmc] All chains are ready to check convergence and learn a new proposal covmat
[0 : mcmc]  - Acceptance rate: 0.279 = avg([0.2689, 0.2824, 0.2815, 0.2814])
[0 : mcmc]  - Convergence of means: R-1 = 0.071154 after 4052 accepted steps = sum([983, 1008, 1040, 1021])
[0 : mcmc]  - Updated covariance matrix of proposal pdf.
[2 : mcmc] Progress @ 2025-04-24 11:15:50 : 4773 steps taken, and 1041 accepted.
[1 : mcmc] Progress @ 2025-04-24 11:16:03 : 4685 steps taken, and 1009 accepted.
[3 : mcmc] Progress @ 2025-04-24 11:16:14 : 4737 steps taken, and 1022 accepted.
[0 : mcmc] Progress @ 2025-04-24 11:17:08 : 4927 steps taken, and 984 accepted.
[2 : mcmc] Progress @ 2025-04-24 11:17:55 : 4780 steps taken, and 1043 accepted.
[3 : mcmc] Progress @ 2025-04-24 11:18:17 : 4743 steps taken, and 1024 accepted.
[1 : mcmc] Progress @ 2025-04-24 11:18:25 : 4693 steps taken, and 1014 accepted.
[0 : mcmc] Progress @ 2025-04-24 11:19:21 : 4934 steps taken, and 987 accepted.
[2 : mcmc] Progress @ 2025-04-24 11:20:07 : 4788 steps taken, and 1045 accepted.
[3 : mcmc] Progress @ 2025-04-24 11:20:29 : 4751 steps taken, and 1025 accepted.
[1 : mcmc] Progress @ 2025-04-24 11:20:43 : 4701 steps taken, and 1015 accepted.
[0 : mcmc] Progress @ 2025-04-24 11:21:34 : 4943 steps taken, and 991 accepted.
[2 : mcmc] Progress @ 2025-04-24 11:22:10 : 4797 steps taken, and 1048 accepted.
[3 : mcmc] Progress @ 2025-04-24 11:22:31 : 4759 steps taken, and 1027 accepted.
[1 : mcmc] Progress @ 2025-04-24 11:22:44 : 4709 steps taken, and 1018 accepted.
[0 : mcmc] Progress @ 2025-04-24 11:23:36 : 4951 steps taken, and 995 accepted.
[2 : mcmc] Progress @ 2025-04-24 11:24:11 : 4806 steps taken, and 1048 accepted.
[3 : mcmc] Progress @ 2025-04-24 11:24:42 : 4767 steps taken, and 1030 accepted.
[1 : mcmc] Progress @ 2025-04-24 11:25:00 : 4717 steps taken, and 1022 accepted.
[0 : mcmc] Progress @ 2025-04-24 11:25:37 : 4960 steps taken, and 998 accepted.
[2 : mcmc] Progress @ 2025-04-24 11:26:14 : 4816 steps taken, and 1049 accepted.
[3 : mcmc] Progress @ 2025-04-24 11:27:03 : 4779 steps taken, and 1034 accepted.
[1 : mcmc] Progress @ 2025-04-24 11:27:14 : 4727 steps taken, and 1027 accepted.
[0 : mcmc] Progress @ 2025-04-24 11:27:45 : 4968 steps taken, and 1001 accepted.
[2 : mcmc] Progress @ 2025-04-24 11:28:16 : 4823 steps taken, and 1049 accepted.
[3 : mcmc] Progress @ 2025-04-24 11:29:06 : 4786 steps taken, and 1036 accepted.
[1 : mcmc] Progress @ 2025-04-24 11:29:24 : 4740 steps taken, and 1030 accepted.
[0 : mcmc] Progress @ 2025-04-24 11:29:47 : 4977 steps taken, and 1001 accepted.
[2 : mcmc] Progress @ 2025-04-24 11:30:18 : 4831 steps taken, and 1051 accepted.
[3 : mcmc] Progress @ 2025-04-24 11:31:18 : 4793 steps taken, and 1039 accepted.
[1 : mcmc] Progress @ 2025-04-24 11:31:27 : 4748 steps taken, and 1032 accepted.
[0 : mcmc] Progress @ 2025-04-24 11:32:00 : 4986 steps taken, and 1004 accepted.
[3 : mcmc] Learn + convergence test @ 1040 samples accepted.
[3 : mcmc] Ready to check convergence and learn a new proposal covmat (waiting for the rest...)
[2 : mcmc] Progress @ 2025-04-24 11:32:22 : 4837 steps taken, and 1053 accepted.
[3 : mcmc] Progress @ 2025-04-24 11:33:27 : 4803 steps taken, and 1043 accepted.
[1 : mcmc] Progress @ 2025-04-24 11:33:31 : 4755 steps taken, and 1033 accepted.
[0 : mcmc] Progress @ 2025-04-24 11:34:02 : 4992 steps taken, and 1005 accepted.
[2 : mcmc] Progress @ 2025-04-24 11:34:35 : 4846 steps taken, and 1054 accepted.
[3 : mcmc] Progress @ 2025-04-24 11:35:42 : 4814 steps taken, and 1043 accepted.
[1 : mcmc] Progress @ 2025-04-24 11:35:46 : 4763 steps taken, and 1036 accepted.
[0 : mcmc] Progress @ 2025-04-24 11:36:16 : 5000 steps taken, and 1010 accepted.
[2 : mcmc] Progress @ 2025-04-24 11:36:48 : 4853 steps taken, and 1055 accepted.
[3 : mcmc] Progress @ 2025-04-24 11:37:47 : 4830 steps taken, and 1044 accepted.
[1 : mcmc] Progress @ 2025-04-24 11:37:53 : 4774 steps taken, and 1038 accepted.
[0 : mcmc] Progress @ 2025-04-24 11:38:23 : 5007 steps taken, and 1012 accepted.
[2 : mcmc] Progress @ 2025-04-24 11:39:03 : 4860 steps taken, and 1058 accepted.
[1 : mcmc] Learn + convergence test @ 1040 samples accepted.
[1 : mcmc] Ready to check convergence and learn a new proposal covmat (waiting for the rest...)
[3 : mcmc] Progress @ 2025-04-24 11:39:52 : 4841 steps taken, and 1044 accepted.
[1 : mcmc] Progress @ 2025-04-24 11:39:53 : 4782 steps taken, and 1041 accepted.
[0 : mcmc] Progress @ 2025-04-24 11:40:35 : 5014 steps taken, and 1014 accepted.
[2 : mcmc] Progress @ 2025-04-24 11:41:07 : 4866 steps taken, and 1060 accepted.
[3 : mcmc] Progress @ 2025-04-24 11:41:53 : 4851 steps taken, and 1046 accepted.
[1 : mcmc] Progress @ 2025-04-24 11:42:11 : 4798 steps taken, and 1042 accepted.
[0 : mcmc] Progress @ 2025-04-24 11:42:49 : 5021 steps taken, and 1016 accepted.
[2 : mcmc] Progress @ 2025-04-24 11:43:28 : 4874 steps taken, and 1061 accepted.
[3 : mcmc] Progress @ 2025-04-24 11:43:58 : 4859 steps taken, and 1048 accepted.
[1 : mcmc] Progress @ 2025-04-24 11:44:15 : 4805 steps taken, and 1045 accepted.
[0 : mcmc] Progress @ 2025-04-24 11:44:51 : 5027 steps taken, and 1017 accepted.
[2 : mcmc] Progress @ 2025-04-24 11:45:31 : 4881 steps taken, and 1064 accepted.
[3 : mcmc] Progress @ 2025-04-24 11:46:19 : 4871 steps taken, and 1052 accepted.
[1 : mcmc] Progress @ 2025-04-24 11:46:36 : 4816 steps taken, and 1048 accepted.
[0 : mcmc] Progress @ 2025-04-24 11:47:05 : 5035 steps taken, and 1022 accepted.
[2 : mcmc] Progress @ 2025-04-24 11:47:33 : 4890 steps taken, and 1065 accepted.
[3 : mcmc] Progress @ 2025-04-24 11:48:20 : 4880 steps taken, and 1054 accepted.
[1 : mcmc] Progress @ 2025-04-24 11:48:51 : 4825 steps taken, and 1051 accepted.
[0 : mcmc] Progress @ 2025-04-24 11:49:09 : 5041 steps taken, and 1024 accepted.
[2 : mcmc] Progress @ 2025-04-24 11:49:35 : 4898 steps taken, and 1068 accepted.
[3 : mcmc] Progress @ 2025-04-24 11:50:25 : 4887 steps taken, and 1056 accepted.
[1 : mcmc] Progress @ 2025-04-24 11:51:02 : 4833 steps taken, and 1054 accepted.
[0 : mcmc] Progress @ 2025-04-24 11:51:12 : 5049 steps taken, and 1025 accepted.
[2 : mcmc] Progress @ 2025-04-24 11:51:46 : 4909 steps taken, and 1074 accepted.
[3 : mcmc] Progress @ 2025-04-24 11:52:26 : 4897 steps taken, and 1059 accepted.
[0 : mcmc] Progress @ 2025-04-24 11:53:14 : 5057 steps taken, and 1026 accepted.
[1 : mcmc] Progress @ 2025-04-24 11:53:15 : 4842 steps taken, and 1057 accepted.
[2 : mcmc] Progress @ 2025-04-24 11:54:01 : 4919 steps taken, and 1074 accepted.
[3 : mcmc] Progress @ 2025-04-24 11:54:36 : 4910 steps taken, and 1060 accepted.
[1 : mcmc] Progress @ 2025-04-24 11:55:18 : 4851 steps taken, and 1060 accepted.
[0 : mcmc] Progress @ 2025-04-24 11:55:30 : 5065 steps taken, and 1028 accepted.
[2 : mcmc] Progress @ 2025-04-24 11:56:13 : 4930 steps taken, and 1076 accepted.
[3 : mcmc] Progress @ 2025-04-24 11:56:50 : 4921 steps taken, and 1062 accepted.
[1 : mcmc] Progress @ 2025-04-24 11:57:32 : 4858 steps taken, and 1060 accepted.
[0 : mcmc] Progress @ 2025-04-24 11:57:45 : 5072 steps taken, and 1030 accepted.
[2 : mcmc] Progress @ 2025-04-24 11:58:23 : 4939 steps taken, and 1077 accepted.
[3 : mcmc] Progress @ 2025-04-24 11:59:01 : 4935 steps taken, and 1064 accepted.
[1 : mcmc] Progress @ 2025-04-24 11:59:33 : 4865 steps taken, and 1064 accepted.
[0 : mcmc] Progress @ 2025-04-24 11:59:58 : 5080 steps taken, and 1033 accepted.
[2 : mcmc] Progress @ 2025-04-24 12:00:30 : 4948 steps taken, and 1079 accepted.
[3 : mcmc] Progress @ 2025-04-24 12:01:15 : 4945 steps taken, and 1067 accepted.
[1 : mcmc] Progress @ 2025-04-24 12:01:57 : 4877 steps taken, and 1066 accepted.
[0 : mcmc] Progress @ 2025-04-24 12:02:00 : 5091 steps taken, and 1034 accepted.
[2 : mcmc] Progress @ 2025-04-24 12:02:31 : 4958 steps taken, and 1082 accepted.
[3 : mcmc] Progress @ 2025-04-24 12:03:30 : 4956 steps taken, and 1070 accepted.
[0 : mcmc] Progress @ 2025-04-24 12:04:03 : 5098 steps taken, and 1037 accepted.
[1 : mcmc] Progress @ 2025-04-24 12:04:17 : 4888 steps taken, and 1068 accepted.
[2 : mcmc] Progress @ 2025-04-24 12:04:47 : 4969 steps taken, and 1085 accepted.
[3 : mcmc] Progress @ 2025-04-24 12:05:42 : 4966 steps taken, and 1073 accepted.
[0 : mcmc] Progress @ 2025-04-24 12:06:17 : 5109 steps taken, and 1040 accepted.
[0 : mcmc] Learn + convergence test @ 1040 samples accepted.
[0 : mcmc] Ready to check convergence and learn a new proposal covmat (waiting for the rest...)
[1 : mcmc] Progress @ 2025-04-24 12:06:27 : 4900 steps taken, and 1070 accepted.
[2 : mcmc] Progress @ 2025-04-24 12:06:56 : 4979 steps taken, and 1088 accepted.
[3 : mcmc] Progress @ 2025-04-24 12:07:50 : 4976 steps taken, and 1077 accepted.
[0 : mcmc] Progress @ 2025-04-24 12:08:26 : 5120 steps taken, and 1043 accepted.
[1 : mcmc] Progress @ 2025-04-24 12:08:45 : 4908 steps taken, and 1071 accepted.
[2 : mcmc] Progress @ 2025-04-24 12:09:12 : 4992 steps taken, and 1088 accepted.
[3 : mcmc] Progress @ 2025-04-24 12:10:03 : 4983 steps taken, and 1078 accepted.
[0 : mcmc] Progress @ 2025-04-24 12:10:29 : 5127 steps taken, and 1045 accepted.
[1 : mcmc] Progress @ 2025-04-24 12:10:58 : 4920 steps taken, and 1071 accepted.
[2 : mcmc] Progress @ 2025-04-24 12:11:23 : 5000 steps taken, and 1090 accepted.
[3 : mcmc] Progress @ 2025-04-24 12:12:18 : 4990 steps taken, and 1080 accepted.
[0 : mcmc] Progress @ 2025-04-24 12:12:41 : 5135 steps taken, and 1049 accepted.
[1 : mcmc] Progress @ 2025-04-24 12:13:00 : 4926 steps taken, and 1072 accepted.
[2 : mcmc] Progress @ 2025-04-24 12:13:25 : 5014 steps taken, and 1091 accepted.
[3 : mcmc] Progress @ 2025-04-24 12:14:35 : 4996 steps taken, and 1080 accepted.
[0 : mcmc] Progress @ 2025-04-24 12:14:52 : 5147 steps taken, and 1050 accepted.
[1 : mcmc] Progress @ 2025-04-24 12:15:02 : 4936 steps taken, and 1073 accepted.
[2 : mcmc] Progress @ 2025-04-24 12:15:32 : 5027 steps taken, and 1095 accepted.
[3 : mcmc] Progress @ 2025-04-24 12:16:38 : 5003 steps taken, and 1082 accepted.
[0 : mcmc] Progress @ 2025-04-24 12:17:04 : 5158 steps taken, and 1052 accepted.
[1 : mcmc] Progress @ 2025-04-24 12:17:07 : 4942 steps taken, and 1074 accepted.
[2 : mcmc] Progress @ 2025-04-24 12:17:38 : 5036 steps taken, and 1098 accepted.
[3 : mcmc] Progress @ 2025-04-24 12:18:39 : 5010 steps taken, and 1084 accepted.
[0 : mcmc] Progress @ 2025-04-24 12:19:11 : 5165 steps taken, and 1055 accepted.
[1 : mcmc] Progress @ 2025-04-24 12:19:17 : 4953 steps taken, and 1077 accepted.
[2 : mcmc] Progress @ 2025-04-24 12:19:53 : 5045 steps taken, and 1099 accepted.
[3 : mcmc] Progress @ 2025-04-24 12:20:53 : 5018 steps taken, and 1087 accepted.
[0 : mcmc] Progress @ 2025-04-24 12:21:15 : 5172 steps taken, and 1059 accepted.
[1 : mcmc] Progress @ 2025-04-24 12:21:30 : 4962 steps taken, and 1080 accepted.
[2 : mcmc] Progress @ 2025-04-24 12:22:10 : 5053 steps taken, and 1102 accepted.
[3 : mcmc] Progress @ 2025-04-24 12:23:13 : 5026 steps taken, and 1091 accepted.
[0 : mcmc] Progress @ 2025-04-24 12:23:17 : 5178 steps taken, and 1062 accepted.
[1 : mcmc] Progress @ 2025-04-24 12:23:53 : 4972 steps taken, and 1081 accepted.
[2 : mcmc] Progress @ 2025-04-24 12:24:12 : 5060 steps taken, and 1106 accepted.
[3 : mcmc] Progress @ 2025-04-24 12:25:14 : 5034 steps taken, and 1095 accepted.
[0 : mcmc] Progress @ 2025-04-24 12:25:26 : 5189 steps taken, and 1065 accepted.
[1 : mcmc] Progress @ 2025-04-24 12:25:58 : 4979 steps taken, and 1086 accepted.
[2 : mcmc] Progress @ 2025-04-24 12:26:25 : 5068 steps taken, and 1108 accepted.
[0 : mcmc] Progress @ 2025-04-24 12:27:29 : 5199 steps taken, and 1066 accepted.
[3 : mcmc] Progress @ 2025-04-24 12:27:30 : 5042 steps taken, and 1098 accepted.
[1 : mcmc] Progress @ 2025-04-24 12:28:11 : 4987 steps taken, and 1089 accepted.
[2 : mcmc] Progress @ 2025-04-24 12:28:36 : 5075 steps taken, and 1109 accepted.
[3 : mcmc] Progress @ 2025-04-24 12:29:43 : 5049 steps taken, and 1100 accepted.
[0 : mcmc] Progress @ 2025-04-24 12:29:51 : 5216 steps taken, and 1068 accepted.
[1 : mcmc] Progress @ 2025-04-24 12:30:27 : 4995 steps taken, and 1090 accepted.
[2 : mcmc] Progress @ 2025-04-24 12:30:39 : 5081 steps taken, and 1111 accepted.
[3 : mcmc] Progress @ 2025-04-24 12:31:57 : 5056 steps taken, and 1102 accepted.
[0 : mcmc] Progress @ 2025-04-24 12:32:15 : 5226 steps taken, and 1072 accepted.
[1 : mcmc] Progress @ 2025-04-24 12:32:30 : 5002 steps taken, and 1093 accepted.
[2 : mcmc] Progress @ 2025-04-24 12:32:53 : 5089 steps taken, and 1115 accepted.
[3 : mcmc] Progress @ 2025-04-24 12:34:12 : 5063 steps taken, and 1104 accepted.
[0 : mcmc] Progress @ 2025-04-24 12:34:16 : 5232 steps taken, and 1073 accepted.
[1 : mcmc] Progress @ 2025-04-24 12:34:33 : 5009 steps taken, and 1095 accepted.
[2 : mcmc] Progress @ 2025-04-24 12:35:08 : 5096 steps taken, and 1116 accepted.
[3 : mcmc] Progress @ 2025-04-24 12:36:17 : 5070 steps taken, and 1106 accepted.
[0 : mcmc] Progress @ 2025-04-24 12:36:28 : 5240 steps taken, and 1075 accepted.
[1 : mcmc] Progress @ 2025-04-24 12:36:46 : 5017 steps taken, and 1099 accepted.
[2 : mcmc] Progress @ 2025-04-24 12:37:20 : 5104 steps taken, and 1117 accepted.
[3 : mcmc] Progress @ 2025-04-24 12:38:31 : 5077 steps taken, and 1108 accepted.
[0 : mcmc] Progress @ 2025-04-24 12:38:43 : 5248 steps taken, and 1077 accepted.
[1 : mcmc] Progress @ 2025-04-24 12:39:02 : 5025 steps taken, and 1101 accepted.
[2 : mcmc] Progress @ 2025-04-24 12:39:36 : 5112 steps taken, and 1118 accepted.
[3 : mcmc] Progress @ 2025-04-24 12:40:33 : 5090 steps taken, and 1112 accepted.
[0 : mcmc] Progress @ 2025-04-24 12:40:51 : 5264 steps taken, and 1079 accepted.
[2 : mcmc] Learn + convergence test @ 1120 samples accepted.
[2 : mcmc] Ready to check convergence and learn a new proposal covmat (waiting for the rest...)
[1 : mcmc] Progress @ 2025-04-24 12:41:17 : 5032 steps taken, and 1103 accepted.
[0 : mcmc] All chains are ready to check convergence and learn a new proposal covmat
[3 : mcmc] Progress @ 2025-04-24 12:42:33 : 5105 steps taken, and 1115 accepted.
[0 : mcmc]  - Acceptance rate: 0.277 = avg([0.2744, 0.2806, 0.2732, 0.2780])
[0 : mcmc]  - Convergence of means: R-1 = 0.063725 after 4419 accepted steps = sum([1080, 1104, 1120, 1115])
[0 : mcmc]  - Updated covariance matrix of proposal pdf.
[2 : mcmc] Progress @ 2025-04-24 12:43:00 : 5118 steps taken, and 1120 accepted.
[0 : mcmc] Progress @ 2025-04-24 12:43:14 : 5275 steps taken, and 1081 accepted.
[1 : mcmc] Progress @ 2025-04-24 12:43:35 : 5040 steps taken, and 1105 accepted.
[3 : mcmc] Progress @ 2025-04-24 12:44:51 : 5115 steps taken, and 1117 accepted.
[0 : mcmc] Progress @ 2025-04-24 12:45:20 : 5294 steps taken, and 1083 accepted.
[2 : mcmc] Progress @ 2025-04-24 12:45:22 : 5124 steps taken, and 1121 accepted.
[1 : mcmc] Progress @ 2025-04-24 12:45:52 : 5048 steps taken, and 1108 accepted.
[3 : mcmc] Progress @ 2025-04-24 12:47:14 : 5128 steps taken, and 1120 accepted.
[3 : mcmc] Learn + convergence test @ 1120 samples accepted.
[3 : mcmc] Ready to check convergence and learn a new proposal covmat (waiting for the rest...)
[2 : mcmc] Progress @ 2025-04-24 12:47:31 : 5131 steps taken, and 1123 accepted.
[0 : mcmc] Progress @ 2025-04-24 12:47:36 : 5302 steps taken, and 1083 accepted.
[1 : mcmc] Progress @ 2025-04-24 12:48:07 : 5055 steps taken, and 1111 accepted.
[3 : mcmc] Progress @ 2025-04-24 12:49:28 : 5136 steps taken, and 1120 accepted.
[2 : mcmc] Progress @ 2025-04-24 12:49:42 : 5139 steps taken, and 1126 accepted.
[0 : mcmc] Progress @ 2025-04-24 12:49:50 : 5313 steps taken, and 1085 accepted.
[1 : mcmc] Progress @ 2025-04-24 12:50:22 : 5064 steps taken, and 1115 accepted.
[3 : mcmc] Progress @ 2025-04-24 12:51:43 : 5144 steps taken, and 1125 accepted.
[2 : mcmc] Progress @ 2025-04-24 12:51:51 : 5152 steps taken, and 1129 accepted.
[0 : mcmc] Progress @ 2025-04-24 12:52:05 : 5320 steps taken, and 1089 accepted.
[1 : mcmc] Progress @ 2025-04-24 12:52:38 : 5074 steps taken, and 1116 accepted.
[3 : mcmc] Progress @ 2025-04-24 12:53:46 : 5150 steps taken, and 1125 accepted.
[2 : mcmc] Progress @ 2025-04-24 12:54:02 : 5166 steps taken, and 1132 accepted.
[0 : mcmc] Progress @ 2025-04-24 12:54:18 : 5327 steps taken, and 1092 accepted.
[1 : mcmc] Progress @ 2025-04-24 12:54:39 : 5081 steps taken, and 1116 accepted.
[3 : mcmc] Progress @ 2025-04-24 12:56:08 : 5158 steps taken, and 1128 accepted.
[2 : mcmc] Progress @ 2025-04-24 12:56:18 : 5177 steps taken, and 1134 accepted.
[0 : mcmc] Progress @ 2025-04-24 12:56:18 : 5337 steps taken, and 1097 accepted.
[1 : mcmc] Progress @ 2025-04-24 12:56:41 : 5088 steps taken, and 1116 accepted.
[2 : mcmc] Progress @ 2025-04-24 12:58:19 : 5187 steps taken, and 1136 accepted.
[0 : mcmc] Progress @ 2025-04-24 12:58:22 : 5345 steps taken, and 1099 accepted.
[3 : mcmc] Progress @ 2025-04-24 12:58:24 : 5165 steps taken, and 1132 accepted.
[1 : mcmc] Progress @ 2025-04-24 12:58:56 : 5096 steps taken, and 1116 accepted.
[2 : mcmc] Progress @ 2025-04-24 13:00:21 : 5198 steps taken, and 1137 accepted.
[3 : mcmc] Progress @ 2025-04-24 13:00:25 : 5173 steps taken, and 1133 accepted.
[0 : mcmc] Progress @ 2025-04-24 13:00:35 : 5353 steps taken, and 1102 accepted.
[1 : mcmc] Progress @ 2025-04-24 13:01:00 : 5102 steps taken, and 1119 accepted.
[2 : mcmc] Progress @ 2025-04-24 13:02:36 : 5211 steps taken, and 1141 accepted.
[3 : mcmc] Progress @ 2025-04-24 13:02:39 : 5180 steps taken, and 1136 accepted.
[0 : mcmc] Progress @ 2025-04-24 13:02:47 : 5362 steps taken, and 1103 accepted.
[1 : mcmc] Learn + convergence test @ 1120 samples accepted.
[1 : mcmc] Ready to check convergence and learn a new proposal covmat (waiting for the rest...)
[1 : mcmc] Progress @ 2025-04-24 13:03:14 : 5110 steps taken, and 1120 accepted.
[3 : mcmc] Progress @ 2025-04-24 13:04:41 : 5186 steps taken, and 1139 accepted.
[0 : mcmc] Progress @ 2025-04-24 13:04:49 : 5370 steps taken, and 1104 accepted.
[2 : mcmc] Progress @ 2025-04-24 13:04:49 : 5218 steps taken, and 1144 accepted.
[1 : mcmc] Progress @ 2025-04-24 13:05:29 : 5117 steps taken, and 1123 accepted.
[3 : mcmc] Progress @ 2025-04-24 13:06:42 : 5197 steps taken, and 1141 accepted.
[0 : mcmc] Progress @ 2025-04-24 13:06:50 : 5383 steps taken, and 1106 accepted.
[2 : mcmc] Progress @ 2025-04-24 13:07:04 : 5226 steps taken, and 1147 accepted.
[1 : mcmc] Progress @ 2025-04-24 13:07:31 : 5128 steps taken, and 1125 accepted.
[3 : mcmc] Progress @ 2025-04-24 13:08:42 : 5205 steps taken, and 1144 accepted.
[0 : mcmc] Progress @ 2025-04-24 13:09:14 : 5394 steps taken, and 1108 accepted.
[2 : mcmc] Progress @ 2025-04-24 13:09:21 : 5234 steps taken, and 1149 accepted.
[1 : mcmc] Progress @ 2025-04-24 13:09:35 : 5136 steps taken, and 1126 accepted.
[3 : mcmc] Progress @ 2025-04-24 13:10:55 : 5216 steps taken, and 1146 accepted.
[0 : mcmc] Progress @ 2025-04-24 13:11:16 : 5407 steps taken, and 1110 accepted.
[2 : mcmc] Progress @ 2025-04-24 13:11:31 : 5241 steps taken, and 1151 accepted.
[1 : mcmc] Progress @ 2025-04-24 13:11:37 : 5148 steps taken, and 1129 accepted.
[3 : mcmc] Progress @ 2025-04-24 13:13:05 : 5226 steps taken, and 1150 accepted.
[0 : mcmc] Progress @ 2025-04-24 13:13:20 : 5423 steps taken, and 1114 accepted.
[2 : mcmc] Progress @ 2025-04-24 13:13:42 : 5253 steps taken, and 1154 accepted.
[1 : mcmc] Progress @ 2025-04-24 13:13:53 : 5163 steps taken, and 1134 accepted.
[3 : mcmc] Progress @ 2025-04-24 13:15:10 : 5239 steps taken, and 1155 accepted.
[0 : mcmc] Progress @ 2025-04-24 13:15:23 : 5432 steps taken, and 1117 accepted.
[2 : mcmc] Progress @ 2025-04-24 13:15:49 : 5262 steps taken, and 1156 accepted.
[1 : mcmc] Progress @ 2025-04-24 13:15:58 : 5172 steps taken, and 1139 accepted.
[3 : mcmc] Progress @ 2025-04-24 13:17:19 : 5249 steps taken, and 1157 accepted.
[0 : mcmc] Progress @ 2025-04-24 13:17:27 : 5443 steps taken, and 1117 accepted.
[1 : mcmc] Progress @ 2025-04-24 13:18:01 : 5186 steps taken, and 1143 accepted.
[2 : mcmc] Progress @ 2025-04-24 13:18:05 : 5273 steps taken, and 1159 accepted.
[3 : mcmc] Progress @ 2025-04-24 13:19:23 : 5260 steps taken, and 1160 accepted.
[0 : mcmc] Progress @ 2025-04-24 13:19:29 : 5452 steps taken, and 1118 accepted.
[1 : mcmc] Progress @ 2025-04-24 13:20:04 : 5196 steps taken, and 1146 accepted.
[2 : mcmc] Progress @ 2025-04-24 13:20:16 : 5286 steps taken, and 1164 accepted.
[0 : mcmc] Learn + convergence test @ 1120 samples accepted.
[0 : mcmc] Ready to check convergence and learn a new proposal covmat (waiting for the rest...)
[3 : mcmc] Progress @ 2025-04-24 13:21:25 : 5272 steps taken, and 1163 accepted.
[0 : mcmc] Progress @ 2025-04-24 13:21:44 : 5462 steps taken, and 1121 accepted.
[1 : mcmc] Progress @ 2025-04-24 13:22:20 : 5205 steps taken, and 1147 accepted.
[2 : mcmc] Progress @ 2025-04-24 13:22:26 : 5295 steps taken, and 1169 accepted.
[3 : mcmc] Progress @ 2025-04-24 13:23:32 : 5282 steps taken, and 1169 accepted.
[0 : mcmc] Progress @ 2025-04-24 13:23:54 : 5474 steps taken, and 1125 accepted.
[1 : mcmc] Progress @ 2025-04-24 13:24:25 : 5215 steps taken, and 1151 accepted.
[2 : mcmc] Progress @ 2025-04-24 13:24:28 : 5304 steps taken, and 1174 accepted.
[3 : mcmc] Progress @ 2025-04-24 13:25:36 : 5295 steps taken, and 1174 accepted.
[0 : mcmc] Progress @ 2025-04-24 13:25:55 : 5482 steps taken, and 1128 accepted.
[1 : mcmc] Progress @ 2025-04-24 13:26:27 : 5224 steps taken, and 1151 accepted.
[2 : mcmc] Progress @ 2025-04-24 13:26:38 : 5317 steps taken, and 1178 accepted.
[3 : mcmc] Progress @ 2025-04-24 13:27:44 : 5308 steps taken, and 1177 accepted.
[0 : mcmc] Progress @ 2025-04-24 13:28:09 : 5494 steps taken, and 1133 accepted.
[1 : mcmc] Progress @ 2025-04-24 13:28:38 : 5233 steps taken, and 1155 accepted.
[2 : mcmc] Progress @ 2025-04-24 13:28:44 : 5327 steps taken, and 1183 accepted.
[3 : mcmc] Progress @ 2025-04-24 13:29:44 : 5320 steps taken, and 1178 accepted.
[0 : mcmc] Progress @ 2025-04-24 13:30:15 : 5504 steps taken, and 1136 accepted.
[1 : mcmc] Progress @ 2025-04-24 13:30:45 : 5242 steps taken, and 1157 accepted.
[2 : mcmc] Progress @ 2025-04-24 13:31:00 : 5342 steps taken, and 1184 accepted.
[3 : mcmc] Progress @ 2025-04-24 13:31:53 : 5331 steps taken, and 1182 accepted.
[0 : mcmc] Progress @ 2025-04-24 13:32:24 : 5514 steps taken, and 1140 accepted.
[1 : mcmc] Progress @ 2025-04-24 13:32:52 : 5252 steps taken, and 1159 accepted.
[2 : mcmc] Progress @ 2025-04-24 13:33:05 : 5358 steps taken, and 1188 accepted.
[3 : mcmc] Progress @ 2025-04-24 13:33:56 : 5343 steps taken, and 1183 accepted.
[0 : mcmc] Progress @ 2025-04-24 13:34:30 : 5525 steps taken, and 1144 accepted.
[1 : mcmc] Progress @ 2025-04-24 13:34:53 : 5260 steps taken, and 1161 accepted.
[2 : mcmc] Progress @ 2025-04-24 13:35:09 : 5371 steps taken, and 1190 accepted.
[3 : mcmc] Progress @ 2025-04-24 13:36:01 : 5352 steps taken, and 1185 accepted.
[0 : mcmc] Progress @ 2025-04-24 13:36:38 : 5539 steps taken, and 1146 accepted.
[1 : mcmc] Progress @ 2025-04-24 13:37:04 : 5271 steps taken, and 1165 accepted.
[2 : mcmc] Progress @ 2025-04-24 13:37:22 : 5383 steps taken, and 1191 accepted.
[3 : mcmc] Progress @ 2025-04-24 13:38:10 : 5363 steps taken, and 1191 accepted.
[0 : mcmc] Progress @ 2025-04-24 13:38:52 : 5558 steps taken, and 1150 accepted.
[1 : mcmc] Progress @ 2025-04-24 13:39:20 : 5283 steps taken, and 1168 accepted.
[2 : mcmc] Progress @ 2025-04-24 13:39:38 : 5395 steps taken, and 1195 accepted.
[3 : mcmc] Progress @ 2025-04-24 13:40:18 : 5374 steps taken, and 1194 accepted.
[0 : mcmc] Progress @ 2025-04-24 13:40:59 : 5570 steps taken, and 1156 accepted.
[1 : mcmc] Progress @ 2025-04-24 13:41:33 : 5294 steps taken, and 1170 accepted.
[2 : mcmc] Progress @ 2025-04-24 13:41:45 : 5409 steps taken, and 1198 accepted.
[3 : mcmc] Progress @ 2025-04-24 13:42:19 : 5390 steps taken, and 1198 accepted.
[2 : mcmc] Learn + convergence test @ 1200 samples accepted.
[2 : mcmc] Ready to check convergence and learn a new proposal covmat (waiting for the rest...)
[0 : mcmc] Progress @ 2025-04-24 13:43:04 : 5587 steps taken, and 1160 accepted.
[3 : mcmc] Learn + convergence test @ 1200 samples accepted.
[1 : mcmc] Progress @ 2025-04-24 13:43:33 : 5314 steps taken, and 1172 accepted.
[0 : mcmc] All chains are ready to check convergence and learn a new proposal covmat
[0 : mcmc]  - Acceptance rate: 0.274 = avg([0.2733, 0.2726, 0.2721, 0.2776])
[0 : mcmc]  - Convergence of means: R-1 = 0.089337 after 4735 accepted steps = sum([1161, 1173, 1200, 1201])
[0 : mcmc]  - Updated covariance matrix of proposal pdf.
[2 : mcmc] Progress @ 2025-04-24 13:44:43 : 5417 steps taken, and 1200 accepted.
[3 : mcmc] Progress @ 2025-04-24 13:44:52 : 5395 steps taken, and 1201 accepted.
[0 : mcmc] Progress @ 2025-04-24 13:45:07 : 5599 steps taken, and 1162 accepted.
[1 : mcmc] Progress @ 2025-04-24 13:45:40 : 5329 steps taken, and 1174 accepted.
[2 : mcmc] Progress @ 2025-04-24 13:46:48 : 5427 steps taken, and 1202 accepted.
[3 : mcmc] Progress @ 2025-04-24 13:47:09 : 5407 steps taken, and 1201 accepted.
[0 : mcmc] Progress @ 2025-04-24 13:47:24 : 5617 steps taken, and 1166 accepted.
[1 : mcmc] Progress @ 2025-04-24 13:47:43 : 5342 steps taken, and 1177 accepted.
[2 : mcmc] Progress @ 2025-04-24 13:48:48 : 5439 steps taken, and 1207 accepted.
[3 : mcmc] Progress @ 2025-04-24 13:49:19 : 5420 steps taken, and 1205 accepted.
[0 : mcmc] Progress @ 2025-04-24 13:49:27 : 5632 steps taken, and 1168 accepted.
[1 : mcmc] Progress @ 2025-04-24 13:49:54 : 5356 steps taken, and 1183 accepted.
[2 : mcmc] Progress @ 2025-04-24 13:50:55 : 5451 steps taken, and 1211 accepted.
[3 : mcmc] Progress @ 2025-04-24 13:51:22 : 5430 steps taken, and 1209 accepted.
[0 : mcmc] Progress @ 2025-04-24 13:51:35 : 5648 steps taken, and 1173 accepted.
[1 : mcmc] Progress @ 2025-04-24 13:52:09 : 5376 steps taken, and 1187 accepted.
[2 : mcmc] Progress @ 2025-04-24 13:53:02 : 5465 steps taken, and 1212 accepted.
[3 : mcmc] Progress @ 2025-04-24 13:53:22 : 5445 steps taken, and 1212 accepted.
[0 : mcmc] Progress @ 2025-04-24 13:53:39 : 5661 steps taken, and 1176 accepted.
[1 : mcmc] Progress @ 2025-04-24 13:54:16 : 5390 steps taken, and 1188 accepted.
[2 : mcmc] Progress @ 2025-04-24 13:55:14 : 5478 steps taken, and 1216 accepted.
[3 : mcmc] Progress @ 2025-04-24 13:55:32 : 5456 steps taken, and 1216 accepted.
[0 : mcmc] Progress @ 2025-04-24 13:55:47 : 5676 steps taken, and 1179 accepted.
[1 : mcmc] Progress @ 2025-04-24 13:56:19 : 5399 steps taken, and 1190 accepted.
[2 : mcmc] Progress @ 2025-04-24 13:57:21 : 5494 steps taken, and 1223 accepted.
[3 : mcmc] Progress @ 2025-04-24 13:57:38 : 5466 steps taken, and 1220 accepted.
[0 : mcmc] Progress @ 2025-04-24 13:58:03 : 5687 steps taken, and 1184 accepted.
[1 : mcmc] Progress @ 2025-04-24 13:58:27 : 5412 steps taken, and 1194 accepted.
[2 : mcmc] Progress @ 2025-04-24 13:59:29 : 5507 steps taken, and 1226 accepted.
[3 : mcmc] Progress @ 2025-04-24 13:59:42 : 5479 steps taken, and 1224 accepted.
[0 : mcmc] Progress @ 2025-04-24 14:00:09 : 5700 steps taken, and 1187 accepted.
[1 : mcmc] Progress @ 2025-04-24 14:00:33 : 5423 steps taken, and 1197 accepted.
[2 : mcmc] Progress @ 2025-04-24 14:01:43 : 5518 steps taken, and 1229 accepted.
[3 : mcmc] Progress @ 2025-04-24 14:01:51 : 5489 steps taken, and 1225 accepted.
[1 : mcmc] Learn + convergence test @ 1200 samples accepted.
[1 : mcmc] Ready to check convergence and learn a new proposal covmat (waiting for the rest...)
[0 : mcmc] Progress @ 2025-04-24 14:02:24 : 5713 steps taken, and 1190 accepted.
[1 : mcmc] Progress @ 2025-04-24 14:02:48 : 5440 steps taken, and 1202 accepted.
[2 : mcmc] Progress @ 2025-04-24 14:03:45 : 5532 steps taken, and 1230 accepted.
[3 : mcmc] Progress @ 2025-04-24 14:03:55 : 5505 steps taken, and 1227 accepted.
[0 : mcmc] Progress @ 2025-04-24 14:04:41 : 5724 steps taken, and 1193 accepted.
[1 : mcmc] Progress @ 2025-04-24 14:04:56 : 5450 steps taken, and 1203 accepted.
[2 : mcmc] Progress @ 2025-04-24 14:05:58 : 5544 steps taken, and 1233 accepted.
[3 : mcmc] Progress @ 2025-04-24 14:06:11 : 5516 steps taken, and 1230 accepted.
[0 : mcmc] Progress @ 2025-04-24 14:06:47 : 5734 steps taken, and 1196 accepted.
[1 : mcmc] Progress @ 2025-04-24 14:07:09 : 5463 steps taken, and 1205 accepted.
[2 : mcmc] Progress @ 2025-04-24 14:08:14 : 5558 steps taken, and 1236 accepted.
[3 : mcmc] Progress @ 2025-04-24 14:08:25 : 5529 steps taken, and 1236 accepted.
[0 : mcmc] Progress @ 2025-04-24 14:09:02 : 5744 steps taken, and 1199 accepted.
[1 : mcmc] Progress @ 2025-04-24 14:09:09 : 5478 steps taken, and 1209 accepted.
[0 : mcmc] Learn + convergence test @ 1200 samples accepted.
[0 : mcmc] Ready to check convergence and learn a new proposal covmat (waiting for the rest...)
[2 : mcmc] Progress @ 2025-04-24 14:10:19 : 5566 steps taken, and 1237 accepted.
[3 : mcmc] Progress @ 2025-04-24 14:10:40 : 5540 steps taken, and 1238 accepted.
[0 : mcmc] Progress @ 2025-04-24 14:11:07 : 5753 steps taken, and 1205 accepted.
[1 : mcmc] Progress @ 2025-04-24 14:11:12 : 5497 steps taken, and 1213 accepted.
[2 : mcmc] Progress @ 2025-04-24 14:12:20 : 5579 steps taken, and 1239 accepted.
[3 : mcmc] Progress @ 2025-04-24 14:12:47 : 5558 steps taken, and 1241 accepted.
[0 : mcmc] Progress @ 2025-04-24 14:13:07 : 5764 steps taken, and 1208 accepted.
[1 : mcmc] Progress @ 2025-04-24 14:13:20 : 5510 steps taken, and 1217 accepted.
[2 : mcmc] Progress @ 2025-04-24 14:14:23 : 5588 steps taken, and 1243 accepted.
[3 : mcmc] Progress @ 2025-04-24 14:14:49 : 5570 steps taken, and 1243 accepted.
[0 : mcmc] Progress @ 2025-04-24 14:15:22 : 5775 steps taken, and 1209 accepted.
[1 : mcmc] Progress @ 2025-04-24 14:15:32 : 5521 steps taken, and 1218 accepted.
[2 : mcmc] Progress @ 2025-04-24 14:16:36 : 5598 steps taken, and 1247 accepted.
[3 : mcmc] Progress @ 2025-04-24 14:17:05 : 5585 steps taken, and 1247 accepted.
[0 : mcmc] Progress @ 2025-04-24 14:17:30 : 5784 steps taken, and 1210 accepted.
[1 : mcmc] Progress @ 2025-04-24 14:17:38 : 5535 steps taken, and 1224 accepted.
[2 : mcmc] Progress @ 2025-04-24 14:18:43 : 5608 steps taken, and 1249 accepted.
[3 : mcmc] Progress @ 2025-04-24 14:19:14 : 5594 steps taken, and 1249 accepted.
[0 : mcmc] Progress @ 2025-04-24 14:19:35 : 5793 steps taken, and 1212 accepted.
[1 : mcmc] Progress @ 2025-04-24 14:19:39 : 5547 steps taken, and 1225 accepted.
[2 : mcmc] Progress @ 2025-04-24 14:20:51 : 5623 steps taken, and 1255 accepted.
[3 : mcmc] Progress @ 2025-04-24 14:21:27 : 5604 steps taken, and 1250 accepted.
[0 : mcmc] Progress @ 2025-04-24 14:21:45 : 5803 steps taken, and 1215 accepted.
[1 : mcmc] Progress @ 2025-04-24 14:21:54 : 5559 steps taken, and 1230 accepted.
[2 : mcmc] Progress @ 2025-04-24 14:22:57 : 5651 steps taken, and 1259 accepted.
[3 : mcmc] Progress @ 2025-04-24 14:23:29 : 5612 steps taken, and 1253 accepted.
[0 : mcmc] Progress @ 2025-04-24 14:23:48 : 5813 steps taken, and 1219 accepted.
[1 : mcmc] Progress @ 2025-04-24 14:23:55 : 5570 steps taken, and 1233 accepted.
[2 : mcmc] Progress @ 2025-04-24 14:25:12 : 5670 steps taken, and 1261 accepted.
[3 : mcmc] Progress @ 2025-04-24 14:25:38 : 5624 steps taken, and 1256 accepted.
[1 : mcmc] Progress @ 2025-04-24 14:25:58 : 5579 steps taken, and 1237 accepted.
[0 : mcmc] Progress @ 2025-04-24 14:25:59 : 5824 steps taken, and 1221 accepted.
[2 : mcmc] Progress @ 2025-04-24 14:27:23 : 5682 steps taken, and 1265 accepted.
[3 : mcmc] Progress @ 2025-04-24 14:27:42 : 5633 steps taken, and 1261 accepted.
[0 : mcmc] Progress @ 2025-04-24 14:28:02 : 5833 steps taken, and 1224 accepted.
[1 : mcmc] Progress @ 2025-04-24 14:28:12 : 5590 steps taken, and 1239 accepted.
[2 : mcmc] Progress @ 2025-04-24 14:29:24 : 5697 steps taken, and 1268 accepted.
[3 : mcmc] Progress @ 2025-04-24 14:29:59 : 5657 steps taken, and 1263 accepted.
[0 : mcmc] Progress @ 2025-04-24 14:30:03 : 5841 steps taken, and 1228 accepted.
[1 : mcmc] Progress @ 2025-04-24 14:30:20 : 5602 steps taken, and 1243 accepted.
[2 : mcmc] Progress @ 2025-04-24 14:31:32 : 5710 steps taken, and 1271 accepted.
[3 : mcmc] Progress @ 2025-04-24 14:32:06 : 5668 steps taken, and 1265 accepted.
[0 : mcmc] Progress @ 2025-04-24 14:32:08 : 5852 steps taken, and 1232 accepted.
[1 : mcmc] Progress @ 2025-04-24 14:32:20 : 5614 steps taken, and 1248 accepted.
[2 : mcmc] Progress @ 2025-04-24 14:33:45 : 5719 steps taken, and 1274 accepted.
[0 : mcmc] Progress @ 2025-04-24 14:34:09 : 5863 steps taken, and 1234 accepted.
[3 : mcmc] Progress @ 2025-04-24 14:34:17 : 5677 steps taken, and 1269 accepted.
[1 : mcmc] Progress @ 2025-04-24 14:34:25 : 5627 steps taken, and 1253 accepted.
[2 : mcmc] Progress @ 2025-04-24 14:35:53 : 5729 steps taken, and 1275 accepted.
[0 : mcmc] Progress @ 2025-04-24 14:36:21 : 5872 steps taken, and 1236 accepted.
[1 : mcmc] Progress @ 2025-04-24 14:36:27 : 5638 steps taken, and 1256 accepted.
[3 : mcmc] Progress @ 2025-04-24 14:36:30 : 5687 steps taken, and 1271 accepted.
[2 : mcmc] Progress @ 2025-04-24 14:37:55 : 5745 steps taken, and 1279 accepted.
[0 : mcmc] Progress @ 2025-04-24 14:38:31 : 5883 steps taken, and 1242 accepted.
[1 : mcmc] Progress @ 2025-04-24 14:38:32 : 5648 steps taken, and 1258 accepted.
[3 : mcmc] Progress @ 2025-04-24 14:38:43 : 5698 steps taken, and 1276 accepted.
[3 : mcmc] Learn + convergence test @ 1280 samples accepted.
[3 : mcmc] Ready to check convergence and learn a new proposal covmat (waiting for the rest...)
[2 : mcmc] Progress @ 2025-04-24 14:40:02 : 5760 steps taken, and 1279 accepted.
[0 : mcmc] Progress @ 2025-04-24 14:40:33 : 5892 steps taken, and 1246 accepted.
[1 : mcmc] Progress @ 2025-04-24 14:40:43 : 5657 steps taken, and 1261 accepted.
[3 : mcmc] Progress @ 2025-04-24 14:40:57 : 5707 steps taken, and 1281 accepted.
[2 : mcmc] Learn + convergence test @ 1280 samples accepted.
[2 : mcmc] Ready to check convergence and learn a new proposal covmat (waiting for the rest...)
[0 : mcmc] Progress @ 2025-04-24 14:42:34 : 5901 steps taken, and 1247 accepted.
[0 : mcmc] All chains are ready to check convergence and learn a new proposal covmat
[0 : mcmc]  - Acceptance rate: 0.270 = avg([0.2710, 0.2710, 0.2621, 0.2745])
[0 : mcmc]  - Convergence of means: R-1 = 0.054676 after 5074 accepted steps = sum([1248, 1263, 1280, 1283])
[0 : mcmc]  - Updated covariance matrix of proposal pdf.
[1 : mcmc] Progress @ 2025-04-24 14:44:24 : 5665 steps taken, and 1263 accepted.
[0 : mcmc] Progress @ 2025-04-24 14:44:39 : 5915 steps taken, and 1249 accepted.
[2 : mcmc] Progress @ 2025-04-24 14:44:41 : 5770 steps taken, and 1280 accepted.
[3 : mcmc] Progress @ 2025-04-24 14:44:41 : 5717 steps taken, and 1283 accepted.
[1 : mcmc] Progress @ 2025-04-24 14:46:25 : 5677 steps taken, and 1267 accepted.
[0 : mcmc] Progress @ 2025-04-24 14:46:40 : 5923 steps taken, and 1254 accepted.
[3 : mcmc] Progress @ 2025-04-24 14:46:41 : 5736 steps taken, and 1287 accepted.
[2 : mcmc] Progress @ 2025-04-24 14:46:53 : 5781 steps taken, and 1282 accepted.
[1 : mcmc] Progress @ 2025-04-24 14:48:43 : 5689 steps taken, and 1270 accepted.
[0 : mcmc] Progress @ 2025-04-24 14:48:48 : 5932 steps taken, and 1258 accepted.
[2 : mcmc] Progress @ 2025-04-24 14:48:54 : 5790 steps taken, and 1286 accepted.
[3 : mcmc] Progress @ 2025-04-24 14:48:57 : 5748 steps taken, and 1291 accepted.
[1 : mcmc] Progress @ 2025-04-24 14:50:44 : 5698 steps taken, and 1276 accepted.
[3 : mcmc] Progress @ 2025-04-24 14:50:58 : 5758 steps taken, and 1294 accepted.
[0 : mcmc] Progress @ 2025-04-24 14:51:01 : 5948 steps taken, and 1259 accepted.
[2 : mcmc] Progress @ 2025-04-24 14:51:02 : 5801 steps taken, and 1288 accepted.
[1 : mcmc] Progress @ 2025-04-24 14:52:55 : 5710 steps taken, and 1280 accepted.
[1 : mcmc] Learn + convergence test @ 1280 samples accepted.
[1 : mcmc] Ready to check convergence and learn a new proposal covmat (waiting for the rest...)
[3 : mcmc] Progress @ 2025-04-24 14:53:06 : 5768 steps taken, and 1298 accepted.
[2 : mcmc] Progress @ 2025-04-24 14:53:09 : 5811 steps taken, and 1293 accepted.
[0 : mcmc] Progress @ 2025-04-24 14:53:15 : 5963 steps taken, and 1263 accepted.
[1 : mcmc] Progress @ 2025-04-24 14:54:55 : 5719 steps taken, and 1282 accepted.
[2 : mcmc] Progress @ 2025-04-24 14:55:13 : 5821 steps taken, and 1296 accepted.
[0 : mcmc] Progress @ 2025-04-24 14:55:15 : 5974 steps taken, and 1264 accepted.
[3 : mcmc] Progress @ 2025-04-24 14:55:18 : 5777 steps taken, and 1300 accepted.
[1 : mcmc] Progress @ 2025-04-24 14:57:07 : 5728 steps taken, and 1285 accepted.
[3 : mcmc] Progress @ 2025-04-24 14:57:20 : 5786 steps taken, and 1302 accepted.
[2 : mcmc] Progress @ 2025-04-24 14:57:23 : 5836 steps taken, and 1299 accepted.
[0 : mcmc] Progress @ 2025-04-24 14:57:25 : 5984 steps taken, and 1265 accepted.
[3 : mcmc] Progress @ 2025-04-24 14:59:22 : 5794 steps taken, and 1308 accepted.
[2 : mcmc] Progress @ 2025-04-24 14:59:24 : 5850 steps taken, and 1304 accepted.
[1 : mcmc] Progress @ 2025-04-24 14:59:26 : 5739 steps taken, and 1288 accepted.
[0 : mcmc] Progress @ 2025-04-24 14:59:33 : 5995 steps taken, and 1267 accepted.
[2 : mcmc] Progress @ 2025-04-24 15:01:26 : 5860 steps taken, and 1309 accepted.
[1 : mcmc] Progress @ 2025-04-24 15:01:29 : 5748 steps taken, and 1294 accepted.
[3 : mcmc] Progress @ 2025-04-24 15:01:35 : 5807 steps taken, and 1311 accepted.
[0 : mcmc] Progress @ 2025-04-24 15:01:42 : 6006 steps taken, and 1271 accepted.
[2 : mcmc] Progress @ 2025-04-24 15:03:28 : 5868 steps taken, and 1313 accepted.
[1 : mcmc] Progress @ 2025-04-24 15:03:41 : 5759 steps taken, and 1297 accepted.
[3 : mcmc] Progress @ 2025-04-24 15:03:46 : 5816 steps taken, and 1313 accepted.
[0 : mcmc] Progress @ 2025-04-24 15:03:51 : 6017 steps taken, and 1275 accepted.
[2 : mcmc] Progress @ 2025-04-24 15:05:38 : 5880 steps taken, and 1315 accepted.
[1 : mcmc] Progress @ 2025-04-24 15:05:48 : 5769 steps taken, and 1300 accepted.
[0 : mcmc] Progress @ 2025-04-24 15:05:55 : 6033 steps taken, and 1277 accepted.
[3 : mcmc] Progress @ 2025-04-24 15:05:56 : 5826 steps taken, and 1318 accepted.
[2 : mcmc] Progress @ 2025-04-24 15:07:40 : 5890 steps taken, and 1318 accepted.
[0 : mcmc] Learn + convergence test @ 1280 samples accepted.
[0 : mcmc] Ready to check convergence and learn a new proposal covmat (waiting for the rest...)
[1 : mcmc] Progress @ 2025-04-24 15:07:52 : 5781 steps taken, and 1306 accepted.
[3 : mcmc] Progress @ 2025-04-24 15:07:56 : 5839 steps taken, and 1321 accepted.
[0 : mcmc] Progress @ 2025-04-24 15:08:04 : 6043 steps taken, and 1280 accepted.
[2 : mcmc] Progress @ 2025-04-24 15:09:54 : 5902 steps taken, and 1322 accepted.
[1 : mcmc] Progress @ 2025-04-24 15:09:54 : 5795 steps taken, and 1307 accepted.
[3 : mcmc] Progress @ 2025-04-24 15:09:59 : 5850 steps taken, and 1324 accepted.
[0 : mcmc] Progress @ 2025-04-24 15:10:09 : 6051 steps taken, and 1280 accepted.
[2 : mcmc] Progress @ 2025-04-24 15:11:56 : 5917 steps taken, and 1325 accepted.
[1 : mcmc] Progress @ 2025-04-24 15:12:06 : 5807 steps taken, and 1313 accepted.
[0 : mcmc] Progress @ 2025-04-24 15:12:10 : 6063 steps taken, and 1280 accepted.
[3 : mcmc] Progress @ 2025-04-24 15:12:12 : 5859 steps taken, and 1327 accepted.
[2 : mcmc] Progress @ 2025-04-24 15:13:58 : 5934 steps taken, and 1328 accepted.
[1 : mcmc] Progress @ 2025-04-24 15:14:07 : 5826 steps taken, and 1315 accepted.
[3 : mcmc] Progress @ 2025-04-24 15:14:12 : 5875 steps taken, and 1328 accepted.
[0 : mcmc] Progress @ 2025-04-24 15:14:13 : 6073 steps taken, and 1283 accepted.
[2 : mcmc] Progress @ 2025-04-24 15:16:02 : 5943 steps taken, and 1329 accepted.
[1 : mcmc] Progress @ 2025-04-24 15:16:12 : 5834 steps taken, and 1319 accepted.
[3 : mcmc] Progress @ 2025-04-24 15:16:15 : 5885 steps taken, and 1331 accepted.
[0 : mcmc] Progress @ 2025-04-24 15:16:24 : 6082 steps taken, and 1286 accepted.
[2 : mcmc] Progress @ 2025-04-24 15:18:06 : 5955 steps taken, and 1333 accepted.
[1 : mcmc] Progress @ 2025-04-24 15:18:17 : 5846 steps taken, and 1322 accepted.
[3 : mcmc] Progress @ 2025-04-24 15:18:26 : 5894 steps taken, and 1333 accepted.
[0 : mcmc] Progress @ 2025-04-24 15:18:32 : 6093 steps taken, and 1291 accepted.
[2 : mcmc] Progress @ 2025-04-24 15:20:10 : 5967 steps taken, and 1336 accepted.
[1 : mcmc] Progress @ 2025-04-24 15:20:20 : 5861 steps taken, and 1327 accepted.
[3 : mcmc] Progress @ 2025-04-24 15:20:30 : 5903 steps taken, and 1335 accepted.
[0 : mcmc] Progress @ 2025-04-24 15:20:47 : 6102 steps taken, and 1295 accepted.
[2 : mcmc] Progress @ 2025-04-24 15:22:23 : 5977 steps taken, and 1338 accepted.
[1 : mcmc] Progress @ 2025-04-24 15:22:31 : 5874 steps taken, and 1331 accepted.
[3 : mcmc] Progress @ 2025-04-24 15:22:32 : 5913 steps taken, and 1338 accepted.
[0 : mcmc] Progress @ 2025-04-24 15:22:59 : 6112 steps taken, and 1301 accepted.
[1 : mcmc] Progress @ 2025-04-24 15:24:34 : 5884 steps taken, and 1333 accepted.
[2 : mcmc] Progress @ 2025-04-24 15:24:37 : 5987 steps taken, and 1340 accepted.
[3 : mcmc] Progress @ 2025-04-24 15:24:39 : 5924 steps taken, and 1340 accepted.
[0 : mcmc] Progress @ 2025-04-24 15:25:02 : 6122 steps taken, and 1304 accepted.
[1 : mcmc] Progress @ 2025-04-24 15:26:39 : 5892 steps taken, and 1335 accepted.
[2 : mcmc] Progress @ 2025-04-24 15:26:46 : 6000 steps taken, and 1340 accepted.
[3 : mcmc] Progress @ 2025-04-24 15:26:54 : 5933 steps taken, and 1344 accepted.
[0 : mcmc] Progress @ 2025-04-24 15:27:16 : 6131 steps taken, and 1307 accepted.
[1 : mcmc] Progress @ 2025-04-24 15:28:52 : 5907 steps taken, and 1339 accepted.
[3 : mcmc] Progress @ 2025-04-24 15:28:55 : 5948 steps taken, and 1345 accepted.
[2 : mcmc] Progress @ 2025-04-24 15:28:56 : 6015 steps taken, and 1343 accepted.
[0 : mcmc] Progress @ 2025-04-24 15:29:28 : 6142 steps taken, and 1309 accepted.
[1 : mcmc] Progress @ 2025-04-24 15:31:02 : 5920 steps taken, and 1341 accepted.
[2 : mcmc] Progress @ 2025-04-24 15:31:07 : 6027 steps taken, and 1346 accepted.
[3 : mcmc] Progress @ 2025-04-24 15:31:08 : 5959 steps taken, and 1348 accepted.
[0 : mcmc] Progress @ 2025-04-24 15:31:30 : 6152 steps taken, and 1312 accepted.
[1 : mcmc] Progress @ 2025-04-24 15:33:05 : 5929 steps taken, and 1345 accepted.
[3 : mcmc] Progress @ 2025-04-24 15:33:12 : 5971 steps taken, and 1350 accepted.
[2 : mcmc] Progress @ 2025-04-24 15:33:19 : 6041 steps taken, and 1348 accepted.
[0 : mcmc] Progress @ 2025-04-24 15:33:33 : 6162 steps taken, and 1317 accepted.
[1 : mcmc] Progress @ 2025-04-24 15:35:12 : 5937 steps taken, and 1350 accepted.
[3 : mcmc] Progress @ 2025-04-24 15:35:15 : 5982 steps taken, and 1353 accepted.
[2 : mcmc] Progress @ 2025-04-24 15:35:30 : 6054 steps taken, and 1354 accepted.
[0 : mcmc] Progress @ 2025-04-24 15:35:37 : 6173 steps taken, and 1318 accepted.
[3 : mcmc] Progress @ 2025-04-24 15:37:17 : 5996 steps taken, and 1356 accepted.
[1 : mcmc] Progress @ 2025-04-24 15:37:25 : 5946 steps taken, and 1354 accepted.
[2 : mcmc] Progress @ 2025-04-24 15:37:33 : 6067 steps taken, and 1357 accepted.
[0 : mcmc] Progress @ 2025-04-24 15:37:47 : 6185 steps taken, and 1322 accepted.
[3 : mcmc] Learn + convergence test @ 1360 samples accepted.
[3 : mcmc] Ready to check convergence and learn a new proposal covmat (waiting for the rest...)
[2 : mcmc] Learn + convergence test @ 1360 samples accepted.
[2 : mcmc] Ready to check convergence and learn a new proposal covmat (waiting for the rest...)
[3 : mcmc] Progress @ 2025-04-24 15:39:31 : 6015 steps taken, and 1360 accepted.
[0 : mcmc] Progress @ 2025-04-24 15:39:50 : 6196 steps taken, and 1324 accepted.
[0 : mcmc] All chains are ready to check convergence and learn a new proposal covmat
[0 : mcmc]  - Acceptance rate: 0.271 = avg([0.2706, 0.2797, 0.2607, 0.2712])
[0 : mcmc]  - Convergence of means: R-1 = 0.062136 after 5404 accepted steps = sum([1325, 1357, 1361, 1361])
[0 : mcmc]  - Updated covariance matrix of proposal pdf.
[2 : mcmc] Progress @ 2025-04-24 15:40:11 : 6075 steps taken, and 1361 accepted.
[1 : mcmc] Progress @ 2025-04-24 15:40:21 : 5954 steps taken, and 1358 accepted.
[3 : mcmc] Progress @ 2025-04-24 15:41:35 : 6028 steps taken, and 1363 accepted.
[0 : mcmc] Progress @ 2025-04-24 15:41:51 : 6211 steps taken, and 1330 accepted.
[1 : mcmc] Learn + convergence test @ 1360 samples accepted.
[1 : mcmc] Ready to check convergence and learn a new proposal covmat (waiting for the rest...)
[2 : mcmc] Progress @ 2025-04-24 15:42:15 : 6086 steps taken, and 1364 accepted.
[1 : mcmc] Progress @ 2025-04-24 15:42:26 : 5963 steps taken, and 1361 accepted.
[3 : mcmc] Progress @ 2025-04-24 15:43:48 : 6037 steps taken, and 1366 accepted.
[0 : mcmc] Progress @ 2025-04-24 15:44:04 : 6221 steps taken, and 1334 accepted.
[2 : mcmc] Progress @ 2025-04-24 15:44:16 : 6104 steps taken, and 1367 accepted.
[1 : mcmc] Progress @ 2025-04-24 15:44:36 : 5976 steps taken, and 1363 accepted.
[3 : mcmc] Progress @ 2025-04-24 15:45:57 : 6049 steps taken, and 1370 accepted.
[0 : mcmc] Progress @ 2025-04-24 15:46:06 : 6230 steps taken, and 1337 accepted.
[2 : mcmc] Progress @ 2025-04-24 15:46:30 : 6115 steps taken, and 1373 accepted.
[1 : mcmc] Progress @ 2025-04-24 15:46:49 : 5988 steps taken, and 1366 accepted.
[3 : mcmc] Progress @ 2025-04-24 15:48:07 : 6058 steps taken, and 1374 accepted.
[0 : mcmc] Progress @ 2025-04-24 15:48:14 : 6240 steps taken, and 1340 accepted.
[2 : mcmc] Progress @ 2025-04-24 15:48:40 : 6126 steps taken, and 1376 accepted.
[1 : mcmc] Progress @ 2025-04-24 15:48:59 : 6000 steps taken, and 1370 accepted.
[3 : mcmc] Progress @ 2025-04-24 15:50:16 : 6069 steps taken, and 1376 accepted.
[0 : mcmc] Progress @ 2025-04-24 15:50:25 : 6256 steps taken, and 1342 accepted.
[2 : mcmc] Progress @ 2025-04-24 15:50:50 : 6139 steps taken, and 1378 accepted.
[1 : mcmc] Progress @ 2025-04-24 15:51:03 : 6011 steps taken, and 1375 accepted.
[3 : mcmc] Progress @ 2025-04-24 15:52:20 : 6079 steps taken, and 1381 accepted.
[0 : mcmc] Progress @ 2025-04-24 15:52:35 : 6265 steps taken, and 1343 accepted.
[2 : mcmc] Progress @ 2025-04-24 15:53:02 : 6153 steps taken, and 1382 accepted.
[1 : mcmc] Progress @ 2025-04-24 15:53:08 : 6022 steps taken, and 1379 accepted.
[3 : mcmc] Progress @ 2025-04-24 15:54:31 : 6094 steps taken, and 1385 accepted.
[0 : mcmc] Progress @ 2025-04-24 15:54:36 : 6278 steps taken, and 1346 accepted.
[2 : mcmc] Progress @ 2025-04-24 15:55:05 : 6163 steps taken, and 1384 accepted.
[1 : mcmc] Progress @ 2025-04-24 15:55:22 : 6033 steps taken, and 1384 accepted.
[3 : mcmc] Progress @ 2025-04-24 15:56:36 : 6104 steps taken, and 1387 accepted.
[0 : mcmc] Progress @ 2025-04-24 15:56:39 : 6289 steps taken, and 1349 accepted.
[2 : mcmc] Progress @ 2025-04-24 15:57:20 : 6172 steps taken, and 1390 accepted.
[1 : mcmc] Progress @ 2025-04-24 15:57:24 : 6044 steps taken, and 1389 accepted.
[3 : mcmc] Progress @ 2025-04-24 15:58:47 : 6114 steps taken, and 1390 accepted.
[0 : mcmc] Progress @ 2025-04-24 15:58:52 : 6303 steps taken, and 1352 accepted.
[2 : mcmc] Progress @ 2025-04-24 15:59:21 : 6184 steps taken, and 1396 accepted.
[1 : mcmc] Progress @ 2025-04-24 15:59:38 : 6055 steps taken, and 1395 accepted.
[3 : mcmc] Progress @ 2025-04-24 16:00:53 : 6125 steps taken, and 1394 accepted.
[0 : mcmc] Progress @ 2025-04-24 16:01:00 : 6313 steps taken, and 1356 accepted.
[2 : mcmc] Progress @ 2025-04-24 16:01:30 : 6200 steps taken, and 1398 accepted.
[1 : mcmc] Progress @ 2025-04-24 16:01:43 : 6065 steps taken, and 1398 accepted.
[0 : mcmc] Learn + convergence test @ 1360 samples accepted.
[0 : mcmc] Ready to check convergence and learn a new proposal covmat (waiting for the rest...)
[3 : mcmc] Progress @ 2025-04-24 16:02:56 : 6136 steps taken, and 1396 accepted.
[0 : mcmc] Progress @ 2025-04-24 16:03:11 : 6325 steps taken, and 1361 accepted.
[1 : mcmc] Progress @ 2025-04-24 16:03:44 : 6075 steps taken, and 1399 accepted.
[2 : mcmc] Progress @ 2025-04-24 16:03:45 : 6212 steps taken, and 1402 accepted.
[3 : mcmc] Progress @ 2025-04-24 16:05:06 : 6149 steps taken, and 1398 accepted.
[0 : mcmc] Progress @ 2025-04-24 16:05:22 : 6336 steps taken, and 1362 accepted.
[1 : mcmc] Progress @ 2025-04-24 16:05:57 : 6084 steps taken, and 1401 accepted.
[2 : mcmc] Progress @ 2025-04-24 16:05:59 : 6227 steps taken, and 1404 accepted.
[3 : mcmc] Progress @ 2025-04-24 16:07:10 : 6159 steps taken, and 1401 accepted.
[0 : mcmc] Progress @ 2025-04-24 16:07:31 : 6347 steps taken, and 1366 accepted.
[1 : mcmc] Progress @ 2025-04-24 16:08:07 : 6095 steps taken, and 1405 accepted.
[2 : mcmc] Progress @ 2025-04-24 16:08:14 : 6239 steps taken, and 1407 accepted.
[3 : mcmc] Progress @ 2025-04-24 16:09:12 : 6168 steps taken, and 1405 accepted.
[0 : mcmc] Progress @ 2025-04-24 16:09:41 : 6361 steps taken, and 1370 accepted.
[1 : mcmc] Progress @ 2025-04-24 16:10:12 : 6104 steps taken, and 1406 accepted.
[2 : mcmc] Progress @ 2025-04-24 16:10:16 : 6253 steps taken, and 1411 accepted.
[3 : mcmc] Progress @ 2025-04-24 16:11:23 : 6177 steps taken, and 1409 accepted.
[0 : mcmc] Progress @ 2025-04-24 16:11:51 : 6371 steps taken, and 1375 accepted.
[1 : mcmc] Progress @ 2025-04-24 16:12:15 : 6115 steps taken, and 1409 accepted.
[2 : mcmc] Progress @ 2025-04-24 16:12:26 : 6265 steps taken, and 1416 accepted.
[3 : mcmc] Progress @ 2025-04-24 16:13:34 : 6186 steps taken, and 1411 accepted.
[0 : mcmc] Progress @ 2025-04-24 16:13:56 : 6381 steps taken, and 1379 accepted.
[1 : mcmc] Progress @ 2025-04-24 16:14:16 : 6127 steps taken, and 1409 accepted.
[2 : mcmc] Progress @ 2025-04-24 16:14:27 : 6275 steps taken, and 1419 accepted.
[3 : mcmc] Progress @ 2025-04-24 16:15:37 : 6197 steps taken, and 1415 accepted.
[0 : mcmc] Progress @ 2025-04-24 16:15:58 : 6390 steps taken, and 1384 accepted.
[1 : mcmc] Progress @ 2025-04-24 16:16:28 : 6142 steps taken, and 1411 accepted.
[2 : mcmc] Progress @ 2025-04-24 16:16:31 : 6288 steps taken, and 1425 accepted.
[3 : mcmc] Progress @ 2025-04-24 16:17:50 : 6212 steps taken, and 1419 accepted.
[0 : mcmc] Progress @ 2025-04-24 16:18:14 : 6400 steps taken, and 1386 accepted.
[1 : mcmc] Progress @ 2025-04-24 16:18:43 : 6154 steps taken, and 1415 accepted.
[2 : mcmc] Progress @ 2025-04-24 16:18:45 : 6297 steps taken, and 1430 accepted.
[3 : mcmc] Progress @ 2025-04-24 16:20:01 : 6221 steps taken, and 1422 accepted.
[0 : mcmc] Progress @ 2025-04-24 16:20:24 : 6409 steps taken, and 1389 accepted.
[1 : mcmc] Progress @ 2025-04-24 16:20:44 : 6172 steps taken, and 1418 accepted.
[2 : mcmc] Progress @ 2025-04-24 16:20:56 : 6317 steps taken, and 1431 accepted.
[3 : mcmc] Progress @ 2025-04-24 16:22:07 : 6232 steps taken, and 1425 accepted.
[0 : mcmc] Progress @ 2025-04-24 16:22:26 : 6418 steps taken, and 1392 accepted.
[1 : mcmc] Progress @ 2025-04-24 16:22:47 : 6186 steps taken, and 1422 accepted.
[2 : mcmc] Progress @ 2025-04-24 16:23:07 : 6331 steps taken, and 1434 accepted.
[3 : mcmc] Progress @ 2025-04-24 16:24:09 : 6243 steps taken, and 1428 accepted.
[0 : mcmc] Progress @ 2025-04-24 16:24:27 : 6428 steps taken, and 1394 accepted.
[1 : mcmc] Progress @ 2025-04-24 16:24:58 : 6202 steps taken, and 1426 accepted.
[2 : mcmc] Progress @ 2025-04-24 16:25:16 : 6350 steps taken, and 1435 accepted.
[3 : mcmc] Progress @ 2025-04-24 16:26:30 : 6252 steps taken, and 1430 accepted.
[0 : mcmc] Progress @ 2025-04-24 16:26:36 : 6439 steps taken, and 1397 accepted.
[1 : mcmc] Progress @ 2025-04-24 16:27:02 : 6218 steps taken, and 1433 accepted.
[2 : mcmc] Progress @ 2025-04-24 16:27:30 : 6362 steps taken, and 1436 accepted.
[3 : mcmc] Progress @ 2025-04-24 16:28:33 : 6260 steps taken, and 1432 accepted.
[0 : mcmc] Progress @ 2025-04-24 16:28:46 : 6453 steps taken, and 1400 accepted.
[2 : mcmc] Learn + convergence test @ 1440 samples accepted.
[2 : mcmc] Ready to check convergence and learn a new proposal covmat (waiting for the rest...)
[1 : mcmc] Progress @ 2025-04-24 16:29:10 : 6233 steps taken, and 1437 accepted.
[2 : mcmc] Progress @ 2025-04-24 16:29:36 : 6371 steps taken, and 1442 accepted.
[3 : mcmc] Progress @ 2025-04-24 16:30:36 : 6272 steps taken, and 1435 accepted.
[0 : mcmc] Progress @ 2025-04-24 16:30:52 : 6464 steps taken, and 1402 accepted.
[1 : mcmc] Progress @ 2025-04-24 16:31:24 : 6246 steps taken, and 1439 accepted.
[2 : mcmc] Progress @ 2025-04-24 16:31:38 : 6383 steps taken, and 1444 accepted.
[1 : mcmc] Learn + convergence test @ 1440 samples accepted.
[3 : mcmc] Progress @ 2025-04-24 16:32:44 : 6285 steps taken, and 1436 accepted.
[0 : mcmc] Progress @ 2025-04-24 16:33:04 : 6474 steps taken, and 1405 accepted.
[1 : mcmc] Progress @ 2025-04-24 16:33:33 : 6257 steps taken, and 1445 accepted.
[2 : mcmc] Progress @ 2025-04-24 16:33:42 : 6394 steps taken, and 1447 accepted.
[3 : mcmc] Progress @ 2025-04-24 16:34:48 : 6299 steps taken, and 1439 accepted.
[0 : mcmc] Progress @ 2025-04-24 16:35:09 : 6483 steps taken, and 1409 accepted.
[1 : mcmc] Progress @ 2025-04-24 16:35:46 : 6273 steps taken, and 1447 accepted.
[2 : mcmc] Progress @ 2025-04-24 16:35:46 : 6402 steps taken, and 1449 accepted.
[3 : mcmc] Learn + convergence test @ 1440 samples accepted.
[3 : mcmc] Ready to check convergence and learn a new proposal covmat (waiting for the rest...)
[0 : mcmc] Progress @ 2025-04-24 16:37:16 : 6493 steps taken, and 1411 accepted.
[0 : mcmc] All chains are ready to check convergence and learn a new proposal covmat
[2 : mcmc] Progress @ 2025-04-24 16:37:48 : 6411 steps taken, and 1452 accepted.
[0 : mcmc]  - Acceptance rate: 0.271 = avg([0.2739, 0.2808, 0.2594, 0.2697])
[0 : mcmc]  - Convergence of means: R-1 = 0.056050 after 5754 accepted steps = sum([1412, 1450, 1452, 1440])
[0 : mcmc]  - Updated covariance matrix of proposal pdf.
[1 : mcmc] Progress @ 2025-04-24 16:37:48 : 6283 steps taken, and 1450 accepted.
[3 : mcmc] Progress @ 2025-04-24 16:38:06 : 6307 steps taken, and 1440 accepted.
[0 : mcmc] Progress @ 2025-04-24 16:39:27 : 6503 steps taken, and 1414 accepted.
[1 : mcmc] Progress @ 2025-04-24 16:39:59 : 6297 steps taken, and 1458 accepted.
[2 : mcmc] Progress @ 2025-04-24 16:40:00 : 6422 steps taken, and 1455 accepted.
[3 : mcmc] Progress @ 2025-04-24 16:40:20 : 6321 steps taken, and 1443 accepted.
[0 : mcmc] Progress @ 2025-04-24 16:41:37 : 6518 steps taken, and 1415 accepted.
[1 : mcmc] Progress @ 2025-04-24 16:42:11 : 6310 steps taken, and 1460 accepted.
[2 : mcmc] Progress @ 2025-04-24 16:42:14 : 6432 steps taken, and 1459 accepted.
[3 : mcmc] Progress @ 2025-04-24 16:42:22 : 6331 steps taken, and 1448 accepted.
[0 : mcmc] Progress @ 2025-04-24 16:43:38 : 6529 steps taken, and 1419 accepted.
[2 : mcmc] Progress @ 2025-04-24 16:44:19 : 6447 steps taken, and 1463 accepted.
[1 : mcmc] Progress @ 2025-04-24 16:44:24 : 6321 steps taken, and 1461 accepted.
[3 : mcmc] Progress @ 2025-04-24 16:44:28 : 6345 steps taken, and 1451 accepted.
[0 : mcmc] Progress @ 2025-04-24 16:45:41 : 6544 steps taken, and 1423 accepted.
[2 : mcmc] Progress @ 2025-04-24 16:46:21 : 6460 steps taken, and 1465 accepted.
[1 : mcmc] Progress @ 2025-04-24 16:46:28 : 6331 steps taken, and 1462 accepted.
[3 : mcmc] Progress @ 2025-04-24 16:46:28 : 6355 steps taken, and 1455 accepted.
[0 : mcmc] Progress @ 2025-04-24 16:47:52 : 6554 steps taken, and 1425 accepted.
[2 : mcmc] Progress @ 2025-04-24 16:48:30 : 6476 steps taken, and 1467 accepted.
[1 : mcmc] Progress @ 2025-04-24 16:48:32 : 6340 steps taken, and 1466 accepted.
[3 : mcmc] Progress @ 2025-04-24 16:48:37 : 6365 steps taken, and 1457 accepted.
[0 : mcmc] Progress @ 2025-04-24 16:49:52 : 6564 steps taken, and 1429 accepted.
[2 : mcmc] Progress @ 2025-04-24 16:50:33 : 6485 steps taken, and 1470 accepted.
[3 : mcmc] Progress @ 2025-04-24 16:50:42 : 6377 steps taken, and 1462 accepted.
[1 : mcmc] Progress @ 2025-04-24 16:50:47 : 6356 steps taken, and 1471 accepted.
[0 : mcmc] Progress @ 2025-04-24 16:51:56 : 6574 steps taken, and 1432 accepted.
[2 : mcmc] Progress @ 2025-04-24 16:52:43 : 6495 steps taken, and 1474 accepted.
[3 : mcmc] Progress @ 2025-04-24 16:52:48 : 6387 steps taken, and 1464 accepted.
[1 : mcmc] Progress @ 2025-04-24 16:52:49 : 6370 steps taken, and 1477 accepted.
[0 : mcmc] Progress @ 2025-04-24 16:54:06 : 6584 steps taken, and 1434 accepted.
[2 : mcmc] Progress @ 2025-04-24 16:54:53 : 6508 steps taken, and 1477 accepted.
[1 : mcmc] Progress @ 2025-04-24 16:54:59 : 6381 steps taken, and 1479 accepted.
[3 : mcmc] Progress @ 2025-04-24 16:55:05 : 6395 steps taken, and 1467 accepted.
[0 : mcmc] Progress @ 2025-04-24 16:56:17 : 6593 steps taken, and 1440 accepted.
[0 : mcmc] Learn + convergence test @ 1440 samples accepted.
[0 : mcmc] Ready to check convergence and learn a new proposal covmat (waiting for the rest...)
[2 : mcmc] Progress @ 2025-04-24 16:57:04 : 6518 steps taken, and 1480 accepted.
[3 : mcmc] Progress @ 2025-04-24 16:57:06 : 6405 steps taken, and 1471 accepted.
[1 : mcmc] Progress @ 2025-04-24 16:57:12 : 6393 steps taken, and 1481 accepted.
[0 : mcmc] Progress @ 2025-04-24 16:58:26 : 6605 steps taken, and 1443 accepted.
[3 : mcmc] Progress @ 2025-04-24 16:59:15 : 6415 steps taken, and 1476 accepted.
[2 : mcmc] Progress @ 2025-04-24 16:59:17 : 6527 steps taken, and 1485 accepted.
[1 : mcmc] Progress @ 2025-04-24 16:59:23 : 6403 steps taken, and 1484 accepted.
[0 : mcmc] Progress @ 2025-04-24 17:00:38 : 6616 steps taken, and 1447 accepted.
[2 : mcmc] Progress @ 2025-04-24 17:01:18 : 6539 steps taken, and 1489 accepted.
[3 : mcmc] Progress @ 2025-04-24 17:01:19 : 6424 steps taken, and 1477 accepted.
[1 : mcmc] Progress @ 2025-04-24 17:01:35 : 6413 steps taken, and 1490 accepted.
[0 : mcmc] Progress @ 2025-04-24 17:02:40 : 6626 steps taken, and 1448 accepted.
[2 : mcmc] Progress @ 2025-04-24 17:03:22 : 6551 steps taken, and 1494 accepted.
[3 : mcmc] Progress @ 2025-04-24 17:03:31 : 6434 steps taken, and 1480 accepted.
[1 : mcmc] Progress @ 2025-04-24 17:03:43 : 6426 steps taken, and 1494 accepted.
[0 : mcmc] Progress @ 2025-04-24 17:04:45 : 6634 steps taken, and 1450 accepted.
[2 : mcmc] Progress @ 2025-04-24 17:05:27 : 6559 steps taken, and 1498 accepted.
[3 : mcmc] Progress @ 2025-04-24 17:05:43 : 6443 steps taken, and 1482 accepted.
[1 : mcmc] Progress @ 2025-04-24 17:05:54 : 6437 steps taken, and 1499 accepted.
[0 : mcmc] Progress @ 2025-04-24 17:06:48 : 6643 steps taken, and 1452 accepted.
[2 : mcmc] Progress @ 2025-04-24 17:07:31 : 6568 steps taken, and 1502 accepted.
[3 : mcmc] Progress @ 2025-04-24 17:07:48 : 6453 steps taken, and 1484 accepted.
[1 : mcmc] Progress @ 2025-04-24 17:07:58 : 6446 steps taken, and 1506 accepted.
[0 : mcmc] Progress @ 2025-04-24 17:09:00 : 6655 steps taken, and 1458 accepted.
[2 : mcmc] Progress @ 2025-04-24 17:09:45 : 6578 steps taken, and 1506 accepted.
[3 : mcmc] Progress @ 2025-04-24 17:09:57 : 6466 steps taken, and 1490 accepted.
[1 : mcmc] Progress @ 2025-04-24 17:10:03 : 6456 steps taken, and 1509 accepted.
[0 : mcmc] Progress @ 2025-04-24 17:11:03 : 6664 steps taken, and 1462 accepted.
[2 : mcmc] Progress @ 2025-04-24 17:11:55 : 6589 steps taken, and 1508 accepted.
[3 : mcmc] Progress @ 2025-04-24 17:11:58 : 6476 steps taken, and 1493 accepted.
[1 : mcmc] Progress @ 2025-04-24 17:12:05 : 6469 steps taken, and 1514 accepted.
[0 : mcmc] Progress @ 2025-04-24 17:13:13 : 6679 steps taken, and 1462 accepted.
[2 : mcmc] Progress @ 2025-04-24 17:13:56 : 6598 steps taken, and 1512 accepted.
[3 : mcmc] Progress @ 2025-04-24 17:14:02 : 6484 steps taken, and 1495 accepted.
[1 : mcmc] Progress @ 2025-04-24 17:14:08 : 6480 steps taken, and 1519 accepted.
[1 : mcmc] Learn + convergence test @ 1520 samples accepted.
[1 : mcmc] Ready to check convergence and learn a new proposal covmat (waiting for the rest...)
[0 : mcmc] Progress @ 2025-04-24 17:15:18 : 6690 steps taken, and 1466 accepted.
[2 : mcmc] Progress @ 2025-04-24 17:15:58 : 6612 steps taken, and 1512 accepted.
[3 : mcmc] Progress @ 2025-04-24 17:16:07 : 6493 steps taken, and 1497 accepted.
[1 : mcmc] Progress @ 2025-04-24 17:16:18 : 6491 steps taken, and 1526 accepted.
[0 : mcmc] Progress @ 2025-04-24 17:17:21 : 6701 steps taken, and 1469 accepted.
[2 : mcmc] Progress @ 2025-04-24 17:18:15 : 6628 steps taken, and 1513 accepted.
[3 : mcmc] Progress @ 2025-04-24 17:18:17 : 6504 steps taken, and 1501 accepted.
[1 : mcmc] Progress @ 2025-04-24 17:18:22 : 6501 steps taken, and 1529 accepted.
[0 : mcmc] Progress @ 2025-04-24 17:19:32 : 6714 steps taken, and 1471 accepted.
[3 : mcmc] Progress @ 2025-04-24 17:20:27 : 6513 steps taken, and 1503 accepted.
[2 : mcmc] Progress @ 2025-04-24 17:20:28 : 6638 steps taken, and 1516 accepted.
[1 : mcmc] Progress @ 2025-04-24 17:20:34 : 6514 steps taken, and 1532 accepted.
[0 : mcmc] Progress @ 2025-04-24 17:21:37 : 6723 steps taken, and 1474 accepted.
[2 : mcmc] Learn + convergence test @ 1520 samples accepted.
[2 : mcmc] Ready to check convergence and learn a new proposal covmat (waiting for the rest...)
[3 : mcmc] Progress @ 2025-04-24 17:22:29 : 6523 steps taken, and 1507 accepted.
[2 : mcmc] Progress @ 2025-04-24 17:22:32 : 6651 steps taken, and 1521 accepted.
[1 : mcmc] Progress @ 2025-04-24 17:22:38 : 6527 steps taken, and 1532 accepted.
[0 : mcmc] Progress @ 2025-04-24 17:23:39 : 6736 steps taken, and 1478 accepted.
[3 : mcmc] Progress @ 2025-04-24 17:24:32 : 6533 steps taken, and 1509 accepted.
[2 : mcmc] Progress @ 2025-04-24 17:24:40 : 6671 steps taken, and 1521 accepted.
[1 : mcmc] Progress @ 2025-04-24 17:24:43 : 6541 steps taken, and 1534 accepted.
[0 : mcmc] Progress @ 2025-04-24 17:25:41 : 6746 steps taken, and 1481 accepted.
[3 : mcmc] Progress @ 2025-04-24 17:26:42 : 6543 steps taken, and 1512 accepted.
[2 : mcmc] Progress @ 2025-04-24 17:26:43 : 6694 steps taken, and 1522 accepted.
[1 : mcmc] Progress @ 2025-04-24 17:26:48 : 6551 steps taken, and 1538 accepted.
[0 : mcmc] Progress @ 2025-04-24 17:27:46 : 6754 steps taken, and 1487 accepted.
[2 : mcmc] Progress @ 2025-04-24 17:28:52 : 6715 steps taken, and 1525 accepted.
[3 : mcmc] Progress @ 2025-04-24 17:28:54 : 6558 steps taken, and 1517 accepted.
[1 : mcmc] Progress @ 2025-04-24 17:29:00 : 6560 steps taken, and 1540 accepted.
[0 : mcmc] Progress @ 2025-04-24 17:29:59 : 6767 steps taken, and 1490 accepted.
[2 : mcmc] Progress @ 2025-04-24 17:30:57 : 6730 steps taken, and 1529 accepted.
[3 : mcmc] Progress @ 2025-04-24 17:31:03 : 6574 steps taken, and 1519 accepted.
[1 : mcmc] Progress @ 2025-04-24 17:31:13 : 6570 steps taken, and 1542 accepted.
[3 : mcmc] Learn + convergence test @ 1520 samples accepted.
[3 : mcmc] Ready to check convergence and learn a new proposal covmat (waiting for the rest...)
[0 : mcmc] Progress @ 2025-04-24 17:31:59 : 6780 steps taken, and 1492 accepted.
[0 : mcmc] All chains are ready to check convergence and learn a new proposal covmat
[0 : mcmc]  - Acceptance rate: 0.272 = avg([0.2740, 0.2862, 0.2587, 0.2695])
[0 : mcmc]  - Convergence of means: R-1 = 0.062498 after 6090 accepted steps = sum([1493, 1545, 1532, 1520])
[0 : mcmc]  - Updated covariance matrix of proposal pdf.
[2 : mcmc] Progress @ 2025-04-24 17:32:59 : 6745 steps taken, and 1532 accepted.
[3 : mcmc] Progress @ 2025-04-24 17:33:08 : 6582 steps taken, and 1521 accepted.
[1 : mcmc] Progress @ 2025-04-24 17:33:18 : 6581 steps taken, and 1545 accepted.
[0 : mcmc] Progress @ 2025-04-24 17:34:05 : 6790 steps taken, and 1495 accepted.
[2 : mcmc] Progress @ 2025-04-24 17:35:00 : 6754 steps taken, and 1535 accepted.
[3 : mcmc] Progress @ 2025-04-24 17:35:11 : 6595 steps taken, and 1527 accepted.
[1 : mcmc] Progress @ 2025-04-24 17:35:30 : 6591 steps taken, and 1551 accepted.
[0 : mcmc] Progress @ 2025-04-24 17:36:20 : 6799 steps taken, and 1499 accepted.
[2 : mcmc] Progress @ 2025-04-24 17:37:12 : 6766 steps taken, and 1535 accepted.
[3 : mcmc] Progress @ 2025-04-24 17:37:13 : 6603 steps taken, and 1530 accepted.
[1 : mcmc] Progress @ 2025-04-24 17:37:34 : 6604 steps taken, and 1553 accepted.
[0 : mcmc] Progress @ 2025-04-24 17:38:31 : 6809 steps taken, and 1503 accepted.
[2 : mcmc] Progress @ 2025-04-24 17:39:25 : 6778 steps taken, and 1537 accepted.
[3 : mcmc] Progress @ 2025-04-24 17:39:25 : 6614 steps taken, and 1533 accepted.
[1 : mcmc] Progress @ 2025-04-24 17:39:37 : 6613 steps taken, and 1556 accepted.
[0 : mcmc] Progress @ 2025-04-24 17:40:44 : 6820 steps taken, and 1506 accepted.
[2 : mcmc] Progress @ 2025-04-24 17:41:36 : 6797 steps taken, and 1539 accepted.
[3 : mcmc] Progress @ 2025-04-24 17:41:38 : 6625 steps taken, and 1537 accepted.
[1 : mcmc] Progress @ 2025-04-24 17:41:45 : 6621 steps taken, and 1557 accepted.
[0 : mcmc] Progress @ 2025-04-24 17:42:49 : 6829 steps taken, and 1510 accepted.
[2 : mcmc] Progress @ 2025-04-24 17:43:41 : 6806 steps taken, and 1542 accepted.
[3 : mcmc] Progress @ 2025-04-24 17:43:41 : 6635 steps taken, and 1541 accepted.
[1 : mcmc] Progress @ 2025-04-24 17:43:54 : 6630 steps taken, and 1559 accepted.
[0 : mcmc] Progress @ 2025-04-24 17:44:51 : 6838 steps taken, and 1511 accepted.
[3 : mcmc] Progress @ 2025-04-24 17:45:55 : 6647 steps taken, and 1543 accepted.
[2 : mcmc] Progress @ 2025-04-24 17:45:55 : 6819 steps taken, and 1546 accepted.
[1 : mcmc] Progress @ 2025-04-24 17:46:01 : 6639 steps taken, and 1565 accepted.
[0 : mcmc] Progress @ 2025-04-24 17:46:57 : 6847 steps taken, and 1513 accepted.
[3 : mcmc] Progress @ 2025-04-24 17:47:59 : 6657 steps taken, and 1546 accepted.
[2 : mcmc] Progress @ 2025-04-24 17:48:04 : 6833 steps taken, and 1549 accepted.
[1 : mcmc] Progress @ 2025-04-24 17:48:07 : 6652 steps taken, and 1570 accepted.
[0 : mcmc] Progress @ 2025-04-24 17:49:00 : 6859 steps taken, and 1517 accepted.
[3 : mcmc] Progress @ 2025-04-24 17:50:13 : 6668 steps taken, and 1549 accepted.
[2 : mcmc] Progress @ 2025-04-24 17:50:15 : 6850 steps taken, and 1552 accepted.
[1 : mcmc] Progress @ 2025-04-24 17:50:21 : 6661 steps taken, and 1572 accepted.
[0 : mcmc] Progress @ 2025-04-24 17:51:11 : 6872 steps taken, and 1518 accepted.
[0 : mcmc] Learn + convergence test @ 1520 samples accepted.
[0 : mcmc] Ready to check convergence and learn a new proposal covmat (waiting for the rest...)
[3 : mcmc] Progress @ 2025-04-24 17:52:23 : 6679 steps taken, and 1553 accepted.
[2 : mcmc] Progress @ 2025-04-24 17:52:25 : 6864 steps taken, and 1555 accepted.
[1 : mcmc] Progress @ 2025-04-24 17:52:25 : 6672 steps taken, and 1574 accepted.
[0 : mcmc] Progress @ 2025-04-24 17:53:21 : 6886 steps taken, and 1522 accepted.
[3 : mcmc] Progress @ 2025-04-24 17:54:24 : 6691 steps taken, and 1557 accepted.
[1 : mcmc] Progress @ 2025-04-24 17:54:30 : 6683 steps taken, and 1578 accepted.
[2 : mcmc] Progress @ 2025-04-24 17:54:39 : 6879 steps taken, and 1557 accepted.
[0 : mcmc] Progress @ 2025-04-24 17:55:35 : 6896 steps taken, and 1527 accepted.
[3 : mcmc] Progress @ 2025-04-24 17:56:34 : 6703 steps taken, and 1558 accepted.
[1 : mcmc] Progress @ 2025-04-24 17:56:36 : 6696 steps taken, and 1582 accepted.
[2 : mcmc] Progress @ 2025-04-24 17:56:50 : 6889 steps taken, and 1562 accepted.
[0 : mcmc] Progress @ 2025-04-24 17:57:37 : 6908 steps taken, and 1530 accepted.
[3 : mcmc] Progress @ 2025-04-24 17:58:39 : 6715 steps taken, and 1560 accepted.
[1 : mcmc] Progress @ 2025-04-24 17:58:40 : 6707 steps taken, and 1585 accepted.
[2 : mcmc] Progress @ 2025-04-24 17:58:55 : 6899 steps taken, and 1565 accepted.
[0 : mcmc] Progress @ 2025-04-24 17:59:44 : 6917 steps taken, and 1531 accepted.
[1 : mcmc] Progress @ 2025-04-24 18:00:40 : 6718 steps taken, and 1586 accepted.
[3 : mcmc] Progress @ 2025-04-24 18:00:44 : 6725 steps taken, and 1562 accepted.
[2 : mcmc] Progress @ 2025-04-24 18:00:58 : 6910 steps taken, and 1570 accepted.
[0 : mcmc] Progress @ 2025-04-24 18:01:54 : 6926 steps taken, and 1534 accepted.
[1 : mcmc] Progress @ 2025-04-24 18:02:49 : 6730 steps taken, and 1589 accepted.
[3 : mcmc] Progress @ 2025-04-24 18:02:57 : 6737 steps taken, and 1564 accepted.
[2 : mcmc] Progress @ 2025-04-24 18:03:10 : 6919 steps taken, and 1575 accepted.
[0 : mcmc] Progress @ 2025-04-24 18:04:07 : 6937 steps taken, and 1536 accepted.
[1 : mcmc] Progress @ 2025-04-24 18:04:59 : 6742 steps taken, and 1591 accepted.
[3 : mcmc] Progress @ 2025-04-24 18:04:59 : 6747 steps taken, and 1567 accepted.
[2 : mcmc] Progress @ 2025-04-24 18:05:16 : 6933 steps taken, and 1578 accepted.
[0 : mcmc] Progress @ 2025-04-24 18:06:16 : 6950 steps taken, and 1539 accepted.
[3 : mcmc] Progress @ 2025-04-24 18:07:00 : 6761 steps taken, and 1568 accepted.
[1 : mcmc] Progress @ 2025-04-24 18:07:04 : 6752 steps taken, and 1594 accepted.
[2 : mcmc] Progress @ 2025-04-24 18:07:24 : 6946 steps taken, and 1582 accepted.
[0 : mcmc] Progress @ 2025-04-24 18:08:26 : 6962 steps taken, and 1543 accepted.
[3 : mcmc] Progress @ 2025-04-24 18:09:03 : 6775 steps taken, and 1570 accepted.
[1 : mcmc] Progress @ 2025-04-24 18:09:06 : 6765 steps taken, and 1596 accepted.
[2 : mcmc] Progress @ 2025-04-24 18:09:27 : 6960 steps taken, and 1586 accepted.
[0 : mcmc] Progress @ 2025-04-24 18:10:31 : 6972 steps taken, and 1545 accepted.
[3 : mcmc] Progress @ 2025-04-24 18:11:05 : 6794 steps taken, and 1572 accepted.
[1 : mcmc] Progress @ 2025-04-24 18:11:10 : 6778 steps taken, and 1599 accepted.
[2 : mcmc] Progress @ 2025-04-24 18:11:32 : 6971 steps taken, and 1589 accepted.
[1 : mcmc] Learn + convergence test @ 1600 samples accepted.
[1 : mcmc] Ready to check convergence and learn a new proposal covmat (waiting for the rest...)
[0 : mcmc] Progress @ 2025-04-24 18:12:32 : 6983 steps taken, and 1549 accepted.
[3 : mcmc] Progress @ 2025-04-24 18:13:10 : 6803 steps taken, and 1575 accepted.
[1 : mcmc] Progress @ 2025-04-24 18:13:23 : 6792 steps taken, and 1603 accepted.
[2 : mcmc] Progress @ 2025-04-24 18:13:36 : 6983 steps taken, and 1591 accepted.
[0 : mcmc] Progress @ 2025-04-24 18:14:46 : 6993 steps taken, and 1552 accepted.
[3 : mcmc] Progress @ 2025-04-24 18:15:18 : 6813 steps taken, and 1579 accepted.
[1 : mcmc] Progress @ 2025-04-24 18:15:37 : 6806 steps taken, and 1604 accepted.
[2 : mcmc] Progress @ 2025-04-24 18:15:52 : 6995 steps taken, and 1593 accepted.
[0 : mcmc] Progress @ 2025-04-24 18:16:58 : 7003 steps taken, and 1554 accepted.
[3 : mcmc] Progress @ 2025-04-24 18:17:23 : 6823 steps taken, and 1580 accepted.
[1 : mcmc] Progress @ 2025-04-24 18:17:49 : 6819 steps taken, and 1606 accepted.
[2 : mcmc] Progress @ 2025-04-24 18:18:06 : 7009 steps taken, and 1594 accepted.
[0 : mcmc] Progress @ 2025-04-24 18:19:09 : 7012 steps taken, and 1558 accepted.
[3 : mcmc] Progress @ 2025-04-24 18:19:24 : 6834 steps taken, and 1582 accepted.
[1 : mcmc] Progress @ 2025-04-24 18:19:53 : 6828 steps taken, and 1607 accepted.
[2 : mcmc] Progress @ 2025-04-24 18:20:09 : 7021 steps taken, and 1599 accepted.
[2 : mcmc] Learn + convergence test @ 1600 samples accepted.
[2 : mcmc] Ready to check convergence and learn a new proposal covmat (waiting for the rest...)
[0 : mcmc] Progress @ 2025-04-24 18:21:13 : 7021 steps taken, and 1561 accepted.
[3 : mcmc] Progress @ 2025-04-24 18:21:34 : 6845 steps taken, and 1585 accepted.
[1 : mcmc] Progress @ 2025-04-24 18:22:07 : 6838 steps taken, and 1610 accepted.
[2 : mcmc] Progress @ 2025-04-24 18:22:24 : 7031 steps taken, and 1604 accepted.
[0 : mcmc] Progress @ 2025-04-24 18:23:21 : 7034 steps taken, and 1564 accepted.
[3 : mcmc] Progress @ 2025-04-24 18:23:39 : 6856 steps taken, and 1588 accepted.
[1 : mcmc] Progress @ 2025-04-24 18:24:08 : 6848 steps taken, and 1611 accepted.
[2 : mcmc] Progress @ 2025-04-24 18:24:27 : 7044 steps taken, and 1607 accepted.
[0 : mcmc] Progress @ 2025-04-24 18:25:30 : 7045 steps taken, and 1568 accepted.
[3 : mcmc] Progress @ 2025-04-24 18:25:40 : 6869 steps taken, and 1593 accepted.
[1 : mcmc] Progress @ 2025-04-24 18:26:23 : 6861 steps taken, and 1613 accepted.
[2 : mcmc] Progress @ 2025-04-24 18:26:41 : 7058 steps taken, and 1607 accepted.
[0 : mcmc] Progress @ 2025-04-24 18:27:33 : 7058 steps taken, and 1571 accepted.
[3 : mcmc] Progress @ 2025-04-24 18:27:41 : 6880 steps taken, and 1595 accepted.
[1 : mcmc] Progress @ 2025-04-24 18:28:33 : 6872 steps taken, and 1620 accepted.
[2 : mcmc] Progress @ 2025-04-24 18:28:50 : 7070 steps taken, and 1609 accepted.
[0 : mcmc] Progress @ 2025-04-24 18:29:39 : 7075 steps taken, and 1574 accepted.
[3 : mcmc] Progress @ 2025-04-24 18:29:44 : 6890 steps taken, and 1597 accepted.
[1 : mcmc] Progress @ 2025-04-24 18:30:38 : 6881 steps taken, and 1623 accepted.
[2 : mcmc] Progress @ 2025-04-24 18:31:03 : 7086 steps taken, and 1613 accepted.
[0 : mcmc] Progress @ 2025-04-24 18:31:41 : 7085 steps taken, and 1580 accepted.
[3 : mcmc] Progress @ 2025-04-24 18:31:55 : 6901 steps taken, and 1599 accepted.
[3 : mcmc] Learn + convergence test @ 1600 samples accepted.
[3 : mcmc] Ready to check convergence and learn a new proposal covmat (waiting for the rest...)
[1 : mcmc] Progress @ 2025-04-24 18:32:41 : 6890 steps taken, and 1627 accepted.
[2 : mcmc] Progress @ 2025-04-24 18:33:11 : 7096 steps taken, and 1617 accepted.
[0 : mcmc] All chains are ready to check convergence and learn a new proposal covmat
[0 : mcmc]  - Acceptance rate: 0.271 = avg([0.2786, 0.2856, 0.2572, 0.2638])
[0 : mcmc]  - Convergence of means: R-1 = 0.094705 after 6428 accepted steps = sum([1583, 1627, 1618, 1600])
[0 : mcmc]  - Updated covariance matrix of proposal pdf.
[0 : mcmc] Progress @ 2025-04-24 18:33:53 : 7096 steps taken, and 1584 accepted.
[3 : mcmc] Progress @ 2025-04-24 18:33:55 : 6906 steps taken, and 1601 accepted.
[1 : mcmc] Progress @ 2025-04-24 18:34:44 : 6896 steps taken, and 1627 accepted.
[2 : mcmc] Progress @ 2025-04-24 18:35:22 : 7108 steps taken, and 1620 accepted.
[0 : mcmc] Progress @ 2025-04-24 18:35:58 : 7105 steps taken, and 1585 accepted.
[3 : mcmc] Progress @ 2025-04-24 18:36:05 : 6916 steps taken, and 1603 accepted.
[1 : mcmc] Progress @ 2025-04-24 18:37:01 : 6906 steps taken, and 1629 accepted.
[2 : mcmc] Progress @ 2025-04-24 18:37:28 : 7118 steps taken, and 1623 accepted.
[0 : mcmc] Progress @ 2025-04-24 18:38:03 : 7116 steps taken, and 1589 accepted.
[3 : mcmc] Progress @ 2025-04-24 18:38:07 : 6927 steps taken, and 1606 accepted.
[1 : mcmc] Progress @ 2025-04-24 18:39:02 : 6919 steps taken, and 1631 accepted.
[2 : mcmc] Progress @ 2025-04-24 18:39:30 : 7129 steps taken, and 1626 accepted.
[0 : mcmc] Progress @ 2025-04-24 18:40:13 : 7132 steps taken, and 1593 accepted.
[3 : mcmc] Progress @ 2025-04-24 18:40:15 : 6940 steps taken, and 1610 accepted.
[1 : mcmc] Progress @ 2025-04-24 18:41:12 : 6934 steps taken, and 1635 accepted.
[2 : mcmc] Progress @ 2025-04-24 18:41:43 : 7139 steps taken, and 1628 accepted.
[0 : mcmc] Progress @ 2025-04-24 18:42:20 : 7147 steps taken, and 1599 accepted.
[3 : mcmc] Progress @ 2025-04-24 18:42:22 : 6955 steps taken, and 1614 accepted.
[0 : mcmc] Learn + convergence test @ 1600 samples accepted.
[0 : mcmc] Ready to check convergence and learn a new proposal covmat (waiting for the rest...)
[1 : mcmc] Progress @ 2025-04-24 18:43:27 : 6947 steps taken, and 1637 accepted.
[2 : mcmc] Progress @ 2025-04-24 18:43:47 : 7149 steps taken, and 1632 accepted.
[0 : mcmc] Progress @ 2025-04-24 18:44:32 : 7160 steps taken, and 1603 accepted.
[3 : mcmc] Progress @ 2025-04-24 18:44:37 : 6965 steps taken, and 1616 accepted.
[1 : mcmc] Progress @ 2025-04-24 18:45:43 : 6962 steps taken, and 1641 accepted.
[2 : mcmc] Progress @ 2025-04-24 18:45:50 : 7157 steps taken, and 1636 accepted.
[0 : mcmc] Progress @ 2025-04-24 18:46:33 : 7170 steps taken, and 1605 accepted.
[3 : mcmc] Progress @ 2025-04-24 18:46:47 : 6977 steps taken, and 1619 accepted.
[1 : mcmc] Progress @ 2025-04-24 18:47:44 : 6978 steps taken, and 1643 accepted.
[2 : mcmc] Progress @ 2025-04-24 18:48:03 : 7168 steps taken, and 1641 accepted.
[0 : mcmc] Progress @ 2025-04-24 18:48:44 : 7180 steps taken, and 1606 accepted.
[3 : mcmc] Progress @ 2025-04-24 18:49:03 : 6986 steps taken, and 1623 accepted.
[1 : mcmc] Progress @ 2025-04-24 18:49:51 : 6995 steps taken, and 1645 accepted.
[2 : mcmc] Progress @ 2025-04-24 18:50:12 : 7182 steps taken, and 1645 accepted.
[0 : mcmc] Progress @ 2025-04-24 18:50:46 : 7192 steps taken, and 1608 accepted.
[3 : mcmc] Progress @ 2025-04-24 18:51:05 : 6995 steps taken, and 1625 accepted.
[1 : mcmc] Progress @ 2025-04-24 18:51:57 : 7010 steps taken, and 1647 accepted.
[2 : mcmc] Progress @ 2025-04-24 18:52:16 : 7194 steps taken, and 1648 accepted.
[0 : mcmc] Progress @ 2025-04-24 18:52:58 : 7206 steps taken, and 1612 accepted.
[3 : mcmc] Progress @ 2025-04-24 18:53:08 : 7005 steps taken, and 1628 accepted.
[1 : mcmc] Progress @ 2025-04-24 18:54:11 : 7026 steps taken, and 1648 accepted.
[2 : mcmc] Progress @ 2025-04-24 18:54:22 : 7204 steps taken, and 1649 accepted.
[0 : mcmc] Progress @ 2025-04-24 18:55:00 : 7218 steps taken, and 1615 accepted.
[3 : mcmc] Progress @ 2025-04-24 18:55:23 : 7017 steps taken, and 1631 accepted.
[1 : mcmc] Progress @ 2025-04-24 18:56:16 : 7034 steps taken, and 1649 accepted.
[2 : mcmc] Progress @ 2025-04-24 18:56:35 : 7215 steps taken, and 1652 accepted.
[0 : mcmc] Progress @ 2025-04-24 18:57:03 : 7234 steps taken, and 1618 accepted.
[3 : mcmc] Progress @ 2025-04-24 18:57:34 : 7029 steps taken, and 1633 accepted.
[1 : mcmc] Progress @ 2025-04-24 18:58:28 : 7047 steps taken, and 1654 accepted.
[2 : mcmc] Progress @ 2025-04-24 18:58:47 : 7226 steps taken, and 1656 accepted.
[0 : mcmc] Progress @ 2025-04-24 18:59:08 : 7242 steps taken, and 1621 accepted.
[3 : mcmc] Progress @ 2025-04-24 18:59:36 : 7038 steps taken, and 1634 accepted.
[1 : mcmc] Progress @ 2025-04-24 19:00:32 : 7059 steps taken, and 1656 accepted.
[2 : mcmc] Progress @ 2025-04-24 19:00:53 : 7236 steps taken, and 1660 accepted.
[0 : mcmc] Progress @ 2025-04-24 19:01:11 : 7251 steps taken, and 1625 accepted.
[3 : mcmc] Progress @ 2025-04-24 19:01:39 : 7049 steps taken, and 1640 accepted.
[1 : mcmc] Progress @ 2025-04-24 19:02:40 : 7069 steps taken, and 1657 accepted.
[2 : mcmc] Progress @ 2025-04-24 19:02:54 : 7252 steps taken, and 1663 accepted.
[0 : mcmc] Progress @ 2025-04-24 19:03:23 : 7263 steps taken, and 1630 accepted.
[3 : mcmc] Progress @ 2025-04-24 19:03:51 : 7065 steps taken, and 1641 accepted.
[1 : mcmc] Progress @ 2025-04-24 19:04:44 : 7078 steps taken, and 1660 accepted.
[2 : mcmc] Progress @ 2025-04-24 19:05:05 : 7266 steps taken, and 1666 accepted.
[0 : mcmc] Progress @ 2025-04-24 19:05:35 : 7276 steps taken, and 1633 accepted.
[3 : mcmc] Progress @ 2025-04-24 19:05:53 : 7075 steps taken, and 1643 accepted.
[1 : mcmc] Progress @ 2025-04-24 19:06:47 : 7088 steps taken, and 1662 accepted.
[2 : mcmc] Progress @ 2025-04-24 19:07:07 : 7279 steps taken, and 1670 accepted.
[0 : mcmc] Progress @ 2025-04-24 19:07:43 : 7289 steps taken, and 1636 accepted.
[3 : mcmc] Progress @ 2025-04-24 19:07:58 : 7084 steps taken, and 1648 accepted.
[1 : mcmc] Progress @ 2025-04-24 19:09:01 : 7099 steps taken, and 1664 accepted.
[2 : mcmc] Progress @ 2025-04-24 19:09:19 : 7294 steps taken, and 1673 accepted.
[0 : mcmc] Progress @ 2025-04-24 19:09:54 : 7304 steps taken, and 1637 accepted.
[3 : mcmc] Progress @ 2025-04-24 19:10:06 : 7094 steps taken, and 1651 accepted.
[1 : mcmc] Progress @ 2025-04-24 19:11:14 : 7109 steps taken, and 1666 accepted.
[2 : mcmc] Progress @ 2025-04-24 19:11:23 : 7308 steps taken, and 1675 accepted.
[0 : mcmc] Progress @ 2025-04-24 19:12:05 : 7314 steps taken, and 1641 accepted.
[3 : mcmc] Progress @ 2025-04-24 19:12:21 : 7103 steps taken, and 1652 accepted.
[1 : mcmc] Progress @ 2025-04-24 19:13:24 : 7118 steps taken, and 1666 accepted.
[2 : mcmc] Progress @ 2025-04-24 19:13:32 : 7321 steps taken, and 1677 accepted.
[0 : mcmc] Progress @ 2025-04-24 19:14:16 : 7326 steps taken, and 1642 accepted.
[3 : mcmc] Progress @ 2025-04-24 19:14:24 : 7114 steps taken, and 1654 accepted.
[2 : mcmc] Learn + convergence test @ 1680 samples accepted.
[2 : mcmc] Ready to check convergence and learn a new proposal covmat (waiting for the rest...)
[1 : mcmc] Progress @ 2025-04-24 19:15:39 : 7128 steps taken, and 1668 accepted.
[2 : mcmc] Progress @ 2025-04-24 19:15:47 : 7342 steps taken, and 1680 accepted.
[0 : mcmc] Progress @ 2025-04-24 19:16:21 : 7335 steps taken, and 1646 accepted.
[3 : mcmc] Progress @ 2025-04-24 19:16:25 : 7127 steps taken, and 1656 accepted.
[1 : mcmc] Progress @ 2025-04-24 19:17:40 : 7141 steps taken, and 1672 accepted.
[2 : mcmc] Progress @ 2025-04-24 19:17:58 : 7354 steps taken, and 1684 accepted.
[3 : mcmc] Progress @ 2025-04-24 19:18:25 : 7139 steps taken, and 1660 accepted.
[0 : mcmc] Progress @ 2025-04-24 19:18:34 : 7348 steps taken, and 1650 accepted.
[1 : mcmc] Progress @ 2025-04-24 19:19:46 : 7151 steps taken, and 1677 accepted.
[2 : mcmc] Progress @ 2025-04-24 19:20:00 : 7363 steps taken, and 1689 accepted.
[3 : mcmc] Progress @ 2025-04-24 19:20:35 : 7150 steps taken, and 1663 accepted.
[0 : mcmc] Progress @ 2025-04-24 19:20:35 : 7357 steps taken, and 1656 accepted.
[1 : mcmc] Learn + convergence test @ 1680 samples accepted.
[1 : mcmc] Ready to check convergence and learn a new proposal covmat (waiting for the rest...)
[1 : mcmc] Progress @ 2025-04-24 19:21:58 : 7160 steps taken, and 1681 accepted.
[2 : mcmc] Progress @ 2025-04-24 19:22:12 : 7374 steps taken, and 1691 accepted.
[0 : mcmc] Progress @ 2025-04-24 19:22:35 : 7367 steps taken, and 1662 accepted.
[3 : mcmc] Progress @ 2025-04-24 19:22:35 : 7160 steps taken, and 1666 accepted.
[1 : mcmc] Progress @ 2025-04-24 19:24:07 : 7172 steps taken, and 1685 accepted.
[2 : mcmc] Progress @ 2025-04-24 19:24:13 : 7385 steps taken, and 1696 accepted.
[0 : mcmc] Progress @ 2025-04-24 19:24:38 : 7376 steps taken, and 1665 accepted.
[3 : mcmc] Progress @ 2025-04-24 19:24:48 : 7174 steps taken, and 1670 accepted.
[2 : mcmc] Progress @ 2025-04-24 19:26:15 : 7402 steps taken, and 1698 accepted.
[1 : mcmc] Progress @ 2025-04-24 19:26:18 : 7184 steps taken, and 1686 accepted.
[3 : mcmc] Progress @ 2025-04-24 19:26:49 : 7189 steps taken, and 1672 accepted.
[0 : mcmc] Progress @ 2025-04-24 19:26:51 : 7385 steps taken, and 1668 accepted.
[2 : mcmc] Progress @ 2025-04-24 19:28:18 : 7413 steps taken, and 1702 accepted.
[1 : mcmc] Progress @ 2025-04-24 19:28:27 : 7198 steps taken, and 1689 accepted.
[3 : mcmc] Progress @ 2025-04-24 19:28:51 : 7205 steps taken, and 1674 accepted.
[0 : mcmc] Progress @ 2025-04-24 19:29:05 : 7394 steps taken, and 1670 accepted.
[2 : mcmc] Progress @ 2025-04-24 19:30:21 : 7421 steps taken, and 1704 accepted.
[1 : mcmc] Progress @ 2025-04-24 19:30:38 : 7209 steps taken, and 1693 accepted.
[3 : mcmc] Progress @ 2025-04-24 19:30:53 : 7218 steps taken, and 1676 accepted.
[0 : mcmc] Progress @ 2025-04-24 19:31:12 : 7407 steps taken, and 1673 accepted.
[2 : mcmc] Progress @ 2025-04-24 19:32:24 : 7430 steps taken, and 1708 accepted.
[1 : mcmc] Progress @ 2025-04-24 19:32:50 : 7218 steps taken, and 1696 accepted.
[3 : mcmc] Progress @ 2025-04-24 19:32:56 : 7231 steps taken, and 1678 accepted.
[0 : mcmc] Learn + convergence test @ 1680 samples accepted.
[0 : mcmc] Progress @ 2025-04-24 19:33:12 : 7421 steps taken, and 1681 accepted.
[3 : mcmc] Learn + convergence test @ 1680 samples accepted.
[3 : mcmc] Ready to check convergence and learn a new proposal covmat (waiting for the rest...)
[2 : mcmc] Progress @ 2025-04-24 19:34:27 : 7441 steps taken, and 1710 accepted.
[0 : mcmc] All chains are ready to check convergence and learn a new proposal covmat
[0 : mcmc]  - Acceptance rate: 0.270 = avg([0.2832, 0.2783, 0.2573, 0.2611])
[0 : mcmc]  - Convergence of means: R-1 = 0.099843 after 6772 accepted steps = sum([1682, 1700, 1710, 1680])
[0 : mcmc]  - Updated covariance matrix of proposal pdf.
[1 : mcmc] Progress @ 2025-04-24 19:35:07 : 7227 steps taken, and 1700 accepted.
[3 : mcmc] Progress @ 2025-04-24 19:35:09 : 7238 steps taken, and 1681 accepted.
[0 : mcmc] Progress @ 2025-04-24 19:35:26 : 7434 steps taken, and 1683 accepted.
[2 : mcmc] Progress @ 2025-04-24 19:36:37 : 7448 steps taken, and 1713 accepted.
[1 : mcmc] Progress @ 2025-04-24 19:37:14 : 7237 steps taken, and 1706 accepted.
[3 : mcmc] Progress @ 2025-04-24 19:37:20 : 7248 steps taken, and 1684 accepted.
[0 : mcmc] Progress @ 2025-04-24 19:37:36 : 7452 steps taken, and 1685 accepted.
[2 : mcmc] Progress @ 2025-04-24 19:38:39 : 7460 steps taken, and 1717 accepted.
[1 : mcmc] Progress @ 2025-04-24 19:39:15 : 7248 steps taken, and 1710 accepted.
[3 : mcmc] Progress @ 2025-04-24 19:39:31 : 7258 steps taken, and 1690 accepted.
[0 : mcmc] Progress @ 2025-04-24 19:39:39 : 7467 steps taken, and 1686 accepted.
[2 : mcmc] Progress @ 2025-04-24 19:40:42 : 7470 steps taken, and 1721 accepted.
[1 : mcmc] Progress @ 2025-04-24 19:41:19 : 7260 steps taken, and 1713 accepted.
[0 : mcmc] Progress @ 2025-04-24 19:41:40 : 7481 steps taken, and 1689 accepted.
[3 : mcmc] Progress @ 2025-04-24 19:41:43 : 7269 steps taken, and 1693 accepted.
[2 : mcmc] Progress @ 2025-04-24 19:42:44 : 7481 steps taken, and 1726 accepted.
[1 : mcmc] Progress @ 2025-04-24 19:43:23 : 7271 steps taken, and 1714 accepted.
[0 : mcmc] Progress @ 2025-04-24 19:43:41 : 7498 steps taken, and 1689 accepted.
[3 : mcmc] Progress @ 2025-04-24 19:43:47 : 7277 steps taken, and 1696 accepted.
[2 : mcmc] Progress @ 2025-04-24 19:44:59 : 7491 steps taken, and 1728 accepted.
[1 : mcmc] Progress @ 2025-04-24 19:45:35 : 7286 steps taken, and 1716 accepted.
[0 : mcmc] Progress @ 2025-04-24 19:45:53 : 7511 steps taken, and 1693 accepted.
[3 : mcmc] Progress @ 2025-04-24 19:46:04 : 7288 steps taken, and 1698 accepted.
[2 : mcmc] Progress @ 2025-04-24 19:47:03 : 7502 steps taken, and 1731 accepted.
[1 : mcmc] Progress @ 2025-04-24 19:47:47 : 7296 steps taken, and 1720 accepted.
[0 : mcmc] Progress @ 2025-04-24 19:48:09 : 7529 steps taken, and 1694 accepted.
[3 : mcmc] Progress @ 2025-04-24 19:48:21 : 7299 steps taken, and 1703 accepted.
[2 : mcmc] Progress @ 2025-04-24 19:49:21 : 7517 steps taken, and 1735 accepted.
[1 : mcmc] Progress @ 2025-04-24 19:49:51 : 7307 steps taken, and 1724 accepted.
[0 : mcmc] Progress @ 2025-04-24 19:50:19 : 7544 steps taken, and 1696 accepted.
[3 : mcmc] Progress @ 2025-04-24 19:50:31 : 7314 steps taken, and 1708 accepted.
[2 : mcmc] Progress @ 2025-04-24 19:51:23 : 7528 steps taken, and 1736 accepted.
[1 : mcmc] Progress @ 2025-04-24 19:51:56 : 7315 steps taken, and 1726 accepted.
[0 : mcmc] Progress @ 2025-04-24 19:52:27 : 7559 steps taken, and 1702 accepted.
[3 : mcmc] Progress @ 2025-04-24 19:52:38 : 7329 steps taken, and 1708 accepted.
[2 : mcmc] Progress @ 2025-04-24 19:53:25 : 7539 steps taken, and 1738 accepted.
[1 : mcmc] Progress @ 2025-04-24 19:54:01 : 7324 steps taken, and 1729 accepted.
[0 : mcmc] Progress @ 2025-04-24 19:54:27 : 7570 steps taken, and 1706 accepted.
[3 : mcmc] Progress @ 2025-04-24 19:54:41 : 7345 steps taken, and 1712 accepted.
[2 : mcmc] Progress @ 2025-04-24 19:55:28 : 7551 steps taken, and 1741 accepted.
[1 : mcmc] Progress @ 2025-04-24 19:56:05 : 7334 steps taken, and 1734 accepted.
[0 : mcmc] Progress @ 2025-04-24 19:56:28 : 7586 steps taken, and 1713 accepted.
[3 : mcmc] Progress @ 2025-04-24 19:56:47 : 7359 steps taken, and 1716 accepted.
[2 : mcmc] Progress @ 2025-04-24 19:57:38 : 7565 steps taken, and 1745 accepted.
[1 : mcmc] Progress @ 2025-04-24 19:58:16 : 7346 steps taken, and 1736 accepted.
[0 : mcmc] Progress @ 2025-04-24 19:58:29 : 7597 steps taken, and 1718 accepted.
[3 : mcmc] Progress @ 2025-04-24 19:58:49 : 7373 steps taken, and 1721 accepted.
[2 : mcmc] Progress @ 2025-04-24 19:59:42 : 7582 steps taken, and 1747 accepted.
[1 : mcmc] Progress @ 2025-04-24 20:00:26 : 7360 steps taken, and 1738 accepted.
[0 : mcmc] Progress @ 2025-04-24 20:00:30 : 7608 steps taken, and 1721 accepted.
[3 : mcmc] Progress @ 2025-04-24 20:01:05 : 7386 steps taken, and 1726 accepted.
[2 : mcmc] Progress @ 2025-04-24 20:01:43 : 7593 steps taken, and 1749 accepted.
[1 : mcmc] Progress @ 2025-04-24 20:02:30 : 7370 steps taken, and 1740 accepted.
[0 : mcmc] Progress @ 2025-04-24 20:02:38 : 7617 steps taken, and 1723 accepted.
[3 : mcmc] Progress @ 2025-04-24 20:03:07 : 7403 steps taken, and 1727 accepted.
[2 : mcmc] Progress @ 2025-04-24 20:03:53 : 7603 steps taken, and 1751 accepted.
[1 : mcmc] Progress @ 2025-04-24 20:04:32 : 7388 steps taken, and 1743 accepted.
[0 : mcmc] Progress @ 2025-04-24 20:04:50 : 7626 steps taken, and 1726 accepted.
[3 : mcmc] Progress @ 2025-04-24 20:05:14 : 7421 steps taken, and 1729 accepted.
[2 : mcmc] Progress @ 2025-04-24 20:06:07 : 7612 steps taken, and 1754 accepted.
[1 : mcmc] Progress @ 2025-04-24 20:06:35 : 7396 steps taken, and 1748 accepted.
[0 : mcmc] Progress @ 2025-04-24 20:06:59 : 7635 steps taken, and 1731 accepted.
[3 : mcmc] Progress @ 2025-04-24 20:07:15 : 7432 steps taken, and 1730 accepted.
[2 : mcmc] Progress @ 2025-04-24 20:08:15 : 7624 steps taken, and 1759 accepted.
[2 : mcmc] Learn + convergence test @ 1760 samples accepted.
[2 : mcmc] Ready to check convergence and learn a new proposal covmat (waiting for the rest...)
[1 : mcmc] Progress @ 2025-04-24 20:08:38 : 7407 steps taken, and 1750 accepted.
[0 : mcmc] Progress @ 2025-04-24 20:09:09 : 7646 steps taken, and 1734 accepted.
[3 : mcmc] Progress @ 2025-04-24 20:09:17 : 7442 steps taken, and 1734 accepted.
[2 : mcmc] Progress @ 2025-04-24 20:10:16 : 7636 steps taken, and 1761 accepted.
[1 : mcmc] Progress @ 2025-04-24 20:10:54 : 7417 steps taken, and 1752 accepted.
[0 : mcmc] Progress @ 2025-04-24 20:11:14 : 7660 steps taken, and 1737 accepted.
[3 : mcmc] Progress @ 2025-04-24 20:11:30 : 7452 steps taken, and 1738 accepted.
[2 : mcmc] Progress @ 2025-04-24 20:12:20 : 7648 steps taken, and 1765 accepted.
[1 : mcmc] Progress @ 2025-04-24 20:12:55 : 7428 steps taken, and 1756 accepted.
[0 : mcmc] Progress @ 2025-04-24 20:13:15 : 7669 steps taken, and 1737 accepted.
[3 : mcmc] Progress @ 2025-04-24 20:13:43 : 7461 steps taken, and 1740 accepted.
[2 : mcmc] Progress @ 2025-04-24 20:14:34 : 7659 steps taken, and 1768 accepted.
[1 : mcmc] Progress @ 2025-04-24 20:14:58 : 7439 steps taken, and 1758 accepted.
[0 : mcmc] Progress @ 2025-04-24 20:15:24 : 7678 steps taken, and 1741 accepted.
[3 : mcmc] Progress @ 2025-04-24 20:15:48 : 7472 steps taken, and 1741 accepted.
[2 : mcmc] Progress @ 2025-04-24 20:16:39 : 7670 steps taken, and 1770 accepted.
[1 : mcmc] Progress @ 2025-04-24 20:17:13 : 7448 steps taken, and 1759 accepted.
[1 : mcmc] Learn + convergence test @ 1760 samples accepted.
[1 : mcmc] Ready to check convergence and learn a new proposal covmat (waiting for the rest...)
[0 : mcmc] Progress @ 2025-04-24 20:17:37 : 7689 steps taken, and 1745 accepted.
[3 : mcmc] Progress @ 2025-04-24 20:17:51 : 7482 steps taken, and 1744 accepted.
[2 : mcmc] Progress @ 2025-04-24 20:18:43 : 7681 steps taken, and 1772 accepted.
[1 : mcmc] Progress @ 2025-04-24 20:19:13 : 7458 steps taken, and 1764 accepted.
[0 : mcmc] Progress @ 2025-04-24 20:19:49 : 7704 steps taken, and 1750 accepted.
[3 : mcmc] Progress @ 2025-04-24 20:19:53 : 7493 steps taken, and 1745 accepted.
[2 : mcmc] Progress @ 2025-04-24 20:20:54 : 7690 steps taken, and 1774 accepted.
[1 : mcmc] Progress @ 2025-04-24 20:21:26 : 7467 steps taken, and 1769 accepted.
[0 : mcmc] Progress @ 2025-04-24 20:21:56 : 7716 steps taken, and 1754 accepted.
[3 : mcmc] Progress @ 2025-04-24 20:22:01 : 7502 steps taken, and 1747 accepted.
[2 : mcmc] Progress @ 2025-04-24 20:22:59 : 7700 steps taken, and 1777 accepted.
[1 : mcmc] Progress @ 2025-04-24 20:23:40 : 7477 steps taken, and 1771 accepted.
[0 : mcmc] Progress @ 2025-04-24 20:23:58 : 7733 steps taken, and 1754 accepted.
[3 : mcmc] Progress @ 2025-04-24 20:24:02 : 7511 steps taken, and 1750 accepted.
[2 : mcmc] Progress @ 2025-04-24 20:25:03 : 7709 steps taken, and 1782 accepted.
[1 : mcmc] Progress @ 2025-04-24 20:25:45 : 7487 steps taken, and 1773 accepted.
[0 : mcmc] Progress @ 2025-04-24 20:25:59 : 7747 steps taken, and 1758 accepted.
[3 : mcmc] Progress @ 2025-04-24 20:26:07 : 7519 steps taken, and 1753 accepted.
[0 : mcmc] Learn + convergence test @ 1760 samples accepted.
[0 : mcmc] Ready to check convergence and learn a new proposal covmat (waiting for the rest...)
[2 : mcmc] Progress @ 2025-04-24 20:27:10 : 7718 steps taken, and 1787 accepted.
[1 : mcmc] Progress @ 2025-04-24 20:27:56 : 7496 steps taken, and 1776 accepted.
[0 : mcmc] Progress @ 2025-04-24 20:28:02 : 7757 steps taken, and 1763 accepted.
[3 : mcmc] Progress @ 2025-04-24 20:28:08 : 7529 steps taken, and 1756 accepted.
[2 : mcmc] Progress @ 2025-04-24 20:29:11 : 7730 steps taken, and 1790 accepted.
[0 : mcmc] Progress @ 2025-04-24 20:30:03 : 7774 steps taken, and 1769 accepted.
[1 : mcmc] Progress @ 2025-04-24 20:30:08 : 7505 steps taken, and 1779 accepted.
[3 : mcmc] Progress @ 2025-04-24 20:30:11 : 7539 steps taken, and 1759 accepted.
[3 : mcmc] Learn + convergence test @ 1760 samples accepted.
[3 : mcmc] Ready to check convergence and learn a new proposal covmat (waiting for the rest...)
[0 : mcmc] All chains are ready to check convergence and learn a new proposal covmat
[2 : mcmc] Progress @ 2025-04-24 20:31:14 : 7748 steps taken, and 1792 accepted.
[0 : mcmc]  - Acceptance rate: 0.267 = avg([0.2785, 0.2751, 0.2559, 0.2586])
[0 : mcmc]  - Convergence of means: R-1 = 0.085109 after 7106 accepted steps = sum([1772, 1781, 1793, 1760])
[0 : mcmc]  - Updated covariance matrix of proposal pdf.
[0 : mcmc] Progress @ 2025-04-24 20:32:04 : 7780 steps taken, and 1772 accepted.
[3 : mcmc] Progress @ 2025-04-24 20:32:11 : 7542 steps taken, and 1761 accepted.
[1 : mcmc] Progress @ 2025-04-24 20:32:19 : 7511 steps taken, and 1781 accepted.
[2 : mcmc] Progress @ 2025-04-24 20:33:18 : 7760 steps taken, and 1795 accepted.
[0 : mcmc] Progress @ 2025-04-24 20:34:06 : 7791 steps taken, and 1774 accepted.
[3 : mcmc] Progress @ 2025-04-24 20:34:16 : 7553 steps taken, and 1765 accepted.
[1 : mcmc] Progress @ 2025-04-24 20:34:24 : 7524 steps taken, and 1785 accepted.
[2 : mcmc] Progress @ 2025-04-24 20:35:29 : 7775 steps taken, and 1799 accepted.
[0 : mcmc] Progress @ 2025-04-24 20:36:20 : 7800 steps taken, and 1777 accepted.
[3 : mcmc] Progress @ 2025-04-24 20:36:25 : 7565 steps taken, and 1768 accepted.
[1 : mcmc] Progress @ 2025-04-24 20:36:25 : 7539 steps taken, and 1792 accepted.
[2 : mcmc] Progress @ 2025-04-24 20:37:39 : 7791 steps taken, and 1801 accepted.
[0 : mcmc] Progress @ 2025-04-24 20:38:30 : 7811 steps taken, and 1781 accepted.
[1 : mcmc] Progress @ 2025-04-24 20:38:35 : 7555 steps taken, and 1794 accepted.
[3 : mcmc] Progress @ 2025-04-24 20:38:36 : 7576 steps taken, and 1772 accepted.
[2 : mcmc] Progress @ 2025-04-24 20:39:52 : 7809 steps taken, and 1803 accepted.
[0 : mcmc] Progress @ 2025-04-24 20:40:31 : 7826 steps taken, and 1783 accepted.
[3 : mcmc] Progress @ 2025-04-24 20:40:44 : 7589 steps taken, and 1773 accepted.
[1 : mcmc] Progress @ 2025-04-24 20:40:44 : 7566 steps taken, and 1797 accepted.
[2 : mcmc] Progress @ 2025-04-24 20:42:00 : 7819 steps taken, and 1807 accepted.
[0 : mcmc] Progress @ 2025-04-24 20:42:33 : 7836 steps taken, and 1788 accepted.
[1 : mcmc] Progress @ 2025-04-24 20:42:57 : 7579 steps taken, and 1802 accepted.
[3 : mcmc] Progress @ 2025-04-24 20:43:00 : 7600 steps taken, and 1778 accepted.
[2 : mcmc] Progress @ 2025-04-24 20:44:18 : 7830 steps taken, and 1810 accepted.
[0 : mcmc] Progress @ 2025-04-24 20:44:46 : 7849 steps taken, and 1791 accepted.
[3 : mcmc] Progress @ 2025-04-24 20:45:00 : 7614 steps taken, and 1780 accepted.
[1 : mcmc] Progress @ 2025-04-24 20:45:04 : 7598 steps taken, and 1804 accepted.
[2 : mcmc] Progress @ 2025-04-24 20:46:24 : 7837 steps taken, and 1812 accepted.
[0 : mcmc] Progress @ 2025-04-24 20:46:54 : 7861 steps taken, and 1795 accepted.
[3 : mcmc] Progress @ 2025-04-24 20:47:05 : 7623 steps taken, and 1785 accepted.
[1 : mcmc] Progress @ 2025-04-24 20:47:16 : 7609 steps taken, and 1808 accepted.
[2 : mcmc] Progress @ 2025-04-24 20:48:34 : 7846 steps taken, and 1814 accepted.
[0 : mcmc] Progress @ 2025-04-24 20:49:17 : 7875 steps taken, and 1797 accepted.
[3 : mcmc] Progress @ 2025-04-24 20:49:25 : 7629 steps taken, and 1785 accepted.
[1 : mcmc] Progress @ 2025-04-24 20:49:34 : 7617 steps taken, and 1810 accepted.
[2 : mcmc] Progress @ 2025-04-24 20:50:49 : 7853 steps taken, and 1816 accepted.
[0 : mcmc] Progress @ 2025-04-24 20:51:30 : 7883 steps taken, and 1800 accepted.
[1 : mcmc] Progress @ 2025-04-24 20:51:38 : 7624 steps taken, and 1810 accepted.
[3 : mcmc] Progress @ 2025-04-24 20:51:42 : 7636 steps taken, and 1789 accepted.
[2 : mcmc] Progress @ 2025-04-24 20:53:12 : 7863 steps taken, and 1817 accepted.
[1 : mcmc] Progress @ 2025-04-24 20:53:41 : 7635 steps taken, and 1815 accepted.
[0 : mcmc] Progress @ 2025-04-24 20:53:51 : 7892 steps taken, and 1803 accepted.
[3 : mcmc] Progress @ 2025-04-24 20:53:51 : 7642 steps taken, and 1792 accepted.
[2 : mcmc] Progress @ 2025-04-24 20:55:25 : 7873 steps taken, and 1819 accepted.
[1 : mcmc] Progress @ 2025-04-24 20:55:50 : 7642 steps taken, and 1817 accepted.
[3 : mcmc] Progress @ 2025-04-24 20:56:11 : 7649 steps taken, and 1792 accepted.
[0 : mcmc] Progress @ 2025-04-24 20:56:12 : 7900 steps taken, and 1805 accepted.
[2 : mcmc] Progress @ 2025-04-24 20:57:25 : 7879 steps taken, and 1820 accepted.
[1 : mcmc] Progress @ 2025-04-24 20:58:13 : 7648 steps taken, and 1819 accepted.
[3 : mcmc] Progress @ 2025-04-24 20:58:14 : 7656 steps taken, and 1793 accepted.
[0 : mcmc] Progress @ 2025-04-24 20:58:23 : 7908 steps taken, and 1806 accepted.
[2 : mcmc] Progress @ 2025-04-24 20:59:47 : 7890 steps taken, and 1826 accepted.
[3 : mcmc] Progress @ 2025-04-24 21:00:35 : 7665 steps taken, and 1794 accepted.
[1 : mcmc] Progress @ 2025-04-24 21:00:35 : 7657 steps taken, and 1821 accepted.
[0 : mcmc] Progress @ 2025-04-24 21:00:36 : 7915 steps taken, and 1809 accepted.
[2 : mcmc] Progress @ 2025-04-24 21:01:56 : 7900 steps taken, and 1826 accepted.
[3 : mcmc] Progress @ 2025-04-24 21:02:35 : 7673 steps taken, and 1798 accepted.
[1 : mcmc] Progress @ 2025-04-24 21:02:36 : 7669 steps taken, and 1822 accepted.
[0 : mcmc] Progress @ 2025-04-24 21:03:02 : 7924 steps taken, and 1812 accepted.
[2 : mcmc] Progress @ 2025-04-24 21:03:59 : 7907 steps taken, and 1829 accepted.
[3 : mcmc] Progress @ 2025-04-24 21:04:45 : 7683 steps taken, and 1799 accepted.
[1 : mcmc] Progress @ 2025-04-24 21:04:52 : 7681 steps taken, and 1827 accepted.
[0 : mcmc] Progress @ 2025-04-24 21:05:09 : 7931 steps taken, and 1813 accepted.
[2 : mcmc] Progress @ 2025-04-24 21:06:20 : 7914 steps taken, and 1831 accepted.
[3 : mcmc] Progress @ 2025-04-24 21:06:47 : 7694 steps taken, and 1803 accepted.
[1 : mcmc] Progress @ 2025-04-24 21:07:08 : 7691 steps taken, and 1830 accepted.
[0 : mcmc] Progress @ 2025-04-24 21:07:20 : 7938 steps taken, and 1815 accepted.
[2 : mcmc] Progress @ 2025-04-24 21:08:34 : 7920 steps taken, and 1835 accepted.
[3 : mcmc] Progress @ 2025-04-24 21:08:53 : 7701 steps taken, and 1805 accepted.
[1 : mcmc] Progress @ 2025-04-24 21:09:14 : 7705 steps taken, and 1831 accepted.
[0 : mcmc] Progress @ 2025-04-24 21:09:25 : 7944 steps taken, and 1817 accepted.
[2 : mcmc] Progress @ 2025-04-24 21:10:40 : 7927 steps taken, and 1836 accepted.
[3 : mcmc] Progress @ 2025-04-24 21:10:55 : 7706 steps taken, and 1808 accepted.
[1 : mcmc] Progress @ 2025-04-24 21:11:25 : 7717 steps taken, and 1833 accepted.
[0 : mcmc] Progress @ 2025-04-24 21:11:47 : 7952 steps taken, and 1819 accepted.
[2 : mcmc] Progress @ 2025-04-24 21:12:45 : 7932 steps taken, and 1838 accepted.
[3 : mcmc] Progress @ 2025-04-24 21:13:11 : 7712 steps taken, and 1809 accepted.
[1 : mcmc] Progress @ 2025-04-24 21:13:44 : 7731 steps taken, and 1837 accepted.
[2 : mcmc] Learn + convergence test @ 1840 samples accepted.
[2 : mcmc] Ready to check convergence and learn a new proposal covmat (waiting for the rest...)
[0 : mcmc] Progress @ 2025-04-24 21:13:57 : 7958 steps taken, and 1820 accepted.
[2 : mcmc] Progress @ 2025-04-24 21:15:03 : 7942 steps taken, and 1842 accepted.
[3 : mcmc] Progress @ 2025-04-24 21:15:30 : 7720 steps taken, and 1810 accepted.
[1 : mcmc] Progress @ 2025-04-24 21:15:53 : 7742 steps taken, and 1839 accepted.
[0 : mcmc] Progress @ 2025-04-24 21:16:00 : 7966 steps taken, and 1821 accepted.
[1 : mcmc] Learn + convergence test @ 1840 samples accepted.
[1 : mcmc] Ready to check convergence and learn a new proposal covmat (waiting for the rest...)
[2 : mcmc] Progress @ 2025-04-24 21:17:03 : 7951 steps taken, and 1844 accepted.
[3 : mcmc] Progress @ 2025-04-24 21:17:51 : 7726 steps taken, and 1810 accepted.
[0 : mcmc] Progress @ 2025-04-24 21:18:00 : 7973 steps taken, and 1822 accepted.
[1 : mcmc] Progress @ 2025-04-24 21:18:06 : 7753 steps taken, and 1845 accepted.
[2 : mcmc] Progress @ 2025-04-24 21:19:08 : 7957 steps taken, and 1844 accepted.
[0 : mcmc] Progress @ 2025-04-24 21:20:02 : 7979 steps taken, and 1822 accepted.
[3 : mcmc] Progress @ 2025-04-24 21:20:07 : 7733 steps taken, and 1813 accepted.
[1 : mcmc] Progress @ 2025-04-24 21:20:19 : 7760 steps taken, and 1848 accepted.
[2 : mcmc] Progress @ 2025-04-24 21:21:25 : 7963 steps taken, and 1847 accepted.
[0 : mcmc] Progress @ 2025-04-24 21:22:06 : 7986 steps taken, and 1824 accepted.
[3 : mcmc] Progress @ 2025-04-24 21:22:20 : 7741 steps taken, and 1816 accepted.
[1 : mcmc] Progress @ 2025-04-24 21:22:26 : 7766 steps taken, and 1851 accepted.
[2 : mcmc] Progress @ 2025-04-24 21:23:38 : 7969 steps taken, and 1847 accepted.
[0 : mcmc] Progress @ 2025-04-24 21:24:18 : 7995 steps taken, and 1827 accepted.
[3 : mcmc] Progress @ 2025-04-24 21:24:24 : 7748 steps taken, and 1820 accepted.
[1 : mcmc] Progress @ 2025-04-24 21:24:38 : 7773 steps taken, and 1853 accepted.
[2 : mcmc] Progress @ 2025-04-24 21:25:44 : 7978 steps taken, and 1851 accepted.
[3 : mcmc] Progress @ 2025-04-24 21:26:34 : 7755 steps taken, and 1822 accepted.
[0 : mcmc] Progress @ 2025-04-24 21:26:34 : 8001 steps taken, and 1829 accepted.
[1 : mcmc] Progress @ 2025-04-24 21:26:40 : 7779 steps taken, and 1854 accepted.
[2 : mcmc] Progress @ 2025-04-24 21:27:54 : 7984 steps taken, and 1854 accepted.
[1 : mcmc] Progress @ 2025-04-24 21:28:46 : 7787 steps taken, and 1856 accepted.
[3 : mcmc] Progress @ 2025-04-24 21:28:54 : 7761 steps taken, and 1825 accepted.
[0 : mcmc] Progress @ 2025-04-24 21:28:58 : 8008 steps taken, and 1833 accepted.
[2 : mcmc] Progress @ 2025-04-24 21:30:01 : 7991 steps taken, and 1857 accepted.
[1 : mcmc] Progress @ 2025-04-24 21:30:58 : 7794 steps taken, and 1859 accepted.
[0 : mcmc] Progress @ 2025-04-24 21:31:02 : 8014 steps taken, and 1836 accepted.
[3 : mcmc] Progress @ 2025-04-24 21:31:03 : 7767 steps taken, and 1827 accepted.
[2 : mcmc] Progress @ 2025-04-24 21:32:09 : 7998 steps taken, and 1861 accepted.
[0 : mcmc] Progress @ 2025-04-24 21:33:12 : 8021 steps taken, and 1837 accepted.
[1 : mcmc] Progress @ 2025-04-24 21:33:21 : 7803 steps taken, and 1863 accepted.
[3 : mcmc] Progress @ 2025-04-24 21:33:23 : 7774 steps taken, and 1830 accepted.
[2 : mcmc] Progress @ 2025-04-24 21:34:10 : 8005 steps taken, and 1863 accepted.
[0 : mcmc] Progress @ 2025-04-24 21:35:35 : 8028 steps taken, and 1839 accepted.
[1 : mcmc] Progress @ 2025-04-24 21:35:39 : 7809 steps taken, and 1864 accepted.
[3 : mcmc] Progress @ 2025-04-24 21:35:39 : 7782 steps taken, and 1834 accepted.
[2 : mcmc] Progress @ 2025-04-24 21:36:13 : 8011 steps taken, and 1864 accepted.
[3 : mcmc] Progress @ 2025-04-24 21:37:43 : 7787 steps taken, and 1836 accepted.
[1 : mcmc] Progress @ 2025-04-24 21:37:47 : 7816 steps taken, and 1867 accepted.
[0 : mcmc] Progress @ 2025-04-24 21:37:54 : 8035 steps taken, and 1839 accepted.
[2 : mcmc] Progress @ 2025-04-24 21:38:17 : 8018 steps taken, and 1866 accepted.
[0 : mcmc] Learn + convergence test @ 1840 samples accepted.
[0 : mcmc] Ready to check convergence and learn a new proposal covmat (waiting for the rest...)
[3 : mcmc] Progress @ 2025-04-24 21:39:52 : 7795 steps taken, and 1839 accepted.
[1 : mcmc] Progress @ 2025-04-24 21:40:06 : 7824 steps taken, and 1869 accepted.
[0 : mcmc] Progress @ 2025-04-24 21:40:16 : 8044 steps taken, and 1843 accepted.
[2 : mcmc] Progress @ 2025-04-24 21:40:29 : 8025 steps taken, and 1869 accepted.
[3 : mcmc] Learn + convergence test @ 1840 samples accepted.
[3 : mcmc] Ready to check convergence and learn a new proposal covmat (waiting for the rest...)
[1 : mcmc] Progress @ 2025-04-24 21:42:09 : 7832 steps taken, and 1872 accepted.
[0 : mcmc] Progress @ 2025-04-24 21:42:16 : 8051 steps taken, and 1844 accepted.
[2 : mcmc] Progress @ 2025-04-24 21:42:30 : 8039 steps taken, and 1872 accepted.
[0 : mcmc] All chains are ready to check convergence and learn a new proposal covmat
[0 : mcmc]  - Acceptance rate: 0.267 = avg([0.2761, 0.2759, 0.2570, 0.2600])
[0 : mcmc]  - Convergence of means: R-1 = 0.081911 after 7430 accepted steps = sum([1845, 1872, 1873, 1840])
[0 : mcmc]  - Updated covariance matrix of proposal pdf.
[0 : mcmc] Progress @ 2025-04-24 21:44:23 : 8054 steps taken, and 1845 accepted.
[1 : mcmc] Progress @ 2025-04-24 21:44:24 : 7833 steps taken, and 1872 accepted.
[3 : mcmc] Progress @ 2025-04-24 21:44:29 : 7800 steps taken, and 1840 accepted.
[2 : mcmc] Progress @ 2025-04-24 21:44:51 : 8052 steps taken, and 1875 accepted.
[1 : mcmc] Progress @ 2025-04-24 21:46:37 : 7846 steps taken, and 1875 accepted.
[0 : mcmc] Progress @ 2025-04-24 21:46:45 : 8061 steps taken, and 1846 accepted.
[3 : mcmc] Progress @ 2025-04-24 21:46:51 : 7807 steps taken, and 1841 accepted.
[2 : mcmc] Progress @ 2025-04-24 21:47:01 : 8058 steps taken, and 1878 accepted.
[0 : mcmc] Progress @ 2025-04-24 21:48:51 : 8066 steps taken, and 1849 accepted.
[1 : mcmc] Progress @ 2025-04-24 21:48:52 : 7853 steps taken, and 1877 accepted.
[2 : mcmc] Progress @ 2025-04-24 21:49:02 : 8065 steps taken, and 1879 accepted.
[3 : mcmc] Progress @ 2025-04-24 21:49:10 : 7814 steps taken, and 1844 accepted.
[0 : mcmc] Progress @ 2025-04-24 21:51:03 : 8074 steps taken, and 1851 accepted.
[1 : mcmc] Progress @ 2025-04-24 21:51:08 : 7869 steps taken, and 1879 accepted.
[2 : mcmc] Progress @ 2025-04-24 21:51:19 : 8071 steps taken, and 1881 accepted.
[3 : mcmc] Progress @ 2025-04-24 21:51:24 : 7823 steps taken, and 1848 accepted.
[0 : mcmc] Progress @ 2025-04-24 21:53:09 : 8080 steps taken, and 1854 accepted.
[1 : mcmc] Progress @ 2025-04-24 21:53:14 : 7877 steps taken, and 1882 accepted.
[2 : mcmc] Progress @ 2025-04-24 21:53:35 : 8078 steps taken, and 1884 accepted.
[3 : mcmc] Progress @ 2025-04-24 21:53:44 : 7831 steps taken, and 1850 accepted.
[0 : mcmc] Progress @ 2025-04-24 21:55:25 : 8086 steps taken, and 1854 accepted.
[1 : mcmc] Progress @ 2025-04-24 21:55:27 : 7883 steps taken, and 1883 accepted.
[3 : mcmc] Progress @ 2025-04-24 21:55:48 : 7837 steps taken, and 1851 accepted.
[2 : mcmc] Progress @ 2025-04-24 21:55:51 : 8087 steps taken, and 1887 accepted.
[0 : mcmc] Progress @ 2025-04-24 21:57:29 : 8093 steps taken, and 1857 accepted.
[1 : mcmc] Progress @ 2025-04-24 21:57:40 : 7890 steps taken, and 1884 accepted.
[3 : mcmc] Progress @ 2025-04-24 21:57:51 : 7844 steps taken, and 1853 accepted.
[2 : mcmc] Progress @ 2025-04-24 21:57:59 : 8094 steps taken, and 1891 accepted.
[0 : mcmc] Progress @ 2025-04-24 21:59:34 : 8102 steps taken, and 1860 accepted.
[1 : mcmc] Progress @ 2025-04-24 21:59:51 : 7898 steps taken, and 1887 accepted.
[2 : mcmc] Progress @ 2025-04-24 22:00:12 : 8103 steps taken, and 1894 accepted.
[3 : mcmc] Progress @ 2025-04-24 22:00:13 : 7850 steps taken, and 1855 accepted.
[0 : mcmc] Progress @ 2025-04-24 22:01:56 : 8110 steps taken, and 1861 accepted.
[1 : mcmc] Progress @ 2025-04-24 22:02:03 : 7904 steps taken, and 1889 accepted.
[2 : mcmc] Progress @ 2025-04-24 22:02:15 : 8109 steps taken, and 1894 accepted.
[3 : mcmc] Progress @ 2025-04-24 22:02:22 : 7860 steps taken, and 1856 accepted.
[0 : mcmc] Progress @ 2025-04-24 22:04:05 : 8116 steps taken, and 1863 accepted.
[1 : mcmc] Progress @ 2025-04-24 22:04:06 : 7913 steps taken, and 1889 accepted.
[2 : mcmc] Progress @ 2025-04-24 22:04:36 : 8116 steps taken, and 1896 accepted.
[3 : mcmc] Progress @ 2025-04-24 22:04:47 : 7869 steps taken, and 1859 accepted.
[1 : mcmc] Progress @ 2025-04-24 22:06:10 : 7922 steps taken, and 1891 accepted.
[0 : mcmc] Progress @ 2025-04-24 22:06:18 : 8125 steps taken, and 1864 accepted.
[2 : mcmc] Progress @ 2025-04-24 22:06:43 : 8127 steps taken, and 1896 accepted.
[3 : mcmc] Progress @ 2025-04-24 22:06:51 : 7881 steps taken, and 1862 accepted.
[1 : mcmc] Progress @ 2025-04-24 22:08:19 : 7930 steps taken, and 1893 accepted.
[0 : mcmc] Progress @ 2025-04-24 22:08:20 : 8134 steps taken, and 1867 accepted.
[3 : mcmc] Progress @ 2025-04-24 22:08:51 : 7893 steps taken, and 1865 accepted.
[2 : mcmc] Progress @ 2025-04-24 22:08:55 : 8137 steps taken, and 1897 accepted.
[1 : mcmc] Progress @ 2025-04-24 22:10:24 : 7937 steps taken, and 1896 accepted.
[0 : mcmc] Progress @ 2025-04-24 22:10:26 : 8149 steps taken, and 1869 accepted.
[3 : mcmc] Progress @ 2025-04-24 22:10:55 : 7902 steps taken, and 1867 accepted.
[2 : mcmc] Progress @ 2025-04-24 22:10:59 : 8145 steps taken, and 1900 accepted.
[1 : mcmc] Progress @ 2025-04-24 22:12:30 : 7944 steps taken, and 1899 accepted.
[0 : mcmc] Progress @ 2025-04-24 22:12:31 : 8158 steps taken, and 1873 accepted.
[3 : mcmc] Progress @ 2025-04-24 22:12:55 : 7909 steps taken, and 1867 accepted.
[2 : mcmc] Progress @ 2025-04-24 22:13:19 : 8165 steps taken, and 1904 accepted.
[1 : mcmc] Progress @ 2025-04-24 22:14:32 : 7950 steps taken, and 1899 accepted.
[0 : mcmc] Progress @ 2025-04-24 22:14:52 : 8168 steps taken, and 1875 accepted.
[3 : mcmc] Progress @ 2025-04-24 22:15:01 : 7918 steps taken, and 1867 accepted.
[2 : mcmc] Progress @ 2025-04-24 22:15:28 : 8175 steps taken, and 1906 accepted.
[1 : mcmc] Progress @ 2025-04-24 22:16:55 : 7960 steps taken, and 1902 accepted.
[0 : mcmc] Progress @ 2025-04-24 22:17:10 : 8177 steps taken, and 1876 accepted.
[3 : mcmc] Progress @ 2025-04-24 22:17:23 : 7935 steps taken, and 1868 accepted.
[2 : mcmc] Progress @ 2025-04-24 22:17:37 : 8183 steps taken, and 1909 accepted.
[1 : mcmc] Progress @ 2025-04-24 22:18:59 : 7969 steps taken, and 1904 accepted.
[0 : mcmc] Progress @ 2025-04-24 22:19:14 : 8185 steps taken, and 1879 accepted.
[3 : mcmc] Progress @ 2025-04-24 22:19:27 : 7943 steps taken, and 1869 accepted.
[2 : mcmc] Progress @ 2025-04-24 22:19:51 : 8189 steps taken, and 1911 accepted.
[1 : mcmc] Progress @ 2025-04-24 22:21:10 : 7977 steps taken, and 1908 accepted.
[0 : mcmc] Progress @ 2025-04-24 22:21:23 : 8193 steps taken, and 1880 accepted.
[3 : mcmc] Progress @ 2025-04-24 22:21:35 : 7949 steps taken, and 1872 accepted.
[2 : mcmc] Progress @ 2025-04-24 22:22:09 : 8199 steps taken, and 1913 accepted.
[1 : mcmc] Progress @ 2025-04-24 22:23:18 : 7988 steps taken, and 1913 accepted.
[0 : mcmc] Progress @ 2025-04-24 22:23:30 : 8202 steps taken, and 1881 accepted.
[3 : mcmc] Progress @ 2025-04-24 22:23:46 : 7955 steps taken, and 1873 accepted.
[2 : mcmc] Progress @ 2025-04-24 22:24:16 : 8206 steps taken, and 1915 accepted.
[1 : mcmc] Progress @ 2025-04-24 22:25:28 : 7994 steps taken, and 1914 accepted.
[0 : mcmc] Progress @ 2025-04-24 22:25:44 : 8212 steps taken, and 1882 accepted.
[3 : mcmc] Progress @ 2025-04-24 22:25:46 : 7961 steps taken, and 1874 accepted.
[2 : mcmc] Progress @ 2025-04-24 22:26:23 : 8214 steps taken, and 1915 accepted.
[1 : mcmc] Progress @ 2025-04-24 22:27:29 : 8005 steps taken, and 1914 accepted.
[0 : mcmc] Progress @ 2025-04-24 22:27:52 : 8220 steps taken, and 1884 accepted.
[3 : mcmc] Progress @ 2025-04-24 22:27:57 : 7970 steps taken, and 1876 accepted.
[2 : mcmc] Progress @ 2025-04-24 22:28:23 : 8224 steps taken, and 1918 accepted.
[2 : mcmc] Learn + convergence test @ 1920 samples accepted.
[2 : mcmc] Ready to check convergence and learn a new proposal covmat (waiting for the rest...)
[1 : mcmc] Progress @ 2025-04-24 22:29:32 : 8012 steps taken, and 1916 accepted.
[0 : mcmc] Progress @ 2025-04-24 22:29:56 : 8225 steps taken, and 1884 accepted.
[3 : mcmc] Progress @ 2025-04-24 22:30:08 : 7977 steps taken, and 1878 accepted.
[2 : mcmc] Progress @ 2025-04-24 22:30:39 : 8233 steps taken, and 1921 accepted.
[1 : mcmc] Progress @ 2025-04-24 22:31:43 : 8022 steps taken, and 1919 accepted.
[1 : mcmc] Learn + convergence test @ 1920 samples accepted.
[1 : mcmc] Ready to check convergence and learn a new proposal covmat (waiting for the rest...)
[0 : mcmc] Progress @ 2025-04-24 22:32:15 : 8232 steps taken, and 1884 accepted.
[3 : mcmc] Progress @ 2025-04-24 22:32:27 : 7984 steps taken, and 1882 accepted.
[2 : mcmc] Progress @ 2025-04-24 22:32:43 : 8240 steps taken, and 1923 accepted.
[1 : mcmc] Progress @ 2025-04-24 22:33:50 : 8030 steps taken, and 1922 accepted.
[3 : mcmc] Progress @ 2025-04-24 22:34:28 : 7991 steps taken, and 1882 accepted.
[0 : mcmc] Progress @ 2025-04-24 22:34:45 : 8239 steps taken, and 1885 accepted.
[2 : mcmc] Progress @ 2025-04-24 22:34:48 : 8245 steps taken, and 1923 accepted.
[1 : mcmc] Progress @ 2025-04-24 22:36:10 : 8037 steps taken, and 1924 accepted.
[3 : mcmc] Progress @ 2025-04-24 22:36:43 : 7998 steps taken, and 1883 accepted.
[0 : mcmc] Progress @ 2025-04-24 22:36:46 : 8249 steps taken, and 1888 accepted.
[2 : mcmc] Progress @ 2025-04-24 22:37:07 : 8253 steps taken, and 1926 accepted.
[1 : mcmc] Progress @ 2025-04-24 22:38:18 : 8045 steps taken, and 1925 accepted.
[3 : mcmc] Progress @ 2025-04-24 22:38:46 : 8005 steps taken, and 1885 accepted.
[0 : mcmc] Progress @ 2025-04-24 22:38:56 : 8258 steps taken, and 1888 accepted.
[2 : mcmc] Progress @ 2025-04-24 22:39:32 : 8265 steps taken, and 1927 accepted.
[1 : mcmc] Progress @ 2025-04-24 22:40:22 : 8053 steps taken, and 1925 accepted.
[3 : mcmc] Progress @ 2025-04-24 22:41:02 : 8016 steps taken, and 1888 accepted.
[0 : mcmc] Progress @ 2025-04-24 22:41:03 : 8264 steps taken, and 1891 accepted.
[2 : mcmc] Progress @ 2025-04-24 22:41:46 : 8271 steps taken, and 1931 accepted.
[1 : mcmc] Progress @ 2025-04-24 22:42:28 : 8059 steps taken, and 1926 accepted.
[3 : mcmc] Progress @ 2025-04-24 22:43:11 : 8023 steps taken, and 1891 accepted.
[0 : mcmc] Progress @ 2025-04-24 22:43:30 : 8274 steps taken, and 1894 accepted.
[2 : mcmc] Progress @ 2025-04-24 22:43:54 : 8279 steps taken, and 1935 accepted.
[1 : mcmc] Progress @ 2025-04-24 22:44:47 : 8069 steps taken, and 1928 accepted.
[3 : mcmc] Progress @ 2025-04-24 22:45:29 : 8031 steps taken, and 1894 accepted.
[0 : mcmc] Progress @ 2025-04-24 22:45:32 : 8281 steps taken, and 1897 accepted.
[2 : mcmc] Progress @ 2025-04-24 22:45:57 : 8290 steps taken, and 1937 accepted.
[1 : mcmc] Progress @ 2025-04-24 22:46:54 : 8075 steps taken, and 1930 accepted.
[0 : mcmc] Progress @ 2025-04-24 22:47:34 : 8290 steps taken, and 1901 accepted.
[3 : mcmc] Progress @ 2025-04-24 22:47:44 : 8039 steps taken, and 1899 accepted.
[2 : mcmc] Progress @ 2025-04-24 22:48:06 : 8297 steps taken, and 1940 accepted.
[1 : mcmc] Progress @ 2025-04-24 22:49:07 : 8086 steps taken, and 1931 accepted.
[0 : mcmc] Progress @ 2025-04-24 22:49:42 : 8300 steps taken, and 1902 accepted.
[3 : mcmc] Progress @ 2025-04-24 22:49:58 : 8048 steps taken, and 1901 accepted.
[2 : mcmc] Progress @ 2025-04-24 22:50:09 : 8304 steps taken, and 1940 accepted.
[1 : mcmc] Progress @ 2025-04-24 22:51:10 : 8095 steps taken, and 1934 accepted.
[0 : mcmc] Progress @ 2025-04-24 22:51:57 : 8308 steps taken, and 1903 accepted.
[3 : mcmc] Progress @ 2025-04-24 22:51:59 : 8055 steps taken, and 1903 accepted.
[2 : mcmc] Progress @ 2025-04-24 22:52:18 : 8310 steps taken, and 1942 accepted.
[1 : mcmc] Progress @ 2025-04-24 22:53:34 : 8104 steps taken, and 1935 accepted.
[3 : mcmc] Progress @ 2025-04-24 22:54:02 : 8063 steps taken, and 1906 accepted.
[0 : mcmc] Progress @ 2025-04-24 22:54:05 : 8317 steps taken, and 1905 accepted.
[2 : mcmc] Progress @ 2025-04-24 22:54:32 : 8325 steps taken, and 1946 accepted.
[1 : mcmc] Progress @ 2025-04-24 22:55:36 : 8111 steps taken, and 1937 accepted.
[0 : mcmc] Progress @ 2025-04-24 22:56:12 : 8325 steps taken, and 1909 accepted.
[3 : mcmc] Progress @ 2025-04-24 22:56:19 : 8071 steps taken, and 1906 accepted.
[2 : mcmc] Progress @ 2025-04-24 22:56:43 : 8332 steps taken, and 1948 accepted.
[1 : mcmc] Progress @ 2025-04-24 22:57:36 : 8117 steps taken, and 1939 accepted.
[0 : mcmc] Progress @ 2025-04-24 22:58:21 : 8334 steps taken, and 1911 accepted.
[3 : mcmc] Progress @ 2025-04-24 22:58:26 : 8077 steps taken, and 1909 accepted.
[2 : mcmc] Progress @ 2025-04-24 22:58:53 : 8342 steps taken, and 1949 accepted.
[1 : mcmc] Progress @ 2025-04-24 22:59:48 : 8124 steps taken, and 1941 accepted.
[0 : mcmc] Progress @ 2025-04-24 23:00:29 : 8345 steps taken, and 1913 accepted.
[3 : mcmc] Progress @ 2025-04-24 23:00:47 : 8083 steps taken, and 1913 accepted.
[2 : mcmc] Progress @ 2025-04-24 23:01:08 : 8349 steps taken, and 1950 accepted.
[1 : mcmc] Progress @ 2025-04-24 23:01:52 : 8133 steps taken, and 1944 accepted.
[0 : mcmc] Progress @ 2025-04-24 23:02:51 : 8354 steps taken, and 1916 accepted.
[3 : mcmc] Progress @ 2025-04-24 23:03:04 : 8091 steps taken, and 1917 accepted.
[2 : mcmc] Progress @ 2025-04-24 23:03:24 : 8359 steps taken, and 1951 accepted.
[1 : mcmc] Progress @ 2025-04-24 23:04:00 : 8140 steps taken, and 1946 accepted.
[3 : mcmc] Learn + convergence test @ 1920 samples accepted.
[3 : mcmc] Ready to check convergence and learn a new proposal covmat (waiting for the rest...)
[0 : mcmc] Progress @ 2025-04-24 23:05:08 : 8361 steps taken, and 1916 accepted.
[3 : mcmc] Progress @ 2025-04-24 23:05:14 : 8100 steps taken, and 1920 accepted.
[2 : mcmc] Progress @ 2025-04-24 23:05:33 : 8367 steps taken, and 1954 accepted.
[1 : mcmc] Progress @ 2025-04-24 23:06:04 : 8149 steps taken, and 1948 accepted.
[0 : mcmc] Progress @ 2025-04-24 23:07:18 : 8372 steps taken, and 1918 accepted.
[3 : mcmc] Progress @ 2025-04-24 23:07:21 : 8107 steps taken, and 1925 accepted.
[2 : mcmc] Progress @ 2025-04-24 23:07:58 : 8378 steps taken, and 1958 accepted.
[1 : mcmc] Progress @ 2025-04-24 23:08:23 : 8156 steps taken, and 1951 accepted.
[3 : mcmc] Progress @ 2025-04-24 23:09:26 : 8115 steps taken, and 1929 accepted.
[0 : mcmc] Progress @ 2025-04-24 23:09:33 : 8378 steps taken, and 1919 accepted.
[2 : mcmc] Progress @ 2025-04-24 23:10:18 : 8386 steps taken, and 1958 accepted.
[1 : mcmc] Progress @ 2025-04-24 23:10:34 : 8164 steps taken, and 1952 accepted.
[0 : mcmc] Learn + convergence test @ 1920 samples accepted.
[0 : mcmc] Ready to check convergence and learn a new proposal covmat (waiting for the rest...)
[0 : mcmc] All chains are ready to check convergence and learn a new proposal covmat
[3 : mcmc] Progress @ 2025-04-24 23:11:42 : 8121 steps taken, and 1932 accepted.
[2 : mcmc] Progress @ 2025-04-24 23:12:26 : 8398 steps taken, and 1960 accepted.
[0 : mcmc]  - Acceptance rate: 0.266 = avg([0.2717, 0.2712, 0.2547, 0.2653])
[0 : mcmc]  - Convergence of means: R-1 = 0.053570 after 7768 accepted steps = sum([1920, 1955, 1961, 1932])
[0 : mcmc]  - Updated covariance matrix of proposal pdf.
[0 : mcmc] Progress @ 2025-04-24 23:12:43 : 8383 steps taken, and 1920 accepted.
[1 : mcmc] Progress @ 2025-04-24 23:12:59 : 8177 steps taken, and 1955 accepted.
[3 : mcmc] Progress @ 2025-04-24 23:13:58 : 8127 steps taken, and 1932 accepted.
[0 : mcmc] Progress @ 2025-04-24 23:14:44 : 8391 steps taken, and 1923 accepted.
[2 : mcmc] Progress @ 2025-04-24 23:14:48 : 8410 steps taken, and 1964 accepted.
[1 : mcmc] Progress @ 2025-04-24 23:15:00 : 8183 steps taken, and 1956 accepted.
[3 : mcmc] Progress @ 2025-04-24 23:16:08 : 8134 steps taken, and 1934 accepted.
[0 : mcmc] Progress @ 2025-04-24 23:16:48 : 8400 steps taken, and 1927 accepted.
[2 : mcmc] Progress @ 2025-04-24 23:16:58 : 8421 steps taken, and 1968 accepted.
[1 : mcmc] Progress @ 2025-04-24 23:17:01 : 8192 steps taken, and 1957 accepted.
[3 : mcmc] Progress @ 2025-04-24 23:18:35 : 8141 steps taken, and 1936 accepted.
[0 : mcmc] Progress @ 2025-04-24 23:18:58 : 8413 steps taken, and 1933 accepted.
[2 : mcmc] Progress @ 2025-04-24 23:19:05 : 8432 steps taken, and 1972 accepted.
[1 : mcmc] Progress @ 2025-04-24 23:19:09 : 8204 steps taken, and 1959 accepted.
[3 : mcmc] Progress @ 2025-04-24 23:20:42 : 8146 steps taken, and 1938 accepted.
[0 : mcmc] Progress @ 2025-04-24 23:21:02 : 8427 steps taken, and 1935 accepted.
[1 : mcmc] Progress @ 2025-04-24 23:21:10 : 8212 steps taken, and 1959 accepted.
[2 : mcmc] Progress @ 2025-04-24 23:21:23 : 8442 steps taken, and 1973 accepted.
[3 : mcmc] Progress @ 2025-04-24 23:23:01 : 8154 steps taken, and 1941 accepted.
[0 : mcmc] Progress @ 2025-04-24 23:23:05 : 8434 steps taken, and 1938 accepted.
[1 : mcmc] Progress @ 2025-04-24 23:23:12 : 8220 steps taken, and 1962 accepted.
[2 : mcmc] Progress @ 2025-04-24 23:23:44 : 8454 steps taken, and 1978 accepted.
[3 : mcmc] Progress @ 2025-04-24 23:25:02 : 8161 steps taken, and 1943 accepted.
[1 : mcmc] Progress @ 2025-04-24 23:25:15 : 8227 steps taken, and 1965 accepted.
[0 : mcmc] Progress @ 2025-04-24 23:25:17 : 8444 steps taken, and 1941 accepted.
[2 : mcmc] Progress @ 2025-04-24 23:26:05 : 8463 steps taken, and 1983 accepted.
[3 : mcmc] Progress @ 2025-04-24 23:27:17 : 8167 steps taken, and 1945 accepted.
[1 : mcmc] Progress @ 2025-04-24 23:27:25 : 8234 steps taken, and 1967 accepted.
[0 : mcmc] Progress @ 2025-04-24 23:27:27 : 8460 steps taken, and 1946 accepted.
[2 : mcmc] Progress @ 2025-04-24 23:28:07 : 8473 steps taken, and 1987 accepted.
[0 : mcmc] Progress @ 2025-04-24 23:29:28 : 8468 steps taken, and 1948 accepted.
[3 : mcmc] Progress @ 2025-04-24 23:29:28 : 8175 steps taken, and 1946 accepted.
[1 : mcmc] Progress @ 2025-04-24 23:29:34 : 8240 steps taken, and 1968 accepted.
[2 : mcmc] Progress @ 2025-04-24 23:30:12 : 8482 steps taken, and 1988 accepted.
[0 : mcmc] Progress @ 2025-04-24 23:31:28 : 8477 steps taken, and 1950 accepted.
[3 : mcmc] Progress @ 2025-04-24 23:31:55 : 8183 steps taken, and 1952 accepted.
[1 : mcmc] Progress @ 2025-04-24 23:31:56 : 8252 steps taken, and 1972 accepted.
[2 : mcmc] Progress @ 2025-04-24 23:32:30 : 8489 steps taken, and 1989 accepted.
[0 : mcmc] Progress @ 2025-04-24 23:33:49 : 8485 steps taken, and 1951 accepted.
[3 : mcmc] Progress @ 2025-04-24 23:34:00 : 8191 steps taken, and 1955 accepted.
[1 : mcmc] Progress @ 2025-04-24 23:34:11 : 8260 steps taken, and 1973 accepted.
[2 : mcmc] Progress @ 2025-04-24 23:34:32 : 8496 steps taken, and 1992 accepted.
[0 : mcmc] Progress @ 2025-04-24 23:36:06 : 8492 steps taken, and 1953 accepted.
[3 : mcmc] Progress @ 2025-04-24 23:36:07 : 8198 steps taken, and 1956 accepted.
[1 : mcmc] Progress @ 2025-04-24 23:36:15 : 8268 steps taken, and 1976 accepted.
[2 : mcmc] Progress @ 2025-04-24 23:37:03 : 8503 steps taken, and 1994 accepted.
[0 : mcmc] Progress @ 2025-04-24 23:38:07 : 8501 steps taken, and 1955 accepted.
[1 : mcmc] Progress @ 2025-04-24 23:38:27 : 8274 steps taken, and 1977 accepted.
[3 : mcmc] Progress @ 2025-04-24 23:38:41 : 8204 steps taken, and 1958 accepted.
[2 : mcmc] Progress @ 2025-04-24 23:39:20 : 8511 steps taken, and 1999 accepted.
[2 : mcmc] Learn + convergence test @ 2000 samples accepted.
[2 : mcmc] Ready to check convergence and learn a new proposal covmat (waiting for the rest...)
[0 : mcmc] Progress @ 2025-04-24 23:40:13 : 8509 steps taken, and 1957 accepted.
[1 : mcmc] Progress @ 2025-04-24 23:40:41 : 8282 steps taken, and 1978 accepted.
[3 : mcmc] Progress @ 2025-04-24 23:40:43 : 8210 steps taken, and 1960 accepted.
[2 : mcmc] Progress @ 2025-04-24 23:41:29 : 8517 steps taken, and 2001 accepted.
[0 : mcmc] Progress @ 2025-04-24 23:42:34 : 8518 steps taken, and 1958 accepted.
[3 : mcmc] Progress @ 2025-04-24 23:42:52 : 8217 steps taken, and 1963 accepted.
[1 : mcmc] Progress @ 2025-04-24 23:43:05 : 8288 steps taken, and 1980 accepted.
[2 : mcmc] Progress @ 2025-04-24 23:43:42 : 8524 steps taken, and 2005 accepted.
[0 : mcmc] Progress @ 2025-04-24 23:44:44 : 8529 steps taken, and 1958 accepted.
[3 : mcmc] Progress @ 2025-04-24 23:45:16 : 8224 steps taken, and 1965 accepted.
[1 : mcmc] Progress @ 2025-04-24 23:45:25 : 8295 steps taken, and 1982 accepted.
[2 : mcmc] Progress @ 2025-04-24 23:45:49 : 8532 steps taken, and 2005 accepted.
[0 : mcmc] Progress @ 2025-04-24 23:47:06 : 8540 steps taken, and 1959 accepted.
[3 : mcmc] Progress @ 2025-04-24 23:47:34 : 8231 steps taken, and 1968 accepted.
[1 : mcmc] Progress @ 2025-04-24 23:47:45 : 8303 steps taken, and 1982 accepted.
[2 : mcmc] Progress @ 2025-04-24 23:48:13 : 8540 steps taken, and 2005 accepted.
[0 : mcmc] Progress @ 2025-04-24 23:49:27 : 8551 steps taken, and 1962 accepted.
[3 : mcmc] Progress @ 2025-04-24 23:49:34 : 8236 steps taken, and 1972 accepted.
[1 : mcmc] Progress @ 2025-04-24 23:49:54 : 8312 steps taken, and 1986 accepted.
[2 : mcmc] Progress @ 2025-04-24 23:50:32 : 8549 steps taken, and 2007 accepted.
[0 : mcmc] Progress @ 2025-04-24 23:51:31 : 8558 steps taken, and 1964 accepted.
[3 : mcmc] Progress @ 2025-04-24 23:51:37 : 8242 steps taken, and 1974 accepted.
[1 : mcmc] Progress @ 2025-04-24 23:52:06 : 8322 steps taken, and 1987 accepted.
[2 : mcmc] Progress @ 2025-04-24 23:52:34 : 8557 steps taken, and 2010 accepted.
[0 : mcmc] Progress @ 2025-04-24 23:53:35 : 8568 steps taken, and 1969 accepted.
[3 : mcmc] Progress @ 2025-04-24 23:53:43 : 8250 steps taken, and 1977 accepted.
[1 : mcmc] Progress @ 2025-04-24 23:54:09 : 8332 steps taken, and 1988 accepted.
[2 : mcmc] Progress @ 2025-04-24 23:54:37 : 8568 steps taken, and 2015 accepted.
[3 : mcmc] Progress @ 2025-04-24 23:55:48 : 8259 steps taken, and 1980 accepted.
[0 : mcmc] Progress @ 2025-04-24 23:55:50 : 8581 steps taken, and 1974 accepted.
[1 : mcmc] Progress @ 2025-04-24 23:56:21 : 8343 steps taken, and 1993 accepted.
[2 : mcmc] Progress @ 2025-04-24 23:56:43 : 8580 steps taken, and 2016 accepted.
[3 : mcmc] Progress @ 2025-04-24 23:57:55 : 8270 steps taken, and 1981 accepted.
[0 : mcmc] Progress @ 2025-04-24 23:58:03 : 8593 steps taken, and 1980 accepted.
[1 : mcmc] Progress @ 2025-04-24 23:58:34 : 8354 steps taken, and 1995 accepted.
[2 : mcmc] Progress @ 2025-04-24 23:58:47 : 8589 steps taken, and 2019 accepted.
[3 : mcmc] Progress @ 2025-04-24 23:59:57 : 8287 steps taken, and 1984 accepted.
[0 : mcmc] Progress @ 2025-04-25 00:00:10 : 8606 steps taken, and 1982 accepted.
[1 : mcmc] Progress @ 2025-04-25 00:00:47 : 8363 steps taken, and 1996 accepted.
[2 : mcmc] Progress @ 2025-04-25 00:01:03 : 8598 steps taken, and 2023 accepted.
[3 : mcmc] Progress @ 2025-04-25 00:02:05 : 8297 steps taken, and 1990 accepted.
[0 : mcmc] Progress @ 2025-04-25 00:02:13 : 8621 steps taken, and 1985 accepted.
[1 : mcmc] Progress @ 2025-04-25 00:02:59 : 8372 steps taken, and 1997 accepted.
[2 : mcmc] Progress @ 2025-04-25 00:03:07 : 8610 steps taken, and 2027 accepted.
[3 : mcmc] Progress @ 2025-04-25 00:04:12 : 8308 steps taken, and 1992 accepted.
[0 : mcmc] Progress @ 2025-04-25 00:04:16 : 8636 steps taken, and 1986 accepted.
[1 : mcmc] Learn + convergence test @ 2000 samples accepted.
[1 : mcmc] Ready to check convergence and learn a new proposal covmat (waiting for the rest...)
[1 : mcmc] Progress @ 2025-04-25 00:05:07 : 8381 steps taken, and 2001 accepted.
[2 : mcmc] Progress @ 2025-04-25 00:05:11 : 8624 steps taken, and 2034 accepted.
[3 : mcmc] Progress @ 2025-04-25 00:06:14 : 8318 steps taken, and 1996 accepted.
[0 : mcmc] Progress @ 2025-04-25 00:06:19 : 8646 steps taken, and 1988 accepted.
[1 : mcmc] Progress @ 2025-04-25 00:07:10 : 8394 steps taken, and 2003 accepted.
[2 : mcmc] Progress @ 2025-04-25 00:07:16 : 8637 steps taken, and 2038 accepted.
[3 : mcmc] Progress @ 2025-04-25 00:08:17 : 8331 steps taken, and 1999 accepted.
[0 : mcmc] Progress @ 2025-04-25 00:08:33 : 8656 steps taken, and 1991 accepted.
[1 : mcmc] Progress @ 2025-04-25 00:09:16 : 8405 steps taken, and 2005 accepted.
[2 : mcmc] Progress @ 2025-04-25 00:09:17 : 8648 steps taken, and 2040 accepted.
[3 : mcmc] Learn + convergence test @ 2000 samples accepted.
[3 : mcmc] Ready to check convergence and learn a new proposal covmat (waiting for the rest...)
[3 : mcmc] Progress @ 2025-04-25 00:10:22 : 8344 steps taken, and 2001 accepted.
[0 : mcmc] Progress @ 2025-04-25 00:10:35 : 8667 steps taken, and 1993 accepted.
[1 : mcmc] Progress @ 2025-04-25 00:11:29 : 8420 steps taken, and 2010 accepted.
[2 : mcmc] Progress @ 2025-04-25 00:11:29 : 8657 steps taken, and 2044 accepted.
[3 : mcmc] Progress @ 2025-04-25 00:12:35 : 8353 steps taken, and 2003 accepted.
[0 : mcmc] Progress @ 2025-04-25 00:12:41 : 8676 steps taken, and 1996 accepted.
[1 : mcmc] Progress @ 2025-04-25 00:13:32 : 8431 steps taken, and 2013 accepted.
[2 : mcmc] Progress @ 2025-04-25 00:13:42 : 8667 steps taken, and 2050 accepted.
[3 : mcmc] Progress @ 2025-04-25 00:14:36 : 8364 steps taken, and 2004 accepted.
[0 : mcmc] Progress @ 2025-04-25 00:14:48 : 8688 steps taken, and 1998 accepted.
[1 : mcmc] Progress @ 2025-04-25 00:15:49 : 8439 steps taken, and 2014 accepted.
[2 : mcmc] Progress @ 2025-04-25 00:15:58 : 8678 steps taken, and 2055 accepted.
[0 : mcmc] Learn + convergence test @ 2000 samples accepted.
[0 : mcmc] Ready to check convergence and learn a new proposal covmat (waiting for the rest...)
[0 : mcmc] All chains are ready to check convergence and learn a new proposal covmat
[3 : mcmc] Progress @ 2025-04-25 00:16:46 : 8371 steps taken, and 2007 accepted.
[0 : mcmc]  - Acceptance rate: 0.266 = avg([0.2683, 0.2678, 0.2591, 0.2684])
[0 : mcmc]  - Convergence of means: R-1 = 0.058385 after 8080 accepted steps = sum([2000, 2016, 2057, 2007])
[0 : mcmc]  - Updated covariance matrix of proposal pdf.
[0 : mcmc] Progress @ 2025-04-25 00:17:58 : 8694 steps taken, and 2000 accepted.
[1 : mcmc] Progress @ 2025-04-25 00:18:13 : 8449 steps taken, and 2017 accepted.
[2 : mcmc] Progress @ 2025-04-25 00:18:18 : 8688 steps taken, and 2058 accepted.
[3 : mcmc] Progress @ 2025-04-25 00:19:08 : 8377 steps taken, and 2008 accepted.
[0 : mcmc] Progress @ 2025-04-25 00:20:04 : 8702 steps taken, and 2002 accepted.
[1 : mcmc] Progress @ 2025-04-25 00:20:14 : 8456 steps taken, and 2019 accepted.
[2 : mcmc] Progress @ 2025-04-25 00:20:19 : 8699 steps taken, and 2062 accepted.
[3 : mcmc] Progress @ 2025-04-25 00:21:08 : 8384 steps taken, and 2009 accepted.
[0 : mcmc] Progress @ 2025-04-25 00:22:18 : 8709 steps taken, and 2004 accepted.
[1 : mcmc] Progress @ 2025-04-25 00:22:23 : 8467 steps taken, and 2023 accepted.
[2 : mcmc] Progress @ 2025-04-25 00:22:41 : 8712 steps taken, and 2066 accepted.
[3 : mcmc] Progress @ 2025-04-25 00:23:19 : 8390 steps taken, and 2011 accepted.
[1 : mcmc] Progress @ 2025-04-25 00:24:33 : 8475 steps taken, and 2029 accepted.
[0 : mcmc] Progress @ 2025-04-25 00:24:37 : 8717 steps taken, and 2007 accepted.
[2 : mcmc] Progress @ 2025-04-25 00:24:41 : 8722 steps taken, and 2070 accepted.
[3 : mcmc] Progress @ 2025-04-25 00:25:26 : 8396 steps taken, and 2013 accepted.
[0 : mcmc] Progress @ 2025-04-25 00:26:44 : 8726 steps taken, and 2010 accepted.
[2 : mcmc] Progress @ 2025-04-25 00:26:55 : 8730 steps taken, and 2071 accepted.
[1 : mcmc] Progress @ 2025-04-25 00:26:56 : 8482 steps taken, and 2030 accepted.
[3 : mcmc] Progress @ 2025-04-25 00:27:40 : 8405 steps taken, and 2016 accepted.
[0 : mcmc] Progress @ 2025-04-25 00:28:50 : 8734 steps taken, and 2013 accepted.
[2 : mcmc] Progress @ 2025-04-25 00:29:00 : 8736 steps taken, and 2071 accepted.
[1 : mcmc] Progress @ 2025-04-25 00:29:05 : 8491 steps taken, and 2034 accepted.
[3 : mcmc] Progress @ 2025-04-25 00:30:02 : 8419 steps taken, and 2019 accepted.
[0 : mcmc] Progress @ 2025-04-25 00:30:53 : 8740 steps taken, and 2015 accepted.
[1 : mcmc] Progress @ 2025-04-25 00:31:10 : 8498 steps taken, and 2036 accepted.
[2 : mcmc] Progress @ 2025-04-25 00:31:12 : 8743 steps taken, and 2074 accepted.
[3 : mcmc] Progress @ 2025-04-25 00:32:08 : 8429 steps taken, and 2019 accepted.
[0 : mcmc] Progress @ 2025-04-25 00:33:12 : 8749 steps taken, and 2017 accepted.
[1 : mcmc] Progress @ 2025-04-25 00:33:19 : 8503 steps taken, and 2036 accepted.
[2 : mcmc] Progress @ 2025-04-25 00:33:31 : 8761 steps taken, and 2077 accepted.
[3 : mcmc] Progress @ 2025-04-25 00:34:15 : 8435 steps taken, and 2020 accepted.
[2 : mcmc] Learn + convergence test @ 2080 samples accepted.
[2 : mcmc] Ready to check convergence and learn a new proposal covmat (waiting for the rest...)
[1 : mcmc] Progress @ 2025-04-25 00:35:22 : 8512 steps taken, and 2039 accepted.
[0 : mcmc] Progress @ 2025-04-25 00:35:36 : 8759 steps taken, and 2021 accepted.
[2 : mcmc] Progress @ 2025-04-25 00:35:47 : 8773 steps taken, and 2081 accepted.
[3 : mcmc] Progress @ 2025-04-25 00:36:20 : 8442 steps taken, and 2020 accepted.
[1 : mcmc] Progress @ 2025-04-25 00:37:32 : 8521 steps taken, and 2041 accepted.
[0 : mcmc] Progress @ 2025-04-25 00:37:56 : 8766 steps taken, and 2023 accepted.
[2 : mcmc] Progress @ 2025-04-25 00:38:05 : 8781 steps taken, and 2083 accepted.
[3 : mcmc] Progress @ 2025-04-25 00:38:23 : 8449 steps taken, and 2021 accepted.
[1 : mcmc] Progress @ 2025-04-25 00:39:37 : 8529 steps taken, and 2044 accepted.
[0 : mcmc] Progress @ 2025-04-25 00:40:04 : 8771 steps taken, and 2024 accepted.
[2 : mcmc] Progress @ 2025-04-25 00:40:07 : 8787 steps taken, and 2086 accepted.
[3 : mcmc] Progress @ 2025-04-25 00:40:27 : 8458 steps taken, and 2023 accepted.
[1 : mcmc] Progress @ 2025-04-25 00:41:45 : 8536 steps taken, and 2045 accepted.
[0 : mcmc] Progress @ 2025-04-25 00:42:20 : 8779 steps taken, and 2028 accepted.
[2 : mcmc] Progress @ 2025-04-25 00:42:28 : 8797 steps taken, and 2087 accepted.
[3 : mcmc] Progress @ 2025-04-25 00:42:30 : 8466 steps taken, and 2026 accepted.
[1 : mcmc] Progress @ 2025-04-25 00:43:48 : 8542 steps taken, and 2045 accepted.
[0 : mcmc] Progress @ 2025-04-25 00:44:23 : 8785 steps taken, and 2030 accepted.
[3 : mcmc] Progress @ 2025-04-25 00:44:35 : 8476 steps taken, and 2030 accepted.
[2 : mcmc] Progress @ 2025-04-25 00:44:48 : 8807 steps taken, and 2090 accepted.
[1 : mcmc] Progress @ 2025-04-25 00:45:54 : 8550 steps taken, and 2047 accepted.
[0 : mcmc] Progress @ 2025-04-25 00:46:24 : 8795 steps taken, and 2031 accepted.
[3 : mcmc] Progress @ 2025-04-25 00:46:45 : 8485 steps taken, and 2032 accepted.
[2 : mcmc] Progress @ 2025-04-25 00:47:00 : 8817 steps taken, and 2094 accepted.
[1 : mcmc] Progress @ 2025-04-25 00:47:55 : 8560 steps taken, and 2050 accepted.
[0 : mcmc] Progress @ 2025-04-25 00:48:43 : 8802 steps taken, and 2032 accepted.
[3 : mcmc] Progress @ 2025-04-25 00:48:46 : 8492 steps taken, and 2033 accepted.
[2 : mcmc] Progress @ 2025-04-25 00:49:10 : 8827 steps taken, and 2095 accepted.
[1 : mcmc] Progress @ 2025-04-25 00:50:00 : 8569 steps taken, and 2052 accepted.
[0 : mcmc] Progress @ 2025-04-25 00:50:48 : 8811 steps taken, and 2033 accepted.
[3 : mcmc] Progress @ 2025-04-25 00:50:48 : 8500 steps taken, and 2035 accepted.
[2 : mcmc] Progress @ 2025-04-25 00:51:15 : 8837 steps taken, and 2098 accepted.
[1 : mcmc] Progress @ 2025-04-25 00:52:07 : 8579 steps taken, and 2054 accepted.
[0 : mcmc] Progress @ 2025-04-25 00:52:54 : 8823 steps taken, and 2036 accepted.
[3 : mcmc] Progress @ 2025-04-25 00:52:57 : 8510 steps taken, and 2038 accepted.
[2 : mcmc] Progress @ 2025-04-25 00:53:29 : 8847 steps taken, and 2100 accepted.
[1 : mcmc] Progress @ 2025-04-25 00:54:27 : 8585 steps taken, and 2056 accepted.
[3 : mcmc] Progress @ 2025-04-25 00:55:02 : 8521 steps taken, and 2040 accepted.
[0 : mcmc] Progress @ 2025-04-25 00:55:20 : 8830 steps taken, and 2040 accepted.
[2 : mcmc] Progress @ 2025-04-25 00:55:32 : 8855 steps taken, and 2102 accepted.
[1 : mcmc] Progress @ 2025-04-25 00:56:45 : 8592 steps taken, and 2059 accepted.
[3 : mcmc] Progress @ 2025-04-25 00:57:19 : 8535 steps taken, and 2041 accepted.
[0 : mcmc] Progress @ 2025-04-25 00:57:46 : 8837 steps taken, and 2042 accepted.
[2 : mcmc] Progress @ 2025-04-25 00:57:51 : 8866 steps taken, and 2105 accepted.
[1 : mcmc] Progress @ 2025-04-25 00:58:46 : 8600 steps taken, and 2062 accepted.
[3 : mcmc] Progress @ 2025-04-25 00:59:21 : 8542 steps taken, and 2041 accepted.
[0 : mcmc] Progress @ 2025-04-25 00:59:56 : 8844 steps taken, and 2043 accepted.
[2 : mcmc] Progress @ 2025-04-25 01:00:14 : 8875 steps taken, and 2106 accepted.
[1 : mcmc] Progress @ 2025-04-25 01:00:49 : 8608 steps taken, and 2065 accepted.
[3 : mcmc] Progress @ 2025-04-25 01:01:28 : 8552 steps taken, and 2042 accepted.
[0 : mcmc] Progress @ 2025-04-25 01:02:10 : 8850 steps taken, and 2044 accepted.
[2 : mcmc] Progress @ 2025-04-25 01:02:22 : 8885 steps taken, and 2111 accepted.
[1 : mcmc] Progress @ 2025-04-25 01:03:05 : 8615 steps taken, and 2067 accepted.
[3 : mcmc] Progress @ 2025-04-25 01:03:40 : 8559 steps taken, and 2044 accepted.
[0 : mcmc] Progress @ 2025-04-25 01:04:28 : 8858 steps taken, and 2047 accepted.
[2 : mcmc] Progress @ 2025-04-25 01:04:33 : 8893 steps taken, and 2113 accepted.
[1 : mcmc] Progress @ 2025-04-25 01:05:09 : 8622 steps taken, and 2072 accepted.
[3 : mcmc] Progress @ 2025-04-25 01:05:41 : 8565 steps taken, and 2044 accepted.
[0 : mcmc] Progress @ 2025-04-25 01:06:30 : 8864 steps taken, and 2049 accepted.
[2 : mcmc] Progress @ 2025-04-25 01:06:42 : 8901 steps taken, and 2117 accepted.
[1 : mcmc] Progress @ 2025-04-25 01:07:18 : 8630 steps taken, and 2073 accepted.
[3 : mcmc] Progress @ 2025-04-25 01:08:02 : 8573 steps taken, and 2045 accepted.
[0 : mcmc] Progress @ 2025-04-25 01:08:38 : 8871 steps taken, and 2051 accepted.
[2 : mcmc] Progress @ 2025-04-25 01:08:46 : 8908 steps taken, and 2120 accepted.
[1 : mcmc] Progress @ 2025-04-25 01:09:39 : 8638 steps taken, and 2075 accepted.
[3 : mcmc] Progress @ 2025-04-25 01:10:09 : 8584 steps taken, and 2046 accepted.
[2 : mcmc] Progress @ 2025-04-25 01:10:53 : 8919 steps taken, and 2124 accepted.
[0 : mcmc] Progress @ 2025-04-25 01:10:55 : 8877 steps taken, and 2054 accepted.
[1 : mcmc] Progress @ 2025-04-25 01:11:47 : 8644 steps taken, and 2077 accepted.
[3 : mcmc] Progress @ 2025-04-25 01:12:20 : 8592 steps taken, and 2049 accepted.
[2 : mcmc] Progress @ 2025-04-25 01:12:56 : 8928 steps taken, and 2125 accepted.
[0 : mcmc] Progress @ 2025-04-25 01:13:04 : 8883 steps taken, and 2054 accepted.
[1 : mcmc] Progress @ 2025-04-25 01:13:51 : 8652 steps taken, and 2078 accepted.
[3 : mcmc] Progress @ 2025-04-25 01:14:25 : 8601 steps taken, and 2049 accepted.
[2 : mcmc] Progress @ 2025-04-25 01:15:05 : 8936 steps taken, and 2127 accepted.
[0 : mcmc] Progress @ 2025-04-25 01:15:30 : 8890 steps taken, and 2057 accepted.
[1 : mcmc] Progress @ 2025-04-25 01:16:04 : 8660 steps taken, and 2079 accepted.
[1 : mcmc] Learn + convergence test @ 2080 samples accepted.
[1 : mcmc] Ready to check convergence and learn a new proposal covmat (waiting for the rest...)
[3 : mcmc] Progress @ 2025-04-25 01:16:32 : 8608 steps taken, and 2050 accepted.
[2 : mcmc] Progress @ 2025-04-25 01:17:07 : 8944 steps taken, and 2130 accepted.
[0 : mcmc] Progress @ 2025-04-25 01:17:37 : 8898 steps taken, and 2059 accepted.
[1 : mcmc] Progress @ 2025-04-25 01:18:30 : 8672 steps taken, and 2083 accepted.
[3 : mcmc] Progress @ 2025-04-25 01:18:43 : 8614 steps taken, and 2052 accepted.
[2 : mcmc] Progress @ 2025-04-25 01:19:33 : 8952 steps taken, and 2133 accepted.
[0 : mcmc] Progress @ 2025-04-25 01:19:52 : 8910 steps taken, and 2063 accepted.
[1 : mcmc] Progress @ 2025-04-25 01:20:40 : 8679 steps taken, and 2084 accepted.
[3 : mcmc] Progress @ 2025-04-25 01:20:44 : 8621 steps taken, and 2056 accepted.
[2 : mcmc] Progress @ 2025-04-25 01:21:53 : 8958 steps taken, and 2133 accepted.
[0 : mcmc] Progress @ 2025-04-25 01:22:00 : 8921 steps taken, and 2064 accepted.
[1 : mcmc] Progress @ 2025-04-25 01:22:55 : 8687 steps taken, and 2087 accepted.
[3 : mcmc] Progress @ 2025-04-25 01:23:00 : 8628 steps taken, and 2058 accepted.
[0 : mcmc] Progress @ 2025-04-25 01:24:11 : 8932 steps taken, and 2066 accepted.
[2 : mcmc] Progress @ 2025-04-25 01:24:14 : 8966 steps taken, and 2136 accepted.
[3 : mcmc] Progress @ 2025-04-25 01:25:09 : 8636 steps taken, and 2060 accepted.
[1 : mcmc] Progress @ 2025-04-25 01:25:11 : 8694 steps taken, and 2088 accepted.
[2 : mcmc] Progress @ 2025-04-25 01:26:25 : 8973 steps taken, and 2138 accepted.
[0 : mcmc] Progress @ 2025-04-25 01:26:35 : 8940 steps taken, and 2069 accepted.
[1 : mcmc] Progress @ 2025-04-25 01:27:12 : 8700 steps taken, and 2091 accepted.
[3 : mcmc] Progress @ 2025-04-25 01:27:20 : 8643 steps taken, and 2064 accepted.
[2 : mcmc] Progress @ 2025-04-25 01:28:34 : 8979 steps taken, and 2140 accepted.
[0 : mcmc] Progress @ 2025-04-25 01:28:58 : 8950 steps taken, and 2072 accepted.
[3 : mcmc] Progress @ 2025-04-25 01:29:31 : 8650 steps taken, and 2065 accepted.
[1 : mcmc] Progress @ 2025-04-25 01:29:32 : 8707 steps taken, and 2093 accepted.
[2 : mcmc] Progress @ 2025-04-25 01:30:55 : 8985 steps taken, and 2140 accepted.
[0 : mcmc] Progress @ 2025-04-25 01:31:18 : 8956 steps taken, and 2074 accepted.
[3 : mcmc] Progress @ 2025-04-25 01:31:46 : 8657 steps taken, and 2066 accepted.
[1 : mcmc] Progress @ 2025-04-25 01:31:51 : 8714 steps taken, and 2094 accepted.
[2 : mcmc] Progress @ 2025-04-25 01:33:09 : 8991 steps taken, and 2142 accepted.
[0 : mcmc] Progress @ 2025-04-25 01:33:28 : 8962 steps taken, and 2079 accepted.
[1 : mcmc] Progress @ 2025-04-25 01:33:53 : 8720 steps taken, and 2096 accepted.
[3 : mcmc] Progress @ 2025-04-25 01:34:01 : 8664 steps taken, and 2070 accepted.
[0 : mcmc] Learn + convergence test @ 2080 samples accepted.
[0 : mcmc] Ready to check convergence and learn a new proposal covmat (waiting for the rest...)
[2 : mcmc] Progress @ 2025-04-25 01:35:10 : 8997 steps taken, and 2142 accepted.
[0 : mcmc] Progress @ 2025-04-25 01:35:28 : 8968 steps taken, and 2080 accepted.
[1 : mcmc] Progress @ 2025-04-25 01:35:59 : 8729 steps taken, and 2099 accepted.
[3 : mcmc] Progress @ 2025-04-25 01:36:20 : 8672 steps taken, and 2071 accepted.
[2 : mcmc] Progress @ 2025-04-25 01:37:18 : 9004 steps taken, and 2143 accepted.
[0 : mcmc] Progress @ 2025-04-25 01:37:53 : 8976 steps taken, and 2081 accepted.
[1 : mcmc] Progress @ 2025-04-25 01:38:07 : 8736 steps taken, and 2101 accepted.
[3 : mcmc] Progress @ 2025-04-25 01:38:41 : 8679 steps taken, and 2072 accepted.
[2 : mcmc] Progress @ 2025-04-25 01:39:25 : 9010 steps taken, and 2148 accepted.
[0 : mcmc] Progress @ 2025-04-25 01:40:12 : 8982 steps taken, and 2081 accepted.
[1 : mcmc] Progress @ 2025-04-25 01:40:24 : 8744 steps taken, and 2104 accepted.
[3 : mcmc] Progress @ 2025-04-25 01:41:03 : 8686 steps taken, and 2074 accepted.
[2 : mcmc] Progress @ 2025-04-25 01:41:30 : 9018 steps taken, and 2153 accepted.
[0 : mcmc] Progress @ 2025-04-25 01:42:12 : 8988 steps taken, and 2085 accepted.
[1 : mcmc] Progress @ 2025-04-25 01:42:37 : 8751 steps taken, and 2105 accepted.
[3 : mcmc] Progress @ 2025-04-25 01:43:22 : 8694 steps taken, and 2078 accepted.
[2 : mcmc] Progress @ 2025-04-25 01:43:44 : 9025 steps taken, and 2155 accepted.
[0 : mcmc] Progress @ 2025-04-25 01:44:12 : 8995 steps taken, and 2088 accepted.
[1 : mcmc] Progress @ 2025-04-25 01:44:47 : 8757 steps taken, and 2109 accepted.
[3 : mcmc] Learn + convergence test @ 2080 samples accepted.
[3 : mcmc] Ready to check convergence and learn a new proposal covmat (waiting for the rest...)
[2 : mcmc] Progress @ 2025-04-25 01:45:57 : 9040 steps taken, and 2159 accepted.
[0 : mcmc] Progress @ 2025-04-25 01:46:21 : 9002 steps taken, and 2088 accepted.
[0 : mcmc] All chains are ready to check convergence and learn a new proposal covmat
[0 : mcmc]  - Acceptance rate: 0.267 = avg([0.2692, 0.2689, 0.2639, 0.2665])
[0 : mcmc]  - Convergence of means: R-1 = 0.070104 after 8439 accepted steps = sum([2089, 2111, 2159, 2080])
[0 : mcmc]  - Updated covariance matrix of proposal pdf.
[1 : mcmc] Progress @ 2025-04-25 01:47:09 : 8762 steps taken, and 2112 accepted.
[3 : mcmc] Progress @ 2025-04-25 01:47:10 : 8699 steps taken, and 2081 accepted.
[2 : mcmc] Learn + convergence test @ 2160 samples accepted.
[2 : mcmc] Ready to check convergence and learn a new proposal covmat (waiting for the rest...)
[2 : mcmc] Progress @ 2025-04-25 01:48:20 : 9044 steps taken, and 2163 accepted.
[0 : mcmc] Progress @ 2025-04-25 01:48:22 : 9012 steps taken, and 2091 accepted.
[1 : mcmc] Progress @ 2025-04-25 01:49:21 : 8769 steps taken, and 2115 accepted.
[3 : mcmc] Progress @ 2025-04-25 01:49:40 : 8708 steps taken, and 2084 accepted.
[0 : mcmc] Progress @ 2025-04-25 01:50:30 : 9021 steps taken, and 2093 accepted.
[2 : mcmc] Progress @ 2025-04-25 01:50:35 : 9051 steps taken, and 2165 accepted.
[1 : mcmc] Progress @ 2025-04-25 01:51:27 : 8778 steps taken, and 2115 accepted.
[3 : mcmc] Progress @ 2025-04-25 01:52:04 : 8717 steps taken, and 2087 accepted.
[2 : mcmc] Progress @ 2025-04-25 01:52:43 : 9058 steps taken, and 2168 accepted.
[0 : mcmc] Progress @ 2025-04-25 01:52:47 : 9029 steps taken, and 2094 accepted.
[1 : mcmc] Progress @ 2025-04-25 01:53:27 : 8790 steps taken, and 2120 accepted.
[3 : mcmc] Progress @ 2025-04-25 01:54:11 : 8724 steps taken, and 2091 accepted.
[2 : mcmc] Progress @ 2025-04-25 01:54:45 : 9064 steps taken, and 2172 accepted.
[0 : mcmc] Progress @ 2025-04-25 01:54:51 : 9037 steps taken, and 2097 accepted.
[1 : mcmc] Progress @ 2025-04-25 01:55:47 : 8805 steps taken, and 2121 accepted.
[3 : mcmc] Progress @ 2025-04-25 01:56:17 : 8730 steps taken, and 2094 accepted.
[2 : mcmc] Progress @ 2025-04-25 01:56:51 : 9071 steps taken, and 2175 accepted.
[0 : mcmc] Progress @ 2025-04-25 01:56:53 : 9046 steps taken, and 2098 accepted.
[1 : mcmc] Progress @ 2025-04-25 01:58:08 : 8816 steps taken, and 2123 accepted.
[3 : mcmc] Progress @ 2025-04-25 01:58:36 : 8739 steps taken, and 2096 accepted.
[2 : mcmc] Progress @ 2025-04-25 01:59:16 : 9080 steps taken, and 2176 accepted.
[0 : mcmc] Progress @ 2025-04-25 01:59:16 : 9055 steps taken, and 2101 accepted.
[1 : mcmc] Progress @ 2025-04-25 02:00:24 : 8826 steps taken, and 2126 accepted.
[3 : mcmc] Progress @ 2025-04-25 02:00:48 : 8752 steps taken, and 2100 accepted.
[0 : mcmc] Progress @ 2025-04-25 02:01:29 : 9063 steps taken, and 2102 accepted.
[2 : mcmc] Progress @ 2025-04-25 02:01:37 : 9090 steps taken, and 2178 accepted.
[1 : mcmc] Progress @ 2025-04-25 02:02:43 : 8837 steps taken, and 2129 accepted.
[3 : mcmc] Progress @ 2025-04-25 02:03:10 : 8763 steps taken, and 2104 accepted.
[0 : mcmc] Progress @ 2025-04-25 02:03:29 : 9072 steps taken, and 2103 accepted.
[2 : mcmc] Progress @ 2025-04-25 02:03:54 : 9104 steps taken, and 2179 accepted.
[1 : mcmc] Progress @ 2025-04-25 02:04:43 : 8845 steps taken, and 2131 accepted.
[3 : mcmc] Progress @ 2025-04-25 02:05:17 : 8770 steps taken, and 2107 accepted.
[0 : mcmc] Progress @ 2025-04-25 02:05:32 : 9081 steps taken, and 2105 accepted.
[2 : mcmc] Progress @ 2025-04-25 02:06:12 : 9115 steps taken, and 2180 accepted.
[1 : mcmc] Progress @ 2025-04-25 02:07:05 : 8852 steps taken, and 2134 accepted.
[3 : mcmc] Progress @ 2025-04-25 02:07:35 : 8778 steps taken, and 2109 accepted.
[0 : mcmc] Progress @ 2025-04-25 02:07:57 : 9094 steps taken, and 2108 accepted.
[2 : mcmc] Progress @ 2025-04-25 02:08:31 : 9129 steps taken, and 2183 accepted.
[1 : mcmc] Progress @ 2025-04-25 02:09:10 : 8861 steps taken, and 2136 accepted.
[3 : mcmc] Progress @ 2025-04-25 02:09:47 : 8785 steps taken, and 2112 accepted.
[0 : mcmc] Progress @ 2025-04-25 02:10:02 : 9100 steps taken, and 2109 accepted.
[2 : mcmc] Progress @ 2025-04-25 02:10:34 : 9141 steps taken, and 2183 accepted.
[1 : mcmc] Progress @ 2025-04-25 02:11:16 : 8870 steps taken, and 2139 accepted.
[3 : mcmc] Progress @ 2025-04-25 02:12:01 : 8791 steps taken, and 2116 accepted.
[0 : mcmc] Progress @ 2025-04-25 02:12:09 : 9110 steps taken, and 2110 accepted.
[2 : mcmc] Progress @ 2025-04-25 02:12:54 : 9148 steps taken, and 2188 accepted.
[1 : mcmc] Progress @ 2025-04-25 02:13:28 : 8882 steps taken, and 2143 accepted.
[3 : mcmc] Progress @ 2025-04-25 02:14:04 : 8797 steps taken, and 2117 accepted.
[0 : mcmc] Progress @ 2025-04-25 02:14:28 : 9119 steps taken, and 2113 accepted.
[2 : mcmc] Progress @ 2025-04-25 02:14:57 : 9167 steps taken, and 2189 accepted.
[1 : mcmc] Progress @ 2025-04-25 02:15:36 : 8891 steps taken, and 2145 accepted.
[3 : mcmc] Progress @ 2025-04-25 02:16:19 : 8802 steps taken, and 2119 accepted.
[0 : mcmc] Progress @ 2025-04-25 02:16:45 : 9126 steps taken, and 2119 accepted.
[2 : mcmc] Progress @ 2025-04-25 02:17:05 : 9180 steps taken, and 2192 accepted.
[1 : mcmc] Progress @ 2025-04-25 02:18:00 : 8899 steps taken, and 2146 accepted.
[3 : mcmc] Progress @ 2025-04-25 02:18:29 : 8811 steps taken, and 2121 accepted.
[0 : mcmc] Progress @ 2025-04-25 02:19:07 : 9132 steps taken, and 2122 accepted.
[2 : mcmc] Progress @ 2025-04-25 02:19:07 : 9190 steps taken, and 2194 accepted.
[1 : mcmc] Progress @ 2025-04-25 02:20:02 : 8907 steps taken, and 2147 accepted.
[3 : mcmc] Progress @ 2025-04-25 02:20:43 : 8819 steps taken, and 2123 accepted.
[2 : mcmc] Progress @ 2025-04-25 02:21:12 : 9199 steps taken, and 2196 accepted.
[0 : mcmc] Progress @ 2025-04-25 02:21:14 : 9143 steps taken, and 2125 accepted.
[1 : mcmc] Progress @ 2025-04-25 02:22:05 : 8913 steps taken, and 2150 accepted.
[3 : mcmc] Progress @ 2025-04-25 02:22:57 : 8826 steps taken, and 2124 accepted.
[0 : mcmc] Progress @ 2025-04-25 02:23:21 : 9148 steps taken, and 2130 accepted.
[2 : mcmc] Progress @ 2025-04-25 02:23:29 : 9205 steps taken, and 2198 accepted.
[1 : mcmc] Progress @ 2025-04-25 02:24:26 : 8922 steps taken, and 2152 accepted.
[3 : mcmc] Progress @ 2025-04-25 02:25:05 : 8836 steps taken, and 2126 accepted.
[0 : mcmc] Progress @ 2025-04-25 02:25:21 : 9157 steps taken, and 2134 accepted.
[2 : mcmc] Progress @ 2025-04-25 02:25:32 : 9211 steps taken, and 2202 accepted.
[1 : mcmc] Progress @ 2025-04-25 02:26:28 : 8935 steps taken, and 2154 accepted.
[3 : mcmc] Progress @ 2025-04-25 02:27:08 : 8843 steps taken, and 2128 accepted.
[2 : mcmc] Progress @ 2025-04-25 02:27:42 : 9217 steps taken, and 2206 accepted.
[0 : mcmc] Progress @ 2025-04-25 02:27:44 : 9164 steps taken, and 2136 accepted.
[1 : mcmc] Progress @ 2025-04-25 02:28:42 : 8944 steps taken, and 2159 accepted.
[1 : mcmc] Learn + convergence test @ 2160 samples accepted.
[1 : mcmc] Ready to check convergence and learn a new proposal covmat (waiting for the rest...)
[3 : mcmc] Progress @ 2025-04-25 02:29:10 : 8849 steps taken, and 2130 accepted.
[0 : mcmc] Progress @ 2025-04-25 02:29:55 : 9173 steps taken, and 2138 accepted.
[2 : mcmc] Progress @ 2025-04-25 02:30:03 : 9224 steps taken, and 2210 accepted.
[1 : mcmc] Progress @ 2025-04-25 02:30:56 : 8952 steps taken, and 2163 accepted.
[3 : mcmc] Progress @ 2025-04-25 02:31:21 : 8858 steps taken, and 2131 accepted.
[2 : mcmc] Progress @ 2025-04-25 02:32:06 : 9233 steps taken, and 2212 accepted.
[0 : mcmc] Progress @ 2025-04-25 02:32:07 : 9179 steps taken, and 2140 accepted.
[1 : mcmc] Progress @ 2025-04-25 02:33:08 : 8962 steps taken, and 2164 accepted.
[3 : mcmc] Progress @ 2025-04-25 02:33:32 : 8867 steps taken, and 2132 accepted.
[2 : mcmc] Progress @ 2025-04-25 02:34:07 : 9240 steps taken, and 2214 accepted.
[0 : mcmc] Progress @ 2025-04-25 02:34:17 : 9186 steps taken, and 2142 accepted.
[1 : mcmc] Progress @ 2025-04-25 02:35:26 : 8972 steps taken, and 2166 accepted.
[3 : mcmc] Progress @ 2025-04-25 02:35:44 : 8875 steps taken, and 2132 accepted.
[2 : mcmc] Progress @ 2025-04-25 02:36:25 : 9250 steps taken, and 2216 accepted.
[0 : mcmc] Progress @ 2025-04-25 02:36:32 : 9193 steps taken, and 2142 accepted.
[1 : mcmc] Progress @ 2025-04-25 02:37:32 : 8981 steps taken, and 2168 accepted.
[3 : mcmc] Progress @ 2025-04-25 02:38:11 : 8889 steps taken, and 2134 accepted.
[2 : mcmc] Progress @ 2025-04-25 02:38:31 : 9256 steps taken, and 2218 accepted.
[0 : mcmc] Progress @ 2025-04-25 02:38:42 : 9203 steps taken, and 2143 accepted.
[1 : mcmc] Progress @ 2025-04-25 02:39:45 : 8988 steps taken, and 2170 accepted.
[3 : mcmc] Progress @ 2025-04-25 02:40:17 : 8895 steps taken, and 2138 accepted.
[2 : mcmc] Progress @ 2025-04-25 02:40:48 : 9263 steps taken, and 2221 accepted.
[0 : mcmc] Progress @ 2025-04-25 02:40:52 : 9209 steps taken, and 2147 accepted.
[1 : mcmc] Progress @ 2025-04-25 02:42:02 : 8997 steps taken, and 2172 accepted.
[3 : mcmc] Progress @ 2025-04-25 02:42:40 : 8902 steps taken, and 2140 accepted.
[2 : mcmc] Progress @ 2025-04-25 02:43:11 : 9272 steps taken, and 2225 accepted.
[0 : mcmc] Progress @ 2025-04-25 02:43:13 : 9218 steps taken, and 2148 accepted.
[1 : mcmc] Progress @ 2025-04-25 02:44:25 : 9004 steps taken, and 2175 accepted.
[3 : mcmc] Progress @ 2025-04-25 02:45:06 : 8911 steps taken, and 2142 accepted.
[2 : mcmc] Progress @ 2025-04-25 02:45:12 : 9281 steps taken, and 2225 accepted.
[0 : mcmc] Progress @ 2025-04-25 02:45:31 : 9225 steps taken, and 2151 accepted.
[1 : mcmc] Progress @ 2025-04-25 02:46:37 : 9013 steps taken, and 2177 accepted.
[3 : mcmc] Progress @ 2025-04-25 02:47:14 : 8917 steps taken, and 2144 accepted.
[2 : mcmc] Progress @ 2025-04-25 02:47:27 : 9288 steps taken, and 2226 accepted.
[0 : mcmc] Progress @ 2025-04-25 02:47:43 : 9235 steps taken, and 2154 accepted.
[1 : mcmc] Progress @ 2025-04-25 02:48:52 : 9022 steps taken, and 2179 accepted.
[3 : mcmc] Progress @ 2025-04-25 02:49:21 : 8927 steps taken, and 2146 accepted.
[2 : mcmc] Progress @ 2025-04-25 02:49:44 : 9297 steps taken, and 2229 accepted.
[0 : mcmc] Progress @ 2025-04-25 02:49:49 : 9242 steps taken, and 2156 accepted.
[1 : mcmc] Progress @ 2025-04-25 02:51:02 : 9028 steps taken, and 2180 accepted.
[3 : mcmc] Progress @ 2025-04-25 02:51:43 : 8939 steps taken, and 2148 accepted.
[0 : mcmc] Progress @ 2025-04-25 02:51:50 : 9258 steps taken, and 2158 accepted.
[2 : mcmc] Progress @ 2025-04-25 02:52:02 : 9307 steps taken, and 2229 accepted.
[1 : mcmc] Progress @ 2025-04-25 02:53:05 : 9039 steps taken, and 2183 accepted.
[3 : mcmc] Progress @ 2025-04-25 02:53:49 : 8945 steps taken, and 2150 accepted.
[0 : mcmc] Progress @ 2025-04-25 02:54:00 : 9269 steps taken, and 2159 accepted.
[2 : mcmc] Progress @ 2025-04-25 02:54:16 : 9313 steps taken, and 2231 accepted.
[0 : mcmc] Learn + convergence test @ 2160 samples accepted.
[0 : mcmc] Ready to check convergence and learn a new proposal covmat (waiting for the rest...)
[1 : mcmc] Progress @ 2025-04-25 02:55:15 : 9049 steps taken, and 2184 accepted.
[3 : mcmc] Progress @ 2025-04-25 02:55:53 : 8954 steps taken, and 2153 accepted.
[0 : mcmc] Progress @ 2025-04-25 02:56:03 : 9282 steps taken, and 2163 accepted.
[2 : mcmc] Progress @ 2025-04-25 02:56:34 : 9321 steps taken, and 2233 accepted.
[1 : mcmc] Progress @ 2025-04-25 02:57:21 : 9058 steps taken, and 2187 accepted.
[3 : mcmc] Progress @ 2025-04-25 02:58:00 : 8960 steps taken, and 2153 accepted.
[0 : mcmc] Progress @ 2025-04-25 02:58:09 : 9289 steps taken, and 2166 accepted.
[2 : mcmc] Progress @ 2025-04-25 02:59:03 : 9330 steps taken, and 2234 accepted.
[1 : mcmc] Progress @ 2025-04-25 02:59:25 : 9066 steps taken, and 2188 accepted.
[3 : mcmc] Progress @ 2025-04-25 03:00:04 : 8967 steps taken, and 2155 accepted.
[0 : mcmc] Progress @ 2025-04-25 03:00:18 : 9296 steps taken, and 2168 accepted.
[2 : mcmc] Progress @ 2025-04-25 03:01:12 : 9337 steps taken, and 2236 accepted.
[1 : mcmc] Progress @ 2025-04-25 03:01:38 : 9079 steps taken, and 2190 accepted.
[0 : mcmc] Progress @ 2025-04-25 03:02:26 : 9303 steps taken, and 2170 accepted.
[3 : mcmc] Progress @ 2025-04-25 03:02:28 : 8972 steps taken, and 2156 accepted.
[2 : mcmc] Progress @ 2025-04-25 03:03:34 : 9346 steps taken, and 2239 accepted.
[1 : mcmc] Progress @ 2025-04-25 03:03:44 : 9086 steps taken, and 2192 accepted.
[0 : mcmc] Progress @ 2025-04-25 03:04:33 : 9310 steps taken, and 2174 accepted.
[3 : mcmc] Progress @ 2025-04-25 03:04:49 : 8984 steps taken, and 2158 accepted.
[2 : mcmc] Learn + convergence test @ 2240 samples accepted.
[2 : mcmc] Progress @ 2025-04-25 03:05:44 : 9354 steps taken, and 2241 accepted.
[1 : mcmc] Progress @ 2025-04-25 03:05:48 : 9092 steps taken, and 2194 accepted.
[3 : mcmc] Learn + convergence test @ 2160 samples accepted.
[3 : mcmc] Ready to check convergence and learn a new proposal covmat (waiting for the rest...)
[0 : mcmc] Progress @ 2025-04-25 03:06:39 : 9321 steps taken, and 2176 accepted.
[0 : mcmc] All chains are ready to check convergence and learn a new proposal covmat
[2 : mcmc] Progress @ 2025-04-25 03:07:52 : 9362 steps taken, and 2241 accepted.
[0 : mcmc]  - Acceptance rate: 0.269 = avg([0.2719, 0.2688, 0.2643, 0.2699])
[0 : mcmc]  - Convergence of means: R-1 = 0.063844 after 8775 accepted steps = sum([2177, 2196, 2242, 2160])
[0 : mcmc]  - Updated covariance matrix of proposal pdf.
[3 : mcmc] Progress @ 2025-04-25 03:08:16 : 8991 steps taken, and 2160 accepted.
[1 : mcmc] Progress @ 2025-04-25 03:08:38 : 9100 steps taken, and 2197 accepted.
[0 : mcmc] Progress @ 2025-04-25 03:08:46 : 9324 steps taken, and 2178 accepted.
[2 : mcmc] Progress @ 2025-04-25 03:10:03 : 9370 steps taken, and 2244 accepted.
[3 : mcmc] Progress @ 2025-04-25 03:10:21 : 9000 steps taken, and 2164 accepted.
[1 : mcmc] Progress @ 2025-04-25 03:10:43 : 9107 steps taken, and 2198 accepted.
[0 : mcmc] Progress @ 2025-04-25 03:10:56 : 9331 steps taken, and 2181 accepted.
[2 : mcmc] Progress @ 2025-04-25 03:12:06 : 9378 steps taken, and 2248 accepted.
[3 : mcmc] Progress @ 2025-04-25 03:12:21 : 9006 steps taken, and 2165 accepted.
[1 : mcmc] Progress @ 2025-04-25 03:13:02 : 9117 steps taken, and 2200 accepted.
[0 : mcmc] Progress @ 2025-04-25 03:13:02 : 9340 steps taken, and 2183 accepted.
[2 : mcmc] Progress @ 2025-04-25 03:14:09 : 9384 steps taken, and 2248 accepted.
[3 : mcmc] Progress @ 2025-04-25 03:14:29 : 9015 steps taken, and 2168 accepted.
[1 : mcmc] Progress @ 2025-04-25 03:15:08 : 9125 steps taken, and 2201 accepted.
[0 : mcmc] Progress @ 2025-04-25 03:15:08 : 9348 steps taken, and 2186 accepted.
[2 : mcmc] Progress @ 2025-04-25 03:16:14 : 9391 steps taken, and 2250 accepted.
[3 : mcmc] Progress @ 2025-04-25 03:16:46 : 9022 steps taken, and 2169 accepted.
[1 : mcmc] Progress @ 2025-04-25 03:17:10 : 9132 steps taken, and 2204 accepted.
[0 : mcmc] Progress @ 2025-04-25 03:17:18 : 9355 steps taken, and 2188 accepted.
[2 : mcmc] Progress @ 2025-04-25 03:18:36 : 9401 steps taken, and 2253 accepted.
[3 : mcmc] Progress @ 2025-04-25 03:18:58 : 9031 steps taken, and 2172 accepted.
[1 : mcmc] Progress @ 2025-04-25 03:19:29 : 9139 steps taken, and 2206 accepted.
[0 : mcmc] Progress @ 2025-04-25 03:19:33 : 9368 steps taken, and 2189 accepted.
[2 : mcmc] Progress @ 2025-04-25 03:20:39 : 9407 steps taken, and 2254 accepted.
[3 : mcmc] Progress @ 2025-04-25 03:21:18 : 9040 steps taken, and 2174 accepted.
[1 : mcmc] Progress @ 2025-04-25 03:21:38 : 9145 steps taken, and 2207 accepted.
[0 : mcmc] Progress @ 2025-04-25 03:21:45 : 9378 steps taken, and 2190 accepted.
[2 : mcmc] Progress @ 2025-04-25 03:22:51 : 9418 steps taken, and 2255 accepted.
[3 : mcmc] Progress @ 2025-04-25 03:23:41 : 9048 steps taken, and 2174 accepted.
[1 : mcmc] Progress @ 2025-04-25 03:23:42 : 9151 steps taken, and 2209 accepted.
[0 : mcmc] Progress @ 2025-04-25 03:23:52 : 9387 steps taken, and 2192 accepted.
[2 : mcmc] Progress @ 2025-04-25 03:24:57 : 9426 steps taken, and 2258 accepted.
[1 : mcmc] Progress @ 2025-04-25 03:25:44 : 9158 steps taken, and 2212 accepted.
[3 : mcmc] Progress @ 2025-04-25 03:25:57 : 9055 steps taken, and 2174 accepted.
[0 : mcmc] Progress @ 2025-04-25 03:26:02 : 9396 steps taken, and 2195 accepted.
[2 : mcmc] Progress @ 2025-04-25 03:27:01 : 9434 steps taken, and 2260 accepted.
[3 : mcmc] Progress @ 2025-04-25 03:27:57 : 9061 steps taken, and 2176 accepted.
[1 : mcmc] Progress @ 2025-04-25 03:28:06 : 9165 steps taken, and 2216 accepted.
[0 : mcmc] Progress @ 2025-04-25 03:28:23 : 9403 steps taken, and 2195 accepted.
[2 : mcmc] Progress @ 2025-04-25 03:29:04 : 9441 steps taken, and 2262 accepted.
[3 : mcmc] Progress @ 2025-04-25 03:30:00 : 9066 steps taken, and 2176 accepted.
[1 : mcmc] Progress @ 2025-04-25 03:30:06 : 9171 steps taken, and 2216 accepted.
[0 : mcmc] Progress @ 2025-04-25 03:30:38 : 9413 steps taken, and 2198 accepted.
[2 : mcmc] Progress @ 2025-04-25 03:31:24 : 9450 steps taken, and 2265 accepted.
[1 : mcmc] Progress @ 2025-04-25 03:32:10 : 9181 steps taken, and 2220 accepted.
[3 : mcmc] Progress @ 2025-04-25 03:32:12 : 9073 steps taken, and 2178 accepted.
[0 : mcmc] Progress @ 2025-04-25 03:32:46 : 9419 steps taken, and 2200 accepted.
[2 : mcmc] Progress @ 2025-04-25 03:33:40 : 9458 steps taken, and 2270 accepted.
[3 : mcmc] Progress @ 2025-04-25 03:34:19 : 9086 steps taken, and 2179 accepted.
[1 : mcmc] Progress @ 2025-04-25 03:34:26 : 9189 steps taken, and 2222 accepted.
[0 : mcmc] Progress @ 2025-04-25 03:35:13 : 9426 steps taken, and 2203 accepted.
[2 : mcmc] Progress @ 2025-04-25 03:35:48 : 9469 steps taken, and 2271 accepted.
[1 : mcmc] Progress @ 2025-04-25 03:36:36 : 9198 steps taken, and 2225 accepted.
[3 : mcmc] Progress @ 2025-04-25 03:36:39 : 9100 steps taken, and 2180 accepted.
[0 : mcmc] Progress @ 2025-04-25 03:37:15 : 9432 steps taken, and 2204 accepted.
[2 : mcmc] Progress @ 2025-04-25 03:38:09 : 9475 steps taken, and 2272 accepted.
[1 : mcmc] Progress @ 2025-04-25 03:38:45 : 9206 steps taken, and 2230 accepted.
[3 : mcmc] Progress @ 2025-04-25 03:38:57 : 9109 steps taken, and 2181 accepted.
[0 : mcmc] Progress @ 2025-04-25 03:39:17 : 9440 steps taken, and 2206 accepted.
[2 : mcmc] Progress @ 2025-04-25 03:40:29 : 9483 steps taken, and 2274 accepted.
[1 : mcmc] Progress @ 2025-04-25 03:40:55 : 9215 steps taken, and 2234 accepted.
[3 : mcmc] Progress @ 2025-04-25 03:41:21 : 9120 steps taken, and 2182 accepted.
[0 : mcmc] Progress @ 2025-04-25 03:41:27 : 9447 steps taken, and 2207 accepted.
[2 : mcmc] Progress @ 2025-04-25 03:42:29 : 9489 steps taken, and 2275 accepted.
[1 : mcmc] Progress @ 2025-04-25 03:42:55 : 9224 steps taken, and 2236 accepted.
[3 : mcmc] Progress @ 2025-04-25 03:43:28 : 9131 steps taken, and 2184 accepted.
[0 : mcmc] Progress @ 2025-04-25 03:43:47 : 9460 steps taken, and 2209 accepted.
[2 : mcmc] Progress @ 2025-04-25 03:44:48 : 9497 steps taken, and 2278 accepted.
[1 : mcmc] Progress @ 2025-04-25 03:45:05 : 9231 steps taken, and 2236 accepted.
[3 : mcmc] Progress @ 2025-04-25 03:45:32 : 9137 steps taken, and 2184 accepted.
[0 : mcmc] Progress @ 2025-04-25 03:45:59 : 9471 steps taken, and 2210 accepted.
[2 : mcmc] Progress @ 2025-04-25 03:46:49 : 9503 steps taken, and 2279 accepted.
[1 : mcmc] Progress @ 2025-04-25 03:47:14 : 9241 steps taken, and 2239 accepted.
[3 : mcmc] Progress @ 2025-04-25 03:47:33 : 9145 steps taken, and 2186 accepted.
[1 : mcmc] Learn + convergence test @ 2240 samples accepted.
[1 : mcmc] Ready to check convergence and learn a new proposal covmat (waiting for the rest...)
[0 : mcmc] Progress @ 2025-04-25 03:48:13 : 9479 steps taken, and 2213 accepted.
[2 : mcmc] Progress @ 2025-04-25 03:49:13 : 9511 steps taken, and 2279 accepted.
[1 : mcmc] Progress @ 2025-04-25 03:49:15 : 9252 steps taken, and 2241 accepted.
[3 : mcmc] Progress @ 2025-04-25 03:49:38 : 9151 steps taken, and 2188 accepted.
[0 : mcmc] Progress @ 2025-04-25 03:50:29 : 9488 steps taken, and 2215 accepted.
[2 : mcmc] Progress @ 2025-04-25 03:51:19 : 9519 steps taken, and 2280 accepted.
[1 : mcmc] Progress @ 2025-04-25 03:51:31 : 9264 steps taken, and 2244 accepted.
[3 : mcmc] Progress @ 2025-04-25 03:51:54 : 9159 steps taken, and 2190 accepted.
[0 : mcmc] Progress @ 2025-04-25 03:52:44 : 9499 steps taken, and 2217 accepted.
[2 : mcmc] Progress @ 2025-04-25 03:53:22 : 9527 steps taken, and 2283 accepted.
[1 : mcmc] Progress @ 2025-04-25 03:53:38 : 9273 steps taken, and 2246 accepted.
[3 : mcmc] Progress @ 2025-04-25 03:53:56 : 9168 steps taken, and 2193 accepted.
[0 : mcmc] Progress @ 2025-04-25 03:54:53 : 9508 steps taken, and 2219 accepted.
[2 : mcmc] Progress @ 2025-04-25 03:55:30 : 9534 steps taken, and 2283 accepted.
[1 : mcmc] Progress @ 2025-04-25 03:55:47 : 9282 steps taken, and 2248 accepted.
[3 : mcmc] Progress @ 2025-04-25 03:55:58 : 9174 steps taken, and 2196 accepted.
[0 : mcmc] Progress @ 2025-04-25 03:57:12 : 9520 steps taken, and 2223 accepted.
[2 : mcmc] Progress @ 2025-04-25 03:57:37 : 9543 steps taken, and 2283 accepted.
[1 : mcmc] Progress @ 2025-04-25 03:57:48 : 9288 steps taken, and 2251 accepted.
[3 : mcmc] Progress @ 2025-04-25 03:58:19 : 9183 steps taken, and 2200 accepted.
[0 : mcmc] Progress @ 2025-04-25 03:59:32 : 9527 steps taken, and 2224 accepted.
[2 : mcmc] Progress @ 2025-04-25 03:59:45 : 9551 steps taken, and 2285 accepted.
[1 : mcmc] Progress @ 2025-04-25 03:59:52 : 9295 steps taken, and 2252 accepted.
[3 : mcmc] Progress @ 2025-04-25 04:00:22 : 9189 steps taken, and 2202 accepted.
[0 : mcmc] Progress @ 2025-04-25 04:01:48 : 9536 steps taken, and 2226 accepted.
[1 : mcmc] Progress @ 2025-04-25 04:01:53 : 9308 steps taken, and 2254 accepted.
[2 : mcmc] Progress @ 2025-04-25 04:01:59 : 9557 steps taken, and 2287 accepted.
[3 : mcmc] Progress @ 2025-04-25 04:02:22 : 9197 steps taken, and 2206 accepted.
[0 : mcmc] Progress @ 2025-04-25 04:03:58 : 9548 steps taken, and 2228 accepted.
[2 : mcmc] Progress @ 2025-04-25 04:04:12 : 9566 steps taken, and 2291 accepted.
[1 : mcmc] Progress @ 2025-04-25 04:04:12 : 9316 steps taken, and 2256 accepted.
[3 : mcmc] Progress @ 2025-04-25 04:04:28 : 9202 steps taken, and 2211 accepted.
[0 : mcmc] Progress @ 2025-04-25 04:06:17 : 9557 steps taken, and 2231 accepted.
[2 : mcmc] Progress @ 2025-04-25 04:06:26 : 9574 steps taken, and 2293 accepted.
[3 : mcmc] Progress @ 2025-04-25 04:06:29 : 9209 steps taken, and 2214 accepted.
[1 : mcmc] Progress @ 2025-04-25 04:06:32 : 9328 steps taken, and 2259 accepted.
[0 : mcmc] Progress @ 2025-04-25 04:08:30 : 9568 steps taken, and 2231 accepted.
[3 : mcmc] Progress @ 2025-04-25 04:08:32 : 9216 steps taken, and 2218 accepted.
[2 : mcmc] Progress @ 2025-04-25 04:08:36 : 9581 steps taken, and 2299 accepted.
[1 : mcmc] Progress @ 2025-04-25 04:08:38 : 9335 steps taken, and 2261 accepted.
[3 : mcmc] Progress @ 2025-04-25 04:10:35 : 9223 steps taken, and 2221 accepted.
[0 : mcmc] Progress @ 2025-04-25 04:10:37 : 9575 steps taken, and 2234 accepted.
[2 : mcmc] Progress @ 2025-04-25 04:10:47 : 9590 steps taken, and 2301 accepted.
[1 : mcmc] Progress @ 2025-04-25 04:10:55 : 9347 steps taken, and 2262 accepted.
[0 : mcmc] Progress @ 2025-04-25 04:12:45 : 9584 steps taken, and 2238 accepted.
[3 : mcmc] Progress @ 2025-04-25 04:12:48 : 9230 steps taken, and 2223 accepted.
[2 : mcmc] Progress @ 2025-04-25 04:13:07 : 9600 steps taken, and 2302 accepted.
[1 : mcmc] Progress @ 2025-04-25 04:13:09 : 9357 steps taken, and 2266 accepted.
[0 : mcmc] Progress @ 2025-04-25 04:15:01 : 9595 steps taken, and 2239 accepted.
[3 : mcmc] Progress @ 2025-04-25 04:15:09 : 9238 steps taken, and 2226 accepted.
[2 : mcmc] Progress @ 2025-04-25 04:15:16 : 9608 steps taken, and 2306 accepted.
[1 : mcmc] Progress @ 2025-04-25 04:15:16 : 9363 steps taken, and 2268 accepted.
[0 : mcmc] Learn + convergence test @ 2240 samples accepted.
[0 : mcmc] Ready to check convergence and learn a new proposal covmat (waiting for the rest...)
[0 : mcmc] Progress @ 2025-04-25 04:17:12 : 9602 steps taken, and 2241 accepted.
[1 : mcmc] Progress @ 2025-04-25 04:17:20 : 9373 steps taken, and 2272 accepted.
[2 : mcmc] Progress @ 2025-04-25 04:17:23 : 9616 steps taken, and 2308 accepted.
[3 : mcmc] Progress @ 2025-04-25 04:17:29 : 9253 steps taken, and 2231 accepted.
[0 : mcmc] Progress @ 2025-04-25 04:19:19 : 9609 steps taken, and 2243 accepted.
[1 : mcmc] Progress @ 2025-04-25 04:19:27 : 9383 steps taken, and 2273 accepted.
[2 : mcmc] Progress @ 2025-04-25 04:19:39 : 9626 steps taken, and 2309 accepted.
[3 : mcmc] Progress @ 2025-04-25 04:19:42 : 9266 steps taken, and 2231 accepted.
[0 : mcmc] Progress @ 2025-04-25 04:21:33 : 9616 steps taken, and 2246 accepted.
[1 : mcmc] Progress @ 2025-04-25 04:21:40 : 9395 steps taken, and 2276 accepted.
[3 : mcmc] Progress @ 2025-04-25 04:21:51 : 9275 steps taken, and 2233 accepted.
[2 : mcmc] Progress @ 2025-04-25 04:21:57 : 9634 steps taken, and 2310 accepted.
[0 : mcmc] Progress @ 2025-04-25 04:23:38 : 9622 steps taken, and 2247 accepted.
[1 : mcmc] Progress @ 2025-04-25 04:23:40 : 9402 steps taken, and 2277 accepted.
[2 : mcmc] Progress @ 2025-04-25 04:23:59 : 9641 steps taken, and 2311 accepted.
[3 : mcmc] Progress @ 2025-04-25 04:24:04 : 9283 steps taken, and 2235 accepted.
[0 : mcmc] Progress @ 2025-04-25 04:25:41 : 9630 steps taken, and 2249 accepted.
[1 : mcmc] Progress @ 2025-04-25 04:26:00 : 9410 steps taken, and 2278 accepted.
[2 : mcmc] Progress @ 2025-04-25 04:26:04 : 9648 steps taken, and 2313 accepted.
[3 : mcmc] Progress @ 2025-04-25 04:26:11 : 9290 steps taken, and 2237 accepted.
[0 : mcmc] Progress @ 2025-04-25 04:27:46 : 9639 steps taken, and 2250 accepted.
[3 : mcmc] Learn + convergence test @ 2240 samples accepted.
[3 : mcmc] Ready to check convergence and learn a new proposal covmat (waiting for the rest...)
[1 : mcmc] Progress @ 2025-04-25 04:28:08 : 9423 steps taken, and 2281 accepted.
[3 : mcmc] Progress @ 2025-04-25 04:28:16 : 9297 steps taken, and 2241 accepted.
[2 : mcmc] Progress @ 2025-04-25 04:28:21 : 9656 steps taken, and 2315 accepted.
[0 : mcmc] Progress @ 2025-04-25 04:30:01 : 9647 steps taken, and 2253 accepted.
[1 : mcmc] Progress @ 2025-04-25 04:30:10 : 9430 steps taken, and 2283 accepted.
[2 : mcmc] Progress @ 2025-04-25 04:30:32 : 9668 steps taken, and 2317 accepted.
[3 : mcmc] Progress @ 2025-04-25 04:30:37 : 9304 steps taken, and 2246 accepted.
[0 : mcmc] Progress @ 2025-04-25 04:32:05 : 9657 steps taken, and 2257 accepted.
[1 : mcmc] Progress @ 2025-04-25 04:32:19 : 9443 steps taken, and 2286 accepted.
[2 : mcmc] Progress @ 2025-04-25 04:32:38 : 9680 steps taken, and 2318 accepted.
[3 : mcmc] Progress @ 2025-04-25 04:32:45 : 9311 steps taken, and 2248 accepted.
[2 : mcmc] Learn + convergence test @ 2320 samples accepted.
[2 : mcmc] Ready to check convergence and learn a new proposal covmat (waiting for the rest...)
[0 : mcmc] Progress @ 2025-04-25 04:34:05 : 9672 steps taken, and 2259 accepted.
[1 : mcmc] Progress @ 2025-04-25 04:34:23 : 9454 steps taken, and 2287 accepted.
[3 : mcmc] Progress @ 2025-04-25 04:34:51 : 9318 steps taken, and 2249 accepted.
[0 : mcmc] All chains are ready to check convergence and learn a new proposal covmat
[0 : mcmc]  - Acceptance rate: 0.268 = avg([0.2697, 0.2680, 0.2631, 0.2694])
[0 : mcmc]  - Convergence of means: R-1 = 0.065821 after 9118 accepted steps = sum([2260, 2288, 2320, 2250])
[0 : mcmc]  - Updated covariance matrix of proposal pdf.
[2 : mcmc] Progress @ 2025-04-25 04:35:46 : 9685 steps taken, and 2320 accepted.
[0 : mcmc] Progress @ 2025-04-25 04:36:06 : 9681 steps taken, and 2262 accepted.
[1 : mcmc] Progress @ 2025-04-25 04:36:37 : 9461 steps taken, and 2289 accepted.
[3 : mcmc] Progress @ 2025-04-25 04:36:51 : 9325 steps taken, and 2252 accepted.
[2 : mcmc] Progress @ 2025-04-25 04:38:05 : 9696 steps taken, and 2323 accepted.
[0 : mcmc] Progress @ 2025-04-25 04:38:15 : 9695 steps taken, and 2266 accepted.
[1 : mcmc] Progress @ 2025-04-25 04:38:54 : 9469 steps taken, and 2292 accepted.
[3 : mcmc] Progress @ 2025-04-25 04:38:57 : 9331 steps taken, and 2253 accepted.
[2 : mcmc] Progress @ 2025-04-25 04:40:16 : 9704 steps taken, and 2327 accepted.
[0 : mcmc] Progress @ 2025-04-25 04:40:18 : 9703 steps taken, and 2267 accepted.
[3 : mcmc] Progress @ 2025-04-25 04:40:57 : 9339 steps taken, and 2255 accepted.
[1 : mcmc] Progress @ 2025-04-25 04:40:59 : 9475 steps taken, and 2296 accepted.
[0 : mcmc] Progress @ 2025-04-25 04:42:19 : 9709 steps taken, and 2269 accepted.
[2 : mcmc] Progress @ 2025-04-25 04:42:22 : 9711 steps taken, and 2330 accepted.
[1 : mcmc] Progress @ 2025-04-25 04:43:01 : 9493 steps taken, and 2298 accepted.
[3 : mcmc] Progress @ 2025-04-25 04:43:22 : 9346 steps taken, and 2258 accepted.
[2 : mcmc] Progress @ 2025-04-25 04:44:24 : 9719 steps taken, and 2333 accepted.
[0 : mcmc] Progress @ 2025-04-25 04:44:36 : 9718 steps taken, and 2271 accepted.
[1 : mcmc] Progress @ 2025-04-25 04:45:05 : 9503 steps taken, and 2302 accepted.
[3 : mcmc] Progress @ 2025-04-25 04:45:43 : 9356 steps taken, and 2261 accepted.
[2 : mcmc] Progress @ 2025-04-25 04:46:28 : 9727 steps taken, and 2336 accepted.
[0 : mcmc] Progress @ 2025-04-25 04:46:45 : 9726 steps taken, and 2273 accepted.
[1 : mcmc] Progress @ 2025-04-25 04:47:16 : 9515 steps taken, and 2303 accepted.
[3 : mcmc] Progress @ 2025-04-25 04:48:02 : 9364 steps taken, and 2264 accepted.
[2 : mcmc] Progress @ 2025-04-25 04:48:32 : 9734 steps taken, and 2337 accepted.
[0 : mcmc] Progress @ 2025-04-25 04:48:58 : 9733 steps taken, and 2277 accepted.
[1 : mcmc] Progress @ 2025-04-25 04:49:19 : 9523 steps taken, and 2307 accepted.
[3 : mcmc] Progress @ 2025-04-25 04:50:18 : 9372 steps taken, and 2265 accepted.
[2 : mcmc] Progress @ 2025-04-25 04:50:51 : 9745 steps taken, and 2341 accepted.
[0 : mcmc] Progress @ 2025-04-25 04:51:15 : 9741 steps taken, and 2277 accepted.
[1 : mcmc] Progress @ 2025-04-25 04:51:25 : 9532 steps taken, and 2309 accepted.
[3 : mcmc] Progress @ 2025-04-25 04:52:30 : 9378 steps taken, and 2266 accepted.
[2 : mcmc] Progress @ 2025-04-25 04:52:52 : 9752 steps taken, and 2344 accepted.
[1 : mcmc] Progress @ 2025-04-25 04:53:30 : 9540 steps taken, and 2311 accepted.
[0 : mcmc] Progress @ 2025-04-25 04:53:32 : 9749 steps taken, and 2279 accepted.
[3 : mcmc] Progress @ 2025-04-25 04:54:38 : 9386 steps taken, and 2268 accepted.
[2 : mcmc] Progress @ 2025-04-25 04:55:04 : 9760 steps taken, and 2345 accepted.
[0 : mcmc] Progress @ 2025-04-25 04:55:36 : 9757 steps taken, and 2281 accepted.
[1 : mcmc] Progress @ 2025-04-25 04:55:40 : 9549 steps taken, and 2316 accepted.
[3 : mcmc] Progress @ 2025-04-25 04:56:46 : 9395 steps taken, and 2271 accepted.
[2 : mcmc] Progress @ 2025-04-25 04:57:18 : 9767 steps taken, and 2347 accepted.
[1 : mcmc] Progress @ 2025-04-25 04:57:51 : 9555 steps taken, and 2319 accepted.
[0 : mcmc] Progress @ 2025-04-25 04:57:56 : 9766 steps taken, and 2285 accepted.
[3 : mcmc] Progress @ 2025-04-25 04:59:07 : 9406 steps taken, and 2272 accepted.
[1 : mcmc] Learn + convergence test @ 2320 samples accepted.
[1 : mcmc] Ready to check convergence and learn a new proposal covmat (waiting for the rest...)
[2 : mcmc] Progress @ 2025-04-25 04:59:40 : 9774 steps taken, and 2349 accepted.
[1 : mcmc] Progress @ 2025-04-25 04:59:55 : 9565 steps taken, and 2321 accepted.
[0 : mcmc] Progress @ 2025-04-25 05:00:05 : 9774 steps taken, and 2286 accepted.
[3 : mcmc] Progress @ 2025-04-25 05:01:28 : 9415 steps taken, and 2273 accepted.
[2 : mcmc] Progress @ 2025-04-25 05:01:48 : 9781 steps taken, and 2352 accepted.
[1 : mcmc] Progress @ 2025-04-25 05:02:00 : 9576 steps taken, and 2324 accepted.
[0 : mcmc] Progress @ 2025-04-25 05:02:13 : 9782 steps taken, and 2288 accepted.
[3 : mcmc] Progress @ 2025-04-25 05:03:30 : 9422 steps taken, and 2275 accepted.
[2 : mcmc] Progress @ 2025-04-25 05:03:55 : 9790 steps taken, and 2353 accepted.
[1 : mcmc] Progress @ 2025-04-25 05:04:04 : 9590 steps taken, and 2326 accepted.
[0 : mcmc] Progress @ 2025-04-25 05:04:23 : 9790 steps taken, and 2290 accepted.
[3 : mcmc] Progress @ 2025-04-25 05:05:34 : 9431 steps taken, and 2275 accepted.
[1 : mcmc] Progress @ 2025-04-25 05:06:05 : 9598 steps taken, and 2328 accepted.
[2 : mcmc] Progress @ 2025-04-25 05:06:10 : 9798 steps taken, and 2355 accepted.
[0 : mcmc] Progress @ 2025-04-25 05:06:28 : 9798 steps taken, and 2291 accepted.
[3 : mcmc] Progress @ 2025-04-25 05:07:44 : 9440 steps taken, and 2278 accepted.
[1 : mcmc] Progress @ 2025-04-25 05:08:09 : 9604 steps taken, and 2332 accepted.
[2 : mcmc] Progress @ 2025-04-25 05:08:16 : 9815 steps taken, and 2359 accepted.
[0 : mcmc] Progress @ 2025-04-25 05:08:32 : 9804 steps taken, and 2293 accepted.
[3 : mcmc] Progress @ 2025-04-25 05:09:52 : 9447 steps taken, and 2280 accepted.
[2 : mcmc] Progress @ 2025-04-25 05:10:19 : 9824 steps taken, and 2359 accepted.
[1 : mcmc] Progress @ 2025-04-25 05:10:26 : 9613 steps taken, and 2333 accepted.
[0 : mcmc] Progress @ 2025-04-25 05:10:35 : 9812 steps taken, and 2294 accepted.
[3 : mcmc] Progress @ 2025-04-25 05:12:07 : 9454 steps taken, and 2285 accepted.
[2 : mcmc] Progress @ 2025-04-25 05:12:36 : 9838 steps taken, and 2362 accepted.
[1 : mcmc] Progress @ 2025-04-25 05:12:37 : 9622 steps taken, and 2334 accepted.
[0 : mcmc] Progress @ 2025-04-25 05:12:50 : 9821 steps taken, and 2298 accepted.
[3 : mcmc] Progress @ 2025-04-25 05:14:13 : 9461 steps taken, and 2286 accepted.
[2 : mcmc] Progress @ 2025-04-25 05:14:51 : 9845 steps taken, and 2365 accepted.
[1 : mcmc] Progress @ 2025-04-25 05:14:55 : 9630 steps taken, and 2336 accepted.
[0 : mcmc] Progress @ 2025-04-25 05:15:05 : 9831 steps taken, and 2301 accepted.
[3 : mcmc] Progress @ 2025-04-25 05:16:23 : 9468 steps taken, and 2288 accepted.
[2 : mcmc] Progress @ 2025-04-25 05:16:54 : 9854 steps taken, and 2368 accepted.
[1 : mcmc] Progress @ 2025-04-25 05:17:05 : 9638 steps taken, and 2337 accepted.
[0 : mcmc] Progress @ 2025-04-25 05:17:06 : 9838 steps taken, and 2302 accepted.
[3 : mcmc] Progress @ 2025-04-25 05:18:31 : 9475 steps taken, and 2290 accepted.
[2 : mcmc] Progress @ 2025-04-25 05:18:58 : 9862 steps taken, and 2370 accepted.
[0 : mcmc] Progress @ 2025-04-25 05:19:11 : 9850 steps taken, and 2305 accepted.
[1 : mcmc] Progress @ 2025-04-25 05:19:22 : 9649 steps taken, and 2340 accepted.
[3 : mcmc] Progress @ 2025-04-25 05:20:47 : 9483 steps taken, and 2291 accepted.
[2 : mcmc] Progress @ 2025-04-25 05:21:14 : 9873 steps taken, and 2371 accepted.
[0 : mcmc] Progress @ 2025-04-25 05:21:18 : 9859 steps taken, and 2308 accepted.
[1 : mcmc] Progress @ 2025-04-25 05:21:29 : 9657 steps taken, and 2342 accepted.
[3 : mcmc] Progress @ 2025-04-25 05:23:06 : 9492 steps taken, and 2297 accepted.
[2 : mcmc] Progress @ 2025-04-25 05:23:20 : 9881 steps taken, and 2371 accepted.
[0 : mcmc] Progress @ 2025-04-25 05:23:26 : 9875 steps taken, and 2310 accepted.
[1 : mcmc] Progress @ 2025-04-25 05:23:37 : 9667 steps taken, and 2346 accepted.
[3 : mcmc] Progress @ 2025-04-25 05:25:08 : 9501 steps taken, and 2298 accepted.
[2 : mcmc] Progress @ 2025-04-25 05:25:27 : 9888 steps taken, and 2374 accepted.
[1 : mcmc] Progress @ 2025-04-25 05:25:39 : 9679 steps taken, and 2350 accepted.
[0 : mcmc] Progress @ 2025-04-25 05:25:48 : 9891 steps taken, and 2312 accepted.
[3 : mcmc] Progress @ 2025-04-25 05:27:29 : 9508 steps taken, and 2299 accepted.
[2 : mcmc] Progress @ 2025-04-25 05:27:31 : 9896 steps taken, and 2378 accepted.
[1 : mcmc] Progress @ 2025-04-25 05:27:55 : 9686 steps taken, and 2351 accepted.
[0 : mcmc] Progress @ 2025-04-25 05:27:57 : 9899 steps taken, and 2316 accepted.
[3 : mcmc] Progress @ 2025-04-25 05:29:36 : 9516 steps taken, and 2300 accepted.
[2 : mcmc] Progress @ 2025-04-25 05:29:39 : 9905 steps taken, and 2380 accepted.
[0 : mcmc] Progress @ 2025-04-25 05:29:57 : 9907 steps taken, and 2318 accepted.
[1 : mcmc] Progress @ 2025-04-25 05:30:02 : 9694 steps taken, and 2354 accepted.
[3 : mcmc] Progress @ 2025-04-25 05:31:48 : 9524 steps taken, and 2302 accepted.
[2 : mcmc] Progress @ 2025-04-25 05:31:55 : 9914 steps taken, and 2383 accepted.
[0 : mcmc] Progress @ 2025-04-25 05:32:02 : 9918 steps taken, and 2319 accepted.
[1 : mcmc] Progress @ 2025-04-25 05:32:04 : 9701 steps taken, and 2354 accepted.
[0 : mcmc] Learn + convergence test @ 2320 samples accepted.
[0 : mcmc] Ready to check convergence and learn a new proposal covmat (waiting for the rest...)
[3 : mcmc] Progress @ 2025-04-25 05:33:50 : 9531 steps taken, and 2308 accepted.
[2 : mcmc] Progress @ 2025-04-25 05:33:59 : 9922 steps taken, and 2384 accepted.
[0 : mcmc] Progress @ 2025-04-25 05:34:07 : 9928 steps taken, and 2321 accepted.
[1 : mcmc] Progress @ 2025-04-25 05:34:11 : 9709 steps taken, and 2354 accepted.
[3 : mcmc] Progress @ 2025-04-25 05:35:53 : 9538 steps taken, and 2310 accepted.
[2 : mcmc] Progress @ 2025-04-25 05:36:02 : 9928 steps taken, and 2386 accepted.
[0 : mcmc] Progress @ 2025-04-25 05:36:23 : 9942 steps taken, and 2325 accepted.
[1 : mcmc] Progress @ 2025-04-25 05:36:25 : 9719 steps taken, and 2357 accepted.
[3 : mcmc] Progress @ 2025-04-25 05:37:56 : 9554 steps taken, and 2312 accepted.
[2 : mcmc] Progress @ 2025-04-25 05:38:16 : 9937 steps taken, and 2389 accepted.
[1 : mcmc] Progress @ 2025-04-25 05:38:37 : 9726 steps taken, and 2358 accepted.
[0 : mcmc] Progress @ 2025-04-25 05:38:38 : 9952 steps taken, and 2327 accepted.
[3 : mcmc] Progress @ 2025-04-25 05:40:18 : 9567 steps taken, and 2316 accepted.
[2 : mcmc] Progress @ 2025-04-25 05:40:20 : 9947 steps taken, and 2392 accepted.
[0 : mcmc] Progress @ 2025-04-25 05:40:46 : 9963 steps taken, and 2328 accepted.
[1 : mcmc] Progress @ 2025-04-25 05:40:53 : 9734 steps taken, and 2360 accepted.
[2 : mcmc] Progress @ 2025-04-25 05:42:25 : 9958 steps taken, and 2395 accepted.
[3 : mcmc] Progress @ 2025-04-25 05:42:37 : 9574 steps taken, and 2317 accepted.
[1 : mcmc] Progress @ 2025-04-25 05:43:02 : 9745 steps taken, and 2364 accepted.
[0 : mcmc] Progress @ 2025-04-25 05:43:03 : 9973 steps taken, and 2332 accepted.
[3 : mcmc] Learn + convergence test @ 2320 samples accepted.
[3 : mcmc] Ready to check convergence and learn a new proposal covmat (waiting for the rest...)
[2 : mcmc] Progress @ 2025-04-25 05:44:29 : 9966 steps taken, and 2396 accepted.
[3 : mcmc] Progress @ 2025-04-25 05:44:50 : 9583 steps taken, and 2321 accepted.
[0 : mcmc] Progress @ 2025-04-25 05:45:07 : 9981 steps taken, and 2334 accepted.
[1 : mcmc] Progress @ 2025-04-25 05:45:14 : 9753 steps taken, and 2367 accepted.
[2 : mcmc] Progress @ 2025-04-25 05:46:36 : 9977 steps taken, and 2397 accepted.
[3 : mcmc] Progress @ 2025-04-25 05:46:57 : 9601 steps taken, and 2324 accepted.
[0 : mcmc] Progress @ 2025-04-25 05:47:12 : 9989 steps taken, and 2335 accepted.
[1 : mcmc] Progress @ 2025-04-25 05:47:20 : 9766 steps taken, and 2369 accepted.
[2 : mcmc] Learn + convergence test @ 2400 samples accepted.
[2 : mcmc] Ready to check convergence and learn a new proposal covmat (waiting for the rest...)
[3 : mcmc] Progress @ 2025-04-25 05:48:59 : 9617 steps taken, and 2327 accepted.
[0 : mcmc] Progress @ 2025-04-25 05:49:26 : 9995 steps taken, and 2338 accepted.
[0 : mcmc] All chains are ready to check convergence and learn a new proposal covmat
[0 : mcmc]  - Acceptance rate: 0.267 = avg([0.2680, 0.2691, 0.2626, 0.2677])
[0 : mcmc]  - Convergence of means: R-1 = 0.066525 after 9438 accepted steps = sum([2338, 2372, 2400, 2328])
[0 : mcmc]  - Updated covariance matrix of proposal pdf.
[2 : mcmc] Progress @ 2025-04-25 05:49:34 : 9986 steps taken, and 2401 accepted.
[1 : mcmc] Progress @ 2025-04-25 05:49:46 : 9778 steps taken, and 2373 accepted.
[3 : mcmc] Progress @ 2025-04-25 05:51:13 : 9628 steps taken, and 2330 accepted.
[0 : mcmc] Progress @ 2025-04-25 05:51:30 : 10003 steps taken, and 2341 accepted.
[2 : mcmc] Progress @ 2025-04-25 05:51:49 : 9994 steps taken, and 2402 accepted.
[1 : mcmc] Progress @ 2025-04-25 05:51:51 : 9790 steps taken, and 2377 accepted.
[3 : mcmc] Progress @ 2025-04-25 05:53:22 : 9635 steps taken, and 2334 accepted.
[0 : mcmc] Progress @ 2025-04-25 05:53:36 : 10010 steps taken, and 2342 accepted.
[1 : mcmc] Progress @ 2025-04-25 05:53:55 : 9801 steps taken, and 2378 accepted.
[2 : mcmc] Progress @ 2025-04-25 05:54:06 : 10003 steps taken, and 2406 accepted.
[3 : mcmc] Progress @ 2025-04-25 05:55:34 : 9659 steps taken, and 2336 accepted.
[0 : mcmc] Progress @ 2025-04-25 05:55:38 : 10018 steps taken, and 2345 accepted.
[1 : mcmc] Progress @ 2025-04-25 05:55:58 : 9812 steps taken, and 2378 accepted.
[2 : mcmc] Progress @ 2025-04-25 05:56:12 : 10012 steps taken, and 2408 accepted.
[0 : mcmc] Progress @ 2025-04-25 05:57:38 : 10026 steps taken, and 2348 accepted.
[3 : mcmc] Progress @ 2025-04-25 05:57:51 : 9671 steps taken, and 2339 accepted.
[1 : mcmc] Progress @ 2025-04-25 05:58:10 : 9821 steps taken, and 2382 accepted.
[2 : mcmc] Progress @ 2025-04-25 05:58:15 : 10019 steps taken, and 2409 accepted.
[0 : mcmc] Progress @ 2025-04-25 05:59:59 : 10035 steps taken, and 2352 accepted.
[3 : mcmc] Progress @ 2025-04-25 06:00:00 : 9681 steps taken, and 2340 accepted.
[1 : mcmc] Progress @ 2025-04-25 06:00:11 : 9831 steps taken, and 2385 accepted.
[2 : mcmc] Progress @ 2025-04-25 06:00:34 : 10027 steps taken, and 2411 accepted.
[0 : mcmc] Progress @ 2025-04-25 06:02:05 : 10049 steps taken, and 2355 accepted.
[3 : mcmc] Progress @ 2025-04-25 06:02:11 : 9689 steps taken, and 2342 accepted.
[1 : mcmc] Progress @ 2025-04-25 06:02:29 : 9838 steps taken, and 2386 accepted.
[2 : mcmc] Progress @ 2025-04-25 06:02:43 : 10036 steps taken, and 2416 accepted.
[3 : mcmc] Progress @ 2025-04-25 06:04:12 : 9696 steps taken, and 2342 accepted.
[0 : mcmc] Progress @ 2025-04-25 06:04:23 : 10063 steps taken, and 2357 accepted.
[1 : mcmc] Progress @ 2025-04-25 06:04:36 : 9846 steps taken, and 2387 accepted.
[2 : mcmc] Progress @ 2025-04-25 06:04:50 : 10043 steps taken, and 2418 accepted.
[3 : mcmc] Progress @ 2025-04-25 06:06:16 : 9704 steps taken, and 2344 accepted.
[0 : mcmc] Progress @ 2025-04-25 06:06:34 : 10072 steps taken, and 2362 accepted.
[1 : mcmc] Progress @ 2025-04-25 06:06:38 : 9853 steps taken, and 2392 accepted.
[2 : mcmc] Progress @ 2025-04-25 06:06:56 : 10051 steps taken, and 2422 accepted.
[3 : mcmc] Progress @ 2025-04-25 06:08:20 : 9711 steps taken, and 2346 accepted.
[1 : mcmc] Progress @ 2025-04-25 06:08:39 : 9861 steps taken, and 2395 accepted.
[0 : mcmc] Progress @ 2025-04-25 06:08:42 : 10079 steps taken, and 2367 accepted.
[2 : mcmc] Progress @ 2025-04-25 06:09:04 : 10061 steps taken, and 2423 accepted.
[3 : mcmc] Progress @ 2025-04-25 06:10:26 : 9719 steps taken, and 2348 accepted.
[1 : mcmc] Progress @ 2025-04-25 06:10:47 : 9871 steps taken, and 2399 accepted.
[0 : mcmc] Progress @ 2025-04-25 06:10:51 : 10087 steps taken, and 2370 accepted.
[1 : mcmc] Learn + convergence test @ 2400 samples accepted.
[1 : mcmc] Ready to check convergence and learn a new proposal covmat (waiting for the rest...)
[2 : mcmc] Progress @ 2025-04-25 06:11:06 : 10072 steps taken, and 2427 accepted.
[3 : mcmc] Progress @ 2025-04-25 06:12:41 : 9726 steps taken, and 2348 accepted.
[0 : mcmc] Progress @ 2025-04-25 06:12:52 : 10097 steps taken, and 2372 accepted.
[1 : mcmc] Progress @ 2025-04-25 06:12:59 : 9881 steps taken, and 2402 accepted.
[2 : mcmc] Progress @ 2025-04-25 06:13:14 : 10081 steps taken, and 2429 accepted.
[3 : mcmc] Progress @ 2025-04-25 06:14:47 : 9740 steps taken, and 2350 accepted.
[1 : mcmc] Progress @ 2025-04-25 06:15:06 : 9894 steps taken, and 2406 accepted.
[0 : mcmc] Progress @ 2025-04-25 06:15:08 : 10108 steps taken, and 2375 accepted.
[2 : mcmc] Progress @ 2025-04-25 06:15:21 : 10093 steps taken, and 2430 accepted.
[3 : mcmc] Progress @ 2025-04-25 06:16:52 : 9753 steps taken, and 2351 accepted.
[0 : mcmc] Progress @ 2025-04-25 06:17:15 : 10122 steps taken, and 2376 accepted.
[1 : mcmc] Progress @ 2025-04-25 06:17:16 : 9903 steps taken, and 2409 accepted.
[2 : mcmc] Progress @ 2025-04-25 06:17:36 : 10103 steps taken, and 2433 accepted.
[3 : mcmc] Progress @ 2025-04-25 06:18:58 : 9768 steps taken, and 2354 accepted.
[0 : mcmc] Progress @ 2025-04-25 06:19:17 : 10135 steps taken, and 2379 accepted.
[1 : mcmc] Progress @ 2025-04-25 06:19:23 : 9921 steps taken, and 2416 accepted.
[2 : mcmc] Progress @ 2025-04-25 06:19:44 : 10116 steps taken, and 2437 accepted.
[3 : mcmc] Progress @ 2025-04-25 06:21:03 : 9778 steps taken, and 2361 accepted.
[0 : mcmc] Progress @ 2025-04-25 06:21:24 : 10145 steps taken, and 2382 accepted.
[1 : mcmc] Progress @ 2025-04-25 06:21:40 : 9932 steps taken, and 2420 accepted.
[2 : mcmc] Progress @ 2025-04-25 06:21:49 : 10129 steps taken, and 2439 accepted.
[3 : mcmc] Progress @ 2025-04-25 06:23:06 : 9792 steps taken, and 2363 accepted.
[1 : mcmc] Progress @ 2025-04-25 06:23:40 : 9949 steps taken, and 2424 accepted.
[0 : mcmc] Progress @ 2025-04-25 06:23:42 : 10158 steps taken, and 2385 accepted.
[2 : mcmc] Progress @ 2025-04-25 06:23:57 : 10142 steps taken, and 2442 accepted.
[3 : mcmc] Progress @ 2025-04-25 06:25:14 : 9803 steps taken, and 2366 accepted.
[0 : mcmc] Progress @ 2025-04-25 06:25:50 : 10167 steps taken, and 2390 accepted.
[1 : mcmc] Progress @ 2025-04-25 06:25:51 : 9958 steps taken, and 2427 accepted.
[2 : mcmc] Progress @ 2025-04-25 06:25:58 : 10152 steps taken, and 2443 accepted.
[3 : mcmc] Progress @ 2025-04-25 06:27:16 : 9812 steps taken, and 2368 accepted.
[1 : mcmc] Progress @ 2025-04-25 06:27:54 : 9967 steps taken, and 2428 accepted.
[0 : mcmc] Progress @ 2025-04-25 06:27:59 : 10179 steps taken, and 2392 accepted.
[2 : mcmc] Progress @ 2025-04-25 06:28:15 : 10164 steps taken, and 2446 accepted.
[3 : mcmc] Progress @ 2025-04-25 06:29:21 : 9824 steps taken, and 2372 accepted.
[0 : mcmc] Progress @ 2025-04-25 06:30:02 : 10190 steps taken, and 2394 accepted.
[1 : mcmc] Progress @ 2025-04-25 06:30:04 : 9977 steps taken, and 2433 accepted.
[2 : mcmc] Progress @ 2025-04-25 06:30:22 : 10175 steps taken, and 2448 accepted.
[3 : mcmc] Progress @ 2025-04-25 06:31:25 : 9835 steps taken, and 2374 accepted.
[0 : mcmc] Progress @ 2025-04-25 06:32:12 : 10204 steps taken, and 2397 accepted.
[1 : mcmc] Progress @ 2025-04-25 06:32:16 : 9989 steps taken, and 2436 accepted.
[2 : mcmc] Progress @ 2025-04-25 06:32:28 : 10186 steps taken, and 2450 accepted.
[3 : mcmc] Progress @ 2025-04-25 06:33:39 : 9846 steps taken, and 2378 accepted.
[0 : mcmc] Progress @ 2025-04-25 06:34:25 : 10217 steps taken, and 2399 accepted.
[2 : mcmc] Progress @ 2025-04-25 06:34:30 : 10196 steps taken, and 2454 accepted.
[1 : mcmc] Progress @ 2025-04-25 06:34:31 : 10000 steps taken, and 2439 accepted.
[3 : mcmc] Progress @ 2025-04-25 06:35:42 : 9858 steps taken, and 2382 accepted.
[0 : mcmc] Learn + convergence test @ 2400 samples accepted.
[0 : mcmc] Ready to check convergence and learn a new proposal covmat (waiting for the rest...)
[0 : mcmc] Progress @ 2025-04-25 06:36:30 : 10229 steps taken, and 2401 accepted.
[1 : mcmc] Progress @ 2025-04-25 06:36:37 : 10009 steps taken, and 2442 accepted.
[2 : mcmc] Progress @ 2025-04-25 06:36:45 : 10206 steps taken, and 2456 accepted.
[3 : mcmc] Progress @ 2025-04-25 06:37:45 : 9873 steps taken, and 2384 accepted.
[0 : mcmc] Progress @ 2025-04-25 06:38:35 : 10241 steps taken, and 2405 accepted.
[1 : mcmc] Progress @ 2025-04-25 06:38:38 : 10022 steps taken, and 2444 accepted.
[2 : mcmc] Progress @ 2025-04-25 06:39:00 : 10218 steps taken, and 2462 accepted.
[3 : mcmc] Progress @ 2025-04-25 06:40:00 : 9886 steps taken, and 2386 accepted.
[0 : mcmc] Progress @ 2025-04-25 06:40:37 : 10253 steps taken, and 2408 accepted.
[1 : mcmc] Progress @ 2025-04-25 06:40:48 : 10032 steps taken, and 2447 accepted.
[2 : mcmc] Progress @ 2025-04-25 06:41:13 : 10231 steps taken, and 2466 accepted.
[3 : mcmc] Progress @ 2025-04-25 06:42:01 : 9897 steps taken, and 2391 accepted.
[0 : mcmc] Progress @ 2025-04-25 06:42:43 : 10264 steps taken, and 2413 accepted.
[1 : mcmc] Progress @ 2025-04-25 06:42:52 : 10046 steps taken, and 2450 accepted.
[2 : mcmc] Progress @ 2025-04-25 06:43:16 : 10243 steps taken, and 2472 accepted.
[3 : mcmc] Progress @ 2025-04-25 06:44:11 : 9909 steps taken, and 2395 accepted.
[0 : mcmc] Progress @ 2025-04-25 06:44:47 : 10274 steps taken, and 2417 accepted.
[1 : mcmc] Progress @ 2025-04-25 06:45:01 : 10056 steps taken, and 2454 accepted.
[2 : mcmc] Progress @ 2025-04-25 06:45:23 : 10257 steps taken, and 2473 accepted.
[3 : mcmc] Progress @ 2025-04-25 06:46:17 : 9922 steps taken, and 2397 accepted.
[0 : mcmc] Progress @ 2025-04-25 06:46:52 : 10285 steps taken, and 2420 accepted.
[1 : mcmc] Progress @ 2025-04-25 06:47:06 : 10069 steps taken, and 2459 accepted.
[3 : mcmc] Learn + convergence test @ 2400 samples accepted.
[3 : mcmc] Ready to check convergence and learn a new proposal covmat (waiting for the rest...)
[2 : mcmc] Progress @ 2025-04-25 06:47:38 : 10270 steps taken, and 2479 accepted.
[2 : mcmc] Learn + convergence test @ 2480 samples accepted.
[2 : mcmc] Ready to check convergence and learn a new proposal covmat (waiting for the rest...)
[3 : mcmc] Progress @ 2025-04-25 06:48:21 : 9932 steps taken, and 2400 accepted.
[0 : mcmc] Progress @ 2025-04-25 06:48:55 : 10295 steps taken, and 2424 accepted.
[0 : mcmc] All chains are ready to check convergence and learn a new proposal covmat
[0 : mcmc]  - Acceptance rate: 0.268 = avg([0.2691, 0.2728, 0.2644, 0.2642])
[0 : mcmc]  - Convergence of means: R-1 = 0.069805 after 9768 accepted steps = sum([2424, 2463, 2480, 2401])
[0 : mcmc]  - Updated covariance matrix of proposal pdf.
[1 : mcmc] Progress @ 2025-04-25 06:49:30 : 10078 steps taken, and 2463 accepted.
[2 : mcmc] Progress @ 2025-04-25 06:49:41 : 10273 steps taken, and 2481 accepted.
[3 : mcmc] Progress @ 2025-04-25 06:50:35 : 9943 steps taken, and 2402 accepted.
[0 : mcmc] Progress @ 2025-04-25 06:50:56 : 10304 steps taken, and 2425 accepted.
[1 : mcmc] Progress @ 2025-04-25 06:51:35 : 10089 steps taken, and 2464 accepted.
[2 : mcmc] Progress @ 2025-04-25 06:51:46 : 10287 steps taken, and 2486 accepted.
[3 : mcmc] Progress @ 2025-04-25 06:52:48 : 9955 steps taken, and 2407 accepted.
[0 : mcmc] Progress @ 2025-04-25 06:53:01 : 10314 steps taken, and 2430 accepted.
[1 : mcmc] Progress @ 2025-04-25 06:53:37 : 10099 steps taken, and 2466 accepted.
[2 : mcmc] Progress @ 2025-04-25 06:53:48 : 10307 steps taken, and 2487 accepted.
[3 : mcmc] Progress @ 2025-04-25 06:54:50 : 9966 steps taken, and 2410 accepted.
[0 : mcmc] Progress @ 2025-04-25 06:55:05 : 10327 steps taken, and 2433 accepted.
[1 : mcmc] Progress @ 2025-04-25 06:55:52 : 10110 steps taken, and 2468 accepted.
[2 : mcmc] Progress @ 2025-04-25 06:55:53 : 10319 steps taken, and 2490 accepted.
[3 : mcmc] Progress @ 2025-04-25 06:56:56 : 9986 steps taken, and 2415 accepted.
[0 : mcmc] Progress @ 2025-04-25 06:57:11 : 10337 steps taken, and 2435 accepted.
[1 : mcmc] Progress @ 2025-04-25 06:57:58 : 10119 steps taken, and 2473 accepted.
[2 : mcmc] Progress @ 2025-04-25 06:57:58 : 10334 steps taken, and 2494 accepted.
[3 : mcmc] Progress @ 2025-04-25 06:59:00 : 10001 steps taken, and 2421 accepted.
[0 : mcmc] Progress @ 2025-04-25 06:59:14 : 10347 steps taken, and 2440 accepted.
[2 : mcmc] Progress @ 2025-04-25 07:00:03 : 10348 steps taken, and 2499 accepted.
[1 : mcmc] Progress @ 2025-04-25 07:00:09 : 10130 steps taken, and 2477 accepted.
[3 : mcmc] Progress @ 2025-04-25 07:01:05 : 10016 steps taken, and 2424 accepted.
[0 : mcmc] Progress @ 2025-04-25 07:01:16 : 10362 steps taken, and 2445 accepted.
[1 : mcmc] Learn + convergence test @ 2480 samples accepted.
[1 : mcmc] Ready to check convergence and learn a new proposal covmat (waiting for the rest...)
[2 : mcmc] Progress @ 2025-04-25 07:02:13 : 10363 steps taken, and 2500 accepted.
[1 : mcmc] Progress @ 2025-04-25 07:02:23 : 10141 steps taken, and 2481 accepted.
[3 : mcmc] Progress @ 2025-04-25 07:03:07 : 10031 steps taken, and 2425 accepted.
[0 : mcmc] Progress @ 2025-04-25 07:03:17 : 10372 steps taken, and 2448 accepted.
[2 : mcmc] Progress @ 2025-04-25 07:04:14 : 10373 steps taken, and 2504 accepted.
[1 : mcmc] Progress @ 2025-04-25 07:04:34 : 10154 steps taken, and 2487 accepted.
[3 : mcmc] Progress @ 2025-04-25 07:05:09 : 10040 steps taken, and 2430 accepted.
[0 : mcmc] Progress @ 2025-04-25 07:05:21 : 10382 steps taken, and 2450 accepted.
[2 : mcmc] Progress @ 2025-04-25 07:06:16 : 10384 steps taken, and 2507 accepted.
[1 : mcmc] Progress @ 2025-04-25 07:06:38 : 10167 steps taken, and 2489 accepted.
[3 : mcmc] Progress @ 2025-04-25 07:07:13 : 10053 steps taken, and 2434 accepted.
[0 : mcmc] Progress @ 2025-04-25 07:07:23 : 10396 steps taken, and 2456 accepted.
[2 : mcmc] Progress @ 2025-04-25 07:08:22 : 10396 steps taken, and 2511 accepted.
[1 : mcmc] Progress @ 2025-04-25 07:08:41 : 10178 steps taken, and 2492 accepted.
[3 : mcmc] Progress @ 2025-04-25 07:09:15 : 10073 steps taken, and 2439 accepted.
[0 : mcmc] Progress @ 2025-04-25 07:09:35 : 10408 steps taken, and 2457 accepted.
[2 : mcmc] Progress @ 2025-04-25 07:10:23 : 10405 steps taken, and 2515 accepted.
[1 : mcmc] Progress @ 2025-04-25 07:10:47 : 10193 steps taken, and 2496 accepted.
[3 : mcmc] Progress @ 2025-04-25 07:11:19 : 10084 steps taken, and 2442 accepted.
[0 : mcmc] Progress @ 2025-04-25 07:11:40 : 10417 steps taken, and 2461 accepted.
[2 : mcmc] Progress @ 2025-04-25 07:12:27 : 10420 steps taken, and 2521 accepted.
[1 : mcmc] Progress @ 2025-04-25 07:12:50 : 10206 steps taken, and 2499 accepted.
[3 : mcmc] Progress @ 2025-04-25 07:13:25 : 10095 steps taken, and 2445 accepted.
[0 : mcmc] Progress @ 2025-04-25 07:13:47 : 10431 steps taken, and 2465 accepted.
[2 : mcmc] Progress @ 2025-04-25 07:14:36 : 10431 steps taken, and 2524 accepted.
[1 : mcmc] Progress @ 2025-04-25 07:14:58 : 10218 steps taken, and 2500 accepted.
[3 : mcmc] Progress @ 2025-04-25 07:15:31 : 10104 steps taken, and 2450 accepted.
[0 : mcmc] Progress @ 2025-04-25 07:15:52 : 10443 steps taken, and 2467 accepted.
[2 : mcmc] Progress @ 2025-04-25 07:16:46 : 10442 steps taken, and 2526 accepted.
[1 : mcmc] Progress @ 2025-04-25 07:17:10 : 10235 steps taken, and 2504 accepted.
[3 : mcmc] Progress @ 2025-04-25 07:17:41 : 10114 steps taken, and 2453 accepted.
[0 : mcmc] Progress @ 2025-04-25 07:17:57 : 10451 steps taken, and 2469 accepted.
[2 : mcmc] Progress @ 2025-04-25 07:18:56 : 10452 steps taken, and 2530 accepted.
[1 : mcmc] Progress @ 2025-04-25 07:19:11 : 10245 steps taken, and 2507 accepted.
[3 : mcmc] Progress @ 2025-04-25 07:19:50 : 10126 steps taken, and 2457 accepted.
[0 : mcmc] Progress @ 2025-04-25 07:20:02 : 10464 steps taken, and 2472 accepted.
[2 : mcmc] Progress @ 2025-04-25 07:21:04 : 10463 steps taken, and 2533 accepted.
[1 : mcmc] Progress @ 2025-04-25 07:21:12 : 10258 steps taken, and 2509 accepted.
[3 : mcmc] Progress @ 2025-04-25 07:21:55 : 10135 steps taken, and 2460 accepted.
[0 : mcmc] Progress @ 2025-04-25 07:22:15 : 10478 steps taken, and 2477 accepted.
[2 : mcmc] Progress @ 2025-04-25 07:23:06 : 10472 steps taken, and 2535 accepted.
[1 : mcmc] Progress @ 2025-04-25 07:23:20 : 10271 steps taken, and 2514 accepted.
[3 : mcmc] Progress @ 2025-04-25 07:23:56 : 10144 steps taken, and 2464 accepted.
[0 : mcmc] Progress @ 2025-04-25 07:24:32 : 10487 steps taken, and 2479 accepted.
[0 : mcmc] Learn + convergence test @ 2480 samples accepted.
[0 : mcmc] Ready to check convergence and learn a new proposal covmat (waiting for the rest...)
[2 : mcmc] Progress @ 2025-04-25 07:25:12 : 10480 steps taken, and 2536 accepted.
[1 : mcmc] Progress @ 2025-04-25 07:25:36 : 10284 steps taken, and 2519 accepted.
[3 : mcmc] Progress @ 2025-04-25 07:26:04 : 10154 steps taken, and 2468 accepted.
[0 : mcmc] Progress @ 2025-04-25 07:26:37 : 10500 steps taken, and 2482 accepted.
[2 : mcmc] Progress @ 2025-04-25 07:27:13 : 10492 steps taken, and 2539 accepted.
[1 : mcmc] Progress @ 2025-04-25 07:27:46 : 10297 steps taken, and 2522 accepted.
[3 : mcmc] Progress @ 2025-04-25 07:28:08 : 10163 steps taken, and 2469 accepted.
[0 : mcmc] Progress @ 2025-04-25 07:28:44 : 10511 steps taken, and 2486 accepted.
[2 : mcmc] Progress @ 2025-04-25 07:29:23 : 10503 steps taken, and 2541 accepted.
[1 : mcmc] Progress @ 2025-04-25 07:29:59 : 10312 steps taken, and 2526 accepted.
[3 : mcmc] Progress @ 2025-04-25 07:30:16 : 10177 steps taken, and 2474 accepted.
[0 : mcmc] Progress @ 2025-04-25 07:30:54 : 10525 steps taken, and 2490 accepted.
[2 : mcmc] Progress @ 2025-04-25 07:31:39 : 10513 steps taken, and 2547 accepted.
[1 : mcmc] Progress @ 2025-04-25 07:32:18 : 10324 steps taken, and 2529 accepted.
[3 : mcmc] Progress @ 2025-04-25 07:32:19 : 10192 steps taken, and 2479 accepted.
[3 : mcmc] Learn + convergence test @ 2480 samples accepted.
[3 : mcmc] Ready to check convergence and learn a new proposal covmat (waiting for the rest...)
[0 : mcmc] Progress @ 2025-04-25 07:32:55 : 10541 steps taken, and 2492 accepted.
[2 : mcmc] Progress @ 2025-04-25 07:33:47 : 10528 steps taken, and 2550 accepted.
[1 : mcmc] Progress @ 2025-04-25 07:34:26 : 10339 steps taken, and 2533 accepted.
[3 : mcmc] Progress @ 2025-04-25 07:34:29 : 10204 steps taken, and 2481 accepted.
[0 : mcmc] Progress @ 2025-04-25 07:34:58 : 10555 steps taken, and 2496 accepted.
[2 : mcmc] Progress @ 2025-04-25 07:35:53 : 10545 steps taken, and 2551 accepted.
[3 : mcmc] Progress @ 2025-04-25 07:36:39 : 10216 steps taken, and 2482 accepted.
[1 : mcmc] Progress @ 2025-04-25 07:36:39 : 10353 steps taken, and 2534 accepted.
[0 : mcmc] Progress @ 2025-04-25 07:37:13 : 10565 steps taken, and 2499 accepted.
[2 : mcmc] Progress @ 2025-04-25 07:38:05 : 10555 steps taken, and 2556 accepted.
[3 : mcmc] Progress @ 2025-04-25 07:38:48 : 10227 steps taken, and 2488 accepted.
[1 : mcmc] Progress @ 2025-04-25 07:38:52 : 10364 steps taken, and 2538 accepted.
[0 : mcmc] Progress @ 2025-04-25 07:39:18 : 10575 steps taken, and 2501 accepted.
[2 : mcmc] Progress @ 2025-04-25 07:40:09 : 10565 steps taken, and 2557 accepted.
[3 : mcmc] Progress @ 2025-04-25 07:40:51 : 10241 steps taken, and 2492 accepted.
[1 : mcmc] Progress @ 2025-04-25 07:40:59 : 10375 steps taken, and 2542 accepted.
[0 : mcmc] Progress @ 2025-04-25 07:41:19 : 10592 steps taken, and 2504 accepted.
[2 : mcmc] Progress @ 2025-04-25 07:42:12 : 10577 steps taken, and 2560 accepted.
[2 : mcmc] Learn + convergence test @ 2560 samples accepted.
[2 : mcmc] Ready to check convergence and learn a new proposal covmat (waiting for the rest...)
[3 : mcmc] Progress @ 2025-04-25 07:42:58 : 10251 steps taken, and 2495 accepted.
[1 : mcmc] Progress @ 2025-04-25 07:43:07 : 10391 steps taken, and 2543 accepted.
[0 : mcmc] Progress @ 2025-04-25 07:43:21 : 10610 steps taken, and 2507 accepted.
[0 : mcmc] All chains are ready to check convergence and learn a new proposal covmat
[0 : mcmc]  - Acceptance rate: 0.268 = avg([0.2674, 0.2706, 0.2662, 0.2676])
[0 : mcmc]  - Convergence of means: R-1 = 0.056268 after 10107 accepted steps = sum([2507, 2544, 2560, 2496])
[0 : mcmc]  - Updated covariance matrix of proposal pdf.
[2 : mcmc] Progress @ 2025-04-25 07:44:17 : 10580 steps taken, and 2561 accepted.
[3 : mcmc] Progress @ 2025-04-25 07:44:58 : 10262 steps taken, and 2497 accepted.
[1 : mcmc] Progress @ 2025-04-25 07:45:09 : 10400 steps taken, and 2546 accepted.
[0 : mcmc] Progress @ 2025-04-25 07:45:27 : 10622 steps taken, and 2510 accepted.
[2 : mcmc] Progress @ 2025-04-25 07:46:23 : 10592 steps taken, and 2562 accepted.
[3 : mcmc] Progress @ 2025-04-25 07:47:03 : 10273 steps taken, and 2502 accepted.
[1 : mcmc] Progress @ 2025-04-25 07:47:22 : 10418 steps taken, and 2552 accepted.
[0 : mcmc] Progress @ 2025-04-25 07:47:34 : 10633 steps taken, and 2515 accepted.
[2 : mcmc] Progress @ 2025-04-25 07:48:26 : 10609 steps taken, and 2565 accepted.
[3 : mcmc] Progress @ 2025-04-25 07:49:17 : 10285 steps taken, and 2506 accepted.
[1 : mcmc] Progress @ 2025-04-25 07:49:28 : 10428 steps taken, and 2553 accepted.
[0 : mcmc] Progress @ 2025-04-25 07:49:40 : 10643 steps taken, and 2518 accepted.
[2 : mcmc] Progress @ 2025-04-25 07:50:29 : 10632 steps taken, and 2570 accepted.
[3 : mcmc] Progress @ 2025-04-25 07:51:27 : 10296 steps taken, and 2510 accepted.
[1 : mcmc] Progress @ 2025-04-25 07:51:33 : 10444 steps taken, and 2558 accepted.
[0 : mcmc] Progress @ 2025-04-25 07:51:44 : 10653 steps taken, and 2521 accepted.
[2 : mcmc] Progress @ 2025-04-25 07:52:31 : 10654 steps taken, and 2576 accepted.
[1 : mcmc] Learn + convergence test @ 2560 samples accepted.
[1 : mcmc] Ready to check convergence and learn a new proposal covmat (waiting for the rest...)
[3 : mcmc] Progress @ 2025-04-25 07:53:33 : 10305 steps taken, and 2510 accepted.
[1 : mcmc] Progress @ 2025-04-25 07:53:44 : 10467 steps taken, and 2560 accepted.
[0 : mcmc] Progress @ 2025-04-25 07:53:47 : 10663 steps taken, and 2523 accepted.
[2 : mcmc] Progress @ 2025-04-25 07:54:36 : 10668 steps taken, and 2581 accepted.
[3 : mcmc] Progress @ 2025-04-25 07:55:45 : 10315 steps taken, and 2512 accepted.
[1 : mcmc] Progress @ 2025-04-25 07:55:52 : 10478 steps taken, and 2563 accepted.
[0 : mcmc] Progress @ 2025-04-25 07:56:03 : 10674 steps taken, and 2530 accepted.
[2 : mcmc] Progress @ 2025-04-25 07:56:40 : 10678 steps taken, and 2585 accepted.
[3 : mcmc] Progress @ 2025-04-25 07:57:50 : 10324 steps taken, and 2514 accepted.
[1 : mcmc] Progress @ 2025-04-25 07:58:05 : 10490 steps taken, and 2566 accepted.
[0 : mcmc] Progress @ 2025-04-25 07:58:07 : 10684 steps taken, and 2532 accepted.
[2 : mcmc] Progress @ 2025-04-25 07:58:44 : 10691 steps taken, and 2586 accepted.
[3 : mcmc] Progress @ 2025-04-25 08:00:05 : 10334 steps taken, and 2520 accepted.
[0 : mcmc] Progress @ 2025-04-25 08:00:11 : 10693 steps taken, and 2537 accepted.
[1 : mcmc] Progress @ 2025-04-25 08:00:20 : 10503 steps taken, and 2569 accepted.
[2 : mcmc] Progress @ 2025-04-25 08:00:50 : 10702 steps taken, and 2589 accepted.
[3 : mcmc] Progress @ 2025-04-25 08:02:09 : 10347 steps taken, and 2522 accepted.
[0 : mcmc] Progress @ 2025-04-25 08:02:21 : 10702 steps taken, and 2539 accepted.
[1 : mcmc] Progress @ 2025-04-25 08:02:36 : 10516 steps taken, and 2572 accepted.
[2 : mcmc] Progress @ 2025-04-25 08:03:04 : 10711 steps taken, and 2592 accepted.
[3 : mcmc] Progress @ 2025-04-25 08:04:15 : 10360 steps taken, and 2526 accepted.
[0 : mcmc] Progress @ 2025-04-25 08:04:23 : 10713 steps taken, and 2540 accepted.
[1 : mcmc] Progress @ 2025-04-25 08:04:50 : 10526 steps taken, and 2575 accepted.
[2 : mcmc] Progress @ 2025-04-25 08:05:09 : 10724 steps taken, and 2597 accepted.
[3 : mcmc] Progress @ 2025-04-25 08:06:27 : 10370 steps taken, and 2529 accepted.
[0 : mcmc] Progress @ 2025-04-25 08:06:39 : 10722 steps taken, and 2543 accepted.
[1 : mcmc] Progress @ 2025-04-25 08:06:51 : 10538 steps taken, and 2578 accepted.
[2 : mcmc] Progress @ 2025-04-25 08:07:19 : 10734 steps taken, and 2601 accepted.
[3 : mcmc] Progress @ 2025-04-25 08:08:30 : 10379 steps taken, and 2531 accepted.
[0 : mcmc] Progress @ 2025-04-25 08:08:43 : 10731 steps taken, and 2547 accepted.
[1 : mcmc] Progress @ 2025-04-25 08:08:53 : 10548 steps taken, and 2581 accepted.
[2 : mcmc] Progress @ 2025-04-25 08:09:26 : 10745 steps taken, and 2605 accepted.
[3 : mcmc] Progress @ 2025-04-25 08:10:36 : 10388 steps taken, and 2533 accepted.
[0 : mcmc] Progress @ 2025-04-25 08:10:47 : 10748 steps taken, and 2549 accepted.
[1 : mcmc] Progress @ 2025-04-25 08:10:59 : 10558 steps taken, and 2582 accepted.
[2 : mcmc] Progress @ 2025-04-25 08:11:28 : 10757 steps taken, and 2609 accepted.
[3 : mcmc] Progress @ 2025-04-25 08:12:48 : 10400 steps taken, and 2539 accepted.
[0 : mcmc] Progress @ 2025-04-25 08:12:49 : 10760 steps taken, and 2551 accepted.
[1 : mcmc] Progress @ 2025-04-25 08:13:02 : 10569 steps taken, and 2583 accepted.
[2 : mcmc] Progress @ 2025-04-25 08:13:39 : 10770 steps taken, and 2613 accepted.
[0 : mcmc] Progress @ 2025-04-25 08:14:54 : 10772 steps taken, and 2553 accepted.
[3 : mcmc] Progress @ 2025-04-25 08:14:59 : 10415 steps taken, and 2543 accepted.
[1 : mcmc] Progress @ 2025-04-25 08:15:08 : 10578 steps taken, and 2584 accepted.
[2 : mcmc] Progress @ 2025-04-25 08:15:53 : 10783 steps taken, and 2616 accepted.
[0 : mcmc] Progress @ 2025-04-25 08:16:58 : 10784 steps taken, and 2557 accepted.
[3 : mcmc] Progress @ 2025-04-25 08:17:02 : 10426 steps taken, and 2545 accepted.
[1 : mcmc] Progress @ 2025-04-25 08:17:20 : 10589 steps taken, and 2587 accepted.
[2 : mcmc] Progress @ 2025-04-25 08:18:01 : 10793 steps taken, and 2619 accepted.
[0 : mcmc] Learn + convergence test @ 2560 samples accepted.
[0 : mcmc] Ready to check convergence and learn a new proposal covmat (waiting for the rest...)
[0 : mcmc] Progress @ 2025-04-25 08:19:01 : 10796 steps taken, and 2560 accepted.
[3 : mcmc] Progress @ 2025-04-25 08:19:17 : 10437 steps taken, and 2546 accepted.
[1 : mcmc] Progress @ 2025-04-25 08:19:36 : 10600 steps taken, and 2591 accepted.
[2 : mcmc] Progress @ 2025-04-25 08:20:03 : 10807 steps taken, and 2623 accepted.
[0 : mcmc] Progress @ 2025-04-25 08:21:09 : 10807 steps taken, and 2563 accepted.
[3 : mcmc] Progress @ 2025-04-25 08:21:28 : 10449 steps taken, and 2549 accepted.
[1 : mcmc] Progress @ 2025-04-25 08:21:38 : 10610 steps taken, and 2593 accepted.
[2 : mcmc] Progress @ 2025-04-25 08:22:18 : 10819 steps taken, and 2626 accepted.
[0 : mcmc] Progress @ 2025-04-25 08:23:23 : 10818 steps taken, and 2567 accepted.
[3 : mcmc] Progress @ 2025-04-25 08:23:33 : 10459 steps taken, and 2554 accepted.
[1 : mcmc] Progress @ 2025-04-25 08:23:50 : 10619 steps taken, and 2594 accepted.
[2 : mcmc] Progress @ 2025-04-25 08:24:28 : 10831 steps taken, and 2630 accepted.
[0 : mcmc] Progress @ 2025-04-25 08:25:27 : 10828 steps taken, and 2571 accepted.
[3 : mcmc] Progress @ 2025-04-25 08:25:42 : 10469 steps taken, and 2559 accepted.
[1 : mcmc] Progress @ 2025-04-25 08:25:55 : 10631 steps taken, and 2597 accepted.
[3 : mcmc] Learn + convergence test @ 2560 samples accepted.
[3 : mcmc] Ready to check convergence and learn a new proposal covmat (waiting for the rest...)
[2 : mcmc] Progress @ 2025-04-25 08:26:28 : 10845 steps taken, and 2633 accepted.
[0 : mcmc] Progress @ 2025-04-25 08:27:32 : 10839 steps taken, and 2574 accepted.
[3 : mcmc] Progress @ 2025-04-25 08:27:57 : 10485 steps taken, and 2565 accepted.
[1 : mcmc] Progress @ 2025-04-25 08:28:00 : 10645 steps taken, and 2600 accepted.
[2 : mcmc] Progress @ 2025-04-25 08:28:33 : 10856 steps taken, and 2637 accepted.
[0 : mcmc] Progress @ 2025-04-25 08:29:35 : 10848 steps taken, and 2577 accepted.
[2 : mcmc] Learn + convergence test @ 2640 samples accepted.
[2 : mcmc] Ready to check convergence and learn a new proposal covmat (waiting for the rest...)
[1 : mcmc] Progress @ 2025-04-25 08:30:10 : 10662 steps taken, and 2603 accepted.
[0 : mcmc] All chains are ready to check convergence and learn a new proposal covmat
[0 : mcmc]  - Acceptance rate: 0.268 = avg([0.2710, 0.2661, 0.2658, 0.2691])
[0 : mcmc]  - Convergence of means: R-1 = 0.054547 after 10392 accepted steps = sum([2579, 2603, 2640, 2570])
[0 : mcmc]  - Updated covariance matrix of proposal pdf.
[2 : mcmc] Progress @ 2025-04-25 08:30:40 : 10864 steps taken, and 2640 accepted.
[3 : mcmc] Progress @ 2025-04-25 08:30:40 : 10496 steps taken, and 2570 accepted.
[0 : mcmc] Progress @ 2025-04-25 08:31:42 : 10862 steps taken, and 2583 accepted.
[1 : mcmc] Progress @ 2025-04-25 08:32:12 : 10671 steps taken, and 2604 accepted.
[2 : mcmc] Progress @ 2025-04-25 08:32:46 : 10874 steps taken, and 2644 accepted.
[3 : mcmc] Progress @ 2025-04-25 08:32:50 : 10507 steps taken, and 2574 accepted.
[0 : mcmc] Progress @ 2025-04-25 08:33:53 : 10874 steps taken, and 2587 accepted.
[1 : mcmc] Progress @ 2025-04-25 08:34:19 : 10682 steps taken, and 2607 accepted.
[2 : mcmc] Progress @ 2025-04-25 08:34:52 : 10888 steps taken, and 2650 accepted.
[3 : mcmc] Progress @ 2025-04-25 08:35:04 : 10520 steps taken, and 2577 accepted.
[0 : mcmc] Progress @ 2025-04-25 08:35:58 : 10887 steps taken, and 2587 accepted.
[1 : mcmc] Progress @ 2025-04-25 08:36:24 : 10691 steps taken, and 2611 accepted.
[2 : mcmc] Progress @ 2025-04-25 08:36:57 : 10898 steps taken, and 2652 accepted.
[3 : mcmc] Progress @ 2025-04-25 08:37:09 : 10529 steps taken, and 2579 accepted.
[0 : mcmc] Progress @ 2025-04-25 08:38:03 : 10898 steps taken, and 2590 accepted.
[1 : mcmc] Progress @ 2025-04-25 08:38:30 : 10702 steps taken, and 2613 accepted.
[2 : mcmc] Progress @ 2025-04-25 08:39:02 : 10907 steps taken, and 2655 accepted.
[3 : mcmc] Progress @ 2025-04-25 08:39:13 : 10540 steps taken, and 2586 accepted.
[0 : mcmc] Progress @ 2025-04-25 08:40:19 : 10913 steps taken, and 2592 accepted.
[1 : mcmc] Progress @ 2025-04-25 08:40:45 : 10714 steps taken, and 2617 accepted.
[3 : mcmc] Progress @ 2025-04-25 08:41:17 : 10552 steps taken, and 2589 accepted.
[2 : mcmc] Progress @ 2025-04-25 08:41:17 : 10918 steps taken, and 2656 accepted.
[0 : mcmc] Progress @ 2025-04-25 08:42:23 : 10929 steps taken, and 2595 accepted.
[1 : mcmc] Progress @ 2025-04-25 08:42:48 : 10725 steps taken, and 2619 accepted.
[3 : mcmc] Progress @ 2025-04-25 08:43:22 : 10562 steps taken, and 2591 accepted.
[2 : mcmc] Progress @ 2025-04-25 08:43:31 : 10929 steps taken, and 2658 accepted.
[0 : mcmc] Progress @ 2025-04-25 08:44:36 : 10941 steps taken, and 2597 accepted.
[1 : mcmc] Progress @ 2025-04-25 08:44:56 : 10734 steps taken, and 2622 accepted.
[3 : mcmc] Progress @ 2025-04-25 08:45:37 : 10573 steps taken, and 2597 accepted.
[2 : mcmc] Progress @ 2025-04-25 08:45:40 : 10941 steps taken, and 2662 accepted.
[0 : mcmc] Progress @ 2025-04-25 08:46:41 : 10950 steps taken, and 2598 accepted.
[1 : mcmc] Progress @ 2025-04-25 08:47:00 : 10745 steps taken, and 2626 accepted.
[2 : mcmc] Progress @ 2025-04-25 08:47:44 : 10955 steps taken, and 2665 accepted.
[3 : mcmc] Progress @ 2025-04-25 08:47:47 : 10585 steps taken, and 2603 accepted.
[0 : mcmc] Progress @ 2025-04-25 08:48:55 : 10960 steps taken, and 2600 accepted.
[1 : mcmc] Progress @ 2025-04-25 08:49:04 : 10757 steps taken, and 2630 accepted.
[3 : mcmc] Progress @ 2025-04-25 08:49:51 : 10594 steps taken, and 2606 accepted.
[2 : mcmc] Progress @ 2025-04-25 08:49:54 : 10970 steps taken, and 2667 accepted.
[0 : mcmc] Progress @ 2025-04-25 08:51:01 : 10971 steps taken, and 2601 accepted.
[1 : mcmc] Progress @ 2025-04-25 08:51:12 : 10773 steps taken, and 2635 accepted.
[2 : mcmc] Progress @ 2025-04-25 08:51:57 : 10984 steps taken, and 2669 accepted.
[3 : mcmc] Progress @ 2025-04-25 08:52:02 : 10606 steps taken, and 2608 accepted.
[0 : mcmc] Progress @ 2025-04-25 08:53:06 : 10981 steps taken, and 2606 accepted.
[1 : mcmc] Progress @ 2025-04-25 08:53:16 : 10787 steps taken, and 2635 accepted.
[2 : mcmc] Progress @ 2025-04-25 08:54:01 : 10997 steps taken, and 2672 accepted.
[3 : mcmc] Progress @ 2025-04-25 08:54:16 : 10617 steps taken, and 2611 accepted.
[0 : mcmc] Progress @ 2025-04-25 08:55:10 : 10991 steps taken, and 2608 accepted.
[1 : mcmc] Progress @ 2025-04-25 08:55:23 : 10799 steps taken, and 2636 accepted.
[2 : mcmc] Progress @ 2025-04-25 08:56:05 : 11006 steps taken, and 2675 accepted.
[3 : mcmc] Progress @ 2025-04-25 08:56:20 : 10633 steps taken, and 2613 accepted.
[1 : mcmc] Learn + convergence test @ 2640 samples accepted.
[1 : mcmc] Ready to check convergence and learn a new proposal covmat (waiting for the rest...)
[0 : mcmc] Progress @ 2025-04-25 08:57:15 : 11003 steps taken, and 2612 accepted.
[1 : mcmc] Progress @ 2025-04-25 08:57:34 : 10819 steps taken, and 2640 accepted.
[2 : mcmc] Progress @ 2025-04-25 08:58:09 : 11017 steps taken, and 2676 accepted.
[3 : mcmc] Progress @ 2025-04-25 08:58:22 : 10655 steps taken, and 2614 accepted.
[0 : mcmc] Progress @ 2025-04-25 08:59:26 : 11013 steps taken, and 2614 accepted.
[1 : mcmc] Progress @ 2025-04-25 08:59:36 : 10829 steps taken, and 2644 accepted.
[2 : mcmc] Progress @ 2025-04-25 09:00:22 : 11027 steps taken, and 2681 accepted.
[3 : mcmc] Progress @ 2025-04-25 09:00:27 : 10666 steps taken, and 2618 accepted.
[0 : mcmc] Progress @ 2025-04-25 09:01:37 : 11024 steps taken, and 2618 accepted.
[1 : mcmc] Progress @ 2025-04-25 09:01:44 : 10842 steps taken, and 2645 accepted.
[3 : mcmc] Progress @ 2025-04-25 09:02:31 : 10677 steps taken, and 2620 accepted.
[2 : mcmc] Progress @ 2025-04-25 09:02:35 : 11038 steps taken, and 2684 accepted.
[0 : mcmc] Progress @ 2025-04-25 09:03:41 : 11034 steps taken, and 2620 accepted.
[1 : mcmc] Progress @ 2025-04-25 09:03:49 : 10853 steps taken, and 2648 accepted.
[2 : mcmc] Progress @ 2025-04-25 09:04:40 : 11047 steps taken, and 2686 accepted.
[3 : mcmc] Progress @ 2025-04-25 09:04:41 : 10701 steps taken, and 2623 accepted.
[0 : mcmc] Progress @ 2025-04-25 09:05:52 : 11045 steps taken, and 2625 accepted.
[1 : mcmc] Progress @ 2025-04-25 09:06:04 : 10865 steps taken, and 2650 accepted.
[3 : mcmc] Progress @ 2025-04-25 09:06:48 : 10716 steps taken, and 2625 accepted.
[2 : mcmc] Progress @ 2025-04-25 09:06:50 : 11060 steps taken, and 2687 accepted.
[0 : mcmc] Progress @ 2025-04-25 09:08:06 : 11055 steps taken, and 2629 accepted.
[1 : mcmc] Progress @ 2025-04-25 09:08:13 : 10876 steps taken, and 2652 accepted.
[2 : mcmc] Progress @ 2025-04-25 09:08:51 : 11069 steps taken, and 2689 accepted.
[3 : mcmc] Progress @ 2025-04-25 09:08:53 : 10733 steps taken, and 2630 accepted.
[1 : mcmc] Progress @ 2025-04-25 09:10:17 : 10890 steps taken, and 2658 accepted.
[0 : mcmc] Progress @ 2025-04-25 09:10:20 : 11062 steps taken, and 2632 accepted.
[2 : mcmc] Progress @ 2025-04-25 09:10:54 : 11080 steps taken, and 2694 accepted.
[3 : mcmc] Progress @ 2025-04-25 09:10:56 : 10758 steps taken, and 2636 accepted.
[1 : mcmc] Progress @ 2025-04-25 09:12:29 : 10902 steps taken, and 2661 accepted.
[0 : mcmc] Progress @ 2025-04-25 09:12:33 : 11072 steps taken, and 2637 accepted.
[2 : mcmc] Progress @ 2025-04-25 09:12:59 : 11092 steps taken, and 2696 accepted.
[3 : mcmc] Progress @ 2025-04-25 09:13:03 : 10772 steps taken, and 2638 accepted.
[3 : mcmc] Learn + convergence test @ 2640 samples accepted.
[3 : mcmc] Ready to check convergence and learn a new proposal covmat (waiting for the rest...)
[0 : mcmc] Learn + convergence test @ 2640 samples accepted.
[0 : mcmc] Ready to check convergence and learn a new proposal covmat (waiting for the rest...)
[0 : mcmc] Progress @ 2025-04-25 09:14:35 : 11086 steps taken, and 2641 accepted.
[1 : mcmc] Progress @ 2025-04-25 09:14:45 : 10914 steps taken, and 2664 accepted.
[2 : mcmc] Progress @ 2025-04-25 09:15:04 : 11102 steps taken, and 2699 accepted.
[3 : mcmc] Progress @ 2025-04-25 09:15:07 : 10790 steps taken, and 2642 accepted.
[0 : mcmc] Progress @ 2025-04-25 09:16:49 : 11096 steps taken, and 2644 accepted.
[1 : mcmc] Progress @ 2025-04-25 09:16:56 : 10926 steps taken, and 2666 accepted.
[2 : mcmc] Progress @ 2025-04-25 09:17:10 : 11118 steps taken, and 2701 accepted.
[3 : mcmc] Progress @ 2025-04-25 09:17:13 : 10801 steps taken, and 2646 accepted.
[0 : mcmc] Progress @ 2025-04-25 09:18:52 : 11109 steps taken, and 2648 accepted.
[1 : mcmc] Progress @ 2025-04-25 09:18:59 : 10936 steps taken, and 2669 accepted.
[3 : mcmc] Progress @ 2025-04-25 09:19:14 : 10816 steps taken, and 2646 accepted.
[2 : mcmc] Progress @ 2025-04-25 09:19:22 : 11129 steps taken, and 2704 accepted.
[1 : mcmc] Progress @ 2025-04-25 09:21:00 : 10945 steps taken, and 2670 accepted.
[0 : mcmc] Progress @ 2025-04-25 09:21:09 : 11121 steps taken, and 2650 accepted.
[3 : mcmc] Progress @ 2025-04-25 09:21:20 : 10826 steps taken, and 2651 accepted.
[2 : mcmc] Progress @ 2025-04-25 09:21:34 : 11138 steps taken, and 2709 accepted.
[0 : mcmc] Progress @ 2025-04-25 09:23:12 : 11132 steps taken, and 2651 accepted.
[1 : mcmc] Progress @ 2025-04-25 09:23:15 : 10956 steps taken, and 2674 accepted.
[3 : mcmc] Progress @ 2025-04-25 09:23:32 : 10841 steps taken, and 2653 accepted.
[2 : mcmc] Progress @ 2025-04-25 09:23:37 : 11152 steps taken, and 2711 accepted.
[0 : mcmc] Progress @ 2025-04-25 09:25:17 : 11148 steps taken, and 2652 accepted.
[1 : mcmc] Progress @ 2025-04-25 09:25:26 : 10974 steps taken, and 2677 accepted.
[3 : mcmc] Progress @ 2025-04-25 09:25:42 : 10854 steps taken, and 2655 accepted.
[2 : mcmc] Progress @ 2025-04-25 09:25:51 : 11166 steps taken, and 2713 accepted.
[0 : mcmc] Progress @ 2025-04-25 09:27:21 : 11158 steps taken, and 2654 accepted.
[1 : mcmc] Progress @ 2025-04-25 09:27:32 : 10986 steps taken, and 2681 accepted.
[2 : mcmc] Progress @ 2025-04-25 09:27:52 : 11176 steps taken, and 2715 accepted.
[3 : mcmc] Progress @ 2025-04-25 09:27:54 : 10868 steps taken, and 2662 accepted.
[0 : mcmc] Progress @ 2025-04-25 09:29:24 : 11168 steps taken, and 2657 accepted.
[1 : mcmc] Progress @ 2025-04-25 09:29:38 : 10995 steps taken, and 2685 accepted.
[2 : mcmc] Progress @ 2025-04-25 09:30:02 : 11188 steps taken, and 2718 accepted.
[3 : mcmc] Progress @ 2025-04-25 09:30:03 : 10881 steps taken, and 2662 accepted.
[2 : mcmc] Learn + convergence test @ 2720 samples accepted.
[2 : mcmc] Ready to check convergence and learn a new proposal covmat (waiting for the rest...)
[0 : mcmc] All chains are ready to check convergence and learn a new proposal covmat
[1 : mcmc] Progress @ 2025-04-25 09:31:40 : 11007 steps taken, and 2686 accepted.
[0 : mcmc]  - Acceptance rate: 0.266 = avg([0.2683, 0.2644, 0.2657, 0.2668])
[0 : mcmc]  - Convergence of means: R-1 = 0.055812 after 10736 accepted steps = sum([2663, 2687, 2720, 2666])
[0 : mcmc]  - Updated covariance matrix of proposal pdf.
[2 : mcmc] Progress @ 2025-04-25 09:32:15 : 11191 steps taken, and 2720 accepted.
[0 : mcmc] Progress @ 2025-04-25 09:32:15 : 11178 steps taken, and 2663 accepted.
[3 : mcmc] Progress @ 2025-04-25 09:32:16 : 10889 steps taken, and 2666 accepted.
[1 : mcmc] Progress @ 2025-04-25 09:33:47 : 11022 steps taken, and 2692 accepted.
[2 : mcmc] Progress @ 2025-04-25 09:34:16 : 11199 steps taken, and 2722 accepted.
[3 : mcmc] Progress @ 2025-04-25 09:34:19 : 10904 steps taken, and 2666 accepted.
[0 : mcmc] Progress @ 2025-04-25 09:34:20 : 11190 steps taken, and 2664 accepted.
[1 : mcmc] Progress @ 2025-04-25 09:35:54 : 11032 steps taken, and 2694 accepted.
[0 : mcmc] Progress @ 2025-04-25 09:36:24 : 11203 steps taken, and 2666 accepted.
[2 : mcmc] Progress @ 2025-04-25 09:36:29 : 11211 steps taken, and 2724 accepted.
[3 : mcmc] Progress @ 2025-04-25 09:36:32 : 10917 steps taken, and 2673 accepted.
[1 : mcmc] Progress @ 2025-04-25 09:38:02 : 11043 steps taken, and 2699 accepted.
[0 : mcmc] Progress @ 2025-04-25 09:38:30 : 11219 steps taken, and 2672 accepted.
[3 : mcmc] Progress @ 2025-04-25 09:38:33 : 10930 steps taken, and 2678 accepted.
[2 : mcmc] Progress @ 2025-04-25 09:38:33 : 11223 steps taken, and 2726 accepted.
[1 : mcmc] Progress @ 2025-04-25 09:40:09 : 11056 steps taken, and 2702 accepted.
[0 : mcmc] Progress @ 2025-04-25 09:40:34 : 11239 steps taken, and 2676 accepted.
[3 : mcmc] Progress @ 2025-04-25 09:40:34 : 10945 steps taken, and 2680 accepted.
[2 : mcmc] Progress @ 2025-04-25 09:40:39 : 11233 steps taken, and 2730 accepted.
[1 : mcmc] Progress @ 2025-04-25 09:42:15 : 11067 steps taken, and 2706 accepted.
[0 : mcmc] Progress @ 2025-04-25 09:42:36 : 11250 steps taken, and 2681 accepted.
[3 : mcmc] Progress @ 2025-04-25 09:42:43 : 10957 steps taken, and 2683 accepted.
[2 : mcmc] Progress @ 2025-04-25 09:42:51 : 11253 steps taken, and 2730 accepted.
[1 : mcmc] Progress @ 2025-04-25 09:44:20 : 11077 steps taken, and 2708 accepted.
[0 : mcmc] Progress @ 2025-04-25 09:44:49 : 11262 steps taken, and 2685 accepted.
[3 : mcmc] Progress @ 2025-04-25 09:44:52 : 10966 steps taken, and 2685 accepted.
[2 : mcmc] Progress @ 2025-04-25 09:44:53 : 11266 steps taken, and 2733 accepted.
[1 : mcmc] Progress @ 2025-04-25 09:46:23 : 11087 steps taken, and 2712 accepted.
[3 : mcmc] Progress @ 2025-04-25 09:46:56 : 10977 steps taken, and 2691 accepted.
[0 : mcmc] Progress @ 2025-04-25 09:46:59 : 11274 steps taken, and 2688 accepted.
[2 : mcmc] Progress @ 2025-04-25 09:47:05 : 11289 steps taken, and 2735 accepted.
[1 : mcmc] Progress @ 2025-04-25 09:48:28 : 11096 steps taken, and 2715 accepted.
[0 : mcmc] Progress @ 2025-04-25 09:49:00 : 11294 steps taken, and 2692 accepted.
[3 : mcmc] Progress @ 2025-04-25 09:49:03 : 10988 steps taken, and 2693 accepted.
[2 : mcmc] Progress @ 2025-04-25 09:49:20 : 11302 steps taken, and 2740 accepted.
[1 : mcmc] Progress @ 2025-04-25 09:50:30 : 11106 steps taken, and 2718 accepted.
[3 : mcmc] Progress @ 2025-04-25 09:51:07 : 10999 steps taken, and 2696 accepted.
[0 : mcmc] Progress @ 2025-04-25 09:51:13 : 11304 steps taken, and 2697 accepted.
[1 : mcmc] Learn + convergence test @ 2720 samples accepted.
[1 : mcmc] Ready to check convergence and learn a new proposal covmat (waiting for the rest...)
[2 : mcmc] Progress @ 2025-04-25 09:51:32 : 11314 steps taken, and 2744 accepted.
[1 : mcmc] Progress @ 2025-04-25 09:52:40 : 11122 steps taken, and 2722 accepted.
[3 : mcmc] Progress @ 2025-04-25 09:53:16 : 11009 steps taken, and 2698 accepted.
[0 : mcmc] Progress @ 2025-04-25 09:53:17 : 11313 steps taken, and 2698 accepted.
[2 : mcmc] Progress @ 2025-04-25 09:53:37 : 11329 steps taken, and 2749 accepted.
[1 : mcmc] Progress @ 2025-04-25 09:54:46 : 11134 steps taken, and 2725 accepted.
[3 : mcmc] Progress @ 2025-04-25 09:55:19 : 11020 steps taken, and 2701 accepted.
[0 : mcmc] Progress @ 2025-04-25 09:55:21 : 11324 steps taken, and 2702 accepted.
[2 : mcmc] Progress @ 2025-04-25 09:55:42 : 11341 steps taken, and 2753 accepted.
[1 : mcmc] Progress @ 2025-04-25 09:56:52 : 11145 steps taken, and 2727 accepted.
[3 : mcmc] Progress @ 2025-04-25 09:57:32 : 11030 steps taken, and 2704 accepted.
[0 : mcmc] Progress @ 2025-04-25 09:57:34 : 11334 steps taken, and 2705 accepted.
[2 : mcmc] Progress @ 2025-04-25 09:57:46 : 11352 steps taken, and 2755 accepted.
[1 : mcmc] Progress @ 2025-04-25 09:58:58 : 11160 steps taken, and 2731 accepted.
[3 : mcmc] Progress @ 2025-04-25 09:59:37 : 11043 steps taken, and 2710 accepted.
[0 : mcmc] Progress @ 2025-04-25 09:59:38 : 11345 steps taken, and 2710 accepted.
[2 : mcmc] Progress @ 2025-04-25 09:59:53 : 11365 steps taken, and 2758 accepted.
[1 : mcmc] Progress @ 2025-04-25 10:01:04 : 11170 steps taken, and 2733 accepted.
[3 : mcmc] Progress @ 2025-04-25 10:01:41 : 11053 steps taken, and 2714 accepted.
[0 : mcmc] Progress @ 2025-04-25 10:01:51 : 11355 steps taken, and 2713 accepted.
[2 : mcmc] Progress @ 2025-04-25 10:01:58 : 11379 steps taken, and 2762 accepted.
[1 : mcmc] Progress @ 2025-04-25 10:03:07 : 11184 steps taken, and 2738 accepted.
[0 : mcmc] Progress @ 2025-04-25 10:03:56 : 11366 steps taken, and 2715 accepted.
[3 : mcmc] Progress @ 2025-04-25 10:03:56 : 11070 steps taken, and 2719 accepted.
[3 : mcmc] Learn + convergence test @ 2720 samples accepted.
[3 : mcmc] Ready to check convergence and learn a new proposal covmat (waiting for the rest...)
[2 : mcmc] Progress @ 2025-04-25 10:04:13 : 11389 steps taken, and 2766 accepted.
[1 : mcmc] Progress @ 2025-04-25 10:05:22 : 11195 steps taken, and 2741 accepted.
[3 : mcmc] Progress @ 2025-04-25 10:05:56 : 11085 steps taken, and 2721 accepted.
[0 : mcmc] Progress @ 2025-04-25 10:06:02 : 11375 steps taken, and 2717 accepted.
[2 : mcmc] Progress @ 2025-04-25 10:06:15 : 11398 steps taken, and 2770 accepted.
[0 : mcmc] Learn + convergence test @ 2720 samples accepted.
[0 : mcmc] Ready to check convergence and learn a new proposal covmat (waiting for the rest...)
[1 : mcmc] Progress @ 2025-04-25 10:07:34 : 11205 steps taken, and 2744 accepted.
[3 : mcmc] Progress @ 2025-04-25 10:08:01 : 11097 steps taken, and 2722 accepted.
[0 : mcmc] Progress @ 2025-04-25 10:08:08 : 11384 steps taken, and 2721 accepted.
[2 : mcmc] Progress @ 2025-04-25 10:08:19 : 11411 steps taken, and 2773 accepted.
[1 : mcmc] Progress @ 2025-04-25 10:09:43 : 11214 steps taken, and 2748 accepted.
[0 : mcmc] Progress @ 2025-04-25 10:10:14 : 11394 steps taken, and 2724 accepted.
[3 : mcmc] Progress @ 2025-04-25 10:10:16 : 11116 steps taken, and 2725 accepted.
[2 : mcmc] Progress @ 2025-04-25 10:10:23 : 11428 steps taken, and 2776 accepted.
[1 : mcmc] Progress @ 2025-04-25 10:11:55 : 11226 steps taken, and 2754 accepted.
[0 : mcmc] Progress @ 2025-04-25 10:12:18 : 11405 steps taken, and 2727 accepted.
[3 : mcmc] Progress @ 2025-04-25 10:12:19 : 11125 steps taken, and 2729 accepted.
[2 : mcmc] Progress @ 2025-04-25 10:12:38 : 11441 steps taken, and 2782 accepted.
[1 : mcmc] Progress @ 2025-04-25 10:14:12 : 11238 steps taken, and 2754 accepted.
[0 : mcmc] Progress @ 2025-04-25 10:14:22 : 11417 steps taken, and 2730 accepted.
[3 : mcmc] Progress @ 2025-04-25 10:14:23 : 11136 steps taken, and 2731 accepted.
[2 : mcmc] Progress @ 2025-04-25 10:14:47 : 11451 steps taken, and 2783 accepted.
[1 : mcmc] Progress @ 2025-04-25 10:16:13 : 11247 steps taken, and 2759 accepted.
[3 : mcmc] Progress @ 2025-04-25 10:16:25 : 11146 steps taken, and 2734 accepted.
[0 : mcmc] Progress @ 2025-04-25 10:16:31 : 11426 steps taken, and 2733 accepted.
[2 : mcmc] Progress @ 2025-04-25 10:16:49 : 11460 steps taken, and 2785 accepted.
[1 : mcmc] Progress @ 2025-04-25 10:18:19 : 11258 steps taken, and 2762 accepted.
[3 : mcmc] Progress @ 2025-04-25 10:18:29 : 11156 steps taken, and 2736 accepted.
[0 : mcmc] Progress @ 2025-04-25 10:18:38 : 11435 steps taken, and 2735 accepted.
[2 : mcmc] Progress @ 2025-04-25 10:18:53 : 11471 steps taken, and 2789 accepted.
[1 : mcmc] Progress @ 2025-04-25 10:20:23 : 11269 steps taken, and 2765 accepted.
[3 : mcmc] Progress @ 2025-04-25 10:20:39 : 11168 steps taken, and 2740 accepted.
[0 : mcmc] Progress @ 2025-04-25 10:20:43 : 11449 steps taken, and 2738 accepted.
[2 : mcmc] Progress @ 2025-04-25 10:20:58 : 11485 steps taken, and 2792 accepted.
[1 : mcmc] Progress @ 2025-04-25 10:22:29 : 11280 steps taken, and 2770 accepted.
[3 : mcmc] Progress @ 2025-04-25 10:22:43 : 11179 steps taken, and 2741 accepted.
[0 : mcmc] Progress @ 2025-04-25 10:22:50 : 11459 steps taken, and 2743 accepted.
[2 : mcmc] Progress @ 2025-04-25 10:23:09 : 11494 steps taken, and 2793 accepted.
[1 : mcmc] Progress @ 2025-04-25 10:24:33 : 11290 steps taken, and 2772 accepted.
[3 : mcmc] Progress @ 2025-04-25 10:24:46 : 11191 steps taken, and 2742 accepted.
[0 : mcmc] Progress @ 2025-04-25 10:25:02 : 11468 steps taken, and 2747 accepted.
[2 : mcmc] Progress @ 2025-04-25 10:25:11 : 11505 steps taken, and 2794 accepted.
[1 : mcmc] Progress @ 2025-04-25 10:26:41 : 11306 steps taken, and 2774 accepted.
[3 : mcmc] Progress @ 2025-04-25 10:26:52 : 11201 steps taken, and 2747 accepted.
[0 : mcmc] Progress @ 2025-04-25 10:27:05 : 11480 steps taken, and 2752 accepted.
[2 : mcmc] Progress @ 2025-04-25 10:27:17 : 11516 steps taken, and 2799 accepted.
[2 : mcmc] Learn + convergence test @ 2800 samples accepted.
[2 : mcmc] Ready to check convergence and learn a new proposal covmat (waiting for the rest...)
[0 : mcmc] All chains are ready to check convergence and learn a new proposal covmat
[3 : mcmc] Progress @ 2025-04-25 10:28:59 : 11212 steps taken, and 2748 accepted.
[0 : mcmc]  - Acceptance rate: 0.266 = avg([0.2695, 0.2635, 0.2635, 0.2666])
[0 : mcmc]  - Convergence of means: R-1 = 0.053972 after 11082 accepted steps = sum([2754, 2779, 2800, 2749])
[0 : mcmc]  - Updated covariance matrix of proposal pdf.
[0 : mcmc] Progress @ 2025-04-25 10:29:37 : 11487 steps taken, and 2754 accepted.
[2 : mcmc] Progress @ 2025-04-25 10:29:52 : 11518 steps taken, and 2800 accepted.
[1 : mcmc] Progress @ 2025-04-25 10:29:52 : 11320 steps taken, and 2779 accepted.
[3 : mcmc] Progress @ 2025-04-25 10:31:03 : 11227 steps taken, and 2752 accepted.
[0 : mcmc] Progress @ 2025-04-25 10:31:52 : 11499 steps taken, and 2759 accepted.
[1 : mcmc] Progress @ 2025-04-25 10:31:57 : 11330 steps taken, and 2781 accepted.
[2 : mcmc] Progress @ 2025-04-25 10:31:58 : 11530 steps taken, and 2805 accepted.
[3 : mcmc] Progress @ 2025-04-25 10:33:08 : 11236 steps taken, and 2756 accepted.
[0 : mcmc] Progress @ 2025-04-25 10:34:02 : 11527 steps taken, and 2764 accepted.
[2 : mcmc] Progress @ 2025-04-25 10:34:03 : 11539 steps taken, and 2807 accepted.
[1 : mcmc] Progress @ 2025-04-25 10:34:11 : 11341 steps taken, and 2783 accepted.
[3 : mcmc] Progress @ 2025-04-25 10:35:18 : 11246 steps taken, and 2760 accepted.
[0 : mcmc] Progress @ 2025-04-25 10:36:14 : 11540 steps taken, and 2768 accepted.
[2 : mcmc] Progress @ 2025-04-25 10:36:15 : 11551 steps taken, and 2809 accepted.
[1 : mcmc] Progress @ 2025-04-25 10:36:23 : 11356 steps taken, and 2789 accepted.
[3 : mcmc] Progress @ 2025-04-25 10:37:19 : 11254 steps taken, and 2765 accepted.
[2 : mcmc] Progress @ 2025-04-25 10:38:23 : 11560 steps taken, and 2810 accepted.
[0 : mcmc] Progress @ 2025-04-25 10:38:26 : 11554 steps taken, and 2770 accepted.
[1 : mcmc] Progress @ 2025-04-25 10:38:30 : 11368 steps taken, and 2789 accepted.
[3 : mcmc] Progress @ 2025-04-25 10:39:22 : 11266 steps taken, and 2769 accepted.
[2 : mcmc] Progress @ 2025-04-25 10:40:26 : 11569 steps taken, and 2813 accepted.
[0 : mcmc] Progress @ 2025-04-25 10:40:31 : 11566 steps taken, and 2773 accepted.
[1 : mcmc] Progress @ 2025-04-25 10:40:35 : 11382 steps taken, and 2792 accepted.
[3 : mcmc] Progress @ 2025-04-25 10:41:32 : 11279 steps taken, and 2772 accepted.
[2 : mcmc] Progress @ 2025-04-25 10:42:32 : 11578 steps taken, and 2814 accepted.
[0 : mcmc] Progress @ 2025-04-25 10:42:37 : 11575 steps taken, and 2777 accepted.
[1 : mcmc] Progress @ 2025-04-25 10:42:42 : 11394 steps taken, and 2794 accepted.
[3 : mcmc] Progress @ 2025-04-25 10:43:35 : 11296 steps taken, and 2773 accepted.
[0 : mcmc] Progress @ 2025-04-25 10:44:41 : 11591 steps taken, and 2781 accepted.
[2 : mcmc] Progress @ 2025-04-25 10:44:42 : 11588 steps taken, and 2818 accepted.
[1 : mcmc] Progress @ 2025-04-25 10:44:48 : 11407 steps taken, and 2797 accepted.
[3 : mcmc] Progress @ 2025-04-25 10:45:37 : 11308 steps taken, and 2776 accepted.
[1 : mcmc] Learn + convergence test @ 2800 samples accepted.
[1 : mcmc] Ready to check convergence and learn a new proposal covmat (waiting for the rest...)
[0 : mcmc] Progress @ 2025-04-25 10:46:43 : 11607 steps taken, and 2785 accepted.
[1 : mcmc] Progress @ 2025-04-25 10:46:50 : 11416 steps taken, and 2801 accepted.
[2 : mcmc] Progress @ 2025-04-25 10:46:57 : 11599 steps taken, and 2822 accepted.
[3 : mcmc] Progress @ 2025-04-25 10:47:40 : 11320 steps taken, and 2779 accepted.
[0 : mcmc] Progress @ 2025-04-25 10:48:48 : 11619 steps taken, and 2788 accepted.
[1 : mcmc] Progress @ 2025-04-25 10:48:57 : 11425 steps taken, and 2804 accepted.
[2 : mcmc] Progress @ 2025-04-25 10:49:10 : 11611 steps taken, and 2826 accepted.
[3 : mcmc] Progress @ 2025-04-25 10:49:47 : 11334 steps taken, and 2782 accepted.
[0 : mcmc] Progress @ 2025-04-25 10:51:00 : 11630 steps taken, and 2792 accepted.
[1 : mcmc] Progress @ 2025-04-25 10:51:09 : 11438 steps taken, and 2807 accepted.
[2 : mcmc] Progress @ 2025-04-25 10:51:15 : 11620 steps taken, and 2830 accepted.
[3 : mcmc] Progress @ 2025-04-25 10:51:50 : 11344 steps taken, and 2785 accepted.
[0 : mcmc] Progress @ 2025-04-25 10:53:09 : 11645 steps taken, and 2795 accepted.
[2 : mcmc] Progress @ 2025-04-25 10:53:21 : 11629 steps taken, and 2836 accepted.
[1 : mcmc] Progress @ 2025-04-25 10:53:21 : 11449 steps taken, and 2809 accepted.
[3 : mcmc] Progress @ 2025-04-25 10:53:56 : 11354 steps taken, and 2787 accepted.
[0 : mcmc] Progress @ 2025-04-25 10:55:24 : 11660 steps taken, and 2798 accepted.
[2 : mcmc] Progress @ 2025-04-25 10:55:32 : 11640 steps taken, and 2839 accepted.
[1 : mcmc] Progress @ 2025-04-25 10:55:33 : 11461 steps taken, and 2811 accepted.
[3 : mcmc] Progress @ 2025-04-25 10:56:01 : 11366 steps taken, and 2790 accepted.
[0 : mcmc] Progress @ 2025-04-25 10:57:29 : 11673 steps taken, and 2800 accepted.
[0 : mcmc] Learn + convergence test @ 2800 samples accepted.
[0 : mcmc] Ready to check convergence and learn a new proposal covmat (waiting for the rest...)
[1 : mcmc] Progress @ 2025-04-25 10:57:37 : 11475 steps taken, and 2816 accepted.
[2 : mcmc] Progress @ 2025-04-25 10:57:48 : 11651 steps taken, and 2842 accepted.
[3 : mcmc] Progress @ 2025-04-25 10:58:08 : 11375 steps taken, and 2792 accepted.
[0 : mcmc] Progress @ 2025-04-25 10:59:34 : 11686 steps taken, and 2803 accepted.
[1 : mcmc] Progress @ 2025-04-25 10:59:43 : 11489 steps taken, and 2820 accepted.
[2 : mcmc] Progress @ 2025-04-25 10:59:58 : 11662 steps taken, and 2845 accepted.
[3 : mcmc] Progress @ 2025-04-25 11:00:10 : 11388 steps taken, and 2796 accepted.
[0 : mcmc] Progress @ 2025-04-25 11:01:44 : 11697 steps taken, and 2808 accepted.
[1 : mcmc] Progress @ 2025-04-25 11:01:59 : 11502 steps taken, and 2822 accepted.
[2 : mcmc] Progress @ 2025-04-25 11:02:02 : 11673 steps taken, and 2851 accepted.
[3 : mcmc] Progress @ 2025-04-25 11:02:15 : 11403 steps taken, and 2798 accepted.
[3 : mcmc] Learn + convergence test @ 2800 samples accepted.
[3 : mcmc] Ready to check convergence and learn a new proposal covmat (waiting for the rest...)
[0 : mcmc] Progress @ 2025-04-25 11:03:52 : 11707 steps taken, and 2811 accepted.
[2 : mcmc] Progress @ 2025-04-25 11:04:05 : 11684 steps taken, and 2852 accepted.
[1 : mcmc] Progress @ 2025-04-25 11:04:09 : 11516 steps taken, and 2825 accepted.
[3 : mcmc] Progress @ 2025-04-25 11:04:18 : 11415 steps taken, and 2801 accepted.
[0 : mcmc] Progress @ 2025-04-25 11:05:56 : 11718 steps taken, and 2816 accepted.
[2 : mcmc] Progress @ 2025-04-25 11:06:14 : 11692 steps taken, and 2854 accepted.
[3 : mcmc] Progress @ 2025-04-25 11:06:19 : 11423 steps taken, and 2805 accepted.
[1 : mcmc] Progress @ 2025-04-25 11:06:23 : 11529 steps taken, and 2830 accepted.
[0 : mcmc] Progress @ 2025-04-25 11:08:02 : 11729 steps taken, and 2819 accepted.
[2 : mcmc] Progress @ 2025-04-25 11:08:21 : 11702 steps taken, and 2856 accepted.
[3 : mcmc] Progress @ 2025-04-25 11:08:31 : 11438 steps taken, and 2810 accepted.
[1 : mcmc] Progress @ 2025-04-25 11:08:34 : 11540 steps taken, and 2833 accepted.
[0 : mcmc] Progress @ 2025-04-25 11:10:09 : 11738 steps taken, and 2822 accepted.
[2 : mcmc] Progress @ 2025-04-25 11:10:24 : 11712 steps taken, and 2860 accepted.
[1 : mcmc] Progress @ 2025-04-25 11:10:37 : 11561 steps taken, and 2834 accepted.
[3 : mcmc] Progress @ 2025-04-25 11:10:38 : 11446 steps taken, and 2811 accepted.
[0 : mcmc] Progress @ 2025-04-25 11:12:11 : 11749 steps taken, and 2824 accepted.
[2 : mcmc] Progress @ 2025-04-25 11:12:27 : 11723 steps taken, and 2865 accepted.
[1 : mcmc] Progress @ 2025-04-25 11:12:37 : 11576 steps taken, and 2837 accepted.
[3 : mcmc] Progress @ 2025-04-25 11:12:46 : 11456 steps taken, and 2814 accepted.
[0 : mcmc] Progress @ 2025-04-25 11:14:15 : 11763 steps taken, and 2829 accepted.
[2 : mcmc] Progress @ 2025-04-25 11:14:32 : 11734 steps taken, and 2868 accepted.
[3 : mcmc] Progress @ 2025-04-25 11:14:52 : 11468 steps taken, and 2815 accepted.
[1 : mcmc] Progress @ 2025-04-25 11:14:52 : 11594 steps taken, and 2840 accepted.
[0 : mcmc] Progress @ 2025-04-25 11:16:16 : 11777 steps taken, and 2829 accepted.
[2 : mcmc] Progress @ 2025-04-25 11:16:33 : 11745 steps taken, and 2870 accepted.
[1 : mcmc] Progress @ 2025-04-25 11:17:00 : 11605 steps taken, and 2842 accepted.
[3 : mcmc] Progress @ 2025-04-25 11:17:01 : 11476 steps taken, and 2816 accepted.
[0 : mcmc] Progress @ 2025-04-25 11:18:22 : 11788 steps taken, and 2833 accepted.
[2 : mcmc] Progress @ 2025-04-25 11:18:40 : 11759 steps taken, and 2872 accepted.
[3 : mcmc] Progress @ 2025-04-25 11:19:04 : 11487 steps taken, and 2818 accepted.
[1 : mcmc] Progress @ 2025-04-25 11:19:07 : 11616 steps taken, and 2846 accepted.
[0 : mcmc] Progress @ 2025-04-25 11:20:37 : 11805 steps taken, and 2839 accepted.
[2 : mcmc] Progress @ 2025-04-25 11:20:46 : 11771 steps taken, and 2874 accepted.
[3 : mcmc] Progress @ 2025-04-25 11:21:07 : 11497 steps taken, and 2822 accepted.
[1 : mcmc] Progress @ 2025-04-25 11:21:11 : 11626 steps taken, and 2851 accepted.
[0 : mcmc] Progress @ 2025-04-25 11:22:43 : 11814 steps taken, and 2840 accepted.
[2 : mcmc] Progress @ 2025-04-25 11:22:51 : 11783 steps taken, and 2878 accepted.
[3 : mcmc] Progress @ 2025-04-25 11:23:12 : 11506 steps taken, and 2823 accepted.
[1 : mcmc] Progress @ 2025-04-25 11:23:17 : 11636 steps taken, and 2853 accepted.
[2 : mcmc] Learn + convergence test @ 2880 samples accepted.
[2 : mcmc] Ready to check convergence and learn a new proposal covmat (waiting for the rest...)
[0 : mcmc] Progress @ 2025-04-25 11:24:46 : 11823 steps taken, and 2842 accepted.
[0 : mcmc] All chains are ready to check convergence and learn a new proposal covmat
[1 : mcmc] Progress @ 2025-04-25 11:25:20 : 11646 steps taken, and 2857 accepted.
[3 : mcmc] Progress @ 2025-04-25 11:25:23 : 11516 steps taken, and 2828 accepted.
[0 : mcmc]  - Acceptance rate: 0.266 = avg([0.2688, 0.2626, 0.2654, 0.2655])
[0 : mcmc]  - Convergence of means: R-1 = 0.056487 after 11408 accepted steps = sum([2843, 2857, 2880, 2828])
[0 : mcmc]  - Updated covariance matrix of proposal pdf.
[2 : mcmc] Progress @ 2025-04-25 11:25:39 : 11794 steps taken, and 2880 accepted.
[0 : mcmc] Progress @ 2025-04-25 11:26:50 : 11833 steps taken, and 2845 accepted.
[1 : mcmc] Progress @ 2025-04-25 11:27:28 : 11655 steps taken, and 2858 accepted.
[3 : mcmc] Progress @ 2025-04-25 11:27:36 : 11527 steps taken, and 2831 accepted.
[2 : mcmc] Progress @ 2025-04-25 11:27:41 : 11807 steps taken, and 2883 accepted.
[0 : mcmc] Progress @ 2025-04-25 11:28:57 : 11844 steps taken, and 2849 accepted.
[1 : mcmc] Progress @ 2025-04-25 11:29:31 : 11667 steps taken, and 2862 accepted.
[3 : mcmc] Progress @ 2025-04-25 11:29:41 : 11538 steps taken, and 2837 accepted.
[2 : mcmc] Progress @ 2025-04-25 11:29:48 : 11820 steps taken, and 2886 accepted.
[0 : mcmc] Progress @ 2025-04-25 11:31:00 : 11853 steps taken, and 2851 accepted.
[1 : mcmc] Progress @ 2025-04-25 11:31:33 : 11677 steps taken, and 2865 accepted.
[2 : mcmc] Progress @ 2025-04-25 11:31:52 : 11829 steps taken, and 2890 accepted.
[3 : mcmc] Progress @ 2025-04-25 11:31:54 : 11549 steps taken, and 2843 accepted.
[0 : mcmc] Progress @ 2025-04-25 11:33:13 : 11864 steps taken, and 2854 accepted.
[1 : mcmc] Progress @ 2025-04-25 11:33:38 : 11688 steps taken, and 2868 accepted.
[3 : mcmc] Progress @ 2025-04-25 11:34:04 : 11569 steps taken, and 2847 accepted.
[2 : mcmc] Progress @ 2025-04-25 11:34:06 : 11839 steps taken, and 2894 accepted.
[0 : mcmc] Progress @ 2025-04-25 11:35:17 : 11876 steps taken, and 2855 accepted.
[1 : mcmc] Progress @ 2025-04-25 11:35:46 : 11698 steps taken, and 2870 accepted.
[3 : mcmc] Progress @ 2025-04-25 11:36:07 : 11580 steps taken, and 2849 accepted.
[2 : mcmc] Progress @ 2025-04-25 11:36:16 : 11856 steps taken, and 2896 accepted.
[0 : mcmc] Progress @ 2025-04-25 11:37:29 : 11885 steps taken, and 2859 accepted.
[1 : mcmc] Progress @ 2025-04-25 11:37:51 : 11707 steps taken, and 2874 accepted.
[3 : mcmc] Progress @ 2025-04-25 11:38:14 : 11588 steps taken, and 2854 accepted.
[2 : mcmc] Progress @ 2025-04-25 11:38:23 : 11869 steps taken, and 2900 accepted.
[0 : mcmc] Progress @ 2025-04-25 11:39:33 : 11895 steps taken, and 2863 accepted.
[1 : mcmc] Progress @ 2025-04-25 11:40:04 : 11719 steps taken, and 2879 accepted.
[1 : mcmc] Learn + convergence test @ 2880 samples accepted.
[1 : mcmc] Ready to check convergence and learn a new proposal covmat (waiting for the rest...)
[3 : mcmc] Progress @ 2025-04-25 11:40:18 : 11600 steps taken, and 2856 accepted.
[2 : mcmc] Progress @ 2025-04-25 11:40:29 : 11880 steps taken, and 2902 accepted.
[0 : mcmc] Progress @ 2025-04-25 11:41:46 : 11908 steps taken, and 2866 accepted.
[1 : mcmc] Progress @ 2025-04-25 11:42:17 : 11729 steps taken, and 2885 accepted.
[3 : mcmc] Progress @ 2025-04-25 11:42:24 : 11610 steps taken, and 2858 accepted.
[2 : mcmc] Progress @ 2025-04-25 11:42:42 : 11893 steps taken, and 2904 accepted.
[0 : mcmc] Progress @ 2025-04-25 11:43:51 : 11920 steps taken, and 2867 accepted.
[1 : mcmc] Progress @ 2025-04-25 11:44:22 : 11741 steps taken, and 2891 accepted.
[3 : mcmc] Progress @ 2025-04-25 11:44:29 : 11623 steps taken, and 2859 accepted.
[2 : mcmc] Progress @ 2025-04-25 11:44:52 : 11907 steps taken, and 2908 accepted.
[0 : mcmc] Progress @ 2025-04-25 11:45:59 : 11931 steps taken, and 2873 accepted.
[1 : mcmc] Progress @ 2025-04-25 11:46:34 : 11755 steps taken, and 2893 accepted.
[3 : mcmc] Progress @ 2025-04-25 11:46:41 : 11635 steps taken, and 2862 accepted.
[2 : mcmc] Progress @ 2025-04-25 11:47:04 : 11918 steps taken, and 2910 accepted.
[0 : mcmc] Progress @ 2025-04-25 11:48:11 : 11943 steps taken, and 2875 accepted.
[1 : mcmc] Progress @ 2025-04-25 11:48:34 : 11771 steps taken, and 2897 accepted.
[3 : mcmc] Progress @ 2025-04-25 11:48:53 : 11648 steps taken, and 2865 accepted.
[2 : mcmc] Progress @ 2025-04-25 11:49:09 : 11930 steps taken, and 2912 accepted.
[0 : mcmc] Progress @ 2025-04-25 11:50:13 : 11956 steps taken, and 2878 accepted.
[1 : mcmc] Progress @ 2025-04-25 11:50:39 : 11792 steps taken, and 2899 accepted.
[3 : mcmc] Progress @ 2025-04-25 11:50:58 : 11660 steps taken, and 2868 accepted.
[2 : mcmc] Progress @ 2025-04-25 11:51:18 : 11943 steps taken, and 2917 accepted.
[0 : mcmc] Learn + convergence test @ 2880 samples accepted.
[0 : mcmc] Ready to check convergence and learn a new proposal covmat (waiting for the rest...)
[0 : mcmc] Progress @ 2025-04-25 11:52:18 : 11970 steps taken, and 2880 accepted.
[1 : mcmc] Progress @ 2025-04-25 11:52:50 : 11805 steps taken, and 2905 accepted.
[3 : mcmc] Progress @ 2025-04-25 11:53:03 : 11672 steps taken, and 2870 accepted.
[2 : mcmc] Progress @ 2025-04-25 11:53:24 : 11952 steps taken, and 2921 accepted.
[0 : mcmc] Progress @ 2025-04-25 11:54:21 : 11986 steps taken, and 2883 accepted.
[3 : mcmc] Progress @ 2025-04-25 11:55:05 : 11684 steps taken, and 2871 accepted.
[1 : mcmc] Progress @ 2025-04-25 11:55:05 : 11817 steps taken, and 2907 accepted.
[2 : mcmc] Progress @ 2025-04-25 11:55:29 : 11970 steps taken, and 2923 accepted.
[0 : mcmc] Progress @ 2025-04-25 11:56:33 : 12003 steps taken, and 2885 accepted.
[3 : mcmc] Progress @ 2025-04-25 11:57:10 : 11694 steps taken, and 2875 accepted.
[1 : mcmc] Progress @ 2025-04-25 11:57:13 : 11828 steps taken, and 2911 accepted.
[2 : mcmc] Progress @ 2025-04-25 11:57:33 : 11983 steps taken, and 2926 accepted.
[0 : mcmc] Progress @ 2025-04-25 11:58:37 : 12014 steps taken, and 2887 accepted.
[3 : mcmc] Learn + convergence test @ 2880 samples accepted.
[3 : mcmc] Ready to check convergence and learn a new proposal covmat (waiting for the rest...)
[3 : mcmc] Progress @ 2025-04-25 11:59:16 : 11704 steps taken, and 2880 accepted.
[1 : mcmc] Progress @ 2025-04-25 11:59:18 : 11838 steps taken, and 2912 accepted.
[2 : mcmc] Progress @ 2025-04-25 11:59:38 : 11994 steps taken, and 2929 accepted.
[0 : mcmc] Progress @ 2025-04-25 12:00:42 : 12029 steps taken, and 2890 accepted.
[1 : mcmc] Progress @ 2025-04-25 12:01:23 : 11848 steps taken, and 2916 accepted.
[3 : mcmc] Progress @ 2025-04-25 12:01:31 : 11714 steps taken, and 2883 accepted.
[2 : mcmc] Progress @ 2025-04-25 12:01:40 : 12008 steps taken, and 2931 accepted.
[0 : mcmc] Progress @ 2025-04-25 12:02:45 : 12039 steps taken, and 2895 accepted.
[1 : mcmc] Progress @ 2025-04-25 12:03:35 : 11867 steps taken, and 2920 accepted.
[3 : mcmc] Progress @ 2025-04-25 12:03:44 : 11723 steps taken, and 2889 accepted.
[2 : mcmc] Progress @ 2025-04-25 12:03:52 : 12029 steps taken, and 2936 accepted.
[0 : mcmc] Progress @ 2025-04-25 12:04:56 : 12050 steps taken, and 2896 accepted.
[1 : mcmc] Progress @ 2025-04-25 12:05:50 : 11879 steps taken, and 2924 accepted.
[2 : mcmc] Progress @ 2025-04-25 12:05:52 : 12038 steps taken, and 2938 accepted.
[3 : mcmc] Progress @ 2025-04-25 12:05:58 : 11734 steps taken, and 2892 accepted.
[0 : mcmc] Progress @ 2025-04-25 12:07:06 : 12065 steps taken, and 2899 accepted.
[1 : mcmc] Progress @ 2025-04-25 12:07:53 : 11893 steps taken, and 2925 accepted.
[2 : mcmc] Progress @ 2025-04-25 12:07:57 : 12048 steps taken, and 2939 accepted.
[3 : mcmc] Progress @ 2025-04-25 12:08:12 : 11744 steps taken, and 2894 accepted.
[0 : mcmc] Progress @ 2025-04-25 12:09:11 : 12080 steps taken, and 2902 accepted.
[2 : mcmc] Progress @ 2025-04-25 12:10:02 : 12057 steps taken, and 2942 accepted.
[1 : mcmc] Progress @ 2025-04-25 12:10:10 : 11903 steps taken, and 2928 accepted.
[3 : mcmc] Progress @ 2025-04-25 12:10:20 : 11755 steps taken, and 2897 accepted.
[0 : mcmc] Progress @ 2025-04-25 12:11:15 : 12089 steps taken, and 2905 accepted.
[2 : mcmc] Progress @ 2025-04-25 12:12:03 : 12067 steps taken, and 2946 accepted.
[1 : mcmc] Progress @ 2025-04-25 12:12:11 : 11914 steps taken, and 2931 accepted.
[3 : mcmc] Progress @ 2025-04-25 12:12:28 : 11765 steps taken, and 2902 accepted.
[0 : mcmc] Progress @ 2025-04-25 12:13:21 : 12100 steps taken, and 2909 accepted.
[2 : mcmc] Progress @ 2025-04-25 12:14:12 : 12075 steps taken, and 2948 accepted.
[1 : mcmc] Progress @ 2025-04-25 12:14:18 : 11924 steps taken, and 2933 accepted.
[3 : mcmc] Progress @ 2025-04-25 12:14:30 : 11775 steps taken, and 2905 accepted.
[0 : mcmc] Progress @ 2025-04-25 12:15:21 : 12109 steps taken, and 2911 accepted.
[1 : mcmc] Progress @ 2025-04-25 12:16:27 : 11935 steps taken, and 2936 accepted.
[2 : mcmc] Progress @ 2025-04-25 12:16:30 : 12085 steps taken, and 2953 accepted.
[3 : mcmc] Progress @ 2025-04-25 12:16:46 : 11786 steps taken, and 2909 accepted.
[0 : mcmc] Progress @ 2025-04-25 12:17:29 : 12117 steps taken, and 2915 accepted.
[2 : mcmc] Progress @ 2025-04-25 12:18:34 : 12099 steps taken, and 2958 accepted.
[1 : mcmc] Progress @ 2025-04-25 12:18:41 : 11951 steps taken, and 2940 accepted.
[3 : mcmc] Progress @ 2025-04-25 12:18:49 : 11796 steps taken, and 2912 accepted.
[2 : mcmc] Learn + convergence test @ 2960 samples accepted.
[2 : mcmc] Ready to check convergence and learn a new proposal covmat (waiting for the rest...)
[0 : mcmc] Progress @ 2025-04-25 12:19:33 : 12129 steps taken, and 2919 accepted.
[0 : mcmc] All chains are ready to check convergence and learn a new proposal covmat
[3 : mcmc] Progress @ 2025-04-25 12:20:49 : 11807 steps taken, and 2913 accepted.
[0 : mcmc]  - Acceptance rate: 0.265 = avg([0.2665, 0.2627, 0.2648, 0.2675])
[0 : mcmc]  - Convergence of means: R-1 = 0.052187 after 11737 accepted steps = sum([2920, 2943, 2960, 2914])
[0 : mcmc]  - Updated covariance matrix of proposal pdf.
[1 : mcmc] Progress @ 2025-04-25 12:21:27 : 11960 steps taken, and 2943 accepted.
[0 : mcmc] Progress @ 2025-04-25 12:21:34 : 12137 steps taken, and 2920 accepted.
[2 : mcmc] Progress @ 2025-04-25 12:21:37 : 12107 steps taken, and 2960 accepted.
[3 : mcmc] Progress @ 2025-04-25 12:22:54 : 11820 steps taken, and 2916 accepted.
[1 : mcmc] Progress @ 2025-04-25 12:23:33 : 11971 steps taken, and 2946 accepted.
[0 : mcmc] Progress @ 2025-04-25 12:23:46 : 12148 steps taken, and 2924 accepted.
[2 : mcmc] Progress @ 2025-04-25 12:23:48 : 12119 steps taken, and 2963 accepted.
[3 : mcmc] Progress @ 2025-04-25 12:25:09 : 11833 steps taken, and 2921 accepted.
[1 : mcmc] Progress @ 2025-04-25 12:25:49 : 11981 steps taken, and 2948 accepted.
[0 : mcmc] Progress @ 2025-04-25 12:25:51 : 12158 steps taken, and 2928 accepted.
[2 : mcmc] Progress @ 2025-04-25 12:25:51 : 12129 steps taken, and 2966 accepted.
[3 : mcmc] Progress @ 2025-04-25 12:27:15 : 11855 steps taken, and 2927 accepted.
[1 : mcmc] Progress @ 2025-04-25 12:27:54 : 11995 steps taken, and 2954 accepted.
[2 : mcmc] Progress @ 2025-04-25 12:27:57 : 12138 steps taken, and 2966 accepted.
[0 : mcmc] Progress @ 2025-04-25 12:28:02 : 12168 steps taken, and 2933 accepted.
[3 : mcmc] Progress @ 2025-04-25 12:29:22 : 11871 steps taken, and 2932 accepted.
[1 : mcmc] Progress @ 2025-04-25 12:29:58 : 12004 steps taken, and 2957 accepted.
[0 : mcmc] Progress @ 2025-04-25 12:30:08 : 12178 steps taken, and 2935 accepted.
[2 : mcmc] Progress @ 2025-04-25 12:30:12 : 12147 steps taken, and 2969 accepted.
[3 : mcmc] Progress @ 2025-04-25 12:31:25 : 11884 steps taken, and 2933 accepted.
[1 : mcmc] Learn + convergence test @ 2960 samples accepted.
[1 : mcmc] Ready to check convergence and learn a new proposal covmat (waiting for the rest...)
[1 : mcmc] Progress @ 2025-04-25 12:32:09 : 12014 steps taken, and 2960 accepted.
[0 : mcmc] Progress @ 2025-04-25 12:32:14 : 12191 steps taken, and 2939 accepted.
[2 : mcmc] Progress @ 2025-04-25 12:32:25 : 12158 steps taken, and 2972 accepted.
[3 : mcmc] Progress @ 2025-04-25 12:33:39 : 11902 steps taken, and 2939 accepted.
[1 : mcmc] Progress @ 2025-04-25 12:34:15 : 12024 steps taken, and 2962 accepted.
[0 : mcmc] Progress @ 2025-04-25 12:34:20 : 12201 steps taken, and 2943 accepted.
[2 : mcmc] Progress @ 2025-04-25 12:34:38 : 12169 steps taken, and 2977 accepted.
[3 : mcmc] Progress @ 2025-04-25 12:35:41 : 11916 steps taken, and 2942 accepted.
[1 : mcmc] Progress @ 2025-04-25 12:36:20 : 12035 steps taken, and 2964 accepted.
[0 : mcmc] Progress @ 2025-04-25 12:36:32 : 12211 steps taken, and 2949 accepted.
[2 : mcmc] Progress @ 2025-04-25 12:36:50 : 12181 steps taken, and 2982 accepted.
[3 : mcmc] Progress @ 2025-04-25 12:37:58 : 11929 steps taken, and 2944 accepted.
[1 : mcmc] Progress @ 2025-04-25 12:38:27 : 12047 steps taken, and 2966 accepted.
[0 : mcmc] Progress @ 2025-04-25 12:38:37 : 12220 steps taken, and 2951 accepted.
[2 : mcmc] Progress @ 2025-04-25 12:38:53 : 12194 steps taken, and 2985 accepted.
[3 : mcmc] Progress @ 2025-04-25 12:40:00 : 11943 steps taken, and 2946 accepted.
[1 : mcmc] Progress @ 2025-04-25 12:40:32 : 12061 steps taken, and 2969 accepted.
[0 : mcmc] Progress @ 2025-04-25 12:40:41 : 12229 steps taken, and 2953 accepted.
[2 : mcmc] Progress @ 2025-04-25 12:40:59 : 12205 steps taken, and 2990 accepted.
[3 : mcmc] Progress @ 2025-04-25 12:42:05 : 11953 steps taken, and 2949 accepted.
[1 : mcmc] Progress @ 2025-04-25 12:42:36 : 12078 steps taken, and 2971 accepted.
[0 : mcmc] Progress @ 2025-04-25 12:42:50 : 12238 steps taken, and 2954 accepted.
[2 : mcmc] Progress @ 2025-04-25 12:43:10 : 12216 steps taken, and 2994 accepted.
[3 : mcmc] Progress @ 2025-04-25 12:44:10 : 11964 steps taken, and 2951 accepted.
[1 : mcmc] Progress @ 2025-04-25 12:44:39 : 12095 steps taken, and 2973 accepted.
[0 : mcmc] Progress @ 2025-04-25 12:44:57 : 12260 steps taken, and 2956 accepted.
[2 : mcmc] Progress @ 2025-04-25 12:45:16 : 12226 steps taken, and 2998 accepted.
[3 : mcmc] Progress @ 2025-04-25 12:46:23 : 11979 steps taken, and 2955 accepted.
[1 : mcmc] Progress @ 2025-04-25 12:46:46 : 12108 steps taken, and 2976 accepted.
[0 : mcmc] Progress @ 2025-04-25 12:47:08 : 12277 steps taken, and 2958 accepted.
[2 : mcmc] Progress @ 2025-04-25 12:47:19 : 12237 steps taken, and 3001 accepted.
[3 : mcmc] Progress @ 2025-04-25 12:48:26 : 11989 steps taken, and 2959 accepted.
[0 : mcmc] Learn + convergence test @ 2960 samples accepted.
[0 : mcmc] Ready to check convergence and learn a new proposal covmat (waiting for the rest...)
[1 : mcmc] Progress @ 2025-04-25 12:48:52 : 12121 steps taken, and 2980 accepted.
[0 : mcmc] Progress @ 2025-04-25 12:49:11 : 12298 steps taken, and 2960 accepted.
[2 : mcmc] Progress @ 2025-04-25 12:49:26 : 12247 steps taken, and 3005 accepted.
[3 : mcmc] Learn + convergence test @ 2960 samples accepted.
[3 : mcmc] Ready to check convergence and learn a new proposal covmat (waiting for the rest...)
[3 : mcmc] Progress @ 2025-04-25 12:50:39 : 12001 steps taken, and 2960 accepted.
[1 : mcmc] Progress @ 2025-04-25 12:50:57 : 12132 steps taken, and 2985 accepted.
[0 : mcmc] Progress @ 2025-04-25 12:51:23 : 12309 steps taken, and 2965 accepted.
[2 : mcmc] Progress @ 2025-04-25 12:51:39 : 12259 steps taken, and 3010 accepted.
[3 : mcmc] Progress @ 2025-04-25 12:52:43 : 12011 steps taken, and 2963 accepted.
[1 : mcmc] Progress @ 2025-04-25 12:53:00 : 12142 steps taken, and 2988 accepted.
[0 : mcmc] Progress @ 2025-04-25 12:53:29 : 12322 steps taken, and 2970 accepted.
[2 : mcmc] Progress @ 2025-04-25 12:53:52 : 12274 steps taken, and 3012 accepted.
[3 : mcmc] Progress @ 2025-04-25 12:54:47 : 12021 steps taken, and 2963 accepted.
[1 : mcmc] Progress @ 2025-04-25 12:55:13 : 12151 steps taken, and 2992 accepted.
[0 : mcmc] Progress @ 2025-04-25 12:55:36 : 12333 steps taken, and 2972 accepted.
[2 : mcmc] Progress @ 2025-04-25 12:56:05 : 12284 steps taken, and 3018 accepted.
[3 : mcmc] Progress @ 2025-04-25 12:56:53 : 12030 steps taken, and 2965 accepted.
[1 : mcmc] Progress @ 2025-04-25 12:57:26 : 12163 steps taken, and 2995 accepted.
[0 : mcmc] Progress @ 2025-04-25 12:57:40 : 12344 steps taken, and 2977 accepted.
[2 : mcmc] Progress @ 2025-04-25 12:58:15 : 12294 steps taken, and 3023 accepted.
[3 : mcmc] Progress @ 2025-04-25 12:59:00 : 12041 steps taken, and 2968 accepted.
[1 : mcmc] Progress @ 2025-04-25 12:59:27 : 12174 steps taken, and 2997 accepted.
[0 : mcmc] Progress @ 2025-04-25 12:59:43 : 12355 steps taken, and 2981 accepted.
[2 : mcmc] Progress @ 2025-04-25 13:00:26 : 12302 steps taken, and 3025 accepted.
[3 : mcmc] Progress @ 2025-04-25 13:01:12 : 12053 steps taken, and 2972 accepted.
[1 : mcmc] Progress @ 2025-04-25 13:01:40 : 12185 steps taken, and 3002 accepted.
[0 : mcmc] Progress @ 2025-04-25 13:01:58 : 12367 steps taken, and 2985 accepted.
[2 : mcmc] Progress @ 2025-04-25 13:02:31 : 12312 steps taken, and 3026 accepted.
[3 : mcmc] Progress @ 2025-04-25 13:03:26 : 12064 steps taken, and 2976 accepted.
[1 : mcmc] Progress @ 2025-04-25 13:03:44 : 12197 steps taken, and 3006 accepted.
[0 : mcmc] Progress @ 2025-04-25 13:04:09 : 12383 steps taken, and 2988 accepted.
[2 : mcmc] Progress @ 2025-04-25 13:04:42 : 12326 steps taken, and 3032 accepted.
[3 : mcmc] Progress @ 2025-04-25 13:05:29 : 12075 steps taken, and 2983 accepted.
[1 : mcmc] Progress @ 2025-04-25 13:05:50 : 12208 steps taken, and 3010 accepted.
[0 : mcmc] Progress @ 2025-04-25 13:06:16 : 12394 steps taken, and 2991 accepted.
[2 : mcmc] Progress @ 2025-04-25 13:06:51 : 12337 steps taken, and 3034 accepted.
[3 : mcmc] Progress @ 2025-04-25 13:07:38 : 12083 steps taken, and 2985 accepted.
[1 : mcmc] Progress @ 2025-04-25 13:07:56 : 12215 steps taken, and 3011 accepted.
[0 : mcmc] Progress @ 2025-04-25 13:08:16 : 12402 steps taken, and 2992 accepted.
[2 : mcmc] Progress @ 2025-04-25 13:09:02 : 12352 steps taken, and 3036 accepted.
[3 : mcmc] Progress @ 2025-04-25 13:09:40 : 12089 steps taken, and 2990 accepted.
[1 : mcmc] Progress @ 2025-04-25 13:10:08 : 12223 steps taken, and 3014 accepted.
[2 : mcmc] Learn + convergence test @ 3040 samples accepted.
[2 : mcmc] Ready to check convergence and learn a new proposal covmat (waiting for the rest...)
[0 : mcmc] Progress @ 2025-04-25 13:10:37 : 12415 steps taken, and 2993 accepted.
[0 : mcmc] All chains are ready to check convergence and learn a new proposal covmat
[1 : mcmc] Progress @ 2025-04-25 13:12:19 : 12231 steps taken, and 3015 accepted.
[0 : mcmc]  - Acceptance rate: 0.265 = avg([0.2661, 0.2609, 0.2662, 0.2669])
[0 : mcmc]  - Convergence of means: R-1 = 0.041115 after 12043 accepted steps = sum([2994, 3016, 3040, 2993])
[0 : mcmc]  - Updated covariance matrix of proposal pdf.
[3 : mcmc] Progress @ 2025-04-25 13:13:04 : 12095 steps taken, and 2993 accepted.
[0 : mcmc] Progress @ 2025-04-25 13:13:04 : 12420 steps taken, and 2994 accepted.
[2 : mcmc] Progress @ 2025-04-25 13:13:04 : 12360 steps taken, and 3041 accepted.
[1 : mcmc] Progress @ 2025-04-25 13:14:32 : 12239 steps taken, and 3020 accepted.
[2 : mcmc] Progress @ 2025-04-25 13:15:05 : 12371 steps taken, and 3042 accepted.
[0 : mcmc] Progress @ 2025-04-25 13:15:08 : 12428 steps taken, and 2995 accepted.
[3 : mcmc] Progress @ 2025-04-25 13:15:09 : 12102 steps taken, and 2995 accepted.
[1 : mcmc] Progress @ 2025-04-25 13:16:48 : 12250 steps taken, and 3022 accepted.
[2 : mcmc] Progress @ 2025-04-25 13:17:10 : 12378 steps taken, and 3043 accepted.
[0 : mcmc] Progress @ 2025-04-25 13:17:24 : 12436 steps taken, and 2996 accepted.
[3 : mcmc] Progress @ 2025-04-25 13:17:31 : 12111 steps taken, and 2996 accepted.
[1 : mcmc] Progress @ 2025-04-25 13:18:59 : 12257 steps taken, and 3024 accepted.
[2 : mcmc] Progress @ 2025-04-25 13:19:14 : 12388 steps taken, and 3045 accepted.
[0 : mcmc] Progress @ 2025-04-25 13:19:24 : 12442 steps taken, and 2996 accepted.
[3 : mcmc] Progress @ 2025-04-25 13:19:45 : 12119 steps taken, and 3000 accepted.
[1 : mcmc] Progress @ 2025-04-25 13:21:13 : 12264 steps taken, and 3025 accepted.
[0 : mcmc] Progress @ 2025-04-25 13:21:28 : 12454 steps taken, and 3000 accepted.
[2 : mcmc] Progress @ 2025-04-25 13:21:33 : 12403 steps taken, and 3046 accepted.
[3 : mcmc] Progress @ 2025-04-25 13:21:58 : 12127 steps taken, and 3002 accepted.
[1 : mcmc] Progress @ 2025-04-25 13:23:27 : 12272 steps taken, and 3030 accepted.
[0 : mcmc] Progress @ 2025-04-25 13:23:28 : 12463 steps taken, and 3001 accepted.
[2 : mcmc] Progress @ 2025-04-25 13:23:36 : 12410 steps taken, and 3048 accepted.
[3 : mcmc] Progress @ 2025-04-25 13:24:11 : 12138 steps taken, and 3003 accepted.
[0 : mcmc] Progress @ 2025-04-25 13:25:33 : 12469 steps taken, and 3002 accepted.
[2 : mcmc] Progress @ 2025-04-25 13:25:39 : 12419 steps taken, and 3052 accepted.
[1 : mcmc] Progress @ 2025-04-25 13:25:45 : 12282 steps taken, and 3031 accepted.
[3 : mcmc] Progress @ 2025-04-25 13:26:14 : 12147 steps taken, and 3005 accepted.
[2 : mcmc] Progress @ 2025-04-25 13:27:41 : 12427 steps taken, and 3054 accepted.
[0 : mcmc] Progress @ 2025-04-25 13:27:47 : 12477 steps taken, and 3004 accepted.
[1 : mcmc] Progress @ 2025-04-25 13:28:00 : 12289 steps taken, and 3032 accepted.
[3 : mcmc] Progress @ 2025-04-25 13:28:16 : 12155 steps taken, and 3007 accepted.
[0 : mcmc] Progress @ 2025-04-25 13:29:49 : 12485 steps taken, and 3006 accepted.
[2 : mcmc] Progress @ 2025-04-25 13:29:56 : 12437 steps taken, and 3058 accepted.
[1 : mcmc] Progress @ 2025-04-25 13:30:01 : 12299 steps taken, and 3034 accepted.
[3 : mcmc] Progress @ 2025-04-25 13:30:25 : 12167 steps taken, and 3010 accepted.
[0 : mcmc] Progress @ 2025-04-25 13:31:49 : 12493 steps taken, and 3007 accepted.
[2 : mcmc] Progress @ 2025-04-25 13:32:01 : 12445 steps taken, and 3060 accepted.
[1 : mcmc] Progress @ 2025-04-25 13:32:05 : 12305 steps taken, and 3037 accepted.
[3 : mcmc] Progress @ 2025-04-25 13:32:29 : 12173 steps taken, and 3014 accepted.
[1 : mcmc] Learn + convergence test @ 3040 samples accepted.
[1 : mcmc] Ready to check convergence and learn a new proposal covmat (waiting for the rest...)
[0 : mcmc] Progress @ 2025-04-25 13:34:12 : 12504 steps taken, and 3008 accepted.
[2 : mcmc] Progress @ 2025-04-25 13:34:12 : 12456 steps taken, and 3062 accepted.
[1 : mcmc] Progress @ 2025-04-25 13:34:18 : 12312 steps taken, and 3040 accepted.
[3 : mcmc] Progress @ 2025-04-25 13:34:38 : 12181 steps taken, and 3016 accepted.
[2 : mcmc] Progress @ 2025-04-25 13:36:23 : 12465 steps taken, and 3064 accepted.
[0 : mcmc] Progress @ 2025-04-25 13:36:25 : 12511 steps taken, and 3010 accepted.
[1 : mcmc] Progress @ 2025-04-25 13:36:35 : 12319 steps taken, and 3042 accepted.
[3 : mcmc] Progress @ 2025-04-25 13:36:54 : 12188 steps taken, and 3018 accepted.
[0 : mcmc] Progress @ 2025-04-25 13:38:32 : 12517 steps taken, and 3011 accepted.
[2 : mcmc] Progress @ 2025-04-25 13:38:35 : 12471 steps taken, and 3065 accepted.
[1 : mcmc] Progress @ 2025-04-25 13:38:44 : 12325 steps taken, and 3045 accepted.
[3 : mcmc] Progress @ 2025-04-25 13:39:03 : 12196 steps taken, and 3021 accepted.
[0 : mcmc] Progress @ 2025-04-25 13:40:39 : 12526 steps taken, and 3014 accepted.
[2 : mcmc] Progress @ 2025-04-25 13:40:56 : 12480 steps taken, and 3067 accepted.
[1 : mcmc] Progress @ 2025-04-25 13:40:58 : 12333 steps taken, and 3048 accepted.
[3 : mcmc] Progress @ 2025-04-25 13:41:04 : 12204 steps taken, and 3023 accepted.
[0 : mcmc] Progress @ 2025-04-25 13:42:55 : 12536 steps taken, and 3015 accepted.
[2 : mcmc] Progress @ 2025-04-25 13:43:08 : 12487 steps taken, and 3069 accepted.
[1 : mcmc] Progress @ 2025-04-25 13:43:12 : 12341 steps taken, and 3051 accepted.
[3 : mcmc] Progress @ 2025-04-25 13:43:19 : 12211 steps taken, and 3023 accepted.
[0 : mcmc] Progress @ 2025-04-25 13:44:58 : 12542 steps taken, and 3016 accepted.
[2 : mcmc] Progress @ 2025-04-25 13:45:12 : 12493 steps taken, and 3071 accepted.
[3 : mcmc] Progress @ 2025-04-25 13:45:22 : 12217 steps taken, and 3025 accepted.
[1 : mcmc] Progress @ 2025-04-25 13:45:30 : 12347 steps taken, and 3055 accepted.
[0 : mcmc] Progress @ 2025-04-25 13:47:19 : 12554 steps taken, and 3017 accepted.
[2 : mcmc] Progress @ 2025-04-25 13:47:26 : 12501 steps taken, and 3072 accepted.
[3 : mcmc] Progress @ 2025-04-25 13:47:36 : 12224 steps taken, and 3027 accepted.
[1 : mcmc] Progress @ 2025-04-25 13:47:45 : 12355 steps taken, and 3058 accepted.
[2 : mcmc] Progress @ 2025-04-25 13:49:27 : 12511 steps taken, and 3073 accepted.
[0 : mcmc] Progress @ 2025-04-25 13:49:27 : 12567 steps taken, and 3019 accepted.
[3 : mcmc] Progress @ 2025-04-25 13:49:50 : 12232 steps taken, and 3028 accepted.
[1 : mcmc] Progress @ 2025-04-25 13:49:58 : 12362 steps taken, and 3062 accepted.
[0 : mcmc] Progress @ 2025-04-25 13:51:33 : 12574 steps taken, and 3022 accepted.
[2 : mcmc] Progress @ 2025-04-25 13:51:42 : 12518 steps taken, and 3074 accepted.
[3 : mcmc] Progress @ 2025-04-25 13:52:02 : 12239 steps taken, and 3028 accepted.
[1 : mcmc] Progress @ 2025-04-25 13:52:12 : 12371 steps taken, and 3064 accepted.
[0 : mcmc] Progress @ 2025-04-25 13:53:35 : 12584 steps taken, and 3024 accepted.
[2 : mcmc] Progress @ 2025-04-25 13:53:45 : 12526 steps taken, and 3076 accepted.
[3 : mcmc] Progress @ 2025-04-25 13:54:05 : 12245 steps taken, and 3032 accepted.
[1 : mcmc] Progress @ 2025-04-25 13:54:34 : 12383 steps taken, and 3070 accepted.
[0 : mcmc] Progress @ 2025-04-25 13:55:38 : 12596 steps taken, and 3027 accepted.
[2 : mcmc] Progress @ 2025-04-25 13:56:09 : 12534 steps taken, and 3078 accepted.
[3 : mcmc] Progress @ 2025-04-25 13:56:20 : 12254 steps taken, and 3034 accepted.
[1 : mcmc] Progress @ 2025-04-25 13:56:35 : 12393 steps taken, and 3072 accepted.
[0 : mcmc] Progress @ 2025-04-25 13:57:42 : 12602 steps taken, and 3028 accepted.
[3 : mcmc] Progress @ 2025-04-25 13:58:22 : 12260 steps taken, and 3037 accepted.
[2 : mcmc] Progress @ 2025-04-25 13:58:27 : 12541 steps taken, and 3080 accepted.
[1 : mcmc] Progress @ 2025-04-25 13:58:37 : 12402 steps taken, and 3074 accepted.
[0 : mcmc] Progress @ 2025-04-25 14:00:06 : 12613 steps taken, and 3029 accepted.
[2 : mcmc] Progress @ 2025-04-25 14:00:29 : 12549 steps taken, and 3080 accepted.
[1 : mcmc] Progress @ 2025-04-25 14:00:42 : 12408 steps taken, and 3074 accepted.
[3 : mcmc] Progress @ 2025-04-25 14:00:45 : 12270 steps taken, and 3039 accepted.
[0 : mcmc] Progress @ 2025-04-25 14:02:16 : 12621 steps taken, and 3034 accepted.
[2 : mcmc] Progress @ 2025-04-25 14:02:44 : 12557 steps taken, and 3082 accepted.
[3 : mcmc] Progress @ 2025-04-25 14:02:57 : 12277 steps taken, and 3039 accepted.
[1 : mcmc] Progress @ 2025-04-25 14:02:57 : 12416 steps taken, and 3075 accepted.
[0 : mcmc] Progress @ 2025-04-25 14:04:31 : 12630 steps taken, and 3036 accepted.
[3 : mcmc] Learn + convergence test @ 3040 samples accepted.
[3 : mcmc] Ready to check convergence and learn a new proposal covmat (waiting for the rest...)
[2 : mcmc] Progress @ 2025-04-25 14:04:49 : 12563 steps taken, and 3084 accepted.
[3 : mcmc] Progress @ 2025-04-25 14:05:00 : 12283 steps taken, and 3040 accepted.
[1 : mcmc] Progress @ 2025-04-25 14:05:09 : 12433 steps taken, and 3075 accepted.
[0 : mcmc] Progress @ 2025-04-25 14:06:44 : 12639 steps taken, and 3037 accepted.
[2 : mcmc] Progress @ 2025-04-25 14:06:52 : 12571 steps taken, and 3085 accepted.
[3 : mcmc] Progress @ 2025-04-25 14:07:03 : 12293 steps taken, and 3041 accepted.
[1 : mcmc] Progress @ 2025-04-25 14:07:09 : 12439 steps taken, and 3076 accepted.
[0 : mcmc] Learn + convergence test @ 3040 samples accepted.
[0 : mcmc] Ready to check convergence and learn a new proposal covmat (waiting for the rest...)
[2 : mcmc] Progress @ 2025-04-25 14:08:58 : 12579 steps taken, and 3087 accepted.
[0 : mcmc] Progress @ 2025-04-25 14:09:05 : 12649 steps taken, and 3040 accepted.
[1 : mcmc] Progress @ 2025-04-25 14:09:12 : 12446 steps taken, and 3078 accepted.
[3 : mcmc] Progress @ 2025-04-25 14:09:16 : 12302 steps taken, and 3041 accepted.
[2 : mcmc] Progress @ 2025-04-25 14:11:10 : 12587 steps taken, and 3089 accepted.
[3 : mcmc] Progress @ 2025-04-25 14:11:16 : 12309 steps taken, and 3043 accepted.
[0 : mcmc] Progress @ 2025-04-25 14:11:17 : 12660 steps taken, and 3041 accepted.
[1 : mcmc] Progress @ 2025-04-25 14:11:19 : 12453 steps taken, and 3078 accepted.
[3 : mcmc] Progress @ 2025-04-25 14:13:21 : 12316 steps taken, and 3047 accepted.
[2 : mcmc] Progress @ 2025-04-25 14:13:26 : 12594 steps taken, and 3090 accepted.
[0 : mcmc] Progress @ 2025-04-25 14:13:29 : 12673 steps taken, and 3043 accepted.
[1 : mcmc] Progress @ 2025-04-25 14:13:31 : 12460 steps taken, and 3080 accepted.
[3 : mcmc] Progress @ 2025-04-25 14:15:24 : 12323 steps taken, and 3047 accepted.
[1 : mcmc] Progress @ 2025-04-25 14:15:35 : 12468 steps taken, and 3081 accepted.
[2 : mcmc] Progress @ 2025-04-25 14:15:38 : 12602 steps taken, and 3092 accepted.
[0 : mcmc] Progress @ 2025-04-25 14:15:39 : 12685 steps taken, and 3046 accepted.
[3 : mcmc] Progress @ 2025-04-25 14:17:27 : 12330 steps taken, and 3048 accepted.
[1 : mcmc] Progress @ 2025-04-25 14:17:49 : 12476 steps taken, and 3085 accepted.
[2 : mcmc] Progress @ 2025-04-25 14:17:51 : 12610 steps taken, and 3094 accepted.
[0 : mcmc] Progress @ 2025-04-25 14:17:51 : 12700 steps taken, and 3047 accepted.
[3 : mcmc] Progress @ 2025-04-25 14:19:33 : 12338 steps taken, and 3049 accepted.
[1 : mcmc] Progress @ 2025-04-25 14:19:50 : 12485 steps taken, and 3087 accepted.
[0 : mcmc] Progress @ 2025-04-25 14:19:52 : 12710 steps taken, and 3049 accepted.
[2 : mcmc] Progress @ 2025-04-25 14:20:03 : 12618 steps taken, and 3098 accepted.
[3 : mcmc] Progress @ 2025-04-25 14:21:46 : 12345 steps taken, and 3051 accepted.
[1 : mcmc] Progress @ 2025-04-25 14:21:53 : 12493 steps taken, and 3089 accepted.
[0 : mcmc] Progress @ 2025-04-25 14:22:02 : 12718 steps taken, and 3052 accepted.
[2 : mcmc] Progress @ 2025-04-25 14:22:06 : 12627 steps taken, and 3100 accepted.
[1 : mcmc] Progress @ 2025-04-25 14:23:57 : 12501 steps taken, and 3092 accepted.
[3 : mcmc] Progress @ 2025-04-25 14:24:00 : 12352 steps taken, and 3052 accepted.
[0 : mcmc] Progress @ 2025-04-25 14:24:04 : 12726 steps taken, and 3053 accepted.
[2 : mcmc] Progress @ 2025-04-25 14:24:21 : 12635 steps taken, and 3101 accepted.
[3 : mcmc] Progress @ 2025-04-25 14:26:03 : 12358 steps taken, and 3054 accepted.
[1 : mcmc] Progress @ 2025-04-25 14:26:03 : 12509 steps taken, and 3095 accepted.
[0 : mcmc] Progress @ 2025-04-25 14:26:07 : 12732 steps taken, and 3055 accepted.
[2 : mcmc] Progress @ 2025-04-25 14:26:34 : 12643 steps taken, and 3101 accepted.
[1 : mcmc] Progress @ 2025-04-25 14:28:13 : 12519 steps taken, and 3098 accepted.
[3 : mcmc] Progress @ 2025-04-25 14:28:20 : 12365 steps taken, and 3058 accepted.
[0 : mcmc] Progress @ 2025-04-25 14:28:22 : 12739 steps taken, and 3058 accepted.
[2 : mcmc] Progress @ 2025-04-25 14:28:36 : 12652 steps taken, and 3105 accepted.
[1 : mcmc] Progress @ 2025-04-25 14:30:16 : 12527 steps taken, and 3099 accepted.
[0 : mcmc] Progress @ 2025-04-25 14:30:27 : 12745 steps taken, and 3061 accepted.
[3 : mcmc] Progress @ 2025-04-25 14:30:30 : 12374 steps taken, and 3061 accepted.
[2 : mcmc] Progress @ 2025-04-25 14:30:49 : 12662 steps taken, and 3106 accepted.
[1 : mcmc] Progress @ 2025-04-25 14:32:30 : 12534 steps taken, and 3099 accepted.
[3 : mcmc] Progress @ 2025-04-25 14:32:33 : 12386 steps taken, and 3063 accepted.
[0 : mcmc] Progress @ 2025-04-25 14:32:42 : 12752 steps taken, and 3063 accepted.
[2 : mcmc] Progress @ 2025-04-25 14:33:01 : 12674 steps taken, and 3108 accepted.
[1 : mcmc] Progress @ 2025-04-25 14:34:45 : 12541 steps taken, and 3101 accepted.
[3 : mcmc] Progress @ 2025-04-25 14:34:46 : 12397 steps taken, and 3067 accepted.
[0 : mcmc] Progress @ 2025-04-25 14:34:54 : 12761 steps taken, and 3067 accepted.
[2 : mcmc] Progress @ 2025-04-25 14:35:05 : 12684 steps taken, and 3110 accepted.
[1 : mcmc] Progress @ 2025-04-25 14:36:46 : 12552 steps taken, and 3106 accepted.
[3 : mcmc] Progress @ 2025-04-25 14:36:58 : 12408 steps taken, and 3069 accepted.
[2 : mcmc] Progress @ 2025-04-25 14:37:06 : 12695 steps taken, and 3110 accepted.
[0 : mcmc] Progress @ 2025-04-25 14:37:07 : 12771 steps taken, and 3069 accepted.
[1 : mcmc] Progress @ 2025-04-25 14:39:01 : 12559 steps taken, and 3108 accepted.
[3 : mcmc] Progress @ 2025-04-25 14:39:11 : 12416 steps taken, and 3073 accepted.
[0 : mcmc] Progress @ 2025-04-25 14:39:19 : 12778 steps taken, and 3073 accepted.
[2 : mcmc] Progress @ 2025-04-25 14:39:20 : 12705 steps taken, and 3112 accepted.
[1 : mcmc] Progress @ 2025-04-25 14:41:06 : 12565 steps taken, and 3110 accepted.
[3 : mcmc] Progress @ 2025-04-25 14:41:12 : 12426 steps taken, and 3075 accepted.
[0 : mcmc] Progress @ 2025-04-25 14:41:22 : 12787 steps taken, and 3076 accepted.
[2 : mcmc] Progress @ 2025-04-25 14:41:30 : 12716 steps taken, and 3113 accepted.
[3 : mcmc] Progress @ 2025-04-25 14:43:16 : 12433 steps taken, and 3077 accepted.
[1 : mcmc] Progress @ 2025-04-25 14:43:22 : 12572 steps taken, and 3111 accepted.
[2 : mcmc] Progress @ 2025-04-25 14:43:34 : 12724 steps taken, and 3114 accepted.
[0 : mcmc] Progress @ 2025-04-25 14:43:35 : 12795 steps taken, and 3079 accepted.
[3 : mcmc] Progress @ 2025-04-25 14:45:32 : 12442 steps taken, and 3080 accepted.
[1 : mcmc] Progress @ 2025-04-25 14:45:37 : 12579 steps taken, and 3113 accepted.
[0 : mcmc] Progress @ 2025-04-25 14:45:38 : 12805 steps taken, and 3083 accepted.
[2 : mcmc] Progress @ 2025-04-25 14:45:49 : 12731 steps taken, and 3118 accepted.
[0 : mcmc] Progress @ 2025-04-25 14:47:40 : 12811 steps taken, and 3085 accepted.
[1 : mcmc] Progress @ 2025-04-25 14:47:40 : 12587 steps taken, and 3114 accepted.
[2 : mcmc] Progress @ 2025-04-25 14:47:50 : 12739 steps taken, and 3118 accepted.
[3 : mcmc] Progress @ 2025-04-25 14:47:56 : 12450 steps taken, and 3085 accepted.
[2 : mcmc] Learn + convergence test @ 3120 samples accepted.
[2 : mcmc] Ready to check convergence and learn a new proposal covmat (waiting for the rest...)
[1 : mcmc] Progress @ 2025-04-25 14:49:41 : 12594 steps taken, and 3118 accepted.
[0 : mcmc] Progress @ 2025-04-25 14:49:58 : 12824 steps taken, and 3089 accepted.
[3 : mcmc] Progress @ 2025-04-25 14:50:11 : 12463 steps taken, and 3088 accepted.
[0 : mcmc] All chains are ready to check convergence and learn a new proposal covmat
[0 : mcmc]  - Acceptance rate: 0.264 = avg([0.2637, 0.2614, 0.2660, 0.2656])
[0 : mcmc]  - Convergence of means: R-1 = 0.044815 after 12417 accepted steps = sum([3090, 3118, 3120, 3089])
[0 : mcmc]  - Convergence of bounds: R-1 = 0.121620 after 12417 accepted steps = sum([3090, 3118, 3120, 3089])
[0 : mcmc] The run has converged!
[0 : mcmc] Sampling complete after 12417 accepted steps.
[0m[0m[0m[0m
------------------------------------------------------------
Sender: LSF System <lsfadmin@e4farm02.ge.infn.it>
Subject: Job 336981: <act_all_w> in cluster <infnge> Done

Job <act_all_w> was submitted from host <farmuisl7.ge.infn.it> by user <mraveri> in cluster <infnge>.
Job was executed on host(s) <16*e4farm02.ge.infn.it>, in queue <long>, as user <mraveri> in cluster <infnge>.
</home/mraveri> was used as the home directory.
</home/mraveri/projects/andrea/tesi_magistrale/w0wacdm/act_all> was used as the working directory.
Started at Wed Apr 23 19:29:46 2025
Results reported on Fri Apr 25 14:50:56 2025

Your job looked like:

------------------------------------------------------------
# LSBATCH: User input
#!/bin/bash

#BSUB -J act_all_w                    # Job name
#BSUB -M 64000                      # Memory limit (64GB)
#BSUB -R "rusage[mem=64000]"        # Resource request
#BSUB -q long                       # Queue
#BSUB -o act_all.out                # Output log
#BSUB -e act_all.err                # Error log
#BSUB -n 16                         # Total cores

# Set number of threads per chain (OMP = threads for linear algebra, etc.)
export OMP_NUM_THREADS=4

# Run Cobaya with MPI (4 chains using 4 threads each = 16 total cores)
mpirun -np 4 cobaya-run act_all.yaml
------------------------------------------------------------

Successfully completed.

Resource usage summary:

    CPU time :                                   489000.31 sec.
    Max Memory :                                 2878 MB
    Average Memory :                             2825.45 MB
    Total Requested Memory :                     64000.00 MB
    Delta Memory :                               61122.00 MB
    Max Processes :                              8
    Max Threads :                                31

The output (if any) is above this job summary.



PS:

Read file <act_all.err> for stderr output of this job.

