#        weight    minuslogpost              H0            logA              ns           ombh2           omch2             tau           A_act           P_act               A              As           DHBBN             YHe             Y_p             age           clamp        omega_de          omegam        omegamh2           rdrag            s8h5      S8_optimal     s8omegamp25      s8omegamp5          sigma8       thetastar            zrei        A_planck       chi2__CMB   minuslogprior minuslogprior__0            chi2 chi2__planck_2018_lowl.TT chi2__planck_2018_lowl.EE_sroll2 chi2__act_dr6_cmbonly.PlanckActCut chi2__act_dr6_cmbonly
              2       412.92119       68.008327       3.0472321      0.97063086     0.022383425       0.1187395     0.054949467        1.000604      0.99425472       2.1056981   2.1056981e-09       2.4465176      0.24588818      0.24721996       13.772966       1.8865469      0.69340569      0.30651618      0.14176779       147.41006      0.98259267      0.82613972      0.60293142      0.44862272      0.81031628       1.0416843       7.7269339        1.000604       640.41645     0.088545445      0.088545445        825.6653                  22.55406                         390.1173                          227.74509             185.24885
             17       403.96863       68.165384       3.0701269      0.97215798     0.022519377      0.11831785     0.066514345       1.0034702      0.99425472       2.1544637   2.1544637e-09       2.4223208      0.24594641       0.2472784       13.766795       1.8861036      0.69543175      0.30449047      0.14148209       147.37064      0.99048905      0.82877917       0.6074703      0.45125131      0.81777084        1.041357       8.8191644       1.0034702       636.99675     0.088545445      0.088545445       807.76016                 22.319083                        392.63771                          222.03995             170.76342
              5       402.69107       67.827374       3.0459997       0.9707467     0.022424267       0.1187067     0.054256175       1.0024653      0.99496693       2.1031045   2.1031045e-09       2.4392102      0.24590564      0.24723748       13.788854       1.8868377      0.69175014      0.30817131      0.14177583       147.37323      0.98224636      0.82875619      0.60272746      0.44907516      0.80895233       1.0410053       7.6456329       1.0024653        632.2689     0.088545445      0.088545445       805.20504                 22.257102                         390.2407                           219.7711             172.93615
              6       402.55868       67.827374       3.0461391      0.97391107     0.022424267       0.1187067     0.054256175       1.0027621      0.99496693       2.1033977   2.1033977e-09       2.4392102      0.24590564      0.24723748       13.788854       1.8871007      0.69175014      0.30817131      0.14177583       147.37323      0.98349718      0.82981155      0.60349499      0.44964702      0.80998247       1.0410053       7.6456329       1.0027621       633.22135     0.088545445      0.088545445       804.94026                 21.697046                        390.32385                          221.20045             171.71891
              9       402.69515       67.814749       3.0460568      0.97409702     0.022427836      0.11862679     0.054310449       1.0027621      0.99496693       2.1032246   2.1032246e-09       2.4385731      0.24590717      0.24723902       13.792062       1.8867406      0.69180135      0.30812007       0.1416995       147.39048      0.98312238      0.82929399      0.60318379      0.44939647      0.80959844       1.0408741        7.648826       1.0027621          632.87     0.088545445      0.088545445       805.21322                 21.661861                        390.31403                          220.89411             172.34321
             10       399.03759       67.814749       3.0441122      0.97610701     0.022427836      0.11862679     0.054310449       1.0027621      0.99905972       2.0991387   2.0991387e-09       2.4385731      0.24590717      0.24723902       13.792062       1.8830753      0.69180135      0.30812007       0.1416995       147.39048      0.98291854      0.82912204      0.60305872      0.44930329      0.80943058       1.0408741        7.648826       1.0027621       635.13153     0.088545445      0.088545445       797.89809                 21.267212                        390.42764                          223.43668             162.76656
              6        400.0498       67.757945       3.0531448      0.97610782     0.022554494       0.1187724     0.058240476       1.0027621      0.99905972       2.1181853   2.1181853e-09       2.4161287      0.24596147      0.24729351       13.789701       1.8852846      0.69069137      0.30922991      0.14197176       147.21083      0.98735797      0.83521632      0.60607327      0.45195532      0.81274584       1.0405331       8.0159743       1.0027621       636.44369     0.088545445      0.088545445       799.92251                 21.403918                        390.24575                          224.79402             163.47882
              1       398.93419       67.805462       3.0461531      0.97613748     0.022368616      0.11858899     0.055555489       1.0027621       1.0000719       2.1034272   2.1034272e-09       2.4491754      0.24588186      0.24721361        13.79554       1.8822296      0.69192795      0.30799344      0.14160247       147.46662      0.98423757      0.82987078       0.6037646      0.44978298      0.81046129       1.0409582       7.7876717       1.0027621       635.19384     0.088545445      0.088545445        797.6913                 21.260751                        390.28023                          223.65285             162.49746
              5       400.14811       67.805462       3.0493553      0.97043411     0.022368616      0.11858899     0.055555489       1.0020163       1.0000719       2.1101735   2.1101735e-09       2.4491754      0.24588186      0.24721361        13.79554       1.8882664      0.69192795      0.30799344      0.14160247       147.46662      0.98367972      0.82940042       0.6034224      0.44952805      0.81000194       1.0409582       7.7876717       1.0020163       633.89305     0.088545445      0.088545445       800.11913                 22.456714                        390.08254                           221.3538             166.22608
              4       400.71039       67.762741       3.0523739      0.97058812     0.022342858      0.11852563      0.05722154       1.0020163       1.0000719        2.116553    2.116553e-09       2.4538088      0.24587087      0.24720258       13.801789       1.8876747      0.69173345      0.30818785      0.14151336       147.51227      0.98525778      0.83094099      0.60429532      0.45024936      0.81104575       1.0408297       7.9597097       1.0020163       633.62557     0.088545445      0.088545445       801.24368                 22.451304                        390.14695                          221.02732             167.61811
              7       400.66639       67.743946        3.054943      0.97064256     0.022354616      0.11852738     0.058464683       1.0020163       1.0000719       2.1219976   2.1219976e-09       2.4516922      0.24587588      0.24720762       13.803098        1.887831      0.69153295      0.30838831      0.14152686       147.49868      0.98653361      0.83238859      0.60509228      0.45091646      0.81198337       1.0407454       8.0807953       1.0020163       633.61624     0.088545445      0.088545445       801.15569                 22.482174                        390.25944                          220.87463             167.53944
              8       400.54383       67.553976       3.0667905      0.96785329     0.022399124      0.11986429     0.062464122       1.0020163       1.0034015       2.1472875   2.1472875e-09       2.4437047      0.24589489      0.24722669        13.78243       1.8951105      0.68676853      0.31315228      0.14290828       147.09461      0.99887891      0.85331463      0.61415387      0.45942655      0.82099082       1.0414703       8.4883905       1.0020163       638.55624     0.088545445      0.088545445       800.91056                  23.31887                        391.26391                          223.97346             162.35433
              4       397.55214       67.506909       3.0695409      0.96918828     0.022477891      0.11934873     0.064282913       1.0032572       1.0034015       2.1532015   2.1532015e-09       2.4296661      0.24592862      0.24726054       13.798498         1.89343      0.68729009      0.31263061      0.14247148       147.14342      0.99756456      0.85061757      0.61287654      0.45827997      0.81962486       1.0405869        8.634088       1.0032572       634.46522     0.088545445      0.088545445       794.92718                 22.901532                        391.85753                          219.70616             160.46196
             11       397.30763       67.506909       3.0684241      0.97100538     0.022477891      0.11934873     0.064282913       1.0032572       1.0034015       2.1507982   2.1507982e-09       2.4296661      0.24592862      0.24726054       13.798498       1.8913166      0.68729009      0.31263061      0.14247148       147.14342      0.99769359      0.85072759      0.61295582      0.45833925      0.81973088       1.0405869        8.634088       1.0032572       634.68547     0.088545445      0.088545445       794.43816                 22.466115                         391.8391                          220.38025              159.7527
              4       397.48136       67.510942       3.0633154      0.96966056     0.022427647      0.11987075     0.061194405       1.0032572       1.0034015       2.1398383   2.1398383e-09       2.4386069      0.24590709      0.24723893        13.78532       1.8933381      0.68629232      0.31362839      0.14294327       147.06123      0.99780542      0.85329193      0.61353139      0.45913524      0.81984725        1.041275       8.3571007       1.0032572       635.75872     0.088545445      0.088545445       794.78563                 22.650699                        390.83923                          222.26879              159.0269
              8        397.0687       67.510942       3.0644841       0.9711618     0.022427647      0.11987075     0.061194405       1.0032572       1.0034015       2.1423407   2.1423407e-09       2.4386069      0.24590709      0.24723893        13.78532       1.8955522      0.68629232      0.31362839      0.14294327       147.06123      0.99895705      0.85427677       0.6142395      0.45966516      0.82079349        1.041275       8.3571007       1.0032572       636.00579     0.088545445      0.088545445        793.9603                 22.441638                        390.84674                          222.71741             157.95452
             10       396.73146       67.632746        3.058989      0.97168539     0.022486243      0.11964066     0.058584605       1.0032572       1.0043251       2.1306006   2.1306006e-09       2.4281847       0.2459322      0.24726414       13.779111         1.89503      0.68779617      0.31212483      0.14277177       147.05691      0.99424701      0.84734282      0.61115994      0.45681143      0.81766009       1.0412472       8.0818727       1.0032572       635.54911     0.088545445      0.088545445       793.28582                 22.291332                        390.27137                          222.98641             157.73672
             20       396.57261       67.612412       3.0489002      0.97229735     0.022456658      0.11928201     0.054119683       1.0032572       1.0043251       2.1092135   2.1092135e-09       2.4334383      0.24591951      0.24725141       13.791471       1.8928351      0.68845763      0.31146332      0.14238353       147.18457      0.98789476      0.84019672      0.60684199      0.45334345      0.81231392       1.0408865         7.63348       1.0032572       633.54422     0.088545445      0.088545445       792.96814                 22.008274                        390.23153                          221.30441             159.42392
             16       397.37683       67.612412       3.0462705      0.97268543     0.022456658      0.11928201     0.054119683       1.0032572       1.0043251       2.1036742   2.1036742e-09       2.4334383      0.24591951      0.24725141       13.791471       1.8878641      0.68845763      0.31146332      0.14238353       147.18457        0.986742      0.83921631      0.60613387      0.45281445      0.81136604       1.0408865         7.63348       1.0032572       634.89837     0.088545445      0.088545445       794.57657                 21.790718                        390.31045                           222.7972             159.67821
              4       398.70479        67.75809       3.0446246      0.97415423      0.02246135      0.11862852     0.054151857       1.0032572       1.0043251       2.1002145   2.1002145e-09       2.4326041      0.24592153      0.24725343       13.796154       1.8846381      0.69120895      0.30871234      0.14173473       147.35266      0.98240585       0.8297762      0.60278163      0.44931251      0.80867034       1.0406208       7.6248544       1.0032572       633.87331     0.088545445      0.088545445       797.23249                 21.531123                         390.4094                          221.93279             163.35918
              5       398.60196       67.773449       3.0429584      0.97382276     0.022526624      0.11880509     0.052891421       1.0017238       1.0043251       2.0967181   2.0967181e-09       2.4210411      0.24594952      0.24728152       13.788188       1.8862495      0.69082238      0.30909895      0.14197658       147.23315      0.98182595      0.83031511      0.60268264       0.4493793      0.80828459       1.0406854       7.4851415       1.0017238       634.73422     0.088545445      0.088545445       797.02683                  21.76554                        390.59926                          222.36943             162.29261
             16       397.90792       67.693632       3.0710915      0.97284328     0.022508415      0.11942014     0.066154703       1.0036122       1.0030398       2.1565429   2.1565429e-09       2.4242585      0.24594171      0.24727368       13.779069       1.8892823      0.68879038      0.31113075      0.14257342       147.09055      0.99911597      0.84943339      0.61393945      0.45852316      0.82203405       1.0411408       8.8080577       1.0036122       639.65552     0.088545445      0.088545445       795.63876                 22.106946                        392.56391                          224.98466             155.98324
              5       396.80761       67.693632       3.0714521      0.97298427     0.022508415      0.11942014     0.066154703        1.002759       1.0030398       2.1573207   2.1573207e-09       2.4242585      0.24594171      0.24727368       13.779069       1.8899637      0.68879038      0.31113075      0.14257342       147.09055      0.99934969       0.8496321      0.61408308      0.45863043      0.82222635       1.0411408       8.8080577        1.002759       637.73571     0.088545445      0.088545445       793.43813                 22.209583                        392.56559                          222.96053             155.70243
              3       396.23275       67.700056       3.0633598      0.97303775     0.022531794      0.11935532     0.062136517       1.0024213       1.0030398       2.1399333   2.1399333e-09       2.4201287      0.24595174      0.24728375       13.779621       1.8898579      0.68893985       0.3109813      0.14253198       147.08172      0.99477996      0.84542144      0.61123063      0.45644523      0.81850538       1.0410318       8.4143691       1.0024213       636.05834     0.088545445      0.088545445       792.28841                  22.12383                        391.06509                          222.86942             156.23007
             21       396.54706       67.700056       3.0647247      0.96886709     0.022531794      0.11935532     0.062136517       1.0024594       1.0030398       2.1428562   2.1428562e-09       2.4201287      0.24595174      0.24728375       13.779621       1.8924392      0.68893985       0.3109813      0.14253198       147.08172      0.99388377      0.84465981      0.61067998      0.45603403        0.817768       1.0410318       8.4143691       1.0024594       635.61557     0.088545445      0.088545445       792.91703                 23.011793                        391.05906                          221.54472             157.30146
              7       396.75792       67.700056       3.0646099      0.97076621     0.022531794      0.11935532     0.062136517       1.0020241       1.0030398       2.1426102   2.1426102e-09       2.4201287      0.24595174      0.24728375       13.779621       1.8922219      0.68893985       0.3109813      0.14253198       147.08172      0.99454327      0.84522029       0.6110852      0.45633663      0.81831064       1.0410318       8.4143691       1.0020241       636.34709     0.088545445      0.088545445       793.33875                 22.680115                         391.0047                          222.66227             156.99166
              7       397.85603        67.72433        3.071506      0.97059233     0.022502356      0.11946069     0.065522717       1.0020241       1.0030398       2.1574368   2.1574368e-09       2.4253304      0.24593911      0.24727108       13.775399       1.8924559      0.68899726      0.31092395      0.14260791       147.08655      0.99861272         0.84869      0.61366732      0.45824374      0.82180627       1.0412904       8.7503084       1.0020241       638.08455     0.088545445      0.088545445       795.53497                 22.834288                        392.31573                          222.93453             157.45042
             16       398.41554       67.741642       3.0738539      0.97065542     0.022491905      0.11944258     0.066748507       1.0020241       1.0030398       2.1625082   2.1625082e-09       2.4271812      0.24593463      0.24726658       13.774633       1.8922598      0.68921843      0.31070281      0.14257935       147.10294      0.99972661       0.8492013      0.61432107      0.45865033       0.8228281         1.04135       8.8695613       1.0020241       638.76156     0.088545445      0.088545445       796.65399                 22.862478                        392.90903                          222.99005             157.89243
              3       398.52915       67.741642       3.0739612      0.97024533     0.022491905      0.11944258     0.066748507       1.0020241       1.0030398       2.1627404   2.1627404e-09       2.4271812      0.24593463      0.24726658       13.774633       1.8924629      0.68921843      0.31070281      0.14257935       147.10294      0.99962449      0.84911456      0.61425832      0.45860347      0.82274404         1.04135       8.8695613       1.0020241       638.85252     0.088545445      0.088545445       796.88121                 22.954582                        392.93119                          222.96675             158.02869
              1       402.63236       67.766138       3.0497128      0.97214629     0.022482732      0.11843212     0.056028266       1.0020241       1.0078852       2.1109281   2.1109281e-09       2.4288073      0.24593069      0.24726263       13.800218       1.8871565      0.69166341       0.3082579      0.14155972       147.38105      0.98290825      0.82914982      0.60290363      0.44923797      0.80913194       1.0403824       7.8058818       1.0020241       633.77986     0.088545445      0.088545445       805.08763                 22.137532                        390.10559                          221.53674             171.30777
              3       400.55167        67.82015       3.0514304       0.9710214     0.022359657      0.11885772     0.056688904       1.0021576       1.0078852       2.1145569   2.1145569e-09       2.4507854      0.24587803      0.24720978       13.787141       1.8879045       0.6914966      0.30842483      0.14186224       147.40529      0.98636358      0.83280182      0.60534608      0.45111894       0.8122999        1.041309       7.9089268       1.0021576       634.22179     0.088545445      0.088545445       800.92625                 22.332088                        390.09612                          221.79358             166.70446
              1        397.2978       67.801502       3.0512118      0.97143685     0.022382876      0.11868891     0.056734229       1.0025616       1.0031164       2.1140947   2.1140947e-09       2.4466159      0.24588794      0.24721972       13.792775       1.8873207      0.69164359       0.3082778      0.14171665       147.42412       0.9854019      0.83151856      0.60460066      0.45050973      0.81139636       1.0410155       7.9047919       1.0025616       632.21035     0.088545445      0.088545445       794.41851                 22.198905                        390.07985                          219.93159             162.20817
              7       397.81716       67.801502        3.049958      0.97642422     0.022382876      0.11868891     0.056734229       1.0025616        1.003706       2.1114457   2.1114457e-09       2.4466159      0.24588794      0.24721972       13.792775       1.8849559      0.69164359       0.3082778      0.14171665       147.42412       0.9866541      0.83257522      0.60536896      0.45108222      0.81242744       1.0410155       7.9047919       1.0025616       634.83929     0.088545445      0.088545445       795.45724                  21.33176                        390.23811                          223.26943             160.61794
             10       399.46487       67.746014       3.0492674      0.97689497     0.022401774      0.11848969     0.056597565       1.0025616        1.003706       2.1099881   2.1099881e-09       2.4432304      0.24589602      0.24722782       13.802654       1.8841696      0.69153116       0.3083901      0.14153633       147.45604      0.98549368       0.8315282      0.60446454      0.45044932      0.81113982       1.0405907       7.8826465       1.0025616       634.25237     0.088545445      0.088545445       798.75265                 21.248809                        390.21219                          222.79137             164.50028
              2       401.72159       67.746014       3.0521192      0.97676705     0.022401774      0.11848969     0.056597565       1.0025616        1.003706       2.1160139   2.1160139e-09       2.4432304      0.24589602      0.24722782       13.802654       1.8895504      0.69153116       0.3083901      0.14153633       147.45604      0.98685186      0.83267418      0.60529759      0.45107012       0.8122577       1.0405907       7.8826465       1.0025616       636.35068     0.088545445      0.088545445       803.26609                 21.409176                        390.20038                          224.74113             166.91541
              8       398.84466       67.798276       3.0582766       0.9752195     0.022426059      0.11922827       0.0586147       1.0047139       1.0020738       2.1290833   2.1290833e-09       2.4388902      0.24590641      0.24723825       13.777198       1.8935665      0.69034691      0.30957447      0.14229919       147.23296      0.99286183      0.84096444      0.60980281       0.4548631      0.81751954       1.0414639       8.0923191       1.0047139       638.21014     0.088545445      0.088545445       797.51222                 21.536013                        390.27746                          226.39667             159.30208
             13       400.28488       67.798276       3.0577475      0.97472739     0.022426059      0.11922827       0.0586147       1.0053254       1.0020738       2.1279572   2.1279572e-09       2.4388902      0.24590641      0.24723825       13.777198        1.892565      0.69034691      0.30957447      0.14229919       147.23296      0.99241311      0.84058437      0.60952721      0.45465753      0.81715006       1.0414639       8.0923191       1.0053254       640.66506     0.088545445      0.088545445       800.39267                 21.517404                        390.27081                          228.87685              159.7276
              6       398.57189       67.846807       3.0445356      0.97562352     0.022412194      0.11873323     0.052726631        1.003707       1.0059373       2.1000277   2.1000277e-09       2.4413666      0.24590047       0.2472323       13.786727       1.8898496      0.69189528      0.30802622       0.1417903       147.37962      0.98351166      0.82959094      0.60351927      0.44961217      0.81011042       1.0411223       7.4927601        1.003707       635.17166     0.088545445      0.088545445        796.9667                 21.384437                        390.71781                          223.06941             161.79504
              2       399.51718       67.952136       3.0449531      0.97554362     0.022615379      0.11890403     0.052099215       1.0037469       1.0059373       2.1009047   2.1009047e-09       2.4054476      0.24598753      0.24731967        13.76718       1.8930128      0.69203977      0.30788196      0.14216427       147.10838      0.98257491      0.82909428      0.60334162       0.4494272      0.80996681       1.0410939       7.3874736       1.0037469        637.6582     0.088545445      0.088545445       798.85727                 21.488697                        390.88721                          225.28229             161.19907
              5       400.45558       67.952136       3.0453758      0.96668452     0.022615379      0.11890403     0.052099215       1.0037469       1.0059373       2.1017927   2.1017927e-09       2.4054476      0.24598753      0.24731967        13.76718        1.893813      0.69203977      0.30788196      0.14216427       147.10838      0.97947339      0.82647722      0.60143716      0.44800857      0.80741013       1.0410939       7.3874736       1.0037469       636.74866     0.088545445      0.088545445       800.73407                 23.087228                        390.49494                          223.16649             163.98542
              1       399.15842       67.952136       3.0449311      0.96906649     0.022615379      0.11890403     0.052099215       1.0037469       1.0059373       2.1008585   2.1008585e-09       2.4054476      0.24598753      0.24731967        13.76718       1.8929711      0.69203977      0.30788196      0.14216427       147.10838      0.98014256      0.82704187      0.60184806      0.44831465      0.80796176       1.0410939       7.3874736       1.0037469       635.97154     0.088545445      0.088545445       798.13974                  22.58131                        390.63403                           222.7562              162.1682
             15        401.0135       67.916723       3.0369092      0.96851363      0.02257828      0.11906646     0.047995993       1.0037469       1.0059373       2.0840729   2.0840729e-09       2.4119477      0.24597166      0.24730374       13.766924       1.8933204      0.69144682      0.30847483      0.14228961       147.10655      0.97730276      0.82585941      0.60023653      0.44732931      0.80541087       1.0412548       6.9716232       1.0037469       638.00023     0.088545445      0.088545445        801.8499                 22.560733                        392.43045                          223.00905             163.84967
              2        400.7123       67.916723       3.0383412      0.96826167      0.02257828      0.11906646     0.047995993       1.0037469       1.0059373       2.0870594   2.0870594e-09       2.4119477      0.24597166      0.24730374       13.766924       1.8960336      0.69144682      0.30847483      0.14228961       147.10655       0.9779091      0.82637179      0.60060893      0.44760684      0.80591057       1.0412548       6.9716232       1.0037469       638.25657     0.088545445      0.088545445        801.2475                 22.707056                        392.41406                          223.13545             162.99094
             12       400.70167       67.916617       3.0383244      0.96826055       0.0225782      0.11906679     0.047987419       1.0037469       1.0059373       2.0870243   2.0870243e-09       2.4119618      0.24597162      0.24730371       13.766927       1.8960342      0.69144533      0.30847633      0.14228985       147.10656      0.97790322      0.82636977      0.60060557      0.44760488      0.80590509        1.041255       6.9707412       1.0037469       638.22846     0.088545445      0.088545445       801.22625                 22.705402                        392.38753                          223.13552              162.9978
              6       401.92251       67.916617       3.0358809       0.9668294       0.0225782      0.11906679     0.047987419       1.0018907       1.0059373        2.081931    2.081931e-09       2.4119618      0.24597162      0.24730371       13.766927        1.891407      0.69144533      0.30847633      0.14228985       147.10656      0.97617824      0.82491209      0.59954613      0.44681533       0.8044835        1.041255       6.9707412       1.0018907       639.84749     0.088545445      0.088545445       803.66794                 23.080898                        392.27539                           224.4912             163.82045
              3       402.43022       67.895339       3.0558949      0.96684503     0.022452645      0.11911787     0.058273069       1.0018907       1.0059373       2.1240186   2.1240186e-09       2.4341523      0.24591779      0.24724968        13.77084       1.8903532      0.69141345      0.30850816      0.14221538        147.2326      0.98734549      0.83429566      0.60632544      0.45187931      0.81355914       1.0415684        8.050558       1.0018907       637.69428     0.088545445      0.088545445       804.68335                 23.355555                        390.16958                          224.16915             166.98906
              4       401.96017       67.895339       3.0557608      0.96681589     0.022452645      0.11911787     0.058273069       1.0018907       1.0047002       2.1237337   2.1237337e-09       2.4341523      0.24591779      0.24724968        13.77084       1.8900997      0.69141345      0.30850816      0.14221538        147.2326      0.98726836      0.83423048      0.60627807        0.451844      0.81349558       1.0415684        8.050558       1.0018907       637.57522     0.088545445      0.088545445       803.74325                 23.351911                        390.17202                          224.05129             166.16804
              6       400.19074       67.698312       3.0495047       0.9654358     0.022597618      0.11977494     0.053848355       1.0018907       1.0047002       2.1104889   2.1104889e-09       2.4085565      0.24597993      0.24731205       13.766622       1.8950077      0.68786463      0.31205651      0.14301742       146.89813      0.98677142      0.84121359      0.60682546       0.4535468       0.8119055       1.0412961       7.5835888       1.0018907        639.7526     0.088545445      0.088545445       800.20439                 23.614985                        390.10702                          226.03059              160.4518
              5        398.5319       67.635628       3.0506863      0.96636983     0.022535253      0.11933225     0.055211425       1.0018907       1.0047002        2.112984    2.112984e-09       2.4195185      0.24595322      0.24728524       13.785896        1.892083      0.68838983      0.31153118      0.14251237       147.08398      0.98610923       0.8389866      0.60588216      0.45265106      0.81098494       1.0408065       7.7273539       1.0018907       635.78528     0.088545445      0.088545445       796.88671                 23.356084                        389.97553                          222.45366             161.10144
             12       398.20135       67.635628       3.0507435      0.96636572     0.022535253      0.11933225     0.055211425       1.0018907       1.0030684        2.113105    2.113105e-09       2.4195185      0.24595322      0.24728524       13.785896       1.8921913      0.68838983      0.31153118      0.14251237       147.08398      0.98613594      0.83900932      0.60589857      0.45266332       0.8110069       1.0408065       7.7273539       1.0018907       635.86453     0.088545445      0.088545445       796.22561                 23.361378                        389.97553                          222.52762             160.36107
             15       398.73676       67.635628       3.0500756      0.97609561     0.022535253      0.11933225     0.055211425       1.0026794       1.0030684        2.111694    2.111694e-09       2.4195185      0.24595322      0.24728524       13.785896       1.8909278      0.68838983      0.31153118      0.14251237       147.08398      0.98945249      0.84183105      0.60793632      0.45418571      0.81373446       1.0408065       7.7273539       1.0026794       637.56591     0.088545445      0.088545445       797.29643                 21.451918                        390.28114                          225.83284             159.73052
              1       398.27952       67.615348       3.0600834      0.97554764      0.02256245      0.11966068      0.05968326       1.0026794       1.0030684       2.1329337   2.1329337e-09       2.4147291      0.24596488      0.24729694       13.778052       1.8929412      0.68742501      0.31249595        0.142868       146.96714      0.99581783      0.84948039      0.61222863      0.45774619      0.81884658       1.0410199       8.1725367       1.0026794       638.99274     0.088545445      0.088545445       796.38195                 21.674741                        390.44401                          226.87399             157.38922
              9       398.85885       67.470772       3.0498365      0.97422685     0.022546253      0.12015846     0.053963436       1.0030058       1.0004285       2.1111891   2.1111891e-09       2.4175797      0.24595794      0.24728997       13.777898       1.8952002      0.68502612       0.3148945      0.14334958       146.85407      0.99355926      0.85249345      0.61135417      0.45796696      0.81611548       1.0411494       7.6122079       1.0030058        640.2372     0.088545445      0.088545445       797.54062                 21.721911                        390.36955                          228.14574             157.30341
              7       399.98281       67.470772       3.0514183      0.97567995     0.022546253      0.12015846     0.053963436       1.0038269       1.0004285       2.1145313   2.1145313e-09       2.4175797      0.24595794      0.24728997       13.777898       1.8982004      0.68502612       0.3148945      0.14334958       146.85407      0.99489464      0.85363923      0.61217586      0.45858249      0.81721236       1.0411494       7.6122079       1.0038269       641.67664     0.088545445      0.088545445       799.78852                  21.49845                        390.37898                          229.79921             158.11189
              5       399.63433       67.470772       3.0513938      0.97529934     0.022546253      0.12015846     0.053963436       1.0047293       1.0004285       2.1144795   2.1144795e-09       2.4175797      0.24595794      0.24728997       13.777898       1.8981539      0.68502612       0.3148945      0.14334958       146.85407      0.99473851      0.85350527      0.61207979      0.45851052      0.81708412       1.0411494       7.6122079       1.0047293       642.94386     0.088545445      0.088545445       799.09157                 21.459277                        390.40238                           231.0822             156.14771
             15       399.42419       67.476348       3.0520187      0.97537968     0.022530902      0.12011752     0.054375288       1.0047293       1.0004285       2.1158013   2.1158013e-09       2.4202861      0.24595135      0.24728336       13.778924       1.8977766      0.68520183       0.3147188      0.14329328       146.88179      0.99496371      0.85330505      0.61215824      0.45850531      0.81730287       1.0411631       7.6568531       1.0047293       642.48015     0.088545445      0.088545445       798.67129                 21.447601                        390.31489                          230.71766             156.19114
             16       399.68407       67.796343        3.054522      0.97762637     0.022418193       0.1190747     0.057344138       1.0047293       1.0004285       2.1211044   2.1211044e-09       2.4402947      0.24590304      0.24723487       13.781759       1.8912701      0.69068047      0.30924091      0.14213776       147.28229      0.99116154      0.83869817       0.6085858      0.45383297      0.81610789       1.0413164       7.9647464       1.0047293       640.03122     0.088545445      0.088545445       799.19104                  21.11601                        390.20533                          228.70988             159.15982
              4       398.95315       67.807935       3.0667529      0.97848039     0.022442767      0.11880127     0.063730287       1.0047293       1.0004285       2.1472067   2.1472067e-09       2.4359111      0.24591356      0.24724543       13.787503       1.8902464      0.69132747      0.30859394       0.1418889       147.32749      0.99584708      0.84114803      0.61119495      0.45554009      0.82003599       1.0409996       8.5803157       1.0047293       639.71457     0.088545445      0.088545445       797.72922                 21.125599                        391.45493                          227.13404             158.01465
              9       398.92863       67.807935       3.0666938      0.97841391     0.022442767      0.11880127     0.063730287       1.0047293       1.0004285       2.1470798   2.1470798e-09       2.4359111      0.24591356      0.24724543       13.787503       1.8901348      0.69132747      0.30859394       0.1418889       147.32749      0.99579241      0.84110186       0.6111614      0.45551509      0.81999097       1.0409996       8.5803157       1.0047293       639.71927     0.088545445      0.088545445       797.68017                 21.131861                        391.45493                          227.13248              157.9609
              9       399.75577       67.783962       3.0690235      0.97871365     0.022389487      0.11865111     0.065250495       1.0047293       1.0004285       2.1520877   2.1520877e-09       2.4454307      0.24589077      0.24722256       13.795191       1.8887918      0.69155187      0.30836948      0.14168546       147.42679      0.99677884      0.84123513      0.61154741      0.45571988      0.82065815       1.0409063       8.7367904       1.0047293       639.96275     0.088545445      0.088545445       799.33446                  21.09096                        392.06559                           226.8062             159.37171
             25       399.51372       67.555773       3.0660685      0.97754863     0.022343265      0.11911187     0.063304842       1.0047293       1.0016599       2.1457376   2.1457376e-09       2.4537355      0.24587104      0.24720276       13.804255       1.8905611      0.68855629      0.31136453          0.1421       147.35595      0.99861621      0.84871707      0.61312233      0.45799888      0.82078583       1.0408296       8.5690774       1.0047293       639.47866     0.088545445      0.088545445       798.85035                  21.19141                        391.43654                          226.85072             159.37168
              4       400.75619       67.764901       3.0711684      0.97878527     0.022523082      0.11872197     0.065825354       1.0047293       1.0016599       2.1567088   2.1567088e-09       2.4216665        0.245948         0.24728       13.791312       1.8906726      0.69093309      0.30898821      0.14188992       147.25912      0.99725854      0.84304112      0.61206232      0.45633221      0.82093764       1.0405813       8.7588726       1.0047293       640.79965     0.088545445      0.088545445       801.33528                 21.147259                        392.23253                          227.41987             160.53563
              3       400.56307       67.743206       3.0668277      0.97865146     0.022513616      0.11874418     0.063660396       1.0047293       1.0016599       2.1473674   2.1473674e-09       2.4233388      0.24594394      0.24727592         13.7929       1.8906522      0.69070732      0.30921394      0.14190266       147.26376      0.99532865      0.84182807      0.61089159      0.45554251       0.8192178       1.0405644       8.5542907       1.0047293       639.94037     0.088545445      0.088545445       800.94906                 21.113067                        391.43099                          227.39631             161.00869
              2       399.23112       67.750393       3.0660351      0.97834474     0.022504187      0.11886718     0.063130421       1.0047293       1.0016599       2.1456661   2.1456661e-09       2.4250064       0.2459399      0.24727186       13.789163       1.8911577      0.69052552      0.30939575      0.14201623       147.24163      0.99552755      0.84248654      0.61113588      0.45579165      0.81942497       1.0407397       8.5080457       1.0047293       639.69473     0.088545445      0.088545445       798.28515                 21.148724                        391.26349                          227.28252             158.59042
             12       399.33488       67.750393       3.0658398      0.97839009     0.022504187      0.11886718     0.063130421       1.0047293       1.0016599        2.145247    2.145247e-09       2.4250064       0.2459399      0.24727186       13.789163       1.8907883      0.69052552      0.30939575      0.14201623       147.24163      0.99544752      0.84241881      0.61108675      0.45575501       0.8193591       1.0407397       8.5080457       1.0047293         639.995     0.088545445      0.088545445       798.49267                 21.132713                        391.26502                          227.59727             158.49767
              4       397.48063       67.750393       3.0674359      0.96822774     0.022504187      0.11886718     0.063130421       1.0038831       1.0016599       2.1486737   2.1486737e-09       2.4250064       0.2459399      0.24727186       13.789163       1.8938086      0.69052552      0.30939575      0.14201623       147.24163      0.99240218      0.83984163      0.60921727      0.45436073      0.81685245       1.0407397       8.5080457       1.0038831       633.95822     0.088545445      0.088545445       794.78417                 23.076894                        391.40796                          219.47337             160.82595
             21       397.30882       67.754059       3.0669705      0.96784778     0.022480351      0.11901521     0.062773538       1.0038831       1.0016599        2.147674    2.147674e-09       2.4292296      0.24592967       0.2472616       13.785454       1.8942791      0.69028846      0.30963281      0.14214043       147.22889      0.99299587      0.84094628      0.60971496      0.45481899      0.81736324       1.0409678       8.4824326       1.0038831       634.14336     0.088545445      0.088545445       794.44055                 23.147102                        391.28328                          219.71298             160.29719
             17       397.03109       67.754059       3.0666802      0.97561746     0.022480351      0.11901521     0.062773538       1.0038831       1.0016599       2.1470507   2.1470507e-09       2.4292296      0.24592967       0.2472616       13.785454       1.8937293      0.69028846      0.30963281      0.14214043       147.22889      0.99578661       0.8433097      0.61142851      0.45609723      0.81966038       1.0409678       8.4824326       1.0038831       636.01113     0.088545445      0.088545445       793.88508                  21.68593                        391.19859                          223.12661             157.87395
              1       397.85608       67.862559       3.0670148      0.97677551     0.022506559       0.1185261     0.063510489       1.0046943       1.0016599       2.1477692   2.1477692e-09       2.4245867      0.24594091      0.24727288         13.7884       1.8915729      0.69228316      0.30763837      0.14167753       147.32953      0.99312177      0.83684485      0.60929519      0.45377219      0.81812115       1.0407081       8.5378982       1.0046943       636.05195     0.088545445      0.088545445       795.53507                 21.426104                        391.40697                          223.21887             159.48313
              1       397.88019       67.862559       3.0668693      0.97677192     0.022506559       0.1185261     0.063510489         1.00465       1.0015141       2.1474567   2.1474567e-09       2.4245867      0.24594091      0.24727288         13.7884       1.8912977      0.69228316      0.30763837      0.14167753       147.32953      0.99304817      0.83678283      0.60925003      0.45373856      0.81806052       1.0407081       8.5378982         1.00465       636.08208     0.088545445      0.088545445       795.58329                 21.423647                        391.40697                          223.25146             159.50121
              1       398.00464       67.557437       3.0611894       0.9756719     0.022403573      0.11910582     0.059523105       1.0055435       1.0009547       2.1352938   2.1352938e-09       2.4429085      0.24589679       0.2472286       13.802626       1.8956429      0.68845275      0.31146807      0.14215426       147.29034        0.994954      0.84586809      0.61093214      0.45640076      0.81778584       1.0406735       8.1839046       1.0055435       635.52639     0.088545445      0.088545445       795.83219                 21.431786                        390.45523                          223.63937              160.3058
              4       397.57671       67.522205        3.068396      0.97581518     0.022469346      0.11965436     0.062102151       1.0057053       1.0013056       2.1507376   2.1507376e-09       2.4311832      0.24592495      0.24725687       13.789055       1.8995301      0.68678013       0.3131406      0.14276857       147.07204       1.0011464      0.85502185      0.61539752      0.46035259      0.82266098        1.040975       8.4313222       1.0057053       639.17224     0.088545445      0.088545445       794.97632                 21.531617                        391.00457                          226.63606             155.80408
              1       398.47058       67.614965       3.0668604      0.97612032     0.022465253      0.11920955     0.062197648       1.0053678       1.0058079       2.1474376   2.1474376e-09       2.4319103       0.2459232       0.2472551       13.792981       1.8962533      0.68862085       0.3113001      0.14231967        147.1942       0.9977806      0.84822034      0.61284591      0.45776871      0.82045822        1.040796       8.4333459       1.0053678       637.30367     0.088545445      0.088545445       796.76407                 21.471389                        391.02596                          224.80632              159.4604
              1       398.81351       67.614965       3.0597257      0.96936503     0.022465253      0.11920955     0.062197648       1.0014015       1.0068869       2.1321708   2.1321708e-09       2.4319103       0.2459232       0.2472551       13.792981       1.8827723      0.68862085       0.3113001      0.14231967        147.1942      0.99168193      0.84303581      0.60910004      0.45497072      0.81544339        1.040796       8.4333459       1.0014015       633.43602     0.088545445      0.088545445       797.44994                  22.68865                        391.07578                          219.67159             164.01392
              9       397.57137         67.6191       3.0553853        0.968857     0.022457992      0.11921947     0.060041579       1.0007665       1.0057225       2.1229363   2.1229363e-09       2.4332011      0.24592009      0.24725198       13.792539        1.882719      0.68865312      0.31126784      0.14232233       147.19965      0.98943759      0.84107515      0.60772439       0.4539314      0.81362278       1.0408374       8.2244351       1.0007665       632.74886     0.088545445      0.088545445       794.96565                  22.80186                        390.50883                          219.43817              162.2168
              2       397.30081        67.71135       3.0643079      0.97024634     0.022451133      0.11888773     0.064899099       1.0007862       1.0037809       2.1419632   2.1419632e-09       2.4344214      0.24591715      0.24724903       13.793531       1.8812277      0.69023941      0.30968177      0.14198373       147.29522      0.99229727       0.8402093      0.60911801      0.45439166      0.81653073       1.0407812       8.6918166       1.0007862       633.77352     0.088545445      0.088545445       794.42453                  22.67733                        392.08002                          219.01616             160.65102
              2       398.01364        67.71135       3.0600229       0.9751055     0.022451133      0.11888773     0.064899099       1.0000306       1.0009856       2.1328046   2.1328046e-09       2.4344214      0.24591715      0.24724903       13.793531       1.8731839      0.69023941      0.30968177      0.14198373       147.29522      0.99200225      0.83995949      0.60893691      0.45425656      0.81628796       1.0407812       8.6918166       1.0000306       636.92212     0.088545445      0.088545445       795.85019                  21.64168                        391.95816                          223.32227             158.92808
              2       397.96354        67.71135       3.0540914      0.97302233     0.022451133      0.11888773     0.064899099      0.99697503       1.0032335       2.1201913   2.1201913e-09       2.4344214      0.24591715      0.24724903       13.793531        1.862106      0.69023941      0.30968177      0.14198373       147.29522      0.98828192      0.83680937       0.6066532      0.45255295      0.81322661       1.0407812       8.6918166      0.99697503        635.5711     0.088545445      0.088545445       795.74999                 21.997082                        392.01762                           221.5564             160.17889
              3       398.94656         67.7081       3.0520628      0.97283272     0.022419855      0.11887884     0.063799557      0.99761441       1.0036132       2.1158946   2.1158946e-09       2.4399978      0.24590375      0.24723559       13.794917       1.8624235      0.69029729      0.30962388      0.14194356       147.33241      0.98742408      0.83592229      0.60608375      0.45210702      0.81250123       1.0408424       8.5937696      0.99761441       636.23561     0.088545445      0.088545445       797.71604                 21.927379                        391.60339                          222.70485             161.48043
              5       399.05423       67.760536       3.0464788      0.97255794     0.022420182      0.11853914     0.061799803      0.99485774       1.0026414       2.1041124   2.1041124e-09       2.4399394      0.24590389      0.24723573       13.799502       1.8594748      0.69151557      0.30840572      0.14160419       147.42233      0.98255597      0.82917609      0.60273488      0.44916606      0.80880852       1.0406392       8.3932863      0.99485774       633.42847     0.088545445      0.088545445       797.93137                 22.188693                        390.90203                          220.33775              164.5029
              1       401.25706        67.76593       3.0435156      0.97066111     0.022657417      0.11965939      0.05889461      0.99328019       1.0035761       2.0978867   2.0978867e-09       2.3981125      0.24600546      0.24733766       13.762118       1.8647767      0.68860861      0.31131269      0.14296168       146.86245      0.98442477      0.83783066      0.60532337      0.45215428      0.81037911       1.0412228       8.0731907      0.99328019       642.20074     0.088545445      0.088545445       802.33703                 22.796647                        390.23558                          229.16851             160.13629
              2       403.71315       67.792733       3.0482736      0.97126261     0.022634528      0.11962853     0.061096917      0.99623112       1.0090653       2.1078922   2.1078922e-09       2.4021023       0.2459957      0.24732787       13.761191       1.8654357      0.68897176      0.31094961      0.14290792       146.89586      0.98690641      0.83922696      0.60679228      0.45311929      0.81258264       1.0413295       8.2940596      0.99623112       640.37666     0.088545445      0.088545445       807.24921                 22.382597                        390.71957                          227.27449             166.87255
              1       401.93034       67.837071       3.0532793      0.97195298     0.022649405      0.11950439     0.063781876      0.99524828       1.0082802       2.1184702   2.1184702e-09        2.399508      0.24600204      0.24733424       13.760207       1.8647565      0.68961562      0.31030585      0.14279866       146.91212      0.98868733      0.83944906      0.60777104      0.45361509      0.81431514       1.0412933       8.5479852      0.99524828       639.99193     0.088545445      0.088545445       803.68359                 22.463195                        391.54683                          225.98191             163.69166
              1       398.53136       67.106502       3.0590713      0.97164676     0.022458767      0.12076988     0.064125851      0.99668995       1.0047646       2.1307759   2.1307759e-09       2.4330633      0.24592042      0.24725231       13.796263       1.8742985      0.68043388      0.31948587      0.14387351       146.79025       1.0025303      0.86911481      0.61743707      0.46420051      0.82125834       1.0409213       8.6502895      0.99668995       640.32673     0.088545445      0.088545445       796.88564                 22.428729                        391.88284                          226.01515             156.55891
              5        397.6074       67.106502       3.0605695      0.97068152     0.022458767      0.12076988     0.064125851      0.99768629       1.0029244       2.1339706   2.1339706e-09       2.4330633      0.24592042      0.24725231       13.796263       1.8771087      0.68043388      0.31948587      0.14387351       146.79025       1.0029157      0.86944897      0.61767447      0.46437899       0.8215741       1.0409213       8.6502895      0.99768629       639.74817     0.088545445      0.088545445       795.03771                 22.579327                        391.92187                          225.24698             155.28954
              2       397.75575       67.154784       3.0635602      0.97153759     0.022391638       0.1203759     0.066067552      0.99777715       1.0028886       2.1403623   2.1403623e-09       2.4450453      0.24589169      0.24722348        13.80443       1.8754339       0.6819157      0.31800417      0.14341241       146.96811       1.0030073      0.86620957      0.61723534      0.46350987      0.82194466       1.0408296       8.8466749      0.99777715       638.13182     0.088545445      0.088545445        795.3344                 22.439513                        392.75103                          222.94127             157.20258
              1       397.54349       67.159862       3.0488844      0.96940177     0.022437203      0.12070844     0.058435304      0.99828217       1.0024088       2.1091802   2.1091802e-09       2.4369026      0.24591118      0.24724304       13.793735       1.8765383      0.68112553      0.31879435       0.1437905       146.83022      0.99623768      0.86231966      0.61347308      0.46097054      0.81642794       1.0410729       8.0961301      0.99828217       638.07251     0.088545445      0.088545445       794.90989                 22.554493                        390.27604                          225.24197             156.83738
              4       396.69421       67.154632       3.0448285      0.96913224     0.022417439      0.12055527     0.056753165      0.99744231       1.0026389       2.1006428   2.1006428e-09       2.4404295      0.24590272      0.24723455       13.798883       1.8752407      0.68145932      0.31846054      0.14361757       146.89255      0.99349677       0.8591033      0.61160124      0.45944366      0.81415004       1.0409492       7.9294343      0.99744231        635.4945     0.088545445      0.088545445       793.21132                 22.629211                        390.11786                          222.74743             157.71682
              1       396.75087       67.167827       3.0435736      0.96899052     0.022426382      0.12053935     0.056203136      0.99756186        1.002578       2.0980084   2.0980084e-09       2.4388325      0.24590654      0.24723839       13.797891       1.8749505      0.68159991      0.31831999       0.1436106       146.88681      0.99261514      0.85808426      0.61105109      0.45897972      0.81350747       1.0409491        7.871696      0.99756186        635.5962     0.088545445      0.088545445       793.32465                 22.617869                        390.04201                          222.93632             157.72845
              6       397.25107       67.167827       3.0506806      0.96650295     0.022426382      0.12053935     0.056203136      0.99974335       1.0028066        2.112972    2.112972e-09       2.4388325      0.24590654      0.24723839       13.797891       1.8883231      0.68159991      0.31831999       0.1436106       146.88681      0.99521427      0.86033113      0.61265111      0.46018155      0.81563761       1.0409491        7.871696      0.99974335       635.61936     0.088545445      0.088545445       794.32505                 23.321907                        389.97125                           222.3262             158.70569
              1       398.36102       67.167827       3.0296204      0.96962165     0.022426382      0.12053935     0.056203136      0.99137006       1.0003898       2.0689377   2.0689377e-09       2.4388325      0.24590654      0.24723839       13.797891       1.8489705      0.68159991      0.31831999       0.1436106       146.88681      0.98594906      0.85232165      0.60694747      0.45589737      0.80804421       1.0409491        7.871696      0.99137006       637.40061     0.088545445      0.088545445       796.54494                 22.399306                        390.07906                          224.92224             159.14433
              1       398.89845       67.162522       3.0272295      0.96915174     0.022458113       0.1206783     0.054890803      0.99113412       1.0043158       2.0639969   2.0639969e-09       2.4331797      0.24592014      0.24725203       13.793746       1.8494028      0.68117123      0.31874865      0.14378128         146.815      0.98508787      0.85257552      0.60659742      0.45578775      0.80730654       1.0409957       7.7339539      0.99113412       638.31253     0.088545445      0.088545445       797.61981                  22.48767                        390.10706                          225.71781             159.30728
              3       400.31007       67.643803       3.0326284      0.97049433     0.022605022      0.11976119     0.059397636      0.98782406       1.0006319       2.0751704   2.0751704e-09       2.4072598       0.2459831      0.24731522       13.771643       1.8427297      0.68737524      0.31254578      0.14301108       146.89359      0.98043778      0.83665652      0.60292384      0.45080723      0.80636942       1.0411005        8.136357      0.98782406       639.80202     0.088545445      0.088545445       800.44305                 22.748395                        390.31337                          226.74025             160.64103
              1       399.93634       67.745156       3.0374192      0.97122258     0.022593279      0.11958889     0.061854193      0.98820935       1.0011232        2.085136    2.085136e-09       2.4093167      0.24597808      0.24731018       13.767608       1.8425043      0.68871099      0.31121027      0.14282703       146.95195      0.98185148      0.83526507      0.60359885      0.45082904      0.80813688        1.041253       8.3767281      0.98820935       639.43641     0.088545445      0.088545445       799.69559                 22.655588                        390.94287                          225.83795             160.25917
              1       398.48771       67.706255       3.0344269      0.97114965     0.022529606      0.11942451     0.060565253      0.99025075       0.9993869       2.0789059   2.0789059e-09       2.4205148       0.2459508      0.24728281       13.777251       1.8417409      0.68885065      0.31107052      0.14259898       147.06588       0.9801473      0.83323898      0.60231053      0.44981628      0.80650255       1.0411285       8.2630119      0.99025075       636.44659     0.088545445      0.088545445       796.79834                  22.32696                        390.63235                          223.48729             160.35175
              1       398.74215       67.888533       3.0381377      0.97206658     0.022570561       0.1189045     0.063405338      0.98870036       1.0056175       2.0866348   2.0866348e-09       2.4133035      0.24596835      0.24730042       13.774039       1.8381175      0.69155868      0.30836291      0.14211993       147.15799      0.97852973      0.82645465      0.60081086      0.44771671      0.80625466       1.0410203       8.5196063      0.98870036       636.10673     0.088545445      0.088545445        797.3072                 22.396426                        391.38207                          222.32823             161.20048
             13       398.93493       67.888533       3.0325395      0.96920717     0.022570561       0.1189045     0.063405338      0.98617305       1.0008117       2.0749859   2.0749859e-09       2.4133035      0.24596835      0.24730042       13.774039        1.827856      0.69155868      0.30836291      0.14211993       147.15799      0.97473405      0.82324886      0.59848033      0.44598003      0.80312723       1.0410203       8.5196063      0.98617305       636.06876     0.088545445      0.088545445       797.69276                 22.925014                        391.42601                          221.71774               161.624
              2       399.08291       67.870364       3.0327099      0.96924424     0.022569096      0.11889687      0.06353306       0.9855116       1.0028106       2.0753397   2.0753397e-09       2.4135609      0.24596773      0.24729979       13.775902       1.8277007      0.69141326      0.30850829      0.14211084       147.16163      0.97487316      0.82360547      0.59855617      0.44608911      0.80313435       1.0409619       8.5320083       0.9855116       636.72136     0.088545445      0.088545445       797.98874                 23.008373                        391.47786                          222.23513             161.26737
              7       401.10035       67.870364       3.0266587       0.9670002     0.022569096      0.11889687      0.06353306      0.98229113       1.0044196       2.0628193   2.0628193e-09       2.4135609      0.24596773      0.24729979       13.775902       1.8166743      0.69141326      0.30850829      0.14211084       147.16163      0.97110034      0.82041807      0.59623972      0.44436272      0.80002618       1.0409619       8.5320083      0.98229113        638.2049     0.088545445      0.088545445       802.02361                 23.531316                        391.54634                          223.12725              163.8187
              2       401.13243       67.948704       3.0307615      0.96772129     0.022571246      0.11865632     0.065927287      0.98223629       1.0033625       2.0712999   2.0712999e-09       2.4131832      0.24596865      0.24730072       13.775419        1.815429      0.69264075      0.30728098      0.14187244       147.22301      0.97177062      0.81851629      0.59640087       0.4440401      0.80104027       1.0409363       8.7559718      0.98223629        638.8139     0.088545445      0.088545445       802.08777                 23.460667                         392.5402                          222.81304             163.27387
              1       401.20715       67.963231       3.0264643      0.96735237     0.022570273      0.11854086      0.06409328      0.98294654       1.0009551       2.0624183   2.0624183e-09       2.4133541      0.24596823       0.2473003       13.777297       1.8142872      0.69302421      0.30689755        0.141756       147.25473      0.96889534      0.81526505       0.5945142      0.44249726      0.79875552       1.0408602       8.5788735      0.98294654       636.49448     0.088545445      0.088545445        802.2372                 23.324901                        391.72074                          221.44883             165.74273
              4       401.41368       67.963231       3.0264731      0.96730004     0.022570273      0.11854086      0.06409328      0.98232869       1.0036565       2.0624365   2.0624365e-09       2.4133541      0.24596823       0.2473003       13.777297       1.8143032      0.69302421      0.30689755        0.141756       147.25473      0.96888034      0.81525243        0.594505      0.44249041      0.79874316       1.0408602       8.5788735      0.98232869       637.46495     0.088545445      0.088545445       802.65027                 23.432162                        391.74506                          222.28773             165.18532
              6       400.31864       67.963231       3.0254374      0.97630729     0.022570273      0.11854086      0.06409328      0.98365502       1.0019321       2.0603015   2.0603015e-09       2.4133541      0.24596823       0.2473003       13.777297       1.8124251      0.69302421      0.30689755        0.141756       147.25473        0.971704      0.81762837      0.59623759      0.44377998      0.80107098       1.0408602       8.5788735      0.98365502       637.99967     0.088545445      0.088545445       800.46019                  21.50742                        391.56839                          224.92386             162.46052
              1       401.12381       67.836563       3.0257606      0.97649695     0.022495449      0.11852107      0.06418078      0.98393399       1.0041264       2.0609675   2.0609675e-09       2.4265533      0.24593615       0.2472681       13.791157       1.8126937      0.69208234      0.30783913      0.14166139       147.34324       0.9729039      0.82013278      0.59687422      0.44459418       0.8013124       1.0406538       8.6048978      0.98393399       637.05089     0.088545445      0.088545445       802.07053                 21.434906                        391.63394                          223.98205             165.01963
              1       403.09662       67.836563       3.0244911      0.97588229     0.022495449      0.11852107      0.06418078      0.98204614       1.0078153       2.0583528   2.0583528e-09       2.4265533      0.24593615       0.2472681       13.791157        1.810394      0.69208234      0.30783913      0.14166139       147.34324      0.97205902      0.81942056      0.59635588      0.44420809      0.80061653       1.0406538       8.6048978      0.98204614       636.05633     0.088545445      0.088545445       806.01614                 21.667743                        391.62684                          222.76175             169.95981
              5       401.33055       67.836563        3.026561      0.97422365     0.022495449      0.11852107      0.06418078       0.9826909       1.0057577       2.0626178   2.0626178e-09       2.4265533      0.24593615       0.2472681       13.791157       1.8141452      0.69208234      0.30783913      0.14166139       147.34324      0.97245159      0.81975149      0.59659672      0.44438748      0.80093986       1.0406538       8.6048978       0.9826909       635.56213     0.088545445      0.088545445       802.48401                  21.98531                        391.68054                          221.89628             166.92187
              1       401.58194       67.701511       3.0161327      0.97282173     0.022494087      0.11873454     0.058915686      0.98393488        1.005001       2.0412199   2.0412199e-09       2.4267946      0.24593556      0.24726752       13.797416         1.81433      0.69038988      0.30953128      0.14187349       147.28804       0.9685344      0.81967029      0.59441583       0.4433702       0.7969191       1.0404799        8.095957      0.98393488       633.86775     0.088545445      0.088545445       802.98679                 21.894416                        390.33236                          221.64098             169.11903
              3       402.13442       67.701511       3.0275716      0.96963836     0.022494087      0.11873454     0.058915686      0.98788255       1.0069071       2.0647033   2.0647033e-09       2.4267946      0.24593556      0.24726752       13.797416       1.8352031      0.69038988      0.30953128      0.14187349       147.28804      0.97291464      0.82337728       0.5971041      0.44537536       0.8005232       1.0404799        8.095957      0.98788255       633.86626     0.088545445      0.088545445       804.09175                  22.69103                        390.29335                          220.88188             170.22549
              1       400.40443       66.918619       3.0141879       0.9659919     0.022402424      0.12089259     0.048525347      0.98895202         1.00291       2.0372541   2.0372541e-09       2.4431141       0.2458963       0.2472281       13.811303       1.8488284      0.67848871      0.32143059      0.14393988       146.82043      0.98000147      0.85304033      0.60363166      0.45451039      0.80167845       1.0406311         7.08799      0.98895202       637.65373     0.088545445      0.088545445       800.63176                 23.141529                        391.70837                          222.80382             162.97804
              2       400.20782       66.918619       3.0157018      0.96634505     0.022402424      0.12089259     0.048525347      0.99070186      0.99984018       2.0403405   2.0403405e-09       2.4431141       0.2458963       0.2472281       13.811303       1.8516294      0.67848871      0.32143059      0.14393988       146.82043      0.98087371      0.85379958      0.60416892      0.45491492      0.80239198       1.0406311         7.08799      0.99070186       636.77074     0.088545445      0.088545445       800.23855                 22.924398                        391.74298                          222.10336             163.46782
              5       400.60449       66.918619       3.0143281      0.96878955     0.022402424      0.12089259     0.048525347       0.9899532      0.99948653       2.0375397   2.0375397e-09       2.4431141       0.2458963       0.2472281       13.811303       1.8490876      0.67848871      0.32143059      0.14393988       146.82043       0.9811019       0.8539982      0.60430948      0.45502075      0.80257865       1.0406311         7.08799       0.9899532       638.05774     0.088545445      0.088545445        801.0319                 22.460727                        391.90764                          223.68938             162.97416
              1       401.28437       66.967678         3.01801      0.96998021     0.022313481      0.12029854     0.051158763      0.99008378       1.0011569       2.0450555   2.0450555e-09       2.4591096      0.24585833         0.24719       13.825442       1.8461593      0.68048256      0.31943686      0.14325689       147.07528      0.98079451      0.84927441      0.60340222      0.45363145      0.80262123       1.0403898       7.3743414      0.99008378       634.16201     0.088545445      0.088545445       802.39166                 22.235061                        390.80876                          221.11819             168.22964
              3       401.09327       66.967678       3.0158378      0.96811494     0.022313481      0.12029854     0.051158763      0.98907368       1.0025043        2.040618    2.040618e-09       2.4591096      0.24585833         0.24719       13.825442       1.8421533      0.68048256      0.31943686      0.14325689       147.07528      0.97904262      0.84775744      0.60232443      0.45282118       0.8011876       1.0403898       7.3743414      0.98907368        633.0417     0.088545445      0.088545445       802.00946                 22.570021                        390.77736                          219.69433             168.96775
              1       401.47502       66.985328        3.014796      0.96801753      0.02232126      0.12026527     0.050737551      0.98953245       1.0033884       2.0384933   2.0384933e-09       2.4577043      0.24586165      0.24719333        13.82455       1.8417862      0.68070773      0.31921173      0.14323139        147.0754      0.97819651      0.84659905      0.60177711      0.45232998      0.80060067       1.0403883       7.3281875      0.98953245       633.32573     0.088545445      0.088545445       802.77296                 22.508873                        390.94596                           219.8709             169.44723
              3       403.28776        67.03257        3.017588      0.96847936     0.022324857      0.12012656     0.052330664      0.99079608        1.001723       2.0441926   2.0441926e-09       2.4570548      0.24586318      0.24719487       13.823984       1.8410601       0.6814583      0.31846127      0.14309629       147.10797      0.97880417      0.84563038      0.60200889      0.45223801      0.80138046       1.0403755       7.4909627      0.99079608       635.64726     0.088545445      0.088545445       806.39842                 22.295388                        390.53361                          222.81826             170.75116
              1       401.95653       67.066706        3.018424      0.96794875     0.022469335      0.12052286     0.052437832      0.99017837       0.9986654       2.0459024   2.0459024e-09       2.4311852      0.24592495      0.24725686       13.806229       1.8422051      0.68058021      0.31933944      0.14363706       146.84338      0.97979838      0.84880589      0.60318891      0.45343651      0.80239868       1.0405186       7.4770329      0.99017837       639.41324     0.088545445      0.088545445       803.73596                 22.510402                        390.44091                          226.46192             164.32272
             10        402.3614       67.902691       3.0265105      0.97087438     0.022602179      0.11840138     0.060286793      0.98842042        1.002224       2.0625136   2.0625136e-09       2.4077576      0.24598188        0.247314       13.785618       1.8282365       0.6927099      0.30721173      0.14164843       147.25631      0.96947076      0.81613704      0.59475439      0.44278929      0.79887386       1.0404505       8.1996332      0.98842042       636.03619     0.088545445      0.088545445       804.54572                 22.252121                        390.50469                          223.27938             168.50953
              1       402.17759       67.970835       3.0184066      0.96931554     0.022682647      0.11883999     0.055618914      0.98824746       1.0029169       2.0458667   2.0458667e-09        2.393726      0.24601618      0.24734843       13.765432         1.83049       0.6922022      0.30771958      0.14216751        147.0508      0.96638838      0.81516119       0.5934058      0.44196774      0.79673336       1.0409091       7.7280211      0.98824746       639.21992     0.088545445      0.088545445       804.17809                 22.491471                        390.07997                          226.64848             164.95817
              1       400.26645        67.63065       3.0379169      0.97052703     0.022660885       0.1198804     0.063149241      0.98724808      0.99984198       2.0861741   2.0861741e-09        2.397509      0.24600693      0.24733914       13.768078       1.8386532      0.68687087      0.31305012      0.14318615       146.80048      0.98327922      0.84021804      0.60485617      0.45243436      0.80862775       1.0410411       8.4905888      0.98724808       641.32841     0.088545445      0.088545445        800.3558                 22.790646                        391.34581                          227.19195             159.02739
              3       401.71022        67.54278       3.0592657       0.9732222     0.022533551      0.11983688     0.073092615      0.98819512      0.99921642       2.1311902   2.1311902e-09       2.4198188      0.24595249       0.2472845       13.780528       1.8413433      0.68643012      0.31349066      0.14301529       146.95271      0.99597081      0.85158714      0.61248045      0.45829844      0.81853278        1.041062       9.4598959      0.98819512       644.11842     0.088545445      0.088545445       803.24335                 22.555956                        396.51212                          225.05035             159.12493
              1       400.68256       67.573063       3.0561311      0.97347246     0.022446139      0.11937796      0.07217268      0.98798564       1.0019268       2.1245202   2.1245202e-09       2.4353105      0.24591501      0.24724688       13.792658       1.8389608      0.68790758      0.31201327      0.14246897       147.17087      0.99264868       0.8453353      0.60985367      0.45579432      0.81598537       1.0408969       9.3887252      0.98798564        641.3911     0.088545445      0.088545445       801.18803                 22.446577                        395.90967                          223.03485             159.79693
              1       398.82155       67.573063       3.0665899      0.97038141     0.022446139      0.11937796      0.07217268      0.99379009       1.0036563       2.1468568   2.1468568e-09       2.4353105      0.24591501      0.24724688       13.792658       1.8582951      0.68790758      0.31201327      0.14246897       147.17087      0.99668411      0.84877185      0.61233291      0.45764726      0.81930261       1.0408969       9.3887252      0.99379009       639.08012     0.088545445      0.088545445       797.46601                 22.977672                        396.06544                          220.03701             158.38588
              2       398.97325        67.46318       3.0650777      0.97014016     0.022432529      0.11948413     0.071344004      0.99381807       1.0023422       2.1436128   2.1436128e-09       2.4377359      0.24590918      0.24724103       13.799956       1.8585649      0.68668673      0.31323387      0.14256153       147.15811      0.99695099       0.8512947      0.61259633      0.45829126      0.81885539        1.040715       9.3171175      0.99381807        638.2824     0.088545445      0.088545445       797.76941                 22.968368                         395.5914                          219.72263             159.48701
              1       399.21983        67.45054       3.0670088      0.96986674     0.022542288      0.11981562     0.072053035      0.99350107       1.0010394       2.1477564   2.1477564e-09       2.4182785      0.24595624      0.24728826       13.789096       1.8595187      0.68559943      0.31432114      0.14300277       146.94873      0.99874565      0.85541077      0.61417341      0.45986929       0.8202526       1.0407417       9.3603812      0.99350107       641.55487     0.088545445      0.088545445       798.26256                 23.121514                        395.99482                          222.43853             156.70769
              4       399.40909        67.18159       3.0537577       0.9676698     0.022521621      0.12049638     0.064508453      0.99474176        1.004752        2.119484    2.119484e-09       2.4219245      0.24594737      0.24727937       13.795245       1.8629397      0.68161456      0.31830537      0.14366287        146.7925       0.9961395      0.86118359      0.61327646      0.46064598      0.81647953       1.0407001       8.6661652      0.99474176       639.64536     0.088545445      0.088545445       798.64108                 23.130786                        392.07299                          224.44159             158.99572
              1       398.74738       67.192909       3.0612842      0.96883371     0.022441676      0.12031498     0.068150794      0.99517638       1.0037414       2.1354964   2.1354964e-09       2.4361055      0.24591309      0.24724496       13.801312       1.8633903      0.68230065       0.3176193      0.14340153       146.92865      0.99996927      0.86289002       0.6153541      0.46195729      0.81968762       1.0407514       9.0310307      0.99517638       638.93541     0.088545445      0.088545445       797.31766                 22.984622                        393.82802                          222.12277             158.38225
              1       399.11858       67.192909       3.0748474      0.96592769     0.022441676      0.12031498     0.068150794       1.0001375       1.0029002       2.1646578   2.1646578e-09       2.4361055      0.24591309      0.24724496       13.801312       1.8888358      0.68230065       0.3176193      0.14340153       146.92865        1.005671      0.86781016      0.61886281      0.46459133      0.82436143       1.0407514       9.0310307       1.0001375       639.18355     0.088545445      0.088545445       798.06007                 23.907815                        393.97198                          221.30376             158.87652
              1       399.18993       67.141062       3.0576742      0.96343844      0.02243322      0.12077243     0.058877009       1.0002126       1.0036378        2.127801    2.127801e-09       2.4376127      0.24590947      0.24724133       13.793793       1.8914336       0.6808138      0.31910603      0.14385051       146.81784      0.99881915      0.86519368      0.61512689      0.46232616      0.81842891       1.0410933       8.1421674       1.0002126        637.5728     0.088545445      0.088545445       798.20277                 24.154917                        390.32059                           223.0973             160.62996
              4       400.27903       67.141062       3.0646718      0.97485806      0.02243322      0.12077243     0.058877009       1.0055057      0.99870877       2.1427428   2.1427428e-09       2.4376127      0.24590947      0.24724133       13.793793       1.9047155       0.6808138      0.31910603      0.14385051       146.81784       1.0066514      0.87197814      0.61995044      0.46595151      0.82484666       1.0410933       8.1421674       1.0055057        642.5886     0.088545445      0.088545445       800.38097                 21.643666                        390.36919                          230.57574             157.79236
              4       400.34563       67.238155       3.0573793      0.97432447     0.022465426      0.12044078     0.056102227       1.0063902      0.99894434       2.1271736   2.1271736e-09       2.4318795      0.24592327      0.24725518       13.793212       1.9013986       0.6823973      0.31752276      0.14355107       146.86936       1.0003996      0.86331572      0.61577934      0.46224139      0.82031641       1.0409564       7.8510597       1.0063902       644.78511     0.088545445      0.088545445       800.51416                 21.509252                        390.18259                          233.09326             155.72905
              1       400.29826       67.410524       3.0625805      0.97500581     0.022540506      0.12024538     0.059088442       1.0060806       1.0019172       2.1382664   2.1382664e-09       2.4185924      0.24595547       0.2472875       13.781075       1.8999328      0.68428422      0.31563625      0.14343075        146.8376       1.0009464      0.86026792      0.61598677      0.46170875      0.82181614       1.0410748       8.1290433       1.0060806       646.29572     0.088545445      0.088545445       800.41942                 21.509648                        390.39251                          234.39356             154.12371
              2       400.60874       67.410524       3.0658768      0.97628945     0.022540506      0.12024538     0.059088442       1.0051485        1.002669       2.1453264   2.1453264e-09       2.4185924      0.24595547       0.2472875       13.781075       1.9062059      0.68428422      0.31563625      0.14343075        146.8376       1.0030865      0.86210727      0.61730382      0.46269594      0.82357328       1.0410748       8.1290433       1.0051485       642.38974     0.088545445      0.088545445       801.04038                 21.591257                          390.387                          230.41148             158.65064
              3       400.74813       67.477659       3.0685737      0.97777263     0.022315637      0.11942092     0.061098273       1.0058386       1.0037398       2.1511199   2.1511199e-09       2.4587199      0.24585925      0.24719092       13.803566       1.9036861      0.68721671      0.31270392      0.14238142       147.30482        1.002145      0.85451843      0.61559333      0.46033843      0.82320988       1.0409922       8.3662561       1.0058386       639.44356     0.088545445      0.088545445       801.31916                 21.313939                        390.82506                          227.30456              161.8756
              1       401.73506       67.477659       3.0665381      0.97843075     0.022315637      0.11942092     0.061098273         1.00775       1.0016231       2.1467455   2.1467455e-09       2.4587199      0.24585925      0.24719092       13.803566       1.8998149      0.68721671      0.31270392      0.14238142       147.30482        1.001376      0.85386271      0.61512095      0.45998519      0.82257818       1.0409922       8.3662561         1.00775       645.15547     0.088545445      0.088545445       803.29302                 20.952911                        390.79933                          233.40324             158.13755
              1       401.88019       67.683724        3.069498      0.97844859     0.022413076      0.11943101     0.062502998       1.0073919       1.0007023        2.153109    2.153109e-09        2.441209      0.24590085      0.24723268       13.782245       1.9001007      0.68888365      0.31103747      0.14248896        147.1936       1.0013208      0.85101592      0.61520316      0.45943252      0.82378784       1.0413679       8.4808057       1.0073919       646.31558     0.088545445      0.088545445       803.58328                 21.049292                        391.14967                          234.11662              157.2677
              3       402.13595       67.683724       3.0921778      0.97983349     0.022413076      0.11943101     0.062502998       1.0187746       1.0033745       2.2024992   2.2024992e-09        2.441209      0.24590085      0.24723268       13.782245       1.9436871      0.68888365      0.31103747      0.14248896        147.1936       1.0132755      0.86117613      0.62254801      0.46491764      0.83362298       1.0413679       8.4808057       1.0187746       647.46398     0.088545445      0.088545445       804.09481                  20.88759                        391.13723                          235.43916             156.63083
              3       402.51265       67.683724       3.0919199       0.9800493     0.022413076      0.11943101     0.062502998       1.0185071       1.0047687       2.2019312   2.2019312e-09        2.441209      0.24590085      0.24723268       13.782245       1.9431858      0.68888365      0.31103747      0.14248896        147.1936       1.0132283      0.86113599        0.622519      0.46489598      0.83358412       1.0413679       8.4808057       1.0185071       647.20103     0.088545445      0.088545445        804.8482                  20.87373                        391.14824                          235.17907             157.64717
              3        401.8661       66.989278       3.0955176      0.97545937     0.022487775      0.12103586     0.059195851       1.0213081       0.9993645       2.2098674   2.2098674e-09        2.427913      0.24593286       0.2472648       13.798784       1.9631314      0.67865716      0.32126231       0.1441685       146.68854       1.0241018      0.89147764      0.63104558      0.47508976      0.83819639       1.0407708        8.164861       1.0213081       648.08133     0.088545445      0.088545445       803.55512                   21.4771                        390.46483                           236.1394             155.47379
              5       400.53711       66.989278       3.0863934      0.96733868     0.022487775      0.12103586     0.059195851       1.0156678       1.0078501       2.1897959   2.1897959e-09        2.427913      0.24593286       0.2472648       13.798784       1.9453008      0.67865716      0.32126231       0.1441685       146.68854       1.0163207      0.88470421      0.62625091      0.47148004      0.83182779       1.0407708        8.164861       1.0156678       638.39865     0.088545445      0.088545445       800.89714                 23.040997                        390.43564                          224.92201             162.49849
              1       400.77821       67.437077       3.0902913      0.96832485     0.022595837      0.12009586     0.063034696       1.0132069       1.0087193        2.198348    2.198348e-09       2.4088684      0.24597917      0.24731128       13.781255       1.9379618       0.6847399      0.31518064      0.14333657        146.8157       1.0109845      0.86793723      0.62206211      0.46609413       0.8302213       1.0408557       8.4987854       1.0132069       639.14958     0.088545445      0.088545445       801.37933                 23.230398                        391.40557                          224.51362             162.22975
              3       401.34044       67.437077       3.0835653      0.97352068     0.022595837      0.12009586     0.063034696       1.0117506       1.0076446       2.1836117   2.1836117e-09       2.4088684      0.24597917      0.24731128       13.781255       1.9249709       0.6847399      0.31518064      0.14333657        146.8157       1.0095761      0.86672806      0.62119549      0.46544479      0.82906467       1.0408557       8.4987854       1.0117506       642.19534     0.088545445      0.088545445       802.50379                  21.97266                        391.34631                          228.87637             160.30845
              4       400.19346       67.796755       3.0818877      0.97409257      0.02269289      0.11942163     0.063898708       1.0105838       1.0059235       2.1799515   2.1799515e-09       2.3919485      0.24602053      0.24735279       13.764852       1.9184263      0.68933182      0.31058956      0.14275939       146.88593       1.0031138      0.85214543      0.61659698      0.46030756      0.82595175       1.0409745       8.5465195       1.0105838       642.09949     0.088545445      0.088545445       800.20983                 21.949051                        391.54492                          228.60552             158.11034
              1        400.0567       67.860254       3.0871741      0.97515111     0.022651798      0.11934475     0.066683639       1.0100283       1.0064045        2.191506    2.191506e-09       2.3990911      0.24600306      0.24733526       13.762404       1.9178825      0.69016913       0.3097524      0.14264141       146.95159       1.0058351      0.85278315      0.61814192      0.46114963      0.82858016       1.0411891       8.8209034       1.0100283       641.54621     0.088545445      0.088545445       799.93632                 21.910688                        392.69808                          226.93744             158.39011
              1       399.46694       68.085793       3.0819903      0.97639294     0.022641227      0.11890444     0.065858953       1.0078781        1.003087        2.180175    2.180175e-09       2.4009337      0.24599856      0.24733074       13.754606       1.9111158      0.69319103      0.30673102      0.14219054       147.07962        1.000516      0.84221909      0.61438656      0.45722622      0.82556692       1.0414257       8.7376027       1.0078781       640.28887     0.088545445      0.088545445       798.75679                 21.786987                        392.21019                          226.29169             158.46792
              3       399.01901       68.220182        3.079149       0.9768083     0.022654863      0.11851983     0.065537195       1.0072875       1.0019172       2.1739895   2.1739895e-09       2.3985573      0.24600437      0.24733657        13.75276       1.9069204      0.69519574      0.30472661      0.14181956       147.16639      0.99652771      0.83474923      0.61153795      0.45436096      0.82308715       1.0413853       8.6964615       1.0072875       639.21073     0.088545445      0.088545445       797.86093                 21.700208                        392.06028                          225.45024              158.6502
              2       400.10416       67.739793       3.0620201      0.97662026     0.022442098      0.11916054     0.056901858       1.0073963      0.99763926       2.1370685   2.1370685e-09       2.4360302      0.24591327      0.24724515       13.783812       1.9071907      0.68992465      0.30999659       0.1422475       147.23293      0.99499409      0.84344065      0.61105691      0.45595386       0.8189218       1.0411765       7.9161771       1.0073963        636.6646     0.088545445      0.088545445       800.03123                  21.38492                        390.23541                          225.04427             163.36663
              3       399.27981       67.727591       3.0550722      0.97632221     0.022447457      0.11920015     0.053811396       1.0069088       0.9990537       2.1222718   2.1222718e-09       2.4350758      0.24591557      0.24724745       13.783676       1.9057284      0.68971488      0.31020633      0.14229247       147.21648      0.99164974       0.8410418      0.60905117      0.45453408      0.81609575       1.0411679       7.6033784       1.0069088       636.90349     0.088545445      0.088545445       798.38252                 21.369921                        390.52446                          225.00911             161.47903
              2       400.48983       68.320423       3.0491839      0.97782919     0.022565185      0.11820941     0.053956607       1.0051629       1.0009976        2.109812    2.109812e-09       2.4142483      0.24596605      0.24729811       13.754754       1.8939898      0.69694667      0.30297591      0.14141946       147.34849      0.98075743      0.81789025      0.60143528      0.44621167      0.81065652       1.0415856        7.577693       1.0051629       637.86337     0.088545445      0.088545445       800.80256                 21.174538                        390.52344                          226.16539             162.93919
              4       401.92047       68.320423       3.0473662       0.9781871     0.022565185      0.11820941     0.053956607       1.0055738        1.000055       2.1059803   2.1059803e-09       2.4142483      0.24596605      0.24729811       13.754754       1.8905501      0.69694667      0.30297591      0.14141946       147.34849      0.98000096      0.81725941      0.60097139       0.4458675      0.81003125       1.0415856        7.577693       1.0055738       641.16523     0.088545445      0.088545445       803.66385                 21.006789                        390.54147                          229.61697             162.49863
              1       401.98143       68.320423       3.0290565      0.97511788     0.022565185      0.11820941     0.053956607      0.99546992       1.0057387       2.0677714   2.0677714e-09       2.4142483      0.24596605      0.24729811       13.754754       1.8562497      0.69694667      0.30297591      0.14141946       147.34849       0.9699285       0.8088596       0.5947946      0.44128487      0.80170574       1.0415856        7.577693      0.99546992       637.30256     0.088545445      0.088545445       803.78578                 21.517754                        390.45862                          225.32619             166.48321
              4       401.86798       68.595173       3.0274937      0.97632953     0.022571746      0.11734778     0.055328354      0.99371181       1.0065482       2.0645424   2.0645424e-09       2.4130954      0.24596886      0.24730093        13.75374       1.8482734      0.70118676      0.29873644      0.14056439       147.57118      0.96392114      0.79531382      0.59021512      0.43634739      0.79834072       1.0414689       7.7005083      0.99371181       635.36072     0.088545445      0.088545445       803.55887                 21.419079                        390.27684                           223.6648             168.19816
              3        401.0659       67.948765       3.0243694      0.97351031     0.022519978      0.11867806     0.050345943      0.99463047       1.0069687       2.0581021   2.0581021e-09       2.4222146      0.24594667      0.24727866       13.776218       1.8609598      0.69270526      0.30721647      0.14184291       147.27437      0.97133285      0.81799334      0.59610118      0.44379367      0.80067978       1.0410911       7.2233076      0.99463047       636.48284     0.088545445      0.088545445       801.95471                 21.830256                          391.428                          223.22458             165.47187
              2       401.40143       67.856902       3.0252405         0.97246     0.022569349      0.11910221     0.049578322      0.99503441      0.99956187       2.0598957   2.0598957e-09       2.4135163      0.24596783       0.2472999       13.771514       1.8654433      0.69084433      0.30907719      0.14231642       147.10699      0.97356612      0.82378447      0.59796974      0.44585737      0.80197802       1.0411371       7.1395461      0.99503441       638.41193     0.088545445      0.088545445       802.62577                 22.042492                        391.69434                          224.67509             164.21384
              2       399.47231       67.856902       3.0303078      0.97216371     0.022569349      0.11910221     0.049578322      0.99960598      0.99969029       2.0703604   2.0703604e-09       2.4135163      0.24596783       0.2472999       13.771514       1.8749201      0.69084433      0.30907719      0.14231642       147.10699      0.97592586      0.82578117      0.59941911      0.44693804      0.80392187       1.0411371       7.1395461      0.99960598        637.9481     0.088545445      0.088545445       798.76752                 21.851772                        391.76297                          224.33335             160.81943
              1       402.25123         68.7908        3.061708      0.97587855      0.02271566      0.11716644     0.067907387      0.99913056      0.99807711       2.1364017   2.1364017e-09       2.3880042      0.24603018      0.24736247       13.737482       1.8650879      0.70296295      0.29696068      0.14052696       147.45915      0.97747382      0.80332307      0.59847368      0.44179398      0.81071893       1.0414865       8.8792799      0.99913056        639.7121     0.088545445      0.088545445       804.32537                 21.767818                        392.93172                          225.01256             164.61326
              2       401.65372       68.786547       3.0615936      0.97573113     0.022724755       0.1171842     0.067772607      0.99829198        0.998679       2.1361573   2.1361573e-09       2.3864315      0.24603402      0.24736633       13.737125       1.8653773      0.70286946      0.29705416      0.14055382       147.44428      0.97740381      0.80346827       0.5984594       0.4418182      0.81063581       1.0414695       8.8647145      0.99829198       638.81434     0.088545445      0.088545445       803.13035                 21.893778                        392.89753                          224.02303             164.31601
              4       400.22532       68.786547       3.1204253      0.97216564     0.022724755       0.1171842     0.067772607       1.0265732       1.0050745       2.2656014   2.2656014e-09       2.3864315      0.24603402      0.24736633       13.737125        1.978413      0.70286946      0.29705416      0.14055382       147.44428        1.005204      0.82632121       0.6154813      0.45438478      0.83369261       1.0414695       8.8647145       1.0265732       641.33251     0.088545445      0.088545445       800.27355                 22.743574                        393.02184                           225.5671             158.94103
              1       399.15011       68.709814       3.1208738      0.97189532     0.022717296      0.11740207     0.067455504       1.0276989       1.0044002       2.2666176   2.2666176e-09       2.3877214      0.24603087      0.24736317       13.738163       1.9805561      0.70175976      0.29816369      0.14076423       147.39441       1.0069145      0.83004597      0.61675927      0.45575283      0.83464538       1.0414935       8.8411056       1.0276989       639.39455     0.088545445      0.088545445       798.12314                  22.67564                        392.84296                          223.87595             158.72859
              6       399.47829       68.709814       3.1357813      0.98017992     0.022717296      0.11740207     0.067455504       1.0355144       1.0021885       2.3006604   2.3006604e-09       2.3877214      0.24603087      0.24736317       13.738163       2.0103025      0.70175976      0.29816369      0.14076423       147.39441       1.0176841      0.83892385       0.6233559       0.4606274      0.84357245       1.0414935       8.8411056       1.0355144        639.1264     0.088545445      0.088545445       798.77949                 21.259712                         392.6446                          225.22208             159.65309
              2       399.81931       68.709814        3.133343      0.98066834     0.022717296      0.11740207     0.067455504       1.0347251       1.0000384       2.2950576   2.2950576e-09       2.3877214      0.24603087      0.24736317       13.738163       2.0054068      0.70175976      0.29816369      0.14076423       147.39441       1.0166355      0.83805943       0.6227136      0.46015277      0.84270324       1.0414935       8.8411056       1.0347251       639.28931     0.088545445      0.088545445       799.46153                 21.148596                        392.63698                          225.50373             160.17222
              6       399.29399       68.767041       3.1164463      0.98069036     0.022702286      0.11707949     0.060944461       1.0322985       1.0006738       2.2566044   2.2566044e-09       2.3903198      0.24602451      0.24735679       13.742314       1.9976516      0.70296982      0.29695376      0.14042664       147.49727       1.0061842       0.8267581      0.61594205       0.4546865      0.83438723       1.0413575       8.2190137       1.0322985       636.99614     0.088545445      0.088545445       798.41089                 21.066175                        390.52757                           225.4024             161.41474
              1       399.20593       67.989309       3.1142162      0.97861887     0.022550456      0.11877933     0.055935962       1.0343907       1.0010054       2.2515775   2.2515775e-09       2.4168396      0.24595974      0.24729178       13.769029       2.0132678      0.69278666      0.30713516      0.14197465       147.21366       1.0180863      0.85741754      0.62493851       0.4652321      0.83946947       1.0412404       7.7888036       1.0343907       638.28149     0.088545445      0.088545445       798.23477                  21.21467                        390.25103                          226.81579             159.95328
              6        396.7516       67.989309       3.1129459      0.97807344     0.022550456      0.11877933     0.055935962       1.0349641       1.0037164       2.2487191   2.2487191e-09       2.4168396      0.24595974      0.24729178       13.769029       2.0107119      0.69278666      0.30713516      0.14197465       147.21366       1.0172277      0.85669445      0.62441148      0.46483976      0.83876152       1.0412404       7.7888036       1.0349641       637.11817     0.088545445      0.088545445       793.32611                 21.173874                        390.25103                          225.69327             156.20794
              2       395.45241       67.989309       3.1312932      0.97207623     0.022550456      0.11877933     0.055935962       1.0436235       1.0043801        2.290358    2.290358e-09       2.4168396      0.24595974      0.24729178       13.769029       2.0479437      0.69278666      0.30713516      0.14197465       147.21366       1.0242553      0.86261301      0.62872529      0.46805115      0.84455619       1.0412404       7.7888036       1.0436235       633.66593     0.088545445      0.088545445       790.72773                 22.194991                        390.10148                          221.36946              157.0618
              2       395.73554       68.018041       3.1247014      0.97264982       0.0225087       0.1187157     0.053519111       1.0436597       1.0023291         2.27531     2.27531e-09       2.4242081      0.24594183      0.24727381       13.769342       2.0443463      0.69327394      0.30664795      0.14186926       147.27684       1.0209844      0.85881199      0.62660114      0.46628474      0.84203698       1.0413662       7.5530296       1.0436597       633.99877     0.088545445      0.088545445       791.29399                 21.926696                        390.41909                          221.65299             157.29521
              1       397.33164       68.011293       3.1359483      0.97310141     0.022492293      0.11871507     0.058389318       1.0428651       1.0025659       2.3010445   2.3010445e-09       2.4271123      0.24593479      0.24726674       13.770405       2.0474283      0.69324989      0.30667198      0.14185223       147.29527       1.0270747      0.86395297      0.63031997      0.46906129      0.84701782       1.0413876       8.0457622       1.0428651       635.54466     0.088545445      0.088545445       794.48618                 22.158545                        390.17594                          223.21018             158.94152
              1       397.38382       68.017341        3.135959      0.97309283     0.022495301      0.11870355     0.058413518       1.0451146      0.99900247       2.3010693   2.3010693e-09       2.4265796      0.24593608      0.24726804       13.770099       2.0473512      0.69332283      0.30659905      0.14184372       147.29497       1.0269631      0.86371259      0.63024202      0.46897539      0.84696341       1.0413857       8.0472658       1.0451146       634.64805     0.088545445      0.088545445       794.59056                 21.901314                        390.20795                          222.53878             159.94251
              3       397.03345       68.017341       3.1416659      0.97250623     0.022495301      0.11870355     0.058413518       1.0470584        1.005507       2.3142388   2.3142388e-09       2.4265796      0.24593608      0.24726804       13.770099       2.0590687      0.69332283      0.30659905      0.14184372       147.29497       1.0296673      0.86598696       0.6319016      0.47021032      0.84919368       1.0413857       8.0472658       1.0470584       633.63417     0.088545445      0.088545445       793.88982                 22.121337                        390.18416                          221.32868             160.25564
              2       397.91456       68.283152        3.139306      0.97380921     0.022498136      0.11809969     0.059080287       1.0454363       1.0000203       2.3087839   2.3087839e-09       2.4260774       0.2459373      0.24726926        13.76287       2.0514777      0.69699487      0.30292762       0.1412427       147.45238       1.0244728      0.85399054      0.62804667       0.4659364      0.84655894       1.0415307       8.1025008       1.0454363       634.62892     0.088545445      0.088545445       795.65203                  21.96547                        390.28168                          222.38176             161.02311
              1       397.09898       68.196781       3.1461322       0.9739657     0.022459598       0.1181052     0.061912417       1.0462746       1.0021119       2.3245979   2.3245979e-09       2.4329156      0.24592077      0.24725267       13.771435       2.0538626       0.6962979       0.3036244      0.14120966       147.49391       1.0287425       0.8587811      0.63062731      0.46811973      0.84954934       1.0413784       8.3884456       1.0462746       634.27182     0.088545445      0.088545445       794.02086                 21.973525                        390.87092                          221.42738             159.74904
              1       398.13178       68.087534       3.1449539      0.97359848     0.022442712      0.11835703     0.060798043       1.0463804      0.99966204       2.3218605   2.3218605e-09       2.4359208      0.24591354      0.24724541       13.774731       2.0560213      0.69481574       0.3051063      0.14144461       147.44583       1.0299974      0.86291267      0.63165903      0.46945666      0.84990408       1.0413635       8.2882849       1.0463804       634.21803     0.088545445      0.088545445       796.08648                 22.018486                        390.64178                          221.55777             161.86845
              3       397.72401       68.087534       3.1573363      0.97377823     0.022442712      0.11835703     0.060798043       1.0540704       1.0018092       2.3507895   2.3507895e-09       2.4359208      0.24591354      0.24724541       13.774731       2.0816381      0.69481574       0.3051063      0.14144461       147.44583       1.0364651      0.86833127      0.63562548      0.47240458      0.85524098       1.0413635       8.2882849       1.0540704        634.0822     0.088545445      0.088545445       795.27094                 21.854179                        390.63721                          221.59082             161.18873
              1       399.56535       68.087534       3.1659055      0.97874595     0.022442712      0.11835703     0.060798043        1.059591       1.0024852       2.3710204   2.3710204e-09       2.4359208      0.24591354      0.24724541       13.774731       2.0995527      0.69481574       0.3051063      0.14144461       147.44583       1.0428931      0.87371649      0.63956751      0.47533434      0.86054503       1.0413635       8.2882849        1.059591       639.06857     0.088545445      0.088545445       798.95361                 21.029826                        390.62371                          227.41504             159.88503
              3       399.56994        68.60639       3.1718651       0.9811971     0.022458481      0.11672588     0.067183348       1.0580247       1.0034922        2.385193    2.385193e-09       2.4331142       0.2459203      0.24725219       13.772879       2.0853013      0.70284637      0.29707685      0.13982922       147.86476       1.0353297      0.85002905      0.63310853      0.46740717      0.85755299       1.0411261       8.8671108       1.0580247       638.79769     0.088545445      0.088545445       798.96279                 20.828641                        392.55028                          225.41877              160.1651
              1       400.50118       68.644107        3.176112      0.98150265     0.022459401      0.11668302     0.069173721       1.0583532        1.003204       2.3953441   2.3953441e-09       2.4329506      0.24592069      0.24725259       13.770688       2.0858562      0.70326184      0.29666147      0.13978728       147.87515        1.037237      0.85075703       0.6342273      0.46806937      0.85936893       1.0411899       9.0529308       1.0583532       640.55292     0.088545445      0.088545445       800.82527                 20.823503                        393.52821                          226.20121             160.27234
              3       398.93767         69.4532       3.1529476      0.98279407     0.022646401      0.11523739     0.062899321       1.0541374       1.0040259       2.3404951   2.3404951e-09       2.4000315      0.24600076      0.24733295       13.733857       2.0638307      0.71274447      0.28718061      0.13852866       148.05547       1.0125956      0.81135823      0.61776166      0.45223037      0.84388287       1.0415459       8.3877222       1.0541374       638.73676     0.088545445      0.088545445       797.69826                 20.628436                        390.86186                          227.24646              158.9615
              4       399.23741         69.4532       3.1471563      0.98179493     0.022646401      0.11523739     0.062899321        1.051182       1.0003424       2.3269797   2.3269797e-09       2.4000315      0.24600076      0.24733295       13.733857        2.051913      0.71274447      0.28718061      0.13852866       148.05547       1.0092767      0.80869886      0.61573684      0.45074811       0.8411169       1.0415459       8.3877222        1.051182       638.75356     0.088545445      0.088545445       798.29772                 20.730444                        390.88717                          227.13594             159.54417
              6       400.83357        69.39822       3.1346252      0.98052904     0.022700717      0.11552624     0.056685321        1.048543       1.0090333       2.2980021   2.2980021e-09       2.3905916      0.24602385      0.24735612       13.729264       2.0517015      0.71157661      0.28834835      0.13887183       147.91645       1.0039187      0.80702935      0.61284705      0.44908802      0.83632048       1.0415583       7.7775557        1.048543       636.27676     0.088545445      0.088545445       801.49004                 20.956634                         390.2658                          225.05433             165.21328
              1       403.55353       68.483119       3.1583054      0.97782112     0.022587279      0.11754418     0.061663635       1.0532551       1.0120633       2.3530687   2.3530687e-09       2.4103687      0.24597551      0.24730761       13.757871       2.0800523      0.69975621      0.30016673      0.14077632       147.50121       1.0311119      0.85371857      0.63159429      0.46749701      0.85329177       1.0413057       8.3237029       1.0532551       634.75854     0.088545445      0.088545445       806.92997                 21.413338                        390.75729                          222.58792             172.17143
              2       402.53438       68.483119       3.1579955      0.97828423     0.022587279      0.11754418     0.061663635       1.0542122       1.0112446       2.3523396   2.3523396e-09       2.4103687      0.24597551      0.24730761       13.757871       2.0794078      0.69975621      0.30016673      0.14077632       147.50121       1.0311354      0.85373804       0.6316087      0.46750767      0.85331123       1.0413057       8.3237029       1.0542122       634.68832     0.088545445      0.088545445       804.89167                 21.240593                        390.72419                          222.72354             170.20335
              6       402.23761       68.365832       3.1511877      0.97817272     0.022537005      0.11774529     0.058363153       1.0541276       1.0111531       2.3363797   2.3363797e-09       2.4192096      0.24595397      0.24728599       13.764145       2.0789777      0.69840241      0.30152027      0.14092717       147.50358        1.029632      0.85521892      0.63085667      0.46747655      0.85133713       1.0413003       8.0163405       1.0541276       634.60889     0.088545445      0.088545445       804.29814                 21.152862                        390.26032                           223.1957             169.68925
              2       396.04806       68.365832       3.1561245      0.97824383     0.022537005      0.11774529     0.058363153        1.056676       1.0027588       2.3479424   2.3479424e-09       2.4192096      0.24595397      0.24728599       13.764145       2.0892666      0.69840241      0.30152027      0.14092717       147.50358       1.0322048      0.85735592      0.63243304      0.46864467      0.85346442       1.0413003       8.0163405        1.056676       634.56916     0.088545445      0.088545445       791.91903                 21.148322                        390.26032                          223.16051             157.34988
              2       397.10201       68.496405       3.1446625      0.97671485     0.022670275      0.11722788     0.053901378       1.0559301       1.0055933       2.3211839   2.3211839e-09       2.3958755      0.24601093      0.24734315       13.763067       2.0839698      0.70036993      0.29955304      0.14054302       147.49323       1.0211454      0.84399269      0.62523012      0.46254961      0.84512599        1.040795       7.5324239       1.0559301       633.61213     0.088545445      0.088545445       794.02692                 21.267898                        390.55511                          221.78912             160.41479
              1       396.57678       68.590547       3.1463468      0.97740218      0.02265561       0.1168995     0.055454158       1.0557622        0.999601       2.3250969   2.3250969e-09       2.3984272      0.24600469      0.24733689       13.764115       2.0810101      0.70192103      0.29800216      0.14019998       147.59746       1.0201449      0.83981246      0.62423602      0.46121527      0.84487795       1.0407609       7.6860294       1.0557622       633.13166     0.088545445      0.088545445       792.97647                 21.180902                        390.32857                          221.62218             159.84481
              2       396.77764       68.719399       3.1499764      0.97754101     0.022704074      0.11671002     0.057427601       1.0551389       1.0049437       2.3335514   2.3335514e-09       2.3900101      0.24602527      0.24735755       13.756573         2.08035      0.70333642      0.29658706      0.14005896        147.5942       1.0200383      0.83692013      0.62401383      0.46050279      0.84558285       1.0408162       7.8679877       1.0551389        633.1337     0.088545445      0.088545445       793.37819                 21.275886                        390.20277                          221.65505             160.24449
              6       397.11674       68.719399       3.1467808      0.97842003     0.022704074      0.11671002     0.057427601       1.0526233       1.0026675       2.3261062   2.3261062e-09       2.3900101      0.24602527      0.24735755       13.756573       2.0737126      0.70333642      0.29658706      0.14005896        147.5942       1.0187538      0.83586621      0.62322802      0.45992288      0.84451802       1.0408162       7.8679877       1.0526233       634.08291     0.088545445      0.088545445       794.05639                 21.232315                        390.19597                          222.65462             159.97349
              7       397.87581       68.259619        3.158146       0.9768447     0.022679692      0.11828441     0.058758124       1.0546642       1.0027208       2.3526936   2.3526936e-09       2.3942392      0.24601493      0.24734717       13.754987       2.0918412      0.69599981      0.30392263      0.14160897       147.20135       1.0349972      0.86516458      0.63490958      0.47141418       0.8551083       1.0411899       8.0314231       1.0546642       636.53174     0.088545445      0.088545445       795.57453                 21.579415                        390.24753                           224.7048             159.04278
              2       397.35453       68.152565       3.1595941      0.97592257     0.022711266      0.11862613     0.058394888       1.0564295       1.0004331        2.356103    2.356103e-09       2.3887647      0.24602832      0.24736061       13.754336        2.096395      0.69424033      0.30568187      0.14198226       147.07576       1.0374907      0.87108174      0.63685821      0.47354382      0.85649599        1.041151       7.9941671       1.0564295       636.78214     0.088545445      0.088545445       794.53197                  21.61535                        390.21204                          224.95475             157.74983
              7       396.25368       68.152565        3.154592      0.97248769     0.022711266      0.11862613     0.058394888       1.0535593       1.0009086       2.3443471   2.3443471e-09       2.3887647      0.24602832      0.24736061       13.754336        2.085935      0.69424033      0.30568187      0.14198226       147.07576       1.0335416        0.867766      0.63443403      0.47174129      0.85323577        1.041151       7.9941671       1.0535593       635.76963     0.088545445      0.088545445       792.33026                 22.212127                        390.15902                          223.39849             156.56063
              5       396.27976       68.155163        3.153855      0.97240178     0.022716823      0.11860871     0.058083225       1.0535197        1.000648       2.3426198   2.3426198e-09       2.3878032      0.24603067      0.24736297       13.754427       2.0856977      0.69428918      0.30563303       0.1419704       147.07417       1.0329724      0.86717996      0.63407142      0.47145283      0.85278217       1.0411261        7.961865       1.0535197       635.81881     0.088545445      0.088545445       792.38242                 22.218473                        390.14805                          223.45229             156.56361
              1       397.63697       68.155163       3.1050605      0.97388381     0.022716823      0.11860871     0.058083225        1.026946       1.0020783       2.2310569   2.2310569e-09       2.3878032      0.24603067      0.24736297       13.754427       1.9863702      0.69428918      0.30563303       0.1419704       147.07417       1.0086465      0.84675833      0.61913938      0.46035037       0.8326996       1.0411261        7.961865        1.026946       638.26309     0.088545445      0.088545445       795.09684                 22.098176                        390.16676                          225.99815             156.83375
              2       397.37136        67.70493       3.0882919       0.9715767     0.022655985      0.11948527     0.057494303       1.0208498        1.000291       2.1939572   2.1939572e-09       2.3983619      0.24600485      0.24733705       13.772294       1.9556415      0.68843023      0.31149094      0.14278612        146.9099       1.0063818      0.85657359      0.61863472       0.4621635      0.82808122        1.040863       7.9313741       1.0208498       639.88553     0.088545445      0.088545445       794.56563                 22.116974                        390.13957                          227.62898              154.6801
              3       398.20845        67.70493        3.067765      0.96798746     0.022655985      0.11948527     0.057494303       1.0100516       1.0002157       2.1493811   2.1493811e-09       2.3983619      0.24600485      0.24733705       13.772294       1.9159073      0.68843023      0.31149094      0.14278612        146.9099      0.99474947       0.8466728      0.61148417      0.45682154      0.81850976        1.040863       7.9313741       1.0100516       638.78642     0.088545445      0.088545445       796.23981                 22.841675                        390.07248                          225.87226              157.4534
              2       397.56423       67.662225       3.0665822      0.96780728     0.022654541      0.11961672     0.056348172       1.0082824       1.0014061       2.1468403   2.1468403e-09       2.3986133      0.24600423      0.24733643       13.772574       1.9180342      0.68775284      0.31216822      0.14291613       146.87686      0.99497488      0.84825405       0.6117619      0.45727725      0.81843699       1.0408768       7.8196799       1.0082824       638.68999     0.088545445      0.088545445       794.95137                 23.150599                        389.98345                          225.55594             156.26138
              2       396.30037       67.662225       3.0867253      0.97159682     0.022654541      0.11961672     0.056348172        1.020013       1.0008503       2.1905227   2.1905227e-09       2.3986133      0.24600423      0.24733643       13.772574        1.957061      0.68775284      0.31216822      0.14291613       146.87686       1.0064927      0.85807345      0.61884366       0.4625707      0.82791124       1.0408768       7.8196799        1.020013       638.10392     0.088545445      0.088545445       792.42365                 22.211804                         390.1068                          225.78532             154.31973
              1       398.63949       67.662225       3.0424431       0.9727916     0.022654541      0.11961672     0.056348172      0.99767007       1.0023346       2.0956379   2.0956379e-09       2.3986133      0.24600423      0.24733643       13.772574       1.8722888      0.68775284      0.31216822      0.14291613       146.87686       0.9848998      0.83966466      0.60556722      0.45264688      0.81014953       1.0408768       7.8196799      0.99767007       639.35148     0.088545445      0.088545445       797.10189                 22.003635                        390.08475                           227.2631             157.75041
              4       398.30708       67.784645       3.0479729      0.97378018     0.022657634      0.11941554     0.057245201      0.99946417       1.0019787       2.1072584   2.1072584e-09       2.3980747      0.24600555      0.24733775       13.767048       1.8792963      0.68931079      0.31061056      0.14271804        146.9265      0.98642928      0.83794803      0.60629735      0.45262624      0.81214134        1.041023       7.9054198      0.99946417        638.7796     0.088545445      0.088545445       796.43706                 21.902674                        390.10993                          226.76699             157.65746
              4       397.68296       67.901222       3.0536877      0.97480033      0.02262568      0.11902071     0.053674522       1.0066578       1.0005951       2.1193356   2.1193356e-09       2.4036472      0.24599193      0.24732408       13.768257       1.9036129      0.69130236      0.30861926      0.14229125        147.0661      0.98733463      0.83459304      0.60639962      0.45197527      0.81358543       1.0410385       7.5475765       1.0066578        637.3543     0.088545445      0.088545445       795.18882                 21.610227                        390.47682                          225.26725             157.83452
              5       397.73343       68.221206       3.0632969      0.97621517     0.022616254      0.11793246     0.057301704       1.0096164       1.0053705       2.1397989   2.1397989e-09       2.4052947       0.2459879      0.24732004       13.769705       1.9081009      0.69654989      0.30337246      0.14119358       147.36541      0.98557959      0.82228204      0.60415091      0.44837302      0.81405059       1.0408658       7.8955882       1.0096164       634.47564     0.088545445      0.088545445       795.28978                 21.403527                        390.21048                          222.86163             160.81414
              1       395.46735       68.221206       3.1180405      0.97437796     0.022616254      0.11793246     0.057301704       1.0371207      0.99888931       2.2602047   2.2602047e-09       2.4052947       0.2459879      0.24732004       13.769705       2.0154691      0.69654989      0.30337246      0.14119358       147.36541       1.0122184      0.84450712      0.62048023      0.46049189      0.83605319       1.0408658       7.8955882       1.0371207       632.66019     0.088545445      0.088545445       790.75761                 21.737508                        390.10545                          220.81724             158.09742
              1       396.46848       68.364987       3.1217287      0.97420846     0.022730542      0.11798527     0.057377087       1.0380246       0.9987714       2.2685562   2.2685562e-09       2.3854318      0.24603647      0.24736878       13.752407       2.0226113      0.69746742      0.30245526      0.14136068       147.22438       1.0127933      0.84357479      0.62101627      0.46054096      0.83740913       1.0410556        7.878631       1.0380246       635.21681     0.088545445      0.088545445       792.75988                 21.900268                        390.08512                          223.23142             157.54307
              4       400.46114       67.066874       3.0739378      0.96750189     0.022646231       0.1211202     0.060485505       1.0077683      0.99797191       2.1626899   2.1626899e-09       2.4000612      0.24600069      0.24733288       13.785291       1.9162722      0.67886052      0.32105913      0.14441129       146.49186       1.0089339      0.87828235       0.6219608      0.46817614      0.82626006       1.0406809       8.2560511       1.0077683       645.28916     0.088545445      0.088545445       800.74518                 23.122271                        390.63043                          231.53646             155.45602
              6       400.68658       67.150369       3.0758138      0.96754668     0.022651628      0.12077871      0.05896485       1.0098318      0.99715644       2.1667507   2.1667507e-09       2.3991206      0.24600299      0.24733519       13.786892       1.9257182      0.68040398      0.31951587       0.1440752       146.57516       1.0077181      0.87397158      0.62084953      0.46677702      0.82577788       1.0405637       8.0990171       1.0098318       642.69175     0.088545445      0.088545445       801.19607                  23.16505                        390.28487                          229.24183             158.50432
              2       400.78795       66.998089        3.079769      0.97043712     0.022434863      0.12104706     0.061598545       1.0116148      0.99922705       2.1753377   2.1753377e-09       2.4373198      0.24591018      0.24724203       13.799122        1.923193      0.67883459       0.3210849      0.14412679       146.74405       1.0145947      0.88282078      0.62514211      0.47058028      0.83046969       1.0409455       8.4150491       1.0116148       645.42698     0.088545445      0.088545445        801.3988                 22.276239                        391.03534                           232.1154             155.97182
              2       399.01946       67.240482       3.0879387      0.97145539     0.022479669      0.12057261      0.06331225       1.0139702      0.99961329       2.1931824   2.1931824e-09       2.4293507      0.24592938      0.24726131       13.789052       1.9323351      0.68209619      0.31782388      0.14369715       146.81887       1.0152745      0.87691524      0.62509426      0.46934494      0.83252806        1.041064       8.5630216       1.0139702       642.94946     0.088545445      0.088545445       797.86183                 22.229959                        391.52351                          229.19599             154.91237
              2       398.64251       67.240482       3.1207801      0.97131198     0.022479669      0.12057261      0.06331225       1.0279256       1.0010252       2.2664053   2.2664053e-09       2.4293507      0.24592938      0.24726131       13.789052       1.9968492      0.68209619      0.31782388      0.14369715       146.81887       1.0320276      0.89138529      0.63540899      0.47708964      0.84626567        1.041064       8.5630216       1.0279256       639.49535     0.088545445      0.088545445       797.10792                 22.617042                        391.54677                          225.33154             157.61257
              7       398.06356       67.064893        3.111756      0.96959905     0.022491529       0.1208613      0.06368818       1.0243198      0.99977815       2.2460449   2.2460449e-09       2.4272478      0.24593447      0.24726641        13.79663        1.977423      0.67976113      0.32015852      0.14399769       146.73006       1.0288872      0.89337705      0.63380641       0.4767579      0.84258819       1.0408069       8.6012546       1.0243198       639.97117     0.088545445      0.088545445       795.95003                 22.724066                        391.71096                          225.53614             155.97887
              7       398.29364       67.074718       3.1109313      0.96916972     0.022514858      0.12082253     0.062576854       1.0236641       1.0043312       2.2441935   2.2441935e-09       2.4231193      0.24594447      0.24727646       13.796168       1.9801894      0.67988927      0.32003041      0.14398225       146.71446       1.0278572      0.89222666      0.63315496      0.47622022      0.84180636        1.040736       8.4868061       1.0236641       639.34199     0.088545445      0.088545445       796.41018                 22.967281                        391.33117                          225.04354             157.06819
              1       401.61817       67.074718       3.0909511      0.96829499     0.022514858      0.12082253     0.062576854       1.0146413       1.0086791       2.1997991   2.1997991e-09       2.4231193      0.24594447      0.24727646       13.796168       1.9410175      0.67988927      0.32003041      0.14398225       146.71446       1.0173043      0.88306625      0.62665442      0.47133091      0.83316362        1.040736       8.4868061       1.0146413       639.25915     0.088545445      0.088545445       803.05925                 22.985044                        391.33148                          224.94263              163.8001
              1        398.5462       67.074718       3.0964616      0.96704583     0.022514858      0.12082253     0.062576854       1.0173045       1.0051328       2.2119545   2.2119545e-09       2.4231193      0.24594447      0.24727646       13.796168        1.951743      0.67988927      0.32003041      0.14398225       146.71446       1.0196309      0.88508583      0.62808758      0.47240884      0.83506907        1.040736       8.4868061       1.0173045       638.72004     0.088545445      0.088545445       796.91531                   23.2692                        391.36802                          224.08282             158.19528
              4        398.7661       67.018186       3.0980139      0.96828474       0.0223796      0.12060489     0.061080377       1.0204765      0.99775592       2.2153908   2.2153908e-09       2.4472036      0.24588655      0.24721832       13.810788       1.9606344       0.6801347      0.31978484      0.14362935       146.92125       1.0210653      0.88534555      0.62858545      0.47269259       0.8358914       1.0406898       8.3692668       1.0204765       634.92775     0.088545445      0.088545445       797.35511                  22.82599                        390.87802                          221.22374             162.42735
             19       398.20856       67.059473       3.1037102      0.96982088     0.022329053      0.12062554     0.059691046       1.0240579      0.99914336       2.2280464   2.2280464e-09       2.4562975      0.24586498      0.24719667       13.807897       1.9773213      0.68059492      0.31932472      0.14359946       146.97192        1.024931      0.88781988      0.63093242      0.47428674      0.83931447        1.040965       8.2449963       1.0240579       634.89037     0.088545445      0.088545445       796.24003                 22.578486                        390.52377                          221.78812             161.34965
             14       398.47298       67.075112       3.1042239      0.96988739     0.022328373      0.12057085     0.059536912       1.0239312      0.99951625       2.2291911   2.2291911e-09       2.4564203      0.24586469      0.24719638       13.807996       1.9789471      0.68086691      0.31905276      0.14354409       146.98706       1.0248681      0.88718829      0.63083285      0.47411089      0.83936078       1.0409568       8.2288929       1.0239312       635.09583     0.088545445      0.088545445       796.76887                 22.639674                        390.44581                          222.01035             161.67305
              1       398.04273       67.075112       3.1183445      0.96912087     0.022328373      0.12057085     0.059536912       1.0312211       1.0039793       2.2608919   2.2608919e-09       2.4564203      0.24586469      0.24719638       13.807996       2.0070893      0.68086691      0.31905276      0.14354409       146.98706       1.0318312      0.89321601      0.63511884      0.47733208      0.84506355       1.0409568       8.2288929       1.0312211       634.60166     0.088545445      0.088545445       795.90837                 22.787098                        390.49006                          221.32451              161.3067
             10       399.43001       67.526396       3.1305195      0.97014442     0.022381016      0.11915887     0.058566843       1.0402679      0.99779833       2.2885866   2.2885866e-09       2.4469495      0.24588715      0.24721893        13.80457       2.0356206      0.68809938      0.31182137      0.14218475        147.3014       1.0285001      0.87507907      0.63156435      0.47194792       0.8451643       1.0406945       8.0954066       1.0402679       631.59493     0.088545445      0.088545445       798.68293                 22.526635                        390.26482                          218.80348               167.088
              2       400.46595       67.526396       3.1326186      0.97439783     0.022381016      0.11915887     0.058566843       1.0410414      0.99841873       2.2933955   2.2933955e-09       2.4469495      0.24588715      0.24721893        13.80457        2.039898      0.68809938      0.31182137      0.14218475        147.3014       1.0312407      0.87741084      0.63324724      0.47320549      0.84741635       1.0406945       8.0954066       1.0410414       634.42177     0.088545445      0.088545445       800.75481                 21.812272                         390.2493                           222.3602             166.33305
              5       397.10002       67.664045       3.1345523      0.97373529     0.022523583      0.11925142     0.060540294       1.0406367      0.99825834       2.2978347   2.2978347e-09       2.4215779      0.24594822      0.24728021       13.785876       2.0357955      0.68885353      0.31106754      0.14241987        147.1183       1.0307435       0.8759709      0.63320343      0.47288652      0.84787062       1.0408364       8.2584201       1.0406367       634.48882     0.088545445      0.088545445       794.02295                 21.933282                        390.57033                          221.98521             159.53413
              1       396.28745        67.61362       3.1323707      0.97337312     0.022516449      0.11931026     0.059984531       1.0397306       1.0038981       2.2928272   2.2928272e-09       2.4228381      0.24594516      0.24727714       13.788968       2.0336182      0.68827617      0.31164478      0.14247158       147.11071       1.0300689      0.87653268      0.63284642      0.47283901      0.84699991       1.0407661       8.2064536       1.0397306       634.35529     0.088545445      0.088545445       792.39782                 22.006559                        390.48349                          221.86524             158.04253
              3        396.5171       68.015028       3.1473884      0.97553841     0.022528677      0.11827977     0.058194244       1.0519029       1.0052317       2.3275199   2.3275199e-09       2.4206786       0.2459504      0.24728241       13.780942       2.0717937      0.69414592      0.30577596      0.14145331       147.37054       1.0311675      0.86513827      0.63238634      0.47025488      0.85041643       1.0408451       8.0096631       1.0519029       633.17872     0.088545445      0.088545445        792.8571                 21.479628                        390.24537                          221.45373             159.67838
              5       397.77883       68.015028       3.0844999      0.97673274     0.022528677      0.11827977     0.058194244       1.0201185       1.0055664       2.1856535   2.1856535e-09       2.4206786       0.2459504      0.24728241       13.780942       1.9455143      0.69414592      0.30577596      0.14145331       147.37054      0.99970312      0.83874002      0.61309013      0.45590584       0.8244674       1.0408451       8.0096631       1.0201185       636.22736     0.088545445      0.088545445       795.38056                 21.231113                        390.25799                          224.73826             159.15321
              5       398.94536       68.218573       3.0910338      0.97749926     0.022562788      0.11782473     0.059277322       1.0202336       1.0072661       2.1999809   2.1999809e-09       2.4146696      0.24596502      0.24729708       13.774339       1.9540303      0.69687283      0.30304952      0.14103239       147.45365      0.99968408      0.83323441      0.61262186      0.45453872      0.82568442       1.0408807       8.1008971       1.0202336       635.12848     0.088545445      0.088545445       797.71363                 21.410093                         390.3229                          223.39549             162.58515
             10       395.74361       68.455615       3.1009325      0.97875675     0.022599514      0.11742715     0.054809077       1.0319532       1.0014168       2.2218659   2.2218659e-09       2.4082243      0.24598075      0.24731286       13.763169       1.9911835      0.69973853      0.30018435      0.14067153       147.51883       1.0016829      0.82922984      0.61345374      0.45407629      0.82877149       1.0410679       7.6427751       1.0319532       634.56744     0.088545445      0.088545445       791.31013                 21.013778                        390.43325                          223.12041             156.74269
              6       401.10068         68.8963       3.1190188       0.9807751     0.022677758      0.11665187     0.042538554       1.0542182       1.0012319       2.2624169   2.2624169e-09        2.394575      0.24601411      0.24734634       13.743258       2.0778975      0.70503586        0.294888      0.13997449       147.63913       1.0048018      0.82122205      0.61460008      0.45290476      0.83402359       1.0413456       6.3372891       1.0542182        643.3268     0.088545445      0.088545445       802.02426                 20.697058                        398.39017                          224.23957             158.69747
              1        401.3422         68.8963       3.1169679      0.98024229     0.022677758      0.11665187     0.042538554       1.0531348      0.99991192       2.2577818   2.2577818e-09        2.394575      0.24601411      0.24734634       13.743258       2.0736404      0.70503586        0.294888      0.13997449       147.63913       1.0035657      0.82021181      0.61384402      0.45234762      0.83299761       1.0413456       6.3372891       1.0531348       643.03711     0.088545445      0.088545445       802.50731                 20.750885                        398.36925                          223.91697             159.47019
              1       401.22267       68.963178       3.1174653      0.97984468     0.022781428      0.11689779     0.047897301       1.0467329      0.99997301       2.2589051   2.2589051e-09        2.376667      0.24605787      0.24739027       13.727821       2.0525555      0.70487261      0.29505141      0.14032409       147.45783       1.0039223      0.82131077      0.61444519      0.45285333      0.83369793       1.0415413       6.8911325       1.0467329       640.10124     0.088545445      0.088545445       802.26826                 20.951077                        393.46097                           225.6892             162.16702
              1       397.78154       67.575741        3.067649       0.9739652     0.022539465      0.11964103     0.056042967       1.0119595      0.99902004       2.1491317   2.1491317e-09       2.4187759      0.24595503      0.24728705       13.782738       1.9212537      0.68715186      0.31276901      0.14282536       146.99782      0.99922928      0.85281095      0.61428016      0.45938035      0.82141108       1.0409403        7.815381       1.0119595       639.48914     0.088545445      0.088545445       795.38599                 21.629947                        390.15755                          227.70164             155.89685
              2         398.174        67.72299       3.0747123      0.97544624     0.022509117      0.11926595     0.057524394       1.0119303        1.000913       2.1643654   2.1643654e-09       2.4241344      0.24594201      0.24727399       13.780622       1.9291479      0.68939481      0.31052639      0.14241993       147.13053       1.0009746      0.84970988      0.61491595      0.45902928      0.82374185       1.0410648       7.9645633       1.0119303       637.11127     0.088545445      0.088545445       796.17091                 21.704878                         390.2243                           225.1821             159.05964
              2       401.40252        67.72299       3.1374808      0.97450468     0.022509117      0.11926595     0.057524394       1.0427618       1.0017649       2.3045737   2.3045737e-09       2.4241344      0.24594201      0.24727399       13.780622       2.0541188      0.68939481      0.31052639      0.14241993       147.13053       1.0325176      0.87648612      0.63429332      0.47349431      0.84969978       1.0410648       7.9645633       1.0427618        640.5931     0.088545445      0.088545445       802.62795                 22.018762                        390.18009                          228.39425             162.03485
              1        399.8895       67.691432         3.13503       0.9737563     0.022562957        0.119517     0.058208626       1.0406897       1.0031422       2.2989326   2.2989326e-09       2.4146401       0.2459651      0.24729715       13.775158       2.0462885      0.68843975      0.31148138      0.14272482       147.00449       1.0320309      0.87829273      0.63433337      0.47388786      0.84910135       1.0410955        8.024468       1.0406897       639.96974     0.088545445      0.088545445       799.60192                 22.159445                        390.19523                          227.61506             159.63218
              5       398.32512        67.75765       3.1363302      0.97370281     0.022580451       0.1193047     0.057520983       1.0440973       1.0077017       2.3019237   2.3019237e-09       2.4115668      0.24597259      0.24730467       13.774547       2.0517707      0.68947271      0.31044857      0.14253002       147.04116       1.0310906      0.87530126      0.63353906      0.47290163      0.84874256       1.0410252       7.9485068       1.0440973       635.36286     0.088545445      0.088545445       796.47315                 21.944485                        390.15653                          223.26185             161.11029
              3       397.93893       67.964952       3.1430176      0.97474876     0.022622052      0.11896926      0.06476241       1.0404448       1.0056729       2.3173691   2.3173691e-09       2.4042811      0.24599038      0.24732253        13.76409       2.0358383      0.69200023      0.30792153      0.14223618       147.08373       1.0318853      0.87088512      0.63370037      0.47205649      0.85069513       1.0411835       8.6386528       1.0404448       637.42687     0.088545445      0.088545445       795.70077                 21.983195                        391.85417                           223.5895              158.2739
              2       398.55812       68.880585       3.1733022      0.97881579     0.022669926      0.11641558     0.067020391       1.0570156       1.0062187       2.3886231   2.3886231e-09       2.3959363      0.24601078        0.247343       13.751328       2.0889808      0.70541579      0.29450804      0.13973037       147.71131        1.030414      0.84108228      0.62999117      0.46409699       0.8551852       1.0410652       8.7926179       1.0570156       635.70083     0.088545445      0.088545445       796.93915                 21.385112                        392.44283                          221.87289             161.23833
              1       398.37106       68.880585       3.1639064       0.9808752     0.022669926      0.11641558     0.067020391       1.0531073       1.0059843       2.3662852   2.3662852e-09       2.3959363      0.24601078        0.247343       13.751328       2.0694451      0.70541579      0.29450804      0.13973037       147.71131       1.0263985      0.83780461      0.62753612      0.46228842      0.85185257       1.0410652       8.7926179       1.0531073       636.12231     0.088545445      0.088545445       796.56502                 21.005576                         392.4128                          222.70394             160.44271
              1        397.5151       68.880585       3.1458428      0.98006713     0.022669926      0.11641558     0.067020391       1.0441231       1.0049672       2.3239253   2.3239253e-09       2.3959363      0.24601078        0.247343       13.751328       2.0323991      0.70541579      0.29450804      0.13973037       147.71131       1.0168534      0.83001331      0.62170024      0.45798929      0.84393063       1.0410652       8.7926179       1.0441231        636.4095     0.088545445      0.088545445       794.85311                 21.067369                        392.42688                          222.91526              158.4436
              3       396.31933       68.500029       3.1339672      0.97836446     0.022573438      0.11696936     0.054014885       1.0503602       1.0009096       2.2964905   2.2964905e-09        2.412798      0.24596959      0.24730166       13.772476       2.0613319      0.70115897      0.29876401      0.14018766       147.67047       1.0156669      0.83749653       0.6214823      0.45947389      0.84061414       1.0407773       7.5606455       1.0503602       632.94865     0.088545445      0.088545445       792.46157                  21.04217                        390.56567                          221.34081             159.51292
              3        395.9456       68.522053       3.1364571      0.97880431     0.022583164       0.1171019     0.052060047       1.0533133       1.0015947       2.3022156   2.3022156e-09       2.4110907      0.24597375      0.24730584       13.766625       2.0745658      0.70104804      0.29887499      0.14032993       147.62409       1.0176833      0.83957469      0.62287406       0.4605456      0.84241841       1.0409598       7.3625983       1.0533133       634.08064     0.088545445      0.088545445       791.71411                 20.985933                        391.20177                          221.89294             157.63347
             15       396.71906       68.522053        3.134999      0.97908333     0.022583164       0.1171019     0.052060047       1.0519876       1.0044392       2.2988613   2.2988613e-09       2.4110907      0.24597375      0.24730584       13.766625       2.0715431      0.70104804      0.29887499      0.14032993       147.62409       1.0170506      0.83905267      0.62248677      0.46025925      0.84189461       1.0409598       7.3625983       1.0519876       634.59676     0.088545445      0.088545445       793.26104                   20.9988                        391.20177                          222.39619             158.66428
              1       396.25438       68.286099       3.1254895      0.97767934     0.022566406      0.11759077     0.053286994       1.0453366       1.0043133       2.2771038   2.2771038e-09       2.4140336      0.24596657      0.24729864       13.774638        2.046908      0.69796603      0.30195647      0.14080204       147.51204       1.0155187      0.84410182      0.62207128      0.46113303      0.83917795       1.0408233       7.4983247       1.0453366       633.66364     0.088545445      0.088545445       792.33167                 21.177193                        390.74204                           221.7444             158.66803
              1       396.34256       68.052347       3.1172762      0.97656455     0.022534015      0.11807464     0.051828283       1.0424417       1.0040053        2.258478    2.258478e-09       2.4197368      0.24595269       0.2472847       13.783076       2.0360966      0.69491267       0.3050093      0.14125353       147.41906       1.0148296      0.84974247      0.62214692      0.46235039      0.83717199       1.0407251        7.363577       1.0424417       633.91828     0.088545445      0.088545445       792.50803                 21.252709                        391.10792                          221.55764             158.58975
              2       396.80996       68.052347       3.1229803      0.96961059     0.022534015      0.11807464     0.051828283       1.0452237       1.0032926       2.2713973   2.2713973e-09       2.4197368      0.24595269       0.2472847       13.783076       2.0477439      0.69491267       0.3050093      0.14125353       147.41906        1.015036      0.84991526      0.62227343       0.4624444      0.83734221       1.0407251        7.363577       1.0452237       632.00647     0.088545445      0.088545445       793.44282                 22.387106                        390.73195                          218.88741             161.43635
              2       396.82734       68.054854       3.1234018      0.96972715     0.022527705      0.11806251     0.051477016       1.0458317       1.0033138        2.272355    2.272355e-09       2.4208502      0.24594998      0.24728199       13.783357       2.0500469      0.69497496      0.30494701      0.14123508       147.42933       1.0152694      0.84997014      0.62239623      0.46251205      0.83755022       1.0407359       7.3286517       1.0458317       632.05129     0.088545445      0.088545445       793.47758                 22.353975                        390.88055                          218.81677             161.42629
              5       397.74281       67.999995       3.1217343      0.96960537     0.022517515      0.11820605     0.052348866       1.0425423       1.0000966       2.2685689   2.2685689e-09       2.4226497      0.24594561       0.2472776       13.784597       2.0430657      0.69419423      0.30572762      0.14136843       147.40245        1.015478      0.85175961      0.62267099      0.46301206      0.83738459       1.0407508       7.4225118       1.0425423       633.87174     0.088545445      0.088545445       795.30853                 22.568731                        390.55343                          220.74957             161.43679
              3       397.88687       67.934015       3.1187524      0.96909328     0.022514931       0.1183146     0.052222395       1.0408061       1.0034963       2.2618143   2.2618143e-09       2.4231065       0.2459445      0.24727649       13.787578       2.0374978       0.6933703      0.30655139       0.1414744       147.37646       1.0146582      0.85272152      0.62228483       0.4630363      0.83630249       1.0406761       7.4116161       1.0408061       634.54315     0.088545445      0.088545445       795.59665                 22.683546                        390.56671                           221.2929             161.05349
              1       397.57307       67.977876       3.1160923      0.96799379     0.022621532      0.11842631     0.058992061       1.0325829       1.0030546       2.2558058   2.2558058e-09        2.404372      0.24599015       0.2473223       13.777719       2.0047575      0.69329344      0.30662835       0.1416927        147.2282       1.0124463      0.85132963      0.62116772      0.46223407      0.83474879        1.040651       8.0690907       1.0325829       635.31095     0.088545445      0.088545445       794.96904                 23.114822                        390.24706                          221.94907             159.65809
             12       397.36109       67.909699       3.1157838      0.96862369     0.022567073      0.11859333      0.06231534       1.0297076      0.99870637         2.25511     2.25511e-09       2.4139164      0.24596686      0.24729892       13.780719       1.9908627      0.69243323      0.30748841      0.14180527       147.24436       1.0141706      0.85450314      0.62234915      0.46343763      0.83575102       1.0407643       8.4091533       1.0297076       633.77972     0.088545445      0.088545445       794.54508                 22.968295                        391.06655                          219.74488             160.76536
              4       396.82909       67.882663       3.1157806      0.96898783     0.022516584      0.11850179     0.062468583       1.0299008       1.0030324       2.2551026   2.2551026e-09       2.4228143      0.24594521       0.2472772       13.786998       1.9902461      0.69249639      0.30742518      0.14166324       147.32483       1.0143288       0.8543082      0.62229035      0.46337001      0.83571502       1.0407167       8.4344255       1.0299008       632.68483     0.088545445      0.088545445       793.48109                 22.846835                        391.10612                          218.73187             160.79627
              1       398.24755       68.779612       3.1418986      0.97230349     0.022728556      0.11668119     0.065664214       1.0420209       1.0000504       2.3147774   2.3147774e-09       2.3857747      0.24603563      0.24736794       13.751369       2.0298971      0.70386481       0.2960588      0.14005461       147.57463       1.0132672      0.83039534      0.61986676      0.45723855      0.84033772       1.0409011        8.655329       1.0420209       636.48276     0.088545445      0.088545445       796.31801                 22.400195                        392.06096                           222.0216             159.83524
              1       400.81175       68.836179       3.1445814      0.97238349     0.022723949      0.11636839     0.064342575       1.0460202      0.99755792       2.3209958   2.3209958e-09       2.3865709      0.24603368      0.24736599       13.755064       2.0407373      0.70502117      0.29490257      0.13973721       147.66369       1.0126893      0.82734405       0.6191619      0.45627204      0.84020369       1.0407446       8.5254179       1.0460202       636.06927     0.088545445      0.088545445       801.44642                 22.225114                        391.46506                          222.37909             165.37715
              4       399.73725       68.836179       3.1412016      0.97304563     0.022723949      0.11636839     0.064342575       1.0434417      0.99816256       2.3131644   2.3131644e-09       2.3865709      0.24603368      0.24736599       13.755064       2.0338516      0.70502117      0.29490257      0.13973721       147.66369        1.011236      0.82615679      0.61827338      0.45561728      0.83899797       1.0407446       8.5254179       1.0434417       635.66414     0.088545445      0.088545445        799.2974                 22.202808                        391.45811                          222.00322             163.63326
             10       399.08649       68.836179       3.1485958      0.97593842     0.022723949      0.11636839     0.064342575       1.0464057       1.0052279       2.3303319   2.3303319e-09       2.3865709      0.24603368      0.24736599       13.755064       2.0489461      0.70502117      0.29490257      0.13973721       147.66369       1.0161091      0.83013794      0.62125277      0.45781284        0.843041       1.0407446       8.5254179       1.0464057       636.06801     0.088545445      0.088545445        797.9959                 21.807314                        391.40871                          222.85199             161.92788
              2       396.50811       68.073807       3.1325852      0.97235361     0.022657279      0.11822981     0.059603491       1.0411844       1.0025224       2.2933191   2.2933191e-09       2.3981366       0.2460054       0.2473376        13.77357       2.0356052      0.69450416      0.30541785      0.14153195        147.2407       1.0207418       0.8558581      0.62607955      0.46542866      0.84218192        1.040637       8.1174364       1.0411844       634.23378     0.088545445      0.088545445       792.83914                 22.230572                        390.33306                          221.67015             158.60536
              3       396.87534       68.369554       3.1393834      0.97406922     0.022676514      0.11765718     0.055762892       1.0484708       1.0034656       2.3089625   2.3089625e-09       2.3947912      0.24601358      0.24734581       13.762413       2.0652938       0.6983253      0.30159739      0.14097856        147.3717       1.0203064      0.84769117      0.62519985      0.46331436      0.84364933       1.0408598        7.724644       1.0484708       635.37959     0.088545445      0.088545445       793.57359                 21.949135                        390.10887                          223.32159             158.19401
              1       397.12619       68.369554       3.1459274      0.97020034     0.022676514      0.11765718     0.055762892       1.0520843       1.0019631       2.3241219   2.3241219e-09       2.3947912      0.24601358      0.24734581       13.762413       2.0788535       0.6983253      0.30159739      0.14097856        147.3717       1.0221385      0.84921336      0.62632251      0.46414632      0.84516426       1.0408598        7.724644       1.0520843       635.54726     0.088545445      0.088545445        794.0753                 22.627859                        390.05328                          222.86613             158.52803
              5       396.61857       68.284045       3.1427909      0.96992995     0.022662681      0.11790073     0.056684886       1.0492527        1.002016       2.3168437   2.3168437e-09       2.3971964       0.2460077      0.24733991       13.763729       2.0685254      0.69707662      0.30284587      0.14120827        147.3222       1.0222646      0.85194845       0.6266548      0.46487242      0.84473979       1.0408999       7.8235214       1.0492527       635.12342     0.088545445      0.088545445       793.06004                 22.700468                        389.96952                          222.45343             157.93662
              6       395.65094       68.284045       3.1462428      0.97201683     0.022662681      0.11790073     0.056684886       1.0514509       1.0022302        2.324855    2.324855e-09       2.3971964       0.2460077      0.24733991       13.763729       2.0756781      0.69707662      0.30284587      0.14120827        147.3222       1.0248462      0.85409992      0.62823732      0.46604639      0.84687306       1.0408999       7.8235214       1.0514509        633.7938     0.088545445      0.088545445       791.12479                 22.259397                        390.07996                          221.45445             157.33099
              5       397.08271       67.840153       3.1385638      0.97016151     0.022607082      0.11901051     0.046479185        1.057475       1.0008335       2.3070708   2.3070708e-09       2.4068992      0.24598398      0.24731611        13.77447       2.1022754      0.69080891      0.30911257      0.14226246        147.0894       1.0286729      0.87039536      0.63175671      0.47106304      0.84726779       1.0408937       6.8038626        1.057475       637.08301     0.088545445      0.088545445       793.98833                 22.241116                        393.55288                          221.28901             156.90532
              2       397.33601       67.784251       3.1257734      0.97150328       0.0224818      0.11928313     0.050871092       1.0464382      0.99924024       2.2777505   2.2777505e-09       2.4289726      0.24593029      0.24726223       13.775442       2.0574064      0.68997803      0.30994331       0.1424098       147.15633       1.0253954      0.86936203      0.62990683      0.46999895      0.84422022       1.0413358       7.2952766       1.0464382       635.18139     0.088545445      0.088545445       794.49493                 22.038742                        391.10818                          222.03447             159.31354
              3       397.29622       69.119621        3.161396       0.9767509     0.022754293      0.11646493     0.058384232       1.0599843        1.002552       2.3603524   2.3603524e-09       2.3813347      0.24604648      0.24737883       13.726602       2.1002208      0.70716989      0.29275446      0.13986409       147.60394       1.0220799      0.83124597      0.62504515      0.45976644      0.84973891       1.0416101       7.9481206       1.0599843       635.39826     0.088545445      0.088545445       794.41536                  21.50392                        390.15135                          223.74299              159.0171
              4        396.9918       69.133978        3.163071       0.9768698     0.022694983      0.11605179      0.05250961       1.0682983       1.0001631       2.3643093   2.3643093e-09       2.3915857      0.24602142      0.24735368        13.73826       2.1286047         0.70828      0.29164439      0.13939164       147.78117       1.0210446      0.82765551      0.62388405      0.45847672      0.84896635       1.0413597       7.3695692       1.0682983       634.93825     0.088545445      0.088545445       793.80651                 21.266607                        391.02333                          222.64832             158.86826
              7       397.57607       69.219021       3.1656763      0.97708133     0.022718754      0.11584271     0.053888484        1.068456       1.0055261       2.3704771   2.3704771e-09       2.3874691      0.24603148      0.24736378       13.735851       2.1282803      0.70938313      0.29054145      0.13920633       147.81091       1.0206985      0.82506541      0.62346524      0.45773516      0.84920046       1.0413248       7.5001491        1.068456        634.7216     0.088545445      0.088545445       794.97505                 21.268389                        390.61746                          222.83575             160.25345
              6       396.39356       69.102582       3.1615181      0.97677707      0.02268526      0.11611346     0.053601624       1.0662375       1.0027491       2.3606406   2.3606406e-09       2.3932724      0.24601729      0.24734954       13.739603       2.1206651      0.70790607      0.29201825      0.13944358       147.77543        1.020781      0.82820828      0.62378109      0.45854789      0.84855443       1.0413583       7.4827698       1.0662375       634.49846     0.088545445      0.088545445       792.61002                 21.299147                        390.67682                          222.52249             158.11157
              1       398.09954       68.869757       3.1499908      0.97653069     0.022624241      0.11690912     0.056620128       1.0555075       1.0056534        2.333585    2.333585e-09       2.4038986      0.24599131      0.24732347       13.740032       2.0837423      0.70437891       0.2955449      0.14017823       147.62989       1.0208217      0.83582656      0.62462597      0.46054907      0.84715752       1.0416799       7.8109825       1.0555075       635.11481     0.088545445      0.088545445         796.022                 21.451103                        390.16312                          223.50059             160.90719
             12       399.44454       69.078995       3.1546228      0.97775535     0.022621504      0.11639983     0.053675819       1.0622609       1.0055312       2.3444192   2.3444192e-09       2.4043768      0.24599014      0.24732229       13.735586       2.1057803      0.70724006      0.29268421       0.1396662       147.76966       1.0199184      0.82906515      0.62350256      0.45860424      0.84769265         1.04176       7.5091533       1.0622609       636.69115     0.088545445      0.088545445         798.712                  21.16373                        390.67727                          224.85015             162.02085
              2       398.82536       69.078995       3.1218935      0.98014845     0.022621504      0.11639983     0.053675819       1.0450133       1.0027785       2.2689302   2.2689302e-09       2.4043768      0.24599014      0.24732229       13.735586       2.0379752      0.70724006      0.29268421       0.1396662       147.76966       1.0042912      0.81636226       0.6139493      0.45157754      0.83470436         1.04176       7.5091533       1.0450133       637.41509     0.088545445      0.088545445       797.47363                 20.866286                        390.76159                          225.78721             160.05855
              8       398.56389       69.100882       3.1251144      0.97978006     0.022684953      0.11648301     0.054862333       1.0450997       1.0039863       2.2762498   2.2762498e-09       2.3933257      0.24601716      0.24734941        13.72965       2.0397038      0.70711841      0.29280591      0.13981283       147.67642       1.0056278      0.81788414      0.61492765      0.45234415      0.83594761       1.0417517       7.6158752       1.0450997       636.71627     0.088545445      0.088545445       796.95069                 20.962902                        390.45572                          225.29765             160.23442
              3       398.54471       68.484156       3.1046229      0.97749028     0.022557871      0.11785353     0.059607517       1.0283493       1.0010616       2.2300808   2.2300808e-09       2.4155345      0.24596292      0.24729497       13.750147       1.9794574      0.69916843      0.30075452      0.14105626       147.45143       1.0056236      0.83408888      0.61628778       0.4563905      0.83220538       1.0417135       8.1365595       1.0283493       637.21498     0.088545445      0.088545445       796.91233                 21.305287                        390.38461                          225.52508             159.69735
              2       398.28866       68.275225        3.098725      0.97680931     0.022491504      0.11821733     0.056726423       1.0279052       1.0043367       2.2169666   2.2169666e-09       2.4272523      0.24593446       0.2472664       13.760549       1.9791887      0.69668636      0.30323611       0.1413537       147.42845       1.0057826      0.83913025      0.61670988      0.45764228      0.83106632       1.0416489       7.8727882       1.0279052       636.84078     0.088545445      0.088545445       796.40023                 21.320212                        390.17505                          225.34552             159.55944
              4       398.83194       68.275225       3.1346484      0.97580626     0.022491504      0.11821733     0.056726423       1.0454212       1.0061533       2.2980554   2.2980554e-09       2.4272523      0.24593446       0.2472664       13.760549       2.0515804      0.69668636      0.30323611       0.1413537       147.42845       1.0236181       0.8540105      0.62764597      0.46575762      0.84580357       1.0416489       7.8727882       1.0454212       635.78456     0.088545445      0.088545445       797.48679                 21.578205                        390.15198                          224.05438             161.70223
              3       398.59903       68.272686       3.1339454      0.97576231     0.022494976      0.11822901     0.058820625       1.0445165       1.0015588       2.2964404   2.2964404e-09        2.426637      0.24593595       0.2472679       13.760361       2.0415698      0.69663131      0.30329116      0.14136885       147.42147       1.0232862      0.85385728      0.62745932      0.46564025      0.84551367       1.0416448         8.08006       1.0445165       637.21045     0.088545445      0.088545445       797.02098                 21.465287                        390.26568                          225.47948             159.81053
              5       396.98434       67.937483       3.1260889      0.97416823     0.022439345      0.11885826     0.058112163       1.0389481       1.0030489       2.2784693   2.2784693e-09       2.4365208       0.2459121      0.24724396       13.774511       2.0284654      0.69238748      0.30753422      0.14194247       147.31623       1.0239706      0.86305247      0.62851492      0.46804645      0.84399958       1.0414549       8.0330547       1.0389481        634.8737     0.088545445      0.088545445       793.79158                 21.835625                        390.19727                          222.84081             158.91788
              8       397.60964       67.827393       3.1250161      0.97376424     0.022357575      0.11870775     0.050648152       1.0473721       1.0046245       2.2760262   2.2760262e-09       2.4511599      0.24587715      0.24720888       13.790643       2.0567657      0.69189299      0.30802846      0.14171019       147.44735       1.0235618      0.86325529      0.62800678      0.46785582      0.84297873       1.0411776        7.289421       1.0473721        634.3636     0.088545445      0.088545445        795.0422                 21.581356                        391.31343                          221.46881              160.6786
              1       398.86538       67.827393       3.1573575      0.97362446     0.022357575      0.11870775     0.050648152       1.0639322       1.0044112       2.3508394   2.3508394e-09       2.4511599      0.24587715      0.24720888       13.790643       2.1243718      0.69189299      0.30802846      0.14171019       147.44735       1.0401927      0.87728158      0.63821071      0.47545761      0.85667556       1.0411776        7.289421       1.0639322       634.17191     0.088545445      0.088545445       797.55367                 21.655725                        391.35229                          221.16389             163.38176
             10       399.38662       67.827393       3.1580545      0.97383982     0.022357575      0.11870775     0.050648152       1.0636189       1.0049771       2.3524785   2.3524785e-09       2.4511599      0.24587715      0.24720888       13.790643        2.125853      0.69189299      0.30802846      0.14171019       147.44735       1.0406406      0.87765927      0.63848548       0.4756623      0.85704438       1.0411776        7.289421       1.0636189       634.89452     0.088545445      0.088545445       798.59615                 21.692941                        391.34962                          221.85196             163.70163
              3       400.44069       67.186498       3.1469013      0.97020258     0.022351544      0.12024009     0.050345106       1.0581599        1.003817       2.3263866   2.3263866e-09       2.4522449      0.24587457       0.2472063       13.806364       2.1035493      0.68260562      0.31731432       0.1432365       147.04847       1.0446288      0.90060549      0.64265136      0.48233397      0.85625478       1.0408863       7.2813166       1.0581599       636.06035     0.088545445      0.088545445       800.70429                 22.070019                        391.18872                           222.8016             164.64394
              6        401.3928       66.993908        3.146189      0.96868681     0.022372492      0.12060383     0.049749757        1.057836       1.0041201         2.32473     2.32473e-09       2.4484792      0.24588351      0.24721527       13.813187       2.1045557      0.67992102      0.31999846      0.14362119        146.9294       1.0462805      0.90759009      0.64409918      0.48443969      0.85637853       1.0406343       7.2192888        1.057836       636.18127     0.088545445      0.088545445        802.6085                 22.336363                        391.41386                          222.43105             166.42723
              2       401.45825       66.945594       3.1467145      0.96828501     0.022384732       0.1207299     0.048364938       1.0593096      0.99979342        2.325952    2.325952e-09       2.4462831      0.24588874      0.24722052       13.813771        2.111502      0.67915024      0.32076913       0.1437595        146.8827       1.0471874      0.91001714      0.64481263      0.48526803      0.85681172       1.0405889       7.0722125       1.0593096       637.02118     0.088545445      0.088545445       802.73942                 22.390826                        392.03692                          222.59344             165.71823
              2       402.26562       66.945594       3.1144708      0.97484177     0.022384732       0.1207299     0.048364938       1.0430529       1.0010391       2.2521509   2.2521509e-09       2.4462831      0.24588874      0.24722052       13.813771       2.0445053      0.67915024      0.32076913       0.1437595        146.8827       1.0329901      0.89767952      0.63607054      0.47868897      0.84519543       1.0405889       7.0722125       1.0430529        645.8535     0.088545445      0.088545445       804.35415                 21.274772                        392.45051                          232.12822             158.50065
              7       401.69021       67.036312        3.112653      0.97491565     0.022465597      0.12078884     0.064788468       1.0249713       1.0012901       2.2480605   2.2480605e-09       2.4318491      0.24592335      0.24725525        13.80185        1.974847      0.67970695      0.32021263       0.1438993       146.77773       1.0313538      0.89546418      0.63521735      0.47783941      0.84442821       1.0407132       8.7124993       1.0249713       647.55692     0.088545445      0.088545445       803.20334                  21.64959                        392.06886                          233.83847             155.64642
              2        398.1366       67.036312       3.0915071      0.96841938     0.022465597      0.12078884     0.064788468       1.0133555       1.0014652       2.2010224   2.2010224e-09       2.4318491      0.24592335      0.24725525        13.80185       1.9335256      0.67970695      0.32021263       0.1438993       146.77773       1.0180072      0.88387607      0.62699707      0.47165574      0.83350056       1.0407132       8.7124993       1.0133555       639.66918     0.088545445      0.088545445       796.09611                  22.93282                        392.21343                          224.52293             156.42693
              2        398.6528       66.895043       3.0912823       0.9677307     0.022396427      0.12073664     0.055648688          1.0227       1.0001001       2.2005277   2.2005277e-09       2.4441876      0.24589373      0.24722553       13.817809        1.968752      0.67862396      0.32129529      0.14377793       146.86798       1.0184871      0.88604813      0.62716037      0.47217686      0.83301443       1.0404142       7.8245657          1.0227       634.98082     0.088545445      0.088545445       797.12851                 22.714242                        390.04672                          222.21986             162.14769
              1       398.81496       66.868385       3.0905713       0.9676141     0.022392241      0.12079432     0.055685571       1.0222551       1.0000688       2.1989636   2.1989636e-09       2.4449373      0.24589194      0.24722374       13.818752       1.9672075      0.67824804      0.32167114      0.14383142       146.85747        1.018529      0.88684066      0.62724449      0.47237824      0.83288268       1.0404049         7.83017       1.0222551       635.10825     0.088545445      0.088545445       797.45282                 22.734376                        390.03807                          222.33581             162.34457
              1       397.51234       67.399692       3.0997532        0.971313     0.022386263      0.11985769     0.047273922       1.0349807       1.0023708       2.2192472   2.2192472e-09       2.4460087      0.24588939      0.24722117       13.796731       2.0190361       0.6853757      0.31454475      0.14288882       147.11065       1.0175139      0.87171473      0.62559019      0.46850102      0.83535162       1.0410359       6.9444269       1.0349807       636.79025     0.088545445      0.088545445       794.84759                 22.066924                        392.84062                          221.88271             158.05734
              1        397.8743       68.489296       3.1370781      0.97449461      0.02277735      0.11804799     0.052219842       1.0506691        1.003479       2.3036458   2.3036458e-09       2.3773676      0.24605616      0.24738855       13.738439       2.0751912      0.69833111      0.30159185      0.14147021       147.15583        1.020168      0.84830407      0.62565935      0.46365275      0.84427327       1.0413708       7.3533256       1.0506691       638.03315     0.088545445      0.088545445       795.57151                 21.827863                        390.85213                          225.35316             157.53835
              9       397.49709       68.638066       3.1393025      0.97528775     0.022779317      0.11766537      0.05383649       1.0506785       1.0036076       2.3087758   2.3087758e-09       2.3770296      0.24605699      0.24738938       13.735644       2.0730987      0.70044539       0.2994779      0.14108955       147.25537       1.0188379      0.84276555      0.62442287      0.46192343      0.84408776       1.0414014       7.5106268       1.0506785       636.99943     0.088545445      0.088545445       794.81708                 21.728981                         390.4453                          224.82515             157.81766
              2       396.74861        68.70522       3.1440848       0.9752454     0.022783169      0.11727611     0.050350013       1.0580019       1.0027846       2.3198436   2.3198436e-09       2.3763681       0.2460586        0.247391       13.740205       2.0976124      0.70184715      0.29807629      0.14070415       147.35482       1.0187587         0.83956      0.62394748      0.46103075      0.84443491       1.0411765       7.1491723       1.0580019       636.61671     0.088545445      0.088545445       793.32013                 21.574376                        391.66658                          223.37575             156.70342
              3       397.18539        68.70522       3.1577673      0.97627436     0.022783169      0.11727611     0.050350013       1.0657096       1.0036807       2.3518029   2.3518029e-09       2.3763681       0.2460586        0.247391       13.740205       2.1265101      0.70184715      0.29807629      0.14070415       147.35482       1.0261577      0.84565758       0.6284791      0.46437914      0.85056789       1.0411765       7.1491723       1.0657096        636.5419     0.088545445      0.088545445       794.19368                 21.381196                        391.75918                          223.40152             157.65178
              1       396.95644       67.771202       3.1197321      0.97355276      0.02241121       0.1185787     0.059672768       1.0357961       0.9993495       2.2640314   2.2640314e-09       2.4415426      0.24590005      0.24723187       13.797714       2.0093303      0.69154607      0.30837525      0.14163477       147.42181       1.0198467      0.86063681      0.62564411      0.46622681      0.83957111       1.0407359       8.1879028       1.0357961       632.13103     0.088545445      0.088545445       793.73579                 21.771361                        390.43759                          219.92208             161.60475
              2       397.26221       67.771202       3.1173326      0.97379738      0.02241121       0.1185787     0.059672768       1.0345996      0.99876752       2.2586054   2.2586054e-09       2.4415426      0.24590005      0.24723187       13.797714       2.0045147      0.69154607      0.30837525      0.14163477       147.42181       1.0187185      0.85968478      0.62495203      0.46571107      0.83864238       1.0407359       8.1879028       1.0345996       632.32772     0.088545445      0.088545445       794.34732                 21.726948                        390.43466                          220.16612              162.0196
              4       396.91177       67.771202       3.0765816      0.97241222      0.02241121       0.1185787     0.059672768       1.0138541       1.0033338        2.168415    2.168415e-09       2.4415426      0.24590005      0.24723187       13.797714       1.9244707      0.69154607      0.30837525      0.14163477       147.42181      0.99764659       0.8419024      0.61202505      0.45607795      0.82129526       1.0407359       8.1879028       1.0138541       632.15943     0.088545445      0.088545445       793.64645                  21.94112                         390.4041                          219.81421             161.48702
              2       397.63131       67.771202       3.0835789      0.96935396      0.02241121       0.1185787     0.059672768       1.0170224       1.0027714       2.1836413   2.1836413e-09       2.4415426      0.24590005      0.24723187       13.797714        1.937984      0.69154607      0.30837525      0.14163477       147.42181      0.99998215      0.84387335      0.61345784      0.45714566      0.82321797       1.0407359       8.1879028       1.0170224       631.21565     0.088545445      0.088545445       795.08552                 22.541871                        390.42458                           218.2492             163.86987
              2       397.82921       67.211957       3.0669878      0.96742145     0.022305279      0.11997152     0.057611045       1.0081482       1.0033126       2.1477112   2.1477112e-09       2.4605925      0.24585482      0.24718648       13.812642       1.9139719      0.68354295      0.31637706      0.14292166       147.17071       1.0015009      0.86129115      0.61578042      0.46182466       0.8210595       1.0408011       8.0315917       1.0081482       631.81872     0.088545445      0.088545445       795.48133                 22.979328                        390.16294                          218.67644             163.66261
              3       397.10861       67.566082       3.0894672      0.96763673     0.022552711      0.11971501     0.047854936       1.0301042       1.0031663       2.1965373   2.1965373e-09       2.4164427       0.2459607      0.24729275       13.781234       1.9960541      0.68687134       0.3130495      0.14291259       146.96365       1.0081038      0.86101798      0.61983042      0.46363492      0.82864714       1.0409548       6.9703913       1.0301042       637.16582     0.088545445      0.088545445       794.04013                 22.678701                        392.42054                          222.06658             156.87431
              3       398.85284       67.566082       3.0866204      0.96762192     0.022552711      0.11971501     0.047854936       1.0293289      0.99801036       2.1902929   2.1902929e-09       2.4164427       0.2459607      0.24729275       13.781234       1.9903797      0.68687134       0.3130495      0.14291259       146.96365       1.0066642      0.85978843      0.61894529      0.46297285      0.82746381       1.0409548       6.9703913       1.0293289       638.31665     0.088545445      0.088545445       797.52859                 22.591379                        392.42538                          223.29989             159.21194
              1       401.07114       68.549209       3.1126063      0.97113261     0.022784075      0.11763751     0.059337209       1.0340239      0.99779645       2.2479556   2.2479556e-09       2.3762126      0.24605898      0.24739138       13.744118       1.9964024      0.69971745      0.30020564      0.14106645        147.2575       1.0038919      0.83167949       0.6152376      0.45540478      0.83116675        1.041096       8.0531616       1.0340239       640.90202     0.088545445      0.088545445       801.96519                 22.227087                        390.25035                          228.42459             161.06317
              5       403.03414       68.957229       3.1139436      0.97433855     0.022707615      0.11664662     0.060050053       1.0360547      0.99848113       2.2509639   2.2509639e-09       2.3893967      0.24602677      0.24735905       13.737212        1.996226      0.70550512      0.29441888      0.13999911       147.60726      0.99924105      0.81586844      0.61122567      0.45023888      0.82977466       1.0414444        8.123787       1.0360547       642.18456     0.088545445      0.088545445       805.89119                 21.598403                        390.34637                          230.23978             163.70664
              2       398.09318       68.957229        3.114554      0.97439127     0.022707615      0.11664662     0.060050053       1.0329806       1.0060696       2.2523382   2.2523382e-09       2.3893967      0.24602677      0.24735905       13.737212       1.9974448      0.70550512      0.29441888      0.13999911       147.60726      0.99956632      0.81613402      0.61142463      0.45038544      0.83004476       1.0414444        8.123787       1.0329806        635.9047     0.088545445      0.088545445       796.00926                 21.964427                        390.33834                          223.60193             160.10457
              4       395.96778       67.989573        3.093317       0.9693835     0.022607011      0.11862745     0.061431761       1.0188442       1.0005612       2.2050098   2.2050098e-09       2.4069115      0.24598395      0.24731608       13.771598       1.9500761      0.69299525      0.30692657      0.14187933       147.19095       1.0026726      0.84392183       0.6153737      0.45803383      0.82676162       1.0409356       8.3148935       1.0188442       634.67264     0.088545445      0.088545445       791.75847                 22.834946                        390.79331                          221.04438             157.08583
              1       395.18487       67.989573       3.0952338      0.97238331     0.022607011      0.11862745     0.061431761       1.0202376       1.0004249       2.2092402   2.2092402e-09       2.4069115      0.24598395      0.24731608       13.771598       1.9538175      0.69299525      0.30692657      0.14187933       147.19095       1.0047806      0.84569603      0.61666742      0.45899677      0.82849975       1.0409356       8.3148935       1.0202376       634.35436     0.088545445      0.088545445       790.19265                 22.207451                        390.70526                          221.44165              155.8383
              2       396.81671         67.9216       3.0908924      0.97239798     0.022602218      0.11899888     0.064056073        1.015925       1.0001833         2.19967     2.19967e-09       2.4077506       0.2459819      0.24731402       13.767676         1.93517      0.69158573      0.30833594      0.14224597       147.09787       1.0049338      0.84889504      0.61715952      0.45988947      0.82821176       1.0411366       8.5763579        1.015925       638.22186     0.088545445      0.088545445       793.45633                 22.176884                        391.61355                          224.43142             155.23447
              1       397.41978       68.033145       3.0888522      0.97343344     0.022541984      0.11855537     0.066913497       1.0128968       1.0025515       2.1951867   2.1951867e-09        2.418332      0.24595611      0.24728813       13.771457       1.9202206      0.69368458      0.30623735      0.14174222       147.28235        1.001934      0.84186524      0.61477176      0.45732869      0.82641724       1.0411565        8.855371       1.0128968       638.25208     0.088545445      0.088545445       794.66246                 22.017004                        392.76713                          223.46794             156.41038
              3        397.1051       68.312134       3.0981945      0.97429638     0.022592139      0.11778265     0.066493019       1.0190137       1.0022369       2.2157909   2.2157909e-09       2.4095166      0.24597759      0.24730969       13.766382       1.9398747      0.69772987      0.30219269      0.14101966       147.43216         1.00119      0.83293642      0.61353086      0.45489106      0.82749509       1.0410389       8.7881731       1.0190137       636.99951     0.088545445      0.088545445       794.03311                 21.851052                         392.4338                          222.71466              157.0336
              5       397.22165       68.312134       3.0931037      0.97381188     0.022592139      0.11778265     0.066493019       1.0163376        1.002216       2.2045394   2.2045394e-09       2.4095166      0.24597759      0.24730969       13.766382       1.9300242      0.69772987      0.30219269      0.14101966       147.43216      0.99845985      0.83066509      0.61185783      0.45365062       0.8252386       1.0410389       8.7881731       1.0163376       636.78355     0.088545445      0.088545445       794.26622                  21.94332                        392.45403                           222.3862             157.48266
              2       395.28816       68.097096       3.0888054       0.9731268     0.022540627      0.11828123     0.059527163       1.0201878       1.0013048       2.1950839   2.1950839e-09       2.4185711      0.24595552      0.24728755       13.773279       1.9487068      0.69485376      0.30506831      0.14146672       147.35681        1.000062      0.83779829      0.61332474       0.4558162      0.82526079       1.0410604       8.1387426       1.0201878       633.53734     0.088545445      0.088545445       790.39923                 21.906174                        390.36994                          221.26123             156.86189
              2       396.06899       68.097096       3.1564142       0.9772652     0.022540627      0.11828123     0.059527163        1.054497       1.0018369       2.3486228   2.3486228e-09       2.4185711      0.24595552      0.24728755       13.773279       2.0850124      0.69485376      0.30506831      0.14146672       147.35681       1.0360821      0.86797403      0.63541541      0.47223375      0.85498495       1.0410604       8.1387426        1.054497       634.17891     0.088545445      0.088545445        791.9609                 21.345222                        390.38278                          222.45091             157.78199
              5       396.95134       68.052256       3.1573049      0.97618661     0.022632229      0.11848327     0.061764051       1.0520826       1.0002411       2.3507156   2.3507156e-09       2.4025035      0.24599472      0.24732689       13.769265       2.0775549      0.69381743      0.30610453      0.14176036       147.20121       1.0366748      0.87083816      0.63610856      0.47314982      0.85519233       1.0409052       8.3385387       1.0520826       635.37268     0.088545445      0.088545445       793.72559                 21.601335                        390.77311                          222.99824             158.35291
              5       396.64242       68.393317       3.1643175      0.97781924      0.02267145      0.11786905     0.060584338       1.0577301       1.0005751       2.3672583   2.3672583e-09       2.3956714      0.24601143      0.24734365        13.75467       2.0971175      0.69809278      0.30182996      0.14118537       147.32091       1.0357362      0.86125739      0.63488719        0.470584      0.85655643       1.0411684        8.204631       1.0577301       635.03829     0.088545445      0.088545445       793.10775                 21.349533                         390.5075                          223.18126             158.06945
              4       396.70582       68.325692       3.1626526      0.97811441     0.022580738       0.1177886     0.057606045       1.0597856       1.0047385       2.3633202   2.3633202e-09       2.4115164      0.24597271       0.2473048       13.765329       2.1061369       0.6978615      0.30206109       0.1410142       147.44329       1.0355759      0.86129142      0.63459646      0.47045852      0.85600036       1.0411148       7.9318759       1.0597856       633.96335     0.088545445      0.088545445       793.23455                 21.251121                        390.18166                          222.53056              159.2712
              3       396.70392       68.273667       3.1613258      0.97799446     0.022561236      0.11787772     0.057267756       1.0594019       1.0047423       2.3601867   2.3601867e-09       2.4149427      0.24596436      0.24729641       13.768044       2.1047679      0.69725151      0.30267096      0.14108382       147.44124       1.0357273      0.86265389      0.63476756      0.47082272      0.85579952       1.0411048       7.9042155       1.0594019       633.95598     0.088545445      0.088545445       793.23075                 21.250735                        390.21624                            222.489             159.27477
              2       398.64555        67.40012       3.1401336      0.97464183     0.022427098      0.12003227     0.054340039       1.0488427       1.0048403       2.3106954   2.3106954e-09       2.4387048      0.24590685       0.2472387       13.790847       2.0727339      0.68490552      0.31501493      0.14310423       147.01935        1.040194      0.89234659      0.63977528       0.4793031      0.85397404        1.041114        7.674777       1.0488427       637.16751     0.088545445      0.088545445       797.11401                 21.662319                        390.31483                          225.19036              159.9465
              2       398.43708        67.40012       3.1202555      0.97277274     0.022427098      0.12003227     0.054340039       1.0396792       1.0064997       2.2652166   2.2652166e-09       2.4387048      0.24590685       0.2472387       13.790847       2.0319386      0.68490552      0.31501493      0.14310423       147.01935       1.0291767      0.88289527      0.63299908      0.47422655      0.84492915        1.041114        7.674777       1.0396792       636.65299     0.088545445      0.088545445       796.69707                 21.827625                        390.26642                          224.55894             160.04408
              4       397.04254       67.104973       3.1154486      0.97068564     0.022479871      0.12079915     0.055737586       1.0337861       1.0001591        2.254354    2.254354e-09       2.4293147      0.24592947       0.2472614       13.795038       2.0165503      0.68030746      0.31961228      0.14392389       146.75924        1.030816      0.89394432      0.63491319      0.47738659      0.84441995       1.0408926       7.8166504       1.0337861       637.62308     0.088545445      0.088545445         793.908                  22.35921                        390.08438                           225.1795             156.28491
              2       396.94131       67.139292       3.1162889      0.97082708     0.022484653      0.12072312     0.055621496       1.0344336       1.0001789       2.2562492   2.2562492e-09       2.4284665      0.24593152      0.24726345       13.793894       2.0187142      0.68079226      0.31912757      0.14385264       146.77388       1.0307145      0.89286446      0.63477214      0.47709947      0.84455274       1.0409041       7.8026294       1.0344336       637.49569     0.088545445      0.088545445       793.70553                 22.330408                          390.119                          225.04627             156.20985
              3       396.74052       67.203003        3.117269      0.97110809     0.022494505      0.12058429     0.056954658       1.0337466        1.000225       2.2584616   2.2584616e-09       2.4267206      0.24593574       0.2472677       13.791685       2.0153131      0.68168281      0.31823717      0.14372366       146.79941       1.0302362      0.89063107       0.6343353      0.47643823      0.84456125       1.0409255       7.9324704       1.0337466       637.30007     0.088545445      0.088545445       793.30395                 22.315954                        390.14187                          224.84224             156.00388
              4       398.76025       67.339247        3.120747      0.97136431     0.022537897      0.12016027      0.06076441       1.0308199      0.99931588       2.2663302   2.2663302e-09       2.4190524      0.24595435      0.24728637       13.789812       2.0069839      0.68380897      0.31611133      0.14334303       146.86299       1.0289073      0.88502857      0.63309717       0.4747122      0.84432638         1.04078       8.2926645       1.0308199       638.29883     0.088545445      0.088545445       797.34342                 22.541975                        390.66022                          225.09664             159.04459
              1       397.52677       67.632031       3.1249437      0.97334256     0.022495215      0.11935275     0.062664552       1.0345584        1.005451       2.2758614   2.2758614e-09       2.4265947      0.24593605        0.247268       13.786748       2.0077798       0.6883994      0.31152159      0.14249283       147.12302       1.0265706      0.87336389      0.63072067      0.47120415      0.84423826       1.0409202       8.4742141       1.0345584       636.45488     0.088545445      0.088545445       794.87645                 21.917071                        391.18615                          223.35166             158.42157
              2       397.76341        67.71313       3.1265752      0.97376275      0.02249686      0.11914903     0.062860494       1.0360882      0.99916924       2.2795774   2.2795774e-09       2.4263035      0.24593675      0.24726871       13.785012       2.0102701      0.68958607      0.31033512      0.14229076       147.17509       1.0261047      0.87049612      0.63021084      0.47037432      0.84436095        1.040944        8.489193       1.0360882       638.08737     0.088545445      0.088545445       795.34973                 21.779686                        391.25096                          225.05673             157.26236
              2       396.63307       67.999712       3.1340139      0.97453645     0.022590072      0.11864557     0.063290665       1.0396973       1.0020972       2.2965978   2.2965978e-09        2.409879      0.24597671      0.24730881       13.770665        2.023538      0.69308424      0.30683761      0.14188051       147.20496        1.025492      0.86296745      0.62938004      0.46842505      0.84564058       1.0410284       8.4991729       1.0396973       637.62711     0.088545445      0.088545445       793.08906                 21.731243                         391.3098                          224.58607             155.46194
              1        395.8583       67.999712       3.0867775      0.97026006     0.022590072      0.11864557     0.063290665       1.0137894       1.0012329       2.1906372   2.1906372e-09        2.409879      0.24597671      0.24730881       13.770665       1.9301759      0.69308424      0.30683761      0.14188051       147.20496      0.99992499      0.84145242      0.61368868      0.45674653      0.82455753       1.0410284       8.4991729       1.0137894       634.97133     0.088545445      0.088545445       791.53951                 22.700724                        391.32966                          220.94095             156.56818
              1       395.38508       68.133587       3.0917865      0.97099004     0.022577467       0.1183119     0.056127198       1.0246938        1.002073       2.2016375   2.2016375e-09       2.4120905      0.24597131      0.24730339       13.768198       1.9678607       0.6950351      0.30488705      0.14153423        147.3076       1.0004639      0.83791121      0.61364443      0.45598603      0.82581364       1.0411068       7.7940681       1.0246938       633.32377     0.088545445      0.088545445       790.59308                 22.249756                        390.11995                          220.95407             157.26931
              1       395.65216       68.396006       3.0982415      0.97201995     0.022609221      0.11758979     0.057408906       1.0276123        1.001341        2.215895    2.215895e-09       2.4065248       0.2459849      0.24731703       13.763744       1.9755336       0.6988465      0.30107625      0.14084388        147.4646      0.99881404      0.82870456      0.61188405      0.45325047      0.82603797       1.0410392       7.9024622       1.0276123       632.92577     0.088545445      0.088545445       791.12723                 22.091682                        390.07051                          220.76358             158.20146
              2       395.67103       68.400861       3.0961847      0.97231454     0.022590573      0.11758795     0.061037231       1.0223476       1.0012812       2.2113421   2.2113421e-09       2.4097912      0.24597692      0.24730902       13.763873       1.9572201      0.69893305      0.30098971      0.14082339       147.48588      0.99801737      0.82785875      0.61137377      0.45283993      0.82540841       1.0410995       8.2625624       1.0223476       633.24733     0.088545445      0.088545445       791.16496                 22.203545                        390.60931                          220.43447             157.91763
              4       395.70254       68.400861       3.0895828      0.97711892     0.022590573      0.11758795     0.061037231       1.0194658       1.0040388       2.1967911   2.1967911e-09       2.4097912      0.24597692      0.24730902       13.763873       1.9443413      0.69893305      0.30098971      0.14082339       147.48588      0.99655898      0.82664901      0.61048037       0.4521782      0.82420224       1.0410995       8.2625624       1.0194658       634.11363     0.088545445      0.088545445         791.228                 21.369947                        390.59183                          222.15185             157.11437
              5       397.18289        68.01778       3.0807772      0.97515296      0.02258744      0.11856796     0.063053641       1.0102479       1.0021027       2.1775321   2.1775321e-09       2.4103405      0.24597558      0.24730768       13.771242       1.9195386      0.69342071      0.30650117      0.14180027       147.22858      0.99831897      0.83938335      0.61261635      0.45582341      0.82334253       1.0410071       8.4755491       1.0102479       636.54665     0.088545445      0.088545445       794.18868                 21.901242                        391.20954                          223.43587             157.64203
              1       401.06324        68.01778       3.1821848      0.97703562      0.02258744      0.11856796     0.063053641       1.0662323       1.0003194       2.4099349   2.4099349e-09       2.4103405      0.24597558      0.24730768       13.771242       2.1244065      0.69342071      0.30650117      0.14180027       147.22858       1.0509979      0.88367565      0.64494269      0.47987615       0.8667884       1.0410071       8.4755491       1.0662323       641.71608     0.088545445      0.088545445        801.9494                 21.264383                         391.1678                          229.28389             160.23332
              5       400.95404       67.743366       3.1781283      0.97562817     0.022572352      0.11924805     0.057881541       1.0685065      0.99984656       2.4001788   2.4001788e-09       2.4129889      0.24596912      0.24730119       13.777576       2.1378062      0.68948284      0.31043842      0.14246527       147.06509       1.0534452      0.89415771      0.64720104      0.48309559      0.86705239        1.040944       7.9850732       1.0685065       641.18929     0.088545445      0.088545445       801.73099                 21.373149                         390.2208                          229.59534              160.5417
              4       401.47976       68.049947       3.1853145      0.97678454     0.022651734      0.11887988     0.055159644       1.0754486        0.999964       2.4174891   2.4174891e-09       2.3991022      0.24600304      0.24733523       13.758166       2.1649779      0.69289806       0.3070239      0.14217648       147.07448       1.0536516      0.88747627      0.64699952      0.48161167      0.86918237       1.0412662       7.6901063       1.0754486       642.28053     0.088545445      0.088545445       802.78242                  21.20868                        390.32973                          230.74212             160.50189
              1       399.45871       68.532153       3.1916749      0.98000477     0.022595454       0.1176449     0.059214378       1.0745109         1.00196       2.4329141   2.4329141e-09       2.4089356      0.24597901      0.24731112       13.750562       2.1611944      0.69995383      0.29996922      0.14088522       147.46519       1.0496492      0.86886292      0.64307339      0.47591535      0.86894315       1.0415377       8.0853977       1.0745109       636.44582     0.088545445      0.088545445       798.74032                  20.98757                        390.31414                          225.14411              162.2945
              5       396.64474       68.532153       3.1500321      0.97617483     0.022595454       0.1176449     0.059214378       1.0514039       1.0021942       2.3336814   2.3336814e-09       2.4089356      0.24597901      0.24731112       13.750562       2.0730444      0.69995383      0.29996922      0.14088522       147.46519       1.0265085      0.84970784       0.6288961      0.46542325       0.8497863       1.0415377       8.0853977       1.0514039       634.71871     0.088545445      0.088545445       793.11239                 21.610819                        390.27549                           222.8324             158.39368
              2       395.98017       68.049268       3.1385584      0.97396005     0.022543097       0.1186003     0.063538509       1.0397917       1.0032464       2.3070585   2.3070585e-09       2.4181358      0.24595658      0.24728861       13.768771       2.0317477      0.69373029      0.30619167      0.14178827       147.26932       1.0275319      0.86336002      0.63052944      0.46903334      0.84763138        1.041249       8.5340586       1.0397917       635.01816     0.088545445      0.088545445       791.78326                 22.068489                        391.37855                          221.57112              156.7651
              1       396.10021       68.119625       3.1402594      0.97428876     0.022545616      0.11840326     0.063461115       1.0410147       1.0044275       2.3109862   2.3109862e-09       2.4176921      0.24595766       0.2472897       13.767817       2.0355216      0.69478183      0.30514029      0.14159374       147.31872       1.0271242      0.86079462      0.63006298       0.4682835      0.84773298       1.0412437        8.522419       1.0410147       634.72017     0.088545445      0.088545445       792.02334                 22.005457                        391.32351                          221.39121             157.30316
              1       396.53875       68.119625       3.1443004      0.97317434     0.022545616      0.11840326     0.063461115       1.0433459      0.99951302       2.3203436   2.3203436e-09       2.4176921      0.24595766       0.2472897       13.767817       2.0437637      0.69478183      0.30514029      0.14159374       147.31872       1.0287638      0.86216872      0.63106876      0.46903103      0.84908623       1.0412437        8.522419       1.0433459       634.29282     0.088545445      0.088545445        792.9004                 22.174216                        391.35075                          220.76786             158.60758
              4       397.60383       67.660824       3.1331334      0.97127274     0.022466132      0.11919842     0.067618821       1.0333131      0.99978356       2.2945766   2.2945766e-09       2.4317541      0.24592358      0.24725548       13.789168       2.0043317      0.68906518      0.31085588      0.14230942       147.19616        1.029239      0.87413582      0.63215654      0.47202436      0.84661287        1.040919       8.9532403       1.0333131       635.85839     0.088545445      0.088545445       795.03057                 22.502176                        393.35945                          219.99677             159.17218
              2       398.03011       68.001056       3.1386303      0.97286857     0.022520585      0.11864293     0.070666737       1.0337353       1.0031939       2.3072243   2.3072243e-09       2.4221073      0.24594693      0.24727892       13.772508       2.0031316      0.69325234      0.30666951      0.14180838       147.28293       1.0277565      0.86445513      0.63068964      0.46933544      0.84751628       1.0412083       9.2148577       1.0337353       638.36738     0.088545445      0.088545445       795.88313                 22.324918                         394.8113                          221.23116             157.51575
              5       398.32263       68.001056        3.143384       0.9725647     0.022520585      0.11864293     0.070666737       1.0361317       1.0036174       2.3182184   2.3182184e-09       2.4221073      0.24594693      0.24727892       13.772508       2.0126766      0.69325234      0.30666951      0.14180838       147.28293       1.0300829      0.86641192      0.63211728      0.47039783      0.84943473       1.0412083       9.2148577       1.0361317       638.20838     0.088545445      0.088545445       796.46816                 22.390277                        394.81922                          220.99889             158.25978
              7       402.08778       66.999004       3.1217299      0.96802327     0.022430609      0.12110293     0.066662541       1.0271287       1.0036351       2.2685588   2.2685588e-09       2.4380784      0.24590835      0.24724021       13.797645       1.9853986      0.67872837      0.32119112      0.14417841       146.73413       1.0354926      0.90127896       0.6380755       0.4803557      0.84758094       1.0410168       8.9076984       1.0271287       643.50549     0.088545445      0.088545445       803.99848                 23.009748                        393.14133                          227.35441             160.49299
              2       400.87008       66.993121        3.121558      0.96799797     0.022430539      0.12112264      0.06669706       1.0262396       1.0045802        2.268169    2.268169e-09       2.4380908      0.24590832      0.24724018       13.797642       1.9849204      0.67862819      0.32129128      0.14419804       146.72905       1.0355248      0.90152031      0.63811702      0.48042441      0.84757004       1.0410198       8.9113947       1.0262396       641.38101     0.088545445      0.088545445       801.56306                 23.122068                        393.19161                          225.06733             160.18206
              1       399.78472       67.399219       3.1324708      0.96971626     0.022489217        0.120383     0.059942245       1.0397249       1.0048586       2.2930567   2.2930567e-09       2.4276574      0.24593348      0.24726542       13.779749       2.0339938      0.68398825      0.31593219      0.14351708       146.85829       1.0356896      0.89080449      0.63746377      0.47791865      0.85027035       1.0413164       8.2282565       1.0397249        638.6217     0.088545445      0.088545445       799.39236                 22.565423                        390.50678                           225.5495             160.77066
              2       400.30288       67.472613       3.1327248      0.97052088     0.022444175      0.12013035     0.060217943       1.0400733       1.0051605        2.293639    2.293639e-09       2.4356602      0.24591416      0.24724604       13.781257       2.0333888      0.68532928      0.31459134      0.14321939       146.97446       1.0348252      0.88714319       0.6366012      0.47676476      0.85002316       1.0413889       8.2619129       1.0400733       638.12167     0.088545445      0.088545445       800.42866                 22.384982                        390.60241                          225.13427             162.30699
              4       398.92229       67.628781       3.1375063      0.97110005     0.022457099      0.11963184     0.059303382        1.044107       1.0051998       2.3046326   2.3046326e-09       2.4333599       0.2459197       0.2472516       13.780494       2.0468755      0.68784258       0.3120784       0.1427338       147.09159       1.0340351      0.88110826      0.63557527        0.475043      0.85035655       1.0413012       8.1598268        1.044107       636.05648     0.088545445      0.088545445       797.66748                 22.243593                        390.37382                          223.43907               161.611
              2       398.04252       67.628781       3.0678121      0.96849976     0.022457099      0.11963184     0.059303382       1.0080388       1.0011611       2.1494824   2.1494824e-09       2.4333599       0.2459197       0.2472516       13.780494       1.9090778      0.68784258       0.3120784       0.1427338       147.09159      0.99763785      0.85009392       0.6132035      0.45832184      0.82042464       1.0413012       8.1598268       1.0080388       635.56858     0.088545445      0.088545445       795.90795                  22.77804                        390.34681                          222.44372             160.33938
              2       397.46269       67.537972       3.0685091       0.9672988     0.022529954      0.11993264     0.058181164       1.0085655      0.99912748       2.1509809   2.1509809e-09       2.4204534      0.24595095      0.24728296        13.77846       1.9147014      0.68618341      0.31373736      0.14310746       146.93149      0.99890973      0.85467449      0.61438671      0.45981525       0.8209189       1.0411568        8.036427       1.0085655       636.07773     0.088545445      0.088545445       794.74829                 23.087129                        390.19278                          222.79783             158.67056
              1       395.60179       67.537972       3.1054794      0.96905614     0.022529954      0.11993264     0.058181164       1.0267478       1.0024283       2.2319916   2.2319916e-09       2.4204534      0.24595095      0.24728296        13.77846       1.9868132      0.68618341      0.31373736      0.14310746       146.93149       1.0182241      0.87119997      0.62626613      0.46870597       0.8367917       1.0411568        8.036427       1.0267478       635.44567     0.088545445      0.088545445       791.02649                 22.815428                        390.17956                          222.45069             155.58082
              2       395.79913       67.537972       3.0889137      0.97240585     0.022529954      0.11993264     0.058181164       1.0185812       1.0028713       2.1953217   2.1953217e-09       2.4204534      0.24595095      0.24728296        13.77846       1.9541714      0.68618341      0.31373736      0.14310746       146.93149       1.0111091      0.86511235      0.62189001      0.46543083      0.83094451       1.0411568        8.036427       1.0185812       636.75224     0.088545445      0.088545445       791.42117                 22.145593                        390.19018                          224.41647             154.66892
              7       396.83086       67.537972       3.1081568      0.97017297     0.022529954      0.11993264     0.058181164        1.027008       1.0032217       2.2379755   2.2379755e-09       2.4204534      0.24595095      0.24728296        13.77846       1.9921398      0.68618341      0.31373736      0.14310746       146.93149       1.0200199      0.87273647      0.62737065      0.46953261      0.83826751       1.0411568        8.036427        1.027008       637.32127     0.088545445      0.088545445       793.48463                 22.743313                        390.17445                           224.4035             156.16337
              4       396.66486       67.565837       3.1087804      0.97029727     0.022532933       0.1198691     0.058188462       1.0275347       1.0039795       2.2393716   2.2393716e-09       2.4199278      0.24595223      0.24728424       13.777617       1.9933534      0.68657486      0.31334598       0.1430469       146.94493        1.019904      0.87183733      0.62723301      0.46928312      0.83834518        1.041166       8.0354185       1.0275347       636.89759     0.088545445      0.088545445       793.15263                 22.700928                        390.18981                          224.00685             156.25504
              7       395.06333       67.554703       3.1107162      0.97026673      0.02249025      0.11950975      0.05600225       1.0328775       1.0035004       2.2437108   2.2437108e-09       2.4274744      0.24593392      0.24726586       13.789515       2.0059677      0.68735249      0.31256833      0.14264486       147.08725       1.0193205      0.86932044      0.62643324      0.46839369      0.83779652       1.0408668       7.8200763       1.0328775       632.90896     0.088545445      0.088545445       789.94957                 22.390374                        390.07714                          220.44144             157.04061
              1       395.63578       67.554703       3.1074472      0.96796145      0.02249025      0.11950975      0.05600225       1.0311878       1.0025259       2.2363881   2.2363881e-09       2.4274744      0.24593392      0.24726586       13.789515       1.9994209      0.68735249      0.31256833      0.14264486       147.08725       1.0167677      0.86714334      0.62486441      0.46722066      0.83569836       1.0408668       7.8200763       1.0311878       632.66232     0.088545445      0.088545445       791.09448                 22.836511                        390.02809                          219.79771             158.43216
              1       398.55064       67.554703         3.15757      0.96813709      0.02249025      0.11950975      0.05600225       1.0581301       1.0018923       2.3513388   2.3513388e-09       2.4274744      0.24593392      0.24726586       13.789515       2.1021915      0.68735249      0.31256833      0.14264486       147.08725       1.0426407      0.88920887      0.64076486      0.47910966      0.85696374       1.0408668       7.8200763       1.0581301        633.2784     0.088545445      0.088545445        796.9242                  22.70206                        390.03958                          220.53676             163.64579
              3       398.57323       67.534072       3.1571173      0.96797309     0.022498181      0.11958542     0.056377801       1.0573839       1.0018411       2.3502748   2.3502748e-09       2.4260695      0.24593732      0.24726928       13.789085       2.0996626      0.68697814      0.31294263      0.14272847       147.05847       1.0427805      0.89015062       0.6409447      0.47938754      0.85694782       1.0408641       7.8572552       1.0573839       633.56858     0.088545445      0.088545445       796.96936                 22.751051                        390.00787                          220.80966             163.40078
              1       397.47605       67.640782       3.1602453      0.96829406      0.02253013      0.11943422     0.054656146       1.0602575       1.0021897       2.3576377   2.3576377e-09       2.4204222      0.24595102      0.24728303       13.782806       2.1135053      0.68822565      0.31169536      0.14260921       147.06276       1.0429851      0.88783159      0.64093649      0.47890303      0.85779283        1.040942       7.6742565       1.0602575       633.13533     0.088545445      0.088545445       794.77502                 22.747824                        390.07863                          220.30888             161.63969
              3       395.62387       67.640782       3.1084707        0.967762      0.02253013      0.11943422     0.054656146       1.0330511       1.0024496       2.2386783   2.2386783e-09       2.4204222      0.24595102      0.24728303       13.782806       2.0068641      0.68822565      0.31169536      0.14260921       147.06276       1.0161267      0.86496862      0.62443143      0.46657057       0.8357034        1.040942       7.6742565       1.0330511       633.45562     0.088545445      0.088545445       791.07064                 22.867602                        390.06435                          220.52367             157.61502
              1       395.64148       67.882977       3.1133311      0.96883188     0.022557028      0.11884228     0.057024739       1.0326779       1.0032639       2.2495855   2.2495855e-09       2.4156828      0.24596256       0.2472946       13.776593       2.0071112      0.69167258      0.30824899      0.14204417       147.18949       1.0145683      0.85657246      0.62285529      0.46410107      0.83591427        1.040973       7.8966749       1.0326779       634.04681     0.088545445      0.088545445       791.10587                 22.884103                        390.02757                          221.13514             157.05905
              7       397.26358       67.372809       3.0976707      0.96771126     0.022382967      0.11985522     0.059518344       1.0208467       1.0028849       2.2146305   2.2146305e-09       2.4465996      0.24588798      0.24721976       13.799292       1.9660941      0.68513729      0.31478309      0.14288305       147.11508       1.0151833      0.87013761      0.62415098      0.46751173      0.83327204       1.0409612       8.2017621       1.0208467       634.36491     0.088545445      0.088545445       794.35007                 23.169348                        390.42742                          220.76814             159.98516
              7       397.16246       67.372809       3.1126938      0.96867878     0.022382967      0.11985522     0.059518344       1.0286831       1.0017254       2.2481524   2.2481524e-09       2.4465996      0.24588798      0.24721976       13.799292        1.995854      0.68513729      0.31478309      0.14288305       147.11508       1.0232117       0.8770189      0.62908694      0.47120894      0.83986179       1.0409612       8.2017621       1.0286831       633.99732     0.088545445      0.088545445       794.14782                 22.947566                        390.42872                          220.62103              160.1505
              3       398.00052       66.933575       3.1016158      0.96702559      0.02231721      0.12098235     0.058458979       1.0237509       1.0016408       2.2233847   2.2233847e-09       2.4584358      0.24585992       0.2471916       13.809838       1.9780524      0.67862224       0.3212971      0.14394442       146.89132       1.0252995      0.89223604      0.63153797      0.47547334      0.83882771       1.0409885       8.1311498       1.0237509       634.48077     0.088545445      0.088545445       795.82396                 23.115456                        390.27923                          221.08609             161.34319
              3       403.27701       66.933575       3.1688679      0.96604175      0.02231721      0.12098235     0.058458979       1.0582602       1.0041793       2.3780547   2.3780547e-09       2.4584358      0.24585992       0.2471916       13.809838       2.1156558      0.67862224       0.3212971      0.14394442       146.89132       1.0599702      0.92240715      0.65289354      0.49155155      0.86719281       1.0409885       8.1311498       1.0582602       634.34873     0.088545445      0.088545445       806.37693                 23.398126                         390.2468                           220.7038             172.02819
              1       404.19253       67.407237       3.1791397      0.96820383     0.022374873      0.12004904      0.05728124        1.067899       1.0030395       2.4026075   2.4026075e-09       2.4480517      0.24588453      0.24721629       13.791173       2.1425402      0.68505007      0.31487039      0.14306878       147.07281       1.0586012      0.90781043      0.65105639      0.48769866      0.86913182       1.0412872       7.9845884        1.067899       635.59768     0.088545445      0.088545445       808.20797                 22.689752                          390.067                          222.84093             172.61029
              2       404.63965       67.913618       3.1997092      0.96948736     0.022469964      0.11858987     0.043188327       1.0946122       1.0052863       2.4525398   2.4525398e-09       2.4310733      0.24592522      0.24725713       13.783111       2.2495889      0.69268677      0.30723488       0.1417047       147.35333       1.0587878      0.89145969      0.64961344      0.48364047      0.87254407       1.0410221       6.4703392       1.0946122       637.62315     0.088545445      0.088545445       809.10221                 22.227286                        396.31238                          219.08349             171.47906
              1       404.79786       67.913618       3.1971853      0.97725815     0.022469964      0.11858987     0.043188327       1.0941481       1.0062711       2.4463577   2.4463577e-09       2.4310733      0.24592522      0.24725713       13.783111       2.2439183      0.69268677      0.30723488       0.1417047       147.35333       1.0605856      0.89297336      0.65071647      0.48446168      0.87402563       1.0410221       6.4703392       1.0941481       641.73711     0.088545445      0.088545445       809.41864                 20.994603                        397.05004                          223.69246             167.68153
              1       403.27851       68.848912       3.2213618      0.97876254     0.022896136      0.11704384      0.05446262       1.0964319      0.99822944       2.5062228   2.5062228e-09        2.357091      0.24610555      0.24743812       13.730783       2.2475742      0.70334208      0.29658168      0.14058484       147.29147       1.0573736      0.86835588      0.64746019       0.4778033       0.8773583       1.0410644       7.5381172       1.0964319       638.36249     0.088545445      0.088545445       806.37993                 21.096182                        390.48199                          226.78432             168.01744
              4       401.57153       68.848912       3.1265597      0.97721353     0.022896136      0.11704384      0.05446262        1.046925      0.99762516        2.279542    2.279542e-09        2.357091      0.24610555      0.24743812       13.730783       2.0442875      0.70334208      0.29658168      0.14058484       147.29147       1.0078207      0.82766118      0.61711757       0.4554115      0.83624172       1.0410644       7.5381172        1.046925       642.42033     0.088545445      0.088545445       802.96597                 21.185149                        390.48549                          230.74969             160.54564
              2       401.79359       68.827556        3.125695      0.97718492     0.022885371      0.11711743     0.051962333       1.0489759      0.99727942       2.2775719   2.2775719e-09       2.3589176       0.2461011      0.24743365       13.730954       2.0527601      0.70302532      0.29689839      0.14064767       147.28377       1.0079637      0.82844559      0.61727405      0.45564854       0.8362306       1.0411073       7.2902287       1.0489759        642.8572     0.088545445      0.088545445       803.41009                 21.144282                        391.18938                          230.52354             160.55288
              2       399.53453       68.827556       3.1296826      0.97343424     0.022885371      0.11711743     0.051962333       1.0478601       1.0029085       2.2866721   2.2866721e-09       2.3589176       0.2461011      0.24743365       13.730954        2.060962      0.70302532      0.29689839      0.14064767       147.28377       1.0085195      0.82890245      0.61761446      0.45589981      0.83669176       1.0411073       7.2902287       1.0478601       640.36118     0.088545445      0.088545445       798.89198                 22.034288                        390.96926                          227.35763             158.53079
              7       401.32796       68.827556       3.1542039      0.97739331     0.022885371      0.11711743     0.051962333       1.0605057       1.0038998       2.3434374   2.3434374e-09       2.3589176       0.2461011      0.24743365       13.730954       2.1121242      0.70302532      0.29689839      0.14064767       147.28377       1.0225166      0.84040661       0.6261862      0.46222715      0.84830403       1.0411073       7.2902287       1.0605057       640.40498     0.088545445      0.088545445       802.47883                  21.44175                        391.14919                          227.81404             162.07385
              1       403.25064       68.881415       3.1548218      0.97767669     0.022886912      0.11694866     0.050145889       1.0629145       1.0066101       2.3448858   2.3448858e-09        2.358656      0.24610174      0.24743429       13.730762       2.1211215      0.70384202      0.29608182      0.14048044       147.32709       1.0217488      0.83802426      0.62552992       0.4614249      0.84799864       1.0410828       7.1023214       1.0629145       641.28746     0.088545445      0.088545445        806.3242                 21.367449                        392.02415                          227.89586             165.03673
              3        399.4512       68.881415       3.1198128      0.97560539     0.022886912      0.11694866     0.050145889       1.0464367       1.0033692        2.264214    2.264214e-09        2.358656      0.24610174      0.24743429       13.730762       2.0481479      0.70384202      0.29608182      0.14048044       147.32709       1.0032189      0.82282628      0.61418563      0.45305673      0.83261977       1.0410828       7.1023214       1.0464367       639.50804     0.088545445      0.088545445       798.72531                 21.471086                        391.91744                          226.11951             159.21727
              4       401.32528       68.881415       3.1378456      0.97887379     0.022886912      0.11694866     0.050145889       1.0547996       1.0046706       2.3054147   2.3054147e-09        2.358656      0.24610174      0.24743429       13.730762       2.0854169      0.70384202      0.29608182      0.14048044       147.32709       1.0135802      0.83132453      0.62052902      0.45773596      0.84121917       1.0410828       7.1023214       1.0547996       639.99352     0.088545445      0.088545445       802.47347                 21.128158                        392.07753                          226.78783             162.47995
              1       401.98167       68.881415       3.1082189      0.97980421     0.022886912      0.11694866     0.050145889       1.0396274        1.003174       2.2381145   2.2381145e-09        2.358656      0.24610174      0.24743429       13.730762       2.0245389      0.70384202      0.29608182      0.14048044       147.32709      0.99903465      0.81939445        0.611624      0.45116713      0.82914709       1.0410828       7.1023214       1.0396274       640.55654     0.088545445      0.088545445       803.78626                 20.983173                        392.13732                          227.43605             163.22972
              5       401.84008       68.539101       3.0981666      0.97873814     0.022785243      0.11772412     0.043845076       1.0415012       1.0026537       2.2157292   2.2157292e-09        2.376012      0.24605947      0.24739187       13.742624       2.0297069      0.69944201      0.30048106      0.14115423       147.23315       1.0001022      0.82916284      0.61301041      0.45386022      0.82796804        1.041155       6.4719158       1.0415012       645.55961     0.088545445      0.088545445       803.50308                 20.890096                        396.81965                          227.84987             157.94347
              4       400.58091       67.165339       3.0620468      0.97315199     0.022535988      0.12027085      0.06133509       1.0018473       1.0018135       2.1371255   2.1371255e-09       2.4193889      0.24595354      0.24728555       13.802419       1.8904058      0.68192855      0.31799134       0.1434517       146.83584       1.0011087      0.86460644      0.61610914      0.46265949      0.82045324         1.04038       8.3501455       1.0018473       640.70201     0.088545445      0.088545445       800.98474                 22.017746                        390.86376                          227.82051             160.28272
              1        402.4227       67.165339       3.1533277      0.97039797     0.022535988      0.12027085      0.06133509       1.0484762      0.99703359       2.3413848   2.3413848e-09       2.4193889      0.24595354      0.24728555       13.802419       2.0710845      0.68192855      0.31799134       0.1434517       146.83584       1.0467689      0.90404086      0.64420969      0.48376125      0.85787385         1.04038       8.3501455       1.0484762       637.62568     0.088545445      0.088545445       804.66832                 22.537082                        390.86723                          224.22136             167.04264
              1       400.47915       67.339488       3.1582589       0.9710412     0.022575261      0.11991087     0.062245865       1.0504974       1.0005784       2.3529593   2.3529593e-09       2.4124779      0.24597037      0.24730244       13.795538        2.077535      0.68427883      0.31564147      0.14313099       146.88706        1.046557      0.89900747      0.64371894      0.48249721      0.85881134       1.0404244       8.4231969       1.0504974       637.61546     0.088545445      0.088545445       800.78121                 22.458461                        391.10997                          224.04703             163.16575
             13       400.07831       67.386943       3.1594673      0.97137636     0.022565368      0.11978983     0.062532767       1.0514376       1.0019325       2.3558044   2.3558044e-09       2.4142161      0.24596613      0.24729819        13.79485       2.0788538      0.68501166      0.31490875      0.14300007       146.92987       1.0465343       0.8974256      0.64355773      0.48209618      0.85909526       1.0404654       8.4513536       1.0514376       637.32142     0.088545445      0.088545445       799.97952                 22.346077                        391.22286                          223.75249              162.6581
              4        400.6356       66.940699       3.1441845      0.97074227     0.022336589      0.12067166     0.048201865       1.0575773       1.0015429       2.3200748   2.3200748e-09       2.4549385      0.24586819       0.2471999       13.817096       2.1068537      0.67934072      0.32057863      0.14365312        146.9514       1.0469352      0.90927848      0.64453806      0.48498936      0.85657408       1.0406377       7.0640763       1.0575773       636.86092     0.088545445      0.088545445       801.09411                 22.018975                        392.23383                          222.60811             164.23319
              9       399.93498       67.499801       3.1610744      0.97271668     0.022475974      0.11978826     0.045723064       1.0698001      0.99977896       2.3595933   2.3595933e-09       2.4300063       0.2459278      0.24725972        13.78724       2.1533896      0.68626375      0.31365693       0.1429091       147.02936       1.0481962      0.89638402       0.6444772      0.48230446       0.8611798        1.041031       6.7595733       1.0698001       638.78806     0.088545445      0.088545445       799.69287                 21.733077                        394.22134                          222.83364             160.90481
              2       403.31438       67.499801       3.1451131         0.97835     0.022475974      0.11978826     0.045723064       1.0628913       1.0034438       2.3222301   2.3222301e-09       2.4300063       0.2459278      0.24725972        13.78724       2.1192916      0.68626375      0.31365693       0.1429091       147.02936       1.0420925      0.89116434      0.64072438      0.47949598      0.85616512        1.041031       6.7595733       1.0628913       648.62613     0.088545445      0.088545445       806.45166                 20.844868                        394.70119                          233.08007             157.82553
              1       401.50608       67.499801       3.0703243       0.9764207     0.022475974      0.11978826     0.045723064       1.0241213       1.0036893       2.1548889   2.1548889e-09       2.4300063       0.2459278      0.24725972        13.78724       1.9665742      0.68626375      0.31365693       0.1429091       147.02936       1.0031073      0.85782542      0.61675455      0.46155779      0.82413554        1.041031       6.7595733       1.0241213       647.50772     0.088545445      0.088545445       802.83507                 21.045845                        394.56649                          231.89539             155.32735
              1       400.86822       67.675312       3.0748689      0.97718188     0.022500885      0.11936686     0.046768913       1.0259141       1.0037567       2.1647043   2.1647043e-09       2.4255908      0.24593848      0.24727044       13.782352       1.9714039      0.68875464      0.31116645      0.14251261       147.11298       1.0025213       0.8523012      0.61596626      0.46005009      0.82472419       1.0410496       6.8608523       1.0259141       646.09786     0.088545445      0.088545445       801.55935                 20.965138                        393.85518                          231.27754             155.46149
              1        402.6965       66.871702       3.0589903      0.97309377     0.022461012      0.12140682     0.061270931      0.99785705       1.0060323       2.1306033   2.1306033e-09       2.4326642      0.24592138      0.24725328       13.800025       1.8848784      0.67675646      0.32316272       0.1445127       146.62108       1.0072899      0.88073582       0.6210563      0.46825916       0.8237125       1.0408706       8.3827254      0.99785705       645.02649     0.088545445      0.088545445       805.21591                 22.200877                        390.93321                          231.89241             160.18942
              4       400.15173       66.929817       3.0603178      0.97399769      0.02238537      0.12121527     0.061914161      0.99961391       1.0029381       2.1334336   2.1334336e-09       2.4461688      0.24588901      0.24722079       13.802031       1.8849558      0.67791402       0.3220053      0.14424551       146.75474        1.007677      0.87861527      0.62100759      0.46780264      0.82438703       1.0410425       8.4612276      0.99961391       643.80096     0.088545445      0.088545445       800.12637                 21.868524                        391.12052                          230.81192             156.32541
              2       401.07749       66.777754        3.054783      0.97341107     0.022355005      0.12149754     0.056716827       1.0017687       1.0057502       2.1216582   2.1216582e-09       2.4516221      0.24587605      0.24720778       13.808863       1.8941388      0.67588058      0.32403838      0.14449741       146.71451        1.006989      0.88199948       0.6208544      0.46842371      0.82288784       1.0409563       7.9556501       1.0017687       643.38798     0.088545445      0.088545445       801.97789                 21.819417                        390.23426                           231.3343             158.58992
              2       400.31804       66.798324       3.0551946      0.97346073      0.02236297      0.12143498     0.056838018       1.0019219       1.0044898       2.1225316   2.1225316e-09       2.4501898      0.24587945       0.2472112       13.808492       1.8944593      0.67620253      0.32371648      0.14444281       146.72206       1.0067435      0.88113167      0.62064436      0.46814891      0.82281388       1.0409329       7.9649772       1.0019219       643.11838     0.088545445      0.088545445       800.45899                 21.814376                        390.21574                          231.08827              157.3406
              4       399.45887       66.798324       3.1121689      0.96507103      0.02236297      0.12143498     0.056838018       1.0304589       1.0047686       2.2469727   2.2469727e-09       2.4501898      0.24587945       0.2472112       13.808492       2.0055289      0.67620253      0.32371648      0.14444281       146.72206       1.0325699      0.90373569        0.636566      0.48015852      0.84392186       1.0409329       7.9649772       1.0304589       635.68528     0.088545445      0.088545445       798.74064                 23.475953                        390.07786                          222.13147             163.05536
              2       398.55756        66.98718       3.1164993      0.96587855     0.022391826      0.12099255     0.054980233       1.0351465       1.0046463       2.2567239   2.2567239e-09       2.4450116      0.24589177      0.24722356       13.802736       2.0217302      0.67894735      0.32097211      0.14402925       146.80594       1.0317371      0.89737988      0.63559681      0.47840811       0.8444324       1.0409673       7.7628813       1.0351465       634.78729     0.088545445      0.088545445       796.93802                 23.237901                        390.00601                          221.54338             162.15073
              1       399.06137        66.98718       3.1152753      0.96545835     0.022391826      0.12099255     0.054980233       1.0337957       1.0060225       2.2539634   2.2539634e-09       2.4450116      0.24589177      0.24722356       13.802736       2.0192572      0.67894735      0.32097211      0.14402925       146.80594       1.0309429      0.89668908      0.63510754      0.47803984      0.84378236       1.0409673       7.7628813       1.0337957        634.8221     0.088545445      0.088545445       797.94564                 23.432937                         389.9824                          221.40677             163.12354
              4       399.02334       66.978219       3.1151558      0.96535275     0.022399067      0.12101966     0.055321251       1.0335065       1.0059132       2.2536942   2.2536942e-09       2.4437149      0.24589486      0.24722666        13.80261       2.0176394      0.67878488      0.32113456      0.14406359       146.79082       1.0309629      0.89705492      0.63515772      0.47813809      0.84374229       1.0409499       7.7963476       1.0335065       634.85768     0.088545445      0.088545445        797.8696                  23.44617                        389.98059                          221.43092             163.01192
              4       397.83993        67.46363       3.1255642      0.96772022     0.022434037      0.11962911     0.056506367        1.039076       1.0063999        2.277274    2.277274e-09        2.437467      0.24590982      0.24724168       13.795931       2.0339228      0.68636905      0.31355155      0.14270802       147.11801       1.0274163      0.87811261      0.63147844      0.47253694      0.84388115       1.0408644       7.8854386        1.039076       632.43274     0.088545445      0.088545445       795.50276                 22.999686                        390.01587                          219.41718             163.07003
              2       398.18278       68.333136       3.1491491       0.9709772     0.022626706      0.11799507     0.049985374       1.0606898       1.0063796       2.3316217   2.3316217e-09       2.4034679      0.24599236      0.24732452       13.757787       2.1098003      0.69738671       0.3025359      0.14126664        147.3371       1.0265593      0.85504666      0.62935248      0.46675414      0.84859354       1.0412386       7.1541422       1.0606898       634.88458     0.088545445      0.088545445       796.18847                 22.184749                         391.5673                          221.13253             161.30389
              3       400.87491       68.333136       3.1501911       0.9713723     0.022626706      0.11799507     0.049985374       1.0621147      0.99502136       2.3340524   2.3340524e-09       2.4034679      0.24599236      0.24732452       13.757787       2.1119998      0.69738671       0.3025359      0.14126664        147.3371       1.0272493      0.85562135      0.62977548      0.46706785       0.8491639       1.0412386       7.1541422       1.0621147       635.47937     0.088545445      0.088545445       801.57273                 22.016869                        391.61703                          221.84547             166.09336
              8        398.1822       69.016581       3.1656067      0.97467181     0.022681247      0.11620785     0.048688805       1.0737167       1.0035588       2.3703121   2.3703121e-09       2.3939691      0.24601559      0.24734783       13.744707       2.1503788      0.70698793       0.2929362      0.13953396       147.75454       1.0229808      0.83182282      0.62522665      0.45997131       0.8498538       1.0412156       6.9828066       1.0737167       636.29664     0.088545445      0.088545445       796.18731                 21.478109                        392.65917                          222.15937             159.89067
              3       400.18369       68.523453       3.1509398      0.97317966     0.022526862      0.11706064     0.048789059       1.0651837       1.0074339       2.3358007   2.3358007e-09        2.420999      0.24594962      0.24728162       13.769173       2.1186447      0.70126803      0.29865501      0.14023237       147.69807       1.0231024      0.84349483      0.62608195      0.46283227      0.84691287       1.0410639       7.0361687       1.0651837       634.37213     0.088545445      0.088545445       800.19029                   21.6264                        392.42014                          220.32559             165.81816
              1       398.31644       68.386787       3.1474358      0.97245184     0.022524835      0.11739761     0.047978207       1.0616509       1.0047118       2.3276303   2.3276303e-09       2.4213569      0.24594875      0.24728075       13.772122       2.1146605      0.69935667      0.30056606      0.14056731       147.61007       1.0235162       0.8478473      0.62670883      0.46403506      0.84641009       1.0410232       6.9563909       1.0616509        636.3617     0.088545445      0.088545445       796.45579                 21.951267                        392.74357                          221.66686             160.09408
              2       398.06306       68.393965       3.1476333      0.97244697     0.022530382       0.1173722     0.048434873        1.061304       1.0017235       2.3280901   2.3280901e-09       2.4203778      0.24595113      0.24728314       13.772029       2.1131474      0.69946222      0.30046052      0.14054745       147.61067       1.0233959      0.84752419      0.62661301      0.46392338      0.84635498       1.0410032       7.0027705        1.061304       636.02927     0.088545445      0.088545445       795.94902                 21.962626                        392.43978                          221.62686             159.91976
              3        396.2108       68.393965       3.1286894      0.97442139     0.022530382       0.1173722     0.048434873       1.0530822       1.0014675       2.2844021   2.2844021e-09       2.4203778      0.24595113      0.24728314       13.772029       2.0734929      0.69946222      0.30046052      0.14054745       147.61067       1.0145134      0.84016814      0.62117435      0.45989678      0.83900908       1.0410032       7.0027705       1.0530822       634.10228     0.088545445      0.088545445        792.2445                 21.465635                        392.63205                          220.00459             158.14222
              1       396.50754       68.967046       3.1453529      0.97606828     0.022719002      0.11613813     0.055957127       1.0544143       1.0016725       2.3227871   2.3227871e-09       2.3874261      0.24603159      0.24736389       13.749954       2.0768525      0.70663408      0.29328994        0.139502       147.73114       1.0127087      0.82406916      0.61891304      0.45546386      0.84101809       1.0408971       7.7101719       1.0544143       633.69514     0.088545445      0.088545445       792.83799                 21.508942                        390.22075                          221.96545             159.14284
              1       396.82352       67.819945       3.1168386      0.97082405     0.022587942      0.11870424     0.062134376       1.0300499       1.0012942       2.2574899   2.2574899e-09       2.4102525      0.24597579      0.24730789       13.785121       1.9936852      0.69133211      0.30858933      0.14193705       147.19177       1.0163596       0.8585385      0.62383727      0.46496102      0.83700123       1.0405603       8.3882037       1.0300499       634.30082     0.088545445      0.088545445       793.46995                 22.550575                        391.04506                          220.70519             159.16913
              1       396.34772       67.857895       3.1191298       0.9709101     0.022603536       0.1187445     0.063475806       1.0304918       1.0009471       2.2626682   2.2626682e-09       2.4075199      0.24598247      0.24731459       13.780221       1.9929045      0.69155595      0.30836556       0.1419929       147.16377       1.0174958      0.85917767      0.62459613       0.4654422      0.83817137       1.0406757       8.5148181       1.0304918       634.86344     0.088545445      0.088545445       792.51835                 22.501461                        391.42753                          220.93445              157.6549
              7       396.97714        67.91466       3.1200977       0.9714271      0.02257641      0.11851331     0.064763112       1.0294677       1.0047341       2.2648593   2.2648593e-09       2.4122762      0.24597086      0.24730294       13.782203        1.989705       0.6926314      0.30729025      0.14173459       147.25522       1.0169034         0.85634      0.62394836      0.46455362      0.83803364       1.0406705       8.6406033       1.0294677       634.38204     0.088545445      0.088545445       793.77719                 22.496021                        391.88948                          219.99654             159.39515
              5       397.57435       67.710821       3.1144405      0.97064259      0.02253437      0.11893165     0.064383187       1.0266017       1.0054475       2.2520827   2.2520827e-09       2.4196744      0.24595284      0.24728486       13.790113       1.9799846      0.68995722      0.30996396      0.14211089       147.19098       1.0171994      0.86199768      0.62454387      0.46600519      0.83701869        1.040612       8.6221672       1.0266017        634.2013     0.088545445      0.088545445       794.97161                 22.604235                        391.83236                          219.76471             160.77031
              4       398.06786       67.710821       3.1028934      0.97128661      0.02253437      0.11893165     0.064383187       1.0220272       1.0042758       2.2262273   2.2262273e-09       2.4196744      0.24595284      0.24728486       13.790113        1.957253      0.68995722      0.30996396      0.14211089       147.19098       1.0115906      0.85724465      0.62110015      0.46343565      0.83240339        1.040612       8.6221672       1.0220272       635.67246     0.088545445      0.088545445       795.95862                  22.30936                        391.79275                          221.57035             160.28617
              3       397.22028       68.148577        3.116934      0.97355565     0.022550229      0.11825001     0.064851466       1.0296192       1.0046382       2.2577052   2.2577052e-09       2.4168796      0.24595964      0.24729168       13.769295       1.9830696      0.69536116      0.30456103       0.1414451       147.35439        1.013927      0.84846287      0.62180421      0.46192582      0.83701853       1.0411559       8.6515859       1.0296192       636.35509     0.088545445      0.088545445       794.26348                 21.942614                        391.87539                          222.53709             157.90838
              2       395.42251       67.734636       3.1038477      0.97216904     0.022438592       0.1189791     0.061041922       1.0248361       1.0043101       2.2283526   2.2283526e-09       2.4366551      0.24591177      0.24724364       13.789306       1.9722573      0.69028053       0.3096407      0.14206256       147.28494        1.013359      0.85808805      0.62213303      0.46408525      0.83400518       1.0409791       8.3232978       1.0248361       632.75932     0.088545445      0.088545445       790.66792                 22.172383                        390.71594                            219.871             157.90861
              3       396.21746       67.734636       3.0692317       0.9714828     0.022438592       0.1189791     0.061041922       1.0066856       1.0045431       2.1525359   2.1525359e-09       2.4366551      0.24591177      0.24724364       13.789306       1.9051539      0.69028053       0.3096407      0.14206256       147.28494      0.99571124      0.84314431      0.61129848      0.45600313      0.81948085       1.0409791       8.3232978       1.0066856       633.20026     0.088545445      0.088545445       792.25783                 22.367953                        390.69844                          220.13386             159.05758
              1       397.03067       67.227674       3.0583664      0.96795683     0.022537888      0.12051764     0.057944057       1.0019518       1.0011458       2.1292744   2.1292744e-09        2.419054      0.24595435      0.24728637       13.790109       1.8962783      0.68196788      0.31795216      0.14370039       146.76894      0.99835155       0.8625296      0.61467844      0.46157091      0.81857323        1.040818       8.0201154       1.0019518       637.83102     0.088545445      0.088545445       793.88425                 23.084863                        390.17457                          224.57159             156.05323
              4       397.01797       67.227674       3.0896882      0.96540455     0.022537888      0.12051764     0.057944057       1.0175106       1.0022731       2.1970226   2.1970226e-09        2.419054      0.24595435      0.24728637       13.790109       1.9566131      0.68196788      0.31795216      0.14370039       146.76894       1.0131336      0.87530062      0.62377967      0.46840515      0.83069342        1.040818       8.0201154       1.0175106       637.69748     0.088545445      0.088545445       793.85886                 23.680582                        390.17462                          223.84228             156.16137
              3        395.7849       67.520674       3.0948073      0.96724522     0.022506219      0.11957287     0.056775156       1.0233406       1.0016357       2.2082983   2.2082983e-09       2.4246469      0.24594077      0.24727274       13.790404        1.971258      0.68686379      0.31305695      0.14272396       147.05276        1.010436      0.86273829      0.62105924      0.46455685      0.83028501       1.0407902       7.8949214       1.0233406         633.229     0.088545445      0.088545445        791.3927                 23.075667                        390.04851                          220.10482             158.16371
              8       396.54005       67.865671       3.1031635      0.96909433      0.02250965      0.11866064      0.05890499        1.026702       1.0055087       2.2268286   2.2268286e-09       2.4240401      0.24594224      0.24727422       13.784369       1.9793498      0.69201256      0.30790898      0.14181515       147.29035       1.0089867      0.85090584      0.61917884      0.46123441      0.83120954        1.040852        8.090757        1.026702       632.11647     0.088545445      0.088545445         792.903                 22.737724                        390.26181                          219.11694             160.78653
              2       397.83171       68.167399       3.1125748      0.96940177     0.022683014      0.11831444     0.054962461       1.0344974       1.0059087       2.2478848   2.2478848e-09       2.3936623      0.24601634      0.24734858       13.762255       2.0138831      0.69510495      0.30481728      0.14164232       147.18965       1.0093239      0.84536725      0.61919697      0.46008568      0.83333367       1.0409389       7.6538036       1.0344974       636.95144     0.088545445      0.088545445       795.48633                 22.803893                        390.06819                          224.07935             158.53488
              1       398.36428       68.167399       3.1238897      0.96807152     0.022683014      0.11831444     0.054962461       1.0400732      0.99969426       2.2734639   2.2734639e-09       2.3936623      0.24601634      0.24734858       13.762255       2.0367995      0.69510495      0.30481728      0.14164232       147.18965       1.0145362      0.84973286      0.62239461      0.46246164      0.83763714       1.0409389       7.6538036       1.0400732        638.3433     0.088545445      0.088545445       796.55147                 23.116523                        390.03281                          225.19397             158.20817
              3       398.24107       68.305086       3.1255169      0.96928988     0.022623074      0.11782645     0.052036426        1.044712       1.0000342       2.2771664   2.2771664e-09       2.4041025      0.24599081      0.24732297       13.764968       2.0520904       0.6975073      0.30241524      0.14109439       147.38604       1.0130546      0.84332226      0.62088377      0.46042747      0.83725816       1.0409851       7.3628467        1.044712       637.17762     0.088545445      0.088545445       796.30504                  22.73487                        390.65339                          223.78936             159.12743
              1       398.19865       68.247705       3.1246585      0.96898111     0.022623002      0.11806169     0.050942667       1.0452856       1.0058328       2.2752125   2.2752125e-09        2.404115      0.24599078      0.24732293       13.763647       2.0548197      0.69649354      0.30342887      0.14132956        147.3235       1.0140429      0.84633524      0.62174825       0.4614544      0.83772282       1.0410643       7.2543738       1.0452856       637.02999     0.088545445      0.088545445       796.22021                 22.749507                        391.00783                          223.27265             159.19021
              4       397.99151       68.707965       3.1380095      0.97091882     0.022696356      0.11714144     0.053307047       1.0521053       1.0054537       2.3057924   2.3057924e-09       2.3913475        0.246022      0.24735427       13.746002       2.0726133      0.70234015       0.2975833      0.14048266        147.4873       1.0139255      0.83434975      0.62074282      0.45847309      0.84044552       1.0412638       7.4664987       1.0521053       635.43442     0.088545445      0.088545445       795.80592                 22.321963                         390.4417                          222.67075              160.3715
              3       398.22126        68.61008       3.1362911      0.97135344     0.022571477      0.11735641     0.056098161       1.0486253        1.002451       2.3018334   2.3018334e-09       2.4131426      0.24596875      0.24730082       13.752194        2.057537      0.70129882      0.29862441      0.14057275       147.56909       1.0158583      0.83797435      0.62202582      0.45982199      0.84144762       1.0415231       7.7777893       1.0486253       634.84069     0.088545445      0.088545445       796.26543                 22.234147                         390.0771                          222.52945             161.42474
              2       399.38623        68.61008       3.1365633      0.98192708     0.022571477      0.11735641     0.056098161       1.0498719      0.99900729       2.3024602   2.3024602e-09       2.4131426      0.24596875      0.24730082       13.752194       2.0580972      0.70129882      0.29862441      0.14057275       147.56909       1.0201307       0.8414986      0.62464186      0.46175585      0.84498648       1.0415231       7.7777893       1.0498719        639.2301     0.088545445      0.088545445       798.59536                 20.637955                        390.37232                          228.21983             159.36526
              3       399.27542       68.263111       3.1277489      0.98032897     0.022532942      0.11807197     0.059424063       1.0392723      0.99948757       2.2822545   2.2822545e-09       2.4199261      0.24595223      0.24728424       13.764454       2.0265111      0.69680173      0.30312072      0.14124978         147.421       1.0207561      0.85125558      0.62577606      0.46432584      0.84336396       1.0413523       8.1273949       1.0392723       637.27027     0.088545445      0.088545445       798.37375                 20.996308                        390.33596                          225.93801             161.10348
              2       399.44637        68.33607       3.1317778      0.98055975     0.022554262      0.11808566     0.062616656       1.0380303       1.0040628       2.2914681   2.2914681e-09       2.4161696      0.24596137      0.24729342       13.757033       2.0217417      0.69737384      0.30254878      0.14128479       147.39359       1.0225057      0.85172119      0.62688744      0.46493091      0.84526079       1.0415291       8.4337793       1.0380303       638.75248     0.088545445      0.088545445       798.71565                 21.040656                        391.00841                          226.70341             159.96317
              1       398.13367        68.33607       3.0877025       0.9719799     0.022554262      0.11808566     0.062616656       1.0159394       1.0041294       2.1926645   2.1926645e-09       2.4161696      0.24596137      0.24729342       13.757033       1.9345682      0.69737384      0.30254878      0.14128479       147.39359      0.99693569      0.83042206      0.61121077      0.45330431      0.82412321       1.0415291       8.4337793       1.0159394       635.84234     0.088545445      0.088545445       796.09025                 22.321466                         391.0723                          222.44857             160.24791
              2        398.0539        68.33607        3.110112      0.97133796     0.022554262      0.11808566     0.062616656       1.0274222       1.0039307       2.2423556   2.2423556e-09       2.4161696      0.24596137      0.24729342       13.757033       1.9784102      0.69737384      0.30254878      0.14128479       147.39359       1.0079216      0.83957301      0.61794609      0.45829956      0.83320476       1.0415291       8.4337793       1.0274222       635.74775     0.088545445      0.088545445       795.93071                 22.437515                        391.05654                           222.2537             160.18295
              1       397.36958       67.925458       3.0987301      0.96968899     0.022478271      0.11891837     0.062388272       1.0207909       1.0024142       2.2169779   2.2169779e-09       2.4295987      0.24592878      0.24726071       13.772887       1.9569134      0.69206391      0.30785776      0.14204151       147.25698       1.0083931      0.85065238      0.61906133       0.4611277      0.83108635       1.0413822       8.4446463       1.0207909       635.01207     0.088545445      0.088545445       794.56206                 22.734418                        391.07981                          221.19784                159.55
              1       399.23464       67.860971       3.0972241      0.96931476     0.022481895      0.11915765     0.059660665       1.0207209       1.0003011       2.2136417   2.2136417e-09       2.4289558      0.24593033      0.24726227       13.772022        1.964657       0.6909509      0.30897062      0.14228441       147.18948       1.0090236      0.85354751      0.61971307      0.46202976      0.83121114       1.0414325       8.1813918       1.0207209       637.47702     0.088545445      0.088545445       798.29219                 22.970661                        390.42262                          224.08374             160.81517
              4       400.61882       67.812808       3.0968645      0.96919752     0.022463201       0.1193403     0.060779724       1.0191883      0.99981702       2.2128459   2.2128459e-09        2.432275      0.24592232      0.24725422       13.771855         1.95956      0.69015522       0.3097662      0.14244837       147.16186       1.0101326      0.85616158      0.62057282       0.4629683      0.83182936       1.0415292       8.2991291       1.0191883       638.34104     0.088545445      0.088545445       801.06054                 23.036611                        390.63574                          224.66869              162.7195
              1       399.26831       67.737896       3.0948732      0.96874864     0.022468492       0.1195189     0.060310254       1.0183838        1.003392       2.2084439   2.2084439e-09       2.4313349      0.24592459       0.2472565       13.773531        1.957499      0.68906874       0.3108525      0.14263226       147.10876       1.0101805      0.85842951      0.62080246      0.46354513      0.83140923       1.0414791       8.2548017       1.0183838       638.33419     0.088545445      0.088545445       798.35953                 23.123158                        390.55514                           224.6559             160.02534
              5       399.25407       67.586631       3.0895251      0.96831529     0.022416821      0.11957859     0.064106932       1.0118266       1.0018831       2.1966645   2.1966645e-09       2.4405398      0.24590245      0.24723428       13.786791       1.9323293      0.68765784      0.31226305      0.14264028        147.1504       1.0086621      0.85967736      0.61987802      0.46337904      0.82923207       1.0412232       8.6377121       1.0118266       638.41134     0.088545445      0.088545445       798.33105                 23.312276                        391.87485                          223.22421             159.91971
              3       398.38253       67.990138       3.0961942      0.97055124     0.022413909      0.11849707     0.052760062       1.0284117       1.0024676       2.2113631   2.2113631e-09       2.4410602      0.24590121      0.24723303       13.780359       1.9899091      0.69370013       0.3062217      0.14155584       147.44053       1.0054207      0.84448907      0.61670829      0.45876342      0.82903105       1.0412957       7.4925094       1.0284117       635.79966     0.088545445      0.088545445       796.58796                  22.42738                        390.50223                          222.87004             160.78831
              1       396.50329       67.897155       3.0923314      0.96947294     0.022486346       0.1184973     0.054923048       1.0260605      0.99985596       2.2028375   2.2028375e-09       2.4281664      0.24593224      0.24726418       13.786655       1.9736807      0.69270298      0.30721863      0.14162852       147.35969       1.0028581      0.84422647      0.61521538      0.45802488       0.8263524       1.0408327       7.6957728       1.0260605       631.47172     0.088545445      0.088545445       792.82949                 22.447733                        390.11134                          218.91265             161.35777
              1       396.73828       68.042524        3.096341      0.97008272     0.022509729      0.11818068     0.055710208       1.0263616      0.99991618       2.2116876   2.2116876e-09       2.4240261      0.24594227      0.24727425       13.781717        1.978493      0.69464801      0.30527393      0.14133527       147.41801        1.002598      0.84009551      0.61473717      0.45694287      0.82702196       1.0408706       7.7648047       1.0263616       632.65777     0.088545445      0.088545445       793.29947                 22.530017                        390.07211                          220.05564              160.6417
              2       396.87957       68.042524       3.0922406      0.97021061     0.022509729      0.11818068     0.055710208       1.0242616      0.99970998       2.2026375   2.2026375e-09       2.4240261      0.24594227      0.24727425       13.781717       1.9703971      0.69464801      0.30527393      0.14133527       147.41801       1.0005933      0.83841571      0.61350798      0.45602919       0.8253683       1.0408706       7.7648047       1.0242616       632.67341     0.088545445      0.088545445       793.58205                 22.505389                        390.07325                          220.09477             160.90864
              2       395.94891       67.781079       3.0879751      0.96870007     0.022520306      0.11896826     0.060085582       1.0177978       1.0027719       2.1932621   2.1932621e-09       2.4221566      0.24594681       0.2472788       13.783237       1.9449161      0.69055056      0.30937078      0.14213343       147.19692       1.0031213      0.84904347      0.61592455      0.45935382      0.82586239       1.0408963       8.2098228       1.0177978       633.13166     0.088545445      0.088545445       791.72072                 22.807429                        390.47698                          219.84725             158.58906
              2       395.76034       67.926376       3.0914738      0.96951988     0.022516907       0.1186265     0.059212895       1.0209812       1.0016216       2.2009492   2.2009492e-09       2.4227571      0.24594535      0.24727734       13.779697       1.9551422      0.69262107      0.30730061      0.14178827       147.29133       1.0027798      0.84454488       0.6153407      0.45814874      0.82646561       1.0409779       8.1191011       1.0209812        632.6179     0.088545445      0.088545445       791.34359                 22.601784                         390.2825                          219.73361              158.7257
             12       395.05235       67.926376        3.117425      0.97471218     0.022516907       0.1186265     0.059212895       1.0349309        1.002813       2.2588139   2.2588139e-09       2.4227571      0.24594535      0.24727734       13.779697       2.0065445      0.69262107      0.30730061      0.14178827       147.29133       1.0178855      0.85726695      0.62461008      0.46505021      0.83891533       1.0409779       8.1191011       1.0349309       634.21681     0.088545445      0.088545445       789.92761                 21.622381                         390.3445                          222.24993              155.7108
              1       395.27598       67.926376       3.1040073      0.97548053     0.022516907       0.1186265     0.059212895       1.0280914       1.0029493       2.2287083   2.2287083e-09       2.4227571      0.24594535      0.24727734       13.779697       1.9798011      0.69262107      0.30730061      0.14178827       147.29133       1.0113756      0.85178436      0.62061543      0.46207601      0.83355011       1.0409779       8.1191011       1.0280914        634.9562     0.088545445      0.088545445       790.37487                 21.496787                        390.35761                           223.1018             155.41867
              1        395.4083       67.926376       3.0893954      0.97364843     0.022516907       0.1186265     0.059212895       1.0207063       1.0011175       2.1963795   2.1963795e-09       2.4227571      0.24594535      0.24727734       13.779697       1.9510829      0.69262107      0.30730061      0.14178827       147.29133       1.0033128      0.84499385      0.61566782      0.45839229      0.82690496       1.0409779       8.1191011       1.0207063       634.33055     0.088545445      0.088545445       790.63952                 21.771327                        390.32827                          222.23096             156.30897
              1       396.32231        67.81591       3.0888541      0.97261659     0.022590667      0.11880165     0.062189699       1.0162728       1.0011779       2.1951909   2.1951909e-09       2.4097746      0.24597696      0.24730906       13.782754       1.9384518      0.69107763      0.30884379      0.14203718       147.16295       1.0034428      0.84823129      0.61601765      0.45922748      0.82633935       1.0406438       8.3947982       1.0162728       634.90835     0.088545445      0.088545445       792.46753                 22.138124                        390.97122                            221.799             157.55917
              3       396.68798       67.638027       3.0809096      0.97116747     0.022621608       0.1193854     0.055178984       1.0188882          1.0007       2.1778203   2.1778203e-09       2.4043586      0.24599019      0.24732234       13.781894       1.9502675        0.688107      0.31181401      0.14265188       146.97428       1.0025266      0.85366658      0.61611993      0.46040408      0.82450131       1.0406471       7.7055052       1.0188882       636.61222     0.088545445      0.088545445       793.19887                 22.184681                        390.13404                           224.2935             156.58665
              5        396.8206       67.638027       3.1109585      0.97246941     0.022621608       0.1193854     0.055178984       1.0337172       1.0039833       2.2442545   2.2442545e-09       2.4043586      0.24599019      0.24732234       13.781894       2.0097603        0.688107      0.31181401      0.14265188       146.97428       1.0182057      0.86701761      0.62575582      0.46760463      0.83739621       1.0406471       7.7055052       1.0337172       636.25545     0.088545445      0.088545445       793.46411                 22.029057                        390.13182                          224.09457             157.20866
              6       397.19352         67.9223       3.1149004      0.97489814     0.022516958      0.11820956     0.056726774       1.0357158       1.0048321       2.2531187   2.2531187e-09       2.4227482      0.24594537      0.24727736       13.791436       2.0114619      0.69348781      0.30643386      0.14137139       147.40214       1.0143907      0.85212911      0.62200753       0.4627856      0.83600997       1.0405244       7.8647061       1.0357158       632.36115     0.088545445      0.088545445       794.20994                 21.609892                        390.18607                          220.56519             161.84879
              6       397.38905       67.285069       3.1043726      0.97192056      0.02246815      0.12018551     0.062979271       1.0223135       1.0046571       2.2295226   2.2295226e-09       2.4313956      0.24592444      0.24725635        13.79586       1.9656617      0.68339787       0.3165223      0.14329853       146.93336       1.0216557      0.87946523      0.62858642      0.47148304      0.83803839       1.0408242       8.5261145       1.0223135       637.76772     0.088545445      0.088545445       794.60102                 22.214469                        391.37047                          224.18279              156.8333
              3       397.50622       67.101404       3.0955907      0.97119632     0.022416271      0.12048965      0.05951274       1.0211353        1.004662       2.2100289   2.2100289e-09       2.4406381      0.24590222      0.24723405       13.805459       1.9620309      0.68110209      0.31881765      0.14355078       146.91087       1.0196985      0.88230059      0.62765814      0.47163796      0.83529057       1.0407247       8.2037482       1.0211353       636.80288     0.088545445      0.088545445       794.83535                 22.211816                        390.48811                          224.10295             158.03246
              2       397.15613       67.101404       3.0633481      0.97024946     0.022416271      0.12048965      0.05951274       1.0043121        1.004769       2.1399084   2.1399084e-09       2.4406381      0.24590222      0.24723405       13.805459        1.899779      0.68110209      0.31881765      0.14355078       146.91087       1.0030329      0.86788061      0.61739994      0.46392969       0.8216389       1.0407247       8.2037482       1.0043121       635.79152     0.088545445      0.088545445       794.13518                 22.447845                        390.49801                          222.84566             158.34366
              5       397.33497       67.716911        3.076555      0.97227038     0.022564623      0.11902948     0.051574483       1.0210238       1.0047747       2.1683574   2.1683574e-09        2.414347      0.24596581      0.24729787       13.786083       1.9558423      0.68973366      0.31018753      0.14223897       147.13151      0.99899891      0.84716178       0.6135072      0.45785267      0.82207906       1.0406554       7.3453159       1.0210238       635.32176     0.088545445      0.088545445       794.49285                 21.856497                        390.93593                          222.52933             159.17109
             14       397.09968       67.617551       3.0758823      0.97125554     0.022620235      0.11955109     0.050619661         1.02082       1.0026811       2.1668992   2.1668992e-09       2.4045987       0.2459896      0.24732175       13.779261       1.9582631      0.68755868      0.31236228      0.14281619       146.93209       1.0010271      0.85360928      0.61537546      0.46004977      0.82314346       1.0407629       7.2430634         1.02082       638.37583     0.088545445      0.088545445       794.02228                 22.055151                        391.24213                          225.07855             155.64645
              5       396.40493       67.617551       3.1121509      0.96915352     0.022620235      0.11955109     0.050619661       1.0390096       1.0024803       2.2469322   2.2469322e-09       2.4045987       0.2459896      0.24732175       13.779261       2.0305902      0.68755868      0.31236228      0.14281619       146.93209       1.0185333       0.8685374       0.6261373      0.46809524      0.83753879       1.0407629       7.2430634       1.0390096       636.72409     0.088545445      0.088545445       792.63277                 22.492658                        391.08914                           223.1423             155.90868
              3       394.91582       68.160432       3.1260449      0.97260768     0.022560255      0.11817096     0.051801262       1.0469621       1.0027604        2.278369    2.278369e-09       2.4151151      0.24596394      0.24729599       13.770124       2.0541401      0.69561568      0.30430654      0.14137609       147.36421       1.0176293      0.85099461      0.62399859      0.46345911      0.84014797       1.0410817       7.3574417       1.0469621       633.07241     0.088545445      0.088545445       789.65456                  21.86509                        390.89357                          220.31375             156.58215
              6       395.09551       68.160432       3.1303171      0.97245993     0.022560255      0.11817096     0.051801262       1.0482065       1.0032703       2.2881234   2.2881234e-09       2.4151151      0.24596394      0.24729599       13.770124       2.0629345      0.69561568      0.30430654      0.14137609       147.36421       1.0197479      0.85276628      0.62529767      0.46442398      0.84189706       1.0410817       7.3574417       1.0482065       633.34302     0.088545445      0.088545445       790.01393                 22.001206                        390.86589                          220.47592             156.67091
              1       394.78213       68.160432        3.117007      0.97370435     0.022560255      0.11817096     0.051801262       1.0414789       1.0030294       2.2578701   2.2578701e-09       2.4151151      0.24596394      0.24729599       13.770124       2.0356586      0.69561568      0.30430654      0.14137609       147.36421       1.0134651      0.84751229      0.62144515      0.46156261      0.83671004       1.0410817       7.3574417       1.0414789       633.46062     0.088545445      0.088545445       789.38717                 21.770945                        390.95174                          220.73793             155.92656
              2       396.16068       68.149327       3.1166961      0.97364796     0.022559641      0.11819708     0.051795299       1.0428165      0.99873495       2.2571682   2.2571682e-09       2.4152232      0.24596367      0.24729573       13.770415       2.0350501      0.69546155      0.30446064      0.14140159       147.35795       1.0134805      0.84784231      0.62148258      0.46164884      0.83665454       1.0410779       7.3573478       1.0428165       634.45122     0.088545445      0.088545445       792.14427                 21.617996                        390.95728                          221.87594             157.69305
              1       396.38022       68.149327       3.1498769      0.97306477     0.022559641      0.11819708     0.051795299       1.0598859      0.99900026       2.3333193   2.3333193e-09       2.4152232      0.24596367      0.24729573       13.770415       2.1037075      0.69546155      0.30446064      0.14140159       147.35795       1.0302055      0.86183386      0.63173863      0.46926722      0.85046147       1.0410779       7.3573478       1.0598859       633.46251     0.088545445      0.088545445       792.58335                 21.748858                        390.95174                          220.76191             159.12084
              2       396.62318       68.149327       3.1569571        0.975413     0.022559641      0.11819708     0.051795299       1.0638211       0.9991783       2.3498982   2.3498982e-09       2.4152232      0.24596367      0.24729573       13.770415       2.1186549      0.69546155      0.30446064      0.14140159       147.35795       1.0347863      0.86566599      0.63454764      0.47135381      0.85424302       1.0410779       7.3573478       1.0638211       634.57633     0.088545445      0.088545445       793.06926                 21.377981                        391.08598                          222.11237             158.49293
              6       396.49352       68.057555       3.1544886      0.97505814     0.022542687       0.1183871     0.052393847       1.0604883      0.99937266       2.3441046   2.3441046e-09        2.418208      0.24595641      0.24728844       13.773851       2.1109029      0.69426605      0.30565593      0.14157465       147.32638       1.0349618      0.86828617      0.63484935      0.47204009      0.85381244       1.0410495       7.4251225       1.0604883       633.52626     0.088545445      0.088545445       792.80995                 21.552085                        390.80553                          221.16865             159.28368
              3       398.74837       67.267172       3.1354085      0.97159987     0.022463965      0.11996738     0.060004716       1.0401016        1.000305        2.299803    2.299803e-09       2.4321393      0.24592265      0.24725455       13.803494        2.039723      0.68372071      0.31619943      0.14307621       146.99544       1.0364191      0.89123626      0.63742233      0.47798861      0.85003538       1.0405538       8.2317597       1.0401016       635.39083     0.088545445      0.088545445       797.31965                  22.35349                        390.54889                          222.48844             161.92882
              2       399.25344       67.061666       3.1298613      0.97072382     0.022433382      0.12044134     0.060689453       1.0359397       1.0013118       2.2870808   2.2870808e-09       2.4375839      0.24590954       0.2472414       13.809866       2.0256635      0.68079341      0.31912623      0.14351959        146.9046       1.0368921      0.89769305       0.6382067      0.47968042      0.84912326       1.0405114       8.3146354       1.0359397       636.41892     0.088545445      0.088545445       798.32979                 22.535635                        390.73701                          223.14628             161.91087
              1       399.06219       67.050295       3.1275883      0.97030263     0.022444617      0.12085212     0.053732411       1.0412755      0.99895131        2.281888    2.281888e-09       2.4355815      0.24591435      0.24724623       13.799453       2.0493822      0.67974645      0.32017317       0.1439416       146.78433       1.0377464      0.90100855      0.63920157      0.48082171      0.84975084       1.0408748       7.6212595       1.0412755       637.41223     0.088545445      0.088545445       797.94728                 22.467011                        390.24521                          224.70002             160.53505
              6       398.28066        67.15046       3.1308862      0.97106172     0.022422928      0.12059585     0.055288089        1.043881       1.0030612       2.2894259   2.2894259e-09       2.4394491      0.24590507      0.24723691       13.798008       2.0497645      0.68131755       0.3186023      0.14366365       146.87578       1.0381294      0.89803002      0.63912852      0.48017597      0.85069909       1.0409647       7.7808145        1.043881       637.91459     0.088545445      0.088545445       796.38423                 22.101803                        390.11874                          225.69404             158.46963
              3       399.02385        67.15046       3.1172341      0.97095001     0.022422928      0.12059585     0.055288089       1.0368162      0.99739607       2.2583829   2.2583829e-09       2.4394491      0.24590507      0.24723691       13.798008       2.0219712      0.68131755       0.3186023      0.14366365       146.87578       1.0310237      0.89188327      0.63475387      0.47688931      0.84487631       1.0409647       7.7808145       1.0368162       637.99933     0.088545445      0.088545445       797.87061                 22.116707                        390.11483                          225.76779             159.87128
              3        398.5553        67.15046       3.1149955      0.97081816     0.022422928      0.12059585     0.055288089       1.0352857       1.0061454       2.2533329   2.2533329e-09       2.4394491      0.24590507      0.24723691       13.798008       2.0174498      0.68131755       0.3186023      0.14366365       146.87578        1.029819      0.89084115      0.63401219      0.47633208      0.84388911       1.0409647       7.7808145       1.0352857       636.98705     0.088545445      0.088545445       796.93351                 22.183497                        390.10484                          224.69872             159.94646
              5       398.48094       67.444363       3.1240453       0.9714694     0.022528089      0.12029405     0.051043046       1.0430307       1.0056382       2.2738177   2.2738177e-09       2.4207825      0.24595015      0.24728215       13.777077       2.0531478      0.68452125      0.31539931      0.14346701       146.83865       1.0310385      0.88575424      0.63454568      0.47553017      0.84673539       1.0412585       7.3182782       1.0430307       638.36898     0.088545445      0.088545445       796.78478                 22.201565                        390.97597                          225.19144              158.4158
              5       397.37739        67.38444       3.1227213      0.97129349     0.022512808       0.1204003     0.052127815       1.0411188       1.0016946       2.2708091   2.2708091e-09       2.4234817      0.24594359      0.24727557       13.779962       2.0459875      0.68375958      0.31616084      0.14355797       146.82755       1.0312355      0.88745387      0.63476748      0.47598327      0.84652083       1.0412294       7.4352651       1.0411188       637.97145     0.088545445      0.088545445       794.57769                  22.25283                        390.58923                           225.1294             156.60623
              1       398.55908        68.19718       3.1446227      0.97730258     0.022358779      0.11772641      0.06282869       1.0454394       1.0028084       2.3210917   2.3210917e-09       2.4509433      0.24587766       0.2472094       13.784511       2.0470101      0.69733268      0.30258962      0.14073006       147.70788       1.0279816      0.85551585      0.62962516       0.4669771      0.84892352        1.041235       8.4947256       1.0454394       635.80454     0.088545445      0.088545445       796.94107                 21.386188                        391.14942                          223.26894             161.13653
              2       399.52941        68.19718       3.1590718      0.97572923     0.022358779      0.11772641      0.06282869       1.0527163       1.0016823       2.3548728   2.3548728e-09       2.4509433      0.24587766       0.2472094       13.784511       2.0768023      0.69733268      0.30258962      0.14073006       147.70788       1.0348128      0.86120098      0.63380918      0.47008028      0.85456484        1.041235       8.4947256       1.0527163       635.38245     0.088545445      0.088545445       798.88174                 21.656524                        391.17029                          222.55564             163.49928
              4       400.84345       69.626421       3.2046865      0.98119717     0.022679784       0.1146815     0.063968283        1.078722       1.0016264       2.4647772   2.4647772e-09       2.3942233      0.24601497      0.24734721       13.733018       2.1687801      0.71524982      0.28467563      0.13800615       148.16877       1.0341675      0.82315959      0.63032638       0.4604188      0.86293465       1.0413664       8.4709343        1.078722       638.97675     0.088545445      0.088545445       801.50981                 21.032692                        391.12235                           226.8217             162.53307
              2       401.15649       69.324124       3.1907887      0.97987477     0.022592705      0.11556527     0.055374192       1.0792739       1.0014659       2.4307592   2.4307592e-09       2.4094173      0.24597783      0.24730994       13.737674        2.175928      0.71110327      0.28882153      0.13880284       148.02714       1.0337012      0.83175363      0.63094953      0.46254289      0.86067112       1.0416574       7.6721427       1.0792739       638.79287     0.088545445      0.088545445       802.13588                 21.039776                        390.35476                          227.39834             163.34301
              5       398.95702       68.851015        3.170464      0.97798004     0.022482231      0.11625703     0.050325393       1.0746439       1.0007497       2.3818534   2.3818534e-09       2.4288961      0.24593048      0.24726241       13.763444       2.1537879      0.70589309      0.29403067      0.13938413       147.96432       1.0294153      0.83886109      0.62899032      0.46317182      0.85417293       1.0412865       7.1935277       1.0746439       636.07643     0.088545445      0.088545445       797.73695                  21.01322                        391.91373                          223.14948             161.66052
              4       400.26242       68.851015       3.1705002      0.97670343     0.022482231      0.11625703     0.050325393       1.0751886      0.99915207       2.3819396   2.3819396e-09       2.4288961      0.24593048      0.24726241       13.763444        2.153866      0.70589309      0.29403067      0.13938413       147.96432       1.0289288      0.83846466      0.62869307      0.46295293      0.85376926       1.0412865       7.1935277       1.0751886        636.1145     0.088545445      0.088545445       800.34776                 21.130486                        391.84792                           223.1361             164.23325
              3       400.62404        69.04583       3.1760654      0.97692639     0.022578235      0.11600753     0.046807192       1.0819904       0.9988567       2.3952326   2.3952326e-09       2.4119558      0.24597164      0.24730372       13.750448       2.1811799      0.70787239      0.29205181      0.13923064        147.9238       1.0288173        0.834472      0.62845179      0.46199464      0.85488362       1.0413494        6.803839       1.0819904       638.25666     0.088545445      0.088545445       801.07099                 21.085087                         394.1629                          223.00868             162.81433
              1       401.31531       69.237975       3.1827536      0.97786116     0.022594867      0.11568546      0.04748213       1.0851479       1.0058057        2.411306    2.411306e-09       2.4090384      0.24597876      0.24731087       13.741898       2.1928548      0.71012869      0.28979593      0.13892519       147.99206       1.0298082      0.83062011      0.62871176      0.46129066      0.85689679       1.0415274       6.8673599       1.0851479       639.29158     0.088545445      0.088545445       802.45353                 20.997747                        393.75879                          224.53503             163.16196
              3        399.0323       67.954454       3.1528402      0.97143411     0.022527826      0.11910184     0.051868319       1.0595029      0.99943947       2.3402437   2.3402437e-09        2.420829      0.24595004      0.24728204       13.763982       2.1096424        0.691822      0.30809974      0.14227454        147.1533       1.0372372      0.87579023      0.63702996      0.47460542      0.85504117       1.0415342       7.3862334       1.0595029       635.67213     0.088545445      0.088545445       797.88751                 22.136326                        390.74743                          222.78837             162.21538
              2       397.61684       67.898679       3.1519637      0.97122741      0.02252466      0.11913962     0.053786843       1.0564116       1.0003218       2.3381934   2.3381934e-09       2.4213878      0.24594868      0.24728068       13.767998       2.0997218      0.69124042       0.3086812      0.14230915       147.14669       1.0371678      0.87685891      0.63702611      0.47482631      0.85463307       1.0414159       7.5835322       1.0564116       634.56665     0.088545445      0.088545445       795.05659                 22.282168                        390.26558                           222.0189             160.48994
              2       398.70143       67.898679       3.1723054      0.97488549      0.02252466      0.11913962     0.053786843       1.0680509       1.0026153       2.3862434   2.3862434e-09       2.4213878      0.24594868      0.24728068       13.767998       2.1428713      0.69124042       0.3086812      0.14230915       147.14669       1.0492323      0.88705863      0.64443607      0.48034954      0.86457425       1.0414159       7.5835322       1.0680509       636.16281     0.088545445      0.088545445       797.22577                 21.583642                        390.44078                           224.1384             161.06296
              1       399.39755       67.898679       3.1246535      0.97817796      0.02252466      0.11913962     0.053786843       1.0438277        1.004949        2.275201    2.275201e-09       2.4213878      0.24594868      0.24728068       13.767998       2.0431541      0.69124042       0.3086812      0.14230915       147.14669       1.0258175      0.86726294      0.63005477      0.46963002      0.84528032       1.0414159       7.5835322       1.0438277       641.02724     0.088545445      0.088545445         798.618                 21.041705                        390.53216                          229.45337             157.59076
              2       397.45644       67.898679       3.0665171      0.97199406      0.02252466      0.11913962     0.053786843       1.0130668        1.004676       2.1467005   2.1467005e-09       2.4213878      0.24594868      0.24728068       13.767998       1.9277593      0.69124042       0.3086812      0.14230915       147.14669         0.99408      0.84043093      0.61056168      0.45510026      0.81912843       1.0414159       7.5835322       1.0130668       635.74883     0.088545445      0.088545445       794.73579                 22.043781                        390.32068                          223.38437             158.98695
              1       401.75699       69.298085       3.0990999      0.97951602     0.022533522      0.11540365     0.050379602       1.0368687       1.0046607       2.2177981   2.2177981e-09       2.4198238      0.24595248      0.24728449        13.74604       2.0052237      0.71134591      0.28857883      0.13858204       148.13732      0.98692386      0.79336522      0.60215789      0.44134326      0.82156942       1.0415559       7.1763988       1.0368687       640.66841     0.088545445      0.088545445       803.33689                 20.928226                        392.09133                          227.64885             162.66848
              1       403.02897       69.466923       3.1054337      0.98012678     0.022577008      0.11512859     0.050991814        1.042207       1.0008976       2.2318896   2.2318896e-09       2.4121712      0.24597111      0.24730319       13.737553       2.0154953      0.71322723      0.28669788      0.13835046       148.16291       0.9877016      0.79029221      0.60238051      0.44078523      0.82321787       1.0416451       7.2262964        1.042207       641.96741     0.088545445      0.088545445       805.88085                 20.693011                         391.8981                           229.3763             163.91344
              5       402.94988       69.231112       3.1057425      0.98020606     0.022455472      0.11552776      0.06500329       1.0265353       1.0054611        2.232579    2.232579e-09       2.4336493      0.24591901       0.2472509       13.750675       1.9604045      0.71069106      0.28923354       0.1386281       148.19149      0.99206132      0.79873704      0.60534273      0.44392898      0.82544696        1.041692       8.6399633       1.0265353       641.38391     0.088545445      0.088545445       805.72268                 20.982218                        391.59529                           228.8064             164.33877
              7       400.27281       68.868902       3.0962813      0.97816706     0.022462311      0.11642393     0.064847497       1.0205257       1.0051518       2.2115558   2.2115558e-09       2.4324332      0.24592194      0.24725384       13.757825       1.9425494      0.70573597      0.29418784       0.1395311       147.94156      0.99300907      0.80968838      0.60690536      0.44696874      0.82407132       1.0415705       8.6399181       1.0205257       638.12282     0.088545445      0.088545445       800.36852                 21.279566                        391.68515                           225.1581              162.2457
              7       400.48454       68.868902       3.1472819      0.98192031     0.022462311      0.11642393     0.064847497       1.0464429       1.0008698       2.3272722   2.3272722e-09       2.4324332      0.24592194      0.24725384       13.757825       2.0441905      0.70573597      0.29418784       0.1395311       147.94156       1.0201309      0.83180322      0.62348164       0.4591767        0.846579       1.0415705       8.6399181       1.0464429       639.35519     0.088545445      0.088545445       800.79199                 20.831787                         391.6019                          226.92151              161.4368
              2       401.17778       68.388684       3.1221219      0.97988484     0.022323847      0.11734204     0.051328164       1.0467912        1.005218       2.2694485   2.2694485e-09       2.4572372      0.24586275      0.24719444       13.778983       2.0480344      0.69992191      0.30000083      0.14031075        147.8501       1.0148542      0.83926063      0.62112125      0.45968147      0.83925854       1.0414838       7.3471345       1.0467912       640.08422     0.088545445      0.088545445       802.17846                 20.783724                        391.44252                          227.85798             162.09424
              3       397.18247        68.37291       3.1230531      0.97862162     0.022473204      0.11750361     0.049092761        1.049205        1.004574       2.2715627   2.2715627e-09        2.430498      0.24592661      0.24725853       13.771866       2.0591278      0.69911831      0.30080439      0.14062168       147.63942       1.0145765      0.84095631      0.62129499      0.46011765       0.8389321       1.0412274       7.0855433        1.049205       636.62215     0.088545445      0.088545445       794.18785                 20.930624                        392.49193                           223.1996              157.5657
              5       401.07308       68.972769       3.1366998      0.98176816     0.022492895      0.11575778     0.048242835        1.059265       1.0075987       2.3027745   2.3027745e-09       2.4270058      0.24593505        0.247267       13.766122        2.090972      0.70795756      0.29196648      0.13889554       148.08704       1.0102269      0.81874435      0.61672422      0.45334022      0.83899188       1.0410804       6.9672857        1.059265       638.97083     0.088545445      0.088545445       801.96907                  20.57505                        393.41165                          224.98413             162.99824
              2        399.6999       69.386815       3.1515085      0.98346726     0.022578268       0.1149312     0.050582239       1.0654832       1.0044331       2.3371294   2.3371294e-09       2.4119499      0.24597165      0.24730374       13.750012       2.1122611      0.71297205      0.28695289      0.13815433       148.21525       1.0112072      0.80928042      0.61649743      0.45121541      0.84232293       1.0411897       7.1802072       1.0654832       638.98943     0.088545445      0.088545445       799.22271                 20.463622                        392.22031                           226.3055             160.23328
              5       400.75328       69.386815       3.1679199       0.9828855     0.022578268       0.1149312     0.050582239       1.0761349        0.999752       2.3758014   2.3758014e-09       2.4119499      0.24597165      0.24730374       13.750012       2.1472122      0.71297205      0.28695289      0.13815433       148.21525       1.0193093      0.81576463      0.62143701      0.45483069      0.84907189       1.0411897       7.1802072       1.0761349       640.31156     0.088545445      0.088545445       801.32947                 20.402157                         392.2387                           227.6707             161.01792
              2       399.93667       69.022094       3.1683255      0.97985532      0.02274924      0.11620198     0.058397372       1.0661641      0.99645469       2.3767653   2.3767653e-09       2.3822054      0.24604435       0.2473767       13.742519       2.1147693      0.70690434      0.29301981      0.13959609       147.68018       1.0257882      0.83435312      0.62701219      0.46131782      0.85222004       1.0410516       7.9450114       1.0661641       637.08395     0.088545445      0.088545445       799.69625                  20.86518                        390.25471                          225.96407              162.6123
              1        398.0134       68.651413       3.1582004      0.97762347     0.022764244      0.11725193     0.056105128         1.06181       1.0011852       2.3528217   2.3528217e-09       2.3796213      0.24605066      0.24738303       13.746131       2.1030845      0.70147105      0.29845227      0.14066105       147.38229       1.0271504      0.84710459      0.62903888      0.46493925      0.85105724       1.0410398       7.7332475         1.06181       638.56647     0.088545445      0.088545445        795.8497                 21.121857                        390.24833                          227.19628             157.28324
              2       398.66719       68.651413       3.1468537      0.97119476     0.022764244      0.11725193     0.056105128       1.0551878       1.0010962       2.3262757   2.3262757e-09       2.3796213      0.24605066      0.24738303       13.746131       2.0793562      0.70147105      0.29845227      0.14066105       147.38229       1.0188238      0.84023755      0.62393959      0.46117023      0.84415816       1.0410398       7.7332475       1.0551878       637.14789     0.088545445      0.088545445       797.15729                 22.177397                         390.0885                          224.88199              160.0094
              3       397.61484        68.56502       3.1437187      0.97103529     0.022717108      0.11750504     0.055357426       1.0510856       1.0043934       2.3189944   2.3189944e-09       2.3877538      0.24603079      0.24736309       13.748152       2.0759498      0.70028016      0.29964297      0.14086701       147.36714       1.0193371      0.84314779      0.62448236      0.46203109      0.84405191       1.0411741       7.6734765       1.0510856       637.40438     0.088545445      0.088545445       795.05258                 22.540708                        390.08513                          224.77854              157.6482
              3       396.62061       68.614837       3.1428106      0.97144835     0.022690348      0.11729917     0.053393768       1.0550009       1.0005609       2.3168893   2.3168893e-09       2.3923894      0.24601945      0.24735171       13.750091       2.0822269      0.70120934       0.2987139      0.14063438       147.45184       1.0178925        0.839908      0.62333973       0.4608278      0.84316186       1.0411713       7.4787935       1.0550009       634.59269     0.088545445      0.088545445       793.06412                  22.14711                         390.4665                          221.97907             158.47144
             11       395.15465       68.614837       3.1387617      0.97405805     0.022690348      0.11729917     0.053393768       1.0522146       1.0017725       2.3075274   2.3075274e-09       2.3923894      0.24601945      0.24735171       13.750091       2.0738132      0.70120934       0.2987139      0.14063438       147.45184       1.0168502      0.83904791      0.62270142       0.4603559      0.84229844       1.0411713       7.4787935       1.0522146       633.92242     0.088545445      0.088545445       790.13221                  21.78038                        390.55129                          221.59075             156.20979
              1       395.90876       68.523349       3.1359055      0.97361437      0.02267999      0.11752923     0.052863463       1.0519986       1.0038525       2.3009461   2.3009461e-09       2.3941873      0.24601505       0.2473473       13.752189       2.0700929      0.69994305      0.29997999      0.14085408       147.40196       1.0169802       0.8417938      0.62302413      0.46108176      0.84184434       1.0411714       7.4308635       1.0519986       634.48892     0.088545445      0.088545445       791.64043                  21.73134                        390.65788                          222.09969             157.15151
              4       396.77071       68.523349       3.1350575      0.97082612      0.02267999      0.11752923     0.052863463       1.0510942       1.0036821       2.2989958   2.2989958e-09       2.3941873      0.24601505       0.2473473       13.752189       2.0683382      0.69994305      0.29997999      0.14085408       147.40196       1.0154648      0.84053943      0.62209575      0.46039469       0.8405899       1.0411714       7.4308635       1.0510942        634.7277     0.088545445      0.088545445       793.36433                 22.255385                        390.54002                          221.93229             158.63663
              3       396.36753       68.396831       3.1339848      0.97039622     0.022663212      0.11780023     0.056970574       1.0459896       1.0034616       2.2965309   2.2965309e-09       2.3971039      0.24600792      0.24734014       13.756458       2.0492186      0.69828852      0.30163423      0.14110831       147.34838       1.0169241       0.8451425      0.62327064      0.46189879      0.84102037        1.041127       7.8505596       1.0459896       634.10376     0.088545445      0.088545445       792.55798                 22.438423                        390.03388                          221.63145             158.45422
              4       395.07009       68.396831       3.1381141       0.9763543     0.022663212      0.11780023     0.056970574       1.0476861       1.0035591       2.3060337   2.3060337e-09       2.3971039      0.24600792      0.24734014       13.756458        2.057698      0.69828852      0.30163423      0.14110831       147.34838       1.0213512      0.84882182      0.62598405      0.46390966      0.84468175        1.041127       7.8505596       1.0476861       633.87235     0.088545445      0.088545445       789.96309                 21.488528                        390.16081                          222.22302             156.09073
              2       396.33886       68.446491       3.1375695      0.97678238     0.022643179      0.11748047      0.05654371       1.0502358       1.0026076        2.304778    2.304778e-09       2.4005933      0.24599939      0.24733157       13.761328       2.0583341      0.69945147       0.3004714      0.14076851       147.45596       1.0194052      0.84457094      0.62441485      0.46230012      0.84337834       1.0409857       7.8071405       1.0502358       635.97115     0.088545445      0.088545445       792.50063                 21.213074                         390.1999                          224.55817             156.52947
              1       397.75448       68.446491        3.187944      0.97868292     0.022643179      0.11748047      0.05654371       1.0764803       1.0014741       2.4238541   2.4238541e-09       2.4005933      0.24599939      0.24733157       13.761328       2.1646777      0.69945147       0.3004714      0.14076851       147.45596       1.0461694      0.86674492      0.64080869      0.47443769        0.865521       1.0409857       7.8071405       1.0764803        635.2517     0.088545445      0.088545445       795.33187                 21.013017                        390.22737                          224.01131             160.08018
              2       397.01981       68.446491        3.174234      0.97782034     0.022643179      0.11748047      0.05654371       1.0692964       1.0027855       2.3908498   2.3908498e-09       2.4005933      0.24599939      0.24733157       13.761328       2.1352024      0.69945147       0.3004714      0.14076851       147.45596       1.0386788      0.86053896      0.63622045      0.47104068      0.85932381       1.0409857       7.8071405       1.0692964       635.17545     0.088545445      0.088545445       793.86252                 21.108208                        390.20221                          223.86504             158.68707
              5       396.85828       68.503872       3.1754942      0.97845997     0.022611514      0.11714839     0.058700003       1.0666884       1.0038735       2.3938648   2.3938648e-09       2.4061237      0.24598588      0.24731801       13.766188        2.128695      0.70072986      0.29919313      0.14040477       147.57999       1.0377046      0.85679839      0.63521277      0.46979363      0.85887767        1.040883       8.0215084       1.0666884        632.9026     0.088545445      0.088545445       793.53946                 21.175463                        390.25627                          221.47086             160.63687
              1       398.82476       68.503872       3.1192858       0.9686267     0.022611514      0.11714839     0.058700003       1.0371422       1.0028844       2.2630212   2.2630212e-09       2.4061237      0.24598588      0.24731801       13.766188        2.012345      0.70072986      0.29919313      0.14040477       147.57999       1.0051584      0.82992601      0.61529013      0.45505915      0.83194008        1.040883       8.0215084       1.0371422       634.39645     0.088545445      0.088545445       797.47242                 22.825275                        390.15555                          221.41562             163.07597
              1       399.49454       68.596323       3.1220802      0.96941387     0.022583437      0.11683406      0.06068841       1.0370314        1.003698       2.2693537   2.2693537e-09       2.4110427      0.24597387      0.24730596       13.767374       2.0099669      0.70226367      0.29765953      0.14006237       147.69558       1.0049594      0.82649005      0.61479297      0.45410767      0.83233651       1.0408927       8.2167744       1.0370314       634.46516     0.088545445      0.088545445         798.812                 22.708897                        390.48269                          221.27358             164.34683
              3       399.67032         68.6208       3.1236921      0.96947768      0.02259552      0.11682375     0.061412499       1.0368815      0.99962359       2.2730148   2.2730148e-09        2.408924      0.24597904      0.24731115       13.765157       2.0102961      0.70247227      0.29745098      0.14006414       147.68485       1.0055368      0.82659082      0.61514811      0.45429039      0.83296326       1.0409234       8.2839888       1.0368815       634.99466     0.088545445      0.088545445       799.16355                 22.759625                        390.64776                          221.58727             164.16888
              7       399.84468       68.641066       3.1259508      0.96904893     0.022665295      0.11693098     0.061044369       1.0372584       1.0052141       2.2781544   2.2781544e-09       2.3967417      0.24600881      0.24734103       13.758516       2.0163258      0.70227226      0.29765104      0.14024114       147.57823       1.0064554      0.82796904      0.61590455      0.45492548      0.83384737       1.0409198       8.2338611       1.0372584       637.56189     0.088545445      0.088545445       799.51228                  22.99661                        390.58964                          223.97564             161.95039
              2       400.06868       68.124648       3.1105535      0.96652974     0.022620712      0.11809622     0.060166185       1.0290426        1.005931       2.2433459   2.2433459e-09       2.4045153       0.2459898      0.24732195       13.773692       1.9890081      0.69532661      0.30459552       0.1413618       147.31683       1.0066805      0.84233691       0.6172693      0.45856991      0.83089051       1.0407408       8.1788251       1.0290426       636.31087     0.088545445      0.088545445       799.96026                 23.458255                        390.43853                          222.41409             163.64939
              1       398.84555       67.548456       3.0898604      0.96447911      0.02243807      0.11967101     0.053922241       1.0228825       1.0031468       2.1974011   2.1974011e-09        2.436748      0.24591155      0.24724341        13.78711       1.9727546       0.6870556       0.3128652      0.14275394       147.10238       1.0078549      0.86023705      0.61950534      0.46332354      0.82833448       1.0411514       7.6241212       1.0228825       635.36099     0.088545445      0.088545445       797.51402                 23.693788                        390.05793                          221.60927             162.15302
              1       401.80521       67.548456       3.0835594      0.96184608      0.02243807      0.11967101     0.053922241       1.0196028       1.0027738       2.1835988   2.1835988e-09        2.436748      0.24591155      0.24724341        13.78711       1.9603634       0.6870556       0.3128652      0.14275394       147.10238       1.0036862      0.85667891      0.61694292      0.46140713      0.82490829       1.0411514       7.6241212       1.0196028       637.30594     0.088545445      0.088545445       803.43334                 24.327813                        389.91574                          223.06239              166.1274
              3       403.62422       67.735119       3.0938879      0.96160195     0.022601299      0.11974282     0.053559987       1.0248838      0.99825149       2.2062689   2.2062689e-09       2.4079117      0.24598151      0.24731363       13.764118       1.9821514      0.68826574      0.31165549      0.14298899        146.9025       1.0070998       0.8577834      0.61929583      0.46271849      0.82885671       1.0413628       7.5530899       1.0248838       641.93424     0.088545445      0.088545445       807.07134                 24.493873                        389.96757                           227.4728              165.1371
              1       400.65339       67.735119       3.1664793      0.97528645     0.022601299      0.11974282     0.053559987        1.063619       1.0045731       2.3723812   2.3723812e-09       2.4079117      0.24598151      0.24731363       13.764118       2.1313897      0.68826574      0.31165549      0.14298899        146.9025       1.0497663      0.89412397      0.64553271      0.48232187      0.86397178       1.0413628       7.5530899        1.063619       639.23669     0.088545445      0.088545445        801.1297                 21.624936                        390.47693                          227.13483               161.893
              1       401.55935       68.069397       3.1777174      0.97560955     0.022797569      0.11907429       0.0517781       1.0729915       1.0024282       2.3991926   2.3991926e-09       2.3738973      0.24606463      0.24739705       13.747227       2.1631729      0.69233922      0.30758278      0.14251672       146.86191       1.0489809       0.8851161      0.64451652      0.47998157      0.86545312       1.0411528       7.3190678       1.0729915       642.30807     0.088545445      0.088545445       802.94161                 21.497871                        391.03418                          229.77602             160.63354
              3       401.14063       68.064048       3.1700042       0.9776793     0.022571214      0.11778199     0.055689004       1.0673244      0.99985087       2.3807585   2.3807585e-09       2.4131887      0.24596863       0.2473007        13.78902       2.1298278      0.69556898      0.30435302      0.14099807       147.45564       1.0403503      0.86949927      0.63750398      0.47350798      0.85829879       1.0403536       7.7415163       1.0673244       634.66098     0.088545445      0.088545445       802.10417                  21.09627                        390.28097                          223.28374             167.44319
              3       402.73733       68.475341       3.1822193      0.97906957     0.022674885      0.11683681     0.056412449       1.0739695       1.0003577        2.410018    2.410018e-09       2.3950743      0.24601289      0.24734512       13.775519       2.1528861      0.70100977      0.29891316      0.14015656       147.59278       1.0392297      0.85715638        0.635865      0.47016595      0.85996081       1.0403023       7.7751892       1.0739695       635.07902     0.088545445      0.088545445       805.29756                 20.966403                        390.31143                          223.80119             170.21854
              1       400.80375       68.475341       3.1397865      0.97450417     0.022674885      0.11683681     0.056412449       1.0517467       1.0009728       2.3098935   2.3098935e-09       2.3950743      0.24601289      0.24734512       13.775519       2.0634441      0.70100977      0.29891316      0.14015656       147.59278       1.0156371       0.8376972      0.62142958      0.45949224      0.84043796       1.0403023       7.7751892       1.0517467        633.9495     0.088545445      0.088545445       801.43041                 21.562708                        390.13224                          222.25455             167.48092
              2       398.00472       68.770836       3.1513691       0.9756907     0.022746003      0.11649707     0.058785007       1.0552282       1.0010131       2.3368036   2.3368036e-09       2.3827634      0.24604299      0.24737533       13.756709       2.0776013      0.70414165      0.29578194      0.13988794       147.60456       1.0182499      0.83372321      0.62272951       0.4592428      0.84441615       1.0406328       7.9877298       1.0552282       634.03344     0.088545445      0.088545445       795.83235                 21.522181                        390.19291                          222.31834             161.79892
              5       397.72685       68.343088        3.133705      0.97631913     0.022408139      0.11710362     0.053676598       1.0513444       1.0042933       2.2958884   2.2958884e-09       2.4420917      0.24589874      0.24723056       13.787265       2.0621862      0.69985134      0.30007129      0.14015663       147.81951       1.0175023      0.84134783       0.6225709      0.46078139      0.84116793       1.0408772       7.5646541       1.0513444       632.97275     0.088545445      0.088545445       795.27661                 21.193343                        390.57231                           221.2071             162.30386
              4       397.77878       68.343088        3.099548       0.9746692     0.022408139      0.11710362     0.053676598       1.0327918       1.0048204       2.2187921   2.2187921e-09       2.4420917      0.24589874      0.24723056       13.787265       1.9929376      0.69985134      0.30007129      0.14015663       147.81951      0.99964205       0.8265796      0.61164288      0.45269327      0.82640287       1.0408772       7.5646541       1.0327918       632.18919     0.088545445      0.088545445       795.38047                 21.499209                         390.4817                          220.20829             163.19128
              3       396.03797       68.144124       3.0958161      0.97281476     0.022477469      0.11795382     0.051328812       1.0318184       1.0004266       2.2105272   2.2105272e-09        2.429741      0.24592844      0.24726036        13.77976       1.9948591      0.69611587       0.3038063      0.14107615       147.51441       1.0019907       0.8365769      0.61408302      0.45590703      0.82713785       1.0410151       7.3229162       1.0318184        632.5202     0.088545445      0.088545445       791.89884                 21.814373                        391.06924                          219.63659             159.37864
              2        395.5495       68.081799       3.0941874      0.97216265     0.022507198      0.11805197     0.052042845        1.029798       1.0031692       2.2069298   2.2069298e-09       2.4244736      0.24594119      0.24727316       13.781808       1.9887705      0.69528335      0.30463869      0.14120403       147.45514       1.0014736      0.83782328      0.61390513      0.45608683      0.82633282       1.0408575       7.3912087        1.029798       632.18404     0.088545445      0.088545445       790.92191                 21.976681                        390.78737                          219.41999             158.73787
              3       397.20641       67.560032       3.0770388      0.96997144     0.022405922      0.11911014     0.048768667       1.0235329       1.0029519       2.1694067   2.1694067e-09       2.4424882      0.24589779       0.2472296       13.802212       1.9678004      0.68846206      0.31145877      0.14216093       147.28657       1.0007076      0.85075302      0.61447223      0.45904198      0.82253071       1.0406797         7.08746       1.0235329         632.884     0.088545445      0.088545445       794.23572                 22.202523                        392.04197                          218.63951             161.35172
              1       397.69151       67.560032       3.1389088      0.97195493     0.022405922      0.11911014     0.048768667       1.0556661       1.0017279       2.3078669   2.3078669e-09       2.4424882      0.24589779       0.2472296       13.802212       2.0933933      0.68846206      0.31145877      0.14216093       147.28657        1.032924       0.8781418      0.63425429      0.47382018      0.84901092       1.0406797         7.08746       1.0556661       633.27048     0.088545445      0.088545445       795.20593                 21.869565                        392.11538                          219.28554             161.93545
              2       397.78749       67.560032       3.1384885      0.97205794     0.022405922      0.11911014     0.048768667       1.0559417       1.0014263       2.3068971   2.3068971e-09       2.4424882      0.24589779       0.2472296       13.802212       2.0925136      0.68846206      0.31145877      0.14216093       147.28657       1.0327472      0.87799155      0.63414578      0.47373911      0.84886566       1.0406797         7.08746       1.0559417       633.48334     0.088545445      0.088545445        795.3979                 21.799121                        392.16033                          219.52389             161.91455
             12       401.19912       66.903047       3.1189303      0.96831213     0.022379653      0.12078494     0.043296013       1.0481178       1.0012622       2.2622167   2.2622167e-09       2.4471941      0.24588657      0.24721834       13.816235       2.0745685      0.67863042      0.32128884      0.14380946       146.87389       1.0332672      0.89894379      0.63629645      0.47905283      0.84515348       1.0405315       6.5264727       1.0481178       639.99073     0.088545445      0.088545445       802.22114                 22.478824                         395.7871                           221.7248             162.23041
              3       403.82733       68.301381       3.1552186      0.97498738     0.022516464      0.11704014     0.043032796       1.0733212      0.99881041       2.3458166   2.3458166e-09       2.4228355      0.24594516      0.24727715       13.789742       2.1523666      0.69938854        0.300534      0.14020147       147.71519       1.0269008      0.85003803      0.62837173      0.46525392      0.84867857       1.0404082       6.4235085       1.0733212       638.20323     0.088545445      0.088545445       807.47757                  21.25667                        397.24119                          219.70538             169.27433
              4       403.00664       68.301136       3.1552109      0.97498527     0.022516513      0.11704092     0.043026487       1.0738886       1.0026318       2.3457984   2.3457984e-09       2.4228269      0.24594518      0.24727717       13.789741       2.1523771       0.6993846      0.30053793       0.1402023       147.71493       1.0269011      0.85004675      0.62837283      0.46525625      0.84867727       1.0404082       6.4228234       1.0738886       638.39406     0.088545445      0.088545445       805.83618                 21.206732                        397.24119                          219.94614             167.44212
              2       398.43958       68.404537       3.1655013       0.9743764     0.022680733      0.11737235     0.051332476       1.0678739       1.0024962       2.3700623   2.3700623e-09       2.3940583      0.24601537      0.24734761       13.766975       2.1388136      0.69923347      0.30068929      0.14069795         147.443       1.0320395      0.85533411      0.63207447      0.46805591      0.85356924       1.0406499       7.2712595       1.0678739       635.07659     0.088545445      0.088545445       796.70207                 21.718894                        391.21386                          222.14383             161.62549
              2       398.48251       68.404537       3.1047384      0.97843745     0.022680733      0.11737235     0.051332476       1.0378045       1.0017123       2.2303385   2.2303385e-09       2.3940583      0.24601537      0.24734761       13.766975       2.0127227      0.69923347      0.30068929      0.14069795         147.443       1.0027137      0.83102946      0.61411382      0.45475592      0.82931474       1.0406499       7.2712595       1.0378045       636.77142     0.088545445      0.088545445       796.78793                 20.974155                        391.47942                          224.31785             160.01651
              2       398.49464       68.340665       3.1028851      0.97810077     0.022676153      0.11753038     0.051026167        1.036957       1.0016859       2.2262086   2.2262086e-09        2.394854      0.24601342      0.24734566       13.768446        2.010227      0.69834247      0.30158016       0.1408514       147.40591       1.0028249      0.83294838      0.61434937      0.45526693      0.82901946       1.0406398       7.2431565        1.036957       636.98608     0.088545445      0.088545445       796.81219                 21.012067                        391.56401                          224.41001             159.82611
              1       398.88315       68.364794       3.1052503      0.97781794      0.02272765      0.11760414     0.052785688       1.0365476       1.0013512       2.2314803   2.2314803e-09       2.3859313      0.24603524      0.24736756       13.762887       2.0079089      0.69828737      0.30163531      0.14097665       147.32905       1.0037945      0.83403815      0.61508003      0.45582923       0.8299675       1.0406583       7.4130042       1.0365476       638.16386     0.088545445      0.088545445       797.58921                 21.064162                        390.86675                          226.23294             159.42535
              6       398.61343       68.435639       3.1076656      0.97822724     0.022729021      0.11753943     0.052305452       1.0386964       1.0008866       2.2368765   2.2368765e-09       2.3856943      0.24603582      0.24736814       13.758338       2.0146986      0.69904696      0.30087588      0.14091332       147.34473       1.0045099      0.83317242      0.61544921      0.45581547      0.83098919        1.040796       7.3632593       1.0386964       639.17703     0.088545445      0.088545445       797.04976                 20.982612                        391.10677                          227.08766             157.87273
              2       398.53248       68.616855       3.1090088      0.98112225     0.022538023      0.11659584     0.053205988        1.040156       1.0017166       2.2398833   2.2398833e-09       2.4190302      0.24595441      0.24728643       13.773339       2.0137764      0.70304425      0.29687899      0.13977873       147.81039       1.0018624      0.82212127      0.61258782      0.45218196      0.82989566       1.0408142       7.4806868        1.040156       637.20334     0.088545445      0.088545445       796.88786                 20.592772                        390.97443                          225.63614             159.68452
              3        398.4987       68.616855        3.097646      0.98018093     0.022538023      0.11659584     0.053205988       1.0322541       1.0019966       2.2145758   2.2145758e-09       2.4190302      0.24595441      0.24728643       13.773339       1.9910237      0.70304425      0.29687899      0.13977873       147.81039      0.99582639      0.81716814       0.6088971      0.44945764      0.82489569       1.0408142       7.4806868       1.0322541       634.74439     0.088545445      0.088545445        796.8203                 20.842127                        390.89725                          223.00502             162.07591
              5       396.63344       68.616855       3.1305648      0.97753247     0.022538023      0.11659584     0.053205988       1.0497196       1.0011284       2.2886902   2.2886902e-09       2.4190302      0.24595441      0.24728643       13.773339       2.0576565      0.70304425      0.29687899      0.13977873       147.81039       1.0113243      0.82988562      0.61837328      0.45645249      0.83773343       1.0408142       7.4806868       1.0497196       632.70656     0.088545445      0.088545445       793.08978                 21.138544                        390.74872                          220.81929             160.38322
              1       396.56883       68.602992       3.1301457      0.97754895     0.022528966       0.1166112     0.053491139       1.0492079       1.0015843       2.2877313   2.2877313e-09       2.4206277      0.24595052      0.24728253       13.774395       2.0556217      0.70291082      0.29701239      0.13978504       147.81639       1.0113365       0.8301474      0.61838774      0.45651443      0.83765893       1.0408125       7.5117595       1.0492079       632.67486     0.088545445      0.088545445       792.96057                 21.137889                        390.70975                          220.82722             160.28571
              5       396.57092        68.46057       3.1256542      0.97685309     0.022512054      0.11690866     0.052836329        1.047198        1.001949       2.2774789   2.2774789e-09        2.423615      0.24594327      0.24727525       13.779327       2.0490913      0.70107485      0.29884804      0.14006558       147.75541       1.0111934      0.83377855       0.6186102      0.45738264      0.83667053        1.040752       7.4534421        1.047198       632.44127     0.088545445      0.088545445       792.96476                 21.213557                        390.81674                          220.41098             160.52348
              3       396.43032        68.31304       3.1219182      0.97563666     0.022545323      0.11736123     0.051653725       1.0458007       1.0007018       2.2689862   2.2689862e-09       2.4177436      0.24595754      0.24728957       13.779105       2.0462844      0.69874126       0.3011813      0.14055142       147.59703       1.0116988      0.83914905      0.61945538      0.45889892      0.83618627       1.0407125       7.3324346       1.0458007       632.60932     0.088545445      0.088545445       792.68354                 21.381162                        391.18885                          220.03931             160.07423
              2       396.23549       68.113324       3.1172662      0.97447875     0.022550644      0.11787703     0.053121267        1.041021       1.0045351       2.2584554   2.2584554e-09       2.4168064      0.24595982      0.24729186       13.782597       2.0308178      0.69584878      0.30407333      0.14107254        147.4532       1.0125371      0.84585973      0.62054254       0.4608039      0.83565493       1.0406541       7.4889769        1.041021       632.26595     0.088545445      0.088545445       792.29388                 21.607823                        390.60163                           220.0565             160.02793
              2       395.49264       68.430529       3.1282751      0.97580732     0.022616028      0.11728985     0.055682998       1.0453028       1.0040729       2.2834558   2.2834558e-09       2.4053341       0.2459878      0.24731995       13.768695       2.0428053      0.69977629      0.30014654      0.14055074       147.53715       1.0135209      0.83878088      0.62057029      0.45932947      0.83841231       1.0408045       7.7239548       1.0453028       632.32137     0.088545445      0.088545445       790.80819                 21.429884                         390.2187                          220.67278             158.48682
              2       396.14522        68.50887       3.1303076      0.97618326     0.022625731      0.11701052     0.056776976       1.0448085       1.0032749       2.2881016   2.2881016e-09       2.4036383      0.24599195       0.2473241        13.76913       2.0424877      0.70103698      0.29888602      0.14028112       147.60105       1.0127269      0.83543304      0.61978653      0.45826695      0.83823488       1.0407138       7.8259336       1.0448085       632.44321     0.088545445      0.088545445       792.11335                 21.468686                        390.17699                          220.79753             159.67014
             12       397.94633       68.502016       3.1294897      0.97628884      0.02260814      0.11696596      0.05631175       1.0466513      0.99807485       2.2862309   2.2862309e-09        2.406714      0.24598443      0.24731656       13.771441       2.0427176       0.7011096      0.29881339      0.14021897       147.63262        1.012276      0.83483669      0.61944196      0.45798434      0.83781977       1.0406908       7.7828752       1.0466513       633.35177     0.088545445      0.088545445       795.71557                 21.270301                        390.19645                          221.88502              162.3638
              3       397.20981       68.258051       3.1239315      0.97448324      0.02264939      0.11770754     0.056237937       1.0427589      0.99916761       2.2735589   2.2735589e-09       2.3995107      0.24600204      0.24733423       13.771669       2.0316952      0.69728902      0.30263342       0.1410018       147.38846        1.013572      0.84401002       0.6210989      0.46067005      0.83739727       1.0406514       7.7783796       1.0427589        634.4878     0.088545445      0.088545445       794.24252                 21.562736                        390.15522                          222.76984             159.75472
              4       397.51025       68.258051       3.1332641      0.97211049      0.02264939      0.11770754     0.056237937        1.047343      0.99891885       2.2948764   2.2948764e-09       2.3995107      0.24600204      0.24733423       13.771669        2.050745      0.69728902      0.30263342       0.1410018       147.38846       1.0173909      0.84719005      0.62343905      0.46240575      0.84055238       1.0406514       7.7783796        1.047343       633.53765     0.088545445      0.088545445       794.84341                 21.977119                        390.07535                          221.48518             161.30577
              3       396.78341       67.771105       3.1205632      0.97143635     0.022453468      0.11872281     0.062470926       1.0328914       0.9993669       2.2659138   2.2659138e-09       2.4340058      0.24591815      0.24725003       13.792635       1.9997782      0.69113942       0.3087819      0.14182114        147.3364       1.0198961      0.86169927      0.62588013      0.46655637      0.83961116       1.0407795       8.4540212       1.0328914       632.45993     0.088545445      0.088545445       793.38972                 22.261562                        391.12616                           219.0722             160.92979
              4       397.21527       67.283093       3.1064303      0.96883923     0.022421211      0.11992612     0.060240527       1.0263186      0.99915648        2.234115    2.234115e-09       2.4397557      0.24590433      0.24723617       13.804352       1.9805293      0.68405594      0.31586423       0.1429922       147.05376       1.0205077      0.87682021       0.6275443      0.47045653      0.83708445       1.0406684       8.2646757       1.0263186       633.14406     0.088545445      0.088545445       794.25346                 22.704627                          390.591                          219.84843              161.1094
             10        395.7633       67.420567       3.1078507      0.96909411     0.022446267      0.11978111     0.050837187       1.0363661       1.0021645       2.2372908   2.2372908e-09       2.4352876      0.24591506      0.24724694       13.795316       2.0209977      0.68560698      0.31431352      0.14287224        147.0643       1.0197904      0.87322216      0.62697162      0.46944925      0.83735018       1.0408633       7.3057295       1.0363661       633.45487     0.088545445      0.088545445       791.34951                 22.461155                        390.99607                          219.99764             157.89464
              3       396.79214       67.507743        3.107892      0.97050826      0.02235009      0.11922697     0.051366575       1.0368142       1.0026098       2.2373831   2.2373831e-09       2.4525066      0.24587395      0.24720568       13.805224       2.0189424      0.68784542      0.31207528      0.14222192       147.31781       1.0177759      0.86646942      0.62501981      0.46715244      0.83623615       1.0407898        7.372707       1.0368142       631.68485     0.088545445      0.088545445       793.40718                  22.14372                        390.84033                          218.70079             161.72233
              2        399.4148       68.141754       3.1244984      0.97363872     0.022391506      0.11790683     0.045717986       1.0528824      0.99996527       2.2748481   2.2748481e-09       2.4450689      0.24589163      0.24722342       13.783606       2.0760713      0.69638105      0.30354112       0.1409432       147.62298       1.0172429      0.84862916      0.62328358      0.46263669      0.83971383       1.0411783       6.7503439       1.0528824       636.67434     0.088545445      0.088545445       798.65251                 21.532427                        394.42018                          220.72173             161.97817
              2       399.99783       68.113146       3.1238555      0.97356723     0.022383391      0.11798426     0.046027912       1.0512905       1.0000482        2.273386    2.273386e-09       2.4465235      0.24588816      0.24721994       13.784255       2.0734513      0.69597655      0.30394556      0.14101252       147.61137       1.0175024       0.8496851      0.62351924      0.46296569      0.83975174       1.0411962       6.7862399       1.0512905       637.36615     0.088545445      0.088545445       799.81856                 21.634092                        394.14369                          221.58836             162.45241
              3        399.9807       68.188817       3.1253411      0.97302622     0.022469565      0.11786632     0.042530295        1.055652       1.0002604        2.276766    2.276766e-09       2.4311442      0.24592505      0.24725696       13.778394       2.0911108      0.69671927      0.30320301      0.14098075       147.54654       1.0163759      0.84734832      0.62279386       0.4621444      0.83928786       1.0410753        6.389347        1.055652       639.79276     0.088545445      0.088545445        799.7843                 21.683679                         397.4057                          220.70339             159.99154
              3        400.2796       68.188817       3.0885001      0.97415877     0.022469565      0.11786632     0.042530295         1.03629       1.0057422       2.1944138   2.1944138e-09       2.4311442      0.24592505      0.24725696       13.778394        2.015474      0.69671927      0.30320301      0.14098075       147.54654      0.99825645      0.83224221      0.61169099      0.45390552      0.82432544       1.0410753        6.389347         1.03629       640.58648     0.088545445      0.088545445        800.3821                 21.523291                        397.46528                          221.59791             159.79562
              1       399.14097       68.132128       3.0876391      0.97381015      0.02247647       0.1180332     0.043757298       1.0343401       1.0046955       2.1925253   2.1925253e-09       2.4299182      0.24592801      0.24725993       13.778684       2.0088037         0.69584      0.30408215      0.14115453       147.49442      0.99877633      0.83450112      0.61219806      0.45461073      0.82441183       1.0410662       6.5239313       1.0343401       639.30416     0.088545445      0.088545445       798.10484                 21.604942                        396.22838                          221.47084             158.80068
              7       398.69737       68.132128       3.1311103      0.97271716      0.02247647       0.1180332     0.043757298       1.0570501       1.0033641       2.2899391   2.2899391e-09       2.4299182      0.24592801      0.24725993       13.778684       2.0980547         0.69584      0.30408215      0.14115453       147.49442       1.0202976      0.85248265      0.62538949      0.46440652      0.84217597       1.0410662       6.5239313       1.0570501       638.62563     0.088545445      0.088545445       797.21764                 21.775577                        396.09364                          220.75641             158.59201
              1       397.59466       67.916306        3.128202      0.97006773     0.022628277      0.11877986     0.046222795       1.0516945       1.0026475        2.283289    2.283289e-09       2.4031937      0.24599303      0.24732519       13.773388       2.0816719      0.69195598      0.30796567        0.142053       147.12696       1.0215613      0.86197448       0.6271581      0.46719976      0.84188246       1.0408233       6.7691629       1.0516945       638.29872     0.088545445      0.088545445       795.01224                 22.352106                        393.75336                          222.19325             156.71352
              5       398.94574       66.883709       3.1061674      0.96571871     0.022509818      0.12171013     0.056379477       1.0260551       1.0018803       2.2335279   2.2335279e-09       2.4240103      0.24594231      0.24727429       13.789463       1.9953578      0.67608539      0.32383382      0.14486481       146.48814        1.029647      0.90204747      0.63522721      0.47919209      0.84207066       1.0410925       7.8898423       1.0260551        641.4188     0.088545445      0.088545445       797.71439                  23.59568                         390.0344                          227.78872             156.29559
              3       397.94251       67.667825       3.1284831        0.970593     0.022491482      0.11977406     0.059738788       1.0376037       1.0008383       2.2839309   2.2839309e-09       2.4272561      0.24593445      0.24726639        13.77223       2.0267235      0.68781702      0.31210406      0.14291041       147.01589       1.0295195      0.87757862      0.63299538      0.47312445      0.84688743       1.0414779       8.1975089       1.0376037       636.22485     0.088545445      0.088545445       795.70793                 22.519461                        390.41627                          223.28911             159.48308
              1       396.31124       68.043262       3.1381408      0.97268521     0.022507352      0.11850551     0.063956167       1.0405543       1.0018626       2.3060952   2.3060952e-09       2.4244465      0.24594125      0.24727323       13.772858       2.0292036      0.69395816      0.30596378      0.14165773       147.33418       1.0266097      0.86196933      0.62981852      0.46841731      0.84683329       1.0412229       8.5812006       1.0405543       634.61143     0.088545445      0.088545445       792.44539                 22.140802                        391.57096                          220.89967             157.83395
              1       398.20317       68.043262       3.1743369      0.97718983     0.022507352      0.11850551     0.063956167       1.0593812       1.0027563        2.391096    2.391096e-09       2.4244465      0.24594125      0.24727323       13.772858       2.1039984      0.69395816      0.30596378      0.14165773       147.33418       1.0471573      0.87922168      0.64242436       0.4777927      0.86378269       1.0412229       8.5812006       1.0593812       636.26018     0.088545445      0.088545445       796.22924                 21.427073                        391.50449                          223.32862             159.96906
              8          398.91       68.023247       3.1736866      0.97715991     0.022498626      0.11853863     0.064024076       1.0578629       1.0034743       2.3895414   2.3895414e-09       2.4259907      0.24593751      0.24726947       13.773973       2.1023448      0.69372531      0.30619659      0.14168213       147.33506       1.0471503      0.87968843       0.6424477      0.47790092      0.86364983       1.0412206       8.5904726       1.0578629       636.33684     0.088545445      0.088545445       797.64291                 21.537526                        391.55718                          223.24213             161.30607
              2       398.86218       68.023247       3.1618022      0.97873329     0.022498626      0.11853863     0.064024076       1.0519217       1.0036433       2.3613112   2.3613112e-09       2.4259907      0.24593751      0.24726947       13.773973       2.0775076      0.69372531      0.30619659      0.14168213       147.33506       1.0415725      0.87500269      0.63902565      0.47535534      0.85904953       1.0412206       8.5904726       1.0519217       637.45644     0.088545445      0.088545445       797.54726                 21.275403                        391.51611                          224.66492             160.09082
              3       399.62198       68.023247       3.1402363      0.97653855     0.022498626      0.11853863     0.064024076       1.0415125       1.0084963       2.3109328   2.3109328e-09       2.4259907      0.24593751      0.24726947       13.773973       2.0331841      0.69372531      0.30619659      0.14168213       147.33506       1.0295378       0.8648926      0.63164212      0.46986291      0.84912376       1.0412206       8.5904726       1.0415125       636.14006     0.088545445      0.088545445       799.06687                 21.508517                        391.54003                          223.09151             162.92681
              8       402.64962       67.281537       3.1202474      0.97303893     0.022423151      0.12028502     0.066165151       1.0251922       1.0091819       2.2651983   2.2651983e-09       2.4394093      0.24590516        0.247237       13.794698       1.9844305      0.68324421      0.31667596      0.14335304       146.95711        1.031159      0.88801042       0.6344938      0.47597173      0.84581154       1.0410332       8.8466714       1.0251922       640.03564     0.088545445      0.088545445       805.12215                 22.344543                        392.72692                          224.96418             165.08651
              3       399.16681       67.512969       3.1272118      0.97286107     0.022575265      0.11970208     0.066627369       1.0288053         1.00282        2.281029    2.281029e-09       2.4124771      0.24597037      0.24730245        13.78571       1.9964527      0.68635735      0.31356336      0.14292221       146.94206         1.02929       0.8800655      0.63286732       0.4735807      0.84572923       1.0407246       8.8406471       1.0288053       640.10549     0.088545445      0.088545445       798.15652                 22.430216                        392.80645                          224.86882             158.05103
             13       400.71983       67.599729       3.1312724      0.97300075     0.022622385      0.11958906     0.068982294       1.0282371       1.0028516       2.2903103   2.2903103e-09       2.4042228      0.24599052      0.24732267       13.779761       1.9951569      0.68730612      0.31261479      0.14285631       146.91969       1.0300684      0.87889704      0.63327295      0.47352544      0.84691253        1.040744       9.0486884       1.0282371       642.71022     0.088545445      0.088545445       801.26257                 22.544409                          393.981                          226.18481             158.55234
              1       397.48733       68.164861       3.1451214      0.97662208     0.022567735      0.11853457     0.060454358       1.0463113       1.0030482       2.3222495   2.3222495e-09       2.4138001      0.24596714      0.24729921        13.75963       2.0577798      0.69485659      0.30506563      0.14174717       147.25923       1.0309119      0.86406544      0.63255767      0.47010887      0.85114158       1.0414603        8.228367       1.0463113       636.25443     0.088545445      0.088545445       794.79758                 21.586478                        390.51866                           224.1493             158.54315
              1       397.00886       68.097467       3.1409638      0.97645032     0.022531085      0.11852864     0.057526745       1.0488412      0.99902792       2.3126145   2.3126145e-09       2.4202537      0.24595143      0.24728344       13.766768        2.061276      0.69434412      0.30557795      0.14170459       147.30156       1.0292533      0.86355185      0.63149256      0.46951421      0.84935205       1.0413478       7.9480768       1.0488412       635.71075     0.088545445      0.088545445       793.84063                 21.367032                        390.14939                          224.19432             158.12988
              3       399.12695       68.097467         3.06048      0.97486281     0.022531085      0.11852864     0.057526745        1.008586       1.0002626       2.1337796   2.1337796e-09       2.4202537      0.24595143      0.24728344       13.766768       1.9018772      0.69434412      0.30557795      0.14170459       147.30156      0.98805687      0.82898773      0.60621674      0.45072166      0.81535629       1.0413478       7.9480768        1.008586       638.99619     0.088545445      0.088545445       798.07681                 21.483104                        390.13142                          227.38167             159.08062
              4       400.34772       68.097467       3.0335515      0.97377961     0.022531085      0.11852864     0.057526745      0.99457428       1.0050063        2.077087    2.077087e-09       2.4202537      0.24595143      0.24728344       13.766768        1.851346      0.69434412      0.30557795      0.14170459       147.30156      0.97443946      0.81756261      0.59786186      0.44450981      0.80411904       1.0413478       7.9480768      0.99457428       637.06546     0.088545445      0.088545445       800.51834                 21.706707                        390.13438                          225.22437             163.45288
              4       398.95854       68.097467       3.0773528      0.97103599     0.022531085      0.11852864     0.057526745       1.0168325       1.0025159       2.1700879   2.1700879e-09       2.4202537      0.24595143      0.24728344       13.766768       1.9342394      0.69434412      0.30557795      0.14170459       147.30156      0.99497379      0.83479108      0.61046058      0.45387695      0.82106421       1.0413478       7.9480768       1.0168325       636.95401     0.088545445      0.088545445       797.73999                 22.140228                        390.14062                          224.67316             160.78598
              1       401.22215       68.308648       3.0845643      0.97020406     0.022737108      0.11812797     0.057323939       1.0168075       1.0000263       2.1857941   2.1857941e-09       2.3842979      0.24603924      0.24737157       13.753336       1.9490291      0.69664826      0.30327429      0.14150995       147.17918      0.99357601      0.82924306      0.60939353      0.45222726      0.82118109       1.0410225       7.8741948       1.0168075       642.42989     0.088545445      0.088545445       802.26721                 22.889753                        390.01142                          229.52872             159.83732
             11       395.79943       68.308648       3.1187596      0.97372777     0.022737108      0.11812797     0.057323939        1.036838        1.003609       2.2618307   2.2618307e-09       2.3842979      0.24603924      0.24737157       13.753336       2.0168293      0.69664826      0.30327429      0.14150995       147.17918       1.0120716      0.84467952      0.62073747      0.46064553      0.83646748       1.0410225       7.8741948        1.036838        635.5052     0.088545445      0.088545445       791.42178                 21.927578                        390.07894                          223.49868             155.91658
              1       398.11129       67.437269       3.0940309      0.97205607     0.022420932       0.1196876     0.067059002        1.012591      0.99875421       2.2065844   2.2065844e-09       2.4398055      0.24590421      0.24723605       13.797053       1.9296291      0.68602402      0.31389652       0.1427534       147.11712       1.0135246      0.86692795      0.62298976      0.46631301      0.83230841       1.0408806       8.9209649        1.012591       636.60216     0.088545445      0.088545445        796.0455                 22.416516                        393.11859                          221.06705             159.44333
              2       398.12057        67.76541       3.0975089      0.97436429     0.022311664      0.11890426     0.057131316       1.0257941        1.001842       2.2142722   2.2142722e-09        2.459438      0.24585755      0.24718922       13.792061       1.9751832      0.69100114      0.30892016       0.1418608       147.44638       1.0115017      0.85491543      0.62077214      0.46280046      0.83266566       1.0413179       7.9651523       1.0257941       634.95629     0.088545445      0.088545445       796.06405                 21.673079                        390.13661                          223.14661             161.10775
              3        399.5184       67.848049       3.1004129      0.97540929      0.02228378      0.11837886     0.066523068       1.0184463       1.0020273       2.2207119   2.2207119e-09       2.4644861      0.24584563      0.24717726       13.799805        1.944066      0.69295532      0.30696617      0.14130751       147.61758        1.010385      0.84962627      0.61948133      0.46110608      0.83225343       1.0410802       8.8805605       1.0184463       636.71635     0.088545445      0.088545445       798.85972                 21.711043                        392.70505                          222.30026             162.14336
              1       400.07278       67.848049       3.1012144       0.9753371      0.02228378      0.11837886     0.066523068       1.0188511       1.0005036       2.2224925   2.2224925e-09       2.4644861      0.24584563      0.24717726       13.799805       1.9456248      0.69295532      0.30696617      0.14130751       147.61758       1.0107623      0.84994347      0.61971261      0.46127823      0.83256414       1.0410802       8.8805605       1.0188511         636.679     0.088545445      0.088545445       799.96847                 21.723349                        392.71581                          222.23984             163.28946
              4        399.8682          67.807       3.1020798      0.97501135     0.022305613      0.11861708     0.069014062       1.0171775       1.0046909       2.2244167   2.2244167e-09       2.4605321      0.24585497      0.24718662       13.796357        1.937632      0.69201786      0.30790354      0.14156756        147.5297       1.0123653      0.85337238      0.62098079      0.46257466      0.83363223        1.041154        9.115975       1.0171775       638.37716     0.088545445      0.088545445       799.55932                 21.780938                        393.94295                          222.65328             161.18216
              2       401.32135       67.614429       3.0968371      0.97420805      0.02226548      0.11913796     0.069394998       1.0133064       1.0004587       2.2127851   2.2127851e-09       2.4678077      0.24583779      0.24716939       13.800424       1.9260321      0.68920949      0.31071146       0.1420483       147.43593       1.0133477      0.85998442      0.62211043      0.46446907      0.83325545        1.041232       9.1729129       1.0133064       639.58992     0.088545445      0.088545445        802.4656                 21.952269                        394.29248                          223.34517             162.87569
              3       400.86183       67.554926        3.091559      0.97392036     0.022222907       0.1191874     0.061601773       1.0191435       1.0017483       2.2011366   2.2011366e-09       2.4755604      0.24581948      0.24715101       13.805555        1.945989      0.68864671       0.3112741      0.14205517       147.47035       1.0114276       0.8593753      0.62093916      0.46380433      0.83131057       1.0412159       8.4346142       1.0191435        637.4603     0.088545445      0.088545445       801.54656                  21.69223                        390.93733                          224.83074             164.08626
              1       396.50568       67.946102       3.1056831      0.97482576     0.022393709      0.11852896     0.060134553        1.027948       1.0018345       2.2324464   2.2324464e-09       2.4446744      0.24589257      0.24722437       13.783959       1.9794696      0.69327765      0.30664407      0.14156753       147.45471       1.0123606      0.85109785      0.62097792      0.46209875      0.83448304       1.0412498       8.2376511        1.027948       634.48663     0.088545445      0.088545445       792.83427                 21.621624                        390.51793                          222.34708             158.34764
             14       398.49268       68.615186       3.1245058      0.97860116     0.022428543       0.1167538     0.065711749       1.0346544       1.0019438       2.2748651   2.2748651e-09        2.438447      0.24590747      0.24723932       13.772155       1.9947071      0.70292684       0.2969964      0.13982721       147.89069       1.0104622      0.82946319      0.61789969        0.456148      0.83700909       1.0412588       8.7361357       1.0346544       637.42722     0.088545445      0.088545445       796.80828                  21.13467                        391.99146                          224.30109             159.38106
              2       398.43742       67.736385       3.0998742      0.97436547       0.0223375      0.11867252     0.068070566        1.017077       1.0027893       2.2195159   2.2195159e-09       2.4547743      0.24586858      0.24720029       13.800273       1.9370147      0.69118505      0.30873619      0.14165489       147.47919       1.0113296      0.85412883      0.62044117      0.46248483      0.83234567       1.0409203        9.019119        1.017077       636.52207     0.088545445      0.088545445       796.69774                 21.841458                        393.46541                          221.21521             160.17567
              2       397.22331       68.430011       3.1178413      0.97741258     0.022417019      0.11725042     0.059640057       1.0367333       1.0029479       2.2597545   2.2597545e-09       2.4405045      0.24590254      0.24723437       13.775271       2.0056657      0.70028092      0.29964191      0.14031231       147.77016       1.0102742      0.83482555      0.61831987      0.45747129       0.8357234       1.0412704       8.1614065       1.0367333       635.21178     0.088545445      0.088545445       794.26954                 21.179451                         390.3975                          223.63482             159.05776
              2       398.09012       68.627138       3.1226294      0.97842963     0.022433466      0.11667023     0.059557116       1.0400794       1.0056046       2.2706004   2.2706004e-09       2.4375688      0.24590958      0.24724143       13.773256       2.0156265      0.70319729      0.29672598      0.13974856       147.90774       1.0088943      0.82756959       0.6168542       0.4552725      0.83578319       1.0411916       8.1392192       1.0400794       635.18479     0.088545445      0.088545445       796.00316                  21.03166                        390.33918                          223.81396             160.81836
              1       398.37634       68.627138       3.1622145      0.97955871     0.022433466      0.11667023     0.059557116         1.06058       1.0053521        2.362285    2.362285e-09       2.4375688      0.24590958      0.24724143       13.773256       2.0970155      0.70319729      0.29672598      0.13974856       147.90774       1.0295081      0.84447851      0.62945778      0.46457464      0.85285993       1.0411916       8.1392192         1.06058       635.28188     0.088545445      0.088545445        796.5756                 20.916084                        390.36105                          224.00475             161.29371
              1       396.63847       67.950848       3.1492388      0.97441667      0.02260535      0.11861098      0.05923911       1.0513067      0.99903954       2.3318309   2.3318309e-09       2.4072023      0.24598324      0.24731537       13.775534       2.0712981       0.6926845      0.30723723      0.14186119       147.19717       1.0331653      0.87013091      0.63406784      0.47206759      0.85166199       1.0408072       8.1005505       1.0513067       634.80697     0.088545445      0.088545445       793.09985                 21.704019                        390.33165                           222.7713             158.29288
              4       396.95138       67.950848       3.0890344      0.97428481      0.02260535      0.11861098      0.05923911         1.02075      0.99924185       2.1955867   2.1955867e-09       2.4072023      0.24598324      0.24731537       13.775534       1.9502763       0.6926845      0.30723723      0.14186119       147.19717       1.0024778      0.84428592      0.61523449      0.45804604      0.82636557       1.0408072       8.1005505         1.02075        636.8278     0.088545445      0.088545445       793.72566                 21.656344                         390.3398                          224.83166             156.89786
              3       397.38394       68.023692       3.0934911      0.97451066     0.022638475      0.11866146     0.061666067       1.0176337       1.0040096       2.2053937   2.2053937e-09       2.4014137      0.24599738      0.24732956       13.766786       1.9495019      0.69316163      0.30676027      0.14194481       147.14702       1.0045137      0.84527112      0.61657475      0.45886562       0.8284875       1.0409921       8.3308685       1.0176337       637.26652     0.088545445      0.088545445       794.59078                 22.025882                        390.75687                          224.48376             157.32427
              7       396.16697       68.044826       3.0940344      0.97463552     0.022637863      0.11861127     0.061674498       1.0201607      0.99970297       2.2065922   2.2065922e-09       2.4015204      0.24599712       0.2473293        13.76629       1.9505284      0.69346194      0.30646001        0.141894         147.161       1.0044809      0.84463006      0.61649944      0.45869725      0.82858914       1.0410037       8.3309706       1.0201607       636.77146     0.088545445      0.088545445       792.15685                 21.752822                        390.76187                          224.25677             155.38539
              1       395.34707       68.269688       3.0973938      0.97611634     0.022593895      0.11797545     0.057937023       1.0254913       1.0003752       2.2140174   2.2140174e-09       2.4092088      0.24597834      0.24731045        13.76484        1.971776      0.69693646        0.302986      0.14121421       147.37884       1.0027101      0.83591191      0.61467419      0.45603756      0.82849394        1.041113       7.9647426       1.0254913         633.679     0.088545445      0.088545445       790.51705                 21.519903                        390.18605                          221.97305             156.83805
              2       396.79243       68.269688       3.1694872      0.97677147     0.022593895      0.11797545     0.057937023       1.0647196       1.0020413       2.3795278   2.3795278e-09       2.4092088      0.24597834      0.24731045        13.76484       2.1191775      0.69693646        0.302986      0.14121421       147.37884       1.0397744      0.86681072      0.63739512      0.47289462      0.85911855        1.041113       7.9647426       1.0647196       635.48762     0.088545445      0.088545445       793.40777                  21.27379                        390.17921                          224.03462             157.92015
              2       398.40413       68.066068       3.1638633      0.97506854     0.022644009      0.11853882     0.052927688       1.0665708      0.99908331       2.3661832   2.3661832e-09       2.4004486      0.24599974      0.24733193       13.766207       2.1285113      0.69379635      0.30612564      0.14182769       147.17339       1.0398015      0.87360757      0.63810288      0.47464142      0.85785874       1.0409747       7.4601615       1.0665708       638.38657     0.088545445      0.088545445       796.63116                 21.401362                        390.71475                          226.27046             158.24459
              4       399.24135       68.066068       3.0838984      0.97522568     0.022644009      0.11853882     0.052927688       1.0254199       1.0027731       2.1843392   2.1843392e-09       2.4004486      0.24599974      0.24733193       13.766207       1.9649327      0.69379635      0.30612564      0.14182769       147.17339      0.99910783      0.83941805      0.61313008      0.45606584      0.82428556       1.0409747       7.4601615       1.0254199       641.96725     0.088545445      0.088545445       798.30561                 21.313878                        390.71335                          229.94001             156.33837
              5       400.24193       66.835816        3.047744      0.97091928     0.022335139      0.12100049     0.064508192      0.99200272       1.0039557       2.1067762   2.1067762e-09       2.4551999      0.24586757      0.24719928       13.817636       1.8517711      0.67760064      0.32231846       0.1439805       146.86666      0.99984381      0.87193541      0.61589699       0.4640656      0.81740406       1.0406681       8.7220315      0.99200272       640.82742     0.088545445      0.088545445       800.30677                 22.324304                        392.13215                          226.37096             159.47936
              6       401.86446       67.114777       3.0510713      0.97269593     0.022312139      0.11978461     0.062784158      0.99614588      0.99981082       2.1137978   2.1137978e-09       2.4593522      0.24585775      0.24718942       13.826267       1.8643602      0.68302555      0.31689422      0.14274162       147.21245      0.99487759      0.85623402      0.61151526      0.45881318      0.81503962       1.0402968       8.5373114      0.99614588       635.06414     0.088545445      0.088545445       803.55184                 21.989153                        391.37049                           221.7045              168.4877
              2       401.72702       66.707066       3.0432651      0.96937567     0.022422718      0.12117063     0.058619843      0.99458395      0.99901217       2.0973613   2.0973613e-09       2.4394867      0.24590498      0.24723682       13.822225       1.8653344      0.67577577      0.32414301      0.14423822       146.72534      0.99772265      0.87367442      0.61486521      0.46394242      0.81488393       1.0402321       8.1240908      0.99458395       639.48756     0.088545445      0.088545445       803.27694                 22.542608                        390.36728                          226.57767             163.78939
              2       399.96206       66.899489        3.048329      0.97041005     0.022430479      0.12070639     0.058472272      0.99796763       1.0009962        2.108009    2.108009e-09       2.4381016       0.2459083      0.24724015       13.817306       1.8753576      0.67865816       0.3212611      0.14378174        146.8382      0.99740223      0.86765072      0.61418085      0.46239252      0.81579631       1.0403084       8.0998668      0.99796763        637.9503     0.088545445      0.088545445       799.74702                 22.320153                        390.26421                          225.36594             161.79672
              6       401.39649       66.899489       3.0888718      0.97022981     0.022430479      0.12070639     0.058472272       1.0162782       1.0041864       2.1952297   2.1952297e-09       2.4381016       0.2459083      0.24724015       13.817306       1.9529521      0.67865816       0.3212611      0.14378174        146.8382       1.0177582      0.88535863      0.62671568      0.47182951      0.83244592       1.0403084       8.0998668       1.0162782       638.94617     0.088545445      0.088545445       802.61589                 22.628725                        390.30915                           226.0083             163.66971
              1       401.38418        67.48521       3.1023529      0.97364015       0.0224015          0.1193      0.05469404       1.0325918      0.99632792       2.2250242   2.2250242e-09       2.4432793       0.2458959      0.24722771       13.803846       1.9944728      0.68736368      0.31255697      0.14234637       147.24118       1.0162314       0.8662117      0.62420782      0.46672547       0.8348278       1.0406672       7.7039423       1.0325918       638.33354     0.088545445      0.088545445       802.59126                 21.484717                        390.29347                          226.55535             164.25772
              1       399.68471       67.515439       3.1048406      0.97393031     0.022401746      0.11931309     0.058546235       1.0290754       1.0075263       2.2305662   2.2305662e-09       2.4432353      0.24589601      0.24722781        13.80078       1.9840952      0.68761431      0.31230641      0.14235971       147.23742       1.0175523      0.86690589       0.6250338      0.46724937       0.8361001       1.0407707       8.0912787       1.0290754       635.70904     0.088545445      0.088545445       799.19234                 21.618454                        390.28998                           223.8006              163.4833
              1        404.3777        67.19937       3.0955745      0.97242243      0.02235268      0.12012252     0.056980415       1.0258735       1.0086221       2.2099932   2.2099932e-09       2.4520404      0.24587506      0.24720679       13.808374       1.9719613      0.68298503      0.31693495      0.14312007       147.07832       1.0183159      0.87705964      0.62633643      0.46994843      0.83476675       1.0407993       7.9597572       1.0258735       640.71686     0.088545445      0.088545445       808.57831                 21.721207                        390.23707                          228.75858             167.86145
              3       396.97547       67.907344       3.1225352      0.97454299     0.022613269      0.11907584     0.058828776       1.0367481      0.99768047       2.2703866   2.2703866e-09       2.4058167      0.24598663      0.24731876       13.766554       2.0183746      0.69126536      0.30865627      0.14233398       147.06527       1.0221907       0.8641891      0.62785462      0.46798062      0.84234561       1.0411466       8.0668819       1.0367481        636.4522     0.088545445      0.088545445       793.77384                 21.750487                        390.25238                          224.44933             157.32165
              2       395.82599       67.907344       3.0972728      0.97338168     0.022613269      0.11907584     0.058828776       1.0223947       1.0023242       2.2137495   2.2137495e-09       2.4058167      0.24598663      0.24731876       13.766554       1.9680243      0.69126536      0.30865627      0.14233398       147.06527       1.0089137      0.85296429      0.61969952       0.4619021      0.83140452       1.0411466       8.0668819       1.0223947       636.16695     0.088545445      0.088545445       791.47488                 22.098143                        390.24377                          223.82504             155.30793
              7        397.2292       67.497314       3.0869929      0.97094823     0.022625178      0.12010236      0.05858446       1.0159366       1.0020174       2.1911091   2.1911091e-09        2.403735      0.24599171      0.24732387       13.774915        1.948849       0.6852237      0.31469698       0.1433724       146.78154       1.0098827      0.86618041      0.62142299      0.46543652      0.82968678       1.0409667       8.0569331       1.0159366       639.46698     0.088545445      0.088545445       794.28131                 22.575369                        390.23549                          226.65613             154.81433
              9       397.67824       67.232586       3.0777685      0.96973043     0.022562222      0.12077292     0.054001971       1.0150546       1.0020288       2.1709903   2.1709903e-09       2.4147693      0.24596478      0.24729684       13.782117       1.9487331      0.68139576      0.31852429      0.14398001       146.67517       1.0099031      0.87395442      0.62209291      0.46734854      0.82807488       1.0410345       7.6220221       1.0150546        640.3174     0.088545445      0.088545445       795.17938                 22.677705                        390.16967                          227.47003             154.86198
              1       397.79843       67.323425        3.075973      0.97191533     0.022359789      0.12016474     0.058472746       1.0129436       1.0012977       2.1670957   2.1670957e-09       2.4507617      0.24587809      0.24720983       13.795932       1.9279214      0.68404342      0.31587685       0.1431694       147.05915        1.007865       0.8662482      0.61996177      0.46477671      0.82696182       1.0411962        8.109056       1.0129436       637.37362     0.088545445      0.088545445       795.41977                 22.022023                        390.29598                          225.05561             158.04615
              2        398.7533       67.256615       3.0739516      0.97160643     0.022350173      0.12030409     0.058442459       1.0122438        1.000965       2.1627197   2.1627197e-09       2.4524917      0.24587399      0.24720571       13.798388       1.9241448      0.68312859      0.31679152      0.14329913       147.03304       1.0078141      0.86803054      0.62007086      0.46519465      0.82650967       1.0411664       8.1105947       1.0122438       638.84149     0.088545445      0.088545445       797.32951                 22.018185                        390.29598                          226.52732             158.48802
              7       399.22999       67.256615       3.0286081       0.9688534     0.022350173      0.12030409     0.058442459      0.98860412        1.003573       2.0668444   2.0668444e-09       2.4524917      0.24587399      0.24720571       13.798388       1.8388458      0.68312859      0.31679152      0.14329913       147.03304      0.98419732      0.84768939      0.60554032      0.45429343       0.8071415       1.0411664       8.1105947      0.98860412       635.49827     0.088545445      0.088545445       798.28288                 22.644476                        390.27552                          222.57828             162.78461
              6        399.3949       67.299993       3.0295377      0.96907125     0.022354425      0.12015862     0.058304334       0.9884333      0.99963944       2.0687666   2.0687666e-09       2.4517265       0.2458758      0.24720754       13.798339       1.8410645      0.68384874      0.31607148      0.14315791       147.06664      0.98377683      0.84586635      0.60513243      0.45372922       0.8070568       1.0411336       8.0932831       0.9884333       634.61063     0.088545445      0.088545445        798.6127                 22.722907                        390.23861                          221.64911             164.00208
              1       400.09756       67.299993       3.0698237      0.97707075     0.022354425      0.12015862     0.058304334        1.010033       1.0044305       2.1538106   2.1538106e-09       2.4517265       0.2458758      0.24720754       13.798339        1.916748      0.68384874      0.31607148      0.14315791       147.06664         1.00684      0.86569639      0.61931884      0.46436622      0.82597702       1.0411336       8.0932831        1.010033       642.46641     0.088545445      0.088545445       800.01802                 21.220651                        390.33594                          230.90981             157.55162
              1        399.8786       67.299993       3.0659819      0.97718427     0.022354425      0.12015862     0.058304334       1.0078827       1.0025617        2.145552    2.145552e-09       2.4517265       0.2458758      0.24720754       13.798339       1.9093983      0.68384874      0.31607148      0.14315791       147.06664       1.0049511      0.86407231      0.61815697      0.46349504      0.82442745       1.0411336       8.0932831       1.0078827       642.15412     0.088545445      0.088545445       799.58011                 21.225549                        390.32909                          230.59949             157.42599
              6       399.97038       67.586073       3.0752621      0.97858357      0.02239178      0.11959614      0.06000862       1.0111519       1.0029642       2.1655557   2.1655557e-09       2.4450199      0.24589175      0.24722354       13.787044       1.9206425       0.6876691      0.31225178      0.14263278       147.17362        1.005711      0.85713084      0.61805632      0.46201309      0.82680257       1.0413043        8.244331       1.0111519       641.58603     0.088545445      0.088545445       799.76366                 21.112942                        390.51208                          229.96102             158.17763
              3       397.21546       67.586073       3.0761627      0.97281643      0.02239178      0.11959614      0.06000862        1.011682       1.0020845       2.1675068   2.1675068e-09       2.4450199      0.24589175      0.24722354       13.787044       1.9223729       0.6876691      0.31225178      0.14263278       147.17362       1.0039593      0.85563787      0.61697977      0.46120834      0.82536243       1.0413043        8.244331        1.011682       636.17762     0.088545445      0.088545445       794.25383                 21.970519                        390.51951                          223.68759             158.07621
              1       397.71176       67.586073       3.1059465      0.97081621      0.02239178      0.11959614      0.06000862       1.0268005       1.0043352       2.2330344   2.2330344e-09       2.4450199      0.24589175      0.24722354       13.787044       1.9804897       0.6876691      0.31225178      0.14263278       147.17362       1.0182486      0.86781618      0.62576126      0.46777273      0.83710983       1.0413043        8.244331       1.0268005       634.99649     0.088545445      0.088545445       795.24642                 22.332673                        390.54183                          222.12199             160.24993
              1       399.59818       68.736948       3.1385961      0.97688279     0.022479982      0.11681593     0.064322681       1.0431333       1.0044529       2.3071453   2.3071453e-09        2.429295      0.24592951      0.24726144       13.758258         2.02864      0.70373801       0.2961855      0.13994078       147.81641       1.0163616      0.83299361      0.62163339      0.45859074      0.84264255       1.0415554       8.5927073       1.0431333       637.66127     0.088545445      0.088545445       799.01928                 21.389407                        391.49032                          224.78154               161.358
              1       398.40125       68.656212       3.1424573      0.97567339     0.022628361      0.11708018     0.073771693       1.0345349       1.0020726        2.316071    2.316071e-09        2.403179      0.24599307      0.24732523       13.754106        1.998364      0.70216543       0.2977579      0.14035341       147.57947       1.0184476      0.83819763      0.62336787      0.46047943      0.84387591       1.0412191       9.4406596       1.0345349       639.84563     0.088545445      0.088545445       796.62541                 21.924984                        396.27329                          221.64736             156.77978
              8        397.3746       69.161625       3.1573155      0.97677961      0.02282331      0.11613538     0.064267206        1.052619       1.0018607       2.3507406   2.3507406e-09       2.3694906      0.24607537      0.24740783       13.730025       2.0672021      0.70807014      0.29185431      0.13960356       147.61551       1.0173688      0.82537511      0.62187418      0.45708193      0.84607916       1.0412032       8.4910855        1.052619       636.45701     0.088545445      0.088545445       794.57212                 21.580122                        391.29983                          223.57706             158.11511
              3       397.72588       69.241692       3.1587763      0.97712416     0.022828497      0.11594025     0.062118532       1.0558428      0.99921374        2.354177    2.354177e-09       2.3686042      0.24607752      0.24740999       13.728179       2.0791396      0.70914106      0.29078356      0.13941362       147.66217       1.0167523      0.82262658      0.62128585      0.45623009      0.84605579       1.0412164       8.2821895       1.0558428       635.79751     0.088545445      0.088545445       795.27467                 21.477218                        390.63254                          223.68775             159.47716
             11       398.12753       68.571454       3.1398398      0.97398596     0.022720274      0.11773148     0.059979179       1.0459388       1.0064125       2.3100166   2.3100166e-09       2.3872062      0.24603213      0.24736443       13.741333       2.0488863      0.69984809      0.30007505      0.14109662       147.30329       1.0197286      0.84460576      0.62497657      0.46256334      0.84441563       1.0414258       8.1325786       1.0459388       635.71097     0.088545445      0.088545445       796.07797                 21.923768                        390.34753                          223.43968               160.367
              4       400.46323       68.571454       3.1103242       0.9764168     0.022720274      0.11773148     0.059979179       1.0310046      0.99524044       2.2428316   2.2428316e-09       2.3872062      0.24603213      0.24736443       13.741333        1.989296      0.69984809      0.30007505      0.14109662       147.30329       1.0057281      0.83300965      0.61639589      0.45621252      0.83282213       1.0414258       8.1325786       1.0310046       636.84394     0.088545445      0.088545445       800.74937                 21.494838                        390.37452                          224.97458             163.90543
              5       397.92777       68.571454        3.097323      0.97534772     0.022720274      0.11773148     0.059979179       1.0239073       1.0058201       2.2138607   2.2138607e-09       2.3872062      0.24603213      0.24736443       13.741333          1.9636      0.69984809      0.30007505      0.14109662       147.30329      0.99880134      0.82727246      0.61215058      0.45307045      0.82708624       1.0414258       8.1325786       1.0239073       636.21098     0.088545445      0.088545445       795.67845                 21.703786                        390.35934                          224.14786             159.46746
              2       397.94019       68.058474       3.0828746       0.9734212      0.02262355      0.11863437     0.067137305       1.0075144       1.0059749       2.1821038   2.1821038e-09       2.4040194      0.24599102      0.24732317        13.76484       1.9079223       0.6935659      0.30635608      0.14190279       147.17077      0.99860979      0.83952117      0.61290555       0.4559846      0.82382871       1.0411055        8.857329       1.0075144       637.76568     0.088545445      0.088545445        795.7033                 22.296598                        392.87127                          222.59781             157.93762
              3       397.23952       68.058474       3.1232976      0.97107412      0.02262355      0.11863437     0.067137305       1.0277794       1.0050877       2.2721181   2.2721181e-09       2.4040194      0.24599102      0.24732317        13.76484       1.9866263       0.6935659      0.30635608      0.14190279       147.17077        1.018087      0.85589551      0.62485988       0.4648783      0.83989697       1.0411055        8.857329       1.0277794       637.50766     0.088545445      0.088545445       794.30196                 22.790081                        392.91163                          221.80595              156.7943
              2       396.99319       68.145853       3.1249474      0.97163609     0.022616018       0.1183389     0.067066583       1.0291324       1.0051471       2.2758698   2.2758698e-09       2.4053359       0.2459878      0.24731994       13.765325       1.9901881      0.69500371      0.30491847      0.14159979       147.25757       1.0172146      0.85209604      0.62399089      0.46368621      0.83971578       1.0410728        8.846902       1.0291324       636.72014     0.088545445      0.088545445       793.80929                 22.657284                         392.8307                          221.23216             157.08916
              1        397.8098       68.145853       3.1288364      0.97207043     0.022616018       0.1183389     0.067066583       1.0305566       1.0055567        2.284738    2.284738e-09       2.4053359       0.2459878      0.24731994       13.765325       1.9979431      0.69500371      0.30491847      0.14159979       147.25757       1.0193634      0.85389601      0.62530901       0.4646657      0.84148959       1.0410728        8.846902       1.0305566       637.86622     0.088545445      0.088545445       795.44251                 22.648279                         392.8307                          222.38725             157.57628
              3       398.76535        68.09288       3.1301671      0.97173671     0.022641887      0.11858829     0.072052541       1.0259171        1.003976       2.2877803   2.2877803e-09       2.4008185      0.24599884      0.24733102        13.76254       1.9807528      0.69393532      0.30598674      0.14187504       147.16264        1.021296      0.85787837      0.62679879      0.46618018      0.84275725       1.0411121       9.3099416       1.0259171       641.26494     0.088545445      0.088545445       797.35361                 22.902176                        395.65225                          222.71051             156.08867
              1       399.83337        68.09288       3.1144296      0.97025563     0.022641887      0.11858829     0.072052541        1.017377       1.0041846        2.252058    2.252058e-09       2.4008185      0.24599884      0.24733102        13.76254       1.9498245      0.69393532      0.30598674      0.14187504       147.16264       1.0127193      0.85067401      0.62153501      0.46226526      0.83567988       1.0411121       9.3099416        1.017377       643.23867     0.088545445      0.088545445       799.48964                 23.287574                         395.7879                          224.16319             156.25098
              8       400.74492       67.884686       3.1100956      0.96850836     0.022705715      0.11922536     0.069642829       1.0166508      0.99991864       2.2423189   2.2423189e-09       2.3897257      0.24602597      0.24735825       13.762008       1.9507714      0.69053418       0.3093874      0.14257594       146.92348       1.0136673      0.85866659      0.62288374       0.4645502      0.83518241       1.0409978       9.0824044       1.0166508       645.07162     0.088545445      0.088545445       801.31274                 23.627186                        394.40771                          227.03673             156.24112
              1       400.94811       67.931142       3.1117859      0.96876706     0.022710061      0.11910515     0.070598226       1.0166983       0.9999445       2.2461122   2.2461122e-09       2.3889733      0.24602781      0.24736009       13.761021       1.9503413      0.69120839       0.3087133      0.14246008        146.9504       1.0137427      0.85733954      0.62280346      0.46423711      0.83553025        1.040999       9.1677229       1.0166983       645.41226     0.088545445      0.088545445       801.71912                 23.606979                        394.96672                          226.83856             156.30686
              2       399.95662       67.931142       3.1231325      0.97289476     0.022710061      0.11910515     0.070598226       1.0229804       1.0015304        2.271743    2.271743e-09       2.3889733      0.24602781      0.24736009       13.761021       1.9725969      0.69120839       0.3087133      0.14246008        146.9504       1.0211136      0.86357324      0.62733185      0.46761257      0.84160538        1.040999       9.1677229       1.0229804       643.49649     0.088545445      0.088545445       799.73614                 22.658631                        394.76061                          226.07725             156.23965
              5       399.61658       67.637857       3.1112495      0.97218723     0.022583993      0.11966951     0.072490479       1.0151743      0.99898797       2.2449077   2.2449077e-09       2.4109453       0.2459741       0.2473062       13.775224       1.9419322      0.68756663      0.31235438      0.14289837       146.94098       1.0200875      0.86997356      0.62718295      0.46887399      0.83894278       1.0410408       9.3873288       1.0151743       642.59845     0.088545445      0.088545445       799.05607                 22.729516                        396.13446                          223.73447             156.45761
              1       400.94469       67.404803        3.101738      0.97125684      0.02251722      0.12018313     0.069725191       1.0153002       1.0006837       2.2236565   2.2236565e-09       2.4227019      0.24594549      0.24727747         13.7839       1.9342169       0.6844189      0.31550156      0.14334521       146.87982       1.0191532      0.87554226      0.62709778      0.46998678      0.83672913       1.0410529       9.1577886       1.0153002       646.53069     0.088545445      0.088545445       801.71229                 22.432862                        394.53719                          229.56064              155.1816
              7       400.34287       67.404803        3.050559      0.96886914      0.02251722      0.12018313     0.069725191      0.98868185      0.99958611       2.1127151   2.1127151e-09       2.4227019      0.24594549      0.24727747         13.7839       1.8377161       0.6844189      0.31550156      0.14334521       146.87982      0.99250658      0.85265049      0.61070179      0.45769859      0.81485215       1.0410529       9.1577886      0.98868185       642.78325     0.088545445      0.088545445       800.50866                 23.045151                        394.65053                          225.08757             157.72541
              3        403.9017       67.419288       3.0490719      0.96829398     0.022557962      0.12024379     0.058782028       0.9957985      0.99528139       2.1095757   2.1095757e-09       2.4155185      0.24596296      0.24729501       13.779864        1.875589      0.68433139       0.3155891      0.14344662       146.81871      0.99150086      0.85209073      0.61019083      0.45734736      0.81411391       1.0410544       8.0945833       0.9957985       640.23586     0.088545445      0.088545445       807.62631                 23.204694                        390.26498                          226.76618             167.39045
             11       401.47088       67.773454       3.0594366      0.97044348     0.022548815      0.11908023     0.061617146       1.0010466      0.99460387       2.1315545   2.1315545e-09       2.4171285      0.24595904      0.24729107       13.780095       1.8844146       0.6901751      0.30974622      0.14227391        147.1356      0.98996263      0.83877389      0.60799515      0.45357762      0.81498311       1.0409183       8.3547051       1.0010466       634.65205     0.088545445      0.088545445       802.76468                 22.614638                        390.86624                          221.17118             168.11262
              1       402.03197       67.773454       3.0461951       0.9676167     0.022548815      0.11908023     0.061617146      0.99392598      0.99580948       2.1035156   2.1035156e-09       2.4171285      0.24595904      0.24729107       13.780095       1.8596266       0.6901751      0.30974622      0.14227391        147.1356      0.98237562      0.83234558      0.60333552      0.45010143      0.80873714       1.0409183       8.3547051      0.99392598       635.88311     0.088545445      0.088545445       803.88685                 23.268716                        390.88718                          221.72721             168.00374
              6        399.3032        67.63728       3.0402997      0.96652001     0.022555507      0.11986285     0.056352067      0.99513117        1.003754       2.0911509   2.0911509e-09       2.4159505       0.2459619      0.24729395       13.770813       1.8682655      0.68720095      0.31272005      0.14306322       146.92157      0.98367386      0.83979876      0.60496901      0.45239945      0.80899195       1.0413144       7.8471482      0.99513117       637.90972     0.088545445      0.088545445       798.42931                 23.386095                        389.96598                          224.55764             160.51958
              1       400.64208       67.883012       3.0445637      0.96799767     0.022517819       0.1193188     0.054933056       0.9995707       1.0035389       2.1000866   2.1000866e-09        2.422596      0.24594574      0.24727773       13.764716       1.8815811      0.69072389      0.30919768      0.14248149       147.10699      0.98279467      0.83204502      0.60381292      0.45025802      0.80973581       1.0415749       7.7044229       0.9995707       637.25298     0.088545445      0.088545445       801.10708                 22.982584                        390.03861                          224.23178              163.8541
              2       398.37709       67.883012       3.0951269      0.96886286     0.022517819       0.1193188     0.054933056       1.0256696       1.0031217       2.2090042   2.2090042e-09        2.422596      0.24594574      0.24727773       13.764716       1.9791663      0.69072389      0.30919768      0.14248149       147.10699       1.0082897      0.85362942      0.61947667      0.46193834      0.83074148       1.0415749       7.7044229       1.0256696       636.02466     0.088545445      0.088545445       796.57708                 22.740747                        390.02952                          223.25439             160.55242
              7       399.51377       68.441976       3.1087021      0.97321168     0.022385899      0.11712953     0.063508699       1.0271926       1.0043673       2.2391962   2.2391962e-09       2.4460739      0.24588924      0.24722102       13.778378       1.9721012      0.70071023      0.29921262      0.14016029        147.8375       1.0035831      0.82829951      0.61405828      0.45415549      0.83026095        1.041256       8.5429186       1.0271926        635.1452     0.088545445      0.088545445       798.85045                 22.022674                        391.32084                          221.80168             163.70525
              1       400.96377       68.471064       3.1093839       0.9734431       0.0223789      0.11689698     0.062989279       1.0268575       1.0032448       2.2407236   2.2407236e-09       2.4473291      0.24588625      0.24721802       13.782374       1.9754976      0.70147541      0.29844751      0.13992075       147.90787       1.0026606      0.82580881      0.61323151       0.4532538      0.82967399        1.041111       8.4900317       1.0268575       638.05336     0.088545445      0.088545445       801.75046                 22.131789                        391.18797                           224.7336              163.6971
             12       399.13681       68.734156       3.1194077      0.97351655     0.022538237      0.11629574     0.052190965       1.0440696       1.0025608       2.2632969   2.2632969e-09       2.4189924       0.2459545      0.24728652       13.771186       2.0389616      0.70469172      0.29523179      0.13947884       147.89103       1.0019881      0.81881643       0.6123358      0.45136765      0.83070892       1.0408384       7.3728701       1.0440696       635.68969     0.088545445      0.088545445       798.09652                 21.827564                        390.88439                          222.97773             162.40684
              4       399.54019       68.718833       3.1180597      0.97375835     0.022498175      0.11624753      0.05384952       1.0439103        1.000704       2.2602482   2.2602482e-09       2.4260706      0.24593732      0.24726928       13.774972       2.0294719      0.70474692      0.29517655      0.13939058       147.94903        1.001523      0.81820735      0.61195473      0.45106566      0.83023079       1.0408432       7.5489951       1.0439103        633.2432     0.088545445      0.088545445       798.90328                 21.583101                        390.47714                          221.18296             165.66008
              1       399.62654       69.057562        3.136721      0.97495742      0.02266029      0.11568918     0.066403011       1.0391285        1.002891       2.3028233   2.3028233e-09       2.3976125      0.24600668      0.24733889       13.755908       2.0164325      0.70846713      0.29145709      0.13899434       147.91774       1.0054643       0.8141048      0.61392587      0.45108625      0.83554968       1.0408302       8.7229022       1.0391285         637.565     0.088545445      0.088545445       799.07599                 21.991956                        392.18788                          223.38516               161.511
              3       400.76897       67.765524       3.0992554      0.96886038     0.022540859       0.1185934     0.067751992       1.0147053       1.0024686       2.2181428   2.2181428e-09       2.4185302      0.24595562      0.24728765       13.794279       1.9370502      0.69118004      0.30874127      0.14177912        147.2735       1.0067058      0.85041921      0.61773989      0.46047316      0.82871839       1.0404018       8.9341428       1.0147053       638.07899     0.088545445      0.088545445       801.36085                 23.233021                         393.4021                          221.44386             163.28186
              1       398.82646       67.338985       3.0869056      0.96562799     0.022612823      0.12013995     0.057601939       1.0164617        1.001993       2.1909176   2.1909176e-09       2.4058946      0.24598643      0.24731857       13.788356       1.9525117      0.68368607      0.31623424      0.14339764       146.78533        1.008743      0.86798594      0.62074902      0.46549848      0.82777789       1.0405649       7.9621102       1.0164617       639.98981     0.088545445      0.088545445       797.47582                 23.681155                         390.0952                          226.21346             157.48602
              6       398.88385       67.338455       3.0869779      0.96561406     0.022614778      0.12014191     0.057625299       1.0164693       1.0019882       2.1910762   2.1910762e-09       2.4055528      0.24598727      0.24731941       13.788298       1.9525618      0.68367246      0.31624785      0.14340156       146.78265        1.008771      0.86804024      0.62077049      0.46551958      0.82779761       1.0405603       7.9640127       1.0164693       640.07716     0.088545445      0.088545445       797.59061                 23.685991                         390.0947                          226.29646             157.51345
              3       400.73978       67.338455       3.1147516      0.97410504     0.022614778      0.12014191     0.057625299       1.0316757      0.99964663       2.2527833   2.2527833e-09       2.4055528      0.24598727      0.24731941       13.788298       2.0075516      0.68367246      0.31624785      0.14340156       146.78265       1.0261672      0.88300952      0.63147562      0.47354743      0.84207291       1.0405603       7.9640127       1.0316757       641.23067     0.088545445      0.088545445       801.30247                 21.888895                        390.20836                          229.13341              160.0718
              1        400.2403       66.978374       3.1011056      0.97281518     0.022509576      0.12082365     0.056237905       1.0260625      0.99981317       2.2222508   2.2222508e-09       2.4240532      0.24594221      0.24727418       13.804909       1.9858455      0.67897696      0.32094249      0.14397809       146.72001       1.0246691      0.89109971      0.63118656      0.47507759      0.83859243       1.0404623       7.8599874       1.0260625       641.19401     0.088545445      0.088545445       800.30352                 21.959023                        390.14375                          229.09123             159.10951
              3       398.51675       67.371099       3.1106152      0.97506093     0.022489583      0.11983713     0.056494525       1.0328119      0.99850885       2.2434842   2.2434842e-09       2.4275926      0.24593363      0.24726558        13.79704       2.0037913      0.68492625      0.31499413      0.14297158        147.0015       1.0236563      0.87791823      0.62945776       0.4715657      0.84021606       1.0406626       7.8746383       1.0328119       638.43835     0.088545445      0.088545445       796.85641                 21.497979                        390.19799                          226.74238             158.41806
              2        397.1716       67.371099       3.0972024      0.97309342     0.022489583      0.11983713     0.056494525       1.0256939      0.99875282       2.2135937   2.2135937e-09       2.4275926      0.24593363      0.24726558        13.79704       1.9770943      0.68492625      0.31499413      0.14297158        147.0015       1.0160563      0.87140025      0.62478445      0.46806463        0.833978       1.0406626       7.8746383       1.0256939       636.30383     0.088545445      0.088545445       794.16611                 21.826705                         390.1806                          224.29653             157.86228
              1       398.11575       67.402841       3.0939128      0.97414164     0.022364303      0.11958986      0.05866398       1.0223208       1.0066458       2.2063238   2.2063238e-09       2.4499502      0.24588002      0.24721177       13.804331       1.9620694      0.68604297      0.31387748      0.14259903       147.20607       1.0143443      0.86736024      0.62332499      0.46655686       0.8327689       1.0408211       8.1165558       1.0223208        635.0822     0.088545445      0.088545445       796.05441                  21.66129                        390.35879                          223.06213             160.97221
              4       399.03799       67.402841       3.1068903      0.97061368     0.022364303      0.11958986      0.05866398       1.0267855       1.0076198       2.2351431   2.2351431e-09       2.4499502      0.24588002      0.24721177       13.804331       1.9876982      0.68604297      0.31387748      0.14259903       147.20607       1.0195847      0.87184125      0.62654524      0.46896721      0.83707119       1.0408211       8.1165558       1.0267855       634.08441     0.088545445      0.088545445        797.8989                 22.533277                        390.29589                          221.25524             163.81449
             11       398.62616       68.059606        3.127426      0.97382254     0.022431932      0.11786934     0.060093506       1.0381681       1.0071542       2.2815177   2.2815177e-09       2.4378424      0.24590892      0.24724078       13.790838       2.0231463      0.69564135      0.30428064      0.14094614       147.58782       1.0185875      0.85110041      0.62411069      0.46353251      0.84031679       1.0407901        8.212194       1.0381681       633.34026     0.088545445      0.088545445       797.07524                 21.966191                        390.47382                          220.90024             163.73498
              1       396.58721       68.059606       3.1212508      0.97556357     0.022431932      0.11786934     0.060093506       1.0370349       1.0001691       2.2674724   2.2674724e-09       2.4378424      0.24590892      0.24724078       13.790838       2.0106915      0.69564135      0.30428064      0.14094614       147.58782       1.0161213      0.84903978      0.62259964      0.46241024      0.83828228       1.0407901        8.212194       1.0370349        632.3623     0.088545445      0.088545445       792.99733                 21.463703                        390.44963                          220.44896             160.63503
              4       396.15672       68.059606       3.1033021      0.97510186     0.022431932      0.11786934     0.060093506       1.0266782        1.003073       2.2271373   2.2271373e-09       2.4378424      0.24590892      0.24724078       13.790838       1.9749242      0.69564135      0.30428064      0.14094614       147.58782       1.0068659      0.84130619      0.61692861      0.45819832      0.83064668       1.0407901        8.212194       1.0266782        632.0911     0.088545445      0.088545445       792.13635                 21.648429                        390.47405                          219.96862             160.04525
              1       396.87542        68.13041       3.1031938      0.97573823     0.022387516      0.11762466     0.059167787       1.0279865       1.0031923       2.2268961   2.2268961e-09       2.4457839      0.24588993      0.24722171       13.792454       1.9783698      0.69689643      0.30302571      0.14065705       147.70291       1.0057822      0.83771609      0.61594839      0.45699789      0.83018418        1.040854       8.1274761       1.0279865       632.47425     0.088545445      0.088545445       793.57374                 21.506481                        390.35208                          220.61569             161.09949
              3       398.28094       68.589462       3.1179319       0.9778657     0.022449428        0.116475     0.059847776       1.0363644       1.0059586       2.2599592   2.2599592e-09       2.4347249      0.24591642       0.2472483       13.781528       2.0050144      0.70325218        0.296671       0.1395693       147.94225       1.0052366      0.82420542      0.61442061      0.45345537      0.83252446       1.0408287       8.1598518       1.0363644       633.24014     0.088545445      0.088545445        796.3848                 21.207776                        390.38668                          221.64568             163.14466
              2       398.32211       68.796861       3.1256393      0.97866811     0.022503068      0.11603491     0.060728463       1.0400238       1.0058984       2.2774449   2.2774449e-09       2.4252045      0.24593942      0.24727138       13.773778       2.0169717      0.70585518      0.29406847      0.13918284       148.00089        1.005653      0.81926985       0.6142492      0.45233138      0.83412759       1.0408327         8.22542       1.0400238       633.56674     0.088545445      0.088545445       796.46713                 21.121416                        390.50452                           221.9408             162.90039
              3       398.66223       68.283452        3.115057      0.97597824     0.022522706      0.11795465     0.072167274       1.0200256       1.0059133       2.2534715   2.2534715e-09       2.4217329      0.24594784      0.24727984       13.766128       1.9506007      0.69725592      0.30266657      0.14112222       147.46365        1.011949      0.84289842      0.62023672      0.46004317      0.83621193       1.0413146       9.3397409       1.0200256       639.06787     0.088545445      0.088545445       797.14737                 21.925792                        395.50721                          221.63487              158.0795
              5       398.29922       68.195734       3.1135264      0.97531276     0.022548099      0.11832304     0.072349954       1.0183891       1.0021038       2.2500251   2.2500251e-09       2.4172547      0.24595873      0.24729076       13.763179        1.946906      0.69562987      0.30429242        0.141516        147.3373       1.0131029      0.84739339       0.6213767      0.46150642      0.83662759        1.041379       9.3573935       1.0183891       640.00221     0.088545445      0.088545445       796.42134                 22.089233                        395.67849                          222.23449             156.41914
              3       398.30002       68.195734       3.1133959      0.97530831     0.022548099      0.11832304     0.072349954       1.0183213       1.0021048       2.2497313   2.2497313e-09       2.4172547      0.24595873      0.24729076       13.763179       1.9466518      0.69562987      0.30429242        0.141516        147.3373       1.0130351      0.84733663      0.62133507      0.46147551      0.83657154        1.041379       9.3573935       1.0183213       640.00274     0.088545445      0.088545445       796.42295                 22.090162                        395.67849                          222.23409             156.42021
              1       397.54973       68.487748       3.1245058      0.97560206     0.022703455      0.11794013     0.065398238       1.0314225      0.99976537       2.2748651   2.2748651e-09       2.3901173      0.24602501      0.24735729       13.743512       1.9959583      0.69870498      0.30121798      0.14128845       147.26643       1.0142051      0.84239521      0.62180247      0.46065168      0.83932898        1.041442       8.6607052       1.0314225       637.38605     0.088545445      0.088545445       794.92238                 21.881496                         391.9168                          223.58776             157.53632
              1       397.10156       68.879049       3.1350854      0.97762655     0.022715325      0.11695091     0.064927702       1.0394662       1.0014172       2.2990598   2.2990598e-09       2.3880623      0.24603003      0.24736233       13.735586       2.0190859      0.70417859      0.29574524      0.14031111       147.51714       1.0131123      0.83007633      0.62005557      0.45725667      0.84081639       1.0415186       8.5951453       1.0394662       636.80695     0.088545445      0.088545445       794.02603                   21.4502                        391.62814                          223.72861             157.21907
              3       397.73867       68.879049       3.1274245      0.97808827     0.022715325      0.11695091     0.064927702       1.0342143       1.0024404       2.2815143   2.2815143e-09       2.3880623      0.24603003      0.24736233       13.735586        2.003677      0.70417859      0.29574524      0.14031111       147.51714       1.0094187      0.82704998      0.61779493      0.45558958      0.83775089       1.0415186       8.5951453       1.0342143       636.99934     0.088545445      0.088545445       795.30025                 21.511384                        391.64817                          223.83979             158.30091
              4       398.80747       68.769841       3.1240998      0.97773197      0.02268934      0.11706132     0.065651344       1.0307981        1.003067       2.2739415   2.2739415e-09       2.3925644      0.24601902      0.24735128       13.742916       1.9941382       0.7030598      0.29686379      0.14039553       147.51653       1.0088801      0.82876414      0.61755819        0.455845      0.83663991       1.0413796        8.671716       1.0307981       638.61682     0.088545445      0.088545445       797.43784                 21.660358                        391.91568                          225.04078             158.82102
              6       399.19983       68.862769       3.1281739      0.97799009     0.022729433      0.11687785     0.066014739       1.0327069       1.0020793       2.2832248   2.2832248e-09       2.3856233        0.246036      0.24736831        13.73863       2.0008246      0.70416303      0.29576076      0.14025215       147.52103       1.0092975      0.82689203      0.61765587      0.45549301      0.83755134       1.0413564       8.6926793       1.0327069        638.9524     0.088545445      0.088545445       798.22258                 21.640197                        392.08914                          225.22306             159.27018
             12       402.14197       69.304532       3.1431004      0.98033658     0.022768767      0.11580621     0.072133676       1.0393394      0.99930261       2.3175608   2.3175608e-09       2.3788431      0.24605256      0.24738494       13.727959       2.0062111      0.71007171      0.28985305      0.13921984       147.76486       1.0095235      0.81479473      0.61665424      0.45246625       0.8404217       1.0414103       9.2288326       1.0393394       644.78359     0.088545445      0.088545445       804.10685                 21.072066                        394.80003                          228.91149             159.32326
              2       400.63127       69.304532       3.1611674      0.97961264     0.022768767      0.11580621     0.072133676       1.0454078       1.0000934       2.3598129   2.3598129e-09       2.3788431      0.24605256      0.24738494       13.727959       2.0427869      0.71007171      0.28985305      0.13921984       147.76486       1.0183991      0.82195827      0.62207577      0.45644426      0.84781055       1.0414103       9.2288326       1.0454078       640.60188     0.088545445      0.088545445       801.08544                 21.498611                        394.87148                          224.23178             160.48357
              1       399.20572       69.306037       3.1612151      0.97962035     0.022768896      0.11580237     0.072143467       1.0466122       1.0042429       2.3599255   2.3599255e-09        2.378821      0.24605262      0.24738499       13.727928       2.0428443      0.71009203      0.28983273      0.13921613       147.76575       1.0183969       0.8219136       0.6220703      0.45643225      0.84781796       1.0414103       9.2296143       1.0466122       639.49325     0.088545445      0.088545445       798.23435                 21.379569                        394.85943                          223.25425              158.7411
              1        399.2049       69.306037       3.1611114       0.9796149     0.022768896      0.11580237     0.072143467       1.0465582       1.0042436       2.3596807   2.3596807e-09        2.378821      0.24605262      0.24738499       13.727928       2.0426324      0.71009203      0.28983273      0.13921613       147.76575        1.018342      0.82186924      0.62203673      0.45640762       0.8477722       1.0414103       9.2296143       1.0465582       639.49424     0.088545445      0.088545445       798.23272                 21.380347                        394.85943                          223.25446             158.73848
              1       399.94477       68.960301       3.1502215      0.97854353     0.022675742      0.11648297     0.077233183       1.0347497       1.0044833       2.3341233   2.3341233e-09       2.3949253      0.24601325      0.24734548       13.742288       2.0000457      0.70594251       0.2939815      0.13980358       147.68672       1.0184816      0.83048469      0.62277728      0.45857752      0.84577094       1.0413593       9.7282556       1.0347497       642.12958     0.088545445      0.088545445       799.71246                  21.67988                        398.37826                          222.07144             157.58288
              2       400.91293       68.960301       3.1573061       0.9776468     0.022675742      0.11648297     0.077233183       1.0383046      0.99876943       2.3507184   2.3507184e-09       2.3949253      0.24601325      0.24734548       13.742288       2.0142655      0.70594251       0.2939815      0.13980358       147.68672       1.0217426      0.83314378      0.62477132      0.46004582      0.84847897       1.0413593       9.7282556       1.0383046       642.09167     0.088545445      0.088545445       801.64877                 21.842221                        398.41358                          221.83586              159.5571
              1       400.79139       68.960301       3.1279964      0.98157731     0.022675742      0.11648297     0.077233183       1.0236211        1.000786       2.2828195   2.2828195e-09       2.3949253      0.24601325      0.24734548       13.742288       1.9560848      0.70594251       0.2939815      0.13980358       147.68672       1.0084058      0.82226878      0.61661619      0.45404085       0.8374038       1.0413593       9.7282556       1.0236211        643.1878     0.088545445      0.088545445       801.40569                 21.188887                        398.19283                          223.80608             158.21789
              1       400.63945       68.010297       3.0997802      0.97662439     0.022623056      0.11895607     0.073820063       1.0091095       1.0005214       2.2193072   2.2193072e-09       2.4041056      0.24599081      0.24732296       13.760395       1.9146885      0.69243716      0.30748471      0.14222399       147.08611       1.0102695      0.85183722      0.62041238        0.461994      0.83315264       1.0413021       9.4851211       1.0091095       644.04124     0.088545445      0.088545445        801.1018                 21.938693                        396.58961                          225.51294             157.06056
             10       401.95686       68.577909         3.11719      0.97832413     0.022775943      0.11795212     0.064789298       1.0284329       1.0074539       2.2582832   2.2582832e-09       2.3776094      0.24605557      0.24738796       13.733256        1.983824      0.69931706      0.30060609      0.14137293       147.18285       1.0106694      0.83847502       0.6197274      0.45888107      0.83695335       1.0415358       8.5856919       1.0284329       639.83989     0.088545445      0.088545445       803.73662                 21.439652                        391.62012                          226.78012             163.89673
              3       398.25402       68.381162       3.1055677      0.97825598     0.022615157      0.11816323     0.063105226       1.0241763       1.0028462       2.2321887   2.2321887e-09       2.4054864      0.24598743      0.24731957       13.749274       1.9675166      0.69747669      0.30244602      0.14142326       147.30517       1.0080514      0.83970144      0.61817709      0.45843195      0.83358701       1.0415888       8.4676741       1.0241763       637.98676     0.088545445      0.088545445       796.33095                 21.354846                        391.14865                          225.48326             158.34419
              7        398.3247       68.381162         3.15944       0.9768952     0.022615157      0.11816323     0.063105226       1.0517855        1.001546       2.3557399   2.3557399e-09       2.4054864      0.24598743      0.24731957       13.749274       2.0764183      0.69747669      0.30244602      0.14142326       147.30517       1.0350329      0.86217681      0.63472316      0.47070229      0.85589872       1.0415888       8.4676741       1.0517855       636.72106     0.088545445      0.088545445       796.47231                 21.594609                        391.13506                          223.99139             159.75125
              2       398.58901       68.423719       3.1616906      0.97707475      0.02263205      0.11804697     0.064493709       1.0529898       1.0005599       2.3610477   2.3610477e-09       2.4025348      0.24599464      0.24732681        13.74821       2.0753256      0.69806513      0.30185768      0.14132389       147.31732        1.035291      0.86114969      0.63476991      0.47050787      0.85637854       1.0415486         8.59436       1.0529898       638.29771     0.088545445      0.088545445       797.00093                 21.466757                        391.60964                          225.22131             158.70322
              1       398.52794       68.423719       3.1311726      0.97680216      0.02263205      0.11804697     0.064493709       1.0371641      0.99901087       2.2900817   2.2900817e-09       2.4025348      0.24599464      0.24732681        13.74821       2.0129475      0.69806513      0.30185768      0.14132389       147.31732       1.0195068      0.84802046      0.62509211      0.46333443      0.84332206       1.0415486         8.59436       1.0371641       638.68894     0.088545445      0.088545445       796.87878                 21.494983                        391.61071                          225.58325             158.18984
              1       398.39319       68.484915       3.1278418      0.97742797       0.0225552      0.11785125     0.056468826        1.042438        1.002674       2.2824666   2.2824666e-09       2.4160045      0.24596177      0.24729382       13.750215       2.0387137      0.69918564       0.3007373      0.14105132       147.45501       1.0173509      0.84377695      0.62346925      0.46170211      0.84191493       1.0417201       7.8268712        1.042438       636.46821     0.088545445      0.088545445       796.60928                 21.360595                        390.16817                          224.93945             160.14107
              6       398.63002       68.728838       3.1353666      0.97876719     0.022560123      0.11715837     0.056962797        1.046768       1.0009585       2.2997066   2.2997066e-09       2.4151385      0.24596388      0.24729594       13.747415       2.0520842       0.7027735         0.29715      0.14036335        147.6347       1.0167709      0.83572166      0.62235268      0.45949469      0.84293217       1.0416931       7.8634649        1.046768       636.30345     0.088545445      0.088545445       797.08295                 21.171716                        390.23688                          224.89485             160.77951
             17       397.80208       68.578004       3.1375737      0.97664621     0.022720742      0.11771019     0.048947243       1.0568183        1.000084       2.3047877   2.3047877e-09       2.3871254      0.24603233      0.24736463        13.74132       2.0898538      0.69994969      0.29997346       0.1410758       147.30844       1.0194731       0.8441772      0.62479696      0.46239126      0.84424441       1.0414215       7.0236642       1.0568183       638.79648     0.088545445      0.088545445       795.42707                 21.226507                        392.56346                          225.00652             156.63059
              2       399.85301       68.578004       3.1484648      0.98030413     0.022720742      0.11771019     0.048947243       1.0629773       1.0001783       2.3300267   2.3300267e-09       2.3871254      0.24603233      0.24736463        13.74132       2.1127391      0.69994969      0.29997346       0.1410758       147.30844       1.0264827       0.8499815      0.62909286      0.46557051      0.85004917       1.0414215       7.0236642       1.0629773       641.84984     0.088545445      0.088545445       799.52892                 20.758136                        392.78753                          228.30418             157.67909
              1       399.41537        68.58122       3.1444524      0.98145032     0.022593554      0.11755114     0.059287217       1.0507322       1.0006516       2.3206965   2.3206965e-09       2.4092685       0.2459782       0.2473103       13.748831       2.0612094      0.70058642      0.29933674      0.14078956       147.49234       1.0250102      0.84716049      0.62787155      0.46441989       0.8488497       1.0415884       8.0914774       1.0507322       640.61341     0.088545445      0.088545445       798.65366                 20.720749                        390.35593                          229.53673             158.04025
              1       400.62957       68.562516       3.1438213      0.98136444     0.022590526      0.11759605     0.059204649       1.0504358       1.0061712       2.3192322   2.3192322e-09       2.4097994       0.2459769        0.247309       13.749343       2.0602491      0.70033393       0.2995892      0.14083144       147.48373       1.0250088      0.84768673       0.6279174       0.4645517      0.84873279       1.0415885       8.0848486       1.0504358       640.64398     0.088545445      0.088545445       801.08206                  20.72853                        390.33407                          229.58139             160.43807
              5       399.73043       68.167528       3.1361975      0.97923294     0.022598529      0.11847228     0.062834308       1.0415601       1.0055893       2.3016182   2.3016182e-09       2.4083967      0.24598032      0.24731244       13.760249       2.0298133      0.69494824      0.30497399      0.14171568       147.24157       1.0267328      0.86034691      0.62995846        0.468142      0.84770786       1.0413233       8.4506301       1.0415601       641.29255     0.088545445      0.088545445       799.28377                 21.050203                         391.0691                          229.17325             157.99123
              6       398.42128       68.167528       3.0764147      0.97735144     0.022598529      0.11847228     0.062834308       1.0104514      0.99932595       2.1680533   2.1680533e-09       2.4083967      0.24598032      0.24731244       13.760249       1.9120214      0.69494824      0.30497399      0.14171568       147.24157      0.99577866        0.834409      0.61096634      0.45402837        0.822151       1.0413233       8.4506301       1.0104514       639.05884     0.088545445      0.088545445       796.66547                 21.346977                        391.12174                          226.59013             157.60663
              7       402.31207       67.788725       3.0632444      0.97678151      0.02239695      0.11884921     0.068721181      0.99753789      0.99660812       2.1396864   2.1396864e-09       2.4440939      0.24589396      0.24722576       13.789158       1.8649176      0.69114787      0.30877348      0.14189103       147.36581      0.99415384      0.84003851      0.61015802      0.45483337      0.81852571       1.0411106        9.068892      0.99753789       639.67183     0.088545445      0.088545445       804.44706                 21.523022                        393.69351                          224.45531             164.77522
              4       398.50783       67.788725       3.0599553      0.97436406      0.02239695      0.11884921     0.068721181      0.99557928       1.0037713       2.1326603   2.1326603e-09       2.4440939      0.24589396      0.24722576       13.789158       1.8587939      0.69114787      0.30877348      0.14189103       147.36581      0.99160711      0.83788658      0.60859498      0.45366823      0.81642889       1.0411106        9.068892      0.99557928       637.62793     0.088545445      0.088545445       796.83858                 21.952531                         393.7967                           221.8787             159.21065
              3        398.5851       67.957323       3.0625186      0.97521359     0.022396591      0.11853109     0.065870862       1.0002606       1.0039012        2.138134    2.138134e-09       2.4441582       0.2458938       0.2472256       13.782824       1.8742185      0.69336807      0.30655368      0.14157255       147.45087       0.9908312      0.83284572      0.60777725      0.45224219      0.81680391       1.0412782       8.7928044       1.0002606       637.09252     0.088545445      0.088545445       796.99312                  21.71132                        392.35551                          223.02568              159.9006
              2       397.49976       67.824505       3.0663221      0.97378392     0.022514306      0.11885905     0.068655765      0.99868356        1.000841        2.146282    2.146282e-09       2.4232168      0.24594424      0.24727622       13.782504       1.8709111      0.69119714       0.3087243      0.14201822       147.23253      0.99352067      0.83960463      0.60990603      0.45462742      0.81822025       1.0409262       9.0321331      0.99868356       637.56902     0.088545445      0.088545445       794.82244                 22.086358                        393.71667                          221.76599             157.25342
              1       398.40867       67.824505        3.150051       0.9716585     0.022514306      0.11885905     0.068655765       1.0398199       1.0003106       2.3337255   2.3337255e-09       2.4232168      0.24594424      0.24727622       13.782504       2.0343053      0.69119714       0.3087243      0.14201822       147.23253       1.0351597      0.87479292      0.63546752       0.4736811       0.8525123       1.0409262       9.0321331       1.0398199       636.87009     0.088545445      0.088545445       796.64026                 22.681358                        393.78207                          220.40667             159.77016
              2       398.60163       68.406518       3.1673297      0.97406142     0.022645838      0.11782062     0.071391153       1.0482039      0.99958542       2.3743997   2.3743997e-09       2.4001297      0.24600052      0.24733271       13.755518       2.0584687      0.69836753      0.30155524      0.14111132       147.36229       1.0356786      0.86058706      0.63476865      0.47038903      0.85659147       1.0412222       9.2327797       1.0482039       638.31567     0.088545445      0.088545445       797.02617                 22.244113                        395.00561                          221.06595              158.7105
              1       398.27109       68.427806       3.1679718       0.9742111     0.022643304      0.11775245     0.071900148       1.0481115       1.0017354       2.3759248   2.3759248e-09       2.4005714      0.24599944      0.24733163        13.75556        2.057695      0.69870617      0.30121665      0.14104062       147.38325        1.035614       0.8597975      0.63464954       0.4701687      0.85667132       1.0412193       9.2789669       1.0481115        638.5143     0.088545445      0.088545445        796.3651                 22.230315                        395.30563                          220.97835              157.8508
              3       400.07141       68.804578       3.1842015      0.97482029     0.022843608      0.11713547     0.066811024       1.0610591       1.0021952       2.4147998   2.4147998e-09       2.3660246       0.2460838      0.24741629       13.733625       2.1127583      0.70287705      0.29704661      0.14062394       147.32526       1.0374795      0.85294531      0.63532263      0.46902984      0.86057391       1.0411658       8.7438109       1.0610591       639.70085     0.088545445      0.088545445       799.96574                 22.200455                        392.37946                          225.12093             160.26489
              2       398.73182         69.3157       3.1987903      0.97787196     0.022783974      0.11537213     0.059145515       1.0805411       1.0014443        2.450287    2.450287e-09       2.3762299      0.24605894      0.24739134       13.738467       2.1769268      0.71103694      0.28888784      0.13880097       147.86494       1.0343217       0.8323743      0.63132614      0.46284554      0.86113542       1.0409345       7.9957881       1.0805411        634.5878     0.088545445      0.088545445       797.28656                 21.323336                        390.21096                           223.0535             162.69876
             10       399.60013         69.3157       3.1677924      0.97615016     0.022783974      0.11537213     0.059145515       1.0636541       1.0060813       2.3754985   2.3754985e-09       2.3762299      0.24605894      0.24739134       13.738467       2.1104818      0.71103694      0.28888784      0.13880097       147.86494       1.0177379      0.81902842      0.62120376       0.4554245       0.8473284       1.0409345       7.9957881       1.0636541       635.76092     0.088545445      0.088545445       799.02317                  21.60534                        390.23975                          223.91583             163.26225
              3       398.99955       69.240533        3.165895       0.9754942     0.022818361      0.11571663     0.059089591       1.0623568       1.0056087       2.3709955   2.3709955e-09       2.3703369      0.24607331      0.24740576       13.734683       2.1067168       0.7096189      0.29030572      0.13917986       147.73366       1.0185372      0.82284495      0.62211547      0.45665151      0.84753395       1.0409975       7.9885785       1.0623568       635.72691     0.088545445      0.088545445       797.82201                 21.712884                        390.20002                            223.814              162.0951
              9       399.73639       69.467746       3.1739504      0.97635844     0.022896467      0.11536749     0.064027653       1.0617244       1.0006927       2.3901719   2.3901719e-09       2.3570348      0.24610568      0.24743825       13.722143       2.1028846      0.71207698      0.28784813      0.13890882       147.74063       1.0193547      0.81856822      0.62231145      0.45582553      0.84960476       1.0410911       8.4369261       1.0617244       638.28225     0.088545445      0.088545445       799.29568                  21.73984                        391.12517                          225.41724             161.01344
              1       397.22193       69.218227       3.1618557      0.97617406     0.022706546      0.11555912      0.06105063       1.0587108       1.0021361       2.3614376   2.3614376e-09       2.3895819      0.24602632       0.2473586        13.74404        2.090011      0.70999384      0.28993073      0.13891053       147.90104       1.0168568      0.82040012      0.62078839      0.45553017      0.84599934       1.0410468       8.2010975       1.0587108       634.65417     0.088545445      0.088545445       794.26678                 21.592832                        390.48252                          222.57882             159.61261
              5       398.06976       69.280656       3.1651318      0.97641757     0.022719711      0.11531905     0.060209271        1.062274       1.0015981       2.3691866   2.3691866e-09       2.3873035      0.24603189      0.24736419       13.744779       2.1004007      0.71098901       0.2889357      0.13868363       147.95117       1.0168606      0.81823749      0.62053705      0.45495456      0.84638395       1.0409375       8.1125066        1.062274       634.57914     0.088545445      0.088545445       795.96243                  21.46604                        390.33853                          222.77457             161.38329
              3       395.89117       68.591793       3.1442899      0.97258659     0.022699903      0.11718175     0.055332461       1.0537094       1.0029339       2.3203193   2.3203193e-09       2.3907328       0.2460235      0.24735578       13.755074       2.0772396       0.7012378      0.29868539      0.14052652       147.47258       1.0184425      0.84014844      0.62355687      0.46097732       0.8434757        1.040953       7.6691189       1.0537094       633.45284     0.088545445      0.088545445       791.60525                 22.010684                        390.16725                           221.2749             158.15242
              5       396.58898       68.591793       3.1542573      0.97192428     0.022699903      0.11718175     0.055332461       1.0592442       1.0006745       2.3435625   2.3435625e-09       2.3907328       0.2460235      0.24735578       13.755074       2.0980478       0.7012378      0.29868539      0.14052652       147.47258       1.0232713       0.8441319      0.62651339      0.46316299      0.84747494        1.040953       7.6691189       1.0592442       633.71956     0.088545445      0.088545445       793.00086                  22.09431                        390.16827                          221.45698              159.2813
             19       396.62297       68.151228       3.1416866      0.96983933     0.022654387      0.11821284     0.057210094       1.0495019      0.99982644       2.3142866   2.3142866e-09       2.3986401      0.24600417      0.24733637       13.767235       2.0640731      0.69524062      0.30468157      0.14151209       147.24842       1.0240276       0.8572371      0.62807291      0.46662888      0.84537328       1.0408569       7.8825361       1.0495019       633.88151     0.088545445      0.088545445       793.06884                 22.508156                        390.02982                          221.34353             159.18733
              2       396.45109       67.990584       3.1362422      0.96889038     0.022649206      0.11867027     0.053979899       1.0490303       1.0032195       2.3017209   2.3017209e-09       2.3995427      0.24600196      0.24733415       13.769196       2.0661713      0.69282047      0.30710135      0.14196434       147.13279       1.0241251      0.86242598      0.62863396      0.46797028      0.84445674       1.0408753       7.5676312       1.0490303       634.46707     0.088545445      0.088545445       792.72509                  22.65468                        390.18085                          221.63154             158.25802
              1       396.40637       67.837157       3.1285192      0.96886568     0.022519015       0.1187489      0.05206271        1.047204       1.0034354       2.2840132   2.2840132e-09       2.4223848      0.24594626      0.24727825       13.784249       2.0581523      0.69154145      0.30838002      0.14191278       147.25651       1.0223047      0.86314285      0.62745957      0.46758149      0.84200407       1.0408359       7.4013134        1.047204       632.29286     0.088545445      0.088545445       792.63566                 22.527129                        390.62726                          219.13847              160.3428
              6       396.88557       67.837157       3.0822947      0.96934169     0.022519015       0.1187489      0.05206271       1.0217053       1.0017533       2.1808388   2.1808388e-09       2.4223848      0.24594626      0.24727825       13.784249       1.9651806      0.69154145      0.30838002      0.14191278       147.25651      0.99912841      0.84357483      0.61323465      0.45698111      0.82291528       1.0408359       7.4013134       1.0217053       634.79122     0.088545445      0.088545445       793.59405                 22.640199                        390.62471                          221.52631             158.80283
             10       396.22211       67.842077       3.0815076      0.96927814     0.022568138       0.1191284     0.061674634        1.011527        1.001247       2.1791229   2.1791229e-09       2.4137292      0.24596732      0.24729938       13.772154       1.9262463      0.69065491      0.30926657      0.14234141       147.10141       1.0003342      0.84680858      0.61443782      0.45820644      0.82393831       1.0411239       8.3569244        1.011527       635.77991     0.088545445      0.088545445       792.26712                 22.939801                        390.89378                          221.94633             156.48722
              1       395.94318       68.193329       3.0936761      0.97086019     0.022625502      0.11825103     0.062118609       1.0183491       1.0013497       2.2058018   2.2058018e-09       2.4036783      0.24599185      0.24732401       13.763245       1.9480986       0.6955968      0.30432549       0.1415214       147.27037       1.0003946      0.83683082      0.61358803      0.45573403       0.8261184       1.0410968       8.3707083       1.0183491       635.21605     0.088545445      0.088545445       791.70928                 22.633337                        390.92687                          221.65584             156.49323
             15       395.54955       68.290414       3.0938534      0.97174816     0.022551849      0.11779864     0.056666737       1.0253506       1.0008924       2.2061929   2.2061929e-09       2.4165944      0.24596034      0.24729238       13.768973       1.9698056      0.69758967      0.30233284      0.14099536       147.47279      0.99855587      0.83095958       0.6118903      0.45372729      0.82518674       1.0410948       7.8452382       1.0253506       632.39046     0.088545445      0.088545445       790.92202                 22.171909                        390.09825                           220.1203             158.53156
              4       395.32979       68.060468       3.0896098      0.97029683     0.022581632      0.11839356     0.057357859       1.0213025       1.0012099       2.1968504   2.1968504e-09       2.4113595      0.24597309      0.24730518       13.772355       1.9587548      0.69419419      0.30572779      0.14162006        147.2814      0.99981569      0.83899565      0.61333979      0.45607354      0.82483563       1.0409649       7.9168135       1.0213025       633.16955     0.088545445      0.088545445       790.48248                 22.525183                        390.08741                          220.55696             157.31293
              6       395.37313       68.162657       3.0923495      0.97069456     0.022595574      0.11816086     0.054615741        1.025832       1.0012142       2.2028775   2.2028775e-09       2.4089145      0.24597906      0.24731117       13.769239         1.97493      0.69558128      0.30434094       0.1414013       147.32758      0.99954743      0.83597228       0.6129383      0.45525723      0.82523315       1.0409869       7.6356845        1.025832       633.18054     0.088545445      0.088545445       790.56918                 22.365355                        390.19376                          220.62143             157.38864
              3       395.61874       68.564049       3.1024898      0.97297312     0.022598603      0.11719623      0.05747822       1.0292546       1.0032665       2.2253288   2.2253288e-09       2.4083839      0.24598036      0.24731247       13.759902       1.9836692      0.70118065      0.29874248       0.1404397        147.5816      0.99853472      0.82370091       0.6112736      0.45191826       0.8268208       1.0411458       7.9053925       1.0292546        633.1134     0.088545445      0.088545445       791.06038                  22.03829                        390.07731                           220.9978             157.94699
              4       396.30779       68.477331       3.0983796      0.97266711     0.022560548      0.11736436     0.054598522       1.0299488       1.0001764       2.2162011   2.2162011e-09       2.4150637      0.24596406      0.24729612       13.764026       1.9869434      0.70014593        0.299777      0.14056978       147.57908      0.99795553        0.825266      0.61106046      0.45215127      0.82581849       1.0411655       7.6293117       1.0299488       633.03521     0.088545445      0.088545445       792.43849                 22.000999                        390.22243                          220.81178             159.40328
              3       396.78172       68.373275       3.0975294      0.97202264     0.022565706      0.11749099     0.052939752       1.0310568      0.99927733       2.2143177   2.2143177e-09       2.4141568      0.24596627      0.24729834       13.769648       1.9918519      0.69895065      0.30097205      0.14070157       147.53947       0.9983632      0.82793487       0.6114533       0.4528922       0.8255279        1.040978       7.4619589       1.0310568       632.87958     0.088545445      0.088545445       793.38634                 22.061707                        390.57334                          220.24453             160.50676
              6       398.87615       68.373275       3.1399625      0.97891736     0.022565706      0.11749099     0.052939752       1.0523246       1.0004519       2.3103001   2.3103001e-09       2.4141568      0.24596627      0.24729834       13.769648       2.0781912      0.69895065      0.30097205      0.14070157       147.53947       1.0224649      0.84792227      0.62621456      0.46382559      0.84545719        1.040978       7.4619589       1.0523246       636.20107     0.088545445      0.088545445       797.57521                  21.11138                        390.82415                          224.26555             161.37414
              3       399.91047       68.553308       3.1402596      0.98098956     0.022456201      0.11700767       0.0659156       1.0399811       1.0038288       2.3109866   2.3109866e-09       2.4335196      0.24591932      0.24725121       13.769915       2.0255541      0.70179124      0.29813186      0.14010874       147.79138        1.020853       0.8404964      0.62456771      0.46151054      0.84523491       1.0412766       8.7533848       1.0399811       639.09853     0.088545445      0.088545445       799.64386                 21.042431                        392.08961                          225.96648             160.54533
              2       398.62133       68.553308       3.1413507      0.97607317     0.022456201      0.11700767       0.0659156       1.0405275       1.0019009       2.3135094   2.3135094e-09       2.4335196      0.24591932      0.24725121       13.769915       2.0277654      0.70179124      0.29813186      0.14010874       147.79138       1.0194846      0.83936969      0.62373046      0.46089188      0.84410186       1.0412766       8.7533848       1.0405275       636.91215     0.088545445      0.088545445       797.06557                 21.764032                        392.17357                          222.97455             160.15341
              1       398.49833       68.553308       3.1259589       0.9819229     0.022456201      0.11700767       0.0659156       1.0344508       1.0036522        2.278173    2.278173e-09       2.4335196      0.24591932      0.24725121       13.769915       1.9967934      0.70179124      0.29813186      0.14010874       147.79138       1.0139433      0.83480745      0.62034029      0.45838678       0.8395139       1.0412766       8.7533848       1.0344508        639.0239     0.088545445      0.088545445       796.81957                 20.771065                          392.047                          226.20584             157.79567
              3       398.43805       67.975273       3.1107087      0.97932302     0.022362531      0.11806671     0.064326881       1.0269991       1.0034319       2.2436941   2.2436941e-09       2.4502687      0.24587926      0.24721101       13.794847       1.9728316      0.69460871      0.30531308      0.14107411       147.61268       1.0142305      0.84952051      0.62158208       0.4620456      0.83620379       1.0409264       8.6440475       1.0269991       637.41948     0.088545445      0.088545445       796.69901                 21.030346                        391.66611                          224.72303             159.27952
              7       398.47225       67.975273       3.0968349      0.97899154     0.022362531      0.11806671     0.064326881       1.0198188       1.0017393       2.2127805   2.2127805e-09       2.4502687      0.24587926      0.24721101       13.794847         1.94565      0.69460871      0.30531308      0.14107411       147.61268       1.0070917      0.84354111      0.61720704      0.45879346      0.83031812       1.0409264       8.6440475       1.0198188       637.05046     0.088545445      0.088545445        796.7674                  21.08015                        391.65857                          224.31174             159.71694
              1       401.75349       67.975273       3.0908789      0.96752258     0.022362531      0.11806671     0.064326881       1.0158152       1.0008199       2.1996402   2.1996402e-09       2.4502687      0.24587926      0.24721101       13.794847        1.934096      0.69460871      0.30531308      0.14107411       147.61268      0.99972402       0.8373699      0.61269165        0.455437      0.82424364       1.0409264       8.6440475       1.0158152       634.39458     0.088545445      0.088545445       803.32988                 23.180531                        391.82238                          219.39167              168.9353
              1       399.90186       68.514776       3.1054481       0.9694898     0.022497561      0.11721898     0.060842658       1.0275097       1.0010512       2.2319218   2.2319218e-09       2.4261793      0.24593705      0.24726901       13.766408       1.9762038      0.70091748      0.29900554      0.14036141       147.68839      0.99982288      0.82512049      0.61197686      0.45253774      0.82758992       1.0412826       8.2594989       1.0275097        635.4938     0.088545445      0.088545445       799.62662                  22.74596                        390.56974                           222.1781             164.13282
              3       399.84345       68.343479       3.1008996      0.96852038     0.022512027      0.11776254      0.06389574       1.0212243        1.000961       2.2217929   2.2217929e-09       2.4236197      0.24594326      0.24727524       13.766338       1.9552597      0.69822165      0.30170098      0.14091943       147.52683       1.0007494       0.8315412      0.61315184        0.454425      0.82732064       1.0413162        8.560868       1.0212243       636.54829     0.088545445      0.088545445       799.50981                 23.091974                        391.57448                          221.88184             162.96152
              5       396.69722       68.343479        3.082187      0.97408212     0.022512027      0.11776254      0.06389574       1.0121538       1.0033416       2.1806041   2.1806041e-09       2.4236197      0.24594326      0.24727524       13.766338        1.919012      0.69822165      0.30170098      0.14091943       147.52683      0.99353768      0.82554889       0.6087333      0.45115029      0.82135874       1.0413162        8.560868       1.0121538       634.62458     0.088545445      0.088545445       793.21735                 21.968862                        391.44661                           221.2091             158.59278
              2       396.33431       67.723161       3.0670092      0.97049038     0.022532915      0.11936928     0.063363305       1.0026145       1.0028808       2.1477571   2.1477571e-09        2.419931      0.24595222      0.24728423       13.777154       1.8921192       0.6891192        0.310802      0.14254706       147.07681      0.99560559      0.84582835       0.6117541      0.45677029       0.8193245       1.0411125       8.5332989       1.0026145       636.02475     0.088545445      0.088545445       792.49154                 22.695374                        391.45989                          221.86948             156.46679
              5       396.62015       67.723161       3.1225394      0.96836086     0.022532915      0.11936928     0.063363305       1.0309877       1.0007438        2.270396    2.270396e-09        2.419931      0.24595222      0.24728423       13.777154        2.000161       0.6891192        0.310802      0.14254706       147.07681       1.0228089      0.86893927      0.62846932      0.46925081      0.84171124       1.0411125       8.5332989       1.0309877       635.41093     0.088545445      0.088545445       793.06322                 23.111869                        391.52536                           220.7737             157.65229
              1       398.28802       67.239617       3.1043657      0.96604876     0.022426837      0.12044958     0.050986692       1.0339079      0.99925711       2.2295072   2.2295072e-09       2.4387514      0.24590674      0.24723859       13.793888       2.0133645      0.68247699      0.31744308      0.14352129       146.90969       1.0213421      0.88119901      0.62863755      0.47186394      0.83749815       1.0410697       7.3358122       1.0339079       635.13152     0.088545445      0.088545445       796.39894                   23.0438                        390.68037                          221.40734             161.26743
              2       397.64876       67.239617       3.1197484      0.97106102     0.022426837      0.12044958     0.050986692       1.0407147       1.0007196       2.2640683   2.2640683e-09       2.4387514      0.24590674      0.24723859       13.793888        2.044575      0.68247699      0.31744308      0.14352129       146.90969       1.0311785      0.88968567      0.63469184      0.47640836      0.84556393       1.0410697       7.3358122       1.0407147       636.84207     0.088545445      0.088545445       795.12042                 22.232989                        390.93876                          223.67032             158.27835
              1       397.79262       67.239617       3.0420686      0.97057667     0.022426837      0.12044958     0.050986692       1.0018161       1.0004319       2.0948533   2.0948533e-09       2.4387514      0.24590674      0.24723859       13.793888       1.8917648      0.68247699      0.31744308      0.14352129       146.90969      0.99171371      0.85563606      0.61040123       0.4581755      0.81320293       1.0410697       7.3358122       1.0018161       637.10521     0.088545445      0.088545445       795.40816                 22.224411                         390.9666                           223.9142             158.30295
              2       397.47596       67.378437        3.045785      0.97132988     0.022432494      0.12011871      0.05181547       1.0033214       1.0005164       2.1026531   2.1026531e-09       2.4377422      0.24590916      0.24724102       13.790293       1.8956636      0.68450039      0.31542001      0.14319608        146.9906      0.99151616      0.85143492      0.60993362      0.45709333      0.81387979       1.0411255       7.4157505       1.0033214       636.36277     0.088545445      0.088545445       794.77483                 22.101531                        390.74938                          223.51186             158.41206
              4       399.96018       67.477692        3.048272      0.97158344     0.022469197       0.1200228     0.050234802       1.0046166        1.000912       2.1078888   2.1078888e-09       2.4312097      0.24592489       0.2472568       13.783038       1.9064012       0.6855579      0.31436273      0.14313686       146.97504      0.99166067      0.84961471      0.60995945      0.45672915      0.81459774       1.0412275        7.242472       1.0046166       639.39444     0.088545445      0.088545445       799.74327                 22.232235                        391.33022                          225.83199             160.34883
              3       399.15045        68.18795       3.0702128      0.97624871      0.02239598      0.11766379     0.057670275       1.0145074      0.99979493       2.1546487   2.1546487e-09       2.4442676      0.24589354      0.24722534       13.786028        1.919927      0.69730541      0.30261687      0.14070464       147.68295       0.9894422      0.82345323      0.60599289      0.44945976      0.81704175       1.0410455         7.97823       1.0145074       635.45496     0.088545445      0.088545445        798.1238                 21.223249                        390.18626                          224.04545             162.66884
              1       399.54028        68.18795       3.1417509      0.97360268      0.02239598      0.11766379     0.057670275       1.0512159      0.99894578       2.3144355   2.3144355e-09       2.4442676      0.24589354      0.24722534       13.786028        2.062307      0.69730541      0.30261687      0.14070464       147.68295        1.024439      0.85257896        0.627427      0.46535725       0.8459407       1.0410455         7.97823       1.0512159       633.58863     0.088545445      0.088545445       798.90347                 21.636158                        390.21718                          221.73529             165.31484
              3        398.3586        68.18795       3.0838574      0.97824655      0.02239598      0.11766379     0.057670275         1.02107       0.9996374       2.1842494   2.1842494e-09       2.4442676      0.24589354      0.24722534       13.786028       1.9463031      0.69730541      0.30261687      0.14070464       147.68295      0.99697645      0.82972354      0.61060731      0.45288224      0.82326323       1.0410455         7.97823         1.02107       635.68375     0.088545445      0.088545445       796.54012                 20.996849                        390.24262                          224.44429             160.85637
              1       398.96456       68.038847       3.0787174      0.97758075     0.022385483      0.11807389     0.058871297       1.0168627       1.0064401       2.1730512   2.1730512e-09       2.4461484      0.24588906      0.24722084       13.788359       1.9316792      0.69511406      0.30480788      0.14110424       147.58508      0.99707804      0.83429966      0.61110266      0.45406781      0.82244644       1.0410652       8.1067818       1.0168627        636.3537     0.088545445      0.088545445       797.75204                 21.097192                        390.31449                          224.94202             161.39834
              3       398.93999       68.037361       3.0787417      0.97756469     0.022386503      0.11807793     0.058867041        1.016872       1.0064357        2.173104    2.173104e-09       2.4459657      0.24588949      0.24722128       13.788353       1.9317426      0.69508983      0.30483211       0.1411093       147.58287      0.99710366      0.83437167      0.61112383      0.45409257      0.82245859       1.0410625        8.106186        1.016872       636.32846     0.088545445      0.088545445       797.70289                 21.099578                        390.31449                          224.91439             161.37443
              1       396.29405       68.195307       3.0874528      0.97699346     0.022555333        0.118177     0.054905894       1.0230089       1.0013147       2.1921169   2.1921169e-09       2.4159812      0.24596183      0.24729388       13.766997       1.9641427      0.69592452      0.30399777       0.1413772       147.36809      0.99978569      0.83552296      0.61305828      0.45521793      0.82562752       1.0412046       7.6744365       1.0230089       634.83688     0.088545445      0.088545445       792.41102                 21.349923                        390.30744                          223.17952             157.57414
              1       395.79503       68.205801       3.0875384      0.97706134     0.022555527      0.11816612     0.055180402       1.0237663       1.0011583       2.1923046   2.1923046e-09       2.4159469      0.24596191      0.24729396       13.766357       1.9632328      0.69604107      0.30388125      0.14136651       147.37076      0.99975127      0.83527023      0.61302558      0.45515003      0.82566261       1.0412237       7.7018839       1.0237663       635.09765     0.088545445      0.088545445       791.41296                  21.25216                        390.31148                          223.53401             156.31531
              8       397.42253       68.205801        3.072033      0.97645639     0.022555527      0.11816612     0.055180402       1.0157157       1.0065468       2.1585742   2.1585742e-09       2.4159469      0.24596191      0.24729396       13.766357       1.9330269      0.69604107      0.30388125      0.14136651       147.37076      0.99180088      0.82862787      0.60815058      0.45153051      0.81909665       1.0412237       7.7018839       1.0157157       634.81333     0.088545445      0.088545445       794.66797                 21.349784                        390.34518                          223.11837             159.85463
              6       398.80605       68.205801       3.0570493      0.96958268     0.022555527      0.11816612     0.055180402       1.0072719       1.0061026       2.1264719   2.1264719e-09       2.4159469      0.24596191      0.24729396       13.766357        1.904279      0.69604107      0.30388125      0.14136651       147.37076      0.98181792      0.82028732      0.60202924      0.44698563      0.81085204       1.0412237       7.7018839       1.0072719       634.20863     0.088545445      0.088545445         797.435                 22.600309                         390.0765                          221.53182             163.22637
              1       398.80936       68.233287       3.0582673      0.96968889     0.022558765      0.11807688     0.054842377       1.0085342      0.99895414       2.1290634   2.1290634e-09       2.4153773       0.2459633      0.24729535       13.766262        1.907889      0.69647062      0.30345176      0.14128051       147.39092      0.98184276      0.81942962      0.60195289      0.44677095      0.81103592       1.0412026       7.6656829       1.0085342       633.97712     0.088545445      0.088545445       797.44164                 22.540698                        390.11526                          221.32117             163.46452
              1       402.12975       67.943959        3.044931      0.96865021     0.022461583      0.11873666     0.049102152       1.0053992       1.0000114       2.1008583   2.1008583e-09       2.4325627      0.24592163      0.24725353        13.77664       1.9043517      0.69266135      0.30726036      0.14184311       147.32372       0.9803487      0.82566288      0.60163437      0.44792909      0.80808306       1.0412887       7.1069082       1.0053992       638.81194     0.088545445      0.088545445       804.08241                 22.752172                        391.71468                           224.3451             165.27047
              2       398.32965       67.943959       3.0471868      0.97430754     0.022461583      0.11873666     0.049102152       1.0083419       1.0032278       2.1056026   2.1056026e-09       2.4325627      0.24592163      0.24725353        13.77664       1.9086523      0.69266135      0.30726036      0.14184311       147.32372      0.98357087      0.82837663      0.60361179      0.44940133      0.81073903       1.0412887       7.1069082       1.0083419       636.50206     0.088545445      0.088545445       796.48221                 21.555581                        392.16898                           222.7775             159.98014
              4       399.50599       67.943959       3.0321731      0.97425061     0.022461583      0.11873666     0.049102152        1.000559       1.0038135        2.074226    2.074226e-09       2.4325627      0.24592163      0.24725353        13.77664       1.8802105      0.69266135      0.30726036      0.14184311       147.32372      0.97619383      0.82216359      0.59908455       0.4460307      0.80465828       1.0412887       7.1069082        1.000559       636.74087     0.088545445      0.088545445       798.83488                 21.589914                        392.16898                          222.98197             162.09402
              3       399.23058       67.943959       3.0365952      0.97276844     0.022461583      0.11873666     0.049102152       1.0026802       1.0012755       2.0834185   2.0834185e-09       2.4325627      0.24592163      0.24725353        13.77664       1.8885433      0.69266135      0.30726036      0.14184311       147.32372      0.97780216      0.82351815      0.60007157      0.44676556      0.80598399       1.0412887       7.1069082       1.0026802       635.99368     0.088545445      0.088545445       798.28407                 21.831022                        392.02548                          222.13718             162.29039
              5       397.96662       67.943959       3.0549834      0.97330215     0.022461583      0.11873666     0.049102152       1.0122901       1.0011657       2.1220834   2.1220834e-09       2.4325627      0.24592163      0.24725353        13.77664       1.9235915      0.69266135      0.30726036      0.14184311       147.32372      0.98703433      0.83129361       0.6057373      0.45098381       0.8135939       1.0412887       7.1069082       1.0122901       635.86885     0.088545445      0.088545445       795.75615                  21.70896                        392.07974                          222.08015              159.8873
              2       398.03838       67.195276       3.0354105      0.96963541      0.02241964      0.12038489     0.050447304      0.99861234       1.0007371       2.0809518   2.0809518e-09       2.4400363      0.24590366      0.24723549       13.799802       1.8812393      0.68221702      0.31770294       0.1434494       146.93467      0.98795898      0.85274321      0.60801402        0.456477      0.80985689        1.040888       7.2797522      0.99861234       636.22302     0.088545445      0.088545445       795.89967                 22.429327                        391.09563                          222.69807             159.67665
              2       397.11505       67.195276       3.0508709      0.96932354      0.02241964      0.12038489     0.050447304       1.0070867       1.0002446       2.1133742   2.1133742e-09       2.4400363      0.24590366      0.24723549       13.799802       1.9105501      0.68221702      0.31770294       0.1434494       146.93467      0.99550849      0.85925946      0.61266017      0.45996518      0.81604543        1.040888       7.2797522       1.0070867       635.71357     0.088545445      0.088545445       794.05301                 22.394004                        391.09563                          222.22394             158.33944
              7       397.48241       67.152465       3.0488678      0.96966938     0.022346325      0.12019582     0.051405974       1.0049122       1.0036151        2.109145    2.109145e-09       2.4531844      0.24587235      0.24720407       13.810758       1.9030745      0.68239356       0.3175263      0.14318701       147.06584      0.99440083      0.85760058      0.61169846      0.45917931      0.81487775       1.0407517        7.392203       1.0049122       633.88904     0.088545445      0.088545445       794.78773                 22.380156                        390.75984                          220.74904             160.89869
              3       397.06454       67.461024       3.0572942      0.97076029     0.022436818      0.11985251     0.053566498        1.007271       1.0059788       2.1269927   2.1269927e-09       2.4369712      0.24591101      0.24724288       13.790021       1.9109034      0.68584782      0.31407277       0.1429342       147.05587      0.99525398      0.85188019      0.61195285      0.45811608      0.81744848       1.0410832       7.5907666        1.007271       634.56205     0.088545445      0.088545445       793.95199                 22.289548                        390.28375                          221.98875             159.38994
             11       397.15313       67.461024       3.0653411      0.96772337     0.022436818      0.11985251     0.053566498        1.011138       1.0054708       2.1441776   2.1441776e-09       2.4369712      0.24591101      0.24724288       13.790021       1.9263424      0.68584782      0.31407277       0.1429342       147.05587      0.99811828      0.85433186      0.61371402      0.45943451      0.81980106       1.0410832       7.5907666        1.011138       633.87793     0.088545445      0.088545445       794.12916                 22.896771                        390.19429                          220.78686             160.25124
              1       398.52627       67.461024       3.1071141      0.97023346     0.022436818      0.11985251     0.053566498       1.0347379       1.0041371       2.2356434   2.2356434e-09       2.4369712      0.24591101      0.24724288       13.790021       2.0085158      0.68584782      0.31407277       0.1429342       147.05587       1.0201535      0.87319272      0.62726283      0.46957733      0.83789959       1.0410832       7.5907666       1.0347379       637.18255     0.088545445      0.088545445       796.87545                 22.136047                          390.292                           224.7545             159.69291
              1       397.74973       67.808217       3.1180463      0.97176459      0.02248303      0.11908367       0.0539192       1.0409876       1.0000637       2.2602178   2.2602178e-09       2.4287545      0.24593082      0.24726276       13.778695       2.0291618      0.69062828      0.30929312      0.14221156       147.20778        1.020338      0.86359343      0.62658181      0.46727264      0.84020492        1.041195       7.6047768       1.0409876       636.75932     0.088545445      0.088545445       795.32236                 21.887821                        390.27458                          224.59692             158.56304
              4       396.57014       67.706709       3.1145711      0.97138686     0.022458557      0.11927486     0.053532597       1.0361871       1.0017869       2.2523767   2.2523767e-09       2.4331006      0.24592033      0.24725222       13.783204       2.0236864      0.68933626      0.31058491      0.14237829       147.18435       1.0200811      0.86597174      0.62660755      0.46777899      0.83936439       1.0411556       7.5736498       1.0361871       635.02424     0.088545445      0.088545445        792.9632                  22.30831                        390.31023                           222.4057             157.93896
              2       398.10825       67.770382       3.1181353      0.97127575      0.02249175       0.1191368      0.04871053       1.0458607       0.9982317       2.2604191   2.2604191e-09       2.4272086      0.24593456      0.24726651       13.780382       2.0505933      0.69014807      0.30977324      0.14227342         147.184       1.0205721      0.86475688       0.6267937      0.46761194      0.84016318       1.0411151       7.0650347       1.0458607       636.61761     0.088545445      0.088545445       796.03941                 21.903298                        392.13694                          222.57737              159.4218
              3       398.71718       67.955483       3.1234536      0.97229433     0.022485957      0.11861432     0.048367541       1.0499407      0.99818736       2.2724726   2.2724726e-09       2.4282353      0.24593208      0.24726402       13.778282       2.0629426      0.69297773      0.30694401      0.14174514       147.32916       1.0200956      0.85841488      0.62591867      0.46588926      0.84091697       1.0411313       7.0226972       1.0499407       636.77814     0.088545445      0.088545445       797.25727                 21.691425                        392.42586                          222.66085             160.47913
              3        398.6458       67.955483       3.0972238      0.97423898     0.022485957      0.11861432     0.048367541       1.0365285      0.99853778        2.213641    2.213641e-09       2.4282353      0.24593208      0.24726402       13.778282       2.0095355      0.69297773      0.30694401      0.14174514       147.32916       1.0075506      0.84785822      0.61822122      0.46015982      0.83057549       1.0411313       7.0226972       1.0365285       638.75028     0.088545445      0.088545445        797.1145                 21.375555                        392.64294                          224.73178             158.36423
              2       397.05766        67.74845         3.09119      0.97322665     0.022476025      0.11912433     0.048941062       1.0318218       1.0005211       2.2003247   2.2003247e-09       2.4299973      0.24592782      0.24725974       13.783103       1.9951571      0.69000886       0.3099124      0.14224522       147.20478       1.0078092      0.85414959       0.6189246      0.46179315      0.82952219        1.041077       7.0922127       1.0318218       637.68327     0.088545445      0.088545445       793.93824                 21.575558                        392.20127                          223.90644             156.25497
              2       396.63043       67.680167       3.0883702       0.9729741     0.022455315      0.11926702     0.047867226       1.0307002       1.0009521        2.194129    2.194129e-09       2.4336773      0.24591894      0.24725083       13.785871       1.9938166      0.68911676      0.31080435       0.1423672       147.19003       1.0075066      0.85567305      0.61887135      0.46208529      0.82885508       1.0410766       6.9852662       1.0307002       636.81648     0.088545445      0.088545445       793.08377                 21.652583                        392.69499                          222.46891             156.26729
              4       397.14934       67.520259       3.0845691      0.97291111     0.022359545      0.11916527     0.050525624       1.0258333       1.0046429       2.1858046   2.1858046e-09       2.4508057      0.24587799      0.24720973        13.80553       1.9757197      0.68807572      0.31184501      0.14216968       147.32364       1.0064329      0.85632308      0.61799728      0.46181843      0.82699305        1.040738       7.2821836       1.0258333       633.31134     0.088545445      0.088545445        794.1216                 21.711851                        391.33189                          220.26761             160.81026
              1       397.90964       67.520259       3.0812681      0.97504081     0.022359545      0.11916527     0.050525624       1.0241834       1.0049437       2.1786011   2.1786011e-09       2.4508057      0.24587799      0.24720973        13.80553       1.9692086      0.68807572      0.31184501      0.14216968       147.32364       1.0055849       0.8556016      0.61747659      0.46142933      0.82629628        1.040738       7.2821836       1.0241834       635.15196     0.088545445      0.088545445       795.64219                 21.389942                        391.45263                          222.30938             160.49023
              2       400.31018       67.531239       3.0812895      0.97512133     0.022355637      0.11913829     0.050305443       1.0244666       1.0085325       2.1786479   2.1786479e-09       2.4515084      0.24587632      0.24720805        13.80539       1.9701182      0.68824489      0.31167587      0.14213879       147.33515       1.0054688      0.85515474      0.61737177      0.46128843      0.82626808       1.0407524         7.25966       1.0244666       635.26351     0.088545445      0.088545445       800.44326                 21.372342                        391.54775                          222.34341             165.17976
              2       402.05144       68.356141       3.1105262       0.9788869     0.022438604      0.11693783     0.050227667       1.0430696       1.0086764       2.2432845   2.2432845e-09       2.4366528      0.24591178      0.24724364       13.789823       2.0288837      0.70025558      0.29966708       0.1400213       147.82987        1.005543      0.83053019      0.61510489      0.45510221      0.83136057       1.0406604       7.2012939       1.0430696       635.43098     0.088545445      0.088545445       803.92578                 20.811358                        392.02647                          222.59315              168.4948
              3       399.59504       68.609379        3.117869      0.98032604     0.022453802      0.11633582     0.054964206       1.0424546       1.0063039       2.2598171   2.2598171e-09       2.4339465      0.24591829      0.24725018       13.783472       2.0245662      0.70371084      0.29621239      0.13943449       147.97487       1.0052583      0.82319586      0.61428542      0.45318029      0.83266326       1.0407267       7.6721786       1.0424546       634.46094     0.088545445      0.088545445       799.01299                 20.738052                        390.48609                           223.2368             164.55204
              4       400.41881       68.267411       3.1055541      0.97696967      0.02269466      0.11862142     0.059620199       1.0285594       1.0050133       2.2321585   2.2321585e-09       2.3916416      0.24602128      0.24735354       13.744744       1.9812514      0.69531395       0.3046085      0.14196095       147.09535       1.0098838      0.84593462      0.61988855      0.46052066      0.83440732       1.0415302       8.1188731       1.0285594       641.91868     0.088545445      0.088545445       800.66054                 21.344266                        390.38063                          230.19378             158.74186
              1       398.19443       67.828475       3.0853503       0.9762784     0.022461641      0.11920364      0.05743991       1.0198096       1.0038265       2.1875127   2.1875127e-09       2.4325523      0.24592165      0.24725355       13.774213       1.9501092      0.69059877      0.30932268      0.14231015       147.19986       1.0062589      0.85187767      0.61804304      0.46091587      0.82873519        1.041436       7.9667144       1.0198096       639.10551     0.088545445      0.088545445       796.21177                 21.343327                        390.16604                          227.59614             157.10626
              2        398.9733       68.267064       3.0971869      0.97838553     0.022488885      0.11822355     0.056202676       1.0280022       1.0044089       2.2135594   2.2135594e-09       2.4277163      0.24593333      0.24726528       13.761174        1.978218      0.69660613      0.30331633       0.1413573       147.42972       1.0057053      0.83921537      0.61666641      0.45764028      0.83095278       1.0416379       7.8210813       1.0280022       638.48806     0.088545445      0.088545445        797.7695                 21.064676                        390.22665                          227.19673             159.28143
              4       398.68243       68.416408       3.1044914      0.97892276     0.022511257      0.11771149     0.054381327       1.0343478       1.0067387       2.2297876   2.2297876e-09       2.4237559      0.24594293      0.24727491       13.761288        1.999993      0.69897537      0.30094742      0.14086762       147.54132       1.0059819      0.83445467      0.61630114      0.45647356      0.83209002       1.0414807       7.6243424       1.0343478        637.1577     0.088545445      0.088545445       797.18776                 20.950275                         390.5106                          225.69682             160.03007
              5       398.29216       68.416408       3.1498387      0.97989024     0.022511257      0.11771149     0.054381327        1.057464       1.0055043       2.3332301   2.3332301e-09       2.4237559      0.24594293      0.24727491       13.761288        2.092775      0.69897537      0.30094742      0.14086762       147.54132        1.029434      0.85390802      0.63066875      0.46711517      0.85148824       1.0414807       7.6243424        1.057464       636.79882     0.088545445      0.088545445       796.40724                 20.885768                        390.54333                          225.36973             159.60841
              1       401.15938       68.977255       3.1683136      0.98215958      0.02261642      0.11656001     0.055520086       1.0671944       1.0083839       2.3767369   2.3767369e-09       2.4052656      0.24598797      0.24732011       13.740308       2.1269485      0.70604982      0.29387423      0.13982129       147.73229       1.0300622      0.83975505      0.62987849      0.46376413      0.85549289       1.0416443       7.6975172       1.0671944       636.92495     0.088545445      0.088545445       802.14167                 20.684691                        390.40191                          225.83835             165.21672
              1       401.29481       68.977255       3.1970209       0.9783465      0.02261642      0.11656001     0.055520086       1.0818514      0.99798951       2.4459555   2.4459555e-09       2.4052656      0.24598797      0.24732011       13.740308       2.1888924      0.70604982      0.29387423      0.13982129       147.73229        1.043417      0.85064252       0.6380449      0.46977686       0.8665844       1.0416443       7.6975172       1.0818514       635.42508     0.088545445      0.088545445       802.41253                 21.202773                        390.35368                          223.86863             166.98745
              1       400.63408       68.982381       3.2002555      0.97801166     0.022654832      0.11650647     0.054097012       1.0850431      0.99778433       2.4538798   2.4538798e-09       2.3985626      0.24600436      0.24733656        13.74027       2.2022429      0.70612529      0.29379877      0.13980617        147.7038       1.0443112       0.8512064      0.63857443      0.47013655      0.86735929       1.0415032       7.5455419       1.0850431       634.85769     0.088545445      0.088545445       801.09106                 21.235859                        390.54674                          223.07509             166.23337
              2       401.92703       68.685885       3.1909812      0.97599197      0.02269749      0.11756077     0.050887839       1.0819619      0.99745185       2.4312271   2.4312271e-09       2.3911509      0.24602248      0.24735475       13.736494       2.1959625       0.7012575       0.2986659      0.14090313       147.37408       1.0456783      0.86315702      0.64066098      0.47361416      0.86662629       1.0416423       7.2270687       1.0819619       636.69101     0.088545445      0.088545445       803.67696                 21.502143                        391.42609                          223.76278             166.98595
              1       399.92033       67.994713       3.1651474      0.97388065     0.022452319      0.11863387     0.045201298       1.0735655       1.0021598       2.3692236   2.3692236e-09       2.4342104      0.24591765      0.24724954       13.775177       2.1644358      0.69336236      0.30655948      0.14173106       147.36145       1.0424462       0.8764868      0.63961689      0.47593606      0.85958977       1.0413552       6.6931771       1.0735655       638.16553     0.088545445      0.088545445       799.66358                 21.576854                         394.7847                          221.80398             161.49805
              4       399.39567       67.687256       3.1531543      0.97295411     0.022388378      0.11937653     0.050830073       1.0599525       1.0037127       2.3409789   2.3409789e-09       2.4456295      0.24589029      0.24722208       13.784082       2.1146917      0.68908894      0.31083218      0.14240977       147.23551       1.0418087       0.8849234      0.63998961      0.47786411       0.8571196       1.0413849       7.3122581       1.0599525       635.90749     0.088545445      0.088545445       798.61426                 21.870947                        391.12194                           222.9146             162.70677
              4       398.50345       67.221684       3.1433846      0.97030242     0.022417103      0.12049485      0.05276333       1.0513996       1.0001529       2.3182197   2.3182197e-09       2.4404894      0.24590257       0.2472344       13.794529       2.0860511      0.68222891      0.31769112      0.14355682       146.90858       1.0435405      0.90086444      0.64234046      0.48224368      0.85558667       1.0410879       7.5226206       1.0513996        635.6578     0.088545445      0.088545445       796.82981                 22.388222                        390.42675                          222.84282             161.17201
              1       399.29828         67.1541       3.1391134      0.97073459      0.02235318        0.120538     0.060396897       1.0414002       1.0050575       2.3083392   2.3083392e-09       2.4519506      0.24587527        0.247207       13.801139       2.0456887      0.68163506      0.31828481      0.14353605       146.96826       1.0425251       0.9010481       0.6416922      0.48198191      0.85432435       1.0410953       8.3078561       1.0414002       635.83334     0.088545445      0.088545445       798.41947                 22.480482                        390.68233                          222.67053             162.58613
              3       398.91112         67.1541       3.1270108      0.97173525      0.02235318        0.120538     0.060396897       1.0356316       1.0053798       2.2805706   2.2805706e-09       2.4519506      0.24587527        0.247207       13.801139       2.0210797      0.68163506      0.31828481      0.14353605       146.96826       1.0366274       0.8959508       0.6380621       0.4792553      0.84949137       1.0410953       8.3078561       1.0356316       636.61037     0.088545445      0.088545445       797.64514                 22.231546                        390.69891                          223.67991             161.03477
              7       398.69893        67.39047       3.1416728      0.97277449     0.022395369      0.11953677     0.063986013       1.0408581       1.0046626       2.3142546   2.3142546e-09       2.4443771      0.24589328      0.24722508       13.806038       2.0362617      0.68597619      0.31394423        0.142577       147.18533       1.0378132       0.8875168      0.63772227      0.47735855      0.85195852       1.0406483       8.6295055       1.0408581       634.43123     0.088545445      0.088545445       797.22077                 22.107572                        391.73765                          220.58601             162.78954
              1       399.79005        67.39047       3.0296818      0.96956044     0.022395369      0.11953677     0.063986013      0.98456881        1.004695       2.0690648   2.0690648e-09       2.4443771      0.24589328      0.24722508       13.806038       1.8205246      0.68597619      0.31394423        0.142577       147.18533      0.98010523      0.83816608      0.60226147      0.45081484      0.80458503       1.0406483       8.6295055      0.98456881       634.15517     0.088545445      0.088545445       799.40301                 22.654086                        391.82491                          219.67617             165.24784
              4       399.54704       67.942822       3.0482925      0.97043897     0.022594937      0.11883281      0.04897759         1.00984        1.004488       2.1079322   2.1079322e-09       2.4090262      0.24597879       0.2473109       13.770498         1.91124       0.6921539      0.30776781      0.14207261       147.14993      0.98212642      0.82838253        0.602969      0.44910799      0.80954163       1.0410439       7.0675102         1.00984       637.89598     0.088545445      0.088545445       798.91698                 22.090709                        392.02169                          223.78359               161.021
              1        399.5383       67.940674       3.0481981      0.97043718     0.022593617      0.11883446     0.048975163       1.0097945       1.0044896        2.107733    2.107733e-09       2.4092575      0.24597822      0.24731033        13.77068       1.9110687      0.69213372      0.30778799      0.14207294       147.15096      0.98210699      0.82840192      0.60295742      0.44910673      0.80951282       1.0410427       7.0675454       1.0097945       637.86533     0.088545445      0.088545445       798.89952                 22.090387                        392.02169                          223.75326             161.03419
              1       399.91343       68.189574       3.0527227       0.9718753     0.022587474        0.118335     0.049918891       1.0118455       1.0047496       2.1172914   2.1172914e-09       2.4103345      0.24597559      0.24730769       13.762328       1.9161153      0.69546446      0.30445782      0.14156734        147.2903      0.98127194      0.82113329      0.60190805      0.44710748      0.81030472       1.0412722       7.1603456       1.0118455       637.58368     0.088545445      0.088545445       799.64976                 21.859104                        391.62132                          224.10325             162.06609
              1       399.17502       68.189574       3.0956575      0.97333066     0.022587474        0.118335     0.049918891       1.0332329       1.0080838       2.2101765   2.2101765e-09       2.4103345      0.24597559      0.24730769       13.762328       2.0001749      0.69546446      0.30445782      0.14156734        147.2903       1.0031223      0.83941777      0.61531096      0.45706339      0.82834807       1.0412722       7.1603456       1.0332329       635.92597     0.088545445      0.088545445       798.17295                 21.689731                        391.66076                          222.57548             162.24698
              1       400.29743       67.776469       3.0808032      0.97145463     0.022537439      0.11940993     0.048654098       1.0257525       1.0077232       2.1775885   2.1775885e-09        2.419133      0.24595416      0.24728618       13.771185       1.9756745      0.68950968      0.31041165      0.14259224       147.06104       1.0028446      0.85135012      0.61625098      0.45998336      0.82560653       1.0413024       7.0540904       1.0257525       638.40082     0.088545445      0.088545445       800.41777                 21.953427                        392.21097                          224.23642             162.01696
              2       397.67038       68.135645       3.0956364      0.97278205     0.022595374      0.11840144      0.04528484       1.0382031       1.0016628       2.2101298   2.2101298e-09       2.4089496      0.24597897      0.24731108        13.76509       2.0187562      0.69482207      0.30510008      0.14164168       147.26388       1.0034212       0.8409292      0.61557511      0.45750056      0.82826721       1.0411616       6.6710103       1.0382031       639.27188     0.088545445      0.088545445       795.16366                 21.646038                        394.82407                          222.80178             155.89178
              6       397.24483        68.33174       3.0994235      0.97541288     0.022445942      0.11728772     0.057179364       1.0279746       1.0061419       2.2185158   2.2185158e-09       2.4353456      0.24591492       0.2472468       13.782183       1.9787784      0.69927641      0.30064619      0.14037852       147.72774       1.0006179       0.8287442      0.61248212      0.45353138      0.82714089       1.0409439       7.9114695       1.0279746       632.74582     0.088545445      0.088545445       794.31256                 21.576172                        390.19191                          220.97774             161.56674
              2       396.77235        68.12958       3.0907028      0.97469321     0.022417776      0.11790571     0.060451198       1.0207572       1.0051347        2.199253    2.199253e-09       2.4403692      0.24590286      0.24723469       13.784001        1.948803      0.69621837      0.30370377      0.14096835       147.59388       1.0004191      0.83492195       0.6130027      0.45506657      0.82575239       1.0410736       8.2518002       1.0207572       633.05107     0.088545445      0.088545445       793.36761                 21.632849                        390.55579                          220.86243             160.31655
              1       396.23168       68.178331       3.0973949      0.97275404     0.022666662      0.11860414     0.051700218       1.0314847       1.0022177         2.21402     2.21402e-09       2.3965039      0.24600939      0.24734161       13.753859       1.9965275      0.69461465       0.3053076      0.14191567       147.13096        1.004647      0.84273573      0.61662494      0.45835871      0.82953876       1.0413196       7.3317156       1.0314847       636.82397     0.088545445      0.088545445       792.28627                 21.900923                        390.94738                          223.97566              155.4623
              2       396.18324       67.948183       3.0944633      0.97140078     0.022698206      0.11910404     0.055080521       1.0253111       1.0000667       2.2075388   2.2075388e-09       2.3910269      0.24602278      0.24735505        13.75986       1.9772701      0.69139133      0.30853039      0.14244711        146.9638       1.0060428      0.85048062      0.61805892      0.46063228      0.82928802        1.041079       7.6751611       1.0253111       637.20714     0.088545445      0.088545445        792.1894                 22.295266                        390.12145                          224.79042             154.98226
              4       397.14024       67.491297       3.0713786      0.97095097     0.022465438      0.11991582     0.060690032       1.0063531        1.000994       2.1571621   2.1571621e-09       2.4318774      0.24592328      0.24725518       13.784826       1.9105926      0.68592777      0.31399289      0.14302613        147.0074       1.0023413      0.85794259      0.61640972       0.4614232      0.82345434       1.0411661       8.2991299       1.0063531       636.56807     0.088545445      0.088545445       794.10339                 22.577331                         390.6704                          223.32034             157.53532
              3       398.00609       67.491297       3.0488873      0.97067313     0.022465438      0.11991582     0.060690032      0.99506765       1.0011541       2.1091862   2.1091862e-09       2.4318774      0.24592328      0.24725518       13.784826       1.8681005      0.68592777      0.31399289      0.14302613        147.0074      0.99102809      0.84825916      0.60945242      0.45621521      0.81416017       1.0411661       8.2991299      0.99506765       636.86444     0.088545445      0.088545445       795.83509                 22.634913                         390.6765                          223.55303             158.97065
              5       396.93693       67.491297       3.1084514      0.96773195     0.022465438      0.11991582     0.060690032       1.0254379       1.0006434        2.238635    2.238635e-09       2.4318774      0.24592328      0.24725518       13.784826       1.9827529      0.68592777      0.31399289      0.14302613        147.0074         1.01985      0.87292899      0.62717706      0.46948327       0.8378383       1.0411661       8.2991299       1.0254379        635.2092     0.088545445      0.088545445       793.69677                 23.196651                        390.69053                          221.32202             158.48757
              2       396.82786       67.337512        3.104987      0.96711083     0.022441274      0.12013719     0.061569587       1.0225054       1.0033618       2.2308928   2.2308928e-09        2.436177      0.24591292      0.24724479       13.793211       1.9724229      0.68405665      0.31586365      0.14322334       146.97593       1.0198614      0.87661773      0.62740013      0.47034824      0.83689254       1.0410001       8.3947209       1.0225054       635.11427     0.088545445      0.088545445       793.47864                 23.346861                         390.9496                          220.81781             158.36437
             10       400.78855        67.88254       3.1286526      0.96874612     0.022637535      0.11906252     0.066547228       1.0288182       1.0034319        2.284318    2.284318e-09       2.4015776      0.24599698      0.24732916       13.768461       1.9996518      0.69101595      0.30890562      0.14234492       147.04191       1.0228835      0.86524544      0.62829221      0.46840134      0.84276253       1.0409963       8.8059078       1.0288182       644.25897     0.088545445      0.088545445       801.40001                 23.523334                        392.77955                          227.95608             157.14104
              4       400.80808       67.938637        3.129728      0.96910722     0.022630632      0.11891863     0.066702156       1.0294281       1.0011584       2.2867758   2.2867758e-09       2.4027825      0.24599404       0.2473262       13.767569       2.0011831       0.6918527        0.308069      0.14219413       147.08761       1.0226064      0.86325878      0.62795559      0.46783309       0.8428823       1.0410298        8.819662       1.0294281         643.776     0.088545445      0.088545445       801.43907                 23.440264                        392.82041                          227.51533             157.66307
              4       399.93818       67.938637       3.1569923       0.9699241     0.022630632      0.11891863     0.066702156       1.0441812       1.0006344       2.3499809   2.3499809e-09       2.4027825      0.24599404       0.2473262       13.767569       2.0564946       0.6918527        0.308069      0.14219413       147.08761       1.0369643      0.87537936       0.6367724       0.4744017      0.85471679       1.0410298        8.819662       1.0441812       640.59322     0.088545445      0.088545445       799.69926                 23.174512                        392.79665                          224.62206             159.10604
              1       400.95293       67.699953       3.1474889      0.96817099     0.022655484      0.11986722     0.058903715       1.0457573         0.99983       2.3277538   2.3277538e-09       2.3984491      0.24600463      0.24733684       13.762417        2.069064      0.68755217      0.31236898      0.14316757       146.80993       1.0374133      0.88519302       0.6381356      0.47706763      0.85358347       1.0412479       8.0780831       1.0457573       642.00334     0.088545445      0.088545445       801.72877                 23.359236                        390.21405                          228.43006             159.72542
              3       398.01111       67.699953       3.0958026      0.97116358     0.022655484      0.11986722     0.058903715       1.0199866        1.002972       2.2104972   2.2104972e-09       2.3984491      0.24600463      0.24733684       13.762417       1.9648385      0.68755217      0.31236898      0.14316757       146.80993       1.0120968      0.86359123      0.62256287      0.46542552      0.83275307       1.0412479       8.0780831       1.0199866       640.12157     0.088545445      0.088545445       795.84513                 22.616739                         390.2365                          227.26833             155.72356
              4       395.60309       67.386436       3.0866944      0.97036162     0.022525665      0.12007038     0.057403211       1.0188553       1.0015323       2.1904551   2.1904551e-09       2.4212104      0.24594911      0.24728111       13.788364       1.9528755      0.68447653      0.31544389      0.14324092       146.90006       1.0105848      0.86792021      0.62171243      0.46592937      0.82958144       1.0408589       7.9616296       1.0188553       636.30149     0.088545445      0.088545445       791.02909                 22.380271                        390.15077                          223.77046             154.72759
              1       397.71983       67.386436       3.0310736      0.96880255     0.022525665      0.12007038     0.057403211      0.99004094       1.0040625       2.0719466   2.0719466e-09       2.4212104      0.24594911      0.24728111       13.788364       1.8472206      0.68447653      0.31544389      0.14324092       146.90006      0.98228766      0.84361774      0.60430399      0.45288297      0.80635249       1.0408589       7.9616296      0.99004094       635.98556     0.088545445      0.088545445       795.26257                 22.795939                         390.0756                          223.11403             159.27701
              1       397.33747       68.178006       3.0551397      0.97206191     0.022621197      0.11832684     0.050636044       1.0111393       1.0035506       2.1224151   2.1224151e-09       2.4044305      0.24599001      0.24732216       13.762659       1.9179992      0.69530613      0.30461613       0.1415929         147.255      0.98226294      0.82227745      0.60254312      0.44763739      0.81105425       1.0411424        7.227235       1.0111393       635.48618     0.088545445      0.088545445       794.49785                 21.986695                        391.29442                          222.20507             159.01167
              3       398.04341       68.835277       3.0732149       0.9763605     0.022556801      0.11632199     0.058176317         1.01513       1.0046067       2.1611268   2.1611268e-09       2.4157228      0.24596246      0.24729451       13.761003       1.9237514      0.70546414      0.29445959      0.13952365       147.86305      0.97976664      0.79935959      0.59880388      0.44110404      0.81288326       1.0411194       7.9690312         1.01513       633.50191     0.088545445      0.088545445       795.90973                 21.437277                        390.14773                           221.9169             162.40782
              8       399.77441       68.835277       3.0680084       0.9748809     0.022556801      0.11632199     0.058176317       1.0115399       1.0053272       2.1499043   2.1499043e-09       2.4157228      0.24596246      0.24729451       13.761003       1.9137616      0.70546414      0.29445959      0.13952365       147.86305      0.97666429      0.79682848      0.59690782      0.43970732      0.81030933       1.0411194       7.9690312       1.0115399       635.48043     0.088545445      0.088545445       799.37173                 21.768657                        390.19241                          223.51936             163.89131
              6       399.60013       68.649794       3.0646296       0.9728782     0.022665219      0.11720279     0.053032418       1.0156143      0.99859719       2.1426525   2.1426525e-09       2.3967549      0.24600878      0.24734099       13.750317       1.9270295      0.70177137      0.29815195      0.14051288       147.50558      0.97894427      0.80660768      0.59935896      0.44289055      0.81110595       1.0412366       7.4462279       1.0156143        635.6297     0.088545445      0.088545445       799.02316                  21.82258                        390.63542                           223.1717             163.39346
              2       400.72789        68.59838       3.0618409      0.97241499     0.022666831      0.11744131     0.048444293       1.0184778      0.99883782       2.1366855   2.1366855e-09       2.3964744      0.24600946      0.24734168        13.74831       1.9393778      0.70081387      0.29910933      0.14075301       147.44006      0.97889239      0.80859252      0.59958309      0.44341141      0.81075919       1.0413343       6.9780633       1.0184778       638.04471     0.088545445      0.088545445        801.2787                 21.808304                        392.54195                          223.69446             163.23398
              4       400.46986        68.59838       3.1156739      0.98062547     0.022666831      0.11744131     0.048444293       1.0445397       1.0010176       2.2548621   2.2548621e-09       2.3964744      0.24600946      0.24734168        13.74831       2.0466417      0.70081387      0.29910933      0.14075301       147.44006        1.008774      0.83327555      0.61788591      0.45694695      0.83550836       1.0413343       6.9780633       1.0445397       639.92049     0.088545445      0.088545445       800.76263                 20.852076                        393.13043                          225.93798             160.84214
              1       397.59109        68.59838       3.0963578      0.97797757     0.022666831      0.11744131     0.048444293       1.0361165       1.0025486        2.211725    2.211725e-09       2.3964744      0.24600946      0.24734168        13.74831       2.0074879      0.70081387      0.29910933      0.14075301       147.44006      0.99806126      0.82442654      0.61132424      0.45209438      0.82663564       1.0413343       6.9780633       1.0361165        638.3098     0.088545445      0.088545445       795.00509                 21.029202                        392.98627                          224.29433             156.69529
              2       398.42276       69.028899       3.1101349      0.97972885     0.022761071      0.11665572     0.051842232       1.0404852       1.0019212       2.2424069   2.2424069e-09       2.3801674      0.24604933      0.24738169       13.729192       2.0215516      0.70598505      0.29393911      0.14006166       147.54527      0.99874801      0.81469286      0.61099231      0.44988352      0.82979612       1.0415289       7.2976342       1.0404852       637.70819     0.088545445      0.088545445       796.66844                 20.904776                        391.38097                          225.42244             158.96025
              1       398.65391       69.206097       3.1239647      0.97998931     0.022861247      0.11603314     0.054550371       1.0455399       1.0032505       2.2736344   2.2736344e-09        2.363019      0.24609112      0.24742363       13.727872       2.0386317      0.70857946      0.29134509      0.13953926       147.60084       1.0007256      0.81085834      0.61163047      0.44935651      0.83250565       1.0411274       7.5385439       1.0455399       636.77713     0.088545445      0.088545445       797.13073                 20.922026                        390.58442                          225.27069              160.3536
              2       398.84804       69.206097       3.1870834      0.97674156     0.022861247      0.11603314     0.054550371       1.0775182        1.003655       2.4217692   2.4217692e-09        2.363019      0.24609112      0.24742363       13.727872       2.1714553      0.70857946      0.29134509      0.13953926       147.60084       1.0315167      0.83580748      0.63044961      0.46318267      0.85812086       1.0411274       7.5385439       1.0775182       636.49104     0.088545445      0.088545445       797.51898                 21.493754                        390.44155                          224.55574             161.02794
              2       399.88106       69.026063        3.181535      0.97567243     0.022864879      0.11655747      0.05253483       1.0773039      0.99721046       2.4083694   2.4083694e-09       2.3624007      0.24609262      0.24742514        13.72929        2.168163      0.70594923      0.29397493      0.14006722       147.45615        1.032003      0.84189448      0.63134261      0.46488194      0.85740799        1.041149       7.3439717       1.0773039       636.88419     0.088545445      0.088545445       799.58504                 21.491992                        390.92756                          224.46463             162.70085
              9       398.45535       69.026063       3.1621039      0.97647636     0.022864879      0.11655747      0.05253483       1.0675569       1.0018503       2.3620239   2.3620239e-09       2.3624007      0.24609262      0.24742514        13.72929       2.1264399      0.70594923      0.29397493      0.14006722       147.45615       1.0223417      0.83401291      0.62543217      0.46052985       0.8493812        1.041149       7.3439717       1.0675569       637.99592     0.088545445      0.088545445       796.73361                  21.31246                        390.98544                          225.69802             158.73769
