#        weight    minuslogpost              H0            logA              ns           ombh2           omch2             tau           A_act           P_act               A              As           DHBBN             YHe             Y_p             age           clamp        omega_de          omegam        omegamh2           rdrag            s8h5      S8_optimal     s8omegamp25      s8omegamp5          sigma8       thetastar            zrei        A_planck       chi2__CMB   minuslogprior minuslogprior__0            chi2 chi2__planck_2018_lowl.TT chi2__planck_2018_lowl.EE_sroll2 chi2__act_dr6_cmbonly.PlanckActCut chi2__act_dr6_cmbonly
              1       499.10125       68.078842       3.0503786      0.97789145     0.022367575      0.11998698     0.057136276      0.99371926      0.99147176       2.1123341   2.1123341e-09       2.4493624      0.24588141      0.24721317       13.733363       1.8842333       0.6913831      0.30853893      0.14299942       147.09731      0.99335949      0.84058641      0.61085765       0.4552684      0.81961996       1.0432449       7.9745418      0.99371926       701.67174     0.088545445      0.088545445        998.0254                 22.023908                        390.15694                          289.49089             296.35366
              3       487.27266       68.078842       3.0507585      0.97507374     0.022367575      0.11998698     0.057136276      0.99456618      0.99147176       2.1131365   2.1131365e-09       2.4493624      0.24588141      0.24721317       13.733363       1.8849491       0.6913831      0.30853893      0.14299942       147.09731      0.99247438      0.83983743      0.61031336      0.45486275      0.81888966       1.0432449       7.9745418      0.99456618       691.54963     0.088545445      0.088545445       974.36822                 22.440465                         390.1017                          279.00746              282.8186
              1       434.29821       68.130991       3.1441717      0.97850826     0.022409606      0.11915959      0.10467456      0.99971942      0.99915271        2.320045    2.320045e-09       2.4418294      0.24589937      0.24723119       13.749963       1.8818164      0.69354729      0.30637486      0.14221406       147.26936       1.0360744       0.8715293      0.63624824      0.47335817      0.85519137        1.042425       12.228469      0.99971942       683.02119     0.088545445      0.088545445       868.41934                 22.979271                        425.39019                          234.65173             185.39815
              4       427.51232       68.148057       3.1439634      0.97903891     0.022427365       0.1189367      0.10481315      0.99971942       1.0023326       2.3195619   2.3195619e-09       2.4386571      0.24590697      0.24723881       13.754012       1.8809032      0.69414245      0.30577973      0.14200893       147.30869       1.0347126      0.86897074      0.63518265      0.47233574      0.85417421       1.0421955       12.227225      0.99971942       680.09832     0.088545445      0.088545445       854.84755                 22.863079                        425.36099                          231.87425             174.74924
              1       428.67157       68.148057       3.1417076      0.98253125     0.022427365       0.1189367      0.10481315      0.99971942       1.0013396       2.3143352   2.3143352e-09       2.4386571      0.24590697      0.24723881       13.754012       1.8766649      0.69414245      0.30577973      0.14200893       147.30869       1.0349329      0.86915582      0.63531794      0.47243634      0.85435614       1.0421955       12.227225      0.99971942       682.35883     0.088545445      0.088545445       857.16604                 22.024174                        424.74736                           235.5873             174.80721
              3       423.45499        68.10301       3.1327639      0.98512019      0.02216961      0.11756872      0.10294165       1.0004638       1.0013396       2.2937288   2.2937288e-09       2.4853165      0.24579637      0.24712781       13.802416       1.8669302      0.69724293      0.30267915      0.14038319        147.9627       1.0259945      0.85349958      0.62802049       0.4658214      0.84669732       1.0412694       12.123521       1.0004638       679.96591     0.088545445      0.088545445        846.7329                 21.195529                        422.34151                          236.42888             166.76698
              1        425.3707       68.046935       3.1371174      0.98360759     0.022219847      0.11829628      0.10399634       1.0004638       1.0013396       2.3037364   2.3037364e-09       2.4761191      0.24581816      0.24714969       13.786087       1.8711246      0.69506397      0.30485798      0.14116099       147.71126       1.0315405      0.86331492      0.63228802      0.46982849      0.85092359       1.0417495       12.214042       1.0004638        682.4984     0.088545445      0.088545445        850.5643                 21.542142                        423.79086                          237.16539             168.06591
              4       423.57676       68.046935       3.1419446      0.97846786     0.022219847      0.11829628      0.10399634       1.0026652       1.0013396       2.3148839   2.3148839e-09       2.4761191      0.24581816      0.24714969       13.786087       1.8801788      0.69506397      0.30485798      0.14116099       147.71126       1.0320004       0.8636998       0.6325699      0.47003794      0.85130294       1.0417495       12.214042       1.0026652         677.445     0.088545445      0.088545445       846.97643                 22.504172                        424.55553                          230.38529             169.53143
              6       413.11741       68.104638       3.1247459       0.9800839     0.022289738      0.11751193     0.096253518       1.0020294       1.0013396       2.2754113   2.2754113e-09       2.4634063      0.24584818      0.24717981        13.80053       1.8769607      0.69712083      0.30280125      0.14044654       147.84302       1.0186112      0.84767535      0.62357142      0.46256803      0.84061432       1.0409068       11.520809       1.0020294       662.11283     0.088545445      0.088545445       826.05773                 21.896013                        416.07354                          224.14328              163.9449
              2       412.88492       68.044377       3.1244786      0.97963183     0.022274825      0.11769885     0.095917023       1.0020294       1.0016611       2.2748031   2.2748031e-09       2.4661106       0.2458418      0.24717341       13.801178       1.8777222      0.69621263      0.30370931      0.14061854       147.80943       1.0197141      0.85050663      0.62443762      0.46355747       0.8411521        1.040965       11.502185       1.0020294       662.05377     0.088545445      0.088545445       825.59274                 21.960571                        415.83471                          224.25849             163.53897
              7       411.13502       68.044527       3.1212197      0.97948625     0.022303882      0.11775898     0.094125604       1.0020294       1.0016611       2.2674018   2.2674018e-09       2.4608453      0.24585423      0.24718588       13.798717       1.8783305      0.69602136      0.30390059      0.14070773        147.7607       1.0180946      0.84963812      0.62354473      0.46296749      0.83981713       1.0409553       11.342124       1.0020294        659.6684     0.088545445      0.088545445       822.09294                  21.93139                        414.05305                          223.68396             162.42454
              2       411.81149       68.054644       3.1201917      0.97987878     0.022296326      0.11757446     0.093880551       1.0020294       1.0016611       2.2650722   2.2650722e-09       2.4622128        0.245851      0.24718264       13.803089       1.8773206      0.69652644      0.30339553      0.14051566        147.8187       1.0167158       0.8472812      0.62248764      0.46199048      0.83874209       1.0408077       11.318785       1.0020294       659.23619     0.088545445      0.088545445       823.44589                 21.834569                        413.67028                          223.73134              164.2097
              4        413.2254        68.21222        3.136399      0.98031284     0.022536404      0.11765411      0.10113469       1.0020294       1.0034086        2.302082    2.302082e-09       2.4193156      0.24595371      0.24728573        13.78029       1.8805128      0.69723977      0.30268256      0.14083538        147.5287       1.0229613      0.85166698      0.62666744      0.46481912      0.84487076       1.0407478       11.850026       1.0020294       665.45038     0.088545445      0.088545445       826.27371                 22.223842                        420.77666                          222.44988             160.82333
             10       413.02166       68.213591       3.1358296      0.98029553     0.022536738      0.11765795      0.10084477       1.0020294       1.0034086       2.3007716   2.3007716e-09       2.4192567      0.24595386      0.24728588       13.780054       1.8805325      0.69724297      0.30267936      0.14083955       147.52731       1.0226769       0.8514307      0.62649788      0.46469212       0.8446444       1.0407551       11.826067       1.0020294       665.16724     0.088545445      0.088545445       825.86623                 22.214464                        420.50207                          222.45071             160.69898
              5       411.94689       68.207452       3.1346789      0.98008054     0.022511103      0.11772756      0.10025564       1.0020294       1.0034086       2.2981256   2.2981256e-09       2.4237832      0.24594286      0.24727484       13.779397       1.8805843      0.69709394      0.30282838      0.14088353        147.5372       1.0226337      0.85173365      0.62652032      0.46476595      0.84457071       1.0408767       11.787897       1.0020294       664.42748     0.088545445      0.088545445       823.71668                 22.220239                        419.94675                          222.26049              159.2892
              6       411.40188       68.207452       3.1342927      0.97977596     0.022511103      0.11772756      0.10025564       1.0024998       1.0042418       2.2972382   2.2972382e-09       2.4237832      0.24594286      0.24727484       13.779397       1.8798582      0.69709394      0.30282838      0.14088353        147.5372        1.022317       0.8514699      0.62632631      0.46462203      0.84430918       1.0408767       11.787897       1.0024998       664.16415     0.088545445      0.088545445       822.62668                 22.191687                        419.92806                           222.0444             158.46253
              4       410.94139        68.22366       3.1238887      0.97997707     0.022604758      0.11762767     0.094920975       1.0024998       1.0042418       2.2734616   2.2734616e-09        2.407306      0.24598299      0.24731511       13.778127        1.880357      0.69725125      0.30267111      0.14087729       147.45943       1.0157032      0.84566639      0.62226743      0.46155113      0.83894662       1.0405785       11.308634       1.0024998       659.55898     0.088545445      0.088545445        821.7057                 21.961011                        414.33684                          223.26113             162.14672
              5       409.40192        68.22366       3.1245907      0.97527512     0.022604758      0.11762767     0.094920975       1.0024998       1.0042418       2.2750582   2.2750582e-09        2.407306      0.24598299      0.24731511       13.778127       1.8816776      0.69725125      0.30267111      0.14087729       147.45943        1.014235      0.84444394      0.62136791      0.46088393      0.83773388       1.0405785       11.308634       1.0024998       657.82215     0.088545445      0.088545445       818.62674                 22.923936                        414.97203                          219.92619             160.80459
              9       409.29585       68.161024       3.1049045      0.97451546     0.022753354      0.11792068     0.084273273       1.0024998       1.0042418       2.2307089   2.2307089e-09       2.3814965      0.24604608      0.24737844        13.77163       1.8847079      0.69574405      0.30417817       0.1413189       147.21625       1.0046856      0.83985503      0.61599931       0.4574696      0.82946529       1.0403223       10.358062       1.0024998       652.64655     0.088545445      0.088545445       818.41462                 22.677099                        404.70927                          225.26019             165.76806
             18       409.57336       68.468711       3.1297909      0.97510081     0.022607025      0.11774208     0.097354729       1.0024998       1.0042418       2.2869197   2.2869197e-09       2.4069091      0.24598396      0.24731608       13.753211       1.8823036      0.69916558      0.30075734      0.14099397       147.42639       1.0164225      0.84295775      0.62283698      0.46124158      0.84104713       1.0414229       11.516287       1.0024998       661.95481     0.088545445      0.088545445       818.96962                 23.158443                        417.48302                          221.31335             157.01481
              3       409.46253       68.507803       3.0867838      0.97710496     0.022684565      0.11661175     0.077182253       1.0024998       1.0042418       2.1906508   2.1906508e-09        2.393393        0.246017      0.24734925        13.77855       1.8772992      0.70175196      0.29817104      0.13994118       147.64231      0.98859162      0.81376073      0.60464896       0.4468067      0.81825175       1.0401326       9.7217468       1.0024998        643.9188     0.088545445      0.088545445       818.74797                 21.830655                        398.50114                            223.587             174.82918
              5       406.03018       68.521255       3.0866211      0.97678367     0.022678234      0.11674757     0.076940017       1.0024998       1.0042418       2.1902945   2.1902945e-09       2.3944924      0.24601431      0.24734655       13.773802       1.8779035      0.70159326      0.29832977      0.14007067       147.61295      0.98913585      0.81467877      0.60512173      0.44721555      0.81878259       1.0403347       9.7050335       1.0024998       642.71179     0.088545445      0.088545445       811.88327                  21.88844                        398.37416                          222.44919             169.17148
              2       401.29189       68.388526       3.0835093      0.97514358     0.022689065      0.11745315     0.074420452       1.0024998       1.0042418       2.1834893   2.1834893e-09        2.392612      0.24601891      0.24735116       13.765958       1.8815262      0.69890205      0.30102068      0.14078709       147.41217      0.99129561        0.822285      0.60721695      0.44977257      0.81977525       1.0406667       9.4900765       1.0024998        640.9555     0.088545445      0.088545445       802.40669                 22.134249                        396.81855                           222.0027             161.45119
              4       401.28961       68.388526       3.0834929      0.97513301     0.022689065      0.11745315     0.074420452       1.0024998       1.0042418       2.1834534   2.1834534e-09        2.392612      0.24601891      0.24735116       13.765958       1.8814953      0.69890205      0.30102068      0.14078709       147.41217      0.99128346      0.82227493      0.60720951      0.44976706      0.81976521       1.0406667       9.4900765       1.0024998       640.95276     0.088545445      0.088545445       802.40213                 22.135261                        396.81855                          221.99895             161.44937
              4       400.45277       68.469895       3.0890968      0.97447527      0.02266745      0.11776708     0.076862449       1.0024998       1.0042418       2.1957237   2.1957237e-09       2.3963667      0.24600973      0.24734195       13.750779       1.8828504      0.69899375      0.30092916       0.1410794       147.35248      0.99537988      0.82593793      0.61003501      0.45182559      0.82364239       1.0412978       9.7244427       1.0024998       643.33803     0.088545445      0.088545445       800.72845                 22.381736                          398.616                          222.34029             157.39041
             16       400.72451       68.567114        3.072557      0.97664514     0.022515196      0.11659895     0.070622997       1.0024998       1.0042418       2.1597056   2.1597056e-09       2.4230595      0.24594462       0.2472766       13.778292       1.8752199      0.70265518      0.29726795      0.13975902       147.83512      0.98246177      0.80685918      0.60070413      0.44355516      0.81353004       1.0407279       9.1706559       1.0024998       636.53178     0.088545445      0.088545445       801.27194                 21.630831                        394.41173                          220.48922             164.74016
              3       402.29565       68.802337       3.0335735      0.97609937     0.022539202      0.11658162     0.051140599       1.0024998       1.0054871       2.0771327   2.0771327e-09       2.4188223      0.24595491      0.24728694       13.757274       1.8751849      0.70467074      0.29525292      0.13976569       147.81288      0.96211093      0.78666965      0.58826809      0.43363452      0.79804383       1.0413462       7.2706036       1.0024998       636.06241     0.088545445      0.088545445       804.41421                 21.275393                        391.41867                          223.36835              168.3518
              4       401.69623       68.693539       3.0450217      0.97582178     0.022450271       0.1167255     0.056923299       1.0024998       1.0054871       2.1010487   2.1010487e-09       2.4345749      0.24591678      0.24724866       13.765394       1.8749651      0.70361808      0.29630534      0.13982063       147.87408      0.96943172      0.79456892      0.59280252      0.43736589      0.80348019       1.0414054       7.8765824       1.0024998       635.47618     0.088545445      0.088545445       803.21537                 21.399256                        390.16782                          223.90911             167.73919
              3       402.28629       68.693539        3.045982      0.97383053     0.022450271       0.1167255     0.056923299       1.0024998       1.0054871       2.1030673   2.1030673e-09       2.4345749      0.24591678      0.24724866       13.765394       1.8767664      0.70361808      0.29630534      0.13982063       147.87408      0.96915683      0.79434361      0.59263443      0.43724187      0.80325235       1.0414054       7.8765824       1.0024998       635.48016     0.088545445      0.088545445       804.39548                 21.757902                        390.12659                          223.59567             168.91532
              7       400.99112       68.697546       3.0486969      0.97433862     0.022455999       0.1165251     0.058525324       1.0024998       1.0033416       2.1087848   2.1087848e-09       2.4335556      0.24591923      0.24725112       13.770385       1.8758487      0.70406514      0.29585828      0.13962596       147.92147      0.96951588      0.79358193      0.59264752      0.43708651      0.80357337       1.0411873       8.0300643       1.0024998       634.46126     0.088545445      0.088545445       801.80516                 21.703895                        390.24801                          222.50935              167.3439
             26       400.54952       68.746809       3.0527398      0.97388915     0.022522963      0.11679453      0.05998262       1.0024998       1.0033416       2.1173275   2.1173275e-09       2.4216873      0.24594795      0.24727995       13.756794       1.8779663      0.70377733      0.29614621      0.13996236       147.77394      0.97204533      0.79663469       0.5945513      0.43859722       0.8059587       1.0414518       8.1626085       1.0024998       635.41941     0.088545445      0.088545445       800.92194                 21.877271                        390.37009                          223.17205             165.50253
              2       401.38859       68.746809       3.0534009      0.97244353     0.022522963      0.11679453      0.05998262       1.0024998       1.0033416       2.1187278   2.1187278e-09       2.4216873      0.24594795      0.24727995       13.756794       1.8792083      0.70377733      0.29614621      0.13996236       147.77394      0.97182772      0.79645636       0.5944182      0.43849904      0.80577828       1.0414518       8.1626085       1.0024998       636.16139     0.088545445      0.088545445       802.60008                 22.167373                        390.35312                           223.6409             166.43869
              4       399.46117       68.692606       3.0580012      0.97227253      0.02259659      0.11694993     0.061849078       1.0024998       1.0033416        2.128497    2.128497e-09       2.4087366      0.24597949      0.24731161       13.755318        1.880839      0.70282431      0.29709911      0.14019139       147.64981      0.97447574      0.80062309      0.59628154      0.44022703      0.80765526       1.0412691       8.3288265       1.0024998       635.53224     0.088545445      0.088545445       798.74525                 22.297086                        390.76424                          222.47092             163.21301
             12       398.48403       68.692606       3.0646238      0.97771903      0.02259659      0.11694993     0.061849078       1.0073669       1.0046771         2.14264     2.14264e-09       2.4087366      0.24597949      0.24731161       13.755318       1.8933364      0.70282431      0.29709911      0.14019139       147.64981      0.97975346      0.80495923      0.59951097      0.44261128      0.81202949       1.0412691       8.3288265       1.0073669       635.59749     0.088545445      0.088545445       796.79097                 21.242847                        390.73378                          223.62086             161.19348
             17       398.50408       68.692606       3.0651576         0.97744      0.02259659      0.11694993     0.061849078       1.0076697       1.0046771       2.1437841   2.1437841e-09       2.4087366      0.24597949      0.24731161       13.755318       1.8943473      0.70282431      0.29709911      0.14019139       147.64981      0.97990993      0.80508778      0.59960672      0.44268196      0.81215917       1.0412691       8.3288265       1.0076697       635.59076     0.088545445      0.088545445       796.83107                 21.279905                        390.73952                          223.57134             161.24031
              3       398.76453       68.650855       3.0707349      0.97683218     0.022649944      0.11729075     0.064017409       1.0076697       1.0046771       2.1557739   2.1557739e-09       2.3994141      0.24600227      0.24733447        13.74824       1.8966989      0.70162637      0.29829695      0.14058556       147.49909      0.98401606      0.81114774      0.60254205      0.44529679      0.81531449       1.0413728       8.5304228       1.0076697       637.04793     0.088545445      0.088545445       797.35197                 21.463601                        391.39559                          224.18874             160.30404
              4       398.77972       68.649681       3.0715213      0.97682244     0.022652524      0.11730221     0.064386512       1.0076697       1.0046771         2.15747     2.15747e-09       2.3989646      0.24600337      0.24733557        13.74796       1.8967904      0.70158637      0.29833695       0.1405996       147.49315      0.98444571      0.81159291       0.6028202      0.44551728      0.81566351       1.0413749       8.5651882       1.0076697        637.1648     0.088545445      0.088545445       797.38234                  21.47643                        391.48248                          224.20589             160.21754
              2        398.2981       68.635523       3.0664694      0.97724293     0.022658345      0.11708601     0.062137424       1.0076697       1.0046771       2.1465981   2.1465981e-09        2.397951      0.24600585      0.24733806       13.754957       1.8957404      0.70190984      0.29801345      0.14038922       147.54447      0.98095565      0.80784306      0.60045825      0.44365132        0.812688       1.0410871       8.3440315       1.0076697       635.46354     0.088545445      0.088545445        796.4191                 21.341911                         390.8311                          223.29053             160.95556
              8       398.46944       68.635523       3.0664799      0.97830713     0.022658345      0.11708601     0.062137424       1.0076697       1.0046771       2.1466206   2.1466206e-09        2.397951      0.24600585      0.24733806       13.754957       1.8957602      0.70190984      0.29801345      0.14038922       147.54447      0.98136183      0.80817756      0.60070688      0.44383502      0.81302451       1.0410871       8.3440315       1.0076697       635.83521     0.088545445      0.088545445       796.76178                 21.192599                        390.83878                          223.80384             160.92657
              1       397.65927       68.635523       3.0677848      0.97555325     0.022658345      0.11708601     0.062137424       1.0076697       1.0046771       2.1494237   2.1494237e-09        2.397951      0.24600585      0.24733806       13.754957       1.8982357      0.70190984      0.29801345      0.14038922       147.54447      0.98096466      0.80785047      0.60046376       0.4436554      0.81269546       1.0410871       8.3440315       1.0076697       634.30856     0.088545445      0.088545445       795.14145                 21.667316                        390.78095                           221.8603             160.83289
              4       397.66216       68.595927       3.0676708      0.97507838     0.022602485      0.11725725     0.062020895       1.0076697       1.0046771       2.1491786   2.1491786e-09       2.4077039      0.24598202      0.24731414       13.755307       1.8984617      0.70132038      0.29860281       0.1405046       147.56094       0.9822633       0.8101258      0.60138218       0.4445535      0.81353658       1.0412957       8.3495133       1.0076697       634.54142     0.088545445      0.088545445       795.14724                 21.723947                        390.78808                          222.02939             160.60582
             19        397.8484       68.595927       3.0702023      0.97532562     0.022602485      0.11725725     0.062020895       1.0076697       1.0046771       2.1546261   2.1546261e-09       2.4077039      0.24598202      0.24731414       13.755307       1.9032737      0.70132038      0.29860281       0.1405046       147.56094      0.98360065      0.81122877      0.60220096      0.44515875       0.8146442       1.0412957       8.3495133       1.0076697       635.23312     0.088545445      0.088545445       795.51971                 21.828712                        390.76778                          222.63663             160.28659
             17       397.71978       68.595927       3.0701479      0.97584404     0.022602485      0.11725725     0.062020895       1.0076697       1.0024069       2.1545089   2.1545089e-09       2.4077039      0.24598202      0.24731414       13.755307       1.9031702      0.70132038      0.29860281       0.1405046       147.56094      0.98376954      0.81136807      0.60230436      0.44523519      0.81478408       1.0412957       8.3495133       1.0076697       635.24126     0.088545445      0.088545445       795.26247                  21.74055                        390.79062                          222.71009             160.02121
              7       397.64262        68.57239       3.0732436       0.9759325     0.022599648      0.11723821     0.063597888       1.0076697       1.0024069        2.161189    2.161189e-09       2.4082007       0.2459808      0.24731292       13.757987       1.9030593      0.70116184      0.29876131      0.14048272       147.56921      0.98533798      0.81291034      0.60324114      0.44598684      0.81594308       1.0412127       8.5012473       1.0076697        635.4723     0.088545445      0.088545445       795.10815                 21.763257                         391.3069                          222.40214             159.63585
             10       397.59989       68.574913       3.0742572      0.97586372     0.022594362      0.11727205     0.064074105       1.0096082       1.0024069       2.1633806   2.1633806e-09       2.4091269      0.24597854      0.24731065       13.756984       1.9031756      0.70112311      0.29880004      0.14051128       147.56606       0.9860279      0.81358941      0.60369419      0.44633625      0.81652942       1.0412699       8.5487914       1.0096082        636.0219     0.088545445      0.088545445       795.02269                 21.574106                        391.42693                          223.02086             159.00079
              1       397.13343       68.574913       3.0772854      0.97431719     0.022594362      0.11727205     0.064074105       1.0096082       1.0024069       2.1699417   2.1699417e-09       2.4091269      0.24597854      0.24731065       13.756984       1.9089476      0.70112311      0.29880004      0.14051128       147.56606      0.98693658      0.81433918      0.60425053      0.44674757      0.81728189       1.0412699       8.5487914       1.0096082       635.07132     0.088545445      0.088545445       794.08976                 22.001266                        391.45461                          221.61545             159.01844
              2       397.03812       68.564008       3.0795103      0.97439574     0.022613007       0.1172653     0.065136293       1.0096082       1.0024069        2.174775    2.174775e-09       2.4058624      0.24598651      0.24731865       13.757624       1.9091395      0.70100272       0.2989204      0.14052317       147.54706      0.98792151      0.81538255      0.60486635      0.44724791      0.81803246       1.0411825       8.6450928       1.0096082       635.32131     0.088545445      0.088545445       793.89915                 22.026679                        391.85756                          221.43706             158.57784
              4       396.84495       68.564008       3.0798986      0.97466109     0.022613007       0.1172653     0.065136293       1.0106426       1.0024069       2.1756196   2.1756196e-09       2.4058624      0.24598651      0.24731865       13.757624        1.909881      0.70100272       0.2989204      0.14052317       147.54706      0.98821382      0.81562381      0.60504533      0.44738024       0.8182745       1.0411825       8.6450928       1.0106426       635.07209     0.088545445      0.088545445       793.51281                 21.882075                        391.84292                           221.3471             158.44072
              2       401.05992       68.564008       3.0879997      0.97832062     0.022613007       0.1172653     0.065136293       1.0124404       1.0019755       2.1933162   2.1933162e-09       2.4058624      0.24598651      0.24731865       13.757624        1.925416      0.70100272       0.2989204      0.14052317       147.54706      0.99361876      0.82008478      0.60835456      0.44982714      0.82274998       1.0411825       8.6450928       1.0124404       639.73501     0.088545445      0.088545445       801.94275                 21.550029                        391.76635                          226.41863             162.20774
              3       400.17035       68.564008       3.0872213      0.97887955     0.022613007       0.1172653     0.065136293       1.0124404       1.0019755       2.1916095   2.1916095e-09       2.4058624      0.24598651      0.24731865       13.757624       1.9239178      0.70100272       0.2989204      0.14052317       147.54706      0.99344535      0.81994166      0.60824839      0.44974864      0.82260639       1.0411825       8.6450928       1.0124404       638.52983     0.088545445      0.088545445        800.1636                 21.423992                        391.76504                           225.3408             161.63378
              4       401.01825       68.618212       3.0814291      0.97873211     0.022508386      0.11722116     0.062620989       1.0124404       1.0019755        2.178952    2.178952e-09       2.4242636       0.2459417      0.24727367       13.756893       1.9224531      0.70179086      0.29813239      0.14037441       147.67582      0.99089999      0.81622264      0.60652934      0.44818168      0.82082301       1.0415644       8.4298162       1.0124404       638.71494     0.088545445      0.088545445        801.8594                 21.345927                        390.98711                           226.3819             163.14446
             15       403.35373       68.563924       3.1059852      0.98002109     0.022469118       0.1168012     0.075537028       1.0124404       1.0019755        2.233121    2.233121e-09       2.4312237      0.24592486      0.24725677       13.774285       1.9200017      0.70229531      0.29762782      0.13991518       147.83237       1.0018262      0.82363966       0.6127151      0.45256084      0.82954549        1.041054        9.638278       1.0124404       644.15505     0.088545445      0.088545445       806.53036                 21.441418                        397.36235                          225.35127             162.37531
              2       402.07268       68.548965       3.0896494      0.97824485     0.022746995      0.11764859     0.065436755       1.0124404       1.0019755       2.1969375   2.1969375e-09       2.3825925       0.2460434      0.24737575       13.744848       1.9274364      0.69977065      0.30015244      0.14104045       147.29569      0.99549961      0.82459388      0.61006627       0.4515569      0.82421696       1.0412023       8.6478428       1.0124404       641.10209     0.088545445      0.088545445       803.96827                 21.613721                        391.88403                          227.60434             162.86618
              3       398.08563       68.548965       3.0845237      0.97443038     0.022746995      0.11764859     0.065436755       1.0124404       1.0019755       2.1857054   2.1857054e-09       2.3825925       0.2460434      0.24737575       13.744848       1.9175822      0.69977065      0.30015244      0.14104045       147.29569      0.99149876      0.82127989      0.60761445      0.44974212      0.82090447       1.0412023       8.6478428       1.0124404       638.48652     0.088545445      0.088545445       795.99417                 21.943105                         391.9132                          224.63022             157.50765
              4       399.28274       68.522944       3.0843158      0.97380073     0.022733446       0.1179148     0.065020626       1.0104945       1.0008961        2.185251    2.185251e-09       2.3849302      0.24603769      0.24737001       13.740276       1.9187797      0.69900449      0.30091855      0.14129311        147.2399      0.99282264      0.82410891      0.60869806       0.4508314      0.82184455       1.0414425       8.6171041       1.0104945       639.15424     0.088545445      0.088545445       798.38838                 22.291798                         391.8236                          225.03884             159.23415
              2       399.72747       68.518842        3.079497      0.97347282      0.02273635      0.11802699     0.062460929       1.0104945       1.0008961        2.174746    2.174746e-09       2.3844287      0.24603892      0.24737124       13.737512       1.9193566      0.69872328      0.30119974      0.14140821       147.20685      0.99091435      0.82319199      0.60765178      0.45016158      0.82024035       1.0415417       8.3742329       1.0104945        638.9071     0.088545445      0.088545445       799.27785                 22.280592                        390.94583                          225.68068             160.37075
              6       398.15755       68.281314       3.0787797      0.97350316     0.022634284      0.11794195     0.062522091       1.0099704       1.0008961       2.1731867   2.1731867e-09       2.4021449       0.2459956      0.24732777       13.763621       1.9177458      0.69702487      0.30289762       0.1412211       147.34282      0.99187313      0.82673096      0.60803842      0.45108147      0.81960964       1.0410086       8.4018732       1.0099704         636.939     0.088545445      0.088545445       796.13802                 22.242424                         391.0436                          223.65297             159.19902
             23       397.54577       68.223932       3.0733817      0.97309709     0.022588337      0.11805249     0.059822292       1.0099704       1.0008961       2.1614875   2.1614875e-09       2.4101831      0.24597596      0.24730806       13.766951       1.9177489      0.69637622      0.30354614       0.1412857       147.36452      0.99024302      0.82661497      0.60710853       0.4506325      0.81791874        1.041073       8.1526586       1.0099704       635.59432     0.088545445      0.088545445       794.91445                 22.210933                        390.34732                          223.03606             159.32013
             32       397.60898       68.228462       3.0733806      0.97299348     0.022602165      0.11810702     0.059707944       1.0099652       1.0008961        2.161485    2.161485e-09         2.40776      0.24598188        0.247314       13.764686       1.9181854      0.69626969      0.30365267      0.14135405       147.33461      0.99037008      0.82700964      0.60725987      0.45078438      0.81805086       1.0411088        8.139257       1.0099652       635.94019     0.088545445      0.088545445       795.04087                  22.23943                        390.35765                          223.34311             159.10068
              4       401.25562       68.228462       3.0750786      0.97537533     0.022602165      0.11810702     0.059707944       1.0099652       1.0008961       2.1651584   2.1651584e-09         2.40776      0.24598188        0.247314       13.764686       1.9214452      0.69626969      0.30365267      0.14135405       147.33461      0.99211385      0.82846577      0.60832908      0.45157808      0.81949121       1.0411088        8.139257       1.0099652       639.81042     0.088545445      0.088545445       802.33415                 21.928131                        390.36738                          227.51491             162.52373
              7       403.82799       68.245474       3.0780539      0.97421247     0.022594126      0.11863327     0.060517239       1.0099652       1.0008961       2.1716099   2.1716099e-09       2.4091683      0.24597844      0.24731055        13.74909       1.9240538      0.69530846      0.30461395      0.14187226       147.20372      0.99599771      0.83418226      0.61126949      0.45411951      0.82280187       1.0417368       8.2305536       1.0099652       642.04353     0.088545445      0.088545445       807.47889                 22.200567                        390.48508                          229.35789             165.43536
             12       403.20559       68.245474       3.0715336      0.96904293     0.022594126      0.11863327     0.060517239       1.0099652       1.0026654       2.1574964   2.1574964e-09       2.4091683      0.24597844      0.24731055        13.74909       1.9115491      0.69530846      0.30461395      0.14187226       147.20372      0.99079616      0.82982579      0.60807716       0.4517479      0.81850483       1.0417368       8.2305536       1.0099652       640.14582     0.088545445      0.088545445       806.23408                  22.74899                        390.51809                          226.87874             166.08827
              4        403.7515       68.278365       3.0419667      0.96918264     0.022755841      0.11847077     0.045508854       1.0099652       1.0026654       2.0946398   2.0946398e-09        2.381068      0.24604713      0.24737949         13.7462       1.9124094      0.69560362      0.30431886      0.14187148       147.06752      0.97405998      0.81529374      0.59780491      0.44400892      0.80487281       1.0412465        6.665352       1.0099652       644.34971     0.088545445      0.088545445        807.3259                 22.345854                        394.37015                          227.63371             162.97619
              3       402.38909       68.344065       3.0541115      0.97171135     0.022702433       0.1174103     0.053129666       1.0099652      0.99973886       2.1202338   2.1202338e-09       2.3902944      0.24602458      0.24735685       13.770708       1.9064961      0.69857329      0.30134934       0.1407576       147.40872      0.97540918      0.80963884      0.59745446      0.44266213      0.80637535        1.040455       7.4497836       1.0099652       636.00929     0.088545445      0.088545445       804.60109                 21.986638                        390.55916                          223.46349              168.5918
              9       401.78771        68.19182       3.0468983      0.97099022     0.022522297      0.11755882     0.049876851       1.0099652      0.99973886       2.1049953   2.1049953e-09       2.4218051      0.24594766      0.24727966       13.785099       1.9051477      0.69729386      0.30262843      0.14072598       147.56989      0.97444712      0.81102462      0.59683165      0.44266917      0.80468225       1.0406217       7.1566762       1.0099652       633.93813     0.088545445      0.088545445       803.39832                 21.932202                        391.66161                          220.34431              169.4602
             11       401.32855       68.169102       3.0493951      0.97106556     0.022507143      0.11753329     0.051200774       1.0083854      0.99973886       2.1102575   2.1102575e-09       2.4244835      0.24594116      0.24727314       13.788235       1.9048599       0.6971796      0.30274263       0.1406853       147.59365      0.97576397       0.8122611        0.597595      0.44327716      0.80563544       1.0405656       7.2962181       1.0083854       633.05411     0.088545445      0.088545445       802.48002                 22.127342                        391.04829                          219.87848             169.42591
              5       398.75877       68.276924       3.0611917      0.96981861      0.02272317      0.11830461     0.055410919       1.0083854      0.99973886       2.1352989   2.1352989e-09       2.3867055      0.24603335      0.24736566       13.751724       1.9113022       0.6960173      0.30390518      0.14167264       147.14778      0.98307344      0.82182264      0.60312519      0.44780815      0.81231213       1.0411508       7.6902284       1.0083854       637.49917     0.088545445      0.088545445       797.34044                 22.681795                        390.03985                          224.77752             159.84127
              4       398.36716       68.276924       3.0591207      0.97127639      0.02272317      0.11830461     0.055410919       1.0083854       1.0040021       2.1308813   2.1308813e-09       2.3867055      0.24603335      0.24736566       13.751724        1.907348       0.6960173      0.30390518      0.14167264       147.14778      0.98260272      0.82142913      0.60283639      0.44759373      0.81192317       1.0411508       7.6902284       1.0083854        636.8942     0.088545445      0.088545445       796.55724                 22.271524                        390.10137                           224.5213             159.66304
              2        398.3853       68.280223       3.0592664      0.97126893      0.02272303      0.11830881     0.055478407       1.0083854       1.0040021       2.1311918   2.1311918e-09       2.3867297      0.24603329       0.2473656       13.751322       1.9073685      0.69603796      0.30388452      0.14167671       147.14682      0.98268204      0.82146503      0.60288938      0.44762545      0.81200833       1.0411654       7.6971025       1.0083854       636.92808     0.088545445      0.088545445       796.59351                 22.275852                        390.09446                          224.55777             159.66544
              4       398.36851        68.27274       3.0641178      0.97196666     0.022739839      0.11804731     0.058193254       1.0087232       1.0014239        2.141556    2.141556e-09       2.3838267      0.24604039      0.24737272       13.758637       1.9062656      0.69649627       0.3034262      0.14143202       147.19757      0.98381811      0.82125329      0.60332559      0.44778034      0.81290253       1.0408237       7.9575434       1.0087232       636.74969     0.088545445      0.088545445       796.55993                 22.169744                         390.1539                          224.42605             159.81024
              4       398.37764        68.27274       3.0645707      0.97209371     0.022739839      0.11804731     0.058193254       1.0087232       1.0000477       2.1425262   2.1425262e-09       2.3838267      0.24604039      0.24737272       13.758637       1.9071292      0.69649627       0.3034262      0.14143202       147.19757      0.98408866      0.82147914      0.60349151      0.44790348      0.81312609       1.0408237       7.9575434       1.0087232       636.50201     0.088545445      0.088545445       796.57819                 22.176333                         390.1539                          224.17178             160.07618
              1       398.97465       68.357333       3.0577316      0.97308652     0.022490119      0.11740027     0.056390654       1.0087232      0.99912344       2.1279233   2.1279233e-09       2.4274975      0.24593386      0.24726581       13.775614       1.9009718      0.69916612      0.30075654      0.14053526        147.6482      0.97926094      0.81147552      0.59957671       0.4440159      0.80963819       1.0410273        7.824898       1.0087232       632.54233     0.088545445      0.088545445       797.77221                 21.796951                        390.14608                           220.5993             165.22988
              4       398.96708       68.357333       3.0589246      0.97230501     0.022490119      0.11740027     0.056390654       1.0087232      0.99912344       2.1304634   2.1304634e-09       2.4274975      0.24593386      0.24726581       13.775614        1.903241      0.69916612      0.30075654      0.14053526        147.6482      0.97955286      0.81171742      0.59975545      0.44414826      0.80987955       1.0410273        7.824898       1.0087232       632.22855     0.088545445      0.088545445       797.75706                 21.997627                        390.09027                          220.14065             165.52851
              1       398.76631       68.348917       3.0559074      0.97263092     0.022500564      0.11724286     0.055064024       1.0087232       1.0043873       2.1240451   2.1240451e-09       2.4256476      0.24593834       0.2472703       13.780389       1.9025484      0.69940662      0.30051602      0.14038829       147.67863      0.97730039      0.80921816      0.59821982      0.44292246      0.80796749       1.0408074       7.6866563       1.0087232       631.86705     0.088545445      0.088545445       797.35554                 21.896037                        390.25117                          219.71984             165.48849
              2       398.41045       68.351889       3.0569884      0.97266285     0.022505954      0.11723992     0.055590638       1.0087232       1.0021962       2.1263424   2.1263424e-09       2.4246937      0.24594065      0.24727262       13.780057       1.9026012      0.69942752      0.30049513      0.14039075       147.67339      0.97776987      0.80957386      0.59850981      0.44312947      0.80837321       1.0407992       7.7382607       1.0087232       631.77079     0.088545445      0.088545445        796.6438                 21.907254                        390.15176                          219.71177             164.87301
              3       399.89315       68.404156       3.0512324      0.97151274     0.022512358      0.11770893     0.052079995       1.0087232       1.0021962       2.1141383   2.1141383e-09       2.4235613       0.2459434      0.24727538       13.762414       1.9050101      0.69887065      0.30105212      0.14086616       147.54078      0.97679806      0.81042798      0.59842049      0.44326851      0.80787847       1.0414387       7.3898669       1.0087232       635.15888     0.088545445      0.088545445        799.6092                 22.063692                        390.74227                          222.35291             164.45032
             14       399.22971         68.2619       3.0481303      0.97093118     0.022696686      0.11806309     0.049511356       1.0087232       1.0021962       2.1075902   2.1075902e-09       2.3912902      0.24602214      0.24735441       13.760343       1.9088911      0.69645862      0.30346383      0.14140465       147.24125      0.97607274      0.81481399      0.59854678      0.44424734      0.80643872       1.0409187       7.0910972       1.0087232       637.23907     0.088545445      0.088545445       798.28233                 22.194089                        391.86725                          223.17773             161.04326
              6       400.56229         68.2619       3.0453285      0.97173487     0.022696686      0.11806309     0.049511356       1.0087232       1.0021962       2.1016934   2.1016934e-09       2.3912902      0.24602214      0.24735441       13.760343       1.9035502      0.69645862      0.30346383      0.14140465       147.24125      0.97500531      0.81392291      0.59789222      0.44376151       0.8055568       1.0409187       7.0910972       1.0087232       638.85884     0.088545445      0.088545445        800.9475                 21.889223                        391.91689                          225.05272             162.08866
              4       399.00847         68.2619       3.0475312      0.97288926     0.022696686      0.11806309     0.049511356       1.0087232       1.0021962       2.1063279   2.1063279e-09       2.3912902      0.24602214      0.24735441       13.760343       1.9077478      0.69645862      0.30346383      0.14140465       147.24125      0.97651007      0.81517907      0.59881497      0.44444639      0.80680004       1.0409187       7.0910972       1.0087232       637.12608     0.088545445      0.088545445       797.83986                 21.827541                        391.92943                          223.36912             160.71377
              3       399.65882         68.2619       3.0466264       0.9734643     0.022696686      0.11806309     0.049511356       1.0087232      0.99974909       2.1044229   2.1044229e-09       2.3912902      0.24602214      0.24735441       13.760343       1.9060224      0.69645862      0.30346383      0.14140465       147.24125      0.97628281      0.81498936      0.59867561      0.44434295      0.80661228       1.0409187       7.0910972       1.0087232       637.65938     0.088545445      0.088545445       799.14055                 21.686359                        392.02454                          223.94849             161.48117
              8       400.20818        68.26301       3.0438188      0.97281295     0.022636915      0.11829044     0.047989406       1.0087232      0.99974909       2.0985229   2.0985229e-09       2.4016857      0.24599672      0.24732889       13.755685       1.9064729      0.69610886      0.30381358      0.14157222       147.24721      0.97634936      0.81589693      0.59889372      0.44463286      0.80667382       1.0413163       6.9483989       1.0087232       638.66587     0.088545445      0.088545445       800.23926                 21.747721                        392.77954                          224.13861             161.57339
              3       399.86254        68.26301       3.0456253      0.97292283     0.022636915      0.11829044     0.047989406       1.0087232      0.99974909       2.1023173   2.1023173e-09       2.4016857      0.24599672      0.24732889       13.755685       1.9099201      0.69610886      0.30381358      0.14157222       147.24721      0.97727268      0.81666852      0.59946008      0.44505334      0.80743668       1.0413163       6.9483989       1.0087232        637.9058     0.088545445      0.088545445       799.54799                 21.832682                        392.76462                           223.3085             161.64218
              1        396.9046       68.073789       3.0665166      0.97304127      0.02263713      0.11838471      0.05827816       1.0087232      0.99974909       2.1466995   2.1466995e-09       2.4016483      0.24599681      0.24732899       13.769902       1.9105196      0.69421322      0.30570879       0.1416667       147.22193      0.98882786         0.82981      0.60664921      0.45109148      0.81585064       1.0408526       7.9949112       1.0087232       634.42064     0.088545445      0.088545445       793.63211                 22.052809                        390.14854                          222.21929             159.21146
              7       396.33322        68.07479       3.0663643      0.97265574     0.022610471      0.11853553     0.058082074       1.0087767      0.99974909       2.1463725   2.1463725e-09        2.406306      0.24598543      0.24731756       13.766434       1.9109778      0.69395428      0.30596774      0.14179087       147.21149      0.98962699       0.8311198      0.60727247      0.45165051      0.81651598       1.0410834       7.9846088       1.0087767       634.34494     0.088545445      0.088545445       792.48934                  22.10922                        390.17551                          222.06022              158.1444
              3       396.31699        68.07479       3.0654019      0.97220227     0.022610471      0.11853553     0.058082074       1.0087767      0.99974909       2.1443079   2.1443079e-09        2.406306      0.24598543      0.24731756       13.766434       1.9091397      0.69395428      0.30596774      0.14179087       147.21149       0.9889799      0.83057635      0.60687539      0.45135519      0.81598208       1.0410834       7.9846088       1.0087767       634.42135     0.088545445      0.088545445       792.45689                 22.129598                        390.18172                          222.11004             158.03554
              7       396.84252        68.07479       3.0641837      0.97208535     0.022610471      0.11853553     0.058082074       1.0087767      0.99974909       2.1416972   2.1416972e-09        2.406306      0.24598543      0.24731756       13.766434       1.9068153      0.69395428      0.30596774      0.14179087       147.21149      0.98833362      0.83003359      0.60647881      0.45106024      0.81544885       1.0410834       7.9846088       1.0087767       635.27974     0.088545445      0.088545445       793.50794                 22.074518                        390.18433                          223.02089              158.2282
              4       397.00015        68.07479       3.0639044      0.97219781     0.022610471      0.11853553     0.058082074       1.0087767      0.99974909       2.1410991   2.1410991e-09        2.406306      0.24598543      0.24731756       13.766434       1.9062828      0.69395428      0.30596774      0.14179087       147.21149      0.98823797      0.82995325      0.60642012      0.45101658      0.81536993       1.0410834       7.9846088       1.0087767       635.57112     0.088545445      0.088545445        793.8232                 22.039341                        390.15455                          223.37723             158.25209
              1       396.19274       68.060515         3.06789      0.97235784     0.022578438       0.1184722     0.060248948       1.0079064      0.99974909       2.1496498   2.1496498e-09       2.4119201      0.24597173      0.24730381       13.770297       1.9056193      0.69403177      0.30589022       0.1416955       147.26394      0.99023939      0.83135731      0.60754607      0.45182537      0.81693559       1.0410563       8.2039074       1.0079064       633.93912     0.088545445      0.088545445       792.20839                 22.156014                        390.49464                          221.28847             158.26926
              5       396.40796       68.060515       3.0669417      0.97258001     0.022578438       0.1184722     0.060248948       1.0079064      0.99974909       2.1476121   2.1476121e-09       2.4119201      0.24597173      0.24730381       13.770297        1.903813      0.69403177      0.30589022       0.1416955       147.26394      0.98985379      0.83103357      0.60730949      0.45164943      0.81661747       1.0410563       8.2039074       1.0079064       634.43376     0.088545445      0.088545445       792.63882                 22.059138                        390.47844                          221.89618             158.20506
             27       396.41242       68.056998       3.0742466      0.97288172     0.022544834      0.11836883     0.064128279       1.0079064       1.0004784       2.1633576   2.1633576e-09       2.4178298      0.24595733      0.24728936        13.77434       1.9029492      0.69429585      0.30562613      0.14155853       147.32889      0.99331156        0.833267      0.60928362      0.45301973      0.81944891        1.041023       8.5856386       1.0079064       634.83611     0.088545445      0.088545445       792.64775                  22.09621                        391.61238                          221.12752             157.81164
              2       397.30841       68.047838       3.0720562      0.97240673     0.022530048      0.11855244     0.062837178       1.0061954       1.0004784       2.1586243   2.1586243e-09       2.4204368      0.24595099        0.247283       13.770556       1.9036951      0.69384895      0.30607301      0.14172736        147.2965       0.9931909      0.83420598      0.60939117      0.45326524      0.81929423       1.0412277       8.4687093       1.0061954       635.54856     0.088545445      0.088545445       794.43973                 22.364372                        391.21265                          221.97153             158.89117
              2       396.49085       68.010088       3.0615223      0.97097104     0.022579041      0.11870524     0.057715709         1.00583       1.0028029       2.1360048   2.1360048e-09       2.4118142      0.24597198      0.24730407        13.76842       1.9031411      0.69307273      0.30684914      0.14192915       147.20137      0.98801562      0.83152205      0.60643144      0.45134947      0.81479899       1.0411506        7.958459         1.00583       634.91489     0.088545445      0.088545445       792.80461                 22.488413                        390.12348                            222.303             157.88972
              2        396.8275       68.010088       3.0619148      0.97502879     0.022579041      0.11870524     0.057715709       1.0063566       1.0028293       2.1368435   2.1368435e-09       2.4118142      0.24597198      0.24730407        13.76842       1.9038884      0.69307273      0.30684914      0.14192915       147.20137      0.98973957      0.83297294      0.60748957      0.45213701      0.81622069       1.0411506        7.958459       1.0063566       635.50657     0.088545445      0.088545445       793.47791                 21.741288                        390.21196                          223.55333             157.97134
              2       399.12753       67.963619       3.0526684      0.97434579     0.022510343      0.11844895      0.05361863       1.0063268        1.008059       2.1171763   2.1171763e-09       2.4239174      0.24594254      0.24727451       13.781401        1.901886      0.69335644      0.30656532      0.14160416       147.34583      0.98427955      0.82740531      0.60379216      0.44928118      0.81144056       1.0409183       7.5577254       1.0063268       633.77004     0.088545445      0.088545445       798.07797                 21.697738                        390.46342                          221.60889             164.30793
              1       398.53312       67.971049       3.0527557      0.97435171      0.02250457      0.11845556     0.053603496       1.0063718       1.0074199       2.1173613   2.1173613e-09       2.4249387      0.24594006      0.24727203       13.780717       1.9021097      0.69342167      0.30650011        0.141605       147.35049       0.9843767      0.82737378      0.60385264      0.44930229        0.811565       1.0409624       7.5576338       1.0063718       633.81278     0.088545445      0.088545445       796.88915                 21.698117                        390.46762                          221.64704             163.07637
              2       397.33878       67.705181       3.0629767      0.97548198     0.022362091      0.11872351     0.057733978        1.007957       1.0029324       2.1391137   2.1391137e-09       2.4503478      0.24587907      0.24721082       13.800994       1.9058414      0.69073545      0.30918571      0.14173047       147.43811      0.99347334      0.83995403      0.60956781      0.45454499      0.81746124        1.040818       8.0097624        1.007957       633.51669     0.088545445      0.088545445       794.50048                 21.487795                        390.23658                          221.79232             160.98378
              2       397.96061       67.705181       3.0569245      0.97005963     0.022362091      0.11872351     0.057733978       1.0051219       1.0036147       2.1262065   2.1262065e-09       2.4503478      0.24587907      0.24721082       13.800994       1.8943418      0.69073545      0.30918571      0.14173047       147.43811      0.98843501      0.83569426      0.60647643       0.4522398      0.81331554        1.040818       8.0097624       1.0051219       631.05796     0.088545445      0.088545445       795.74413                 22.369828                        390.13606                          218.55207             164.68617
              1       398.14681       67.705181       3.0572597      0.96992107     0.022362091      0.11872351     0.057733978       1.0042188       1.0040169       2.1269194   2.1269194e-09       2.4503478      0.24587907      0.24721082       13.800994        1.894977      0.69073545      0.30918571      0.14173047       147.43811      0.98854879      0.83579046      0.60654624      0.45229186      0.81340916        1.040818       8.0097624       1.0042188       631.97269     0.088545445      0.088545445       796.11654                 22.535532                        390.12972                          219.30744             164.14384
              2       400.09739       67.781874       3.0614619      0.97061829     0.022345134      0.11853206     0.059973978       1.0038667       1.0070105       2.1358759   2.1358759e-09       2.4533988      0.24587184      0.24720356       13.799843       1.8944506      0.69188852      0.30803282      0.14152206       147.50806      0.98969424      0.83442248       0.6070257      0.45222683      0.81481277       1.0408879       8.2327407       1.0038667       633.83504     0.088545445      0.088545445       800.01769                 22.527157                        390.47813                          220.82975             166.18265
              2       398.31979       67.866528       3.0605481      0.97029143     0.022443103      0.11860351     0.059673371       1.0041915        1.007122        2.133925    2.133925e-09       2.4358512      0.24591371      0.24724558       13.787665       1.8938584      0.69228885      0.30763269      0.14169148       147.37965       0.9883845      0.83286352      0.60640373      0.45161669      0.81424245       1.0409647        8.181319       1.0041915       632.48241     0.088545445      0.088545445       796.46248                 22.537552                        390.41739                          219.52747             163.98007
              3       401.71183       67.866528       3.0683799      0.96886621     0.022443103      0.11860351     0.059673371       1.0070796       1.0096896       2.1507031   2.1507031e-09       2.4358512      0.24591371      0.24724558       13.787665       1.9087491      0.69228885      0.30763269      0.14169148       147.37965       0.9917257      0.83567899      0.60845365      0.45314336      0.81699497       1.0409647        8.181319       1.0070796       635.06752     0.088545445      0.088545445       803.24658                 22.964837                        390.42523                          221.67745             168.17906
              3       396.26022       67.866528       3.0710119      0.97383161     0.022443103      0.11860351     0.059673371       1.0105435       1.0048813       2.1563712   2.1563712e-09       2.4358512      0.24591371      0.24724558       13.787665       1.9137794      0.69228885      0.30763269      0.14169148       147.37965      0.99490742      0.83836007      0.61040573      0.45459717      0.81961611       1.0409647        8.181319       1.0105435       633.08257     0.088545445      0.088545445       792.34335                 21.778405                        390.43302                          220.87114             159.26079
              3       396.92832       67.882832       3.0777556      0.97483838     0.022400974      0.11844252     0.063062439       1.0112236       1.0030485       2.1709623   2.1709623e-09       2.4433735      0.24589568      0.24722748       13.791758       1.9137136      0.69287743      0.30704414      0.14148836       147.46948      0.99805046      0.83966119      0.61211451      0.45565158      0.82230413        1.040951       8.5194455       1.0112236       634.61979     0.088545445      0.088545445       793.67955                 21.637092                        391.32121                          221.66149             159.05975
              3       398.38529       67.882832         3.07203      0.97784377     0.022400974      0.11844252     0.063062439       1.0086827       1.0042963       2.1585678   2.1585678e-09       2.4433735      0.24589568      0.24722748       13.791758       1.9027878      0.69287743      0.30704414      0.14148836       147.46948      0.99633765       0.8382202      0.61106403      0.45486961      0.82089293        1.040951       8.5194455       1.0086827       637.71064     0.088545445      0.088545445       796.59349                 21.162482                        391.24832                          225.29983             158.88285
              8       398.31251       67.835284       3.0739056      0.97803122     0.022383155      0.11850075     0.063836775       1.0079929       1.0044292       2.1626202   2.1626202e-09       2.4465658      0.24588806      0.24721984       13.794893       1.9034099      0.69235893      0.30756253      0.14152877       147.47387      0.99799044      0.84059183       0.6121214      0.45584891      0.82196667       1.0409166       8.5996709       1.0079929       636.80488     0.088545445      0.088545445       796.44793                 21.224743                        391.50712                          224.07301             159.64305
              4       398.28641       67.866103       3.0548793      0.97588333     0.022481415      0.11834956     0.055434736       1.0070394       1.0010747       2.1218624   2.1218624e-09       2.4290408      0.24593013      0.24726206       13.793591       1.8991848      0.69275318      0.30716836      0.14147584       147.40448      0.98602564      0.82974446       0.6047262      0.45019732      0.81229665       1.0405964       7.7456124       1.0070394       633.72509     0.088545445      0.088545445       796.39574                 21.348113                        390.26539                          222.11158             162.67065
              4       399.21326       67.603292       3.0596393      0.97445237     0.022637368      0.12000571     0.055131808       1.0068433       1.0006141       2.1319867   2.1319867e-09       2.4016068      0.24599691      0.24732909       13.767761        1.909403      0.68639463      0.31352629      0.14328795       146.79348       0.9964681      0.85248111      0.61307812      0.45875869      0.81930824       1.0411507       7.7081577       1.0068433       641.57496     0.088545445      0.088545445       798.24943                 21.742219                        390.19608                          229.63666             156.67448
              2       398.39336       67.603292       3.0500394      0.97205346     0.022637368      0.12000571     0.055131808       1.0024224       1.0009995       2.1116177   2.1116177e-09       2.4016068      0.24599691      0.24732909       13.767761       1.8911606      0.68639463      0.31352629      0.14328795       146.79348      0.99079235      0.84762549      0.60958611      0.45614566      0.81464157       1.0411507       7.7081577       1.0024224       640.69096     0.088545445      0.088545445       796.60964                 22.092259                        390.12614                          228.47256             155.91868
              4        400.6772       67.603292       3.0548689      0.96409372     0.022637368      0.12000571     0.055131808       1.0035486      0.99815772       2.1218403   2.1218403e-09       2.4016068      0.24599691      0.24732909       13.767761        1.900316      0.68639463      0.31352629      0.14328795       146.79348      0.99019453      0.84711406       0.6092183      0.45587044      0.81415004       1.0411507       7.7081577       1.0035486       640.35599     0.088545445      0.088545445       801.17731                 23.893352                        389.91557                          226.54707             160.82132
              1       401.14963       67.501494       3.0461755         0.96287     0.022674721      0.12019164     0.050887305       1.0032445       1.0015237       2.1034743   2.1034743e-09       2.3951028      0.24601282      0.24734505       13.770792       1.8999277      0.68495799       0.3149627      0.14351123       146.70345      0.98652648       0.8468169      0.60719784      0.45487807      0.81052318       1.0409441       7.2692561       1.0032445       643.13212     0.088545445      0.088545445       802.12217                 24.021303                        390.61408                          228.49673             158.99006
              1       399.95629       67.501494       3.0431448      0.97017488     0.022674721      0.12019164     0.050887305       1.0031626      0.99990446       2.0971089   2.0971089e-09       2.3951028      0.24601282      0.24734505       13.770792       1.8941782      0.68495799       0.3149627      0.14351123       146.70345      0.98775963      0.84787541      0.60795683      0.45544666      0.81153632       1.0409441       7.2692561       1.0031626       643.31592     0.088545445      0.088545445       799.73549                 22.293813                        391.06393                          229.95817             156.41957
              4       398.22177        67.39765       3.0484219       0.9716054     0.022514976      0.11966678     0.054083876       1.0036172       1.0015465       2.1082049   2.1082049e-09       2.4230985      0.24594452      0.24727651       13.798604       1.8920655      0.68549358      0.31442687      0.14282662       147.01814      0.98981319      0.84768435      0.60849291      0.45565426      0.81259774       1.0404984       7.6223037       1.0036172        636.0117     0.088545445      0.088545445       796.26645                 22.004377                        390.25806                          223.74927             160.25475
              4       397.88496        67.39765       3.0766926      0.96691632     0.022514976      0.11966678     0.054083876       1.0162105       1.0040344       2.1686557   2.1686557e-09       2.4230985      0.24594452      0.24727651       13.798604       1.9463187      0.68549358      0.31442687      0.14282662       147.01814       1.0021262      0.85822932       0.6160624      0.46132248      0.82270624       1.0404984       7.6223037       1.0162105       634.53844     0.088545445      0.088545445       795.59283                 23.114421                         390.1422                          221.28182             161.05439
              2       397.96944       67.395157        3.074796      0.96660591     0.022523881      0.11973772      0.05305304       1.0161821       1.0045535       2.1645465   2.1645465e-09       2.4215254      0.24594834      0.24728034       13.796657         1.94664       0.6852945      0.31462594      0.14290647       146.98956       1.0013765      0.85806004      0.61568754      0.46111473      0.82207556       1.0405423       7.5163859       1.0161821       634.98438     0.088545445      0.088545445       795.76179                 23.156704                        390.24528                           221.5824             160.77741
              1       398.35012       67.336359       3.0769722      0.96640959     0.022556676      0.12011448     0.053496007       1.0159825       1.0058731       2.1692622   2.1692622e-09       2.4157448       0.2459624      0.24729445       13.790802       1.9491534      0.68384142      0.31607888      0.14331602       146.85405        1.004371      0.86382499      0.61797063      0.46335804       0.8241741       1.0406753       7.5606493       1.0159825        637.1467     0.088545445      0.088545445       796.52316                 23.297709                        390.11366                          223.73534             159.37645
              2        397.5902       67.336359       3.0739018      0.97035743     0.022556676      0.12011448     0.053496007       1.0145929       1.0040704       2.1626118   2.1626118e-09       2.4157448       0.2459624      0.24729445       13.790802       1.9431778      0.68384142      0.31607888      0.14331602       146.85405       1.0043273      0.86378744      0.61794377       0.4633379      0.82413828       1.0406753       7.5606493       1.0145929       637.72874     0.088545445      0.088545445       795.00332                 22.480621                         390.2613                          224.98682             157.27458
              4       399.20299       67.336359       3.0694107      0.96895169     0.022556676      0.12011448     0.053496007       1.0116057      0.99977547       2.1529213   2.1529213e-09       2.4157448       0.2459624      0.24729445       13.790802       1.9344705      0.68384142      0.31607888      0.14331602       146.85405       1.0015421      0.86139198      0.61623008      0.46205297      0.82185277       1.0406753       7.5606493       1.0116057       639.12798     0.088545445      0.088545445       798.22889                 22.847304                        390.21432                          226.06636             159.10091
              1       402.11722       67.648889       3.0893058      0.97173789     0.022570608      0.11958187     0.063780465       1.0117517      0.99653685       2.1961826   2.1961826e-09       2.4132951      0.24596837      0.24730044        13.77698       1.9331673      0.68788928      0.31203176      0.14279735       146.97889       1.0083839      0.85926286      0.61987761       0.4632929      0.82938514       1.0410165       8.5679545       1.0117517       640.17625     0.088545445      0.088545445       804.05735                 22.664461                        391.61645                          225.89533             163.88111
              4       397.94853       67.681769       3.0853807      0.97119196     0.022580395      0.11964077      0.06173691       1.0119257        1.001281       2.1875792   2.1875792e-09       2.4115765      0.24597256      0.24730465       13.772191       1.9334805      0.68804251      0.31187859      0.14286603       146.95252       1.0063064        0.857322      0.61867487      0.46233723      0.82787751        1.041151       8.3691256       1.0119257       639.17022     0.088545445      0.088545445       795.71997                 22.693309                        390.92338                          225.55352             156.54976
              6       397.31042       67.681769       3.0836375      0.97075812     0.022580395      0.11964077      0.06173691       1.0112134       1.0022353       2.1837694   2.1837694e-09       2.4115765      0.24597256      0.24730465       13.772191       1.9301131      0.68804251      0.31187859      0.14286603       146.95252        1.005264      0.85643395      0.61803403      0.46185833      0.82701997        1.041151       8.3691256       1.0112134       638.60498     0.088545445      0.088545445       794.44375                 22.756238                        390.91334                           224.9354             155.83877
              3        397.5318       67.566848       3.0849864      0.97069957     0.022546373       0.1198965     0.061850999       1.0115139       1.0017547        2.186717    2.186717e-09       2.4175586      0.24595799      0.24729002       13.776421       1.9322774      0.68649478      0.31342606      0.14308774       146.92284       1.0080273      0.86188951      0.61997318       0.4638811      0.82858892       1.0411629       8.3929202       1.0115139       638.75902     0.088545445      0.088545445       794.88651                 22.762018                        390.97624                          225.02076              156.1275
              3       395.95909        67.55894       3.0839736      0.97058226     0.022542596      0.11990263     0.061346151       1.0128826       1.0029944       2.1845034   2.1845034e-09       2.4182242      0.24595637       0.2472884       13.777062       1.9322715      0.68641623      0.31350459      0.14309009       146.92541       1.0075675      0.86164019      0.61969292      0.46370045       0.8281625       1.0411554       8.3446899       1.0128826       636.87123     0.088545445      0.088545445        791.7411                 22.581548                        390.84518                           223.4445             154.86987
              3       396.64718       67.559236       3.0848425      0.97069388     0.022539432      0.11989602     0.061764293       1.0134142      0.99936546       2.1864024   2.1864024e-09       2.4187818      0.24595501      0.24728703         13.7773       1.9323345      0.68644039      0.31348043      0.14308031       146.93065       1.0080366      0.86198341      0.61997083      0.46389946      0.82854986       1.0411577       8.3861239       1.0134142       637.36175     0.088545445      0.088545445       793.11728                 22.506257                        391.00607                          223.84943             155.75552
              4       397.00753       67.601334       3.0850859      0.97086363     0.022536036      0.11976281     0.062093687       1.0120059      0.99993532       2.1869345   2.1869345e-09       2.4193805      0.24595356      0.24728557       13.777249       1.9315319      0.68712973      0.31279119      0.14294371       146.96951       1.0073678      0.85997463       0.6194116      0.46322604      0.82825814       1.0411529       8.4166432       1.0120059       637.15808     0.088545445      0.088545445       793.83797                 22.660357                        391.01568                          223.48204             156.67989
              3       397.52762       67.601334       3.0899222      0.97209605     0.022536036      0.11976281     0.062093687       1.0139847       1.0029906       2.1975368   2.1975368e-09       2.4193805      0.24595356      0.24728557       13.777249        1.940896      0.68712973      0.31279119      0.14294371       146.96951       1.0102794      0.86246018      0.62120186      0.46456488      0.83065202       1.0411529       8.4166432       1.0139847       638.58453     0.088545445      0.088545445       794.87815                  22.48549                        391.04965                          225.04939             156.29362
              1       397.74797       67.633509       3.0908283      0.97222145     0.022562447      0.11970975     0.062717627       1.0169005          1.0019       2.1995288   2.1995288e-09       2.4147296      0.24596488      0.24729694       13.775105       1.9402327      0.68748559      0.31243541      0.14291706       146.95424       1.0101558      0.86167685      0.62109695      0.46435428      0.83074805       1.0411254        8.469817       1.0169005       640.89905     0.088545445      0.088545445       795.31885                 22.106847                        391.24169                          227.55051              154.4198
              1       398.43256       67.343147       3.0878349        0.971258     0.022540874      0.12035942     0.060222331       1.0173619       1.0017352       2.1929548   2.1929548e-09       2.4185275      0.24595563      0.24728766       13.783993       1.9441118      0.68339989      0.31652043      0.14354516       146.80738       1.0131015      0.87247322      0.62359138      0.46773572      0.83138018       1.0409911       8.2425871       1.0173619       642.62856     0.088545445      0.088545445       796.68804                 22.174525                        390.56191                          229.89212             154.05948
              3       396.34235       67.285952       3.0859657       0.9709808     0.022533061      0.12043809     0.059212006       1.0151955       1.0012074       2.1888595   2.1888595e-09       2.4199051      0.24595228      0.24728429       13.787184       1.9444062      0.68270492      0.31721526      0.14361602       146.79514       1.0127618      0.87353247      0.62345919        0.467893       0.8307484       1.0409221       8.1459793       1.0151955       638.00142     0.088545445      0.088545445        792.5076                 22.460655                        390.37356                          225.16721             154.50619
              3       396.19343       67.285952        3.080837      0.96710178     0.022533061      0.12043809     0.059212006       1.0128592       1.0018796       2.1776623   2.1776623e-09       2.4199051      0.24595228      0.24728429       13.787184       1.9344595      0.68270492      0.31721526      0.14361602       146.79514       1.0086878      0.87001853      0.62095122      0.46601082      0.82740657       1.0409221       8.1459793       1.0128592       636.87681     0.088545445      0.088545445       792.20976                 23.202686                        390.39594                          223.27818             155.33295
              2       397.41782       67.285952       3.0813104      0.96556917     0.022533061      0.12043809     0.059212006       1.0135206      0.99978741       2.1786933   2.1786933e-09       2.4199051      0.24595228      0.24728429       13.787184       1.9353753      0.68270492      0.31721526      0.14361602       146.79514        1.008343      0.86972114      0.62073897      0.46585153      0.82712375       1.0409221       8.1459793       1.0135206       637.19823     0.088545445      0.088545445       794.65855                 23.473306                        390.34215                          223.38277             157.46032
              4       397.20417       67.285952       3.0815288      0.96559949     0.022533061      0.12043809     0.059212006       1.0136076        1.002258       2.1791693   2.1791693e-09       2.4199051      0.24595228      0.24728429       13.787184       1.9357981      0.68270492      0.31721526      0.14361602       146.79514       1.0084647      0.86982608      0.62081387      0.46590774      0.82722355       1.0409221       8.1459793       1.0136076        637.1641     0.088545445      0.088545445       794.23125                     23.47                        390.34215                          223.35195             157.06715
              1        396.5801       67.285952       3.0760932      0.96874361     0.022533061      0.12043809     0.059212006       1.0113206       1.0017574       2.1673562   2.1673562e-09       2.4199051      0.24595228      0.24728429       13.787184       1.9253044      0.68270492      0.31721526      0.14361602       146.79514       1.0069225      0.86849592       0.6198645      0.46519526      0.82595853       1.0409221       8.1459793       1.0113206       638.17195     0.088545445      0.088545445       792.98311                 22.742914                        390.34402                          225.08502             154.81116
              6       396.75931       67.330156       3.0672463      0.96795058     0.022501929      0.12025198     0.055149709       1.0112327       1.0032003       2.1482665   2.1482665e-09        2.425406      0.24593893      0.24727089       13.789114       1.9239143      0.68360062      0.31631966      0.14339877       146.87851       1.0012707      0.86170925        0.616152      0.46208238      0.82159221        1.040941       7.7435218       1.0112327       636.24478     0.088545445      0.088545445       793.34154                 22.752401                         390.0332                          223.45918             157.09676
              1       397.44117       67.134603       3.0602163      0.96671988     0.022449834      0.12072555     0.050791201       1.0112442       1.0031468       2.1332172   2.1332172e-09       2.4346526      0.24591659      0.24724847        13.79519       1.9271628      0.68081954      0.31910028      0.14382025       146.81176       1.0009795      0.86700924      0.61642492      0.46329966      0.82015964       1.0409825       7.3145065       1.0112442       636.83539     0.088545445      0.088545445       794.70526                 22.900915                        390.82858                          223.10589             157.86987
              1       397.36864       67.134603       3.0652573      0.96560403     0.022449834      0.12072555     0.050791201       1.0130848       1.0002243       2.1439979   2.1439979e-09       2.4346526      0.24591659      0.24724847        13.79519       1.9369021      0.68081954      0.31910028      0.14382025       146.81176       1.0030837       0.8688318      0.61772072      0.46427358      0.82188372       1.0409825       7.3145065       1.0130848       636.12261     0.088545445      0.088545445        794.5602                 23.233438                        390.70343                          222.18574             158.43759
              1       398.78375       67.134603       3.0691957      0.97184622     0.022449834      0.12072555     0.050791201       1.0167241      0.99905547       2.1524583   2.1524583e-09       2.4346526      0.24591659      0.24724847        13.79519       1.9445453      0.68081954      0.31910028      0.14382025       146.81176       1.0074316      0.87259777      0.62039825      0.46628598      0.82544619       1.0409825       7.3145065       1.0167241       641.78656     0.088545445      0.088545445       797.39041                 21.852029                        391.12706                          228.80747             155.60385
              1       397.66367       67.132593       3.0691695      0.97184123     0.022449685      0.12072805      0.05077596       1.0155929        1.004435        2.152402    2.152402e-09       2.4346792      0.24591653      0.24724841       13.795306       1.9445538       0.6807952      0.31912461       0.1438226       146.81127       1.0074389      0.87265095       0.6204053      0.46630017      0.82543984       1.0409794       7.3129804       1.0155929       639.34717     0.088545445      0.088545445       795.15026                  21.98183                        391.10503                          226.26031             155.80309
              1       397.97322       67.114657       3.0717366      0.97244582     0.022383753      0.12052995     0.052191739        1.015775       1.0058609       2.1579345   2.1579345e-09       2.4464587      0.24588832       0.2472201       13.804061       1.9440395      0.68121075      0.31870902      0.14355857       146.93634       1.0085144      0.87244201      0.62078236      0.46643159      0.82621062       1.0408901        7.471001        1.015775        637.2798     0.088545445      0.088545445       795.76936                 21.881697                        390.64817                          224.74994             158.48956
              4        397.8123       67.169125       3.0751633      0.97293372     0.022390749      0.12042676     0.054010429       1.0161044       1.0058215       2.1653417   2.1653417e-09       2.4452046      0.24589131       0.2472231       13.801791       1.9436299      0.68194075      0.31797915      0.14346238        146.9557       1.0096072       0.8719407      0.62135094      0.46659128       0.8274415       1.0409277       7.6550583       1.0161044       637.33238     0.088545445      0.088545445       795.44751                 21.811421                        390.27021                          225.25075             158.11513
              4       398.48598       67.087822       3.0797403      0.97344703     0.022294053      0.12055897     0.055602054         1.01623       1.0020403       2.1752753   2.1752753e-09       2.4626245      0.24585003      0.24718167       13.808111       1.9463409      0.68109049      0.31882921      0.14349788       147.02829       1.0139282      0.87724765      0.62404883      0.46893009      0.83047975       1.0410709       7.8415308         1.01623       637.71352     0.088545445      0.088545445       796.79488                 21.801307                        390.19862                           225.7136             159.08135
              1       398.68903       67.087822       3.0666747      0.96875082     0.022294053      0.12055897     0.055602054       1.0106639       1.0014807       2.1470387   2.1470387e-09       2.4626245      0.24585003      0.24718167       13.808111        1.921076      0.68109049      0.31882921      0.14349788       147.02829       1.0055415      0.86999148        0.618887      0.46505133      0.82361042       1.0410709       7.8415308       1.0106639        635.3762     0.088545445      0.088545445       797.20097                 22.495897                        390.07487                          222.80544             161.82477
              6       399.56105       67.087157       3.0722277      0.96940843     0.022300544      0.12054076     0.058351025       1.0097077        1.007767       2.1589945   2.1589945e-09       2.4614492       0.2458528      0.24718445       13.808488       1.9211819      0.68111019      0.31880952      0.14348617       147.02588       1.0084388       0.8724454      0.62065757      0.46637459      0.82597944       1.0410333       8.1168899       1.0097077       634.47369     0.088545445      0.088545445         798.945                  22.58479                        390.29525                          221.59365             164.47132
              3       398.46688       67.088237       3.0729646       0.9694741     0.022302351      0.12055576     0.058677645       1.0107701       1.0010474        2.160586    2.160586e-09       2.4611224      0.24585357      0.24718523       13.807935       1.9213425      0.68108312      0.31883659      0.14350298       147.01992       1.0088958      0.87291451      0.62095702       0.4666095      0.82636041       1.0410475        8.149399       1.0107701        636.0192     0.088545445      0.088545445       796.75667                 22.448106                        390.35915                          223.21194             160.73748
              2       398.58652       67.088237       3.0962007      0.97336218     0.022302351      0.12055576     0.058677645       1.0225255       1.0025892       2.2113775   2.2113775e-09       2.4611224      0.24585357      0.24718523       13.807935       1.9665099      0.68108312      0.31883659      0.14350298       147.01992       1.0221853      0.88441278      0.62913644      0.47275581      0.83724546       1.0410475        8.149399       1.0225255       638.81076     0.088545445      0.088545445       796.99596                 21.776149                        390.34231                           226.6923              158.1852
              2       398.89559       67.675299       3.0980051      0.97383413     0.022562195      0.11989093     0.061203854       1.0211733       1.0041829       2.2153713   2.2153713e-09       2.4147739      0.24596477      0.24729683        13.76649        1.960133      0.68747638      0.31244471      0.14309799       146.90676        1.015226      0.86629246      0.62441179      0.46683606      0.83517561       1.0414399       8.3264598       1.0211733       641.11836     0.088545445      0.088545445       797.61408                 21.891087                        390.74915                          228.47812             156.49572
              1       397.29345       67.993136       3.1025546      0.97574219     0.022453965      0.11869245     0.065049984       1.0204252       1.0035321       2.2254732   2.2254732e-09       2.4339175      0.24591836      0.24725025       13.773677       1.9539825      0.69321787      0.30670396      0.14179128       147.34413       1.0113424      0.85068559      0.62059834      0.46183884      0.83393223       1.0414081       8.7031495       1.0204252        637.0404     0.088545445      0.088545445       794.40982                 21.704622                        391.96622                          223.36956             157.36941
              4       395.97509       67.972979       3.0985774      0.97574559     0.022483501      0.11826963     0.064296082       1.0198473       1.0029196       2.2166394   2.2166394e-09       2.4286709      0.24593102      0.24726296       13.786194       1.9491631       0.6938871      0.30603468        0.141398       147.42344       1.0068609       0.8451272      0.61741943      0.45922228      0.83011379       1.0408253       8.6146303       1.0198473       634.17276     0.088545445      0.088545445       791.77309                 21.635791                        391.66662                          220.87034             157.60033
              1       398.29646        67.91678       3.1020523      0.97624733     0.022448913      0.11823479     0.065993288       1.0207889      0.99897169       2.2243555   2.2243555e-09       2.4348166      0.24591619      0.24724808       13.793099       1.9493201       0.6935308      0.30639086      0.14132857       147.47131       1.0091201      0.84756005      0.61872881      0.46033001      0.83163237       1.0407092       8.7845872       1.0207889       635.60277     0.088545445      0.088545445       796.41582                 21.497367                        392.37804                          221.72736             160.81306
              7       397.47566        67.91678       3.1010526      0.97592533     0.022448913      0.11823479     0.065993288       1.0203736       1.0011283       2.2221328   2.2221328e-09       2.4348166      0.24591619      0.24724808       13.793099       1.9473722       0.6935308      0.30639086      0.14132857       147.47131        1.008492      0.84703258      0.61834375      0.46004353      0.83111481       1.0407092       8.7845872       1.0203736        635.5598     0.088545445      0.088545445       794.77423                 21.536559                        392.37871                          221.64453             159.21443
              1       397.32306        67.91678       3.0954279      0.97446083     0.022448913      0.11823479     0.065993288       1.0159276       1.0036282       2.2096691   2.2096691e-09       2.4348166      0.24591619      0.24724808       13.793099       1.9364496       0.6935308      0.30639086      0.14132857       147.47131       1.0050992      0.84418291      0.61626345       0.4584958      0.82831869       1.0407092       8.7845872       1.0159276       634.33634     0.088545445      0.088545445       794.46903                 21.950444                        392.36834                          220.01756             160.13269
              1       397.16942        68.00518       3.1003288      0.97513427     0.022469888      0.11809455     0.068609627       1.0167013       1.0034697        2.220525    2.220525e-09       2.4310868      0.24592519       0.2472571       13.788483       1.9358072      0.69458493      0.30533693       0.1412093       147.48527        1.006524       0.8433103      0.61700683       0.4586536      0.83003258       1.0407701       9.0241506       1.0167013       635.36228     0.088545445      0.088545445       794.16175                 21.832482                        393.57212                          219.95768             158.79946
              2       396.90809        68.21028       3.0945841      0.97468584     0.022496174      0.11781435     0.066225053       1.0160838      0.99966248       2.2078055   2.2078055e-09       2.4264249      0.24593646      0.24726841        13.77718       1.9339198       0.6969646      0.30295772      0.14095539       147.53073       1.0008932       0.8339641       0.6132791      0.45499191      0.82663285       1.0410157       8.7874101       1.0160838       634.33686     0.088545445      0.088545445       793.63909                 21.906182                        392.37501                          220.05567             159.30223
              6       396.36076        68.21028       3.1004916      0.97307726     0.022496174      0.11781435     0.066225053       1.0192653       1.0013379       2.2208866   2.2208866e-09       2.4264249      0.24593646      0.24726841        13.77718       1.9453782       0.6969646      0.30295772      0.14095539       147.53073       1.0032378      0.83591762      0.61471568      0.45605771       0.8285692       1.0410157       8.7874101       1.0192653       634.04405     0.088545445      0.088545445       792.54443                 22.165636                        392.41393                          219.46449             158.50038
              1       397.37522       68.199853       3.1031669        0.973401     0.022484564      0.11781674     0.067472519       1.0189594      0.99975771        2.226836    2.226836e-09       2.4284823      0.24593148      0.24726342       13.778359        1.945729      0.69689176      0.30303055      0.14094617       147.54303       1.0048534      0.83738089      0.61569554      0.45681211      0.82984007        1.041017       8.9084383       1.0189594       634.81696     0.088545445      0.088545445       794.57334                  22.19341                        393.00528                          219.61827             159.75638
              1       397.80411       68.198006       3.1030934      0.97343795     0.022478778      0.11778343     0.067490388        1.020084      0.99933885       2.2266725   2.2266725e-09       2.4295087        0.245929      0.24726093       13.779592       1.9455166       0.6969594       0.3029629      0.14090708       147.55837       1.0047016       0.8370749      0.61555988      0.45668597      0.82970354        1.040991       8.9109116        1.020084       634.98054     0.088545445      0.088545445       795.43112                 22.046025                        393.00833                          219.92618             160.45059
              2       400.21678       68.198006        3.104135      0.97584321     0.022478778      0.11778343     0.067490388       1.0219752       1.0054601        2.228993    2.228993e-09       2.4295087        0.245929      0.24726093       13.779592       1.9475441       0.6969594       0.3029629      0.14090708       147.55837       1.0061485      0.83828037      0.61644635      0.45734364       0.8308984        1.040991       8.9109116       1.0219752       639.39045     0.088545445      0.088545445       800.25646                 21.498188                        392.97711                          224.91515             160.86601
              3       398.78084       68.199087       3.1033429      0.97593328     0.022470935      0.11776881     0.067216735       1.0217888       1.0019138        2.227228    2.227228e-09       2.4309009      0.24592563      0.24725755       13.780111       1.9470673       0.6970173        0.302905      0.14088461       147.57104       1.0057637      0.83782227      0.61618602      0.45712866       0.8305872       1.0409987       8.8868059       1.0217888       638.89168     0.088545445      0.088545445       797.38459                 21.483855                        392.83196                          224.57587              158.4929
              5       397.65113       68.199087       3.1075247      0.97707235     0.022470935      0.11776881     0.067216735       1.0227401      0.99915112       2.2365615   2.2365615e-09       2.4309009      0.24592563      0.24725755       13.780111       1.9552267       0.6970173        0.302905      0.14088461       147.57104       1.0083077      0.83994147      0.61774462      0.45828493       0.8326881       1.0409987       8.8868059       1.0227401        636.1412     0.088545445      0.088545445       795.12516                 21.434863                        392.82952                          221.87682             158.98396
              2       398.05441       67.981241       3.0782961      0.97584971     0.022436892      0.11859132     0.053071546       1.0200673      0.99946806        2.172136    2.172136e-09        2.436958      0.24591104      0.24724291       13.777954       1.9533931      0.69336627      0.30655553      0.14167308       147.38986      0.99883798      0.83972813      0.61279735      0.45597829      0.82354928       1.0413097        7.520907       1.0200673       635.33072     0.088545445      0.088545445       795.93173                 21.425226                        390.63681                          223.26868             160.60102
              3       401.32596       67.991212       3.0782057      0.97592631     0.022434715      0.11856002     0.053119652        1.020024        1.010431       2.1719397   2.1719397e-09       2.4373461      0.24591011      0.24724197        13.77798       1.9530286      0.69352863       0.3063932       0.1416396       147.40061      0.99863022      0.83921488      0.61263369      0.45579615      0.82343836       1.0413119       7.5258162        1.020024       635.33605     0.088545445      0.088545445       802.47484                 21.412895                        390.63704                          223.28612             167.13878
              1       397.87041       68.639951       3.0924429      0.97584472     0.022714946      0.11719464     0.061707374          1.0188       1.0016995       2.2030832   2.2030832e-09       2.3881278      0.24602987      0.24736217       13.750052       1.9472986      0.70159759       0.2983257      0.14055445        147.4524      0.99337113      0.81886535      0.60823679      0.44951621      0.82300034       1.0410711       8.2911518          1.0188       636.43116     0.088545445      0.088545445       795.56373                 21.808631                        390.73357                          223.88895             159.13257
              1       398.03507       68.639951       3.0660943      0.97401644     0.022714946      0.11719464     0.061707374        1.007079       1.0029522       2.1457931   2.1457931e-09       2.3881278      0.24602987      0.24736217       13.750052       1.8966601      0.70159759       0.2983257      0.14055445        147.4524      0.97968263      0.80758151      0.59985538      0.44332194      0.81165952       1.0410711       8.2911518        1.007079       635.39411     0.088545445      0.088545445       795.89305                 21.925789                        390.73205                          222.73627             160.49894
              2       399.19149       68.384265       3.0836028      0.97406935     0.022638521      0.11760467     0.068198318       1.0103021       1.0029578       2.1836935   2.1836935e-09       2.4014055       0.2459974      0.24732958       13.763579        1.905265      0.69864862      0.30127411      0.14088806       147.42798      0.99219121      0.82362584      0.60787449      0.45035436      0.82049033        1.040945       8.9332973       1.0103021       639.05338     0.088545445      0.088545445        798.2059                 21.921034                        393.23096                          223.90139             159.15251
              3       400.99168       68.172818       3.1003859      0.97191216     0.022759037      0.11859163     0.072694368       1.0123958       1.0009819        2.220652    2.220652e-09       2.3805176      0.24604847      0.24738084       13.752181       1.9201669      0.69439341      0.30552883      0.14199553       147.03198       1.0050154      0.84356037      0.61693779      0.45867432      0.82980935       1.0410519       9.3379667       1.0123958       646.06175     0.088545445      0.088545445       801.80626                 22.605691                        395.95249                          227.50357             155.74451
              1       400.68817       68.172818       3.1719012      0.97283613     0.022759037      0.11859163     0.072694368       1.0477466       1.0016348        2.385279    2.385279e-09       2.3805176      0.24604847      0.24738084       13.752181       2.0625176      0.69439341      0.30552883      0.14199553       147.03198       1.0419701      0.87457839      0.63962281      0.47553993      0.86032173       1.0410519       9.3379667       1.0477466       642.89292     0.088545445      0.088545445       801.19924                 22.620288                        395.93846                          224.33418             158.30632
              2        403.1922       68.781929       3.1798456       0.9759633     0.022775244      0.11711533     0.080003352       1.0469651      0.99841774       2.4043041   2.4043041e-09       2.3777296      0.24605528      0.24738767       13.738033       2.0487991       0.7028684      0.29705521      0.14053544       147.40653        1.036216      0.85178856      0.63444908      0.46838833      0.85938443       1.0412527       9.9606399       1.0469651       646.04037     0.088545445      0.088545445        806.2073                 22.195124                        400.66938                          223.17587             160.16693
              2       402.71639       68.781929       3.1828535      0.97783497     0.022775244      0.11711533     0.080003352       1.0485064      0.99974109       2.4115468   2.4115468e-09       2.3777296      0.24605528      0.24738767       13.738033       2.0549709       0.7028684      0.29705521      0.14053544       147.40653       1.0385231      0.85368505      0.63586167      0.46943118      0.86129783       1.0412527       9.9606399       1.0485064       645.87342     0.088545445      0.088545445       805.25569                 21.867767                        400.50668                          223.49898             159.38227
              2       402.70521       67.846141       3.1661972       0.9727123     0.022753108      0.11899155     0.067398049       1.0510425      0.99951174       2.3717122   2.3717122e-09       2.3815388      0.24604598      0.24737833       13.770487       2.0726252      0.69058743      0.30933407      0.14238953       146.93281       1.0426231      0.88280698      0.64046714      0.47764341       0.8587958       1.0405157       8.8549637       1.0510425       643.18378     0.088545445      0.088545445       805.23333                 22.272755                        392.97541                          227.93562             162.04955
              1       403.74083       67.585484       3.1643213      0.97180277     0.022723201      0.11979046     0.064811525       1.0491079       1.0009968       2.3672672   2.3672672e-09       2.3867003      0.24603336      0.24736567       13.772845       2.0794702      0.68651267      0.31340822      0.14315853       146.75536       1.0470987      0.89537411      0.64408311      0.48191396       0.8608239       1.0406521       8.6325102       1.0491079        644.4345     0.088545445      0.088545445       807.30456                 22.708405                        391.94546                          229.78063             162.87007
              1       402.38893       67.585484       3.1486444      0.97262552     0.022723201      0.11979046     0.064811525       1.0413745       1.0011244       2.3304452   2.3304452e-09       2.3867003      0.24603336      0.24736567       13.772845       2.0471248      0.68651267      0.31340822      0.14315853       146.75536       1.0392477      0.88866076       0.6392539      0.47830066      0.85436961       1.0406521       8.6325102       1.0413745       643.91418     0.088545445      0.088545445       804.60077                 22.489711                        391.96102                          229.46344              160.6866
              1        400.7049       67.623416       3.1287002       0.9734112     0.022659778      0.12011182     0.056303083       1.0391917       1.0001233       2.2844268   2.2844268e-09       2.3977016      0.24600646      0.24733867       13.762501        2.041141      0.68630021      0.31362077      0.14341647       146.74092       1.0313833      0.88272182      0.63470199      0.47497534      0.84814218       1.0412634       7.8227831       1.0391917        641.8461     0.088545445      0.088545445        801.2327                 22.148333                        390.10236                           229.5954              159.3866
              2       400.24317       67.662365       3.1287745      0.97358478     0.022661985       0.1200177     0.056578635       1.0390723       1.0010981       2.2845965   2.2845965e-09       2.3973175       0.2460074      0.24733961       13.761519        2.040168      0.68686203      0.31305904      0.14332455       146.76316       1.0307966        0.881051      0.63423925      0.47441638      0.84790374       1.0412759       7.8483485       1.0390723       641.54146     0.088545445      0.088545445       800.30926                  22.12347                        390.09459                           229.3234              158.7678
              2       398.53222       67.662365       3.1072868      0.96643278     0.022661985       0.1200177     0.056578635       1.0278462        1.002047       2.2360295   2.2360295e-09       2.3973175       0.2460074      0.24733961       13.761519       1.9967971      0.68686203      0.31305904      0.14332455       146.76316       1.0170139      0.86927054      0.62575889        0.468073       0.8365665       1.0412759       7.8483485       1.0278462       640.99548     0.088545445      0.088545445       796.88734                 23.560719                        389.96748                          227.46728             155.89186
              1       398.20495        67.49379       3.1161595      0.97002016     0.022325804      0.11952057     0.062273414       1.0296658       1.0033387       2.2559572   2.2559572e-09        2.456884      0.24586359      0.24719528       13.799133       1.9917777      0.68712515      0.31279552      0.14249124       147.26707       1.0236562      0.87319523      0.62892831      0.47034472      0.84098067        1.041119       8.4809233       1.0296658       633.77134     0.088545445      0.088545445        796.2328                 22.543412                         391.1811                          220.04683             162.46146
              1       397.46361       67.533855       3.1200821      0.96963336     0.022372837      0.11934104     0.064079253       1.0297559       1.0013452        2.264824    2.264824e-09       2.4484173      0.24588366      0.24721542        13.79916       1.9923972      0.68778677      0.31213399      0.14235875       147.26223       1.0239797       0.8720672       0.6289808      0.47013508      0.84149612       1.0409294       8.6410752       1.0297559       633.24165     0.088545445      0.088545445       794.75013                 22.716028                        391.81757                          218.70806             161.50848
              3       396.52561       67.205221       3.1068799      0.96660151     0.022454158      0.12039411      0.05550075       1.0304884       1.0024281       2.2351197   2.2351197e-09       2.4338831      0.24591844      0.24725033       13.797727       2.0002923      0.68221423      0.31770575      0.14349313         146.894       1.0224532      0.88258874      0.62929055      0.47245177      0.83819475       1.0408384        7.791844       1.0304884       634.04713     0.088545445      0.088545445       792.87414                  23.08258                        389.99889                          220.96567               158.827
              2       397.07038       67.205221       3.1261478      0.97247932     0.022454158      0.12039411      0.05550075       1.0403081       1.0033222       2.2786034   2.2786034e-09       2.4338831      0.24591844      0.24725033       13.797727       2.0392075      0.68221423      0.31770575      0.14349313         146.894       1.0346453      0.89311307      0.63679445      0.47808547      0.84818972       1.0408384        7.791844       1.0403081       636.58442     0.088545445      0.088545445       793.96367                 21.991962                        390.10956                           224.4829             157.37925
              4       397.64661       67.297925       3.1173581      0.97275299     0.022445722      0.11990915     0.052757002       1.0388093      0.99990197       2.2586628   2.2586628e-09       2.4353847      0.24591483       0.2472467        13.80282       2.0324845      0.68417855      0.31574166      0.14299974       147.03103       1.0272693      0.88241871      0.63171052      0.47353391      0.84272357       1.0406319       7.5057943       1.0388093       635.16684     0.088545445      0.088545445       795.11614                 21.898973                        390.53516                          222.73271             159.94929
              4       397.80924       68.146099       3.1234608      0.97748012     0.022428346      0.11771242     0.061219449       1.0355609        1.005685        2.272489    2.272489e-09       2.4384821      0.24590739      0.24723923       13.787533       2.0106073      0.69675909       0.3031631      0.14078563       147.63384       1.0167896      0.84732727      0.62283168      0.46215726      0.83936647       1.0408898       8.3205954       1.0355609        634.4065     0.088545445      0.088545445       795.44139                 21.375756                        390.71309                          222.31765             161.03489
              1       397.35962       68.146099       3.1219137      0.97226592     0.022428346      0.11771242     0.061219449       1.0351374       1.0054997        2.268976    2.268976e-09       2.4384821      0.24590739      0.24723923       13.787533       2.0074991      0.69675909       0.3031631      0.14078563       147.63384       1.0139845      0.84498962      0.62111339      0.46088224      0.83705078       1.0408898       8.3205954       1.0351374       632.03521     0.088545445      0.088545445       794.54214                 22.178128                        390.71345                          219.14363             162.50693
              2       397.11518       68.000063       3.1225207       0.9712876     0.022445385      0.11806983     0.060425642       1.0357359       1.0054617       2.2703536   2.2703536e-09       2.4354448      0.24591468      0.24724656       13.790285       2.0119096      0.69464541      0.30527644      0.14116008       147.51926       1.0163577      0.85136555      0.62298066      0.46307132      0.83811043       1.0407918       8.2450601       1.0357359       631.53318     0.088545445      0.088545445       794.05327                 22.348492                        390.54016                          218.64454             162.52009
              1       397.44955       68.325099       3.1315747      0.97155515     0.022571626      0.11753564     0.065416757       1.0355542       1.0051732       2.2910028   2.2910028e-09       2.4131164      0.24596881      0.24730088       13.772541        2.010043      0.69841764      0.30150494      0.14075213       147.52096       1.0157109      0.84336607      0.62213391      0.46100696      0.83957648       1.0408671       8.6863492       1.0355542       634.47401     0.088545445      0.088545445       794.72201                 22.538444                        392.08628                          219.84929             160.24799
              2       399.04009       68.325099       3.1313403      0.97379943     0.022571626      0.11753564     0.065416757       1.0359136       1.0084935       2.2904659   2.2904659e-09       2.4131164      0.24596881      0.24730088       13.772541       2.0095719      0.69841764      0.30150494      0.14075213       147.52096       1.0164625       0.8439901      0.62259424      0.46134807       0.8401977       1.0408671       8.6863492       1.0359136       633.67077     0.088545445      0.088545445       797.90308                 22.065357                         392.0789                          219.52651             164.23231
              4       396.16291       68.403486       3.1328517      0.97423055     0.022573747      0.11738511     0.066511713       1.0353726       1.0026026       2.2939302   2.2939302e-09       2.4127437      0.24596972      0.24730179       13.769644       2.0082087      0.69942562      0.30049715      0.14060372        147.5588       1.0162139      0.84172736      0.62227785      0.46072782      0.84047395       1.0409342       8.7868389       1.0353726       634.50577     0.088545445      0.088545445       792.14873                 22.070516                        392.44051                          219.99475             157.64295
              3       396.63711       68.488183       3.1323991      0.97519634     0.022536269      0.11721969     0.067016203       1.0362282       1.0012331       2.2928922   2.2928922e-09       2.4193394      0.24595366      0.24728567       13.767686       2.0052757      0.70060113      0.29932182      0.14040083       147.64493       1.0153907      0.83860297       0.6215493      0.45973776      0.84031281       1.0411052        8.841065       1.0362282        635.1318     0.088545445      0.088545445       793.09713                 21.758947                        392.69453                          220.67832             157.96532
              1       398.64569       68.070399       3.1375587      0.97527243     0.022368114      0.11777069     0.067994999       1.0370121       1.0028164       2.3047532   2.3047532e-09       2.4492656      0.24588164       0.2472134       13.794328        2.011707      0.69608848      0.30383353      0.14078367       147.68556       1.0242511      0.85476862      0.62739997      0.46580422      0.84505615       1.0408807       8.9864921       1.0370121       635.10976     0.088545445      0.088545445       797.11429                 21.750213                        393.29604                           220.0635             162.00453
              2       399.75705       68.063115       3.1355681      0.97518334      0.02236851      0.11779166     0.067090075       1.0368812       1.0069272         2.30017     2.30017e-09       2.4491945      0.24588181      0.24721357       13.794391       2.0113435       0.6959773      0.30394469      0.14080504       147.67953       1.0233426      0.85424593      0.62686725      0.46545127      0.84426142       1.0408802       8.9011738       1.0368812        634.6166     0.088545445      0.088545445       799.33701                 21.740187                        392.84623                          220.03019             164.72041
              1       398.06837       67.851158       3.1056241      0.97360132     0.022346152      0.11812548     0.053270168       1.0353267       1.0008016       2.2323147   2.2323147e-09       2.4532156      0.24587227      0.24720399        13.80476       2.0067143      0.69339836      0.30652315       0.1411165       147.61536       1.0104207      0.84857199      0.61929374      0.46080004      0.83230188       1.0406606       7.5524253       1.0353267       631.32908     0.088545445      0.088545445       795.95964                 21.619854                         390.4927                          219.21652             164.63057
              1       398.32703       67.577286       3.1023052      0.97277547     0.022308119      0.11912278     0.049793816       1.0360267      0.99994742       2.2249181   2.2249181e-09       2.4600789      0.24585604       0.2471877       13.802993       2.0140195      0.68880761      0.31111326      0.14207577       147.39229       1.0153048      0.86241114      0.62334209      0.46553901      0.83463544       1.0409956       7.2163851       1.0360267       634.18947     0.088545445      0.088545445       796.47697                 21.691199                        391.59009                          220.90818              162.2875
              2       398.89739       67.293764        3.107401      0.97179576     0.022278922      0.11973643     0.050363556       1.0368422      0.99984053       2.2362848   2.2362848e-09       2.4653673      0.24584355      0.24717517        13.81243       2.0220034      0.68488924      0.31503096      0.14266021       147.26231       1.0222473      0.87629868      0.62824882      0.47067377      0.83857783       1.0408676       7.2911377       1.0368422       633.96574     0.088545445      0.088545445       797.61768                 21.912951                         391.2924                          220.76039             163.65194
              9       400.27297       67.293764       3.1080121      0.97399295     0.022278922      0.11973643     0.050363556       1.0377987       1.0072862       2.2376518   2.2376518e-09       2.4653673      0.24584355      0.24717517        13.81243       2.0232394      0.68488924      0.31503096      0.14266021       147.26231         1.02341      0.87729537      0.62896339      0.47120911      0.83953162       1.0408676       7.2911377       1.0377987       636.07929     0.088545445      0.088545445       800.36885                  21.50224                        391.38271                          223.19434             164.28957
              1       402.56877       67.422076       3.1050623      0.97446584     0.022284757       0.1193298      0.05004703       1.0381384        1.008368        2.231061    2.231061e-09        2.464309      0.24584605      0.24717767       13.811867       2.0185576      0.68696916      0.31295134      0.14225943       147.36344       1.0193055      0.86941164      0.62600046      0.46821342      0.83696144       1.0408095       7.2505549       1.0381384       637.40831     0.088545445      0.088545445       804.96044                 21.317432                        391.65213                          224.43875             167.55214
              2         400.259       67.422076       3.1098888      0.97401382     0.022284757       0.1193298      0.05004703       1.0409855       1.0028431       2.2418551   2.2418551e-09        2.464309      0.24584605      0.24717767       13.811867       2.0283235      0.68696916      0.31295134      0.14225943       147.36344       1.0215933        0.871363      0.62740549       0.4692643      0.83883996       1.0408095       7.2505549       1.0409855       638.06241     0.088545445      0.088545445       800.34092                 21.348078                        391.64727                          225.06706             162.27851
              3       400.84889       67.422076       3.1195107      0.97775543     0.022284757       0.1193298      0.05004703       1.0441859       1.0037204       2.2635301   2.2635301e-09        2.464309      0.24584605      0.24717767       13.811867       2.0479341      0.68696916      0.31295134      0.14225943       147.36344       1.0279776      0.87680847      0.63132638      0.47219691      0.84408218       1.0408095       7.2505549       1.0441859       639.21258     0.088545445      0.088545445       801.52069                 21.022421                        391.77255                          226.41761             162.30812
              1       399.46915       67.422076       3.0918714      0.96887205     0.022284757       0.1193298      0.05004703       1.0297699      0.99988442       2.2018244   2.2018244e-09        2.464309      0.24584605      0.24717767       13.811867       1.9921057      0.68696916      0.31295134      0.14225943       147.36344       1.0104639      0.86187017      0.62057039      0.46415203      0.82970145       1.0408095       7.2505549       1.0297699       631.98602     0.088545445      0.088545445       798.76121                 22.390421                        391.31079                          218.28481             166.77519
             17        398.8011       67.592836       3.0981709      0.96867952     0.022371668      0.11885907     0.053482203       1.0304829      0.99967687       2.2157386   2.2157386e-09       2.4486272      0.24588316      0.24721492       13.807069       1.9909689      0.68938889      0.31053201       0.1418756       147.39139       1.0096217      0.85624022      0.61963453      0.46255375       0.8300591        1.040601       7.5799124       1.0304829       630.36171     0.088545445      0.088545445        797.4251                    22.469                        390.25949                          217.63322             167.06339
              1       401.58419       67.568741       3.0969377      0.96857042     0.022368286        0.118914     0.052819618        1.031528      0.99782486       2.2130078   2.2130078e-09       2.4492347      0.24588172      0.24721347       13.807815        1.991152      0.68905442      0.31086643      0.14192715       147.38057       1.0093816      0.85671352      0.61954344      0.46261022      0.82971379       1.0405956       7.5135894        1.031528       632.34056     0.088545445      0.088545445       802.99129                 22.336687                        390.40061                          219.60327             170.65073
              2       400.23591       67.556649       3.0973253      0.96856229     0.022364824      0.11893774     0.052931661       1.0309913      0.99828043       2.2138659   2.2138659e-09       2.4498567      0.24588024      0.24721199       13.808343       1.9914777      0.68889866      0.31102216      0.14194743       147.37813       1.0097801       0.8573614      0.61981015      0.46286732      0.82996705       1.0405934       7.5262141       1.0309913       631.03046     0.088545445      0.088545445       800.29474                 22.414697                        390.41955                          218.19621             169.26428
              1       398.36751       67.556649       3.1032527      0.96880716     0.022364824      0.11893774     0.052931661       1.0331671       1.0002714       2.2270271   2.2270271e-09       2.4498567      0.24588024      0.24721199       13.808343       2.0033169      0.68889866      0.31102216      0.14194743       147.37813       1.0128709      0.85998571      0.62170734      0.46428412      0.83250752       1.0405934       7.5262141       1.0331671       630.37237     0.088545445      0.088545445       796.55793                 22.480534                        390.41552                          217.47632             166.18556
              1       397.53746       67.556649       3.0996417      0.97402516     0.022364824      0.11893774     0.052931661       1.0317661       1.0006493       2.2189998   2.2189998e-09       2.4498567      0.24588024      0.24721199       13.808343       1.9960959      0.68889866      0.31102216      0.14194743       147.37813       1.0130436      0.86013227      0.62181329      0.46436324      0.83264939       1.0405934       7.5262141       1.0317661       632.81154     0.088545445      0.088545445       794.89782                 21.544304                        390.60217                          220.66506             162.08629
              8       403.86431       67.556649       3.0579561      0.96350616     0.022364824      0.11893774     0.052931661       1.0085107       1.0008843        2.128401    2.128401e-09       2.4498567      0.24588024      0.24721199       13.808343        1.914598      0.68889866      0.31102216      0.14194743       147.37813        0.988209       0.8390463      0.60656967      0.45297947      0.81223716       1.0405934       7.5262141       1.0085107       635.06396     0.088545445      0.088545445       807.55152                 23.811799                        390.17451                          221.07765             172.48756
              4       404.16829       67.556649       3.0373008      0.96579726     0.022364824      0.11893774     0.052931661      0.99841272       1.0082185       2.0848891   2.0848891e-09       2.4498567      0.24588024      0.24721199       13.808343        1.875457      0.68889866      0.31102216      0.14194743       147.37813      0.97890141      0.83114362       0.6008566      0.44871302      0.80458699       1.0405934       7.5262141      0.99841272       633.29382     0.088545445      0.088545445       808.15948                 23.259215                        390.25481                           219.7798             174.86566
              7       400.89667       67.556649       3.1474815      0.97538452     0.022364824      0.11893774     0.052931661       1.0558989      0.99852557       2.3277366   2.3277366e-09       2.4498567      0.24588024      0.24721199       13.808343       2.0939098      0.68889866      0.31102216      0.14194743       147.37813       1.0381028      0.88140898      0.63719481      0.47584999      0.85324627       1.0405934       7.5262141       1.0558989       633.84459     0.088545445      0.088545445       801.61625                 21.429346                        390.65845                          221.75679             167.77166
              2       401.49526       67.556649       3.1089857      0.97908438     0.022364824      0.11893774     0.052931661       1.0370361      0.99885656       2.2398314   2.2398314e-09       2.4498567      0.24588024      0.24721199       13.808343        2.014835      0.68889866      0.31102216      0.14194743       147.37813       1.0197447      0.86582196      0.62592653      0.46743496      0.83815728       1.0405934       7.5262141       1.0370361       639.05371     0.088545445      0.088545445       802.81342                 20.841328                        390.80788                          227.40451             163.75971
              6       398.35021       67.556649       3.0974313      0.97468821     0.022364824      0.11893774     0.052931661       1.0314363       1.0039855       2.2141004   2.2141004e-09       2.4498567      0.24588024      0.24721199       13.808343       1.9916886      0.68889866      0.31102216      0.14194743       147.37813       1.0121791      0.85939827      0.62128266      0.46396697      0.83193884       1.0405934       7.5262141       1.0314363        634.7382     0.088545445      0.088545445       796.52334                 21.366627                        390.67031                          222.70127             161.78513
              2       397.85682       67.109273       3.1064249      0.97258805      0.02237611      0.12039439     0.053264141       1.0332097      0.99945591       2.2341031   2.2341031e-09       2.4478299      0.24588506      0.24721682       13.808427       2.0083461      0.68147755      0.31844221      0.14341537       146.98046       1.0255648      0.88648789      0.63112013      0.47409971      0.84014525       1.0407526        7.580907       1.0332097       636.68349     0.088545445      0.088545445       795.53654                 21.805665                        390.43459                          224.44323             158.85305
              2       396.48854       67.109273       3.0876645      0.96872563      0.02237611      0.12039439     0.053264141       1.0230217       1.0004723        2.192581    2.192581e-09       2.4478299      0.24588506      0.24721682       13.808427       1.9710198      0.68147755      0.31844221      0.14341537       146.98046       1.0145099      0.87693215      0.62431708      0.46898924      0.83108906       1.0407526        7.580907       1.0230217       633.38001     0.088545445      0.088545445       792.79998                 22.548213                        390.25917                          220.57262             159.41997
              1       396.31673       67.127193       3.0878253      0.96874516     0.022382123      0.12036428     0.053400649       1.0225218       1.0007847       2.1929337   2.1929337e-09       2.4467509      0.24588762       0.2472194       13.807475       1.9707988      0.68170108      0.31821872      0.14339127       146.98171       1.0143172      0.87632877      0.62417228      0.46879817      0.83104213       1.0407594       7.5931514       1.0225218       633.33479     0.088545445      0.088545445       792.45636                 22.612128                        390.23516                           220.4875             159.12158
              4       396.46829       67.266818       3.0844388      0.96925699     0.022387458      0.11989343     0.053025128       1.0224209       1.0033494       2.1855197   2.1855197e-09       2.4457945       0.2458899      0.24722169       13.807615       1.9656115      0.68404988      0.31587026      0.14292576       147.09988       1.0096767      0.86742415       0.6208118      0.46541154      0.82809999       1.0406724       7.5458901       1.0224209       632.41911     0.088545445      0.088545445        792.7595                 22.404581                        390.35589                          219.65864             160.34039
              4       396.87913       67.266818       3.1081691      0.96773342     0.022387458      0.11989343     0.053025128        1.034106       1.0031822       2.2380032   2.2380032e-09       2.4457945       0.2458899      0.24722169       13.807615       2.0128141      0.68404988      0.31587026      0.14292576       147.09988       1.0211408       0.8772731      0.62786065      0.47069593      0.83750244       1.0406724       7.5458901        1.034106       631.66932     0.088545445      0.088545445       793.58117                 22.763962                        390.28615                           218.6192             161.91185
              1       396.60795       67.266818       3.1154511      0.97159791     0.022387458      0.11989343     0.053025128       1.0380194       1.0023036       2.2543597   2.2543597e-09       2.4457945       0.2458899      0.24722169       13.807615       2.0275247      0.68404988      0.31587026      0.14292576       147.09988       1.0263621      0.88175876      0.63107101      0.47310269      0.84178474       1.0406724       7.5458901       1.0380194       633.37709     0.088545445      0.088545445        793.0388                 22.034534                        390.45691                          220.88565             159.66171
              1       396.43516       67.516421       3.1163137      0.97233281      0.02242734       0.1192223     0.054914695       1.0381455       1.0018778       2.2563051   2.2563051e-09       2.4386617      0.24590695       0.2472388       13.802469         2.02162      0.68776643       0.3121543      0.14229451       147.23299       1.0220778      0.87038601       0.6277417      0.46921653      0.83982471       1.0406124       7.7192158       1.0381455       632.65214     0.088545445      0.088545445       792.69323                 21.859896                        390.18508                          220.60716              160.0411
              6       397.07674       67.516421       3.1355524      0.97055785      0.02242734       0.1192223     0.054914695       1.0478193       1.0008018       2.3001337   2.3001337e-09       2.4386617      0.24590695       0.2472388       13.802469       2.0608899      0.68776643       0.3121543      0.14229451       147.23299       1.0312635      0.87820844      0.63338341      0.47343353      0.84737247       1.0406124       7.7192158       1.0478193       631.32114     0.088545445      0.088545445       793.97639                 22.205399                         390.1411                          218.97464             162.65525
              4       396.90134       67.570382       3.1369084      0.97058178     0.022448555       0.1191222     0.054783248       1.0486971       1.0006442       2.3032548   2.3032548e-09       2.4348803      0.24591604      0.24724792       13.799796        2.064229       0.6884377      0.31148315      0.14221562       147.23591       1.0310203      0.87665231      0.63314627      0.47300169      0.84751113       1.0406139       7.6995723       1.0486971       631.31572     0.088545445      0.088545445        793.6256                 22.212521                        390.13471                          218.96849             162.30987
              1       397.19901       67.512469       3.1352123      0.97036233     0.022436437       0.1192379     0.053264872       1.0492586       1.0006051       2.2993517   2.2993517e-09       2.4370392      0.24591085      0.24724271       13.802149       2.0669983       0.6876757      0.31224501       0.1423192       147.21873       1.0310402      0.87822225      0.63327374      0.47338594      0.84716422       1.0405936       7.5494119       1.0492586       631.52954     0.088545445      0.088545445       794.22094                 22.208193                         390.3599                          218.96145              162.6914
              7       397.94532       67.438075       3.1326527      0.96992218      0.02245163      0.11953876       0.0532413       1.0478347       1.0050782       2.2934738   2.2934738e-09       2.4343329      0.24591736      0.24724924       13.800194       2.0618116      0.68629129      0.31362925      0.14263525       147.12237       1.0313878      0.88153656      0.63383862      0.47433245      0.84698274       1.0406481       7.5484807       1.0478347       632.67073     0.088545445      0.088545445       795.71356                 22.267177                        390.34622                          220.05733             163.04283
              1       397.59871       67.438075       3.1499774      0.97055801      0.02245163      0.11953876       0.0532413       1.0566935       1.0028122       2.3335537   2.3335537e-09       2.4343329      0.24591736      0.24724924       13.800194       2.0978431      0.68629129      0.31362925      0.14263525       147.12237       1.0406111      0.88941983      0.63950681      0.47857423        0.854557       1.0406481       7.5484807       1.0566935       632.55274     0.088545445      0.088545445       795.02033                 22.184305                        390.36603                           220.0024             162.46759
              1       399.27422       67.438075       3.1444358      0.97223197      0.02245163      0.11953876       0.0532413       1.0551642       1.0022731        2.320658    2.320658e-09       2.4343329      0.24591736      0.24724924       13.800194       2.0862499      0.68629129      0.31362925      0.14263525       147.12237       1.0383896      0.88752106      0.63814157      0.47755256      0.85273266       1.0406481       7.5484807       1.0551642       636.75826     0.088545445      0.088545445       798.37134                 21.747332                        390.48751                          224.52342             161.61308
              6       397.60176       68.022476       3.1623535      0.97349587     0.022626961      0.11845266     0.049080548       1.0675038       1.0024809       2.3626135   2.3626135e-09       2.4034234      0.24599247      0.24732463       13.772888       2.1417159      0.69362681      0.30629509      0.14172449       147.21517        1.038234      0.87244564      0.63702501      0.47390522      0.85629119       1.0407977       7.0657929       1.0675038       635.73845     0.088545445      0.088545445       795.02642                 21.791867                        392.15059                            221.796             159.28797
              9       397.65244        68.01143       3.1619276      0.97341098     0.022629281      0.11849097     0.048932758       1.0673722       1.0024598       2.3616074   2.3616074e-09       2.4030183      0.24599346      0.24732562       13.772763       2.1414367      0.69343946      0.30648241      0.14176511       147.20243       1.0382222      0.87284498      0.63706337       0.4740062      0.85621188       1.0407993       7.0504567       1.0673722       635.92022     0.088545445      0.088545445       795.12778                  21.80483                        392.22268                          221.89271             159.20756
              1       398.19769       68.568852       3.1823712      0.97611946     0.022753044       0.1176815     0.053220842       1.0751759       1.0047751       2.4103841   2.4103841e-09       2.3815499      0.24604595       0.2473783        13.74203       2.1670015      0.69986191      0.30006123      0.14107941       147.28023       1.0419532      0.86296148      0.63857824      0.47262489      0.86280299       1.0412808       7.4541376       1.0751759       635.52675     0.088545445      0.088545445       796.21829                 21.478943                        390.68317                          223.36463             160.69155
              2       400.91157       68.568852       3.1725477      0.97746512     0.022753044       0.1176815     0.053220842       1.0703344      0.99537665       2.3868216   2.3868216e-09       2.3815499      0.24604595       0.2473783        13.74203       2.1458182      0.69986191      0.30006123      0.14107941       147.28023       1.0373839      0.85917716       0.6357779       0.4705523      0.85901936       1.0412808       7.4541376       1.0703344       636.29781     0.088545445      0.088545445       801.64604                 21.249164                        390.74368                          224.30497             165.34823
              1       400.16251       68.640148       3.1733361      0.97724813     0.022793859      0.11754146     0.054826287       1.0670509       1.0020323       2.3887042   2.3887042e-09       2.3745334      0.24606308      0.24739549       13.738434       2.1406263      0.70069569      0.29922761      0.14098019       147.27222       1.0362641      0.85654841      0.63497988      0.46963492      0.85853805       1.0412386       7.6044909       1.0670509       638.43885     0.088545445      0.088545445       800.14794                 21.522524                        390.34302                          226.57331             161.70909
              2       399.49106       68.640148       3.0684795      0.97080912     0.022793859      0.11754146     0.054826287       1.0138049       1.0017115       2.1509173   2.1509173e-09       2.3745334      0.24606308      0.24739549       13.738434       1.9275347      0.70069569      0.29922761      0.14098019       147.27222      0.98090731      0.81079198      0.60105954      0.44454723      0.81267534       1.0412386       7.6044909       1.0138049        638.3094     0.088545445      0.088545445       798.80502                  22.45675                        390.15452                          225.69813             160.49562
              1       399.51254        68.64156       3.0685306      0.97081206     0.022794847      0.11754275     0.054825759       1.0138245       1.0017094       2.1510271   2.1510271e-09        2.374364      0.24606349      0.24739591       13.738247       1.9276352      0.70070316      0.29922014      0.14098247       147.27078      0.98092702      0.81079839      0.60107404      0.44455519      0.81270002       1.0412416       7.6042517       1.0138245       638.34558     0.088545445      0.088545445       798.84798                 22.457314                        390.15452                          225.73375              160.5024
              2       400.00132       68.259144       3.0560194       0.9702144     0.022684011      0.11833582     0.067341859      0.99416339       1.0001205       2.1242829   2.1242829e-09       2.3934892      0.24601676      0.24734901       13.753515       1.8566069      0.69587596      0.30404648       0.1416647        147.1829      0.98121927      0.82050898      0.60197919      0.44700922      0.81067445       1.0412319        8.855978      0.99416339       639.71416     0.088545445      0.088545445       799.82555                 22.960835                        393.03074                          223.72259             160.11139
              7       399.39902        68.57143        3.067903      0.97209486     0.022684543      0.11753705     0.068055397       1.0003839       1.0024629       2.1496776   2.1496776e-09       2.3933969      0.24601699      0.24734924         13.7476       1.8761224      0.70033736      0.29958578      0.14086646       147.39481      0.98221321      0.81233903      0.60173832      0.44518238      0.81334981       1.0413108       8.9076907       1.0003839       638.81607     0.088545445      0.088545445       798.62095                 22.595574                        393.19588                          223.02462             159.80488
              4       399.21054        68.57143       3.0800594      0.97224274     0.022684543      0.11753705     0.068055397       1.0060309       1.0043772       2.1759695   2.1759695e-09       2.3933969      0.24601699      0.24734924         13.7476       1.8990685      0.70033736      0.29958578      0.14086646       147.39481      0.98825747      0.81733794      0.60544125      0.44792191      0.81835494       1.0413108       8.9076907       1.0060309       639.16015     0.088545445      0.088545445       798.24398                 22.627055                        393.18395                          223.34915             159.08384
              1       397.78594        68.57143       3.1214064      0.97268766     0.022684543      0.11753705     0.068055397       1.0286299       1.0024213       2.2678253   2.2678253e-09       2.3933969      0.24601699      0.24734924         13.7476       1.9792353      0.70033736      0.29958578      0.14086646       147.39481       1.0090729       0.8345533      0.61819349      0.45735636      0.83559172       1.0413108       8.9076907       1.0286299       638.20651     0.088545445      0.088545445       795.39479                 22.339212                        393.18599                           222.6813             157.18828
              2       397.77069        68.57143       3.1230048      0.97614005     0.022684543      0.11753705     0.068055397       1.0301901       1.0023528       2.2714529   2.2714529e-09       2.3933969      0.24601699      0.24734924         13.7476       1.9824013      0.70033736      0.29958578      0.14086646       147.39481       1.0112175      0.83632705      0.61950739      0.45832842      0.83736768       1.0413108       8.9076907       1.0301901       639.46137     0.088545445      0.088545445       795.36429                 21.655454                        393.02098                          224.78494             155.90292
              3       401.84425       68.547175       3.1200631      0.97521085     0.022765605      0.11787041     0.071144197       1.0255438       1.0023662       2.2647809   2.2647809e-09       2.3793872      0.24605123      0.24738361       13.738468       1.9644054      0.69924327      0.30067982      0.14128089       147.21602       1.0106612      0.83846533      0.61962147      0.45883076      0.83675898       1.0413846       9.1801539       1.0255438       646.20833     0.088545445      0.088545445       803.51142                 21.878662                        394.71692                          229.61275             157.30309
              6       401.30757       68.547175       3.1799547       0.9757958     0.022765605      0.11787041     0.071144197       1.0559548       1.0021518       2.4045665   2.4045665e-09       2.3793872      0.24605123      0.24738361       13.738468       2.0856514      0.69924327      0.30067982      0.14128089       147.21602       1.0416179      0.86414761      0.63860054      0.47288479        0.862389       1.0413846       9.1801539       1.0559548       642.90012     0.088545445      0.088545445       802.43804                 21.866001                          394.688                          226.34612             159.53792
              7       401.79905       68.546959       3.1799797      0.97579697     0.022768077      0.11788899     0.071253874       1.0558164       1.0033344       2.4046266   2.4046266e-09       2.3789619      0.24605227      0.24738465       13.737915       2.0852461      0.69919658      0.30072651      0.14130193       147.20834       1.0417178      0.86434994      0.63868559      0.47296614      0.86247038       1.0413974       9.1899984       1.0558164       643.11967     0.088545445      0.088545445       803.42102                 21.872174                        394.76991                          226.47758             160.30135
              5       400.46523       68.579812       3.1799842       0.9749969     0.022843431      0.11798528     0.064875787       1.0608065        1.003494       2.4046373   2.4046373e-09       2.3660548      0.24608373      0.24741622       13.730358       2.1120256      0.69911975      0.30080341      0.14147358       147.09945       1.0411872       0.8643155      0.63855401      0.47289893      0.86223758       1.0414028       8.5779049       1.0608065       639.67677     0.088545445      0.088545445       800.75337                 22.017419                        391.66599                          225.99336              161.0766
              2        401.4884       68.580841       3.1846108       0.9760353     0.022761153      0.11782555     0.052119823       1.0757556       1.0059845       2.4157885   2.4157885e-09       2.3801534      0.24604936      0.24738173       13.736835        2.176648      0.69964333      0.30027984      0.14123157        147.2329        1.043797      0.86513101      0.63988067      0.47367508      0.86440536       1.0414484         7.34333       1.0757556       638.49204     0.088545445      0.088545445       802.79972                 21.640274                        390.94897                           225.9028             164.30768
              5       397.96045       68.776395       3.1905212      0.97744619      0.02263944      0.11654621     0.054052604       1.0806465      0.99875053        2.430109    2.430109e-09       2.4012453       0.2459978      0.24732997       13.757791       2.1811034      0.70431087      0.29561273      0.13983051       147.71027       1.0402454      0.85132854      0.63611595      0.46904776      0.86269146       1.0409747       7.5439375       1.0806465       632.64791     0.088545445      0.088545445       795.74381                 21.207921                        390.55865                          220.88134              163.0959
              3       398.22617       68.817437       3.1912037      0.97736845     0.022660082      0.11646487     0.054375623       1.0817477      0.99877576       2.4317681   2.4317681e-09       2.3976487      0.24600659       0.2473388       13.755826        2.181183      0.70479161      0.29513208      0.13976982       147.70906       1.0397478      0.84992952      0.63574268      0.46858186      0.86253606       1.0409562       7.5706135       1.0817477       633.49433     0.088545445      0.088545445       796.27524                 21.140868                        390.48666                          221.86681             162.78091
              4       396.30563       68.817437       3.1610695      0.97820999     0.022660082      0.11646487     0.054375623       1.0644047       1.0001922       2.3595818   2.3595818e-09       2.3976487      0.24600659       0.2473388       13.755826       2.1164352      0.70479161      0.29513208      0.13976982       147.70906       1.0245307      0.83749046      0.62643833      0.46172398       0.8499125       1.0409562       7.5706135       1.0644047        633.0364     0.088545445      0.088545445       792.43417                 21.132928                        390.51625                          221.38723             159.39777
              4       396.34112       68.714631       3.1567974      0.97760072     0.022661089      0.11673235     0.056540033       1.0606826       1.0041765       2.3495228   2.3495228e-09       2.3974734      0.24600702      0.24733923        13.75756       2.0983099      0.70333899      0.29658448      0.14003831       147.63614       1.0240516      0.84017719      0.62644586      0.46229655      0.84888027        1.040936       7.7904615       1.0606826       633.53449     0.088545445      0.088545445       792.50516                 21.152897                        390.20672                          222.17487             158.97067
              5       398.03473       68.714631       3.1375278      0.97746101     0.022661089      0.11673235     0.056540033       1.0513242       1.0050332       2.3046819   2.3046819e-09       2.3974734      0.24600702      0.24733923        13.75756       2.0582634      0.70333899      0.29658448      0.14003831       147.63614        1.014178      0.83207648      0.62040588      0.45783923      0.84069565        1.040936       7.7904615       1.0513242       635.76525     0.088545445      0.088545445       795.89236                 21.098088                        390.18968                          224.47748             160.12711
              1        397.9508       67.783979       3.1048956      0.97303589     0.022611258      0.11919777     0.058589818       1.0290518       1.0043321       2.2306891   2.2306891e-09       2.4061683      0.24598577       0.2473179       13.774269       1.9840316      0.68987957      0.31004178       0.1424539       147.03526       1.0138127      0.85978593      0.62283975      0.46476282      0.83468242       1.0409124       8.0453633       1.0290518       639.25912     0.088545445      0.088545445       795.72451                 21.832055                        390.22139                          227.20568             156.46539
              1       399.51408       67.783979       3.1033559      0.97293858     0.022611258      0.11919777     0.058589818       1.0289111       1.0034562        2.227257    2.227257e-09       2.4061683      0.24598577       0.2473179       13.774269       1.9809789      0.68987957      0.31004178       0.1424539       147.03526        1.012995      0.85909244      0.62233738      0.46438795      0.83400918       1.0409124       8.0453633       1.0289111       642.20903     0.088545445      0.088545445       798.85107                 21.775536                        390.24335                          230.19015             156.64204
              1       400.99382       67.771025       3.1027405      0.97312121     0.022579096      0.11909167      0.06156797       1.0261392       1.0034864       2.2258868   2.2258868e-09       2.4118045      0.24597201      0.24730409       13.779178       1.9680032      0.69006204      0.30985927      0.14231563       147.09898       1.0124867      0.85812443       0.6218741      0.46397395      0.83351102       1.0408451       8.3427505       1.0261392       643.74794     0.088545445      0.088545445       801.81056                 21.758591                        390.82263                          231.16673             158.06261
              2       396.09867       67.720755       3.0995867      0.97241945     0.022595254      0.11918554     0.061751633       1.0218793      0.99981922       2.2188779   2.2188779e-09       2.4089705      0.24597892      0.24731103       13.780665       1.9610859       0.6893618       0.3105594      0.14242567       147.05623       1.0112033      0.85846081      0.62120589      0.46373698      0.83214574        1.040752       8.3582166       1.0218793       635.98435     0.088545445      0.088545445       792.02025                 22.154944                        390.86875                          222.96066              156.0359
              2       395.76036       67.720755       3.1059485      0.97158301     0.022595254      0.11918554     0.061751633       1.0250184       1.0006323       2.2330389   2.2330389e-09       2.4089705      0.24597892      0.24731103       13.780665       1.9736017       0.6893618       0.3105594      0.14242567       147.05623       1.0141027      0.86092224      0.62298704      0.46506664      0.83453171        1.040752       8.3582166       1.0250184       635.52991     0.088545445      0.088545445       791.34363                 22.320748                        390.88587                          222.32329             155.81373
             13       398.29692       68.500563       3.1321892      0.97455321     0.022753623      0.11766086     0.062443828        1.037595       1.0054052       2.2924111   2.2924111e-09       2.3814501       0.2460462      0.24737855       13.748612       2.0232729      0.69930595      0.30061703      0.14105935       147.28509        1.015676       0.8421808      0.62245167      0.46090247      0.84062488       1.0410547       8.3610573        1.037595       637.74978     0.088545445      0.088545445       796.41674                 22.100149                         390.8763                          224.77333             158.66696
              2       398.62848       68.726654        3.142866      0.97693267      0.02268808       0.1169864      0.06602084       1.0402112       1.0051261       2.3170179   2.3170179e-09       2.3927829      0.24601849      0.24735074        13.74881       2.0304131      0.70284778      0.29707571      0.14031934         147.538       1.0178417       0.8364002      0.62295922      0.45991376      0.84380644       1.0411747       8.7051058       1.0402112        638.1915     0.088545445      0.088545445       797.07986                 21.788982                        392.10414                          224.29838             158.88836
              6       397.27101       68.273159       3.1255783      0.97486811     0.022550142      0.11742448     0.065509132       1.0335524       1.0042968        2.277306    2.277306e-09        2.416895       0.2459596      0.24729164       13.780784       1.9976568      0.69824317       0.3016793      0.14061949       147.57463       1.0137199      0.84183079      0.62076805      0.46006133      0.83761217       1.0406492       8.6979597       1.0335524       633.38854     0.088545445      0.088545445       794.36492                 21.800528                        392.07581                           219.5122             160.97638
              1       396.99361       68.403501       3.1298788      0.97532071     0.022585038      0.11721151      0.06603316       1.0353463       1.0042925       2.2871208   2.2871208e-09       2.4107619      0.24597455      0.24730665       13.774086       2.0041648      0.69977262      0.30015014      0.14044142       147.59264       1.0140619      0.83907198      0.62078082      0.45948668      0.83869422       1.0407199       8.7351199       1.0353463       633.76878     0.088545445      0.088545445       793.81012                  21.76759                        392.19119                             219.81             160.04135
              1       397.86327       68.403501       3.1508398      0.97935694     0.022585038      0.11721151      0.06603316       1.0464124        1.001796       2.3355671   2.3355671e-09       2.4107619      0.24597455      0.24730665       13.774086       2.0466175      0.69977262      0.30015014      0.14044142       147.59264       1.0263305      0.84922342      0.62829128      0.46504574      0.84884109       1.0407199       8.7351199       1.0464124       635.39863     0.088545445      0.088545445       795.54945                 21.149189                        392.10114                           222.1483             160.15082
              1       397.71607       68.403501       3.1541169      0.97462093     0.022585038      0.11721151      0.06603316       1.0477502       1.0047834       2.3432336   2.3432336e-09       2.4107619      0.24597455      0.24730665       13.774086       2.0533355      0.69977262      0.30015014      0.14044142       147.59264       1.0261516      0.84907539      0.62818176      0.46496468      0.84869312       1.0407199       8.7351199       1.0477502       633.61258     0.088545445      0.088545445       795.25505                 21.909004                        392.24074                          219.46284             161.64247
              7       398.76735       68.402449       3.1547331      0.97506264     0.022575876      0.11730121     0.070851915       1.0427848       1.0057502       2.3446778   2.3446778e-09       2.4123698      0.24597063      0.24730271       13.771974       2.0348949      0.69959127      0.30033149      0.14052195       147.57889       1.0272263       0.8504203      0.62892981      0.46558866      0.84957546       1.0408361       9.1901849       1.0427848       636.21164     0.088545445      0.088545445       797.35761                  22.00467                        394.66841                          219.53856             161.14597
              3       397.48736       68.402449       3.1427008      0.97569415     0.022575876      0.11730121     0.070851915       1.0372067       1.0026975       2.3166349   2.3166349e-09       2.4123698      0.24597063      0.24730271       13.771974       2.0105571      0.69959127      0.30033149      0.14052195       147.57889       1.0213116      0.84552363      0.62530846      0.46290783      0.84468365       1.0408361       9.1901849       1.0372067       636.41141     0.088545445      0.088545445       794.79763                 21.818918                        394.60948                          219.98302             158.38622
              2       398.59711       68.145994       3.1357801       0.9750009     0.022570712      0.11823638     0.071534878       1.0327784       1.0018507       2.3006576   2.3006576e-09       2.4132769      0.24596842      0.24730049       13.769338       1.9939652       0.6953233      0.30459888      0.14145196       147.33519       1.0238504      0.85684644      0.62789747      0.46646687      0.84519449       1.0410812       9.2738382       1.0327784       640.91003     0.088545445      0.088545445       797.01714                 21.865476                        395.11707                          223.92748             156.10711
              2       398.71105       68.145994         3.09733      0.97497238     0.022570712      0.11823638     0.071534878        1.011511        1.006768       2.2138762   2.2138762e-09       2.4132769      0.24596842      0.24730049       13.769338       1.9187523       0.6953233      0.30459888      0.14145196       147.33519       1.0043439      0.84052172       0.6159347       0.4575797      0.82909176       1.0410812       9.2738382        1.011511       638.47584     0.088545445      0.088545445       797.24501                 22.059777                         395.1683                          221.24777             158.76917
              4       401.19412       68.101374        3.096851      0.97503454     0.022555412      0.11837084     0.069913057       1.0146694       1.0067422       2.2128161   2.2128161e-09       2.4159673      0.24596186      0.24729391       13.770054       1.9240644      0.69466699      0.30525509      0.14157112       147.31645       1.0051684      0.84256667      0.61657017      0.45829829      0.82950074         1.04113        9.130034       1.0146694       641.77933     0.088545445      0.088545445       802.21115                 21.773579                          394.245                          225.76075             160.43183
              5       399.51843        68.04358       3.0948469      0.97475722      0.02255339      0.11853081     0.069966129       1.0110733       1.0080447       2.2083858   2.2083858e-09        2.416323        0.245961      0.24729304       13.770888       1.9200085      0.69380694      0.30611501      0.14172907       147.27617        1.005178      0.84435207      0.61674793      0.45875294      0.82915657       1.0411322        9.138655       1.0110733       638.22774     0.088545445      0.088545445       798.85977                 22.099136                        394.33508                          221.79353             160.63203
              5       399.62374        68.04358       3.1195856      0.97218843      0.02255339      0.11853081     0.069966129       1.0230988       1.0079632       2.2636997   2.2636997e-09        2.416323        0.245961      0.24729304       13.770888       1.9680993      0.69380694      0.30611501      0.14172907       147.27617        1.016692      0.85402392      0.62381263      0.46400784      0.83865435       1.0411322        9.138655       1.0230988       638.26652     0.088545445      0.088545445        799.0704                 22.652094                        394.48319                          221.13123             160.80388
              5       397.34727       67.806072       3.1125293      0.97153368     0.022497175      0.11903455     0.068874218       1.0201377       1.0043525       2.2477826   2.2477826e-09       2.4262476      0.24593689      0.24726884       13.779837       1.9585332      0.69068477      0.30923663      0.14217659       147.20506       1.0170487      0.86065434      0.62452351      0.46571639      0.83748312          1.0411       9.0608257       1.0201377       637.61736     0.088545445      0.088545445       794.51745                 22.712124                        393.95949                          220.94575             156.90009
              1       395.91973       68.199904       3.1283184      0.97387761     0.022504381      0.11807721     0.065226908       1.0341551       1.0027014       2.2835548   2.2835548e-09       2.4249721      0.24593998      0.24727195       13.770699       2.0042692      0.69628961      0.30363269      0.14122645       147.45146       1.0190455      0.85072657      0.62470155      0.46372415      0.84156071       1.0412432       8.6957555       1.0341551       634.54222     0.088545445      0.088545445       791.66238                 22.025083                        392.01854                          220.49859             157.12015
              3       396.34305       68.242856       3.1287236      0.97368661     0.022527052      0.11796022     0.065122259       1.0353026       1.0037441       2.2844801   2.2844801e-09       2.4209656       0.2459497      0.24728171        13.76946       2.0055011      0.69687433      0.30304807      0.14113214       147.45736       1.0181634      0.84878424      0.62405655      0.46302222      0.84109697       1.0411886       8.6778673       1.0353026       634.78707     0.088545445      0.088545445       792.50901                 21.976112                        391.92553                          220.88543             157.72194
              2       396.07444       68.127722       3.1233856      0.97262684     0.022548419      0.11827093     0.064749771       1.0324607       1.0035425       2.2723182   2.2723182e-09       2.4171983      0.24595887       0.2472909       13.770626       1.9963111      0.69513344       0.3047887      0.14146422       147.35078       1.0170587      0.85152576      0.62374583      0.46345479      0.83947534       1.0411207       8.6426366       1.0324607       634.81388     0.088545445      0.088545445       791.97179                 22.166183                        391.84248                          220.80522             157.15791
              1       395.92185       67.906755       3.1179912      0.97219451     0.022451447      0.11851333     0.056256231       1.0376446      0.99910257       2.2600933   2.2600933e-09       2.4343656      0.24591728      0.24724917       13.786314       2.0195882      0.69283079      0.30709084      0.14160964       147.39433       1.0171931      0.85603388      0.62398855      0.46450815      0.83822364       1.0409678       7.8382907       1.0376446        631.4106     0.088545445      0.088545445       791.66661                  22.02719                        390.11225                          219.27116             160.25601
              1       397.09686       68.163513       3.1275802      0.97320743     0.022524631       0.1181809     0.053882263       1.0469878       1.0029901       2.2818695   2.2818695e-09       2.4213929      0.24594867      0.24728066        13.77055       2.0487514      0.69569847      0.30422375       0.1413504       147.40131       1.0189779      0.85193295      0.62479711      0.46402064      0.84128033       1.0411929       7.5777386       1.0469878       635.47254     0.088545445      0.088545445       794.01663                 21.663877                        390.40388                          223.40479             158.54409
              6       395.80477       68.343237       3.1343082      0.97449661     0.022475459      0.11744881     0.054349039       1.0495597       1.0007643       2.2972737   2.2972737e-09       2.4300977      0.24592757       0.2472595       13.775938       2.0606573      0.69896948      0.30095315      0.14056914       147.65155       1.0184838      0.84438743      0.62362944      0.46190359      0.84198022       1.0410748       7.6239334       1.0495597       631.98072     0.088545445      0.088545445       791.43244                 21.590684                        390.36006                          220.02997             159.45172
              4       397.80816       68.527219       3.1399365      0.97485459     0.022527228      0.11707132     0.051917891        1.055425       1.0075552         2.31024     2.31024e-09       2.4209345      0.24594978      0.24728178       13.768537       2.0823886      0.70127735       0.2986457      0.14024342        147.6948       1.0181808      0.83943676      0.62308248      0.46061132      0.84286201       1.0410857       7.3596695        1.055425       632.80158     0.088545445      0.088545445       795.43924                 21.501971                        391.05036                          220.24925             162.63766
              5       398.84121       68.527219         3.15235      0.97256809     0.022527228      0.11707132     0.051917891       1.0614805        1.007394       2.3390969   2.3390969e-09       2.4209345      0.24594978      0.24728178       13.768537       2.1083995      0.70127735       0.2986457      0.14024342        147.6948        1.023624      0.84392434      0.62641345      0.46307373      0.84736791       1.0410857       7.3596695       1.0614805        633.1507     0.088545445      0.088545445       797.50534                 21.917015                        390.90125                          220.33244             164.35463
              1        397.1797       68.675425       3.1589818      0.97396489     0.022514692      0.11677801     0.055975807       1.0611698       1.0015047       2.3546608   2.3546608e-09       2.4231486       0.2459444      0.24727639        13.76379       2.1052729      0.70321376      0.29670962      0.13993757       147.78754       1.0253831      0.84134895      0.62714755      0.46286318      0.84974149       1.0412433       7.7682271       1.0611698       633.19214     0.088545445      0.088545445       794.18231                 21.778795                        390.11761                          221.29574             160.99017
              1       395.84686       68.675425       3.1335954      0.97652831     0.022514692      0.11677801     0.055975807       1.0485609       1.0017364       2.2956368   2.2956368e-09       2.4231486       0.2459444      0.24727639        13.76379       2.0525002      0.70321376      0.29670962      0.13993757       147.78754       1.0134459      0.83155422      0.61984649      0.45747467      0.83984906       1.0412433       7.7682271       1.0485609       633.20082     0.088545445      0.088545445       791.51662                  21.31097                        390.25305                           221.6368             158.31581
              2       397.32556       68.495903       3.1239066      0.97420509     0.022653811      0.11774644     0.059654532       1.0360083       1.0044252       2.2735022   2.2735022e-09       2.3987405      0.24600392      0.24733612       13.749412       2.0178093      0.69929537      0.30062761      0.14104512       147.37317       1.0126575      0.83967595      0.62058615      0.45952516      0.83809812       1.0413882       8.1164437       1.0360083       636.88042     0.088545445      0.088545445       794.47403                 22.083807                        390.32502                          224.47159             157.59362
              3       397.36702       68.465606       3.1233115      0.97421679     0.022644329      0.11782969     0.059549765       1.0357248       1.0044417       2.2721498   2.2721498e-09       2.4003927      0.24599988      0.24733207       13.750083       2.0170315      0.69887179      0.30105111      0.14111889       147.36153       1.0130256      0.84086011      0.62089295      0.45991416      0.83821739        1.041411       8.1098617       1.0357248        636.8413     0.088545445      0.088545445       794.55696                 22.076702                        390.28454                          224.48006             157.71566
              5       397.13205       67.940026       3.1036405      0.97128194     0.022612108      0.11903899     0.058187631       1.0255832       1.0002509        2.227891    2.227891e-09       2.4060196      0.24598613      0.24731826       13.764682       1.9831374      0.69164468      0.30827703      0.14229597       147.07631       1.0109989      0.85398738      0.62093883      0.46268361      0.83332331       1.0412082       8.0033385       1.0255832       637.15574     0.088545445      0.088545445       794.08701                 22.561229                        390.13259                          224.46192             156.93128
              1       397.19347       67.940026       3.0951101      0.97117263     0.022612108      0.11903899     0.058187631       1.0216618       1.0064348       2.2089671   2.2089671e-09       2.4060196      0.24598613      0.24731826       13.764682       1.9662925      0.69164468      0.30827703      0.14229597       147.07631       1.0066541      0.85031732      0.61827032       0.4606952      0.82974206       1.0412082       8.0033385       1.0216618       636.17617     0.088545445      0.088545445       794.20984                 22.523811                        390.14614                          223.50623             158.03367
              3       395.34354       67.957285       3.0956874      0.97159099     0.022570033      0.11880563     0.061127459       1.0204795       1.0043031       2.2102427   2.2102427e-09       2.4133962      0.24596813       0.2473002       13.770628       1.9558941       0.6923977      0.30752405      0.14202053       147.18476       1.0061052      0.84809292      0.61763395      0.45993974      0.82939495       1.0411223        8.297553       1.0204795       634.29958     0.088545445      0.088545445       790.50999                 22.358274                        390.70789                          221.23343              156.2104
              1       396.11059       68.254234       3.1068384      0.97272546     0.022659656      0.11844454     0.057745925       1.0294879       1.0041139       2.2350269   2.2350269e-09       2.3977228      0.24600641      0.24733862       13.751658       1.9912477      0.69565112      0.30427131      0.14174906       147.18105       1.0082599      0.84365149      0.61866075      0.45948127      0.83298525       1.0413947       7.9393012       1.0294879       635.49886     0.088545445      0.088545445        792.0441                 22.160681                        390.14401                          223.19418             156.54523
              1       396.65992       68.254234       3.1070689       0.9711478     0.022659656      0.11844454     0.057745925       1.0305669       1.0026737       2.2355423   2.2355423e-09       2.3977228      0.24600641      0.24733862       13.751658       1.9917069      0.69565112      0.30427131      0.14174906       147.18105       1.0077685      0.84324026      0.61835918       0.4592573      0.83257921       1.0413947       7.9393012       1.0305669       636.08062     0.088545445      0.088545445       793.14275                 22.327933                        390.13648                          223.61621             157.06213
              4       397.64898       68.391802       3.1119681      0.97130805     0.022740152      0.11828254      0.06190808        1.028563       1.0022999       2.2465215   2.2465215e-09       2.3837727      0.24604052      0.24737285       13.741698       1.9848966      0.69704852      0.30287422      0.14166756       147.13478       1.0081933      0.84095503       0.6185309      0.45885659      0.83376915       1.0414252       8.3243931        1.028563       638.15975     0.088545445      0.088545445       795.12087                 22.504612                        390.81148                          224.84366             156.96112
              3       398.50125       69.163236       3.1320782      0.97429786     0.022818086      0.11609174     0.065346263       1.0380968       1.0021543       2.2921566   2.2921566e-09       2.3703839      0.24607319      0.24740564        13.73122       2.0113388       0.7081859      0.29173855      0.13955469       147.63306       1.0034389      0.81379289      0.61330575      0.45073937      0.83450431       1.0411743       8.5932366       1.0380968       637.86899     0.088545445      0.088545445       796.82541                 22.046242                        391.67174                          224.15101             158.95642
              1       399.87012       69.303123        3.135902      0.97487078     0.022850198      0.11583455     0.065735251        1.038541       1.0030291        2.300938    2.300938e-09        2.364901      0.24608654      0.24741904       13.725077       2.0174743      0.70983138      0.29009338      0.13932961       147.66641       1.0032825      0.81035352      0.61296274      0.44985083      0.83521757       1.0412284       8.6173395        1.038541       640.38031     0.088545445      0.088545445       799.56315                 22.138273                        391.82264                           226.4194             159.18285
              1        399.4852       69.345305         3.13983      0.97480625     0.022880396      0.11575586     0.062645169       1.0456071       1.0018911        2.309994    2.309994e-09       2.3597626      0.24609904      0.24743159       13.722698       2.0379708      0.71028511      0.28963974      0.13928113       147.65404       1.0043639       0.8103317      0.61357007      0.45012041      0.83637228       1.0411908       8.3169598       1.0456071         638.492     0.088545445      0.088545445       798.79332                 21.863404                        390.76943                          225.85916             160.30132
              2       399.21966       69.345305       3.1683209      0.97583665     0.022880396      0.11575586     0.062645169       1.0603535       1.0040422       2.3767542   2.3767542e-09       2.3597626      0.24609904      0.24743159       13.722698       2.0968693      0.71028511      0.28963974      0.13928113       147.65404       1.0191793       0.8222849      0.62262083      0.45676013       0.8487096       1.0411908       8.3169598       1.0603535       637.40429     0.088545445      0.088545445       798.26223                 21.722573                        390.78225                          224.89946             160.85794
              1       399.71302       69.524883       3.1624355      0.97800948     0.022739349      0.11504402     0.065938168       1.0557769       1.0043982       2.3628073   2.3628073e-09       2.3839112      0.24604018      0.24737251       13.730318        2.070881      0.71354427      0.28638097      0.13842823        148.0036       1.0133344      0.81033301      0.61810031      0.45216298      0.84493427         1.04131       8.6487144       1.0557769       638.07435     0.088545445      0.088545445       799.24894                 21.331431                        391.80297                          224.93995             161.17459
              1       401.07671        69.49435       3.1603815      0.97884789     0.022722627       0.1156087     0.056599989       1.0616193       1.0006291        2.357959    2.357959e-09       2.3867995      0.24603312      0.24736543       13.717962       2.1055915      0.71215788      0.28776729       0.1389762        147.8697       1.0161648      0.81595654       0.6204392      0.45442225      0.84710818       1.0418756       7.7663075       1.0616193       638.48532     0.088545445      0.088545445       801.97634                 21.235232                        390.18702                          227.06306             163.49102
              4       399.84452        69.49435        3.156496      0.98032011     0.022722627       0.1156087     0.056599989        1.060332       1.0021519        2.348815    2.348815e-09       2.3867995      0.24603312      0.24736543       13.717962       2.0974262      0.71215788      0.28776729       0.1389762        147.8697       1.0147717      0.81483792      0.61958862      0.45379927      0.84594685       1.0418756       7.7663075        1.060332       637.49728     0.088545445      0.088545445       799.51195                 20.975722                        390.25371                          226.26785             162.01467
              1       401.87022        69.49435       3.1255031      0.98464338     0.022722627       0.1156087     0.056599989       1.0454168       1.0025988       2.2771348   2.2771348e-09       2.3867995      0.24603312      0.24736543       13.717962       2.0334178      0.71215788      0.28776729       0.1389762        147.8697       1.0008464      0.80365628      0.61108629      0.44757199      0.83433831       1.0418756       7.7663075       1.0454168        640.5529     0.088545445      0.088545445       803.56334                 20.419735                        390.43894                          229.69422             163.01045
             15       398.22342       68.549832       3.1011239       0.9799005     0.022608127      0.11751626     0.064580106       1.0227638       1.0013765       2.2222913   2.2222913e-09       2.4067163      0.24598443      0.24731656        13.75216       1.9530232      0.70035537      0.29956772      0.14076925       147.48543        1.002255      0.82873909      0.61391068      0.45418098       0.8298153       1.0414206       8.5984707       1.0227638       639.70839     0.088545445      0.088545445       796.26976                 20.999513                        391.52987                          227.17901             156.56137
              5       399.15174       68.120267       3.0897072      0.97792068     0.022579967      0.11865111     0.067595026       1.0107941        1.002489       2.1970643   2.1970643e-09       2.4116516      0.24597238      0.24730447       13.760086       1.9192453      0.69417943      0.30574269      0.14187595       147.21472       1.0039475      0.84286987      0.61615248       0.4581706      0.82860811       1.0414192       8.9124247       1.0107941       640.21031     0.088545445      0.088545445       798.12639                 21.523351                        393.00036                           225.6866             157.91608
              3       397.28693       68.120267       3.1226095      0.97344217     0.022579967      0.11865111     0.067595026       1.0281349       1.0012102       2.2705553   2.2705553e-09       2.4116516      0.24597238      0.24730447       13.760086       1.9834433      0.69417943      0.30574269      0.14187595       147.21472       1.0188539      0.85538465        0.625301      0.46497344      0.84091113       1.0414192       8.9124247       1.0281349       638.03871     0.088545445      0.088545445       794.39678                 22.205444                        393.12624                          222.70703             156.35807
              1       397.57803        68.23348       3.1243563      0.97412596     0.022567478      0.11831325     0.067247421       1.0288569       1.0004858       2.2745248   2.2745248e-09       2.4138452      0.24596703       0.2472991       13.759571       1.9882927      0.69594592      0.30397646       0.1415256       147.31831       1.0177791      0.85074443      0.62425535      0.46352404      0.84072175       1.0414311       8.8764059       1.0288569       637.28568     0.088545445      0.088545445       794.97897                 22.179242                        392.88206                          222.22438             157.69329
              2       396.73971       68.047569       3.1199442      0.97311796     0.022531226      0.11855177     0.068348513       1.0252149       1.0034569       2.2645117   2.2645117e-09       2.4202288      0.24595149       0.2472835       13.770566       1.9751851      0.69384543      0.30607652      0.14172787       147.29536       1.0175175      0.85464567       0.6243178        0.464369      0.83935989       1.0412232       8.9935189       1.0252149       637.00249     0.088545445      0.088545445       793.30233                 22.376713                        393.49507                           221.1307             156.29985
              4       400.74537       68.047569       3.0343694      0.97459557     0.022531226      0.11855177     0.068348513      0.98199043       1.0040465       2.0787866   2.0787866e-09       2.4202288      0.24595149       0.2472835       13.770566       1.8131893      0.69384543      0.30607652      0.14172787       147.29536      0.97544862      0.81931064      0.59850559      0.44516982      0.80465684       1.0412232       8.9935189      0.98199043       639.04371     0.088545445      0.088545445       801.31364                 22.140809                        393.47618                          223.42672             162.26993
              1       398.46489       68.720219       3.0550914      0.97734384     0.022604938      0.11676678     0.061962917       1.0023409       1.0027731       2.1223125   2.1223125e-09       2.4072745      0.24598306      0.24731519       13.757661       1.8749471      0.70343323      0.29649025      0.14001658       147.68983      0.97378531      0.79874054      0.59567324      0.43955244      0.80724522       1.0411333       8.3343095       1.0023409       634.58211     0.088545445      0.088545445       796.75268                 21.327234                        390.80501                          222.44987             162.17058
              3       396.52448       68.720219       3.1748757      0.97576098     0.022604938      0.11676678     0.061962917       1.0641505       1.0015283       2.3923845   2.3923845e-09       2.4072745      0.24598306      0.24731519       13.757661        2.113541      0.70343323      0.29649025      0.14001658       147.68983        1.033261       0.8475251      0.63205508      0.46639891      0.85654922       1.0411333       8.3343095       1.0641505       633.26024     0.088545445      0.088545445       792.87187                 21.570522                        390.77683                          220.91288             159.61163
              4       396.47286       68.720219         3.17744      0.97549552     0.022604938      0.11676678     0.061962917       1.0651365        1.001644       2.3985273   2.3985273e-09       2.4072745      0.24598306      0.24731519       13.757661       2.1189678      0.70343323      0.29649025      0.14001658       147.68983       1.0344813      0.84852602      0.63280153      0.46694973      0.85756079       1.0411333       8.3343095       1.0651365       632.97269     0.088545445      0.088545445       792.76863                 21.651677                        390.77122                           220.5498             159.79594
              7       397.79504       68.794649       3.1790921      0.97640446     0.022562835      0.11658992     0.053714407       1.0759559       1.0013074       2.4024931   2.4024931e-09       2.4146615      0.24596504       0.2472971       13.757079       2.1577762      0.70453727      0.29538637      0.13979762       147.78427       1.0347236      0.84633824      0.63270213      0.46644121      0.85822603       1.0412719       7.5276389       1.0759559       634.35795     0.088545445      0.088545445       795.41299                 21.236237                        390.59807                          222.52365             161.05504
             10       397.85456       68.896489       3.1815718      0.97639142     0.022653571      0.11660134     0.062247222       1.0680729        1.001483       2.4084579   2.4084579e-09       2.3987823      0.24600382      0.24733602       13.745285       2.1265314      0.70519487      0.29472899      0.13989978       147.67969       1.0348695      0.84538703      0.63290693      0.46633238      0.85898215       1.0413539        8.347629       1.0680729        635.4478     0.088545445      0.088545445       795.53204                 21.457118                        390.80821                          223.18247             160.08424
              2       397.23192       68.896489       3.1817967      0.97970938     0.022653571      0.11660134     0.062247222       1.0680582       1.0016457       2.4089996   2.4089996e-09       2.3987823      0.24600382      0.24733602       13.745285       2.1270097      0.70519487      0.29472899      0.13989978       147.67969       1.0363093       0.8465632      0.63378748      0.46698117      0.86017723       1.0413539        8.347629       1.0680582       635.72185     0.088545445      0.088545445       794.28675                 21.010652                        390.82688                          223.88432             158.56489
              4       398.64142       68.074085       3.1570578      0.97681563     0.022454374      0.11832474     0.059290233       1.0565148       1.0051858       2.3501349   2.3501349e-09       2.4338447      0.24591854      0.24725042       13.776489       2.0873436      0.69473964      0.30518237      0.14142398       147.44125       1.0373006      0.86914034      0.63611465       0.4727976      0.85584582       1.0412594       8.1367111       1.0565148       636.55095     0.088545445      0.088545445       797.10574                 21.255049                        390.39045                          224.90545             160.55479
              1       400.77676       68.358625       3.1586025      0.97881199     0.022376526      0.11732537     0.060457142       1.0577317       1.0062712       2.3537679   2.3537679e-09       2.4477552      0.24588523        0.247217       13.780665        2.085697      0.69958087      0.30034179      0.14034676       147.79544       1.0326906      0.85469652      0.63207821      0.46792339      0.85382109       1.0412418       8.2523555       1.0577317       637.68916     0.088545445      0.088545445       801.37643                 20.953833                        390.51295                          226.22238             163.68727
              5       404.13295       68.358625       3.1039583      0.97128607     0.022376526      0.11732537     0.060457142       1.0272248       1.0102976       2.2285992   2.2285992e-09       2.4477552      0.24588523        0.247217       13.780665       1.9747838      0.69958087      0.30034179      0.14034676       147.79544       1.0019699      0.82927083      0.61327502      0.45400351      0.82842144       1.0412418       8.2523555       1.0272248       634.76178     0.088545445      0.088545445       808.08882                 22.325646                        390.54117                          221.89497             173.32704
              3         397.148       67.819203       3.1004543      0.96742308     0.022499338       0.1190053     0.059827278       1.0235361       1.0048507       2.2208039   2.2208039e-09       2.4258646      0.24593782      0.24726978       13.779404       1.9703569      0.69086342        0.309058      0.14214951        147.2104       1.0091284      0.85359063      0.61963048      0.46200085      0.83104162       1.0411029       8.1904242       1.0235361       633.97584     0.088545445      0.088545445       794.11891                 23.191148                        390.45693                          220.32776             160.14307
              1       396.65085       68.162999       3.1098558      0.96875104     0.022563444      0.11822522     0.061286658       1.0277738       1.0027293        2.241781    2.241781e-09       2.4145543       0.2459653      0.24729736        13.76833       1.9831715      0.69551496      0.30440726      0.14143353       147.34625       1.0081968      0.84337363      0.61827744      0.45924787      0.83237618       1.0411386       8.3044655       1.0277738       634.52435     0.088545445      0.088545445       793.12461                 22.977877                        390.73093                          220.81555             158.60026
              1       396.87216       68.028023       3.1065654      0.96806766     0.022528231       0.1183671     0.061412204        1.025829       1.0024622        2.234417    2.234417e-09       2.4207574      0.24595021      0.24728221       13.777416       1.9761607      0.69407499      0.30584692       0.1415402       147.34766       1.0078908      0.84586683      0.61820634      0.45973702      0.83129932       1.0409774       8.3272323        1.025829       633.89391     0.088545445      0.088545445       793.56724                 23.099405                        390.77356                          220.02095             159.67333
              1       396.68665       68.067126       3.1083904      0.96821114      0.02253422      0.11826554     0.059775566       1.0285461       1.0024555       2.2384984   2.2384984e-09       2.4197008      0.24595278      0.24728479       13.776545       1.9862614      0.69463267      0.30528933      0.14144462       147.36801       1.0081022      0.84489858      0.61823154      0.45954608      0.83171255        1.040971       8.1641725       1.0285461       633.49033     0.088545445      0.088545445       793.19621                 23.013971                         390.3834                          220.09296             159.70587
              4        398.6407       67.901519       3.1113439      0.96633879     0.022656313      0.11894492     0.060923374         1.02674       1.0005378       2.2451197   2.2451197e-09       2.3983047      0.24600499      0.24733719       13.769457       1.9875686        0.691403      0.30851862       0.1422461       147.05221       1.0122756      0.85542638      0.62166851      0.46331805      0.83413919       1.0408809       8.2592574         1.02674       639.69858     0.088545445      0.088545445        797.1043                 23.701152                        390.63592                          225.36151             157.40572
             12       398.10925       67.898389       3.1113387      0.96630207     0.022658394      0.11895538     0.061104134       1.0284767       1.0007056       2.2451079   2.2451079e-09       2.3979425      0.24600587      0.24733808       13.769394       1.9868398      0.69134734      0.30857428      0.14225864       147.04713       1.0123117      0.85557601      0.62170436      0.46336566      0.83414967       1.0408772       8.2765269       1.0284767        637.3399     0.088545445      0.088545445       796.04141                 23.425043                        390.69653                          223.21833             158.70151
              3        402.8818       67.200483       3.0846729      0.96434812     0.022424853      0.12027755     0.064213631       1.0073179       1.0024021       2.1860315   2.1860315e-09       2.4391056      0.24590589      0.24723773       13.802105       1.9225656      0.68249241      0.31742757      0.14334727       146.95715       1.0099324      0.87106299      0.62142636      0.46644542       0.8279012       1.0407784        8.657961       1.0073179       644.44063     0.088545445      0.088545445       805.58652                 24.402429                        392.07607                          227.96213             161.14589
              3       399.56545       67.200483       3.1303254      0.97144756     0.022424853      0.12027755     0.064213631       1.0350555       1.0038638       2.2881425   2.2881425e-09       2.4391056      0.24590589      0.24723773       13.802105       2.0123699      0.68249241      0.31742757      0.14334727       146.95715       1.0360213      0.89356452      0.63747922      0.47849477      0.84928777       1.0407784        8.657961       1.0350555       639.16232     0.088545445      0.088545445       798.95381                 22.230838                        391.88026                          225.05122             159.79149
              2       399.56222       67.166306        3.130058        0.971234     0.022425074      0.12035145       0.0636546       1.0353835       1.0038046       2.2875306   2.2875306e-09       2.4390661      0.24590598      0.24723783       13.803155       2.0140824      0.68200492      0.31791497      0.14342139       146.93746       1.0363418      0.89484847      0.63775885      0.47888831      0.84933446       1.0407525       8.6051056       1.0353835        639.0366     0.088545445      0.088545445       798.94735                   22.2553                        391.68525                          225.09605             159.91075
              1       396.96032       67.166306       3.1030895      0.97028067     0.022425074      0.12035145       0.0636546       1.0202387       1.0035582       2.2266638   2.2266638e-09       2.4390661      0.24590598      0.24723783       13.803155       1.9604915      0.68200492      0.31791497      0.14342139       146.93746       1.0220932      0.88254529      0.62899036      0.47230412      0.83765704       1.0407525       8.6051056       1.0202387       636.22567     0.088545445      0.088545445       793.74354                 22.597238                        391.72278                          221.90565             157.51787
              6       399.02841       67.852713        3.125396      0.97261689     0.022623345      0.11908345     0.064065867       1.0311665       1.0074975       2.2768911   2.2768911e-09       2.4040551      0.24599093      0.24732308        13.77093       2.0030664       0.6907296       0.3091919      0.14235167        147.0521       1.0230802      0.86594329      0.62842045      0.46860545      0.84273936       1.0409659       8.5733419       1.0311665       637.62306     0.088545445      0.088545445       797.87974                 22.421887                        391.65995                          223.54123             160.25667
              1       396.64953       67.858443       3.1255476      0.97263875      0.02262448      0.11907074     0.064108291       1.0313839       1.0012386       2.2772362   2.2772362e-09       2.4038568      0.24599141      0.24732357       13.770735       2.0032001      0.69080699      0.30911453      0.14234008       147.05421       1.0230633      0.86577058      0.62839732      0.46855889      0.84276108       1.0409667       8.5769022       1.0313839       637.28655     0.088545445      0.088545445       793.12197                 22.398178                        391.64331                          223.24505             155.83543
              2       397.05686       67.858443       3.1237685       0.9716795      0.02262448      0.11907074     0.064108291       1.0303405       0.9997856       2.2731883   2.2731883e-09       2.4038568      0.24599141      0.24732357       13.770735       1.9996393      0.69080699      0.30911453      0.14234008       147.05421       1.0217806      0.86468504      0.62760941      0.46797139      0.84170439       1.0409667       8.5769022       1.0303405       637.30238     0.088545445      0.088545445       793.93662                 22.596908                        391.62454                          223.08093             156.63424
              3       396.02939        68.24035       3.1308577      0.97394617     0.022646316      0.11834051     0.062562143       1.0381833        1.003569       2.2893607   2.2893607e-09       2.4000464      0.24600073      0.24733292       13.756076       2.0201027       0.6957793      0.30414309      0.14163169       147.22348       1.0205018      0.85348412      0.62604262      0.46491482      0.84301327       1.0412777       8.4104801       1.0381833       636.02717     0.088545445      0.088545445        791.8817                 21.943669                        391.06896                          223.01454             155.85453
              2       396.72691       68.090227       3.1268413      0.97341103     0.022609199      0.11864619     0.060858004       1.0366033      0.99799742       2.2801842   2.2801842e-09       2.4065286      0.24598489      0.24731702        13.76209       2.0188745      0.69385709      0.30606497      0.14190026       147.18354        1.020861      0.85769355      0.62655965      0.46603209      0.84238188       1.0412494       8.2595089       1.0366033       634.85026     0.088545445      0.088545445       793.27672                 22.083264                        390.61525                          222.15175             158.42646
              4       397.70378       67.811761       3.1113948      0.97351164     0.022342498      0.11852251     0.057384098        1.032474       1.0003764        2.245234    2.245234e-09       2.4538736      0.24587071      0.24720243       13.797508       2.0017895      0.69218654      0.30773487      0.14150988       147.51351       1.0156798      0.85577424      0.62295042      0.46397829      0.83639091       1.0409736       7.9762844        1.032474       632.82438     0.088545445      0.088545445       795.23048                 21.874397                        390.18226                          220.76773             162.40609
              2       397.52001       67.852202       3.1131289      0.97356941     0.022355753      0.11841103     0.057418231       1.0340776      0.99929228       2.2491307   2.2491307e-09       2.4514876      0.24587637       0.2472081       13.796586       2.0051269      0.69276671       0.3071548      0.14141165        147.5284       1.0156958      0.85459049      0.62285211       0.4636863      0.83665347       1.0409422       7.9747078       1.0340776       631.90045     0.088545445      0.088545445       794.86293                 21.798035                        390.19355                          219.90886             162.96248
              5       397.85686       67.832284       3.1307173       0.9712967     0.022697834      0.11949585     0.051210038       1.0471017      0.99897918       2.2890392   2.2890392e-09       2.3910913      0.24602263       0.2473549       13.759554       2.0662019      0.68948513      0.31043633      0.14283855       146.86088       1.0270465      0.87231727      0.63139545       0.4712969      0.84587913       1.0411452       7.2878356       1.0471017       639.00752     0.088545445      0.088545445       795.53663                 22.283721                        390.99749                           225.7263             156.52911
              1        398.1567       67.832284       3.1327164      0.96949437     0.022697834      0.11949585     0.051210038       1.0477933      0.99882026       2.2936199   2.2936199e-09       2.3910913      0.24602263       0.2473549       13.759554       2.0703367      0.68948513      0.31043633      0.14283855       146.86088       1.0273689      0.87259113      0.63159367      0.47144486      0.84614469       1.0411452       7.2878356       1.0477933        639.1005     0.088545445      0.088545445       796.13631                 22.662241                        390.87181                          225.56645             157.03581
              3       397.57003       68.062284       3.1336139      0.97116807     0.022614023      0.11858237      0.05159685       1.0513851      0.99783062       2.2956793   2.2956793e-09       2.4056847      0.24598695      0.24731909       13.766174       2.0705931      0.69373302      0.30618897      0.14184126       147.19512       1.0231761      0.85977563      0.62791529      0.46708771      0.84411899       1.0410865       7.3313542       1.0513851       635.85151     0.088545445      0.088545445       794.96297                 22.037499                        390.90601                            222.908             159.11146
             13       395.13044       68.218581       3.1352479      0.97210384     0.022630758      0.11834032     0.054224837       1.0483697       1.0027776       2.2994336   2.2994336e-09       2.4027604      0.24599409      0.24732626       13.758434       2.0631071      0.69561895       0.3043034      0.14161595       147.24082       1.0222482      0.85521378      0.62709654      0.46575883      0.84432122       1.0412528       7.5919626       1.0483697       633.99322     0.088545445      0.088545445       790.08379                 22.116346                         390.2624                          221.61447             156.09058
              3       395.15205       68.218581        3.133158      0.97231769     0.022630758      0.11834032     0.054224837       1.0476347       1.0026454       2.2946329   2.2946329e-09       2.4027604      0.24599409      0.24732626       13.758434       2.0587998      0.69561895       0.3043034      0.14161595       147.24082        1.021264      0.85439035      0.62649274      0.46531038      0.84350827       1.0412528       7.5919626       1.0476347       634.12636     0.088545445      0.088545445       790.12701                 22.039494                        390.29246                           221.7944             156.00065
              3       395.64801       68.445101       3.1344186      0.97333498     0.022631476      0.11762738      0.06418761       1.0391096       1.0026359       2.2975274   2.2975274e-09        2.402635       0.2459944      0.24732656       13.757761       2.0207289      0.69915064      0.30077222      0.14090372       147.42977       1.0173766      0.84364112      0.62332185      0.46160636      0.84169147        1.041168       8.5568869       1.0391096        634.5652     0.088545445      0.088545445       791.11892                 22.091448                        391.49603                          220.97772             156.55372
              1       395.64741       68.445101       3.1364411      0.97337052     0.022631476      0.11762738      0.06418761       1.0401512       1.0026273       2.3021788   2.3021788e-09        2.402635       0.2459944      0.24732656       13.757761       2.0248199      0.69915064      0.30077222      0.14090372       147.42977       1.0184198      0.84450616      0.62396099      0.46207967      0.84255451        1.041168       8.5568869       1.0401512       634.53098     0.088545445      0.088545445       791.11773                  22.08611                        391.49018                          220.95469             156.58675
              5       396.75959       68.664742       3.1401608        0.975146     0.022567023      0.11696797     0.055842801       1.0515635      0.99847528       2.3107581   2.3107581e-09       2.4139251      0.24596684       0.2472989       13.758098       2.0665697      0.70260752      0.29731583      0.14017986       147.67811       1.0169257      0.83587862      0.62224387      0.45947843      0.84266725       1.0412814       7.7464912       1.0515635       632.86517     0.088545445      0.088545445        793.3421                 21.560371                        390.18368                          221.12111             160.47693
              2       397.45616       68.674353       3.1376535      0.97548031     0.022514737      0.11675603     0.057252285       1.0492398      0.99848655       2.3049718   2.3049718e-09       2.4231408      0.24594442       0.2472764       13.764486       2.0555919      0.70325101      0.29667237      0.13991563       147.79339       1.0149747      0.83270806      0.62075723      0.45813246      0.84110945       1.0412164       7.8947909       1.0492398       632.84507     0.088545445      0.088545445       794.73523                 21.504261                        390.16509                          221.17571             161.89016
              1       396.96519       68.674353       3.1630855      0.97821138     0.022514737      0.11675603     0.057252285        1.062651      0.99961563       2.3643435   2.3643435e-09       2.4231408      0.24594442       0.2472764       13.764486       2.1085401      0.70325101      0.29667237      0.13991563       147.79339       1.0290417      0.84424897      0.62936061      0.46448194       0.8527668       1.0412164       7.8947909        1.062651       633.32351     0.088545445      0.088545445       793.75328                 21.121742                        390.22312                          221.97864             160.42978
              1       397.99531       68.838302       3.1679021      0.97865089     0.022574416      0.11646547     0.060470901       1.0606516       1.0004249        2.375759    2.375759e-09       2.4126263         0.24597      0.24730208       13.756314       2.1051256      0.70515007      0.29477367      0.13968475       147.80469       1.0288381      0.84021956      0.62897628      0.46345379      0.85361512       1.0412379       8.1920074       1.0606516        635.0621     0.088545445      0.088545445       795.81354                 21.275955                        390.46808                          223.31807             160.75143
              3       397.80969       67.927265       3.1416289      0.97484593     0.022425432      0.11850241     0.064156808       1.0405665       1.0024494       2.3141532   2.3141532e-09       2.4390021      0.24590614      0.24723798       13.785496       2.0354771      0.69309629      0.30682539      0.14157271       147.42624       1.0303898      0.86659595      0.63204273      0.47040211      0.84922665       1.0410843       8.6203844       1.0405665        635.6253     0.088545445      0.088545445        795.4423                 21.928914                        391.67572                          222.02066               159.817
              2       398.71941       68.091263       3.1458821      0.97557995     0.022448039      0.11813624     0.063918106       1.0434313      0.99978653       2.3240166   2.3240166e-09       2.4349722      0.24591582       0.2472477        13.78028       2.0451288      0.69531387      0.30460818      0.14122915        147.4987       1.0299527      0.86163086      0.63139095      0.46906578      0.84989048       1.0411268       8.5852029       1.0434313       635.57089     0.088545445      0.088545445       797.26172                 21.808557                         391.5314                          222.23094             161.69083
              1       398.93965       68.091263       3.1362823      0.97283601     0.022448039      0.11813624     0.063918106       1.0381344      0.99955009       2.3018133   2.3018133e-09       2.4349722      0.24591582       0.2472477        13.78028       2.0255899      0.69531387      0.30460818      0.14122915        147.4987       1.0239485      0.85660796      0.62771024      0.46633134      0.84493602       1.0411268       8.5852029       1.0381344       635.72406     0.088545445      0.088545445       797.70221                 22.322709                        391.58885                           221.8125             161.97815
              2       398.61186       68.333988       3.1455365      0.97311484     0.022595753      0.11788692     0.069996977       1.0365941       1.0017672       2.3232137   2.3232137e-09       2.4088832      0.24597914      0.24731125       13.761502       2.0197172      0.69769214      0.30223047      0.14112754       147.40032       1.0251719      0.85312044      0.62834711      0.46589085       0.8474519       1.0412055       9.1180043       1.0365941       639.45066     0.088545445      0.088545445       797.04664                 22.562492                        394.31254                          222.57562             157.59598
              2       397.52231       68.333988       3.1483283       0.9730971     0.022595753      0.11788692     0.069996977       1.0388606       1.0012895       2.3297086   2.3297086e-09       2.4088832      0.24597914      0.24731125       13.761502       2.0253636      0.69769214      0.30223047      0.14112754       147.40032       1.0265969      0.85430632      0.62922054      0.46653846       0.8486299       1.0412055       9.1180043       1.0388606       637.56251     0.088545445      0.088545445       794.86753                 22.460885                        394.28518                          220.81645             157.30501
              3       397.93787       67.848363       3.1408218       0.9706613      0.02261857      0.11942497      0.06436876       1.0388587       1.0041916       2.3122861   2.3122861e-09       2.4048896      0.24598889      0.24732104       13.762188       2.0329729      0.68995843      0.30996306      0.14268841       146.96718       1.0321853      0.87558272      0.63438783      0.47334995      0.85021225       1.0413234       8.6104428       1.0388587       638.07374     0.088545445      0.088545445       795.69864                 22.781408                        391.79234                          223.49999              157.6249
              8       397.15394       67.989928        3.144094      0.97156947     0.022597328      0.11899685     0.060424944       1.0451583       1.0050818       2.3198647   2.3198647e-09       2.4086071      0.24597981      0.24731192       13.761795       2.0557875      0.69222028      0.30770154      0.14223905       147.10383       1.0314496      0.87011744      0.63343596      0.47177523      0.85049212       1.0413506       8.2263249       1.0451583       635.52473     0.088545445      0.088545445       794.13079                  22.46696                        390.52061                          222.53716             158.60605
             10       396.97325       67.989928       3.1380933      0.97070825     0.022597328      0.11899685     0.060424944       1.0427071       1.0046193       2.3059856   2.3059856e-09       2.4086071      0.24597981      0.24731192       13.761795       2.0434883      0.69222028      0.30770154      0.14223905       147.10383       1.0280221      0.86722606      0.63133107      0.47020753      0.84766596       1.0413506       8.2263249       1.0427071       635.32177     0.088545445      0.088545445       793.76942                 22.544033                        390.50878                          222.26897             158.44764
              4       396.38032       67.714234       3.1263144      0.97010074     0.022431991      0.11912218      0.06031099        1.036955       1.0005969        2.278983    2.278983e-09       2.4378318      0.24590895       0.2472408       13.787409       2.0200198      0.68979622      0.31012496      0.14219904       147.25434       1.0249295      0.86897624      0.62938757       0.4696803      0.84340074       1.0410859       8.2558945        1.036955       632.58633     0.088545445      0.088545445       792.58356                 22.545593                         390.5844                          219.45633             159.99723
              1        398.0831       68.826938       3.1551441      0.97439442     0.022601063       0.1163341     0.067767718       1.0474913       1.0038231       2.3456416   2.3456416e-09        2.407953      0.24598141      0.24731353       13.760193       2.0483273      0.70527374      0.29464997      0.13958003       147.81023       1.0196939       0.8323686      0.62326919       0.4592004       0.8459585       1.0409946       8.8781677       1.0474913       635.54091     0.088545445      0.088545445        795.9891                 22.020555                        392.89036                             220.63             160.44819
              8       397.60984       68.826938       3.1594796      0.98030801     0.022601063       0.1163341     0.067767718       1.0503582       1.0003988       2.3558332   2.3558332e-09        2.407953      0.24598141      0.24731353       13.760193       2.0572272      0.70527374      0.29464997      0.13958003       147.81023       1.0242321      0.83607305      0.62604304      0.46124407      0.84972343       1.0409946       8.8781677       1.0503582       635.90208     0.088545445      0.088545445       795.04259                 21.055075                        392.71788                          222.12912             159.14051
              1       397.22642       68.826938       3.1483746      0.97708782     0.022601063       0.1163341     0.067767718       1.0448674       1.0023419       2.3298165   2.3298165e-09        2.407953      0.24598141      0.24731353       13.760193       2.0345081      0.70527374      0.29464997      0.13958003       147.81023          1.0173      0.83041447      0.62180595      0.45812235      0.84397246       1.0409946       8.8781677       1.0448674       635.56811     0.088545445      0.088545445       794.27574                 21.480021                        392.88644                          221.20164             158.70764
              5       397.05505       68.910365       3.1500289      0.97760968     0.022593408      0.11613217     0.067005983       1.0455981       1.0031307       2.3336739   2.3336739e-09       2.4092941      0.24597813      0.24731024       13.758572       2.0409835       0.7064283       0.2934956      0.13937045       147.87316       1.0169103      0.82767002      0.62133428      0.45732581      0.84416028       1.0410439       8.8049373       1.0455981       635.33396     0.088545445      0.088545445       793.93301                 21.499524                        392.45231                          221.38213             158.59904
              2       398.71348        67.92584       3.1242634      0.97448024     0.022344885      0.11810266      0.06819798       1.0291791       1.0029329       2.2743135   2.2743135e-09       2.4534437      0.24587173      0.24720345       13.798754       1.9843319      0.69412438      0.30579729      0.14109242       147.62296       1.0197874      0.85508306      0.62500799       0.4647763      0.84047956       1.0408624       9.0180853       1.0291791         635.253     0.088545445      0.088545445       797.24987                 21.925312                         393.4635                          219.86419             161.99688
              1       398.12222       67.639853       3.1198228      0.97339378     0.022284675      0.11877157     0.059939487       1.0345755        1.002826       2.2642368   2.2642368e-09       2.4643238      0.24584601      0.24717764       13.807634        2.008441      0.69020194      0.30971907      0.14170111       147.51185       1.0224731      0.86539673      0.62732878      0.46799068      0.84091719        1.040872       8.2479038       1.0345755       632.73968     0.088545445      0.088545445       796.06735                 21.868261                        390.53885                          220.33257             163.32767
              3        398.2116       67.577489       3.1180759      0.97316301     0.022276219      0.11893784     0.060203057          1.0332       1.0030227       2.2602847   2.2602847e-09       2.4658577      0.24584239      0.24717401       13.808897       2.0038787      0.68928431      0.31063656      0.14185893       147.47709       1.0227299      0.86752131      0.62766096      0.46858486      0.84074051        1.040883       8.2788869          1.0332       632.92539     0.088545445      0.088545445       796.24611                 21.914799                        390.57919                           220.4314             163.32072
             11       399.05488       67.492221       3.1165857      0.97261803     0.022284938      0.11915215     0.060394397       1.0309385       1.0033802        2.256919    2.256919e-09       2.4642762      0.24584613      0.24717775       13.810433       2.0001293      0.68800911      0.31191156      0.14208195       147.41039       1.0232088      0.87058326      0.62820152      0.46946893      0.84060335       1.0408318       8.2993256       1.0309385       634.30737     0.088545445      0.088545445       797.93268                 22.137425                        390.64725                          221.52269             163.62531
              5       398.29001       67.492221       3.0719323      0.97435031     0.022284938      0.11915215     0.060394397       1.0090575       1.0031673       2.1583568   2.1583568e-09       2.4642762      0.24584613      0.24717775       13.810433       1.9127814      0.68800911      0.31191156      0.14208195       147.41039       1.0012741      0.85192047       0.6147347      0.45940487      0.82258325       1.0408318       8.2993256       1.0090575       634.25997     0.088545445      0.088545445       796.40292                 21.741494                        390.65364                          221.86483             162.14296
              2       400.73126       67.090193       3.0706876      0.97085152     0.022413907      0.12032971     0.051387086       1.0155388       0.9968428       2.1556721   2.1556721e-09       2.4410605      0.24590121      0.24723303       13.810867       1.9451291      0.68135608      0.31856363      0.14338848       146.95555       1.0061708      0.86989869      0.61915628      0.46515675      0.82414046       1.0405308       7.3773212       1.0155388       635.85782     0.088545445      0.088545445       801.28544                 22.206674                        390.80042                          222.85072             165.42762
              9       400.87982       67.304851       3.0759326      0.97116095      0.02250766      0.11984592     0.056851977       1.0149663       1.0069677       2.1670082   2.1670082e-09        2.424392      0.24594139      0.24727336       13.802235       1.9341028      0.68424638      0.31567384      0.14299845       146.97902       1.0047372      0.86294134      0.61785322      0.46312152      0.82428172       1.0404272       7.9060594       1.0149663       636.88908     0.088545445      0.088545445       801.58255                 22.094722                        390.09665                           224.6977             164.69348
              1       399.98701       67.304851       3.0830118      0.96954303      0.02250766      0.11984592     0.056851977       1.0189849       1.0042718       2.1824034   2.1824034e-09        2.424392      0.24594139      0.24727336       13.802235       1.9478433      0.68424638      0.31567384      0.14299845       146.97902       1.0076837      0.86547198      0.61966513      0.46447967      0.82669899       1.0404272       7.9060594       1.0189849       637.30508     0.088545445      0.088545445       799.79693                 22.332876                        390.08037                          224.89183             162.49185
              2       401.15456       67.103232       3.0801772      0.96845484     0.022491163       0.1202008     0.054941768       1.0191317       1.0011896       2.1762259   2.1762259e-09       2.4273127      0.24593431      0.24726626       13.811101       1.9497645      0.68159463      0.31832511      0.14333683       146.90386       1.0086768      0.87156232      0.62064247      0.46618599      0.82627338       1.0402367       7.7226375       1.0191317       638.29791     0.088545445      0.088545445       802.13203                 22.461569                        390.10773                          225.72861             163.83413
              1        401.0685       68.215996       3.1097475      0.97272526     0.022685231      0.11793982     0.044915112       1.0473718       1.0016879       2.2415384   2.2415384e-09       2.3932773      0.24601728      0.24734953       13.768085       2.0489597      0.69633949      0.30358285      0.14126992       147.28674       1.0069047      0.84056608      0.61730641      0.45821584      0.83163255        1.040681       6.6071494       1.0473718       642.43038     0.088545445      0.088545445        801.9599                 21.548409                        395.25668                          225.62529             159.52952
              3       398.31029       68.141469        3.107133      0.97274196     0.022640908      0.11808354     0.044429663       1.0450618       1.0025557       2.2356856   2.2356856e-09       2.4009893      0.24599842       0.2473306       13.771992       2.0455948      0.69546082      0.30446135      0.14136931       147.29777       1.0070493      0.84241539      0.61750363      0.45869347       0.8312975       1.0407255       6.5654483       1.0450618       638.74899     0.088545445      0.088545445       796.44349                 21.661686                        395.53093                          221.55637              157.6945
              1       396.02929       68.661803       3.1154003      0.97509327     0.022716698      0.11698915     0.053442185       1.0408985       1.0033439       2.2542452   2.2542452e-09       2.3878247      0.24603062      0.24736291       13.753685       2.0257314      0.70221965       0.2977037      0.14035072       147.50538       1.0033077      0.82563566       0.6140982      0.45361132      0.83136506       1.0409119       7.4727371       1.0408985       633.98634     0.088545445      0.088545445       791.88148                 21.548306                        390.60223                           221.8358             157.89515
              9       397.22835       68.597068       3.1137768       0.9746607      0.02273799       0.1172884     0.053623729       1.0394174        1.005982       2.2505885   2.2505885e-09       2.3841457      0.24603961      0.24737194       13.750656       2.0217112      0.70097615      0.29894705      0.14067126       147.40172       1.0040837      0.82898828      0.61492371      0.45469461      0.83161569       1.0409848       7.4913021       1.0394174       634.66939     0.088545445      0.088545445       794.27962                 21.639255                        390.53247                          222.49767             159.61022
              4       399.25464       68.597068       3.0530037       0.9761821      0.02273799       0.1172884     0.053623729       1.0083006       1.0030762       2.1178865   2.1178865e-09       2.3841457      0.24603961      0.24737194       13.750656       1.9025045      0.70097615      0.29894705      0.14067126       147.40172      0.97460048      0.80464647      0.59686755       0.4413433      0.80719674       1.0409848       7.4913021       1.0083006        635.8296     0.088545445      0.088545445       798.33218                 21.411862                        390.60499                          223.81275             162.50258
              3       399.79078       68.597566       3.0530205      0.97618372     0.022738127      0.11728786     0.053605852       1.0083281       1.0048551        2.117922    2.117922e-09       2.3841222      0.24603967        0.247372       13.750623       1.9026045      0.70098137      0.29894183      0.14067085       147.40172      0.97460328      0.80463907      0.59686882      0.44134231      0.80720198       1.0409853       7.4894645       1.0083281       635.83409     0.088545445      0.088545445       799.40446                 21.411191                        390.60706                          223.81583             163.57037
              3        401.6487       68.494451       3.0496919      0.97579398     0.022700681      0.11720496     0.059834202       1.0019769       1.0039296       2.1108841   2.1108841e-09       2.3905979      0.24602383      0.24735611       13.763036       1.8728071      0.70033688      0.29958609      0.14055051       147.46554      0.97308565      0.80433897       0.5958119      0.44079797      0.80533906       1.0406868        8.112495       1.0019769       636.99753     0.088545445      0.088545445       803.12031                 21.431959                         390.3751                          225.19046             166.12278
              1       403.80575       67.509667       3.0250908      0.97143468     0.022624448      0.11972246     0.063727173      0.98079164       0.9971655       2.0595874   2.0595874e-09       2.4038623       0.2459914      0.24732355       13.784118        1.813124      0.68617405      0.31374666      0.14299177       146.88227      0.97726037       0.8359982       0.6009496      0.44976207      0.80295882       1.0406093       8.5514308      0.98079164       640.62068     0.088545445      0.088545445        807.4344                 22.558077                        391.60432                          226.45828             166.81373
              2       400.99935       68.777217       3.0545929      0.97739318     0.022690255      0.11642682     0.062337144        1.001881       1.0038155       2.1212548   2.1212548e-09       2.3924055      0.24601941      0.24735167       13.759598       1.8726106       0.7044629       0.2954607      0.13976194        147.6856      0.97081524      0.79414446      0.59358623      0.43763167      0.80511679       1.0407189       8.3432212        1.001881       634.77183     0.088545445      0.088545445        801.8216                 21.347927                        390.83019                          222.59371             167.04978
              9       403.15925       68.322758       3.0456837      0.97581179     0.022561241      0.11713609     0.057656565       1.0012492       1.0075541       2.1024401   2.1024401e-09       2.4149418      0.24596436      0.24729642       13.783978       1.8734572      0.69927516      0.30064742       0.1403422       147.63942      0.97254708      0.80544509      0.59526137       0.4407802       0.8038839         1.04046       7.9291099       1.0012492       632.70292     0.088545445      0.088545445       806.14142                 21.439238                        390.17797                          221.08571              173.4385
              4       401.54636       67.107026       3.0188665      0.97053631      0.02245259      0.12044479     0.048044704      0.99298189       1.0064182       2.0468078   2.0468078e-09       2.4341621      0.24591777      0.24724966       13.805187        1.859285      0.68117448      0.31874527      0.14354224       146.88242       0.9805472      0.84828688      0.60355026      0.45349696      0.80325327       1.0406014       7.0203181      0.99298189       638.74919     0.088545445      0.088545445       802.91563                 22.164345                        392.31599                          224.26885             164.16644
              1       400.95219       66.775807       3.0094748      0.96938343     0.022392091      0.12122001     0.050339503      0.98632504       1.0032044       2.0276749   2.0276749e-09       2.4449641      0.24589188      0.24722367       13.815539       1.8334707       0.6764009      0.32351805      0.14425697        146.7463      0.98124551       0.8581966      0.60473052      0.45607526      0.80183915       1.0405683         7.28602      0.98632504       640.10297     0.088545445      0.088545445       801.72728                 22.278671                        391.13103                          226.69327             161.62431
              5       403.41435        66.46724       3.0039864      0.96749543     0.022420287       0.1220709     0.049519897      0.98165484       1.0034472       2.0165766   2.0165766e-09       2.4399208      0.24590394      0.24723577       13.819532       1.8264268      0.67139956      0.32851864      0.14513605       146.49284      0.98314048      0.86978974      0.60681932       0.4594089       0.8015293       1.0404452        7.206087      0.98165484       644.11142     0.088545445      0.088545445        806.6516                 22.875145                        391.28603                          229.95024             162.54018
              1       400.86436        66.46724       3.0275737      0.96476482     0.022420287       0.1220709     0.049519897      0.99350201        1.003074       2.0647076   2.0647076e-09       2.4399208      0.24590394      0.24723577       13.819532       1.8700195      0.67139956      0.32851864      0.14513605       146.49284      0.99378758      0.87920929      0.61339099      0.46438415       0.8102096       1.0404452        7.206087      0.99350201       641.47216     0.088545445      0.088545445       801.55163                  23.41534                        391.08427                          226.97256             160.07946
              9       402.22174        66.41982       3.0195079       0.9649744     0.022414947      0.12234419      0.06445147      0.97591813       1.0028934       2.0481211   2.0481211e-09       2.4408747      0.24590165      0.24723348       13.816578       1.8004199      0.67032281      0.32959528        0.145404       146.42767      0.99146797      0.87943002      0.61224152      0.46389322       0.8080301       1.0405964       8.7209104      0.97591813       645.35344     0.088545445      0.088545445        804.2664                 23.699903                        392.32739                          229.32615             158.91296
              1       402.79907       66.747569       3.0264907      0.96678118      0.02237452      0.12107642     0.068329452      0.97743899       1.0007576       2.0624727   2.0624727e-09       2.4481152      0.24588438      0.24721614       13.822442       1.7990283      0.67648878       0.3234301      0.14409581        146.8032      0.98815663      0.86384691       0.6088196      0.45912795      0.80731592       1.0403805        9.079459      0.97743899       640.94434     0.088545445      0.088545445       805.42104                 23.325832                        394.17753                          223.44098              164.4767
              2       402.96791       67.527182       3.0427435      0.97057621     0.022436237      0.11940607     0.067534707      0.98951448       1.0012038       2.0962676   2.0962676e-09       2.4370748      0.24591076      0.24724263        13.79626       1.8314153      0.68744342      0.31247733      0.14248717       147.17444       0.9853545      0.83996143      0.60539167      0.45262764      0.80971431       1.0408148       8.9567287      0.98951448       642.62118     0.088545445      0.088545445       805.75873                 22.349612                         393.3317                          226.93987             163.13754
              2       398.88373       67.954559       3.0570859      0.97165009     0.022551114      0.11842592     0.061891441      0.99921434        1.003462       2.1265497   2.1265497e-09       2.4167238      0.24596002      0.24729206       13.781724        1.878959      0.69323625      0.30668549       0.1416219       147.30657      0.98502593      0.82826963      0.60426893         0.44968      0.81200174        1.040762       8.3689358      0.99921434       636.40878     0.088545445      0.088545445       797.59037                 22.526501                        390.91314                          222.96915             161.18158
             12       398.16848       67.979187       3.0585494      0.97294998     0.022400609      0.11816213     0.049113491       1.0145795        1.003736       2.1296642   2.1296642e-09       2.4434389      0.24589552      0.24722733       13.790845       1.9304195      0.69435499       0.3055668      0.14120761       147.54485      0.98593019      0.82645759      0.60438085      0.44935258      0.81289443        1.040942       7.1115938       1.0145795       633.91817     0.088545445      0.088545445       796.15987                 21.744687                        392.07473                          220.09875             162.24171
              4       398.12085       67.979187       3.1137203      0.97808013     0.022400609      0.11816213     0.049113491       1.0435274       1.0051914       2.2504612   2.2504612e-09       2.4434389      0.24589552      0.24722733       13.790845       2.0399151      0.69435499       0.3055668      0.14120761       147.54485       1.0154897       0.8512359      0.62250099      0.46282477       0.8372661        1.040942       7.1115938       1.0435274       636.63164     0.088545445      0.088545445       796.06461                  20.97825                        392.40431                          223.24907             159.43298
              4       397.35363       67.876162       3.1147587      0.97662034     0.022491003      0.11847747     0.048424003       1.0450001       1.0028929       2.2527993   2.2527993e-09        2.427341      0.24593424      0.24726619       13.788939       2.0448524      0.69254581      0.30737575      0.14161334       147.35979       1.0168711      0.85628448       0.6237951      0.46447181      0.83776952       1.0407374       7.0248441       1.0450001       636.95659     0.088545445      0.088545445       794.53018                 21.110793                        392.72497                          223.12083             157.57358
              4       396.56211       67.876162       3.1123212      0.97109369     0.022491003      0.11847747     0.048424003       1.0431517       1.0027505       2.2473148   2.2473148e-09        2.427341      0.24593424      0.24726619       13.788939       2.0398741      0.69254581      0.30737575      0.14161334       147.35979       1.0134992      0.85344503      0.62172659      0.46293162      0.83499147       1.0407374       7.0248441       1.0431517       633.29188     0.088545445      0.088545445       792.94713                 21.982687                        392.36959                           218.9396             159.65525
              3       396.93227       67.555448       3.1050684      0.96969618      0.02245628      0.11924799     0.047741727       1.0391162       1.0027847       2.2310746   2.2310746e-09       2.4335057      0.24591935      0.24725124       13.797493       2.0278982      0.68800739      0.31191342      0.14234913       147.19421       1.0150841      0.86407955      0.62350611      0.46596064      0.83431912       1.0406817       6.9706997       1.0391162       633.91989     0.088545445      0.088545445       793.68744                 22.212752                         392.5472                          219.15994             159.76755
              1       397.03898       67.551453        3.104902       0.9697391     0.022448454       0.1192439     0.047497296       1.0393093       1.0026707       2.2307033   2.2307033e-09       2.4348983        0.245916      0.24724788       13.798174       2.0285522       0.6879966      0.31192421      0.14233722       147.20399       1.0150741      0.86407237      0.62348692      0.46595032      0.83428623       1.0406856       6.9463117       1.0393093       634.00109     0.088545445      0.088545445       793.90087                 22.194879                         392.7285                          219.07771             159.89978
              3       397.35816       67.729344       3.1043527      0.97084842     0.022486266      0.11926608     0.052839399       1.0335558      0.99725369       2.2294783   2.2294783e-09       2.4281807      0.24593221      0.24726415       13.780673       2.0058919       0.6895026      0.31041862      0.14239722       147.15588       1.0143103      0.86080173      0.62308345      0.46508588      0.83475548       1.0411426       7.4965671       1.0335558         633.993     0.088545445      0.088545445       794.53922                 22.158911                        390.49564                          221.33845             160.54622
              1       395.83227       67.729344       3.0880754      0.97172393     0.022486266      0.11926608     0.052839399       1.0242029      0.99986941       2.1934821   2.1934821e-09       2.4281807      0.24593221      0.24726415       13.780673       1.9735057       0.6895026      0.31041862      0.14239722       147.15588       1.0064234      0.85410845      0.61823858      0.46146954      0.82826472       1.0411426       7.4965671       1.0242029       634.07074     0.088545445      0.088545445       791.48746                  22.12264                        390.49917                          221.44894             157.41671
              3       395.53738       67.872136       3.0896358      0.97243643     0.022500594      0.11893283     0.057169483       1.0210137        1.000014       2.1969075   2.1969075e-09       2.4256424      0.24593835      0.24727032        13.77663       1.9595439      0.69150003      0.30842152      0.14207829       147.22822       1.0049848      0.84884092      0.61700886      0.45980911      0.82795214       1.0411813       7.9258304       1.0210137       633.48907     0.088545445      0.088545445       790.89766                 22.109267                        390.10064                          221.27917             157.40859
              2        395.4458       67.732024       3.0862645      0.97191913     0.022470987      0.11920206     0.057330681       1.0185853       1.0012359       2.1895135   2.1895135e-09       2.4308916      0.24592566      0.24725757       13.782589       1.9523192      0.68970004      0.31022119      0.14231791        147.1898       1.0053505      0.85272642      0.61749351       0.4608401      0.82739813       1.0411227       7.9530268       1.0185853       633.71438     0.088545445      0.088545445        790.7145                 22.225698                        390.14052                          221.34816             157.00012
              3       396.94913       67.732024       3.0609816      0.97463756     0.022470987      0.11920206     0.057330681       1.0058641       1.0016096       2.1348502   2.1348502e-09       2.4308916      0.24592566      0.24725757       13.782589       1.9035777      0.68970004      0.31022119      0.14231791        147.1898       0.9937482      0.84288547      0.61036728      0.45552174      0.81784948       1.0411227       7.9530268       1.0058641       635.37462     0.088545445      0.088545445       793.72116                 21.756108                        390.17126                          223.44726             158.34654
              1       397.58506       67.890227       3.0652408      0.97549558     0.022435659      0.11841493     0.058773018       1.0074453       1.0019016       2.1439624   2.1439624e-09       2.4371777      0.24591052      0.24724238       13.790905        1.906196      0.69292894      0.30699265      0.14149546       147.43811      0.99162094      0.83417154      0.60817885      0.45270293      0.81705129       1.0408549       8.0907521       1.0074453       633.91178     0.088545445      0.088545445       794.99303                 21.627123                        390.29451                          221.99014             161.08125
              4       398.17283        67.96347       3.0643111      0.97615829     0.022419433      0.11825949     0.062959024       1.0029743       1.0036535       2.1419701   2.1419701e-09       2.4400732      0.24590357      0.24723541       13.789069       1.8885474      0.69396209      0.30595967      0.14132379       147.49782      0.99040926      0.83107669      0.60725138      0.45163184        0.816493       1.0409502       8.5016004       1.0029743       635.21378     0.088545445      0.088545445       796.16858                 21.625837                        391.19555                          222.39239              160.9548
              2       397.07526       68.221841       3.0710172      0.97686718     0.022507265      0.11787384     0.062396376       1.0074263       1.0035852       2.1563826   2.1563826e-09       2.4244619      0.24594122      0.24727319       13.774225       1.9033954      0.69691566      0.30300669      0.14102597       147.50267      0.99018493      0.82523169      0.60679373       0.4501986      0.81785823        1.041085       8.4191677       1.0074263       634.74552     0.088545445      0.088545445       793.97343                  21.51801                        390.95326                          222.27425             159.22791
              1       397.56459       68.405578       3.0748224      0.97812678     0.022475969      0.11741169     0.059275818       1.0133549       1.0015578       2.1646037   2.1646037e-09       2.4300072      0.24592779      0.24725972       13.771407       1.9226139      0.69959616      0.30032661      0.14053252       147.66093      0.98955232       0.8192375      0.60587492       0.4485196      0.81843561       1.0412193       8.1145102       1.0133549       634.57768     0.088545445      0.088545445       794.95208                 21.228111                        390.35244                          222.99713              160.3744
              1       398.16197       68.405578       3.1469423       0.9753403     0.022475969      0.11741169     0.059275818       1.0514935       1.0074196       2.3264819   2.3264819e-09       2.4300072      0.24592779      0.24725972       13.771407       2.0663951      0.69959616      0.30032661      0.14053252       147.66093       1.0247924       0.8484123      0.62745142      0.46449235      0.84758186       1.0412193       8.1145102       1.0514935       632.95041     0.088545445      0.088545445       796.14686                 21.541605                        390.34461                           221.0642             163.19645
              2       399.08657        68.22286       3.1442289      0.97271669     0.022698447      0.11845294     0.066452099        1.038342       1.0027525       2.3201778   2.3201778e-09        2.390985      0.24602289      0.24735516       13.753155       2.0314292      0.69526973      0.30465263      0.14179626       147.13583        1.027131      0.86021322      0.63029235       0.4682667      0.84838075       1.0412104       8.7707089        1.038342       640.73557     0.088545445      0.088545445       797.99606                   22.6221                        392.55176                          225.56172             157.26049
              2       399.45633       67.613689       3.1276769      0.97059553     0.022576994      0.11978827     0.069582268       1.0264431       1.0061386       2.2820902   2.2820902e-09       2.4121736      0.24597111      0.24730319        13.77435       1.9856121      0.68709877      0.31282218      0.14301013       146.91745         1.02869      0.87833563      0.63259569      0.47309746      0.84586654       1.0411108       9.1211976       1.0264431       640.47418     0.088545445      0.088545445       798.73556                 22.938709                        394.42138                          223.11409             158.26138
              5       398.42776        67.62711       3.1279186      0.97065885     0.022578554      0.11976065     0.069692067       1.0264916       1.0041539        2.282642    2.282642e-09       2.4118997      0.24597178      0.24730386        13.77386       1.9856561      0.68727993      0.31264105      0.14298407       146.92301       1.0286198      0.87790509      0.63252369      0.47297512      0.84589274       1.0411179       9.1305459       1.0264916       640.50865     0.088545445      0.088545445       796.67842                  22.92988                        394.48583                          223.09293             156.16977
              1       396.03122       67.960943       3.1298202       0.9735206     0.022445271      0.11841882     0.059366598       1.0401792       1.0055758       2.2869867   2.2869867e-09       2.4354651      0.24591463      0.24724651       13.784237       2.0309464      0.69353842      0.30638334      0.14150896       147.42636        1.023045      0.85951595      0.62746676      0.46682812      0.84338222       1.0410452       8.1475649       1.0401792        632.3562     0.088545445      0.088545445       791.88535                 21.943698                        390.35448                          220.05803             159.52914
              2       396.05208       67.838213       3.1256686      0.97307455     0.022415787      0.11851956     0.061440954       1.0363248       1.0040125       2.2775118   2.2775118e-09       2.4407245      0.24590201      0.24723384       13.793227       2.0141588      0.69227371      0.30764776      0.14158021       147.43244       1.0220515      0.86109136      0.62693631      0.46691396      0.84180206       1.0408615       8.3594387       1.0363248       631.99504     0.088545445      0.088545445       791.92708                 21.995591                        390.81571                          219.18374             159.93203
              1       395.80513       68.174235       3.1344409      0.97454762     0.022462477      0.11782717     0.059383882       1.0439045       1.0050583       2.2975787   2.2975787e-09       2.4324036      0.24592201      0.24725391       13.780955       2.0402821      0.69668901      0.30323324      0.14093451        147.5649         1.02149      0.85159721       0.6258762      0.46444323      0.84342066       1.0410084       8.1350041       1.0439045       631.85007     0.088545445      0.088545445       791.43317                 21.702297                        390.36386                          219.78392              159.5831
              9       397.16108       68.372627       3.1393341      0.97584373     0.022434165       0.1172623     0.062239891       1.0446593       1.0051102       2.3088487   2.3088487e-09       2.4374441      0.24590988      0.24724173        13.77957        2.038612      0.69971554      0.30020716      0.14034133       147.74775       1.0207354      0.84454756      0.62475474      0.46245004      0.84402304       1.0410685       8.4106732       1.0446593        633.2274     0.088545445      0.088545445       794.14506                 21.512132                        390.93045                          220.78482             160.91766
              3       396.50722       68.372627       3.1097497      0.97668708     0.022434165       0.1172623     0.062239891       1.0294995        1.002672       2.2415434   2.2415434e-09       2.4374441      0.24590988      0.24724173        13.77957       1.9791845      0.69971554      0.30020716      0.14034133       147.74775       1.0060722      0.83241536      0.61577994       0.4558068      0.83189837       1.0410685       8.4106732       1.0294995       633.83386     0.088545445      0.088545445       792.83734                 21.367113                        390.96556                          221.50119             159.00349
              1       397.03942       68.372627       3.1255839      0.97800719     0.022434165       0.1172623     0.062239891        1.037215       1.0057379       2.2773189   2.2773189e-09       2.4374441      0.24590988      0.24724173        13.77957       2.0107726      0.69971554      0.30020716      0.14034133       147.74775       1.0145815      0.83945593      0.62098821      0.45966201      0.83893457       1.0410685       8.4106732        1.037215       634.09619     0.088545445      0.088545445       793.90176                 21.226144                        390.93363                          221.93641             159.80557
              1       399.79712       68.766396       3.1371429      0.98019476     0.022428168      0.11639664     0.067175464       1.0388319       1.0062065       2.3037952   2.3037952e-09       2.4385138      0.24590731      0.24723916       13.768582       2.0141694      0.70498795      0.29493563      0.13946967       147.98734       1.0148431      0.82876699      0.62018158      0.45703628      0.84156381       1.0413245       8.8681296       1.0388319       638.48289     0.088545445      0.088545445       799.41716                 21.072455                        392.53745                          224.87298             160.93427
              2       399.39696       68.976402       3.1431509      0.98074879     0.022503326      0.11590347     0.071108663       1.0388829       1.0049525        2.317678    2.317678e-09       2.4251588      0.24593953      0.24727149       13.761501       2.0104298      0.70766019      0.29226385      0.13905166       148.03592       1.0138055      0.82241948      0.61908275      0.45518976      0.84198612       1.0412223       9.2056689       1.0388829       639.31062     0.088545445      0.088545445       798.61683                 21.059989                        394.42974                           223.8209             159.30621
              1       399.30163       68.976402       3.1319266      0.97820896     0.022503326      0.11590347     0.071108663       1.0328171       1.0032721       2.2918091   2.2918091e-09       2.4251588      0.24593953      0.24727149       13.761501       1.9879902      0.70766019      0.29226385      0.13905166       148.03592       1.0071459      0.81701707      0.61501604      0.45219965      0.83645517       1.0412223       9.2056689       1.0328171       638.86193     0.088545445      0.088545445       798.42618                 21.445848                        394.49656                          222.91953             159.56424
              1       399.49766       67.493302       3.0992436      0.97037534     0.022472891      0.12001929     0.069299243       1.0138313       1.0014041       2.2181166   2.2181166e-09       2.4305536      0.24592647      0.24725839       13.781641       1.9310424      0.68570293      0.31421774      0.14313705       146.97188       1.0166646      0.87077621      0.62533932      0.46819137       0.8352338       1.0412608       9.1265643       1.0138313       641.89676     0.088545445      0.088545445       798.81822                 22.697532                        394.31441                          224.88482             156.92147
              7       400.20961       67.192566        3.090154      0.96901707     0.022436061      0.12051257      0.07031651       1.0048934       1.0015908       2.1980463   2.1980463e-09       2.4371061      0.24591069      0.24724255       13.796141       1.9096804      0.68187221      0.31804774       0.1435935       146.88307       1.0156813       0.8775099      0.62523192      0.46953095      0.83256484       1.0409706       9.2409914       1.0048934         642.712     0.088545445      0.088545445       800.24213                 23.392075                        395.17996                          224.13997             157.53012
              3       401.75089       67.192566       3.1310547      0.97161055     0.022436061      0.12051257      0.07031651       1.0257103       1.0018527       2.2898118   2.2898118e-09       2.4371061      0.24591069      0.24724255       13.796141        1.989407      0.68187221      0.31804774       0.1435935       146.88307       1.0376827      0.89651824       0.6387755      0.47970178      0.85059959       1.0409706       9.2409914       1.0257103       643.32474     0.088545445      0.088545445       803.32468                 22.834837                        395.01732                          225.47258             159.99994
              1       402.26845       66.993103       3.1255356      0.97009586     0.022490548       0.1209107      0.07144946       1.0232672       1.0052626       2.2772089   2.2772089e-09       2.4274216      0.24593405      0.24726599       13.801749       1.9739796      0.67896654      0.32095294      0.14404611        146.7182       1.0367556      0.90173621      0.63870712      0.48074203      0.84857732       1.0406457       9.3397977       1.0232672       644.43217     0.088545445      0.088545445        804.3598                 22.909896                        395.79702                          225.72526             159.92763
              1       399.46204       68.436701       3.1618749      0.97612193     0.022728603      0.11767865     0.066639634       1.0491977       1.0058732       2.3614829   2.3614829e-09       2.3857667      0.24603565      0.24736796       13.754459       2.0668185      0.69875993      0.30116291      0.14105212       147.30815        1.032055      0.85676083      0.63248141      0.46854158      0.85378279       1.0409483       8.7658879       1.0491977       637.67315     0.088545445      0.088545445       798.74698                 21.885112                        392.38085                          223.40719             161.07383
              9       399.26215       68.436701       3.1395916      0.97683691     0.022728603      0.11767865     0.066639634         1.03771        1.006112       2.3094433   2.3094433e-09       2.3857667      0.24603565      0.24736796       13.754459       2.0212724      0.69875993      0.30116291      0.14105212       147.30815       1.0208998      0.84750031      0.62564507      0.46347723      0.84455445       1.0409483       8.7658879         1.03771       637.89128     0.088545445      0.088545445       798.34721                 21.751693                        392.40843                          223.73116             160.45593
              4       403.23069       67.704317       3.1171921      0.97372277     0.022615178      0.11897171     0.064139012       1.0301742       0.9952512       2.2582879   2.2582879e-09       2.4054828      0.24598744      0.24731958       13.787402       1.9864099      0.68963396       0.3102872      0.14223176       147.09071        1.019376      0.86461135      0.62601329      0.46722333      0.83876942       1.0404271       8.5792839       1.0301742       640.97594     0.088545445      0.088545445       806.28429                 21.815361                        391.62688                          227.53369             165.30835
              1       401.26262       68.133538       3.1283348      0.97590293     0.022635206      0.11793822     0.066515086       1.0341111      0.99584721       2.2835922   2.2835922e-09       2.4019841      0.24599599      0.24732816       13.776818       1.9991449      0.69571525      0.30420691      0.14121829       147.34276       1.0182611      0.85110408       0.6242117      0.46357945      0.84050372       1.0405624       8.7814838       1.0341111       637.57917     0.088545445      0.088545445       802.34814                 21.596573                        392.40738                          223.57522             164.76897
              1       399.89371       68.247265       3.1311251      0.97642156     0.022648695      0.11771558     0.064522263       1.0386302      0.99815857        2.289973    2.289973e-09       2.3996318      0.24600174      0.24733393       13.772426       2.0127371      0.69717755      0.30274486      0.14100914       147.38708       1.0180655      0.84796576      0.62386058      0.46276098      0.84104329       1.0406296       8.5851754       1.0386302       639.04691     0.088545445      0.088545445       799.61034                 21.394371                        391.64476                          226.00778             160.56343
              1       400.41194       68.222524       3.1308691      0.97629448     0.022647736      0.11781095     0.064798801       1.0383504      0.99802009       2.2893867   2.2893867e-09       2.3997989      0.24600133      0.24733352       13.772045       2.0111091      0.69675503      0.30316732      0.14110356       147.36274        1.018528       0.8492624      0.62424846      0.46321016      0.84127286       1.0406599       8.6135489       1.0383504        640.4317     0.088545445      0.088545445        800.6468                  21.39663                        391.74677                           227.2883             160.21509
              3       397.95895       68.566838       3.1393442      0.97845029     0.022611343      0.11690838      0.06683354       1.0408719       1.0044089        2.308872    2.308872e-09       2.4061536       0.2459858      0.24731794       13.767185       2.0199889      0.70179013      0.29813301      0.14016459       147.64449        1.017491      0.83781389      0.62257281      0.46003689      0.84253438       1.0408134       8.7985413       1.0408719       636.35768     0.088545445      0.088545445        795.7408                 21.212893                        392.44729                          222.69749             159.38313
              2       397.73548       68.566838       3.1179596      0.97781163     0.022611343      0.11690838      0.06683354       1.0296193       1.0045378       2.2600219   2.2600219e-09       2.4061536       0.2459858      0.24731794       13.767185       1.9772508      0.70179013      0.29813301      0.14016459       147.64449        1.006423      0.82870038      0.61580063      0.45503274      0.83336953       1.0408134       8.7985413       1.0296193       635.84558     0.088545445      0.088545445       795.29387                 21.320665                        392.45125                          222.07366             159.44829
              2       397.93049       68.566838       3.1327759      0.97353824     0.022611343      0.11690838      0.06683354       1.0367886       1.0040119       2.2937564   2.2937564e-09       2.4061536       0.2459858      0.24731794       13.767185       2.0067645      0.70179013      0.29813301      0.14016459       147.64449       1.0122478       0.8334966      0.61936466       0.4576663      0.83819277       1.0408134       8.7985413       1.0367886        634.7643     0.088545445      0.088545445       795.68388                 22.057139                        392.58652                          220.12064             160.91958
              2       396.43546       67.740585       3.1080053      0.97057524     0.022415332      0.11867485      0.05383001       1.0344999       1.0006978       2.2376366   2.2376366e-09       2.4408059      0.24590182      0.24723364       13.797708       2.0092474      0.69104867      0.30887258      0.14173504       147.39165       1.0133612      0.85621144      0.62177546       0.4635306      0.83404357       1.0407356       7.6031937       1.0344999       630.93385     0.088545445      0.088545445       792.69383                 22.260595                          390.282                          218.39126             161.75998
              1        398.2047       67.740585       3.0614103       0.9728318     0.022415332      0.11867485      0.05383001       1.0125322       1.0004287       2.1357656   2.1357656e-09       2.4408059      0.24590182      0.24723364       13.797708       1.9177741      0.69104867      0.30887258      0.14173504       147.39165      0.99087345      0.83721105      0.60797749      0.45324429      0.81553511       1.0407356       7.6031937       1.0125322       633.95622     0.088545445      0.088545445       796.23231                 21.664117                        390.41153                          221.88058             162.27609
              2       398.84346       67.740585       3.0456385      0.97081417     0.022415332      0.11867485      0.05383001       1.0041525       1.0003269        2.102345    2.102345e-09       2.4408059      0.24590182      0.24723364       13.797708       1.8877646      0.69104867      0.30887258      0.14173504       147.39165      0.98233775      0.82999904      0.60274018       0.4493399      0.80850983       1.0407356       7.6031937       1.0041525       632.30142     0.088545445      0.088545445       797.50982                 22.044135                          390.283                          219.97428              165.2084
              2       398.71188       67.581506       3.0412321      0.97014884     0.022389073      0.11897512     0.054644483       1.0003861         1.00075       2.0931016   2.0931016e-09       2.4455049      0.24589059      0.24722238       13.804437       1.8764056      0.68899253      0.31092834      0.14200906       147.34116      0.98234854      0.83399738      0.60303791      0.45030803      0.80756881       1.0406449       7.6964401       1.0003861       631.40908     0.088545445      0.088545445       797.24667                 22.223108                        390.16259                          219.02338             165.83759
             14       399.55775       66.928672       3.0271217      0.96661125     0.022387567       0.1208577     0.052533074      0.99287441      0.99854925       2.0637744   2.0637744e-09       2.4457748      0.24588995      0.24722173       13.811748       1.8579438      0.67869634      0.32122299      0.14389014       146.84603       0.9864842      0.85824852       0.6075722      0.45740357      0.80704219       1.0406634       7.5100445      0.99287441       635.17004     0.088545445      0.088545445       798.93842                 22.924142                        390.34107                          221.90483             163.76838
              2       400.85125       66.928672       3.0102945      0.96911625     0.022387567       0.1208577     0.052533074      0.98447419      0.99811772       2.0293376   2.0293376e-09       2.4457748      0.24588995      0.24722173       13.811748       1.8269415      0.67869634      0.32122299      0.14389014       146.84603      0.97914151      0.85186032      0.60304985      0.45399897      0.80103513       1.0406634       7.5100445      0.98447419       636.58775     0.088545445      0.088545445       801.52541                 22.448034                        390.39083                          223.74889             164.93766
              4       401.47831       66.865276       3.0068576      0.96910647     0.022344773       0.1208704     0.048858907      0.98657274       1.0054861       2.0223749   2.0223749e-09       2.4534639      0.24587168       0.2472034       13.818255       1.8341015      0.67815411      0.32176506      0.14386004       146.89012      0.97810217      0.85184468      0.60237823      0.45368455      0.79980579       1.0405968       7.1348806      0.98657274       637.27797     0.088545445      0.088545445       802.77952                 22.314389                         391.7479                          223.21568             165.50155
              3        400.5269       67.203613       3.0144671      0.97061064     0.022387974      0.11994513     0.049835982      0.99065211       1.0007173       2.0378229   2.0378229e-09       2.4457019      0.24589012      0.24722191       13.811857       1.8445034      0.68333968       0.3165803      0.14297797       147.08567      0.97597146      0.83976893      0.60014253      0.45016878      0.80008003       1.0405359       7.2152215      0.99065211       635.31411     0.088545445      0.088545445       800.87671                 22.037731                        391.44288                           221.8335              165.5626
              1       399.85163       67.203613       3.0229476      0.96838422     0.022387974      0.11994513     0.049835982      0.99368058       1.0036592       2.0551782   2.0551782e-09       2.4457019      0.24589012      0.24722191       13.811857       1.8602122      0.68333968       0.3165803      0.14297797       147.08567      0.97929576       0.8426293       0.6021867      0.45170212      0.80280521       1.0405359       7.2152215      0.99368058       634.12989     0.088545445      0.088545445       799.52616                 22.589525                          391.366                          220.17437             165.39627
              3       401.47793       67.256955       3.0261616      0.96967487     0.022258756      0.11987164     0.055092506      0.98951724       1.0064448       2.0617941   2.0617941e-09       2.4690297      0.24583491      0.24716649       13.812594       1.8466838      0.68428989      0.31563022      0.14277527        147.2491      0.98177277      0.84281289      0.60349576      0.45234404      0.80515516       1.0409509       7.7863339      0.98951724       635.03294     0.088545445      0.088545445       802.77876                 22.566638                        390.08766                          222.37865             167.74582
              4       399.25261       67.181092       3.0270776      0.96877962     0.022320896      0.12034516     0.057538016      0.98812649       1.0055491       2.0636834   2.0636834e-09         2.45777      0.24586149      0.24719318       13.804828       1.8393577      0.68238963       0.3175303      0.14331092       147.05497      0.98415523      0.84895499      0.60552689      0.45454797      0.80665371       1.0410585       8.0273806      0.98812649       634.19928     0.088545445      0.088545445       798.32812                 22.694352                        390.12302                          221.38191             164.12884
              3        398.9022       67.181092       3.0414222      0.97169894     0.022320896      0.12034516     0.057538016      0.99584265       1.0057634       2.0934995   2.0934995e-09         2.45777      0.24586149      0.24719318       13.804828       1.8659327      0.68238963       0.3175303      0.14331092       147.05497      0.99233282      0.85600917      0.61055836      0.45832492      0.81335639       1.0410585       8.0273806      0.99584265        636.1387     0.088545445      0.088545445       797.62731                 22.075323                        390.18508                           223.8783             161.48862
              6        399.3797       67.181092       3.0508504      0.96665185     0.022320896      0.12034516     0.057538016       0.9988252       1.0057591       2.1133309   2.1133309e-09         2.45777      0.24586149      0.24719318       13.804828       1.8836084      0.68238963       0.3175303      0.14331092       147.05497      0.99512417      0.85841705       0.6122758      0.45961415      0.81564429       1.0410585       8.0273806       0.9988252       634.78504     0.088545445      0.088545445       798.58231                 23.292958                        390.14851                          221.34358             163.79727
              4       400.13302       67.181092       3.0524004       0.9665693     0.022320896      0.12034516     0.057538016      0.99979013       1.0073286       2.1166091   2.1166091e-09         2.45777      0.24586149      0.24719318       13.804828       1.8865302      0.68238963       0.3175303      0.14331092       147.05497      0.99586469      0.85905584      0.61273143      0.45995618      0.81625126       1.0410585       8.0273806      0.99979013       634.34354     0.088545445      0.088545445       800.08896                 23.282217                        390.14851                          220.91282             165.74541
              5       397.30182       67.181092       3.0919683      0.97124935     0.022320896      0.12034516     0.057538016       1.0207038       1.0047341       2.2020378   2.2020378e-09         2.45777      0.24586149      0.24719318       13.804828       1.9626728      0.68238963       0.3175303      0.14331092       147.05497       1.0175588      0.87776969       0.6260793      0.46997595      0.83403264       1.0410585       8.0273806       1.0207038       634.89134     0.088545445      0.088545445       794.42654                 22.230902                        390.18656                          222.47387              159.5352
              4       398.75478       67.109214       3.0899363      0.97116482     0.022281353      0.12047902     0.057497206        1.020617       1.0043398       2.1975678   2.1975678e-09       2.4649263      0.24584459      0.24717621       13.808707       1.9588485      0.68149947      0.31842029      0.14340524       147.06346       1.0178205      0.87973888       0.6263433      0.47050324       0.8338007       1.0410845       8.0347997        1.020617       636.43951     0.088545445      0.088545445       797.33247                 22.110267                        390.19782                          224.13142             160.89296
              1       398.17391       67.207633       3.0923471      0.97160797     0.022293378      0.12024621     0.057294994       1.0223621       1.0027895       2.2028721   2.2028721e-09       2.4627467      0.24584974      0.24718138       13.805885       1.9643709      0.68292043      0.31699956      0.14318445       147.11157       1.0174764      0.87655121      0.62589041      0.46963771      0.83412979       1.0411057       8.0078046       1.0223621       636.16442     0.088545445      0.088545445       796.17073                   22.0251                        390.17954                          223.95978             160.00631
              2       398.40317        67.17192       3.0907849      0.97146988     0.022285619      0.12021822     0.058466362       1.0203914        1.000055       2.1994334   2.1994334e-09       2.4641528      0.24584642      0.24717804       13.810055        1.956715      0.68266241       0.3172575       0.1431487       147.12752       1.0166838      0.87627691      0.62536383      0.46933802      0.83325857       1.0409894       8.1263922       1.0203914       635.48062     0.088545445      0.088545445       796.62925                  22.07289                        390.31303                          223.09469             161.14864
              2       399.54374       67.106496       3.0876884      0.97165366     0.022216071      0.12021449     0.057132322       1.0203102       1.0038521       2.1926335   2.1926335e-09       2.4768086      0.24581653      0.24714805       13.817915        1.955877      0.68220606       0.3177137      0.14307543       147.20592       1.0159911      0.87638593      0.62485776       0.4691267      0.83228522       1.0409684       8.0086506       1.0203102       635.54406     0.088545445      0.088545445       798.91038                 21.971717                        390.19304                          223.37931             163.36632
              1        399.6272       67.031423       3.0847168      0.97125441     0.022214053      0.12021795     0.058800586         1.01679       1.0050147       2.1861275   2.1861275e-09       2.4771773      0.24581566      0.24714717       13.824616       1.9435779      0.68149062      0.31842895      0.14307687       147.20725       1.0146632       0.8765229      0.62404261      0.46877817      0.83073232       1.0407522       8.1763257         1.01679       634.10555     0.088545445      0.088545445        799.0773                 22.108956                        390.38622                          221.61037             164.97175
              3       400.20649       66.550342       3.0719206      0.96856059     0.022224648      0.12145198     0.052168537       1.0152858       1.0046956       2.1583315   2.1583315e-09       2.4752427      0.24582023      0.24715177       13.834077       1.9444874      0.67405886      0.32585954       0.1443215       146.87091       1.0155209      0.89244672      0.62592405      0.47291082      0.82844567       1.0405628       7.5168571       1.0152858       635.72905     0.088545445      0.088545445       800.23588                 22.463483                         390.4322                          222.83337             164.50683
              5       400.16253       66.344085        3.069563      0.96711719     0.022265335      0.12217125     0.056857777       1.0081951      0.99975065        2.153249    2.153249e-09       2.4678341      0.24583773      0.24716932         13.8321       1.9218001       0.6703025      0.32961539      0.14508145       146.63785       1.0180245      0.90252021      0.62829152      0.47606151      0.82920006       1.0405783       8.0011184       1.0081951       638.08851     0.088545445      0.088545445       800.14798                 22.953231                         390.1264                          225.00888             162.05946
              1       400.12201       66.507963       3.0788152      0.96663924      0.02244432      0.12258109     0.051821152       1.0164002        1.002114       2.1732638   2.1732638e-09       2.4356344      0.24591423       0.2472461       13.801497        1.959301       0.6705941       0.3293242      0.14567028       146.33383       1.0226082       0.9069811       0.6317598       0.4785837      0.83396165        1.041027       7.4508783       1.0164002       644.74111     0.088545445      0.088545445       800.06693                 23.138072                        390.40656                          231.19647             155.32583
              2       399.35496       67.012503       3.0921265      0.96865027     0.022539172      0.12144897      0.05317607       1.0235439      0.99797675       2.2023862   2.2023862e-09       2.4188276       0.2459549      0.24728692       13.784181        1.980183      0.67784548      0.32207405        0.144633       146.52391       1.0214355      0.89133278      0.62990896      0.47453332      0.83615897       1.0411336       7.5532802       1.0235439       642.09421     0.088545445      0.088545445       798.53283                 22.726353                        390.20354                          229.16432             156.43861
              3       398.97116       67.012503       3.1083875      0.96718854     0.022539172      0.12144897      0.05317607       1.0317668      0.99884592       2.2384919   2.2384919e-09       2.4188276       0.2459549      0.24728692       13.784181       2.0126459      0.67784548      0.32207405        0.144633       146.52391       1.0292064      0.89811393      0.63470122      0.47814351      0.84252036       1.0411336       7.5532802       1.0317668       641.18453     0.088545445      0.088545445       797.76523                 23.037333                        390.21024                          227.93695              156.5807
              3       399.37487       69.612263       3.1695468      0.97976574     0.022744089      0.11495949      0.04801795       1.0777344       1.0031328       2.3796698   2.3796698e-09       2.3830935      0.24604218      0.24737452        13.72484       2.1617668      0.71442762       0.2854978      0.13834844       148.02117       1.0167534      0.81131939      0.62009636      0.45327303      0.84831763       1.0414639       6.8835918       1.0777344       639.34659     0.088545445      0.088545445       798.57265                 20.845988                        393.59669                          224.90391             159.22606
              3       399.43858       69.612263       3.1745804      0.98064695     0.022744089      0.11495949      0.04801795       1.0801847       1.0032972       2.3916783   2.3916783e-09       2.3830935      0.24604218      0.24737452        13.72484       2.1726756      0.71442762       0.2854978      0.13834844       148.02117        1.019664      0.81364191      0.62187148      0.45457059      0.85074606       1.0414639       6.8835918       1.0801847       639.37268     0.088545445      0.088545445       798.70007                 20.768076                        393.67725                          224.92736             159.32739
              2       400.18426       69.612263       3.1540052      0.98132231     0.022744089      0.11495949      0.04801795        1.070325      0.99988139       2.3429719   2.3429719e-09       2.3830935      0.24604218      0.24737452        13.72484       2.1284292      0.71442762       0.2854978      0.13834844       148.02117       1.0094924      0.80552547      0.61566803      0.45003604      0.84225948       1.0414639       6.8835918        1.070325       640.30424     0.088545445      0.088545445       800.19142                  20.61374                        393.79845                          225.89205             159.88719
              4       398.91391       68.231204       3.1183979      0.97447086     0.022656379      0.11806004     0.049869035       1.0459423      0.99605868       2.2610128   2.2610128e-09       2.3982933      0.24600501      0.24733722       13.764246       2.0463849      0.69627857       0.3036438      0.14136129       147.28681         1.01278       0.8457178      0.62100876      0.46098716      0.83657835       1.0409278       7.1363339       1.0459423       637.03065     0.088545445      0.088545445       797.65072                 21.460395                        391.88089                          223.68936             160.62008
              1       395.82263       68.231204       3.1360416      0.97285422     0.022656379      0.11806004     0.049869035       1.0534405       1.0008193       2.3012593   2.3012593e-09       2.3982933      0.24600501      0.24733722       13.764246        2.082811      0.69627857       0.3036438      0.14136129       147.28681       1.0211233      0.85268488      0.62612468      0.46478481      0.84347015       1.0409278       7.1363339       1.0534405        634.9201     0.088545445      0.088545445       791.46816                 21.894858                        391.70387                          221.32137             156.54806
              1       395.75029       68.198197       3.1369378      0.97236547     0.022695006      0.11819064     0.056237599        1.046921       1.0003696       2.3033225   2.3033225e-09       2.3915815      0.24602143      0.24735369       13.762566        2.058294      0.69562066      0.30430164      0.14153051       147.20922       1.0219322      0.85481722       0.6268081      0.46554394      0.84393409       1.0408687       7.7765152        1.046921       634.45097     0.088545445      0.088545445       791.32349                 22.165723                        390.06014                           222.2251             156.87252
              3       395.78054       68.928031       3.1561404      0.97594268     0.022746363       0.1165258      0.05809865       1.0577924       1.0005327       2.3479799   2.3479799e-09       2.3827014      0.24604314      0.24737548        13.74203       2.0904055      0.70542831      0.29449562      0.13991703       147.59649       1.0202895      0.83307323       0.6240093      0.45968547        0.847074       1.0411286       7.9220049       1.0577924       633.69232     0.088545445      0.088545445         791.384                  21.55758                        390.11948                          222.01526             157.69168
              2        394.7212       68.105063       3.1331811      0.97285106     0.022567152      0.11822789     0.055413227       1.0467386        1.000351       2.2946861   2.2946861e-09       2.4139026      0.24596689      0.24729896       13.773302       2.0539599      0.69498294      0.30493915      0.14143991       147.34157       1.0218466      0.85577209      0.62665524      0.46567398      0.84328696       1.0409595       7.7231714       1.0467386        632.1079     0.088545445      0.088545445       789.26531                 21.923103                         390.1274                          220.05741             157.15741
              1       399.51314        68.08486       3.1383843      0.97205238     0.022658923      0.11915703     0.048992257       1.0542396       1.0022347       2.3066569   2.3066569e-09       2.3978504       0.2460061       0.2473383       13.747369       2.0913604      0.69259954       0.3073225      0.14246082       146.99325        1.028698      0.86743901      0.63199224      0.47055494      0.84881521       1.0416426       7.0619539       1.0542396       639.64494     0.088545445      0.088545445        798.8492                 22.064914                        392.08867                          225.49135             159.20426
              3       401.36219       68.341715        3.143093       0.9735647     0.022645019      0.11844167     0.044811965       1.0611399       1.0037753       2.3175437   2.3175437e-09       2.4002724      0.24600017      0.24733236       13.744391       2.1188722      0.69646727      0.30345535      0.14173155       147.19805       1.0267878      0.85762972      0.63000984      0.46759626      0.84883569       1.0416892       6.6124848       1.0611399       642.16309     0.088545445      0.088545445       802.54728                 21.806121                        395.22131                          225.13565              160.3842
              1        401.5679       68.341715       3.1518724      0.97482662     0.022645019      0.11844167     0.044811965       1.0659605       1.0028866         2.33798     2.33798e-09       2.4002724      0.24600017      0.24733236       13.744391       2.1375565      0.69646727      0.30345535      0.14173155       147.19805       1.0318037      0.86181928      0.63308746      0.46988049      0.85298228       1.0416892       6.6124848       1.0659605       642.15527     0.088545445      0.088545445       802.95871                 21.596977                        395.33828                          225.22001             160.80345
              1       403.38054        67.76835       3.1378163      0.97223235     0.022577186      0.11986227     0.043500301       1.0582623       1.0047927       2.3053471   2.3053471e-09       2.4121398      0.24597119      0.24730327       13.758589       2.1132576      0.68836379      0.31155752      0.14308433       146.89772       1.0343565      0.88096569       0.6361628       0.4752836      0.85149815       1.0416487       6.5019071       1.0582623       644.79306     0.088545445      0.088545445         806.584                 21.971408                        396.12079                          226.70086             161.79094
              1       404.47034        67.76835       3.1162919      0.97313627     0.022577186      0.11986227     0.043500301       1.0472644      0.99769738       2.2562559   2.2562559e-09       2.4121398      0.24597119      0.24730327       13.758589       2.0682569      0.68836379      0.31155752      0.14308433       146.89772       1.0236367      0.87183554      0.62956974      0.47035786       0.8426734       1.0416487       6.5019071       1.0472644       645.23703     0.088545445      0.088545445       808.76359                 21.789438                        396.18537                          227.26222             163.52657
              2       401.94213       67.665932       3.1122494      0.97274513     0.022555666      0.11996508     0.041879202       1.0471905        1.003952       2.2471536   2.2471536e-09       2.4159225      0.24596197      0.24729402       13.765495       2.0666025      0.68724218      0.31267889      0.14316561       146.89448       1.0225688      0.87308627      0.62900228      0.47035619      0.84115799       1.0415061       6.3291588       1.0471905       646.00202     0.088545445      0.088545445       803.70717                 21.759037                        397.84365                          226.39934             157.70515
              6       402.03602       68.569323       3.1333527       0.9765849     0.022694912      0.11769916     0.040526399       1.0630525       1.0057589       2.2950797   2.2950797e-09       2.3915979      0.24602139      0.24735365        13.74309       2.1163963      0.69995211      0.29997103      0.14103894       147.34006       1.0174918      0.84247706      0.62354192      0.46146151      0.84255028       1.0414503       6.1270374       1.0630525       645.26734     0.088545445      0.088545445       803.89495                 21.132994                        400.11628                          224.01807              158.6276
              1        402.1235       68.013311       3.1197527      0.97280385     0.022790399      0.11898376     0.044640873       1.0482751      0.99894323        2.264078    2.264078e-09       2.3751271      0.24606163      0.24739404       13.754842       2.0706982       0.6920428      0.30787908      0.14241902       146.89371        1.017717      0.85912634      0.62520011      0.46570842      0.83931311        1.040909       6.5721648       1.0482751       645.54566     0.088545445      0.088545445       804.06991                 21.936854                        395.30407                          228.30474             158.52425
              4       398.10549       67.446369       3.1044354       0.9708884     0.022637752      0.12001889     0.050050868        1.034333       1.0037722       2.2296626   2.2296626e-09       2.4015397      0.24599708      0.24732925       13.781374       2.0172769      0.68490383      0.31501673      0.14330151       146.78961       1.0183634      0.87392302      0.62656403      0.46940625      0.83633843       1.0406953       7.1871286        1.034333       639.89645     0.088545445      0.088545445       796.03389                  22.25544                        391.39404                          226.24696             156.13745
              4       400.97629       67.446369       3.0675673      0.97070619     0.022637752      0.12001889     0.050050868       1.0153053       1.0073793       2.1489561   2.1489561e-09       2.4015397      0.24599708      0.24732925       13.781374       1.9442581      0.68490383      0.31501673      0.14330151       146.78961      0.99969377      0.85790144      0.61507727      0.46080065      0.82100589       1.0406953       7.1871286       1.0153053       640.45004     0.088545445      0.088545445       801.77549                 22.303184                        391.37373                          226.77312             161.32546
              1       397.59756       67.717201       3.0761801      0.97182256     0.022684164      0.11956495     0.051615832       1.0186885       1.0028279       2.1675446   2.1675446e-09       2.3934626      0.24601683      0.24734907       13.768282       1.9549475      0.68830793      0.31161326      0.14289398       146.85778       1.0005557      0.85199294      0.61516946      0.45961982      0.82336193       1.0409098       7.3329782       1.0186885       639.50547     0.088545445      0.088545445       795.01804                 22.154773                        390.87042                          226.48028             155.51257
              5       398.84415       67.500247       3.0712658      0.97076676     0.022668295      0.12016961      0.05051805       1.0164969        1.004311       2.1569188   2.1569188e-09       2.3962198      0.24601008      0.24734231       13.771672       1.9496398      0.68500881      0.31491187      0.14348277       146.71631       1.0019106      0.85988948      0.61663602      0.46192998      0.82315503        1.040934        7.232017       1.0164969       641.66747     0.088545445      0.088545445       797.51121                 22.333575                         391.2117                          228.12219             155.84374
              5       397.62253       67.760404       3.0793859      0.97227969      0.02265593      0.11966879     0.053198509       1.0186729       1.0045075       2.1745044   2.1745044e-09       2.3983715      0.24600482      0.24733703       13.762395       1.9550265      0.68854058      0.31138071      0.14296959       146.86161       1.0029462      0.85372704      0.61672075      0.46069287       0.8255923         1.04122         7.50307       1.0186729       638.93345     0.088545445      0.088545445       795.06797                 22.117229                         390.4039                          226.41232             156.13452
              4       397.49147       67.740941       3.0784129      0.97216406     0.022657005      0.11965641     0.053221137       1.0180867       1.0045197       2.1723897   2.1723897e-09       2.3981843      0.24600528      0.24733749       13.764431       1.9530368      0.68838623      0.31153502      0.14295828       146.86369       1.0024166      0.85353418       0.6163829      0.46049753      0.82503784       1.0411462       7.5048047       1.0180867       638.78549     0.088545445      0.088545445       794.80584                 22.143819                        390.40523                          226.23643             156.02035
              3       398.52146       68.014363       3.0844431      0.97322747     0.022710046      0.11875226      0.05963712       1.0147672       1.0033292       2.1855292   2.1855292e-09       2.3889759       0.2460278      0.24736009       13.763204       1.9397978      0.69272647      0.30719541      0.14210717       147.04368      0.99944577      0.84202245      0.61363939      0.45684293      0.82425113       1.0408758       8.1179205       1.0147672       638.81796     0.088545445      0.088545445       796.86584                 22.231669                        390.31941                          226.26689             158.04787
              1       399.70143       68.065515       3.0808299      0.97318501      0.02272722      0.11849161     0.053159191       1.0202632       1.0056024       2.1776467   2.1776467e-09       2.3860055      0.24603506      0.24736738       13.765277       1.9580056      0.69371368      0.30620832      0.14186369       147.09369      0.99587841      0.83690478      0.61118704      0.45465124      0.82161789       1.0407092       7.4646912       1.0202632       638.08381     0.088545445      0.088545445       799.22576                 22.001554                        390.49947                          225.58278             161.14196
              1       400.82179       67.081757       3.0461829      0.97010622     0.022422607      0.12018403     0.053154429       1.0012573       1.0055034       2.1034899   2.1034899e-09       2.4395064      0.24590493      0.24723677       13.815345       1.8913464      0.68158034      0.31833935       0.1432515       146.98425      0.99283724      0.85777314      0.61080538      0.45880214      0.81316799       1.0403314       7.5553176       1.0012573       635.84205     0.088545445      0.088545445       801.46648                 22.415634                        390.33745                          223.08897             165.62443
              1       400.28932        67.09998       3.0468429      0.97017194     0.022426511      0.12016619     0.053084755       1.0016844       1.0006322       2.1048785   2.1048785e-09       2.4388095       0.2459066      0.24723845       13.814089       1.8928587      0.68178421      0.31813553      0.14323757       146.98462      0.99299345      0.85753015      0.61088663       0.4587897      0.81340639       1.0403573       7.5470834       1.0016844       635.81274     0.088545445      0.088545445       800.40155                 22.402999                        390.36957                          223.04016             164.58881
              1       399.14555       67.839995       3.0656133      0.97361816     0.022499042      0.11834265     0.050721412       1.0161484       1.0010246       2.1447612   2.1447612e-09        2.425917      0.24593769      0.24726965       13.795627       1.9378622      0.69249337      0.30742811      0.14148656       147.38669      0.99040703      0.83390524      0.60742479      0.45230189      0.81574913        1.040466       7.2603434       1.0161484       633.76236     0.088545445      0.088545445         798.114                 21.695865                        391.32175                          220.74474             164.35164
              1       398.14274       68.058653       3.0774436      0.97487022     0.022528285      0.11784059     0.058955392       1.0157272       1.0002695       2.1702851   2.1702851e-09       2.4207479      0.24595023      0.24728224       13.789072       1.9288959      0.69548687      0.30443512      0.14101374       147.48785      0.99291843      0.83002541      0.60845566      0.45196273      0.81913455       1.0405099       8.0767798       1.0157272       632.78787     0.088545445      0.088545445        796.1084                 21.551338                        390.29875                          220.93778             163.32053
              2       398.01176       68.058653       3.1015806      0.97278955     0.022528285      0.11784059     0.058955392       1.0265868       1.0055603       2.2233066   2.2233066e-09       2.4207479      0.24595023      0.24728224       13.789072       1.9760201      0.69548687      0.30443512      0.14101374       147.48785        1.004178      0.83943781      0.61535548      0.45708793      0.82842345       1.0405099       8.0767798       1.0265868        631.9983     0.088545445      0.088545445       795.84643                 22.055051                        390.24759                          219.69565             163.84813
              2        398.9233       68.014222       3.0992873      0.97284903      0.02248714      0.11787954     0.058786946       1.0277014      0.99940101       2.2182138   2.2182138e-09       2.4280256      0.24593258      0.24726452       13.793089        1.972158      0.69509362      0.30482826      0.14101155       147.52337       1.0037773      0.83980375      0.61510754       0.4570512      0.82782253       1.0405245       8.0704006       1.0277014       632.74669     0.088545445      0.088545445       797.66951                  21.78353                        390.25972                          220.70344             164.92281
              3       398.05856       68.017372       3.0991825      0.97286267     0.022485182      0.11789389     0.058328379       1.0266408      0.99856126       2.2179812   2.2179812e-09       2.4283728      0.24593174      0.24726368       13.792469       1.9737606      0.69509508       0.3048268      0.14102394       147.52172       1.0038122       0.8398488      0.61514243      0.45707658      0.82787047        1.040554       8.0258594       1.0266408       630.96722     0.088545445      0.088545445       795.94002                 21.935553                        390.21223                          218.81944              164.9728
             11       398.35924       67.568501       3.0897614      0.97083976     0.022442649      0.11904144     0.062280418       1.0162172      0.99831042       2.1971835   2.1971835e-09        2.435932      0.24591351      0.24724538       13.802327       1.9398594      0.68861017      0.31131067      0.14212896       147.26387       1.0067105      0.85554371      0.61812346      0.46171473      0.82751662       1.0405384       8.4433816       1.0162172       632.50171     0.088545445      0.088545445       796.54139                 22.441992                        391.12274                          218.93698             164.03968
              5       397.69892       67.989211       3.0988734      0.97323134      0.02242049      0.11799287     0.060003348       1.0247291       1.0067145       2.2172958   2.2172958e-09       2.4398844      0.24590402      0.24723586        13.79404       1.9665518      0.69476828      0.30515354      0.14105823       147.56773       1.0049788      0.84146168      0.61589475      0.45775817        0.828661        1.040741        8.208099       1.0247291       631.22805     0.088545445      0.088545445       795.22074                 21.904991                        390.47691                          218.84616             163.99269
              3       398.28801       67.989211       3.1087265      0.97136868      0.02242049      0.11799287     0.060003348       1.0286139        1.000263       2.2392509   2.2392509e-09       2.4398844      0.24590402      0.24723586        13.79404       1.9860241      0.69476828      0.30515354      0.14105823       147.56773       1.0092268      0.84501853      0.61849814      0.45969312      0.83216375        1.040741        8.208099       1.0286139       632.67036     0.088545445      0.088545445       796.39894                 22.375222                        390.49798                          219.79716             163.72858
              6       398.26276       67.962477       3.1078113      0.97114013     0.022430039       0.1180485     0.059583948       1.0284811       1.0002076       2.2372026   2.2372026e-09       2.4381801      0.24590811      0.24723996       13.794638       1.9858725      0.69438698      0.30553478      0.14112341       147.54227        1.009015      0.84562473      0.61843973       0.4597932      0.83182548        1.040696       8.1654911       1.0284811       632.49762     0.088545445      0.088545445       796.34844                 22.409473                        390.37439                          219.71376             163.85082
              1       397.10489       67.934367       3.1074472      0.97102352      0.02242861      0.11810098     0.060336148       1.0287638       1.0022487        2.236388    2.236388e-09        2.438435       0.2459075      0.24723935       13.795747       1.9821652      0.69402339       0.3058983      0.14117446       147.52965       1.0092005      0.84651074      0.61860939      0.46005608      0.83180637       1.0406717       8.2405774       1.0287638       630.85235     0.088545445      0.088545445       794.03269                 22.289439                        390.54099                          218.02192             163.18035
              2       397.73315       67.934367       3.0683289      0.97129089      0.02242861      0.11810098     0.060336148       1.0085902        1.002467       2.1505934   2.1505934e-09        2.438435       0.2459075      0.24723935       13.795747       1.9061234      0.69402339       0.3058983      0.14117446       147.52965      0.98975378      0.83019892      0.60668911      0.45119104       0.8157779       1.0406717       8.2405774       1.0085902        631.2615     0.088545445      0.088545445        795.2892                 22.270908                        390.53794                          218.45265             164.02771
              3       397.82289       67.977917        3.068171       0.9714612     0.022429699      0.11798259     0.058471448       1.0105823       1.0037961       2.1502538   2.1502538e-09       2.4382408      0.24590796      0.24723982       13.795076       1.9129431      0.69466917      0.30525263      0.14105716       147.56002      0.98892005      0.82818899       0.6060521      0.45047928      0.81535194       1.0406729       8.0545839       1.0105823        630.8862     0.088545445      0.088545445       795.46869                 22.177524                        390.19239                          218.51628              164.5825
              7       398.29993       68.038439       3.0715488      0.97118717     0.022514598      0.11787587      0.05901976       1.0116498        1.001221       2.1575292   2.1575292e-09       2.4231653      0.24594436      0.24727635       13.790281       1.9173119      0.69525926      0.30466268      0.14103533       147.49371      0.98899002      0.82717477      0.60607154       0.4502759      0.81577253       1.0405223       8.0869127       1.0116498       631.59434     0.088545445      0.088545445       796.42277                 22.281167                        390.25784                          219.05534             164.82843
              3       398.64249        68.08578       3.0747392      0.97113789     0.022558934      0.11787703     0.059893915        1.012543      0.99915756       2.1644236   2.1644236e-09       2.4153476      0.24596337      0.24729542       13.784821       1.9200788      0.69558475      0.30433729      0.14108083       147.44414      0.99001175      0.82752112       0.6067466      0.45065703      0.81689937       1.0405509       8.1624758        1.012543       632.26656     0.088545445      0.088545445        797.1079                 22.309438                        390.41261                          219.54452             164.84133
              1       398.22647       68.994764       3.0995265      0.97538443     0.022623957      0.11622745     0.054294264       1.0332916      0.99957886       2.2187444   2.2187444e-09       2.4039482      0.24599119      0.24732334       13.747665       1.9904344      0.70688177      0.29304232      0.13949627       147.81334      0.99065941      0.80567635      0.60543151      0.44544861      0.82287229       1.0413187       7.5672253       1.0332916       634.75925     0.088545445      0.088545445       796.27585                 21.455136                         390.4375                          222.86661              161.5166
              1       397.14564       68.994764       3.1091988        0.974988     0.022623957      0.11622745     0.054294264       1.0371207       1.0023666       2.2403088   2.2403088e-09       2.4039482      0.24599119      0.24732334       13.747665       2.0097798      0.70688177      0.29304232      0.13949627       147.81334      0.99531017      0.80945868      0.60827378      0.44753982      0.82673535       1.0413187       7.5672253       1.0371207       634.98672     0.088545445      0.088545445        794.1142                 21.636908                        390.42698                          222.92283             159.12748
              1       397.20933       68.994259       3.1089587      0.97495959     0.022625677      0.11623021     0.053902858       1.0381787       1.0016271       2.2397708   2.2397708e-09       2.4036476      0.24599192      0.24732408       13.747587       2.0108708      0.70686807      0.29305601      0.13950075       147.81067      0.99518366      0.80938687      0.60820134      0.44749175      0.82662724       1.0413158       7.5275556       1.0381787       634.60109     0.088545445      0.088545445       794.24157                 21.551006                        390.51067                          222.53941             159.64048
              1       397.98949       68.226299       3.0890995      0.97209343      0.02247915      0.11776072     0.060791462       1.0202316       1.0042304       2.1957296   2.1957296e-09       2.4294427      0.24592916      0.24726109       13.777689       1.9443572      0.69725869      0.30266368      0.14088473       147.56404      0.99694965      0.83005004      0.61078619      0.45303242      0.82347256         1.04105       8.2679141       1.0202316       633.59184     0.088545445      0.088545445       795.80188                 22.030695                        390.56838                          220.99276             162.21004
              9       399.64139       68.226299       3.0544363      0.97889899      0.02247915      0.11776072     0.060791462       1.0031334       1.0051567       2.1209227   2.1209227e-09       2.4294427      0.24592916      0.24726109       13.777689       1.8781144      0.69725869      0.30266368      0.14088473       147.56404      0.98237098      0.81791199      0.60185449       0.4464076      0.81143069         1.04105       8.2679141       1.0031334       637.87034     0.088545445      0.088545445       799.10569                  20.97074                        390.62818                          226.27142             161.23535
              3       398.94089       67.932173       3.0491655      0.97744327     0.022469902      0.11857265     0.063769292      0.99518963       1.0055256       2.1097731   2.1097731e-09       2.4310843      0.24592519      0.24725711        13.78193       1.8571477      0.69289207      0.30702962      0.14168742       147.35798      0.98481547      0.82879235      0.60420969      0.44976199      0.81169452       1.0410591       8.5733382      0.99518963       636.87447     0.088545445      0.088545445       797.70468                 21.371111                        391.44425                          224.05911             160.83021
              1       398.25429       68.428487       3.0632691       0.9790323     0.022614372      0.11742768     0.061738172       1.0058793       1.0037817       2.1397394   2.1397394e-09       2.4056237       0.2459871      0.24731924       13.765153       1.8911927      0.69946753      0.30045529      0.14068692       147.50212      0.98308612      0.81433438       0.6020811      0.44575883      0.81322371       1.0409502       8.3217302       1.0058793       635.70462     0.088545445      0.088545445       796.33149                 21.093547                        390.73082                          223.88025             160.62688
              2       397.11878       68.428487       3.0641162      0.97620488     0.022614372      0.11742768     0.061738172        1.005982       1.0035209       2.1415527   2.1415527e-09       2.4056237       0.2459871      0.24731924       13.765153       1.8927954      0.69946753      0.30045529      0.14068692       147.50212      0.98243739      0.81379701      0.60168379      0.44546468      0.81268707       1.0409502       8.3217302        1.005982       634.01123     0.088545445      0.088545445       794.06047                 21.525024                        390.78991                           221.6963             160.04924
              5       398.18317       68.537157       3.0676146      0.97685603     0.022613588      0.11712149     0.063117759       1.0056356       1.0035905       2.1490578   2.1490578e-09       2.4057608      0.24598676       0.2473189       13.763918       1.8941951      0.70107333      0.29884974      0.14037994       147.58488      0.98231056      0.81042032      0.60127767       0.4445681      0.81322713       1.0409481       8.4492579       1.0056356       634.84356     0.088545445      0.088545445       796.18925                 21.572363                        391.13243                          222.13877             161.34568
              9       398.98234       68.608644       3.0729874      0.97707858     0.022653337      0.11700505     0.066988654       1.0045287       1.0034762       2.1606354   2.1606354e-09        2.398823      0.24600372      0.24733592       13.759686       1.8897131      0.70185886      0.29806437      0.14030325       147.57173      0.98379567      0.81014779      0.60210445      0.44488663      0.81488125       1.0409335       8.8046948       1.0045287       636.54231     0.088545445      0.088545445        797.7876                  21.65487                        392.50046                          222.38698             161.24528
              6       396.38605       68.608644       3.1231498      0.97760367     0.022653337      0.11700505     0.066988654       1.0314334       1.0016031       2.2717823   2.2717823e-09        2.398823      0.24600372      0.24733592       13.759686       1.9869233      0.70185886      0.29806437      0.14030325       147.57173       1.0089858      0.83089162      0.61752134      0.45627795      0.83574628       1.0409335       8.8046948       1.0314334       635.65532     0.088545445      0.088545445       792.59501                 21.428947                        392.49097                           221.7354              156.9397
              4       401.10386       68.608644       3.1954228      0.98228181     0.022653337      0.11700505     0.066988654       1.0703115       1.0010966       2.4420496   2.4420496e-09        2.398823      0.24600372      0.24733592       13.759686       2.1358408      0.70185886      0.29806437      0.14030325       147.57173       1.0479962      0.86301644       0.6413966      0.47391906      0.86805879       1.0409335       8.8046948       1.0703115       640.11075     0.088545445      0.088545445       802.03064                 20.738928                        392.44365                          226.92818             161.91988
              8       402.51158       67.827534       3.1759141      0.97898319      0.02253802      0.11889546     0.071070446        1.051676        1.001983       2.3948701   2.3948701e-09       2.4190307      0.24595441      0.24728643       13.780598       2.0775475      0.69109402      0.30882742      0.14207835       147.19652       1.0515535      0.88893399      0.64559972      0.48127389      0.86603286       1.0409126       9.2522624        1.051676       642.06385     0.088545445      0.088545445       804.84608                  21.39319                        394.85575                          225.81491             162.78222
              2       401.92419       67.827534       3.1641989      0.97958436      0.02253802      0.11889546     0.071070446       1.0466288       1.0024825       2.3669775   2.3669775e-09       2.4190307      0.24595441      0.24728643       13.780598       2.0533507      0.69109402      0.30882742      0.14207835       147.19652       1.0456518      0.88394503      0.64197643      0.47857284      0.86117243       1.0409126       9.2522624       1.0466288       643.97519     0.088545445      0.088545445       803.67128                 21.201487                        394.82809                          227.94562             159.69609
              1        397.9003       67.827534       3.0928196      0.96973835      0.02253802      0.11889546     0.071070446       1.0082546       1.0021383       2.2039133   2.2039133e-09       2.4190307      0.24595441      0.24728643       13.780598       1.9118926      0.69109402      0.30882742      0.14207835       147.19652       1.0052154      0.84976194      0.61715051      0.46006592      0.82786997       1.0409126       9.2522624       1.0082546       638.77152     0.088545445      0.088545445       795.62351                 23.140961                         395.3092                          220.32136             156.85199
             10       397.88464       68.046769       3.0989501      0.97084688     0.022551737      0.11836105     0.071328751       1.0118635       1.0010027       2.2174658   2.2174658e-09        2.416614      0.24596029      0.24729233       13.775273       1.9226559      0.69420584      0.30571611      0.14155765       147.32335       1.0048138      0.84307598      0.61633798      0.45829858      0.82887559       1.0409665       9.2620476       1.0118635       638.20287     0.088545445      0.088545445       795.59219                 22.899857                        395.31906                          219.98396             157.38932
              1       400.63524       68.025093       3.0982975       0.9707185     0.022552039       0.1184212     0.071127596       1.0140302      0.99979948       2.2160191   2.2160191e-09       2.4165609      0.24596042      0.24729246       13.775553       1.9221747      0.69388028      0.30604162      0.14161811       147.30679       1.0048509      0.84378054      0.61642651      0.45848638      0.82877413       1.0409648       9.2445228       1.0140302       641.05639     0.088545445      0.088545445        801.0934                 22.594406                        395.11825                          223.34373             160.03701
              4       399.19865       68.033839       3.0984679      0.97075632     0.022552853      0.11840119     0.071008076       1.0132365      0.99831702       2.2163967   2.2163967e-09       2.4164176      0.24596077      0.24729281       13.775298       1.9229619      0.69400046      0.30592146      0.14159891       147.31143       1.0047998      0.84349372      0.61637429      0.45840253      0.82878528       1.0409675       9.2328298       1.0132365       638.27442     0.088545445      0.088545445       798.22021                 22.721014                        395.08555                          220.46786             159.94579
              3       399.32083       68.033228       3.0984574       0.9707498     0.022553185       0.1184045     0.070991858       1.0128852        0.997659       2.2163736   2.2163736e-09       2.4163591      0.24596091      0.24729295       13.775253       1.9230041      0.69398709      0.30593484      0.14160255       147.31018       1.0048099      0.84353163      0.61638448      0.45841511      0.82878992       1.0409684       9.2313054       1.0128852       637.81753     0.088545445      0.088545445       798.46456                 22.771168                        395.05557                          219.99079             160.64703
              1       398.25995       67.717298       3.0876142      0.96940084     0.022496265      0.11905694     0.069511914       1.0078088       1.0050493       2.1924707   2.1924707e-09       2.4264088       0.2459365      0.24726845       13.787162        1.907904       0.6898264      0.31009479      0.14219807       147.20013       1.0041283      0.85128488      0.61661296      0.46013605      0.82630243       1.0408612       9.1208949       1.0078088       636.84515     0.088545445      0.088545445        796.3428                 23.020538                         394.4113                          219.41331             159.49765
              1       398.32975       67.717298       3.0785015      0.96967077     0.022496265      0.11905694     0.069511914        1.003299       1.0050239       2.1725823   2.1725823e-09       2.4264088       0.2459365      0.24726845       13.787162       1.8905969       0.6898264      0.31009479      0.14219807       147.20013      0.99966595      0.84750175      0.61387271      0.45809119      0.82263032       1.0408612       9.1208949        1.003299       636.92501     0.088545445      0.088545445       796.48241                 22.953771                        394.38953                          219.58171              159.5574
              4       396.82941       68.244193       3.0843887      0.97251394     0.022454208       0.1177241     0.058834617       1.0191835       1.0015671       2.1854103   2.1854103e-09       2.4338742      0.24591846      0.24725035       13.777783        1.942808       0.6975496      0.30237281      0.14082317       147.60169       0.9946945      0.82756458      0.60933798      0.45184963      0.82171756       1.0411281       8.0812878       1.0191835       632.43982     0.088545445      0.088545445       793.48173                  21.98115                        390.21854                          220.24013             161.04191
              5       395.89422       68.244193       3.0959467      0.97378715     0.022454208       0.1177241     0.058834617       1.0247158       1.0041429       2.2108159   2.2108159e-09       2.4338742      0.24591846      0.24725035       13.777783       1.9653933       0.6975496      0.30237281      0.14082317       147.60169       1.0009458      0.83276554      0.61316746      0.45468935      0.82688177       1.0411281       8.0812878       1.0247158       632.26939     0.088545445      0.088545445       791.61135                 21.810319                        390.25185                          220.20722             159.34196
              4       396.56843       68.255467       3.0956121      0.97404126     0.022432135      0.11758907     0.059391024       1.0243705       1.0047498       2.2100761   2.2100761e-09       2.4378061      0.24590901      0.24724086       13.781081       1.9625505      0.69798671      0.30193572      0.14066608       147.66249       1.0002662      0.83118597      0.61258015      0.45408958      0.82638856       1.0410743        8.138839       1.0243705       632.30103     0.088545445      0.088545445       792.95978                 21.748469                        390.35619                          220.19637             160.65874
              7       396.03149       68.036989       3.0922955      0.97252674     0.022471993       0.1183957     0.059551446       1.0217687       1.0041062       2.2027585   2.2027585e-09        2.430713      0.24592609      0.24725801       13.777372       1.9554249      0.69421534      0.30570659      0.14151256       147.40278       1.0030006      0.84147057      0.61517679      0.45743158      0.82732041       1.0411788       8.1593707       1.0217687       633.22311     0.088545445      0.088545445       791.88588                 22.004757                        390.35716                          220.86119             158.66278
              1       395.22427       68.036989       3.0896492      0.97390271     0.022471993       0.1183957     0.059551446        1.019943       1.0030302        2.196937    2.196937e-09        2.430713      0.24592609      0.24725801       13.777372       1.9502571      0.69421534      0.30570659      0.14151256       147.40278       1.0021999      0.84079881      0.61468568       0.4570664      0.82665994       1.0411788       8.1593707        1.019943       633.14991     0.088545445      0.088545445       790.27145                 21.827668                          390.378                          220.94424             157.12155
              7       396.05082       68.036989       3.0660023      0.97343426     0.022471993       0.1183957     0.059551446       1.0076734        1.003105       2.1455957   2.1455957e-09        2.430713      0.24592609      0.24725801       13.777372       1.9046806      0.69421534      0.30570659      0.14151256       147.40278      0.99024332       0.8307678      0.60735228      0.45161345      0.81679762       1.0411788       8.1593707       1.0076734        633.2329     0.088545445      0.088545445       791.92455                 21.938085                        390.38019                          220.91463             158.69164
              1       397.08662       68.161351       3.0659835      0.97454316     0.022409719      0.11787729     0.057982715       1.0101068       1.0034786       2.1455552   2.1455552e-09       2.4418092      0.24589941      0.24723123       13.782173       1.9106298      0.69658001      0.30334221      0.14093187        147.6105      0.98786041      0.82374938      0.60526824      0.44919105      0.81557644       1.0411586       8.0099289       1.0101068       632.99783     0.088545445      0.088545445       793.99615                 21.665745                         390.2263                          221.10578             160.99832
              7       396.80558       68.161351       3.1545223      0.97530042     0.022409719      0.11787729     0.057982715       1.0559285       1.0031082       2.3441837   2.3441837e-09       2.4418092      0.24589941      0.24723123       13.782173       2.0875097      0.69658001      0.30334221      0.14093187        147.6105       1.0328734      0.86128448      0.63284799      0.46965896      0.85273914       1.0411586       8.0099289       1.0559285       632.73045     0.088545445      0.088545445       793.43407                 21.539905                        390.22229                          220.96825             160.70362
              1       398.64455       68.008013       3.1556873      0.97417333     0.022459453      0.11858769     0.061488608       1.0526222       1.0054458       2.3469163   2.3469163e-09       2.4329413      0.24592071      0.24725261       13.775058       2.0753401       0.6935667      0.30635516      0.14169201       147.36575       1.0372551       0.8716842      0.63638791      0.47345447      0.85539286       1.0413277       8.3557013       1.0526222        635.1602     0.088545445      0.088545445       797.11201                 21.765897                        390.76359                          222.63071             161.95181
              1       399.81491       68.008013        3.146602      0.97838339     0.022459453      0.11858769     0.061488608       1.0484281       1.0058731       2.3256904   2.3256904e-09       2.4329413      0.24592071      0.24725261       13.775058       2.0565704       0.6935667      0.30635516      0.14169201       147.36575       1.0342152      0.86912955      0.63452285      0.47206692      0.85288596       1.0413277       8.3557013       1.0484281       639.57859     0.088545445      0.088545445       799.45273                 21.092378                        390.81505                          227.67117             159.87414
              4       398.09631       67.875615       3.1421416      0.97734909      0.02248419      0.11905422     0.058106315       1.0485631       1.0029533       2.3153399   2.3153399e-09       2.4285487      0.24593132      0.24726325       13.773466       2.0613145      0.69130376       0.3086178      0.14218328       147.21442       1.0344503      0.87425125      0.63521649      0.47345314      0.85224904       1.0413615        8.025222       1.0485631       638.70112     0.088545445      0.088545445       796.01553                 21.219171                        390.25497                          227.22698             157.31441
             13       397.91878       67.875615       3.0725507      0.97585027      0.02248419      0.11905422     0.058106315       1.0128645       1.0003398       2.1596919   2.1596919e-09       2.4285487      0.24593132      0.24726325       13.773466       1.9227433      0.69130376       0.3086178      0.14218328       147.21442      0.99850385       0.8438716      0.61314314      0.45700096      0.82263396       1.0413615        8.025222       1.0128645       638.43091     0.088545445      0.088545445       795.66046                 21.412734                        390.25987                          226.75831             157.22955
              1       397.00112       67.875615       3.1195563      0.97088255      0.02248419      0.11905422     0.058106315        1.034504       1.0008381       2.2636333   2.2636333e-09       2.4285487      0.24593132      0.24726325       13.773466       2.0152808      0.69130376       0.3086178      0.14218328       147.21442       1.0203166      0.86230638      0.62653755      0.46698437      0.84060479       1.0413615        8.025222        1.034504       634.85281     0.088545445      0.088545445       793.82515                 22.525601                        390.12352                          222.20369             158.97234
             16       395.93286       68.383928       3.1301766      0.97334431     0.022524409      0.11750858     0.056135696       1.0440927       1.0045023        2.287802    2.287802e-09       2.4214321      0.24594857      0.24728057       13.769352       2.0448412      0.69909514      0.30082758      0.14067785       147.58087       1.0156977      0.84201194      0.62204372      0.46068102      0.83992692       1.0411342       7.7937345       1.0440927       633.35718     0.088545445      0.088545445       791.68862                 21.984315                         390.0988                          221.27406             158.33144
              1        396.6466       68.892231       3.1460365      0.97529848     0.022637813      0.11637762     0.056482279       1.0555405       1.0031926       2.3243756   2.3243756e-09       2.4015291       0.2459971      0.24732928        13.75222       2.0760912      0.70566301      0.29426085       0.1396603       147.75739       1.0150975      0.82802413      0.62054889      0.45704517      0.84254457       1.0411411       7.7845043       1.0555405       633.80997     0.088545445      0.088545445       793.11611                 21.471363                        390.14634                          222.19227             159.30614
              7       398.00827         68.6021       3.1379164      0.97238545     0.022788797      0.11730726     0.050490355         1.05564         1.00248       2.3055777   2.3055777e-09        2.375402      0.24606096      0.24739337       13.748311        2.084128      0.70087199      0.29905122      0.14074092       147.34025       1.0150613      0.83834521      0.62172365      0.45976275      0.84073861       1.0408895       7.1622954         1.05564       637.33016     0.088545445      0.088545445       795.83946                 21.902103                         391.5235                          223.90456             158.50929
              1       399.50736       68.640632       3.1411627      0.97209696     0.022859257      0.11732403     0.051321158       1.0563147       1.0022314       2.3130746   2.3130746e-09       2.3633578      0.24609029      0.24742281       13.742529       2.0874335      0.70102259      0.29890071      0.14082816       147.25769        1.015954      0.83893788       0.6223668      0.46018044      0.84171425       1.0408406         7.23299       1.0563147       639.33849     0.088545445      0.088545445       798.83762                 22.001158                         391.1501                          226.18723             159.49914
              2       399.18496         68.9713       3.1522964      0.97366224     0.022901257      0.11658703     0.053436466       1.0601216       1.0015103       2.3389715   2.3389715e-09       2.3562227      0.24610766      0.24744024       13.732313        2.101893      0.70534348      0.29458055      0.14013315       147.40782       1.0163342      0.83031961      0.62183016      0.45811319      0.84405503       1.0409253       7.4270498       1.0601216       638.36434     0.088545445      0.088545445       798.19284                 21.882212                        390.53848                          225.94365              159.8285
              3       398.29566       68.708837       3.1476201      0.97259525     0.022868785      0.11722683     0.057460783       1.0527579       1.0013873       2.3280593   2.3280593e-09       2.3617363      0.24609424      0.24742677       13.738896        2.075316      0.70180158      0.29812187      0.14074048       147.27298       1.0185193      0.83950035      0.62384115       0.4609698      0.84425873       1.0409149       7.8433663       1.0527579       637.81313     0.088545445      0.088545445       796.41423                 22.155197                        390.03869                          225.61924              158.6011
              1       399.32962       68.708837       3.0922818       0.9741954     0.022868785      0.11722683     0.057460783       1.0243642         1.00156       2.2027283   2.2027283e-09       2.3617363      0.24609424      0.24742677       13.738896       1.9635914      0.70180158      0.29812187      0.14074048       147.27298      0.99133244      0.81709197      0.60718925      0.44866535      0.82172333       1.0409149       7.8433663       1.0243642       638.38682     0.088545445      0.088545445       798.48214                  21.84221                        390.09568                          226.44893             160.09532
              5       399.96666       69.089013       3.1034806        0.977875     0.022691251      0.11601681      0.06565751       1.0215021       1.0037867       2.2275349   2.2275349e-09       2.3922328      0.24601984      0.24735209       13.743284       1.9534177      0.70798125      0.29194304      0.13935293       147.79478      0.99146063      0.80415385      0.60576545      0.44527573       0.8241001       1.0411984       8.6520397       1.0215021       639.16612     0.088545445      0.088545445       799.75623                 21.615664                        391.87352                          225.67694             160.59011
              2       401.71968       68.774051       3.0930862      0.97757671     0.022513105      0.11653395     0.068596548       1.0127311       1.0022373       2.2045009   2.2045009e-09       2.4234292      0.24594372       0.2472757         13.7618        1.921888      0.70458372      0.29533988      0.13969192       147.85511      0.99177809      0.81097518       0.6063276      0.44697976      0.82248278       1.0412778       8.9824338       1.0127311       641.32913     0.088545445      0.088545445       803.26228                 21.699051                        393.28132                          226.34875             161.93315
              1        400.2137       68.837131       3.0997626      0.97758239     0.022569414      0.11669468     0.071904046       1.0138264       1.0060247       2.2192681   2.2192681e-09        2.413505      0.24596786      0.24729993       13.750274       1.9220059      0.70466686      0.29525687      0.13990896       147.74868      0.99527712      0.81400352      0.60870295      0.44869932      0.82576296       1.0414937       9.2780061       1.0138264       639.84318     0.088545445      0.088545445       800.25032                 21.683275                        395.04929                          223.11062             160.40713
              2       400.77946       68.845723       3.0999543      0.97762217     0.022569977      0.11667608      0.07181767       1.0135764       1.0062962       2.2196936   2.2196936e-09       2.4134061       0.2459681      0.24730017       13.750009       1.9227065      0.70477864      0.29514512      0.13989092       147.75305      0.99524519       0.8137509       0.6086638        0.448628      0.82578801       1.0414977       9.2695465       1.0135764       640.51825     0.088545445      0.088545445       801.38182                 21.725517                        394.99467                          223.79806             160.86357
              1       400.52538       68.845723       3.1111796       0.9754052     0.022569977      0.11667608      0.07181767        1.020635       1.0055766       2.2447507   2.2447507e-09       2.4134061       0.2459681      0.24730017       13.750009       1.9444111      0.70477864      0.29514512      0.13989092       147.75305      0.99999375      0.81763351      0.61156788      0.45076851      0.82972805       1.0414977       9.2695465        1.020635       639.78905     0.088545445      0.088545445       800.87366                 21.943208                        395.07504                           222.7708             161.08461
              9       400.05947       68.845723        3.142244      0.97672721     0.022569977      0.11667608      0.07181767        1.036837      0.99922648       2.3155771   2.3155771e-09       2.4134061       0.2459681      0.24730017       13.750009       2.0057612      0.70477864      0.29514512      0.13989092       147.75305       1.0161636      0.83085462      0.62145692      0.45805742      0.84314472       1.0414977       9.2695465        1.036837       639.61835     0.088545445      0.088545445       799.94185                 21.696737                         395.0272                          222.89441              160.3235
              2       396.40622       68.043842       3.1135928      0.97134652     0.022631893      0.11890873     0.056485966       1.0347683      0.99942534       2.2501744   2.2501744e-09       2.4025623      0.24599458      0.24732674       13.758463       2.0098011       0.6928235      0.30709845      0.14218549       147.08884       1.0147714      0.85487649      0.62313486      0.46387552      0.83707167       1.0413295       7.8278992       1.0347683       636.06082     0.088545445      0.088545445       792.63536                 22.239476                        390.10482                          223.71652             156.57454
              5       397.30184       67.926748       3.1105332      0.97098712     0.022589284      0.11932559     0.056102548        1.032837       1.0019114       2.2433002   2.2433002e-09       2.4100171      0.24597637      0.24730847       13.758712       2.0051984      0.69095243      0.30896925      0.14255974       147.02584       1.0161835       0.8600172      0.62441216      0.46553267      0.83751489       1.0415283       7.8062513        1.032837       636.90031     0.088545445      0.088545445        794.4266                 22.330698                        390.08428                          224.48534             157.52628
              3       398.96465       68.086759       3.1203797      0.97223851      0.02258078      0.11887321     0.065361902       1.0294576      0.99965666        2.265498    2.265498e-09       2.4115089      0.24597273      0.24730482       13.757006       1.9878841       0.6933975      0.30652455      0.14209886       147.15497       1.0186078       0.8569351      0.62539534      0.46534061      0.84050118       1.0415514       8.7049932       1.0294576       638.85409     0.088545445      0.088545445        797.7522                 22.309627                           392.12                          224.42446             158.89811
              2       399.08136       68.086759       3.1223886      0.97001486      0.02258078      0.11887321     0.065361902       1.0294621      0.99988852       2.2700537   2.2700537e-09       2.4115089      0.24597273      0.24730482       13.757006       1.9918815       0.6933975      0.30652455      0.14209886       147.15497       1.0187669      0.85706893      0.62549301      0.46541328      0.84063244       1.0415514       8.7049932       1.0294621       638.02099     0.088545445      0.088545445       797.98564                 22.876687                         392.2117                           222.9326             159.96465
              1       400.76189       67.073639       3.0894268      0.96630199     0.022353015      0.12060137      0.06783596       1.0092241      0.99852039       2.1964485   2.1964485e-09       2.4519802       0.2458752      0.24720693       13.806633        1.917783      0.68073029      0.31918938      0.14359925       146.95166        1.015901      0.87975507      0.62537342      0.47005809      0.83200764       1.0409206       9.0300073       1.0092241       637.77183     0.088545445      0.088545445       801.34669                 23.516715                        393.86232                           220.3928             163.57486
              2       404.67511       67.723366       3.1118645      0.96728265     0.022705388      0.11909769     0.067866044       1.0222566       1.0055269       2.2462887   2.2462887e-09       2.3897824      0.24602583      0.24735811       13.779827       1.9611819      0.68933717      0.31058404      0.14244795       146.95752       1.0140563      0.86096088      0.62298288      0.46507275      0.83450958       1.0403841       8.9126919       1.0222566       642.87821     0.088545445      0.088545445       809.17313                 23.365911                        393.40376                          226.10854             166.29492
              1       399.92699        67.98052       3.1176789      0.96791396     0.022764387      0.11904966     0.059542274        1.032198       1.0063611       2.2593877   2.2593877e-09       2.3795967      0.24605072      0.24738309       13.756671       2.0057324      0.69165934      0.30826247      0.14245891       146.90503       1.0154658      0.85797966       0.6238608      0.46485538      0.83725459       1.0409476       8.1013285        1.032198       639.89427     0.088545445      0.088545445       799.67689                 23.206882                        390.27667                          226.41071             159.78262
              3       398.76432       68.050826       3.1197553      0.96819062      0.02277809      0.11889439     0.059576348        1.033418       1.0045173       2.2640839   2.2640839e-09       2.3772404      0.24605647      0.24738887        13.75427       2.0097644      0.69260182      0.30732015      0.14231735       146.93089       1.0153765       0.8559859      0.62365092      0.46434345      0.83761378       1.0409585       8.0989015        1.033418       639.91092     0.088545445      0.088545445       797.35155                 23.152364                        390.27037                          226.48819             157.44063
              1        399.8761       68.721985        3.142391      0.97375443     0.022661887       0.1172404     0.072735904       1.0340104         1.00504       2.3159174   2.3159174e-09       2.3973346      0.24600736      0.24733957       13.743004       2.0023753      0.70232502      0.29759846      0.14054716       147.49924       1.0180219      0.83784454      0.62332225      0.46038408      0.84392716       1.0414994       9.3409551       1.0340104       640.50715     0.088545445      0.088545445       799.57511                 22.430737                        395.75889                          222.31753             159.06796
              3       399.35894       68.729731       3.1426369      0.97373807     0.022668464      0.11720901     0.072962139       1.0343994       1.0030903       2.3164869   2.3164869e-09       2.3961905      0.24601016      0.24734238       13.742997       2.0019616      0.70244464      0.29747885      0.14052234       147.50031       1.0178771      0.83746955      0.62320609      0.46025203      0.84385469        1.041472       9.3592157       1.0343994       640.50143     0.088545445      0.088545445        798.5408                 22.383901                        395.86937                          222.24816             158.03937
              2       395.49095       67.657464       3.1036656      0.96861613     0.022489377        0.119262     0.058142001       1.0271582       1.0033643       2.2279469   2.2279469e-09       2.4276291      0.24593354      0.24726549       13.787106       1.9833681      0.68884461      0.31107644      0.14239625       147.15351       1.0133426      0.86116313      0.62248792      0.46488733       0.8335164        1.040916       8.0301827       1.0271582       632.51766     0.088545445      0.088545445        790.8048                 22.797162                        390.18037                          219.54012             158.28714
              1        396.8787       67.657464       3.0890162      0.97580288     0.022489377        0.119262     0.058142001       1.0204556       1.0054309       2.1955467   2.1955467e-09       2.4276291      0.24593354      0.24726549       13.787106       1.9545247      0.68884461      0.31107644      0.14239625       147.15351       1.0086959      0.85721426       0.6196335      0.46275558       0.8296943        1.040916       8.0301827       1.0204556       636.42248     0.088545445      0.088545445        793.5803                 21.454222                         390.2764                          224.69186             157.15782
              3       397.33975       67.994078       3.1012897      0.97709638     0.022578962      0.11852076     0.064112196       1.0214767       1.0052559       2.2226599   2.2226599e-09       2.4118281      0.24597195      0.24730403       13.774865       1.9551761      0.69332737      0.30659447      0.14174459       147.25041       1.0092637       0.8486702      0.61927177      0.46081049      0.83222394       1.0409085       8.5782858       1.0214767       637.25395     0.088545445      0.088545445       794.50242                 21.417138                        391.55061                           224.2862             157.24847
              2       398.53046       68.382425       3.1104385      0.97862588     0.022637402      0.11754321     0.060369337       1.0312741         1.00726       2.2430879   2.2430879e-09       2.4016009      0.24599693       0.2473291       13.765451       1.9879715      0.69876622       0.3011565      0.14082548       147.44562       1.0070324      0.83564066      0.61689853      0.45699537      0.83275198        1.040877       8.1854433       1.0312741       635.35295     0.088545445      0.088545445       796.88384                 21.111518                        390.47998                          223.76145             161.53089
             12       397.35035       68.382425       3.1245251      0.97465926     0.022637402      0.11754321     0.060369337        1.037293       1.0075354       2.2749088   2.2749088e-09       2.4016009      0.24599693       0.2473291       13.765451       2.0161733      0.69876622       0.3011565      0.14082548       147.44562        1.012611      0.84026985      0.62031595      0.45952698      0.83736517        1.040877       8.1854433        1.037293       633.01948     0.088545445      0.088545445        794.5236                  21.82522                        390.44549                          220.74877             161.50412
              2       395.14041       68.346086       3.1231955      0.97448338      0.02263186      0.11760065     0.060035885       1.0368865       1.0029162       2.2718861   2.2718861e-09        2.402568      0.24599456      0.24732673       13.767256       2.0148376      0.69833469      0.30158794      0.14087738       147.43648       1.0123843      0.84094133      0.62023424      0.45963092      0.83695526       1.0408443       8.1551759       1.0368865       632.92323     0.088545445      0.088545445       790.10374                 21.842082                        390.39583                          220.68532             157.18051
              3       395.42578       68.347141       3.1235422      0.97436551     0.022646559      0.11759721     0.060723117       1.0363362       1.0023511        2.272674    2.272674e-09        2.400004      0.24600083      0.24733302       13.766854        2.012768      0.69831991      0.30160273      0.14088864       147.42104       1.0123699       0.8409729      0.62023777      0.45963916      0.83694977       1.0408061       8.2184978       1.0363362       633.28492     0.088545445      0.088545445       790.67447                 21.884282                        390.53893                          220.86171             157.38954
              6       395.51389       68.594234       3.1306831      0.97566244     0.022664009      0.11700244     0.061564966       1.0406388       1.0019955       2.2889609   2.2889609e-09       2.3969654      0.24600826      0.24734048       13.760741        2.023782      0.70171643      0.29820676      0.14031132       147.56052       1.0120013      0.83364563      0.61937582      0.45770285      0.83815603       1.0408606       8.2856016       1.0406388       633.19841     0.088545445      0.088545445       790.85068                 21.616363                        390.70581                          220.87623             157.65227
              2         396.035       68.629481       3.1300538      0.97616098     0.022624572      0.11683061     0.059244372       1.0439193       1.0016306        2.287521    2.287521e-09       2.4038408      0.24599145      0.24732361       13.763405       2.0319175      0.70247129      0.29745198      0.14010005       147.65056       1.0110904      0.83121126      0.61858528      0.45682914      0.83761677       1.0408822       8.0664416       1.0439193       633.51277     0.088545445      0.088545445       791.89291                 21.375427                        390.29616                          221.84118             158.38014
              7       396.08275       68.629481       3.1458923      0.97524372     0.022624572      0.11683061     0.059244372       1.0520027       1.0014731       2.3240403   2.3240403e-09       2.4038408      0.24599145      0.24732361       13.763405       2.0643563      0.70247129      0.29745198      0.14010005       147.65056        1.018771      0.83752537      0.62328423      0.46029934      0.84397954       1.0408822       8.0664416       1.0520027       632.88685     0.088545445      0.088545445       791.98841                 21.533538                        390.26693                          221.08638             159.10156
              4        396.6744       68.134129       3.1303667      0.97196564     0.022643133      0.11802325     0.053806606        1.047411       1.0034651        2.288237    2.288237e-09       2.4006012      0.24599937      0.24733155       13.774228       2.0547793      0.69552029      0.30440187      0.14131125       147.31133       1.0181839      0.85153411      0.62426707      0.46369483      0.84044365       1.0406341       7.5408138        1.047411       633.33726     0.088545445      0.088545445       793.17171                 22.004922                        390.36139                          220.97095             159.83444
             11       397.54621       67.959096       3.1257156      0.97126022     0.022616382      0.11837559     0.055554902       1.0433629       1.0030353       2.2776188   2.2776188e-09       2.4052721      0.24598796       0.2473201       13.780913       2.0381055      0.69324487      0.30667688      0.14163684       147.24739       1.0184346      0.85636866      0.62478014      0.46494061      0.83957009       1.0405547       7.7280633       1.0433629       634.00459     0.088545445      0.088545445       794.91533                 22.092555                        390.10054                          221.81149             160.91074
              3       397.11608       67.970248       3.1256017      0.97127764     0.022617942      0.11832364     0.054852249       1.0428543       1.0041221       2.2773594   2.2773594e-09       2.4049994      0.24598862      0.24732077       13.781294       2.0407392      0.69345459      0.30646719      0.14158645       147.25946       1.0180378      0.85557837      0.62448115      0.46463865      0.83931182        1.040529       7.6562736       1.0428543       633.11062     0.088545445      0.088545445       794.05507                  22.21551                        390.18348                          220.71162             160.94445
              4       397.67316         67.9775       3.1279663      0.97097999     0.022664907      0.11846071      0.05749536       1.0411243      0.99834437       2.2827508   2.2827508e-09       2.3968091      0.24600864      0.24734086       13.775634       2.0347857      0.69312173      0.30680006      0.14177048       147.17092       1.0194689      0.85766432      0.62556211      0.46556926      0.84053649       1.0405748       7.9119644       1.0411243       634.39142     0.088545445      0.088545445       795.16923                 22.367399                        390.11662                           221.9074             160.77781
              1       395.64795       68.933281       3.1557092      0.97591962     0.022731876      0.11643909     0.056530212       1.0590129       1.0024952       2.3469676   2.3469676e-09       2.3852014      0.24603703      0.24736935       13.744336        2.096069      0.70568615      0.29423779      0.13981583       147.63586       1.0196642      0.83193831      0.62351407      0.45922008      0.84658709       1.0410883       7.7693585       1.0590129       633.54519     0.088545445      0.088545445       791.11882                 21.549663                        390.15015                          221.84538             157.57362
              9       395.43643       68.933281       3.1473308      0.97670946     0.022731876      0.11643909     0.056530212       1.0547866       1.0025915       2.3273859   2.3273859e-09       2.3852014      0.24603703      0.24736935       13.744336       2.0785806      0.70568615      0.29423779      0.13981583       147.63586       1.0157102      0.82871225      0.62109623      0.45743933      0.84330422       1.0410883       7.7693585       1.0547866       633.44597     0.088545445      0.088545445       790.69578                 21.412117                        390.14099                          221.89287             157.24981
              3       397.15071       68.933281       3.1879324      0.97943988     0.022731876      0.11643909     0.056530212       1.0772453       1.0033796        2.423826    2.423826e-09       2.3852014      0.24603703      0.24736935       13.744336        2.164711      0.70568615      0.29423779      0.13981583       147.63586       1.0376312      0.84659749       0.6345007      0.46731177      0.86150439       1.0410883       7.7693585       1.0772453       634.18635     0.088545445      0.088545445       794.12434                 20.973499                        390.25243                          222.96042             159.93798
              7       398.69176       68.736113       3.1822551      0.97850887     0.022709749       0.1168673     0.056757305       1.0741926       1.0051675       2.4101044   2.4101044e-09       2.3890272      0.24602767      0.24735996       13.750637       2.1514789      0.70313576      0.29678775      0.14022192       147.54573       1.0378133      0.85212625      0.63507233      0.46874288      0.86042239       1.0410197       7.8035642       1.0741926       635.61685     0.088545445      0.088545445       797.20643                  21.02639                        390.19279                          224.39767             161.58958
              2       398.23967       68.736113       3.1563726      0.97391591     0.022709749       0.1168673     0.056757305       1.0603049       1.0044091       2.3485252   2.3485252e-09       2.3890272      0.24602767      0.24735996       13.750637       2.0965076      0.70313576      0.29678775      0.14022192       147.54573       1.0226635      0.83968709      0.62580168      0.46190027      0.84786212       1.0410197       7.8035642       1.0603049       635.10557     0.088545445      0.088545445       796.30226                 21.686261                        390.10227                          223.31704             161.19669
              8        399.8039       69.223505       3.1716608      0.97711774     0.022699897      0.11550491     0.065125224       1.0614614       1.0040276       2.3847056   2.3847056e-09       2.3907338       0.2460235      0.24735577       13.745248       2.0934747      0.71016507      0.28975951      0.13884968       147.92312       1.0219409       0.8240952       0.6238239      0.45769001      0.85026163       1.0410206       8.5899013       1.0614614       636.87054     0.088545445      0.088545445       799.43071                 21.371377                        391.61735                          223.88181             162.56017
              1       400.86661       68.846221       3.1629574      0.97373626     0.022814585      0.11678153     0.062064287       1.0585529       1.0030872       2.3640407   2.3640407e-09       2.3709829      0.24607173      0.24740418       13.740395       2.0880774      0.70404435       0.2958794      0.14024098       147.45203       1.0241405      0.83925456       0.6267268      0.46222874      0.84976645       1.0409855       8.2946408       1.0585529       639.56191     0.088545445      0.088545445       801.55613                 21.848643                        390.73367                           226.9796             161.99423
              3       398.87331       68.568857       3.1552172      0.97229884     0.022787279      0.11771286     0.057628917       1.0569512       1.0047815       2.3458132   2.3458132e-09       2.3756624      0.24606032      0.24739273       13.740246       2.0904394      0.69972244      0.30020069        0.141145       147.23389       1.0262871      0.85034218      0.62905012      0.46562702      0.84983052       1.0412261       7.8866282       1.0569512       637.28943     0.088545445      0.088545445       797.56953                 22.103459                        390.07275                          225.11322              160.2801
              2       398.86222       68.269049       3.1477652      0.97142946     0.022712451      0.11836086     0.061559668       1.0457129       1.0064183       2.3283971   2.3283971e-09       2.3885596      0.24602882      0.24736111       13.751185       2.0586713      0.69584947      0.30407299      0.14171817       147.14472       1.0276247      0.85944364      0.63050848       0.4682043      0.84907582       1.0412144       8.2982372       1.0457129       637.98176     0.088545445      0.088545445       797.54734                 22.667535                        390.69608                          224.61814             159.56558
              2       400.36631       68.269049       3.1830601      0.97305924     0.022712451      0.11836086     0.061559668       1.0638268       1.0035333       2.4120452   2.4120452e-09       2.3885596      0.24602882      0.24736111       13.751185       2.1326294      0.69584947      0.30407299      0.14171817       147.14472       1.0465723      0.87529025      0.64213393      0.47683715      0.86473126       1.0412144       8.2982372       1.0638268       639.06226     0.088545445      0.088545445       800.55553                 22.419289                        390.69502                          225.94795             161.49327
              1       401.20052       67.884549       3.1693912      0.97054714     0.022717162      0.11903697      0.05727696       1.0601741       1.0035106       2.3792994   2.3792994e-09       2.3877445      0.24603081      0.24736311       13.766816       2.1217732       0.6909169      0.30900468        0.142399       146.96054       1.0438358      0.88323667      0.64122277      0.47807958      0.86003806       1.0407703       7.8884559       1.0601741       640.63264     0.088545445      0.088545445       802.22395                 22.762299                        390.06737                          227.80298             161.59131
              3       399.30725       67.894505       3.1700477      0.97039854     0.022738105      0.11908147     0.056941569       1.0632996      0.99853631        2.380862    2.380862e-09        2.384126      0.24603966      0.24737199       13.764157       2.1245914      0.69086556      0.30905604      0.14246444       146.92565       1.0441534      0.88370233      0.64149152      0.47829983      0.86036277       1.0407927       7.8512673       1.0632996       637.76088     0.088545445      0.088545445       798.43742                 22.475086                        390.03498                          225.25081             160.67654
              4       399.28541       67.894505       3.0966437      0.97469081     0.022738105      0.11908147     0.056941569       1.0259622      0.99874844       2.2123573   2.2123573e-09        2.384126      0.24603966      0.24737199       13.764157       1.9742241      0.69086556      0.30905604      0.14246444       146.92565       1.0081721      0.85325015      0.61938587      0.46181773      0.83071487       1.0407927       7.8512673       1.0259622       641.88559     0.088545445      0.088545445       798.39373                 21.625446                        390.16205                          230.09809             156.50814
              6       397.76324       67.894505       3.1461268      0.97053602     0.022738105      0.11908147     0.056941569       1.0506682      0.99950768       2.3245854   2.3245854e-09        2.384126      0.24603966      0.24737199       13.764157       2.0743723      0.69086556      0.30905604      0.14246444       146.92565       1.0317932      0.87324146      0.63389784      0.47263794      0.85017819       1.0407927       7.8512673       1.0506682       637.95837     0.088545445      0.088545445       795.34939                 22.447694                        390.02464                          225.48603             157.39103
              3       397.34461       67.837474       3.1430916      0.97040961     0.022707936      0.11913008     0.054845601       1.0511583      0.99969715       2.3175406   2.3175406e-09       2.3893411      0.24602691      0.24735919       13.768725       2.0767732      0.69030549      0.30961598      0.14248289       146.94616       1.0309352      0.87357083      0.63339126      0.47247399      0.84911443       1.0407517       7.6491791       1.0511583        637.1044     0.088545445      0.088545445       794.51214                 22.406623                        390.14825                          224.54952             157.40774
             18       395.58443       67.838792       3.1406665      0.97164879     0.022578975      0.11880241     0.055087939       1.0502649       1.0007186        2.311927    2.311927e-09       2.4118258      0.24597196      0.24730404       13.781013       2.0707389      0.69130974      0.30861173      0.14202626       147.17568       1.0294121      0.86974191      0.63194815       0.4710148      0.84786818       1.0407434       7.6966258       1.0502649       632.85952     0.088545445      0.088545445       790.99177                 22.123514                        390.12427                          220.61174             158.13224
              1       395.69176       68.273179        3.155095      0.97309069     0.022697484      0.11803191     0.056041853       1.0572865       1.0007949       2.3455266   2.3455266e-09        2.391152      0.24602248      0.24735475        13.76017       2.0968291      0.69662408      0.30329839      0.14137426       147.24865       1.0303114      0.85974076      0.63177303      0.46884426      0.85132141       1.0409177       7.7539985       1.0572865       633.88454     0.088545445      0.088545445       791.20643                 21.988973                        390.10083                          221.79473             157.32189
              1       395.49746       68.564057       3.1627513      0.97503527     0.022673421      0.11727207     0.056525521       1.0625888       1.0027681       2.3635535   2.3635535e-09       2.3953286      0.24601226      0.24734449       13.755784       2.1109016      0.70086023       0.2990629      0.14059036       147.47791       1.0297019      0.85023098      0.63052224      0.46627383      0.85262836       1.0410351       7.7953077       1.0625888       633.00141     0.088545445      0.088545445       790.81783                  21.58996                        390.14491                          221.26654             157.81642
              3       396.36533       68.181988       3.1535787      0.97345446     0.022611583      0.11854625     0.054717054       1.0576331       1.0028626       2.3419726   2.3419726e-09       2.4061115       0.2459859      0.24731804       13.756602       2.0992066      0.69489042      0.30503184       0.1418027       147.20741       1.0336616      0.86639263      0.63430702      0.47139591      0.85351906       1.0414108       7.6493579       1.0576331       634.75702     0.088545445      0.088545445       792.55356                 21.864179                        390.23335                          222.65949             157.79654
              4       397.77082       68.181988       3.1407669      0.97570321     0.022611583      0.11854625     0.054717054       1.0520155      0.99880736       2.3121592   2.3121592e-09       2.4061115       0.2459859      0.24731804       13.756602       2.0724836      0.69489042      0.30503184       0.1418027       147.20741       1.0279448      0.86160091      0.63079888      0.46878878      0.84879853       1.0414108       7.6493579       1.0520155        637.8162     0.088545445      0.088545445       795.36455                 21.400317                        390.30196                          226.11392             157.54835
              2       396.30899       68.181988       3.0905965       0.9729393     0.022611583      0.11854625     0.054717054       1.0240257       1.0011482       2.1990191   2.1990191e-09       2.4061115       0.2459859      0.24731804       13.756602       1.9710714      0.69489042      0.30503184       0.1418027       147.20741       1.0014205      0.83936886      0.61452226      0.45669253      0.82689682       1.0414108       7.6493579       1.0240257       635.36964     0.088545445      0.088545445        792.4409                 22.043882                        390.22141                          223.10435             157.07126
              3       396.62697       68.377997       3.0956003      0.97399958     0.022615476      0.11810507     0.053265002       1.0295058       1.0026276       2.2100502   2.2100502e-09       2.4054306      0.24598757      0.24731971       13.751127       1.9867204       0.6975724       0.3023503      0.14136541        147.3203       1.0011043      0.83365766      0.61385403         0.45519      0.82782303        1.041517       7.4949501       1.0295058       635.56458     0.088545445      0.088545445       793.07684                 21.732342                        390.54087                          223.29137             157.51226
              7       396.49391       68.754342       3.1038087      0.97709933     0.022531311      0.11656599     0.059079206       1.0291264       1.0038463       2.2282657   2.2282657e-09        2.420214      0.24595153      0.24728354       13.762165       1.9799373      0.70430804      0.29561551      0.13974217       147.82601      0.99704594      0.81585053      0.60960292      0.44949912      0.82673293       1.0412072       8.0678676       1.0291264       633.93221     0.088545445      0.088545445       792.81072                 21.394216                        390.26326                          222.27473             158.87851
              1        398.5709       68.754342       3.0883328      0.97281693     0.022531311      0.11656599     0.059079206       1.0216038       1.0042171       2.1940468   2.1940468e-09        2.420214      0.24595153      0.24728354       13.762165       1.9495319      0.70430804      0.29561551      0.13974217       147.82601      0.98773623      0.80823269      0.60391088      0.44530201      0.81901348       1.0412072       8.0678676       1.0216038       634.21261     0.088545445      0.088545445       796.96472                 22.032495                        390.21703                          221.96308              162.7521
              6       400.35409       68.688904       3.0853538      0.97281593     0.022484722      0.11670987     0.056686554       1.0225132      0.99893664       2.1875205   2.1875205e-09       2.4284544      0.24593155      0.24726348       13.765287       1.9530565      0.70353816      0.29638524      0.13983946       147.83954      0.98769679      0.80970855      0.60399185      0.44565135      0.81859095       1.0412867       7.8447537       1.0225132        634.3083     0.088545445      0.088545445        800.5311                 21.941856                        390.08748                          222.27896              166.2228
              1       399.58348       68.688904       3.0955542       0.9743674     0.022484722      0.11670987     0.056686554       1.0266323      0.99985695       2.2099482   2.2099482e-09       2.4284544      0.24593155      0.24726348       13.765287       1.9730804      0.70353816      0.29638524      0.13983946       147.83954      0.99333754       0.8143328      0.60744126      0.44819647      0.82326593       1.0412867       7.8447537       1.0266323       635.63815     0.088545445      0.088545445       798.98987                 21.808993                        390.12002                          223.70914             163.35172
              6        400.4887       68.183165        3.079604      0.97171223     0.022437226      0.11792038     0.051711125       1.0231859       1.0090066       2.1749789   2.1749789e-09       2.4368984      0.24591119      0.24724305       13.778303       1.9612788      0.69662226      0.30330001      0.14100247       147.56822      0.99346844      0.82845458      0.60878054      0.45178194      0.82033767       1.0411989       7.3707004       1.0231859       633.23914     0.088545445      0.088545445       800.80032                 22.000591                        390.86531                          220.37323             167.56118
              1        396.5307        68.19389       3.0805821      0.97146019      0.02247788       0.1177533     0.055364538       1.0199111       1.0018355       2.1771073   2.1771073e-09       2.4296681      0.24592861      0.24726054       13.780807       1.9489056      0.69698954      0.30293275      0.14087605       147.56742      0.99257774      0.82687477      0.60809835      0.45113901      0.81966665       1.0409489       7.7304103       1.0199111       631.75323     0.088545445      0.088545445        792.8843                 22.163514                        390.11497                          219.47475             161.13107
              1       396.72487        68.19389       3.0833455      0.97193293      0.02247788       0.1177533     0.055364538       1.0213917       1.0053677       2.1831316   2.1831316e-09       2.4296681      0.24592861      0.24726054       13.780807       1.9542985      0.69698954      0.30293275      0.14087605       147.56742      0.99412919      0.82816722      0.60904883      0.45184416      0.82094783       1.0409489       7.7304103       1.0213917       631.62228     0.088545445      0.088545445       793.27265                  22.07243                        390.12225                           219.4276             161.65037
             13       395.94714       68.342182       3.0908458      0.97261422     0.022518248      0.11765808     0.059694153       1.0208261        1.003825       2.1995675   2.1995675e-09       2.4225203      0.24594593      0.24727792       13.769137        1.952035      0.69842053       0.3015021      0.14082119       147.54779      0.99667526      0.82765678      0.61054922      0.45242153      0.82394476       1.0411852       8.1498831       1.0208261       632.83553     0.088545445      0.088545445       791.71718                  22.10775                        390.34644                          220.38135             158.88165
              2       396.69205       68.349196       3.0921839      0.97179637     0.022600521      0.11794578     0.056842275       1.0234614      0.99943033       2.2025127   2.2025127e-09       2.4080478      0.24598118      0.24731329        13.75842       1.9658295      0.69769045      0.30223219      0.14119117       147.37937      0.99791658        0.830536      0.61171077       0.4535564      0.82501329       1.0413009        7.854606       1.0234614       634.14669     0.088545445      0.088545445       793.20701                 22.277521                        390.10343                          221.76574             159.06031
              7       401.55148       68.349196       3.0826898       0.9794455     0.022600521      0.11794578     0.056842275       1.0205537       1.0089558       2.1817008   2.1817008e-09       2.4080478      0.24598118      0.24731329        13.75842       1.9472541      0.69769045      0.30223219      0.14119117       147.37937      0.99610415      0.82902757      0.61059977      0.45273265      0.82351488       1.0413009        7.854606       1.0205537       638.47788     0.088545445      0.088545445       802.92586                  20.92357                        390.25942                          227.29488             164.44798
              2       395.87511       68.349196       3.1152839      0.97594126     0.022600521      0.11794578     0.056842275       1.0369991      0.99937258       2.2539829   2.2539829e-09       2.4080478      0.24598118      0.24731329        13.75842       2.0117687      0.69769045      0.30223219      0.14119117       147.37937       1.0111114      0.84151768      0.61979905      0.45955351      0.83592195       1.0413009        7.854606       1.0369991       635.07115     0.088545445      0.088545445       791.57313                 21.416838                        390.14377                          223.51053             156.50199
              1       396.49119       68.442144       3.1186298      0.97651992     0.022603504      0.11775036     0.058462509       1.0373134      0.99878828        2.261537    2.261537e-09       2.4075254      0.24598245      0.24731457       13.755432       2.0119807      0.69892182      0.30100103      0.14099873       147.42809       1.0115387      0.83935633      0.61984958      0.45912221      0.83684363       1.0413618       8.0111071       1.0373134       635.31762     0.088545445      0.088545445       792.80528                 21.368945                        390.22159                          223.72708             157.48766
              5       395.50996       68.398658        3.116131      0.97680314     0.022551904      0.11750143     0.061349518       1.0333885       1.0000602       2.2558929   2.2558929e-09       2.4165846      0.24596036       0.2472924       13.767489       1.9954046      0.69918125      0.30074151       0.1406982       147.55209       1.0095965       0.8368286      0.61832948      0.45789752      0.83497142       1.0410999       8.3004993       1.0333885       633.97303     0.088545445      0.088545445       790.84282                 21.362685                        390.66102                          221.94933             156.86979
              1        395.9463       68.410239       3.1165257      0.97682179     0.022557089      0.11747927     0.061405528       1.0335544      0.99909463       2.2567835   2.2567835e-09       2.4156721      0.24596258      0.24729463       13.766926       1.9959687      0.69931934      0.30060344      0.14068123       147.55223       1.0095901      0.83654835      0.61830693      0.45782826      0.83503683       1.0410974       8.3043073       1.0335544       634.00295     0.088545445      0.088545445        791.7155                 21.362745                        390.69322                          221.94698             157.71256
              4        395.9241       68.404329       3.1163402      0.97679073      0.02255661       0.1174914     0.061381852       1.0334678      0.99909313        2.256365    2.256365e-09       2.4157563      0.24596238      0.24729443       13.767132       1.9956931       0.6992425      0.30068026      0.14069287       147.54952       1.0095799      0.83669619      0.61831349      0.45786237      0.83499234        1.041094       8.3023315       1.0334678       633.96011     0.088545445      0.088545445       791.67111                 21.366608                        390.66163                          221.93188             157.71099
              1       397.87734        67.89075       3.1041954       0.9743996     0.022517092       0.1186862     0.067399069       1.0200627       0.9983431       2.2291277   2.2291277e-09       2.4227245      0.24594543      0.24727742       13.781237       1.9480175      0.69216847      0.30775313      0.14184815        147.2753       1.0115162      0.85280792      0.62076718      0.46235905      0.83344727       1.0409342        8.909671       1.0200627        637.8804     0.088545445      0.088545445        795.5776                 21.847361                        393.01192                          223.02111              157.6972
              4       398.24892       68.341762       3.1187513      0.97609638      0.02265031      0.11756907     0.069773684       1.0249916       1.0049239       2.2618118   2.2618118e-09       2.3993503      0.24600243      0.24733462       13.767998        1.967215      0.69832464      0.30159798      0.14086424       147.42439       1.0104428      0.83932717      0.61903034      0.45874257      0.83532374       1.0407505       9.0760729       1.0249916       637.13914     0.088545445      0.088545445       796.32074                 21.808284                        393.99165                          221.33921              159.1816
             10       398.75517       68.341762       3.1271852       0.9711805      0.02265031      0.11756907     0.069773684       1.0288054       1.0041704       2.2809683   2.2809683e-09       2.3993503      0.24600243      0.24733462       13.767998       1.9838764      0.69832464      0.30159798      0.14086424       147.42439       1.0128087      0.84129239      0.62047975      0.45981668      0.83727959       1.0407505       9.0760729       1.0288054       637.67168     0.088545445      0.088545445       797.33325                 22.777747                        394.19524                           220.6987             159.66157
              2       400.08589       68.341762        3.185574      0.97389079      0.02265031      0.11756907     0.069773684       1.0591565       1.0041776       2.4181163   2.4181163e-09       2.3993503      0.24600243      0.24733462       13.767998       2.1031611      0.69832464      0.30159798      0.14086424       147.42439       1.0438927      0.86711239      0.63952281      0.47392885      0.86297643       1.0407505       9.0760729       1.0591565       636.85901     0.088545445      0.088545445       799.99468                 22.271155                        394.07568                          220.51218             163.13567
              6       398.10235       68.515827       3.1880409      0.97375794     0.022729832      0.11740174      0.05490017       1.0767394      0.99895901       2.4240889   2.4240889e-09       2.3855543      0.24603617      0.24736848       13.754972       2.1720152      0.70004255      0.29988047      0.14077644       147.38058       1.0427717      0.86283736      0.63873653      0.47267083      0.86314689       1.0408855       7.6227838       1.0767394        633.6843     0.088545445      0.088545445       796.02761                 21.860046                        390.20795                          221.61631             162.34331
              1       398.50098       68.467277       3.1865989      0.97346503     0.022729516      0.11751805     0.054350887       1.0758399      0.99928148       2.4205959   2.4205959e-09       2.3856089      0.24603603      0.24736835       13.756106       2.1712694      0.69936957      0.30055334      0.14089244        147.3499       1.0427808      0.86428074      0.63887361      0.47303725      0.86284851       1.0408659       7.5695991       1.0758399       634.46115     0.088545445      0.088545445       796.82488                 21.956893                        390.29366                          222.21059             162.36373
              1       399.34953       68.467277       3.1862497      0.97344972     0.022729516      0.11751805     0.054350887       1.0776593      0.99796702       2.4197509   2.4197509e-09       2.3856089      0.24603603      0.24736835       13.756106       2.1705115      0.69936957      0.30055334      0.14089244        147.3499       1.0425927      0.86412481      0.63875834       0.4729519      0.86269284       1.0408659       7.5695991       1.0776593       635.21006     0.088545445      0.088545445       798.52197                 21.744644                        390.33197                          223.13344             163.31192
              1       400.27112       68.336572        3.175066      0.97433418     0.022500701      0.11728669     0.051493105        1.072812      0.99960632       2.3928398   2.3928398e-09       2.4256234       0.2459384      0.24727036        13.78028       2.1586751      0.69920388      0.30071874      0.14043226       147.66674       1.0382765       0.8601515      0.63559396      0.47067365      0.85830104       1.0408171       7.3244342        1.072812       634.57807     0.088545445      0.088545445       800.36515                 21.707891                        391.12675                          221.74343             165.78707
              4       401.71249       68.854282       3.1891961      0.97676564     0.022552848      0.11620552      0.04816491       1.0848898       1.0024719        2.426891    2.426891e-09       2.4164186      0.24596076      0.24729281        13.76263       2.2040161      0.70588071      0.29404306      0.13940323        147.8989       1.0377081      0.84567091      0.63407906      0.46692395      0.86107441       1.0410602       6.9534925       1.0848898       639.96416     0.088545445      0.088545445        803.2479                  21.33559                        393.11278                          225.51579             163.28373
              1       399.37142       68.856465       3.1891888      0.97679374     0.022551135      0.11619064     0.048220056       1.0872231       1.0009188       2.4268732   2.4268732e-09       2.4167201      0.24596003      0.24729207       13.762893       2.2037569      0.70593435      0.29398943      0.13938664       147.90484       1.0376341       0.8454852      0.63401499      0.46685547      0.86102666        1.041055       6.9593746       1.0872231       635.62496     0.088545445      0.088545445       798.56575                 21.122058                        393.12464                          221.37826             162.94079
              1       398.03538       68.856465       3.1458512      0.98080141     0.022551135      0.11619064     0.048220056       1.0635777       1.0027389       2.3239449   2.3239449e-09       2.4167201      0.24596003      0.24729207       13.762893       2.1102914      0.70593435      0.29398943      0.13938664       147.90484       1.0169583      0.82863816      0.62138168      0.45755297      0.84386995        1.041055       6.9593746       1.0635777       637.24935     0.088545445      0.088545445       795.89366                 20.685447                        393.39963                          223.16428             158.64431
              3       398.06208       68.856465        3.133257      0.97986594     0.022551135      0.11619064     0.048220056       1.0581117       1.0020414       2.2948601   2.2948601e-09       2.4167201      0.24596003      0.24729207       13.762893       2.0838805      0.70593435      0.29398943      0.13938664       147.90484       1.0102106      0.82314001      0.61725871      0.45451702      0.83827072        1.041055       6.9593746       1.0581117       637.78158     0.088545445      0.088545445       795.94707                 20.694903                        393.33199                          223.75469             158.16549
              2       396.19542       68.691239       3.1305466      0.97885193     0.022575841      0.11661508     0.051340804       1.0516389        1.003513       2.2886486   2.2886486e-09       2.4123761      0.24597061      0.24730269       13.765182       2.0653091      0.70356612      0.29635729      0.13983578       147.76309       1.0113219      0.82901997      0.61843488      0.45629728      0.83818536       1.0409588       7.2831965       1.0516389       634.07088     0.088545445      0.088545445       792.21374                 20.954005                        391.45359                          221.66328             158.14286
              5          396.32       68.621438       3.1291951      0.97830646     0.022595478      0.11681037      0.05125315       1.0503494       1.0036569       2.2855575   2.2855575e-09       2.4089314      0.24597902      0.24731113       13.765469       2.0628812      0.70250632      0.29741693      0.14005071       147.68848       1.0116529      0.83153675      0.61887491      0.45702957      0.83803365        1.040911       7.2729615       1.0503494       634.07775     0.088545445      0.088545445        792.4629                 21.059877                        391.45702                          221.56085             158.38515
              4       398.62538       68.667008       3.1297248      0.97845916     0.022602731      0.11666144     0.049499798       1.0550239       1.0020505       2.2867686   2.2867686e-09       2.4076609      0.24598212      0.24731424       13.765318       2.0712248      0.70320151      0.29672184      0.13990903       147.72035       1.0108956      0.82944154      0.61825513      0.45630487      0.83768425       1.0408679       7.0885094       1.0550239       638.37498     0.088545445      0.088545445       797.07368                 20.819277                        392.44649                          225.10921             158.69869
              7       397.16347       68.605687       3.1286203      0.97803678     0.022617066      0.11680375     0.050331338       1.0525516        1.002518       2.2842441   2.2842441e-09       2.4051527      0.24598825      0.24732039       13.766454       2.0655003       0.7023379      0.29758532      0.14006568       147.66615       1.0111082      0.83141706      0.61855822      0.45686034       0.8374863       1.0408019       7.1734425       1.0525516       635.55787     0.088545445      0.088545445       794.14985                 20.949197                        391.99111                          222.61756             158.59197
              1       397.32611       68.736793       3.1330373      0.97853933     0.022646743      0.11660433     0.049966259       1.0538053       1.0005136       2.2943561   2.2943561e-09        2.399972      0.24600091       0.2473331         13.7595       2.0761594      0.70383157      0.29609194      0.13989594       147.68652       1.0116315       0.8288802      0.61869074      0.45638384      0.83871994       1.0409011       7.1270095       1.0538053       635.08087     0.088545445      0.088545445       794.47514                 21.030588                        392.12873                          221.92155             159.39426
              1        396.4737         67.7039       3.1074891       0.9729857     0.022604629      0.11934222     0.051720015        1.034801        1.000859       2.2364819   2.2364819e-09       2.4073286      0.24598293      0.24731506       13.777658       2.0167031      0.68884486       0.3110763      0.14259172       147.00449       1.0162802      0.86395558      0.62450661      0.46639488      0.83621953        1.040842        7.356937        1.034801       636.75137     0.088545445      0.088545445        792.7703                 21.947465                        390.84311                          223.96079             156.01894
              4       397.18698       67.397889       3.0961874      0.97189546     0.022513458       0.1198187     0.050462966       1.0298462       1.0008701        2.211348    2.211348e-09       2.4233668      0.24594387      0.24727585       13.794498       1.9990586      0.68516471      0.31475573      0.14297702       146.97984       1.0146836      0.86980311       0.6239463      0.46734825      0.83301688       1.0406619       7.2528188       1.0298462       636.61028     0.088545445      0.088545445       794.19686                 22.059495                        391.26112                          223.28967             157.58658
              3         396.167       67.392948       3.0963922      0.97203467     0.022500659      0.11980898     0.052550544        1.028954        1.000539       2.2118009   2.2118009e-09       2.4256307      0.24593838      0.24727034        13.79555       1.9911373      0.68516812      0.31475232       0.1429545        146.9966       1.0149109      0.86995752      0.62406147      0.46743325       0.8331729       1.0406699       7.4712316        1.028954       635.51665     0.088545445      0.088545445       792.15691                 21.952774                        390.57925                          222.98463             156.64026
              9       396.15579       67.409133       3.0971924      0.97205312     0.022511866      0.11978838     0.052829352       1.0290899       1.0004892       2.2135716   2.2135716e-09       2.4236482      0.24594319      0.24727517       13.794359       1.9916205      0.68533996      0.31458051      0.14294511       146.98959       1.0150563      0.86975918      0.62414065      0.46742875      0.83339237       1.0406679        7.497106       1.0290899        635.6049     0.088545445      0.088545445       792.13449                 21.960249                        390.50552                          223.13913             156.52959
              7       395.18407       67.780678       3.1096871      0.97393305     0.022543426      0.11924518     0.054161737       1.0343199       1.0010339        2.241403    2.241403e-09       2.4180778      0.24595673      0.24728875       13.775118       2.0112945      0.68989382      0.31002752      0.14243347       147.09794       1.0174221       0.8627902      0.62503476      0.46639537      0.83763364       1.0411267       7.6185973       1.0343199       635.16804     0.088545445      0.088545445       790.19106                  21.76222                        390.30224                          223.10358             155.02302
              2       396.38034       67.113758       3.0902232      0.97114988     0.022422056      0.12064384     0.057313458       1.0198038       1.0006186       2.1981984   2.1981984e-09       2.4396048      0.24590469      0.24723653       13.800018       1.9601308       0.6808643      0.31905546      0.14371077       146.86394       1.0176785      0.88122506      0.62658926      0.47092256      0.83371267        1.040907       7.9860539       1.0198038       636.61108     0.088545445      0.088545445        792.5836                 22.252279                        390.12445                          224.23434             155.97252
              1       397.39964        66.92807        3.084335      0.97022591     0.022386322       0.1211907     0.054170659       1.0192802       1.0006183       2.1852929   2.1852929e-09        2.445998      0.24588942       0.2472212       13.802825       1.9609098      0.67794993      0.32196939      0.14422189       146.76012        1.018275      0.88775525      0.62751325      0.47269014      0.83304652       1.0410094       7.6846616       1.0192802        638.1257     0.088545445      0.088545445       794.62219                 22.348588                        390.18137                          225.59575             156.49649
              1        399.7619        66.63048       3.0775421       0.9678298     0.022466156      0.12201599     0.050913193       1.0168184       1.0008233       2.1704988   2.1704988e-09       2.4317498      0.24592359      0.24725549       13.805104       1.9603649      0.67302804      0.32689056      0.14512702       146.45664       1.0187916      0.89841058      0.62881434      0.47546991       0.8316141       1.0407603       7.3425234       1.0168184        643.3462     0.088545445      0.088545445        799.3467                 22.916437                        390.71711                          229.71265              156.0005
              8       399.55294        66.63048       3.0833608      0.96726552     0.022466156      0.12201599     0.050913193       1.0203424      0.99893451       2.1831651   2.1831651e-09       2.4317498      0.24592359      0.24725549       13.805104        1.971805      0.67302804      0.32689056      0.14512702       146.45664       1.0215435      0.90083728      0.63051284       0.4767542      0.83386038       1.0407603       7.3425234       1.0203424       642.38637     0.088545445      0.088545445       798.92878                 22.953115                        390.73221                          228.70105             156.54241
              6       399.56909       67.348941       3.1087298      0.96981152     0.022668741      0.12088601     0.051033159       1.0348757       1.0012657       2.2392583   2.2392583e-09       2.3961423      0.24601027       0.2473425       13.765825       2.0219823      0.68201151      0.31790882      0.14419962       146.52825       1.0249614      0.88620887      0.63160935       0.4742684      0.84114895       1.0412237       7.2964267       1.0348757       644.57355     0.088545445      0.088545445       798.96109                 22.484914                        390.89616                          231.19248             154.38754
              1       398.02509       69.467706       3.1634694      0.98132994     0.022786069      0.11506046     0.056596148       1.0649328       1.0039675       2.3652515   2.3652515e-09       2.3758701      0.24605982      0.24739222       13.733606       2.1121197      0.71294164      0.28698347       0.1384914       147.94683       1.0151176      0.81296136      0.61925861       0.4532484        0.846073       1.0410398       7.7413522       1.0649328       634.99067     0.088545445      0.088545445       795.87309                  20.81429                         390.3149                          223.86148             160.88243
              1       398.18543       69.467706       3.1503875      0.97791839     0.022786069      0.11506046     0.056596148       1.0578314       1.0006847       2.3345108   2.3345108e-09       2.3758701      0.24605982      0.24739222       13.733606        2.084669      0.71294164      0.28698347       0.1384914       147.94683       1.0071688      0.80659553      0.61440956      0.44969927      0.83944789       1.0410398       7.7413522       1.0578314       635.55547     0.088545445      0.088545445       796.19376                 21.257809                        390.24525                          224.05241             160.63829
              2       398.90642       68.979394       3.1396126       0.9759545     0.022730419       0.1160855     0.067954192        1.040342      0.99998957       2.3094919   2.3094919e-09       2.3854529      0.24603641      0.24736873       13.749995       2.0160076      0.70682571      0.29309834      0.13946079        147.7325       1.0093078      0.82089235      0.61678905      0.45382665      0.83826883       1.0408478       8.8580456        1.040342       636.97399     0.088545445      0.088545445       797.63574                  21.69007                        392.83952                           222.4444             160.66176
              3       399.24819       68.979394       3.1413862      0.97591717     0.022730419       0.1160855     0.067954192       1.0412511       1.0042116       2.3135917   2.3135917e-09       2.3854529      0.24603641      0.24736873       13.749995       2.0195865      0.70682571      0.29309834      0.13946079        147.7325       1.0101888      0.82160885      0.61732741      0.45422277       0.8390005       1.0408478       8.8580456       1.0412511       636.94662     0.088545445      0.088545445       798.31928                 21.697444                        392.84052                          222.40865             161.37266
              1       398.60623       68.979394       3.1449869      0.97589003     0.022730419       0.1160855     0.067954192       1.0429405       1.0004179       2.3219372   2.3219372e-09       2.3854529      0.24603641      0.24736873       13.749995       2.0268714      0.70682571      0.29309834      0.13946079        147.7325       1.0119985      0.82308077      0.61843335      0.45503651      0.84050357       1.0408478       8.8580456       1.0429405       636.67149     0.088545445      0.088545445       797.03538                 21.722329                        392.84316                            222.106             160.36388
              8       397.85721       69.246807       3.1501616      0.97732965     0.022720361      0.11542055     0.063388893       1.0509748       1.0007292       2.3339835   2.3339835e-09       2.3871912      0.24603216      0.24736447       13.744952       2.0560747      0.71049335      0.28943128      0.13878578       147.92301       1.0103486       0.8140534       0.6166766      0.45231796      0.84075818       1.0409459       8.4188876       1.0509748       634.97237     0.088545445      0.088545445       795.53733                 21.401164                        391.05708                          222.51414             160.56496
              1       397.56464       69.199803       3.1487643      0.97709639     0.022714712      0.11553016     0.063189923       1.0496994        1.001123       2.3307247   2.3307247e-09       2.3881683      0.24602978      0.24736207       13.746236       2.0540211      0.70988283       0.2900417      0.13888974       147.89977       1.0104228      0.81538148      0.61683738      0.45267426      0.84053456         1.04094        8.403271       1.0496994       634.81896     0.088545445      0.088545445       794.95219                 21.491571                        390.97261                          222.35478             160.13323
              1       397.74445       69.199803       3.1817001      0.97994491     0.022714712      0.11553016     0.063189923       1.0677737       1.0033929       2.4087671   2.4087671e-09       2.3881683      0.24602978      0.24736207       13.746236       2.1227983      0.70988283       0.2900417      0.13888974       147.89977       1.0283296      0.82983169      0.62776899      0.46069656      0.85543053         1.04094        8.403271       1.0677737       634.40474     0.088545445      0.088545445       795.31181                  21.03331                        390.99327                          222.37816             160.90707
             11       397.17987       69.163693       3.1792358      0.97980293     0.022692302      0.11558195     0.060213226       1.0695315       1.0034037       2.4028385   2.4028385e-09       2.3920506      0.24602028      0.24735254       13.748611       2.1302179       0.7095184      0.29040606      0.13891912       147.91086        1.027651      0.83000498       0.6273879      0.46056142      0.85464296       1.0409465       8.1237584       1.0695315       633.55363     0.088545445      0.088545445       794.18265                 20.990444                        390.32817                          222.23501             160.62902
              1       398.17545       68.208583       3.1476022      0.97544406     0.022522707      0.11749001     0.054383274       1.0552777       1.0043078       2.3280175   2.3280175e-09       2.4217326      0.24594784      0.24727984       13.785482       2.0880915      0.69758963      0.30233269      0.14065759       147.58786        1.026045      0.85332289      0.62835808      0.46593837      0.84739506       1.0405972       7.6167347       1.0552777       633.04623     0.088545445      0.088545445        796.1738                 21.557094                         390.3738                          221.11534             163.12757
              8       398.76922       67.102718       3.1177483       0.9702442     0.022386149      0.12016404     0.057701893       1.0330012       1.0020786       2.2595445   2.2595445e-09        2.446029      0.24588934      0.24722113          13.815       2.0132684       0.6819046      0.31801514      0.14319506       147.02999       1.0291635      0.88848136      0.63309135      0.47542097      0.84305213       1.0404671       8.0244433       1.0330012       634.31554     0.088545445      0.088545445       797.36134                 22.526656                        390.15332                          221.63556             163.04581
              5       398.26072       67.304075       3.1231263      0.97124292       0.0224053      0.11966824     0.057373272       1.0389089      0.99998751       2.2717289   2.2717289e-09       2.4425994      0.24589753      0.24722934       13.809921       2.0254555      0.68485732      0.31506291      0.14271841       147.13973       1.0286346      0.88192213       0.6322388        0.473675       0.8438822       1.0405022       7.9789095       1.0389089       633.57213     0.088545445      0.088545445       796.34435                 22.067503                        390.18005                          221.32457             162.77222
              1       397.68376       67.328594        3.124866      0.97044336     0.022479533      0.12013534     0.047955307       1.0486558       1.0005371       2.2756845   2.2756845e-09       2.4293748      0.24592932      0.24726125       13.793021       2.0675623      0.68389265      0.31602763      0.14325974       146.93413       1.0310687      0.88660622      0.63433492       0.4756088       0.8460331       1.0408726       7.0015447       1.0486558       638.06823     0.088545445      0.088545445       795.19043                 22.061688                        392.44942                          223.55713              157.1222
             11       397.05545       67.785855       3.1394016      0.97253867      0.02255717      0.11916488     0.049999901         1.05524       0.9987447       2.3090045   2.3090045e-09       2.4156578      0.24596262      0.24729467       13.776464       2.0892741      0.69008604      0.30983532      0.14236692       147.10393       1.0315257      0.87429563      0.63362505      0.47273208      0.84927749       1.0410225        7.186652         1.05524       636.36629     0.088545445      0.088545445       793.93381                 21.783013                        391.54564                          223.03763             157.56752
              4       395.88581       67.785855       3.1210912      0.97078762      0.02255717      0.11916488     0.049999901       1.0440494      0.99993551       2.2671106   2.2671106e-09       2.4156578      0.24596262      0.24729467       13.776464       2.0513669      0.69008604      0.30983532      0.14236692       147.10393       1.0214449      0.86575132      0.62743276      0.46811216      0.84097767       1.0410225        7.186652       1.0440494       634.98052     0.088545445      0.088545445       791.59452                 22.256853                        391.42482                          221.29885               156.614
              3       395.76127       67.784823       3.1211446      0.97078829     0.022557037      0.11917182      0.05018161       1.0440804       0.9998069       2.2672316   2.2672316e-09       2.4156813      0.24596256      0.24729461       13.776371        2.050731      0.69006177      0.30985958      0.14237373       147.10223       1.0215157      0.86586576      0.62748377      0.46815938      0.84102956        1.041027       7.2056875       1.0440804       634.76482     0.088545445      0.088545445       791.34545                 22.238454                        391.34106                          221.18531             156.58063
              2       396.58796       67.784823       3.1186231       0.9688828     0.022557037      0.11917182      0.05018161       1.0438112       1.0029783        2.261522    2.261522e-09       2.4156813      0.24596256      0.24729461       13.776371       2.0455666      0.69006177      0.30985958      0.14237373       147.10223       1.0194905      0.86414919      0.62623978      0.46723125      0.83936223        1.041027       7.2056875       1.0438112       635.18297     0.088545445      0.088545445       792.99882                  22.45792                        391.31409                          221.41096             157.81585
              3        396.1484       67.702207       3.1168856      0.96836889     0.022562887      0.11941716     0.050337741       1.0417653       1.0033385        2.257596    2.257596e-09       2.4146522      0.24596507      0.24729712       13.776908       2.0413779      0.68875686      0.31116429      0.14262492       147.03091       1.0200372       0.8673594       0.6268518      0.46817942      0.83930042        1.041023       7.2242975       1.0417653       635.16363     0.088545445      0.088545445       792.11971                 22.651617                        391.18526                          221.32676             156.95607
              3       396.09659       67.946684       3.1224661      0.96975519     0.022559477      0.11876739     0.049212423       1.0461872       1.0039237       2.2702297   2.2702297e-09       2.4152519       0.2459636      0.24729566       13.772897        2.057427       0.6924074      0.30751432      0.14197173       147.20664       1.0188837      0.85877306      0.62542476      0.46573771      0.83986355       1.0410776        7.098402       1.0461872       634.77416     0.088545445      0.088545445       792.01608                 22.408072                        391.81075                          220.55534             157.24192
              1       398.79597       67.946684       3.1244814      0.96583766     0.022559477      0.11876739     0.049212423       1.0468038       1.0004178       2.2748094   2.2748094e-09       2.4152519       0.2459636      0.24729566       13.772897       2.0615774       0.6924074      0.30751432      0.14197173       147.20664       1.0183941      0.85836042      0.62512423      0.46551392      0.83945998       1.0410776        7.098402       1.0468038       636.65114     0.088545445      0.088545445       797.41485                  23.24502                        391.55036                          221.85576              160.7637
              3       398.75344        67.99155       3.1257107      0.96591862     0.022587005      0.11856863     0.049484725       1.0473582       1.0003599       2.2776077   2.2776077e-09       2.4104168      0.24597539      0.24730749       13.773567       2.0629896      0.69318361      0.30673821       0.1418005       147.22877       1.0175455      0.85597935      0.62441495      0.46469207       0.8390374       1.0409309       7.1180002       1.0473582       636.64743     0.088545445      0.088545445       797.32978                 23.237852                        391.40683                          222.00274             160.68236
              2       399.74384       67.241948       3.1035917      0.96275679     0.022437288      0.12031379     0.050057174       1.0331887       1.0000795       2.2277823   2.2277823e-09       2.4368874      0.24591121      0.24724308       13.797075       2.0155503      0.68277623      0.31714385      0.14339594       146.93404       1.0188575      0.87832472      0.62697128      0.47050227      0.83547523       1.0409082       7.2342325       1.0331887       636.09467     0.088545445      0.088545445        799.3106                 23.941251                        390.87664                          221.27678             163.21593
              3       407.05428       67.241948       3.0437796      0.97752447     0.022437288      0.12031379     0.050057174       1.0029107       1.0090412       2.0984406   2.0984406e-09       2.4368874      0.24591121      0.24724308       13.797075       1.8985304      0.68277623      0.31714385      0.14339594       146.93404      0.99437295       0.8572174      0.61190432      0.45919546      0.81539763       1.0409082       7.2342325       1.0029107       645.00973     0.088545445      0.088545445       813.93148                 21.220424                         391.6802                           232.1091             168.92175
              2       408.80569        66.85411       3.0375762      0.97479868     0.022511969      0.12159765     0.052124278      0.99568411       1.0075298       2.0854635   2.0854635e-09       2.4236301      0.24594323      0.24727521       13.795083       1.8790053      0.67604535      0.32387379      0.14475449       146.51509      0.99786431       0.8741071      0.61550205      0.46432648       0.8158974       1.0408827       7.4525651      0.99568411       650.52529     0.088545445      0.088545445       817.43428                 21.749164                        390.70145                          238.07468             166.90899
              2       410.22189       67.630128       3.0600682       0.9773751     0.022722742      0.11999367     0.043854959       1.0176564       1.0072211       2.1329012   2.1329012e-09       2.3867796      0.24603317      0.24736548       13.763394       1.9537941      0.68648314      0.31343785      0.14336128        146.7025      0.99694908      0.85284527       0.6134525      0.45900646      0.81986639       1.0409978       6.5134661       1.0176564       653.05804     0.088545445      0.088545445        820.2667                 21.204079                        396.29925                          235.55471             167.20866
              3        403.7053       67.630128       3.0581774      0.97183352     0.022722742      0.11999367     0.043854959       1.0160876       1.0042444       2.1288721   2.1288721e-09       2.3867796      0.24603317      0.24736548       13.763394       1.9501034      0.68648314      0.31343785      0.14336128        146.7025      0.99390837      0.85024408      0.61158146      0.45760649      0.81736578       1.0409978       6.5134661       1.0160876        648.5558     0.088545445      0.088545445       807.23352                 22.088631                        395.72731                          230.73986             158.67771
              8       403.59837       67.473718        3.055307       0.9710517     0.022719639      0.12043378     0.046627549       1.0111318       1.0042177         2.12277     2.12277e-09        2.387316      0.24603186      0.24736416       13.765522       1.9337609      0.68406804      0.31585258      0.14379829       146.59054      0.99514628      0.85621159      0.61280931      0.45940579      0.81743692       1.0409965       6.8172178       1.0111318       648.35505     0.088545445      0.088545445       807.01965                 22.318432                        393.37947                          232.65715              158.6646
              1       401.73429       67.473718       3.0592759      0.97070583     0.022719639      0.12043378     0.046627549       1.0147136       1.0031223       2.1312119   2.1312119e-09        2.387316      0.24603186      0.24736416       13.765522       1.9414511      0.68406804      0.31585258      0.14379829       146.59054      0.99699222      0.85779982      0.61394604      0.46025796      0.81895322       1.0409965       6.8172178       1.0147136       647.70919     0.088545445      0.088545445       803.29149                 22.186566                        393.42409                          232.09853              155.5823
              1       403.97795       67.473718       3.1229374      0.97543541     0.022719639      0.12043378     0.046627549       1.0477202       1.0016669          2.2713      2.2713e-09        2.387316      0.24603186      0.24736416       13.765522       2.0690659      0.68406804      0.31585258      0.14379829       146.59054       1.0310885      0.88713583      0.63494246      0.47599838       0.8469607       1.0409965       6.8172178       1.0477202       650.81961     0.088545445      0.088545445       807.77881                  21.42515                        393.74534                          235.64912              156.9592
              1       405.46367       67.895117       3.1249024      0.97869967     0.022532332      0.11894589     0.039011948       1.0600413       1.0063195       2.2757674   2.2757674e-09       2.4200338      0.24595197      0.24728398       13.773368       2.1049535      0.69161165      0.30830995      0.14212309       147.18947       1.0250395      0.86564439      0.62937102      0.46897925      0.84461707       1.0411818       6.0006875       1.0600413       652.40284     0.088545445      0.088545445       810.75025                 20.750839                        401.97344                          229.67856             158.34741
              2       403.99189       69.579411       3.1803464      0.98646628     0.022776632      0.11495443     0.045416381       1.0879486      0.99921107       2.4055084   2.4055084e-09        2.377491      0.24605586      0.24738825       13.726968       2.1966391      0.71410111      0.28582424      0.13837593        147.9861       1.0247596      0.81835619      0.62501022      0.45699545      0.85479575       1.0412787       6.6047533       1.0879486       645.73835     0.088545445      0.088545445        807.8067                 20.164414                        396.40094                            229.173             162.06834
              1       402.41364       69.298968       3.1712579      0.98638022     0.022625886      0.11533849      0.05763817       1.0708557      0.99925794       2.3837451   2.3837451e-09       2.4036111      0.24599201      0.24732417       13.745213       2.1242026      0.71129661      0.28862814      0.13860925       148.05109       1.0247404      0.82389701      0.62526184      0.45829655      0.85305544       1.0412521       7.8842614       1.0708557        644.8282     0.088545445      0.088545445        804.6502                 20.162423                        390.45066                          234.21511               159.822
              3       400.93328       69.091668       3.1654871       0.9854664     0.022604964      0.11547176     0.056353135        1.067639       1.0052185       2.3700286   2.3700286e-09       2.4072698      0.24598308       0.2473152       13.760407       2.1174144      0.70932624      0.29059806      0.13872159       148.03854       1.0232373      0.82650122      0.62447114      0.45849599      0.85052913       1.0408366       7.7635239        1.067639        638.3408     0.088545445      0.088545445       801.68948                 20.272288                        390.46937                          227.59914             163.34868
              7       401.07173        67.60978       3.1196978      0.97802787     0.022478022      0.11910956     0.049583769       1.0441002       1.0006899       2.2639537   2.2639537e-09       2.4296429      0.24592867       0.2472606       13.795819        2.050216       0.6887639      0.31115704      0.14223245       147.20669       1.0246106      0.87063508       0.6292287      0.46995193      0.84248779       1.0406426       7.1580353       1.0441002       639.54348     0.088545445      0.088545445       801.96638                 21.087576                        392.08682                          226.36909             162.42289
              1       401.33546       67.661895       3.1207018      0.97830392     0.022474662      0.11898026     0.048876148       1.0456591       1.0060963       2.2662279   2.2662279e-09       2.4302393      0.24592723      0.24725915       13.794781        2.055182      0.68953292      0.31038814      0.14209979       147.24447       1.0243362      0.86880056      0.62891346      0.46942603      0.84258672       1.0406707       7.0827638       1.0456591       639.54869     0.088545445      0.088545445       802.49382                 21.029237                        392.47246                            226.047             162.94513
              4       403.03374       68.338019       3.1446982      0.98078102     0.022651605      0.11732021     0.046026223       1.0642437       1.0020281       2.3212669   2.3212669e-09       2.3991248      0.24600298      0.24733518         13.7751       2.1171285       0.6988217      0.30110092      0.14061668       147.48935       1.0240921      0.84937981      0.62711648      0.46454333      0.84658427       1.0404708        6.723192       1.0642437       641.40159     0.088545445      0.088545445       805.89039                 20.651888                        394.93126                          225.81844              164.4888
              2       404.87877       68.109087        3.137886      0.97960664     0.022637186      0.11787528     0.045084517       1.0603472      0.99902008       2.3055076   2.3055076e-09       2.4016384      0.24599684      0.24732901       13.780657       2.1067192      0.69562813      0.30429397      0.14115734       147.35732       1.0243324      0.85624552      0.62786571      0.46632651      0.84536338       1.0404178       6.6329858       1.0603472       642.48887     0.088545445      0.088545445       809.58045                 20.807208                         395.5875                          226.09416             167.09158
              1       401.95604       68.072279       3.1325055      0.97950918     0.022578382      0.11838307     0.041669872       1.0603903       1.0037775       2.2931362   2.2931362e-09         2.41193       0.2459717      0.24730379        13.77168       2.1097736      0.69432995      0.30559206      0.14160632       147.28776       1.0250209      0.85987752      0.62878675      0.46750784        0.845703       1.0409973        6.281263       1.0603903       645.56756     0.088545445      0.088545445       803.73499                  20.80072                        398.92399                          225.84285             158.16743
              1       402.24295       68.072279       3.1374897      0.97992195     0.022578382      0.11838307     0.041669872       1.0632526       1.0035724       2.3045943   2.3045943e-09         2.41193       0.2459717      0.24730379        13.77168       2.1203155      0.69432995      0.30559206      0.14160632       147.28776       1.0277409      0.86215928      0.63045529      0.46874841      0.84794714       1.0409973        6.281263       1.0632526       646.07185     0.088545445      0.088545445       804.30882                 20.742831                        398.93947                          226.38955             158.23697
              1       402.16767       68.236642       3.1484383      0.97987029     0.022735102      0.11840424     0.045621788       1.0655043       1.0026754       2.3299649   2.3299649e-09       2.3846443      0.24603839      0.24737072       13.752262       2.1267811       0.6954187      0.30450369       0.1417842       147.10815       1.0314999      0.86357919      0.63295981      0.47019096      0.85207533       1.0411056       6.6801429       1.0655043       646.22348     0.088545445      0.088545445       804.15825                  20.77458                        395.11255                          230.33635             157.93477
              1       402.21679       67.930576       3.1379245      0.97868383     0.022665766        0.118973     0.045208763       1.0598742       1.0038356       2.3055964   2.3055964e-09       2.3966597      0.24600901      0.24734123       13.765856       2.1062768       0.6915856      0.30833608      0.14228363       147.03431       1.0306241      0.87065424       0.6329786      0.47167745      0.84944045       1.0409726       6.6566003       1.0598742       646.90595     0.088545445      0.088545445       804.25648                 20.874566                        395.33473                          230.69665             157.35054
              3       397.70015       67.930576       3.1193104      0.97204493     0.022665766        0.118973     0.045208763       1.0491723       1.0000496       2.2630768   2.2630768e-09       2.3966597      0.24600901      0.24734123       13.765856        2.067433       0.6915856      0.30833608      0.14228363       147.03431       1.0184936       0.8604066      0.62552841      0.46612578      0.83944249       1.0409726       6.6566003       1.0491723       640.31644     0.088545445      0.088545445       795.22322                 21.858831                        394.72781                           223.7298             154.90678
              1       399.45495       69.115329        3.152653      0.97897456     0.022643307       0.1154873     0.052301663       1.0654817       1.0016012       2.3398058   2.3398058e-09       2.4005709      0.24599944      0.24733163       13.756832       2.1074203      0.70941243      0.29051192      0.13877547       147.99134       1.0138256      0.81882083      0.61878737      0.45428922      0.84285032        1.040826       7.3495927       1.0654817       636.64481     0.088545445      0.088545445       798.73282                 20.809669                        391.21707                          224.61807               162.088
              3       399.40245       68.901524       3.1511845      0.97788103     0.022681626      0.11604475     0.060812443       1.0516884       1.0040732       2.3363722   2.3363722e-09       2.3939033      0.24601575      0.24734799       13.759332        2.068812      0.70635128       0.2935726      0.13937124       147.79798       1.0164162      0.82741011      0.62103326      0.45713423      0.84369599       1.0406978       8.1917118       1.0516884       635.68036     0.088545445      0.088545445       798.62782                 21.415388                        390.46028                          223.80469             162.94745
              2       399.68455       68.901524       3.1674636      0.98203311     0.022681626      0.11604475     0.060812443       1.0614036       1.0036466       2.3747175   2.3747175e-09       2.3939033      0.24601575      0.24734799       13.759332       2.1027659      0.70635128       0.2935726      0.13937124       147.79798       1.0263623      0.83550673      0.62711039      0.46160752      0.85195198       1.0406978       8.1917118       1.0614036       634.95072     0.088545445      0.088545445       799.19202                 20.780682                        390.50029                          223.66975              164.2413
              7       399.60522       69.089127       3.1702937      0.98341062     0.022625988      0.11542799     0.060444078       1.0650965       1.0031787       2.3814477   2.3814477e-09       2.4035935      0.24599206      0.24732421       13.761258       2.1102796      0.70935252      0.29057178      0.13869884       148.02677       1.0244612      0.82740725      0.62519245      0.45901521      0.85153081       1.0407279       8.1583097       1.0650965       635.37055     0.088545445      0.088545445       799.03335                 20.542199                        390.44652                          224.38183              163.6628
              1       397.15671       68.661558       3.1555766      0.98088022     0.022606284      0.11705621      0.05563502       1.0592584       1.0009198       2.3466565   2.3466565e-09       2.4070388      0.24598364      0.24731577       13.754892       2.0995468      0.70230949      0.29761385      0.14030736       147.61051       1.0272451      0.84510293      0.62870106      0.46436286      0.85119861       1.0412659       7.7184658       1.0592584       635.14429     0.088545445      0.088545445       794.13633                 20.849633                        390.39169                          223.90297             158.99204
              2       396.44313       68.661558       3.1545833      0.97803277     0.022606284      0.11705621      0.05563502       1.0581098       1.0009711       2.3443266   2.3443266e-09       2.4070388      0.24598364      0.24731577       13.754892       2.0974622      0.70230949      0.29761385      0.14030736       147.61051       1.0256113      0.84375878       0.6277011      0.46362429      0.84984477       1.0412659       7.7184658       1.0581098       634.18486     0.088545445      0.088545445       792.70918                 21.260808                        390.31606                          222.60798             158.52432
              3       396.01469       68.627011       3.1528082      0.97790725     0.022591222      0.11715216     0.054874205        1.058266       1.0047546       2.3401689   2.3401689e-09       2.4096774       0.2459772       0.2473093       13.755736       2.0969307      0.70183794      0.29808533      0.14038825       147.60163       1.0254668      0.84463013      0.62770315       0.4638093      0.84951129       1.0413046       7.6472195        1.058266       633.86192     0.088545445      0.088545445       791.85228                 21.225097                        390.40631                          222.23052             157.99036
              3       396.20311       67.852527        3.130492      0.97465377     0.022483063      0.11899248     0.061874378        1.037657       1.0043962       2.2885236   2.2885236e-09       2.4287485      0.24593084      0.24726277       13.777229       2.0221436       0.6912302       0.3086913      0.14212041       147.23189       1.0271438      0.86811469      0.63066013      0.47008509      0.84608556       1.0412307        8.394573        1.037657       635.07284     0.088545445      0.088545445       792.22912                 21.801896                        390.89861                          222.37234             157.15628
             10       396.52691        67.60146       3.1251858       0.9730216     0.022522343      0.11965458     0.060898238       1.0358526       1.0035024       2.2764125   2.2764125e-09       2.4217969      0.24594768      0.24727968       13.780542       2.0153729      0.68739767      0.31252325      0.14282179       147.01319       1.0281314      0.87702428      0.63204388      0.47257181      0.84533072       1.0410754       8.3012435       1.0358526       637.18529     0.088545445      0.088545445       792.87674                  21.97541                        390.70806                          224.50181             155.69145
              2         400.171        67.60146       3.1679596      0.97093779     0.022522343      0.11965458     0.060898238       1.0563455      0.99747534       2.3758957   2.3758957e-09       2.4217969      0.24594768      0.24727968       13.780542       2.1034483      0.68739767      0.31252325      0.14282179       147.01319        1.049526       0.8952745      0.64519624      0.48240568      0.86292141       1.0410754       8.3012435       1.0563455       635.21542     0.088545445      0.088545445       800.16491                 22.581186                        390.64032                          221.99391             164.94949
              2       401.70972       67.652432       3.1698566      0.97179861     0.022475844      0.11907206     0.065620093        1.055098       0.9963438       2.3804071   2.3804071e-09       2.4300293      0.24592774      0.24725966       13.793092        2.087634       0.6892429      0.31067814      0.14219277       147.21883       1.0477645      0.88935653      0.64340299      0.48035327      0.86179784       1.0407361       8.7579751        1.055098       634.85589     0.088545445      0.088545445       803.24234                 22.280485                        392.31077                          220.26464             168.38645
              2       401.29966       67.639714       3.1689071      0.97177482     0.022465201      0.11907543     0.064813603         1.05602      0.99762779       2.3781479   2.3781479e-09       2.4319196      0.24592318      0.24725508       13.794425       2.0890194      0.68914193      0.31077908       0.1421855       147.22979       1.0474202       0.8892406       0.6431833      0.48022825      0.86143361        1.040729       8.6834777         1.05602       635.62103     0.088545445      0.088545445       802.42222                  22.18699                        391.97684                           221.4572             166.80119
              1       399.52571       67.639714       3.0453565      0.97520134     0.022465201      0.11907543     0.064813603      0.99273343       1.0042867       2.1017523   2.1017523e-09       2.4319196      0.24592318      0.24725508       13.794425       1.8462273      0.68914193      0.31077908       0.1421855       147.22979      0.98595536      0.83705811      0.60543996      0.45204745      0.81088288        1.040729       8.6834777      0.99273343       638.35724     0.088545445      0.088545445       798.87433                   21.6109                        391.95829                          224.78805              160.5171
              2        399.8558       67.639714        3.036735      0.97339846     0.022465201      0.11907543     0.064813603      0.98658522       1.0060409       2.0837099   2.0837099e-09       2.4319196      0.24592318      0.24725508       13.794425       1.8303784      0.68914193      0.31077908       0.1421855       147.22979      0.98104226      0.83288697        0.602423      0.44979486      0.80684218        1.040729       8.6834777      0.98658522       635.89514     0.088545445      0.088545445       799.53451                 22.133615                        391.99792                           221.7636             163.63937
              4       398.73592       68.384481       3.0599666      0.97675338     0.022566612      0.11737214     0.064779134        1.001563       1.0049664       2.1326845   2.1326845e-09       2.4139974      0.24596666      0.24729873       13.771881        1.873528      0.69930152       0.3006212      0.14058362       147.57027      0.98085661      0.81262993      0.60060535      0.44472762      0.81111848       1.0408821        8.623923        1.001563       635.18395     0.088545445      0.088545445       797.29474                 21.435778                        391.72451                          222.02366             162.11079
              1       398.02643       68.430075       3.0644696      0.97614807     0.022679917      0.11760676      0.06296193       1.0047441       1.0042228       2.1423096   2.1423096e-09       2.3942001      0.24601502      0.24734726       13.758333       1.8888358      0.69895907      0.30096376      0.14093155       147.38139      0.98303207       0.8155392      0.60230954      0.44611651      0.81318843       1.0409771       8.4271858       1.0047441       635.77188     0.088545445      0.088545445       795.87576                 21.580314                        391.06158                          223.12999             160.10388
              4       396.40859       68.430075       3.0967821      0.97572601     0.022679917      0.11760676      0.06296193       1.0205303       1.0045798       2.2126636   2.2126636e-09       2.3942001      0.24601502      0.24734726       13.758333       1.9508656      0.69895907      0.30096376      0.14093155       147.38139      0.99888168      0.82868829      0.61202069      0.45330932      0.82629962       1.0409771       8.4271858       1.0205303       634.90868     0.088545445      0.088545445       792.64008                 21.710088                        391.11623                          222.08236              157.7314
              5       396.27484       68.411493       3.0960997      0.97560671     0.022679645       0.1176446     0.062281742       1.0208285      0.99998727       2.2111542   2.2111542e-09       2.3942473      0.24601491      0.24734715       13.758954       1.9521887      0.69871524      0.30120754      0.14096912        147.3716      0.99878103      0.82909623       0.6119998      0.45338562      0.82610418       1.0409629       8.3625423       1.0208285       634.72418     0.088545445      0.088545445        792.3726                  21.71079                        390.90776                          222.10562             157.64842
              3       396.99607       68.161583       3.0890439      0.97428566     0.022671092      0.11835579     0.062333135       1.0161622         0.99863       2.1956076   2.1956076e-09       2.3957335      0.24601127       0.2473435       13.761971       1.9382636      0.69498959      0.30493263      0.14167174       147.19191      0.99971698      0.83757033      0.61333518      0.45577327      0.82536662        1.040996       8.3822108       1.0161622       635.83395     0.088545445      0.088545445       793.81505                 21.957714                        390.91075                          222.96548              157.9811
              3       396.20134       68.166625        3.089181      0.97431097     0.022671394      0.11832955     0.062206632       1.0164012       1.0038748       2.1959086   2.1959086e-09       2.3956809       0.2460114      0.24734363       13.762229       1.9390199      0.69509051      0.30483172      0.14164581       147.19858       0.9996297      0.83727873      0.61325357      0.45567492      0.82532509       1.0409824       8.3694456       1.0164012       635.75866     0.088545445      0.088545445       792.22559                 21.947607                        390.89972                          222.91133             156.46693
              6       395.53956       67.993866       3.0815087       0.9736749     0.022610406      0.11867683     0.059414466       1.0149492       1.0038793       2.1791253   2.1791253e-09       2.4063174       0.2459854      0.24731753       13.769781       1.9349754      0.69291986      0.30700198       0.1419321        147.1741      0.99862476      0.84072724      0.61294638      0.45625515      0.82344992       1.0409917       8.1180868       1.0149492       634.69571     0.088545445      0.088545445       790.90203                 21.964717                        390.32771                          222.40328             156.20633
              2       395.10509       67.993866       3.1260049      0.97344152     0.022610406      0.11867683     0.059414466       1.0388531          1.0016       2.2782777   2.2782777e-09       2.4063174       0.2459854      0.24731753       13.769781       2.0230188      0.69291986      0.30700198       0.1419321        147.1741       1.0210004      0.85956496      0.62668034      0.46647821      0.84190053       1.0409917       8.1180868       1.0388531       635.01967     0.088545445      0.088545445       790.03309                 21.883154                        390.32421                          222.81231             155.01342
             10       394.98552       68.026659        3.127131      0.97367375     0.022607946      0.11862461     0.060867424       1.0366585       1.0026453       2.2808449   2.2808449e-09       2.4067479      0.24598435      0.24731648       13.768355       2.0194215      0.69333401       0.3065879      0.14187742       147.19066       1.0212617      0.85894823      0.62678034      0.46639525      0.84231903       1.0410406       8.2599387       1.0366585       634.45935     0.088545445      0.088545445       789.79395                 22.038753                        390.61063                          221.80997              155.3346
              8       394.71743       68.051812       3.1266825      0.97390015     0.022587639      0.11856024     0.059973954       1.0375449       1.0019429       2.2798221   2.2798221e-09       2.4103056      0.24597567      0.24730776       13.768423       2.0221262      0.69374351      0.30617846      0.14179275       147.23029       1.0208292      0.85771099      0.62642142      0.46597246      0.84211798       1.0410998       8.1764525       1.0375449       633.89379     0.088545445      0.088545445       789.25777                 21.959053                        390.38861                          221.54613             155.36398
              3        395.0918       68.059074        3.124634      0.97426283     0.022533635      0.11850193     0.059628999       1.0381643       1.0025313       2.2751567   2.2751567e-09        2.419804      0.24595253      0.24728454       13.770835       2.0193808      0.69405132      0.30587066      0.14168044       147.30589       1.0200167      0.85629853      0.62579883      0.46539231      0.84149259       1.0411987       8.1544332       1.0381643       634.24149     0.088545445      0.088545445        790.0065                 21.741568                        390.37754                          222.12238             155.76502
              1        396.4005       68.059074       3.0741036      0.97142968     0.022533635      0.11850193     0.059628999       1.0107246       1.0006973       2.1630484   2.1630484e-09        2.419804      0.24595253      0.24728454       13.770835       1.9198759      0.69405132      0.30587066      0.14168044       147.30589      0.99349471      0.83403347      0.60952711       0.4532914       0.8196125       1.0411987       8.1544332       1.0107246       634.09633     0.088545445      0.088545445       792.62391                 22.417511                        390.37128                          221.30753             158.52758
              2       396.52752       68.438729       3.0835349      0.97291002     0.022581599      0.11753445     0.051416333       1.0263484       1.0027805       2.1835453   2.1835453e-09       2.4113653      0.24597308      0.24730517       13.762224       1.9701648       0.6993995      0.30052334      0.14076092       147.51013      0.99158629      0.82160438      0.60736678      0.44969762      0.82031656       1.0411781       7.3040356       1.0263484       634.06997     0.088545445      0.088545445       792.87796                 21.779766                        391.07228                          221.21792             158.80799
              5       396.87405       68.438729       3.0818865      0.97320518     0.022581599      0.11753445     0.051416333       1.0258327        1.002596       2.1799488   2.1799488e-09       2.4113653      0.24597308      0.24730517       13.762224       1.9669197       0.6993995      0.30052334      0.14076092       147.51013      0.99088121      0.82102016       0.6069349      0.44937785      0.81973327       1.0411781       7.3040356       1.0258327        634.5635     0.088545445      0.088545445         793.571                 21.697947                        391.12135                           221.7442             159.00751
              3        396.2797       67.628137       3.0594905      0.96918314     0.022536387      0.11946838     0.052732764       1.0103795       1.0022902       2.1316694   2.1316694e-09       2.4193187      0.24595371      0.24728572       13.782836        1.918301      0.68802066      0.31190032      0.14264964        147.0468      0.99226121      0.84507419      0.60980879      0.45571953      0.81599919        1.040924       7.4775104       1.0103795       634.80234     0.088545445      0.088545445        792.3823                 22.476844                        390.44211                          221.88338             157.57996
              1       397.92191       67.628137       3.0628629      0.96956195     0.022536387      0.11946838     0.052732764       1.0121569       1.0064506       2.1388702   2.1388702e-09       2.4193187      0.24595371      0.24728572       13.782836       1.9247811      0.68802066      0.31190032      0.14264964        147.0468      0.99407849       0.8466219      0.61092563      0.45655416      0.81749365        1.040924       7.4775104       1.0121569        634.9064     0.088545445      0.088545445       795.66672                 22.396874                        390.46667                          222.04286             160.76032
              7       396.13494       67.872797       3.0740294      0.97107281     0.022569245      0.11889913     0.064358701       1.0059043       1.0032707       2.1628878   2.1628878e-09       2.4135347      0.24596779      0.24729986       13.775621       1.9016594      0.69143016       0.3084914      0.14211324       147.16087       0.9959157      0.84135654      0.61147853      0.45571359      0.82048463       1.0409711       8.6113236       1.0059043       635.51765     0.088545445      0.088545445       792.09279                 22.581108                        391.77733                          221.15921             156.57514
              2       396.26784       68.541478       3.0932191      0.97354916     0.022691099      0.11767148      0.05694108       1.0248307       1.0036125       2.2047939   2.2047939e-09       2.3922592      0.24601977      0.24735203       13.746408       1.9674768       0.6997753      0.30014778      0.14100745       147.35168      0.99609503      0.82503048      0.61039545       0.4517988      0.82466489        1.041348       7.8397379       1.0248307       634.89391     0.088545445      0.088545445       792.35858                 21.923319                        390.08318                          222.88741             157.46467
              3       396.39136       68.541478       3.0971751      0.97448155     0.022691099      0.11767148      0.05694108         1.02762       1.0021605       2.2135333   2.2135333e-09       2.3922592      0.24601977      0.24735203       13.746408       1.9752755       0.6997753      0.30014778      0.14100745       147.35168      0.99842408      0.82695955      0.61182267      0.45285519      0.82659311        1.041348       7.8397379         1.02762       635.78371     0.088545445      0.088545445       792.60562                 21.688113                        390.13337                          223.96222             156.82191
              1       398.47049       68.243166         3.08965      0.97300226     0.022682381        0.118316     0.058200647       1.0214224       1.0073212       2.1969387   2.1969387e-09       2.3937721      0.24601607      0.24734831       13.755513       1.9555346      0.69577961      0.30414279      0.14164324       147.18999      0.99889854      0.83543297      0.61280224      0.45508207       0.8251843       1.0411674       7.9764464       1.0214224       635.75432     0.088545445      0.088545445       796.76389                 21.991026                        390.15056                          223.61274             161.00957
              1       398.30791       68.243166       3.0821341      0.97318401     0.022682381        0.118316     0.058200647       1.0182058      0.99736512       2.1804887   2.1804887e-09       2.3937721      0.24601607      0.24734831       13.755513       1.9408922      0.69577961      0.30414279      0.14164324       147.18999      0.99522092      0.83235718       0.6105461      0.45340661      0.82214625       1.0411674       7.9764464       1.0182058       637.24208     0.088545445      0.088545445       796.43872                 21.888646                        390.19526                          225.15818             159.19664
              7       397.29931       67.786291       3.0669686      0.97102746     0.022618332      0.11961322     0.057379605       1.0084848       1.0005137       2.1476699   2.1476699e-09       2.4049312      0.24598879      0.24732093       13.762615       1.9148212      0.68898119      0.31094016      0.14287642        146.9178      0.99616197      0.84703411      0.61244924      0.45734012      0.82016436        1.041336       7.9315506       1.0084848       637.75832     0.088545445      0.088545445       794.42153                  22.42034                        390.12934                          225.20864             156.66321
              3       396.71335       67.786291       3.0976025      0.97145893     0.022618332      0.11961322     0.057379605       1.0245616       1.0000522       2.2144795   2.2144795e-09       2.4049312      0.24598879      0.24732093       13.762615       1.9743874      0.68898119      0.31094016      0.14287642        146.9178       1.0117037      0.86024919      0.62200442      0.46447536      0.83296024        1.041336       7.9315506       1.0245616       637.85342     0.088545445      0.088545445        793.2496                 22.277036                        390.13975                          225.43663             155.39619
              2       396.72203        68.11311       3.1110519      0.97298865      0.02269454      0.11841419       0.0603468       1.0284204       1.0011041       2.2444642   2.2444642e-09       2.3916623      0.24602123      0.24735349       13.764046       1.9892809      0.69437887      0.30554324       0.1417536       147.15041        1.010607      0.84791817      0.62010586      0.46103511      0.83406071       1.0408531       8.1849417       1.0284204       636.51606     0.088545445      0.088545445       793.26698                 22.239127                        390.47725                          223.79968             156.75092
              1        395.8501       68.099347       3.1097267      0.97303284     0.022673425       0.1183919       0.0595994       1.0291663       1.0002411       2.2414918   2.2414918e-09        2.395328      0.24601227       0.2473445       13.766448       1.9896184      0.69434893      0.30557314      0.14171019       147.17975       1.0100602       0.8474484      0.61972288      0.46076165       0.8335252       1.0408429       8.1164772       1.0291663       634.95593     0.088545445      0.088545445       791.52311                 22.126726                        390.32856                          222.50064             156.56718
              4       399.82954       67.629844       3.0941291      0.97083412     0.022606097      0.11967387     0.058528905       1.0236628       1.0010071        2.206801    2.206801e-09       2.4070716      0.24598356      0.24731569       13.775221        1.963024      0.68743474      0.31248625      0.14292483       146.91536       1.0107621      0.86229692      0.62147816      0.46465819      0.83122413       1.0409644       8.0486352       1.0236628       643.60412     0.088545445      0.088545445       799.48199                 22.139082                        390.23103                          231.23401             155.87787
              3       400.24157       67.629844       3.0835058      0.97095003     0.022606097      0.11967387     0.058528905       1.0182024      0.99823751       2.1834817   2.1834817e-09       2.4070716      0.24598356      0.24731569       13.775221       1.9422807      0.68743474      0.31248625      0.14292483       146.91536       1.0054518      0.85776661      0.61821305      0.46221698      0.82685707       1.0409644       8.0486352       1.0182024       643.53449     0.088545445      0.088545445       800.30606                 22.123744                        390.20817                          231.20257             156.77157
              3       395.49642       67.681403        3.083943      0.97112735     0.022606042      0.11949867     0.055192273       1.0201547       1.0014921       2.1844366   2.1844366e-09       2.4070812      0.24598354      0.24731566       13.775379       1.9561405      0.68829335      0.31162776      0.14274958        146.9616       1.0045947       0.8552419      0.61749666      0.46136394      0.82646712       1.0409352       7.7126609       1.0201547       636.34139     0.088545445      0.088545445       790.81576                 22.222357                        390.11309                          224.00595             154.47437
              3        396.4317       67.565506       3.0795158      0.97081588     0.022562348      0.11966894     0.055591565        1.016252       1.0055772        2.174787    2.174787e-09        2.414747      0.24596484      0.24729689       13.782273       1.9459448      0.68694582      0.31297502      0.14287615        146.9651       1.0039813      0.85730968      0.61725634      0.46168204      0.82525496         1.04088       7.7651909        1.016252       635.52371     0.088545445      0.088545445        792.6863                 22.408611                        390.08742                          223.02767             157.16259
             10       396.93285       67.565506       3.0828151      0.97187486     0.022562348      0.11966894     0.055591565       1.0184657      0.99776138       2.1819742   2.1819742e-09        2.414747      0.24596484      0.24729689       13.782273       1.9523757      0.68694582      0.31297502      0.14287615        146.9651        1.006043      0.85907014      0.61852387      0.46263009       0.8269496         1.04088       7.7651909       1.0184657       635.67975     0.088545445      0.088545445       793.68861                 22.149226                        390.09813                          223.43239             158.00886
              1       397.02004       67.565506       3.0687613      0.96626399     0.022562348      0.11966894     0.055591565       1.0116811       1.0012277       2.1515236   2.1515236e-09        2.414747      0.24596484      0.24729689       13.782273       1.9251292      0.68694582      0.31297502      0.14287615        146.9651      0.99687691      0.85124316       0.6128885      0.45841508      0.81941527         1.04088       7.7651909       1.0116811       635.42105     0.088545445      0.088545445       793.86299                 23.194419                        389.99164                          222.23499             158.44194
              3       396.75356       68.041348        3.078991      0.96919134     0.022519318      0.11842367     0.055790931       1.0184334       1.0016136        2.173646    2.173646e-09       2.4223312      0.24594639      0.24727838       13.774932       1.9441485      0.69409189      0.30583006      0.14158785       147.34265      0.99484331       0.8349571      0.61025477      0.45381748      0.82061819       1.0410998       7.7751629       1.0184334        632.9804     0.088545445      0.088545445       793.33002                 22.552268                        390.04827                          220.37986             160.34963
              1       397.77329       68.166095       3.0831397      0.96966883     0.022550951      0.11817514     0.055750574       1.0208882      0.99846563       2.1826825   2.1826825e-09       2.4167524      0.24595995      0.24729199       13.769761       1.9523884      0.69567729      0.30424493      0.14137096       147.37348      0.99498727       0.8319431       0.6101092      0.45312019      0.82148896       1.0411268       7.7600929       1.0208882       633.30659     0.088545445      0.088545445       795.36949                 22.466597                        390.06846                          220.77153              162.0629
              2       397.98584       67.972519       3.0732846      0.96851814     0.022541281      0.11896918     0.051510834       1.0180193       1.0018973       2.1612776   2.1612776e-09       2.4184558      0.24595581      0.24728783       13.765613       1.9497046      0.69224381      0.30767797      0.14215532       147.17342      0.99479069      0.83902718      0.61083301      0.45493212      0.82015964       1.0414139       7.3443207       1.0180193       636.08926     0.088545445      0.088545445       795.79459                 22.749021                        390.70462                          222.63562             159.70533
              2       399.29463       67.981734       3.0735396      0.96855962     0.022542764      0.11895126     0.051531935       1.0169597       1.0027517       2.1618287   2.1618287e-09       2.4181945      0.24595644      0.24728847        13.76524       1.9501194      0.69236279      0.30755902      0.14213889       147.17653      0.99478835       0.8387901      0.61081392      0.45487392       0.8202133       1.0414186       7.3459216       1.0169597       638.78833     0.088545445      0.088545445       798.41217                  22.90389                        390.66643                          225.21801             159.62384
              3       397.30369       68.411717       3.0879485      0.97123687     0.022530008      0.11760142     0.058446513       1.0199209       1.0025067       2.1932038   2.1932038e-09       2.4204438      0.24595097      0.24728298       13.764197       1.9512503      0.69912921      0.30079357      0.14077629       147.54981      0.99402555      0.82412931      0.60887751      0.45091748      0.82217221       1.0413014       8.0237452       1.0199209       634.58712     0.088545445      0.088545445       794.43028                 22.425221                        390.14559                          222.01631             159.84316
              4       400.29469       68.411717       3.1976619       0.9783429     0.022530008      0.11760142     0.058446513       1.0771691       1.0014411       2.4475239   2.4475239e-09       2.4204438      0.24595097      0.24728298       13.764197       2.1775139      0.69912921      0.30079357      0.14077629       147.54981       1.0529383      0.87297283      0.64496374      0.47764192      0.87089974       1.0413014       8.0237452       1.0771691       635.42948     0.088545445      0.088545445       800.41228                 21.293034                        390.23989                          223.89655              164.9828
              3       398.27646       68.411717       3.1711299      0.98123127     0.022530008      0.11760142     0.058446513       1.0647318       1.0036387         2.38344     2.38344e-09       2.4204438      0.24595097      0.24728298       13.764197       2.1204997      0.69912921      0.30079357      0.14077629       147.54981       1.0402148      0.86242405      0.63717016      0.47187022      0.86037601       1.0413014       8.0237452       1.0647318       636.76496     0.088545445      0.088545445       796.37583                 20.782685                        390.33218                          225.65009             159.61087
              7       400.10111       68.687332       3.1775485      0.98223465     0.022610281       0.1173324     0.059802638       1.0667999       1.0037201       2.3987875   2.3987875e-09       2.4063394      0.24598535      0.24731748       13.744962       2.1283736      0.70193897      0.29798443      0.14058755       147.53214        1.040584      0.85719685      0.63718255      0.47077378      0.86241336       1.0416272        8.134352       1.0667999       638.25748     0.088545445      0.088545445       800.02513                 20.733569                        390.40748                          227.11643             161.76765
              1         397.155       68.687332       3.1307888      0.97856935     0.022610281       0.1173324     0.059802638       1.0423201       1.0029644       2.2892029   2.2892029e-09       2.4063394      0.24598535      0.24731748       13.744962       2.0311424      0.70193897      0.29798443      0.14058755       147.53214       1.0151033      0.83620668      0.62157986      0.45924595      0.84129545       1.0416272        8.134352       1.0423201       636.27952     0.088545445      0.088545445       794.13292                 21.163374                        390.39268                          224.72346              157.8534
              2       398.69366       68.687332       3.1516439      0.97675476     0.022610281       0.1173324     0.059802638       1.0514079       1.0059684       2.3374457   2.3374457e-09       2.4063394      0.24598535      0.24731748       13.744962       2.0739469      0.70193897      0.29798443      0.14058755       147.53214        1.025028      0.84438231      0.62765708      0.46373601      0.84952084       1.0416272        8.134352       1.0514079       636.19858     0.088545445      0.088545445       797.21023                 21.603344                        390.35924                            224.236             161.01165
              4       397.14299       68.682772       3.1550047      0.97626132     0.022677456      0.11736377     0.058826024       1.0539767       1.0028539       2.3453147   2.3453147e-09       2.3946275      0.24601398      0.24734622       13.742679       2.0849972      0.70169051      0.29823288      0.14068609       147.44894       1.0261971      0.84595166      0.62848308      0.46444305      0.85046159       1.0414748       8.0236243       1.0539767       635.68223     0.088545445      0.088545445       794.10888                 21.683492                        390.18995                          223.80879             158.42665
              9       398.40842       68.897493        3.163145      0.97721713     0.022716211      0.11679205     0.059459174       1.0591042       1.0076683       2.3644842   2.3644842e-09       2.3879089      0.24603041      0.24736271       13.738272       2.0993789      0.70466976      0.29525411      0.14015313       147.55872        1.026275       0.8397165      0.62793465      0.46287469      0.85185458       1.0414012       8.0667691       1.0591042       634.34359     0.088545445      0.088545445       796.63975                 21.470833                        390.26642                          222.60634             162.29616
              6       396.17027       68.622817       3.1570161       0.9764345      0.02263372       0.1171018     0.065572914       1.0504798       1.0006283       2.3500367   2.3500367e-09       2.4022433      0.24599536      0.24732753       13.756322       2.0611934       0.7018182      0.29810506      0.14038038        147.5677       1.0264132      0.84543413      0.62827363      0.46423851      0.85026929       1.0411294       8.6782525       1.0504798       634.87834     0.088545445      0.088545445       792.16345                 21.569876                        391.91745                          221.39101             157.28511
              7       396.43342       68.680484       3.1593201      0.97667455     0.022649258      0.11696903      0.06642405       1.0497706       1.0039421       2.3554575   2.3554575e-09       2.3995336      0.24600198      0.24733417       13.754427       2.0624341      0.70256725      0.29735614      0.14026315       147.58592       1.0265636       0.8440003      0.62823444      0.46391773      0.85075109       1.0411187       8.7522755       1.0497706       635.01423     0.088545445      0.088545445       792.68975                 21.682563                         392.2696                          221.06206             157.67552
              5       397.44183       68.117531       3.1408398      0.97500225       0.0224301      0.11770533     0.064794486       1.0414173       1.0040552       2.3123278   2.3123278e-09       2.4381692      0.24590814      0.24723999       13.790222       2.0312792      0.69651618      0.30340593      0.14078029       147.63369       1.0247539      0.85440064      0.62770422      0.46586606      0.84576369       1.0407927        8.665146       1.0414173       633.21578     0.088545445      0.088545445       794.70657                 21.790366                        391.84032                          219.58509             161.49078
              9       395.10153       67.942082       3.1326637      0.97336014     0.022497618      0.11868391     0.058092476       1.0425481       1.0038677       2.2934989   2.2934989e-09       2.4261692      0.24593708      0.24726904       13.777262       2.0419263      0.69268059      0.30724112      0.14182639       147.29767       1.0255573      0.86367758       0.6293601      0.46856413        0.845336       1.0411348       8.0140871       1.0425481       632.86753     0.088545445      0.088545445       790.02596                 21.970815                        390.15355                          220.74316             157.15843
              2       395.33714       68.025148       3.1336008      0.97381723      0.02249479      0.11854935     0.057528211       1.0438038        1.003602       2.2956493   2.2956493e-09         2.42667      0.24593587      0.24726782       13.773616       2.0461486      0.69372756      0.30619434      0.14168901       147.33652       1.0251517      0.86121426      0.62895878      0.46786599      0.84551807       1.0412474       7.9566544       1.0438038       633.19863     0.088545445      0.088545445       790.49719                 21.881195                        390.16721                          221.15022             157.29856
             11       397.94894       69.140047       3.1712015      0.97834713      0.02273874      0.11610651      0.05681163       1.0693875       1.0017537       2.3836107   2.3836107e-09       2.3840164      0.24603992      0.24737226       13.735028        2.127597       0.7081252      0.29179921      0.13949012       147.71759       1.0257111      0.83187191      0.62684609      0.46071457      0.85288386       1.0413248       7.7906654       1.0693875       636.95518     0.088545445      0.088545445       795.72078                 21.038606                        390.18685                          225.72972             158.76561
              6       397.58944       69.140047       3.1527297      0.97400555      0.02273874      0.11610651      0.05681163       1.0577489       1.0043037       2.3399852   2.3399852e-09       2.3840164      0.24603992      0.24737226       13.735028       2.0886571       0.7081252      0.29179921      0.13949012       147.71759       1.0145816      0.82284565      0.62004447      0.45571556       0.8436296       1.0413248       7.7906654       1.0577489        635.2603     0.088545445      0.088545445       795.00178                 21.850127                        390.06427                          223.34591             159.74148
              1       398.14667       69.063024       3.1488539      0.97370292     0.022713947      0.11632715      0.05549722       1.0574978       1.0038718       2.3309333   2.3309333e-09       2.3883006      0.24602945      0.24736174       13.736452       2.0860542       0.7070632      0.29286104      0.13968597       147.68596       1.0142821      0.82483652      0.62007893      0.45615493      0.84291072       1.0413978       7.6696692       1.0574978       635.64984     0.088545445      0.088545445       796.11625                 21.791421                        390.21812                           223.6403             160.46641
             11       401.13644       69.821761       3.1706358      0.97730788     0.022781028      0.11446507     0.049821708        1.077014       1.0018562       2.3822626   2.3822626e-09       2.3767357      0.24605771       0.2473901       13.719054       2.1563291      0.71707715      0.28284873      0.13789097       148.11389       1.0122674      0.80219572       0.6168495      0.44985005      0.84584476       1.0414481        7.054949        1.077014        640.6661     0.088545445      0.088545445        802.0958                  21.17972                        392.38596                          227.10041              161.4297
              3       401.55016       69.600766       3.1668772      0.97617758     0.022766376      0.11480035     0.049084572       1.0762358      0.99989208       2.3733254   2.3733254e-09       2.3792545      0.24605156      0.24738393       13.729613       2.1514089      0.71461577      0.28530963      0.13821159       148.03932       1.0129241      0.80771768      0.61760818      0.45137983      0.84505296       1.0412001       6.9865758       1.0762358       639.88932     0.088545445      0.088545445       802.92322                 21.229229                        392.72288                          225.93721             163.03391
              3       400.74758       69.567223       3.1658612      0.97608326     0.022750854      0.11482162     0.048524446       1.0747893        1.000984       2.3709154   2.3709154e-09       2.3819272      0.24604503      0.24737738       13.732401       2.1516333      0.71432862      0.28559671      0.13821734       148.05096       1.0127657       0.8081278      0.61751797      0.45142738      0.84471712       1.0411639       6.9321125       1.0747893       640.14905     0.088545445      0.088545445       801.31807                 21.361797                        393.05095                          225.73631             161.16902
              6       400.77983       69.567223       3.1351596      0.97607138     0.022750854      0.11482162     0.048524446       1.0589788       1.0026406       2.2992305   2.2992305e-09       2.3819272      0.24604503      0.24737738       13.732401       2.0865784      0.71432862      0.28559671      0.13821734       148.05096      0.99733301      0.79581346      0.60810816      0.44454848      0.83184523       1.0411639       6.9321125       1.0589788       639.84888     0.088545445      0.088545445       801.38257                 21.310694                        393.06253                          225.47566             161.53369
              3       401.00452       69.481479       3.1357711      0.97531497     0.022805086      0.11509131     0.051376979       1.0558742       1.0056428       2.3006368   2.3006368e-09       2.3726091      0.24606777       0.2474002       13.731025       2.0759773      0.71295215      0.28697299      0.13854126       147.91722      0.99879848      0.79994512      0.60935819        0.445998      0.83255398       1.0410655        7.216906       1.0558742        638.1398     0.088545445      0.088545445       801.83194                 21.495334                        391.41809                          225.22637             163.69215
              1       401.49945       69.533185       3.1360558      0.97571432     0.022781209      0.11491694      0.04965779        1.058084       1.0057276       2.3012921   2.3012921e-09       2.3767047      0.24605778      0.24739018       13.731933       2.0837208      0.71378893      0.28613633      0.13834302       147.99113      0.99808031      0.79756874       0.6087021      0.44519272      0.83226485       1.0410894       7.0439511        1.058084       639.05324     0.088545445      0.088545445       802.82181                 21.391904                        392.32692                          225.33441             163.76858
              1       400.94786       69.533185       3.1478623      0.97622509     0.022781209      0.11491694      0.04965779       1.0652743       1.0000381       2.3286232   2.3286232e-09       2.3767047      0.24605778      0.24739018       13.731933        2.108468      0.71378893      0.28613633      0.13834302       147.99113       1.0041878      0.80244927      0.61242691      0.44791697      0.83735769       1.0410894       7.0439511       1.0652743       639.04741     0.088545445      0.088545445       801.71863                 21.234759                        392.35943                          225.45322             162.67122
              1       402.01876       69.877661       3.1593132      0.97789687     0.022821859      0.11402955     0.050671721       1.0706021       1.0018794       2.3554413   2.3554413e-09       2.3697387      0.24607476      0.24740722       13.725034       2.1284301      0.71833793      0.28158806      0.13749628       148.18652       1.0036771      0.79251386      0.61117664      0.44521553      0.83900237       1.0410316       7.1260931       1.0706021       640.35327     0.088545445      0.088545445       803.86042                 21.101938                         391.9875                          227.26383             163.50715
              2       401.70213       69.475292       3.1487142      0.97639669     0.022720408      0.11462224     0.051767496        1.063444       1.0020522       2.3306079   2.3306079e-09       2.3871831      0.24603218      0.24736449       13.746823       2.1013797      0.71404826      0.28587687      0.13798751        148.1392       1.0037203       0.8010874      0.61174815      0.44731908      0.83661936       1.0407518       7.2661281        1.063444       637.44377     0.088545445      0.088545445       803.22716                 21.260576                        391.35767                          224.82553             165.78339
              3       402.81641       69.426206       3.1485791      0.97618599     0.022713169      0.11462599     0.051910709       1.0632538       1.0032106        2.330293    2.330293e-09       2.3884354      0.24602912      0.24736141       13.751243       2.1004941      0.71365101      0.28627402      0.13798402       148.14632       1.0038557      0.80191365      0.61182677      0.44753186      0.83643653       1.0406293       7.2819199       1.0632538        637.3933     0.088545445      0.088545445       805.45572                   21.2822                        391.28032                          224.83078             168.06242
              2       400.82943        69.01115       3.1359362      0.97430235     0.022660406       0.1156225      0.05433608       1.0513653       1.0042011       2.3010168   2.3010168e-09       2.3975922      0.24600673      0.24733894       13.761841       2.0640683      0.70821463      0.29170949      0.13892777       147.93564       1.0046387      0.81379667      0.61334832      0.45075942      0.83458301       1.0406202       7.5525664       1.0513653       636.26837     0.088545445      0.088545445       801.48178                 21.757338                        390.40606                          224.10497             165.21341
              2       401.30253       69.284689       3.1470042      0.97526843     0.022765168      0.11513871     0.059937939       1.0526845        1.004021       2.3266259   2.3266259e-09       2.3794624      0.24605105      0.24738342       13.748137       2.0637882      0.71130364      0.28862108      0.13854874        147.9491       1.0058147       0.8085795      0.61364701      0.44978051      0.83721425       1.0406374       8.0721838       1.0526845       636.26995     0.088545445      0.088545445       802.42798                 21.682522                        390.31106                          224.27637             166.15803
              3       400.73041       69.284689       3.1270874      0.97844329     0.022765168      0.11513871     0.059937939       1.0427767       1.0044134       2.2807454   2.2807454e-09       2.3794624      0.24605105      0.24738342       13.748137       2.0230908      0.71130364      0.28862108      0.13854874        147.9491      0.99706763      0.80154769      0.60831043        0.445869      0.82993342       1.0406374       8.0721838       1.0427767       635.07968     0.088545445      0.088545445       801.28374                 21.163846                        390.28134                          223.63449             166.20406
              2       397.82159       68.912876       3.1097615      0.97632919     0.022723072       0.1164003     0.048882488       1.0440911       1.0007981       2.2415697   2.2415697e-09       2.3867225      0.24603331      0.24736562       13.747439       2.0327944      0.70561207      0.29431184      0.13976824       147.65611      0.99660587      0.81318892      0.60936227      0.44882547       0.8273202       1.0410085       6.9968765       1.0440911       636.64776     0.088545445      0.088545445       795.46609                 21.214373                         392.6489                          222.78449             158.81833
              1       397.48666       68.719627        3.102932      0.97500674     0.022762727      0.11723379     0.050217783       1.0379162       1.0009399       2.2263131   2.2263131e-09       2.3798824      0.24605002      0.24738239       13.740643       2.0135741      0.70210505      0.29781843      0.14064139       147.38882      0.99779163      0.82172695      0.61103789      0.45139426      0.82714234       1.0412266       7.1392203       1.0379162       637.60982     0.088545445      0.088545445       794.79622                 21.474323                         391.7947                           224.3408              157.1864
              1       397.33194       68.719627       3.1556703      0.97848532     0.022762727      0.11723379     0.050217783       1.0649611       1.0011703       2.3468762   2.3468762e-09       2.3798824      0.24605002      0.24738239       13.740643       2.1226167      0.70210505      0.29781843      0.14064139       147.38882       1.0258235      0.84481249      0.62820435       0.4640757      0.85038002       1.0412266       7.1392203       1.0649611       637.04476     0.088545445      0.088545445       794.48679                 21.066134                        392.01114                          223.96748             157.44203
              8       400.38807       68.747037       3.1566276      0.97864207     0.022765923      0.11716802      0.05117022       1.0630902      0.99849516       2.3491239   2.3491239e-09       2.3793324      0.24605137      0.24738374        13.73993       2.1206063      0.70247496      0.29744858      0.14057881       147.40282        1.025861      0.84406734      0.62815742       0.4638969       0.8505807       1.0412295        7.235216       1.0630902       637.75627     0.088545445      0.088545445       800.59906                 21.188238                        391.51148                          225.05655             162.84279
              5       398.67373       68.747037       3.1520754      0.97947242     0.022765923      0.11716802      0.05117022       1.0631176      0.99837305       2.3384547   2.3384547e-09       2.3793324      0.24605137      0.24738374        13.73993       2.1109749      0.70247496      0.29744858      0.14057881       147.40282        1.023856      0.84241765      0.62692972      0.46299023      0.84891828       1.0412295        7.235216       1.0631176       638.56035     0.088545445      0.088545445       797.17038                 20.881517                        391.63235                          226.04649             158.61002
              5       398.99164       68.926779        3.155457         0.98061     0.022752388      0.11676854     0.053271572       1.0630473      0.99759083       2.3463758   2.3463758e-09       2.3816629      0.24604568      0.24737803       13.735344       2.1092423      0.70489401      0.29502992      0.14016579       147.52472       1.0231252      0.83674495      0.62602156      0.46137686      0.84942057       1.0413697       7.4454926       1.0630473       637.22541     0.088545445      0.088545445        797.8062                  20.79254                        390.90567                           225.5272             160.58079
              2       397.80503       68.926779       3.1183302      0.97575395     0.022752388      0.11676854     0.053271572       1.0424103       0.9981969       2.2608595   2.2608595e-09       2.3816629      0.24604568      0.24737803       13.735344       2.0323686      0.70489401      0.29502992      0.14016579       147.52472       1.0024296      0.81981941       0.6133585       0.4520442      0.83223863       1.0413697       7.4454926       1.0424103       635.37902     0.088545445      0.088545445       795.43297                 21.520089                        390.67737                          223.18157             160.05395
              4       397.26531       68.859521       3.1143295      0.97554889     0.022717826      0.11694159     0.051139768       1.0423686      0.99992992       2.2518326   2.2518326e-09       2.3876295      0.24603109      0.24736339       13.737494        2.032903      0.70402517      0.29589861      0.14030428       147.51687       1.0018693      0.82113123      0.61316703      0.45223537      0.83136754       1.0414443       7.2390729       1.0423686       635.98338     0.088545445      0.088545445       794.35354                 21.498295                        391.38816                          223.09692             158.37016
              1       396.81641       68.867168       3.1146077      0.97557519     0.022720057      0.11692536     0.051095582       1.0425754       1.0029052       2.2524592   2.2524592e-09       2.3872437      0.24603204      0.24736434       13.737202       2.0336484       0.7041204       0.2958034      0.14029029       147.51873       1.0018791      0.82094704      0.61315774      0.45219213      0.83142183       1.0414439        7.233852       1.0425754       636.01287     0.088545445      0.088545445       793.45572                 21.494144                        391.40062                          223.11811             157.44285
              4       399.68953       68.867168       3.2104685      0.97558273     0.022720057      0.11692536     0.051095582       1.0936504       1.0001584       2.4790697   2.4790697e-09       2.3872437      0.24603204      0.24736434       13.737202       2.2382453       0.7041204       0.2958034      0.14029029       147.51873        1.051072      0.86125608      0.64326419      0.47439507      0.87224519       1.0414439        7.233852       1.0936504       635.27866     0.088545445      0.088545445       799.20196                 21.505558                        391.35575                          222.41736              163.9233
              1       401.46273       68.867168       3.2090686       0.9758888     0.022720057      0.11692536     0.051095582       1.0938652      0.99716971       2.4756018   2.4756018e-09       2.3872437      0.24603204      0.24736434       13.737202       2.2351143       0.7041204       0.2958034      0.14029029       147.51873       1.0504603      0.86075484      0.64288982      0.47411898      0.87173755       1.0414439        7.233852       1.0938652       636.01286     0.088545445      0.088545445       802.74837                 21.369184                        391.44902                          223.19466             166.73551
              2       400.39177       68.867168       3.1823362      0.97491684     0.022720057      0.11692536     0.051095582       1.0799933       1.0048576       2.4102996   2.4102996e-09       2.3872437      0.24603204      0.24736434       13.737202       2.1761558       0.7041204       0.2958034      0.14029029       147.51873       1.0361255      0.84900882      0.63411682      0.46764906      0.85984166       1.0414439        7.233852       1.0799933       637.52202     0.088545445      0.088545445       800.60644                  21.44673                        391.36699                          224.70831             163.08442
              1       400.42363       68.854705       3.1821477        0.974823     0.022725271      0.11697425     0.051489817       1.0794101       1.0048417       2.4098454   2.4098454e-09       2.3863423      0.24603424      0.24736655       13.736824       2.1740308      0.70389916      0.29602461      0.14034439       147.49983       1.0362811      0.84963093       0.6342732      0.46785181      0.85989298       1.0414459        7.273781       1.0794101       637.54902     0.088545445      0.088545445       800.67017                 21.469942                        391.21775                          224.86133             163.12115
              7       398.35811       68.800532       3.1805251      0.97454392     0.022720539      0.11710501     0.051109786       1.0762632       1.0007724       2.4059384   2.4059384e-09       2.3871605      0.24603224      0.24736454       13.738165       2.1721565      0.70316646      0.29675719      0.14047041       147.47013       1.0363508       0.8512452      0.63445817      0.46827751      0.85961241       1.0414373       7.2378675       1.0762632       636.40497     0.088545445      0.088545445       796.53913                  21.75705                        391.32261                           223.3253             160.13416
              6       398.62225       69.188416       3.1907516      0.97658857     0.022736321       0.1161708     0.051202038        1.083829       1.0013413        2.430669    2.430669e-09       2.3844339       0.2460389      0.24737123       13.729079       2.1940792      0.70840391       0.2915206      0.13955199       147.70297       1.0352798      0.83920418      0.63276399      0.46495301      0.86114135       1.0415433       7.2303316        1.083829       636.20158     0.088545445      0.088545445        797.0674                 21.354686                        391.44691                          223.39998             160.86582
              2       397.92666       68.846006       3.1802761      0.97515294     0.022659101      0.11680009      0.04888589       1.0801255       1.0012763       2.4053394   2.4053394e-09       2.3978194      0.24600617      0.24733838       13.744154       2.1812961       0.7043314      0.29559236      0.14010405        147.6202       1.0350321      0.84743805      0.63323733      0.46691713      0.85880232       1.0414033       7.0165707       1.0801255       635.85297     0.088545445      0.088545445       795.67623                 21.474689                        392.46892                          221.90936             159.82326
              6       397.48463       68.846006       3.1097546      0.97574721     0.022659101      0.11680009      0.04888589       1.0434862       1.0021236       2.2415542   2.2415542e-09       2.3978194      0.24600617      0.24733838       13.744154       2.0327666       0.7043314      0.29559236      0.14010405        147.6202       0.9994004      0.81826438      0.61143767      0.45084317      0.82923742       1.0414033       7.0165707       1.0434862         636.999     0.088545445      0.088545445       794.79217                 21.312901                        392.60003                          223.08607             157.79316
              1       396.52503       69.075667       3.1199968      0.97691762     0.022718503      0.11624654     0.059436614       1.0385458       1.0021622       2.2646307   2.2646307e-09       2.3875124      0.24603138      0.24736368       13.737419       2.0108117      0.70732981      0.29259445      0.13960991       147.70252       1.0004458      0.81299235      0.61153685      0.44976862      0.83148823       1.0413369       8.0546156       1.0385458       635.00641     0.088545445      0.088545445       792.87296                 21.369808                        390.25445                          223.38215             157.86656
              8       396.42166       68.706417       3.1136698      0.97499173     0.022695537      0.11680744     0.057206547       1.0367052       1.0043812       2.2503477   2.2503477e-09       2.3914895      0.24602165      0.24735392       13.755288       2.0070613      0.70303602      0.29688743      0.14014784       147.57761       1.0013747      0.82227819      0.61269343      0.45226312      0.83003283       1.0409039       7.8498861       1.0367052       633.34727     0.088545445      0.088545445       792.66623                  21.60364                        390.14751                          221.59612             159.31896
              2       396.24668       68.706417       3.1188512      0.97629832     0.022695537      0.11680744     0.057206547       1.0395068       1.0045002       2.2620379   2.2620379e-09       2.3914895      0.24602165      0.24735392       13.755288       2.0174877      0.70303602      0.29688743      0.14014784       147.57761       1.0044759       0.8248247      0.61459088      0.45366373      0.83260336       1.0409039       7.8498861       1.0395068         633.411     0.088545445      0.088545445       792.31626                 21.396321                        390.14436                          221.87032             158.90526
              4       396.99576       68.706417       3.1402573      0.97871404     0.022695537      0.11680744     0.057206547       1.0514452       1.0040625       2.3109812   2.3109812e-09       2.3914895      0.24602165      0.24735392       13.755288       2.0611397      0.70303602      0.29688743      0.14014784       147.57761       1.0162271      0.83447424      0.62178092       0.4589711       0.8423439       1.0409039       7.8498861       1.0514452       635.34376     0.088545445      0.088545445       793.81443                 21.002697                        390.22157                          224.11949             158.47067
              1       400.09263       68.427274       3.1287778      0.97777065     0.022627743      0.11761179     0.063329767       1.0382165       1.0083908       2.2846041   2.2846041e-09       2.4032869      0.24599281      0.24732497       13.759867       2.0128129      0.69903511      0.30088771       0.1408844       147.43807       1.0162538      0.84289148       0.6226126      0.46112537      0.84065305       1.0411084       8.4753329       1.0382165       637.16038     0.088545445      0.088545445       800.00817                 21.244454                        391.15467                          224.76126             162.84779
              2       402.40611       67.619378       3.0936342      0.97431363     0.022418208      0.11972966     0.050700279       1.0289662       1.0096723       2.2057093   2.2057093e-09        2.440292      0.24590305      0.24723488       13.779734       1.9930151      0.68762687       0.3122941      0.14279274       147.10896       1.0137259       0.8642799      0.62315644      0.46584134        0.833597       1.0414756         7.29789       1.0289662       638.47626     0.088545445      0.088545445       804.63513                 21.628264                        391.29429                          225.55371             166.15888
              1       402.53175       67.748181       3.0959767      0.97536643     0.022370972      0.11927069      0.05138668        1.030535       1.0095762       2.2108822   2.2108822e-09       2.4487522      0.24588286      0.24721462       13.782003       1.9949486      0.68991641      0.31000486      0.14228653       147.28311       1.0126978      0.85852156      0.62197197      0.46410146       0.8335443       1.0415002       7.3724219        1.030535       638.13398     0.088545445      0.088545445       804.88642                 21.417259                        391.11217                          225.60455             166.75244
              1       401.97665       67.748181       3.0680491      0.97533237     0.022370972      0.11927069      0.05138668       1.0161504      0.99781106       2.1499917   2.1499917e-09       2.4487522      0.24588286      0.24721462       13.782003       1.9400051      0.68991641      0.31000486      0.14228653       147.28311      0.99864198      0.84660565      0.61333926      0.45765993      0.82197506       1.0415002       7.3724219       1.0161504       638.31039     0.088545445      0.088545445       803.77621                 21.431165                        391.11217                          225.76706             165.46582
              1       401.81285       67.748181       3.0656315      0.97224109     0.022370972      0.11927069      0.05138668       1.0145667      0.99759049       2.1448002   2.1448002e-09       2.4487522      0.24588286      0.24721462       13.782003       1.9353207      0.68991641      0.31000486      0.14228653       147.28311      0.99626275      0.84458864        0.611878      0.45656957      0.82001673       1.0415002       7.3724219       1.0145667         636.289     0.088545445      0.088545445        803.4486                 21.950157                        390.91591                          223.42294              167.1596
              5       405.34119       67.877912       3.0690152      0.97284062     0.022390104      0.11902868      0.05186338       1.0177086      0.99532713       2.1520699   2.1520699e-09       2.4453202      0.24589103      0.24722282       13.776514       1.9400299      0.69158429      0.30833727      0.14206365        147.3258       0.9962108       0.8412591      0.61160635      0.45575191      0.82075867       1.0415833       7.4141433       1.0177086        638.9581     0.088545445      0.088545445        810.5053                 21.687208                        390.83997                          226.43092             171.54719
              1       402.43122       67.880334       3.0690781      0.97284913     0.022390584      0.11902406     0.051803496        1.017808      0.99835821       2.1522053   2.1522053e-09       2.4452342      0.24589124      0.24722303       13.776411       1.9403843      0.69161529      0.30830628      0.14205951        147.3265      0.99620712       0.8411949      0.61159964      0.45573545      0.82077029       1.0415844       7.4077867        1.017808       638.96738     0.088545445      0.088545445       804.68535                 21.684508                        390.84096                          226.44191             165.71797
              4       404.30881       67.347482         3.05522      0.97006637     0.022352107       0.1201815      0.04823284       1.0094472      0.99897576       2.1225856   2.1225856e-09       2.4521435      0.24587481      0.24720654       13.793536       1.9273948      0.68424908      0.31567124      0.14317848       147.06343      0.99682612      0.85641147      0.61318122       0.4596186      0.81805046       1.0413059       7.0585365       1.0094472       641.77181     0.088545445      0.088545445       808.44053                 22.496655                        392.13033                          227.14482             166.66872
              5       403.67369       67.429635       3.0583213       0.9703636     0.022376249      0.12000478     0.048328656        1.011142      0.99895732       2.1291785   2.1291785e-09       2.4478048      0.24588512      0.24721688       13.790336       1.9330111      0.68535359      0.31456693      0.14302589       147.08296      0.99703362      0.85441297       0.6131454      0.45918928      0.81871964       1.0413044       7.0612082        1.011142       641.33345     0.088545445      0.088545445        807.1703                 22.444908                         392.1336                          226.75494             165.83685
              2       401.59786       67.610228       3.0645969      0.97123689     0.022394199      0.11949203     0.047798009        1.015489       1.0014898       2.1425823   2.1425823e-09       2.4445866      0.24589278      0.24722458       13.787653       1.9472455      0.68811469      0.31180625      0.14253109       147.19847      0.99691187      0.84869213       0.6125396      0.45772578      0.81971516       1.0412612       6.9938873        1.015489       640.89479     0.088545445      0.088545445       803.01862                 22.262376                        392.53549                          226.09693             162.12383
              6       398.79726       68.017071       3.0752401       0.9739471      0.02237248      0.11845726     0.059231647       1.0120538       1.0049633       2.1655081   2.1655081e-09       2.4484814      0.24588351      0.24721527       13.780179       1.9235871      0.69411824      0.30580365      0.14147461       147.49739      0.99623479      0.83591079       0.6109861      0.45435153      0.82161936         1.04144       8.1527783       1.0120538       635.51322     0.088545445      0.088545445       797.41742                 21.896254                        390.32385                          223.29312             161.90421
              4       398.83152       68.017071       3.1503405      0.97453238      0.02237248      0.11845726     0.059231647       1.0512732       1.0041574       2.3344012   2.3344012e-09       2.4484814      0.24588351      0.24721527       13.780179       2.0736122      0.69411824      0.30580365      0.14147461       147.49739       1.0345857      0.86808992      0.63450655       0.4718422      0.85324833         1.04144       8.1527783       1.0512732       634.83758     0.088545445      0.088545445       797.48596                  21.74793                        390.34235                           222.7473             162.64838
              3       398.80291       67.707609       3.1415405      0.97223835     0.022436428      0.11955402     0.054318551       1.0497942       1.0040523       2.3139486   2.3139486e-09       2.4370407      0.24591085      0.24724271       13.776145       2.0757412      0.68878385      0.31113732      0.14263531       147.13512       1.0359921      0.88089253      0.63666825      0.47550076      0.85246227       1.0415081       7.6637283       1.0497942       635.85424     0.088545445      0.088545445       797.42874                 22.113787                         390.2434                          223.49705              161.5745
              3       400.82225       67.707609       3.0621463      0.97596892     0.022436428      0.11955402     0.054318551       1.0108929      0.99928853       2.1373381   2.1373381e-09       2.4370407      0.24591085      0.24724271       13.776145       1.9173117      0.68878385      0.31113732      0.14263531       147.13512      0.99708676      0.84781178      0.61275902      0.45764396      0.82044918       1.0415081       7.6637283       1.0108929       641.21432     0.088545445      0.088545445       801.46741                 21.314507                        390.35904                          229.54077             160.25309
              7        399.3581       67.707609       3.1408919      0.97399059     0.022436428      0.11955402     0.054318551       1.0512451       1.0020038       2.3124483   2.3124483e-09       2.4370407      0.24591085      0.24724271       13.776145       2.0743954      0.68878385      0.31113732      0.14263531       147.13512       1.0363468       0.8811942      0.63688628       0.4756636       0.8527542       1.0415081       7.6637283       1.0512451       638.28682     0.088545445      0.088545445       798.53912                 21.629434                        390.27528                          226.38211              160.2523
              3       400.32765       67.707609       3.1654123      0.97460165     0.022436428      0.11955402     0.054318551        1.062814       1.0027436       2.3698513   2.3698513e-09       2.4370407      0.24591085      0.24724271       13.776145       2.1258891      0.68878385      0.31113732      0.14263531       147.13512        1.049375      0.89227186       0.6448927      0.48164326      0.86347434       1.0415081       7.6637283        1.062814       636.95539     0.088545445      0.088545445        800.4782                 21.680166                        390.29611                          224.97912             163.52281
              4       401.77119       67.814662       3.1681455      0.97493667     0.022475003      0.11948444     0.055231454       1.0632747       1.0049048       2.3763374   2.3763374e-09       2.4301786      0.24592738       0.2472593       13.767461        2.127819      0.68983307      0.31008834      0.14260431       147.11072       1.0497817      0.89061208      0.64510762      0.48139717      0.86449167       1.0416552       7.7469211       1.0632747       637.81219     0.088545445      0.088545445       803.36529                 21.674766                        390.19141                          225.94601              165.5531
              3       401.13512       68.472939       3.1902793      0.97803827     0.022547082      0.11784812     0.058311977       1.0736699       1.0052146       2.4295213   2.4295213e-09       2.4174337      0.24595829      0.24729033       13.751581        2.162079      0.69910441      0.30081851      0.14104007       147.46489       1.0499579      0.87095627       0.6434392      0.47652277      0.86882313       1.0417026       8.0115062       1.0736699       636.30256     0.088545445      0.088545445       802.09316                 21.298719                        390.21585                            224.788             165.79059
              1       402.19754       68.254475       3.1863309      0.97661266     0.022512969       0.1180821     0.046531143       1.0842928       1.0075326       2.4199474   2.4199474e-09       2.4234532      0.24594366      0.24727564       13.765489        2.204903      0.69674613       0.3031763      0.14123993       147.44055        1.049876      0.87562905      0.64361681      0.47758557      0.86736834       1.0413887       6.8161154       1.0842928       637.93165     0.088545445      0.088545445       804.21799                 21.219286                        394.01304                          222.69933             166.28634
              3       401.68971       68.468316       3.1929655      0.97731132     0.022564851      0.11772979     0.044885434       1.0897797       1.0036384       2.4360562   2.4360562e-09        2.414307      0.24596591      0.24729797        13.75473       2.2268979      0.69927827      0.30064464      0.14093951       147.47666       1.0502716      0.87073382      0.64351666      0.47651125      0.86905333       1.0415169       6.6258384       1.0897797       639.99666     0.088545445      0.088545445       803.20232                 21.141598                         395.5148                          223.34027             163.20566
              1       400.47755       68.468316       3.1710171      0.97243815     0.022564851      0.11772979     0.044885434       1.0779597       1.0031195       2.3831712   2.3831712e-09        2.414307      0.24596591      0.24729797        13.75473       2.1785536      0.69927827      0.30064464      0.14093951       147.47666       1.0368703      0.85962344      0.63530552      0.47043107      0.85796439       1.0415169       6.6258384       1.0779597       638.91125     0.088545445      0.088545445         800.778                 21.836275                        395.11572                          221.95926             161.86675
              6        398.8935       69.168339       3.1969664      0.97586018     0.022644498      0.11582938     0.052225952       1.0868353       1.0031118       2.4458222   2.4458222e-09       2.4003632      0.24599995      0.24733214       13.742717        2.203241      0.70914016       0.2907843      0.13911875       147.89757       1.0370696      0.83862213      0.63336539      0.46510078      0.86250493       1.0413503       7.3479785       1.0868353       635.39383     0.088545445      0.088545445        797.6099                 21.419514                        391.07201                          222.90231             162.21607
              1       399.68472       69.378841       3.2061634      0.97665667     0.022688728      0.11525352     0.052623215        1.091714       1.0035703         2.46842     2.46842e-09       2.3926705      0.24601876      0.24735102        13.73879       2.2218315      0.71200696      0.28791796      0.13858711       148.00361       1.0374954      0.83278417      0.63301922      0.46369679      0.86417104       1.0412356       7.3698631        1.091714       636.34397     0.088545445      0.088545445       799.19235                 21.352225                        390.98684                          224.00491             162.84838
              4       400.97888       69.251872       3.2013925      0.97701874      0.02264834      0.11548965     0.070717863       1.0703422       1.0040509       2.4566715   2.4566715e-09       2.3996936      0.24600159      0.24733378       13.744586       2.1326635       0.7105418      0.28938284      0.13878285       147.98502       1.0374266      0.83577526      0.63320063      0.46441852      0.86332266       1.0412196       9.1236668       1.0703422       638.47331     0.088545445      0.088545445       801.78066                 21.643063                        394.17523                          222.65501             163.30736
              2       401.36803        69.27746       3.2018031       0.9772202     0.022639657      0.11540258     0.070693676       1.0707209       1.0047164       2.4576804   2.4576804e-09       2.4012075      0.24599789      0.24733007       13.744965       2.1336425      0.71095508      0.28896962      0.13868711       148.01831       1.0371714       0.8346499      0.63293564      0.46405836      0.86326972        1.041223       9.1219556       1.0707209       638.62646     0.088545445      0.088545445       802.55897                 21.605514                        394.14615                           222.8748             163.93251
              2       400.15867       69.596747       3.2130245      0.97719014     0.022795032      0.11515404     0.056028684       1.0916069       1.0014637       2.4854144   2.4854144e-09       2.3743323      0.24606357      0.24739599       13.719459        2.221943      0.71379343      0.28613196      0.13859394       147.91154       1.0388474      0.83051372      0.63385191      0.46358502      0.86665492       1.0414997       7.6859751       1.0916069       636.98699     0.088545445      0.088545445       800.14025                 21.408337                        390.24919                          225.32947             163.15325
              3       398.18741       69.596747       3.1828672      0.97906205     0.022795032      0.11515404     0.056028684       1.0762709       1.0017507       2.4115798   2.4115798e-09       2.3743323      0.24606357      0.24739599       13.719459       2.1559354      0.71379343      0.28613196      0.13859394       147.91154        1.024043      0.81867824      0.62481901      0.45697856      0.85430441       1.0414997       7.6859751       1.0762709       636.14753     0.088545445      0.088545445       796.19772                 21.061218                        390.27408                          224.81224             160.05019
              2       397.26639       69.370287       3.1788855      0.97771596     0.022817503      0.11568318     0.057256177       1.0716896       1.0018859       2.4019969   2.4019969e-09       2.3704836      0.24607295       0.2474054       13.724215       2.1421031      0.71077547      0.28914943      0.13914555       147.74362       1.0253226      0.82612973      0.62622133      0.45920694      0.85397916       1.0413473       7.8100912       1.0716896       635.14764     0.088545445      0.088545445        794.3557                 21.311235                        390.13932                          223.69709             159.20806
              8       398.74115       68.731639       3.1578255      0.97421861     0.022768735      0.11733834      0.04615647       1.0692365       1.0015397       2.3519398   2.3519398e-09       2.3788487      0.24605255      0.24738493       13.736572       2.1445452      0.70197515      0.29794835      0.14075194       147.35425       1.0257443       0.8451528      0.62827926      0.46418165       0.8503887       1.0413583       6.7166016       1.0692365       639.74642     0.088545445      0.088545445       797.30521                 21.694586                        394.32066                          223.73118             157.55879
              4       397.20002       67.397663       3.1132787       0.9699877     0.022395204      0.11951896     0.050070047       1.0409251        1.000928       2.2494677   2.2494677e-09       2.4444066      0.24589321      0.24722501       13.805883       2.0351174      0.68608278      0.31383767      0.14255903       147.19023       1.0219921      0.87376648      0.62798058      0.47002665      0.83901543       1.0406516       7.2321709       1.0409251       632.72003     0.088545445      0.088545445       794.22296                 22.173471                        391.36382                          219.18274             161.50293
              4        397.7075       67.526457       3.1175242      0.97014203     0.022443627      0.11937038     0.045649177       1.0477653       1.0008017       2.2590382   2.2590382e-09       2.4357578      0.24591393       0.2472458       13.797095       2.0619266      0.68749877      0.31242197      0.14245887       147.17566       1.0224917      0.87147521      0.62817717      0.46964266      0.84022724       1.0407561       6.7517391       1.0477653       635.68626     0.088545445      0.088545445       795.23791                 22.075042                        394.06033                          219.55089             159.55165
              5       399.73456       67.455158       3.1160896      0.96976867     0.022422712      0.11940971     0.042294541       1.0495639       1.0021317       2.2557996   2.2557996e-09       2.4394877      0.24590497      0.24723681       13.802966       2.0728313      0.68679732      0.31312326      0.14247729       147.18858       1.0222935       0.8726053      0.62807573      0.46983011      0.83962079       1.0406386       6.3907463       1.0495639       638.50743     0.088545445      0.088545445       799.29203                 22.158295                        397.14119                          219.20794              160.7846
              6       401.18129       67.250543       3.1058867      0.96989303     0.022279244      0.11957089     0.045880182       1.0420446       1.0033741       2.2329008   2.2329008e-09       2.4653089      0.24584369      0.24717531        13.82081       2.0371285      0.68484939      0.31507071        0.142495        147.3057       1.0200164      0.87420472      0.62669619      0.46952537      0.83647901       1.0405637       6.8114537       1.0420446        634.9929     0.088545445      0.088545445       802.18549                 21.981088                        393.83658                          219.17523             167.19259
              2       401.19699       66.870901       3.0937164      0.96792198     0.022263842      0.12059975      0.04438974       1.0344567       1.0023296       2.2058905   2.2058905e-09       2.4681053      0.24583709      0.24716868       13.827297       2.0184942      0.67899447      0.32092471      0.14350846       147.05114       1.0202569      0.88650635      0.62795558      0.47263917      0.83431132       1.0405408       6.6664027       1.0344567       636.87778     0.088545445      0.088545445       802.21689                 22.496833                        394.77077                          219.61018             165.33911
              5       400.63335         66.1405       3.0711475      0.96385734     0.022327333      0.12298276      0.05146379       1.0129247       1.0005032       2.1566635   2.1566635e-09       2.4566079      0.24586424      0.24719593       13.826913       1.9457253      0.66627293      0.33364446      0.14595496       146.35846       1.0221192      0.91470628        0.631766      0.48015032      0.83125691       1.0406349       7.4442104       1.0129247        641.6587     0.088545445      0.088545445        801.0896                 23.598666                        390.35675                          227.70329              159.4309
              1       402.66321       66.368907       3.0753582      0.96557845     0.022279797      0.12231556     0.054762218       1.0142536      0.99749307       2.1657638   2.1657638e-09       2.4652086      0.24584393      0.24717554       13.825576        1.941088      0.67018862      0.32972933      0.14524023       146.58426       1.0209319      0.90554871      0.63025821      0.47759295      0.83172378       1.0407635       7.7866839       1.0142536       640.83274     0.088545445      0.088545445       805.14934                   23.0559                        390.05227                          227.72457              164.3166
             11       400.02696        66.83112         3.08905      0.96727512     0.022401123       0.1216517     0.057244598       1.0162969      0.99986977        2.195621    2.195621e-09       2.4433468      0.24589574      0.24722755       13.798673       1.9581022       0.6759496      0.32396949      0.14469769       146.62326       1.0222547      0.89555659      0.63048462      0.47566426      0.83569627       1.0411559       8.0011517       1.0162969       640.30555     0.088545445      0.088545445       799.87682                 23.284561                        390.10434                          226.91664             159.57127
              2       399.11497       66.602024       3.0842262      0.96608726      0.02237233      0.12198829     0.053481156       1.0181862      0.99899867       2.1850552   2.1850552e-09       2.4485083      0.24588344       0.2472152       13.810933       1.9634022      0.67302255      0.32689598      0.14500549       146.56729       1.0222617      0.90129157        0.630824      0.47699146      0.83426843       1.0408891       7.6292086       1.0181862       638.68892     0.088545445      0.088545445       798.05284                 23.260284                        390.11124                           225.3174             159.36392
              7       399.06102       66.602024       3.0842054      0.96608995      0.02237233      0.12198829     0.053481156       1.0185745      0.99871047       2.1850099   2.1850099e-09       2.4485083      0.24588344       0.2472152       13.810933       1.9633615      0.67302255      0.32689598      0.14500549       146.56729       1.0222521      0.90128313      0.63081809      0.47698699      0.83426062       1.0408891       7.6292086       1.0185745       638.58443     0.088545445      0.088545445       797.94496                 23.202012                        390.12998                          225.25244             159.36052
              5       399.10826       66.471697       3.0793132      0.96558422     0.022345463      0.12228812     0.053188597       1.0159872       1.0000995       2.1743464   2.1743464e-09       2.4533396      0.24587198       0.2472037       13.815293       1.9549232      0.67112135      0.32879686      0.14527845       146.51898       1.0218705      0.90477377      0.63087911       0.4777251       0.8331328       1.0408747       7.6095969       1.0159872       639.25077     0.088545445      0.088545445       798.03943                 23.304368                        390.12534                          225.82106             158.78866
              2       400.12562       66.730296       3.0931561      0.96588494     0.022449105      0.12163014     0.046350086       1.0295984       1.0010869        2.204655    2.204655e-09       2.4347824      0.24591628      0.24724816       13.807003       2.0094697      0.67491028      0.32500856      0.14472412       146.57611        1.023727      0.89875617      0.63142154      0.47675263      0.83626842       1.0407075       6.8566905       1.0295984       642.52556     0.088545445      0.088545445       800.07415                 23.212411                        392.97809                          226.33506             157.54859
              1       400.38762       66.891951       3.0971147      0.96730411     0.022375166      0.12088575     0.046700432        1.032065       1.0016716       2.2133997   2.2133997e-09       2.4479993      0.24588465      0.24721642        13.81462       2.0160271      0.67830851      0.32161072      0.14390578        146.8524       1.0222886      0.89012044       0.6296411      0.47416086      0.83610427       1.0406143       6.8987516        1.032065       639.44917     0.088545445      0.088545445       800.59814                 22.901811                        392.88517                          223.66219             161.14897
              1       401.29155       66.891951       3.1059233      0.96862251     0.022375166      0.12088575     0.046700432       1.0372293       1.0071685       2.2329826   2.2329826e-09       2.4479993      0.24588465      0.24721642        13.81462       2.0338638      0.67830851      0.32161072      0.14390578        146.8524       1.0273101      0.89449279      0.63273395      0.47648997      0.84021128       1.0406143       6.8987516       1.0372293       638.48288     0.088545445      0.088545445         802.406                 22.566434                        392.98413                          222.93231             163.92312
              3       398.59373       67.084391       3.1138317      0.96919349     0.022447766      0.12055587     0.048788745       1.0394558       1.0044811       2.2507121   2.2507121e-09       2.4350207       0.2459157      0.24724758       13.804335        2.041468      0.68072319      0.31919651       0.1436485       146.85857       1.0284406      0.89070348      0.63314691      0.47590364      0.84234491       1.0406614       7.1017393       1.0394558       637.57702     0.088545445      0.088545445       797.01037                 22.542906                        391.80777                          223.22635             159.43335
              4       397.98401       67.084391       3.1054868      0.96898242     0.022447766      0.12055587     0.048788745       1.0351351       1.0028118       2.2320083   2.2320083e-09       2.4350207       0.2459157      0.24724758       13.804335        2.024503      0.68072319      0.31919651       0.1436485       146.85857       1.0240769      0.88692422      0.63046046      0.47388438      0.83877084       1.0406614       7.1017393       1.0351351       637.50168     0.088545445      0.088545445       795.79093                 22.581215                        391.77954                          223.14092             158.28924
              5       398.22443       67.084391       3.1135313      0.96847657     0.022447766      0.12055587     0.048788745       1.0392253       1.0031305       2.2500359   2.2500359e-09       2.4350207       0.2459157      0.24724758       13.804335       2.0408547      0.68072319      0.31919651       0.1436485       146.85857       1.0280082      0.89032902      0.63288073      0.47570356      0.84199078       1.0406614       7.1017393       1.0392253       637.32518     0.088545445      0.088545445       796.27177                  22.68879                        391.73216                          222.90422             158.94659
              1       399.48259       68.431374       3.1563725      0.97534998     0.022578803      0.11731448     0.064543947       1.0481867       1.0043577       2.3485249   2.3485249e-09        2.411856      0.24597188      0.24730397       13.768965       2.0641108      0.69981058      0.30011225      0.14053815       147.57205       1.0281186      0.85077957      0.62949425      0.46592144      0.85049318       1.0409287        8.597543       1.0481867       638.18842     0.088545445      0.088545445        798.7881                 21.999336                        391.65642                          224.53266             160.59968
              2       399.60752       68.431374       3.1474384      0.97116488     0.022578803      0.11731448     0.064543947        1.043494       1.0038363       2.3276363   2.3276363e-09        2.411856      0.24597188      0.24730397       13.768965       2.0457519      0.69981058      0.30011225      0.14053815       147.57205       1.0218999      0.84563355      0.62568669      0.46310327      0.84534889       1.0409287        8.597543        1.043494       639.03216     0.088545445      0.088545445       799.03795                 22.782998                        391.71047                          224.53869             160.00578
              1       399.26924       69.457702       3.1778482      0.97482416     0.022789038      0.11553872     0.056982837       1.0712749       1.0022432       2.3995065   2.3995065e-09       2.3753606      0.24606106      0.24739347       13.721276       2.1410522      0.71186145      0.28806364      0.13897263       147.81432       1.0226762      0.82172936      0.62441086      0.45744887      0.85231147       1.0415218        7.787514       1.0712749       637.39244     0.088545445      0.088545445        798.3614                 21.777672                         390.0932                          225.52157             160.96896
              2       401.67412        69.03736       3.1598496      0.97321693     0.022737192      0.11684576     0.062289647       1.0553623       1.0027418       2.3567052   2.3567052e-09       2.3842835      0.24603927       0.2473716       13.723917       2.0806602      0.70570849      0.29421568      0.14022782       147.52097       1.0225568      0.83487152      0.62574299      0.46085303      0.84962941       1.0418188       8.3371886       1.0553623       639.14046     0.088545445      0.088545445       803.17115                 22.112789                        390.83174                          226.19593             164.03069
              6       403.28859       69.588291       3.1839285      0.97492574     0.022917502       0.1156575     0.065530683       1.0657361       1.0026801       2.4141408   2.4141408e-09       2.3534716      0.24611436      0.24744696       13.703067       2.1175973      0.71243132      0.28749405      0.13921986       147.63913       1.0248929      0.82281734      0.62604248      0.45841732      0.85496156       1.0417068       8.5796229       1.0657361       641.88662     0.088545445      0.088545445        806.4001                 21.993884                        391.67412                          228.21862             164.51347
              4       402.08982       69.588291       3.1516974        0.976594     0.022917502       0.1156575     0.065530683       1.0489156        1.001239       2.3375708   2.3375708e-09       2.3534716      0.24611436      0.24744696       13.703067       2.0504328      0.71243132      0.28749405      0.13921986       147.63913       1.0091606       0.8101869      0.61643258      0.45138051       0.8418377       1.0417068       8.5796229       1.0489156       641.29386     0.088545445      0.088545445       804.00254                 21.690818                        391.68582                          227.91723             162.70868
              7       401.45496       69.425662       3.1518238      0.97495434     0.022979269      0.11603595     0.058648104       1.0554411       1.0022055       2.3378663   2.3378663e-09       2.3430539      0.24613981       0.2474725         13.7053       2.0791153      0.71016915      0.28975588      0.13966009       147.46882       1.0109252      0.81639235      0.61799803      0.45341424      0.84232372       1.0414765       7.9161481       1.0554411       640.71309     0.088545445      0.088545445       802.73282                 21.804574                        390.09171                           228.8168             162.01974
              3        402.0344       69.425662       3.1395488      0.97495205     0.022979269      0.11603595     0.058648104       1.0486783      0.99852979       2.3093445   2.3093445e-09       2.3430539      0.24613981       0.2474725         13.7053       2.0537502      0.71016915      0.28975588      0.13966009       147.46882       1.0047388      0.81139639      0.61421616      0.45063955      0.83716907       1.0414765       7.9161481       1.0486783       640.62255     0.088545445      0.088545445       803.89171                 21.838296                        390.09171                          228.69255             163.26915
              2        404.4502       69.486858       3.1410588      0.97548822     0.022970786      0.11585192     0.062196547       1.0474993      0.99765134       2.3128342   2.3128342e-09       2.3444808      0.24613631      0.24746899       13.705189       2.0423082      0.71107813      0.28884702      0.13946757       147.52761       1.0044721      0.80924719      0.61384143      0.45001104      0.83731568       1.0414806       8.2555936       1.0474993       643.61448     0.088545445      0.088545445       808.72332                  21.67962                         390.6066                          231.32826             165.10883
             14       405.03843       69.486858       3.2231109      0.98064354     0.022970786      0.11585192     0.062196547        1.090308      0.99637047       2.5106101   2.5106101e-09       2.3444808      0.24613631      0.24746899       13.705189       2.2169507      0.71107813      0.28884702      0.13946757       147.52761       1.0486315      0.84482391      0.64082758      0.46979476      0.87412637       1.0414806       8.2555936        1.090308       638.66244     0.088545445      0.088545445       809.89977                 21.039244                        390.64851                          226.97469             171.23733
              4       402.28425       69.779232       3.2202476        0.984811      0.02260087       0.1140791     0.058167096       1.0953196       1.0042734       2.5034317   2.5034317e-09       2.4079868      0.24598133      0.24731344       13.738409        2.228499      0.71789486      0.28203092      0.13732484        148.4216       1.0401062      0.82186158      0.63316215      0.46141225      0.86884191        1.041358       7.9207398       1.0953196       640.05796     0.088545445      0.088545445       804.39141                 20.443513                        390.30901                          229.30544             164.33345
              1       401.29272       68.302634       3.1706685      0.97917561     0.022356748      0.11735163     0.069036458       1.0535459       1.0048479       2.3823404   2.3823404e-09       2.4513086      0.24587679      0.24720853       13.785463       2.0751023      0.69907423      0.30084831      0.14035325       147.81059       1.0396276      0.86139074      0.63633148      0.47127055      0.85920444       1.0411538       9.0798298       1.0535459       638.87788     0.088545445      0.088545445       802.40835                 21.213842                        393.63491                          224.02913             163.53047
              1       402.68799       68.044569       3.1607336      0.97792756     0.022318664      0.11803553     0.065043813       1.0516471      0.99824659       2.3587893   2.3587893e-09       2.4581731      0.24586054      0.24719222       13.790728       2.0710606       0.6953925      0.30452945      0.14099907       147.67013       1.0392686        0.868924      0.63684226      0.47308503      0.85728367       1.0412122       8.7238906       1.0516471        637.5375     0.088545445      0.088545445        805.1989                 21.297723                        391.94569                          224.29408              167.6614
              3       401.29806       67.893072       3.1570967      0.97688009     0.022341945      0.11850027     0.063521548       1.0516422       1.0070269       2.3502263   2.3502263e-09       2.4539733      0.24587048      0.24720219        13.79088       2.0698343      0.69297285      0.30694875      0.14148708       147.52007        1.040026      0.87479659       0.6378571      0.47477721      0.85695285       1.0411941       8.5799477       1.0516422       637.22776     0.088545445      0.088545445       802.41903                 21.336732                        391.41767                          224.47336             165.19127
              4       402.37801       69.471931       3.2210485      0.98238171     0.022698602      0.11466898     0.058280989        1.095309       1.0064437       2.5054377   2.5054377e-09       2.3909582      0.24602295      0.24735522       13.746431       2.2297767      0.71396892      0.28595621      0.13801245       148.15099       1.0435726       0.8330821      0.63606608      0.46513297      0.86981593       1.0408485       7.9188234        1.095309       635.09218     0.088545445      0.088545445       804.57893                 20.657588                        390.26315                          224.17144             169.48675
              1       402.30661       69.248761       3.2084524      0.98146089     0.022597238       0.1152124     0.045783151       1.1008222       1.0030014       2.4740767   2.4740767e-09        2.408623      0.24597977      0.24731188       13.753902        2.257597      0.71120052      0.28872412       0.1384545       148.11743       1.0417071      0.83748546      0.63543687      0.46579324      0.86686535       1.0410399       6.6804771       1.1008222        640.4389     0.088545445      0.088545445       804.43613                 20.619653                        395.36708                          224.45217             163.99723
              3       402.62355       68.151745       3.1737788      0.97725628     0.022374547      0.11727522     0.046593775       1.0797384        1.002763       2.3897618   2.3897618e-09       2.4481104      0.24588439      0.24721615       13.800507       2.1771271      0.69786645      0.30205574      0.14029463       147.81134       1.0405439      0.86430721      0.63682581      0.47210916      0.85901131       1.0405774       6.8372644       1.0797384       636.42056     0.088545445      0.088545445       805.07001                 20.963752                        394.04015                          221.41666             168.64945
              2        403.2085       68.151745       3.1609692      0.98012526     0.022374547      0.11727522     0.046593775       1.0735469       1.0029736       2.3593451   2.3593451e-09       2.4481104      0.24588439      0.24721615       13.800507       2.1494168      0.69786645      0.30205574      0.14029463       147.81134        1.035034      0.85973057      0.63345372      0.46960927      0.85446272       1.0405774       6.8372644       1.0735469       639.99882     0.088545445      0.088545445        806.2399                 20.605529                        394.35728                          225.03601             166.24109
              6       401.70006       68.151745       3.1379698      0.97315765     0.022374547      0.11727522     0.046593775       1.0600554       1.0010558       2.3057009   2.3057009e-09       2.4481104      0.24588439      0.24721615       13.800507       2.1005457      0.69786645      0.30205574      0.14029463       147.81134       1.0204838      0.84764468      0.62454878      0.46300762      0.84245088       1.0405774       6.8372644       1.0600554       634.53094     0.088545445      0.088545445       803.22303                 21.562004                        393.80504                           219.1639             168.69209
              1       404.06231       67.375667       3.1070379      0.97062989     0.022170749      0.11898057     0.048567163       1.0398597       1.0001441       2.2354729   2.2354729e-09       2.4851074      0.24579686      0.24712831       13.828697       2.0285444      0.68755826      0.31236213      0.14179618        147.5838       1.0180529      0.86657328      0.62472154      0.46703677      0.83564513       1.0405946       7.1128412       1.0398597       633.37979     0.088545445      0.088545445       807.94752                 21.964389                        392.11812                          219.29728             174.56773
              1       405.28865       67.375667       3.1105491       0.9699197     0.022170749      0.11898057     0.048567163       1.0408098       0.9997596       2.2433359   2.2433359e-09       2.4851074      0.24579686      0.24712831       13.828697       2.0356795      0.68755826      0.31236213      0.14179618        147.5838       1.0195684      0.86786325      0.62565149      0.46773199      0.83688905       1.0405946       7.1128412       1.0408098       634.36471     0.088545445      0.088545445        810.4002                 22.187746                        392.08098                          220.09598             176.03549
              5          404.79       67.295893       3.1086668      0.96952593     0.022160999      0.11911446     0.047747712       1.0412677       1.0011069       2.2391172   2.2391172e-09        2.486898      0.24579261      0.24712404       13.832457        2.035184      0.68654294      0.31337727      0.14192033       147.55908       1.0195942      0.86990782      0.62580424      0.46822583      0.83641465       1.0405221       7.0294228       1.0412677       633.37541     0.088545445      0.088545445       809.40291                 22.144506                        392.51472                          218.71618             176.02751
              2       403.66502       67.295893       3.0946089      0.97426479     0.022160999      0.11911446     0.047747712       1.0345271       1.0022919       2.2078602   2.2078602e-09        2.486898      0.24579261      0.24712404       13.832457       2.0067739      0.68654294      0.31337727      0.14192033       147.55908       1.0142657       0.8653616      0.62253372      0.46577884      0.83204346       1.0405221       7.0294228       1.0345271       636.67465     0.088545445      0.088545445       807.15295                 21.342578                        392.79496                          222.53711             170.47829
              1       404.77723       67.295893       3.0838798      0.97395471     0.022160999      0.11911446     0.047747712       1.0295503       0.9995551       2.1842984   2.1842984e-09        2.486898      0.24579261      0.24712404       13.832457        1.985358      0.68654294      0.31337727      0.14192033       147.55908       1.0087209      0.86063087      0.61913047      0.46323253      0.82749487       1.0405221       7.0294228       1.0295503        636.8277     0.088545445      0.088545445       809.37738                 21.332019                        392.79496                          222.70071             172.54968
             10       403.45509       67.452863       3.0887475      0.97457134     0.022187606      0.11879989     0.047051262       1.0333688       1.0023502       2.1949568   2.1949568e-09        2.482016       0.2458042      0.24713567       13.826262       1.9978265      0.68863304      0.31128754      0.14163236       147.61303       1.0088629      0.85658169      0.61890329      0.46228864      0.82857601       1.0405915       6.9451595       1.0333688       637.73857     0.088545445      0.088545445       806.73309                 21.218782                        393.40698                          223.11281             168.99452
              1       403.15616       67.452863       3.1100576      0.97388724     0.022187606      0.11879989     0.047051262       1.0430633       1.0030704       2.2422337   2.2422337e-09        2.482016       0.2458042      0.24713567       13.826262       2.0408574      0.68863304      0.31128754      0.14163236       147.61303       1.0194059      0.86553324      0.62537102       0.4671197      0.83723489       1.0405915       6.9451595       1.0430633       636.36997     0.088545445      0.088545445       806.13523                 21.444104                        393.29792                          221.62794             169.76526
              1       405.84374       66.833499       3.0796298      0.97166801     0.022057092      0.12074279     0.048137775       1.0239894         1.00301       2.1750348   2.1750348e-09       2.5061003      0.24574701      0.24707828       13.832395       1.9753965      0.67877774      0.32114135      0.14344474       147.24398       1.0171154      0.88406629      0.62595254      0.47121105      0.83150975       1.0411089       7.1174327       1.0239894       640.88728     0.088545445      0.088545445       811.51039                 21.820956                        392.23401                          226.83232             170.62311
             10       405.62431       66.527762       3.0711506      0.97035426     0.022032308      0.12141633     0.051720834       1.0150366       1.0048173       2.1566702   2.1566702e-09       2.5107131      0.24573611      0.24706733       13.842302       1.9447313      0.67435269      0.32556566      0.14409351        147.0943       1.0172782      0.89311382       0.6267594      0.47343515      0.82973843       1.0409532       7.5127823       1.0150366       639.42469     0.088545445      0.088545445       811.07152                 22.143792                        390.64692                          226.63397             171.64684
              1       396.02534       68.155502       3.1349607      0.97542484     0.022513963        0.118188      0.05126624       1.0511674        1.001986       2.2987733   2.2987733e-09       2.4232776      0.24594409      0.24727607       13.771359       2.0747551      0.69563462      0.30428758      0.14134683       147.41125       1.0237743      0.85605441      0.62773414      0.46622634      0.84519067        1.041204       7.3126863       1.0511674       634.59671     0.088545445      0.088545445       791.87359                 21.516183                        391.20645                          221.87408             157.27688
              2       396.42948       67.832763       3.1253121      0.97355376      0.02252436      0.11912647     0.049513267       1.0478482      0.99978778          2.2767      2.2767e-09       2.4214408      0.24594855      0.24728055       13.774224       2.0620497       0.6906693      0.30925216      0.14229569        147.1505       1.0245478      0.86721006      0.62926005      0.46925439      0.84382419       1.0412064       7.1425035       1.0478482       636.21209     0.088545445      0.088545445       792.68187                  21.67111                        391.82901                          222.71197             156.46977
              6       397.24778       68.008924       3.1374486      0.97352061     0.022639963      0.11870201     0.047549197       1.0556564      0.99994501       2.3044994   2.3044994e-09        2.401154      0.24599802       0.2473302       13.766956       2.0954432      0.69293749      0.30698437      0.14198683       147.13462       1.0267337      0.86444287      0.63026015      0.46913617      0.84672188        1.040987       6.9065816       1.0556564       637.55293     0.088545445      0.088545445       794.31848                  21.76441                        393.11975                          222.66878             156.76555
              7       396.26724       68.267305       3.1432472      0.97495094      0.02265277      0.11819821     0.050616873       1.0573064      0.99936631       2.3179011   2.3179011e-09       2.3989217      0.24600348      0.24733568       13.757382       2.0947377      0.69631099      0.30361147      0.14149584       147.25411       1.0262859       0.8571404      0.62943992      0.46723334      0.84795878       1.0411908       7.2169254       1.0573064       635.91782     0.088545445      0.088545445        792.3574                  21.49284                        391.48817                           222.9368             156.43958
