[0 : output] Output to be read-from/written-into folder '.', with prefix '1_lcdm_act_planck_desidr2_des'
[0 : camb] `camb` module loaded successfully from /mnt/project_mnt/farm_fs/mraveri/projects/cobaya/code/CAMB/camb
[3 : bao.desi_dr2.desi_bao_all] Initialized.
[1 : bao.desi_dr2.desi_bao_all] Initialized.
[2 : bao.desi_dr2.desi_bao_all] Initialized.
[0 : bao.desi_dr2.desi_bao_all] Initialized.
[1 : mcmc] Getting initial point... (this may take a few seconds)
[0 : mcmc] Getting initial point... (this may take a few seconds)
[2 : mcmc] Getting initial point... (this may take a few seconds)
[3 : mcmc] Getting initial point... (this may take a few seconds)
[3 : mcmc] Initial point: H0:68.09847, logA:3.050491, ns:0.963242, ombh2:0.02235137, omch2:0.1189319, tau:0.06911483, A_act:0.9906589, P_act:0.9755979
[2 : mcmc] Initial point: H0:68.07221, logA:3.051382, ns:0.969137, ombh2:0.02228012, omch2:0.11918, tau:0.05391342, A_act:0.9809201, P_act:0.986821
[1 : mcmc] Initial point: H0:68.06279, logA:3.050039, ns:0.9671049, ombh2:0.02245501, omch2:0.121679, tau:0.06673415, A_act:0.9999151, P_act:0.9921029
[0 : mcmc] Initial point: H0:67.88536, logA:3.04813, ns:0.9626535, ombh2:0.02247009, omch2:0.1208133, tau:0.05158973, A_act:0.9815285, P_act:0.9981846
[0 : model] Measuring speeds... (this may take a few seconds)
[0 : model] Setting measured speeds (per sec): {planck_2018_lowl.TT: 1040.0, planck_2018_lowl.EE_sroll2: 6310.0, act_dr6_cmbonly.PlanckActCut: 291.0, act_dr6_cmbonly: 234.0, bao.desi_dr2.desi_bao_all: 663.0, sn.desy5: 107.0, camb.transfers: 0.178, camb: 0.137}
[0 : mcmc] Dragging with number of interpolating steps:
[0 : mcmc] * 1 : [['H0', 'ombh2', 'omch2', 'tau'], ['logA', 'ns']]
[0 : mcmc] * 6 : [['A_act'], ['P_act']]
[0 : autoselect_covmat] No cached covmat database present, not usable or not up-to-date. Will be re-created and cached.
[0 : mcmc] Covariance matrix selected automatically: /mnt/project_mnt/farm_fs/mraveri/projects/cobaya/data/planck_supp_data_and_covmats/covmats/base_plikHM_TTTEEE_lowl_lowE_post_BAO.covmat
[0 : mcmc] Covariance matrix loaded for params ['ombh2', 'omch2', 'tau', 'logA', 'ns']
[0 : mcmc] Missing proposal covariance for params ['H0', 'A_act', 'P_act']
[0 : mcmc] Covariance matrix not complete. We will start learning the covariance of the proposal earlier: R-1 = 3000 (would be 300 if all params loaded).
[0 : mcmc] Sampling!
[2 : mcmc] Progress @ 2025-04-23 18:38:18 : 1 steps taken, and 0 accepted.
[1 : mcmc] Progress @ 2025-04-23 18:38:19 : 1 steps taken, and 0 accepted.
[3 : mcmc] Progress @ 2025-04-23 18:38:24 : 1 steps taken, and 0 accepted.
[0 : mcmc] Progress @ 2025-04-23 18:38:25 : 1 steps taken, and 0 accepted.
[1 : mcmc] Progress @ 2025-04-23 18:40:24 : 12 steps taken, and 4 accepted.
[0 : mcmc] Progress @ 2025-04-23 18:40:25 : 12 steps taken, and 3 accepted.
[2 : mcmc] Progress @ 2025-04-23 18:40:26 : 12 steps taken, and 1 accepted.
[3 : mcmc] Progress @ 2025-04-23 18:40:27 : 12 steps taken, and 3 accepted.
[1 : mcmc] Progress @ 2025-04-23 18:42:27 : 23 steps taken, and 7 accepted.
[2 : mcmc] Progress @ 2025-04-23 18:42:32 : 23 steps taken, and 3 accepted.
[3 : mcmc] Progress @ 2025-04-23 18:42:32 : 23 steps taken, and 4 accepted.
[0 : mcmc] Progress @ 2025-04-23 18:42:32 : 23 steps taken, and 5 accepted.
[1 : mcmc] Progress @ 2025-04-23 18:44:28 : 34 steps taken, and 8 accepted.
[2 : mcmc] Progress @ 2025-04-23 18:44:37 : 35 steps taken, and 6 accepted.
[3 : mcmc] Progress @ 2025-04-23 18:44:40 : 36 steps taken, and 9 accepted.
[0 : mcmc] Progress @ 2025-04-23 18:44:42 : 35 steps taken, and 5 accepted.
[1 : mcmc] Progress @ 2025-04-23 18:46:33 : 45 steps taken, and 8 accepted.
[0 : mcmc] Progress @ 2025-04-23 18:46:47 : 46 steps taken, and 10 accepted.
[2 : mcmc] Progress @ 2025-04-23 18:46:48 : 47 steps taken, and 8 accepted.
[3 : mcmc] Progress @ 2025-04-23 18:46:52 : 48 steps taken, and 10 accepted.
[1 : mcmc] Progress @ 2025-04-23 18:48:34 : 56 steps taken, and 10 accepted.
[3 : mcmc] Progress @ 2025-04-23 18:48:53 : 59 steps taken, and 11 accepted.
[2 : mcmc] Progress @ 2025-04-23 18:48:55 : 58 steps taken, and 10 accepted.
[0 : mcmc] Progress @ 2025-04-23 18:48:56 : 58 steps taken, and 10 accepted.
[1 : mcmc] Progress @ 2025-04-23 18:50:41 : 67 steps taken, and 10 accepted.
[3 : mcmc] Progress @ 2025-04-23 18:50:53 : 70 steps taken, and 11 accepted.
[0 : mcmc] Progress @ 2025-04-23 18:50:58 : 68 steps taken, and 10 accepted.
[2 : mcmc] Progress @ 2025-04-23 18:51:01 : 69 steps taken, and 13 accepted.
[1 : mcmc] Progress @ 2025-04-23 18:52:54 : 79 steps taken, and 10 accepted.
[0 : mcmc] Progress @ 2025-04-23 18:52:59 : 79 steps taken, and 10 accepted.
[3 : mcmc] Progress @ 2025-04-23 18:53:00 : 81 steps taken, and 14 accepted.
[2 : mcmc] Progress @ 2025-04-23 18:53:06 : 81 steps taken, and 15 accepted.
[1 : mcmc] Progress @ 2025-04-23 18:54:55 : 90 steps taken, and 12 accepted.
[0 : mcmc] Progress @ 2025-04-23 18:55:00 : 90 steps taken, and 13 accepted.
[3 : mcmc] Progress @ 2025-04-23 18:55:05 : 92 steps taken, and 15 accepted.
[2 : mcmc] Progress @ 2025-04-23 18:55:07 : 92 steps taken, and 17 accepted.
[1 : mcmc] Progress @ 2025-04-23 18:57:00 : 101 steps taken, and 14 accepted.
[3 : mcmc] Progress @ 2025-04-23 18:57:06 : 103 steps taken, and 15 accepted.
[0 : mcmc] Progress @ 2025-04-23 18:57:08 : 101 steps taken, and 14 accepted.
[2 : mcmc] Progress @ 2025-04-23 18:57:11 : 103 steps taken, and 21 accepted.
[1 : mcmc] Progress @ 2025-04-23 18:59:04 : 112 steps taken, and 14 accepted.
[3 : mcmc] Progress @ 2025-04-23 18:59:07 : 114 steps taken, and 17 accepted.
[0 : mcmc] Progress @ 2025-04-23 18:59:09 : 112 steps taken, and 14 accepted.
[2 : mcmc] Progress @ 2025-04-23 18:59:11 : 114 steps taken, and 22 accepted.
[1 : mcmc] Progress @ 2025-04-23 19:01:06 : 123 steps taken, and 17 accepted.
[3 : mcmc] Progress @ 2025-04-23 19:01:10 : 125 steps taken, and 20 accepted.
[2 : mcmc] Progress @ 2025-04-23 19:01:12 : 125 steps taken, and 24 accepted.
[0 : mcmc] Progress @ 2025-04-23 19:01:14 : 123 steps taken, and 17 accepted.
[1 : mcmc] Progress @ 2025-04-23 19:03:07 : 134 steps taken, and 18 accepted.
[3 : mcmc] Progress @ 2025-04-23 19:03:15 : 136 steps taken, and 22 accepted.
[2 : mcmc] Progress @ 2025-04-23 19:03:16 : 136 steps taken, and 25 accepted.
[0 : mcmc] Progress @ 2025-04-23 19:03:20 : 134 steps taken, and 18 accepted.
[1 : mcmc] Progress @ 2025-04-23 19:05:09 : 145 steps taken, and 19 accepted.
[3 : mcmc] Progress @ 2025-04-23 19:05:16 : 147 steps taken, and 23 accepted.
[2 : mcmc] Progress @ 2025-04-23 19:05:18 : 147 steps taken, and 26 accepted.
[0 : mcmc] Progress @ 2025-04-23 19:05:21 : 145 steps taken, and 19 accepted.
[1 : mcmc] Progress @ 2025-04-23 19:07:11 : 156 steps taken, and 25 accepted.
[2 : mcmc] Progress @ 2025-04-23 19:07:23 : 158 steps taken, and 27 accepted.
[3 : mcmc] Progress @ 2025-04-23 19:07:29 : 159 steps taken, and 25 accepted.
[0 : mcmc] Progress @ 2025-04-23 19:07:35 : 157 steps taken, and 19 accepted.
[1 : mcmc] Progress @ 2025-04-23 19:09:17 : 167 steps taken, and 26 accepted.
[3 : mcmc] Progress @ 2025-04-23 19:09:35 : 171 steps taken, and 27 accepted.
[0 : mcmc] Progress @ 2025-04-23 19:09:36 : 168 steps taken, and 20 accepted.
[2 : mcmc] Progress @ 2025-04-23 19:09:36 : 170 steps taken, and 30 accepted.
[1 : mcmc] Progress @ 2025-04-23 19:11:24 : 179 steps taken, and 28 accepted.
[2 : mcmc] Progress @ 2025-04-23 19:11:43 : 182 steps taken, and 31 accepted.
[3 : mcmc] Progress @ 2025-04-23 19:11:46 : 182 steps taken, and 27 accepted.
[0 : mcmc] Progress @ 2025-04-23 19:11:50 : 180 steps taken, and 22 accepted.
[1 : mcmc] Progress @ 2025-04-23 19:13:31 : 190 steps taken, and 29 accepted.
[2 : mcmc] Progress @ 2025-04-23 19:13:47 : 193 steps taken, and 31 accepted.
[0 : mcmc] Progress @ 2025-04-23 19:13:52 : 191 steps taken, and 23 accepted.
[3 : mcmc] Progress @ 2025-04-23 19:13:55 : 194 steps taken, and 27 accepted.
[1 : mcmc] Progress @ 2025-04-23 19:15:33 : 201 steps taken, and 30 accepted.
[2 : mcmc] Progress @ 2025-04-23 19:15:48 : 204 steps taken, and 32 accepted.
[3 : mcmc] Progress @ 2025-04-23 19:15:56 : 205 steps taken, and 28 accepted.
[0 : mcmc] Progress @ 2025-04-23 19:15:58 : 202 steps taken, and 24 accepted.
[1 : mcmc] Progress @ 2025-04-23 19:17:39 : 213 steps taken, and 34 accepted.
[2 : mcmc] Progress @ 2025-04-23 19:17:49 : 215 steps taken, and 33 accepted.
[0 : mcmc] Progress @ 2025-04-23 19:18:05 : 213 steps taken, and 25 accepted.
[3 : mcmc] Progress @ 2025-04-23 19:18:05 : 216 steps taken, and 28 accepted.
[1 : mcmc] Progress @ 2025-04-23 19:19:44 : 224 steps taken, and 36 accepted.
[2 : mcmc] Progress @ 2025-04-23 19:19:55 : 226 steps taken, and 35 accepted.
[3 : mcmc] Progress @ 2025-04-23 19:20:06 : 227 steps taken, and 29 accepted.
[0 : mcmc] Progress @ 2025-04-23 19:20:11 : 224 steps taken, and 26 accepted.
[1 : mcmc] Progress @ 2025-04-23 19:21:46 : 235 steps taken, and 38 accepted.
[2 : mcmc] Progress @ 2025-04-23 19:22:03 : 238 steps taken, and 35 accepted.
[3 : mcmc] Progress @ 2025-04-23 19:22:18 : 239 steps taken, and 32 accepted.
[0 : mcmc] Progress @ 2025-04-23 19:22:23 : 236 steps taken, and 28 accepted.
[1 : mcmc] Progress @ 2025-04-23 19:23:50 : 246 steps taken, and 39 accepted.
[2 : mcmc] Progress @ 2025-04-23 19:24:08 : 249 steps taken, and 35 accepted.
[3 : mcmc] Progress @ 2025-04-23 19:24:26 : 250 steps taken, and 33 accepted.
[0 : mcmc] Progress @ 2025-04-23 19:24:31 : 248 steps taken, and 32 accepted.
[1 : mcmc] Progress @ 2025-04-23 19:25:55 : 257 steps taken, and 41 accepted.
[2 : mcmc] Progress @ 2025-04-23 19:26:21 : 261 steps taken, and 38 accepted.
[3 : mcmc] Progress @ 2025-04-23 19:26:32 : 262 steps taken, and 33 accepted.
[0 : mcmc] Progress @ 2025-04-23 19:26:39 : 259 steps taken, and 35 accepted.
[1 : mcmc] Progress @ 2025-04-23 19:28:05 : 269 steps taken, and 43 accepted.
[2 : mcmc] Progress @ 2025-04-23 19:28:31 : 273 steps taken, and 40 accepted.
[3 : mcmc] Progress @ 2025-04-23 19:28:33 : 273 steps taken, and 33 accepted.
[0 : mcmc] Progress @ 2025-04-23 19:28:40 : 270 steps taken, and 38 accepted.
[1 : mcmc] Progress @ 2025-04-23 19:30:08 : 280 steps taken, and 44 accepted.
[3 : mcmc] Progress @ 2025-04-23 19:30:38 : 285 steps taken, and 37 accepted.
[0 : mcmc] Progress @ 2025-04-23 19:30:42 : 281 steps taken, and 40 accepted.
[2 : mcmc] Progress @ 2025-04-23 19:30:44 : 285 steps taken, and 42 accepted.
[1 : mcmc] Progress @ 2025-04-23 19:32:13 : 289 steps taken, and 46 accepted.
[3 : mcmc] Progress @ 2025-04-23 19:32:39 : 293 steps taken, and 38 accepted.
[0 : mcmc] Progress @ 2025-04-23 19:32:45 : 291 steps taken, and 41 accepted.
[2 : mcmc] Progress @ 2025-04-23 19:32:56 : 294 steps taken, and 43 accepted.
[1 : mcmc] Progress @ 2025-04-23 19:34:29 : 298 steps taken, and 47 accepted.
[3 : mcmc] Progress @ 2025-04-23 19:34:47 : 302 steps taken, and 40 accepted.
[0 : mcmc] Progress @ 2025-04-23 19:35:02 : 300 steps taken, and 41 accepted.
[2 : mcmc] Progress @ 2025-04-23 19:35:13 : 303 steps taken, and 44 accepted.
[1 : mcmc] Progress @ 2025-04-23 19:36:47 : 307 steps taken, and 49 accepted.
[3 : mcmc] Progress @ 2025-04-23 19:36:50 : 310 steps taken, and 41 accepted.
[0 : mcmc] Progress @ 2025-04-23 19:37:15 : 309 steps taken, and 42 accepted.
[2 : mcmc] Progress @ 2025-04-23 19:37:26 : 312 steps taken, and 44 accepted.
[1 : mcmc] Progress @ 2025-04-23 19:39:03 : 316 steps taken, and 50 accepted.
[3 : mcmc] Progress @ 2025-04-23 19:39:05 : 319 steps taken, and 42 accepted.
[0 : mcmc] Progress @ 2025-04-23 19:39:20 : 316 steps taken, and 42 accepted.
[2 : mcmc] Progress @ 2025-04-23 19:39:31 : 320 steps taken, and 45 accepted.
[3 : mcmc] Progress @ 2025-04-23 19:41:10 : 327 steps taken, and 43 accepted.
[1 : mcmc] Progress @ 2025-04-23 19:41:18 : 325 steps taken, and 50 accepted.
[0 : mcmc] Progress @ 2025-04-23 19:41:28 : 325 steps taken, and 43 accepted.
[2 : mcmc] Progress @ 2025-04-23 19:41:39 : 329 steps taken, and 46 accepted.
[3 : mcmc] Progress @ 2025-04-23 19:43:19 : 336 steps taken, and 44 accepted.
[1 : mcmc] Progress @ 2025-04-23 19:43:35 : 334 steps taken, and 52 accepted.
[0 : mcmc] Progress @ 2025-04-23 19:43:39 : 334 steps taken, and 45 accepted.
[2 : mcmc] Progress @ 2025-04-23 19:43:43 : 337 steps taken, and 47 accepted.
[3 : mcmc] Progress @ 2025-04-23 19:45:32 : 345 steps taken, and 46 accepted.
[2 : mcmc] Progress @ 2025-04-23 19:45:50 : 346 steps taken, and 49 accepted.
[1 : mcmc] Progress @ 2025-04-23 19:45:50 : 343 steps taken, and 54 accepted.
[0 : mcmc] Progress @ 2025-04-23 19:45:56 : 343 steps taken, and 46 accepted.
[3 : mcmc] Progress @ 2025-04-23 19:47:44 : 354 steps taken, and 46 accepted.
[1 : mcmc] Progress @ 2025-04-23 19:47:51 : 351 steps taken, and 54 accepted.
[2 : mcmc] Progress @ 2025-04-23 19:47:55 : 354 steps taken, and 49 accepted.
[0 : mcmc] Progress @ 2025-04-23 19:47:57 : 351 steps taken, and 49 accepted.
[3 : mcmc] Progress @ 2025-04-23 19:49:56 : 363 steps taken, and 47 accepted.
[2 : mcmc] Progress @ 2025-04-23 19:50:04 : 363 steps taken, and 53 accepted.
[1 : mcmc] Progress @ 2025-04-23 19:50:06 : 360 steps taken, and 57 accepted.
[0 : mcmc] Progress @ 2025-04-23 19:50:12 : 360 steps taken, and 50 accepted.
[3 : mcmc] Progress @ 2025-04-23 19:52:02 : 371 steps taken, and 47 accepted.
[2 : mcmc] Progress @ 2025-04-23 19:52:10 : 371 steps taken, and 56 accepted.
[1 : mcmc] Progress @ 2025-04-23 19:52:22 : 369 steps taken, and 59 accepted.
[0 : mcmc] Progress @ 2025-04-23 19:52:28 : 369 steps taken, and 50 accepted.
[3 : mcmc] Progress @ 2025-04-23 19:54:09 : 380 steps taken, and 49 accepted.
[2 : mcmc] Progress @ 2025-04-23 19:54:24 : 380 steps taken, and 56 accepted.
[0 : mcmc] Progress @ 2025-04-23 19:54:35 : 377 steps taken, and 51 accepted.
[1 : mcmc] Progress @ 2025-04-23 19:54:38 : 378 steps taken, and 59 accepted.
[3 : mcmc] Progress @ 2025-04-23 19:56:22 : 389 steps taken, and 50 accepted.
[0 : mcmc] Progress @ 2025-04-23 19:56:37 : 385 steps taken, and 51 accepted.
[2 : mcmc] Progress @ 2025-04-23 19:56:38 : 389 steps taken, and 57 accepted.
[1 : mcmc] Progress @ 2025-04-23 19:56:47 : 387 steps taken, and 59 accepted.
[1 : mcmc] Learn + convergence test @ 60 samples accepted.
[1 : mcmc] Ready to check convergence and learn a new proposal covmat (waiting for the rest...)
[3 : mcmc] Progress @ 2025-04-23 19:58:29 : 397 steps taken, and 52 accepted.
[2 : mcmc] Progress @ 2025-04-23 19:58:43 : 397 steps taken, and 59 accepted.
[0 : mcmc] Progress @ 2025-04-23 19:58:54 : 394 steps taken, and 52 accepted.
[1 : mcmc] Progress @ 2025-04-23 19:58:54 : 395 steps taken, and 62 accepted.
[3 : mcmc] Progress @ 2025-04-23 20:00:36 : 406 steps taken, and 53 accepted.
[2 : mcmc] Progress @ 2025-04-23 20:00:52 : 405 steps taken, and 59 accepted.
[0 : mcmc] Progress @ 2025-04-23 20:00:59 : 403 steps taken, and 53 accepted.
[1 : mcmc] Progress @ 2025-04-23 20:01:00 : 403 steps taken, and 63 accepted.
[2 : mcmc] Learn + convergence test @ 60 samples accepted.
[2 : mcmc] Ready to check convergence and learn a new proposal covmat (waiting for the rest...)
[3 : mcmc] Progress @ 2025-04-23 20:02:42 : 414 steps taken, and 53 accepted.
[2 : mcmc] Progress @ 2025-04-23 20:03:02 : 414 steps taken, and 60 accepted.
[0 : mcmc] Progress @ 2025-04-23 20:03:06 : 411 steps taken, and 53 accepted.
[1 : mcmc] Progress @ 2025-04-23 20:03:08 : 412 steps taken, and 64 accepted.
[3 : mcmc] Progress @ 2025-04-23 20:04:49 : 423 steps taken, and 53 accepted.
[2 : mcmc] Progress @ 2025-04-23 20:05:08 : 423 steps taken, and 62 accepted.
[1 : mcmc] Progress @ 2025-04-23 20:05:13 : 420 steps taken, and 65 accepted.
[0 : mcmc] Progress @ 2025-04-23 20:05:14 : 419 steps taken, and 54 accepted.
[3 : mcmc] Progress @ 2025-04-23 20:06:54 : 431 steps taken, and 53 accepted.
[2 : mcmc] Progress @ 2025-04-23 20:07:14 : 431 steps taken, and 62 accepted.
[1 : mcmc] Progress @ 2025-04-23 20:07:19 : 428 steps taken, and 67 accepted.
[0 : mcmc] Progress @ 2025-04-23 20:07:31 : 428 steps taken, and 56 accepted.
[3 : mcmc] Progress @ 2025-04-23 20:09:00 : 439 steps taken, and 54 accepted.
[2 : mcmc] Progress @ 2025-04-23 20:09:27 : 440 steps taken, and 63 accepted.
[1 : mcmc] Progress @ 2025-04-23 20:09:30 : 437 steps taken, and 67 accepted.
[0 : mcmc] Progress @ 2025-04-23 20:09:41 : 437 steps taken, and 58 accepted.
[3 : mcmc] Progress @ 2025-04-23 20:11:17 : 448 steps taken, and 54 accepted.
[2 : mcmc] Progress @ 2025-04-23 20:11:31 : 448 steps taken, and 65 accepted.
[1 : mcmc] Progress @ 2025-04-23 20:11:45 : 446 steps taken, and 68 accepted.
[0 : mcmc] Progress @ 2025-04-23 20:11:47 : 445 steps taken, and 58 accepted.
[3 : mcmc] Progress @ 2025-04-23 20:13:34 : 457 steps taken, and 55 accepted.
[2 : mcmc] Progress @ 2025-04-23 20:13:40 : 457 steps taken, and 67 accepted.
[1 : mcmc] Progress @ 2025-04-23 20:13:50 : 454 steps taken, and 68 accepted.
[0 : mcmc] Progress @ 2025-04-23 20:13:51 : 453 steps taken, and 59 accepted.
[0 : mcmc] Learn + convergence test @ 60 samples accepted.
[0 : mcmc] Ready to check convergence and learn a new proposal covmat (waiting for the rest...)
[3 : mcmc] Progress @ 2025-04-23 20:15:47 : 466 steps taken, and 56 accepted.
[2 : mcmc] Progress @ 2025-04-23 20:15:55 : 466 steps taken, and 69 accepted.
[1 : mcmc] Progress @ 2025-04-23 20:15:58 : 463 steps taken, and 68 accepted.
[0 : mcmc] Progress @ 2025-04-23 20:16:07 : 462 steps taken, and 61 accepted.
[3 : mcmc] Progress @ 2025-04-23 20:17:49 : 474 steps taken, and 57 accepted.
[2 : mcmc] Progress @ 2025-04-23 20:17:57 : 474 steps taken, and 69 accepted.
[1 : mcmc] Progress @ 2025-04-23 20:18:04 : 471 steps taken, and 69 accepted.
[0 : mcmc] Progress @ 2025-04-23 20:18:24 : 471 steps taken, and 64 accepted.
[3 : mcmc] Learn + convergence test @ 60 samples accepted.
[3 : mcmc] Ready to check convergence and learn a new proposal covmat (waiting for the rest...)
[2 : mcmc] Progress @ 2025-04-23 20:20:07 : 483 steps taken, and 70 accepted.
[1 : mcmc] Progress @ 2025-04-23 20:20:07 : 479 steps taken, and 71 accepted.
[0 : mcmc] Progress @ 2025-04-23 20:20:28 : 480 steps taken, and 65 accepted.
[0 : mcmc] All chains are ready to check convergence and learn a new proposal covmat
[0 : mcmc]  - Acceptance rate: 0.134 = avg([0.1398, 0.1374, 0.1341, 0.1215])
[0 : mcmc]  - Convergence of means: R-1 = 5.339023 after 267 accepted steps = sum([66, 71, 70, 60])
[0 : mcmc]  - Updated covariance matrix of proposal pdf.
[3 : mcmc] Progress @ 2025-04-23 20:22:05 : 482 steps taken, and 60 accepted.
[2 : mcmc] Progress @ 2025-04-23 20:22:10 : 484 steps taken, and 70 accepted.
[1 : mcmc] Progress @ 2025-04-23 20:22:23 : 481 steps taken, and 71 accepted.
[0 : mcmc] Progress @ 2025-04-23 20:22:29 : 491 steps taken, and 66 accepted.
[3 : mcmc] Progress @ 2025-04-23 20:24:07 : 490 steps taken, and 62 accepted.
[2 : mcmc] Progress @ 2025-04-23 20:24:24 : 493 steps taken, and 74 accepted.
[1 : mcmc] Progress @ 2025-04-23 20:24:29 : 489 steps taken, and 75 accepted.
[0 : mcmc] Progress @ 2025-04-23 20:24:29 : 499 steps taken, and 67 accepted.
[3 : mcmc] Progress @ 2025-04-23 20:26:16 : 499 steps taken, and 66 accepted.
[2 : mcmc] Progress @ 2025-04-23 20:26:31 : 502 steps taken, and 77 accepted.
[0 : mcmc] Progress @ 2025-04-23 20:26:34 : 507 steps taken, and 68 accepted.
[1 : mcmc] Progress @ 2025-04-23 20:26:35 : 498 steps taken, and 80 accepted.
[3 : mcmc] Progress @ 2025-04-23 20:28:31 : 508 steps taken, and 70 accepted.
[2 : mcmc] Progress @ 2025-04-23 20:28:34 : 510 steps taken, and 81 accepted.
[1 : mcmc] Progress @ 2025-04-23 20:28:50 : 507 steps taken, and 84 accepted.
[0 : mcmc] Progress @ 2025-04-23 20:28:50 : 516 steps taken, and 69 accepted.
[3 : mcmc] Progress @ 2025-04-23 20:30:40 : 516 steps taken, and 74 accepted.
[2 : mcmc] Progress @ 2025-04-23 20:30:43 : 519 steps taken, and 85 accepted.
[0 : mcmc] Progress @ 2025-04-23 20:30:56 : 524 steps taken, and 75 accepted.
[1 : mcmc] Progress @ 2025-04-23 20:31:07 : 516 steps taken, and 90 accepted.
[2 : mcmc] Progress @ 2025-04-23 20:32:45 : 526 steps taken, and 88 accepted.
[3 : mcmc] Progress @ 2025-04-23 20:32:45 : 524 steps taken, and 76 accepted.
[0 : mcmc] Progress @ 2025-04-23 20:32:57 : 532 steps taken, and 79 accepted.
[1 : mcmc] Progress @ 2025-04-23 20:33:09 : 524 steps taken, and 95 accepted.
[3 : mcmc] Progress @ 2025-04-23 20:34:53 : 533 steps taken, and 80 accepted.
[2 : mcmc] Progress @ 2025-04-23 20:35:02 : 536 steps taken, and 94 accepted.
[1 : mcmc] Progress @ 2025-04-23 20:35:11 : 532 steps taken, and 99 accepted.
[0 : mcmc] Progress @ 2025-04-23 20:35:11 : 541 steps taken, and 82 accepted.
[3 : mcmc] Progress @ 2025-04-23 20:37:07 : 542 steps taken, and 83 accepted.
[2 : mcmc] Progress @ 2025-04-23 20:37:16 : 545 steps taken, and 97 accepted.
[0 : mcmc] Progress @ 2025-04-23 20:37:19 : 550 steps taken, and 87 accepted.
[1 : mcmc] Progress @ 2025-04-23 20:37:28 : 541 steps taken, and 104 accepted.
[3 : mcmc] Progress @ 2025-04-23 20:39:13 : 550 steps taken, and 86 accepted.
[0 : mcmc] Progress @ 2025-04-23 20:39:27 : 558 steps taken, and 90 accepted.
[2 : mcmc] Progress @ 2025-04-23 20:39:33 : 554 steps taken, and 101 accepted.
[1 : mcmc] Progress @ 2025-04-23 20:39:34 : 550 steps taken, and 107 accepted.
[3 : mcmc] Progress @ 2025-04-23 20:41:29 : 559 steps taken, and 88 accepted.
[2 : mcmc] Progress @ 2025-04-23 20:41:35 : 562 steps taken, and 103 accepted.
[0 : mcmc] Progress @ 2025-04-23 20:41:37 : 567 steps taken, and 94 accepted.
[1 : mcmc] Progress @ 2025-04-23 20:41:41 : 558 steps taken, and 111 accepted.
[1 : mcmc] Progress @ 2025-04-23 20:43:41 : 566 steps taken, and 114 accepted.
[2 : mcmc] Progress @ 2025-04-23 20:43:42 : 571 steps taken, and 107 accepted.
[3 : mcmc] Progress @ 2025-04-23 20:43:43 : 568 steps taken, and 93 accepted.
[0 : mcmc] Progress @ 2025-04-23 20:43:44 : 575 steps taken, and 98 accepted.
[2 : mcmc] Progress @ 2025-04-23 20:45:45 : 579 steps taken, and 111 accepted.
[0 : mcmc] Progress @ 2025-04-23 20:45:49 : 583 steps taken, and 99 accepted.
[3 : mcmc] Progress @ 2025-04-23 20:45:52 : 577 steps taken, and 98 accepted.
[1 : mcmc] Progress @ 2025-04-23 20:45:55 : 575 steps taken, and 117 accepted.
[1 : mcmc] Learn + convergence test @ 120 samples accepted.
[1 : mcmc] Ready to check convergence and learn a new proposal covmat (waiting for the rest...)
[3 : mcmc] Progress @ 2025-04-23 20:47:57 : 585 steps taken, and 102 accepted.
[2 : mcmc] Progress @ 2025-04-23 20:48:01 : 588 steps taken, and 113 accepted.
[1 : mcmc] Progress @ 2025-04-23 20:48:02 : 584 steps taken, and 121 accepted.
[0 : mcmc] Progress @ 2025-04-23 20:48:06 : 592 steps taken, and 102 accepted.
[3 : mcmc] Progress @ 2025-04-23 20:50:02 : 593 steps taken, and 106 accepted.
[2 : mcmc] Progress @ 2025-04-23 20:50:08 : 597 steps taken, and 116 accepted.
[0 : mcmc] Progress @ 2025-04-23 20:50:13 : 601 steps taken, and 104 accepted.
[1 : mcmc] Progress @ 2025-04-23 20:50:17 : 592 steps taken, and 122 accepted.
[2 : mcmc] Learn + convergence test @ 120 samples accepted.
[2 : mcmc] Ready to check convergence and learn a new proposal covmat (waiting for the rest...)
[3 : mcmc] Progress @ 2025-04-23 20:52:10 : 602 steps taken, and 110 accepted.
[2 : mcmc] Progress @ 2025-04-23 20:52:13 : 605 steps taken, and 122 accepted.
[0 : mcmc] Progress @ 2025-04-23 20:52:28 : 609 steps taken, and 107 accepted.
[1 : mcmc] Progress @ 2025-04-23 20:52:34 : 601 steps taken, and 125 accepted.
[3 : mcmc] Progress @ 2025-04-23 20:54:13 : 610 steps taken, and 113 accepted.
[2 : mcmc] Progress @ 2025-04-23 20:54:29 : 614 steps taken, and 126 accepted.
[0 : mcmc] Progress @ 2025-04-23 20:54:38 : 618 steps taken, and 108 accepted.
[1 : mcmc] Progress @ 2025-04-23 20:54:43 : 610 steps taken, and 129 accepted.
[3 : mcmc] Progress @ 2025-04-23 20:56:18 : 619 steps taken, and 115 accepted.
[2 : mcmc] Progress @ 2025-04-23 20:56:45 : 623 steps taken, and 128 accepted.
[1 : mcmc] Progress @ 2025-04-23 20:56:47 : 618 steps taken, and 133 accepted.
[0 : mcmc] Progress @ 2025-04-23 20:56:48 : 627 steps taken, and 112 accepted.
[3 : mcmc] Progress @ 2025-04-23 20:58:24 : 627 steps taken, and 119 accepted.
[2 : mcmc] Progress @ 2025-04-23 20:58:45 : 631 steps taken, and 131 accepted.
[0 : mcmc] Progress @ 2025-04-23 20:58:54 : 635 steps taken, and 114 accepted.
[1 : mcmc] Progress @ 2025-04-23 20:59:03 : 627 steps taken, and 136 accepted.
[3 : mcmc] Learn + convergence test @ 120 samples accepted.
[3 : mcmc] Ready to check convergence and learn a new proposal covmat (waiting for the rest...)
[3 : mcmc] Progress @ 2025-04-23 21:00:39 : 636 steps taken, and 123 accepted.
[0 : mcmc] Progress @ 2025-04-23 21:01:00 : 643 steps taken, and 117 accepted.
[2 : mcmc] Progress @ 2025-04-23 21:01:01 : 640 steps taken, and 133 accepted.
[1 : mcmc] Progress @ 2025-04-23 21:01:07 : 635 steps taken, and 141 accepted.
[3 : mcmc] Progress @ 2025-04-23 21:02:55 : 645 steps taken, and 127 accepted.
[0 : mcmc] Progress @ 2025-04-23 21:03:01 : 651 steps taken, and 119 accepted.
[2 : mcmc] Progress @ 2025-04-23 21:03:02 : 648 steps taken, and 137 accepted.
[1 : mcmc] Progress @ 2025-04-23 21:03:26 : 645 steps taken, and 146 accepted.
[0 : mcmc] Learn + convergence test @ 120 samples accepted.
[0 : mcmc] Ready to check convergence and learn a new proposal covmat (waiting for the rest...)
[0 : mcmc] All chains are ready to check convergence and learn a new proposal covmat
[0 : mcmc]  - Acceptance rate: 0.389 = avg([0.3015, 0.4654, 0.3684, 0.4037])
[0 : mcmc]  - Convergence of means: R-1 = 1.009250 after 536 accepted steps = sum([120, 148, 139, 129])
[0 : mcmc]  - Updated covariance matrix of proposal pdf.
[3 : mcmc] Progress @ 2025-04-23 21:05:08 : 655 steps taken, and 129 accepted.
[2 : mcmc] Progress @ 2025-04-23 21:05:14 : 655 steps taken, and 141 accepted.
[0 : mcmc] Progress @ 2025-04-23 21:05:15 : 655 steps taken, and 121 accepted.
[1 : mcmc] Progress @ 2025-04-23 21:05:40 : 651 steps taken, and 148 accepted.
[2 : mcmc] Progress @ 2025-04-23 21:07:15 : 663 steps taken, and 144 accepted.
[0 : mcmc] Progress @ 2025-04-23 21:07:21 : 664 steps taken, and 123 accepted.
[3 : mcmc] Progress @ 2025-04-23 21:07:25 : 664 steps taken, and 129 accepted.
[1 : mcmc] Progress @ 2025-04-23 21:07:47 : 659 steps taken, and 151 accepted.
[2 : mcmc] Progress @ 2025-04-23 21:09:16 : 671 steps taken, and 147 accepted.
[0 : mcmc] Progress @ 2025-04-23 21:09:28 : 672 steps taken, and 126 accepted.
[3 : mcmc] Progress @ 2025-04-23 21:09:40 : 673 steps taken, and 133 accepted.
[1 : mcmc] Progress @ 2025-04-23 21:10:04 : 668 steps taken, and 153 accepted.
[2 : mcmc] Progress @ 2025-04-23 21:11:24 : 680 steps taken, and 153 accepted.
[0 : mcmc] Progress @ 2025-04-23 21:11:29 : 680 steps taken, and 128 accepted.
[3 : mcmc] Progress @ 2025-04-23 21:11:43 : 681 steps taken, and 135 accepted.
[1 : mcmc] Progress @ 2025-04-23 21:12:21 : 677 steps taken, and 154 accepted.
[2 : mcmc] Progress @ 2025-04-23 21:13:28 : 688 steps taken, and 157 accepted.
[0 : mcmc] Progress @ 2025-04-23 21:13:36 : 688 steps taken, and 130 accepted.
[3 : mcmc] Progress @ 2025-04-23 21:13:56 : 690 steps taken, and 138 accepted.
[1 : mcmc] Progress @ 2025-04-23 21:14:37 : 686 steps taken, and 156 accepted.
[2 : mcmc] Progress @ 2025-04-23 21:15:46 : 697 steps taken, and 159 accepted.
[0 : mcmc] Progress @ 2025-04-23 21:15:51 : 697 steps taken, and 134 accepted.
[3 : mcmc] Progress @ 2025-04-23 21:16:03 : 698 steps taken, and 141 accepted.
[1 : mcmc] Progress @ 2025-04-23 21:16:48 : 694 steps taken, and 159 accepted.
[2 : mcmc] Progress @ 2025-04-23 21:18:04 : 706 steps taken, and 162 accepted.
[0 : mcmc] Progress @ 2025-04-23 21:18:07 : 706 steps taken, and 138 accepted.
[3 : mcmc] Progress @ 2025-04-23 21:18:12 : 707 steps taken, and 144 accepted.
[1 : mcmc] Progress @ 2025-04-23 21:18:58 : 703 steps taken, and 163 accepted.
[2 : mcmc] Progress @ 2025-04-23 21:20:09 : 714 steps taken, and 163 accepted.
[3 : mcmc] Progress @ 2025-04-23 21:20:19 : 715 steps taken, and 148 accepted.
[0 : mcmc] Progress @ 2025-04-23 21:20:21 : 714 steps taken, and 139 accepted.
[1 : mcmc] Progress @ 2025-04-23 21:21:03 : 710 steps taken, and 168 accepted.
[2 : mcmc] Progress @ 2025-04-23 21:22:14 : 722 steps taken, and 165 accepted.
[3 : mcmc] Progress @ 2025-04-23 21:22:25 : 723 steps taken, and 152 accepted.
[0 : mcmc] Progress @ 2025-04-23 21:22:39 : 722 steps taken, and 142 accepted.
[1 : mcmc] Progress @ 2025-04-23 21:23:19 : 719 steps taken, and 172 accepted.
[2 : mcmc] Progress @ 2025-04-23 21:24:24 : 730 steps taken, and 169 accepted.
[3 : mcmc] Progress @ 2025-04-23 21:24:29 : 730 steps taken, and 154 accepted.
[0 : mcmc] Progress @ 2025-04-23 21:24:42 : 730 steps taken, and 146 accepted.
[1 : mcmc] Progress @ 2025-04-23 21:25:33 : 727 steps taken, and 174 accepted.
[3 : mcmc] Progress @ 2025-04-23 21:26:36 : 738 steps taken, and 156 accepted.
[2 : mcmc] Progress @ 2025-04-23 21:26:36 : 738 steps taken, and 171 accepted.
[0 : mcmc] Progress @ 2025-04-23 21:26:57 : 738 steps taken, and 149 accepted.
[1 : mcmc] Progress @ 2025-04-23 21:27:39 : 735 steps taken, and 175 accepted.
[3 : mcmc] Progress @ 2025-04-23 21:28:43 : 746 steps taken, and 160 accepted.
[2 : mcmc] Progress @ 2025-04-23 21:28:46 : 746 steps taken, and 173 accepted.
[0 : mcmc] Progress @ 2025-04-23 21:28:57 : 745 steps taken, and 149 accepted.
[1 : mcmc] Progress @ 2025-04-23 21:29:45 : 743 steps taken, and 178 accepted.
[3 : mcmc] Progress @ 2025-04-23 21:30:55 : 754 steps taken, and 162 accepted.
[2 : mcmc] Progress @ 2025-04-23 21:30:56 : 754 steps taken, and 173 accepted.
[0 : mcmc] Progress @ 2025-04-23 21:31:04 : 753 steps taken, and 154 accepted.
[1 : mcmc] Progress @ 2025-04-23 21:32:01 : 751 steps taken, and 180 accepted.
[1 : mcmc] Learn + convergence test @ 180 samples accepted.
[1 : mcmc] Ready to check convergence and learn a new proposal covmat (waiting for the rest...)
[3 : mcmc] Progress @ 2025-04-23 21:32:59 : 762 steps taken, and 164 accepted.
[2 : mcmc] Progress @ 2025-04-23 21:33:02 : 762 steps taken, and 176 accepted.
[0 : mcmc] Progress @ 2025-04-23 21:33:09 : 761 steps taken, and 155 accepted.
[1 : mcmc] Progress @ 2025-04-23 21:34:06 : 759 steps taken, and 182 accepted.
[3 : mcmc] Progress @ 2025-04-23 21:35:05 : 770 steps taken, and 167 accepted.
[2 : mcmc] Progress @ 2025-04-23 21:35:20 : 771 steps taken, and 179 accepted.
[0 : mcmc] Progress @ 2025-04-23 21:35:26 : 769 steps taken, and 158 accepted.
[2 : mcmc] Learn + convergence test @ 180 samples accepted.
[2 : mcmc] Ready to check convergence and learn a new proposal covmat (waiting for the rest...)
[1 : mcmc] Progress @ 2025-04-23 21:36:16 : 767 steps taken, and 183 accepted.
[3 : mcmc] Progress @ 2025-04-23 21:37:15 : 777 steps taken, and 168 accepted.
[0 : mcmc] Progress @ 2025-04-23 21:37:28 : 776 steps taken, and 160 accepted.
[2 : mcmc] Progress @ 2025-04-23 21:37:29 : 779 steps taken, and 182 accepted.
[1 : mcmc] Progress @ 2025-04-23 21:38:27 : 775 steps taken, and 185 accepted.
[3 : mcmc] Progress @ 2025-04-23 21:39:32 : 786 steps taken, and 173 accepted.
[0 : mcmc] Progress @ 2025-04-23 21:39:37 : 784 steps taken, and 162 accepted.
[2 : mcmc] Progress @ 2025-04-23 21:39:40 : 787 steps taken, and 184 accepted.
[1 : mcmc] Progress @ 2025-04-23 21:40:34 : 783 steps taken, and 187 accepted.
[3 : mcmc] Progress @ 2025-04-23 21:41:33 : 794 steps taken, and 178 accepted.
[0 : mcmc] Progress @ 2025-04-23 21:41:37 : 791 steps taken, and 164 accepted.
[2 : mcmc] Progress @ 2025-04-23 21:41:47 : 795 steps taken, and 188 accepted.
[3 : mcmc] Learn + convergence test @ 180 samples accepted.
[3 : mcmc] Ready to check convergence and learn a new proposal covmat (waiting for the rest...)
[1 : mcmc] Progress @ 2025-04-23 21:42:50 : 791 steps taken, and 189 accepted.
[0 : mcmc] Progress @ 2025-04-23 21:43:39 : 799 steps taken, and 166 accepted.
[3 : mcmc] Progress @ 2025-04-23 21:43:47 : 802 steps taken, and 182 accepted.
[2 : mcmc] Progress @ 2025-04-23 21:43:56 : 803 steps taken, and 189 accepted.
[1 : mcmc] Progress @ 2025-04-23 21:44:58 : 799 steps taken, and 192 accepted.
[0 : mcmc] Progress @ 2025-04-23 21:45:39 : 806 steps taken, and 167 accepted.
[3 : mcmc] Progress @ 2025-04-23 21:45:55 : 809 steps taken, and 184 accepted.
[2 : mcmc] Progress @ 2025-04-23 21:46:03 : 812 steps taken, and 191 accepted.
[1 : mcmc] Progress @ 2025-04-23 21:47:18 : 807 steps taken, and 196 accepted.
[0 : mcmc] Progress @ 2025-04-23 21:47:43 : 813 steps taken, and 172 accepted.
[3 : mcmc] Progress @ 2025-04-23 21:47:58 : 817 steps taken, and 184 accepted.
[2 : mcmc] Progress @ 2025-04-23 21:48:13 : 820 steps taken, and 191 accepted.
[1 : mcmc] Progress @ 2025-04-23 21:49:19 : 814 steps taken, and 199 accepted.
[0 : mcmc] Progress @ 2025-04-23 21:49:53 : 821 steps taken, and 175 accepted.
[3 : mcmc] Progress @ 2025-04-23 21:50:06 : 824 steps taken, and 186 accepted.
[2 : mcmc] Progress @ 2025-04-23 21:50:31 : 828 steps taken, and 192 accepted.
[1 : mcmc] Progress @ 2025-04-23 21:51:26 : 822 steps taken, and 200 accepted.
[0 : mcmc] Progress @ 2025-04-23 21:51:55 : 828 steps taken, and 176 accepted.
[3 : mcmc] Progress @ 2025-04-23 21:52:13 : 832 steps taken, and 190 accepted.
[2 : mcmc] Progress @ 2025-04-23 21:52:35 : 836 steps taken, and 194 accepted.
[1 : mcmc] Progress @ 2025-04-23 21:53:33 : 830 steps taken, and 201 accepted.
[0 : mcmc] Progress @ 2025-04-23 21:54:13 : 836 steps taken, and 179 accepted.
[3 : mcmc] Progress @ 2025-04-23 21:54:21 : 840 steps taken, and 193 accepted.
[0 : mcmc] Learn + convergence test @ 180 samples accepted.
[0 : mcmc] Ready to check convergence and learn a new proposal covmat (waiting for the rest...)
[0 : mcmc] All chains are ready to check convergence and learn a new proposal covmat
[2 : mcmc] Progress @ 2025-04-23 21:54:37 : 844 steps taken, and 195 accepted.
[0 : mcmc]  - Acceptance rate: 0.338 = avg([0.3214, 0.3400, 0.3267, 0.3616])
[0 : mcmc]  - Convergence of means: R-1 = 0.501533 after 775 accepted steps = sum([180, 204, 196, 195])
[0 : mcmc]  - Updated covariance matrix of proposal pdf.
[1 : mcmc] Progress @ 2025-04-23 21:56:12 : 838 steps taken, and 205 accepted.
[0 : mcmc] Progress @ 2025-04-23 21:56:14 : 838 steps taken, and 180 accepted.
[3 : mcmc] Progress @ 2025-04-23 21:56:34 : 849 steps taken, and 195 accepted.
[2 : mcmc] Progress @ 2025-04-23 21:56:44 : 851 steps taken, and 197 accepted.
[0 : mcmc] Progress @ 2025-04-23 21:58:25 : 846 steps taken, and 181 accepted.
[1 : mcmc] Progress @ 2025-04-23 21:58:28 : 846 steps taken, and 206 accepted.
[3 : mcmc] Progress @ 2025-04-23 21:58:34 : 857 steps taken, and 201 accepted.
[2 : mcmc] Progress @ 2025-04-23 21:58:59 : 859 steps taken, and 200 accepted.
[3 : mcmc] Progress @ 2025-04-23 22:00:35 : 864 steps taken, and 203 accepted.
[0 : mcmc] Progress @ 2025-04-23 22:00:36 : 854 steps taken, and 183 accepted.
[1 : mcmc] Progress @ 2025-04-23 22:00:43 : 854 steps taken, and 210 accepted.
[2 : mcmc] Progress @ 2025-04-23 22:01:18 : 868 steps taken, and 202 accepted.
[3 : mcmc] Progress @ 2025-04-23 22:02:42 : 872 steps taken, and 204 accepted.
[0 : mcmc] Progress @ 2025-04-23 22:02:43 : 862 steps taken, and 186 accepted.
[1 : mcmc] Progress @ 2025-04-23 22:02:48 : 862 steps taken, and 213 accepted.
[2 : mcmc] Progress @ 2025-04-23 22:03:31 : 876 steps taken, and 203 accepted.
[3 : mcmc] Progress @ 2025-04-23 22:04:51 : 880 steps taken, and 204 accepted.
[1 : mcmc] Progress @ 2025-04-23 22:04:55 : 870 steps taken, and 218 accepted.
[0 : mcmc] Progress @ 2025-04-23 22:05:00 : 870 steps taken, and 189 accepted.
[2 : mcmc] Progress @ 2025-04-23 22:05:39 : 884 steps taken, and 204 accepted.
[0 : mcmc] Progress @ 2025-04-23 22:07:00 : 877 steps taken, and 192 accepted.
[3 : mcmc] Progress @ 2025-04-23 22:07:07 : 888 steps taken, and 206 accepted.
[1 : mcmc] Progress @ 2025-04-23 22:07:12 : 878 steps taken, and 222 accepted.
[2 : mcmc] Progress @ 2025-04-23 22:07:49 : 892 steps taken, and 205 accepted.
[0 : mcmc] Progress @ 2025-04-23 22:09:20 : 885 steps taken, and 195 accepted.
[1 : mcmc] Progress @ 2025-04-23 22:09:20 : 886 steps taken, and 225 accepted.
[3 : mcmc] Progress @ 2025-04-23 22:09:26 : 897 steps taken, and 211 accepted.
[2 : mcmc] Progress @ 2025-04-23 22:09:51 : 899 steps taken, and 209 accepted.
[1 : mcmc] Progress @ 2025-04-23 22:11:28 : 894 steps taken, and 227 accepted.
[0 : mcmc] Progress @ 2025-04-23 22:11:37 : 894 steps taken, and 198 accepted.
[3 : mcmc] Progress @ 2025-04-23 22:11:41 : 905 steps taken, and 214 accepted.
[2 : mcmc] Progress @ 2025-04-23 22:11:58 : 907 steps taken, and 211 accepted.
[0 : mcmc] Progress @ 2025-04-23 22:13:39 : 901 steps taken, and 202 accepted.
[1 : mcmc] Progress @ 2025-04-23 22:13:47 : 902 steps taken, and 231 accepted.
[3 : mcmc] Progress @ 2025-04-23 22:13:56 : 913 steps taken, and 216 accepted.
[2 : mcmc] Progress @ 2025-04-23 22:13:59 : 914 steps taken, and 212 accepted.
[0 : mcmc] Progress @ 2025-04-23 22:15:56 : 910 steps taken, and 207 accepted.
[3 : mcmc] Progress @ 2025-04-23 22:15:57 : 921 steps taken, and 218 accepted.
[2 : mcmc] Progress @ 2025-04-23 22:16:05 : 922 steps taken, and 214 accepted.
[1 : mcmc] Progress @ 2025-04-23 22:16:06 : 911 steps taken, and 236 accepted.
[3 : mcmc] Progress @ 2025-04-23 22:18:02 : 928 steps taken, and 221 accepted.
[1 : mcmc] Learn + convergence test @ 240 samples accepted.
[1 : mcmc] Ready to check convergence and learn a new proposal covmat (waiting for the rest...)
[2 : mcmc] Progress @ 2025-04-23 22:18:13 : 930 steps taken, and 217 accepted.
[0 : mcmc] Progress @ 2025-04-23 22:18:14 : 918 steps taken, and 208 accepted.
[1 : mcmc] Progress @ 2025-04-23 22:18:22 : 920 steps taken, and 241 accepted.
[3 : mcmc] Progress @ 2025-04-23 22:20:09 : 936 steps taken, and 225 accepted.
[2 : mcmc] Progress @ 2025-04-23 22:20:20 : 938 steps taken, and 218 accepted.
[0 : mcmc] Progress @ 2025-04-23 22:20:23 : 926 steps taken, and 209 accepted.
[1 : mcmc] Progress @ 2025-04-23 22:20:40 : 929 steps taken, and 242 accepted.
[3 : mcmc] Progress @ 2025-04-23 22:22:11 : 943 steps taken, and 229 accepted.
[0 : mcmc] Progress @ 2025-04-23 22:22:28 : 933 steps taken, and 213 accepted.
[2 : mcmc] Progress @ 2025-04-23 22:22:33 : 945 steps taken, and 218 accepted.
[1 : mcmc] Progress @ 2025-04-23 22:22:42 : 936 steps taken, and 244 accepted.
[3 : mcmc] Progress @ 2025-04-23 22:24:23 : 951 steps taken, and 230 accepted.
[0 : mcmc] Progress @ 2025-04-23 22:24:29 : 940 steps taken, and 214 accepted.
[2 : mcmc] Progress @ 2025-04-23 22:24:43 : 953 steps taken, and 218 accepted.
[1 : mcmc] Progress @ 2025-04-23 22:24:50 : 944 steps taken, and 246 accepted.
[3 : mcmc] Progress @ 2025-04-23 22:26:31 : 959 steps taken, and 233 accepted.
[0 : mcmc] Progress @ 2025-04-23 22:26:38 : 948 steps taken, and 216 accepted.
[2 : mcmc] Progress @ 2025-04-23 22:26:43 : 961 steps taken, and 221 accepted.
[1 : mcmc] Progress @ 2025-04-23 22:27:00 : 952 steps taken, and 252 accepted.
[0 : mcmc] Progress @ 2025-04-23 22:28:42 : 956 steps taken, and 220 accepted.
[3 : mcmc] Progress @ 2025-04-23 22:28:49 : 967 steps taken, and 234 accepted.
[2 : mcmc] Progress @ 2025-04-23 22:28:50 : 968 steps taken, and 221 accepted.
[1 : mcmc] Progress @ 2025-04-23 22:29:10 : 959 steps taken, and 254 accepted.
[2 : mcmc] Progress @ 2025-04-23 22:30:59 : 976 steps taken, and 227 accepted.
[0 : mcmc] Progress @ 2025-04-23 22:30:59 : 964 steps taken, and 225 accepted.
[3 : mcmc] Progress @ 2025-04-23 22:31:00 : 975 steps taken, and 235 accepted.
[1 : mcmc] Progress @ 2025-04-23 22:31:14 : 967 steps taken, and 257 accepted.
[2 : mcmc] Progress @ 2025-04-23 22:33:04 : 984 steps taken, and 230 accepted.
[3 : mcmc] Progress @ 2025-04-23 22:33:04 : 983 steps taken, and 238 accepted.
[0 : mcmc] Progress @ 2025-04-23 22:33:08 : 972 steps taken, and 226 accepted.
[1 : mcmc] Progress @ 2025-04-23 22:33:21 : 975 steps taken, and 260 accepted.
[3 : mcmc] Learn + convergence test @ 240 samples accepted.
[3 : mcmc] Ready to check convergence and learn a new proposal covmat (waiting for the rest...)
[2 : mcmc] Progress @ 2025-04-23 22:35:12 : 992 steps taken, and 232 accepted.
[0 : mcmc] Progress @ 2025-04-23 22:35:21 : 980 steps taken, and 228 accepted.
[1 : mcmc] Progress @ 2025-04-23 22:35:23 : 982 steps taken, and 264 accepted.
[3 : mcmc] Progress @ 2025-04-23 22:35:26 : 992 steps taken, and 243 accepted.
[2 : mcmc] Progress @ 2025-04-23 22:37:30 : 1001 steps taken, and 236 accepted.
[1 : mcmc] Progress @ 2025-04-23 22:37:30 : 989 steps taken, and 267 accepted.
[0 : mcmc] Progress @ 2025-04-23 22:37:33 : 989 steps taken, and 230 accepted.
[3 : mcmc] Progress @ 2025-04-23 22:37:41 : 1000 steps taken, and 246 accepted.
[1 : mcmc] Progress @ 2025-04-23 22:39:31 : 996 steps taken, and 268 accepted.
[2 : mcmc] Progress @ 2025-04-23 22:39:33 : 1008 steps taken, and 238 accepted.
[0 : mcmc] Progress @ 2025-04-23 22:39:37 : 996 steps taken, and 231 accepted.
[3 : mcmc] Progress @ 2025-04-23 22:39:42 : 1007 steps taken, and 248 accepted.
[2 : mcmc] Learn + convergence test @ 240 samples accepted.
[2 : mcmc] Ready to check convergence and learn a new proposal covmat (waiting for the rest...)
[1 : mcmc] Progress @ 2025-04-23 22:41:37 : 1004 steps taken, and 270 accepted.
[0 : mcmc] Progress @ 2025-04-23 22:41:39 : 1003 steps taken, and 234 accepted.
[2 : mcmc] Progress @ 2025-04-23 22:41:40 : 1016 steps taken, and 240 accepted.
[3 : mcmc] Progress @ 2025-04-23 22:41:57 : 1015 steps taken, and 250 accepted.
[2 : mcmc] Progress @ 2025-04-23 22:43:41 : 1022 steps taken, and 242 accepted.
[0 : mcmc] Progress @ 2025-04-23 22:43:43 : 1010 steps taken, and 236 accepted.
[1 : mcmc] Progress @ 2025-04-23 22:43:50 : 1011 steps taken, and 272 accepted.
[3 : mcmc] Progress @ 2025-04-23 22:44:13 : 1023 steps taken, and 253 accepted.
[0 : mcmc] Progress @ 2025-04-23 22:45:45 : 1018 steps taken, and 239 accepted.
[2 : mcmc] Progress @ 2025-04-23 22:45:56 : 1030 steps taken, and 243 accepted.
[1 : mcmc] Progress @ 2025-04-23 22:46:01 : 1019 steps taken, and 274 accepted.
[3 : mcmc] Progress @ 2025-04-23 22:46:19 : 1031 steps taken, and 254 accepted.
[0 : mcmc] Learn + convergence test @ 240 samples accepted.
[0 : mcmc] Ready to check convergence and learn a new proposal covmat (waiting for the rest...)
[0 : mcmc] All chains are ready to check convergence and learn a new proposal covmat
[0 : mcmc]  - Acceptance rate: 0.325 = avg([0.3270, 0.3503, 0.2854, 0.3333])
[0 : mcmc]  - Convergence of means: R-1 = 0.189507 after 1017 accepted steps = sum([240, 276, 245, 256])
[0 : mcmc]  - Updated covariance matrix of proposal pdf.
[0 : mcmc] Progress @ 2025-04-23 22:47:55 : 1022 steps taken, and 241 accepted.
[1 : mcmc] Progress @ 2025-04-23 22:48:07 : 1027 steps taken, and 277 accepted.
[2 : mcmc] Progress @ 2025-04-23 22:48:07 : 1039 steps taken, and 246 accepted.
[3 : mcmc] Progress @ 2025-04-23 22:48:25 : 1037 steps taken, and 257 accepted.
[0 : mcmc] Progress @ 2025-04-23 22:50:02 : 1030 steps taken, and 244 accepted.
[2 : mcmc] Progress @ 2025-04-23 22:50:15 : 1047 steps taken, and 246 accepted.
[1 : mcmc] Progress @ 2025-04-23 22:50:19 : 1035 steps taken, and 278 accepted.
[3 : mcmc] Progress @ 2025-04-23 22:50:26 : 1045 steps taken, and 260 accepted.
[0 : mcmc] Progress @ 2025-04-23 22:52:10 : 1038 steps taken, and 245 accepted.
[1 : mcmc] Progress @ 2025-04-23 22:52:21 : 1043 steps taken, and 279 accepted.
[2 : mcmc] Progress @ 2025-04-23 22:52:24 : 1055 steps taken, and 250 accepted.
[3 : mcmc] Progress @ 2025-04-23 22:52:41 : 1053 steps taken, and 263 accepted.
[0 : mcmc] Progress @ 2025-04-23 22:54:29 : 1047 steps taken, and 249 accepted.
[1 : mcmc] Progress @ 2025-04-23 22:54:37 : 1051 steps taken, and 285 accepted.
[2 : mcmc] Progress @ 2025-04-23 22:54:39 : 1063 steps taken, and 251 accepted.
[3 : mcmc] Progress @ 2025-04-23 22:54:49 : 1061 steps taken, and 264 accepted.
[0 : mcmc] Progress @ 2025-04-23 22:56:34 : 1054 steps taken, and 252 accepted.
[1 : mcmc] Progress @ 2025-04-23 22:56:44 : 1059 steps taken, and 287 accepted.
[2 : mcmc] Progress @ 2025-04-23 22:56:47 : 1071 steps taken, and 255 accepted.
[3 : mcmc] Progress @ 2025-04-23 22:57:02 : 1069 steps taken, and 267 accepted.
[0 : mcmc] Progress @ 2025-04-23 22:58:43 : 1062 steps taken, and 255 accepted.
[2 : mcmc] Progress @ 2025-04-23 22:58:59 : 1079 steps taken, and 257 accepted.
[1 : mcmc] Progress @ 2025-04-23 22:59:02 : 1067 steps taken, and 291 accepted.
[3 : mcmc] Progress @ 2025-04-23 22:59:22 : 1077 steps taken, and 269 accepted.
[0 : mcmc] Progress @ 2025-04-23 23:00:55 : 1070 steps taken, and 257 accepted.
[1 : mcmc] Progress @ 2025-04-23 23:01:07 : 1075 steps taken, and 292 accepted.
[2 : mcmc] Progress @ 2025-04-23 23:01:09 : 1087 steps taken, and 258 accepted.
[3 : mcmc] Progress @ 2025-04-23 23:01:31 : 1085 steps taken, and 272 accepted.
[0 : mcmc] Progress @ 2025-04-23 23:03:03 : 1078 steps taken, and 257 accepted.
[1 : mcmc] Progress @ 2025-04-23 23:03:16 : 1083 steps taken, and 293 accepted.
[2 : mcmc] Progress @ 2025-04-23 23:03:23 : 1095 steps taken, and 260 accepted.
[3 : mcmc] Progress @ 2025-04-23 23:03:49 : 1094 steps taken, and 274 accepted.
[0 : mcmc] Progress @ 2025-04-23 23:05:20 : 1086 steps taken, and 259 accepted.
[1 : mcmc] Progress @ 2025-04-23 23:05:26 : 1091 steps taken, and 294 accepted.
[2 : mcmc] Progress @ 2025-04-23 23:05:43 : 1104 steps taken, and 261 accepted.
[3 : mcmc] Progress @ 2025-04-23 23:05:56 : 1102 steps taken, and 275 accepted.
[0 : mcmc] Progress @ 2025-04-23 23:07:29 : 1094 steps taken, and 259 accepted.
[1 : mcmc] Progress @ 2025-04-23 23:07:42 : 1099 steps taken, and 296 accepted.
[2 : mcmc] Progress @ 2025-04-23 23:07:51 : 1112 steps taken, and 263 accepted.
[3 : mcmc] Progress @ 2025-04-23 23:08:13 : 1111 steps taken, and 277 accepted.
[0 : mcmc] Progress @ 2025-04-23 23:09:39 : 1102 steps taken, and 259 accepted.
[1 : mcmc] Progress @ 2025-04-23 23:09:51 : 1107 steps taken, and 298 accepted.
[2 : mcmc] Progress @ 2025-04-23 23:10:07 : 1120 steps taken, and 265 accepted.
[3 : mcmc] Progress @ 2025-04-23 23:10:22 : 1119 steps taken, and 278 accepted.
[1 : mcmc] Learn + convergence test @ 300 samples accepted.
[1 : mcmc] Ready to check convergence and learn a new proposal covmat (waiting for the rest...)
[0 : mcmc] Progress @ 2025-04-23 23:11:44 : 1109 steps taken, and 262 accepted.
[1 : mcmc] Progress @ 2025-04-23 23:11:56 : 1115 steps taken, and 300 accepted.
[2 : mcmc] Progress @ 2025-04-23 23:12:12 : 1128 steps taken, and 269 accepted.
[3 : mcmc] Progress @ 2025-04-23 23:12:26 : 1127 steps taken, and 282 accepted.
[0 : mcmc] Progress @ 2025-04-23 23:13:55 : 1117 steps taken, and 265 accepted.
[1 : mcmc] Progress @ 2025-04-23 23:14:07 : 1123 steps taken, and 300 accepted.
[2 : mcmc] Progress @ 2025-04-23 23:14:21 : 1136 steps taken, and 272 accepted.
[3 : mcmc] Progress @ 2025-04-23 23:14:41 : 1135 steps taken, and 285 accepted.
[0 : mcmc] Progress @ 2025-04-23 23:15:59 : 1125 steps taken, and 266 accepted.
[1 : mcmc] Progress @ 2025-04-23 23:16:23 : 1131 steps taken, and 302 accepted.
[2 : mcmc] Progress @ 2025-04-23 23:16:29 : 1144 steps taken, and 273 accepted.
[3 : mcmc] Progress @ 2025-04-23 23:16:53 : 1144 steps taken, and 287 accepted.
[0 : mcmc] Progress @ 2025-04-23 23:18:07 : 1133 steps taken, and 269 accepted.
[2 : mcmc] Progress @ 2025-04-23 23:18:31 : 1152 steps taken, and 275 accepted.
[1 : mcmc] Progress @ 2025-04-23 23:18:32 : 1140 steps taken, and 306 accepted.
[3 : mcmc] Progress @ 2025-04-23 23:18:54 : 1151 steps taken, and 290 accepted.
[0 : mcmc] Progress @ 2025-04-23 23:20:09 : 1141 steps taken, and 270 accepted.
[2 : mcmc] Progress @ 2025-04-23 23:20:38 : 1160 steps taken, and 277 accepted.
[1 : mcmc] Progress @ 2025-04-23 23:20:39 : 1148 steps taken, and 309 accepted.
[3 : mcmc] Progress @ 2025-04-23 23:21:02 : 1160 steps taken, and 291 accepted.
[0 : mcmc] Progress @ 2025-04-23 23:22:10 : 1149 steps taken, and 272 accepted.
[1 : mcmc] Progress @ 2025-04-23 23:22:48 : 1157 steps taken, and 312 accepted.
[2 : mcmc] Progress @ 2025-04-23 23:22:50 : 1169 steps taken, and 280 accepted.
[3 : mcmc] Progress @ 2025-04-23 23:23:16 : 1169 steps taken, and 293 accepted.
[0 : mcmc] Progress @ 2025-04-23 23:24:25 : 1158 steps taken, and 273 accepted.
[1 : mcmc] Progress @ 2025-04-23 23:24:53 : 1165 steps taken, and 315 accepted.
[2 : mcmc] Progress @ 2025-04-23 23:25:04 : 1178 steps taken, and 281 accepted.
[3 : mcmc] Progress @ 2025-04-23 23:25:33 : 1178 steps taken, and 297 accepted.
[3 : mcmc] Learn + convergence test @ 300 samples accepted.
[3 : mcmc] Ready to check convergence and learn a new proposal covmat (waiting for the rest...)
[0 : mcmc] Progress @ 2025-04-23 23:26:27 : 1166 steps taken, and 276 accepted.
[1 : mcmc] Progress @ 2025-04-23 23:26:57 : 1173 steps taken, and 319 accepted.
[2 : mcmc] Progress @ 2025-04-23 23:27:17 : 1186 steps taken, and 284 accepted.
[3 : mcmc] Progress @ 2025-04-23 23:27:37 : 1188 steps taken, and 303 accepted.
[0 : mcmc] Progress @ 2025-04-23 23:28:27 : 1176 steps taken, and 278 accepted.
[1 : mcmc] Progress @ 2025-04-23 23:29:05 : 1180 steps taken, and 321 accepted.
[2 : mcmc] Progress @ 2025-04-23 23:29:23 : 1194 steps taken, and 287 accepted.
[3 : mcmc] Progress @ 2025-04-23 23:29:45 : 1198 steps taken, and 306 accepted.
[0 : mcmc] Progress @ 2025-04-23 23:30:41 : 1186 steps taken, and 280 accepted.
[1 : mcmc] Progress @ 2025-04-23 23:31:17 : 1187 steps taken, and 324 accepted.
[2 : mcmc] Progress @ 2025-04-23 23:31:29 : 1203 steps taken, and 289 accepted.
[3 : mcmc] Progress @ 2025-04-23 23:31:58 : 1207 steps taken, and 309 accepted.
[0 : mcmc] Progress @ 2025-04-23 23:33:00 : 1194 steps taken, and 281 accepted.
[1 : mcmc] Progress @ 2025-04-23 23:33:26 : 1194 steps taken, and 327 accepted.
[2 : mcmc] Progress @ 2025-04-23 23:33:39 : 1210 steps taken, and 293 accepted.
[3 : mcmc] Progress @ 2025-04-23 23:34:02 : 1214 steps taken, and 310 accepted.
[0 : mcmc] Progress @ 2025-04-23 23:35:11 : 1201 steps taken, and 284 accepted.
[1 : mcmc] Progress @ 2025-04-23 23:35:35 : 1201 steps taken, and 328 accepted.
[2 : mcmc] Progress @ 2025-04-23 23:35:46 : 1217 steps taken, and 294 accepted.
[3 : mcmc] Progress @ 2025-04-23 23:36:15 : 1221 steps taken, and 312 accepted.
[0 : mcmc] Progress @ 2025-04-23 23:37:24 : 1208 steps taken, and 286 accepted.
[1 : mcmc] Progress @ 2025-04-23 23:37:35 : 1208 steps taken, and 331 accepted.
[2 : mcmc] Progress @ 2025-04-23 23:37:46 : 1223 steps taken, and 296 accepted.
[3 : mcmc] Progress @ 2025-04-23 23:38:26 : 1228 steps taken, and 313 accepted.
[0 : mcmc] Progress @ 2025-04-23 23:39:26 : 1215 steps taken, and 287 accepted.
[1 : mcmc] Progress @ 2025-04-23 23:39:47 : 1215 steps taken, and 334 accepted.
[2 : mcmc] Progress @ 2025-04-23 23:39:48 : 1230 steps taken, and 298 accepted.
[3 : mcmc] Progress @ 2025-04-23 23:40:27 : 1235 steps taken, and 315 accepted.
[2 : mcmc] Learn + convergence test @ 300 samples accepted.
[2 : mcmc] Ready to check convergence and learn a new proposal covmat (waiting for the rest...)
[0 : mcmc] Progress @ 2025-04-23 23:41:29 : 1222 steps taken, and 291 accepted.
[1 : mcmc] Progress @ 2025-04-23 23:41:48 : 1222 steps taken, and 335 accepted.
[2 : mcmc] Progress @ 2025-04-23 23:41:49 : 1237 steps taken, and 301 accepted.
[3 : mcmc] Progress @ 2025-04-23 23:42:39 : 1242 steps taken, and 318 accepted.
[0 : mcmc] Progress @ 2025-04-23 23:43:52 : 1229 steps taken, and 292 accepted.
[1 : mcmc] Progress @ 2025-04-23 23:43:58 : 1229 steps taken, and 336 accepted.
[2 : mcmc] Progress @ 2025-04-23 23:44:09 : 1244 steps taken, and 304 accepted.
[3 : mcmc] Progress @ 2025-04-23 23:44:53 : 1249 steps taken, and 320 accepted.
[0 : mcmc] Progress @ 2025-04-23 23:45:56 : 1236 steps taken, and 293 accepted.
[1 : mcmc] Progress @ 2025-04-23 23:46:09 : 1236 steps taken, and 337 accepted.
[2 : mcmc] Progress @ 2025-04-23 23:46:21 : 1252 steps taken, and 305 accepted.
[3 : mcmc] Progress @ 2025-04-23 23:47:01 : 1256 steps taken, and 321 accepted.
[0 : mcmc] Progress @ 2025-04-23 23:48:08 : 1243 steps taken, and 295 accepted.
[1 : mcmc] Progress @ 2025-04-23 23:48:18 : 1243 steps taken, and 339 accepted.
[2 : mcmc] Progress @ 2025-04-23 23:48:32 : 1258 steps taken, and 307 accepted.
[3 : mcmc] Progress @ 2025-04-23 23:49:05 : 1263 steps taken, and 323 accepted.
[0 : mcmc] Progress @ 2025-04-23 23:50:18 : 1250 steps taken, and 297 accepted.
[1 : mcmc] Progress @ 2025-04-23 23:50:21 : 1250 steps taken, and 340 accepted.
[2 : mcmc] Progress @ 2025-04-23 23:50:47 : 1266 steps taken, and 308 accepted.
[3 : mcmc] Progress @ 2025-04-23 23:51:07 : 1270 steps taken, and 324 accepted.
[0 : mcmc] Progress @ 2025-04-23 23:52:33 : 1258 steps taken, and 299 accepted.
[1 : mcmc] Progress @ 2025-04-23 23:52:50 : 1257 steps taken, and 340 accepted.
[2 : mcmc] Progress @ 2025-04-23 23:52:54 : 1273 steps taken, and 309 accepted.
[0 : mcmc] Learn + convergence test @ 300 samples accepted.
[0 : mcmc] Ready to check convergence and learn a new proposal covmat (waiting for the rest...)
[0 : mcmc] All chains are ready to check convergence and learn a new proposal covmat
[3 : mcmc] Progress @ 2025-04-23 23:53:23 : 1277 steps taken, and 328 accepted.
[2 : mcmc] Progress @ 2025-04-23 23:55:00 : 1283 steps taken, and 309 accepted.
[0 : mcmc]  - Acceptance rate: 0.296 = avg([0.2918, 0.3155, 0.2549, 0.3178])
[0 : mcmc]  - Convergence of means: R-1 = 0.129777 after 1280 accepted steps = sum([300, 342, 310, 328])
[0 : mcmc]  - Updated covariance matrix of proposal pdf.
[3 : mcmc] Progress @ 2025-04-23 23:56:37 : 1278 steps taken, and 328 accepted.
[1 : mcmc] Progress @ 2025-04-23 23:56:38 : 1260 steps taken, and 343 accepted.
[0 : mcmc] Progress @ 2025-04-23 23:56:46 : 1262 steps taken, and 301 accepted.
[2 : mcmc] Progress @ 2025-04-23 23:57:12 : 1293 steps taken, and 312 accepted.
[3 : mcmc] Progress @ 2025-04-23 23:58:39 : 1285 steps taken, and 329 accepted.
[1 : mcmc] Progress @ 2025-04-23 23:58:48 : 1267 steps taken, and 345 accepted.
[0 : mcmc] Progress @ 2025-04-23 23:58:50 : 1269 steps taken, and 304 accepted.
[2 : mcmc] Progress @ 2025-04-23 23:59:30 : 1300 steps taken, and 312 accepted.
[1 : mcmc] Progress @ 2025-04-24 00:00:52 : 1274 steps taken, and 348 accepted.
[3 : mcmc] Progress @ 2025-04-24 00:00:52 : 1292 steps taken, and 332 accepted.
[0 : mcmc] Progress @ 2025-04-24 00:00:56 : 1275 steps taken, and 306 accepted.
[2 : mcmc] Progress @ 2025-04-24 00:01:40 : 1307 steps taken, and 314 accepted.
[3 : mcmc] Progress @ 2025-04-24 00:02:56 : 1299 steps taken, and 336 accepted.
[0 : mcmc] Progress @ 2025-04-24 00:02:56 : 1282 steps taken, and 307 accepted.
[1 : mcmc] Progress @ 2025-04-24 00:03:03 : 1281 steps taken, and 351 accepted.
[2 : mcmc] Progress @ 2025-04-24 00:04:01 : 1315 steps taken, and 317 accepted.
[0 : mcmc] Progress @ 2025-04-24 00:05:01 : 1289 steps taken, and 309 accepted.
[1 : mcmc] Progress @ 2025-04-24 00:05:11 : 1288 steps taken, and 353 accepted.
[3 : mcmc] Progress @ 2025-04-24 00:05:16 : 1306 steps taken, and 337 accepted.
[2 : mcmc] Progress @ 2025-04-24 00:06:03 : 1322 steps taken, and 318 accepted.
[0 : mcmc] Progress @ 2025-04-24 00:07:09 : 1296 steps taken, and 311 accepted.
[1 : mcmc] Progress @ 2025-04-24 00:07:23 : 1295 steps taken, and 355 accepted.
[3 : mcmc] Progress @ 2025-04-24 00:07:37 : 1314 steps taken, and 340 accepted.
[2 : mcmc] Progress @ 2025-04-24 00:08:20 : 1329 steps taken, and 321 accepted.
[0 : mcmc] Progress @ 2025-04-24 00:09:20 : 1303 steps taken, and 313 accepted.
[1 : mcmc] Progress @ 2025-04-24 00:09:23 : 1302 steps taken, and 357 accepted.
[3 : mcmc] Progress @ 2025-04-24 00:09:48 : 1321 steps taken, and 341 accepted.
[2 : mcmc] Progress @ 2025-04-24 00:10:22 : 1336 steps taken, and 323 accepted.
[1 : mcmc] Learn + convergence test @ 360 samples accepted.
[1 : mcmc] Ready to check convergence and learn a new proposal covmat (waiting for the rest...)
[0 : mcmc] Progress @ 2025-04-24 00:11:22 : 1310 steps taken, and 315 accepted.
[1 : mcmc] Progress @ 2025-04-24 00:11:29 : 1309 steps taken, and 361 accepted.
[3 : mcmc] Progress @ 2025-04-24 00:11:50 : 1328 steps taken, and 343 accepted.
[2 : mcmc] Progress @ 2025-04-24 00:12:25 : 1343 steps taken, and 327 accepted.
[1 : mcmc] Progress @ 2025-04-24 00:13:39 : 1316 steps taken, and 364 accepted.
[0 : mcmc] Progress @ 2025-04-24 00:13:44 : 1317 steps taken, and 317 accepted.
[3 : mcmc] Progress @ 2025-04-24 00:14:04 : 1335 steps taken, and 344 accepted.
[2 : mcmc] Progress @ 2025-04-24 00:14:32 : 1350 steps taken, and 330 accepted.
[1 : mcmc] Progress @ 2025-04-24 00:15:40 : 1323 steps taken, and 366 accepted.
[0 : mcmc] Progress @ 2025-04-24 00:15:49 : 1324 steps taken, and 318 accepted.
[3 : mcmc] Progress @ 2025-04-24 00:16:14 : 1342 steps taken, and 347 accepted.
[2 : mcmc] Progress @ 2025-04-24 00:16:42 : 1357 steps taken, and 330 accepted.
[1 : mcmc] Progress @ 2025-04-24 00:17:47 : 1330 steps taken, and 369 accepted.
[0 : mcmc] Progress @ 2025-04-24 00:17:50 : 1331 steps taken, and 321 accepted.
[3 : mcmc] Progress @ 2025-04-24 00:18:17 : 1349 steps taken, and 349 accepted.
[2 : mcmc] Progress @ 2025-04-24 00:18:51 : 1364 steps taken, and 330 accepted.
[1 : mcmc] Progress @ 2025-04-24 00:19:56 : 1337 steps taken, and 372 accepted.
[0 : mcmc] Progress @ 2025-04-24 00:20:01 : 1338 steps taken, and 323 accepted.
[3 : mcmc] Progress @ 2025-04-24 00:20:26 : 1356 steps taken, and 349 accepted.
[2 : mcmc] Progress @ 2025-04-24 00:20:52 : 1371 steps taken, and 333 accepted.
[0 : mcmc] Progress @ 2025-04-24 00:22:04 : 1345 steps taken, and 325 accepted.
[1 : mcmc] Progress @ 2025-04-24 00:22:08 : 1344 steps taken, and 375 accepted.
[3 : mcmc] Progress @ 2025-04-24 00:22:39 : 1363 steps taken, and 351 accepted.
[2 : mcmc] Progress @ 2025-04-24 00:22:58 : 1378 steps taken, and 338 accepted.
[0 : mcmc] Progress @ 2025-04-24 00:24:06 : 1351 steps taken, and 328 accepted.
[1 : mcmc] Progress @ 2025-04-24 00:24:21 : 1351 steps taken, and 377 accepted.
[3 : mcmc] Progress @ 2025-04-24 00:24:59 : 1371 steps taken, and 354 accepted.
[2 : mcmc] Progress @ 2025-04-24 00:25:08 : 1385 steps taken, and 342 accepted.
[0 : mcmc] Progress @ 2025-04-24 00:26:08 : 1359 steps taken, and 329 accepted.
[1 : mcmc] Progress @ 2025-04-24 00:26:27 : 1359 steps taken, and 379 accepted.
[3 : mcmc] Progress @ 2025-04-24 00:26:59 : 1379 steps taken, and 356 accepted.
[2 : mcmc] Progress @ 2025-04-24 00:27:12 : 1393 steps taken, and 343 accepted.
[0 : mcmc] Progress @ 2025-04-24 00:28:17 : 1367 steps taken, and 331 accepted.
[1 : mcmc] Progress @ 2025-04-24 00:28:43 : 1368 steps taken, and 382 accepted.
[3 : mcmc] Progress @ 2025-04-24 00:29:05 : 1387 steps taken, and 357 accepted.
[2 : mcmc] Progress @ 2025-04-24 00:29:20 : 1402 steps taken, and 347 accepted.
[0 : mcmc] Progress @ 2025-04-24 00:30:28 : 1375 steps taken, and 334 accepted.
[3 : mcmc] Learn + convergence test @ 360 samples accepted.
[3 : mcmc] Ready to check convergence and learn a new proposal covmat (waiting for the rest...)
[1 : mcmc] Progress @ 2025-04-24 00:30:46 : 1376 steps taken, and 383 accepted.
[3 : mcmc] Progress @ 2025-04-24 00:31:05 : 1395 steps taken, and 360 accepted.
[2 : mcmc] Progress @ 2025-04-24 00:31:29 : 1410 steps taken, and 348 accepted.
[0 : mcmc] Progress @ 2025-04-24 00:32:42 : 1384 steps taken, and 336 accepted.
[1 : mcmc] Progress @ 2025-04-24 00:33:04 : 1385 steps taken, and 383 accepted.
[3 : mcmc] Progress @ 2025-04-24 00:33:22 : 1404 steps taken, and 362 accepted.
[2 : mcmc] Progress @ 2025-04-24 00:33:37 : 1418 steps taken, and 349 accepted.
[0 : mcmc] Progress @ 2025-04-24 00:34:45 : 1391 steps taken, and 338 accepted.
[1 : mcmc] Progress @ 2025-04-24 00:35:09 : 1393 steps taken, and 385 accepted.
[3 : mcmc] Progress @ 2025-04-24 00:35:23 : 1412 steps taken, and 365 accepted.
[2 : mcmc] Progress @ 2025-04-24 00:35:48 : 1427 steps taken, and 351 accepted.
[0 : mcmc] Progress @ 2025-04-24 00:36:55 : 1400 steps taken, and 341 accepted.
[1 : mcmc] Progress @ 2025-04-24 00:37:12 : 1401 steps taken, and 386 accepted.
[3 : mcmc] Progress @ 2025-04-24 00:37:32 : 1420 steps taken, and 365 accepted.
[2 : mcmc] Progress @ 2025-04-24 00:37:57 : 1435 steps taken, and 353 accepted.
[0 : mcmc] Progress @ 2025-04-24 00:39:14 : 1408 steps taken, and 345 accepted.
[1 : mcmc] Progress @ 2025-04-24 00:39:17 : 1409 steps taken, and 387 accepted.
[3 : mcmc] Progress @ 2025-04-24 00:39:34 : 1428 steps taken, and 369 accepted.
[2 : mcmc] Progress @ 2025-04-24 00:39:59 : 1443 steps taken, and 356 accepted.
[2 : mcmc] Learn + convergence test @ 360 samples accepted.
[2 : mcmc] Ready to check convergence and learn a new proposal covmat (waiting for the rest...)
[0 : mcmc] Progress @ 2025-04-24 00:41:26 : 1417 steps taken, and 348 accepted.
[1 : mcmc] Progress @ 2025-04-24 00:41:31 : 1418 steps taken, and 391 accepted.
[3 : mcmc] Progress @ 2025-04-24 00:41:46 : 1437 steps taken, and 376 accepted.
[2 : mcmc] Progress @ 2025-04-24 00:42:01 : 1451 steps taken, and 360 accepted.
[0 : mcmc] Progress @ 2025-04-24 00:43:37 : 1425 steps taken, and 349 accepted.
[1 : mcmc] Progress @ 2025-04-24 00:43:39 : 1426 steps taken, and 391 accepted.
[3 : mcmc] Progress @ 2025-04-24 00:43:56 : 1445 steps taken, and 380 accepted.
[2 : mcmc] Progress @ 2025-04-24 00:44:09 : 1459 steps taken, and 361 accepted.
[1 : mcmc] Progress @ 2025-04-24 00:45:48 : 1435 steps taken, and 398 accepted.
[0 : mcmc] Progress @ 2025-04-24 00:45:48 : 1434 steps taken, and 352 accepted.
[2 : mcmc] Progress @ 2025-04-24 00:46:09 : 1467 steps taken, and 363 accepted.
[3 : mcmc] Progress @ 2025-04-24 00:46:13 : 1454 steps taken, and 383 accepted.
[0 : mcmc] Progress @ 2025-04-24 00:47:50 : 1442 steps taken, and 354 accepted.
[1 : mcmc] Progress @ 2025-04-24 00:47:57 : 1443 steps taken, and 403 accepted.
[2 : mcmc] Progress @ 2025-04-24 00:48:19 : 1475 steps taken, and 365 accepted.
[3 : mcmc] Progress @ 2025-04-24 00:48:21 : 1462 steps taken, and 384 accepted.
[0 : mcmc] Progress @ 2025-04-24 00:49:54 : 1450 steps taken, and 357 accepted.
[1 : mcmc] Progress @ 2025-04-24 00:49:58 : 1451 steps taken, and 405 accepted.
[2 : mcmc] Progress @ 2025-04-24 00:50:20 : 1483 steps taken, and 369 accepted.
[3 : mcmc] Progress @ 2025-04-24 00:50:23 : 1470 steps taken, and 387 accepted.
[0 : mcmc] Progress @ 2025-04-24 00:52:05 : 1458 steps taken, and 359 accepted.
[1 : mcmc] Progress @ 2025-04-24 00:52:07 : 1459 steps taken, and 412 accepted.
[3 : mcmc] Progress @ 2025-04-24 00:52:30 : 1478 steps taken, and 391 accepted.
[2 : mcmc] Progress @ 2025-04-24 00:52:38 : 1492 steps taken, and 372 accepted.
[0 : mcmc] Learn + convergence test @ 360 samples accepted.
[0 : mcmc] Ready to check convergence and learn a new proposal covmat (waiting for the rest...)
[0 : mcmc] All chains are ready to check convergence and learn a new proposal covmat
[1 : mcmc] Progress @ 2025-04-24 00:54:09 : 1468 steps taken, and 413 accepted.
[2 : mcmc] Progress @ 2025-04-24 00:54:45 : 1502 steps taken, and 373 accepted.
[0 : mcmc]  - Acceptance rate: 0.300 = avg([0.2880, 0.3339, 0.2630, 0.3107])
[0 : mcmc]  - Convergence of means: R-1 = 0.088484 after 1541 accepted steps = sum([360, 414, 374, 393])
[0 : mcmc]  - Updated covariance matrix of proposal pdf.
[3 : mcmc] Progress @ 2025-04-24 00:55:10 : 1485 steps taken, and 394 accepted.
[0 : mcmc] Progress @ 2025-04-24 00:55:16 : 1463 steps taken, and 361 accepted.
[1 : mcmc] Progress @ 2025-04-24 00:56:13 : 1473 steps taken, and 415 accepted.
[2 : mcmc] Progress @ 2025-04-24 00:57:00 : 1511 steps taken, and 375 accepted.
[3 : mcmc] Progress @ 2025-04-24 00:57:17 : 1493 steps taken, and 395 accepted.
[0 : mcmc] Progress @ 2025-04-24 00:57:20 : 1471 steps taken, and 364 accepted.
[1 : mcmc] Progress @ 2025-04-24 00:58:15 : 1481 steps taken, and 419 accepted.
[1 : mcmc] Learn + convergence test @ 420 samples accepted.
[1 : mcmc] Ready to check convergence and learn a new proposal covmat (waiting for the rest...)
[2 : mcmc] Progress @ 2025-04-24 00:59:09 : 1519 steps taken, and 379 accepted.
[3 : mcmc] Progress @ 2025-04-24 00:59:25 : 1502 steps taken, and 397 accepted.
[0 : mcmc] Progress @ 2025-04-24 00:59:28 : 1479 steps taken, and 370 accepted.
[1 : mcmc] Progress @ 2025-04-24 01:00:16 : 1489 steps taken, and 420 accepted.
[2 : mcmc] Progress @ 2025-04-24 01:01:27 : 1528 steps taken, and 382 accepted.
[3 : mcmc] Progress @ 2025-04-24 01:01:29 : 1510 steps taken, and 398 accepted.
[0 : mcmc] Progress @ 2025-04-24 01:01:41 : 1487 steps taken, and 372 accepted.
[1 : mcmc] Progress @ 2025-04-24 01:02:34 : 1498 steps taken, and 424 accepted.
[2 : mcmc] Progress @ 2025-04-24 01:03:27 : 1536 steps taken, and 382 accepted.
[3 : mcmc] Progress @ 2025-04-24 01:03:34 : 1518 steps taken, and 398 accepted.
[0 : mcmc] Progress @ 2025-04-24 01:03:44 : 1496 steps taken, and 373 accepted.
[1 : mcmc] Progress @ 2025-04-24 01:04:36 : 1506 steps taken, and 427 accepted.
[2 : mcmc] Progress @ 2025-04-24 01:05:36 : 1544 steps taken, and 384 accepted.
[3 : mcmc] Progress @ 2025-04-24 01:05:42 : 1526 steps taken, and 399 accepted.
[0 : mcmc] Progress @ 2025-04-24 01:05:50 : 1503 steps taken, and 374 accepted.
[1 : mcmc] Progress @ 2025-04-24 01:06:42 : 1514 steps taken, and 429 accepted.
[2 : mcmc] Progress @ 2025-04-24 01:07:42 : 1553 steps taken, and 386 accepted.
[3 : mcmc] Progress @ 2025-04-24 01:07:44 : 1534 steps taken, and 401 accepted.
[0 : mcmc] Progress @ 2025-04-24 01:07:52 : 1512 steps taken, and 377 accepted.
[1 : mcmc] Progress @ 2025-04-24 01:09:03 : 1522 steps taken, and 431 accepted.
[2 : mcmc] Progress @ 2025-04-24 01:09:46 : 1562 steps taken, and 389 accepted.
[3 : mcmc] Progress @ 2025-04-24 01:09:50 : 1543 steps taken, and 405 accepted.
[0 : mcmc] Progress @ 2025-04-24 01:09:55 : 1521 steps taken, and 379 accepted.
[1 : mcmc] Progress @ 2025-04-24 01:11:06 : 1530 steps taken, and 435 accepted.
[2 : mcmc] Progress @ 2025-04-24 01:11:51 : 1570 steps taken, and 391 accepted.
[3 : mcmc] Progress @ 2025-04-24 01:11:58 : 1552 steps taken, and 408 accepted.
[0 : mcmc] Progress @ 2025-04-24 01:12:12 : 1530 steps taken, and 383 accepted.
[1 : mcmc] Progress @ 2025-04-24 01:13:07 : 1538 steps taken, and 437 accepted.
[2 : mcmc] Progress @ 2025-04-24 01:13:51 : 1578 steps taken, and 393 accepted.
[3 : mcmc] Progress @ 2025-04-24 01:14:05 : 1560 steps taken, and 411 accepted.
[0 : mcmc] Progress @ 2025-04-24 01:14:15 : 1538 steps taken, and 383 accepted.
[1 : mcmc] Progress @ 2025-04-24 01:15:21 : 1547 steps taken, and 439 accepted.
[2 : mcmc] Progress @ 2025-04-24 01:16:00 : 1586 steps taken, and 396 accepted.
[3 : mcmc] Progress @ 2025-04-24 01:16:14 : 1568 steps taken, and 413 accepted.
[0 : mcmc] Progress @ 2025-04-24 01:16:22 : 1546 steps taken, and 387 accepted.
[1 : mcmc] Progress @ 2025-04-24 01:17:27 : 1555 steps taken, and 441 accepted.
[2 : mcmc] Progress @ 2025-04-24 01:18:05 : 1595 steps taken, and 398 accepted.
[0 : mcmc] Progress @ 2025-04-24 01:18:23 : 1554 steps taken, and 389 accepted.
[3 : mcmc] Progress @ 2025-04-24 01:18:26 : 1577 steps taken, and 416 accepted.
[1 : mcmc] Progress @ 2025-04-24 01:19:27 : 1563 steps taken, and 442 accepted.
[2 : mcmc] Progress @ 2025-04-24 01:20:14 : 1603 steps taken, and 399 accepted.
[0 : mcmc] Progress @ 2025-04-24 01:20:28 : 1562 steps taken, and 389 accepted.
[3 : mcmc] Progress @ 2025-04-24 01:20:33 : 1586 steps taken, and 419 accepted.
[3 : mcmc] Learn + convergence test @ 420 samples accepted.
[3 : mcmc] Ready to check convergence and learn a new proposal covmat (waiting for the rest...)
[1 : mcmc] Progress @ 2025-04-24 01:21:35 : 1571 steps taken, and 447 accepted.
[0 : mcmc] Progress @ 2025-04-24 01:22:30 : 1570 steps taken, and 392 accepted.
[2 : mcmc] Progress @ 2025-04-24 01:22:30 : 1612 steps taken, and 401 accepted.
[3 : mcmc] Progress @ 2025-04-24 01:22:37 : 1593 steps taken, and 420 accepted.
[1 : mcmc] Progress @ 2025-04-24 01:23:43 : 1580 steps taken, and 449 accepted.
[2 : mcmc] Progress @ 2025-04-24 01:24:37 : 1621 steps taken, and 405 accepted.
[0 : mcmc] Progress @ 2025-04-24 01:24:39 : 1579 steps taken, and 395 accepted.
[3 : mcmc] Progress @ 2025-04-24 01:24:48 : 1602 steps taken, and 421 accepted.
[1 : mcmc] Progress @ 2025-04-24 01:25:57 : 1589 steps taken, and 453 accepted.
[0 : mcmc] Progress @ 2025-04-24 01:26:41 : 1587 steps taken, and 398 accepted.
[3 : mcmc] Progress @ 2025-04-24 01:26:51 : 1610 steps taken, and 426 accepted.
[2 : mcmc] Progress @ 2025-04-24 01:26:55 : 1630 steps taken, and 409 accepted.
[1 : mcmc] Progress @ 2025-04-24 01:28:01 : 1598 steps taken, and 456 accepted.
[0 : mcmc] Progress @ 2025-04-24 01:28:43 : 1594 steps taken, and 402 accepted.
[3 : mcmc] Progress @ 2025-04-24 01:29:07 : 1619 steps taken, and 430 accepted.
[2 : mcmc] Progress @ 2025-04-24 01:29:12 : 1638 steps taken, and 414 accepted.
[1 : mcmc] Progress @ 2025-04-24 01:30:08 : 1608 steps taken, and 460 accepted.
[0 : mcmc] Progress @ 2025-04-24 01:30:47 : 1602 steps taken, and 404 accepted.
[3 : mcmc] Progress @ 2025-04-24 01:31:15 : 1627 steps taken, and 431 accepted.
[2 : mcmc] Progress @ 2025-04-24 01:31:28 : 1647 steps taken, and 416 accepted.
[1 : mcmc] Progress @ 2025-04-24 01:32:26 : 1617 steps taken, and 463 accepted.
[0 : mcmc] Progress @ 2025-04-24 01:32:54 : 1610 steps taken, and 405 accepted.
[3 : mcmc] Progress @ 2025-04-24 01:33:20 : 1636 steps taken, and 432 accepted.
[2 : mcmc] Progress @ 2025-04-24 01:33:42 : 1656 steps taken, and 420 accepted.
[2 : mcmc] Learn + convergence test @ 420 samples accepted.
[2 : mcmc] Ready to check convergence and learn a new proposal covmat (waiting for the rest...)
[1 : mcmc] Progress @ 2025-04-24 01:34:30 : 1625 steps taken, and 465 accepted.
[0 : mcmc] Progress @ 2025-04-24 01:34:58 : 1618 steps taken, and 407 accepted.
[3 : mcmc] Progress @ 2025-04-24 01:35:28 : 1645 steps taken, and 434 accepted.
[2 : mcmc] Progress @ 2025-04-24 01:35:58 : 1665 steps taken, and 423 accepted.
[1 : mcmc] Progress @ 2025-04-24 01:36:38 : 1634 steps taken, and 467 accepted.
[0 : mcmc] Progress @ 2025-04-24 01:36:59 : 1626 steps taken, and 410 accepted.
[3 : mcmc] Progress @ 2025-04-24 01:37:30 : 1653 steps taken, and 436 accepted.
[2 : mcmc] Progress @ 2025-04-24 01:38:15 : 1674 steps taken, and 425 accepted.
[1 : mcmc] Progress @ 2025-04-24 01:38:54 : 1643 steps taken, and 470 accepted.
[0 : mcmc] Progress @ 2025-04-24 01:39:01 : 1634 steps taken, and 413 accepted.
[3 : mcmc] Progress @ 2025-04-24 01:39:45 : 1662 steps taken, and 437 accepted.
[2 : mcmc] Progress @ 2025-04-24 01:40:33 : 1683 steps taken, and 428 accepted.
[0 : mcmc] Progress @ 2025-04-24 01:41:08 : 1642 steps taken, and 414 accepted.
[1 : mcmc] Progress @ 2025-04-24 01:41:09 : 1652 steps taken, and 472 accepted.
[3 : mcmc] Progress @ 2025-04-24 01:41:53 : 1671 steps taken, and 440 accepted.
[2 : mcmc] Progress @ 2025-04-24 01:42:49 : 1692 steps taken, and 433 accepted.
[0 : mcmc] Progress @ 2025-04-24 01:43:09 : 1650 steps taken, and 415 accepted.
[1 : mcmc] Progress @ 2025-04-24 01:43:15 : 1660 steps taken, and 474 accepted.
[3 : mcmc] Progress @ 2025-04-24 01:44:02 : 1679 steps taken, and 442 accepted.
[2 : mcmc] Progress @ 2025-04-24 01:44:59 : 1701 steps taken, and 438 accepted.
[0 : mcmc] Progress @ 2025-04-24 01:45:16 : 1658 steps taken, and 417 accepted.
[1 : mcmc] Progress @ 2025-04-24 01:45:29 : 1669 steps taken, and 477 accepted.
[3 : mcmc] Progress @ 2025-04-24 01:46:10 : 1687 steps taken, and 444 accepted.
[2 : mcmc] Progress @ 2025-04-24 01:47:04 : 1709 steps taken, and 439 accepted.
[0 : mcmc] Progress @ 2025-04-24 01:47:24 : 1667 steps taken, and 419 accepted.
[1 : mcmc] Progress @ 2025-04-24 01:47:31 : 1677 steps taken, and 479 accepted.
[0 : mcmc] Learn + convergence test @ 420 samples accepted.
[0 : mcmc] Ready to check convergence and learn a new proposal covmat (waiting for the rest...)
[0 : mcmc] All chains are ready to check convergence and learn a new proposal covmat
[3 : mcmc] Progress @ 2025-04-24 01:48:19 : 1696 steps taken, and 444 accepted.
[1 : mcmc] Learn + convergence test @ 480 samples accepted.
[2 : mcmc] Progress @ 2025-04-24 01:49:04 : 1718 steps taken, and 441 accepted.
[0 : mcmc]  - Acceptance rate: 0.295 = avg([0.2826, 0.3154, 0.2908, 0.2896])
[0 : mcmc]  - Convergence of means: R-1 = 0.065000 after 1787 accepted steps = sum([420, 481, 441, 445])
[0 : mcmc]  - Updated covariance matrix of proposal pdf.
[0 : mcmc] Progress @ 2025-04-24 01:49:30 : 1671 steps taken, and 420 accepted.
[1 : mcmc] Progress @ 2025-04-24 01:49:47 : 1685 steps taken, and 482 accepted.
[3 : mcmc] Progress @ 2025-04-24 01:50:32 : 1705 steps taken, and 447 accepted.
[2 : mcmc] Progress @ 2025-04-24 01:51:09 : 1725 steps taken, and 443 accepted.
[0 : mcmc] Progress @ 2025-04-24 01:51:43 : 1680 steps taken, and 422 accepted.
[1 : mcmc] Progress @ 2025-04-24 01:52:02 : 1694 steps taken, and 485 accepted.
[3 : mcmc] Progress @ 2025-04-24 01:52:38 : 1713 steps taken, and 451 accepted.
[2 : mcmc] Progress @ 2025-04-24 01:53:24 : 1734 steps taken, and 445 accepted.
[0 : mcmc] Progress @ 2025-04-24 01:53:53 : 1689 steps taken, and 422 accepted.
[1 : mcmc] Progress @ 2025-04-24 01:54:04 : 1702 steps taken, and 488 accepted.
[3 : mcmc] Progress @ 2025-04-24 01:54:48 : 1722 steps taken, and 452 accepted.
[2 : mcmc] Progress @ 2025-04-24 01:55:32 : 1742 steps taken, and 451 accepted.
[0 : mcmc] Progress @ 2025-04-24 01:55:53 : 1696 steps taken, and 424 accepted.
[1 : mcmc] Progress @ 2025-04-24 01:56:10 : 1710 steps taken, and 488 accepted.
[3 : mcmc] Progress @ 2025-04-24 01:56:56 : 1730 steps taken, and 454 accepted.
[2 : mcmc] Progress @ 2025-04-24 01:57:38 : 1751 steps taken, and 453 accepted.
[0 : mcmc] Progress @ 2025-04-24 01:57:54 : 1704 steps taken, and 427 accepted.
[1 : mcmc] Progress @ 2025-04-24 01:58:27 : 1719 steps taken, and 489 accepted.
[3 : mcmc] Progress @ 2025-04-24 01:59:14 : 1739 steps taken, and 456 accepted.
[2 : mcmc] Progress @ 2025-04-24 01:59:44 : 1759 steps taken, and 456 accepted.
[0 : mcmc] Progress @ 2025-04-24 02:00:04 : 1712 steps taken, and 430 accepted.
[1 : mcmc] Progress @ 2025-04-24 02:00:35 : 1727 steps taken, and 490 accepted.
[3 : mcmc] Progress @ 2025-04-24 02:01:30 : 1748 steps taken, and 456 accepted.
[2 : mcmc] Progress @ 2025-04-24 02:01:54 : 1768 steps taken, and 456 accepted.
[0 : mcmc] Progress @ 2025-04-24 02:02:16 : 1721 steps taken, and 431 accepted.
[1 : mcmc] Progress @ 2025-04-24 02:02:47 : 1736 steps taken, and 492 accepted.
[3 : mcmc] Progress @ 2025-04-24 02:03:42 : 1757 steps taken, and 458 accepted.
[2 : mcmc] Progress @ 2025-04-24 02:04:02 : 1776 steps taken, and 458 accepted.
[0 : mcmc] Progress @ 2025-04-24 02:04:35 : 1730 steps taken, and 434 accepted.
[1 : mcmc] Progress @ 2025-04-24 02:05:00 : 1744 steps taken, and 493 accepted.
[3 : mcmc] Progress @ 2025-04-24 02:05:50 : 1765 steps taken, and 461 accepted.
[2 : mcmc] Progress @ 2025-04-24 02:06:18 : 1785 steps taken, and 462 accepted.
[0 : mcmc] Progress @ 2025-04-24 02:06:43 : 1738 steps taken, and 435 accepted.
[1 : mcmc] Progress @ 2025-04-24 02:07:04 : 1753 steps taken, and 496 accepted.
[3 : mcmc] Progress @ 2025-04-24 02:07:59 : 1774 steps taken, and 464 accepted.
[2 : mcmc] Progress @ 2025-04-24 02:08:33 : 1794 steps taken, and 465 accepted.
[0 : mcmc] Progress @ 2025-04-24 02:08:58 : 1747 steps taken, and 435 accepted.
[1 : mcmc] Progress @ 2025-04-24 02:09:18 : 1761 steps taken, and 497 accepted.
[3 : mcmc] Progress @ 2025-04-24 02:10:06 : 1782 steps taken, and 465 accepted.
[2 : mcmc] Progress @ 2025-04-24 02:10:42 : 1803 steps taken, and 469 accepted.
[0 : mcmc] Progress @ 2025-04-24 02:10:58 : 1755 steps taken, and 438 accepted.
[1 : mcmc] Progress @ 2025-04-24 02:11:26 : 1770 steps taken, and 500 accepted.
[3 : mcmc] Progress @ 2025-04-24 02:12:06 : 1790 steps taken, and 468 accepted.
[2 : mcmc] Progress @ 2025-04-24 02:12:48 : 1811 steps taken, and 472 accepted.
[0 : mcmc] Progress @ 2025-04-24 02:12:58 : 1763 steps taken, and 443 accepted.
[1 : mcmc] Progress @ 2025-04-24 02:13:33 : 1778 steps taken, and 503 accepted.
[3 : mcmc] Progress @ 2025-04-24 02:14:12 : 1798 steps taken, and 474 accepted.
[2 : mcmc] Progress @ 2025-04-24 02:15:00 : 1820 steps taken, and 477 accepted.
[0 : mcmc] Progress @ 2025-04-24 02:15:06 : 1771 steps taken, and 444 accepted.
[1 : mcmc] Progress @ 2025-04-24 02:15:34 : 1786 steps taken, and 506 accepted.
[3 : mcmc] Progress @ 2025-04-24 02:16:29 : 1807 steps taken, and 474 accepted.
[2 : mcmc] Progress @ 2025-04-24 02:17:17 : 1829 steps taken, and 479 accepted.
[0 : mcmc] Progress @ 2025-04-24 02:17:25 : 1780 steps taken, and 447 accepted.
[1 : mcmc] Progress @ 2025-04-24 02:17:47 : 1795 steps taken, and 510 accepted.
[2 : mcmc] Learn + convergence test @ 480 samples accepted.
[2 : mcmc] Ready to check convergence and learn a new proposal covmat (waiting for the rest...)
[3 : mcmc] Progress @ 2025-04-24 02:18:42 : 1816 steps taken, and 476 accepted.
[2 : mcmc] Progress @ 2025-04-24 02:19:22 : 1837 steps taken, and 480 accepted.
[0 : mcmc] Progress @ 2025-04-24 02:19:27 : 1789 steps taken, and 447 accepted.
[1 : mcmc] Progress @ 2025-04-24 02:19:52 : 1803 steps taken, and 513 accepted.
[3 : mcmc] Progress @ 2025-04-24 02:20:45 : 1824 steps taken, and 478 accepted.
[2 : mcmc] Progress @ 2025-04-24 02:21:29 : 1846 steps taken, and 482 accepted.
[0 : mcmc] Progress @ 2025-04-24 02:21:40 : 1798 steps taken, and 450 accepted.
[1 : mcmc] Progress @ 2025-04-24 02:22:05 : 1811 steps taken, and 516 accepted.
[3 : mcmc] Progress @ 2025-04-24 02:22:45 : 1832 steps taken, and 479 accepted.
[3 : mcmc] Learn + convergence test @ 480 samples accepted.
[3 : mcmc] Ready to check convergence and learn a new proposal covmat (waiting for the rest...)
[2 : mcmc] Progress @ 2025-04-24 02:23:34 : 1854 steps taken, and 484 accepted.
[0 : mcmc] Progress @ 2025-04-24 02:23:40 : 1806 steps taken, and 454 accepted.
[1 : mcmc] Progress @ 2025-04-24 02:24:10 : 1819 steps taken, and 521 accepted.
[3 : mcmc] Progress @ 2025-04-24 02:25:02 : 1840 steps taken, and 481 accepted.
[2 : mcmc] Progress @ 2025-04-24 02:25:35 : 1862 steps taken, and 487 accepted.
[0 : mcmc] Progress @ 2025-04-24 02:25:58 : 1815 steps taken, and 457 accepted.
[1 : mcmc] Progress @ 2025-04-24 02:26:27 : 1828 steps taken, and 523 accepted.
[3 : mcmc] Progress @ 2025-04-24 02:27:03 : 1849 steps taken, and 485 accepted.
[2 : mcmc] Progress @ 2025-04-24 02:27:38 : 1870 steps taken, and 489 accepted.
[0 : mcmc] Progress @ 2025-04-24 02:27:59 : 1823 steps taken, and 459 accepted.
[1 : mcmc] Progress @ 2025-04-24 02:28:36 : 1837 steps taken, and 528 accepted.
[3 : mcmc] Progress @ 2025-04-24 02:29:10 : 1857 steps taken, and 486 accepted.
[2 : mcmc] Progress @ 2025-04-24 02:29:54 : 1879 steps taken, and 492 accepted.
[0 : mcmc] Progress @ 2025-04-24 02:30:00 : 1831 steps taken, and 461 accepted.
[1 : mcmc] Progress @ 2025-04-24 02:30:42 : 1845 steps taken, and 529 accepted.
[3 : mcmc] Progress @ 2025-04-24 02:31:17 : 1865 steps taken, and 491 accepted.
[2 : mcmc] Progress @ 2025-04-24 02:32:00 : 1888 steps taken, and 495 accepted.
[0 : mcmc] Progress @ 2025-04-24 02:32:18 : 1840 steps taken, and 462 accepted.
[1 : mcmc] Progress @ 2025-04-24 02:32:57 : 1854 steps taken, and 531 accepted.
[3 : mcmc] Progress @ 2025-04-24 02:33:22 : 1874 steps taken, and 496 accepted.
[2 : mcmc] Progress @ 2025-04-24 02:34:05 : 1896 steps taken, and 499 accepted.
[0 : mcmc] Progress @ 2025-04-24 02:34:27 : 1848 steps taken, and 464 accepted.
[1 : mcmc] Progress @ 2025-04-24 02:35:14 : 1863 steps taken, and 533 accepted.
[3 : mcmc] Progress @ 2025-04-24 02:35:31 : 1882 steps taken, and 499 accepted.
[2 : mcmc] Progress @ 2025-04-24 02:36:12 : 1904 steps taken, and 502 accepted.
[0 : mcmc] Progress @ 2025-04-24 02:36:35 : 1856 steps taken, and 465 accepted.
[1 : mcmc] Progress @ 2025-04-24 02:37:22 : 1871 steps taken, and 533 accepted.
[3 : mcmc] Progress @ 2025-04-24 02:37:35 : 1890 steps taken, and 505 accepted.
[2 : mcmc] Progress @ 2025-04-24 02:38:14 : 1912 steps taken, and 503 accepted.
[0 : mcmc] Progress @ 2025-04-24 02:38:38 : 1864 steps taken, and 468 accepted.
[1 : mcmc] Progress @ 2025-04-24 02:39:25 : 1880 steps taken, and 535 accepted.
[3 : mcmc] Progress @ 2025-04-24 02:39:36 : 1898 steps taken, and 509 accepted.
[2 : mcmc] Progress @ 2025-04-24 02:40:29 : 1921 steps taken, and 504 accepted.
[0 : mcmc] Progress @ 2025-04-24 02:40:40 : 1872 steps taken, and 470 accepted.
[1 : mcmc] Progress @ 2025-04-24 02:41:30 : 1887 steps taken, and 536 accepted.
[3 : mcmc] Progress @ 2025-04-24 02:41:38 : 1906 steps taken, and 511 accepted.
[2 : mcmc] Progress @ 2025-04-24 02:42:31 : 1929 steps taken, and 504 accepted.
[0 : mcmc] Progress @ 2025-04-24 02:42:41 : 1880 steps taken, and 471 accepted.
[1 : mcmc] Progress @ 2025-04-24 02:43:41 : 1896 steps taken, and 537 accepted.
[3 : mcmc] Progress @ 2025-04-24 02:43:47 : 1914 steps taken, and 512 accepted.
[2 : mcmc] Progress @ 2025-04-24 02:44:40 : 1937 steps taken, and 505 accepted.
[0 : mcmc] Progress @ 2025-04-24 02:44:42 : 1887 steps taken, and 471 accepted.
[1 : mcmc] Progress @ 2025-04-24 02:45:41 : 1904 steps taken, and 538 accepted.
[3 : mcmc] Progress @ 2025-04-24 02:45:55 : 1922 steps taken, and 516 accepted.
[0 : mcmc] Progress @ 2025-04-24 02:46:46 : 1895 steps taken, and 475 accepted.
[1 : mcmc] Learn + convergence test @ 540 samples accepted.
[1 : mcmc] Ready to check convergence and learn a new proposal covmat (waiting for the rest...)
[2 : mcmc] Progress @ 2025-04-24 02:46:57 : 1947 steps taken, and 507 accepted.
[1 : mcmc] Progress @ 2025-04-24 02:47:59 : 1913 steps taken, and 541 accepted.
[3 : mcmc] Progress @ 2025-04-24 02:48:07 : 1931 steps taken, and 520 accepted.
[0 : mcmc] Progress @ 2025-04-24 02:48:46 : 1903 steps taken, and 478 accepted.
[2 : mcmc] Progress @ 2025-04-24 02:49:06 : 1956 steps taken, and 510 accepted.
[0 : mcmc] Learn + convergence test @ 480 samples accepted.
[0 : mcmc] Ready to check convergence and learn a new proposal covmat (waiting for the rest...)
[0 : mcmc] All chains are ready to check convergence and learn a new proposal covmat
[1 : mcmc] Progress @ 2025-04-24 02:50:01 : 1921 steps taken, and 542 accepted.
[3 : mcmc] Progress @ 2025-04-24 02:50:18 : 1940 steps taken, and 523 accepted.
[0 : mcmc]  - Acceptance rate: 0.287 = avg([0.2709, 0.2960, 0.2883, 0.2911])
[0 : mcmc]  - Convergence of means: R-1 = 0.087523 after 2059 accepted steps = sum([480, 543, 512, 524])
[0 : mcmc]  - Updated covariance matrix of proposal pdf.
[1 : mcmc] Progress @ 2025-04-24 02:52:23 : 1926 steps taken, and 544 accepted.
[0 : mcmc] Progress @ 2025-04-24 02:52:25 : 1907 steps taken, and 481 accepted.
[2 : mcmc] Progress @ 2025-04-24 02:52:26 : 1961 steps taken, and 512 accepted.
[3 : mcmc] Progress @ 2025-04-24 02:52:36 : 1952 steps taken, and 524 accepted.
[1 : mcmc] Progress @ 2025-04-24 02:54:24 : 1934 steps taken, and 546 accepted.
[0 : mcmc] Progress @ 2025-04-24 02:54:26 : 1915 steps taken, and 484 accepted.
[2 : mcmc] Progress @ 2025-04-24 02:54:27 : 1969 steps taken, and 515 accepted.
[3 : mcmc] Progress @ 2025-04-24 02:54:42 : 1960 steps taken, and 527 accepted.
[1 : mcmc] Progress @ 2025-04-24 02:56:33 : 1942 steps taken, and 547 accepted.
[2 : mcmc] Progress @ 2025-04-24 02:56:36 : 1977 steps taken, and 517 accepted.
[0 : mcmc] Progress @ 2025-04-24 02:56:39 : 1924 steps taken, and 487 accepted.
[3 : mcmc] Progress @ 2025-04-24 02:56:42 : 1968 steps taken, and 531 accepted.
[1 : mcmc] Progress @ 2025-04-24 02:58:37 : 1950 steps taken, and 548 accepted.
[2 : mcmc] Progress @ 2025-04-24 02:58:45 : 1985 steps taken, and 520 accepted.
[3 : mcmc] Progress @ 2025-04-24 02:58:51 : 1977 steps taken, and 533 accepted.
[0 : mcmc] Progress @ 2025-04-24 02:58:52 : 1932 steps taken, and 489 accepted.
[1 : mcmc] Progress @ 2025-04-24 03:00:44 : 1958 steps taken, and 549 accepted.
[0 : mcmc] Progress @ 2025-04-24 03:00:53 : 1940 steps taken, and 491 accepted.
[2 : mcmc] Progress @ 2025-04-24 03:00:55 : 1994 steps taken, and 524 accepted.
[3 : mcmc] Progress @ 2025-04-24 03:01:00 : 1985 steps taken, and 537 accepted.
[1 : mcmc] Progress @ 2025-04-24 03:02:44 : 1966 steps taken, and 553 accepted.
[2 : mcmc] Progress @ 2025-04-24 03:03:03 : 2002 steps taken, and 526 accepted.
[0 : mcmc] Progress @ 2025-04-24 03:03:03 : 1948 steps taken, and 493 accepted.
[3 : mcmc] Progress @ 2025-04-24 03:03:07 : 1993 steps taken, and 538 accepted.
[3 : mcmc] Learn + convergence test @ 540 samples accepted.
[3 : mcmc] Ready to check convergence and learn a new proposal covmat (waiting for the rest...)
[1 : mcmc] Progress @ 2025-04-24 03:05:01 : 1975 steps taken, and 556 accepted.
[2 : mcmc] Progress @ 2025-04-24 03:05:12 : 2011 steps taken, and 528 accepted.
[0 : mcmc] Progress @ 2025-04-24 03:05:20 : 1957 steps taken, and 495 accepted.
[3 : mcmc] Progress @ 2025-04-24 03:05:23 : 2002 steps taken, and 541 accepted.
[1 : mcmc] Progress @ 2025-04-24 03:07:02 : 1983 steps taken, and 558 accepted.
[2 : mcmc] Progress @ 2025-04-24 03:07:18 : 2019 steps taken, and 529 accepted.
[3 : mcmc] Progress @ 2025-04-24 03:07:24 : 2010 steps taken, and 543 accepted.
[0 : mcmc] Progress @ 2025-04-24 03:07:29 : 1965 steps taken, and 500 accepted.
[1 : mcmc] Progress @ 2025-04-24 03:09:10 : 1991 steps taken, and 562 accepted.
[3 : mcmc] Progress @ 2025-04-24 03:09:33 : 2019 steps taken, and 545 accepted.
[2 : mcmc] Progress @ 2025-04-24 03:09:34 : 2028 steps taken, and 531 accepted.
[0 : mcmc] Progress @ 2025-04-24 03:09:41 : 1974 steps taken, and 503 accepted.
[1 : mcmc] Progress @ 2025-04-24 03:11:11 : 1999 steps taken, and 564 accepted.
[3 : mcmc] Progress @ 2025-04-24 03:11:34 : 2026 steps taken, and 547 accepted.
[2 : mcmc] Progress @ 2025-04-24 03:11:35 : 2036 steps taken, and 534 accepted.
[0 : mcmc] Progress @ 2025-04-24 03:11:43 : 1982 steps taken, and 507 accepted.
[1 : mcmc] Progress @ 2025-04-24 03:13:21 : 2008 steps taken, and 567 accepted.
[3 : mcmc] Progress @ 2025-04-24 03:13:35 : 2034 steps taken, and 549 accepted.
[2 : mcmc] Progress @ 2025-04-24 03:13:41 : 2044 steps taken, and 536 accepted.
[0 : mcmc] Progress @ 2025-04-24 03:13:45 : 1990 steps taken, and 508 accepted.
[1 : mcmc] Progress @ 2025-04-24 03:15:24 : 2016 steps taken, and 568 accepted.
[3 : mcmc] Progress @ 2025-04-24 03:15:41 : 2042 steps taken, and 550 accepted.
[2 : mcmc] Progress @ 2025-04-24 03:15:49 : 2053 steps taken, and 537 accepted.
[0 : mcmc] Progress @ 2025-04-24 03:15:53 : 1998 steps taken, and 510 accepted.
[1 : mcmc] Progress @ 2025-04-24 03:17:33 : 2024 steps taken, and 571 accepted.
[3 : mcmc] Progress @ 2025-04-24 03:17:51 : 2051 steps taken, and 553 accepted.
[2 : mcmc] Progress @ 2025-04-24 03:17:55 : 2061 steps taken, and 539 accepted.
[0 : mcmc] Progress @ 2025-04-24 03:18:01 : 2006 steps taken, and 511 accepted.
[2 : mcmc] Learn + convergence test @ 540 samples accepted.
[2 : mcmc] Ready to check convergence and learn a new proposal covmat (waiting for the rest...)
[1 : mcmc] Progress @ 2025-04-24 03:19:48 : 2033 steps taken, and 573 accepted.
[3 : mcmc] Progress @ 2025-04-24 03:19:58 : 2059 steps taken, and 555 accepted.
[2 : mcmc] Progress @ 2025-04-24 03:20:11 : 2070 steps taken, and 542 accepted.
[0 : mcmc] Progress @ 2025-04-24 03:20:13 : 2015 steps taken, and 513 accepted.
[1 : mcmc] Progress @ 2025-04-24 03:22:03 : 2042 steps taken, and 577 accepted.
[3 : mcmc] Progress @ 2025-04-24 03:22:11 : 2068 steps taken, and 557 accepted.
[2 : mcmc] Progress @ 2025-04-24 03:22:20 : 2078 steps taken, and 544 accepted.
[0 : mcmc] Progress @ 2025-04-24 03:22:23 : 2024 steps taken, and 519 accepted.
[1 : mcmc] Progress @ 2025-04-24 03:24:10 : 2051 steps taken, and 580 accepted.
[3 : mcmc] Progress @ 2025-04-24 03:24:21 : 2077 steps taken, and 558 accepted.
[2 : mcmc] Progress @ 2025-04-24 03:24:34 : 2087 steps taken, and 548 accepted.
[0 : mcmc] Progress @ 2025-04-24 03:24:42 : 2033 steps taken, and 521 accepted.
[1 : mcmc] Progress @ 2025-04-24 03:26:14 : 2059 steps taken, and 580 accepted.
[3 : mcmc] Progress @ 2025-04-24 03:26:35 : 2085 steps taken, and 559 accepted.
[0 : mcmc] Progress @ 2025-04-24 03:26:49 : 2041 steps taken, and 527 accepted.
[2 : mcmc] Progress @ 2025-04-24 03:26:50 : 2096 steps taken, and 551 accepted.
[1 : mcmc] Progress @ 2025-04-24 03:28:31 : 2068 steps taken, and 582 accepted.
[3 : mcmc] Progress @ 2025-04-24 03:28:44 : 2094 steps taken, and 560 accepted.
[0 : mcmc] Progress @ 2025-04-24 03:29:04 : 2050 steps taken, and 529 accepted.
[2 : mcmc] Progress @ 2025-04-24 03:29:06 : 2105 steps taken, and 556 accepted.
[1 : mcmc] Progress @ 2025-04-24 03:30:40 : 2076 steps taken, and 586 accepted.
[3 : mcmc] Progress @ 2025-04-24 03:30:59 : 2103 steps taken, and 563 accepted.
[0 : mcmc] Progress @ 2025-04-24 03:31:08 : 2058 steps taken, and 529 accepted.
[2 : mcmc] Progress @ 2025-04-24 03:31:17 : 2113 steps taken, and 558 accepted.
[1 : mcmc] Progress @ 2025-04-24 03:32:54 : 2085 steps taken, and 590 accepted.
[3 : mcmc] Progress @ 2025-04-24 03:33:13 : 2112 steps taken, and 565 accepted.
[0 : mcmc] Progress @ 2025-04-24 03:33:19 : 2066 steps taken, and 533 accepted.
[2 : mcmc] Progress @ 2025-04-24 03:33:34 : 2122 steps taken, and 561 accepted.
[1 : mcmc] Progress @ 2025-04-24 03:35:02 : 2093 steps taken, and 594 accepted.
[3 : mcmc] Progress @ 2025-04-24 03:35:22 : 2121 steps taken, and 568 accepted.
[0 : mcmc] Progress @ 2025-04-24 03:35:29 : 2075 steps taken, and 536 accepted.
[2 : mcmc] Progress @ 2025-04-24 03:35:51 : 2131 steps taken, and 563 accepted.
[1 : mcmc] Progress @ 2025-04-24 03:37:12 : 2102 steps taken, and 596 accepted.
[3 : mcmc] Progress @ 2025-04-24 03:37:27 : 2129 steps taken, and 571 accepted.
[0 : mcmc] Progress @ 2025-04-24 03:37:37 : 2083 steps taken, and 537 accepted.
[2 : mcmc] Progress @ 2025-04-24 03:38:06 : 2140 steps taken, and 564 accepted.
[1 : mcmc] Progress @ 2025-04-24 03:39:18 : 2110 steps taken, and 597 accepted.
[3 : mcmc] Progress @ 2025-04-24 03:39:36 : 2137 steps taken, and 573 accepted.
[0 : mcmc] Progress @ 2025-04-24 03:39:53 : 2092 steps taken, and 538 accepted.
[2 : mcmc] Progress @ 2025-04-24 03:40:06 : 2148 steps taken, and 568 accepted.
[1 : mcmc] Progress @ 2025-04-24 03:41:23 : 2119 steps taken, and 598 accepted.
[3 : mcmc] Progress @ 2025-04-24 03:41:46 : 2146 steps taken, and 575 accepted.
[0 : mcmc] Progress @ 2025-04-24 03:42:02 : 2101 steps taken, and 538 accepted.
[2 : mcmc] Progress @ 2025-04-24 03:42:15 : 2157 steps taken, and 573 accepted.
[1 : mcmc] Learn + convergence test @ 600 samples accepted.
[1 : mcmc] Ready to check convergence and learn a new proposal covmat (waiting for the rest...)
[0 : mcmc] Learn + convergence test @ 540 samples accepted.
[0 : mcmc] Ready to check convergence and learn a new proposal covmat (waiting for the rest...)
[0 : mcmc] All chains are ready to check convergence and learn a new proposal covmat
[1 : mcmc] Progress @ 2025-04-24 03:43:37 : 2127 steps taken, and 601 accepted.
[3 : mcmc] Progress @ 2025-04-24 03:43:47 : 2154 steps taken, and 578 accepted.
[0 : mcmc]  - Acceptance rate: 0.290 = avg([0.2789, 0.2966, 0.2966, 0.2868])
[0 : mcmc]  - Convergence of means: R-1 = 0.142437 after 2295 accepted steps = sum([540, 601, 575, 579])
[0 : mcmc]  - Updated covariance matrix of proposal pdf.
[2 : mcmc] Progress @ 2025-04-24 03:44:41 : 2165 steps taken, and 575 accepted.
[0 : mcmc] Progress @ 2025-04-24 03:44:50 : 2107 steps taken, and 540 accepted.
[1 : mcmc] Progress @ 2025-04-24 03:45:48 : 2133 steps taken, and 602 accepted.
[3 : mcmc] Progress @ 2025-04-24 03:45:52 : 2163 steps taken, and 582 accepted.
[2 : mcmc] Progress @ 2025-04-24 03:46:57 : 2174 steps taken, and 578 accepted.
[0 : mcmc] Progress @ 2025-04-24 03:46:58 : 2116 steps taken, and 541 accepted.
[1 : mcmc] Progress @ 2025-04-24 03:47:54 : 2141 steps taken, and 605 accepted.
[3 : mcmc] Progress @ 2025-04-24 03:48:00 : 2172 steps taken, and 584 accepted.
[0 : mcmc] Progress @ 2025-04-24 03:48:59 : 2123 steps taken, and 545 accepted.
[2 : mcmc] Progress @ 2025-04-24 03:49:02 : 2182 steps taken, and 579 accepted.
[1 : mcmc] Progress @ 2025-04-24 03:49:55 : 2149 steps taken, and 608 accepted.
[3 : mcmc] Progress @ 2025-04-24 03:50:07 : 2180 steps taken, and 586 accepted.
[0 : mcmc] Progress @ 2025-04-24 03:51:16 : 2132 steps taken, and 546 accepted.
[2 : mcmc] Progress @ 2025-04-24 03:51:19 : 2191 steps taken, and 579 accepted.
[1 : mcmc] Progress @ 2025-04-24 03:52:01 : 2157 steps taken, and 610 accepted.
[3 : mcmc] Progress @ 2025-04-24 03:52:25 : 2189 steps taken, and 587 accepted.
[0 : mcmc] Progress @ 2025-04-24 03:53:17 : 2140 steps taken, and 548 accepted.
[2 : mcmc] Progress @ 2025-04-24 03:53:29 : 2200 steps taken, and 581 accepted.
[1 : mcmc] Progress @ 2025-04-24 03:54:02 : 2166 steps taken, and 611 accepted.
[3 : mcmc] Progress @ 2025-04-24 03:54:28 : 2197 steps taken, and 591 accepted.
[0 : mcmc] Progress @ 2025-04-24 03:55:26 : 2148 steps taken, and 550 accepted.
[2 : mcmc] Progress @ 2025-04-24 03:55:47 : 2208 steps taken, and 583 accepted.
[1 : mcmc] Progress @ 2025-04-24 03:56:14 : 2177 steps taken, and 611 accepted.
[3 : mcmc] Progress @ 2025-04-24 03:56:32 : 2206 steps taken, and 595 accepted.
[0 : mcmc] Progress @ 2025-04-24 03:57:31 : 2157 steps taken, and 553 accepted.
[2 : mcmc] Progress @ 2025-04-24 03:58:01 : 2216 steps taken, and 585 accepted.
[1 : mcmc] Progress @ 2025-04-24 03:58:22 : 2185 steps taken, and 612 accepted.
[3 : mcmc] Progress @ 2025-04-24 03:58:34 : 2214 steps taken, and 595 accepted.
[0 : mcmc] Progress @ 2025-04-24 03:59:40 : 2165 steps taken, and 556 accepted.
[2 : mcmc] Progress @ 2025-04-24 04:00:10 : 2225 steps taken, and 587 accepted.
[1 : mcmc] Progress @ 2025-04-24 04:00:32 : 2194 steps taken, and 612 accepted.
[3 : mcmc] Progress @ 2025-04-24 04:00:50 : 2223 steps taken, and 598 accepted.
[3 : mcmc] Learn + convergence test @ 600 samples accepted.
[3 : mcmc] Ready to check convergence and learn a new proposal covmat (waiting for the rest...)
[0 : mcmc] Progress @ 2025-04-24 04:01:50 : 2174 steps taken, and 558 accepted.
[2 : mcmc] Progress @ 2025-04-24 04:02:17 : 2233 steps taken, and 588 accepted.
[1 : mcmc] Progress @ 2025-04-24 04:02:39 : 2202 steps taken, and 613 accepted.
[3 : mcmc] Progress @ 2025-04-24 04:02:58 : 2231 steps taken, and 600 accepted.
[0 : mcmc] Progress @ 2025-04-24 04:03:57 : 2182 steps taken, and 560 accepted.
[2 : mcmc] Progress @ 2025-04-24 04:04:32 : 2242 steps taken, and 591 accepted.
[1 : mcmc] Progress @ 2025-04-24 04:04:47 : 2210 steps taken, and 615 accepted.
[3 : mcmc] Progress @ 2025-04-24 04:05:08 : 2240 steps taken, and 606 accepted.
[0 : mcmc] Progress @ 2025-04-24 04:06:14 : 2191 steps taken, and 562 accepted.
[2 : mcmc] Progress @ 2025-04-24 04:06:32 : 2250 steps taken, and 594 accepted.
[1 : mcmc] Progress @ 2025-04-24 04:06:49 : 2218 steps taken, and 617 accepted.
[3 : mcmc] Progress @ 2025-04-24 04:07:17 : 2248 steps taken, and 613 accepted.
[0 : mcmc] Progress @ 2025-04-24 04:08:15 : 2199 steps taken, and 564 accepted.
[2 : mcmc] Progress @ 2025-04-24 04:08:38 : 2258 steps taken, and 595 accepted.
[1 : mcmc] Progress @ 2025-04-24 04:09:00 : 2227 steps taken, and 619 accepted.
[3 : mcmc] Progress @ 2025-04-24 04:09:33 : 2257 steps taken, and 617 accepted.
[2 : mcmc] Learn + convergence test @ 600 samples accepted.
[2 : mcmc] Ready to check convergence and learn a new proposal covmat (waiting for the rest...)
[0 : mcmc] Progress @ 2025-04-24 04:10:16 : 2207 steps taken, and 568 accepted.
[2 : mcmc] Progress @ 2025-04-24 04:10:47 : 2267 steps taken, and 602 accepted.
[1 : mcmc] Progress @ 2025-04-24 04:11:05 : 2235 steps taken, and 621 accepted.
[3 : mcmc] Progress @ 2025-04-24 04:11:43 : 2266 steps taken, and 619 accepted.
[0 : mcmc] Progress @ 2025-04-24 04:12:23 : 2215 steps taken, and 570 accepted.
[2 : mcmc] Progress @ 2025-04-24 04:12:54 : 2275 steps taken, and 602 accepted.
[1 : mcmc] Progress @ 2025-04-24 04:13:05 : 2243 steps taken, and 627 accepted.
[3 : mcmc] Progress @ 2025-04-24 04:13:51 : 2274 steps taken, and 622 accepted.
[0 : mcmc] Progress @ 2025-04-24 04:14:42 : 2224 steps taken, and 575 accepted.
[2 : mcmc] Progress @ 2025-04-24 04:14:55 : 2283 steps taken, and 603 accepted.
[1 : mcmc] Progress @ 2025-04-24 04:15:12 : 2251 steps taken, and 628 accepted.
[3 : mcmc] Progress @ 2025-04-24 04:15:59 : 2283 steps taken, and 625 accepted.
[0 : mcmc] Progress @ 2025-04-24 04:16:50 : 2233 steps taken, and 578 accepted.
[2 : mcmc] Progress @ 2025-04-24 04:17:10 : 2292 steps taken, and 605 accepted.
[1 : mcmc] Progress @ 2025-04-24 04:17:15 : 2259 steps taken, and 631 accepted.
[3 : mcmc] Progress @ 2025-04-24 04:18:04 : 2291 steps taken, and 627 accepted.
[0 : mcmc] Progress @ 2025-04-24 04:19:00 : 2241 steps taken, and 581 accepted.
[1 : mcmc] Progress @ 2025-04-24 04:19:26 : 2268 steps taken, and 632 accepted.
[2 : mcmc] Progress @ 2025-04-24 04:19:28 : 2301 steps taken, and 608 accepted.
[3 : mcmc] Progress @ 2025-04-24 04:20:19 : 2300 steps taken, and 629 accepted.
[0 : mcmc] Progress @ 2025-04-24 04:21:06 : 2249 steps taken, and 582 accepted.
[1 : mcmc] Progress @ 2025-04-24 04:21:30 : 2276 steps taken, and 636 accepted.
[2 : mcmc] Progress @ 2025-04-24 04:21:32 : 2309 steps taken, and 609 accepted.
[3 : mcmc] Progress @ 2025-04-24 04:22:22 : 2308 steps taken, and 632 accepted.
[0 : mcmc] Progress @ 2025-04-24 04:23:12 : 2258 steps taken, and 582 accepted.
[1 : mcmc] Progress @ 2025-04-24 04:23:31 : 2284 steps taken, and 639 accepted.
[2 : mcmc] Progress @ 2025-04-24 04:23:47 : 2318 steps taken, and 611 accepted.
[3 : mcmc] Progress @ 2025-04-24 04:24:27 : 2317 steps taken, and 634 accepted.
[0 : mcmc] Progress @ 2025-04-24 04:25:28 : 2267 steps taken, and 585 accepted.
[1 : mcmc] Progress @ 2025-04-24 04:25:47 : 2293 steps taken, and 643 accepted.
[2 : mcmc] Progress @ 2025-04-24 04:25:48 : 2326 steps taken, and 613 accepted.
[3 : mcmc] Progress @ 2025-04-24 04:26:32 : 2325 steps taken, and 636 accepted.
[0 : mcmc] Progress @ 2025-04-24 04:27:35 : 2275 steps taken, and 587 accepted.
[2 : mcmc] Progress @ 2025-04-24 04:27:54 : 2335 steps taken, and 616 accepted.
[1 : mcmc] Progress @ 2025-04-24 04:28:01 : 2302 steps taken, and 645 accepted.
[3 : mcmc] Progress @ 2025-04-24 04:28:38 : 2333 steps taken, and 639 accepted.
[0 : mcmc] Progress @ 2025-04-24 04:29:51 : 2284 steps taken, and 588 accepted.
[2 : mcmc] Progress @ 2025-04-24 04:29:59 : 2343 steps taken, and 619 accepted.
[1 : mcmc] Progress @ 2025-04-24 04:30:14 : 2311 steps taken, and 651 accepted.
[3 : mcmc] Progress @ 2025-04-24 04:30:47 : 2342 steps taken, and 644 accepted.
[0 : mcmc] Progress @ 2025-04-24 04:31:59 : 2293 steps taken, and 590 accepted.
[2 : mcmc] Progress @ 2025-04-24 04:32:11 : 2352 steps taken, and 620 accepted.
[1 : mcmc] Progress @ 2025-04-24 04:32:21 : 2320 steps taken, and 653 accepted.
[3 : mcmc] Progress @ 2025-04-24 04:32:53 : 2350 steps taken, and 645 accepted.
[0 : mcmc] Progress @ 2025-04-24 04:34:06 : 2301 steps taken, and 591 accepted.
[1 : mcmc] Progress @ 2025-04-24 04:34:27 : 2328 steps taken, and 654 accepted.
[2 : mcmc] Progress @ 2025-04-24 04:34:28 : 2361 steps taken, and 622 accepted.
[3 : mcmc] Progress @ 2025-04-24 04:34:53 : 2358 steps taken, and 647 accepted.
[0 : mcmc] Progress @ 2025-04-24 04:36:24 : 2310 steps taken, and 593 accepted.
[1 : mcmc] Progress @ 2025-04-24 04:36:27 : 2336 steps taken, and 656 accepted.
[2 : mcmc] Progress @ 2025-04-24 04:36:31 : 2369 steps taken, and 625 accepted.
[3 : mcmc] Progress @ 2025-04-24 04:36:55 : 2366 steps taken, and 648 accepted.
[1 : mcmc] Learn + convergence test @ 660 samples accepted.
[1 : mcmc] Ready to check convergence and learn a new proposal covmat (waiting for the rest...)
[0 : mcmc] Progress @ 2025-04-24 04:38:29 : 2318 steps taken, and 595 accepted.
[1 : mcmc] Progress @ 2025-04-24 04:38:30 : 2344 steps taken, and 660 accepted.
[2 : mcmc] Progress @ 2025-04-24 04:38:37 : 2377 steps taken, and 630 accepted.
[3 : mcmc] Progress @ 2025-04-24 04:39:02 : 2374 steps taken, and 650 accepted.
[1 : mcmc] Progress @ 2025-04-24 04:40:34 : 2352 steps taken, and 662 accepted.
[0 : mcmc] Progress @ 2025-04-24 04:40:37 : 2326 steps taken, and 598 accepted.
[2 : mcmc] Progress @ 2025-04-24 04:40:45 : 2386 steps taken, and 632 accepted.
[3 : mcmc] Progress @ 2025-04-24 04:41:10 : 2383 steps taken, and 652 accepted.
[1 : mcmc] Progress @ 2025-04-24 04:42:49 : 2361 steps taken, and 665 accepted.
[2 : mcmc] Progress @ 2025-04-24 04:42:52 : 2394 steps taken, and 634 accepted.
[0 : mcmc] Progress @ 2025-04-24 04:42:53 : 2335 steps taken, and 599 accepted.
[3 : mcmc] Progress @ 2025-04-24 04:43:13 : 2391 steps taken, and 653 accepted.
[0 : mcmc] Learn + convergence test @ 600 samples accepted.
[0 : mcmc] Ready to check convergence and learn a new proposal covmat (waiting for the rest...)
[0 : mcmc] All chains are ready to check convergence and learn a new proposal covmat
[0 : mcmc]  - Acceptance rate: 0.289 = avg([0.2788, 0.2897, 0.2951, 0.2926])
[0 : mcmc]  - Convergence of means: R-1 = 0.110820 after 2560 accepted steps = sum([600, 668, 637, 655])
[0 : mcmc]  - Updated covariance matrix of proposal pdf.
[1 : mcmc] Progress @ 2025-04-24 04:44:50 : 2369 steps taken, and 669 accepted.
[0 : mcmc] Progress @ 2025-04-24 04:44:59 : 2339 steps taken, and 600 accepted.
[2 : mcmc] Progress @ 2025-04-24 04:45:06 : 2401 steps taken, and 637 accepted.
[3 : mcmc] Progress @ 2025-04-24 04:45:17 : 2400 steps taken, and 656 accepted.
[0 : mcmc] Progress @ 2025-04-24 04:46:59 : 2347 steps taken, and 602 accepted.
[1 : mcmc] Progress @ 2025-04-24 04:47:06 : 2378 steps taken, and 669 accepted.
[2 : mcmc] Progress @ 2025-04-24 04:47:15 : 2410 steps taken, and 641 accepted.
[3 : mcmc] Learn + convergence test @ 660 samples accepted.
[3 : mcmc] Ready to check convergence and learn a new proposal covmat (waiting for the rest...)
[3 : mcmc] Progress @ 2025-04-24 04:47:33 : 2409 steps taken, and 660 accepted.
[0 : mcmc] Progress @ 2025-04-24 04:49:04 : 2355 steps taken, and 605 accepted.
[1 : mcmc] Progress @ 2025-04-24 04:49:06 : 2386 steps taken, and 671 accepted.
[2 : mcmc] Progress @ 2025-04-24 04:49:18 : 2418 steps taken, and 642 accepted.
[3 : mcmc] Progress @ 2025-04-24 04:49:41 : 2417 steps taken, and 663 accepted.
[0 : mcmc] Progress @ 2025-04-24 04:51:08 : 2364 steps taken, and 608 accepted.
[1 : mcmc] Progress @ 2025-04-24 04:51:23 : 2395 steps taken, and 672 accepted.
[2 : mcmc] Progress @ 2025-04-24 04:51:27 : 2426 steps taken, and 643 accepted.
[3 : mcmc] Progress @ 2025-04-24 04:51:41 : 2425 steps taken, and 666 accepted.
[0 : mcmc] Progress @ 2025-04-24 04:53:19 : 2373 steps taken, and 609 accepted.
[1 : mcmc] Progress @ 2025-04-24 04:53:25 : 2404 steps taken, and 676 accepted.
[2 : mcmc] Progress @ 2025-04-24 04:53:35 : 2435 steps taken, and 644 accepted.
[3 : mcmc] Progress @ 2025-04-24 04:53:57 : 2434 steps taken, and 670 accepted.
[0 : mcmc] Progress @ 2025-04-24 04:55:28 : 2382 steps taken, and 612 accepted.
[1 : mcmc] Progress @ 2025-04-24 04:55:29 : 2412 steps taken, and 679 accepted.
[2 : mcmc] Progress @ 2025-04-24 04:55:40 : 2443 steps taken, and 649 accepted.
[3 : mcmc] Progress @ 2025-04-24 04:56:01 : 2442 steps taken, and 676 accepted.
[0 : mcmc] Progress @ 2025-04-24 04:57:32 : 2391 steps taken, and 613 accepted.
[1 : mcmc] Progress @ 2025-04-24 04:57:39 : 2421 steps taken, and 680 accepted.
[2 : mcmc] Progress @ 2025-04-24 04:57:57 : 2452 steps taken, and 651 accepted.
[3 : mcmc] Progress @ 2025-04-24 04:58:07 : 2450 steps taken, and 678 accepted.
[1 : mcmc] Progress @ 2025-04-24 04:59:43 : 2429 steps taken, and 683 accepted.
[0 : mcmc] Progress @ 2025-04-24 04:59:44 : 2400 steps taken, and 616 accepted.
[2 : mcmc] Progress @ 2025-04-24 05:00:04 : 2461 steps taken, and 653 accepted.
[3 : mcmc] Progress @ 2025-04-24 05:00:11 : 2459 steps taken, and 680 accepted.
[1 : mcmc] Progress @ 2025-04-24 05:01:44 : 2437 steps taken, and 685 accepted.
[0 : mcmc] Progress @ 2025-04-24 05:01:57 : 2409 steps taken, and 616 accepted.
[2 : mcmc] Progress @ 2025-04-24 05:02:10 : 2469 steps taken, and 655 accepted.
[3 : mcmc] Progress @ 2025-04-24 05:02:19 : 2467 steps taken, and 682 accepted.
[1 : mcmc] Progress @ 2025-04-24 05:03:48 : 2445 steps taken, and 689 accepted.
[0 : mcmc] Progress @ 2025-04-24 05:03:58 : 2417 steps taken, and 618 accepted.
[2 : mcmc] Progress @ 2025-04-24 05:04:24 : 2478 steps taken, and 658 accepted.
[3 : mcmc] Progress @ 2025-04-24 05:04:28 : 2475 steps taken, and 684 accepted.
[1 : mcmc] Progress @ 2025-04-24 05:05:54 : 2453 steps taken, and 690 accepted.
[2 : mcmc] Learn + convergence test @ 660 samples accepted.
[2 : mcmc] Ready to check convergence and learn a new proposal covmat (waiting for the rest...)
[0 : mcmc] Progress @ 2025-04-24 05:06:03 : 2425 steps taken, and 620 accepted.
[3 : mcmc] Progress @ 2025-04-24 05:06:35 : 2484 steps taken, and 686 accepted.
[2 : mcmc] Progress @ 2025-04-24 05:06:40 : 2487 steps taken, and 660 accepted.
[1 : mcmc] Progress @ 2025-04-24 05:08:02 : 2462 steps taken, and 691 accepted.
[0 : mcmc] Progress @ 2025-04-24 05:08:09 : 2433 steps taken, and 622 accepted.
[3 : mcmc] Progress @ 2025-04-24 05:08:40 : 2492 steps taken, and 687 accepted.
[2 : mcmc] Progress @ 2025-04-24 05:08:54 : 2496 steps taken, and 663 accepted.
[1 : mcmc] Progress @ 2025-04-24 05:10:09 : 2470 steps taken, and 692 accepted.
[0 : mcmc] Progress @ 2025-04-24 05:10:18 : 2442 steps taken, and 623 accepted.
[3 : mcmc] Progress @ 2025-04-24 05:10:45 : 2500 steps taken, and 690 accepted.
[2 : mcmc] Progress @ 2025-04-24 05:11:01 : 2504 steps taken, and 666 accepted.
[1 : mcmc] Progress @ 2025-04-24 05:12:16 : 2479 steps taken, and 692 accepted.
[0 : mcmc] Progress @ 2025-04-24 05:12:25 : 2451 steps taken, and 625 accepted.
[3 : mcmc] Progress @ 2025-04-24 05:12:51 : 2509 steps taken, and 691 accepted.
[2 : mcmc] Progress @ 2025-04-24 05:13:06 : 2512 steps taken, and 669 accepted.
[1 : mcmc] Progress @ 2025-04-24 05:14:22 : 2487 steps taken, and 695 accepted.
[0 : mcmc] Progress @ 2025-04-24 05:14:32 : 2459 steps taken, and 628 accepted.
[3 : mcmc] Progress @ 2025-04-24 05:15:05 : 2518 steps taken, and 693 accepted.
[2 : mcmc] Progress @ 2025-04-24 05:15:14 : 2521 steps taken, and 671 accepted.
[0 : mcmc] Progress @ 2025-04-24 05:16:38 : 2467 steps taken, and 629 accepted.
[1 : mcmc] Progress @ 2025-04-24 05:16:40 : 2496 steps taken, and 699 accepted.
[2 : mcmc] Progress @ 2025-04-24 05:17:18 : 2529 steps taken, and 673 accepted.
[3 : mcmc] Progress @ 2025-04-24 05:17:21 : 2527 steps taken, and 696 accepted.
[0 : mcmc] Progress @ 2025-04-24 05:18:38 : 2475 steps taken, and 631 accepted.
[1 : mcmc] Progress @ 2025-04-24 05:18:48 : 2505 steps taken, and 701 accepted.
[2 : mcmc] Progress @ 2025-04-24 05:19:24 : 2538 steps taken, and 674 accepted.
[3 : mcmc] Progress @ 2025-04-24 05:19:27 : 2535 steps taken, and 699 accepted.
[0 : mcmc] Progress @ 2025-04-24 05:20:43 : 2483 steps taken, and 634 accepted.
[1 : mcmc] Progress @ 2025-04-24 05:20:52 : 2513 steps taken, and 704 accepted.
[3 : mcmc] Progress @ 2025-04-24 05:21:32 : 2544 steps taken, and 703 accepted.
[2 : mcmc] Progress @ 2025-04-24 05:21:42 : 2547 steps taken, and 676 accepted.
[0 : mcmc] Progress @ 2025-04-24 05:22:51 : 2492 steps taken, and 640 accepted.
[1 : mcmc] Progress @ 2025-04-24 05:23:07 : 2522 steps taken, and 705 accepted.
[3 : mcmc] Progress @ 2025-04-24 05:23:37 : 2552 steps taken, and 704 accepted.
[2 : mcmc] Progress @ 2025-04-24 05:23:47 : 2555 steps taken, and 679 accepted.
[0 : mcmc] Progress @ 2025-04-24 05:25:08 : 2501 steps taken, and 641 accepted.
[1 : mcmc] Progress @ 2025-04-24 05:25:14 : 2530 steps taken, and 710 accepted.
[3 : mcmc] Progress @ 2025-04-24 05:25:43 : 2560 steps taken, and 708 accepted.
[2 : mcmc] Progress @ 2025-04-24 05:25:53 : 2564 steps taken, and 682 accepted.
[0 : mcmc] Progress @ 2025-04-24 05:27:13 : 2509 steps taken, and 643 accepted.
[1 : mcmc] Progress @ 2025-04-24 05:27:22 : 2539 steps taken, and 715 accepted.
[3 : mcmc] Progress @ 2025-04-24 05:27:50 : 2569 steps taken, and 709 accepted.
[2 : mcmc] Progress @ 2025-04-24 05:28:00 : 2572 steps taken, and 685 accepted.
[0 : mcmc] Progress @ 2025-04-24 05:29:13 : 2517 steps taken, and 646 accepted.
[1 : mcmc] Progress @ 2025-04-24 05:29:27 : 2547 steps taken, and 715 accepted.
[3 : mcmc] Progress @ 2025-04-24 05:29:55 : 2577 steps taken, and 711 accepted.
[2 : mcmc] Progress @ 2025-04-24 05:30:15 : 2581 steps taken, and 688 accepted.
[1 : mcmc] Progress @ 2025-04-24 05:31:28 : 2555 steps taken, and 717 accepted.
[0 : mcmc] Progress @ 2025-04-24 05:31:29 : 2526 steps taken, and 651 accepted.
[3 : mcmc] Progress @ 2025-04-24 05:32:04 : 2586 steps taken, and 716 accepted.
[2 : mcmc] Progress @ 2025-04-24 05:32:15 : 2589 steps taken, and 691 accepted.
[1 : mcmc] Learn + convergence test @ 720 samples accepted.
[1 : mcmc] Ready to check convergence and learn a new proposal covmat (waiting for the rest...)
[1 : mcmc] Progress @ 2025-04-24 05:33:35 : 2563 steps taken, and 721 accepted.
[0 : mcmc] Progress @ 2025-04-24 05:33:36 : 2534 steps taken, and 654 accepted.
[3 : mcmc] Progress @ 2025-04-24 05:34:11 : 2594 steps taken, and 719 accepted.
[2 : mcmc] Progress @ 2025-04-24 05:34:29 : 2598 steps taken, and 693 accepted.
[3 : mcmc] Learn + convergence test @ 720 samples accepted.
[1 : mcmc] Progress @ 2025-04-24 05:35:41 : 2571 steps taken, and 722 accepted.
[0 : mcmc] Progress @ 2025-04-24 05:35:46 : 2543 steps taken, and 655 accepted.
[3 : mcmc] Progress @ 2025-04-24 05:36:18 : 2603 steps taken, and 721 accepted.
[2 : mcmc] Progress @ 2025-04-24 05:36:46 : 2607 steps taken, and 696 accepted.
[1 : mcmc] Progress @ 2025-04-24 05:37:49 : 2580 steps taken, and 725 accepted.
[0 : mcmc] Progress @ 2025-04-24 05:38:02 : 2552 steps taken, and 658 accepted.
[3 : mcmc] Progress @ 2025-04-24 05:38:25 : 2612 steps taken, and 722 accepted.
[2 : mcmc] Progress @ 2025-04-24 05:39:00 : 2616 steps taken, and 697 accepted.
[1 : mcmc] Progress @ 2025-04-24 05:39:56 : 2588 steps taken, and 726 accepted.
[0 : mcmc] Progress @ 2025-04-24 05:40:18 : 2561 steps taken, and 658 accepted.
[3 : mcmc] Progress @ 2025-04-24 05:40:32 : 2620 steps taken, and 725 accepted.
[2 : mcmc] Progress @ 2025-04-24 05:41:15 : 2625 steps taken, and 701 accepted.
[1 : mcmc] Progress @ 2025-04-24 05:42:05 : 2597 steps taken, and 729 accepted.
[0 : mcmc] Learn + convergence test @ 660 samples accepted.
[0 : mcmc] Ready to check convergence and learn a new proposal covmat (waiting for the rest...)
[0 : mcmc] All chains are ready to check convergence and learn a new proposal covmat
[3 : mcmc] Progress @ 2025-04-24 05:42:34 : 2628 steps taken, and 729 accepted.
[0 : mcmc]  - Acceptance rate: 0.288 = avg([0.2732, 0.2850, 0.2931, 0.2997])
[0 : mcmc]  - Convergence of means: R-1 = 0.090424 after 2824 accepted steps = sum([660, 731, 704, 729])
[0 : mcmc]  - Updated covariance matrix of proposal pdf.
[0 : mcmc] Progress @ 2025-04-24 05:43:29 : 2569 steps taken, and 660 accepted.
[2 : mcmc] Progress @ 2025-04-24 05:43:31 : 2632 steps taken, and 705 accepted.
[1 : mcmc] Progress @ 2025-04-24 05:44:11 : 2607 steps taken, and 733 accepted.
[3 : mcmc] Progress @ 2025-04-24 05:44:46 : 2634 steps taken, and 730 accepted.
[2 : mcmc] Progress @ 2025-04-24 05:45:37 : 2640 steps taken, and 707 accepted.
[0 : mcmc] Progress @ 2025-04-24 05:45:37 : 2578 steps taken, and 668 accepted.
[1 : mcmc] Progress @ 2025-04-24 05:46:15 : 2615 steps taken, and 735 accepted.
[3 : mcmc] Progress @ 2025-04-24 05:46:50 : 2642 steps taken, and 734 accepted.
[0 : mcmc] Progress @ 2025-04-24 05:47:43 : 2586 steps taken, and 671 accepted.
[2 : mcmc] Progress @ 2025-04-24 05:47:44 : 2649 steps taken, and 710 accepted.
[1 : mcmc] Progress @ 2025-04-24 05:48:20 : 2623 steps taken, and 738 accepted.
[3 : mcmc] Progress @ 2025-04-24 05:48:58 : 2651 steps taken, and 736 accepted.
[0 : mcmc] Progress @ 2025-04-24 05:49:53 : 2595 steps taken, and 673 accepted.
[2 : mcmc] Progress @ 2025-04-24 05:49:56 : 2657 steps taken, and 712 accepted.
[1 : mcmc] Progress @ 2025-04-24 05:50:30 : 2632 steps taken, and 740 accepted.
[3 : mcmc] Progress @ 2025-04-24 05:51:04 : 2659 steps taken, and 739 accepted.
[0 : mcmc] Progress @ 2025-04-24 05:52:06 : 2603 steps taken, and 676 accepted.
[2 : mcmc] Progress @ 2025-04-24 05:52:14 : 2666 steps taken, and 714 accepted.
[1 : mcmc] Progress @ 2025-04-24 05:52:33 : 2640 steps taken, and 745 accepted.
[3 : mcmc] Progress @ 2025-04-24 05:53:14 : 2668 steps taken, and 743 accepted.
[0 : mcmc] Progress @ 2025-04-24 05:54:19 : 2612 steps taken, and 677 accepted.
[2 : mcmc] Progress @ 2025-04-24 05:54:19 : 2674 steps taken, and 719 accepted.
[1 : mcmc] Progress @ 2025-04-24 05:54:34 : 2650 steps taken, and 749 accepted.
[2 : mcmc] Learn + convergence test @ 720 samples accepted.
[2 : mcmc] Ready to check convergence and learn a new proposal covmat (waiting for the rest...)
[3 : mcmc] Progress @ 2025-04-24 05:55:23 : 2677 steps taken, and 745 accepted.
[2 : mcmc] Progress @ 2025-04-24 05:56:21 : 2682 steps taken, and 724 accepted.
[0 : mcmc] Progress @ 2025-04-24 05:56:29 : 2621 steps taken, and 680 accepted.
[1 : mcmc] Progress @ 2025-04-24 05:56:40 : 2658 steps taken, and 750 accepted.
[3 : mcmc] Progress @ 2025-04-24 05:57:38 : 2686 steps taken, and 748 accepted.
[2 : mcmc] Progress @ 2025-04-24 05:58:37 : 2691 steps taken, and 727 accepted.
[0 : mcmc] Progress @ 2025-04-24 05:58:47 : 2630 steps taken, and 684 accepted.
[1 : mcmc] Progress @ 2025-04-24 05:58:57 : 2667 steps taken, and 753 accepted.
[3 : mcmc] Progress @ 2025-04-24 05:59:53 : 2695 steps taken, and 751 accepted.
[2 : mcmc] Progress @ 2025-04-24 06:00:56 : 2700 steps taken, and 728 accepted.
[0 : mcmc] Progress @ 2025-04-24 06:01:03 : 2639 steps taken, and 685 accepted.
[1 : mcmc] Progress @ 2025-04-24 06:01:13 : 2676 steps taken, and 756 accepted.
[3 : mcmc] Progress @ 2025-04-24 06:02:00 : 2703 steps taken, and 753 accepted.
[2 : mcmc] Progress @ 2025-04-24 06:02:59 : 2708 steps taken, and 729 accepted.
[0 : mcmc] Progress @ 2025-04-24 06:03:11 : 2647 steps taken, and 686 accepted.
[1 : mcmc] Progress @ 2025-04-24 06:03:30 : 2685 steps taken, and 759 accepted.
[3 : mcmc] Progress @ 2025-04-24 06:04:07 : 2712 steps taken, and 756 accepted.
[2 : mcmc] Progress @ 2025-04-24 06:05:11 : 2718 steps taken, and 735 accepted.
[0 : mcmc] Progress @ 2025-04-24 06:05:18 : 2655 steps taken, and 690 accepted.
[1 : mcmc] Progress @ 2025-04-24 06:05:40 : 2694 steps taken, and 762 accepted.
[3 : mcmc] Progress @ 2025-04-24 06:06:07 : 2720 steps taken, and 762 accepted.
[2 : mcmc] Progress @ 2025-04-24 06:07:14 : 2726 steps taken, and 738 accepted.
[0 : mcmc] Progress @ 2025-04-24 06:07:24 : 2663 steps taken, and 692 accepted.
[1 : mcmc] Progress @ 2025-04-24 06:07:42 : 2702 steps taken, and 767 accepted.
[3 : mcmc] Progress @ 2025-04-24 06:08:16 : 2729 steps taken, and 765 accepted.
[2 : mcmc] Progress @ 2025-04-24 06:09:21 : 2735 steps taken, and 740 accepted.
[0 : mcmc] Progress @ 2025-04-24 06:09:32 : 2671 steps taken, and 696 accepted.
[1 : mcmc] Progress @ 2025-04-24 06:09:58 : 2711 steps taken, and 767 accepted.
[3 : mcmc] Progress @ 2025-04-24 06:10:22 : 2737 steps taken, and 768 accepted.
[2 : mcmc] Progress @ 2025-04-24 06:11:25 : 2743 steps taken, and 741 accepted.
[0 : mcmc] Progress @ 2025-04-24 06:11:39 : 2679 steps taken, and 699 accepted.
[1 : mcmc] Progress @ 2025-04-24 06:12:06 : 2720 steps taken, and 769 accepted.
[3 : mcmc] Progress @ 2025-04-24 06:12:27 : 2745 steps taken, and 769 accepted.
[2 : mcmc] Progress @ 2025-04-24 06:13:38 : 2752 steps taken, and 742 accepted.
[0 : mcmc] Progress @ 2025-04-24 06:13:47 : 2688 steps taken, and 701 accepted.
[1 : mcmc] Progress @ 2025-04-24 06:14:12 : 2728 steps taken, and 773 accepted.
[3 : mcmc] Progress @ 2025-04-24 06:14:35 : 2754 steps taken, and 772 accepted.
[2 : mcmc] Progress @ 2025-04-24 06:15:49 : 2761 steps taken, and 744 accepted.
[0 : mcmc] Progress @ 2025-04-24 06:15:55 : 2697 steps taken, and 705 accepted.
[1 : mcmc] Progress @ 2025-04-24 06:16:22 : 2737 steps taken, and 775 accepted.
[3 : mcmc] Progress @ 2025-04-24 06:16:44 : 2763 steps taken, and 772 accepted.
[2 : mcmc] Progress @ 2025-04-24 06:17:56 : 2770 steps taken, and 750 accepted.
[0 : mcmc] Progress @ 2025-04-24 06:18:07 : 2705 steps taken, and 709 accepted.
[1 : mcmc] Progress @ 2025-04-24 06:18:28 : 2745 steps taken, and 777 accepted.
[3 : mcmc] Progress @ 2025-04-24 06:18:56 : 2771 steps taken, and 775 accepted.
[2 : mcmc] Progress @ 2025-04-24 06:20:02 : 2778 steps taken, and 751 accepted.
[0 : mcmc] Progress @ 2025-04-24 06:20:07 : 2713 steps taken, and 710 accepted.
[1 : mcmc] Learn + convergence test @ 780 samples accepted.
[1 : mcmc] Ready to check convergence and learn a new proposal covmat (waiting for the rest...)
[1 : mcmc] Progress @ 2025-04-24 06:20:43 : 2754 steps taken, and 780 accepted.
[3 : mcmc] Progress @ 2025-04-24 06:21:02 : 2780 steps taken, and 776 accepted.
[2 : mcmc] Progress @ 2025-04-24 06:22:08 : 2787 steps taken, and 755 accepted.
[0 : mcmc] Progress @ 2025-04-24 06:22:15 : 2722 steps taken, and 712 accepted.
[1 : mcmc] Progress @ 2025-04-24 06:22:55 : 2763 steps taken, and 783 accepted.
[3 : mcmc] Progress @ 2025-04-24 06:23:05 : 2788 steps taken, and 776 accepted.
[2 : mcmc] Progress @ 2025-04-24 06:24:14 : 2795 steps taken, and 756 accepted.
[0 : mcmc] Progress @ 2025-04-24 06:24:20 : 2730 steps taken, and 713 accepted.
[1 : mcmc] Progress @ 2025-04-24 06:25:08 : 2772 steps taken, and 785 accepted.
[3 : mcmc] Progress @ 2025-04-24 06:25:21 : 2797 steps taken, and 778 accepted.
[3 : mcmc] Learn + convergence test @ 780 samples accepted.
[3 : mcmc] Ready to check convergence and learn a new proposal covmat (waiting for the rest...)
[0 : mcmc] Progress @ 2025-04-24 06:26:26 : 2738 steps taken, and 715 accepted.
[2 : mcmc] Progress @ 2025-04-24 06:26:30 : 2804 steps taken, and 757 accepted.
[1 : mcmc] Progress @ 2025-04-24 06:27:12 : 2780 steps taken, and 785 accepted.
[3 : mcmc] Progress @ 2025-04-24 06:27:35 : 2806 steps taken, and 784 accepted.
[2 : mcmc] Progress @ 2025-04-24 06:28:36 : 2812 steps taken, and 760 accepted.
[0 : mcmc] Progress @ 2025-04-24 06:28:43 : 2747 steps taken, and 716 accepted.
[1 : mcmc] Progress @ 2025-04-24 06:29:22 : 2789 steps taken, and 787 accepted.
[3 : mcmc] Progress @ 2025-04-24 06:29:42 : 2815 steps taken, and 786 accepted.
[2 : mcmc] Progress @ 2025-04-24 06:30:46 : 2821 steps taken, and 762 accepted.
[0 : mcmc] Progress @ 2025-04-24 06:30:51 : 2756 steps taken, and 718 accepted.
[0 : mcmc] Learn + convergence test @ 720 samples accepted.
[0 : mcmc] Ready to check convergence and learn a new proposal covmat (waiting for the rest...)
[0 : mcmc] All chains are ready to check convergence and learn a new proposal covmat
[1 : mcmc] Progress @ 2025-04-24 06:31:34 : 2798 steps taken, and 790 accepted.
[3 : mcmc] Progress @ 2025-04-24 06:31:47 : 2823 steps taken, and 786 accepted.
[0 : mcmc]  - Acceptance rate: 0.289 = avg([0.2778, 0.2880, 0.2967, 0.2936])
[0 : mcmc]  - Convergence of means: R-1 = 0.075391 after 3064 accepted steps = sum([720, 791, 766, 787])
[0 : mcmc]  - Updated covariance matrix of proposal pdf.
[0 : mcmc] Progress @ 2025-04-24 06:33:30 : 2759 steps taken, and 721 accepted.
[1 : mcmc] Progress @ 2025-04-24 06:33:36 : 2808 steps taken, and 792 accepted.
[2 : mcmc] Progress @ 2025-04-24 06:33:37 : 2830 steps taken, and 767 accepted.
[3 : mcmc] Progress @ 2025-04-24 06:34:03 : 2829 steps taken, and 788 accepted.
[0 : mcmc] Progress @ 2025-04-24 06:35:39 : 2767 steps taken, and 724 accepted.
[1 : mcmc] Progress @ 2025-04-24 06:35:43 : 2817 steps taken, and 796 accepted.
[2 : mcmc] Progress @ 2025-04-24 06:35:52 : 2839 steps taken, and 768 accepted.
[3 : mcmc] Progress @ 2025-04-24 06:36:08 : 2837 steps taken, and 792 accepted.
[0 : mcmc] Progress @ 2025-04-24 06:37:46 : 2776 steps taken, and 727 accepted.
[1 : mcmc] Progress @ 2025-04-24 06:37:48 : 2825 steps taken, and 800 accepted.
[2 : mcmc] Progress @ 2025-04-24 06:37:59 : 2847 steps taken, and 771 accepted.
[3 : mcmc] Progress @ 2025-04-24 06:38:15 : 2846 steps taken, and 794 accepted.
[0 : mcmc] Progress @ 2025-04-24 06:39:53 : 2784 steps taken, and 729 accepted.
[1 : mcmc] Progress @ 2025-04-24 06:39:55 : 2833 steps taken, and 805 accepted.
[2 : mcmc] Progress @ 2025-04-24 06:40:06 : 2856 steps taken, and 774 accepted.
[3 : mcmc] Progress @ 2025-04-24 06:40:19 : 2854 steps taken, and 797 accepted.
[1 : mcmc] Progress @ 2025-04-24 06:42:04 : 2842 steps taken, and 809 accepted.
[0 : mcmc] Progress @ 2025-04-24 06:42:08 : 2793 steps taken, and 730 accepted.
[2 : mcmc] Progress @ 2025-04-24 06:42:22 : 2865 steps taken, and 778 accepted.
[3 : mcmc] Progress @ 2025-04-24 06:42:27 : 2863 steps taken, and 799 accepted.
[1 : mcmc] Progress @ 2025-04-24 06:44:12 : 2850 steps taken, and 811 accepted.
[0 : mcmc] Progress @ 2025-04-24 06:44:24 : 2802 steps taken, and 733 accepted.
[2 : mcmc] Progress @ 2025-04-24 06:44:36 : 2874 steps taken, and 779 accepted.
[3 : mcmc] Progress @ 2025-04-24 06:44:37 : 2871 steps taken, and 801 accepted.
[2 : mcmc] Learn + convergence test @ 780 samples accepted.
[2 : mcmc] Ready to check convergence and learn a new proposal covmat (waiting for the rest...)
[1 : mcmc] Progress @ 2025-04-24 06:46:27 : 2859 steps taken, and 815 accepted.
[0 : mcmc] Progress @ 2025-04-24 06:46:39 : 2811 steps taken, and 737 accepted.
[2 : mcmc] Progress @ 2025-04-24 06:46:40 : 2882 steps taken, and 782 accepted.
[3 : mcmc] Progress @ 2025-04-24 06:46:44 : 2880 steps taken, and 804 accepted.
[0 : mcmc] Progress @ 2025-04-24 06:48:41 : 2819 steps taken, and 741 accepted.
[1 : mcmc] Progress @ 2025-04-24 06:48:43 : 2868 steps taken, and 818 accepted.
[2 : mcmc] Progress @ 2025-04-24 06:48:51 : 2891 steps taken, and 785 accepted.
[3 : mcmc] Progress @ 2025-04-24 06:48:59 : 2889 steps taken, and 807 accepted.
[1 : mcmc] Progress @ 2025-04-24 06:50:46 : 2876 steps taken, and 822 accepted.
[0 : mcmc] Progress @ 2025-04-24 06:50:48 : 2827 steps taken, and 742 accepted.
[2 : mcmc] Progress @ 2025-04-24 06:50:55 : 2899 steps taken, and 786 accepted.
[3 : mcmc] Progress @ 2025-04-24 06:51:14 : 2898 steps taken, and 810 accepted.
[1 : mcmc] Progress @ 2025-04-24 06:52:53 : 2885 steps taken, and 826 accepted.
[0 : mcmc] Progress @ 2025-04-24 06:52:56 : 2836 steps taken, and 743 accepted.
[2 : mcmc] Progress @ 2025-04-24 06:53:01 : 2908 steps taken, and 788 accepted.
[3 : mcmc] Progress @ 2025-04-24 06:53:22 : 2907 steps taken, and 813 accepted.
[1 : mcmc] Progress @ 2025-04-24 06:54:59 : 2893 steps taken, and 828 accepted.
[0 : mcmc] Progress @ 2025-04-24 06:55:03 : 2844 steps taken, and 747 accepted.
[2 : mcmc] Progress @ 2025-04-24 06:55:07 : 2916 steps taken, and 790 accepted.
[3 : mcmc] Progress @ 2025-04-24 06:55:26 : 2915 steps taken, and 816 accepted.
[0 : mcmc] Progress @ 2025-04-24 06:57:08 : 2852 steps taken, and 749 accepted.
[1 : mcmc] Progress @ 2025-04-24 06:57:14 : 2902 steps taken, and 832 accepted.
[2 : mcmc] Progress @ 2025-04-24 06:57:23 : 2925 steps taken, and 791 accepted.
[3 : mcmc] Progress @ 2025-04-24 06:57:30 : 2923 steps taken, and 818 accepted.
[0 : mcmc] Progress @ 2025-04-24 06:59:18 : 2861 steps taken, and 752 accepted.
[1 : mcmc] Progress @ 2025-04-24 06:59:32 : 2911 steps taken, and 834 accepted.
[3 : mcmc] Progress @ 2025-04-24 06:59:34 : 2931 steps taken, and 821 accepted.
[2 : mcmc] Progress @ 2025-04-24 06:59:35 : 2934 steps taken, and 791 accepted.
[0 : mcmc] Progress @ 2025-04-24 07:01:36 : 2870 steps taken, and 752 accepted.
[1 : mcmc] Progress @ 2025-04-24 07:01:37 : 2919 steps taken, and 835 accepted.
[3 : mcmc] Progress @ 2025-04-24 07:01:38 : 2940 steps taken, and 827 accepted.
[2 : mcmc] Progress @ 2025-04-24 07:01:43 : 2942 steps taken, and 793 accepted.
[3 : mcmc] Progress @ 2025-04-24 07:03:44 : 2948 steps taken, and 831 accepted.
[1 : mcmc] Progress @ 2025-04-24 07:03:45 : 2928 steps taken, and 838 accepted.
[0 : mcmc] Progress @ 2025-04-24 07:03:51 : 2879 steps taken, and 754 accepted.
[2 : mcmc] Progress @ 2025-04-24 07:03:58 : 2951 steps taken, and 797 accepted.
[1 : mcmc] Learn + convergence test @ 840 samples accepted.
[1 : mcmc] Ready to check convergence and learn a new proposal covmat (waiting for the rest...)
[1 : mcmc] Progress @ 2025-04-24 07:05:50 : 2936 steps taken, and 840 accepted.
[3 : mcmc] Progress @ 2025-04-24 07:05:54 : 2957 steps taken, and 835 accepted.
[0 : mcmc] Progress @ 2025-04-24 07:05:57 : 2887 steps taken, and 755 accepted.
[2 : mcmc] Progress @ 2025-04-24 07:06:04 : 2960 steps taken, and 798 accepted.
[1 : mcmc] Progress @ 2025-04-24 07:07:58 : 2945 steps taken, and 842 accepted.
[3 : mcmc] Progress @ 2025-04-24 07:08:00 : 2965 steps taken, and 836 accepted.
[0 : mcmc] Progress @ 2025-04-24 07:08:13 : 2896 steps taken, and 760 accepted.
[2 : mcmc] Progress @ 2025-04-24 07:08:14 : 2968 steps taken, and 799 accepted.
[3 : mcmc] Progress @ 2025-04-24 07:10:03 : 2973 steps taken, and 838 accepted.
[1 : mcmc] Progress @ 2025-04-24 07:10:04 : 2953 steps taken, and 846 accepted.
[2 : mcmc] Progress @ 2025-04-24 07:10:22 : 2977 steps taken, and 800 accepted.
[0 : mcmc] Progress @ 2025-04-24 07:10:30 : 2905 steps taken, and 764 accepted.
[3 : mcmc] Learn + convergence test @ 840 samples accepted.
[3 : mcmc] Ready to check convergence and learn a new proposal covmat (waiting for the rest...)
[1 : mcmc] Progress @ 2025-04-24 07:12:09 : 2962 steps taken, and 849 accepted.
[3 : mcmc] Progress @ 2025-04-24 07:12:11 : 2982 steps taken, and 843 accepted.
[2 : mcmc] Progress @ 2025-04-24 07:12:29 : 2986 steps taken, and 805 accepted.
[0 : mcmc] Progress @ 2025-04-24 07:12:39 : 2914 steps taken, and 766 accepted.
[3 : mcmc] Progress @ 2025-04-24 07:14:11 : 2990 steps taken, and 843 accepted.
[1 : mcmc] Progress @ 2025-04-24 07:14:16 : 2970 steps taken, and 853 accepted.
[2 : mcmc] Progress @ 2025-04-24 07:14:32 : 2994 steps taken, and 807 accepted.
[0 : mcmc] Progress @ 2025-04-24 07:14:46 : 2922 steps taken, and 770 accepted.
[3 : mcmc] Progress @ 2025-04-24 07:16:24 : 2999 steps taken, and 847 accepted.
[1 : mcmc] Progress @ 2025-04-24 07:16:33 : 2979 steps taken, and 854 accepted.
[2 : mcmc] Progress @ 2025-04-24 07:16:39 : 3002 steps taken, and 810 accepted.
[0 : mcmc] Progress @ 2025-04-24 07:17:02 : 2931 steps taken, and 773 accepted.
[3 : mcmc] Progress @ 2025-04-24 07:18:29 : 3007 steps taken, and 848 accepted.
[2 : mcmc] Progress @ 2025-04-24 07:18:44 : 3011 steps taken, and 812 accepted.
[1 : mcmc] Progress @ 2025-04-24 07:18:49 : 2988 steps taken, and 857 accepted.
[0 : mcmc] Progress @ 2025-04-24 07:19:11 : 2939 steps taken, and 774 accepted.
[3 : mcmc] Progress @ 2025-04-24 07:20:46 : 3016 steps taken, and 851 accepted.
[2 : mcmc] Progress @ 2025-04-24 07:20:53 : 3020 steps taken, and 816 accepted.
[1 : mcmc] Progress @ 2025-04-24 07:20:56 : 2997 steps taken, and 858 accepted.
[0 : mcmc] Progress @ 2025-04-24 07:21:25 : 2948 steps taken, and 776 accepted.
[3 : mcmc] Progress @ 2025-04-24 07:22:54 : 3025 steps taken, and 855 accepted.
[2 : mcmc] Progress @ 2025-04-24 07:22:56 : 3027 steps taken, and 818 accepted.
[1 : mcmc] Progress @ 2025-04-24 07:23:04 : 3005 steps taken, and 860 accepted.
[0 : mcmc] Progress @ 2025-04-24 07:23:37 : 2957 steps taken, and 777 accepted.
[2 : mcmc] Progress @ 2025-04-24 07:25:04 : 3036 steps taken, and 821 accepted.
[3 : mcmc] Progress @ 2025-04-24 07:25:08 : 3033 steps taken, and 859 accepted.
[1 : mcmc] Progress @ 2025-04-24 07:25:08 : 3013 steps taken, and 860 accepted.
[0 : mcmc] Progress @ 2025-04-24 07:25:53 : 2966 steps taken, and 778 accepted.
[2 : mcmc] Progress @ 2025-04-24 07:27:05 : 3044 steps taken, and 822 accepted.
[1 : mcmc] Progress @ 2025-04-24 07:27:14 : 3021 steps taken, and 862 accepted.
[3 : mcmc] Progress @ 2025-04-24 07:27:14 : 3042 steps taken, and 861 accepted.
[0 : mcmc] Learn + convergence test @ 780 samples accepted.
[0 : mcmc] Ready to check convergence and learn a new proposal covmat (waiting for the rest...)
[0 : mcmc] All chains are ready to check convergence and learn a new proposal covmat
[0 : mcmc]  - Acceptance rate: 0.290 = avg([0.2768, 0.2865, 0.2916, 0.3036])
[0 : mcmc]  - Convergence of means: R-1 = 0.072039 after 3330 accepted steps = sum([780, 863, 824, 863])
[0 : mcmc]  - Updated covariance matrix of proposal pdf.
[2 : mcmc] Progress @ 2025-04-24 07:29:16 : 3050 steps taken, and 825 accepted.
[3 : mcmc] Progress @ 2025-04-24 07:29:17 : 3048 steps taken, and 863 accepted.
[1 : mcmc] Progress @ 2025-04-24 07:29:19 : 3031 steps taken, and 863 accepted.
[0 : mcmc] Progress @ 2025-04-24 07:29:21 : 2973 steps taken, and 780 accepted.
[0 : mcmc] Progress @ 2025-04-24 07:31:23 : 2980 steps taken, and 782 accepted.
[1 : mcmc] Progress @ 2025-04-24 07:31:25 : 3039 steps taken, and 864 accepted.
[3 : mcmc] Progress @ 2025-04-24 07:31:32 : 3057 steps taken, and 867 accepted.
[2 : mcmc] Progress @ 2025-04-24 07:31:32 : 3059 steps taken, and 826 accepted.
[1 : mcmc] Progress @ 2025-04-24 07:33:35 : 3048 steps taken, and 866 accepted.
[0 : mcmc] Progress @ 2025-04-24 07:33:39 : 2989 steps taken, and 784 accepted.
[3 : mcmc] Progress @ 2025-04-24 07:33:41 : 3066 steps taken, and 870 accepted.
[2 : mcmc] Progress @ 2025-04-24 07:33:47 : 3068 steps taken, and 828 accepted.
[1 : mcmc] Progress @ 2025-04-24 07:35:50 : 3057 steps taken, and 870 accepted.
[3 : mcmc] Progress @ 2025-04-24 07:35:50 : 3075 steps taken, and 873 accepted.
[0 : mcmc] Progress @ 2025-04-24 07:35:54 : 2998 steps taken, and 786 accepted.
[2 : mcmc] Progress @ 2025-04-24 07:36:03 : 3077 steps taken, and 830 accepted.
[0 : mcmc] Progress @ 2025-04-24 07:37:55 : 3006 steps taken, and 787 accepted.
[1 : mcmc] Progress @ 2025-04-24 07:37:56 : 3065 steps taken, and 875 accepted.
[3 : mcmc] Progress @ 2025-04-24 07:38:02 : 3083 steps taken, and 874 accepted.
[2 : mcmc] Progress @ 2025-04-24 07:38:13 : 3086 steps taken, and 833 accepted.
[1 : mcmc] Progress @ 2025-04-24 07:40:06 : 3074 steps taken, and 879 accepted.
[0 : mcmc] Progress @ 2025-04-24 07:40:09 : 3015 steps taken, and 787 accepted.
[3 : mcmc] Progress @ 2025-04-24 07:40:09 : 3092 steps taken, and 876 accepted.
[2 : mcmc] Progress @ 2025-04-24 07:40:16 : 3094 steps taken, and 837 accepted.
[2 : mcmc] Learn + convergence test @ 840 samples accepted.
[2 : mcmc] Ready to check convergence and learn a new proposal covmat (waiting for the rest...)
[1 : mcmc] Progress @ 2025-04-24 07:42:16 : 3082 steps taken, and 880 accepted.
[3 : mcmc] Progress @ 2025-04-24 07:42:18 : 3100 steps taken, and 879 accepted.
[0 : mcmc] Progress @ 2025-04-24 07:42:23 : 3024 steps taken, and 791 accepted.
[2 : mcmc] Progress @ 2025-04-24 07:42:24 : 3103 steps taken, and 843 accepted.
[1 : mcmc] Progress @ 2025-04-24 07:44:27 : 3091 steps taken, and 884 accepted.
[2 : mcmc] Progress @ 2025-04-24 07:44:29 : 3111 steps taken, and 844 accepted.
[3 : mcmc] Progress @ 2025-04-24 07:44:35 : 3109 steps taken, and 882 accepted.
[0 : mcmc] Progress @ 2025-04-24 07:44:38 : 3033 steps taken, and 794 accepted.
[1 : mcmc] Progress @ 2025-04-24 07:46:28 : 3099 steps taken, and 888 accepted.
[2 : mcmc] Progress @ 2025-04-24 07:46:34 : 3119 steps taken, and 846 accepted.
[0 : mcmc] Progress @ 2025-04-24 07:46:40 : 3041 steps taken, and 796 accepted.
[3 : mcmc] Progress @ 2025-04-24 07:46:42 : 3118 steps taken, and 885 accepted.
[1 : mcmc] Progress @ 2025-04-24 07:48:41 : 3108 steps taken, and 891 accepted.
[0 : mcmc] Progress @ 2025-04-24 07:48:48 : 3050 steps taken, and 799 accepted.
[3 : mcmc] Progress @ 2025-04-24 07:48:49 : 3126 steps taken, and 887 accepted.
[2 : mcmc] Progress @ 2025-04-24 07:48:52 : 3128 steps taken, and 848 accepted.
[1 : mcmc] Progress @ 2025-04-24 07:50:48 : 3116 steps taken, and 894 accepted.
[0 : mcmc] Progress @ 2025-04-24 07:50:54 : 3057 steps taken, and 804 accepted.
[3 : mcmc] Progress @ 2025-04-24 07:50:55 : 3134 steps taken, and 890 accepted.
[2 : mcmc] Progress @ 2025-04-24 07:50:58 : 3137 steps taken, and 849 accepted.
[1 : mcmc] Progress @ 2025-04-24 07:52:58 : 3125 steps taken, and 897 accepted.
[0 : mcmc] Progress @ 2025-04-24 07:53:02 : 3066 steps taken, and 806 accepted.
[3 : mcmc] Progress @ 2025-04-24 07:53:11 : 3143 steps taken, and 891 accepted.
[2 : mcmc] Progress @ 2025-04-24 07:53:13 : 3146 steps taken, and 850 accepted.
[1 : mcmc] Learn + convergence test @ 900 samples accepted.
[1 : mcmc] Ready to check convergence and learn a new proposal covmat (waiting for the rest...)
[1 : mcmc] Progress @ 2025-04-24 07:55:05 : 3133 steps taken, and 900 accepted.
[0 : mcmc] Progress @ 2025-04-24 07:55:06 : 3074 steps taken, and 808 accepted.
[3 : mcmc] Progress @ 2025-04-24 07:55:11 : 3151 steps taken, and 893 accepted.
[2 : mcmc] Progress @ 2025-04-24 07:55:20 : 3154 steps taken, and 852 accepted.
[0 : mcmc] Progress @ 2025-04-24 07:57:13 : 3083 steps taken, and 810 accepted.
[1 : mcmc] Progress @ 2025-04-24 07:57:13 : 3142 steps taken, and 903 accepted.
[3 : mcmc] Progress @ 2025-04-24 07:57:18 : 3159 steps taken, and 896 accepted.
[2 : mcmc] Progress @ 2025-04-24 07:57:28 : 3163 steps taken, and 857 accepted.
[1 : mcmc] Progress @ 2025-04-24 07:59:17 : 3150 steps taken, and 905 accepted.
[0 : mcmc] Progress @ 2025-04-24 07:59:22 : 3091 steps taken, and 812 accepted.
[3 : mcmc] Progress @ 2025-04-24 07:59:25 : 3168 steps taken, and 898 accepted.
[2 : mcmc] Progress @ 2025-04-24 07:59:42 : 3171 steps taken, and 857 accepted.
[3 : mcmc] Learn + convergence test @ 900 samples accepted.
[3 : mcmc] Ready to check convergence and learn a new proposal covmat (waiting for the rest...)
[1 : mcmc] Progress @ 2025-04-24 08:01:24 : 3158 steps taken, and 910 accepted.
[0 : mcmc] Progress @ 2025-04-24 08:01:29 : 3100 steps taken, and 818 accepted.
[3 : mcmc] Progress @ 2025-04-24 08:01:31 : 3177 steps taken, and 901 accepted.
[2 : mcmc] Progress @ 2025-04-24 08:01:47 : 3180 steps taken, and 860 accepted.
[1 : mcmc] Progress @ 2025-04-24 08:03:30 : 3167 steps taken, and 912 accepted.
[3 : mcmc] Progress @ 2025-04-24 08:03:35 : 3184 steps taken, and 902 accepted.
[0 : mcmc] Progress @ 2025-04-24 08:03:37 : 3108 steps taken, and 821 accepted.
[2 : mcmc] Progress @ 2025-04-24 08:04:02 : 3189 steps taken, and 866 accepted.
[1 : mcmc] Progress @ 2025-04-24 08:05:34 : 3175 steps taken, and 915 accepted.
[3 : mcmc] Progress @ 2025-04-24 08:05:44 : 3193 steps taken, and 904 accepted.
[0 : mcmc] Progress @ 2025-04-24 08:05:52 : 3117 steps taken, and 825 accepted.
[2 : mcmc] Progress @ 2025-04-24 08:06:07 : 3197 steps taken, and 869 accepted.
[1 : mcmc] Progress @ 2025-04-24 08:07:42 : 3184 steps taken, and 919 accepted.
[3 : mcmc] Progress @ 2025-04-24 08:07:50 : 3202 steps taken, and 906 accepted.
[0 : mcmc] Progress @ 2025-04-24 08:07:53 : 3125 steps taken, and 825 accepted.
[2 : mcmc] Progress @ 2025-04-24 08:08:16 : 3206 steps taken, and 869 accepted.
[1 : mcmc] Progress @ 2025-04-24 08:09:50 : 3192 steps taken, and 921 accepted.
[3 : mcmc] Progress @ 2025-04-24 08:09:55 : 3210 steps taken, and 907 accepted.
[0 : mcmc] Progress @ 2025-04-24 08:09:57 : 3133 steps taken, and 826 accepted.
[2 : mcmc] Progress @ 2025-04-24 08:10:29 : 3214 steps taken, and 873 accepted.
[1 : mcmc] Progress @ 2025-04-24 08:12:08 : 3201 steps taken, and 922 accepted.
[3 : mcmc] Progress @ 2025-04-24 08:12:12 : 3219 steps taken, and 911 accepted.
[0 : mcmc] Progress @ 2025-04-24 08:12:14 : 3142 steps taken, and 826 accepted.
[2 : mcmc] Progress @ 2025-04-24 08:12:36 : 3223 steps taken, and 877 accepted.
[1 : mcmc] Progress @ 2025-04-24 08:14:13 : 3209 steps taken, and 923 accepted.
[3 : mcmc] Progress @ 2025-04-24 08:14:25 : 3228 steps taken, and 915 accepted.
[0 : mcmc] Progress @ 2025-04-24 08:14:31 : 3151 steps taken, and 827 accepted.
[2 : mcmc] Progress @ 2025-04-24 08:14:46 : 3232 steps taken, and 883 accepted.
[1 : mcmc] Progress @ 2025-04-24 08:16:29 : 3218 steps taken, and 928 accepted.
[3 : mcmc] Progress @ 2025-04-24 08:16:29 : 3236 steps taken, and 919 accepted.
[0 : mcmc] Progress @ 2025-04-24 08:16:47 : 3160 steps taken, and 828 accepted.
[2 : mcmc] Progress @ 2025-04-24 08:16:49 : 3240 steps taken, and 887 accepted.
[3 : mcmc] Progress @ 2025-04-24 08:18:37 : 3245 steps taken, and 920 accepted.
[1 : mcmc] Progress @ 2025-04-24 08:18:47 : 3227 steps taken, and 931 accepted.
[0 : mcmc] Progress @ 2025-04-24 08:18:55 : 3169 steps taken, and 830 accepted.
[2 : mcmc] Progress @ 2025-04-24 08:19:01 : 3249 steps taken, and 891 accepted.
[3 : mcmc] Progress @ 2025-04-24 08:20:44 : 3253 steps taken, and 924 accepted.
[1 : mcmc] Progress @ 2025-04-24 08:21:02 : 3236 steps taken, and 932 accepted.
[2 : mcmc] Progress @ 2025-04-24 08:21:06 : 3257 steps taken, and 892 accepted.
[0 : mcmc] Progress @ 2025-04-24 08:21:07 : 3177 steps taken, and 830 accepted.
[3 : mcmc] Progress @ 2025-04-24 08:23:01 : 3262 steps taken, and 930 accepted.
[2 : mcmc] Progress @ 2025-04-24 08:23:06 : 3266 steps taken, and 894 accepted.
[1 : mcmc] Progress @ 2025-04-24 08:23:07 : 3244 steps taken, and 936 accepted.
[0 : mcmc] Progress @ 2025-04-24 08:23:15 : 3186 steps taken, and 833 accepted.
[2 : mcmc] Progress @ 2025-04-24 08:25:09 : 3274 steps taken, and 896 accepted.
[3 : mcmc] Progress @ 2025-04-24 08:25:09 : 3271 steps taken, and 931 accepted.
[0 : mcmc] Progress @ 2025-04-24 08:25:16 : 3194 steps taken, and 835 accepted.
[1 : mcmc] Progress @ 2025-04-24 08:25:16 : 3253 steps taken, and 939 accepted.
[2 : mcmc] Learn + convergence test @ 900 samples accepted.
[2 : mcmc] Progress @ 2025-04-24 08:27:13 : 3282 steps taken, and 900 accepted.
[0 : mcmc] Progress @ 2025-04-24 08:27:20 : 3202 steps taken, and 838 accepted.
[3 : mcmc] Progress @ 2025-04-24 08:27:25 : 3280 steps taken, and 934 accepted.
[1 : mcmc] Progress @ 2025-04-24 08:27:35 : 3262 steps taken, and 943 accepted.
[0 : mcmc] Learn + convergence test @ 840 samples accepted.
[0 : mcmc] Ready to check convergence and learn a new proposal covmat (waiting for the rest...)
[0 : mcmc] All chains are ready to check convergence and learn a new proposal covmat
[0 : mcmc]  - Acceptance rate: 0.293 = avg([0.2738, 0.2913, 0.2919, 0.3137])
[0 : mcmc]  - Convergence of means: R-1 = 0.082485 after 3624 accepted steps = sum([840, 945, 902, 937])
[0 : mcmc]  - Updated covariance matrix of proposal pdf.
[2 : mcmc] Progress @ 2025-04-24 08:29:18 : 3287 steps taken, and 903 accepted.
[3 : mcmc] Progress @ 2025-04-24 08:29:25 : 3285 steps taken, and 938 accepted.
[1 : mcmc] Progress @ 2025-04-24 08:29:37 : 3272 steps taken, and 945 accepted.
[0 : mcmc] Progress @ 2025-04-24 08:29:37 : 3207 steps taken, and 841 accepted.
[2 : mcmc] Progress @ 2025-04-24 08:31:23 : 3296 steps taken, and 906 accepted.
[3 : mcmc] Progress @ 2025-04-24 08:31:32 : 3293 steps taken, and 942 accepted.
[0 : mcmc] Progress @ 2025-04-24 08:31:37 : 3215 steps taken, and 845 accepted.
[1 : mcmc] Progress @ 2025-04-24 08:31:53 : 3281 steps taken, and 948 accepted.
[2 : mcmc] Progress @ 2025-04-24 08:33:28 : 3304 steps taken, and 909 accepted.
[0 : mcmc] Progress @ 2025-04-24 08:33:44 : 3223 steps taken, and 848 accepted.
[3 : mcmc] Progress @ 2025-04-24 08:33:48 : 3302 steps taken, and 944 accepted.
[1 : mcmc] Progress @ 2025-04-24 08:33:57 : 3289 steps taken, and 951 accepted.
[2 : mcmc] Progress @ 2025-04-24 08:35:43 : 3313 steps taken, and 912 accepted.
[0 : mcmc] Progress @ 2025-04-24 08:35:55 : 3232 steps taken, and 850 accepted.
[3 : mcmc] Progress @ 2025-04-24 08:35:58 : 3311 steps taken, and 947 accepted.
[1 : mcmc] Progress @ 2025-04-24 08:36:04 : 3298 steps taken, and 954 accepted.
[2 : mcmc] Progress @ 2025-04-24 08:37:45 : 3323 steps taken, and 916 accepted.
[3 : mcmc] Progress @ 2025-04-24 08:38:00 : 3318 steps taken, and 950 accepted.
[0 : mcmc] Progress @ 2025-04-24 08:38:08 : 3240 steps taken, and 851 accepted.
[1 : mcmc] Progress @ 2025-04-24 08:38:13 : 3308 steps taken, and 958 accepted.
[1 : mcmc] Learn + convergence test @ 960 samples accepted.
[1 : mcmc] Ready to check convergence and learn a new proposal covmat (waiting for the rest...)
[2 : mcmc] Progress @ 2025-04-24 08:40:01 : 3332 steps taken, and 919 accepted.
[3 : mcmc] Progress @ 2025-04-24 08:40:04 : 3326 steps taken, and 952 accepted.
[0 : mcmc] Progress @ 2025-04-24 08:40:17 : 3248 steps taken, and 854 accepted.
[1 : mcmc] Progress @ 2025-04-24 08:40:25 : 3317 steps taken, and 960 accepted.
[3 : mcmc] Progress @ 2025-04-24 08:42:05 : 3334 steps taken, and 953 accepted.
[2 : mcmc] Progress @ 2025-04-24 08:42:06 : 3341 steps taken, and 923 accepted.
[0 : mcmc] Progress @ 2025-04-24 08:42:18 : 3256 steps taken, and 858 accepted.
[1 : mcmc] Progress @ 2025-04-24 08:42:27 : 3325 steps taken, and 960 accepted.
[2 : mcmc] Progress @ 2025-04-24 08:44:17 : 3350 steps taken, and 926 accepted.
[3 : mcmc] Progress @ 2025-04-24 08:44:18 : 3343 steps taken, and 955 accepted.
[0 : mcmc] Progress @ 2025-04-24 08:44:25 : 3265 steps taken, and 860 accepted.
[1 : mcmc] Progress @ 2025-04-24 08:44:41 : 3334 steps taken, and 962 accepted.
[2 : mcmc] Progress @ 2025-04-24 08:46:22 : 3358 steps taken, and 928 accepted.
[3 : mcmc] Progress @ 2025-04-24 08:46:24 : 3351 steps taken, and 955 accepted.
[0 : mcmc] Progress @ 2025-04-24 08:46:30 : 3273 steps taken, and 863 accepted.
[1 : mcmc] Progress @ 2025-04-24 08:46:47 : 3342 steps taken, and 965 accepted.
[3 : mcmc] Progress @ 2025-04-24 08:48:35 : 3360 steps taken, and 957 accepted.
[2 : mcmc] Progress @ 2025-04-24 08:48:37 : 3367 steps taken, and 931 accepted.
[0 : mcmc] Progress @ 2025-04-24 08:48:45 : 3282 steps taken, and 868 accepted.
[1 : mcmc] Progress @ 2025-04-24 08:49:03 : 3351 steps taken, and 967 accepted.
[3 : mcmc] Progress @ 2025-04-24 08:50:44 : 3369 steps taken, and 959 accepted.
[2 : mcmc] Progress @ 2025-04-24 08:50:52 : 3376 steps taken, and 933 accepted.
[0 : mcmc] Progress @ 2025-04-24 08:50:52 : 3291 steps taken, and 869 accepted.
[3 : mcmc] Learn + convergence test @ 960 samples accepted.
[3 : mcmc] Ready to check convergence and learn a new proposal covmat (waiting for the rest...)
[1 : mcmc] Progress @ 2025-04-24 08:51:16 : 3360 steps taken, and 969 accepted.
[3 : mcmc] Progress @ 2025-04-24 08:52:51 : 3377 steps taken, and 960 accepted.
[0 : mcmc] Progress @ 2025-04-24 08:52:59 : 3299 steps taken, and 873 accepted.
[2 : mcmc] Progress @ 2025-04-24 08:53:07 : 3385 steps taken, and 936 accepted.
[1 : mcmc] Progress @ 2025-04-24 08:53:17 : 3368 steps taken, and 972 accepted.
[0 : mcmc] Progress @ 2025-04-24 08:55:08 : 3308 steps taken, and 875 accepted.
[3 : mcmc] Progress @ 2025-04-24 08:55:08 : 3386 steps taken, and 962 accepted.
[2 : mcmc] Progress @ 2025-04-24 08:55:11 : 3393 steps taken, and 938 accepted.
[1 : mcmc] Progress @ 2025-04-24 08:55:29 : 3377 steps taken, and 974 accepted.
[0 : mcmc] Progress @ 2025-04-24 08:57:14 : 3316 steps taken, and 878 accepted.
[2 : mcmc] Progress @ 2025-04-24 08:57:21 : 3402 steps taken, and 941 accepted.
[3 : mcmc] Progress @ 2025-04-24 08:57:22 : 3395 steps taken, and 966 accepted.
[1 : mcmc] Progress @ 2025-04-24 08:57:38 : 3385 steps taken, and 979 accepted.
[0 : mcmc] Progress @ 2025-04-24 08:59:19 : 3324 steps taken, and 881 accepted.
[2 : mcmc] Progress @ 2025-04-24 08:59:26 : 3410 steps taken, and 941 accepted.
[3 : mcmc] Progress @ 2025-04-24 08:59:39 : 3404 steps taken, and 971 accepted.
[1 : mcmc] Progress @ 2025-04-24 08:59:45 : 3394 steps taken, and 982 accepted.
[0 : mcmc] Progress @ 2025-04-24 09:01:25 : 3332 steps taken, and 883 accepted.
[2 : mcmc] Progress @ 2025-04-24 09:01:36 : 3419 steps taken, and 942 accepted.
[3 : mcmc] Progress @ 2025-04-24 09:01:42 : 3412 steps taken, and 976 accepted.
[1 : mcmc] Progress @ 2025-04-24 09:01:51 : 3402 steps taken, and 983 accepted.
[0 : mcmc] Progress @ 2025-04-24 09:03:39 : 3341 steps taken, and 884 accepted.
[2 : mcmc] Progress @ 2025-04-24 09:03:40 : 3427 steps taken, and 944 accepted.
[1 : mcmc] Progress @ 2025-04-24 09:03:57 : 3410 steps taken, and 988 accepted.
[3 : mcmc] Progress @ 2025-04-24 09:04:00 : 3421 steps taken, and 977 accepted.
[2 : mcmc] Progress @ 2025-04-24 09:05:55 : 3436 steps taken, and 947 accepted.
[0 : mcmc] Progress @ 2025-04-24 09:05:56 : 3350 steps taken, and 886 accepted.
[1 : mcmc] Progress @ 2025-04-24 09:06:13 : 3419 steps taken, and 991 accepted.
[3 : mcmc] Progress @ 2025-04-24 09:06:14 : 3430 steps taken, and 978 accepted.
[2 : mcmc] Progress @ 2025-04-24 09:08:10 : 3445 steps taken, and 952 accepted.
[0 : mcmc] Progress @ 2025-04-24 09:08:12 : 3359 steps taken, and 890 accepted.
[1 : mcmc] Progress @ 2025-04-24 09:08:29 : 3429 steps taken, and 994 accepted.
[3 : mcmc] Progress @ 2025-04-24 09:08:30 : 3439 steps taken, and 978 accepted.
[0 : mcmc] Progress @ 2025-04-24 09:10:23 : 3368 steps taken, and 898 accepted.
[2 : mcmc] Progress @ 2025-04-24 09:10:28 : 3454 steps taken, and 953 accepted.
[1 : mcmc] Progress @ 2025-04-24 09:10:37 : 3437 steps taken, and 997 accepted.
[3 : mcmc] Progress @ 2025-04-24 09:10:37 : 3448 steps taken, and 982 accepted.
[0 : mcmc] Learn + convergence test @ 900 samples accepted.
[0 : mcmc] Ready to check convergence and learn a new proposal covmat (waiting for the rest...)
[2 : mcmc] Progress @ 2025-04-24 09:12:35 : 3463 steps taken, and 958 accepted.
[0 : mcmc] Progress @ 2025-04-24 09:12:39 : 3377 steps taken, and 900 accepted.
[3 : mcmc] Progress @ 2025-04-24 09:12:41 : 3456 steps taken, and 985 accepted.
[1 : mcmc] Progress @ 2025-04-24 09:12:45 : 3445 steps taken, and 1000 accepted.
[2 : mcmc] Progress @ 2025-04-24 09:14:43 : 3471 steps taken, and 959 accepted.
[0 : mcmc] Progress @ 2025-04-24 09:14:43 : 3385 steps taken, and 901 accepted.
[3 : mcmc] Progress @ 2025-04-24 09:14:48 : 3464 steps taken, and 986 accepted.
[1 : mcmc] Progress @ 2025-04-24 09:14:59 : 3454 steps taken, and 1003 accepted.
[2 : mcmc] Learn + convergence test @ 960 samples accepted.
[2 : mcmc] Ready to check convergence and learn a new proposal covmat (waiting for the rest...)
[0 : mcmc] Progress @ 2025-04-24 09:16:48 : 3394 steps taken, and 904 accepted.
[3 : mcmc] Progress @ 2025-04-24 09:16:48 : 3473 steps taken, and 988 accepted.
[0 : mcmc] All chains are ready to check convergence and learn a new proposal covmat
[0 : mcmc]  - Acceptance rate: 0.296 = avg([0.2842, 0.2983, 0.2918, 0.3088])
[0 : mcmc]  - Convergence of means: R-1 = 0.076650 after 3860 accepted steps = sum([905, 1006, 960, 989])
[0 : mcmc]  - Updated covariance matrix of proposal pdf.
[2 : mcmc] Progress @ 2025-04-24 09:17:33 : 3478 steps taken, and 960 accepted.
[1 : mcmc] Progress @ 2025-04-24 09:17:33 : 3463 steps taken, and 1007 accepted.
[3 : mcmc] Progress @ 2025-04-24 09:19:02 : 3481 steps taken, and 990 accepted.
[0 : mcmc] Progress @ 2025-04-24 09:19:05 : 3403 steps taken, and 908 accepted.
[1 : mcmc] Progress @ 2025-04-24 09:19:34 : 3471 steps taken, and 1010 accepted.
[2 : mcmc] Progress @ 2025-04-24 09:19:36 : 3486 steps taken, and 961 accepted.
[0 : mcmc] Progress @ 2025-04-24 09:21:13 : 3412 steps taken, and 912 accepted.
[3 : mcmc] Progress @ 2025-04-24 09:21:17 : 3490 steps taken, and 993 accepted.
[2 : mcmc] Progress @ 2025-04-24 09:21:43 : 3494 steps taken, and 968 accepted.
[1 : mcmc] Progress @ 2025-04-24 09:21:48 : 3480 steps taken, and 1012 accepted.
[0 : mcmc] Progress @ 2025-04-24 09:23:19 : 3420 steps taken, and 916 accepted.
[3 : mcmc] Progress @ 2025-04-24 09:23:24 : 3499 steps taken, and 996 accepted.
[2 : mcmc] Progress @ 2025-04-24 09:23:51 : 3503 steps taken, and 972 accepted.
[1 : mcmc] Progress @ 2025-04-24 09:23:54 : 3488 steps taken, and 1014 accepted.
[3 : mcmc] Progress @ 2025-04-24 09:25:30 : 3507 steps taken, and 997 accepted.
[0 : mcmc] Progress @ 2025-04-24 09:25:36 : 3429 steps taken, and 918 accepted.
[2 : mcmc] Progress @ 2025-04-24 09:25:54 : 3511 steps taken, and 975 accepted.
[1 : mcmc] Progress @ 2025-04-24 09:26:03 : 3497 steps taken, and 1017 accepted.
[3 : mcmc] Progress @ 2025-04-24 09:27:45 : 3516 steps taken, and 1001 accepted.
[0 : mcmc] Progress @ 2025-04-24 09:27:54 : 3438 steps taken, and 919 accepted.
[2 : mcmc] Progress @ 2025-04-24 09:27:59 : 3519 steps taken, and 978 accepted.
[1 : mcmc] Progress @ 2025-04-24 09:28:08 : 3505 steps taken, and 1019 accepted.
[1 : mcmc] Learn + convergence test @ 1020 samples accepted.
[1 : mcmc] Ready to check convergence and learn a new proposal covmat (waiting for the rest...)
[0 : mcmc] Progress @ 2025-04-24 09:30:02 : 3446 steps taken, and 922 accepted.
[3 : mcmc] Progress @ 2025-04-24 09:30:03 : 3525 steps taken, and 1003 accepted.
[2 : mcmc] Progress @ 2025-04-24 09:30:05 : 3528 steps taken, and 979 accepted.
[1 : mcmc] Progress @ 2025-04-24 09:30:20 : 3514 steps taken, and 1023 accepted.
[3 : mcmc] Progress @ 2025-04-24 09:32:08 : 3533 steps taken, and 1006 accepted.
[0 : mcmc] Progress @ 2025-04-24 09:32:11 : 3455 steps taken, and 923 accepted.
[2 : mcmc] Progress @ 2025-04-24 09:32:17 : 3537 steps taken, and 983 accepted.
[1 : mcmc] Progress @ 2025-04-24 09:32:28 : 3523 steps taken, and 1026 accepted.
[3 : mcmc] Progress @ 2025-04-24 09:34:20 : 3542 steps taken, and 1008 accepted.
[2 : mcmc] Progress @ 2025-04-24 09:34:24 : 3545 steps taken, and 987 accepted.
[0 : mcmc] Progress @ 2025-04-24 09:34:30 : 3464 steps taken, and 925 accepted.
[1 : mcmc] Progress @ 2025-04-24 09:34:42 : 3531 steps taken, and 1027 accepted.
[0 : mcmc] Progress @ 2025-04-24 09:36:37 : 3472 steps taken, and 928 accepted.
[3 : mcmc] Progress @ 2025-04-24 09:36:37 : 3551 steps taken, and 1012 accepted.
[2 : mcmc] Progress @ 2025-04-24 09:36:40 : 3554 steps taken, and 991 accepted.
[1 : mcmc] Progress @ 2025-04-24 09:36:47 : 3540 steps taken, and 1030 accepted.
[3 : mcmc] Progress @ 2025-04-24 09:38:43 : 3560 steps taken, and 1014 accepted.
[2 : mcmc] Progress @ 2025-04-24 09:38:47 : 3563 steps taken, and 993 accepted.
[0 : mcmc] Progress @ 2025-04-24 09:38:53 : 3481 steps taken, and 931 accepted.
[1 : mcmc] Progress @ 2025-04-24 09:38:55 : 3549 steps taken, and 1033 accepted.
[2 : mcmc] Progress @ 2025-04-24 09:40:53 : 3571 steps taken, and 994 accepted.
[3 : mcmc] Progress @ 2025-04-24 09:40:56 : 3569 steps taken, and 1019 accepted.
[0 : mcmc] Progress @ 2025-04-24 09:41:02 : 3490 steps taken, and 933 accepted.
[1 : mcmc] Progress @ 2025-04-24 09:41:06 : 3557 steps taken, and 1035 accepted.
[3 : mcmc] Learn + convergence test @ 1020 samples accepted.
[3 : mcmc] Ready to check convergence and learn a new proposal covmat (waiting for the rest...)
[3 : mcmc] Progress @ 2025-04-24 09:43:03 : 3577 steps taken, and 1020 accepted.
[2 : mcmc] Progress @ 2025-04-24 09:43:06 : 3580 steps taken, and 997 accepted.
[0 : mcmc] Progress @ 2025-04-24 09:43:08 : 3498 steps taken, and 935 accepted.
[1 : mcmc] Progress @ 2025-04-24 09:43:16 : 3566 steps taken, and 1038 accepted.
[2 : mcmc] Progress @ 2025-04-24 09:45:06 : 3588 steps taken, and 999 accepted.
[0 : mcmc] Progress @ 2025-04-24 09:45:13 : 3506 steps taken, and 938 accepted.
[3 : mcmc] Progress @ 2025-04-24 09:45:15 : 3586 steps taken, and 1021 accepted.
[1 : mcmc] Progress @ 2025-04-24 09:45:24 : 3574 steps taken, and 1040 accepted.
[2 : mcmc] Progress @ 2025-04-24 09:47:09 : 3596 steps taken, and 1003 accepted.
[3 : mcmc] Progress @ 2025-04-24 09:47:22 : 3595 steps taken, and 1026 accepted.
[0 : mcmc] Progress @ 2025-04-24 09:47:24 : 3515 steps taken, and 939 accepted.
[1 : mcmc] Progress @ 2025-04-24 09:47:41 : 3583 steps taken, and 1041 accepted.
[2 : mcmc] Progress @ 2025-04-24 09:49:16 : 3605 steps taken, and 1006 accepted.
[3 : mcmc] Progress @ 2025-04-24 09:49:35 : 3603 steps taken, and 1028 accepted.
[0 : mcmc] Progress @ 2025-04-24 09:49:36 : 3524 steps taken, and 941 accepted.
[1 : mcmc] Progress @ 2025-04-24 09:49:53 : 3592 steps taken, and 1042 accepted.
[2 : mcmc] Progress @ 2025-04-24 09:51:30 : 3614 steps taken, and 1008 accepted.
[3 : mcmc] Progress @ 2025-04-24 09:51:42 : 3612 steps taken, and 1032 accepted.
[0 : mcmc] Progress @ 2025-04-24 09:51:44 : 3532 steps taken, and 943 accepted.
[1 : mcmc] Progress @ 2025-04-24 09:52:10 : 3601 steps taken, and 1044 accepted.
[2 : mcmc] Progress @ 2025-04-24 09:53:31 : 3622 steps taken, and 1010 accepted.
[3 : mcmc] Progress @ 2025-04-24 09:53:53 : 3620 steps taken, and 1034 accepted.
[0 : mcmc] Progress @ 2025-04-24 09:54:02 : 3541 steps taken, and 945 accepted.
[1 : mcmc] Progress @ 2025-04-24 09:54:26 : 3610 steps taken, and 1047 accepted.
[2 : mcmc] Progress @ 2025-04-24 09:55:48 : 3631 steps taken, and 1012 accepted.
[3 : mcmc] Progress @ 2025-04-24 09:56:09 : 3629 steps taken, and 1036 accepted.
[0 : mcmc] Progress @ 2025-04-24 09:56:19 : 3550 steps taken, and 948 accepted.
[1 : mcmc] Progress @ 2025-04-24 09:56:34 : 3619 steps taken, and 1052 accepted.
[2 : mcmc] Progress @ 2025-04-24 09:57:55 : 3640 steps taken, and 1014 accepted.
[3 : mcmc] Progress @ 2025-04-24 09:58:24 : 3638 steps taken, and 1039 accepted.
[0 : mcmc] Progress @ 2025-04-24 09:58:33 : 3559 steps taken, and 948 accepted.
[1 : mcmc] Progress @ 2025-04-24 09:58:46 : 3627 steps taken, and 1053 accepted.
[2 : mcmc] Progress @ 2025-04-24 10:00:00 : 3648 steps taken, and 1019 accepted.
[2 : mcmc] Learn + convergence test @ 1020 samples accepted.
[2 : mcmc] Ready to check convergence and learn a new proposal covmat (waiting for the rest...)
[3 : mcmc] Progress @ 2025-04-24 10:00:33 : 3647 steps taken, and 1040 accepted.
[0 : mcmc] Progress @ 2025-04-24 10:00:43 : 3568 steps taken, and 952 accepted.
[1 : mcmc] Progress @ 2025-04-24 10:00:53 : 3636 steps taken, and 1055 accepted.
[2 : mcmc] Progress @ 2025-04-24 10:02:00 : 3656 steps taken, and 1023 accepted.
[3 : mcmc] Progress @ 2025-04-24 10:02:36 : 3655 steps taken, and 1041 accepted.
[0 : mcmc] Progress @ 2025-04-24 10:02:49 : 3576 steps taken, and 954 accepted.
[1 : mcmc] Progress @ 2025-04-24 10:03:08 : 3645 steps taken, and 1058 accepted.
[2 : mcmc] Progress @ 2025-04-24 10:04:03 : 3664 steps taken, and 1025 accepted.
[3 : mcmc] Progress @ 2025-04-24 10:04:50 : 3664 steps taken, and 1043 accepted.
[0 : mcmc] Progress @ 2025-04-24 10:04:55 : 3585 steps taken, and 957 accepted.
[1 : mcmc] Progress @ 2025-04-24 10:05:21 : 3654 steps taken, and 1062 accepted.
[2 : mcmc] Progress @ 2025-04-24 10:06:18 : 3673 steps taken, and 1029 accepted.
[0 : mcmc] Progress @ 2025-04-24 10:07:01 : 3593 steps taken, and 958 accepted.
[3 : mcmc] Progress @ 2025-04-24 10:07:04 : 3673 steps taken, and 1044 accepted.
[1 : mcmc] Progress @ 2025-04-24 10:07:26 : 3663 steps taken, and 1063 accepted.
[2 : mcmc] Progress @ 2025-04-24 10:08:26 : 3682 steps taken, and 1030 accepted.
[0 : mcmc] Learn + convergence test @ 960 samples accepted.
[0 : mcmc] Ready to check convergence and learn a new proposal covmat (waiting for the rest...)
[0 : mcmc] All chains are ready to check convergence and learn a new proposal covmat
[3 : mcmc] Progress @ 2025-04-24 10:09:13 : 3682 steps taken, and 1048 accepted.
[0 : mcmc]  - Acceptance rate: 0.296 = avg([0.2835, 0.2955, 0.3021, 0.3025])
[0 : mcmc]  - Convergence of means: R-1 = 0.063649 after 4107 accepted steps = sum([960, 1067, 1032, 1048])
[0 : mcmc]  - Updated covariance matrix of proposal pdf.
[0 : mcmc] Progress @ 2025-04-24 10:09:30 : 3600 steps taken, and 961 accepted.
[1 : mcmc] Progress @ 2025-04-24 10:09:43 : 3672 steps taken, and 1069 accepted.
[2 : mcmc] Progress @ 2025-04-24 10:10:34 : 3689 steps taken, and 1033 accepted.
[3 : mcmc] Progress @ 2025-04-24 10:11:28 : 3691 steps taken, and 1048 accepted.
[0 : mcmc] Progress @ 2025-04-24 10:11:45 : 3609 steps taken, and 961 accepted.
[1 : mcmc] Progress @ 2025-04-24 10:11:46 : 3680 steps taken, and 1074 accepted.
[2 : mcmc] Progress @ 2025-04-24 10:12:45 : 3698 steps taken, and 1035 accepted.
[3 : mcmc] Progress @ 2025-04-24 10:13:42 : 3700 steps taken, and 1050 accepted.
[1 : mcmc] Progress @ 2025-04-24 10:13:54 : 3689 steps taken, and 1078 accepted.
[0 : mcmc] Progress @ 2025-04-24 10:14:03 : 3618 steps taken, and 963 accepted.
[2 : mcmc] Progress @ 2025-04-24 10:14:59 : 3706 steps taken, and 1037 accepted.
[1 : mcmc] Learn + convergence test @ 1080 samples accepted.
[1 : mcmc] Ready to check convergence and learn a new proposal covmat (waiting for the rest...)
[3 : mcmc] Progress @ 2025-04-24 10:15:55 : 3709 steps taken, and 1051 accepted.
[1 : mcmc] Progress @ 2025-04-24 10:16:11 : 3698 steps taken, and 1081 accepted.
[0 : mcmc] Progress @ 2025-04-24 10:16:20 : 3627 steps taken, and 964 accepted.
[2 : mcmc] Progress @ 2025-04-24 10:17:06 : 3715 steps taken, and 1038 accepted.
[3 : mcmc] Progress @ 2025-04-24 10:18:01 : 3718 steps taken, and 1055 accepted.
[1 : mcmc] Progress @ 2025-04-24 10:18:26 : 3707 steps taken, and 1083 accepted.
[0 : mcmc] Progress @ 2025-04-24 10:18:38 : 3636 steps taken, and 964 accepted.
[2 : mcmc] Progress @ 2025-04-24 10:19:13 : 3724 steps taken, and 1039 accepted.
[3 : mcmc] Progress @ 2025-04-24 10:20:06 : 3726 steps taken, and 1058 accepted.
[1 : mcmc] Progress @ 2025-04-24 10:20:32 : 3715 steps taken, and 1086 accepted.
[0 : mcmc] Progress @ 2025-04-24 10:20:44 : 3644 steps taken, and 967 accepted.
[2 : mcmc] Progress @ 2025-04-24 10:21:20 : 3732 steps taken, and 1042 accepted.
[3 : mcmc] Progress @ 2025-04-24 10:22:23 : 3735 steps taken, and 1060 accepted.
[1 : mcmc] Progress @ 2025-04-24 10:22:38 : 3723 steps taken, and 1087 accepted.
[0 : mcmc] Progress @ 2025-04-24 10:22:53 : 3653 steps taken, and 967 accepted.
[2 : mcmc] Progress @ 2025-04-24 10:23:27 : 3740 steps taken, and 1042 accepted.
[3 : mcmc] Progress @ 2025-04-24 10:24:38 : 3744 steps taken, and 1062 accepted.
[1 : mcmc] Progress @ 2025-04-24 10:24:48 : 3732 steps taken, and 1090 accepted.
[0 : mcmc] Progress @ 2025-04-24 10:25:09 : 3662 steps taken, and 969 accepted.
[2 : mcmc] Progress @ 2025-04-24 10:25:36 : 3749 steps taken, and 1042 accepted.
[3 : mcmc] Progress @ 2025-04-24 10:26:44 : 3752 steps taken, and 1065 accepted.
[1 : mcmc] Progress @ 2025-04-24 10:26:55 : 3741 steps taken, and 1092 accepted.
[0 : mcmc] Progress @ 2025-04-24 10:27:15 : 3670 steps taken, and 974 accepted.
[2 : mcmc] Progress @ 2025-04-24 10:27:45 : 3758 steps taken, and 1046 accepted.
[3 : mcmc] Progress @ 2025-04-24 10:28:50 : 3761 steps taken, and 1066 accepted.
[1 : mcmc] Progress @ 2025-04-24 10:29:01 : 3749 steps taken, and 1093 accepted.
[0 : mcmc] Progress @ 2025-04-24 10:29:16 : 3678 steps taken, and 976 accepted.
[2 : mcmc] Progress @ 2025-04-24 10:29:50 : 3766 steps taken, and 1047 accepted.
[1 : mcmc] Progress @ 2025-04-24 10:31:04 : 3757 steps taken, and 1094 accepted.
[3 : mcmc] Progress @ 2025-04-24 10:31:05 : 3770 steps taken, and 1068 accepted.
[0 : mcmc] Progress @ 2025-04-24 10:31:23 : 3686 steps taken, and 978 accepted.
[2 : mcmc] Progress @ 2025-04-24 10:31:54 : 3774 steps taken, and 1051 accepted.
[1 : mcmc] Progress @ 2025-04-24 10:33:12 : 3766 steps taken, and 1098 accepted.
[3 : mcmc] Progress @ 2025-04-24 10:33:20 : 3779 steps taken, and 1072 accepted.
[0 : mcmc] Progress @ 2025-04-24 10:33:29 : 3695 steps taken, and 981 accepted.
[2 : mcmc] Progress @ 2025-04-24 10:34:08 : 3783 steps taken, and 1056 accepted.
[1 : mcmc] Progress @ 2025-04-24 10:35:18 : 3774 steps taken, and 1101 accepted.
[3 : mcmc] Progress @ 2025-04-24 10:35:25 : 3787 steps taken, and 1075 accepted.
[0 : mcmc] Progress @ 2025-04-24 10:35:31 : 3703 steps taken, and 984 accepted.
[2 : mcmc] Progress @ 2025-04-24 10:36:13 : 3791 steps taken, and 1058 accepted.
[1 : mcmc] Progress @ 2025-04-24 10:37:33 : 3783 steps taken, and 1105 accepted.
[3 : mcmc] Progress @ 2025-04-24 10:37:40 : 3796 steps taken, and 1076 accepted.
[0 : mcmc] Progress @ 2025-04-24 10:37:44 : 3711 steps taken, and 985 accepted.
[2 : mcmc] Progress @ 2025-04-24 10:38:19 : 3800 steps taken, and 1061 accepted.
[3 : mcmc] Learn + convergence test @ 1080 samples accepted.
[3 : mcmc] Ready to check convergence and learn a new proposal covmat (waiting for the rest...)
[1 : mcmc] Progress @ 2025-04-24 10:39:38 : 3791 steps taken, and 1107 accepted.
[0 : mcmc] Progress @ 2025-04-24 10:39:54 : 3720 steps taken, and 987 accepted.
[3 : mcmc] Progress @ 2025-04-24 10:39:54 : 3805 steps taken, and 1081 accepted.
[2 : mcmc] Progress @ 2025-04-24 10:40:27 : 3808 steps taken, and 1065 accepted.
[1 : mcmc] Progress @ 2025-04-24 10:41:46 : 3800 steps taken, and 1109 accepted.
[3 : mcmc] Progress @ 2025-04-24 10:41:55 : 3813 steps taken, and 1082 accepted.
[0 : mcmc] Progress @ 2025-04-24 10:42:04 : 3729 steps taken, and 990 accepted.
[2 : mcmc] Progress @ 2025-04-24 10:42:40 : 3817 steps taken, and 1067 accepted.
[3 : mcmc] Progress @ 2025-04-24 10:43:58 : 3821 steps taken, and 1085 accepted.
[1 : mcmc] Progress @ 2025-04-24 10:43:58 : 3809 steps taken, and 1112 accepted.
[0 : mcmc] Progress @ 2025-04-24 10:44:21 : 3738 steps taken, and 992 accepted.
[2 : mcmc] Progress @ 2025-04-24 10:44:54 : 3826 steps taken, and 1068 accepted.
[1 : mcmc] Progress @ 2025-04-24 10:46:07 : 3817 steps taken, and 1115 accepted.
[3 : mcmc] Progress @ 2025-04-24 10:46:13 : 3831 steps taken, and 1088 accepted.
[0 : mcmc] Progress @ 2025-04-24 10:46:28 : 3746 steps taken, and 994 accepted.
[2 : mcmc] Progress @ 2025-04-24 10:47:01 : 3835 steps taken, and 1070 accepted.
[1 : mcmc] Progress @ 2025-04-24 10:48:15 : 3826 steps taken, and 1117 accepted.
[3 : mcmc] Progress @ 2025-04-24 10:48:20 : 3839 steps taken, and 1090 accepted.
[0 : mcmc] Progress @ 2025-04-24 10:48:37 : 3755 steps taken, and 996 accepted.
[2 : mcmc] Progress @ 2025-04-24 10:49:08 : 3843 steps taken, and 1071 accepted.
[1 : mcmc] Progress @ 2025-04-24 10:50:20 : 3834 steps taken, and 1119 accepted.
[3 : mcmc] Progress @ 2025-04-24 10:50:26 : 3847 steps taken, and 1092 accepted.
[0 : mcmc] Progress @ 2025-04-24 10:50:53 : 3764 steps taken, and 998 accepted.
[2 : mcmc] Progress @ 2025-04-24 10:51:23 : 3852 steps taken, and 1075 accepted.
[3 : mcmc] Progress @ 2025-04-24 10:52:32 : 3855 steps taken, and 1097 accepted.
[1 : mcmc] Progress @ 2025-04-24 10:52:33 : 3843 steps taken, and 1122 accepted.
[0 : mcmc] Progress @ 2025-04-24 10:53:10 : 3773 steps taken, and 1001 accepted.
[2 : mcmc] Progress @ 2025-04-24 10:53:26 : 3860 steps taken, and 1077 accepted.
[3 : mcmc] Progress @ 2025-04-24 10:54:41 : 3864 steps taken, and 1099 accepted.
[2 : mcmc] Learn + convergence test @ 1080 samples accepted.
[2 : mcmc] Ready to check convergence and learn a new proposal covmat (waiting for the rest...)
[1 : mcmc] Progress @ 2025-04-24 10:54:50 : 3852 steps taken, and 1125 accepted.
[0 : mcmc] Progress @ 2025-04-24 10:55:24 : 3782 steps taken, and 1002 accepted.
[2 : mcmc] Progress @ 2025-04-24 10:55:35 : 3869 steps taken, and 1080 accepted.
[3 : mcmc] Progress @ 2025-04-24 10:56:45 : 3872 steps taken, and 1099 accepted.
[1 : mcmc] Progress @ 2025-04-24 10:57:06 : 3861 steps taken, and 1126 accepted.
[0 : mcmc] Progress @ 2025-04-24 10:57:32 : 3790 steps taken, and 1004 accepted.
[2 : mcmc] Progress @ 2025-04-24 10:57:38 : 3877 steps taken, and 1083 accepted.
[3 : mcmc] Progress @ 2025-04-24 10:58:50 : 3881 steps taken, and 1103 accepted.
[1 : mcmc] Progress @ 2025-04-24 10:59:18 : 3870 steps taken, and 1127 accepted.
[2 : mcmc] Progress @ 2025-04-24 10:59:45 : 3886 steps taken, and 1087 accepted.
[0 : mcmc] Progress @ 2025-04-24 10:59:49 : 3799 steps taken, and 1008 accepted.
[3 : mcmc] Progress @ 2025-04-24 11:01:07 : 3890 steps taken, and 1106 accepted.
[1 : mcmc] Progress @ 2025-04-24 11:01:23 : 3878 steps taken, and 1129 accepted.
[2 : mcmc] Progress @ 2025-04-24 11:01:49 : 3894 steps taken, and 1090 accepted.
[0 : mcmc] Progress @ 2025-04-24 11:01:56 : 3807 steps taken, and 1009 accepted.
[3 : mcmc] Progress @ 2025-04-24 11:03:17 : 3898 steps taken, and 1109 accepted.
[1 : mcmc] Progress @ 2025-04-24 11:03:29 : 3887 steps taken, and 1135 accepted.
[2 : mcmc] Progress @ 2025-04-24 11:03:58 : 3902 steps taken, and 1091 accepted.
[0 : mcmc] Progress @ 2025-04-24 11:04:05 : 3816 steps taken, and 1010 accepted.
[3 : mcmc] Progress @ 2025-04-24 11:05:24 : 3907 steps taken, and 1111 accepted.
[1 : mcmc] Progress @ 2025-04-24 11:05:33 : 3895 steps taken, and 1136 accepted.
[2 : mcmc] Progress @ 2025-04-24 11:06:04 : 3911 steps taken, and 1094 accepted.
[0 : mcmc] Progress @ 2025-04-24 11:06:14 : 3825 steps taken, and 1012 accepted.
[3 : mcmc] Progress @ 2025-04-24 11:07:41 : 3916 steps taken, and 1115 accepted.
[1 : mcmc] Progress @ 2025-04-24 11:07:46 : 3904 steps taken, and 1138 accepted.
[2 : mcmc] Progress @ 2025-04-24 11:08:17 : 3920 steps taken, and 1094 accepted.
[0 : mcmc] Progress @ 2025-04-24 11:08:19 : 3833 steps taken, and 1013 accepted.
[1 : mcmc] Progress @ 2025-04-24 11:09:47 : 3912 steps taken, and 1139 accepted.
[3 : mcmc] Progress @ 2025-04-24 11:09:57 : 3925 steps taken, and 1117 accepted.
[2 : mcmc] Progress @ 2025-04-24 11:10:23 : 3928 steps taken, and 1099 accepted.
[0 : mcmc] Progress @ 2025-04-24 11:10:25 : 3841 steps taken, and 1016 accepted.
[1 : mcmc] Learn + convergence test @ 1140 samples accepted.
[1 : mcmc] Progress @ 2025-04-24 11:12:00 : 3921 steps taken, and 1140 accepted.
[3 : mcmc] Progress @ 2025-04-24 11:12:03 : 3934 steps taken, and 1118 accepted.
[0 : mcmc] Learn + convergence test @ 1020 samples accepted.
[0 : mcmc] Ready to check convergence and learn a new proposal covmat (waiting for the rest...)
[0 : mcmc] All chains are ready to check convergence and learn a new proposal covmat
[2 : mcmc] Progress @ 2025-04-24 11:12:35 : 3937 steps taken, and 1101 accepted.
[0 : mcmc]  - Acceptance rate: 0.295 = avg([0.2754, 0.3001, 0.2986, 0.3025])
[0 : mcmc]  - Convergence of means: R-1 = 0.053652 after 4384 accepted steps = sum([1020, 1142, 1102, 1120])
[0 : mcmc]  - Updated covariance matrix of proposal pdf.
[0 : mcmc] Progress @ 2025-04-24 11:13:56 : 3849 steps taken, and 1020 accepted.
[1 : mcmc] Progress @ 2025-04-24 11:14:08 : 3929 steps taken, and 1142 accepted.
[3 : mcmc] Progress @ 2025-04-24 11:14:08 : 3944 steps taken, and 1120 accepted.
[2 : mcmc] Progress @ 2025-04-24 11:14:38 : 3944 steps taken, and 1103 accepted.
[0 : mcmc] Progress @ 2025-04-24 11:15:59 : 3857 steps taken, and 1022 accepted.
[1 : mcmc] Progress @ 2025-04-24 11:16:12 : 3938 steps taken, and 1143 accepted.
[3 : mcmc] Progress @ 2025-04-24 11:16:13 : 3951 steps taken, and 1121 accepted.
[2 : mcmc] Progress @ 2025-04-24 11:16:41 : 3953 steps taken, and 1104 accepted.
[0 : mcmc] Progress @ 2025-04-24 11:18:04 : 3865 steps taken, and 1022 accepted.
[1 : mcmc] Progress @ 2025-04-24 11:18:24 : 3946 steps taken, and 1144 accepted.
[3 : mcmc] Progress @ 2025-04-24 11:18:28 : 3960 steps taken, and 1123 accepted.
[2 : mcmc] Progress @ 2025-04-24 11:18:44 : 3961 steps taken, and 1106 accepted.
[0 : mcmc] Progress @ 2025-04-24 11:20:18 : 3874 steps taken, and 1025 accepted.
[1 : mcmc] Progress @ 2025-04-24 11:20:33 : 3955 steps taken, and 1146 accepted.
[3 : mcmc] Progress @ 2025-04-24 11:20:33 : 3968 steps taken, and 1125 accepted.
[2 : mcmc] Progress @ 2025-04-24 11:20:51 : 3970 steps taken, and 1109 accepted.
[0 : mcmc] Progress @ 2025-04-24 11:22:19 : 3882 steps taken, and 1028 accepted.
[1 : mcmc] Progress @ 2025-04-24 11:22:37 : 3964 steps taken, and 1147 accepted.
[3 : mcmc] Progress @ 2025-04-24 11:22:41 : 3977 steps taken, and 1127 accepted.
[2 : mcmc] Progress @ 2025-04-24 11:22:54 : 3978 steps taken, and 1111 accepted.
[0 : mcmc] Progress @ 2025-04-24 11:24:35 : 3891 steps taken, and 1030 accepted.
[1 : mcmc] Progress @ 2025-04-24 11:24:43 : 3972 steps taken, and 1150 accepted.
[3 : mcmc] Progress @ 2025-04-24 11:24:56 : 3986 steps taken, and 1130 accepted.
[2 : mcmc] Progress @ 2025-04-24 11:25:09 : 3987 steps taken, and 1114 accepted.
[0 : mcmc] Progress @ 2025-04-24 11:26:52 : 3900 steps taken, and 1031 accepted.
[1 : mcmc] Progress @ 2025-04-24 11:26:55 : 3981 steps taken, and 1151 accepted.
[3 : mcmc] Progress @ 2025-04-24 11:27:00 : 3994 steps taken, and 1132 accepted.
[2 : mcmc] Progress @ 2025-04-24 11:27:14 : 3995 steps taken, and 1115 accepted.
[0 : mcmc] Progress @ 2025-04-24 11:28:57 : 3908 steps taken, and 1032 accepted.
[1 : mcmc] Progress @ 2025-04-24 11:28:58 : 3989 steps taken, and 1154 accepted.
[3 : mcmc] Progress @ 2025-04-24 11:29:13 : 4003 steps taken, and 1134 accepted.
[2 : mcmc] Progress @ 2025-04-24 11:29:30 : 4004 steps taken, and 1118 accepted.
[0 : mcmc] Progress @ 2025-04-24 11:31:05 : 3917 steps taken, and 1036 accepted.
[1 : mcmc] Progress @ 2025-04-24 11:31:14 : 3998 steps taken, and 1159 accepted.
[3 : mcmc] Progress @ 2025-04-24 11:31:30 : 4012 steps taken, and 1137 accepted.
[2 : mcmc] Progress @ 2025-04-24 11:31:39 : 4013 steps taken, and 1119 accepted.
[3 : mcmc] Learn + convergence test @ 1140 samples accepted.
[3 : mcmc] Ready to check convergence and learn a new proposal covmat (waiting for the rest...)
[0 : mcmc] Progress @ 2025-04-24 11:33:22 : 3926 steps taken, and 1039 accepted.
[1 : mcmc] Progress @ 2025-04-24 11:33:22 : 4007 steps taken, and 1163 accepted.
[3 : mcmc] Progress @ 2025-04-24 11:33:36 : 4021 steps taken, and 1142 accepted.
[2 : mcmc] Progress @ 2025-04-24 11:33:57 : 4022 steps taken, and 1122 accepted.
[0 : mcmc] Progress @ 2025-04-24 11:35:27 : 3934 steps taken, and 1042 accepted.
[1 : mcmc] Progress @ 2025-04-24 11:35:28 : 4015 steps taken, and 1165 accepted.
[3 : mcmc] Progress @ 2025-04-24 11:35:47 : 4029 steps taken, and 1143 accepted.
[2 : mcmc] Progress @ 2025-04-24 11:36:11 : 4031 steps taken, and 1126 accepted.
[0 : mcmc] Progress @ 2025-04-24 11:37:27 : 3942 steps taken, and 1044 accepted.
[1 : mcmc] Progress @ 2025-04-24 11:37:39 : 4024 steps taken, and 1166 accepted.
[3 : mcmc] Progress @ 2025-04-24 11:38:02 : 4038 steps taken, and 1143 accepted.
[2 : mcmc] Progress @ 2025-04-24 11:38:18 : 4039 steps taken, and 1128 accepted.
[0 : mcmc] Progress @ 2025-04-24 11:39:36 : 3952 steps taken, and 1048 accepted.
[1 : mcmc] Progress @ 2025-04-24 11:39:57 : 4034 steps taken, and 1168 accepted.
[3 : mcmc] Progress @ 2025-04-24 11:40:11 : 4047 steps taken, and 1146 accepted.
[2 : mcmc] Progress @ 2025-04-24 11:40:34 : 4048 steps taken, and 1130 accepted.
[0 : mcmc] Progress @ 2025-04-24 11:41:49 : 3961 steps taken, and 1050 accepted.
[1 : mcmc] Progress @ 2025-04-24 11:42:01 : 4043 steps taken, and 1173 accepted.
[3 : mcmc] Progress @ 2025-04-24 11:42:16 : 4055 steps taken, and 1149 accepted.
[2 : mcmc] Progress @ 2025-04-24 11:42:47 : 4057 steps taken, and 1132 accepted.
[0 : mcmc] Progress @ 2025-04-24 11:43:57 : 3969 steps taken, and 1053 accepted.
[1 : mcmc] Progress @ 2025-04-24 11:44:17 : 4052 steps taken, and 1176 accepted.
[3 : mcmc] Progress @ 2025-04-24 11:44:19 : 4063 steps taken, and 1150 accepted.
[2 : mcmc] Progress @ 2025-04-24 11:44:52 : 4065 steps taken, and 1135 accepted.
[0 : mcmc] Progress @ 2025-04-24 11:46:05 : 3978 steps taken, and 1055 accepted.
[3 : mcmc] Progress @ 2025-04-24 11:46:22 : 4072 steps taken, and 1154 accepted.
[1 : mcmc] Progress @ 2025-04-24 11:46:24 : 4060 steps taken, and 1177 accepted.
[2 : mcmc] Progress @ 2025-04-24 11:47:00 : 4074 steps taken, and 1136 accepted.
[0 : mcmc] Progress @ 2025-04-24 11:48:10 : 3986 steps taken, and 1057 accepted.
[3 : mcmc] Progress @ 2025-04-24 11:48:26 : 4080 steps taken, and 1155 accepted.
[1 : mcmc] Progress @ 2025-04-24 11:48:35 : 4069 steps taken, and 1179 accepted.
[2 : mcmc] Progress @ 2025-04-24 11:49:14 : 4083 steps taken, and 1137 accepted.
[0 : mcmc] Progress @ 2025-04-24 11:50:19 : 3995 steps taken, and 1059 accepted.
[3 : mcmc] Progress @ 2025-04-24 11:50:30 : 4088 steps taken, and 1157 accepted.
[1 : mcmc] Progress @ 2025-04-24 11:50:44 : 4078 steps taken, and 1182 accepted.
[2 : mcmc] Progress @ 2025-04-24 11:51:30 : 4092 steps taken, and 1138 accepted.
[0 : mcmc] Progress @ 2025-04-24 11:52:33 : 4004 steps taken, and 1059 accepted.
[3 : mcmc] Progress @ 2025-04-24 11:52:36 : 4096 steps taken, and 1159 accepted.
[1 : mcmc] Progress @ 2025-04-24 11:52:48 : 4086 steps taken, and 1183 accepted.
[2 : mcmc] Progress @ 2025-04-24 11:53:47 : 4101 steps taken, and 1140 accepted.
[2 : mcmc] Learn + convergence test @ 1140 samples accepted.
[2 : mcmc] Ready to check convergence and learn a new proposal covmat (waiting for the rest...)
[0 : mcmc] Progress @ 2025-04-24 11:54:38 : 4012 steps taken, and 1062 accepted.
[3 : mcmc] Progress @ 2025-04-24 11:54:51 : 4106 steps taken, and 1160 accepted.
[1 : mcmc] Progress @ 2025-04-24 11:54:54 : 4095 steps taken, and 1185 accepted.
[2 : mcmc] Progress @ 2025-04-24 11:55:59 : 4110 steps taken, and 1146 accepted.
[0 : mcmc] Progress @ 2025-04-24 11:56:39 : 4020 steps taken, and 1065 accepted.
[3 : mcmc] Progress @ 2025-04-24 11:56:57 : 4114 steps taken, and 1162 accepted.
[1 : mcmc] Progress @ 2025-04-24 11:57:01 : 4103 steps taken, and 1185 accepted.
[2 : mcmc] Progress @ 2025-04-24 11:58:13 : 4119 steps taken, and 1149 accepted.
[0 : mcmc] Progress @ 2025-04-24 11:58:53 : 4029 steps taken, and 1067 accepted.
[3 : mcmc] Progress @ 2025-04-24 11:59:11 : 4123 steps taken, and 1163 accepted.
[1 : mcmc] Progress @ 2025-04-24 11:59:18 : 4112 steps taken, and 1187 accepted.
[2 : mcmc] Progress @ 2025-04-24 12:00:17 : 4127 steps taken, and 1151 accepted.
[0 : mcmc] Progress @ 2025-04-24 12:01:09 : 4038 steps taken, and 1070 accepted.
[3 : mcmc] Progress @ 2025-04-24 12:01:14 : 4131 steps taken, and 1165 accepted.
[1 : mcmc] Progress @ 2025-04-24 12:01:24 : 4120 steps taken, and 1190 accepted.
[2 : mcmc] Progress @ 2025-04-24 12:02:17 : 4136 steps taken, and 1156 accepted.
[3 : mcmc] Progress @ 2025-04-24 12:03:23 : 4140 steps taken, and 1167 accepted.
[0 : mcmc] Progress @ 2025-04-24 12:03:27 : 4047 steps taken, and 1073 accepted.
[1 : mcmc] Progress @ 2025-04-24 12:03:39 : 4129 steps taken, and 1192 accepted.
[2 : mcmc] Progress @ 2025-04-24 12:04:23 : 4144 steps taken, and 1156 accepted.
[3 : mcmc] Progress @ 2025-04-24 12:05:30 : 4149 steps taken, and 1175 accepted.
[0 : mcmc] Progress @ 2025-04-24 12:05:41 : 4056 steps taken, and 1074 accepted.
[1 : mcmc] Progress @ 2025-04-24 12:05:45 : 4137 steps taken, and 1194 accepted.
[2 : mcmc] Progress @ 2025-04-24 12:06:27 : 4152 steps taken, and 1160 accepted.
[3 : mcmc] Progress @ 2025-04-24 12:07:33 : 4157 steps taken, and 1178 accepted.
[1 : mcmc] Progress @ 2025-04-24 12:07:45 : 4145 steps taken, and 1194 accepted.
[0 : mcmc] Progress @ 2025-04-24 12:07:57 : 4065 steps taken, and 1077 accepted.
[2 : mcmc] Progress @ 2025-04-24 12:08:40 : 4161 steps taken, and 1161 accepted.
[0 : mcmc] Learn + convergence test @ 1080 samples accepted.
[0 : mcmc] Ready to check convergence and learn a new proposal covmat (waiting for the rest...)
[3 : mcmc] Progress @ 2025-04-24 12:09:40 : 4165 steps taken, and 1183 accepted.
[1 : mcmc] Progress @ 2025-04-24 12:09:50 : 4154 steps taken, and 1195 accepted.
[0 : mcmc] Progress @ 2025-04-24 12:10:03 : 4073 steps taken, and 1080 accepted.
[2 : mcmc] Progress @ 2025-04-24 12:10:55 : 4170 steps taken, and 1162 accepted.
[3 : mcmc] Progress @ 2025-04-24 12:11:48 : 4174 steps taken, and 1188 accepted.
[1 : mcmc] Progress @ 2025-04-24 12:11:54 : 4162 steps taken, and 1196 accepted.
[0 : mcmc] Progress @ 2025-04-24 12:12:20 : 4082 steps taken, and 1083 accepted.
[2 : mcmc] Progress @ 2025-04-24 12:13:02 : 4178 steps taken, and 1164 accepted.
[3 : mcmc] Progress @ 2025-04-24 12:13:55 : 4182 steps taken, and 1189 accepted.
[1 : mcmc] Progress @ 2025-04-24 12:14:08 : 4171 steps taken, and 1197 accepted.
[0 : mcmc] Progress @ 2025-04-24 12:14:26 : 4090 steps taken, and 1085 accepted.
[2 : mcmc] Progress @ 2025-04-24 12:15:09 : 4187 steps taken, and 1166 accepted.
[3 : mcmc] Progress @ 2025-04-24 12:15:57 : 4190 steps taken, and 1191 accepted.
[1 : mcmc] Progress @ 2025-04-24 12:16:26 : 4180 steps taken, and 1199 accepted.
[0 : mcmc] Progress @ 2025-04-24 12:16:39 : 4099 steps taken, and 1089 accepted.
[1 : mcmc] Learn + convergence test @ 1200 samples accepted.
[1 : mcmc] Ready to check convergence and learn a new proposal covmat (waiting for the rest...)
[2 : mcmc] Progress @ 2025-04-24 12:17:22 : 4196 steps taken, and 1168 accepted.
[0 : mcmc] All chains are ready to check convergence and learn a new proposal covmat
[0 : mcmc]  - Acceptance rate: 0.291 = avg([0.2752, 0.2915, 0.2941, 0.3019])
[0 : mcmc]  - Convergence of means: R-1 = 0.039524 after 4655 accepted steps = sum([1091, 1200, 1169, 1195])
[0 : mcmc]  - Updated covariance matrix of proposal pdf.
[3 : mcmc] Progress @ 2025-04-24 12:18:28 : 4199 steps taken, and 1195 accepted.
[1 : mcmc] Progress @ 2025-04-24 12:18:29 : 4184 steps taken, and 1201 accepted.
[0 : mcmc] Progress @ 2025-04-24 12:18:56 : 4109 steps taken, and 1092 accepted.
[2 : mcmc] Progress @ 2025-04-24 12:19:29 : 4204 steps taken, and 1169 accepted.
[3 : mcmc] Progress @ 2025-04-24 12:20:30 : 4207 steps taken, and 1197 accepted.
[1 : mcmc] Progress @ 2025-04-24 12:20:35 : 4192 steps taken, and 1204 accepted.
[0 : mcmc] Progress @ 2025-04-24 12:20:58 : 4117 steps taken, and 1095 accepted.
[2 : mcmc] Progress @ 2025-04-24 12:21:37 : 4213 steps taken, and 1173 accepted.
[3 : mcmc] Progress @ 2025-04-24 12:22:45 : 4216 steps taken, and 1199 accepted.
[1 : mcmc] Progress @ 2025-04-24 12:22:49 : 4201 steps taken, and 1206 accepted.
[0 : mcmc] Progress @ 2025-04-24 12:23:06 : 4126 steps taken, and 1097 accepted.
[3 : mcmc] Learn + convergence test @ 1200 samples accepted.
[3 : mcmc] Ready to check convergence and learn a new proposal covmat (waiting for the rest...)
[2 : mcmc] Progress @ 2025-04-24 12:23:44 : 4221 steps taken, and 1176 accepted.
[1 : mcmc] Progress @ 2025-04-24 12:24:56 : 4210 steps taken, and 1211 accepted.
[3 : mcmc] Progress @ 2025-04-24 12:25:04 : 4225 steps taken, and 1201 accepted.
[0 : mcmc] Progress @ 2025-04-24 12:25:11 : 4134 steps taken, and 1100 accepted.
[2 : mcmc] Progress @ 2025-04-24 12:25:58 : 4230 steps taken, and 1178 accepted.
[1 : mcmc] Progress @ 2025-04-24 12:27:01 : 4218 steps taken, and 1218 accepted.
[3 : mcmc] Progress @ 2025-04-24 12:27:11 : 4234 steps taken, and 1202 accepted.
[0 : mcmc] Progress @ 2025-04-24 12:27:14 : 4142 steps taken, and 1103 accepted.
[2 : mcmc] Progress @ 2025-04-24 12:28:03 : 4238 steps taken, and 1181 accepted.
[3 : mcmc] Progress @ 2025-04-24 12:29:16 : 4242 steps taken, and 1206 accepted.
[0 : mcmc] Progress @ 2025-04-24 12:29:17 : 4150 steps taken, and 1105 accepted.
[1 : mcmc] Progress @ 2025-04-24 12:29:17 : 4227 steps taken, and 1221 accepted.
[2 : mcmc] Progress @ 2025-04-24 12:30:09 : 4247 steps taken, and 1185 accepted.
[3 : mcmc] Progress @ 2025-04-24 12:31:19 : 4250 steps taken, and 1209 accepted.
[1 : mcmc] Progress @ 2025-04-24 12:31:25 : 4235 steps taken, and 1224 accepted.
[0 : mcmc] Progress @ 2025-04-24 12:31:33 : 4159 steps taken, and 1107 accepted.
[2 : mcmc] Progress @ 2025-04-24 12:32:15 : 4255 steps taken, and 1188 accepted.
[3 : mcmc] Progress @ 2025-04-24 12:33:27 : 4259 steps taken, and 1213 accepted.
[1 : mcmc] Progress @ 2025-04-24 12:33:40 : 4244 steps taken, and 1226 accepted.
[0 : mcmc] Progress @ 2025-04-24 12:33:50 : 4168 steps taken, and 1112 accepted.
[2 : mcmc] Progress @ 2025-04-24 12:34:29 : 4264 steps taken, and 1189 accepted.
[3 : mcmc] Progress @ 2025-04-24 12:35:34 : 4267 steps taken, and 1215 accepted.
[1 : mcmc] Progress @ 2025-04-24 12:35:49 : 4253 steps taken, and 1228 accepted.
[0 : mcmc] Progress @ 2025-04-24 12:36:07 : 4177 steps taken, and 1115 accepted.
[2 : mcmc] Progress @ 2025-04-24 12:36:34 : 4273 steps taken, and 1193 accepted.
[3 : mcmc] Progress @ 2025-04-24 12:37:51 : 4276 steps taken, and 1220 accepted.
[1 : mcmc] Progress @ 2025-04-24 12:37:55 : 4261 steps taken, and 1231 accepted.
[0 : mcmc] Progress @ 2025-04-24 12:38:14 : 4186 steps taken, and 1117 accepted.
[2 : mcmc] Progress @ 2025-04-24 12:38:41 : 4281 steps taken, and 1194 accepted.
[3 : mcmc] Progress @ 2025-04-24 12:40:05 : 4285 steps taken, and 1222 accepted.
[1 : mcmc] Progress @ 2025-04-24 12:40:10 : 4270 steps taken, and 1233 accepted.
[0 : mcmc] Progress @ 2025-04-24 12:40:19 : 4194 steps taken, and 1120 accepted.
[2 : mcmc] Progress @ 2025-04-24 12:40:41 : 4289 steps taken, and 1195 accepted.
[3 : mcmc] Progress @ 2025-04-24 12:42:08 : 4293 steps taken, and 1223 accepted.
[0 : mcmc] Progress @ 2025-04-24 12:42:23 : 4202 steps taken, and 1124 accepted.
[1 : mcmc] Progress @ 2025-04-24 12:42:28 : 4279 steps taken, and 1235 accepted.
[2 : mcmc] Progress @ 2025-04-24 12:42:48 : 4299 steps taken, and 1197 accepted.
[2 : mcmc] Learn + convergence test @ 1200 samples accepted.
[2 : mcmc] Ready to check convergence and learn a new proposal covmat (waiting for the rest...)
[3 : mcmc] Progress @ 2025-04-24 12:44:22 : 4302 steps taken, and 1229 accepted.
[0 : mcmc] Progress @ 2025-04-24 12:44:27 : 4210 steps taken, and 1126 accepted.
[1 : mcmc] Progress @ 2025-04-24 12:44:40 : 4288 steps taken, and 1238 accepted.
[2 : mcmc] Progress @ 2025-04-24 12:44:54 : 4307 steps taken, and 1202 accepted.
[0 : mcmc] Progress @ 2025-04-24 12:46:36 : 4219 steps taken, and 1129 accepted.
[3 : mcmc] Progress @ 2025-04-24 12:46:36 : 4311 steps taken, and 1232 accepted.
[1 : mcmc] Progress @ 2025-04-24 12:46:45 : 4296 steps taken, and 1242 accepted.
[2 : mcmc] Progress @ 2025-04-24 12:47:11 : 4316 steps taken, and 1205 accepted.
[1 : mcmc] Progress @ 2025-04-24 12:48:50 : 4304 steps taken, and 1243 accepted.
[3 : mcmc] Progress @ 2025-04-24 12:48:53 : 4320 steps taken, and 1236 accepted.
[0 : mcmc] Progress @ 2025-04-24 12:48:54 : 4228 steps taken, and 1131 accepted.
[2 : mcmc] Progress @ 2025-04-24 12:49:16 : 4324 steps taken, and 1209 accepted.
[0 : mcmc] Progress @ 2025-04-24 12:50:56 : 4236 steps taken, and 1134 accepted.
[3 : mcmc] Progress @ 2025-04-24 12:51:08 : 4329 steps taken, and 1238 accepted.
[1 : mcmc] Progress @ 2025-04-24 12:51:09 : 4313 steps taken, and 1248 accepted.
[2 : mcmc] Progress @ 2025-04-24 12:51:29 : 4333 steps taken, and 1211 accepted.
[0 : mcmc] Progress @ 2025-04-24 12:53:04 : 4244 steps taken, and 1137 accepted.
[3 : mcmc] Progress @ 2025-04-24 12:53:08 : 4337 steps taken, and 1241 accepted.
[1 : mcmc] Progress @ 2025-04-24 12:53:16 : 4322 steps taken, and 1249 accepted.
[2 : mcmc] Progress @ 2025-04-24 12:53:43 : 4342 steps taken, and 1217 accepted.
[0 : mcmc] Learn + convergence test @ 1140 samples accepted.
[0 : mcmc] Ready to check convergence and learn a new proposal covmat (waiting for the rest...)
[0 : mcmc] Progress @ 2025-04-24 12:55:14 : 4253 steps taken, and 1141 accepted.
[3 : mcmc] Progress @ 2025-04-24 12:55:22 : 4346 steps taken, and 1245 accepted.
[1 : mcmc] Progress @ 2025-04-24 12:55:22 : 4330 steps taken, and 1249 accepted.
[2 : mcmc] Progress @ 2025-04-24 12:55:58 : 4351 steps taken, and 1219 accepted.
[0 : mcmc] Progress @ 2025-04-24 12:57:22 : 4261 steps taken, and 1144 accepted.
[3 : mcmc] Progress @ 2025-04-24 12:57:23 : 4354 steps taken, and 1247 accepted.
[1 : mcmc] Progress @ 2025-04-24 12:57:38 : 4339 steps taken, and 1251 accepted.
[2 : mcmc] Progress @ 2025-04-24 12:58:05 : 4360 steps taken, and 1224 accepted.
[0 : mcmc] Progress @ 2025-04-24 12:59:28 : 4270 steps taken, and 1148 accepted.
[3 : mcmc] Progress @ 2025-04-24 12:59:29 : 4362 steps taken, and 1249 accepted.
[1 : mcmc] Progress @ 2025-04-24 12:59:53 : 4348 steps taken, and 1253 accepted.
[2 : mcmc] Progress @ 2025-04-24 13:00:10 : 4368 steps taken, and 1225 accepted.
[3 : mcmc] Progress @ 2025-04-24 13:01:30 : 4370 steps taken, and 1253 accepted.
[0 : mcmc] Progress @ 2025-04-24 13:01:34 : 4278 steps taken, and 1151 accepted.
[1 : mcmc] Progress @ 2025-04-24 13:02:01 : 4357 steps taken, and 1255 accepted.
[2 : mcmc] Progress @ 2025-04-24 13:02:15 : 4376 steps taken, and 1227 accepted.
[3 : mcmc] Progress @ 2025-04-24 13:03:35 : 4378 steps taken, and 1255 accepted.
[0 : mcmc] Progress @ 2025-04-24 13:03:40 : 4286 steps taken, and 1152 accepted.
[1 : mcmc] Progress @ 2025-04-24 13:04:12 : 4365 steps taken, and 1256 accepted.
[2 : mcmc] Progress @ 2025-04-24 13:04:22 : 4385 steps taken, and 1231 accepted.
[3 : mcmc] Progress @ 2025-04-24 13:05:43 : 4387 steps taken, and 1258 accepted.
[0 : mcmc] Progress @ 2025-04-24 13:05:50 : 4295 steps taken, and 1155 accepted.
[1 : mcmc] Progress @ 2025-04-24 13:06:20 : 4374 steps taken, and 1257 accepted.
[2 : mcmc] Progress @ 2025-04-24 13:06:29 : 4394 steps taken, and 1232 accepted.
[0 : mcmc] Progress @ 2025-04-24 13:07:50 : 4303 steps taken, and 1159 accepted.
[3 : mcmc] Progress @ 2025-04-24 13:07:51 : 4395 steps taken, and 1259 accepted.
[3 : mcmc] Learn + convergence test @ 1260 samples accepted.
[1 : mcmc] Progress @ 2025-04-24 13:08:27 : 4382 steps taken, and 1259 accepted.
[2 : mcmc] Progress @ 2025-04-24 13:08:39 : 4402 steps taken, and 1235 accepted.
[1 : mcmc] Learn + convergence test @ 1260 samples accepted.
[1 : mcmc] Ready to check convergence and learn a new proposal covmat (waiting for the rest...)
[3 : mcmc] Progress @ 2025-04-24 13:09:55 : 4404 steps taken, and 1261 accepted.
[0 : mcmc] Progress @ 2025-04-24 13:10:01 : 4312 steps taken, and 1161 accepted.
[2 : mcmc] Progress @ 2025-04-24 13:10:41 : 4411 steps taken, and 1236 accepted.
[0 : mcmc] All chains are ready to check convergence and learn a new proposal covmat
[0 : mcmc]  - Acceptance rate: 0.294 = avg([0.2797, 0.2958, 0.2987, 0.3002])
[0 : mcmc]  - Convergence of means: R-1 = 0.046697 after 4921 accepted steps = sum([1162, 1260, 1237, 1262])
[0 : mcmc]  - Convergence of bounds: R-1 = 0.143192 after 4921 accepted steps = sum([1162, 1260, 1237, 1262])
[0 : mcmc] The run has converged!
[0 : mcmc] Sampling complete after 4921 accepted steps.
[0m[0m[0m[0m
------------------------------------------------------------
Sender: LSF System <lsfadmin@e4farm02.ge.infn.it>
Subject: Job 336980: <act_all> in cluster <infnge> Done

Job <act_all> was submitted from host <farmuisl7.ge.infn.it> by user <mraveri> in cluster <infnge>.
Job was executed on host(s) <16*e4farm02.ge.infn.it>, in queue <long>, as user <mraveri> in cluster <infnge>.
</home/mraveri> was used as the home directory.
</home/mraveri/projects/andrea/tesi_magistrale/lcdm/act_all> was used as the working directory.
Started at Wed Apr 23 18:35:49 2025
Results reported on Thu Apr 24 13:11:06 2025

Your job looked like:

------------------------------------------------------------
# LSBATCH: User input
#!/bin/bash

#BSUB -J act_all                    # Job name
#BSUB -M 64000                      # Memory limit (64GB)
#BSUB -R "rusage[mem=64000]"        # Resource request
#BSUB -q long                       # Queue
#BSUB -o act_all.out                # Output log
#BSUB -e act_all.err                # Error log
#BSUB -n 16                         # Total cores

# Set number of threads per chain (OMP = threads for linear algebra, etc.)
export OMP_NUM_THREADS=4

# Run Cobaya with MPI (4 chains using 4 threads each = 16 total cores)
mpirun -np 4 cobaya-run act_all.yaml
------------------------------------------------------------

Successfully completed.

Resource usage summary:

    CPU time :                                   179355.25 sec.
    Max Memory :                                 2843 MB
    Average Memory :                             2793.18 MB
    Total Requested Memory :                     64000.00 MB
    Delta Memory :                               61157.00 MB
    Max Processes :                              8
    Max Threads :                                31

The output (if any) is above this job summary.



PS:

Read file <act_all.err> for stderr output of this job.

