[0 : output] Output to be read-from/written-into folder '.', with prefix 'desidr1'
[0 : camb] `camb` module loaded successfully from /mnt/project_mnt/farm_fs/mraveri/projects/cobaya/code/CAMB/camb
[2 : bao.desi_2024_bao_all] Initialized.
[0 : bao.desi_2024_bao_all] Initialized.
[1 : bao.desi_2024_bao_all] Initialized.
[3 : bao.desi_2024_bao_all] Initialized.
[0 : mcmc] Getting initial point... (this may take a few seconds)
[3 : mcmc] Getting initial point... (this may take a few seconds)
[2 : mcmc] Getting initial point... (this may take a few seconds)
[1 : mcmc] Getting initial point... (this may take a few seconds)
[1 : mcmc] Initial point: logA:3.050145, ns:0.9634573, theta_MC_100:1.041091, ombh2:0.02236009, omch2:0.1211435, w:-1.002264, wa:-0.05232885, tau:0.05645024
[2 : mcmc] Initial point: logA:3.050904, ns:0.9689259, theta_MC_100:1.040659, ombh2:0.02241914, omch2:0.1207769, w:-0.9769694, wa:-0.04895239, tau:0.04883459
[0 : mcmc] Initial point: logA:3.049626, ns:0.9714019, theta_MC_100:1.040982, ombh2:0.02235882, omch2:0.1191985, w:-0.9530297, wa:-0.07025775, tau:0.05308613
[3 : mcmc] Initial point: logA:3.050505, ns:0.966348, theta_MC_100:1.040991, ombh2:0.02245867, omch2:0.1187998, w:-1.001591, wa:-0.02802178, tau:0.05865914
[0 : model] Measuring speeds... (this may take a few seconds)
[0 : model] Setting measured speeds (per sec): {bao.desi_2024_bao_all: 529.0, camb.transfers: 0.24, camb: 113.0}
[0 : mcmc] Dragging with number of interpolating steps:
[0 : mcmc] * 1 : [['theta_MC_100', 'ombh2', 'omch2', 'w', 'wa', 'tau']]
[0 : mcmc] * 3 : [['logA', 'ns']]
[0 : autoselect_covmat] No cached covmat database present, not usable or not up-to-date. Will be re-created and cached.
[0 : mcmc] Covariance matrix selected automatically: /mnt/project_mnt/farm_fs/mraveri/projects/cobaya/data/planck_supp_data_and_covmats/covmats/base_w_wa_plikHM_TT_lowTEB_BAO.covmat
[0 : mcmc] Covariance matrix loaded for params ['ombh2', 'omch2', 'theta_MC_100', 'tau', 'w', 'wa', 'logA', 'ns']
[0 : mcmc] All parameters' covariance loaded from given covmat.
[0 : mcmc] Sampling!
[2 : mcmc] Progress @ 2025-04-17 10:12:18 : 1 steps taken, and 0 accepted.
[1 : mcmc] Progress @ 2025-04-17 10:12:18 : 1 steps taken, and 0 accepted.
[0 : mcmc] Progress @ 2025-04-17 10:12:18 : 1 steps taken, and 0 accepted.
[3 : mcmc] Progress @ 2025-04-17 10:12:18 : 1 steps taken, and 0 accepted.
[3 : mcmc] Progress @ 2025-04-17 10:14:19 : 36 steps taken, and 15 accepted.
[2 : mcmc] Progress @ 2025-04-17 10:14:19 : 34 steps taken, and 11 accepted.
[1 : mcmc] Progress @ 2025-04-17 10:14:19 : 33 steps taken, and 17 accepted.
[0 : mcmc] Progress @ 2025-04-17 10:14:19 : 53 steps taken, and 18 accepted.
[1 : mcmc] Progress @ 2025-04-17 10:16:20 : 71 steps taken, and 33 accepted.
[3 : mcmc] Progress @ 2025-04-17 10:16:20 : 87 steps taken, and 33 accepted.
[0 : mcmc] Progress @ 2025-04-17 10:16:22 : 84 steps taken, and 37 accepted.
[2 : mcmc] Progress @ 2025-04-17 10:16:23 : 66 steps taken, and 20 accepted.
[3 : mcmc] Progress @ 2025-04-17 10:18:22 : 122 steps taken, and 45 accepted.
[1 : mcmc] Progress @ 2025-04-17 10:18:22 : 104 steps taken, and 44 accepted.
[0 : mcmc] Progress @ 2025-04-17 10:18:25 : 126 steps taken, and 51 accepted.
[2 : mcmc] Progress @ 2025-04-17 10:18:25 : 108 steps taken, and 35 accepted.
[0 : mcmc] Learn + convergence test @ 60 samples accepted.
[0 : mcmc] Ready to check convergence and learn a new proposal covmat (waiting for the rest...)
[1 : mcmc] Learn + convergence test @ 60 samples accepted.
[1 : mcmc] Ready to check convergence and learn a new proposal covmat (waiting for the rest...)
[3 : mcmc] Progress @ 2025-04-17 10:20:25 : 157 steps taken, and 60 accepted.
[3 : mcmc] Learn + convergence test @ 60 samples accepted.
[3 : mcmc] Ready to check convergence and learn a new proposal covmat (waiting for the rest...)
[1 : mcmc] Progress @ 2025-04-17 10:20:26 : 137 steps taken, and 61 accepted.
[0 : mcmc] Progress @ 2025-04-17 10:20:28 : 159 steps taken, and 67 accepted.
[2 : mcmc] Progress @ 2025-04-17 10:20:28 : 147 steps taken, and 47 accepted.
[3 : mcmc] Progress @ 2025-04-17 10:22:28 : 188 steps taken, and 74 accepted.
[1 : mcmc] Progress @ 2025-04-17 10:22:28 : 174 steps taken, and 75 accepted.
[0 : mcmc] Progress @ 2025-04-17 10:22:30 : 195 steps taken, and 83 accepted.
[2 : mcmc] Progress @ 2025-04-17 10:22:31 : 183 steps taken, and 57 accepted.
[2 : mcmc] Learn + convergence test @ 60 samples accepted.
[2 : mcmc] Ready to check convergence and learn a new proposal covmat (waiting for the rest...)
[0 : mcmc] All chains are ready to check convergence and learn a new proposal covmat
[0 : mcmc]  - Acceptance rate: 0.388 = avg([0.4245, 0.3960, 0.2857, 0.4167])
[0 : mcmc]  - Convergence of means: R-1 = 42.278655 after 308 accepted steps = sum([90, 79, 60, 79])
[0 : mcmc]  - Updated covariance matrix of proposal pdf.
[3 : mcmc] Progress @ 2025-04-17 10:24:31 : 215 steps taken, and 85 accepted.
[1 : mcmc] Progress @ 2025-04-17 10:24:31 : 215 steps taken, and 87 accepted.
[0 : mcmc] Progress @ 2025-04-17 10:24:32 : 230 steps taken, and 96 accepted.
[2 : mcmc] Progress @ 2025-04-17 10:24:35 : 210 steps taken, and 67 accepted.
[0 : mcmc] Progress @ 2025-04-17 10:26:33 : 263 steps taken, and 109 accepted.
[1 : mcmc] Progress @ 2025-04-17 10:26:34 : 265 steps taken, and 98 accepted.
[3 : mcmc] Progress @ 2025-04-17 10:26:34 : 250 steps taken, and 100 accepted.
[2 : mcmc] Progress @ 2025-04-17 10:26:37 : 261 steps taken, and 82 accepted.
[0 : mcmc] Learn + convergence test @ 120 samples accepted.
[0 : mcmc] Ready to check convergence and learn a new proposal covmat (waiting for the rest...)
[3 : mcmc] Learn + convergence test @ 120 samples accepted.
[3 : mcmc] Ready to check convergence and learn a new proposal covmat (waiting for the rest...)
[0 : mcmc] Progress @ 2025-04-17 10:28:34 : 292 steps taken, and 126 accepted.
[3 : mcmc] Progress @ 2025-04-17 10:28:34 : 282 steps taken, and 120 accepted.
[1 : mcmc] Progress @ 2025-04-17 10:28:37 : 313 steps taken, and 111 accepted.
[2 : mcmc] Progress @ 2025-04-17 10:28:38 : 298 steps taken, and 95 accepted.
[1 : mcmc] Learn + convergence test @ 120 samples accepted.
[1 : mcmc] Ready to check convergence and learn a new proposal covmat (waiting for the rest...)
[1 : mcmc] Progress @ 2025-04-17 10:30:37 : 351 steps taken, and 123 accepted.
[3 : mcmc] Progress @ 2025-04-17 10:30:37 : 321 steps taken, and 134 accepted.
[0 : mcmc] Progress @ 2025-04-17 10:30:38 : 325 steps taken, and 137 accepted.
[2 : mcmc] Progress @ 2025-04-17 10:30:42 : 335 steps taken, and 113 accepted.
[2 : mcmc] Learn + convergence test @ 120 samples accepted.
[2 : mcmc] Ready to check convergence and learn a new proposal covmat (waiting for the rest...)
[0 : mcmc] All chains are ready to check convergence and learn a new proposal covmat
[0 : mcmc]  - Acceptance rate: 0.373 = avg([0.4000, 0.2913, 0.3750, 0.4195])
[0 : mcmc]  - Convergence of means: R-1 = 16.660231 after 546 accepted steps = sum([147, 134, 120, 145])
[0 : mcmc]  - Updated covariance matrix of proposal pdf.
[3 : mcmc] Progress @ 2025-04-17 10:32:40 : 359 steps taken, and 148 accepted.
[1 : mcmc] Progress @ 2025-04-17 10:32:41 : 385 steps taken, and 136 accepted.
[0 : mcmc] Progress @ 2025-04-17 10:32:42 : 379 steps taken, and 151 accepted.
[2 : mcmc] Progress @ 2025-04-17 10:32:47 : 365 steps taken, and 120 accepted.
[3 : mcmc] Progress @ 2025-04-17 10:34:41 : 397 steps taken, and 159 accepted.
[1 : mcmc] Progress @ 2025-04-17 10:34:44 : 428 steps taken, and 148 accepted.
[0 : mcmc] Progress @ 2025-04-17 10:34:45 : 426 steps taken, and 164 accepted.
[2 : mcmc] Progress @ 2025-04-17 10:34:49 : 408 steps taken, and 127 accepted.
[3 : mcmc] Progress @ 2025-04-17 10:36:42 : 447 steps taken, and 173 accepted.
[1 : mcmc] Progress @ 2025-04-17 10:36:48 : 470 steps taken, and 166 accepted.
[0 : mcmc] Progress @ 2025-04-17 10:36:48 : 480 steps taken, and 176 accepted.
[2 : mcmc] Progress @ 2025-04-17 10:36:52 : 447 steps taken, and 136 accepted.
[0 : mcmc] Learn + convergence test @ 180 samples accepted.
[0 : mcmc] Ready to check convergence and learn a new proposal covmat (waiting for the rest...)
[3 : mcmc] Learn + convergence test @ 180 samples accepted.
[3 : mcmc] Ready to check convergence and learn a new proposal covmat (waiting for the rest...)
[1 : mcmc] Learn + convergence test @ 180 samples accepted.
[1 : mcmc] Ready to check convergence and learn a new proposal covmat (waiting for the rest...)
[3 : mcmc] Progress @ 2025-04-17 10:38:42 : 489 steps taken, and 190 accepted.
[0 : mcmc] Progress @ 2025-04-17 10:38:49 : 523 steps taken, and 187 accepted.
[1 : mcmc] Progress @ 2025-04-17 10:38:51 : 514 steps taken, and 181 accepted.
[2 : mcmc] Progress @ 2025-04-17 10:38:54 : 489 steps taken, and 141 accepted.
[3 : mcmc] Progress @ 2025-04-17 10:40:45 : 540 steps taken, and 202 accepted.
[0 : mcmc] Progress @ 2025-04-17 10:40:51 : 580 steps taken, and 204 accepted.
[1 : mcmc] Progress @ 2025-04-17 10:40:52 : 565 steps taken, and 200 accepted.
[2 : mcmc] Progress @ 2025-04-17 10:40:56 : 527 steps taken, and 146 accepted.
[3 : mcmc] Progress @ 2025-04-17 10:42:47 : 583 steps taken, and 220 accepted.
[1 : mcmc] Progress @ 2025-04-17 10:42:53 : 602 steps taken, and 215 accepted.
[0 : mcmc] Progress @ 2025-04-17 10:42:55 : 618 steps taken, and 216 accepted.
[2 : mcmc] Progress @ 2025-04-17 10:42:59 : 565 steps taken, and 158 accepted.
[3 : mcmc] Progress @ 2025-04-17 10:44:47 : 625 steps taken, and 236 accepted.
[0 : mcmc] Progress @ 2025-04-17 10:44:57 : 677 steps taken, and 233 accepted.
[1 : mcmc] Progress @ 2025-04-17 10:44:57 : 653 steps taken, and 231 accepted.
[2 : mcmc] Progress @ 2025-04-17 10:45:01 : 611 steps taken, and 174 accepted.
[3 : mcmc] Learn + convergence test @ 240 samples accepted.
[1 : mcmc] Learn + convergence test @ 240 samples accepted.
[2 : mcmc] Learn + convergence test @ 180 samples accepted.
[2 : mcmc] Ready to check convergence and learn a new proposal covmat (waiting for the rest...)
[0 : mcmc] Learn + convergence test @ 240 samples accepted.
[3 : mcmc] Progress @ 2025-04-17 10:46:50 : 665 steps taken, and 243 accepted.
[0 : mcmc] Progress @ 2025-04-17 10:46:58 : 714 steps taken, and 241 accepted.
[0 : mcmc] All chains are ready to check convergence and learn a new proposal covmat
[0 : mcmc]  - Acceptance rate: 0.306 = avg([0.2807, 0.3586, 0.2542, 0.3152])
[0 : mcmc]  - Convergence of means: R-1 = 3.170310 after 910 accepted steps = sum([241, 245, 180, 244])
[0 : mcmc]  - Updated covariance matrix of proposal pdf.
[1 : mcmc] Progress @ 2025-04-17 10:47:01 : 693 steps taken, and 245 accepted.
[2 : mcmc] Progress @ 2025-04-17 10:47:05 : 640 steps taken, and 180 accepted.
[3 : mcmc] Progress @ 2025-04-17 10:48:52 : 725 steps taken, and 250 accepted.
[1 : mcmc] Progress @ 2025-04-17 10:49:01 : 758 steps taken, and 256 accepted.
[0 : mcmc] Progress @ 2025-04-17 10:49:01 : 824 steps taken, and 254 accepted.
[2 : mcmc] Progress @ 2025-04-17 10:49:11 : 687 steps taken, and 194 accepted.
[3 : mcmc] Progress @ 2025-04-17 10:50:54 : 768 steps taken, and 259 accepted.
[0 : mcmc] Progress @ 2025-04-17 10:51:01 : 860 steps taken, and 262 accepted.
[1 : mcmc] Progress @ 2025-04-17 10:51:03 : 828 steps taken, and 276 accepted.
[2 : mcmc] Progress @ 2025-04-17 10:51:16 : 725 steps taken, and 208 accepted.
[3 : mcmc] Progress @ 2025-04-17 10:53:01 : 823 steps taken, and 266 accepted.
[0 : mcmc] Progress @ 2025-04-17 10:53:03 : 904 steps taken, and 266 accepted.
[1 : mcmc] Progress @ 2025-04-17 10:53:06 : 875 steps taken, and 288 accepted.
[2 : mcmc] Progress @ 2025-04-17 10:53:19 : 771 steps taken, and 214 accepted.
[3 : mcmc] Progress @ 2025-04-17 10:55:03 : 863 steps taken, and 279 accepted.
[0 : mcmc] Progress @ 2025-04-17 10:55:06 : 953 steps taken, and 275 accepted.
[1 : mcmc] Progress @ 2025-04-17 10:55:08 : 916 steps taken, and 300 accepted.
[1 : mcmc] Learn + convergence test @ 300 samples accepted.
[1 : mcmc] Ready to check convergence and learn a new proposal covmat (waiting for the rest...)
[2 : mcmc] Progress @ 2025-04-17 10:55:21 : 831 steps taken, and 221 accepted.
[3 : mcmc] Progress @ 2025-04-17 10:57:07 : 900 steps taken, and 284 accepted.
[1 : mcmc] Progress @ 2025-04-17 10:57:11 : 967 steps taken, and 310 accepted.
[0 : mcmc] Progress @ 2025-04-17 10:57:12 : 1009 steps taken, and 287 accepted.
[2 : mcmc] Progress @ 2025-04-17 10:57:22 : 899 steps taken, and 226 accepted.
[0 : mcmc] Learn + convergence test @ 300 samples accepted.
[0 : mcmc] Ready to check convergence and learn a new proposal covmat (waiting for the rest...)
[3 : mcmc] Progress @ 2025-04-17 10:59:09 : 948 steps taken, and 295 accepted.
[0 : mcmc] Progress @ 2025-04-17 10:59:12 : 1054 steps taken, and 300 accepted.
[1 : mcmc] Progress @ 2025-04-17 10:59:14 : 1039 steps taken, and 319 accepted.
[2 : mcmc] Progress @ 2025-04-17 10:59:22 : 938 steps taken, and 234 accepted.
[3 : mcmc] Learn + convergence test @ 300 samples accepted.
[3 : mcmc] Ready to check convergence and learn a new proposal covmat (waiting for the rest...)
[3 : mcmc] Progress @ 2025-04-17 11:01:12 : 1003 steps taken, and 303 accepted.
[0 : mcmc] Progress @ 2025-04-17 11:01:16 : 1130 steps taken, and 313 accepted.
[1 : mcmc] Progress @ 2025-04-17 11:01:17 : 1094 steps taken, and 329 accepted.
[2 : mcmc] Progress @ 2025-04-17 11:01:23 : 994 steps taken, and 237 accepted.
[2 : mcmc] Learn + convergence test @ 240 samples accepted.
[2 : mcmc] Ready to check convergence and learn a new proposal covmat (waiting for the rest...)
[0 : mcmc] All chains are ready to check convergence and learn a new proposal covmat
[0 : mcmc]  - Acceptance rate: 0.226 = avg([0.2089, 0.2640, 0.1813, 0.2374])
[0 : mcmc]  - Convergence of means: R-1 = 1.606044 after 1207 accepted steps = sum([318, 339, 240, 310])
[0 : mcmc]  - Updated covariance matrix of proposal pdf.
[3 : mcmc] Progress @ 2025-04-17 11:03:15 : 1060 steps taken, and 314 accepted.
[1 : mcmc] Progress @ 2025-04-17 11:03:17 : 1139 steps taken, and 344 accepted.
[0 : mcmc] Progress @ 2025-04-17 11:03:19 : 1183 steps taken, and 321 accepted.
[2 : mcmc] Progress @ 2025-04-17 11:03:23 : 1059 steps taken, and 244 accepted.
[3 : mcmc] Progress @ 2025-04-17 11:05:16 : 1111 steps taken, and 326 accepted.
[1 : mcmc] Progress @ 2025-04-17 11:05:20 : 1179 steps taken, and 355 accepted.
[0 : mcmc] Progress @ 2025-04-17 11:05:23 : 1242 steps taken, and 335 accepted.
[2 : mcmc] Progress @ 2025-04-17 11:05:24 : 1142 steps taken, and 252 accepted.
[1 : mcmc] Learn + convergence test @ 360 samples accepted.
[1 : mcmc] Ready to check convergence and learn a new proposal covmat (waiting for the rest...)
[3 : mcmc] Progress @ 2025-04-17 11:07:17 : 1149 steps taken, and 330 accepted.
[1 : mcmc] Progress @ 2025-04-17 11:07:23 : 1224 steps taken, and 362 accepted.
[0 : mcmc] Progress @ 2025-04-17 11:07:24 : 1293 steps taken, and 342 accepted.
[2 : mcmc] Progress @ 2025-04-17 11:07:27 : 1204 steps taken, and 255 accepted.
[3 : mcmc] Progress @ 2025-04-17 11:09:18 : 1200 steps taken, and 335 accepted.
[1 : mcmc] Progress @ 2025-04-17 11:09:24 : 1275 steps taken, and 368 accepted.
[0 : mcmc] Progress @ 2025-04-17 11:09:25 : 1356 steps taken, and 353 accepted.
[2 : mcmc] Progress @ 2025-04-17 11:09:27 : 1248 steps taken, and 263 accepted.
[0 : mcmc] Learn + convergence test @ 360 samples accepted.
[0 : mcmc] Ready to check convergence and learn a new proposal covmat (waiting for the rest...)
[3 : mcmc] Progress @ 2025-04-17 11:11:20 : 1258 steps taken, and 344 accepted.
[1 : mcmc] Progress @ 2025-04-17 11:11:25 : 1327 steps taken, and 378 accepted.
[0 : mcmc] Progress @ 2025-04-17 11:11:27 : 1409 steps taken, and 360 accepted.
[2 : mcmc] Progress @ 2025-04-17 11:11:30 : 1302 steps taken, and 273 accepted.
[3 : mcmc] Progress @ 2025-04-17 11:13:21 : 1298 steps taken, and 350 accepted.
[1 : mcmc] Progress @ 2025-04-17 11:13:26 : 1374 steps taken, and 386 accepted.
[0 : mcmc] Progress @ 2025-04-17 11:13:28 : 1458 steps taken, and 366 accepted.
[2 : mcmc] Progress @ 2025-04-17 11:13:33 : 1397 steps taken, and 283 accepted.
[3 : mcmc] Learn + convergence test @ 360 samples accepted.
[3 : mcmc] Ready to check convergence and learn a new proposal covmat (waiting for the rest...)
[3 : mcmc] Progress @ 2025-04-17 11:15:23 : 1355 steps taken, and 361 accepted.
[1 : mcmc] Progress @ 2025-04-17 11:15:28 : 1422 steps taken, and 393 accepted.
[0 : mcmc] Progress @ 2025-04-17 11:15:30 : 1505 steps taken, and 371 accepted.
[2 : mcmc] Progress @ 2025-04-17 11:15:41 : 1456 steps taken, and 292 accepted.
[3 : mcmc] Progress @ 2025-04-17 11:17:25 : 1419 steps taken, and 376 accepted.
[1 : mcmc] Progress @ 2025-04-17 11:17:28 : 1480 steps taken, and 401 accepted.
[0 : mcmc] Progress @ 2025-04-17 11:17:32 : 1601 steps taken, and 382 accepted.
[2 : mcmc] Progress @ 2025-04-17 11:17:43 : 1515 steps taken, and 296 accepted.
[2 : mcmc] Learn + convergence test @ 300 samples accepted.
[2 : mcmc] Ready to check convergence and learn a new proposal covmat (waiting for the rest...)
[0 : mcmc] All chains are ready to check convergence and learn a new proposal covmat
[0 : mcmc]  - Acceptance rate: 0.190 = avg([0.1795, 0.2219, 0.1508, 0.1965])
[0 : mcmc]  - Convergence of means: R-1 = 4.308989 after 1477 accepted steps = sum([388, 409, 300, 380])
[0 : mcmc]  - Updated covariance matrix of proposal pdf.
[1 : mcmc] Progress @ 2025-04-17 11:19:28 : 1514 steps taken, and 411 accepted.
[3 : mcmc] Progress @ 2025-04-17 11:19:29 : 1480 steps taken, and 384 accepted.
[0 : mcmc] Progress @ 2025-04-17 11:19:33 : 1645 steps taken, and 392 accepted.
[2 : mcmc] Progress @ 2025-04-17 11:19:44 : 1545 steps taken, and 301 accepted.
[1 : mcmc] Learn + convergence test @ 420 samples accepted.
[1 : mcmc] Ready to check convergence and learn a new proposal covmat (waiting for the rest...)
[1 : mcmc] Progress @ 2025-04-17 11:21:28 : 1545 steps taken, and 420 accepted.
[3 : mcmc] Progress @ 2025-04-17 11:21:35 : 1538 steps taken, and 398 accepted.
[0 : mcmc] Progress @ 2025-04-17 11:21:35 : 1684 steps taken, and 395 accepted.
[2 : mcmc] Progress @ 2025-04-17 11:21:46 : 1585 steps taken, and 305 accepted.
[1 : mcmc] Progress @ 2025-04-17 11:23:30 : 1584 steps taken, and 432 accepted.
[3 : mcmc] Progress @ 2025-04-17 11:23:38 : 1599 steps taken, and 414 accepted.
[0 : mcmc] Progress @ 2025-04-17 11:23:42 : 1721 steps taken, and 400 accepted.
[2 : mcmc] Progress @ 2025-04-17 11:23:54 : 1618 steps taken, and 305 accepted.
[3 : mcmc] Learn + convergence test @ 420 samples accepted.
[3 : mcmc] Ready to check convergence and learn a new proposal covmat (waiting for the rest...)
[1 : mcmc] Progress @ 2025-04-17 11:25:33 : 1632 steps taken, and 440 accepted.
[3 : mcmc] Progress @ 2025-04-17 11:25:38 : 1663 steps taken, and 425 accepted.
[0 : mcmc] Progress @ 2025-04-17 11:25:45 : 1775 steps taken, and 407 accepted.
[2 : mcmc] Progress @ 2025-04-17 11:26:01 : 1652 steps taken, and 309 accepted.
[1 : mcmc] Progress @ 2025-04-17 11:27:33 : 1680 steps taken, and 449 accepted.
[3 : mcmc] Progress @ 2025-04-17 11:27:39 : 1745 steps taken, and 441 accepted.
[0 : mcmc] Learn + convergence test @ 420 samples accepted.
[0 : mcmc] Ready to check convergence and learn a new proposal covmat (waiting for the rest...)
[0 : mcmc] Progress @ 2025-04-17 11:27:45 : 1845 steps taken, and 421 accepted.
[2 : mcmc] Progress @ 2025-04-17 11:28:01 : 1692 steps taken, and 317 accepted.
[1 : mcmc] Progress @ 2025-04-17 11:29:34 : 1726 steps taken, and 455 accepted.
[3 : mcmc] Progress @ 2025-04-17 11:29:41 : 1864 steps taken, and 451 accepted.
[0 : mcmc] Progress @ 2025-04-17 11:29:48 : 1906 steps taken, and 436 accepted.
[2 : mcmc] Progress @ 2025-04-17 11:30:06 : 1744 steps taken, and 322 accepted.
[1 : mcmc] Progress @ 2025-04-17 11:31:37 : 1761 steps taken, and 458 accepted.
[3 : mcmc] Progress @ 2025-04-17 11:31:42 : 1921 steps taken, and 459 accepted.
[0 : mcmc] Progress @ 2025-04-17 11:31:49 : 1969 steps taken, and 448 accepted.
[2 : mcmc] Progress @ 2025-04-17 11:32:07 : 1795 steps taken, and 331 accepted.
[1 : mcmc] Progress @ 2025-04-17 11:33:39 : 1840 steps taken, and 471 accepted.
[3 : mcmc] Progress @ 2025-04-17 11:33:44 : 1991 steps taken, and 472 accepted.
[0 : mcmc] Progress @ 2025-04-17 11:33:49 : 2036 steps taken, and 461 accepted.
[2 : mcmc] Progress @ 2025-04-17 11:34:08 : 1857 steps taken, and 346 accepted.
[1 : mcmc] Learn + convergence test @ 480 samples accepted.
[3 : mcmc] Learn + convergence test @ 480 samples accepted.
[1 : mcmc] Progress @ 2025-04-17 11:35:42 : 1889 steps taken, and 481 accepted.
[3 : mcmc] Progress @ 2025-04-17 11:35:46 : 2049 steps taken, and 484 accepted.
[0 : mcmc] Progress @ 2025-04-17 11:35:50 : 2104 steps taken, and 472 accepted.
[2 : mcmc] Progress @ 2025-04-17 11:36:10 : 1909 steps taken, and 355 accepted.
[2 : mcmc] Learn + convergence test @ 360 samples accepted.
[2 : mcmc] Ready to check convergence and learn a new proposal covmat (waiting for the rest...)
[0 : mcmc] All chains are ready to check convergence and learn a new proposal covmat
[0 : mcmc]  - Acceptance rate: 0.173 = avg([0.1643, 0.2018, 0.1394, 0.1755])
[0 : mcmc]  - Convergence of means: R-1 = 1.675882 after 1819 accepted steps = sum([475, 493, 360, 491])
[0 : mcmc]  - Updated covariance matrix of proposal pdf.
[1 : mcmc] Progress @ 2025-04-17 11:37:46 : 1944 steps taken, and 496 accepted.
[3 : mcmc] Progress @ 2025-04-17 11:37:49 : 2093 steps taken, and 495 accepted.
[0 : mcmc] Progress @ 2025-04-17 11:37:53 : 2166 steps taken, and 480 accepted.
[0 : mcmc] Learn + convergence test @ 480 samples accepted.
[0 : mcmc] Ready to check convergence and learn a new proposal covmat (waiting for the rest...)
[2 : mcmc] Progress @ 2025-04-17 11:38:12 : 1964 steps taken, and 367 accepted.
[1 : mcmc] Progress @ 2025-04-17 11:39:47 : 1995 steps taken, and 500 accepted.
[3 : mcmc] Progress @ 2025-04-17 11:39:52 : 2158 steps taken, and 503 accepted.
[0 : mcmc] Progress @ 2025-04-17 11:39:55 : 2231 steps taken, and 492 accepted.
[2 : mcmc] Progress @ 2025-04-17 11:40:15 : 2024 steps taken, and 376 accepted.
[1 : mcmc] Progress @ 2025-04-17 11:41:49 : 2060 steps taken, and 505 accepted.
[3 : mcmc] Progress @ 2025-04-17 11:41:54 : 2241 steps taken, and 512 accepted.
[0 : mcmc] Progress @ 2025-04-17 11:41:56 : 2307 steps taken, and 498 accepted.
[2 : mcmc] Progress @ 2025-04-17 11:42:17 : 2079 steps taken, and 377 accepted.
[1 : mcmc] Progress @ 2025-04-17 11:43:50 : 2122 steps taken, and 510 accepted.
[3 : mcmc] Progress @ 2025-04-17 11:43:54 : 2280 steps taken, and 521 accepted.
[0 : mcmc] Progress @ 2025-04-17 11:43:56 : 2466 steps taken, and 507 accepted.
[2 : mcmc] Progress @ 2025-04-17 11:44:20 : 2138 steps taken, and 383 accepted.
[1 : mcmc] Progress @ 2025-04-17 11:45:53 : 2179 steps taken, and 516 accepted.
[3 : mcmc] Progress @ 2025-04-17 11:45:57 : 2361 steps taken, and 529 accepted.
[0 : mcmc] Progress @ 2025-04-17 11:45:58 : 2543 steps taken, and 515 accepted.
[2 : mcmc] Progress @ 2025-04-17 11:46:21 : 2227 steps taken, and 392 accepted.
[1 : mcmc] Progress @ 2025-04-17 11:47:54 : 2219 steps taken, and 518 accepted.
[3 : mcmc] Progress @ 2025-04-17 11:47:58 : 2444 steps taken, and 537 accepted.
[0 : mcmc] Progress @ 2025-04-17 11:48:00 : 2675 steps taken, and 527 accepted.
[2 : mcmc] Progress @ 2025-04-17 11:48:23 : 2282 steps taken, and 401 accepted.
[3 : mcmc] Learn + convergence test @ 540 samples accepted.
[3 : mcmc] Ready to check convergence and learn a new proposal covmat (waiting for the rest...)
[1 : mcmc] Progress @ 2025-04-17 11:49:59 : 2267 steps taken, and 522 accepted.
[3 : mcmc] Progress @ 2025-04-17 11:50:01 : 2504 steps taken, and 542 accepted.
[0 : mcmc] Progress @ 2025-04-17 11:50:06 : 2755 steps taken, and 535 accepted.
[2 : mcmc] Progress @ 2025-04-17 11:50:23 : 2397 steps taken, and 414 accepted.
[0 : mcmc] Learn + convergence test @ 540 samples accepted.
[2 : mcmc] Learn + convergence test @ 420 samples accepted.
[2 : mcmc] Ready to check convergence and learn a new proposal covmat (waiting for the rest...)
[3 : mcmc] Progress @ 2025-04-17 11:52:02 : 2552 steps taken, and 548 accepted.
[1 : mcmc] Progress @ 2025-04-17 11:52:02 : 2312 steps taken, and 527 accepted.
[0 : mcmc] Progress @ 2025-04-17 11:52:10 : 2825 steps taken, and 554 accepted.
[2 : mcmc] Progress @ 2025-04-17 11:52:24 : 2488 steps taken, and 425 accepted.
[1 : mcmc] Progress @ 2025-04-17 11:54:06 : 2368 steps taken, and 534 accepted.
[3 : mcmc] Progress @ 2025-04-17 11:54:06 : 2616 steps taken, and 556 accepted.
[0 : mcmc] Progress @ 2025-04-17 11:54:14 : 2867 steps taken, and 566 accepted.
[2 : mcmc] Progress @ 2025-04-17 11:54:27 : 2561 steps taken, and 437 accepted.
[1 : mcmc] Learn + convergence test @ 540 samples accepted.
[1 : mcmc] Ready to check convergence and learn a new proposal covmat (waiting for the rest...)
[0 : mcmc] All chains are ready to check convergence and learn a new proposal covmat
[0 : mcmc]  - Acceptance rate: 0.152 = avg([0.1498, 0.1694, 0.1276, 0.1569])
[0 : mcmc]  - Convergence of means: R-1 = 0.611634 after 2125 accepted steps = sum([575, 540, 444, 566])
[0 : mcmc]  - Updated covariance matrix of proposal pdf.
[1 : mcmc] Progress @ 2025-04-17 11:56:08 : 2405 steps taken, and 540 accepted.
[3 : mcmc] Progress @ 2025-04-17 11:56:12 : 2688 steps taken, and 566 accepted.
[0 : mcmc] Progress @ 2025-04-17 11:56:15 : 2933 steps taken, and 575 accepted.
[2 : mcmc] Progress @ 2025-04-17 11:56:29 : 2622 steps taken, and 444 accepted.
[1 : mcmc] Progress @ 2025-04-17 11:58:10 : 2485 steps taken, and 551 accepted.
[3 : mcmc] Progress @ 2025-04-17 11:58:12 : 2733 steps taken, and 575 accepted.
[0 : mcmc] Progress @ 2025-04-17 11:58:17 : 2994 steps taken, and 581 accepted.
[2 : mcmc] Progress @ 2025-04-17 11:58:31 : 2710 steps taken, and 454 accepted.
[1 : mcmc] Progress @ 2025-04-17 12:00:12 : 2567 steps taken, and 561 accepted.
[3 : mcmc] Progress @ 2025-04-17 12:00:13 : 2817 steps taken, and 584 accepted.
[0 : mcmc] Progress @ 2025-04-17 12:00:19 : 3051 steps taken, and 591 accepted.
[2 : mcmc] Progress @ 2025-04-17 12:00:34 : 2851 steps taken, and 464 accepted.
[1 : mcmc] Progress @ 2025-04-17 12:02:12 : 2640 steps taken, and 566 accepted.
[3 : mcmc] Progress @ 2025-04-17 12:02:16 : 2891 steps taken, and 594 accepted.
[0 : mcmc] Progress @ 2025-04-17 12:02:22 : 3097 steps taken, and 598 accepted.
[2 : mcmc] Progress @ 2025-04-17 12:02:34 : 2962 steps taken, and 476 accepted.
[3 : mcmc] Learn + convergence test @ 600 samples accepted.
[3 : mcmc] Ready to check convergence and learn a new proposal covmat (waiting for the rest...)
[0 : mcmc] Learn + convergence test @ 600 samples accepted.
[0 : mcmc] Ready to check convergence and learn a new proposal covmat (waiting for the rest...)
[2 : mcmc] Learn + convergence test @ 480 samples accepted.
[2 : mcmc] Ready to check convergence and learn a new proposal covmat (waiting for the rest...)
[1 : mcmc] Progress @ 2025-04-17 12:04:13 : 2725 steps taken, and 575 accepted.
[3 : mcmc] Progress @ 2025-04-17 12:04:18 : 2999 steps taken, and 608 accepted.
[0 : mcmc] Progress @ 2025-04-17 12:04:23 : 3153 steps taken, and 609 accepted.
[2 : mcmc] Progress @ 2025-04-17 12:04:36 : 3063 steps taken, and 482 accepted.
[1 : mcmc] Progress @ 2025-04-17 12:06:18 : 2809 steps taken, and 587 accepted.
[3 : mcmc] Progress @ 2025-04-17 12:06:21 : 3089 steps taken, and 613 accepted.
[0 : mcmc] Progress @ 2025-04-17 12:06:25 : 3214 steps taken, and 625 accepted.
[2 : mcmc] Progress @ 2025-04-17 12:06:38 : 3216 steps taken, and 489 accepted.
[1 : mcmc] Progress @ 2025-04-17 12:08:20 : 2881 steps taken, and 599 accepted.
[3 : mcmc] Progress @ 2025-04-17 12:08:21 : 3169 steps taken, and 626 accepted.
[1 : mcmc] Learn + convergence test @ 600 samples accepted.
[1 : mcmc] Ready to check convergence and learn a new proposal covmat (waiting for the rest...)
[0 : mcmc] Progress @ 2025-04-17 12:08:27 : 3306 steps taken, and 638 accepted.
[0 : mcmc] All chains are ready to check convergence and learn a new proposal covmat
[0 : mcmc]  - Acceptance rate: 0.141 = avg([0.1496, 0.1524, 0.1098, 0.1458])
[0 : mcmc]  - Convergence of means: R-1 = 0.719167 after 2366 accepted steps = sum([639, 600, 500, 627])
[0 : mcmc]  - Updated covariance matrix of proposal pdf.
[2 : mcmc] Progress @ 2025-04-17 12:09:36 : 3393 steps taken, and 500 accepted.
[1 : mcmc] Progress @ 2025-04-17 12:10:22 : 2922 steps taken, and 604 accepted.
[3 : mcmc] Progress @ 2025-04-17 12:10:22 : 3217 steps taken, and 631 accepted.
[0 : mcmc] Progress @ 2025-04-17 12:10:34 : 3322 steps taken, and 642 accepted.
[2 : mcmc] Progress @ 2025-04-17 12:11:36 : 3496 steps taken, and 516 accepted.
[1 : mcmc] Progress @ 2025-04-17 12:12:26 : 3015 steps taken, and 609 accepted.
[3 : mcmc] Progress @ 2025-04-17 12:12:27 : 3290 steps taken, and 641 accepted.
[0 : mcmc] Progress @ 2025-04-17 12:12:35 : 3370 steps taken, and 649 accepted.
[2 : mcmc] Progress @ 2025-04-17 12:13:37 : 3561 steps taken, and 529 accepted.
[1 : mcmc] Progress @ 2025-04-17 12:14:28 : 3105 steps taken, and 616 accepted.
[3 : mcmc] Progress @ 2025-04-17 12:14:30 : 3369 steps taken, and 652 accepted.
[0 : mcmc] Progress @ 2025-04-17 12:14:35 : 3448 steps taken, and 659 accepted.
[0 : mcmc] Learn + convergence test @ 660 samples accepted.
[0 : mcmc] Ready to check convergence and learn a new proposal covmat (waiting for the rest...)
[2 : mcmc] Progress @ 2025-04-17 12:15:39 : 3622 steps taken, and 537 accepted.
[1 : mcmc] Progress @ 2025-04-17 12:16:31 : 3202 steps taken, and 627 accepted.
[3 : mcmc] Progress @ 2025-04-17 12:16:31 : 3455 steps taken, and 656 accepted.
[0 : mcmc] Progress @ 2025-04-17 12:16:38 : 3515 steps taken, and 671 accepted.
[2 : mcmc] Learn + convergence test @ 540 samples accepted.
[2 : mcmc] Ready to check convergence and learn a new proposal covmat (waiting for the rest...)
[3 : mcmc] Learn + convergence test @ 660 samples accepted.
[3 : mcmc] Ready to check convergence and learn a new proposal covmat (waiting for the rest...)
[2 : mcmc] Progress @ 2025-04-17 12:17:41 : 3671 steps taken, and 545 accepted.
[1 : mcmc] Progress @ 2025-04-17 12:18:33 : 3266 steps taken, and 634 accepted.
[3 : mcmc] Progress @ 2025-04-17 12:18:33 : 3519 steps taken, and 668 accepted.
[0 : mcmc] Progress @ 2025-04-17 12:18:39 : 3577 steps taken, and 679 accepted.
[2 : mcmc] Progress @ 2025-04-17 12:19:45 : 3736 steps taken, and 555 accepted.
[1 : mcmc] Progress @ 2025-04-17 12:20:35 : 3320 steps taken, and 638 accepted.
[3 : mcmc] Progress @ 2025-04-17 12:20:35 : 3620 steps taken, and 677 accepted.
[0 : mcmc] Progress @ 2025-04-17 12:20:40 : 3653 steps taken, and 684 accepted.
[2 : mcmc] Progress @ 2025-04-17 12:21:49 : 3794 steps taken, and 563 accepted.
[1 : mcmc] Progress @ 2025-04-17 12:22:36 : 3403 steps taken, and 646 accepted.
[3 : mcmc] Progress @ 2025-04-17 12:22:37 : 3769 steps taken, and 690 accepted.
[0 : mcmc] Progress @ 2025-04-17 12:22:43 : 3742 steps taken, and 692 accepted.
[2 : mcmc] Progress @ 2025-04-17 12:23:54 : 3853 steps taken, and 565 accepted.
[1 : mcmc] Progress @ 2025-04-17 12:24:39 : 3471 steps taken, and 654 accepted.
[3 : mcmc] Progress @ 2025-04-17 12:24:39 : 3904 steps taken, and 701 accepted.
[0 : mcmc] Progress @ 2025-04-17 12:24:43 : 3827 steps taken, and 700 accepted.
[1 : mcmc] Learn + convergence test @ 660 samples accepted.
[1 : mcmc] Ready to check convergence and learn a new proposal covmat (waiting for the rest...)
[0 : mcmc] All chains are ready to check convergence and learn a new proposal covmat
[2 : mcmc] Progress @ 2025-04-17 12:25:55 : 3905 steps taken, and 565 accepted.
[0 : mcmc]  - Acceptance rate: 0.132 = avg([0.1403, 0.1376, 0.1116, 0.1338])
[0 : mcmc]  - Convergence of means: R-1 = 0.400560 after 2633 accepted steps = sum([702, 660, 566, 705])
[0 : mcmc]  - Updated covariance matrix of proposal pdf.
[1 : mcmc] Progress @ 2025-04-17 12:26:39 : 3506 steps taken, and 661 accepted.
[0 : mcmc] Progress @ 2025-04-17 12:26:44 : 3854 steps taken, and 702 accepted.
[3 : mcmc] Progress @ 2025-04-17 12:26:44 : 3943 steps taken, and 705 accepted.
[2 : mcmc] Progress @ 2025-04-17 12:27:58 : 3957 steps taken, and 569 accepted.
[1 : mcmc] Progress @ 2025-04-17 12:28:40 : 3566 steps taken, and 669 accepted.
[3 : mcmc] Progress @ 2025-04-17 12:28:45 : 3996 steps taken, and 707 accepted.
[0 : mcmc] Progress @ 2025-04-17 12:28:46 : 3939 steps taken, and 710 accepted.
[2 : mcmc] Progress @ 2025-04-17 12:30:03 : 4002 steps taken, and 576 accepted.
[0 : mcmc] Learn + convergence test @ 720 samples accepted.
[0 : mcmc] Ready to check convergence and learn a new proposal covmat (waiting for the rest...)
[1 : mcmc] Progress @ 2025-04-17 12:30:43 : 3629 steps taken, and 675 accepted.
[3 : mcmc] Progress @ 2025-04-17 12:30:46 : 4077 steps taken, and 716 accepted.
[0 : mcmc] Progress @ 2025-04-17 12:30:48 : 4003 steps taken, and 721 accepted.
[3 : mcmc] Learn + convergence test @ 720 samples accepted.
[3 : mcmc] Ready to check convergence and learn a new proposal covmat (waiting for the rest...)
[2 : mcmc] Progress @ 2025-04-17 12:32:07 : 4064 steps taken, and 586 accepted.
[1 : mcmc] Progress @ 2025-04-17 12:32:46 : 3692 steps taken, and 690 accepted.
[3 : mcmc] Progress @ 2025-04-17 12:32:51 : 4146 steps taken, and 723 accepted.
[0 : mcmc] Progress @ 2025-04-17 12:32:52 : 4102 steps taken, and 731 accepted.
[2 : mcmc] Progress @ 2025-04-17 12:34:14 : 4129 steps taken, and 590 accepted.
[1 : mcmc] Progress @ 2025-04-17 12:34:48 : 3756 steps taken, and 698 accepted.
[3 : mcmc] Progress @ 2025-04-17 12:34:53 : 4230 steps taken, and 733 accepted.
[0 : mcmc] Progress @ 2025-04-17 12:34:56 : 4197 steps taken, and 737 accepted.
[2 : mcmc] Learn + convergence test @ 600 samples accepted.
[2 : mcmc] Ready to check convergence and learn a new proposal covmat (waiting for the rest...)
[2 : mcmc] Progress @ 2025-04-17 12:36:14 : 4185 steps taken, and 601 accepted.
[1 : mcmc] Progress @ 2025-04-17 12:36:49 : 3848 steps taken, and 713 accepted.
[3 : mcmc] Progress @ 2025-04-17 12:36:54 : 4301 steps taken, and 738 accepted.
[0 : mcmc] Progress @ 2025-04-17 12:36:58 : 4318 steps taken, and 748 accepted.
[2 : mcmc] Progress @ 2025-04-17 12:38:16 : 4274 steps taken, and 612 accepted.
[1 : mcmc] Learn + convergence test @ 720 samples accepted.
[1 : mcmc] Ready to check convergence and learn a new proposal covmat (waiting for the rest...)
[0 : mcmc] All chains are ready to check convergence and learn a new proposal covmat
[0 : mcmc]  - Acceptance rate: 0.127 = avg([0.1337, 0.1318, 0.1154, 0.1259])
[0 : mcmc]  - Convergence of means: R-1 = 0.233704 after 2837 accepted steps = sum([755, 720, 614, 748])
[0 : mcmc]  - Updated covariance matrix of proposal pdf.
[1 : mcmc] Progress @ 2025-04-17 12:38:53 : 3940 steps taken, and 720 accepted.
[3 : mcmc] Progress @ 2025-04-17 12:38:54 : 4389 steps taken, and 748 accepted.
[0 : mcmc] Progress @ 2025-04-17 12:39:02 : 4384 steps taken, and 756 accepted.
[2 : mcmc] Progress @ 2025-04-17 12:40:18 : 4346 steps taken, and 618 accepted.
[1 : mcmc] Progress @ 2025-04-17 12:40:54 : 4036 steps taken, and 727 accepted.
[3 : mcmc] Progress @ 2025-04-17 12:40:57 : 4447 steps taken, and 757 accepted.
[0 : mcmc] Progress @ 2025-04-17 12:41:03 : 4440 steps taken, and 766 accepted.
[2 : mcmc] Progress @ 2025-04-17 12:42:21 : 4409 steps taken, and 627 accepted.
[1 : mcmc] Progress @ 2025-04-17 12:42:55 : 4144 steps taken, and 736 accepted.
[3 : mcmc] Progress @ 2025-04-17 12:43:02 : 4496 steps taken, and 761 accepted.
[0 : mcmc] Progress @ 2025-04-17 12:43:04 : 4500 steps taken, and 773 accepted.
[2 : mcmc] Progress @ 2025-04-17 12:44:21 : 4461 steps taken, and 631 accepted.
[0 : mcmc] Learn + convergence test @ 780 samples accepted.
[0 : mcmc] Ready to check convergence and learn a new proposal covmat (waiting for the rest...)
[1 : mcmc] Progress @ 2025-04-17 12:44:57 : 4230 steps taken, and 745 accepted.
[3 : mcmc] Progress @ 2025-04-17 12:45:02 : 4634 steps taken, and 774 accepted.
[0 : mcmc] Progress @ 2025-04-17 12:45:05 : 4581 steps taken, and 785 accepted.
[3 : mcmc] Learn + convergence test @ 780 samples accepted.
[3 : mcmc] Ready to check convergence and learn a new proposal covmat (waiting for the rest...)
[2 : mcmc] Progress @ 2025-04-17 12:46:27 : 4527 steps taken, and 644 accepted.
[1 : mcmc] Progress @ 2025-04-17 12:46:59 : 4307 steps taken, and 758 accepted.
[3 : mcmc] Progress @ 2025-04-17 12:47:05 : 4724 steps taken, and 783 accepted.
[0 : mcmc] Progress @ 2025-04-17 12:47:07 : 4669 steps taken, and 795 accepted.
[2 : mcmc] Progress @ 2025-04-17 12:48:29 : 4616 steps taken, and 659 accepted.
[2 : mcmc] Learn + convergence test @ 660 samples accepted.
[2 : mcmc] Ready to check convergence and learn a new proposal covmat (waiting for the rest...)
[1 : mcmc] Progress @ 2025-04-17 12:49:00 : 4415 steps taken, and 766 accepted.
[3 : mcmc] Progress @ 2025-04-17 12:49:08 : 4816 steps taken, and 790 accepted.
[0 : mcmc] Progress @ 2025-04-17 12:49:09 : 4746 steps taken, and 802 accepted.
[2 : mcmc] Progress @ 2025-04-17 12:50:32 : 4707 steps taken, and 675 accepted.
[1 : mcmc] Progress @ 2025-04-17 12:51:03 : 4490 steps taken, and 775 accepted.
[3 : mcmc] Progress @ 2025-04-17 12:51:10 : 4905 steps taken, and 803 accepted.
[0 : mcmc] Progress @ 2025-04-17 12:51:11 : 4819 steps taken, and 809 accepted.
[1 : mcmc] Learn + convergence test @ 780 samples accepted.
[1 : mcmc] Ready to check convergence and learn a new proposal covmat (waiting for the rest...)
[0 : mcmc] All chains are ready to check convergence and learn a new proposal covmat
[0 : mcmc]  - Acceptance rate: 0.123 = avg([0.1303, 0.1247, 0.1159, 0.1191])
[0 : mcmc]  - Convergence of means: R-1 = 0.313229 after 3084 accepted steps = sum([811, 780, 683, 810])
[0 : mcmc]  - Updated covariance matrix of proposal pdf.
[2 : mcmc] Progress @ 2025-04-17 12:52:32 : 4795 steps taken, and 683 accepted.
[1 : mcmc] Progress @ 2025-04-17 12:53:04 : 4539 steps taken, and 782 accepted.
[3 : mcmc] Progress @ 2025-04-17 12:53:13 : 4997 steps taken, and 815 accepted.
[0 : mcmc] Progress @ 2025-04-17 12:53:15 : 4904 steps taken, and 812 accepted.
[2 : mcmc] Progress @ 2025-04-17 12:54:33 : 4890 steps taken, and 689 accepted.
[1 : mcmc] Progress @ 2025-04-17 12:55:06 : 4593 steps taken, and 788 accepted.
[3 : mcmc] Progress @ 2025-04-17 12:55:14 : 5095 steps taken, and 820 accepted.
[0 : mcmc] Progress @ 2025-04-17 12:55:18 : 4990 steps taken, and 821 accepted.
[2 : mcmc] Progress @ 2025-04-17 12:56:33 : 4981 steps taken, and 701 accepted.
[1 : mcmc] Progress @ 2025-04-17 12:57:07 : 4664 steps taken, and 797 accepted.
[3 : mcmc] Progress @ 2025-04-17 12:57:15 : 5166 steps taken, and 829 accepted.
[0 : mcmc] Progress @ 2025-04-17 12:57:19 : 5055 steps taken, and 828 accepted.
[2 : mcmc] Progress @ 2025-04-17 12:58:35 : 5060 steps taken, and 703 accepted.
[1 : mcmc] Progress @ 2025-04-17 12:59:09 : 4727 steps taken, and 799 accepted.
[3 : mcmc] Progress @ 2025-04-17 12:59:16 : 5228 steps taken, and 833 accepted.
[0 : mcmc] Progress @ 2025-04-17 12:59:20 : 5113 steps taken, and 833 accepted.
[3 : mcmc] Learn + convergence test @ 840 samples accepted.
[3 : mcmc] Ready to check convergence and learn a new proposal covmat (waiting for the rest...)
[2 : mcmc] Progress @ 2025-04-17 13:00:36 : 5145 steps taken, and 704 accepted.
[1 : mcmc] Progress @ 2025-04-17 13:01:10 : 4813 steps taken, and 813 accepted.
[3 : mcmc] Progress @ 2025-04-17 13:01:18 : 5283 steps taken, and 844 accepted.
[0 : mcmc] Progress @ 2025-04-17 13:01:22 : 5176 steps taken, and 838 accepted.
[2 : mcmc] Progress @ 2025-04-17 13:02:38 : 5199 steps taken, and 706 accepted.
[0 : mcmc] Learn + convergence test @ 840 samples accepted.
[0 : mcmc] Ready to check convergence and learn a new proposal covmat (waiting for the rest...)
[1 : mcmc] Progress @ 2025-04-17 13:03:13 : 4910 steps taken, and 822 accepted.
[3 : mcmc] Progress @ 2025-04-17 13:03:22 : 5342 steps taken, and 852 accepted.
[0 : mcmc] Progress @ 2025-04-17 13:03:25 : 5239 steps taken, and 842 accepted.
[2 : mcmc] Progress @ 2025-04-17 13:04:42 : 5250 steps taken, and 707 accepted.
[1 : mcmc] Progress @ 2025-04-17 13:05:13 : 5008 steps taken, and 838 accepted.
[3 : mcmc] Progress @ 2025-04-17 13:05:25 : 5443 steps taken, and 865 accepted.
[1 : mcmc] Learn + convergence test @ 840 samples accepted.
[1 : mcmc] Ready to check convergence and learn a new proposal covmat (waiting for the rest...)
[0 : mcmc] Progress @ 2025-04-17 13:05:28 : 5322 steps taken, and 855 accepted.
[2 : mcmc] Progress @ 2025-04-17 13:06:42 : 5314 steps taken, and 710 accepted.
[1 : mcmc] Progress @ 2025-04-17 13:07:15 : 5113 steps taken, and 846 accepted.
[3 : mcmc] Progress @ 2025-04-17 13:07:27 : 5506 steps taken, and 876 accepted.
[0 : mcmc] Progress @ 2025-04-17 13:07:31 : 5430 steps taken, and 868 accepted.
[2 : mcmc] Progress @ 2025-04-17 13:08:43 : 5363 steps taken, and 715 accepted.
[1 : mcmc] Progress @ 2025-04-17 13:09:16 : 5211 steps taken, and 852 accepted.
[3 : mcmc] Progress @ 2025-04-17 13:09:28 : 5605 steps taken, and 885 accepted.
[0 : mcmc] Progress @ 2025-04-17 13:09:32 : 5522 steps taken, and 876 accepted.
[2 : mcmc] Learn + convergence test @ 720 samples accepted.
[2 : mcmc] Ready to check convergence and learn a new proposal covmat (waiting for the rest...)
[0 : mcmc] All chains are ready to check convergence and learn a new proposal covmat
[0 : mcmc]  - Acceptance rate: 0.114 = avg([0.1214, 0.1159, 0.1040, 0.1146])
[0 : mcmc]  - Convergence of means: R-1 = 0.389253 after 3341 accepted steps = sum([878, 856, 720, 887])
[0 : mcmc]  - Updated covariance matrix of proposal pdf.
[2 : mcmc] Progress @ 2025-04-17 13:10:46 : 5406 steps taken, and 723 accepted.
[1 : mcmc] Progress @ 2025-04-17 13:11:17 : 5324 steps taken, and 862 accepted.
[3 : mcmc] Progress @ 2025-04-17 13:11:30 : 5682 steps taken, and 892 accepted.
[0 : mcmc] Progress @ 2025-04-17 13:11:33 : 5595 steps taken, and 883 accepted.
[2 : mcmc] Progress @ 2025-04-17 13:12:48 : 5457 steps taken, and 732 accepted.
[1 : mcmc] Progress @ 2025-04-17 13:13:19 : 5408 steps taken, and 867 accepted.
[3 : mcmc] Progress @ 2025-04-17 13:13:30 : 5759 steps taken, and 900 accepted.
[3 : mcmc] Learn + convergence test @ 900 samples accepted.
[3 : mcmc] Ready to check convergence and learn a new proposal covmat (waiting for the rest...)
[0 : mcmc] Progress @ 2025-04-17 13:13:33 : 5666 steps taken, and 887 accepted.
[2 : mcmc] Progress @ 2025-04-17 13:14:51 : 5519 steps taken, and 743 accepted.
[0 : mcmc] Learn + convergence test @ 900 samples accepted.
[0 : mcmc] Ready to check convergence and learn a new proposal covmat (waiting for the rest...)
[1 : mcmc] Progress @ 2025-04-17 13:15:20 : 5462 steps taken, and 876 accepted.
[3 : mcmc] Progress @ 2025-04-17 13:15:34 : 5826 steps taken, and 910 accepted.
[0 : mcmc] Progress @ 2025-04-17 13:15:36 : 5754 steps taken, and 907 accepted.
[2 : mcmc] Progress @ 2025-04-17 13:16:53 : 5581 steps taken, and 752 accepted.
[1 : mcmc] Progress @ 2025-04-17 13:17:23 : 5516 steps taken, and 885 accepted.
[3 : mcmc] Progress @ 2025-04-17 13:17:34 : 5886 steps taken, and 913 accepted.
[0 : mcmc] Progress @ 2025-04-17 13:17:38 : 5839 steps taken, and 913 accepted.
[2 : mcmc] Progress @ 2025-04-17 13:18:56 : 5692 steps taken, and 763 accepted.
[1 : mcmc] Progress @ 2025-04-17 13:19:26 : 5610 steps taken, and 897 accepted.
[3 : mcmc] Progress @ 2025-04-17 13:19:36 : 5955 steps taken, and 924 accepted.
[0 : mcmc] Progress @ 2025-04-17 13:19:39 : 5886 steps taken, and 918 accepted.
[1 : mcmc] Learn + convergence test @ 900 samples accepted.
[1 : mcmc] Ready to check convergence and learn a new proposal covmat (waiting for the rest...)
[2 : mcmc] Progress @ 2025-04-17 13:20:56 : 5760 steps taken, and 775 accepted.
[1 : mcmc] Progress @ 2025-04-17 13:21:26 : 5698 steps taken, and 906 accepted.
[3 : mcmc] Progress @ 2025-04-17 13:21:39 : 6058 steps taken, and 936 accepted.
[0 : mcmc] Progress @ 2025-04-17 13:21:42 : 5951 steps taken, and 929 accepted.
[2 : mcmc] Learn + convergence test @ 780 samples accepted.
[2 : mcmc] Ready to check convergence and learn a new proposal covmat (waiting for the rest...)
[0 : mcmc] All chains are ready to check convergence and learn a new proposal covmat
[0 : mcmc]  - Acceptance rate: 0.114 = avg([0.1192, 0.1134, 0.1084, 0.1139])
[0 : mcmc]  - Convergence of means: R-1 = 0.347559 after 3557 accepted steps = sum([930, 909, 780, 938])
[0 : mcmc]  - Updated covariance matrix of proposal pdf.
[2 : mcmc] Progress @ 2025-04-17 13:22:57 : 5798 steps taken, and 781 accepted.
[1 : mcmc] Progress @ 2025-04-17 13:23:29 : 5744 steps taken, and 911 accepted.
[3 : mcmc] Progress @ 2025-04-17 13:23:41 : 6125 steps taken, and 945 accepted.
[0 : mcmc] Progress @ 2025-04-17 13:23:43 : 5994 steps taken, and 931 accepted.
[2 : mcmc] Progress @ 2025-04-17 13:24:59 : 5904 steps taken, and 789 accepted.
[1 : mcmc] Progress @ 2025-04-17 13:25:32 : 5835 steps taken, and 926 accepted.
[3 : mcmc] Progress @ 2025-04-17 13:25:41 : 6174 steps taken, and 954 accepted.
[0 : mcmc] Progress @ 2025-04-17 13:25:44 : 6051 steps taken, and 937 accepted.
[3 : mcmc] Learn + convergence test @ 960 samples accepted.
[3 : mcmc] Ready to check convergence and learn a new proposal covmat (waiting for the rest...)
[2 : mcmc] Progress @ 2025-04-17 13:27:01 : 6002 steps taken, and 798 accepted.
[1 : mcmc] Progress @ 2025-04-17 13:27:34 : 5910 steps taken, and 934 accepted.
[3 : mcmc] Progress @ 2025-04-17 13:27:44 : 6273 steps taken, and 972 accepted.
[0 : mcmc] Progress @ 2025-04-17 13:27:44 : 6126 steps taken, and 943 accepted.
[2 : mcmc] Progress @ 2025-04-17 13:29:04 : 6077 steps taken, and 808 accepted.
[1 : mcmc] Progress @ 2025-04-17 13:29:38 : 5958 steps taken, and 937 accepted.
[3 : mcmc] Progress @ 2025-04-17 13:29:45 : 6334 steps taken, and 983 accepted.
[0 : mcmc] Progress @ 2025-04-17 13:29:46 : 6190 steps taken, and 951 accepted.
[2 : mcmc] Progress @ 2025-04-17 13:31:04 : 6150 steps taken, and 812 accepted.
[1 : mcmc] Progress @ 2025-04-17 13:31:41 : 6000 steps taken, and 941 accepted.
[0 : mcmc] Progress @ 2025-04-17 13:31:47 : 6283 steps taken, and 956 accepted.
[3 : mcmc] Progress @ 2025-04-17 13:31:48 : 6394 steps taken, and 991 accepted.
[2 : mcmc] Progress @ 2025-04-17 13:33:07 : 6199 steps taken, and 818 accepted.
[0 : mcmc] Learn + convergence test @ 960 samples accepted.
[0 : mcmc] Ready to check convergence and learn a new proposal covmat (waiting for the rest...)
[1 : mcmc] Progress @ 2025-04-17 13:33:42 : 6058 steps taken, and 952 accepted.
[3 : mcmc] Progress @ 2025-04-17 13:33:49 : 6438 steps taken, and 996 accepted.
[0 : mcmc] Progress @ 2025-04-17 13:33:49 : 6428 steps taken, and 961 accepted.
[2 : mcmc] Progress @ 2025-04-17 13:35:12 : 6267 steps taken, and 827 accepted.
[1 : mcmc] Learn + convergence test @ 960 samples accepted.
[1 : mcmc] Ready to check convergence and learn a new proposal covmat (waiting for the rest...)
[1 : mcmc] Progress @ 2025-04-17 13:35:45 : 6128 steps taken, and 960 accepted.
[0 : mcmc] Progress @ 2025-04-17 13:35:50 : 6477 steps taken, and 967 accepted.
[3 : mcmc] Progress @ 2025-04-17 13:35:50 : 6485 steps taken, and 1000 accepted.
[2 : mcmc] Progress @ 2025-04-17 13:37:13 : 6330 steps taken, and 835 accepted.
[1 : mcmc] Progress @ 2025-04-17 13:37:50 : 6246 steps taken, and 970 accepted.
[0 : mcmc] Progress @ 2025-04-17 13:37:51 : 6533 steps taken, and 975 accepted.
[3 : mcmc] Progress @ 2025-04-17 13:37:51 : 6560 steps taken, and 1014 accepted.
[2 : mcmc] Learn + convergence test @ 840 samples accepted.
[2 : mcmc] Ready to check convergence and learn a new proposal covmat (waiting for the rest...)
[0 : mcmc] All chains are ready to check convergence and learn a new proposal covmat
[0 : mcmc]  - Acceptance rate: 0.112 = avg([0.1130, 0.1120, 0.1067, 0.1162])
[0 : mcmc]  - Convergence of means: R-1 = 0.254344 after 3807 accepted steps = sum([977, 973, 840, 1017])
[0 : mcmc]  - Updated covariance matrix of proposal pdf.
[3 : mcmc] Learn + convergence test @ 1020 samples accepted.
[3 : mcmc] Ready to check convergence and learn a new proposal covmat (waiting for the rest...)
[2 : mcmc] Progress @ 2025-04-17 13:39:16 : 6410 steps taken, and 844 accepted.
[3 : mcmc] Progress @ 2025-04-17 13:39:52 : 6650 steps taken, and 1024 accepted.
[1 : mcmc] Progress @ 2025-04-17 13:39:53 : 6290 steps taken, and 977 accepted.
[0 : mcmc] Progress @ 2025-04-17 13:39:54 : 6601 steps taken, and 978 accepted.
[2 : mcmc] Progress @ 2025-04-17 13:41:18 : 6494 steps taken, and 855 accepted.
[3 : mcmc] Progress @ 2025-04-17 13:41:55 : 6719 steps taken, and 1034 accepted.
[0 : mcmc] Progress @ 2025-04-17 13:41:56 : 6675 steps taken, and 990 accepted.
[1 : mcmc] Progress @ 2025-04-17 13:41:56 : 6334 steps taken, and 983 accepted.
[2 : mcmc] Progress @ 2025-04-17 13:43:21 : 6551 steps taken, and 866 accepted.
[0 : mcmc] Progress @ 2025-04-17 13:43:58 : 6715 steps taken, and 991 accepted.
[3 : mcmc] Progress @ 2025-04-17 13:43:58 : 6771 steps taken, and 1043 accepted.
[1 : mcmc] Progress @ 2025-04-17 13:43:59 : 6379 steps taken, and 985 accepted.
[2 : mcmc] Progress @ 2025-04-17 13:45:24 : 6597 steps taken, and 874 accepted.
[3 : mcmc] Progress @ 2025-04-17 13:46:00 : 6823 steps taken, and 1054 accepted.
[0 : mcmc] Progress @ 2025-04-17 13:46:02 : 6754 steps taken, and 994 accepted.
[1 : mcmc] Progress @ 2025-04-17 13:46:03 : 6424 steps taken, and 987 accepted.
[2 : mcmc] Progress @ 2025-04-17 13:47:24 : 6681 steps taken, and 886 accepted.
[3 : mcmc] Progress @ 2025-04-17 13:48:02 : 6892 steps taken, and 1065 accepted.
[0 : mcmc] Progress @ 2025-04-17 13:48:02 : 6797 steps taken, and 997 accepted.
[1 : mcmc] Progress @ 2025-04-17 13:48:06 : 6481 steps taken, and 988 accepted.
[2 : mcmc] Learn + convergence test @ 900 samples accepted.
[2 : mcmc] Ready to check convergence and learn a new proposal covmat (waiting for the rest...)
[2 : mcmc] Progress @ 2025-04-17 13:49:24 : 6750 steps taken, and 900 accepted.
[3 : mcmc] Progress @ 2025-04-17 13:50:03 : 6942 steps taken, and 1067 accepted.
[0 : mcmc] Progress @ 2025-04-17 13:50:04 : 6846 steps taken, and 1001 accepted.
[1 : mcmc] Progress @ 2025-04-17 13:50:07 : 6516 steps taken, and 991 accepted.
[2 : mcmc] Progress @ 2025-04-17 13:51:27 : 6817 steps taken, and 908 accepted.
[0 : mcmc] Progress @ 2025-04-17 13:52:07 : 6888 steps taken, and 1003 accepted.
[3 : mcmc] Progress @ 2025-04-17 13:52:07 : 7015 steps taken, and 1073 accepted.
[1 : mcmc] Progress @ 2025-04-17 13:52:08 : 6550 steps taken, and 994 accepted.
[3 : mcmc] Learn + convergence test @ 1080 samples accepted.
[2 : mcmc] Progress @ 2025-04-17 13:53:27 : 6873 steps taken, and 919 accepted.
[1 : mcmc] Progress @ 2025-04-17 13:54:08 : 6582 steps taken, and 994 accepted.
[3 : mcmc] Progress @ 2025-04-17 13:54:10 : 7088 steps taken, and 1085 accepted.
[0 : mcmc] Progress @ 2025-04-17 13:54:10 : 6932 steps taken, and 1008 accepted.
[2 : mcmc] Progress @ 2025-04-17 13:55:31 : 6932 steps taken, and 927 accepted.
[0 : mcmc] Progress @ 2025-04-17 13:56:10 : 6977 steps taken, and 1010 accepted.
[3 : mcmc] Progress @ 2025-04-17 13:56:12 : 7175 steps taken, and 1094 accepted.
[1 : mcmc] Progress @ 2025-04-17 13:56:13 : 6656 steps taken, and 997 accepted.
[2 : mcmc] Progress @ 2025-04-17 13:57:31 : 7001 steps taken, and 936 accepted.
[1 : mcmc] Progress @ 2025-04-17 13:58:14 : 6718 steps taken, and 999 accepted.
[0 : mcmc] Progress @ 2025-04-17 13:58:14 : 7039 steps taken, and 1013 accepted.
[3 : mcmc] Progress @ 2025-04-17 13:58:15 : 7227 steps taken, and 1105 accepted.
[2 : mcmc] Progress @ 2025-04-17 13:59:33 : 7054 steps taken, and 942 accepted.
[0 : mcmc] Progress @ 2025-04-17 14:00:14 : 7094 steps taken, and 1014 accepted.
[1 : mcmc] Progress @ 2025-04-17 14:00:15 : 6771 steps taken, and 999 accepted.
[3 : mcmc] Progress @ 2025-04-17 14:00:17 : 7263 steps taken, and 1109 accepted.
[2 : mcmc] Progress @ 2025-04-17 14:01:36 : 7109 steps taken, and 952 accepted.
[0 : mcmc] Progress @ 2025-04-17 14:02:16 : 7163 steps taken, and 1017 accepted.
[3 : mcmc] Progress @ 2025-04-17 14:02:19 : 7312 steps taken, and 1121 accepted.
[1 : mcmc] Progress @ 2025-04-17 14:02:21 : 6821 steps taken, and 1000 accepted.
[2 : mcmc] Learn + convergence test @ 960 samples accepted.
[2 : mcmc] Progress @ 2025-04-17 14:03:43 : 7188 steps taken, and 962 accepted.
[0 : mcmc] Learn + convergence test @ 1020 samples accepted.
[0 : mcmc] Ready to check convergence and learn a new proposal covmat (waiting for the rest...)
[0 : mcmc] Progress @ 2025-04-17 14:04:17 : 7232 steps taken, and 1020 accepted.
[3 : mcmc] Progress @ 2025-04-17 14:04:22 : 7367 steps taken, and 1127 accepted.
[1 : mcmc] Progress @ 2025-04-17 14:04:24 : 6866 steps taken, and 1001 accepted.
[2 : mcmc] Progress @ 2025-04-17 14:05:46 : 7251 steps taken, and 972 accepted.
[0 : mcmc] Progress @ 2025-04-17 14:06:24 : 7299 steps taken, and 1025 accepted.
[3 : mcmc] Progress @ 2025-04-17 14:06:24 : 7419 steps taken, and 1138 accepted.
[1 : mcmc] Progress @ 2025-04-17 14:06:24 : 6909 steps taken, and 1003 accepted.
[3 : mcmc] Learn + convergence test @ 1140 samples accepted.
[2 : mcmc] Progress @ 2025-04-17 14:07:46 : 7312 steps taken, and 982 accepted.
[0 : mcmc] Progress @ 2025-04-17 14:08:26 : 7347 steps taken, and 1027 accepted.
[3 : mcmc] Progress @ 2025-04-17 14:08:26 : 7475 steps taken, and 1149 accepted.
[1 : mcmc] Progress @ 2025-04-17 14:08:26 : 6949 steps taken, and 1006 accepted.
[2 : mcmc] Progress @ 2025-04-17 14:09:46 : 7367 steps taken, and 985 accepted.
[0 : mcmc] Progress @ 2025-04-17 14:10:28 : 7391 steps taken, and 1030 accepted.
[3 : mcmc] Progress @ 2025-04-17 14:10:29 : 7543 steps taken, and 1158 accepted.
[1 : mcmc] Progress @ 2025-04-17 14:10:32 : 6998 steps taken, and 1010 accepted.
[2 : mcmc] Progress @ 2025-04-17 14:11:48 : 7440 steps taken, and 993 accepted.
[3 : mcmc] Progress @ 2025-04-17 14:12:30 : 7635 steps taken, and 1172 accepted.
[0 : mcmc] Progress @ 2025-04-17 14:12:31 : 7434 steps taken, and 1031 accepted.
[1 : mcmc] Progress @ 2025-04-17 14:12:35 : 7061 steps taken, and 1016 accepted.
[2 : mcmc] Progress @ 2025-04-17 14:13:52 : 7519 steps taken, and 1000 accepted.
[0 : mcmc] Progress @ 2025-04-17 14:14:32 : 7501 steps taken, and 1034 accepted.
[3 : mcmc] Progress @ 2025-04-17 14:14:33 : 7769 steps taken, and 1182 accepted.
[1 : mcmc] Progress @ 2025-04-17 14:14:38 : 7102 steps taken, and 1016 accepted.
[2 : mcmc] Progress @ 2025-04-17 14:15:53 : 7618 steps taken, and 1003 accepted.
[1 : mcmc] Learn + convergence test @ 1020 samples accepted.
[1 : mcmc] Ready to check convergence and learn a new proposal covmat (waiting for the rest...)
[3 : mcmc] Progress @ 2025-04-17 14:16:34 : 7880 steps taken, and 1190 accepted.
[0 : mcmc] Progress @ 2025-04-17 14:16:37 : 7580 steps taken, and 1040 accepted.
[0 : mcmc] Progress @ 2025-04-17 14:18:37 : 7639 steps taken, and 1040 accepted.
[0 : mcmc] All chains are ready to check convergence and learn a new proposal covmat
[0 : mcmc]  - Acceptance rate: 0.111 = avg([0.1039, 0.1006, 0.1176, 0.1195])
[0 : mcmc]  - Convergence of means: R-1 = 0.225030 after 4257 accepted steps = sum([1041, 1020, 1005, 1191])
[0 : mcmc]  - Updated covariance matrix of proposal pdf.
[1 : mcmc] Progress @ 2025-04-17 14:19:01 : 7180 steps taken, and 1020 accepted.
[2 : mcmc] Progress @ 2025-04-17 14:19:01 : 7683 steps taken, and 1005 accepted.
[3 : mcmc] Progress @ 2025-04-17 14:19:02 : 7883 steps taken, and 1191 accepted.
[0 : mcmc] Progress @ 2025-04-17 14:20:40 : 7718 steps taken, and 1044 accepted.
[1 : mcmc] Progress @ 2025-04-17 14:21:02 : 7266 steps taken, and 1031 accepted.
[3 : mcmc] Progress @ 2025-04-17 14:21:05 : 7956 steps taken, and 1198 accepted.
[2 : mcmc] Progress @ 2025-04-17 14:21:05 : 7761 steps taken, and 1011 accepted.
[3 : mcmc] Learn + convergence test @ 1200 samples accepted.
[3 : mcmc] Ready to check convergence and learn a new proposal covmat (waiting for the rest...)
[0 : mcmc] Progress @ 2025-04-17 14:22:43 : 7793 steps taken, and 1046 accepted.
[1 : mcmc] Progress @ 2025-04-17 14:23:04 : 7341 steps taken, and 1039 accepted.
[2 : mcmc] Progress @ 2025-04-17 14:23:06 : 7834 steps taken, and 1017 accepted.
[3 : mcmc] Progress @ 2025-04-17 14:23:06 : 8016 steps taken, and 1205 accepted.
[2 : mcmc] Learn + convergence test @ 1020 samples accepted.
[2 : mcmc] Ready to check convergence and learn a new proposal covmat (waiting for the rest...)
[0 : mcmc] Progress @ 2025-04-17 14:24:43 : 7878 steps taken, and 1050 accepted.
[1 : mcmc] Progress @ 2025-04-17 14:25:06 : 7401 steps taken, and 1050 accepted.
[2 : mcmc] Progress @ 2025-04-17 14:25:08 : 7945 steps taken, and 1025 accepted.
[3 : mcmc] Progress @ 2025-04-17 14:25:09 : 8075 steps taken, and 1214 accepted.
[0 : mcmc] Progress @ 2025-04-17 14:26:44 : 7949 steps taken, and 1055 accepted.
[2 : mcmc] Progress @ 2025-04-17 14:27:08 : 8015 steps taken, and 1033 accepted.
[1 : mcmc] Progress @ 2025-04-17 14:27:09 : 7496 steps taken, and 1064 accepted.
[3 : mcmc] Progress @ 2025-04-17 14:27:13 : 8145 steps taken, and 1220 accepted.
[0 : mcmc] Progress @ 2025-04-17 14:28:48 : 8012 steps taken, and 1057 accepted.
[1 : mcmc] Progress @ 2025-04-17 14:29:10 : 7669 steps taken, and 1070 accepted.
[2 : mcmc] Progress @ 2025-04-17 14:29:13 : 8084 steps taken, and 1043 accepted.
[3 : mcmc] Progress @ 2025-04-17 14:29:16 : 8218 steps taken, and 1228 accepted.
[0 : mcmc] Progress @ 2025-04-17 14:30:48 : 8069 steps taken, and 1061 accepted.
[1 : mcmc] Learn + convergence test @ 1080 samples accepted.
[1 : mcmc] Ready to check convergence and learn a new proposal covmat (waiting for the rest...)
[1 : mcmc] Progress @ 2025-04-17 14:31:13 : 7820 steps taken, and 1080 accepted.
[2 : mcmc] Progress @ 2025-04-17 14:31:14 : 8136 steps taken, and 1046 accepted.
[3 : mcmc] Progress @ 2025-04-17 14:31:23 : 8316 steps taken, and 1237 accepted.
[0 : mcmc] Progress @ 2025-04-17 14:32:50 : 8110 steps taken, and 1064 accepted.
[2 : mcmc] Progress @ 2025-04-17 14:33:14 : 8195 steps taken, and 1051 accepted.
[1 : mcmc] Progress @ 2025-04-17 14:33:15 : 7921 steps taken, and 1085 accepted.
[3 : mcmc] Progress @ 2025-04-17 14:33:24 : 8426 steps taken, and 1240 accepted.
[0 : mcmc] Progress @ 2025-04-17 14:34:51 : 8157 steps taken, and 1071 accepted.
[2 : mcmc] Progress @ 2025-04-17 14:35:15 : 8264 steps taken, and 1058 accepted.
[1 : mcmc] Progress @ 2025-04-17 14:35:17 : 8072 steps taken, and 1097 accepted.
[3 : mcmc] Progress @ 2025-04-17 14:35:27 : 8484 steps taken, and 1249 accepted.
[0 : mcmc] Progress @ 2025-04-17 14:36:52 : 8205 steps taken, and 1074 accepted.
[2 : mcmc] Progress @ 2025-04-17 14:37:17 : 8388 steps taken, and 1070 accepted.
[1 : mcmc] Progress @ 2025-04-17 14:37:18 : 8233 steps taken, and 1102 accepted.
[3 : mcmc] Learn + convergence test @ 1260 samples accepted.
[3 : mcmc] Progress @ 2025-04-17 14:37:29 : 8576 steps taken, and 1261 accepted.
[0 : mcmc] Progress @ 2025-04-17 14:38:53 : 8258 steps taken, and 1074 accepted.
[2 : mcmc] Learn + convergence test @ 1080 samples accepted.
[2 : mcmc] Progress @ 2025-04-17 14:39:21 : 8525 steps taken, and 1083 accepted.
[1 : mcmc] Progress @ 2025-04-17 14:39:22 : 8374 steps taken, and 1111 accepted.
[3 : mcmc] Progress @ 2025-04-17 14:39:30 : 8644 steps taken, and 1269 accepted.
[0 : mcmc] Progress @ 2025-04-17 14:40:56 : 8326 steps taken, and 1074 accepted.
[1 : mcmc] Progress @ 2025-04-17 14:41:22 : 8459 steps taken, and 1120 accepted.
[2 : mcmc] Progress @ 2025-04-17 14:41:24 : 8609 steps taken, and 1089 accepted.
[3 : mcmc] Progress @ 2025-04-17 14:41:34 : 8707 steps taken, and 1278 accepted.
[0 : mcmc] Progress @ 2025-04-17 14:42:58 : 8385 steps taken, and 1077 accepted.
[1 : mcmc] Progress @ 2025-04-17 14:43:25 : 8514 steps taken, and 1129 accepted.
[2 : mcmc] Progress @ 2025-04-17 14:43:26 : 8655 steps taken, and 1096 accepted.
[3 : mcmc] Progress @ 2025-04-17 14:43:36 : 8762 steps taken, and 1284 accepted.
[0 : mcmc] Learn + convergence test @ 1080 samples accepted.
[0 : mcmc] Ready to check convergence and learn a new proposal covmat (waiting for the rest...)
[0 : mcmc] All chains are ready to check convergence and learn a new proposal covmat
[0 : mcmc]  - Acceptance rate: 0.105 = avg([0.0956, 0.0959, 0.1104, 0.1181])
[0 : mcmc]  - Convergence of means: R-1 = 0.374353 after 4595 accepted steps = sum([1080, 1132, 1098, 1285])
[0 : mcmc]  - Updated covariance matrix of proposal pdf.
[0 : mcmc] Progress @ 2025-04-17 14:45:01 : 8441 steps taken, and 1082 accepted.
[1 : mcmc] Progress @ 2025-04-17 14:45:28 : 8581 steps taken, and 1138 accepted.
[2 : mcmc] Progress @ 2025-04-17 14:45:29 : 8720 steps taken, and 1100 accepted.
[3 : mcmc] Progress @ 2025-04-17 14:45:37 : 8822 steps taken, and 1290 accepted.
[1 : mcmc] Learn + convergence test @ 1140 samples accepted.
[1 : mcmc] Ready to check convergence and learn a new proposal covmat (waiting for the rest...)
[0 : mcmc] Progress @ 2025-04-17 14:47:03 : 8509 steps taken, and 1090 accepted.
[1 : mcmc] Progress @ 2025-04-17 14:47:31 : 8625 steps taken, and 1140 accepted.
[2 : mcmc] Progress @ 2025-04-17 14:47:31 : 8793 steps taken, and 1107 accepted.
[3 : mcmc] Progress @ 2025-04-17 14:47:40 : 8897 steps taken, and 1306 accepted.
[0 : mcmc] Progress @ 2025-04-17 14:49:07 : 8570 steps taken, and 1100 accepted.
[1 : mcmc] Progress @ 2025-04-17 14:49:33 : 8678 steps taken, and 1147 accepted.
[2 : mcmc] Progress @ 2025-04-17 14:49:34 : 8864 steps taken, and 1118 accepted.
[3 : mcmc] Progress @ 2025-04-17 14:49:43 : 8967 steps taken, and 1316 accepted.
[3 : mcmc] Learn + convergence test @ 1320 samples accepted.
[3 : mcmc] Ready to check convergence and learn a new proposal covmat (waiting for the rest...)
[0 : mcmc] Progress @ 2025-04-17 14:51:10 : 8628 steps taken, and 1106 accepted.
[2 : mcmc] Progress @ 2025-04-17 14:51:37 : 8958 steps taken, and 1135 accepted.
[1 : mcmc] Progress @ 2025-04-17 14:51:37 : 8724 steps taken, and 1151 accepted.
[3 : mcmc] Progress @ 2025-04-17 14:51:45 : 9048 steps taken, and 1324 accepted.
[2 : mcmc] Learn + convergence test @ 1140 samples accepted.
[2 : mcmc] Ready to check convergence and learn a new proposal covmat (waiting for the rest...)
[0 : mcmc] Progress @ 2025-04-17 14:53:12 : 8714 steps taken, and 1112 accepted.
[2 : mcmc] Progress @ 2025-04-17 14:53:37 : 9062 steps taken, and 1144 accepted.
[1 : mcmc] Progress @ 2025-04-17 14:53:39 : 8783 steps taken, and 1161 accepted.
[3 : mcmc] Progress @ 2025-04-17 14:53:46 : 9128 steps taken, and 1333 accepted.
[0 : mcmc] Progress @ 2025-04-17 14:55:15 : 8772 steps taken, and 1115 accepted.
[1 : mcmc] Progress @ 2025-04-17 14:55:39 : 8843 steps taken, and 1165 accepted.
[2 : mcmc] Progress @ 2025-04-17 14:55:43 : 9145 steps taken, and 1155 accepted.
[3 : mcmc] Progress @ 2025-04-17 14:55:46 : 9186 steps taken, and 1340 accepted.
[0 : mcmc] Progress @ 2025-04-17 14:57:18 : 8855 steps taken, and 1118 accepted.
[1 : mcmc] Progress @ 2025-04-17 14:57:42 : 8912 steps taken, and 1172 accepted.
[2 : mcmc] Progress @ 2025-04-17 14:57:44 : 9197 steps taken, and 1161 accepted.
[3 : mcmc] Progress @ 2025-04-17 14:57:52 : 9236 steps taken, and 1346 accepted.
[0 : mcmc] Progress @ 2025-04-17 14:59:21 : 8905 steps taken, and 1124 accepted.
[1 : mcmc] Progress @ 2025-04-17 14:59:46 : 8975 steps taken, and 1177 accepted.
[2 : mcmc] Progress @ 2025-04-17 14:59:46 : 9264 steps taken, and 1171 accepted.
[3 : mcmc] Progress @ 2025-04-17 14:59:53 : 9285 steps taken, and 1350 accepted.
[0 : mcmc] Progress @ 2025-04-17 15:01:21 : 8988 steps taken, and 1132 accepted.
[1 : mcmc] Progress @ 2025-04-17 15:01:46 : 9039 steps taken, and 1185 accepted.
[2 : mcmc] Progress @ 2025-04-17 15:01:47 : 9337 steps taken, and 1183 accepted.
[3 : mcmc] Progress @ 2025-04-17 15:01:56 : 9375 steps taken, and 1360 accepted.
[0 : mcmc] Progress @ 2025-04-17 15:03:22 : 9060 steps taken, and 1133 accepted.
[1 : mcmc] Progress @ 2025-04-17 15:03:50 : 9100 steps taken, and 1195 accepted.
[2 : mcmc] Progress @ 2025-04-17 15:03:51 : 9378 steps taken, and 1187 accepted.
[3 : mcmc] Progress @ 2025-04-17 15:04:00 : 9435 steps taken, and 1368 accepted.
[1 : mcmc] Learn + convergence test @ 1200 samples accepted.
[0 : mcmc] Progress @ 2025-04-17 15:05:23 : 9130 steps taken, and 1138 accepted.
[2 : mcmc] Progress @ 2025-04-17 15:05:51 : 9425 steps taken, and 1194 accepted.
[1 : mcmc] Progress @ 2025-04-17 15:05:53 : 9171 steps taken, and 1203 accepted.
[3 : mcmc] Progress @ 2025-04-17 15:06:00 : 9517 steps taken, and 1375 accepted.
[0 : mcmc] Learn + convergence test @ 1140 samples accepted.
[0 : mcmc] Ready to check convergence and learn a new proposal covmat (waiting for the rest...)
[0 : mcmc] All chains are ready to check convergence and learn a new proposal covmat
[0 : mcmc]  - Acceptance rate: 0.105 = avg([0.0906, 0.0962, 0.1131, 0.1191])
[0 : mcmc]  - Convergence of means: R-1 = 0.280955 after 4924 accepted steps = sum([1140, 1209, 1198, 1377])
[0 : mcmc]  - Updated covariance matrix of proposal pdf.
[2 : mcmc] Learn + convergence test @ 1200 samples accepted.
[2 : mcmc] Ready to check convergence and learn a new proposal covmat (waiting for the rest...)
[0 : mcmc] Progress @ 2025-04-17 15:07:23 : 9209 steps taken, and 1142 accepted.
[3 : mcmc] Learn + convergence test @ 1380 samples accepted.
[3 : mcmc] Ready to check convergence and learn a new proposal covmat (waiting for the rest...)
[1 : mcmc] Progress @ 2025-04-17 15:07:55 : 9229 steps taken, and 1215 accepted.
[2 : mcmc] Progress @ 2025-04-17 15:07:55 : 9513 steps taken, and 1201 accepted.
[3 : mcmc] Progress @ 2025-04-17 15:08:02 : 9567 steps taken, and 1382 accepted.
[0 : mcmc] Progress @ 2025-04-17 15:09:26 : 9304 steps taken, and 1146 accepted.
[1 : mcmc] Progress @ 2025-04-17 15:09:55 : 9333 steps taken, and 1227 accepted.
[2 : mcmc] Progress @ 2025-04-17 15:09:59 : 9597 steps taken, and 1206 accepted.
[3 : mcmc] Progress @ 2025-04-17 15:10:04 : 9634 steps taken, and 1393 accepted.
[0 : mcmc] Progress @ 2025-04-17 15:11:27 : 9402 steps taken, and 1151 accepted.
[1 : mcmc] Progress @ 2025-04-17 15:11:58 : 9410 steps taken, and 1238 accepted.
[2 : mcmc] Progress @ 2025-04-17 15:12:00 : 9664 steps taken, and 1217 accepted.
[3 : mcmc] Progress @ 2025-04-17 15:12:05 : 9712 steps taken, and 1404 accepted.
[0 : mcmc] Progress @ 2025-04-17 15:13:32 : 9483 steps taken, and 1159 accepted.
[1 : mcmc] Progress @ 2025-04-17 15:14:00 : 9473 steps taken, and 1251 accepted.
[2 : mcmc] Progress @ 2025-04-17 15:14:01 : 9722 steps taken, and 1227 accepted.
[3 : mcmc] Progress @ 2025-04-17 15:14:07 : 9778 steps taken, and 1410 accepted.
[0 : mcmc] Progress @ 2025-04-17 15:15:34 : 9541 steps taken, and 1163 accepted.
[1 : mcmc] Learn + convergence test @ 1260 samples accepted.
[1 : mcmc] Ready to check convergence and learn a new proposal covmat (waiting for the rest...)
[2 : mcmc] Progress @ 2025-04-17 15:16:04 : 9834 steps taken, and 1234 accepted.
[1 : mcmc] Progress @ 2025-04-17 15:16:07 : 9546 steps taken, and 1261 accepted.
[3 : mcmc] Progress @ 2025-04-17 15:16:08 : 9839 steps taken, and 1415 accepted.
[0 : mcmc] Progress @ 2025-04-17 15:17:37 : 9594 steps taken, and 1169 accepted.
[2 : mcmc] Progress @ 2025-04-17 15:18:05 : 9898 steps taken, and 1241 accepted.
[3 : mcmc] Progress @ 2025-04-17 15:18:10 : 9897 steps taken, and 1423 accepted.
[1 : mcmc] Progress @ 2025-04-17 15:18:11 : 9607 steps taken, and 1267 accepted.
[0 : mcmc] Progress @ 2025-04-17 15:19:38 : 9663 steps taken, and 1173 accepted.
[2 : mcmc] Progress @ 2025-04-17 15:20:08 : 9952 steps taken, and 1250 accepted.
[1 : mcmc] Progress @ 2025-04-17 15:20:11 : 9691 steps taken, and 1276 accepted.
[3 : mcmc] Progress @ 2025-04-17 15:20:11 : 9979 steps taken, and 1430 accepted.
[0 : mcmc] Progress @ 2025-04-17 15:21:38 : 9735 steps taken, and 1181 accepted.
[3 : mcmc] Learn + convergence test @ 1440 samples accepted.
[2 : mcmc] Progress @ 2025-04-17 15:22:08 : 10010 steps taken, and 1258 accepted.
[1 : mcmc] Progress @ 2025-04-17 15:22:13 : 9773 steps taken, and 1281 accepted.
[3 : mcmc] Progress @ 2025-04-17 15:22:16 : 10047 steps taken, and 1440 accepted.
[2 : mcmc] Learn + convergence test @ 1260 samples accepted.
[0 : mcmc] Progress @ 2025-04-17 15:23:45 : 9782 steps taken, and 1185 accepted.
[2 : mcmc] Progress @ 2025-04-17 15:24:09 : 10086 steps taken, and 1265 accepted.
[1 : mcmc] Progress @ 2025-04-17 15:24:14 : 9866 steps taken, and 1287 accepted.
[3 : mcmc] Progress @ 2025-04-17 15:24:17 : 10117 steps taken, and 1448 accepted.
[0 : mcmc] Progress @ 2025-04-17 15:25:48 : 9833 steps taken, and 1192 accepted.
[2 : mcmc] Progress @ 2025-04-17 15:26:10 : 10143 steps taken, and 1273 accepted.
[1 : mcmc] Progress @ 2025-04-17 15:26:15 : 9948 steps taken, and 1304 accepted.
[3 : mcmc] Progress @ 2025-04-17 15:26:18 : 10149 steps taken, and 1451 accepted.
[0 : mcmc] Learn + convergence test @ 1200 samples accepted.
[0 : mcmc] Ready to check convergence and learn a new proposal covmat (waiting for the rest...)
[0 : mcmc] All chains are ready to check convergence and learn a new proposal covmat
[0 : mcmc]  - Acceptance rate: 0.107 = avg([0.0883, 0.1006, 0.1129, 0.1215])
[0 : mcmc]  - Convergence of means: R-1 = 0.210779 after 5243 accepted steps = sum([1200, 1309, 1279, 1455])
[0 : mcmc]  - Updated covariance matrix of proposal pdf.
[0 : mcmc] Progress @ 2025-04-17 15:27:49 : 9915 steps taken, and 1201 accepted.
[2 : mcmc] Progress @ 2025-04-17 15:28:15 : 10199 steps taken, and 1280 accepted.
[1 : mcmc] Progress @ 2025-04-17 15:28:15 : 9987 steps taken, and 1312 accepted.
[3 : mcmc] Progress @ 2025-04-17 15:28:22 : 10194 steps taken, and 1456 accepted.
[1 : mcmc] Learn + convergence test @ 1320 samples accepted.
[1 : mcmc] Ready to check convergence and learn a new proposal covmat (waiting for the rest...)
[0 : mcmc] Progress @ 2025-04-17 15:29:52 : 10068 steps taken, and 1212 accepted.
[2 : mcmc] Progress @ 2025-04-17 15:30:18 : 10266 steps taken, and 1286 accepted.
[1 : mcmc] Progress @ 2025-04-17 15:30:18 : 10046 steps taken, and 1324 accepted.
[3 : mcmc] Progress @ 2025-04-17 15:30:27 : 10249 steps taken, and 1457 accepted.
[0 : mcmc] Progress @ 2025-04-17 15:31:54 : 10159 steps taken, and 1219 accepted.
[1 : mcmc] Progress @ 2025-04-17 15:32:20 : 10112 steps taken, and 1334 accepted.
[2 : mcmc] Progress @ 2025-04-17 15:32:20 : 10310 steps taken, and 1290 accepted.
[3 : mcmc] Progress @ 2025-04-17 15:32:32 : 10296 steps taken, and 1460 accepted.
[0 : mcmc] Progress @ 2025-04-17 15:33:55 : 10282 steps taken, and 1225 accepted.
[1 : mcmc] Progress @ 2025-04-17 15:34:20 : 10185 steps taken, and 1340 accepted.
[2 : mcmc] Progress @ 2025-04-17 15:34:21 : 10356 steps taken, and 1296 accepted.
[3 : mcmc] Progress @ 2025-04-17 15:34:35 : 10364 steps taken, and 1464 accepted.
[0 : mcmc] Progress @ 2025-04-17 15:36:00 : 10360 steps taken, and 1235 accepted.
[1 : mcmc] Progress @ 2025-04-17 15:36:22 : 10253 steps taken, and 1347 accepted.
[2 : mcmc] Progress @ 2025-04-17 15:36:22 : 10415 steps taken, and 1305 accepted.
[3 : mcmc] Progress @ 2025-04-17 15:36:36 : 10422 steps taken, and 1470 accepted.
[0 : mcmc] Progress @ 2025-04-17 15:38:01 : 10436 steps taken, and 1240 accepted.
[2 : mcmc] Progress @ 2025-04-17 15:38:22 : 10481 steps taken, and 1317 accepted.
[1 : mcmc] Progress @ 2025-04-17 15:38:25 : 10328 steps taken, and 1349 accepted.
[3 : mcmc] Progress @ 2025-04-17 15:38:37 : 10487 steps taken, and 1480 accepted.
[2 : mcmc] Learn + convergence test @ 1320 samples accepted.
[2 : mcmc] Ready to check convergence and learn a new proposal covmat (waiting for the rest...)
[0 : mcmc] Progress @ 2025-04-17 15:40:05 : 10505 steps taken, and 1244 accepted.
[2 : mcmc] Progress @ 2025-04-17 15:40:25 : 10565 steps taken, and 1327 accepted.
[1 : mcmc] Progress @ 2025-04-17 15:40:28 : 10420 steps taken, and 1354 accepted.
[3 : mcmc] Progress @ 2025-04-17 15:40:39 : 10544 steps taken, and 1487 accepted.
[0 : mcmc] Progress @ 2025-04-17 15:42:08 : 10567 steps taken, and 1244 accepted.
[2 : mcmc] Progress @ 2025-04-17 15:42:27 : 10626 steps taken, and 1338 accepted.
[1 : mcmc] Progress @ 2025-04-17 15:42:30 : 10464 steps taken, and 1361 accepted.
[3 : mcmc] Progress @ 2025-04-17 15:42:40 : 10591 steps taken, and 1496 accepted.
[3 : mcmc] Learn + convergence test @ 1500 samples accepted.
[3 : mcmc] Ready to check convergence and learn a new proposal covmat (waiting for the rest...)
[0 : mcmc] Progress @ 2025-04-17 15:44:10 : 10622 steps taken, and 1252 accepted.
[2 : mcmc] Progress @ 2025-04-17 15:44:30 : 10681 steps taken, and 1342 accepted.
[1 : mcmc] Progress @ 2025-04-17 15:44:33 : 10516 steps taken, and 1367 accepted.
[3 : mcmc] Progress @ 2025-04-17 15:44:41 : 10652 steps taken, and 1503 accepted.
[0 : mcmc] Progress @ 2025-04-17 15:46:13 : 10658 steps taken, and 1253 accepted.
[2 : mcmc] Progress @ 2025-04-17 15:46:32 : 10769 steps taken, and 1348 accepted.
[1 : mcmc] Progress @ 2025-04-17 15:46:33 : 10565 steps taken, and 1377 accepted.
[3 : mcmc] Progress @ 2025-04-17 15:46:42 : 10704 steps taken, and 1509 accepted.
[1 : mcmc] Learn + convergence test @ 1380 samples accepted.
[0 : mcmc] Progress @ 2025-04-17 15:48:15 : 10702 steps taken, and 1253 accepted.
[2 : mcmc] Progress @ 2025-04-17 15:48:35 : 10883 steps taken, and 1364 accepted.
[1 : mcmc] Progress @ 2025-04-17 15:48:37 : 10616 steps taken, and 1385 accepted.
[3 : mcmc] Progress @ 2025-04-17 15:48:44 : 10785 steps taken, and 1513 accepted.
[0 : mcmc] Progress @ 2025-04-17 15:50:22 : 10752 steps taken, and 1255 accepted.
[2 : mcmc] Progress @ 2025-04-17 15:50:37 : 10965 steps taken, and 1372 accepted.
[1 : mcmc] Progress @ 2025-04-17 15:50:38 : 10664 steps taken, and 1390 accepted.
[3 : mcmc] Progress @ 2025-04-17 15:50:46 : 10834 steps taken, and 1520 accepted.
[2 : mcmc] Learn + convergence test @ 1380 samples accepted.
[0 : mcmc] Learn + convergence test @ 1260 samples accepted.
[0 : mcmc] Ready to check convergence and learn a new proposal covmat (waiting for the rest...)
[0 : mcmc] All chains are ready to check convergence and learn a new proposal covmat
[0 : mcmc]  - Acceptance rate: 0.105 = avg([0.0833, 0.0991, 0.1135, 0.1193])
[0 : mcmc]  - Convergence of means: R-1 = 0.148835 after 5561 accepted steps = sum([1260, 1397, 1382, 1522])
[0 : mcmc]  - Updated covariance matrix of proposal pdf.
[1 : mcmc] Progress @ 2025-04-17 15:52:39 : 10793 steps taken, and 1397 accepted.
[2 : mcmc] Progress @ 2025-04-17 15:52:39 : 11015 steps taken, and 1382 accepted.
[0 : mcmc] Progress @ 2025-04-17 15:52:39 : 10796 steps taken, and 1260 accepted.
[3 : mcmc] Progress @ 2025-04-17 15:52:48 : 10879 steps taken, and 1522 accepted.
[1 : mcmc] Progress @ 2025-04-17 15:54:40 : 10879 steps taken, and 1402 accepted.
[0 : mcmc] Progress @ 2025-04-17 15:54:40 : 10858 steps taken, and 1266 accepted.
[2 : mcmc] Progress @ 2025-04-17 15:54:42 : 11073 steps taken, and 1389 accepted.
[3 : mcmc] Progress @ 2025-04-17 15:54:49 : 10937 steps taken, and 1526 accepted.
[1 : mcmc] Progress @ 2025-04-17 15:56:43 : 10946 steps taken, and 1412 accepted.
[0 : mcmc] Progress @ 2025-04-17 15:56:43 : 10966 steps taken, and 1274 accepted.
[2 : mcmc] Progress @ 2025-04-17 15:56:44 : 11160 steps taken, and 1396 accepted.
[3 : mcmc] Progress @ 2025-04-17 15:56:49 : 11001 steps taken, and 1528 accepted.
[0 : mcmc] Progress @ 2025-04-17 15:58:43 : 11082 steps taken, and 1282 accepted.
[2 : mcmc] Progress @ 2025-04-17 15:58:44 : 11222 steps taken, and 1407 accepted.
[1 : mcmc] Progress @ 2025-04-17 15:58:46 : 11007 steps taken, and 1417 accepted.
[3 : mcmc] Progress @ 2025-04-17 15:58:52 : 11122 steps taken, and 1540 accepted.
[0 : mcmc] Progress @ 2025-04-17 16:00:44 : 11184 steps taken, and 1295 accepted.
[2 : mcmc] Progress @ 2025-04-17 16:00:47 : 11290 steps taken, and 1414 accepted.
[1 : mcmc] Progress @ 2025-04-17 16:00:48 : 11048 steps taken, and 1419 accepted.
[3 : mcmc] Progress @ 2025-04-17 16:00:54 : 11230 steps taken, and 1541 accepted.
[0 : mcmc] Progress @ 2025-04-17 16:02:46 : 11264 steps taken, and 1305 accepted.
[1 : mcmc] Progress @ 2025-04-17 16:02:48 : 11086 steps taken, and 1421 accepted.
[2 : mcmc] Progress @ 2025-04-17 16:02:54 : 11330 steps taken, and 1418 accepted.
[3 : mcmc] Progress @ 2025-04-17 16:02:58 : 11359 steps taken, and 1546 accepted.
[1 : mcmc] Progress @ 2025-04-17 16:04:49 : 11138 steps taken, and 1424 accepted.
[0 : mcmc] Progress @ 2025-04-17 16:04:50 : 11349 steps taken, and 1313 accepted.
[2 : mcmc] Progress @ 2025-04-17 16:04:57 : 11398 steps taken, and 1433 accepted.
[3 : mcmc] Progress @ 2025-04-17 16:05:00 : 11440 steps taken, and 1559 accepted.
[3 : mcmc] Learn + convergence test @ 1560 samples accepted.
[3 : mcmc] Ready to check convergence and learn a new proposal covmat (waiting for the rest...)
[2 : mcmc] Learn + convergence test @ 1440 samples accepted.
[2 : mcmc] Ready to check convergence and learn a new proposal covmat (waiting for the rest...)
[0 : mcmc] Learn + convergence test @ 1320 samples accepted.
[0 : mcmc] Ready to check convergence and learn a new proposal covmat (waiting for the rest...)
[1 : mcmc] Progress @ 2025-04-17 16:06:52 : 11193 steps taken, and 1429 accepted.
[0 : mcmc] Progress @ 2025-04-17 16:06:52 : 11411 steps taken, and 1322 accepted.
[2 : mcmc] Progress @ 2025-04-17 16:07:03 : 11451 steps taken, and 1442 accepted.
[3 : mcmc] Progress @ 2025-04-17 16:07:04 : 11504 steps taken, and 1568 accepted.
[1 : mcmc] Progress @ 2025-04-17 16:08:53 : 11258 steps taken, and 1435 accepted.
[0 : mcmc] Progress @ 2025-04-17 16:08:54 : 11460 steps taken, and 1327 accepted.
[3 : mcmc] Progress @ 2025-04-17 16:09:05 : 11554 steps taken, and 1576 accepted.
[2 : mcmc] Progress @ 2025-04-17 16:09:08 : 11514 steps taken, and 1446 accepted.
[1 : mcmc] Progress @ 2025-04-17 16:10:53 : 11302 steps taken, and 1436 accepted.
[0 : mcmc] Progress @ 2025-04-17 16:10:54 : 11520 steps taken, and 1335 accepted.
[3 : mcmc] Progress @ 2025-04-17 16:11:06 : 11646 steps taken, and 1584 accepted.
[2 : mcmc] Progress @ 2025-04-17 16:11:11 : 11570 steps taken, and 1454 accepted.
[1 : mcmc] Progress @ 2025-04-17 16:12:56 : 11346 steps taken, and 1437 accepted.
[0 : mcmc] Progress @ 2025-04-17 16:12:57 : 11590 steps taken, and 1348 accepted.
[3 : mcmc] Progress @ 2025-04-17 16:13:06 : 11726 steps taken, and 1593 accepted.
[2 : mcmc] Progress @ 2025-04-17 16:13:13 : 11666 steps taken, and 1466 accepted.
[0 : mcmc] Progress @ 2025-04-17 16:14:57 : 11655 steps taken, and 1358 accepted.
[1 : mcmc] Progress @ 2025-04-17 16:14:59 : 11396 steps taken, and 1439 accepted.
[3 : mcmc] Progress @ 2025-04-17 16:15:08 : 11783 steps taken, and 1595 accepted.
[2 : mcmc] Progress @ 2025-04-17 16:15:18 : 11732 steps taken, and 1472 accepted.
[0 : mcmc] Progress @ 2025-04-17 16:16:58 : 11717 steps taken, and 1367 accepted.
[1 : mcmc] Progress @ 2025-04-17 16:17:01 : 11434 steps taken, and 1439 accepted.
[3 : mcmc] Progress @ 2025-04-17 16:17:11 : 11835 steps taken, and 1597 accepted.
[2 : mcmc] Progress @ 2025-04-17 16:17:19 : 11795 steps taken, and 1480 accepted.
[1 : mcmc] Learn + convergence test @ 1440 samples accepted.
[1 : mcmc] Ready to check convergence and learn a new proposal covmat (waiting for the rest...)
[0 : mcmc] All chains are ready to check convergence and learn a new proposal covmat
[0 : mcmc]  - Acceptance rate: 0.104 = avg([0.0850, 0.0958, 0.1173, 0.1151])
[0 : mcmc]  - Convergence of means: R-1 = 0.192019 after 5904 accepted steps = sum([1373, 1440, 1486, 1605])
[0 : mcmc]  - Updated covariance matrix of proposal pdf.
[0 : mcmc] Progress @ 2025-04-17 16:19:00 : 11758 steps taken, and 1373 accepted.
[1 : mcmc] Progress @ 2025-04-17 16:19:05 : 11460 steps taken, and 1440 accepted.
[3 : mcmc] Progress @ 2025-04-17 16:19:14 : 11880 steps taken, and 1606 accepted.
[2 : mcmc] Progress @ 2025-04-17 16:19:21 : 11865 steps taken, and 1489 accepted.
[0 : mcmc] Learn + convergence test @ 1380 samples accepted.
[0 : mcmc] Ready to check convergence and learn a new proposal covmat (waiting for the rest...)
[0 : mcmc] Progress @ 2025-04-17 16:21:02 : 11825 steps taken, and 1384 accepted.
[1 : mcmc] Progress @ 2025-04-17 16:21:09 : 11493 steps taken, and 1442 accepted.
[3 : mcmc] Progress @ 2025-04-17 16:21:14 : 11950 steps taken, and 1614 accepted.
[2 : mcmc] Progress @ 2025-04-17 16:21:24 : 11943 steps taken, and 1498 accepted.
[2 : mcmc] Learn + convergence test @ 1500 samples accepted.
[2 : mcmc] Ready to check convergence and learn a new proposal covmat (waiting for the rest...)
[3 : mcmc] Learn + convergence test @ 1620 samples accepted.
[3 : mcmc] Ready to check convergence and learn a new proposal covmat (waiting for the rest...)
[0 : mcmc] Progress @ 2025-04-17 16:23:04 : 11909 steps taken, and 1394 accepted.
[1 : mcmc] Progress @ 2025-04-17 16:23:13 : 11530 steps taken, and 1445 accepted.
[3 : mcmc] Progress @ 2025-04-17 16:23:17 : 12000 steps taken, and 1621 accepted.
[2 : mcmc] Progress @ 2025-04-17 16:23:25 : 12023 steps taken, and 1507 accepted.
[0 : mcmc] Progress @ 2025-04-17 16:25:07 : 11961 steps taken, and 1394 accepted.
[1 : mcmc] Progress @ 2025-04-17 16:25:13 : 11585 steps taken, and 1448 accepted.
[3 : mcmc] Progress @ 2025-04-17 16:25:21 : 12053 steps taken, and 1624 accepted.
[2 : mcmc] Progress @ 2025-04-17 16:25:25 : 12067 steps taken, and 1514 accepted.
[0 : mcmc] Progress @ 2025-04-17 16:27:09 : 12016 steps taken, and 1402 accepted.
[1 : mcmc] Progress @ 2025-04-17 16:27:16 : 11636 steps taken, and 1451 accepted.
[2 : mcmc] Progress @ 2025-04-17 16:27:25 : 12133 steps taken, and 1517 accepted.
[3 : mcmc] Progress @ 2025-04-17 16:27:26 : 12133 steps taken, and 1631 accepted.
[0 : mcmc] Progress @ 2025-04-17 16:29:11 : 12099 steps taken, and 1412 accepted.
[1 : mcmc] Progress @ 2025-04-17 16:29:20 : 11699 steps taken, and 1453 accepted.
[2 : mcmc] Progress @ 2025-04-17 16:29:26 : 12209 steps taken, and 1521 accepted.
[3 : mcmc] Progress @ 2025-04-17 16:29:27 : 12187 steps taken, and 1637 accepted.
[0 : mcmc] Progress @ 2025-04-17 16:31:12 : 12138 steps taken, and 1417 accepted.
[1 : mcmc] Progress @ 2025-04-17 16:31:22 : 11754 steps taken, and 1453 accepted.
[2 : mcmc] Progress @ 2025-04-17 16:31:27 : 12296 steps taken, and 1525 accepted.
[3 : mcmc] Progress @ 2025-04-17 16:31:30 : 12236 steps taken, and 1645 accepted.
[0 : mcmc] Progress @ 2025-04-17 16:33:13 : 12179 steps taken, and 1418 accepted.
[1 : mcmc] Progress @ 2025-04-17 16:33:24 : 11814 steps taken, and 1453 accepted.
[2 : mcmc] Progress @ 2025-04-17 16:33:28 : 12353 steps taken, and 1526 accepted.
[3 : mcmc] Progress @ 2025-04-17 16:33:30 : 12339 steps taken, and 1656 accepted.
[0 : mcmc] Progress @ 2025-04-17 16:35:15 : 12246 steps taken, and 1429 accepted.
[1 : mcmc] Progress @ 2025-04-17 16:35:24 : 11879 steps taken, and 1457 accepted.
[2 : mcmc] Progress @ 2025-04-17 16:35:28 : 12444 steps taken, and 1530 accepted.
[3 : mcmc] Progress @ 2025-04-17 16:35:30 : 12459 steps taken, and 1662 accepted.
[0 : mcmc] Progress @ 2025-04-17 16:37:16 : 12302 steps taken, and 1437 accepted.
[1 : mcmc] Progress @ 2025-04-17 16:37:25 : 11936 steps taken, and 1459 accepted.
[2 : mcmc] Progress @ 2025-04-17 16:37:31 : 12540 steps taken, and 1535 accepted.
[3 : mcmc] Progress @ 2025-04-17 16:37:32 : 12554 steps taken, and 1673 accepted.
[0 : mcmc] Learn + convergence test @ 1440 samples accepted.
[0 : mcmc] Progress @ 2025-04-17 16:39:20 : 12380 steps taken, and 1443 accepted.
[3 : mcmc] Learn + convergence test @ 1680 samples accepted.
[1 : mcmc] Progress @ 2025-04-17 16:39:25 : 11983 steps taken, and 1462 accepted.
[2 : mcmc] Progress @ 2025-04-17 16:39:32 : 12603 steps taken, and 1540 accepted.
[3 : mcmc] Progress @ 2025-04-17 16:39:35 : 12622 steps taken, and 1681 accepted.
[0 : mcmc] Progress @ 2025-04-17 16:41:23 : 12487 steps taken, and 1455 accepted.
[1 : mcmc] Progress @ 2025-04-17 16:41:27 : 12032 steps taken, and 1465 accepted.
[2 : mcmc] Progress @ 2025-04-17 16:41:32 : 12656 steps taken, and 1545 accepted.
[3 : mcmc] Progress @ 2025-04-17 16:41:38 : 12685 steps taken, and 1688 accepted.
[0 : mcmc] Progress @ 2025-04-17 16:43:24 : 12568 steps taken, and 1461 accepted.
[1 : mcmc] Progress @ 2025-04-17 16:43:29 : 12089 steps taken, and 1465 accepted.
[2 : mcmc] Progress @ 2025-04-17 16:43:33 : 12737 steps taken, and 1549 accepted.
[3 : mcmc] Progress @ 2025-04-17 16:43:41 : 12774 steps taken, and 1702 accepted.
[0 : mcmc] Progress @ 2025-04-17 16:45:25 : 12668 steps taken, and 1465 accepted.
[1 : mcmc] Progress @ 2025-04-17 16:45:30 : 12140 steps taken, and 1468 accepted.
[2 : mcmc] Progress @ 2025-04-17 16:45:38 : 12836 steps taken, and 1555 accepted.
[3 : mcmc] Progress @ 2025-04-17 16:45:43 : 12846 steps taken, and 1712 accepted.
[2 : mcmc] Learn + convergence test @ 1560 samples accepted.
[0 : mcmc] Progress @ 2025-04-17 16:47:26 : 12765 steps taken, and 1475 accepted.
[1 : mcmc] Progress @ 2025-04-17 16:47:31 : 12181 steps taken, and 1470 accepted.
[2 : mcmc] Progress @ 2025-04-17 16:47:38 : 12907 steps taken, and 1562 accepted.
[3 : mcmc] Progress @ 2025-04-17 16:47:46 : 12909 steps taken, and 1717 accepted.
[0 : mcmc] Progress @ 2025-04-17 16:49:28 : 12829 steps taken, and 1488 accepted.
[1 : mcmc] Progress @ 2025-04-17 16:49:33 : 12224 steps taken, and 1473 accepted.
[2 : mcmc] Progress @ 2025-04-17 16:49:39 : 12969 steps taken, and 1565 accepted.
[3 : mcmc] Progress @ 2025-04-17 16:49:46 : 12980 steps taken, and 1727 accepted.
[0 : mcmc] Progress @ 2025-04-17 16:51:31 : 12907 steps taken, and 1493 accepted.
[1 : mcmc] Progress @ 2025-04-17 16:51:33 : 12273 steps taken, and 1474 accepted.
[2 : mcmc] Progress @ 2025-04-17 16:51:46 : 13046 steps taken, and 1568 accepted.
[3 : mcmc] Progress @ 2025-04-17 16:51:48 : 13044 steps taken, and 1734 accepted.
[0 : mcmc] Learn + convergence test @ 1500 samples accepted.
[0 : mcmc] Progress @ 2025-04-17 16:53:32 : 12971 steps taken, and 1504 accepted.
[1 : mcmc] Progress @ 2025-04-17 16:53:35 : 12313 steps taken, and 1476 accepted.
[3 : mcmc] Progress @ 2025-04-17 16:53:49 : 13085 steps taken, and 1737 accepted.
[2 : mcmc] Progress @ 2025-04-17 16:53:49 : 13110 steps taken, and 1570 accepted.
[3 : mcmc] Learn + convergence test @ 1740 samples accepted.
[0 : mcmc] Progress @ 2025-04-17 16:55:35 : 13025 steps taken, and 1513 accepted.
[1 : mcmc] Progress @ 2025-04-17 16:55:39 : 12350 steps taken, and 1476 accepted.
[3 : mcmc] Progress @ 2025-04-17 16:55:49 : 13133 steps taken, and 1749 accepted.
[2 : mcmc] Progress @ 2025-04-17 16:55:50 : 13162 steps taken, and 1571 accepted.
[0 : mcmc] Progress @ 2025-04-17 16:57:36 : 13073 steps taken, and 1519 accepted.
[1 : mcmc] Progress @ 2025-04-17 16:57:43 : 12409 steps taken, and 1477 accepted.
[3 : mcmc] Progress @ 2025-04-17 16:57:51 : 13205 steps taken, and 1760 accepted.
[2 : mcmc] Progress @ 2025-04-17 16:57:53 : 13217 steps taken, and 1575 accepted.
[0 : mcmc] Progress @ 2025-04-17 16:59:37 : 13124 steps taken, and 1526 accepted.
[1 : mcmc] Progress @ 2025-04-17 16:59:44 : 12462 steps taken, and 1479 accepted.
[3 : mcmc] Progress @ 2025-04-17 16:59:53 : 13306 steps taken, and 1773 accepted.
[2 : mcmc] Progress @ 2025-04-17 16:59:56 : 13287 steps taken, and 1583 accepted.
[0 : mcmc] Progress @ 2025-04-17 17:01:39 : 13182 steps taken, and 1529 accepted.
[1 : mcmc] Progress @ 2025-04-17 17:01:45 : 12524 steps taken, and 1482 accepted.
[3 : mcmc] Progress @ 2025-04-17 17:01:54 : 13395 steps taken, and 1777 accepted.
[2 : mcmc] Progress @ 2025-04-17 17:01:56 : 13352 steps taken, and 1591 accepted.
[0 : mcmc] Progress @ 2025-04-17 17:03:42 : 13230 steps taken, and 1536 accepted.
[1 : mcmc] Progress @ 2025-04-17 17:03:51 : 12559 steps taken, and 1483 accepted.
[3 : mcmc] Progress @ 2025-04-17 17:03:57 : 13476 steps taken, and 1779 accepted.
[2 : mcmc] Progress @ 2025-04-17 17:03:57 : 13425 steps taken, and 1606 accepted.
[0 : mcmc] Progress @ 2025-04-17 17:05:45 : 13273 steps taken, and 1540 accepted.
[1 : mcmc] Progress @ 2025-04-17 17:05:54 : 12589 steps taken, and 1483 accepted.
[2 : mcmc] Progress @ 2025-04-17 17:05:59 : 13489 steps taken, and 1614 accepted.
[3 : mcmc] Progress @ 2025-04-17 17:06:00 : 13532 steps taken, and 1789 accepted.
[2 : mcmc] Learn + convergence test @ 1620 samples accepted.
[0 : mcmc] Progress @ 2025-04-17 17:07:49 : 13326 steps taken, and 1544 accepted.
[1 : mcmc] Progress @ 2025-04-17 17:07:57 : 12631 steps taken, and 1486 accepted.
[2 : mcmc] Progress @ 2025-04-17 17:08:02 : 13573 steps taken, and 1620 accepted.
[3 : mcmc] Progress @ 2025-04-17 17:08:03 : 13598 steps taken, and 1793 accepted.
[0 : mcmc] Progress @ 2025-04-17 17:09:50 : 13371 steps taken, and 1546 accepted.
[1 : mcmc] Progress @ 2025-04-17 17:09:58 : 12678 steps taken, and 1488 accepted.
[2 : mcmc] Progress @ 2025-04-17 17:10:02 : 13662 steps taken, and 1631 accepted.
[3 : mcmc] Progress @ 2025-04-17 17:10:06 : 13643 steps taken, and 1796 accepted.
[0 : mcmc] Progress @ 2025-04-17 17:11:57 : 13427 steps taken, and 1549 accepted.
[1 : mcmc] Progress @ 2025-04-17 17:12:00 : 12729 steps taken, and 1489 accepted.
[2 : mcmc] Progress @ 2025-04-17 17:12:02 : 13732 steps taken, and 1636 accepted.
[3 : mcmc] Progress @ 2025-04-17 17:12:08 : 13692 steps taken, and 1799 accepted.
[3 : mcmc] Learn + convergence test @ 1800 samples accepted.
[0 : mcmc] Progress @ 2025-04-17 17:13:58 : 13479 steps taken, and 1552 accepted.
[2 : mcmc] Progress @ 2025-04-17 17:14:04 : 13814 steps taken, and 1647 accepted.
[1 : mcmc] Progress @ 2025-04-17 17:14:05 : 12787 steps taken, and 1495 accepted.
[3 : mcmc] Progress @ 2025-04-17 17:14:09 : 13729 steps taken, and 1802 accepted.
[1 : mcmc] Learn + convergence test @ 1500 samples accepted.
[1 : mcmc] Ready to check convergence and learn a new proposal covmat (waiting for the rest...)
[0 : mcmc] Progress @ 2025-04-17 17:16:01 : 13525 steps taken, and 1555 accepted.
[3 : mcmc] Progress @ 2025-04-17 17:16:12 : 13777 steps taken, and 1803 accepted.
[0 : mcmc] All chains are ready to check convergence and learn a new proposal covmat
[0 : mcmc]  - Acceptance rate: 0.099 = avg([0.0867, 0.0875, 0.1079, 0.1126])
[0 : mcmc]  - Convergence of means: R-1 = 0.222408 after 6510 accepted steps = sum([1556, 1500, 1651, 1803])
[0 : mcmc]  - Updated covariance matrix of proposal pdf.
[2 : mcmc] Progress @ 2025-04-17 17:16:17 : 13892 steps taken, and 1651 accepted.
[1 : mcmc] Progress @ 2025-04-17 17:16:21 : 12840 steps taken, and 1501 accepted.
[0 : mcmc] Progress @ 2025-04-17 17:18:08 : 13574 steps taken, and 1558 accepted.
[3 : mcmc] Progress @ 2025-04-17 17:18:13 : 13830 steps taken, and 1804 accepted.
[2 : mcmc] Progress @ 2025-04-17 17:18:18 : 13979 steps taken, and 1659 accepted.
[1 : mcmc] Progress @ 2025-04-17 17:18:23 : 12925 steps taken, and 1505 accepted.
[0 : mcmc] Learn + convergence test @ 1560 samples accepted.
[0 : mcmc] Ready to check convergence and learn a new proposal covmat (waiting for the rest...)
[0 : mcmc] Progress @ 2025-04-17 17:20:08 : 13636 steps taken, and 1567 accepted.
[3 : mcmc] Progress @ 2025-04-17 17:20:18 : 13900 steps taken, and 1808 accepted.
[2 : mcmc] Progress @ 2025-04-17 17:20:19 : 14035 steps taken, and 1665 accepted.
[1 : mcmc] Progress @ 2025-04-17 17:20:26 : 13005 steps taken, and 1508 accepted.
[0 : mcmc] Progress @ 2025-04-17 17:22:09 : 13690 steps taken, and 1571 accepted.
[3 : mcmc] Progress @ 2025-04-17 17:22:20 : 13979 steps taken, and 1816 accepted.
[2 : mcmc] Progress @ 2025-04-17 17:22:22 : 14130 steps taken, and 1675 accepted.
[1 : mcmc] Progress @ 2025-04-17 17:22:28 : 13092 steps taken, and 1517 accepted.
[2 : mcmc] Learn + convergence test @ 1680 samples accepted.
[2 : mcmc] Ready to check convergence and learn a new proposal covmat (waiting for the rest...)
[0 : mcmc] Progress @ 2025-04-17 17:24:11 : 13742 steps taken, and 1574 accepted.
[3 : mcmc] Progress @ 2025-04-17 17:24:22 : 14049 steps taken, and 1824 accepted.
[2 : mcmc] Progress @ 2025-04-17 17:24:25 : 14235 steps taken, and 1684 accepted.
[1 : mcmc] Progress @ 2025-04-17 17:24:31 : 13148 steps taken, and 1525 accepted.
[0 : mcmc] Progress @ 2025-04-17 17:26:14 : 13796 steps taken, and 1576 accepted.
[3 : mcmc] Progress @ 2025-04-17 17:26:22 : 14113 steps taken, and 1831 accepted.
[2 : mcmc] Progress @ 2025-04-17 17:26:28 : 14346 steps taken, and 1693 accepted.
[1 : mcmc] Progress @ 2025-04-17 17:26:33 : 13207 steps taken, and 1534 accepted.
[0 : mcmc] Progress @ 2025-04-17 17:28:17 : 13852 steps taken, and 1579 accepted.
[3 : mcmc] Progress @ 2025-04-17 17:28:23 : 14191 steps taken, and 1840 accepted.
[2 : mcmc] Progress @ 2025-04-17 17:28:28 : 14423 steps taken, and 1704 accepted.
[1 : mcmc] Progress @ 2025-04-17 17:28:35 : 13285 steps taken, and 1542 accepted.
[0 : mcmc] Progress @ 2025-04-17 17:30:21 : 13897 steps taken, and 1581 accepted.
[3 : mcmc] Progress @ 2025-04-17 17:30:23 : 14244 steps taken, and 1847 accepted.
[2 : mcmc] Progress @ 2025-04-17 17:30:28 : 14510 steps taken, and 1709 accepted.
[1 : mcmc] Progress @ 2025-04-17 17:30:40 : 13368 steps taken, and 1551 accepted.
[1 : mcmc] Learn + convergence test @ 1560 samples accepted.
[1 : mcmc] Ready to check convergence and learn a new proposal covmat (waiting for the rest...)
[0 : mcmc] Progress @ 2025-04-17 17:32:25 : 13945 steps taken, and 1582 accepted.
[3 : mcmc] Progress @ 2025-04-17 17:32:26 : 14297 steps taken, and 1854 accepted.
[2 : mcmc] Progress @ 2025-04-17 17:32:29 : 14623 steps taken, and 1716 accepted.
[1 : mcmc] Progress @ 2025-04-17 17:32:44 : 13442 steps taken, and 1561 accepted.
[3 : mcmc] Learn + convergence test @ 1860 samples accepted.
[3 : mcmc] Ready to check convergence and learn a new proposal covmat (waiting for the rest...)
[0 : mcmc] All chains are ready to check convergence and learn a new proposal covmat
[2 : mcmc] Progress @ 2025-04-17 17:34:30 : 14676 steps taken, and 1721 accepted.
[0 : mcmc]  - Acceptance rate: 0.098 = avg([0.0852, 0.0878, 0.1056, 0.1115])
[0 : mcmc]  - Convergence of means: R-1 = 0.187662 after 6738 accepted steps = sum([1589, 1567, 1722, 1860])
[0 : mcmc]  - Updated covariance matrix of proposal pdf.
[3 : mcmc] Progress @ 2025-04-17 17:34:34 : 14341 steps taken, and 1860 accepted.
[0 : mcmc] Progress @ 2025-04-17 17:34:37 : 13996 steps taken, and 1589 accepted.
[1 : mcmc] Progress @ 2025-04-17 17:34:46 : 13485 steps taken, and 1568 accepted.
[2 : mcmc] Progress @ 2025-04-17 17:36:33 : 14760 steps taken, and 1729 accepted.
[3 : mcmc] Progress @ 2025-04-17 17:36:34 : 14395 steps taken, and 1866 accepted.
[0 : mcmc] Progress @ 2025-04-17 17:36:40 : 14064 steps taken, and 1597 accepted.
[1 : mcmc] Progress @ 2025-04-17 17:36:48 : 13587 steps taken, and 1577 accepted.
[2 : mcmc] Progress @ 2025-04-17 17:38:33 : 14830 steps taken, and 1732 accepted.
[3 : mcmc] Progress @ 2025-04-17 17:38:38 : 14465 steps taken, and 1871 accepted.
[0 : mcmc] Progress @ 2025-04-17 17:38:41 : 14145 steps taken, and 1604 accepted.
[1 : mcmc] Progress @ 2025-04-17 17:38:49 : 13669 steps taken, and 1589 accepted.
[2 : mcmc] Progress @ 2025-04-17 17:40:35 : 14896 steps taken, and 1736 accepted.
[3 : mcmc] Progress @ 2025-04-17 17:40:40 : 14556 steps taken, and 1881 accepted.
[0 : mcmc] Progress @ 2025-04-17 17:40:43 : 14198 steps taken, and 1606 accepted.
[1 : mcmc] Progress @ 2025-04-17 17:40:53 : 13747 steps taken, and 1593 accepted.
[2 : mcmc] Learn + convergence test @ 1740 samples accepted.
[2 : mcmc] Ready to check convergence and learn a new proposal covmat (waiting for the rest...)
[2 : mcmc] Progress @ 2025-04-17 17:42:35 : 14961 steps taken, and 1741 accepted.
[3 : mcmc] Progress @ 2025-04-17 17:42:42 : 14642 steps taken, and 1889 accepted.
[0 : mcmc] Progress @ 2025-04-17 17:42:45 : 14285 steps taken, and 1619 accepted.
[0 : mcmc] Learn + convergence test @ 1620 samples accepted.
[0 : mcmc] Ready to check convergence and learn a new proposal covmat (waiting for the rest...)
[1 : mcmc] Progress @ 2025-04-17 17:42:54 : 13813 steps taken, and 1603 accepted.
[2 : mcmc] Progress @ 2025-04-17 17:44:38 : 15007 steps taken, and 1744 accepted.
[3 : mcmc] Progress @ 2025-04-17 17:44:43 : 14692 steps taken, and 1896 accepted.
[0 : mcmc] Progress @ 2025-04-17 17:44:46 : 14385 steps taken, and 1623 accepted.
[1 : mcmc] Progress @ 2025-04-17 17:44:57 : 13892 steps taken, and 1610 accepted.
[2 : mcmc] Progress @ 2025-04-17 17:46:38 : 15055 steps taken, and 1746 accepted.
[3 : mcmc] Progress @ 2025-04-17 17:46:45 : 14733 steps taken, and 1904 accepted.
[0 : mcmc] Progress @ 2025-04-17 17:46:49 : 14441 steps taken, and 1632 accepted.
[1 : mcmc] Progress @ 2025-04-17 17:47:01 : 13947 steps taken, and 1618 accepted.
[1 : mcmc] Learn + convergence test @ 1620 samples accepted.
[1 : mcmc] Ready to check convergence and learn a new proposal covmat (waiting for the rest...)
[2 : mcmc] Progress @ 2025-04-17 17:48:39 : 15148 steps taken, and 1755 accepted.
[3 : mcmc] Progress @ 2025-04-17 17:48:47 : 14842 steps taken, and 1914 accepted.
[0 : mcmc] Progress @ 2025-04-17 17:48:50 : 14504 steps taken, and 1643 accepted.
[1 : mcmc] Progress @ 2025-04-17 17:49:02 : 14012 steps taken, and 1621 accepted.
[3 : mcmc] Learn + convergence test @ 1920 samples accepted.
[3 : mcmc] Ready to check convergence and learn a new proposal covmat (waiting for the rest...)
[2 : mcmc] Progress @ 2025-04-17 17:50:42 : 15261 steps taken, and 1762 accepted.
[0 : mcmc] Progress @ 2025-04-17 17:50:52 : 14596 steps taken, and 1650 accepted.
[0 : mcmc] All chains are ready to check convergence and learn a new proposal covmat
[1 : mcmc] Progress @ 2025-04-17 17:51:05 : 14055 steps taken, and 1623 accepted.
[0 : mcmc]  - Acceptance rate: 0.097 = avg([0.0863, 0.0876, 0.1025, 0.1105])
[0 : mcmc]  - Convergence of means: R-1 = 0.196989 after 6958 accepted steps = sum([1651, 1624, 1763, 1920])
[0 : mcmc]  - Updated covariance matrix of proposal pdf.
[3 : mcmc] Progress @ 2025-04-17 17:51:58 : 14884 steps taken, and 1920 accepted.
[2 : mcmc] Progress @ 2025-04-17 17:52:44 : 15321 steps taken, and 1767 accepted.
[0 : mcmc] Progress @ 2025-04-17 17:52:54 : 14622 steps taken, and 1653 accepted.
[1 : mcmc] Progress @ 2025-04-17 17:53:09 : 14118 steps taken, and 1626 accepted.
[3 : mcmc] Progress @ 2025-04-17 17:54:02 : 14945 steps taken, and 1924 accepted.
[2 : mcmc] Progress @ 2025-04-17 17:54:45 : 15396 steps taken, and 1775 accepted.
[0 : mcmc] Progress @ 2025-04-17 17:54:54 : 14700 steps taken, and 1661 accepted.
[1 : mcmc] Progress @ 2025-04-17 17:55:09 : 14161 steps taken, and 1628 accepted.
[3 : mcmc] Progress @ 2025-04-17 17:56:03 : 15032 steps taken, and 1935 accepted.
[2 : mcmc] Progress @ 2025-04-17 17:56:47 : 15459 steps taken, and 1783 accepted.
[0 : mcmc] Progress @ 2025-04-17 17:56:57 : 14777 steps taken, and 1667 accepted.
[1 : mcmc] Progress @ 2025-04-17 17:57:12 : 14229 steps taken, and 1632 accepted.
[3 : mcmc] Progress @ 2025-04-17 17:58:03 : 15089 steps taken, and 1940 accepted.
[2 : mcmc] Progress @ 2025-04-17 17:58:49 : 15525 steps taken, and 1788 accepted.
[0 : mcmc] Progress @ 2025-04-17 17:59:00 : 14860 steps taken, and 1678 accepted.
[1 : mcmc] Progress @ 2025-04-17 17:59:13 : 14276 steps taken, and 1633 accepted.
[0 : mcmc] Learn + convergence test @ 1680 samples accepted.
[0 : mcmc] Ready to check convergence and learn a new proposal covmat (waiting for the rest...)
[3 : mcmc] Progress @ 2025-04-17 18:00:07 : 15149 steps taken, and 1945 accepted.
[2 : mcmc] Progress @ 2025-04-17 18:00:51 : 15585 steps taken, and 1797 accepted.
[0 : mcmc] Progress @ 2025-04-17 18:01:04 : 14938 steps taken, and 1687 accepted.
[1 : mcmc] Progress @ 2025-04-17 18:01:14 : 14338 steps taken, and 1635 accepted.
[2 : mcmc] Learn + convergence test @ 1800 samples accepted.
[2 : mcmc] Ready to check convergence and learn a new proposal covmat (waiting for the rest...)
[3 : mcmc] Progress @ 2025-04-17 18:02:07 : 15238 steps taken, and 1951 accepted.
[2 : mcmc] Progress @ 2025-04-17 18:02:53 : 15662 steps taken, and 1803 accepted.
[0 : mcmc] Progress @ 2025-04-17 18:03:05 : 15034 steps taken, and 1696 accepted.
[1 : mcmc] Progress @ 2025-04-17 18:03:15 : 14404 steps taken, and 1640 accepted.
[3 : mcmc] Progress @ 2025-04-17 18:04:09 : 15310 steps taken, and 1958 accepted.
[2 : mcmc] Progress @ 2025-04-17 18:04:53 : 15728 steps taken, and 1811 accepted.
[0 : mcmc] Progress @ 2025-04-17 18:05:06 : 15127 steps taken, and 1706 accepted.
[1 : mcmc] Progress @ 2025-04-17 18:05:20 : 14489 steps taken, and 1641 accepted.
[3 : mcmc] Progress @ 2025-04-17 18:06:13 : 15369 steps taken, and 1964 accepted.
[2 : mcmc] Progress @ 2025-04-17 18:06:54 : 15794 steps taken, and 1819 accepted.
[0 : mcmc] Progress @ 2025-04-17 18:07:09 : 15190 steps taken, and 1713 accepted.
[1 : mcmc] Progress @ 2025-04-17 18:07:20 : 14555 steps taken, and 1643 accepted.
[3 : mcmc] Progress @ 2025-04-17 18:08:16 : 15462 steps taken, and 1974 accepted.
[2 : mcmc] Progress @ 2025-04-17 18:08:56 : 15884 steps taken, and 1826 accepted.
[0 : mcmc] Progress @ 2025-04-17 18:09:09 : 15240 steps taken, and 1717 accepted.
[1 : mcmc] Progress @ 2025-04-17 18:09:21 : 14741 steps taken, and 1652 accepted.
[3 : mcmc] Progress @ 2025-04-17 18:10:20 : 15551 steps taken, and 1979 accepted.
[3 : mcmc] Learn + convergence test @ 1980 samples accepted.
[3 : mcmc] Ready to check convergence and learn a new proposal covmat (waiting for the rest...)
[2 : mcmc] Progress @ 2025-04-17 18:11:00 : 15969 steps taken, and 1838 accepted.
[0 : mcmc] Progress @ 2025-04-17 18:11:11 : 15291 steps taken, and 1723 accepted.
[1 : mcmc] Progress @ 2025-04-17 18:11:22 : 14828 steps taken, and 1662 accepted.
[3 : mcmc] Progress @ 2025-04-17 18:12:20 : 15656 steps taken, and 1987 accepted.
[2 : mcmc] Progress @ 2025-04-17 18:13:00 : 16071 steps taken, and 1846 accepted.
[0 : mcmc] Progress @ 2025-04-17 18:13:15 : 15396 steps taken, and 1732 accepted.
[1 : mcmc] Progress @ 2025-04-17 18:13:28 : 14874 steps taken, and 1671 accepted.
[3 : mcmc] Progress @ 2025-04-17 18:14:21 : 15728 steps taken, and 1998 accepted.
[1 : mcmc] Learn + convergence test @ 1680 samples accepted.
[1 : mcmc] Ready to check convergence and learn a new proposal covmat (waiting for the rest...)
[2 : mcmc] Progress @ 2025-04-17 18:15:03 : 16129 steps taken, and 1854 accepted.
[0 : mcmc] Progress @ 2025-04-17 18:15:20 : 15489 steps taken, and 1738 accepted.
[0 : mcmc] All chains are ready to check convergence and learn a new proposal covmat
[0 : mcmc]  - Acceptance rate: 0.096 = avg([0.0865, 0.0848, 0.1008, 0.1078])
[0 : mcmc]  - Convergence of means: R-1 = 0.187494 after 7274 accepted steps = sum([1738, 1680, 1855, 2001])
[0 : mcmc]  - Updated covariance matrix of proposal pdf.
[1 : mcmc] Progress @ 2025-04-17 18:15:30 : 14947 steps taken, and 1681 accepted.
[0 : mcmc] Learn + convergence test @ 1740 samples accepted.
[0 : mcmc] Ready to check convergence and learn a new proposal covmat (waiting for the rest...)
[3 : mcmc] Progress @ 2025-04-17 18:16:23 : 15799 steps taken, and 2004 accepted.
[2 : mcmc] Learn + convergence test @ 1860 samples accepted.
[2 : mcmc] Ready to check convergence and learn a new proposal covmat (waiting for the rest...)
[2 : mcmc] Progress @ 2025-04-17 18:17:03 : 16214 steps taken, and 1861 accepted.
[0 : mcmc] Progress @ 2025-04-17 18:17:24 : 15546 steps taken, and 1744 accepted.
[1 : mcmc] Progress @ 2025-04-17 18:17:32 : 14993 steps taken, and 1689 accepted.
[3 : mcmc] Progress @ 2025-04-17 18:18:25 : 15855 steps taken, and 2014 accepted.
[2 : mcmc] Progress @ 2025-04-17 18:19:05 : 16302 steps taken, and 1871 accepted.
[0 : mcmc] Progress @ 2025-04-17 18:19:24 : 15611 steps taken, and 1755 accepted.
[1 : mcmc] Progress @ 2025-04-17 18:19:36 : 15086 steps taken, and 1697 accepted.
[3 : mcmc] Progress @ 2025-04-17 18:20:30 : 15912 steps taken, and 2022 accepted.
[2 : mcmc] Progress @ 2025-04-17 18:21:07 : 16400 steps taken, and 1880 accepted.
[0 : mcmc] Progress @ 2025-04-17 18:21:26 : 15735 steps taken, and 1765 accepted.
[1 : mcmc] Progress @ 2025-04-17 18:21:39 : 15177 steps taken, and 1698 accepted.
[3 : mcmc] Progress @ 2025-04-17 18:22:36 : 15993 steps taken, and 2027 accepted.
[2 : mcmc] Progress @ 2025-04-17 18:23:09 : 16514 steps taken, and 1889 accepted.
[0 : mcmc] Progress @ 2025-04-17 18:23:28 : 15848 steps taken, and 1779 accepted.
[1 : mcmc] Progress @ 2025-04-17 18:23:40 : 15284 steps taken, and 1703 accepted.
[3 : mcmc] Progress @ 2025-04-17 18:24:37 : 16055 steps taken, and 2038 accepted.
[3 : mcmc] Learn + convergence test @ 2040 samples accepted.
[3 : mcmc] Ready to check convergence and learn a new proposal covmat (waiting for the rest...)
[2 : mcmc] Progress @ 2025-04-17 18:25:10 : 16557 steps taken, and 1894 accepted.
[0 : mcmc] Progress @ 2025-04-17 18:25:30 : 15909 steps taken, and 1789 accepted.
[1 : mcmc] Progress @ 2025-04-17 18:25:44 : 15355 steps taken, and 1704 accepted.
[3 : mcmc] Progress @ 2025-04-17 18:26:38 : 16115 steps taken, and 2046 accepted.
[2 : mcmc] Progress @ 2025-04-17 18:27:15 : 16604 steps taken, and 1895 accepted.
[0 : mcmc] Progress @ 2025-04-17 18:27:33 : 15981 steps taken, and 1797 accepted.
[1 : mcmc] Progress @ 2025-04-17 18:27:44 : 15404 steps taken, and 1706 accepted.
[0 : mcmc] Learn + convergence test @ 1800 samples accepted.
[3 : mcmc] Progress @ 2025-04-17 18:28:39 : 16163 steps taken, and 2054 accepted.
[2 : mcmc] Progress @ 2025-04-17 18:29:16 : 16657 steps taken, and 1901 accepted.
[0 : mcmc] Progress @ 2025-04-17 18:29:35 : 16044 steps taken, and 1807 accepted.
[1 : mcmc] Progress @ 2025-04-17 18:29:48 : 15462 steps taken, and 1709 accepted.
[3 : mcmc] Progress @ 2025-04-17 18:30:43 : 16207 steps taken, and 2059 accepted.
[2 : mcmc] Progress @ 2025-04-17 18:31:19 : 16738 steps taken, and 1906 accepted.
[0 : mcmc] Progress @ 2025-04-17 18:31:35 : 16083 steps taken, and 1813 accepted.
[1 : mcmc] Progress @ 2025-04-17 18:31:57 : 15520 steps taken, and 1710 accepted.
[3 : mcmc] Progress @ 2025-04-17 18:32:45 : 16267 steps taken, and 2065 accepted.
[2 : mcmc] Progress @ 2025-04-17 18:33:21 : 16804 steps taken, and 1917 accepted.
[0 : mcmc] Progress @ 2025-04-17 18:33:42 : 16145 steps taken, and 1816 accepted.
[1 : mcmc] Progress @ 2025-04-17 18:33:59 : 15577 steps taken, and 1710 accepted.
[2 : mcmc] Learn + convergence test @ 1920 samples accepted.
[3 : mcmc] Progress @ 2025-04-17 18:34:48 : 16363 steps taken, and 2076 accepted.
[2 : mcmc] Progress @ 2025-04-17 18:35:21 : 16867 steps taken, and 1927 accepted.
[0 : mcmc] Progress @ 2025-04-17 18:35:44 : 16216 steps taken, and 1821 accepted.
[1 : mcmc] Progress @ 2025-04-17 18:36:07 : 15629 steps taken, and 1711 accepted.
[3 : mcmc] Progress @ 2025-04-17 18:36:52 : 16445 steps taken, and 2079 accepted.
[2 : mcmc] Progress @ 2025-04-17 18:37:24 : 16943 steps taken, and 1936 accepted.
[0 : mcmc] Progress @ 2025-04-17 18:37:45 : 16292 steps taken, and 1825 accepted.
[1 : mcmc] Progress @ 2025-04-17 18:38:08 : 15693 steps taken, and 1711 accepted.
[3 : mcmc] Progress @ 2025-04-17 18:38:53 : 16513 steps taken, and 2088 accepted.
[2 : mcmc] Progress @ 2025-04-17 18:39:26 : 17069 steps taken, and 1948 accepted.
[0 : mcmc] Progress @ 2025-04-17 18:39:48 : 16358 steps taken, and 1830 accepted.
[1 : mcmc] Progress @ 2025-04-17 18:40:14 : 15746 steps taken, and 1714 accepted.
[3 : mcmc] Progress @ 2025-04-17 18:40:55 : 16663 steps taken, and 2100 accepted.
[3 : mcmc] Learn + convergence test @ 2100 samples accepted.
[2 : mcmc] Progress @ 2025-04-17 18:41:27 : 17162 steps taken, and 1959 accepted.
[0 : mcmc] Progress @ 2025-04-17 18:41:49 : 16429 steps taken, and 1837 accepted.
[1 : mcmc] Progress @ 2025-04-17 18:42:17 : 15816 steps taken, and 1716 accepted.
[3 : mcmc] Progress @ 2025-04-17 18:42:56 : 16751 steps taken, and 2114 accepted.
[2 : mcmc] Progress @ 2025-04-17 18:43:28 : 17261 steps taken, and 1975 accepted.
[0 : mcmc] Progress @ 2025-04-17 18:43:53 : 16495 steps taken, and 1843 accepted.
[1 : mcmc] Progress @ 2025-04-17 18:44:20 : 15899 steps taken, and 1720 accepted.
[2 : mcmc] Learn + convergence test @ 1980 samples accepted.
[3 : mcmc] Progress @ 2025-04-17 18:44:57 : 16802 steps taken, and 2121 accepted.
[2 : mcmc] Progress @ 2025-04-17 18:45:31 : 17315 steps taken, and 1982 accepted.
[0 : mcmc] Progress @ 2025-04-17 18:45:54 : 16541 steps taken, and 1849 accepted.
[1 : mcmc] Progress @ 2025-04-17 18:46:20 : 15994 steps taken, and 1721 accepted.
[3 : mcmc] Progress @ 2025-04-17 18:46:58 : 16867 steps taken, and 2129 accepted.
[2 : mcmc] Progress @ 2025-04-17 18:47:37 : 17393 steps taken, and 1984 accepted.
[0 : mcmc] Learn + convergence test @ 1860 samples accepted.
[0 : mcmc] Progress @ 2025-04-17 18:47:57 : 16593 steps taken, and 1860 accepted.
[1 : mcmc] Progress @ 2025-04-17 18:48:22 : 16063 steps taken, and 1723 accepted.
[3 : mcmc] Progress @ 2025-04-17 18:49:01 : 16935 steps taken, and 2136 accepted.
[2 : mcmc] Progress @ 2025-04-17 18:49:39 : 17480 steps taken, and 1990 accepted.
[0 : mcmc] Progress @ 2025-04-17 18:50:00 : 16652 steps taken, and 1868 accepted.
[1 : mcmc] Progress @ 2025-04-17 18:50:24 : 16149 steps taken, and 1726 accepted.
[3 : mcmc] Progress @ 2025-04-17 18:51:03 : 16981 steps taken, and 2137 accepted.
[2 : mcmc] Progress @ 2025-04-17 18:51:41 : 17608 steps taken, and 1995 accepted.
[0 : mcmc] Progress @ 2025-04-17 18:52:02 : 16703 steps taken, and 1879 accepted.
[1 : mcmc] Progress @ 2025-04-17 18:52:25 : 16199 steps taken, and 1728 accepted.
[3 : mcmc] Progress @ 2025-04-17 18:53:06 : 17045 steps taken, and 2140 accepted.
[2 : mcmc] Progress @ 2025-04-17 18:53:43 : 17688 steps taken, and 2000 accepted.
[0 : mcmc] Progress @ 2025-04-17 18:54:03 : 16785 steps taken, and 1886 accepted.
[1 : mcmc] Progress @ 2025-04-17 18:54:29 : 16256 steps taken, and 1730 accepted.
[3 : mcmc] Progress @ 2025-04-17 18:55:08 : 17101 steps taken, and 2147 accepted.
[2 : mcmc] Progress @ 2025-04-17 18:55:48 : 17839 steps taken, and 2007 accepted.
[0 : mcmc] Progress @ 2025-04-17 18:56:07 : 16854 steps taken, and 1892 accepted.
[1 : mcmc] Progress @ 2025-04-17 18:56:33 : 16298 steps taken, and 1732 accepted.
[3 : mcmc] Progress @ 2025-04-17 18:57:09 : 17155 steps taken, and 2151 accepted.
[2 : mcmc] Progress @ 2025-04-17 18:57:49 : 17971 steps taken, and 2009 accepted.
[0 : mcmc] Progress @ 2025-04-17 18:58:09 : 16917 steps taken, and 1903 accepted.
[1 : mcmc] Progress @ 2025-04-17 18:58:36 : 16356 steps taken, and 1734 accepted.
[3 : mcmc] Progress @ 2025-04-17 18:59:12 : 17232 steps taken, and 2158 accepted.
[2 : mcmc] Progress @ 2025-04-17 18:59:52 : 18090 steps taken, and 2018 accepted.
[3 : mcmc] Learn + convergence test @ 2160 samples accepted.
[0 : mcmc] Progress @ 2025-04-17 19:00:13 : 16984 steps taken, and 1911 accepted.
[1 : mcmc] Progress @ 2025-04-17 19:00:40 : 16408 steps taken, and 1738 accepted.
[3 : mcmc] Progress @ 2025-04-17 19:01:15 : 17296 steps taken, and 2164 accepted.
[2 : mcmc] Progress @ 2025-04-17 19:01:56 : 18275 steps taken, and 2022 accepted.
[1 : mcmc] Learn + convergence test @ 1740 samples accepted.
[1 : mcmc] Ready to check convergence and learn a new proposal covmat (waiting for the rest...)
[0 : mcmc] All chains are ready to check convergence and learn a new proposal covmat
[0 : mcmc]  - Acceptance rate: 0.093 = avg([0.0898, 0.0789, 0.0959, 0.1055])
[0 : mcmc]  - Convergence of means: R-1 = 0.302356 after 7847 accepted steps = sum([1918, 1740, 2023, 2166])
[0 : mcmc]  - Updated covariance matrix of proposal pdf.
[0 : mcmc] Progress @ 2025-04-17 19:02:20 : 17063 steps taken, and 1919 accepted.
[0 : mcmc] Learn + convergence test @ 1920 samples accepted.
[0 : mcmc] Ready to check convergence and learn a new proposal covmat (waiting for the rest...)
[1 : mcmc] Progress @ 2025-04-17 19:02:43 : 16466 steps taken, and 1740 accepted.
[3 : mcmc] Progress @ 2025-04-17 19:03:17 : 17356 steps taken, and 2170 accepted.
[2 : mcmc] Progress @ 2025-04-17 19:03:56 : 18355 steps taken, and 2029 accepted.
[0 : mcmc] Progress @ 2025-04-17 19:04:21 : 17129 steps taken, and 1928 accepted.
[1 : mcmc] Progress @ 2025-04-17 19:04:47 : 16508 steps taken, and 1740 accepted.
[3 : mcmc] Progress @ 2025-04-17 19:05:18 : 17431 steps taken, and 2179 accepted.
[2 : mcmc] Progress @ 2025-04-17 19:05:59 : 18458 steps taken, and 2039 accepted.
[0 : mcmc] Progress @ 2025-04-17 19:06:22 : 17185 steps taken, and 1936 accepted.
[2 : mcmc] Learn + convergence test @ 2040 samples accepted.
[2 : mcmc] Ready to check convergence and learn a new proposal covmat (waiting for the rest...)
[1 : mcmc] Progress @ 2025-04-17 19:06:51 : 16553 steps taken, and 1741 accepted.
[3 : mcmc] Progress @ 2025-04-17 19:07:18 : 17493 steps taken, and 2182 accepted.
[2 : mcmc] Progress @ 2025-04-17 19:08:02 : 18527 steps taken, and 2047 accepted.
[0 : mcmc] Progress @ 2025-04-17 19:08:24 : 17261 steps taken, and 1943 accepted.
[1 : mcmc] Progress @ 2025-04-17 19:08:56 : 16594 steps taken, and 1742 accepted.
[3 : mcmc] Progress @ 2025-04-17 19:09:20 : 17549 steps taken, and 2184 accepted.
[2 : mcmc] Progress @ 2025-04-17 19:10:05 : 18606 steps taken, and 2057 accepted.
[0 : mcmc] Progress @ 2025-04-17 19:10:25 : 17318 steps taken, and 1953 accepted.
[1 : mcmc] Progress @ 2025-04-17 19:10:58 : 16637 steps taken, and 1742 accepted.
[3 : mcmc] Progress @ 2025-04-17 19:11:23 : 17652 steps taken, and 2193 accepted.
[2 : mcmc] Progress @ 2025-04-17 19:12:07 : 18655 steps taken, and 2064 accepted.
[0 : mcmc] Progress @ 2025-04-17 19:12:26 : 17383 steps taken, and 1956 accepted.
[1 : mcmc] Progress @ 2025-04-17 19:12:59 : 16697 steps taken, and 1747 accepted.
[3 : mcmc] Progress @ 2025-04-17 19:13:25 : 17739 steps taken, and 2202 accepted.
[2 : mcmc] Progress @ 2025-04-17 19:14:10 : 18709 steps taken, and 2072 accepted.
[0 : mcmc] Progress @ 2025-04-17 19:14:29 : 17444 steps taken, and 1963 accepted.
[1 : mcmc] Progress @ 2025-04-17 19:15:00 : 16740 steps taken, and 1750 accepted.
[3 : mcmc] Progress @ 2025-04-17 19:15:25 : 17793 steps taken, and 2210 accepted.
[2 : mcmc] Progress @ 2025-04-17 19:16:11 : 18770 steps taken, and 2075 accepted.
[0 : mcmc] Progress @ 2025-04-17 19:16:30 : 17508 steps taken, and 1974 accepted.
[1 : mcmc] Progress @ 2025-04-17 19:17:01 : 16806 steps taken, and 1758 accepted.
[3 : mcmc] Progress @ 2025-04-17 19:17:26 : 17880 steps taken, and 2215 accepted.
[2 : mcmc] Progress @ 2025-04-17 19:18:12 : 18816 steps taken, and 2083 accepted.
[0 : mcmc] Learn + convergence test @ 1980 samples accepted.
[0 : mcmc] Progress @ 2025-04-17 19:18:33 : 17565 steps taken, and 1980 accepted.
[3 : mcmc] Learn + convergence test @ 2220 samples accepted.
[3 : mcmc] Ready to check convergence and learn a new proposal covmat (waiting for the rest...)
[1 : mcmc] Progress @ 2025-04-17 19:19:03 : 16861 steps taken, and 1762 accepted.
[3 : mcmc] Progress @ 2025-04-17 19:19:34 : 17967 steps taken, and 2222 accepted.
[2 : mcmc] Progress @ 2025-04-17 19:20:14 : 18861 steps taken, and 2087 accepted.
[0 : mcmc] Progress @ 2025-04-17 19:20:38 : 17628 steps taken, and 1984 accepted.
[1 : mcmc] Progress @ 2025-04-17 19:21:09 : 16931 steps taken, and 1769 accepted.
[3 : mcmc] Progress @ 2025-04-17 19:21:34 : 18023 steps taken, and 2230 accepted.
[2 : mcmc] Progress @ 2025-04-17 19:22:17 : 18912 steps taken, and 2092 accepted.
[0 : mcmc] Progress @ 2025-04-17 19:22:40 : 17708 steps taken, and 1991 accepted.
[1 : mcmc] Progress @ 2025-04-17 19:23:09 : 16994 steps taken, and 1773 accepted.
[3 : mcmc] Progress @ 2025-04-17 19:23:38 : 18088 steps taken, and 2239 accepted.
[2 : mcmc] Progress @ 2025-04-17 19:24:19 : 18972 steps taken, and 2100 accepted.
[2 : mcmc] Learn + convergence test @ 2100 samples accepted.
[0 : mcmc] Progress @ 2025-04-17 19:24:42 : 17762 steps taken, and 1997 accepted.
[1 : mcmc] Progress @ 2025-04-17 19:25:12 : 17067 steps taken, and 1779 accepted.
[3 : mcmc] Progress @ 2025-04-17 19:25:40 : 18141 steps taken, and 2249 accepted.
[2 : mcmc] Progress @ 2025-04-17 19:26:24 : 19050 steps taken, and 2109 accepted.
[0 : mcmc] Progress @ 2025-04-17 19:26:46 : 17835 steps taken, and 2008 accepted.
[1 : mcmc] Progress @ 2025-04-17 19:27:13 : 17150 steps taken, and 1789 accepted.
[3 : mcmc] Progress @ 2025-04-17 19:27:40 : 18198 steps taken, and 2263 accepted.
[2 : mcmc] Progress @ 2025-04-17 19:28:24 : 19107 steps taken, and 2114 accepted.
[0 : mcmc] Progress @ 2025-04-17 19:28:47 : 17924 steps taken, and 2020 accepted.
[1 : mcmc] Progress @ 2025-04-17 19:29:14 : 17236 steps taken, and 1796 accepted.
[3 : mcmc] Progress @ 2025-04-17 19:29:41 : 18275 steps taken, and 2276 accepted.
[2 : mcmc] Progress @ 2025-04-17 19:30:27 : 19198 steps taken, and 2126 accepted.
[1 : mcmc] Learn + convergence test @ 1800 samples accepted.
[1 : mcmc] Ready to check convergence and learn a new proposal covmat (waiting for the rest...)
[0 : mcmc] Progress @ 2025-04-17 19:30:50 : 18037 steps taken, and 2033 accepted.
[0 : mcmc] All chains are ready to check convergence and learn a new proposal covmat
[3 : mcmc] Learn + convergence test @ 2280 samples accepted.
[0 : mcmc]  - Acceptance rate: 0.094 = avg([0.0932, 0.0771, 0.0978, 0.1046])
[0 : mcmc]  - Convergence of means: R-1 = 0.327482 after 8243 accepted steps = sum([2034, 1800, 2129, 2280])
[0 : mcmc]  - Updated covariance matrix of proposal pdf.
[1 : mcmc] Progress @ 2025-04-17 19:31:31 : 17304 steps taken, and 1800 accepted.
[3 : mcmc] Progress @ 2025-04-17 19:31:42 : 18342 steps taken, and 2281 accepted.
[2 : mcmc] Progress @ 2025-04-17 19:32:29 : 19260 steps taken, and 2133 accepted.
[0 : mcmc] Progress @ 2025-04-17 19:32:53 : 18090 steps taken, and 2038 accepted.
[1 : mcmc] Progress @ 2025-04-17 19:33:32 : 17372 steps taken, and 1810 accepted.
[3 : mcmc] Progress @ 2025-04-17 19:33:45 : 18426 steps taken, and 2288 accepted.
[0 : mcmc] Learn + convergence test @ 2040 samples accepted.
[0 : mcmc] Ready to check convergence and learn a new proposal covmat (waiting for the rest...)
[2 : mcmc] Progress @ 2025-04-17 19:34:31 : 19302 steps taken, and 2135 accepted.
[0 : mcmc] Progress @ 2025-04-17 19:34:55 : 18158 steps taken, and 2044 accepted.
[1 : mcmc] Progress @ 2025-04-17 19:35:32 : 17432 steps taken, and 1814 accepted.
[3 : mcmc] Progress @ 2025-04-17 19:35:50 : 18509 steps taken, and 2297 accepted.
[2 : mcmc] Progress @ 2025-04-17 19:36:35 : 19344 steps taken, and 2139 accepted.
[0 : mcmc] Progress @ 2025-04-17 19:36:56 : 18211 steps taken, and 2047 accepted.
[1 : mcmc] Progress @ 2025-04-17 19:37:32 : 17488 steps taken, and 1817 accepted.
[3 : mcmc] Progress @ 2025-04-17 19:37:52 : 18602 steps taken, and 2303 accepted.
[2 : mcmc] Progress @ 2025-04-17 19:38:36 : 19421 steps taken, and 2142 accepted.
[0 : mcmc] Progress @ 2025-04-17 19:38:58 : 18260 steps taken, and 2053 accepted.
[1 : mcmc] Progress @ 2025-04-17 19:39:36 : 17539 steps taken, and 1821 accepted.
[3 : mcmc] Progress @ 2025-04-17 19:39:54 : 18678 steps taken, and 2307 accepted.
[2 : mcmc] Progress @ 2025-04-17 19:40:41 : 19480 steps taken, and 2146 accepted.
[0 : mcmc] Progress @ 2025-04-17 19:40:59 : 18348 steps taken, and 2060 accepted.
[1 : mcmc] Progress @ 2025-04-17 19:41:37 : 17618 steps taken, and 1827 accepted.
[3 : mcmc] Progress @ 2025-04-17 19:41:57 : 18756 steps taken, and 2313 accepted.
[2 : mcmc] Progress @ 2025-04-17 19:42:44 : 19539 steps taken, and 2156 accepted.
[0 : mcmc] Progress @ 2025-04-17 19:43:01 : 18459 steps taken, and 2068 accepted.
[2 : mcmc] Learn + convergence test @ 2160 samples accepted.
[2 : mcmc] Ready to check convergence and learn a new proposal covmat (waiting for the rest...)
[1 : mcmc] Progress @ 2025-04-17 19:43:40 : 17690 steps taken, and 1831 accepted.
[3 : mcmc] Progress @ 2025-04-17 19:43:57 : 18841 steps taken, and 2321 accepted.
[2 : mcmc] Progress @ 2025-04-17 19:44:47 : 19632 steps taken, and 2168 accepted.
[0 : mcmc] Progress @ 2025-04-17 19:45:02 : 18548 steps taken, and 2080 accepted.
[1 : mcmc] Progress @ 2025-04-17 19:45:41 : 17771 steps taken, and 1842 accepted.
[3 : mcmc] Progress @ 2025-04-17 19:45:57 : 18907 steps taken, and 2331 accepted.
[2 : mcmc] Progress @ 2025-04-17 19:46:54 : 19704 steps taken, and 2176 accepted.
[0 : mcmc] Progress @ 2025-04-17 19:47:03 : 18633 steps taken, and 2094 accepted.
[3 : mcmc] Learn + convergence test @ 2340 samples accepted.
[3 : mcmc] Ready to check convergence and learn a new proposal covmat (waiting for the rest...)
[1 : mcmc] Progress @ 2025-04-17 19:47:44 : 17842 steps taken, and 1842 accepted.
[3 : mcmc] Progress @ 2025-04-17 19:47:59 : 18975 steps taken, and 2344 accepted.
[0 : mcmc] Learn + convergence test @ 2100 samples accepted.
[2 : mcmc] Progress @ 2025-04-17 19:48:56 : 19772 steps taken, and 2180 accepted.
[0 : mcmc] Progress @ 2025-04-17 19:49:05 : 18749 steps taken, and 2103 accepted.
[1 : mcmc] Progress @ 2025-04-17 19:49:51 : 17901 steps taken, and 1847 accepted.
[3 : mcmc] Progress @ 2025-04-17 19:50:00 : 19051 steps taken, and 2353 accepted.
[2 : mcmc] Progress @ 2025-04-17 19:50:58 : 19839 steps taken, and 2192 accepted.
[0 : mcmc] Progress @ 2025-04-17 19:51:07 : 18826 steps taken, and 2108 accepted.
[1 : mcmc] Progress @ 2025-04-17 19:51:52 : 17964 steps taken, and 1856 accepted.
[3 : mcmc] Progress @ 2025-04-17 19:52:03 : 19144 steps taken, and 2360 accepted.
[1 : mcmc] Learn + convergence test @ 1860 samples accepted.
[1 : mcmc] Ready to check convergence and learn a new proposal covmat (waiting for the rest...)
[0 : mcmc] All chains are ready to check convergence and learn a new proposal covmat
[0 : mcmc]  - Acceptance rate: 0.095 = avg([0.0974, 0.0767, 0.0983, 0.1031])
[0 : mcmc]  - Convergence of means: R-1 = 0.321566 after 8539 accepted steps = sum([2116, 1860, 2201, 2362])
[0 : mcmc]  - Updated covariance matrix of proposal pdf.
[2 : mcmc] Progress @ 2025-04-17 19:53:01 : 19908 steps taken, and 2202 accepted.
[0 : mcmc] Progress @ 2025-04-17 19:53:08 : 18881 steps taken, and 2117 accepted.
[1 : mcmc] Progress @ 2025-04-17 19:53:55 : 18010 steps taken, and 1866 accepted.
[3 : mcmc] Progress @ 2025-04-17 19:54:05 : 19239 steps taken, and 2372 accepted.
[2 : mcmc] Progress @ 2025-04-17 19:55:05 : 19979 steps taken, and 2209 accepted.
[0 : mcmc] Progress @ 2025-04-17 19:55:10 : 18960 steps taken, and 2123 accepted.
[1 : mcmc] Progress @ 2025-04-17 19:55:56 : 18085 steps taken, and 1881 accepted.
[3 : mcmc] Progress @ 2025-04-17 19:56:08 : 19310 steps taken, and 2379 accepted.
[2 : mcmc] Progress @ 2025-04-17 19:57:07 : 20031 steps taken, and 2213 accepted.
[0 : mcmc] Progress @ 2025-04-17 19:57:12 : 19049 steps taken, and 2131 accepted.
[1 : mcmc] Progress @ 2025-04-17 19:57:59 : 18180 steps taken, and 1888 accepted.
[2 : mcmc] Learn + convergence test @ 2220 samples accepted.
[2 : mcmc] Ready to check convergence and learn a new proposal covmat (waiting for the rest...)
[3 : mcmc] Progress @ 2025-04-17 19:58:11 : 19402 steps taken, and 2385 accepted.
[2 : mcmc] Progress @ 2025-04-17 19:59:10 : 20090 steps taken, and 2222 accepted.
[0 : mcmc] Progress @ 2025-04-17 19:59:13 : 19115 steps taken, and 2133 accepted.
[1 : mcmc] Progress @ 2025-04-17 20:00:01 : 18310 steps taken, and 1893 accepted.
[3 : mcmc] Progress @ 2025-04-17 20:00:16 : 19491 steps taken, and 2395 accepted.
[2 : mcmc] Progress @ 2025-04-17 20:01:14 : 20166 steps taken, and 2233 accepted.
[0 : mcmc] Progress @ 2025-04-17 20:01:16 : 19177 steps taken, and 2141 accepted.
[1 : mcmc] Progress @ 2025-04-17 20:02:03 : 18376 steps taken, and 1893 accepted.
[3 : mcmc] Progress @ 2025-04-17 20:02:17 : 19567 steps taken, and 2399 accepted.
[3 : mcmc] Learn + convergence test @ 2400 samples accepted.
[3 : mcmc] Ready to check convergence and learn a new proposal covmat (waiting for the rest...)
[0 : mcmc] Progress @ 2025-04-17 20:03:16 : 19244 steps taken, and 2153 accepted.
[2 : mcmc] Progress @ 2025-04-17 20:03:16 : 20233 steps taken, and 2243 accepted.
[1 : mcmc] Progress @ 2025-04-17 20:04:04 : 18456 steps taken, and 1897 accepted.
[3 : mcmc] Progress @ 2025-04-17 20:04:19 : 19687 steps taken, and 2408 accepted.
[0 : mcmc] Learn + convergence test @ 2160 samples accepted.
[0 : mcmc] Ready to check convergence and learn a new proposal covmat (waiting for the rest...)
[2 : mcmc] Progress @ 2025-04-17 20:05:18 : 20300 steps taken, and 2250 accepted.
[0 : mcmc] Progress @ 2025-04-17 20:05:19 : 19318 steps taken, and 2161 accepted.
[1 : mcmc] Progress @ 2025-04-17 20:06:07 : 18554 steps taken, and 1906 accepted.
[3 : mcmc] Progress @ 2025-04-17 20:06:22 : 19757 steps taken, and 2418 accepted.
[2 : mcmc] Progress @ 2025-04-17 20:07:22 : 20348 steps taken, and 2256 accepted.
[0 : mcmc] Progress @ 2025-04-17 20:07:23 : 19375 steps taken, and 2168 accepted.
[1 : mcmc] Progress @ 2025-04-17 20:08:08 : 18605 steps taken, and 1910 accepted.
[3 : mcmc] Progress @ 2025-04-17 20:08:24 : 19843 steps taken, and 2426 accepted.
[2 : mcmc] Progress @ 2025-04-17 20:09:22 : 20405 steps taken, and 2264 accepted.
[0 : mcmc] Progress @ 2025-04-17 20:09:27 : 19422 steps taken, and 2170 accepted.
[1 : mcmc] Progress @ 2025-04-17 20:10:10 : 18662 steps taken, and 1914 accepted.
[3 : mcmc] Progress @ 2025-04-17 20:10:26 : 19935 steps taken, and 2431 accepted.
[1 : mcmc] Learn + convergence test @ 1920 samples accepted.
[1 : mcmc] Ready to check convergence and learn a new proposal covmat (waiting for the rest...)
[0 : mcmc] All chains are ready to check convergence and learn a new proposal covmat
[0 : mcmc]  - Acceptance rate: 0.095 = avg([0.0993, 0.0764, 0.0987, 0.1026])
[0 : mcmc]  - Convergence of means: R-1 = 0.304318 after 8803 accepted steps = sum([2179, 1920, 2269, 2435])
[0 : mcmc]  - Updated covariance matrix of proposal pdf.
[2 : mcmc] Progress @ 2025-04-17 20:11:24 : 20456 steps taken, and 2269 accepted.
[0 : mcmc] Progress @ 2025-04-17 20:11:27 : 19480 steps taken, and 2180 accepted.
[1 : mcmc] Progress @ 2025-04-17 20:12:14 : 18742 steps taken, and 1922 accepted.
[3 : mcmc] Progress @ 2025-04-17 20:12:29 : 20026 steps taken, and 2442 accepted.
[0 : mcmc] Progress @ 2025-04-17 20:13:29 : 19566 steps taken, and 2187 accepted.
[2 : mcmc] Progress @ 2025-04-17 20:13:31 : 20531 steps taken, and 2277 accepted.
[1 : mcmc] Progress @ 2025-04-17 20:14:16 : 18866 steps taken, and 1932 accepted.
[3 : mcmc] Progress @ 2025-04-17 20:14:31 : 20080 steps taken, and 2450 accepted.
[2 : mcmc] Learn + convergence test @ 2280 samples accepted.
[2 : mcmc] Ready to check convergence and learn a new proposal covmat (waiting for the rest...)
[0 : mcmc] Progress @ 2025-04-17 20:15:31 : 19634 steps taken, and 2188 accepted.
[2 : mcmc] Progress @ 2025-04-17 20:15:31 : 20572 steps taken, and 2280 accepted.
[1 : mcmc] Progress @ 2025-04-17 20:16:17 : 18931 steps taken, and 1938 accepted.
[3 : mcmc] Learn + convergence test @ 2460 samples accepted.
[3 : mcmc] Ready to check convergence and learn a new proposal covmat (waiting for the rest...)
[3 : mcmc] Progress @ 2025-04-17 20:16:35 : 20162 steps taken, and 2461 accepted.
[2 : mcmc] Progress @ 2025-04-17 20:17:32 : 20635 steps taken, and 2284 accepted.
[0 : mcmc] Progress @ 2025-04-17 20:17:33 : 19693 steps taken, and 2201 accepted.
[1 : mcmc] Progress @ 2025-04-17 20:18:22 : 19002 steps taken, and 1944 accepted.
[3 : mcmc] Progress @ 2025-04-17 20:18:37 : 20242 steps taken, and 2468 accepted.
[2 : mcmc] Progress @ 2025-04-17 20:19:32 : 20702 steps taken, and 2292 accepted.
[0 : mcmc] Progress @ 2025-04-17 20:19:35 : 19753 steps taken, and 2209 accepted.
[1 : mcmc] Progress @ 2025-04-17 20:20:24 : 19090 steps taken, and 1951 accepted.
[3 : mcmc] Progress @ 2025-04-17 20:20:37 : 20288 steps taken, and 2475 accepted.
[2 : mcmc] Progress @ 2025-04-17 20:21:35 : 20758 steps taken, and 2300 accepted.
[0 : mcmc] Progress @ 2025-04-17 20:21:37 : 19813 steps taken, and 2217 accepted.
[1 : mcmc] Progress @ 2025-04-17 20:22:26 : 19153 steps taken, and 1957 accepted.
[3 : mcmc] Progress @ 2025-04-17 20:22:38 : 20358 steps taken, and 2484 accepted.
[0 : mcmc] Learn + convergence test @ 2220 samples accepted.
[0 : mcmc] Ready to check convergence and learn a new proposal covmat (waiting for the rest...)
[2 : mcmc] Progress @ 2025-04-17 20:23:38 : 20822 steps taken, and 2305 accepted.
[0 : mcmc] Progress @ 2025-04-17 20:23:41 : 19890 steps taken, and 2223 accepted.
[1 : mcmc] Progress @ 2025-04-17 20:24:29 : 19189 steps taken, and 1959 accepted.
[3 : mcmc] Progress @ 2025-04-17 20:24:39 : 20455 steps taken, and 2498 accepted.
[2 : mcmc] Progress @ 2025-04-17 20:25:39 : 20902 steps taken, and 2313 accepted.
[0 : mcmc] Progress @ 2025-04-17 20:25:43 : 19959 steps taken, and 2229 accepted.
[1 : mcmc] Progress @ 2025-04-17 20:26:32 : 19241 steps taken, and 1966 accepted.
[3 : mcmc] Progress @ 2025-04-17 20:26:40 : 20546 steps taken, and 2503 accepted.
[2 : mcmc] Progress @ 2025-04-17 20:27:39 : 20948 steps taken, and 2318 accepted.
[0 : mcmc] Progress @ 2025-04-17 20:27:43 : 20024 steps taken, and 2233 accepted.
[1 : mcmc] Progress @ 2025-04-17 20:28:33 : 19303 steps taken, and 1970 accepted.
[3 : mcmc] Progress @ 2025-04-17 20:28:41 : 20635 steps taken, and 2509 accepted.
[2 : mcmc] Progress @ 2025-04-17 20:29:41 : 21005 steps taken, and 2326 accepted.
[0 : mcmc] Progress @ 2025-04-17 20:29:49 : 20108 steps taken, and 2243 accepted.
[1 : mcmc] Progress @ 2025-04-17 20:30:37 : 19364 steps taken, and 1978 accepted.
[3 : mcmc] Progress @ 2025-04-17 20:30:44 : 20708 steps taken, and 2518 accepted.
[3 : mcmc] Learn + convergence test @ 2520 samples accepted.
[1 : mcmc] Learn + convergence test @ 1980 samples accepted.
[1 : mcmc] Ready to check convergence and learn a new proposal covmat (waiting for the rest...)
[0 : mcmc] All chains are ready to check convergence and learn a new proposal covmat
[0 : mcmc]  - Acceptance rate: 0.096 = avg([0.1004, 0.0769, 0.0986, 0.1038])
[0 : mcmc]  - Convergence of means: R-1 = 0.291393 after 9085 accepted steps = sum([2252, 1980, 2331, 2522])
[0 : mcmc]  - Updated covariance matrix of proposal pdf.
[2 : mcmc] Progress @ 2025-04-17 20:31:44 : 21063 steps taken, and 2331 accepted.
[0 : mcmc] Progress @ 2025-04-17 20:31:51 : 20157 steps taken, and 2256 accepted.
[1 : mcmc] Progress @ 2025-04-17 20:32:40 : 19406 steps taken, and 1983 accepted.
[3 : mcmc] Progress @ 2025-04-17 20:32:48 : 20767 steps taken, and 2531 accepted.
[2 : mcmc] Progress @ 2025-04-17 20:33:46 : 21131 steps taken, and 2335 accepted.
[0 : mcmc] Progress @ 2025-04-17 20:33:55 : 20230 steps taken, and 2261 accepted.
[2 : mcmc] Learn + convergence test @ 2340 samples accepted.
[2 : mcmc] Ready to check convergence and learn a new proposal covmat (waiting for the rest...)
[1 : mcmc] Progress @ 2025-04-17 20:34:43 : 19484 steps taken, and 1987 accepted.
[3 : mcmc] Progress @ 2025-04-17 20:34:49 : 20825 steps taken, and 2533 accepted.
[2 : mcmc] Progress @ 2025-04-17 20:35:49 : 21187 steps taken, and 2344 accepted.
[0 : mcmc] Progress @ 2025-04-17 20:35:56 : 20306 steps taken, and 2264 accepted.
[1 : mcmc] Progress @ 2025-04-17 20:36:44 : 19560 steps taken, and 1998 accepted.
[3 : mcmc] Progress @ 2025-04-17 20:36:50 : 20936 steps taken, and 2543 accepted.
[2 : mcmc] Progress @ 2025-04-17 20:37:49 : 21232 steps taken, and 2346 accepted.
[0 : mcmc] Progress @ 2025-04-17 20:37:58 : 20379 steps taken, and 2268 accepted.
[1 : mcmc] Progress @ 2025-04-17 20:38:48 : 19618 steps taken, and 2006 accepted.
[3 : mcmc] Progress @ 2025-04-17 20:38:52 : 21003 steps taken, and 2551 accepted.
[2 : mcmc] Progress @ 2025-04-17 20:39:52 : 21280 steps taken, and 2354 accepted.
[0 : mcmc] Progress @ 2025-04-17 20:40:00 : 20421 steps taken, and 2272 accepted.
[1 : mcmc] Progress @ 2025-04-17 20:40:51 : 19675 steps taken, and 2012 accepted.
[3 : mcmc] Progress @ 2025-04-17 20:40:54 : 21077 steps taken, and 2558 accepted.
[2 : mcmc] Progress @ 2025-04-17 20:41:52 : 21333 steps taken, and 2364 accepted.
[0 : mcmc] Progress @ 2025-04-17 20:42:02 : 20456 steps taken, and 2275 accepted.
[1 : mcmc] Progress @ 2025-04-17 20:42:52 : 19795 steps taken, and 2022 accepted.
[3 : mcmc] Progress @ 2025-04-17 20:42:57 : 21135 steps taken, and 2564 accepted.
[2 : mcmc] Progress @ 2025-04-17 20:43:55 : 21380 steps taken, and 2369 accepted.
[0 : mcmc] Progress @ 2025-04-17 20:44:04 : 20506 steps taken, and 2276 accepted.
[1 : mcmc] Progress @ 2025-04-17 20:44:53 : 19865 steps taken, and 2026 accepted.
[3 : mcmc] Progress @ 2025-04-17 20:44:59 : 21206 steps taken, and 2571 accepted.
[2 : mcmc] Progress @ 2025-04-17 20:45:56 : 21434 steps taken, and 2376 accepted.
[0 : mcmc] Progress @ 2025-04-17 20:46:12 : 20544 steps taken, and 2276 accepted.
[1 : mcmc] Progress @ 2025-04-17 20:46:54 : 19938 steps taken, and 2036 accepted.
[3 : mcmc] Progress @ 2025-04-17 20:47:01 : 21260 steps taken, and 2578 accepted.
[2 : mcmc] Progress @ 2025-04-17 20:47:58 : 21481 steps taken, and 2383 accepted.
[1 : mcmc] Learn + convergence test @ 2040 samples accepted.
[1 : mcmc] Ready to check convergence and learn a new proposal covmat (waiting for the rest...)
[0 : mcmc] Progress @ 2025-04-17 20:48:12 : 20585 steps taken, and 2277 accepted.
[3 : mcmc] Learn + convergence test @ 2580 samples accepted.
[3 : mcmc] Ready to check convergence and learn a new proposal covmat (waiting for the rest...)
[1 : mcmc] Progress @ 2025-04-17 20:48:56 : 20001 steps taken, and 2043 accepted.
[3 : mcmc] Progress @ 2025-04-17 20:49:01 : 21311 steps taken, and 2585 accepted.
[2 : mcmc] Progress @ 2025-04-17 20:50:00 : 21551 steps taken, and 2388 accepted.
[0 : mcmc] Progress @ 2025-04-17 20:50:14 : 20624 steps taken, and 2277 accepted.
[1 : mcmc] Progress @ 2025-04-17 20:50:59 : 20092 steps taken, and 2053 accepted.
[3 : mcmc] Progress @ 2025-04-17 20:51:02 : 21387 steps taken, and 2590 accepted.
[2 : mcmc] Progress @ 2025-04-17 20:52:02 : 21613 steps taken, and 2393 accepted.
[0 : mcmc] Progress @ 2025-04-17 20:52:18 : 20663 steps taken, and 2277 accepted.
[1 : mcmc] Progress @ 2025-04-17 20:53:01 : 20170 steps taken, and 2064 accepted.
[3 : mcmc] Progress @ 2025-04-17 20:53:04 : 21437 steps taken, and 2598 accepted.
[2 : mcmc] Learn + convergence test @ 2400 samples accepted.
[2 : mcmc] Progress @ 2025-04-17 20:54:06 : 21688 steps taken, and 2401 accepted.
[0 : mcmc] Progress @ 2025-04-17 20:54:22 : 20697 steps taken, and 2278 accepted.
[1 : mcmc] Progress @ 2025-04-17 20:55:02 : 20227 steps taken, and 2071 accepted.
[3 : mcmc] Progress @ 2025-04-17 20:55:05 : 21505 steps taken, and 2604 accepted.
[2 : mcmc] Progress @ 2025-04-17 20:56:08 : 21763 steps taken, and 2409 accepted.
[0 : mcmc] Progress @ 2025-04-17 20:56:25 : 20737 steps taken, and 2279 accepted.
[0 : mcmc] Learn + convergence test @ 2280 samples accepted.
[0 : mcmc] Ready to check convergence and learn a new proposal covmat (waiting for the rest...)
[0 : mcmc] All chains are ready to check convergence and learn a new proposal covmat
[1 : mcmc] Progress @ 2025-04-17 20:57:03 : 20289 steps taken, and 2075 accepted.
[0 : mcmc]  - Acceptance rate: 0.096 = avg([0.0985, 0.0800, 0.0988, 0.1029])
[0 : mcmc]  - Convergence of means: R-1 = 0.192284 after 9377 accepted steps = sum([2280, 2075, 2413, 2609])
[0 : mcmc]  - Updated covariance matrix of proposal pdf.
[3 : mcmc] Progress @ 2025-04-17 20:57:27 : 21572 steps taken, and 2609 accepted.
[2 : mcmc] Progress @ 2025-04-17 20:58:10 : 21821 steps taken, and 2416 accepted.
[0 : mcmc] Progress @ 2025-04-17 20:58:33 : 20770 steps taken, and 2281 accepted.
[1 : mcmc] Progress @ 2025-04-17 20:59:04 : 20333 steps taken, and 2079 accepted.
[3 : mcmc] Progress @ 2025-04-17 20:59:28 : 21651 steps taken, and 2619 accepted.
[2 : mcmc] Progress @ 2025-04-17 21:00:16 : 21872 steps taken, and 2419 accepted.
[0 : mcmc] Progress @ 2025-04-17 21:00:33 : 20814 steps taken, and 2286 accepted.
[1 : mcmc] Progress @ 2025-04-17 21:01:05 : 20409 steps taken, and 2089 accepted.
[3 : mcmc] Progress @ 2025-04-17 21:01:29 : 21705 steps taken, and 2623 accepted.
[2 : mcmc] Progress @ 2025-04-17 21:02:18 : 21930 steps taken, and 2423 accepted.
[0 : mcmc] Progress @ 2025-04-17 21:02:40 : 20853 steps taken, and 2286 accepted.
[1 : mcmc] Progress @ 2025-04-17 21:03:06 : 20488 steps taken, and 2099 accepted.
[3 : mcmc] Progress @ 2025-04-17 21:03:35 : 21765 steps taken, and 2631 accepted.
[1 : mcmc] Learn + convergence test @ 2100 samples accepted.
[1 : mcmc] Ready to check convergence and learn a new proposal covmat (waiting for the rest...)
[2 : mcmc] Progress @ 2025-04-17 21:04:21 : 22018 steps taken, and 2430 accepted.
[0 : mcmc] Progress @ 2025-04-17 21:04:41 : 20889 steps taken, and 2289 accepted.
[1 : mcmc] Progress @ 2025-04-17 21:05:07 : 20577 steps taken, and 2108 accepted.
[3 : mcmc] Progress @ 2025-04-17 21:05:43 : 21819 steps taken, and 2638 accepted.
[2 : mcmc] Progress @ 2025-04-17 21:06:22 : 22108 steps taken, and 2444 accepted.
[3 : mcmc] Learn + convergence test @ 2640 samples accepted.
[3 : mcmc] Ready to check convergence and learn a new proposal covmat (waiting for the rest...)
[0 : mcmc] Progress @ 2025-04-17 21:06:42 : 20928 steps taken, and 2290 accepted.
[1 : mcmc] Progress @ 2025-04-17 21:07:08 : 20671 steps taken, and 2115 accepted.
[3 : mcmc] Progress @ 2025-04-17 21:07:43 : 21926 steps taken, and 2640 accepted.
[2 : mcmc] Progress @ 2025-04-17 21:08:23 : 22251 steps taken, and 2449 accepted.
[0 : mcmc] Progress @ 2025-04-17 21:08:45 : 20964 steps taken, and 2291 accepted.
[1 : mcmc] Progress @ 2025-04-17 21:09:08 : 20733 steps taken, and 2121 accepted.
[3 : mcmc] Progress @ 2025-04-17 21:09:44 : 22012 steps taken, and 2655 accepted.
[2 : mcmc] Progress @ 2025-04-17 21:10:23 : 22331 steps taken, and 2455 accepted.
[0 : mcmc] Progress @ 2025-04-17 21:10:46 : 21023 steps taken, and 2295 accepted.
[2 : mcmc] Learn + convergence test @ 2460 samples accepted.
[2 : mcmc] Ready to check convergence and learn a new proposal covmat (waiting for the rest...)
[1 : mcmc] Progress @ 2025-04-17 21:11:11 : 20805 steps taken, and 2131 accepted.
[3 : mcmc] Progress @ 2025-04-17 21:11:46 : 22105 steps taken, and 2665 accepted.
[2 : mcmc] Progress @ 2025-04-17 21:12:23 : 22409 steps taken, and 2463 accepted.
[0 : mcmc] Progress @ 2025-04-17 21:12:47 : 21085 steps taken, and 2302 accepted.
[1 : mcmc] Progress @ 2025-04-17 21:13:12 : 20867 steps taken, and 2140 accepted.
[3 : mcmc] Progress @ 2025-04-17 21:13:47 : 22184 steps taken, and 2669 accepted.
[2 : mcmc] Progress @ 2025-04-17 21:14:25 : 22470 steps taken, and 2470 accepted.
[0 : mcmc] Progress @ 2025-04-17 21:14:48 : 21168 steps taken, and 2309 accepted.
[1 : mcmc] Progress @ 2025-04-17 21:15:14 : 20968 steps taken, and 2151 accepted.
[3 : mcmc] Progress @ 2025-04-17 21:15:49 : 22274 steps taken, and 2678 accepted.
[2 : mcmc] Progress @ 2025-04-17 21:16:26 : 22519 steps taken, and 2473 accepted.
[0 : mcmc] Progress @ 2025-04-17 21:16:51 : 21263 steps taken, and 2317 accepted.
[1 : mcmc] Progress @ 2025-04-17 21:17:17 : 21021 steps taken, and 2158 accepted.
[3 : mcmc] Progress @ 2025-04-17 21:17:50 : 22349 steps taken, and 2688 accepted.
[2 : mcmc] Progress @ 2025-04-17 21:18:30 : 22572 steps taken, and 2476 accepted.
[0 : mcmc] Progress @ 2025-04-17 21:18:54 : 21337 steps taken, and 2327 accepted.
[1 : mcmc] Learn + convergence test @ 2160 samples accepted.
[1 : mcmc] Progress @ 2025-04-17 21:19:22 : 21082 steps taken, and 2161 accepted.
[3 : mcmc] Progress @ 2025-04-17 21:19:51 : 22445 steps taken, and 2697 accepted.
[2 : mcmc] Progress @ 2025-04-17 21:20:32 : 22631 steps taken, and 2481 accepted.
[0 : mcmc] Progress @ 2025-04-17 21:20:55 : 21397 steps taken, and 2338 accepted.
[3 : mcmc] Learn + convergence test @ 2700 samples accepted.
[0 : mcmc] Learn + convergence test @ 2340 samples accepted.
[0 : mcmc] Ready to check convergence and learn a new proposal covmat (waiting for the rest...)
[0 : mcmc] All chains are ready to check convergence and learn a new proposal covmat
[1 : mcmc] Progress @ 2025-04-17 21:21:25 : 21141 steps taken, and 2169 accepted.
[0 : mcmc]  - Acceptance rate: 0.096 = avg([0.0994, 0.0820, 0.0974, 0.1022])
[0 : mcmc]  - Convergence of means: R-1 = 0.149640 after 9696 accepted steps = sum([2340, 2169, 2485, 2702])
[0 : mcmc]  - Updated covariance matrix of proposal pdf.
[3 : mcmc] Progress @ 2025-04-17 21:22:01 : 22522 steps taken, and 2702 accepted.
[2 : mcmc] Progress @ 2025-04-17 21:22:33 : 22681 steps taken, and 2486 accepted.
[0 : mcmc] Progress @ 2025-04-17 21:22:57 : 21431 steps taken, and 2342 accepted.
[1 : mcmc] Progress @ 2025-04-17 21:23:28 : 21176 steps taken, and 2173 accepted.
[3 : mcmc] Progress @ 2025-04-17 21:24:04 : 22580 steps taken, and 2705 accepted.
[2 : mcmc] Progress @ 2025-04-17 21:24:34 : 22754 steps taken, and 2495 accepted.
[0 : mcmc] Progress @ 2025-04-17 21:25:00 : 21604 steps taken, and 2355 accepted.
[1 : mcmc] Progress @ 2025-04-17 21:25:30 : 21246 steps taken, and 2183 accepted.
[3 : mcmc] Progress @ 2025-04-17 21:26:05 : 22631 steps taken, and 2708 accepted.
[2 : mcmc] Progress @ 2025-04-17 21:26:36 : 22829 steps taken, and 2496 accepted.
[0 : mcmc] Progress @ 2025-04-17 21:27:03 : 21683 steps taken, and 2361 accepted.
[1 : mcmc] Progress @ 2025-04-17 21:27:34 : 21296 steps taken, and 2187 accepted.
[3 : mcmc] Progress @ 2025-04-17 21:28:12 : 22740 steps taken, and 2718 accepted.
[2 : mcmc] Progress @ 2025-04-17 21:28:36 : 22898 steps taken, and 2500 accepted.
[0 : mcmc] Progress @ 2025-04-17 21:29:05 : 21740 steps taken, and 2368 accepted.
[1 : mcmc] Progress @ 2025-04-17 21:29:34 : 21357 steps taken, and 2194 accepted.
[3 : mcmc] Progress @ 2025-04-17 21:30:15 : 22826 steps taken, and 2725 accepted.
[2 : mcmc] Progress @ 2025-04-17 21:30:39 : 22972 steps taken, and 2502 accepted.
[0 : mcmc] Progress @ 2025-04-17 21:31:07 : 21799 steps taken, and 2375 accepted.
[1 : mcmc] Progress @ 2025-04-17 21:31:34 : 21425 steps taken, and 2199 accepted.
[3 : mcmc] Progress @ 2025-04-17 21:32:17 : 22908 steps taken, and 2732 accepted.
[2 : mcmc] Progress @ 2025-04-17 21:32:43 : 23008 steps taken, and 2503 accepted.
[0 : mcmc] Progress @ 2025-04-17 21:33:08 : 21864 steps taken, and 2381 accepted.
[1 : mcmc] Progress @ 2025-04-17 21:33:36 : 21497 steps taken, and 2205 accepted.
[3 : mcmc] Progress @ 2025-04-17 21:34:20 : 22961 steps taken, and 2737 accepted.
[2 : mcmc] Progress @ 2025-04-17 21:34:43 : 23057 steps taken, and 2507 accepted.
[0 : mcmc] Progress @ 2025-04-17 21:35:11 : 21939 steps taken, and 2390 accepted.
[1 : mcmc] Progress @ 2025-04-17 21:35:37 : 21618 steps taken, and 2212 accepted.
[3 : mcmc] Progress @ 2025-04-17 21:36:20 : 23024 steps taken, and 2741 accepted.
[2 : mcmc] Progress @ 2025-04-17 21:36:47 : 23114 steps taken, and 2515 accepted.
[0 : mcmc] Progress @ 2025-04-17 21:37:14 : 21988 steps taken, and 2391 accepted.
[1 : mcmc] Progress @ 2025-04-17 21:37:43 : 21690 steps taken, and 2218 accepted.
[2 : mcmc] Learn + convergence test @ 2520 samples accepted.
[2 : mcmc] Ready to check convergence and learn a new proposal covmat (waiting for the rest...)
[1 : mcmc] Learn + convergence test @ 2220 samples accepted.
[1 : mcmc] Ready to check convergence and learn a new proposal covmat (waiting for the rest...)
[3 : mcmc] Progress @ 2025-04-17 21:38:23 : 23082 steps taken, and 2744 accepted.
[2 : mcmc] Progress @ 2025-04-17 21:38:48 : 23188 steps taken, and 2524 accepted.
[0 : mcmc] Progress @ 2025-04-17 21:39:16 : 22035 steps taken, and 2394 accepted.
[1 : mcmc] Progress @ 2025-04-17 21:39:44 : 21777 steps taken, and 2224 accepted.
[3 : mcmc] Progress @ 2025-04-17 21:40:26 : 23146 steps taken, and 2747 accepted.
[2 : mcmc] Progress @ 2025-04-17 21:40:49 : 23277 steps taken, and 2531 accepted.
[0 : mcmc] Learn + convergence test @ 2400 samples accepted.
[0 : mcmc] Ready to check convergence and learn a new proposal covmat (waiting for the rest...)
[0 : mcmc] Progress @ 2025-04-17 21:41:17 : 22089 steps taken, and 2402 accepted.
[1 : mcmc] Progress @ 2025-04-17 21:41:48 : 21846 steps taken, and 2228 accepted.
[3 : mcmc] Progress @ 2025-04-17 21:42:27 : 23204 steps taken, and 2752 accepted.
[2 : mcmc] Progress @ 2025-04-17 21:42:50 : 23345 steps taken, and 2536 accepted.
[0 : mcmc] Progress @ 2025-04-17 21:43:20 : 22211 steps taken, and 2408 accepted.
[1 : mcmc] Progress @ 2025-04-17 21:43:50 : 21900 steps taken, and 2235 accepted.
[3 : mcmc] Progress @ 2025-04-17 21:44:28 : 23266 steps taken, and 2758 accepted.
[3 : mcmc] Learn + convergence test @ 2760 samples accepted.
[3 : mcmc] Ready to check convergence and learn a new proposal covmat (waiting for the rest...)
[2 : mcmc] Progress @ 2025-04-17 21:44:51 : 23416 steps taken, and 2540 accepted.
[0 : mcmc] All chains are ready to check convergence and learn a new proposal covmat
[0 : mcmc]  - Acceptance rate: 0.095 = avg([0.0981, 0.0831, 0.0955, 0.1006])
[0 : mcmc]  - Convergence of means: R-1 = 0.131234 after 9956 accepted steps = sum([2415, 2240, 2541, 2760])
[0 : mcmc]  - Updated covariance matrix of proposal pdf.
[0 : mcmc] Progress @ 2025-04-17 21:45:20 : 22296 steps taken, and 2415 accepted.
[1 : mcmc] Progress @ 2025-04-17 21:45:54 : 21951 steps taken, and 2243 accepted.
[3 : mcmc] Progress @ 2025-04-17 21:46:31 : 23314 steps taken, and 2764 accepted.
[2 : mcmc] Progress @ 2025-04-17 21:46:54 : 23477 steps taken, and 2548 accepted.
[0 : mcmc] Progress @ 2025-04-17 21:47:23 : 22393 steps taken, and 2425 accepted.
[1 : mcmc] Progress @ 2025-04-17 21:47:55 : 22030 steps taken, and 2247 accepted.
[3 : mcmc] Progress @ 2025-04-17 21:48:31 : 23376 steps taken, and 2769 accepted.
[2 : mcmc] Progress @ 2025-04-17 21:48:58 : 23536 steps taken, and 2558 accepted.
[0 : mcmc] Progress @ 2025-04-17 21:49:25 : 22512 steps taken, and 2436 accepted.
[1 : mcmc] Progress @ 2025-04-17 21:49:58 : 22080 steps taken, and 2253 accepted.
[3 : mcmc] Progress @ 2025-04-17 21:50:35 : 23430 steps taken, and 2772 accepted.
[2 : mcmc] Progress @ 2025-04-17 21:50:59 : 23610 steps taken, and 2561 accepted.
[0 : mcmc] Progress @ 2025-04-17 21:51:26 : 22584 steps taken, and 2445 accepted.
[1 : mcmc] Progress @ 2025-04-17 21:52:01 : 22137 steps taken, and 2259 accepted.
[3 : mcmc] Progress @ 2025-04-17 21:52:37 : 23510 steps taken, and 2786 accepted.
[2 : mcmc] Progress @ 2025-04-17 21:53:02 : 23661 steps taken, and 2564 accepted.
[0 : mcmc] Progress @ 2025-04-17 21:53:31 : 22645 steps taken, and 2454 accepted.
[1 : mcmc] Progress @ 2025-04-17 21:54:02 : 22207 steps taken, and 2263 accepted.
[3 : mcmc] Progress @ 2025-04-17 21:54:38 : 23588 steps taken, and 2796 accepted.
[0 : mcmc] Learn + convergence test @ 2460 samples accepted.
[0 : mcmc] Ready to check convergence and learn a new proposal covmat (waiting for the rest...)
[2 : mcmc] Progress @ 2025-04-17 21:55:08 : 23726 steps taken, and 2571 accepted.
[0 : mcmc] Progress @ 2025-04-17 21:55:33 : 22713 steps taken, and 2461 accepted.
[1 : mcmc] Progress @ 2025-04-17 21:56:02 : 22276 steps taken, and 2265 accepted.
[3 : mcmc] Progress @ 2025-04-17 21:56:41 : 23672 steps taken, and 2802 accepted.
[2 : mcmc] Progress @ 2025-04-17 21:57:11 : 23797 steps taken, and 2579 accepted.
[2 : mcmc] Learn + convergence test @ 2580 samples accepted.
[2 : mcmc] Ready to check convergence and learn a new proposal covmat (waiting for the rest...)
[0 : mcmc] Progress @ 2025-04-17 21:57:33 : 22776 steps taken, and 2470 accepted.
[1 : mcmc] Progress @ 2025-04-17 21:58:04 : 22320 steps taken, and 2269 accepted.
[3 : mcmc] Progress @ 2025-04-17 21:58:44 : 23740 steps taken, and 2811 accepted.
[2 : mcmc] Progress @ 2025-04-17 21:59:14 : 23851 steps taken, and 2588 accepted.
[1 : mcmc] Learn + convergence test @ 2280 samples accepted.
[1 : mcmc] Ready to check convergence and learn a new proposal covmat (waiting for the rest...)
[0 : mcmc] Progress @ 2025-04-17 21:59:34 : 22836 steps taken, and 2477 accepted.
[3 : mcmc] Learn + convergence test @ 2820 samples accepted.
[3 : mcmc] Ready to check convergence and learn a new proposal covmat (waiting for the rest...)
[0 : mcmc] All chains are ready to check convergence and learn a new proposal covmat
[0 : mcmc]  - Acceptance rate: 0.095 = avg([0.1000, 0.0830, 0.0957, 0.1007])
[0 : mcmc]  - Convergence of means: R-1 = 0.132994 after 10175 accepted steps = sum([2480, 2283, 2591, 2821])
[0 : mcmc]  - Updated covariance matrix of proposal pdf.
[1 : mcmc] Progress @ 2025-04-17 22:00:14 : 22378 steps taken, and 2284 accepted.
[3 : mcmc] Progress @ 2025-04-17 22:00:47 : 23797 steps taken, and 2822 accepted.
[2 : mcmc] Progress @ 2025-04-17 22:01:15 : 23913 steps taken, and 2594 accepted.
[0 : mcmc] Progress @ 2025-04-17 22:01:37 : 22890 steps taken, and 2489 accepted.
[1 : mcmc] Progress @ 2025-04-17 22:02:14 : 22454 steps taken, and 2296 accepted.
[3 : mcmc] Progress @ 2025-04-17 22:02:48 : 23848 steps taken, and 2826 accepted.
[2 : mcmc] Progress @ 2025-04-17 22:03:15 : 23970 steps taken, and 2596 accepted.
[0 : mcmc] Progress @ 2025-04-17 22:03:39 : 22966 steps taken, and 2495 accepted.
[1 : mcmc] Progress @ 2025-04-17 22:04:15 : 22499 steps taken, and 2301 accepted.
[3 : mcmc] Progress @ 2025-04-17 22:04:49 : 23891 steps taken, and 2828 accepted.
[2 : mcmc] Progress @ 2025-04-17 22:05:16 : 24037 steps taken, and 2602 accepted.
[0 : mcmc] Progress @ 2025-04-17 22:05:42 : 23052 steps taken, and 2502 accepted.
[1 : mcmc] Progress @ 2025-04-17 22:06:16 : 22583 steps taken, and 2306 accepted.
[3 : mcmc] Progress @ 2025-04-17 22:06:53 : 23933 steps taken, and 2831 accepted.
[2 : mcmc] Progress @ 2025-04-17 22:07:17 : 24128 steps taken, and 2612 accepted.
[0 : mcmc] Progress @ 2025-04-17 22:07:45 : 23101 steps taken, and 2512 accepted.
[1 : mcmc] Progress @ 2025-04-17 22:08:18 : 22665 steps taken, and 2314 accepted.
[3 : mcmc] Progress @ 2025-04-17 22:08:59 : 23984 steps taken, and 2834 accepted.
[2 : mcmc] Progress @ 2025-04-17 22:09:19 : 24199 steps taken, and 2618 accepted.
[0 : mcmc] Progress @ 2025-04-17 22:09:47 : 23157 steps taken, and 2519 accepted.
[1 : mcmc] Progress @ 2025-04-17 22:10:21 : 22726 steps taken, and 2319 accepted.
[0 : mcmc] Learn + convergence test @ 2520 samples accepted.
[0 : mcmc] Ready to check convergence and learn a new proposal covmat (waiting for the rest...)
[3 : mcmc] Progress @ 2025-04-17 22:11:01 : 24100 steps taken, and 2844 accepted.
[2 : mcmc] Progress @ 2025-04-17 22:11:21 : 24249 steps taken, and 2622 accepted.
[0 : mcmc] Progress @ 2025-04-17 22:11:47 : 23248 steps taken, and 2522 accepted.
[1 : mcmc] Progress @ 2025-04-17 22:12:21 : 22816 steps taken, and 2329 accepted.
[3 : mcmc] Progress @ 2025-04-17 22:13:02 : 24249 steps taken, and 2846 accepted.
[2 : mcmc] Progress @ 2025-04-17 22:13:21 : 24328 steps taken, and 2626 accepted.
[0 : mcmc] Progress @ 2025-04-17 22:13:49 : 23353 steps taken, and 2527 accepted.
[1 : mcmc] Progress @ 2025-04-17 22:14:23 : 22873 steps taken, and 2335 accepted.
[3 : mcmc] Progress @ 2025-04-17 22:15:04 : 24381 steps taken, and 2850 accepted.
[2 : mcmc] Progress @ 2025-04-17 22:15:22 : 24389 steps taken, and 2638 accepted.
[1 : mcmc] Learn + convergence test @ 2340 samples accepted.
[1 : mcmc] Ready to check convergence and learn a new proposal covmat (waiting for the rest...)
[0 : mcmc] Progress @ 2025-04-17 22:15:50 : 23448 steps taken, and 2540 accepted.
[2 : mcmc] Learn + convergence test @ 2640 samples accepted.
[2 : mcmc] Ready to check convergence and learn a new proposal covmat (waiting for the rest...)
[1 : mcmc] Progress @ 2025-04-17 22:16:23 : 22939 steps taken, and 2344 accepted.
[3 : mcmc] Progress @ 2025-04-17 22:17:07 : 24460 steps taken, and 2861 accepted.
[2 : mcmc] Progress @ 2025-04-17 22:17:25 : 24452 steps taken, and 2644 accepted.
[0 : mcmc] Progress @ 2025-04-17 22:17:52 : 23544 steps taken, and 2545 accepted.
[1 : mcmc] Progress @ 2025-04-17 22:18:25 : 22983 steps taken, and 2347 accepted.
[3 : mcmc] Progress @ 2025-04-17 22:19:09 : 24519 steps taken, and 2871 accepted.
[2 : mcmc] Progress @ 2025-04-17 22:19:26 : 24532 steps taken, and 2651 accepted.
[0 : mcmc] Progress @ 2025-04-17 22:19:54 : 23622 steps taken, and 2549 accepted.
[1 : mcmc] Progress @ 2025-04-17 22:20:28 : 23025 steps taken, and 2351 accepted.
[3 : mcmc] Progress @ 2025-04-17 22:21:11 : 24571 steps taken, and 2878 accepted.
[3 : mcmc] Learn + convergence test @ 2880 samples accepted.
[3 : mcmc] Ready to check convergence and learn a new proposal covmat (waiting for the rest...)
[2 : mcmc] Progress @ 2025-04-17 22:21:27 : 24649 steps taken, and 2658 accepted.
[0 : mcmc] Progress @ 2025-04-17 22:21:54 : 23683 steps taken, and 2555 accepted.
[0 : mcmc] All chains are ready to check convergence and learn a new proposal covmat
[0 : mcmc]  - Acceptance rate: 0.095 = avg([0.1007, 0.0835, 0.0945, 0.0990])
[0 : mcmc]  - Convergence of means: R-1 = 0.144634 after 10448 accepted steps = sum([2556, 2353, 2659, 2880])
[0 : mcmc]  - Updated covariance matrix of proposal pdf.
[1 : mcmc] Progress @ 2025-04-17 22:22:32 : 23063 steps taken, and 2353 accepted.
[3 : mcmc] Progress @ 2025-04-17 22:23:12 : 24610 steps taken, and 2890 accepted.
[2 : mcmc] Progress @ 2025-04-17 22:23:29 : 24720 steps taken, and 2665 accepted.
[0 : mcmc] Progress @ 2025-04-17 22:23:59 : 23849 steps taken, and 2564 accepted.
[1 : mcmc] Progress @ 2025-04-17 22:24:34 : 23106 steps taken, and 2355 accepted.
[3 : mcmc] Progress @ 2025-04-17 22:25:13 : 24672 steps taken, and 2898 accepted.
[2 : mcmc] Progress @ 2025-04-17 22:25:29 : 24790 steps taken, and 2675 accepted.
[0 : mcmc] Progress @ 2025-04-17 22:26:00 : 23920 steps taken, and 2572 accepted.
[1 : mcmc] Progress @ 2025-04-17 22:26:40 : 23164 steps taken, and 2357 accepted.
[3 : mcmc] Progress @ 2025-04-17 22:27:16 : 24723 steps taken, and 2904 accepted.
[2 : mcmc] Progress @ 2025-04-17 22:27:29 : 24829 steps taken, and 2677 accepted.
[0 : mcmc] Progress @ 2025-04-17 22:28:03 : 24026 steps taken, and 2579 accepted.
[0 : mcmc] Learn + convergence test @ 2580 samples accepted.
[0 : mcmc] Ready to check convergence and learn a new proposal covmat (waiting for the rest...)
[1 : mcmc] Progress @ 2025-04-17 22:28:41 : 23213 steps taken, and 2358 accepted.
[3 : mcmc] Progress @ 2025-04-17 22:29:17 : 24764 steps taken, and 2910 accepted.
[2 : mcmc] Progress @ 2025-04-17 22:29:32 : 24891 steps taken, and 2684 accepted.
[0 : mcmc] Progress @ 2025-04-17 22:30:08 : 24203 steps taken, and 2586 accepted.
[1 : mcmc] Progress @ 2025-04-17 22:30:43 : 23289 steps taken, and 2361 accepted.
[3 : mcmc] Progress @ 2025-04-17 22:31:19 : 24831 steps taken, and 2919 accepted.
[2 : mcmc] Progress @ 2025-04-17 22:31:34 : 24979 steps taken, and 2693 accepted.
[0 : mcmc] Progress @ 2025-04-17 22:32:09 : 24327 steps taken, and 2593 accepted.
[1 : mcmc] Progress @ 2025-04-17 22:32:46 : 23346 steps taken, and 2362 accepted.
[2 : mcmc] Learn + convergence test @ 2700 samples accepted.
[2 : mcmc] Ready to check convergence and learn a new proposal covmat (waiting for the rest...)
[3 : mcmc] Progress @ 2025-04-17 22:33:20 : 24940 steps taken, and 2925 accepted.
[2 : mcmc] Progress @ 2025-04-17 22:33:35 : 25052 steps taken, and 2701 accepted.
[0 : mcmc] Progress @ 2025-04-17 22:34:11 : 24469 steps taken, and 2604 accepted.
[1 : mcmc] Progress @ 2025-04-17 22:34:49 : 23397 steps taken, and 2365 accepted.
[3 : mcmc] Progress @ 2025-04-17 22:35:21 : 25016 steps taken, and 2933 accepted.
[2 : mcmc] Progress @ 2025-04-17 22:35:38 : 25111 steps taken, and 2713 accepted.
[0 : mcmc] Progress @ 2025-04-17 22:36:14 : 24546 steps taken, and 2614 accepted.
[1 : mcmc] Progress @ 2025-04-17 22:36:50 : 23489 steps taken, and 2369 accepted.
[3 : mcmc] Learn + convergence test @ 2940 samples accepted.
[3 : mcmc] Ready to check convergence and learn a new proposal covmat (waiting for the rest...)
[3 : mcmc] Progress @ 2025-04-17 22:37:21 : 25112 steps taken, and 2941 accepted.
[2 : mcmc] Progress @ 2025-04-17 22:37:39 : 25169 steps taken, and 2719 accepted.
[0 : mcmc] Progress @ 2025-04-17 22:38:15 : 24632 steps taken, and 2623 accepted.
[1 : mcmc] Progress @ 2025-04-17 22:38:51 : 23547 steps taken, and 2375 accepted.
[3 : mcmc] Progress @ 2025-04-17 22:39:22 : 25163 steps taken, and 2951 accepted.
[2 : mcmc] Progress @ 2025-04-17 22:39:41 : 25226 steps taken, and 2724 accepted.
[0 : mcmc] Progress @ 2025-04-17 22:40:16 : 24701 steps taken, and 2631 accepted.
[1 : mcmc] Progress @ 2025-04-17 22:40:57 : 23628 steps taken, and 2384 accepted.
[3 : mcmc] Progress @ 2025-04-17 22:41:26 : 25205 steps taken, and 2953 accepted.
[2 : mcmc] Progress @ 2025-04-17 22:41:43 : 25299 steps taken, and 2734 accepted.
[0 : mcmc] Progress @ 2025-04-17 22:42:19 : 24784 steps taken, and 2637 accepted.
[0 : mcmc] Learn + convergence test @ 2640 samples accepted.
[1 : mcmc] Progress @ 2025-04-17 22:42:59 : 23718 steps taken, and 2396 accepted.
[3 : mcmc] Progress @ 2025-04-17 22:43:28 : 25256 steps taken, and 2954 accepted.
[2 : mcmc] Progress @ 2025-04-17 22:43:44 : 25358 steps taken, and 2743 accepted.
[1 : mcmc] Learn + convergence test @ 2400 samples accepted.
[1 : mcmc] Ready to check convergence and learn a new proposal covmat (waiting for the rest...)
[0 : mcmc] Progress @ 2025-04-17 22:44:22 : 24868 steps taken, and 2644 accepted.
[0 : mcmc] All chains are ready to check convergence and learn a new proposal covmat
[0 : mcmc]  - Acceptance rate: 0.094 = avg([0.0982, 0.0822, 0.0952, 0.0997])
[0 : mcmc]  - Convergence of means: R-1 = 0.150427 after 10746 accepted steps = sum([2645, 2400, 2745, 2956])
[0 : mcmc]  - Updated covariance matrix of proposal pdf.
[1 : mcmc] Progress @ 2025-04-17 22:45:01 : 23746 steps taken, and 2400 accepted.
[3 : mcmc] Progress @ 2025-04-17 22:45:31 : 25300 steps taken, and 2957 accepted.
[2 : mcmc] Progress @ 2025-04-17 22:45:46 : 25392 steps taken, and 2748 accepted.
[0 : mcmc] Progress @ 2025-04-17 22:46:22 : 24938 steps taken, and 2649 accepted.
[1 : mcmc] Progress @ 2025-04-17 22:47:05 : 23792 steps taken, and 2406 accepted.
[3 : mcmc] Progress @ 2025-04-17 22:47:40 : 25357 steps taken, and 2959 accepted.
[2 : mcmc] Progress @ 2025-04-17 22:47:48 : 25450 steps taken, and 2751 accepted.
[0 : mcmc] Progress @ 2025-04-17 22:48:23 : 25001 steps taken, and 2661 accepted.
[1 : mcmc] Progress @ 2025-04-17 22:49:08 : 23844 steps taken, and 2414 accepted.
[2 : mcmc] Learn + convergence test @ 2760 samples accepted.
[2 : mcmc] Ready to check convergence and learn a new proposal covmat (waiting for the rest...)
[3 : mcmc] Progress @ 2025-04-17 22:49:47 : 25412 steps taken, and 2960 accepted.
[2 : mcmc] Progress @ 2025-04-17 22:49:49 : 25498 steps taken, and 2762 accepted.
[0 : mcmc] Progress @ 2025-04-17 22:50:24 : 25085 steps taken, and 2672 accepted.
[1 : mcmc] Progress @ 2025-04-17 22:51:10 : 23911 steps taken, and 2421 accepted.
[3 : mcmc] Progress @ 2025-04-17 22:51:50 : 25466 steps taken, and 2962 accepted.
[2 : mcmc] Progress @ 2025-04-17 22:51:52 : 25564 steps taken, and 2772 accepted.
[0 : mcmc] Progress @ 2025-04-17 22:52:26 : 25181 steps taken, and 2681 accepted.
[1 : mcmc] Progress @ 2025-04-17 22:53:12 : 24031 steps taken, and 2424 accepted.
[3 : mcmc] Progress @ 2025-04-17 22:53:52 : 25510 steps taken, and 2964 accepted.
[2 : mcmc] Progress @ 2025-04-17 22:53:52 : 25651 steps taken, and 2787 accepted.
[0 : mcmc] Progress @ 2025-04-17 22:54:28 : 25240 steps taken, and 2686 accepted.
[1 : mcmc] Progress @ 2025-04-17 22:55:14 : 24080 steps taken, and 2424 accepted.
[3 : mcmc] Progress @ 2025-04-17 22:55:52 : 25554 steps taken, and 2967 accepted.
[2 : mcmc] Progress @ 2025-04-17 22:55:56 : 25709 steps taken, and 2792 accepted.
[0 : mcmc] Progress @ 2025-04-17 22:56:29 : 25305 steps taken, and 2693 accepted.
[1 : mcmc] Progress @ 2025-04-17 22:57:16 : 24126 steps taken, and 2424 accepted.
[0 : mcmc] Learn + convergence test @ 2700 samples accepted.
[0 : mcmc] Ready to check convergence and learn a new proposal covmat (waiting for the rest...)
[3 : mcmc] Progress @ 2025-04-17 22:57:54 : 25601 steps taken, and 2968 accepted.
[2 : mcmc] Progress @ 2025-04-17 22:57:56 : 25777 steps taken, and 2800 accepted.
[0 : mcmc] Progress @ 2025-04-17 22:58:30 : 25434 steps taken, and 2706 accepted.
[1 : mcmc] Progress @ 2025-04-17 22:59:17 : 24180 steps taken, and 2428 accepted.
[2 : mcmc] Progress @ 2025-04-17 22:59:57 : 25843 steps taken, and 2811 accepted.
[3 : mcmc] Progress @ 2025-04-17 22:59:58 : 25647 steps taken, and 2969 accepted.
[0 : mcmc] Progress @ 2025-04-17 23:00:33 : 25496 steps taken, and 2711 accepted.
[1 : mcmc] Progress @ 2025-04-17 23:01:18 : 24270 steps taken, and 2436 accepted.
[2 : mcmc] Progress @ 2025-04-17 23:01:57 : 25929 steps taken, and 2816 accepted.
[3 : mcmc] Progress @ 2025-04-17 23:02:02 : 25693 steps taken, and 2969 accepted.
[0 : mcmc] Progress @ 2025-04-17 23:02:33 : 25588 steps taken, and 2718 accepted.
[2 : mcmc] Learn + convergence test @ 2820 samples accepted.
[1 : mcmc] Progress @ 2025-04-17 23:03:20 : 24336 steps taken, and 2448 accepted.
[2 : mcmc] Progress @ 2025-04-17 23:03:58 : 26002 steps taken, and 2823 accepted.
[3 : mcmc] Progress @ 2025-04-17 23:04:03 : 25749 steps taken, and 2971 accepted.
[0 : mcmc] Progress @ 2025-04-17 23:04:34 : 25701 steps taken, and 2724 accepted.
[1 : mcmc] Progress @ 2025-04-17 23:05:23 : 24409 steps taken, and 2452 accepted.
[2 : mcmc] Progress @ 2025-04-17 23:06:01 : 26059 steps taken, and 2829 accepted.
[3 : mcmc] Progress @ 2025-04-17 23:06:05 : 25854 steps taken, and 2974 accepted.
[0 : mcmc] Progress @ 2025-04-17 23:06:34 : 25850 steps taken, and 2730 accepted.
[1 : mcmc] Learn + convergence test @ 2460 samples accepted.
[1 : mcmc] Ready to check convergence and learn a new proposal covmat (waiting for the rest...)
[1 : mcmc] Progress @ 2025-04-17 23:07:24 : 24496 steps taken, and 2463 accepted.
[2 : mcmc] Progress @ 2025-04-17 23:08:02 : 26140 steps taken, and 2838 accepted.
[3 : mcmc] Progress @ 2025-04-17 23:08:06 : 25916 steps taken, and 2976 accepted.
[0 : mcmc] Progress @ 2025-04-17 23:08:37 : 26013 steps taken, and 2736 accepted.
[1 : mcmc] Progress @ 2025-04-17 23:09:26 : 24573 steps taken, and 2469 accepted.
[2 : mcmc] Progress @ 2025-04-17 23:10:03 : 26283 steps taken, and 2853 accepted.
[3 : mcmc] Progress @ 2025-04-17 23:10:10 : 25974 steps taken, and 2977 accepted.
[0 : mcmc] Progress @ 2025-04-17 23:10:38 : 26169 steps taken, and 2739 accepted.
[1 : mcmc] Progress @ 2025-04-17 23:11:27 : 24656 steps taken, and 2472 accepted.
[2 : mcmc] Progress @ 2025-04-17 23:12:06 : 26352 steps taken, and 2862 accepted.
[3 : mcmc] Progress @ 2025-04-17 23:12:13 : 26021 steps taken, and 2977 accepted.
[0 : mcmc] Progress @ 2025-04-17 23:12:39 : 26330 steps taken, and 2746 accepted.
[1 : mcmc] Progress @ 2025-04-17 23:13:28 : 24731 steps taken, and 2474 accepted.
[2 : mcmc] Progress @ 2025-04-17 23:14:09 : 26437 steps taken, and 2872 accepted.
[3 : mcmc] Progress @ 2025-04-17 23:14:18 : 26093 steps taken, and 2978 accepted.
[0 : mcmc] Progress @ 2025-04-17 23:14:40 : 26443 steps taken, and 2751 accepted.
[1 : mcmc] Progress @ 2025-04-17 23:15:29 : 24816 steps taken, and 2480 accepted.
[0 : mcmc] Learn + convergence test @ 2760 samples accepted.
[2 : mcmc] Progress @ 2025-04-17 23:16:14 : 26485 steps taken, and 2878 accepted.
[3 : mcmc] Progress @ 2025-04-17 23:16:20 : 26150 steps taken, and 2987 accepted.
[0 : mcmc] Progress @ 2025-04-17 23:16:41 : 26545 steps taken, and 2761 accepted.
[2 : mcmc] Learn + convergence test @ 2880 samples accepted.
[1 : mcmc] Progress @ 2025-04-17 23:17:29 : 24940 steps taken, and 2482 accepted.
[2 : mcmc] Progress @ 2025-04-17 23:18:14 : 26538 steps taken, and 2882 accepted.
[3 : mcmc] Progress @ 2025-04-17 23:18:22 : 26208 steps taken, and 2991 accepted.
[0 : mcmc] Progress @ 2025-04-17 23:18:44 : 26624 steps taken, and 2772 accepted.
[1 : mcmc] Progress @ 2025-04-17 23:19:31 : 25031 steps taken, and 2490 accepted.
[3 : mcmc] Learn + convergence test @ 3000 samples accepted.
[3 : mcmc] Ready to check convergence and learn a new proposal covmat (waiting for the rest...)
[0 : mcmc] All chains are ready to check convergence and learn a new proposal covmat
[2 : mcmc] Progress @ 2025-04-17 23:20:18 : 26583 steps taken, and 2884 accepted.
[0 : mcmc]  - Acceptance rate: 0.092 = avg([0.0939, 0.0798, 0.0952, 0.0958])
[0 : mcmc]  - Convergence of means: R-1 = 0.109538 after 11154 accepted steps = sum([2779, 2491, 2884, 3000])
[0 : mcmc]  - Updated covariance matrix of proposal pdf.
[3 : mcmc] Progress @ 2025-04-17 23:20:24 : 26274 steps taken, and 3000 accepted.
[0 : mcmc] Progress @ 2025-04-17 23:20:45 : 26712 steps taken, and 2781 accepted.
[1 : mcmc] Progress @ 2025-04-17 23:21:32 : 25150 steps taken, and 2495 accepted.
[2 : mcmc] Progress @ 2025-04-17 23:22:20 : 26695 steps taken, and 2892 accepted.
[3 : mcmc] Progress @ 2025-04-17 23:22:26 : 26332 steps taken, and 3005 accepted.
[0 : mcmc] Progress @ 2025-04-17 23:22:45 : 26856 steps taken, and 2790 accepted.
[1 : mcmc] Progress @ 2025-04-17 23:23:33 : 25243 steps taken, and 2500 accepted.
[2 : mcmc] Progress @ 2025-04-17 23:24:23 : 26760 steps taken, and 2898 accepted.
[3 : mcmc] Progress @ 2025-04-17 23:24:28 : 26410 steps taken, and 3012 accepted.
[0 : mcmc] Progress @ 2025-04-17 23:24:46 : 26962 steps taken, and 2797 accepted.
[1 : mcmc] Progress @ 2025-04-17 23:25:36 : 25354 steps taken, and 2503 accepted.
[2 : mcmc] Progress @ 2025-04-17 23:26:23 : 26862 steps taken, and 2901 accepted.
[3 : mcmc] Progress @ 2025-04-17 23:26:31 : 26471 steps taken, and 3013 accepted.
[0 : mcmc] Progress @ 2025-04-17 23:26:47 : 27056 steps taken, and 2804 accepted.
[1 : mcmc] Progress @ 2025-04-17 23:27:39 : 25458 steps taken, and 2509 accepted.
[2 : mcmc] Progress @ 2025-04-17 23:28:25 : 26985 steps taken, and 2907 accepted.
[3 : mcmc] Progress @ 2025-04-17 23:28:32 : 26526 steps taken, and 3014 accepted.
[0 : mcmc] Progress @ 2025-04-17 23:28:48 : 27149 steps taken, and 2813 accepted.
[1 : mcmc] Progress @ 2025-04-17 23:29:42 : 25559 steps taken, and 2515 accepted.
[0 : mcmc] Learn + convergence test @ 2820 samples accepted.
[0 : mcmc] Ready to check convergence and learn a new proposal covmat (waiting for the rest...)
[2 : mcmc] Progress @ 2025-04-17 23:30:28 : 27087 steps taken, and 2918 accepted.
[3 : mcmc] Progress @ 2025-04-17 23:30:39 : 26578 steps taken, and 3019 accepted.
[1 : mcmc] Learn + convergence test @ 2520 samples accepted.
[1 : mcmc] Ready to check convergence and learn a new proposal covmat (waiting for the rest...)
[0 : mcmc] Progress @ 2025-04-17 23:30:54 : 27268 steps taken, and 2823 accepted.
[1 : mcmc] Progress @ 2025-04-17 23:31:48 : 25664 steps taken, and 2522 accepted.
[2 : mcmc] Progress @ 2025-04-17 23:32:29 : 27162 steps taken, and 2925 accepted.
[3 : mcmc] Progress @ 2025-04-17 23:32:41 : 26642 steps taken, and 3028 accepted.
[0 : mcmc] Progress @ 2025-04-17 23:32:57 : 27404 steps taken, and 2835 accepted.
[1 : mcmc] Progress @ 2025-04-17 23:33:52 : 25735 steps taken, and 2525 accepted.
[2 : mcmc] Progress @ 2025-04-17 23:34:29 : 27235 steps taken, and 2935 accepted.
[3 : mcmc] Progress @ 2025-04-17 23:34:41 : 26699 steps taken, and 3031 accepted.
[0 : mcmc] Progress @ 2025-04-17 23:34:59 : 27460 steps taken, and 2840 accepted.
[1 : mcmc] Progress @ 2025-04-17 23:35:53 : 25827 steps taken, and 2530 accepted.
[2 : mcmc] Progress @ 2025-04-17 23:36:30 : 27285 steps taken, and 2939 accepted.
[3 : mcmc] Progress @ 2025-04-17 23:36:43 : 26769 steps taken, and 3041 accepted.
[2 : mcmc] Learn + convergence test @ 2940 samples accepted.
[2 : mcmc] Ready to check convergence and learn a new proposal covmat (waiting for the rest...)
[0 : mcmc] Progress @ 2025-04-17 23:37:03 : 27549 steps taken, and 2844 accepted.
[1 : mcmc] Progress @ 2025-04-17 23:37:54 : 25934 steps taken, and 2538 accepted.
[2 : mcmc] Progress @ 2025-04-17 23:38:31 : 27346 steps taken, and 2941 accepted.
[3 : mcmc] Progress @ 2025-04-17 23:38:48 : 26847 steps taken, and 3047 accepted.
[0 : mcmc] Progress @ 2025-04-17 23:39:05 : 27659 steps taken, and 2849 accepted.
[1 : mcmc] Progress @ 2025-04-17 23:39:56 : 25995 steps taken, and 2543 accepted.
[2 : mcmc] Progress @ 2025-04-17 23:40:37 : 27396 steps taken, and 2943 accepted.
[3 : mcmc] Progress @ 2025-04-17 23:40:50 : 26916 steps taken, and 3052 accepted.
[0 : mcmc] Progress @ 2025-04-17 23:41:07 : 27833 steps taken, and 2856 accepted.
[1 : mcmc] Progress @ 2025-04-17 23:41:58 : 26071 steps taken, and 2552 accepted.
[2 : mcmc] Progress @ 2025-04-17 23:42:37 : 27444 steps taken, and 2949 accepted.
[3 : mcmc] Progress @ 2025-04-17 23:42:53 : 26986 steps taken, and 3060 accepted.
[3 : mcmc] Learn + convergence test @ 3060 samples accepted.
[3 : mcmc] Ready to check convergence and learn a new proposal covmat (waiting for the rest...)
[0 : mcmc] All chains are ready to check convergence and learn a new proposal covmat
[0 : mcmc]  - Acceptance rate: 0.090 = avg([0.0913, 0.0782, 0.0940, 0.0961])
[0 : mcmc]  - Convergence of means: R-1 = 0.112434 after 11434 accepted steps = sum([2864, 2558, 2952, 3060])
[0 : mcmc]  - Updated covariance matrix of proposal pdf.
[0 : mcmc] Progress @ 2025-04-17 23:43:25 : 27955 steps taken, and 2864 accepted.
[1 : mcmc] Progress @ 2025-04-17 23:44:02 : 26122 steps taken, and 2559 accepted.
[2 : mcmc] Progress @ 2025-04-17 23:44:39 : 27520 steps taken, and 2956 accepted.
[3 : mcmc] Progress @ 2025-04-17 23:44:58 : 27050 steps taken, and 3065 accepted.
[0 : mcmc] Progress @ 2025-04-17 23:45:25 : 28096 steps taken, and 2870 accepted.
[1 : mcmc] Progress @ 2025-04-17 23:46:03 : 26193 steps taken, and 2565 accepted.
[2 : mcmc] Progress @ 2025-04-17 23:46:39 : 27574 steps taken, and 2964 accepted.
[3 : mcmc] Progress @ 2025-04-17 23:47:01 : 27111 steps taken, and 3068 accepted.
[0 : mcmc] Progress @ 2025-04-17 23:47:28 : 28209 steps taken, and 2873 accepted.
[1 : mcmc] Progress @ 2025-04-17 23:48:06 : 26254 steps taken, and 2569 accepted.
[2 : mcmc] Progress @ 2025-04-17 23:48:39 : 27655 steps taken, and 2967 accepted.
[3 : mcmc] Progress @ 2025-04-17 23:49:06 : 27169 steps taken, and 3073 accepted.
[0 : mcmc] Progress @ 2025-04-17 23:49:29 : 28325 steps taken, and 2878 accepted.
[0 : mcmc] Learn + convergence test @ 2880 samples accepted.
[0 : mcmc] Ready to check convergence and learn a new proposal covmat (waiting for the rest...)
[1 : mcmc] Progress @ 2025-04-17 23:50:09 : 26314 steps taken, and 2574 accepted.
[2 : mcmc] Progress @ 2025-04-17 23:50:42 : 27731 steps taken, and 2974 accepted.
[3 : mcmc] Progress @ 2025-04-17 23:51:08 : 27236 steps taken, and 3075 accepted.
[1 : mcmc] Learn + convergence test @ 2580 samples accepted.
[1 : mcmc] Ready to check convergence and learn a new proposal covmat (waiting for the rest...)
[0 : mcmc] Progress @ 2025-04-17 23:51:29 : 28421 steps taken, and 2887 accepted.
[1 : mcmc] Progress @ 2025-04-17 23:52:09 : 26367 steps taken, and 2582 accepted.
[2 : mcmc] Progress @ 2025-04-17 23:52:46 : 27800 steps taken, and 2980 accepted.
[3 : mcmc] Progress @ 2025-04-17 23:53:11 : 27314 steps taken, and 3078 accepted.
[0 : mcmc] Progress @ 2025-04-17 23:53:32 : 28504 steps taken, and 2895 accepted.
[1 : mcmc] Progress @ 2025-04-17 23:54:10 : 26424 steps taken, and 2594 accepted.
[2 : mcmc] Progress @ 2025-04-17 23:54:50 : 27853 steps taken, and 2990 accepted.
[3 : mcmc] Progress @ 2025-04-17 23:55:12 : 27370 steps taken, and 3082 accepted.
[0 : mcmc] Progress @ 2025-04-17 23:55:39 : 28556 steps taken, and 2901 accepted.
[1 : mcmc] Progress @ 2025-04-17 23:56:13 : 26485 steps taken, and 2599 accepted.
[2 : mcmc] Progress @ 2025-04-17 23:56:53 : 27909 steps taken, and 2996 accepted.
[3 : mcmc] Progress @ 2025-04-17 23:57:14 : 27425 steps taken, and 3087 accepted.
[2 : mcmc] Learn + convergence test @ 3000 samples accepted.
[2 : mcmc] Ready to check convergence and learn a new proposal covmat (waiting for the rest...)
[0 : mcmc] Progress @ 2025-04-17 23:57:40 : 28630 steps taken, and 2909 accepted.
[1 : mcmc] Progress @ 2025-04-17 23:58:14 : 26590 steps taken, and 2607 accepted.
[2 : mcmc] Progress @ 2025-04-17 23:58:53 : 27978 steps taken, and 3008 accepted.
[3 : mcmc] Progress @ 2025-04-17 23:59:14 : 27496 steps taken, and 3092 accepted.
[0 : mcmc] Progress @ 2025-04-17 23:59:40 : 28689 steps taken, and 2918 accepted.
[1 : mcmc] Progress @ 2025-04-18 00:00:14 : 26673 steps taken, and 2608 accepted.
[2 : mcmc] Progress @ 2025-04-18 00:00:54 : 28052 steps taken, and 3020 accepted.
[3 : mcmc] Progress @ 2025-04-18 00:01:17 : 27550 steps taken, and 3097 accepted.
[0 : mcmc] Progress @ 2025-04-18 00:01:42 : 28759 steps taken, and 2927 accepted.
[1 : mcmc] Progress @ 2025-04-18 00:02:17 : 26742 steps taken, and 2614 accepted.
[2 : mcmc] Progress @ 2025-04-18 00:02:55 : 28095 steps taken, and 3027 accepted.
[3 : mcmc] Progress @ 2025-04-18 00:03:19 : 27626 steps taken, and 3109 accepted.
[0 : mcmc] Progress @ 2025-04-18 00:03:45 : 28834 steps taken, and 2935 accepted.
[1 : mcmc] Progress @ 2025-04-18 00:04:18 : 26826 steps taken, and 2617 accepted.
[2 : mcmc] Progress @ 2025-04-18 00:04:56 : 28150 steps taken, and 3039 accepted.
[3 : mcmc] Progress @ 2025-04-18 00:05:22 : 27724 steps taken, and 3116 accepted.
[0 : mcmc] Progress @ 2025-04-18 00:05:47 : 28895 steps taken, and 2939 accepted.
[3 : mcmc] Learn + convergence test @ 3120 samples accepted.
[3 : mcmc] Ready to check convergence and learn a new proposal covmat (waiting for the rest...)
[0 : mcmc] Learn + convergence test @ 2940 samples accepted.
[0 : mcmc] All chains are ready to check convergence and learn a new proposal covmat
[0 : mcmc]  - Acceptance rate: 0.090 = avg([0.0907, 0.0775, 0.0952, 0.0957])
[0 : mcmc]  - Convergence of means: R-1 = 0.108348 after 11726 accepted steps = sum([2940, 2623, 3043, 3120])
[0 : mcmc]  - Updated covariance matrix of proposal pdf.
[1 : mcmc] Progress @ 2025-04-18 00:06:39 : 26897 steps taken, and 2623 accepted.
[2 : mcmc] Progress @ 2025-04-18 00:06:57 : 28186 steps taken, and 3045 accepted.
[3 : mcmc] Progress @ 2025-04-18 00:07:22 : 27765 steps taken, and 3122 accepted.
[0 : mcmc] Progress @ 2025-04-18 00:07:50 : 28962 steps taken, and 2941 accepted.
[1 : mcmc] Progress @ 2025-04-18 00:08:43 : 26974 steps taken, and 2631 accepted.
[2 : mcmc] Progress @ 2025-04-18 00:09:00 : 28280 steps taken, and 3049 accepted.
[3 : mcmc] Progress @ 2025-04-18 00:09:27 : 27845 steps taken, and 3131 accepted.
[0 : mcmc] Progress @ 2025-04-18 00:09:50 : 29029 steps taken, and 2945 accepted.
[1 : mcmc] Learn + convergence test @ 2640 samples accepted.
[1 : mcmc] Ready to check convergence and learn a new proposal covmat (waiting for the rest...)
[1 : mcmc] Progress @ 2025-04-18 00:10:46 : 27065 steps taken, and 2640 accepted.
[2 : mcmc] Progress @ 2025-04-18 00:11:00 : 28334 steps taken, and 3054 accepted.
[3 : mcmc] Progress @ 2025-04-18 00:11:27 : 27926 steps taken, and 3138 accepted.
[0 : mcmc] Progress @ 2025-04-18 00:11:52 : 29087 steps taken, and 2950 accepted.
[1 : mcmc] Progress @ 2025-04-18 00:12:48 : 27177 steps taken, and 2647 accepted.
[2 : mcmc] Progress @ 2025-04-18 00:13:04 : 28396 steps taken, and 3059 accepted.
[2 : mcmc] Learn + convergence test @ 3060 samples accepted.
[2 : mcmc] Ready to check convergence and learn a new proposal covmat (waiting for the rest...)
[3 : mcmc] Progress @ 2025-04-18 00:13:27 : 28009 steps taken, and 3145 accepted.
[0 : mcmc] Progress @ 2025-04-18 00:13:53 : 29149 steps taken, and 2959 accepted.
[1 : mcmc] Progress @ 2025-04-18 00:14:48 : 27292 steps taken, and 2654 accepted.
[2 : mcmc] Progress @ 2025-04-18 00:15:07 : 28459 steps taken, and 3066 accepted.
[3 : mcmc] Progress @ 2025-04-18 00:15:29 : 28108 steps taken, and 3152 accepted.
[0 : mcmc] Progress @ 2025-04-18 00:15:56 : 29238 steps taken, and 2964 accepted.
[1 : mcmc] Progress @ 2025-04-18 00:16:51 : 27350 steps taken, and 2657 accepted.
[2 : mcmc] Progress @ 2025-04-18 00:17:08 : 28525 steps taken, and 3072 accepted.
[3 : mcmc] Progress @ 2025-04-18 00:17:30 : 28217 steps taken, and 3158 accepted.
[0 : mcmc] Progress @ 2025-04-18 00:17:59 : 29303 steps taken, and 2968 accepted.
[1 : mcmc] Progress @ 2025-04-18 00:18:52 : 27393 steps taken, and 2663 accepted.
[2 : mcmc] Progress @ 2025-04-18 00:19:10 : 28575 steps taken, and 3075 accepted.
[3 : mcmc] Progress @ 2025-04-18 00:19:31 : 28293 steps taken, and 3165 accepted.
[0 : mcmc] Progress @ 2025-04-18 00:20:01 : 29364 steps taken, and 2980 accepted.
[1 : mcmc] Progress @ 2025-04-18 00:20:57 : 27443 steps taken, and 2665 accepted.
[2 : mcmc] Progress @ 2025-04-18 00:21:10 : 28643 steps taken, and 3080 accepted.
[3 : mcmc] Progress @ 2025-04-18 00:21:33 : 28367 steps taken, and 3175 accepted.
[0 : mcmc] Progress @ 2025-04-18 00:22:02 : 29456 steps taken, and 2989 accepted.
[3 : mcmc] Learn + convergence test @ 3180 samples accepted.
[3 : mcmc] Ready to check convergence and learn a new proposal covmat (waiting for the rest...)
[1 : mcmc] Progress @ 2025-04-18 00:22:58 : 27514 steps taken, and 2672 accepted.
[2 : mcmc] Progress @ 2025-04-18 00:23:13 : 28687 steps taken, and 3082 accepted.
[3 : mcmc] Progress @ 2025-04-18 00:23:35 : 28455 steps taken, and 3181 accepted.
[0 : mcmc] Progress @ 2025-04-18 00:24:03 : 29543 steps taken, and 2994 accepted.
[1 : mcmc] Progress @ 2025-04-18 00:24:59 : 27580 steps taken, and 2681 accepted.
[0 : mcmc] Learn + convergence test @ 3000 samples accepted.
[0 : mcmc] Ready to check convergence and learn a new proposal covmat (waiting for the rest...)
[0 : mcmc] All chains are ready to check convergence and learn a new proposal covmat
[2 : mcmc] Progress @ 2025-04-18 00:25:13 : 28743 steps taken, and 3085 accepted.
[3 : mcmc] Progress @ 2025-04-18 00:25:37 : 28523 steps taken, and 3185 accepted.
[0 : mcmc]  - Acceptance rate: 0.090 = avg([0.0901, 0.0771, 0.0958, 0.0948])
[0 : mcmc]  - Convergence of means: R-1 = 0.101177 after 11955 accepted steps = sum([3000, 2683, 3086, 3186])
[0 : mcmc]  - Updated covariance matrix of proposal pdf.
[0 : mcmc] Progress @ 2025-04-18 00:26:08 : 29594 steps taken, and 3000 accepted.
[1 : mcmc] Progress @ 2025-04-18 00:27:01 : 27630 steps taken, and 2686 accepted.
[2 : mcmc] Progress @ 2025-04-18 00:27:17 : 28793 steps taken, and 3089 accepted.
[3 : mcmc] Progress @ 2025-04-18 00:27:41 : 28589 steps taken, and 3193 accepted.
[0 : mcmc] Progress @ 2025-04-18 00:28:10 : 29665 steps taken, and 3009 accepted.
[1 : mcmc] Progress @ 2025-04-18 00:29:04 : 27728 steps taken, and 2699 accepted.
[1 : mcmc] Learn + convergence test @ 2700 samples accepted.
[1 : mcmc] Ready to check convergence and learn a new proposal covmat (waiting for the rest...)
[2 : mcmc] Progress @ 2025-04-18 00:29:23 : 28835 steps taken, and 3089 accepted.
[3 : mcmc] Progress @ 2025-04-18 00:29:43 : 28644 steps taken, and 3199 accepted.
[0 : mcmc] Progress @ 2025-04-18 00:30:10 : 29747 steps taken, and 3011 accepted.
[1 : mcmc] Progress @ 2025-04-18 00:31:08 : 27775 steps taken, and 2701 accepted.
[2 : mcmc] Progress @ 2025-04-18 00:31:23 : 28874 steps taken, and 3089 accepted.
[3 : mcmc] Progress @ 2025-04-18 00:31:44 : 28699 steps taken, and 3205 accepted.
[0 : mcmc] Progress @ 2025-04-18 00:32:13 : 29804 steps taken, and 3017 accepted.
[1 : mcmc] Progress @ 2025-04-18 00:33:09 : 27832 steps taken, and 2706 accepted.
[2 : mcmc] Progress @ 2025-04-18 00:33:27 : 28924 steps taken, and 3091 accepted.
[3 : mcmc] Progress @ 2025-04-18 00:33:44 : 28787 steps taken, and 3209 accepted.
[0 : mcmc] Progress @ 2025-04-18 00:34:15 : 29886 steps taken, and 3022 accepted.
[1 : mcmc] Progress @ 2025-04-18 00:35:12 : 27901 steps taken, and 2714 accepted.
[2 : mcmc] Progress @ 2025-04-18 00:35:35 : 28974 steps taken, and 3093 accepted.
[3 : mcmc] Progress @ 2025-04-18 00:35:47 : 28831 steps taken, and 3216 accepted.
[0 : mcmc] Progress @ 2025-04-18 00:36:17 : 29960 steps taken, and 3029 accepted.
[1 : mcmc] Progress @ 2025-04-18 00:37:15 : 27964 steps taken, and 2722 accepted.
[2 : mcmc] Progress @ 2025-04-18 00:37:36 : 29017 steps taken, and 3096 accepted.
[3 : mcmc] Progress @ 2025-04-18 00:37:49 : 28900 steps taken, and 3220 accepted.
[0 : mcmc] Progress @ 2025-04-18 00:38:20 : 30064 steps taken, and 3040 accepted.
[1 : mcmc] Progress @ 2025-04-18 00:39:17 : 28033 steps taken, and 2729 accepted.
[2 : mcmc] Progress @ 2025-04-18 00:39:38 : 29071 steps taken, and 3097 accepted.
[3 : mcmc] Progress @ 2025-04-18 00:39:52 : 29006 steps taken, and 3228 accepted.
[0 : mcmc] Progress @ 2025-04-18 00:40:21 : 30138 steps taken, and 3047 accepted.
[1 : mcmc] Progress @ 2025-04-18 00:41:19 : 28088 steps taken, and 2732 accepted.
[2 : mcmc] Progress @ 2025-04-18 00:41:41 : 29122 steps taken, and 3097 accepted.
[3 : mcmc] Progress @ 2025-04-18 00:41:52 : 29120 steps taken, and 3234 accepted.
[0 : mcmc] Progress @ 2025-04-18 00:42:23 : 30234 steps taken, and 3056 accepted.
[0 : mcmc] Learn + convergence test @ 3060 samples accepted.
[0 : mcmc] Ready to check convergence and learn a new proposal covmat (waiting for the rest...)
[1 : mcmc] Progress @ 2025-04-18 00:43:24 : 28177 steps taken, and 2742 accepted.
[2 : mcmc] Progress @ 2025-04-18 00:43:45 : 29179 steps taken, and 3098 accepted.
[3 : mcmc] Progress @ 2025-04-18 00:43:54 : 29178 steps taken, and 3238 accepted.
[0 : mcmc] Progress @ 2025-04-18 00:44:25 : 30294 steps taken, and 3064 accepted.
[1 : mcmc] Progress @ 2025-04-18 00:45:25 : 28240 steps taken, and 2750 accepted.
[3 : mcmc] Learn + convergence test @ 3240 samples accepted.
[3 : mcmc] Ready to check convergence and learn a new proposal covmat (waiting for the rest...)
[2 : mcmc] Progress @ 2025-04-18 00:45:46 : 29243 steps taken, and 3098 accepted.
[3 : mcmc] Progress @ 2025-04-18 00:45:56 : 29229 steps taken, and 3240 accepted.
[0 : mcmc] Progress @ 2025-04-18 00:46:26 : 30369 steps taken, and 3077 accepted.
[1 : mcmc] Learn + convergence test @ 2760 samples accepted.
[1 : mcmc] Progress @ 2025-04-18 00:47:32 : 28306 steps taken, and 2762 accepted.
[2 : mcmc] Progress @ 2025-04-18 00:47:47 : 29308 steps taken, and 3101 accepted.
[3 : mcmc] Progress @ 2025-04-18 00:47:57 : 29283 steps taken, and 3244 accepted.
[0 : mcmc] Progress @ 2025-04-18 00:48:31 : 30446 steps taken, and 3079 accepted.
[1 : mcmc] Progress @ 2025-04-18 00:49:32 : 28373 steps taken, and 2767 accepted.
[2 : mcmc] Progress @ 2025-04-18 00:49:47 : 29357 steps taken, and 3103 accepted.
[3 : mcmc] Progress @ 2025-04-18 00:49:59 : 29324 steps taken, and 3247 accepted.
[0 : mcmc] Progress @ 2025-04-18 00:50:32 : 30510 steps taken, and 3082 accepted.
[1 : mcmc] Progress @ 2025-04-18 00:51:33 : 28413 steps taken, and 2772 accepted.
[2 : mcmc] Progress @ 2025-04-18 00:51:50 : 29396 steps taken, and 3107 accepted.
[3 : mcmc] Progress @ 2025-04-18 00:52:03 : 29371 steps taken, and 3249 accepted.
[0 : mcmc] Progress @ 2025-04-18 00:52:34 : 30583 steps taken, and 3087 accepted.
[1 : mcmc] Progress @ 2025-04-18 00:53:36 : 28466 steps taken, and 2779 accepted.
[2 : mcmc] Progress @ 2025-04-18 00:53:51 : 29466 steps taken, and 3112 accepted.
[3 : mcmc] Progress @ 2025-04-18 00:54:06 : 29444 steps taken, and 3253 accepted.
[0 : mcmc] Progress @ 2025-04-18 00:54:41 : 30634 steps taken, and 3094 accepted.
[1 : mcmc] Progress @ 2025-04-18 00:55:37 : 28520 steps taken, and 2787 accepted.
[2 : mcmc] Progress @ 2025-04-18 00:55:54 : 29563 steps taken, and 3118 accepted.
[3 : mcmc] Progress @ 2025-04-18 00:56:07 : 29513 steps taken, and 3258 accepted.
[2 : mcmc] Learn + convergence test @ 3120 samples accepted.
[2 : mcmc] Ready to check convergence and learn a new proposal covmat (waiting for the rest...)
[0 : mcmc] Progress @ 2025-04-18 00:56:41 : 30683 steps taken, and 3098 accepted.
[0 : mcmc] All chains are ready to check convergence and learn a new proposal covmat
[0 : mcmc]  - Acceptance rate: 0.089 = avg([0.0897, 0.0785, 0.0934, 0.0936])
[0 : mcmc]  - Convergence of means: R-1 = 0.095709 after 12271 accepted steps = sum([3099, 2791, 3120, 3261])
[0 : mcmc]  - Updated covariance matrix of proposal pdf.
[1 : mcmc] Progress @ 2025-04-18 00:57:39 : 28567 steps taken, and 2792 accepted.
[2 : mcmc] Progress @ 2025-04-18 00:57:58 : 29590 steps taken, and 3123 accepted.
[3 : mcmc] Progress @ 2025-04-18 00:58:08 : 29582 steps taken, and 3263 accepted.
[0 : mcmc] Progress @ 2025-04-18 00:58:44 : 30733 steps taken, and 3104 accepted.
[1 : mcmc] Progress @ 2025-04-18 00:59:41 : 28637 steps taken, and 2802 accepted.
[2 : mcmc] Progress @ 2025-04-18 00:59:59 : 29675 steps taken, and 3128 accepted.
[3 : mcmc] Progress @ 2025-04-18 01:00:09 : 29672 steps taken, and 3270 accepted.
[0 : mcmc] Progress @ 2025-04-18 01:00:46 : 30817 steps taken, and 3112 accepted.
[1 : mcmc] Progress @ 2025-04-18 01:01:41 : 28694 steps taken, and 2805 accepted.
[2 : mcmc] Progress @ 2025-04-18 01:02:00 : 29749 steps taken, and 3136 accepted.
[3 : mcmc] Progress @ 2025-04-18 01:02:09 : 29730 steps taken, and 3275 accepted.
[0 : mcmc] Progress @ 2025-04-18 01:02:50 : 30895 steps taken, and 3117 accepted.
[1 : mcmc] Progress @ 2025-04-18 01:03:41 : 28754 steps taken, and 2813 accepted.
[2 : mcmc] Progress @ 2025-04-18 01:04:06 : 29835 steps taken, and 3143 accepted.
[3 : mcmc] Progress @ 2025-04-18 01:04:10 : 29796 steps taken, and 3280 accepted.
[0 : mcmc] Learn + convergence test @ 3120 samples accepted.
[0 : mcmc] Ready to check convergence and learn a new proposal covmat (waiting for the rest...)
[0 : mcmc] Progress @ 2025-04-18 01:04:50 : 30974 steps taken, and 3121 accepted.
[1 : mcmc] Progress @ 2025-04-18 01:05:43 : 28808 steps taken, and 2816 accepted.
[2 : mcmc] Progress @ 2025-04-18 01:06:12 : 29894 steps taken, and 3147 accepted.
[3 : mcmc] Progress @ 2025-04-18 01:06:12 : 29849 steps taken, and 3283 accepted.
[0 : mcmc] Progress @ 2025-04-18 01:06:53 : 31031 steps taken, and 3125 accepted.
[1 : mcmc] Progress @ 2025-04-18 01:07:45 : 28867 steps taken, and 2820 accepted.
[1 : mcmc] Learn + convergence test @ 2820 samples accepted.
[1 : mcmc] Ready to check convergence and learn a new proposal covmat (waiting for the rest...)
[2 : mcmc] Progress @ 2025-04-18 01:08:15 : 29946 steps taken, and 3154 accepted.
[3 : mcmc] Progress @ 2025-04-18 01:08:16 : 29896 steps taken, and 3288 accepted.
[0 : mcmc] Progress @ 2025-04-18 01:08:54 : 31110 steps taken, and 3134 accepted.
[1 : mcmc] Progress @ 2025-04-18 01:09:51 : 28937 steps taken, and 2822 accepted.
[2 : mcmc] Progress @ 2025-04-18 01:10:16 : 30002 steps taken, and 3159 accepted.
[3 : mcmc] Progress @ 2025-04-18 01:10:24 : 29942 steps taken, and 3291 accepted.
[0 : mcmc] Progress @ 2025-04-18 01:10:54 : 31158 steps taken, and 3139 accepted.
[1 : mcmc] Progress @ 2025-04-18 01:11:53 : 28996 steps taken, and 2822 accepted.
[2 : mcmc] Progress @ 2025-04-18 01:12:18 : 30063 steps taken, and 3167 accepted.
[3 : mcmc] Progress @ 2025-04-18 01:12:24 : 30004 steps taken, and 3294 accepted.
[0 : mcmc] Progress @ 2025-04-18 01:12:58 : 31210 steps taken, and 3141 accepted.
[1 : mcmc] Progress @ 2025-04-18 01:13:57 : 29059 steps taken, and 2827 accepted.
[2 : mcmc] Progress @ 2025-04-18 01:14:18 : 30135 steps taken, and 3176 accepted.
[3 : mcmc] Progress @ 2025-04-18 01:14:25 : 30069 steps taken, and 3299 accepted.
[2 : mcmc] Learn + convergence test @ 3180 samples accepted.
[2 : mcmc] Ready to check convergence and learn a new proposal covmat (waiting for the rest...)
[0 : mcmc] Progress @ 2025-04-18 01:14:59 : 31259 steps taken, and 3142 accepted.
[3 : mcmc] Learn + convergence test @ 3300 samples accepted.
[3 : mcmc] Ready to check convergence and learn a new proposal covmat (waiting for the rest...)
[0 : mcmc] All chains are ready to check convergence and learn a new proposal covmat
[0 : mcmc]  - Acceptance rate: 0.089 = avg([0.0893, 0.0780, 0.0943, 0.0924])
[0 : mcmc]  - Convergence of means: R-1 = 0.110581 after 12453 accepted steps = sum([3143, 2829, 3181, 3300])
[0 : mcmc]  - Updated covariance matrix of proposal pdf.
[1 : mcmc] Progress @ 2025-04-18 01:15:58 : 29140 steps taken, and 2831 accepted.
[2 : mcmc] Progress @ 2025-04-18 01:16:23 : 30256 steps taken, and 3185 accepted.
[3 : mcmc] Progress @ 2025-04-18 01:16:27 : 30141 steps taken, and 3301 accepted.
[0 : mcmc] Progress @ 2025-04-18 01:17:02 : 31310 steps taken, and 3147 accepted.
[1 : mcmc] Progress @ 2025-04-18 01:18:00 : 29207 steps taken, and 2834 accepted.
[2 : mcmc] Progress @ 2025-04-18 01:18:24 : 30362 steps taken, and 3193 accepted.
[3 : mcmc] Progress @ 2025-04-18 01:18:28 : 30202 steps taken, and 3304 accepted.
[0 : mcmc] Progress @ 2025-04-18 01:19:05 : 31354 steps taken, and 3149 accepted.
[1 : mcmc] Progress @ 2025-04-18 01:20:00 : 29302 steps taken, and 2840 accepted.
[2 : mcmc] Progress @ 2025-04-18 01:20:26 : 30408 steps taken, and 3199 accepted.
[3 : mcmc] Progress @ 2025-04-18 01:20:29 : 30257 steps taken, and 3305 accepted.
[0 : mcmc] Progress @ 2025-04-18 01:21:08 : 31402 steps taken, and 3151 accepted.
[1 : mcmc] Progress @ 2025-04-18 01:22:01 : 29380 steps taken, and 2849 accepted.
[2 : mcmc] Progress @ 2025-04-18 01:22:28 : 30490 steps taken, and 3206 accepted.
[3 : mcmc] Progress @ 2025-04-18 01:22:31 : 30329 steps taken, and 3311 accepted.
[0 : mcmc] Progress @ 2025-04-18 01:23:09 : 31480 steps taken, and 3153 accepted.
[1 : mcmc] Progress @ 2025-04-18 01:24:02 : 29453 steps taken, and 2856 accepted.
[2 : mcmc] Progress @ 2025-04-18 01:24:30 : 30564 steps taken, and 3212 accepted.
[3 : mcmc] Progress @ 2025-04-18 01:24:33 : 30386 steps taken, and 3313 accepted.
[0 : mcmc] Progress @ 2025-04-18 01:25:09 : 31536 steps taken, and 3158 accepted.
[1 : mcmc] Progress @ 2025-04-18 01:26:02 : 29504 steps taken, and 2860 accepted.
[2 : mcmc] Progress @ 2025-04-18 01:26:30 : 30637 steps taken, and 3215 accepted.
[3 : mcmc] Progress @ 2025-04-18 01:26:34 : 30433 steps taken, and 3318 accepted.
[0 : mcmc] Progress @ 2025-04-18 01:27:10 : 31582 steps taken, and 3159 accepted.
[1 : mcmc] Progress @ 2025-04-18 01:28:05 : 29560 steps taken, and 2867 accepted.
[2 : mcmc] Progress @ 2025-04-18 01:28:30 : 30688 steps taken, and 3220 accepted.
[3 : mcmc] Progress @ 2025-04-18 01:28:34 : 30475 steps taken, and 3324 accepted.
[0 : mcmc] Progress @ 2025-04-18 01:29:12 : 31636 steps taken, and 3159 accepted.
[1 : mcmc] Progress @ 2025-04-18 01:30:07 : 29617 steps taken, and 2873 accepted.
[2 : mcmc] Progress @ 2025-04-18 01:30:34 : 30746 steps taken, and 3225 accepted.
[3 : mcmc] Progress @ 2025-04-18 01:30:37 : 30524 steps taken, and 3328 accepted.
[0 : mcmc] Progress @ 2025-04-18 01:31:12 : 31677 steps taken, and 3161 accepted.
[1 : mcmc] Progress @ 2025-04-18 01:32:11 : 29690 steps taken, and 2879 accepted.
[1 : mcmc] Learn + convergence test @ 2880 samples accepted.
[1 : mcmc] Ready to check convergence and learn a new proposal covmat (waiting for the rest...)
[2 : mcmc] Progress @ 2025-04-18 01:32:37 : 30794 steps taken, and 3231 accepted.
[3 : mcmc] Progress @ 2025-04-18 01:32:39 : 30579 steps taken, and 3337 accepted.
[0 : mcmc] Progress @ 2025-04-18 01:33:13 : 31732 steps taken, and 3162 accepted.
[1 : mcmc] Progress @ 2025-04-18 01:34:14 : 29770 steps taken, and 2885 accepted.
[2 : mcmc] Progress @ 2025-04-18 01:34:40 : 30857 steps taken, and 3237 accepted.
[3 : mcmc] Progress @ 2025-04-18 01:34:43 : 30626 steps taken, and 3339 accepted.
[0 : mcmc] Progress @ 2025-04-18 01:35:16 : 31766 steps taken, and 3164 accepted.
[2 : mcmc] Learn + convergence test @ 3240 samples accepted.
[2 : mcmc] Ready to check convergence and learn a new proposal covmat (waiting for the rest...)
[1 : mcmc] Progress @ 2025-04-18 01:36:14 : 29832 steps taken, and 2889 accepted.
[3 : mcmc] Progress @ 2025-04-18 01:36:43 : 30687 steps taken, and 3344 accepted.
[2 : mcmc] Progress @ 2025-04-18 01:36:44 : 30921 steps taken, and 3243 accepted.
[0 : mcmc] Progress @ 2025-04-18 01:37:16 : 31807 steps taken, and 3166 accepted.
[1 : mcmc] Progress @ 2025-04-18 01:38:18 : 29912 steps taken, and 2898 accepted.
[3 : mcmc] Progress @ 2025-04-18 01:38:45 : 30764 steps taken, and 3349 accepted.
[2 : mcmc] Progress @ 2025-04-18 01:38:48 : 30975 steps taken, and 3250 accepted.
[0 : mcmc] Progress @ 2025-04-18 01:39:17 : 31846 steps taken, and 3168 accepted.
[1 : mcmc] Progress @ 2025-04-18 01:40:21 : 29971 steps taken, and 2904 accepted.
[3 : mcmc] Progress @ 2025-04-18 01:40:47 : 30855 steps taken, and 3352 accepted.
[2 : mcmc] Progress @ 2025-04-18 01:40:51 : 31072 steps taken, and 3258 accepted.
[0 : mcmc] Progress @ 2025-04-18 01:41:19 : 31929 steps taken, and 3176 accepted.
[0 : mcmc] Learn + convergence test @ 3180 samples accepted.
[0 : mcmc] Ready to check convergence and learn a new proposal covmat (waiting for the rest...)
[1 : mcmc] Progress @ 2025-04-18 01:42:26 : 30040 steps taken, and 2912 accepted.
[3 : mcmc] Learn + convergence test @ 3360 samples accepted.
[3 : mcmc] Ready to check convergence and learn a new proposal covmat (waiting for the rest...)
[2 : mcmc] Progress @ 2025-04-18 01:42:52 : 31133 steps taken, and 3264 accepted.
[0 : mcmc] All chains are ready to check convergence and learn a new proposal covmat
[0 : mcmc]  - Acceptance rate: 0.089 = avg([0.0885, 0.0802, 0.0936, 0.0916])
[0 : mcmc]  - Convergence of means: R-1 = 0.083808 after 12721 accepted steps = sum([3182, 2914, 3265, 3360])
[0 : mcmc]  - Updated covariance matrix of proposal pdf.
[3 : mcmc] Progress @ 2025-04-18 01:43:04 : 30961 steps taken, and 3360 accepted.
[0 : mcmc] Progress @ 2025-04-18 01:43:26 : 31989 steps taken, and 3183 accepted.
[1 : mcmc] Progress @ 2025-04-18 01:44:27 : 30102 steps taken, and 2921 accepted.
[2 : mcmc] Progress @ 2025-04-18 01:44:55 : 31192 steps taken, and 3270 accepted.
[3 : mcmc] Progress @ 2025-04-18 01:45:06 : 31026 steps taken, and 3368 accepted.
[0 : mcmc] Progress @ 2025-04-18 01:45:28 : 32072 steps taken, and 3194 accepted.
[1 : mcmc] Progress @ 2025-04-18 01:46:30 : 30151 steps taken, and 2930 accepted.
[2 : mcmc] Progress @ 2025-04-18 01:46:59 : 31274 steps taken, and 3274 accepted.
[3 : mcmc] Progress @ 2025-04-18 01:47:07 : 31110 steps taken, and 3373 accepted.
[0 : mcmc] Progress @ 2025-04-18 01:47:30 : 32127 steps taken, and 3198 accepted.
[1 : mcmc] Progress @ 2025-04-18 01:48:31 : 30217 steps taken, and 2935 accepted.
[2 : mcmc] Progress @ 2025-04-18 01:49:02 : 31337 steps taken, and 3281 accepted.
[3 : mcmc] Progress @ 2025-04-18 01:49:08 : 31203 steps taken, and 3381 accepted.
[1 : mcmc] Learn + convergence test @ 2940 samples accepted.
[1 : mcmc] Ready to check convergence and learn a new proposal covmat (waiting for the rest...)
[0 : mcmc] Progress @ 2025-04-18 01:49:34 : 32176 steps taken, and 3204 accepted.
[1 : mcmc] Progress @ 2025-04-18 01:50:32 : 30313 steps taken, and 2943 accepted.
[2 : mcmc] Progress @ 2025-04-18 01:51:04 : 31408 steps taken, and 3292 accepted.
[3 : mcmc] Progress @ 2025-04-18 01:51:11 : 31264 steps taken, and 3391 accepted.
[0 : mcmc] Progress @ 2025-04-18 01:51:36 : 32232 steps taken, and 3213 accepted.
[1 : mcmc] Progress @ 2025-04-18 01:52:35 : 30409 steps taken, and 2947 accepted.
[2 : mcmc] Learn + convergence test @ 3300 samples accepted.
[2 : mcmc] Ready to check convergence and learn a new proposal covmat (waiting for the rest...)
[2 : mcmc] Progress @ 2025-04-18 01:53:04 : 31463 steps taken, and 3301 accepted.
[3 : mcmc] Progress @ 2025-04-18 01:53:18 : 31341 steps taken, and 3400 accepted.
[0 : mcmc] Progress @ 2025-04-18 01:53:41 : 32301 steps taken, and 3215 accepted.
[1 : mcmc] Progress @ 2025-04-18 01:54:36 : 30492 steps taken, and 2958 accepted.
[2 : mcmc] Progress @ 2025-04-18 01:55:09 : 31536 steps taken, and 3310 accepted.
[3 : mcmc] Progress @ 2025-04-18 01:55:18 : 31408 steps taken, and 3402 accepted.
[0 : mcmc] Progress @ 2025-04-18 01:55:44 : 32407 steps taken, and 3222 accepted.
[1 : mcmc] Progress @ 2025-04-18 01:56:38 : 30552 steps taken, and 2965 accepted.
[2 : mcmc] Progress @ 2025-04-18 01:57:14 : 31640 steps taken, and 3319 accepted.
[3 : mcmc] Progress @ 2025-04-18 01:57:20 : 31456 steps taken, and 3406 accepted.
[0 : mcmc] Progress @ 2025-04-18 01:57:47 : 32524 steps taken, and 3224 accepted.
[1 : mcmc] Progress @ 2025-04-18 01:58:41 : 30614 steps taken, and 2972 accepted.
[2 : mcmc] Progress @ 2025-04-18 01:59:15 : 31728 steps taken, and 3328 accepted.
[3 : mcmc] Progress @ 2025-04-18 01:59:23 : 31498 steps taken, and 3408 accepted.
[0 : mcmc] Progress @ 2025-04-18 01:59:52 : 32618 steps taken, and 3235 accepted.
[1 : mcmc] Progress @ 2025-04-18 02:00:43 : 30697 steps taken, and 2982 accepted.
[2 : mcmc] Progress @ 2025-04-18 02:01:21 : 31806 steps taken, and 3334 accepted.
[3 : mcmc] Progress @ 2025-04-18 02:01:25 : 31543 steps taken, and 3410 accepted.
[0 : mcmc] Learn + convergence test @ 3240 samples accepted.
[0 : mcmc] Ready to check convergence and learn a new proposal covmat (waiting for the rest...)
[0 : mcmc] Progress @ 2025-04-18 02:01:55 : 32695 steps taken, and 3242 accepted.
[1 : mcmc] Progress @ 2025-04-18 02:02:44 : 30757 steps taken, and 2986 accepted.
[2 : mcmc] Progress @ 2025-04-18 02:03:23 : 31876 steps taken, and 3339 accepted.
[3 : mcmc] Progress @ 2025-04-18 02:03:28 : 31616 steps taken, and 3414 accepted.
[0 : mcmc] Progress @ 2025-04-18 02:03:56 : 32765 steps taken, and 3250 accepted.
[1 : mcmc] Progress @ 2025-04-18 02:04:47 : 30818 steps taken, and 2995 accepted.
[2 : mcmc] Progress @ 2025-04-18 02:05:25 : 31978 steps taken, and 3344 accepted.
[3 : mcmc] Progress @ 2025-04-18 02:05:31 : 31685 steps taken, and 3415 accepted.
[0 : mcmc] Progress @ 2025-04-18 02:05:58 : 32844 steps taken, and 3258 accepted.
[1 : mcmc] Learn + convergence test @ 3000 samples accepted.
[1 : mcmc] Progress @ 2025-04-18 02:06:47 : 30888 steps taken, and 3002 accepted.
[2 : mcmc] Progress @ 2025-04-18 02:07:28 : 32056 steps taken, and 3353 accepted.
[3 : mcmc] Progress @ 2025-04-18 02:07:34 : 31736 steps taken, and 3417 accepted.
[0 : mcmc] Progress @ 2025-04-18 02:08:01 : 32896 steps taken, and 3264 accepted.
[1 : mcmc] Progress @ 2025-04-18 02:08:47 : 30945 steps taken, and 3008 accepted.
[3 : mcmc] Learn + convergence test @ 3420 samples accepted.
[3 : mcmc] Ready to check convergence and learn a new proposal covmat (waiting for the rest...)
[2 : mcmc] Progress @ 2025-04-18 02:09:30 : 32141 steps taken, and 3359 accepted.
[0 : mcmc] All chains are ready to check convergence and learn a new proposal covmat
[2 : mcmc] Learn + convergence test @ 3360 samples accepted.
[0 : mcmc]  - Acceptance rate: 0.089 = avg([0.0883, 0.0832, 0.0931, 0.0903])
[0 : mcmc]  - Convergence of means: R-1 = 0.072507 after 13059 accepted steps = sum([3269, 3010, 3360, 3420])
[0 : mcmc]  - Updated covariance matrix of proposal pdf.
[0 : mcmc] Progress @ 2025-04-18 02:11:12 : 32966 steps taken, and 3269 accepted.
[1 : mcmc] Progress @ 2025-04-18 02:11:12 : 30978 steps taken, and 3010 accepted.
[3 : mcmc] Progress @ 2025-04-18 02:11:17 : 31773 steps taken, and 3420 accepted.
[2 : mcmc] Progress @ 2025-04-18 02:11:32 : 32244 steps taken, and 3362 accepted.
[0 : mcmc] Progress @ 2025-04-18 02:13:14 : 33073 steps taken, and 3273 accepted.
[1 : mcmc] Progress @ 2025-04-18 02:13:15 : 31056 steps taken, and 3018 accepted.
[3 : mcmc] Progress @ 2025-04-18 02:13:24 : 31823 steps taken, and 3421 accepted.
[2 : mcmc] Progress @ 2025-04-18 02:13:34 : 32341 steps taken, and 3364 accepted.
[1 : mcmc] Progress @ 2025-04-18 02:15:15 : 31110 steps taken, and 3024 accepted.
[0 : mcmc] Progress @ 2025-04-18 02:15:18 : 33176 steps taken, and 3278 accepted.
[3 : mcmc] Progress @ 2025-04-18 02:15:25 : 31871 steps taken, and 3423 accepted.
[2 : mcmc] Progress @ 2025-04-18 02:15:36 : 32451 steps taken, and 3368 accepted.
[1 : mcmc] Progress @ 2025-04-18 02:17:17 : 31155 steps taken, and 3032 accepted.
[0 : mcmc] Progress @ 2025-04-18 02:17:23 : 33253 steps taken, and 3286 accepted.
[3 : mcmc] Progress @ 2025-04-18 02:17:28 : 31913 steps taken, and 3424 accepted.
[2 : mcmc] Progress @ 2025-04-18 02:17:38 : 32545 steps taken, and 3377 accepted.
[1 : mcmc] Progress @ 2025-04-18 02:19:17 : 31205 steps taken, and 3036 accepted.
[0 : mcmc] Progress @ 2025-04-18 02:19:24 : 33335 steps taken, and 3290 accepted.
[3 : mcmc] Progress @ 2025-04-18 02:19:33 : 31980 steps taken, and 3436 accepted.
[2 : mcmc] Progress @ 2025-04-18 02:19:41 : 32593 steps taken, and 3382 accepted.
[1 : mcmc] Progress @ 2025-04-18 02:21:19 : 31298 steps taken, and 3040 accepted.
[0 : mcmc] Progress @ 2025-04-18 02:21:26 : 33427 steps taken, and 3290 accepted.
[3 : mcmc] Progress @ 2025-04-18 02:21:35 : 32031 steps taken, and 3443 accepted.
[2 : mcmc] Progress @ 2025-04-18 02:21:44 : 32655 steps taken, and 3387 accepted.
[1 : mcmc] Progress @ 2025-04-18 02:23:21 : 31358 steps taken, and 3050 accepted.
[0 : mcmc] Progress @ 2025-04-18 02:23:26 : 33507 steps taken, and 3296 accepted.
[3 : mcmc] Progress @ 2025-04-18 02:23:37 : 32109 steps taken, and 3452 accepted.
[2 : mcmc] Progress @ 2025-04-18 02:23:45 : 32704 steps taken, and 3392 accepted.
[0 : mcmc] Learn + convergence test @ 3300 samples accepted.
[0 : mcmc] Ready to check convergence and learn a new proposal covmat (waiting for the rest...)
[1 : mcmc] Progress @ 2025-04-18 02:25:22 : 31413 steps taken, and 3057 accepted.
[0 : mcmc] Progress @ 2025-04-18 02:25:27 : 33592 steps taken, and 3303 accepted.
[3 : mcmc] Progress @ 2025-04-18 02:25:40 : 32184 steps taken, and 3459 accepted.
[2 : mcmc] Progress @ 2025-04-18 02:25:46 : 32786 steps taken, and 3405 accepted.
[1 : mcmc] Learn + convergence test @ 3060 samples accepted.
[1 : mcmc] Ready to check convergence and learn a new proposal covmat (waiting for the rest...)
[1 : mcmc] Progress @ 2025-04-18 02:27:24 : 31479 steps taken, and 3064 accepted.
[0 : mcmc] Progress @ 2025-04-18 02:27:28 : 33641 steps taken, and 3307 accepted.
[3 : mcmc] Progress @ 2025-04-18 02:27:45 : 32269 steps taken, and 3464 accepted.
[2 : mcmc] Progress @ 2025-04-18 02:27:49 : 32869 steps taken, and 3412 accepted.
[1 : mcmc] Progress @ 2025-04-18 02:29:25 : 31552 steps taken, and 3071 accepted.
[0 : mcmc] Progress @ 2025-04-18 02:29:28 : 33707 steps taken, and 3316 accepted.
[3 : mcmc] Progress @ 2025-04-18 02:29:47 : 32338 steps taken, and 3473 accepted.
[2 : mcmc] Progress @ 2025-04-18 02:29:51 : 32909 steps taken, and 3415 accepted.
[1 : mcmc] Progress @ 2025-04-18 02:31:26 : 31661 steps taken, and 3074 accepted.
[0 : mcmc] Progress @ 2025-04-18 02:31:29 : 33769 steps taken, and 3322 accepted.
[3 : mcmc] Progress @ 2025-04-18 02:31:48 : 32403 steps taken, and 3478 accepted.
[2 : mcmc] Progress @ 2025-04-18 02:31:53 : 32947 steps taken, and 3419 accepted.
[3 : mcmc] Learn + convergence test @ 3480 samples accepted.
[3 : mcmc] Ready to check convergence and learn a new proposal covmat (waiting for the rest...)
[2 : mcmc] Learn + convergence test @ 3420 samples accepted.
[2 : mcmc] Ready to check convergence and learn a new proposal covmat (waiting for the rest...)
[0 : mcmc] All chains are ready to check convergence and learn a new proposal covmat
[0 : mcmc]  - Acceptance rate: 0.088 = avg([0.0870, 0.0834, 0.0927, 0.0900])
[0 : mcmc]  - Convergence of means: R-1 = 0.083036 after 13308 accepted steps = sum([3323, 3080, 3421, 3484])
[0 : mcmc]  - Updated covariance matrix of proposal pdf.
[1 : mcmc] Progress @ 2025-04-18 02:33:28 : 31732 steps taken, and 3080 accepted.
[0 : mcmc] Progress @ 2025-04-18 02:33:32 : 33812 steps taken, and 3323 accepted.
[3 : mcmc] Progress @ 2025-04-18 02:33:49 : 32487 steps taken, and 3487 accepted.
[2 : mcmc] Progress @ 2025-04-18 02:33:56 : 32991 steps taken, and 3421 accepted.
[1 : mcmc] Progress @ 2025-04-18 02:35:28 : 31796 steps taken, and 3087 accepted.
[0 : mcmc] Progress @ 2025-04-18 02:35:32 : 33882 steps taken, and 3327 accepted.
[3 : mcmc] Progress @ 2025-04-18 02:35:51 : 32560 steps taken, and 3496 accepted.
[2 : mcmc] Progress @ 2025-04-18 02:35:58 : 33038 steps taken, and 3422 accepted.
[1 : mcmc] Progress @ 2025-04-18 02:37:32 : 31919 steps taken, and 3096 accepted.
[0 : mcmc] Progress @ 2025-04-18 02:37:35 : 33961 steps taken, and 3334 accepted.
[3 : mcmc] Progress @ 2025-04-18 02:37:53 : 32624 steps taken, and 3504 accepted.
[2 : mcmc] Progress @ 2025-04-18 02:37:59 : 33099 steps taken, and 3434 accepted.
[1 : mcmc] Progress @ 2025-04-18 02:39:33 : 31997 steps taken, and 3102 accepted.
[0 : mcmc] Progress @ 2025-04-18 02:39:36 : 34045 steps taken, and 3342 accepted.
[3 : mcmc] Progress @ 2025-04-18 02:39:56 : 32702 steps taken, and 3513 accepted.
[2 : mcmc] Progress @ 2025-04-18 02:40:00 : 33187 steps taken, and 3439 accepted.
[1 : mcmc] Progress @ 2025-04-18 02:41:36 : 32074 steps taken, and 3108 accepted.
[0 : mcmc] Progress @ 2025-04-18 02:41:44 : 34114 steps taken, and 3355 accepted.
[3 : mcmc] Progress @ 2025-04-18 02:41:58 : 32751 steps taken, and 3521 accepted.
[2 : mcmc] Progress @ 2025-04-18 02:42:04 : 33254 steps taken, and 3444 accepted.
[1 : mcmc] Progress @ 2025-04-18 02:43:38 : 32137 steps taken, and 3115 accepted.
[0 : mcmc] Progress @ 2025-04-18 02:43:48 : 34158 steps taken, and 3359 accepted.
[3 : mcmc] Progress @ 2025-04-18 02:44:00 : 32831 steps taken, and 3532 accepted.
[0 : mcmc] Learn + convergence test @ 3360 samples accepted.
[0 : mcmc] Ready to check convergence and learn a new proposal covmat (waiting for the rest...)
[2 : mcmc] Progress @ 2025-04-18 02:44:04 : 33312 steps taken, and 3454 accepted.
[1 : mcmc] Learn + convergence test @ 3120 samples accepted.
[1 : mcmc] Ready to check convergence and learn a new proposal covmat (waiting for the rest...)
[1 : mcmc] Progress @ 2025-04-18 02:45:38 : 32212 steps taken, and 3128 accepted.
[0 : mcmc] Progress @ 2025-04-18 02:45:48 : 34194 steps taken, and 3360 accepted.
[3 : mcmc] Progress @ 2025-04-18 02:46:01 : 32938 steps taken, and 3537 accepted.
[2 : mcmc] Progress @ 2025-04-18 02:46:10 : 33378 steps taken, and 3461 accepted.
[3 : mcmc] Learn + convergence test @ 3540 samples accepted.
[3 : mcmc] Ready to check convergence and learn a new proposal covmat (waiting for the rest...)
[1 : mcmc] Progress @ 2025-04-18 02:47:40 : 32267 steps taken, and 3137 accepted.
[0 : mcmc] Progress @ 2025-04-18 02:47:49 : 34235 steps taken, and 3361 accepted.
[3 : mcmc] Progress @ 2025-04-18 02:48:03 : 33006 steps taken, and 3548 accepted.
[2 : mcmc] Progress @ 2025-04-18 02:48:12 : 33431 steps taken, and 3465 accepted.
[1 : mcmc] Progress @ 2025-04-18 02:49:40 : 32316 steps taken, and 3145 accepted.
[0 : mcmc] Progress @ 2025-04-18 02:49:50 : 34284 steps taken, and 3365 accepted.
[3 : mcmc] Progress @ 2025-04-18 02:50:05 : 33056 steps taken, and 3552 accepted.
[2 : mcmc] Progress @ 2025-04-18 02:50:13 : 33511 steps taken, and 3469 accepted.
[1 : mcmc] Progress @ 2025-04-18 02:51:41 : 32364 steps taken, and 3150 accepted.
[0 : mcmc] Progress @ 2025-04-18 02:51:55 : 34366 steps taken, and 3369 accepted.
[3 : mcmc] Progress @ 2025-04-18 02:52:06 : 33131 steps taken, and 3559 accepted.
[2 : mcmc] Progress @ 2025-04-18 02:52:14 : 33612 steps taken, and 3475 accepted.
[1 : mcmc] Progress @ 2025-04-18 02:53:42 : 32423 steps taken, and 3159 accepted.
[0 : mcmc] Progress @ 2025-04-18 02:53:56 : 34455 steps taken, and 3376 accepted.
[3 : mcmc] Progress @ 2025-04-18 02:54:09 : 33202 steps taken, and 3567 accepted.
[2 : mcmc] Progress @ 2025-04-18 02:54:17 : 33689 steps taken, and 3480 accepted.
[2 : mcmc] Learn + convergence test @ 3480 samples accepted.
[2 : mcmc] Ready to check convergence and learn a new proposal covmat (waiting for the rest...)
[0 : mcmc] All chains are ready to check convergence and learn a new proposal covmat
[0 : mcmc]  - Acceptance rate: 0.089 = avg([0.0867, 0.0840, 0.0928, 0.0905])
[0 : mcmc]  - Convergence of means: R-1 = 0.075630 after 13590 accepted steps = sum([3380, 3162, 3480, 3568])
[0 : mcmc]  - Updated covariance matrix of proposal pdf.
[1 : mcmc] Progress @ 2025-04-18 02:55:44 : 32467 steps taken, and 3164 accepted.
[0 : mcmc] Progress @ 2025-04-18 02:55:56 : 34485 steps taken, and 3380 accepted.
[3 : mcmc] Progress @ 2025-04-18 02:56:11 : 33246 steps taken, and 3570 accepted.
[2 : mcmc] Progress @ 2025-04-18 02:56:18 : 33714 steps taken, and 3487 accepted.
[1 : mcmc] Progress @ 2025-04-18 02:57:46 : 32556 steps taken, and 3175 accepted.
[0 : mcmc] Progress @ 2025-04-18 02:57:59 : 34558 steps taken, and 3382 accepted.
[3 : mcmc] Progress @ 2025-04-18 02:58:16 : 33339 steps taken, and 3581 accepted.
[2 : mcmc] Progress @ 2025-04-18 02:58:21 : 33770 steps taken, and 3495 accepted.
[1 : mcmc] Learn + convergence test @ 3180 samples accepted.
[1 : mcmc] Ready to check convergence and learn a new proposal covmat (waiting for the rest...)
[1 : mcmc] Progress @ 2025-04-18 02:59:48 : 32627 steps taken, and 3182 accepted.
[0 : mcmc] Progress @ 2025-04-18 03:00:05 : 34626 steps taken, and 3392 accepted.
[3 : mcmc] Progress @ 2025-04-18 03:00:18 : 33406 steps taken, and 3589 accepted.
[2 : mcmc] Progress @ 2025-04-18 03:00:23 : 33836 steps taken, and 3504 accepted.
[1 : mcmc] Progress @ 2025-04-18 03:01:51 : 32689 steps taken, and 3191 accepted.
[3 : mcmc] Learn + convergence test @ 3600 samples accepted.
[3 : mcmc] Ready to check convergence and learn a new proposal covmat (waiting for the rest...)
[0 : mcmc] Progress @ 2025-04-18 03:02:08 : 34732 steps taken, and 3394 accepted.
[3 : mcmc] Progress @ 2025-04-18 03:02:20 : 33483 steps taken, and 3604 accepted.
[2 : mcmc] Progress @ 2025-04-18 03:02:26 : 33903 steps taken, and 3510 accepted.
[1 : mcmc] Progress @ 2025-04-18 03:03:52 : 32725 steps taken, and 3200 accepted.
[0 : mcmc] Progress @ 2025-04-18 03:04:09 : 34807 steps taken, and 3398 accepted.
[3 : mcmc] Progress @ 2025-04-18 03:04:21 : 33540 steps taken, and 3609 accepted.
[2 : mcmc] Progress @ 2025-04-18 03:04:28 : 33965 steps taken, and 3515 accepted.
[1 : mcmc] Progress @ 2025-04-18 03:05:55 : 32767 steps taken, and 3203 accepted.
[0 : mcmc] Progress @ 2025-04-18 03:06:12 : 34877 steps taken, and 3402 accepted.
[3 : mcmc] Progress @ 2025-04-18 03:06:29 : 33646 steps taken, and 3610 accepted.
[2 : mcmc] Progress @ 2025-04-18 03:06:31 : 34021 steps taken, and 3521 accepted.
[1 : mcmc] Progress @ 2025-04-18 03:08:01 : 32829 steps taken, and 3207 accepted.
[0 : mcmc] Progress @ 2025-04-18 03:08:15 : 34932 steps taken, and 3410 accepted.
[3 : mcmc] Progress @ 2025-04-18 03:08:31 : 33705 steps taken, and 3614 accepted.
[2 : mcmc] Progress @ 2025-04-18 03:08:32 : 34069 steps taken, and 3525 accepted.
[1 : mcmc] Progress @ 2025-04-18 03:10:02 : 32907 steps taken, and 3219 accepted.
[0 : mcmc] Progress @ 2025-04-18 03:10:17 : 35016 steps taken, and 3415 accepted.
[3 : mcmc] Progress @ 2025-04-18 03:10:36 : 33771 steps taken, and 3621 accepted.
[2 : mcmc] Progress @ 2025-04-18 03:10:37 : 34119 steps taken, and 3528 accepted.
[1 : mcmc] Progress @ 2025-04-18 03:12:02 : 32995 steps taken, and 3228 accepted.
[0 : mcmc] Progress @ 2025-04-18 03:12:17 : 35078 steps taken, and 3419 accepted.
[2 : mcmc] Progress @ 2025-04-18 03:12:38 : 34188 steps taken, and 3538 accepted.
[3 : mcmc] Progress @ 2025-04-18 03:12:38 : 33820 steps taken, and 3627 accepted.
[0 : mcmc] Learn + convergence test @ 3420 samples accepted.
[0 : mcmc] Ready to check convergence and learn a new proposal covmat (waiting for the rest...)
[2 : mcmc] Learn + convergence test @ 3540 samples accepted.
[2 : mcmc] Ready to check convergence and learn a new proposal covmat (waiting for the rest...)
[0 : mcmc] All chains are ready to check convergence and learn a new proposal covmat
[0 : mcmc]  - Acceptance rate: 0.089 = avg([0.0859, 0.0845, 0.0937, 0.0912])
[0 : mcmc]  - Convergence of means: R-1 = 0.073222 after 13829 accepted steps = sum([3423, 3236, 3540, 3630])
[0 : mcmc]  - Updated covariance matrix of proposal pdf.
[1 : mcmc] Progress @ 2025-04-18 03:14:03 : 33080 steps taken, and 3237 accepted.
[0 : mcmc] Progress @ 2025-04-18 03:14:19 : 35135 steps taken, and 3426 accepted.
[2 : mcmc] Progress @ 2025-04-18 03:14:39 : 34244 steps taken, and 3543 accepted.
[3 : mcmc] Progress @ 2025-04-18 03:14:40 : 33884 steps taken, and 3635 accepted.
[1 : mcmc] Learn + convergence test @ 3240 samples accepted.
[1 : mcmc] Ready to check convergence and learn a new proposal covmat (waiting for the rest...)
[1 : mcmc] Progress @ 2025-04-18 03:16:05 : 33144 steps taken, and 3243 accepted.
[0 : mcmc] Progress @ 2025-04-18 03:16:22 : 35218 steps taken, and 3431 accepted.
[3 : mcmc] Progress @ 2025-04-18 03:16:42 : 33946 steps taken, and 3640 accepted.
[2 : mcmc] Progress @ 2025-04-18 03:16:42 : 34320 steps taken, and 3548 accepted.
[1 : mcmc] Progress @ 2025-04-18 03:18:09 : 33234 steps taken, and 3251 accepted.
[0 : mcmc] Progress @ 2025-04-18 03:18:25 : 35294 steps taken, and 3443 accepted.
[3 : mcmc] Progress @ 2025-04-18 03:18:44 : 34014 steps taken, and 3644 accepted.
[2 : mcmc] Progress @ 2025-04-18 03:18:46 : 34389 steps taken, and 3554 accepted.
[1 : mcmc] Progress @ 2025-04-18 03:20:10 : 33336 steps taken, and 3259 accepted.
[0 : mcmc] Progress @ 2025-04-18 03:20:25 : 35356 steps taken, and 3449 accepted.
[3 : mcmc] Progress @ 2025-04-18 03:20:45 : 34079 steps taken, and 3648 accepted.
[2 : mcmc] Progress @ 2025-04-18 03:20:48 : 34438 steps taken, and 3559 accepted.
[1 : mcmc] Progress @ 2025-04-18 03:22:12 : 33427 steps taken, and 3267 accepted.
[0 : mcmc] Progress @ 2025-04-18 03:22:28 : 35411 steps taken, and 3458 accepted.
[3 : mcmc] Progress @ 2025-04-18 03:22:48 : 34187 steps taken, and 3658 accepted.
[2 : mcmc] Progress @ 2025-04-18 03:22:49 : 34483 steps taken, and 3561 accepted.
[3 : mcmc] Learn + convergence test @ 3660 samples accepted.
[3 : mcmc] Ready to check convergence and learn a new proposal covmat (waiting for the rest...)
[1 : mcmc] Progress @ 2025-04-18 03:24:15 : 33548 steps taken, and 3275 accepted.
[0 : mcmc] Progress @ 2025-04-18 03:24:34 : 35478 steps taken, and 3460 accepted.
[2 : mcmc] Progress @ 2025-04-18 03:24:50 : 34552 steps taken, and 3565 accepted.
[3 : mcmc] Progress @ 2025-04-18 03:24:52 : 34251 steps taken, and 3661 accepted.
[1 : mcmc] Progress @ 2025-04-18 03:26:18 : 33639 steps taken, and 3281 accepted.
[0 : mcmc] Progress @ 2025-04-18 03:26:35 : 35538 steps taken, and 3462 accepted.
[2 : mcmc] Progress @ 2025-04-18 03:26:51 : 34620 steps taken, and 3574 accepted.
[3 : mcmc] Progress @ 2025-04-18 03:26:53 : 34323 steps taken, and 3667 accepted.
[1 : mcmc] Progress @ 2025-04-18 03:28:19 : 33796 steps taken, and 3287 accepted.
[0 : mcmc] Progress @ 2025-04-18 03:28:37 : 35598 steps taken, and 3468 accepted.
[2 : mcmc] Progress @ 2025-04-18 03:28:52 : 34703 steps taken, and 3579 accepted.
[3 : mcmc] Progress @ 2025-04-18 03:28:56 : 34373 steps taken, and 3677 accepted.
[1 : mcmc] Progress @ 2025-04-18 03:30:22 : 33870 steps taken, and 3293 accepted.
[0 : mcmc] Progress @ 2025-04-18 03:30:41 : 35649 steps taken, and 3476 accepted.
[2 : mcmc] Progress @ 2025-04-18 03:30:55 : 34791 steps taken, and 3585 accepted.
[3 : mcmc] Progress @ 2025-04-18 03:30:59 : 34422 steps taken, and 3685 accepted.
[0 : mcmc] Learn + convergence test @ 3480 samples accepted.
[0 : mcmc] Ready to check convergence and learn a new proposal covmat (waiting for the rest...)
[1 : mcmc] Progress @ 2025-04-18 03:32:23 : 33962 steps taken, and 3297 accepted.
[0 : mcmc] Progress @ 2025-04-18 03:32:42 : 35703 steps taken, and 3481 accepted.
[1 : mcmc] Learn + convergence test @ 3300 samples accepted.
[2 : mcmc] Progress @ 2025-04-18 03:32:56 : 34868 steps taken, and 3592 accepted.
[3 : mcmc] Progress @ 2025-04-18 03:33:01 : 34477 steps taken, and 3695 accepted.
[2 : mcmc] Learn + convergence test @ 3600 samples accepted.
[2 : mcmc] Ready to check convergence and learn a new proposal covmat (waiting for the rest...)
[1 : mcmc] Progress @ 2025-04-18 03:34:24 : 34021 steps taken, and 3303 accepted.
[0 : mcmc] All chains are ready to check convergence and learn a new proposal covmat
[0 : mcmc]  - Acceptance rate: 0.089 = avg([0.0861, 0.0857, 0.0934, 0.0913])
[0 : mcmc]  - Convergence of means: R-1 = 0.077538 after 14088 accepted steps = sum([3484, 3304, 3600, 3700])
[0 : mcmc]  - Updated covariance matrix of proposal pdf.
[0 : mcmc] Progress @ 2025-04-18 03:34:45 : 35760 steps taken, and 3484 accepted.
[2 : mcmc] Progress @ 2025-04-18 03:34:57 : 34915 steps taken, and 3600 accepted.
[3 : mcmc] Progress @ 2025-04-18 03:35:04 : 34541 steps taken, and 3702 accepted.
[1 : mcmc] Progress @ 2025-04-18 03:36:25 : 34094 steps taken, and 3313 accepted.
[0 : mcmc] Progress @ 2025-04-18 03:36:47 : 35840 steps taken, and 3488 accepted.
[2 : mcmc] Progress @ 2025-04-18 03:36:58 : 34987 steps taken, and 3611 accepted.
[3 : mcmc] Progress @ 2025-04-18 03:37:05 : 34594 steps taken, and 3707 accepted.
[1 : mcmc] Progress @ 2025-04-18 03:38:25 : 34160 steps taken, and 3320 accepted.
[0 : mcmc] Progress @ 2025-04-18 03:38:48 : 35902 steps taken, and 3491 accepted.
[2 : mcmc] Progress @ 2025-04-18 03:38:59 : 35059 steps taken, and 3619 accepted.
[3 : mcmc] Progress @ 2025-04-18 03:39:06 : 34670 steps taken, and 3711 accepted.
[1 : mcmc] Progress @ 2025-04-18 03:40:25 : 34230 steps taken, and 3327 accepted.
[0 : mcmc] Progress @ 2025-04-18 03:40:49 : 35947 steps taken, and 3496 accepted.
[2 : mcmc] Progress @ 2025-04-18 03:41:00 : 35126 steps taken, and 3624 accepted.
[3 : mcmc] Progress @ 2025-04-18 03:41:09 : 34799 steps taken, and 3717 accepted.
[1 : mcmc] Progress @ 2025-04-18 03:42:27 : 34303 steps taken, and 3338 accepted.
[3 : mcmc] Learn + convergence test @ 3720 samples accepted.
[3 : mcmc] Ready to check convergence and learn a new proposal covmat (waiting for the rest...)
[0 : mcmc] Progress @ 2025-04-18 03:42:55 : 36027 steps taken, and 3497 accepted.
[2 : mcmc] Progress @ 2025-04-18 03:43:01 : 35202 steps taken, and 3631 accepted.
[3 : mcmc] Progress @ 2025-04-18 03:43:14 : 34993 steps taken, and 3720 accepted.
[1 : mcmc] Progress @ 2025-04-18 03:44:27 : 34362 steps taken, and 3342 accepted.
[0 : mcmc] Progress @ 2025-04-18 03:44:57 : 36092 steps taken, and 3504 accepted.
[2 : mcmc] Progress @ 2025-04-18 03:45:01 : 35279 steps taken, and 3641 accepted.
[3 : mcmc] Progress @ 2025-04-18 03:45:15 : 35076 steps taken, and 3726 accepted.
[1 : mcmc] Progress @ 2025-04-18 03:46:33 : 34440 steps taken, and 3347 accepted.
[0 : mcmc] Progress @ 2025-04-18 03:46:57 : 36164 steps taken, and 3509 accepted.
[2 : mcmc] Progress @ 2025-04-18 03:47:03 : 35356 steps taken, and 3648 accepted.
[3 : mcmc] Progress @ 2025-04-18 03:47:18 : 35123 steps taken, and 3730 accepted.
[1 : mcmc] Progress @ 2025-04-18 03:48:35 : 34506 steps taken, and 3354 accepted.
[0 : mcmc] Progress @ 2025-04-18 03:48:59 : 36217 steps taken, and 3514 accepted.
[2 : mcmc] Progress @ 2025-04-18 03:49:05 : 35484 steps taken, and 3656 accepted.
[3 : mcmc] Progress @ 2025-04-18 03:49:21 : 35207 steps taken, and 3738 accepted.
[2 : mcmc] Learn + convergence test @ 3660 samples accepted.
[2 : mcmc] Ready to check convergence and learn a new proposal covmat (waiting for the rest...)
[1 : mcmc] Progress @ 2025-04-18 03:50:39 : 34567 steps taken, and 3356 accepted.
[0 : mcmc] Progress @ 2025-04-18 03:51:03 : 36314 steps taken, and 3522 accepted.
[2 : mcmc] Progress @ 2025-04-18 03:51:06 : 35561 steps taken, and 3663 accepted.
[3 : mcmc] Progress @ 2025-04-18 03:51:24 : 35283 steps taken, and 3748 accepted.
[1 : mcmc] Progress @ 2025-04-18 03:52:40 : 34635 steps taken, and 3360 accepted.
[1 : mcmc] Learn + convergence test @ 3360 samples accepted.
[1 : mcmc] Ready to check convergence and learn a new proposal covmat (waiting for the rest...)
[0 : mcmc] Progress @ 2025-04-18 03:53:06 : 36371 steps taken, and 3528 accepted.
[2 : mcmc] Progress @ 2025-04-18 03:53:08 : 35616 steps taken, and 3669 accepted.
[3 : mcmc] Progress @ 2025-04-18 03:53:25 : 35381 steps taken, and 3762 accepted.
[1 : mcmc] Progress @ 2025-04-18 03:54:43 : 34686 steps taken, and 3365 accepted.
[0 : mcmc] Progress @ 2025-04-18 03:55:07 : 36439 steps taken, and 3536 accepted.
[2 : mcmc] Progress @ 2025-04-18 03:55:09 : 35683 steps taken, and 3671 accepted.
[3 : mcmc] Progress @ 2025-04-18 03:55:27 : 35447 steps taken, and 3767 accepted.
[0 : mcmc] Learn + convergence test @ 3540 samples accepted.
[0 : mcmc] Ready to check convergence and learn a new proposal covmat (waiting for the rest...)
[0 : mcmc] All chains are ready to check convergence and learn a new proposal covmat
[0 : mcmc]  - Acceptance rate: 0.089 = avg([0.0856, 0.0851, 0.0931, 0.0904])
[0 : mcmc]  - Convergence of means: R-1 = 0.070798 after 14362 accepted steps = sum([3540, 3371, 3680, 3771])
[0 : mcmc]  - Updated covariance matrix of proposal pdf.
[1 : mcmc] Progress @ 2025-04-18 03:56:44 : 34775 steps taken, and 3372 accepted.
[0 : mcmc] Progress @ 2025-04-18 03:57:09 : 36488 steps taken, and 3544 accepted.
[2 : mcmc] Progress @ 2025-04-18 03:57:11 : 35760 steps taken, and 3681 accepted.
[3 : mcmc] Progress @ 2025-04-18 03:57:30 : 35493 steps taken, and 3774 accepted.
[1 : mcmc] Progress @ 2025-04-18 03:58:45 : 34869 steps taken, and 3380 accepted.
[3 : mcmc] Learn + convergence test @ 3780 samples accepted.
[3 : mcmc] Ready to check convergence and learn a new proposal covmat (waiting for the rest...)
[0 : mcmc] Progress @ 2025-04-18 03:59:11 : 36560 steps taken, and 3552 accepted.
[2 : mcmc] Progress @ 2025-04-18 03:59:13 : 35841 steps taken, and 3687 accepted.
[3 : mcmc] Progress @ 2025-04-18 03:59:31 : 35600 steps taken, and 3784 accepted.
[1 : mcmc] Progress @ 2025-04-18 04:00:46 : 34969 steps taken, and 3389 accepted.
[0 : mcmc] Progress @ 2025-04-18 04:01:13 : 36677 steps taken, and 3565 accepted.
[2 : mcmc] Progress @ 2025-04-18 04:01:15 : 35907 steps taken, and 3694 accepted.
[3 : mcmc] Progress @ 2025-04-18 04:01:33 : 35702 steps taken, and 3790 accepted.
[1 : mcmc] Progress @ 2025-04-18 04:02:47 : 35035 steps taken, and 3394 accepted.
[0 : mcmc] Progress @ 2025-04-18 04:03:16 : 36749 steps taken, and 3572 accepted.
[2 : mcmc] Progress @ 2025-04-18 04:03:21 : 35972 steps taken, and 3699 accepted.
[3 : mcmc] Progress @ 2025-04-18 04:03:33 : 35794 steps taken, and 3795 accepted.
[1 : mcmc] Progress @ 2025-04-18 04:04:47 : 35126 steps taken, and 3401 accepted.
[0 : mcmc] Progress @ 2025-04-18 04:05:21 : 36811 steps taken, and 3578 accepted.
[2 : mcmc] Progress @ 2025-04-18 04:05:23 : 36043 steps taken, and 3709 accepted.
[3 : mcmc] Progress @ 2025-04-18 04:05:35 : 35872 steps taken, and 3802 accepted.
[1 : mcmc] Progress @ 2025-04-18 04:06:47 : 35222 steps taken, and 3408 accepted.
[2 : mcmc] Progress @ 2025-04-18 04:07:25 : 36125 steps taken, and 3717 accepted.
[0 : mcmc] Progress @ 2025-04-18 04:07:26 : 36852 steps taken, and 3581 accepted.
[2 : mcmc] Learn + convergence test @ 3720 samples accepted.
[2 : mcmc] Ready to check convergence and learn a new proposal covmat (waiting for the rest...)
[3 : mcmc] Progress @ 2025-04-18 04:07:40 : 35924 steps taken, and 3805 accepted.
[1 : mcmc] Progress @ 2025-04-18 04:08:50 : 35300 steps taken, and 3416 accepted.
[1 : mcmc] Learn + convergence test @ 3420 samples accepted.
[1 : mcmc] Ready to check convergence and learn a new proposal covmat (waiting for the rest...)
[2 : mcmc] Progress @ 2025-04-18 04:09:26 : 36219 steps taken, and 3727 accepted.
[0 : mcmc] Progress @ 2025-04-18 04:09:26 : 36893 steps taken, and 3583 accepted.
[3 : mcmc] Progress @ 2025-04-18 04:09:43 : 35996 steps taken, and 3814 accepted.
[1 : mcmc] Progress @ 2025-04-18 04:10:52 : 35376 steps taken, and 3427 accepted.
[2 : mcmc] Progress @ 2025-04-18 04:11:27 : 36317 steps taken, and 3736 accepted.
[0 : mcmc] Progress @ 2025-04-18 04:11:28 : 36931 steps taken, and 3584 accepted.
[3 : mcmc] Progress @ 2025-04-18 04:11:43 : 36051 steps taken, and 3820 accepted.
[1 : mcmc] Progress @ 2025-04-18 04:12:53 : 35429 steps taken, and 3431 accepted.
[2 : mcmc] Progress @ 2025-04-18 04:13:29 : 36388 steps taken, and 3743 accepted.
[0 : mcmc] Progress @ 2025-04-18 04:13:30 : 36967 steps taken, and 3587 accepted.
[3 : mcmc] Progress @ 2025-04-18 04:13:45 : 36115 steps taken, and 3830 accepted.
[1 : mcmc] Progress @ 2025-04-18 04:14:57 : 35490 steps taken, and 3439 accepted.
[2 : mcmc] Progress @ 2025-04-18 04:15:30 : 36446 steps taken, and 3751 accepted.
[0 : mcmc] Progress @ 2025-04-18 04:15:33 : 37005 steps taken, and 3589 accepted.
[3 : mcmc] Progress @ 2025-04-18 04:15:47 : 36162 steps taken, and 3836 accepted.
[1 : mcmc] Progress @ 2025-04-18 04:17:00 : 35548 steps taken, and 3445 accepted.
[2 : mcmc] Progress @ 2025-04-18 04:17:30 : 36483 steps taken, and 3756 accepted.
[0 : mcmc] Progress @ 2025-04-18 04:17:35 : 37056 steps taken, and 3589 accepted.
[3 : mcmc] Progress @ 2025-04-18 04:17:49 : 36216 steps taken, and 3839 accepted.
[1 : mcmc] Progress @ 2025-04-18 04:19:01 : 35604 steps taken, and 3451 accepted.
[3 : mcmc] Learn + convergence test @ 3840 samples accepted.
[2 : mcmc] Progress @ 2025-04-18 04:19:33 : 36534 steps taken, and 3764 accepted.
[0 : mcmc] Progress @ 2025-04-18 04:19:36 : 37124 steps taken, and 3589 accepted.
[3 : mcmc] Progress @ 2025-04-18 04:19:50 : 36282 steps taken, and 3840 accepted.
[1 : mcmc] Progress @ 2025-04-18 04:21:03 : 35662 steps taken, and 3459 accepted.
[2 : mcmc] Progress @ 2025-04-18 04:21:36 : 36574 steps taken, and 3766 accepted.
[0 : mcmc] Progress @ 2025-04-18 04:21:40 : 37180 steps taken, and 3592 accepted.
[3 : mcmc] Progress @ 2025-04-18 04:21:52 : 36346 steps taken, and 3849 accepted.
[1 : mcmc] Progress @ 2025-04-18 04:23:06 : 35726 steps taken, and 3467 accepted.
[2 : mcmc] Progress @ 2025-04-18 04:23:37 : 36620 steps taken, and 3768 accepted.
[0 : mcmc] Progress @ 2025-04-18 04:23:43 : 37223 steps taken, and 3592 accepted.
[3 : mcmc] Progress @ 2025-04-18 04:23:54 : 36400 steps taken, and 3857 accepted.
[1 : mcmc] Progress @ 2025-04-18 04:25:09 : 35777 steps taken, and 3471 accepted.
[2 : mcmc] Progress @ 2025-04-18 04:25:38 : 36693 steps taken, and 3772 accepted.
[0 : mcmc] Progress @ 2025-04-18 04:25:43 : 37263 steps taken, and 3593 accepted.
[3 : mcmc] Progress @ 2025-04-18 04:25:56 : 36442 steps taken, and 3862 accepted.
[1 : mcmc] Progress @ 2025-04-18 04:27:11 : 35827 steps taken, and 3476 accepted.
[2 : mcmc] Learn + convergence test @ 3780 samples accepted.
[2 : mcmc] Progress @ 2025-04-18 04:27:39 : 36771 steps taken, and 3781 accepted.
[0 : mcmc] Progress @ 2025-04-18 04:27:45 : 37328 steps taken, and 3593 accepted.
[3 : mcmc] Progress @ 2025-04-18 04:28:02 : 36541 steps taken, and 3873 accepted.
[1 : mcmc] Learn + convergence test @ 3480 samples accepted.
[1 : mcmc] Progress @ 2025-04-18 04:29:11 : 35877 steps taken, and 3485 accepted.
[2 : mcmc] Progress @ 2025-04-18 04:29:42 : 36895 steps taken, and 3788 accepted.
[0 : mcmc] Progress @ 2025-04-18 04:29:54 : 37389 steps taken, and 3593 accepted.
[3 : mcmc] Progress @ 2025-04-18 04:30:05 : 36646 steps taken, and 3882 accepted.
[1 : mcmc] Progress @ 2025-04-18 04:31:15 : 35928 steps taken, and 3489 accepted.
[2 : mcmc] Progress @ 2025-04-18 04:31:42 : 36989 steps taken, and 3795 accepted.
[0 : mcmc] Progress @ 2025-04-18 04:31:55 : 37451 steps taken, and 3594 accepted.
[3 : mcmc] Progress @ 2025-04-18 04:32:06 : 36722 steps taken, and 3886 accepted.
[1 : mcmc] Progress @ 2025-04-18 04:33:18 : 35988 steps taken, and 3497 accepted.
[2 : mcmc] Progress @ 2025-04-18 04:33:43 : 37058 steps taken, and 3803 accepted.
[0 : mcmc] Progress @ 2025-04-18 04:33:59 : 37518 steps taken, and 3596 accepted.
[3 : mcmc] Progress @ 2025-04-18 04:34:07 : 36773 steps taken, and 3898 accepted.
[3 : mcmc] Learn + convergence test @ 3900 samples accepted.
[1 : mcmc] Progress @ 2025-04-18 04:35:21 : 36043 steps taken, and 3502 accepted.
[2 : mcmc] Progress @ 2025-04-18 04:35:46 : 37139 steps taken, and 3807 accepted.
[0 : mcmc] Progress @ 2025-04-18 04:36:01 : 37580 steps taken, and 3598 accepted.
[3 : mcmc] Progress @ 2025-04-18 04:36:08 : 36827 steps taken, and 3904 accepted.
[1 : mcmc] Progress @ 2025-04-18 04:37:25 : 36098 steps taken, and 3509 accepted.
[2 : mcmc] Progress @ 2025-04-18 04:37:48 : 37204 steps taken, and 3810 accepted.
[0 : mcmc] Progress @ 2025-04-18 04:38:04 : 37663 steps taken, and 3599 accepted.
[3 : mcmc] Progress @ 2025-04-18 04:38:09 : 36922 steps taken, and 3913 accepted.
[0 : mcmc] Learn + convergence test @ 3600 samples accepted.
[0 : mcmc] Ready to check convergence and learn a new proposal covmat (waiting for the rest...)
[0 : mcmc] All chains are ready to check convergence and learn a new proposal covmat
[0 : mcmc]  - Acceptance rate: 0.089 = avg([0.0830, 0.0910, 0.0931, 0.0904])
[0 : mcmc]  - Convergence of means: R-1 = 0.058148 after 14843 accepted steps = sum([3600, 3514, 3815, 3914])
[0 : mcmc]  - Updated covariance matrix of proposal pdf.
[1 : mcmc] Progress @ 2025-04-18 04:39:27 : 36126 steps taken, and 3514 accepted.
[2 : mcmc] Progress @ 2025-04-18 04:39:48 : 37254 steps taken, and 3818 accepted.
[0 : mcmc] Progress @ 2025-04-18 04:40:06 : 37712 steps taken, and 3600 accepted.
[3 : mcmc] Progress @ 2025-04-18 04:40:10 : 36989 steps taken, and 3922 accepted.
[1 : mcmc] Progress @ 2025-04-18 04:41:30 : 36210 steps taken, and 3517 accepted.
[2 : mcmc] Progress @ 2025-04-18 04:41:48 : 37302 steps taken, and 3825 accepted.
[0 : mcmc] Progress @ 2025-04-18 04:42:08 : 37817 steps taken, and 3602 accepted.
[3 : mcmc] Progress @ 2025-04-18 04:42:13 : 37040 steps taken, and 3927 accepted.
[1 : mcmc] Progress @ 2025-04-18 04:43:34 : 36278 steps taken, and 3524 accepted.
[2 : mcmc] Progress @ 2025-04-18 04:43:48 : 37358 steps taken, and 3832 accepted.
[0 : mcmc] Progress @ 2025-04-18 04:44:09 : 37899 steps taken, and 3604 accepted.
[3 : mcmc] Progress @ 2025-04-18 04:44:16 : 37090 steps taken, and 3932 accepted.
[1 : mcmc] Progress @ 2025-04-18 04:45:35 : 36326 steps taken, and 3526 accepted.
[2 : mcmc] Progress @ 2025-04-18 04:45:53 : 37418 steps taken, and 3840 accepted.
[2 : mcmc] Learn + convergence test @ 3840 samples accepted.
[2 : mcmc] Ready to check convergence and learn a new proposal covmat (waiting for the rest...)
[0 : mcmc] Progress @ 2025-04-18 04:46:17 : 37993 steps taken, and 3609 accepted.
[3 : mcmc] Progress @ 2025-04-18 04:46:23 : 37151 steps taken, and 3940 accepted.
[1 : mcmc] Progress @ 2025-04-18 04:47:39 : 36378 steps taken, and 3536 accepted.
[2 : mcmc] Progress @ 2025-04-18 04:47:55 : 37489 steps taken, and 3843 accepted.
[0 : mcmc] Progress @ 2025-04-18 04:48:21 : 38052 steps taken, and 3614 accepted.
[3 : mcmc] Progress @ 2025-04-18 04:48:24 : 37212 steps taken, and 3948 accepted.
[1 : mcmc] Learn + convergence test @ 3540 samples accepted.
[1 : mcmc] Ready to check convergence and learn a new proposal covmat (waiting for the rest...)
[1 : mcmc] Progress @ 2025-04-18 04:49:41 : 36428 steps taken, and 3541 accepted.
[2 : mcmc] Progress @ 2025-04-18 04:49:58 : 37566 steps taken, and 3852 accepted.
[0 : mcmc] Progress @ 2025-04-18 04:50:24 : 38103 steps taken, and 3621 accepted.
[3 : mcmc] Progress @ 2025-04-18 04:50:25 : 37261 steps taken, and 3953 accepted.
[1 : mcmc] Progress @ 2025-04-18 04:51:45 : 36494 steps taken, and 3544 accepted.
[2 : mcmc] Progress @ 2025-04-18 04:51:58 : 37672 steps taken, and 3857 accepted.
[3 : mcmc] Learn + convergence test @ 3960 samples accepted.
[3 : mcmc] Ready to check convergence and learn a new proposal covmat (waiting for the rest...)
[0 : mcmc] Progress @ 2025-04-18 04:52:26 : 38161 steps taken, and 3629 accepted.
[3 : mcmc] Progress @ 2025-04-18 04:52:28 : 37326 steps taken, and 3962 accepted.
[1 : mcmc] Progress @ 2025-04-18 04:53:48 : 36553 steps taken, and 3547 accepted.
[2 : mcmc] Progress @ 2025-04-18 04:53:59 : 37762 steps taken, and 3866 accepted.
[0 : mcmc] Progress @ 2025-04-18 04:54:26 : 38229 steps taken, and 3634 accepted.
[3 : mcmc] Progress @ 2025-04-18 04:54:31 : 37399 steps taken, and 3970 accepted.
[1 : mcmc] Progress @ 2025-04-18 04:55:51 : 36615 steps taken, and 3554 accepted.
[2 : mcmc] Progress @ 2025-04-18 04:56:01 : 37804 steps taken, and 3872 accepted.
[0 : mcmc] Progress @ 2025-04-18 04:56:30 : 38301 steps taken, and 3636 accepted.
[3 : mcmc] Progress @ 2025-04-18 04:56:34 : 37453 steps taken, and 3972 accepted.
[1 : mcmc] Progress @ 2025-04-18 04:57:51 : 36662 steps taken, and 3566 accepted.
[2 : mcmc] Progress @ 2025-04-18 04:58:04 : 37894 steps taken, and 3876 accepted.
[0 : mcmc] Progress @ 2025-04-18 04:58:33 : 38378 steps taken, and 3642 accepted.
[3 : mcmc] Progress @ 2025-04-18 04:58:39 : 37529 steps taken, and 3974 accepted.
[1 : mcmc] Progress @ 2025-04-18 04:59:52 : 36741 steps taken, and 3574 accepted.
[2 : mcmc] Progress @ 2025-04-18 05:00:07 : 37975 steps taken, and 3879 accepted.
[0 : mcmc] Progress @ 2025-04-18 05:00:35 : 38447 steps taken, and 3650 accepted.
[3 : mcmc] Progress @ 2025-04-18 05:00:42 : 37578 steps taken, and 3979 accepted.
[1 : mcmc] Progress @ 2025-04-18 05:01:54 : 36803 steps taken, and 3577 accepted.
[2 : mcmc] Progress @ 2025-04-18 05:02:08 : 38031 steps taken, and 3883 accepted.
[0 : mcmc] Progress @ 2025-04-18 05:02:35 : 38519 steps taken, and 3658 accepted.
[3 : mcmc] Progress @ 2025-04-18 05:02:44 : 37633 steps taken, and 3985 accepted.
[0 : mcmc] Learn + convergence test @ 3660 samples accepted.
[0 : mcmc] Ready to check convergence and learn a new proposal covmat (waiting for the rest...)
[0 : mcmc] All chains are ready to check convergence and learn a new proposal covmat
[0 : mcmc]  - Acceptance rate: 0.089 = avg([0.0825, 0.0908, 0.0921, 0.0909])
[0 : mcmc]  - Convergence of means: R-1 = 0.062101 after 15111 accepted steps = sum([3660, 3579, 3886, 3986])
[0 : mcmc]  - Updated covariance matrix of proposal pdf.
[1 : mcmc] Progress @ 2025-04-18 05:03:58 : 36870 steps taken, and 3581 accepted.
[2 : mcmc] Progress @ 2025-04-18 05:04:12 : 38125 steps taken, and 3887 accepted.
[0 : mcmc] Progress @ 2025-04-18 05:04:37 : 38571 steps taken, and 3665 accepted.
[3 : mcmc] Progress @ 2025-04-18 05:04:46 : 37695 steps taken, and 3992 accepted.
[1 : mcmc] Progress @ 2025-04-18 05:05:59 : 36913 steps taken, and 3587 accepted.
[2 : mcmc] Progress @ 2025-04-18 05:06:13 : 38200 steps taken, and 3896 accepted.
[0 : mcmc] Progress @ 2025-04-18 05:06:42 : 38612 steps taken, and 3665 accepted.
[3 : mcmc] Progress @ 2025-04-18 05:06:48 : 37740 steps taken, and 3997 accepted.
[2 : mcmc] Learn + convergence test @ 3900 samples accepted.
[2 : mcmc] Ready to check convergence and learn a new proposal covmat (waiting for the rest...)
[1 : mcmc] Progress @ 2025-04-18 05:08:02 : 36992 steps taken, and 3594 accepted.
[2 : mcmc] Progress @ 2025-04-18 05:08:13 : 38288 steps taken, and 3901 accepted.
[0 : mcmc] Progress @ 2025-04-18 05:08:43 : 38657 steps taken, and 3667 accepted.
[3 : mcmc] Progress @ 2025-04-18 05:08:51 : 37809 steps taken, and 4003 accepted.
[1 : mcmc] Progress @ 2025-04-18 05:10:04 : 37053 steps taken, and 3599 accepted.
[2 : mcmc] Progress @ 2025-04-18 05:10:14 : 38348 steps taken, and 3905 accepted.
[0 : mcmc] Progress @ 2025-04-18 05:10:45 : 38734 steps taken, and 3679 accepted.
[3 : mcmc] Progress @ 2025-04-18 05:10:53 : 37871 steps taken, and 4012 accepted.
[1 : mcmc] Learn + convergence test @ 3600 samples accepted.
[1 : mcmc] Ready to check convergence and learn a new proposal covmat (waiting for the rest...)
[1 : mcmc] Progress @ 2025-04-18 05:12:07 : 37152 steps taken, and 3603 accepted.
[2 : mcmc] Progress @ 2025-04-18 05:12:17 : 38416 steps taken, and 3908 accepted.
[0 : mcmc] Progress @ 2025-04-18 05:12:47 : 38827 steps taken, and 3688 accepted.
[3 : mcmc] Learn + convergence test @ 4020 samples accepted.
[3 : mcmc] Ready to check convergence and learn a new proposal covmat (waiting for the rest...)
[3 : mcmc] Progress @ 2025-04-18 05:12:54 : 37927 steps taken, and 4021 accepted.
[1 : mcmc] Progress @ 2025-04-18 05:14:07 : 37267 steps taken, and 3613 accepted.
[2 : mcmc] Progress @ 2025-04-18 05:14:18 : 38510 steps taken, and 3914 accepted.
[0 : mcmc] Progress @ 2025-04-18 05:14:50 : 38920 steps taken, and 3697 accepted.
[3 : mcmc] Progress @ 2025-04-18 05:14:55 : 38018 steps taken, and 4032 accepted.
[1 : mcmc] Progress @ 2025-04-18 05:16:10 : 37336 steps taken, and 3618 accepted.
[2 : mcmc] Progress @ 2025-04-18 05:16:22 : 38580 steps taken, and 3923 accepted.
[0 : mcmc] Progress @ 2025-04-18 05:16:52 : 39036 steps taken, and 3708 accepted.
[3 : mcmc] Progress @ 2025-04-18 05:16:57 : 38096 steps taken, and 4042 accepted.
[1 : mcmc] Progress @ 2025-04-18 05:18:13 : 37390 steps taken, and 3622 accepted.
[2 : mcmc] Progress @ 2025-04-18 05:18:27 : 38630 steps taken, and 3929 accepted.
[0 : mcmc] Progress @ 2025-04-18 05:18:53 : 39113 steps taken, and 3719 accepted.
[0 : mcmc] Learn + convergence test @ 3720 samples accepted.
[0 : mcmc] Ready to check convergence and learn a new proposal covmat (waiting for the rest...)
[0 : mcmc] All chains are ready to check convergence and learn a new proposal covmat
[3 : mcmc] Progress @ 2025-04-18 05:18:57 : 38158 steps taken, and 4051 accepted.
[0 : mcmc]  - Acceptance rate: 0.089 = avg([0.0826, 0.0907, 0.0916, 0.0912])
[0 : mcmc]  - Convergence of means: R-1 = 0.063383 after 15329 accepted steps = sum([3720, 3627, 3931, 4051])
[0 : mcmc]  - Updated covariance matrix of proposal pdf.
[1 : mcmc] Progress @ 2025-04-18 05:20:15 : 37431 steps taken, and 3627 accepted.
[2 : mcmc] Progress @ 2025-04-18 05:20:28 : 38679 steps taken, and 3932 accepted.
[0 : mcmc] Progress @ 2025-04-18 05:20:55 : 39163 steps taken, and 3722 accepted.
[3 : mcmc] Progress @ 2025-04-18 05:21:01 : 38192 steps taken, and 4055 accepted.
[1 : mcmc] Progress @ 2025-04-18 05:22:16 : 37482 steps taken, and 3633 accepted.
[2 : mcmc] Progress @ 2025-04-18 05:22:33 : 38729 steps taken, and 3942 accepted.
[0 : mcmc] Progress @ 2025-04-18 05:22:57 : 39254 steps taken, and 3731 accepted.
[3 : mcmc] Progress @ 2025-04-18 05:23:05 : 38231 steps taken, and 4059 accepted.
[1 : mcmc] Progress @ 2025-04-18 05:24:20 : 37524 steps taken, and 3633 accepted.
[2 : mcmc] Progress @ 2025-04-18 05:24:37 : 38809 steps taken, and 3947 accepted.
[0 : mcmc] Progress @ 2025-04-18 05:24:58 : 39312 steps taken, and 3741 accepted.
[3 : mcmc] Progress @ 2025-04-18 05:25:05 : 38297 steps taken, and 4069 accepted.
[1 : mcmc] Progress @ 2025-04-18 05:26:23 : 37584 steps taken, and 3644 accepted.
[2 : mcmc] Learn + convergence test @ 3960 samples accepted.
[2 : mcmc] Ready to check convergence and learn a new proposal covmat (waiting for the rest...)
[2 : mcmc] Progress @ 2025-04-18 05:26:38 : 38940 steps taken, and 3961 accepted.
[0 : mcmc] Progress @ 2025-04-18 05:26:59 : 39411 steps taken, and 3752 accepted.
[3 : mcmc] Progress @ 2025-04-18 05:27:08 : 38352 steps taken, and 4076 accepted.
[3 : mcmc] Learn + convergence test @ 4080 samples accepted.
[3 : mcmc] Ready to check convergence and learn a new proposal covmat (waiting for the rest...)
[1 : mcmc] Progress @ 2025-04-18 05:28:25 : 37663 steps taken, and 3655 accepted.
[2 : mcmc] Progress @ 2025-04-18 05:28:41 : 39013 steps taken, and 3966 accepted.
[0 : mcmc] Progress @ 2025-04-18 05:29:05 : 39506 steps taken, and 3755 accepted.
[3 : mcmc] Progress @ 2025-04-18 05:29:08 : 38433 steps taken, and 4087 accepted.
[1 : mcmc] Learn + convergence test @ 3660 samples accepted.
[1 : mcmc] Ready to check convergence and learn a new proposal covmat (waiting for the rest...)
[1 : mcmc] Progress @ 2025-04-18 05:30:27 : 37721 steps taken, and 3661 accepted.
[2 : mcmc] Progress @ 2025-04-18 05:30:42 : 39077 steps taken, and 3976 accepted.
[0 : mcmc] Progress @ 2025-04-18 05:31:07 : 39598 steps taken, and 3762 accepted.
[3 : mcmc] Progress @ 2025-04-18 05:31:10 : 38510 steps taken, and 4092 accepted.
[1 : mcmc] Progress @ 2025-04-18 05:32:27 : 37809 steps taken, and 3670 accepted.
[2 : mcmc] Progress @ 2025-04-18 05:32:42 : 39167 steps taken, and 3984 accepted.
[0 : mcmc] Progress @ 2025-04-18 05:33:08 : 39653 steps taken, and 3765 accepted.
[3 : mcmc] Progress @ 2025-04-18 05:33:13 : 38579 steps taken, and 4102 accepted.
[1 : mcmc] Progress @ 2025-04-18 05:34:30 : 37873 steps taken, and 3678 accepted.
[2 : mcmc] Progress @ 2025-04-18 05:34:44 : 39270 steps taken, and 3987 accepted.
[0 : mcmc] Progress @ 2025-04-18 05:35:12 : 39697 steps taken, and 3769 accepted.
[3 : mcmc] Progress @ 2025-04-18 05:35:15 : 38651 steps taken, and 4110 accepted.
[1 : mcmc] Progress @ 2025-04-18 05:36:33 : 37949 steps taken, and 3685 accepted.
[2 : mcmc] Progress @ 2025-04-18 05:36:49 : 39329 steps taken, and 3990 accepted.
[0 : mcmc] Progress @ 2025-04-18 05:37:15 : 39746 steps taken, and 3774 accepted.
[3 : mcmc] Progress @ 2025-04-18 05:37:16 : 38741 steps taken, and 4120 accepted.
[0 : mcmc] Learn + convergence test @ 3780 samples accepted.
[0 : mcmc] Ready to check convergence and learn a new proposal covmat (waiting for the rest...)
[0 : mcmc] All chains are ready to check convergence and learn a new proposal covmat
[1 : mcmc] Progress @ 2025-04-18 05:38:34 : 38000 steps taken, and 3688 accepted.
[2 : mcmc] Progress @ 2025-04-18 05:38:55 : 39372 steps taken, and 3992 accepted.
[2 : mcmc] Progress @ 2025-04-18 05:40:58 : 39413 steps taken, and 3992 accepted.
[0 : mcmc]  - Acceptance rate: 0.089 = avg([0.0823, 0.0915, 0.0916, 0.0915])
[0 : mcmc]  - Convergence of means: R-1 = 0.059270 after 15587 accepted steps = sum([3780, 3689, 3993, 4125])
[0 : mcmc]  - Updated covariance matrix of proposal pdf.
[1 : mcmc] Progress @ 2025-04-18 05:41:11 : 38017 steps taken, and 3689 accepted.
[3 : mcmc] Progress @ 2025-04-18 05:41:11 : 38788 steps taken, and 4125 accepted.
[0 : mcmc] Progress @ 2025-04-18 05:41:11 : 39775 steps taken, and 3780 accepted.
[2 : mcmc] Progress @ 2025-04-18 05:42:58 : 39461 steps taken, and 3996 accepted.
[3 : mcmc] Progress @ 2025-04-18 05:43:11 : 38843 steps taken, and 4131 accepted.
[1 : mcmc] Progress @ 2025-04-18 05:43:13 : 38064 steps taken, and 3696 accepted.
[0 : mcmc] Progress @ 2025-04-18 05:43:14 : 39874 steps taken, and 3790 accepted.
[2 : mcmc] Progress @ 2025-04-18 05:45:02 : 39509 steps taken, and 3997 accepted.
[3 : mcmc] Progress @ 2025-04-18 05:45:13 : 38901 steps taken, and 4137 accepted.
[0 : mcmc] Progress @ 2025-04-18 05:45:15 : 39955 steps taken, and 3793 accepted.
[1 : mcmc] Progress @ 2025-04-18 05:45:16 : 38120 steps taken, and 3701 accepted.
[3 : mcmc] Learn + convergence test @ 4140 samples accepted.
[3 : mcmc] Ready to check convergence and learn a new proposal covmat (waiting for the rest...)
[2 : mcmc] Progress @ 2025-04-18 05:47:02 : 39552 steps taken, and 3997 accepted.
[3 : mcmc] Progress @ 2025-04-18 05:47:13 : 38967 steps taken, and 4143 accepted.
[0 : mcmc] Progress @ 2025-04-18 05:47:16 : 40029 steps taken, and 3800 accepted.
[1 : mcmc] Progress @ 2025-04-18 05:47:18 : 38187 steps taken, and 3712 accepted.
[2 : mcmc] Progress @ 2025-04-18 05:49:06 : 39607 steps taken, and 3999 accepted.
[1 : mcmc] Progress @ 2025-04-18 05:49:18 : 38251 steps taken, and 3718 accepted.
[3 : mcmc] Progress @ 2025-04-18 05:49:18 : 39041 steps taken, and 4145 accepted.
[0 : mcmc] Progress @ 2025-04-18 05:49:19 : 40095 steps taken, and 3808 accepted.
[1 : mcmc] Learn + convergence test @ 3720 samples accepted.
[1 : mcmc] Ready to check convergence and learn a new proposal covmat (waiting for the rest...)
[2 : mcmc] Progress @ 2025-04-18 05:51:06 : 39643 steps taken, and 4004 accepted.
[1 : mcmc] Progress @ 2025-04-18 05:51:18 : 38332 steps taken, and 3726 accepted.
[0 : mcmc] Progress @ 2025-04-18 05:51:20 : 40130 steps taken, and 3811 accepted.
[3 : mcmc] Progress @ 2025-04-18 05:51:21 : 39101 steps taken, and 4147 accepted.
[2 : mcmc] Progress @ 2025-04-18 05:53:07 : 39688 steps taken, and 4004 accepted.
[0 : mcmc] Progress @ 2025-04-18 05:53:22 : 40174 steps taken, and 3816 accepted.
[3 : mcmc] Progress @ 2025-04-18 05:53:23 : 39175 steps taken, and 4150 accepted.
[1 : mcmc] Progress @ 2025-04-18 05:53:24 : 38418 steps taken, and 3737 accepted.
[2 : mcmc] Progress @ 2025-04-18 05:55:09 : 39740 steps taken, and 4004 accepted.
[0 : mcmc] Progress @ 2025-04-18 05:55:23 : 40231 steps taken, and 3820 accepted.
[3 : mcmc] Progress @ 2025-04-18 05:55:24 : 39249 steps taken, and 4157 accepted.
[1 : mcmc] Progress @ 2025-04-18 05:55:26 : 38471 steps taken, and 3747 accepted.
[2 : mcmc] Progress @ 2025-04-18 05:57:12 : 39798 steps taken, and 4004 accepted.
[0 : mcmc] Progress @ 2025-04-18 05:57:25 : 40310 steps taken, and 3828 accepted.
[3 : mcmc] Progress @ 2025-04-18 05:57:28 : 39308 steps taken, and 4163 accepted.
[1 : mcmc] Progress @ 2025-04-18 05:57:32 : 38559 steps taken, and 3756 accepted.
[2 : mcmc] Progress @ 2025-04-18 05:59:14 : 39854 steps taken, and 4006 accepted.
[0 : mcmc] Progress @ 2025-04-18 05:59:25 : 40372 steps taken, and 3836 accepted.
[3 : mcmc] Progress @ 2025-04-18 05:59:29 : 39380 steps taken, and 4169 accepted.
[1 : mcmc] Progress @ 2025-04-18 05:59:35 : 38612 steps taken, and 3763 accepted.
[0 : mcmc] Learn + convergence test @ 3840 samples accepted.
[0 : mcmc] Ready to check convergence and learn a new proposal covmat (waiting for the rest...)
[2 : mcmc] Progress @ 2025-04-18 06:01:16 : 39913 steps taken, and 4008 accepted.
[0 : mcmc] Progress @ 2025-04-18 06:01:26 : 40450 steps taken, and 3843 accepted.
[3 : mcmc] Progress @ 2025-04-18 06:01:32 : 39429 steps taken, and 4171 accepted.
[1 : mcmc] Progress @ 2025-04-18 06:01:37 : 38668 steps taken, and 3768 accepted.
[2 : mcmc] Progress @ 2025-04-18 06:03:18 : 39954 steps taken, and 4010 accepted.
[0 : mcmc] Progress @ 2025-04-18 06:03:27 : 40537 steps taken, and 3852 accepted.
[3 : mcmc] Progress @ 2025-04-18 06:03:35 : 39497 steps taken, and 4173 accepted.
[1 : mcmc] Progress @ 2025-04-18 06:03:39 : 38721 steps taken, and 3773 accepted.
[1 : mcmc] Learn + convergence test @ 3780 samples accepted.
[2 : mcmc] Progress @ 2025-04-18 06:05:26 : 40005 steps taken, and 4011 accepted.
[0 : mcmc] Progress @ 2025-04-18 06:05:29 : 40618 steps taken, and 3860 accepted.
[3 : mcmc] Progress @ 2025-04-18 06:05:38 : 39552 steps taken, and 4176 accepted.
[1 : mcmc] Progress @ 2025-04-18 06:05:43 : 38789 steps taken, and 3783 accepted.
[2 : mcmc] Progress @ 2025-04-18 06:07:27 : 40042 steps taken, and 4015 accepted.
[0 : mcmc] Progress @ 2025-04-18 06:07:31 : 40702 steps taken, and 3871 accepted.
[3 : mcmc] Progress @ 2025-04-18 06:07:45 : 39604 steps taken, and 4184 accepted.
[1 : mcmc] Progress @ 2025-04-18 06:07:51 : 38842 steps taken, and 3790 accepted.
[2 : mcmc] Progress @ 2025-04-18 06:09:30 : 40079 steps taken, and 4017 accepted.
[0 : mcmc] Progress @ 2025-04-18 06:09:32 : 40776 steps taken, and 3874 accepted.
[3 : mcmc] Progress @ 2025-04-18 06:09:45 : 39672 steps taken, and 4186 accepted.
[1 : mcmc] Progress @ 2025-04-18 06:09:53 : 38900 steps taken, and 3794 accepted.
[2 : mcmc] Progress @ 2025-04-18 06:11:31 : 40137 steps taken, and 4018 accepted.
[0 : mcmc] Progress @ 2025-04-18 06:11:32 : 40847 steps taken, and 3880 accepted.
[3 : mcmc] Progress @ 2025-04-18 06:11:47 : 39735 steps taken, and 4190 accepted.
[1 : mcmc] Progress @ 2025-04-18 06:11:53 : 38956 steps taken, and 3799 accepted.
[0 : mcmc] Progress @ 2025-04-18 06:13:33 : 40906 steps taken, and 3882 accepted.
[2 : mcmc] Progress @ 2025-04-18 06:13:33 : 40197 steps taken, and 4019 accepted.
[3 : mcmc] Progress @ 2025-04-18 06:13:47 : 39792 steps taken, and 4197 accepted.
[1 : mcmc] Progress @ 2025-04-18 06:13:58 : 39006 steps taken, and 3805 accepted.
[3 : mcmc] Learn + convergence test @ 4200 samples accepted.
[0 : mcmc] Progress @ 2025-04-18 06:15:33 : 40985 steps taken, and 3892 accepted.
[2 : mcmc] Progress @ 2025-04-18 06:15:38 : 40254 steps taken, and 4019 accepted.
[3 : mcmc] Progress @ 2025-04-18 06:15:48 : 39862 steps taken, and 4204 accepted.
[1 : mcmc] Progress @ 2025-04-18 06:16:03 : 39079 steps taken, and 3812 accepted.
[0 : mcmc] Progress @ 2025-04-18 06:17:34 : 41042 steps taken, and 3893 accepted.
[2 : mcmc] Progress @ 2025-04-18 06:17:39 : 40315 steps taken, and 4019 accepted.
[2 : mcmc] Learn + convergence test @ 4020 samples accepted.
[2 : mcmc] Ready to check convergence and learn a new proposal covmat (waiting for the rest...)
[3 : mcmc] Progress @ 2025-04-18 06:17:48 : 39907 steps taken, and 4212 accepted.
[0 : mcmc] All chains are ready to check convergence and learn a new proposal covmat
[0 : mcmc]  - Acceptance rate: 0.089 = avg([0.0818, 0.0930, 0.0900, 0.0908])
[0 : mcmc]  - Convergence of means: R-1 = 0.056851 after 15945 accepted steps = sum([3895, 3818, 4020, 4212])
[0 : mcmc]  - Updated covariance matrix of proposal pdf.
[1 : mcmc] Progress @ 2025-04-18 06:19:21 : 39131 steps taken, and 3818 accepted.
[0 : mcmc] Progress @ 2025-04-18 06:19:39 : 41100 steps taken, and 3895 accepted.
[2 : mcmc] Progress @ 2025-04-18 06:19:39 : 40328 steps taken, and 4020 accepted.
[3 : mcmc] Progress @ 2025-04-18 06:19:50 : 39916 steps taken, and 4214 accepted.
[1 : mcmc] Progress @ 2025-04-18 06:21:25 : 39189 steps taken, and 3824 accepted.
[0 : mcmc] Progress @ 2025-04-18 06:21:41 : 41151 steps taken, and 3896 accepted.
[2 : mcmc] Progress @ 2025-04-18 06:21:42 : 40400 steps taken, and 4022 accepted.
[3 : mcmc] Progress @ 2025-04-18 06:21:57 : 39954 steps taken, and 4215 accepted.
[1 : mcmc] Progress @ 2025-04-18 06:23:26 : 39230 steps taken, and 3828 accepted.
[0 : mcmc] Progress @ 2025-04-18 06:23:42 : 41202 steps taken, and 3898 accepted.
[2 : mcmc] Progress @ 2025-04-18 06:23:45 : 40466 steps taken, and 4025 accepted.
[3 : mcmc] Progress @ 2025-04-18 06:23:59 : 40010 steps taken, and 4222 accepted.
[0 : mcmc] Learn + convergence test @ 3900 samples accepted.
[0 : mcmc] Ready to check convergence and learn a new proposal covmat (waiting for the rest...)
[1 : mcmc] Progress @ 2025-04-18 06:25:29 : 39289 steps taken, and 3831 accepted.
[2 : mcmc] Progress @ 2025-04-18 06:25:46 : 40531 steps taken, and 4025 accepted.
[0 : mcmc] Progress @ 2025-04-18 06:25:50 : 41247 steps taken, and 3900 accepted.
[3 : mcmc] Progress @ 2025-04-18 06:26:01 : 40084 steps taken, and 4231 accepted.
[1 : mcmc] Progress @ 2025-04-18 06:27:32 : 39348 steps taken, and 3836 accepted.
[0 : mcmc] Progress @ 2025-04-18 06:27:52 : 41291 steps taken, and 3903 accepted.
[2 : mcmc] Progress @ 2025-04-18 06:27:54 : 40607 steps taken, and 4025 accepted.
[3 : mcmc] Progress @ 2025-04-18 06:28:04 : 40142 steps taken, and 4240 accepted.
[1 : mcmc] Learn + convergence test @ 3840 samples accepted.
[1 : mcmc] Ready to check convergence and learn a new proposal covmat (waiting for the rest...)
[1 : mcmc] Progress @ 2025-04-18 06:29:34 : 39416 steps taken, and 3846 accepted.
[2 : mcmc] Progress @ 2025-04-18 06:29:56 : 40668 steps taken, and 4026 accepted.
[0 : mcmc] Progress @ 2025-04-18 06:29:59 : 41346 steps taken, and 3908 accepted.
[3 : mcmc] Progress @ 2025-04-18 06:30:05 : 40210 steps taken, and 4245 accepted.
[1 : mcmc] Progress @ 2025-04-18 06:31:35 : 39486 steps taken, and 3853 accepted.
[2 : mcmc] Progress @ 2025-04-18 06:31:59 : 40718 steps taken, and 4027 accepted.
[0 : mcmc] Progress @ 2025-04-18 06:32:00 : 41379 steps taken, and 3910 accepted.
[3 : mcmc] Progress @ 2025-04-18 06:32:06 : 40285 steps taken, and 4253 accepted.
[1 : mcmc] Progress @ 2025-04-18 06:33:35 : 39567 steps taken, and 3862 accepted.
[2 : mcmc] Progress @ 2025-04-18 06:34:00 : 40770 steps taken, and 4029 accepted.
[0 : mcmc] Progress @ 2025-04-18 06:34:01 : 41431 steps taken, and 3916 accepted.
[3 : mcmc] Progress @ 2025-04-18 06:34:07 : 40354 steps taken, and 4259 accepted.
[3 : mcmc] Learn + convergence test @ 4260 samples accepted.
[3 : mcmc] Ready to check convergence and learn a new proposal covmat (waiting for the rest...)
[1 : mcmc] Progress @ 2025-04-18 06:35:39 : 39618 steps taken, and 3870 accepted.
[2 : mcmc] Progress @ 2025-04-18 06:36:01 : 40817 steps taken, and 4029 accepted.
[0 : mcmc] Progress @ 2025-04-18 06:36:06 : 41482 steps taken, and 3920 accepted.
[3 : mcmc] Progress @ 2025-04-18 06:36:12 : 40443 steps taken, and 4263 accepted.
[1 : mcmc] Progress @ 2025-04-18 06:37:40 : 39689 steps taken, and 3873 accepted.
[2 : mcmc] Progress @ 2025-04-18 06:38:01 : 40864 steps taken, and 4029 accepted.
[0 : mcmc] Progress @ 2025-04-18 06:38:08 : 41553 steps taken, and 3926 accepted.
[3 : mcmc] Progress @ 2025-04-18 06:38:14 : 40493 steps taken, and 4265 accepted.
[1 : mcmc] Progress @ 2025-04-18 06:39:44 : 39770 steps taken, and 3879 accepted.
[2 : mcmc] Progress @ 2025-04-18 06:40:04 : 40906 steps taken, and 4029 accepted.
[0 : mcmc] Progress @ 2025-04-18 06:40:10 : 41623 steps taken, and 3939 accepted.
[3 : mcmc] Progress @ 2025-04-18 06:40:16 : 40604 steps taken, and 4274 accepted.
[1 : mcmc] Progress @ 2025-04-18 06:41:51 : 39806 steps taken, and 3881 accepted.
[2 : mcmc] Progress @ 2025-04-18 06:42:04 : 40965 steps taken, and 4031 accepted.
[0 : mcmc] Progress @ 2025-04-18 06:42:10 : 41682 steps taken, and 3944 accepted.
[3 : mcmc] Progress @ 2025-04-18 06:42:16 : 40655 steps taken, and 4282 accepted.
[1 : mcmc] Progress @ 2025-04-18 06:43:53 : 39857 steps taken, and 3882 accepted.
[2 : mcmc] Progress @ 2025-04-18 06:44:08 : 41002 steps taken, and 4031 accepted.
[0 : mcmc] Progress @ 2025-04-18 06:44:17 : 41727 steps taken, and 3949 accepted.
[3 : mcmc] Progress @ 2025-04-18 06:44:20 : 40746 steps taken, and 4294 accepted.
[1 : mcmc] Progress @ 2025-04-18 06:45:57 : 39907 steps taken, and 3885 accepted.
[2 : mcmc] Progress @ 2025-04-18 06:46:15 : 41040 steps taken, and 4032 accepted.
[0 : mcmc] Progress @ 2025-04-18 06:46:17 : 41773 steps taken, and 3954 accepted.
[3 : mcmc] Progress @ 2025-04-18 06:46:20 : 40836 steps taken, and 4300 accepted.
[1 : mcmc] Progress @ 2025-04-18 06:48:00 : 39966 steps taken, and 3886 accepted.
[0 : mcmc] Progress @ 2025-04-18 06:48:18 : 41824 steps taken, and 3958 accepted.
[2 : mcmc] Progress @ 2025-04-18 06:48:21 : 41082 steps taken, and 4035 accepted.
[3 : mcmc] Progress @ 2025-04-18 06:48:23 : 40925 steps taken, and 4307 accepted.
[0 : mcmc] Learn + convergence test @ 3960 samples accepted.
[1 : mcmc] Progress @ 2025-04-18 06:50:04 : 40019 steps taken, and 3887 accepted.
[0 : mcmc] Progress @ 2025-04-18 06:50:18 : 41884 steps taken, and 3964 accepted.
[2 : mcmc] Progress @ 2025-04-18 06:50:21 : 41123 steps taken, and 4036 accepted.
[3 : mcmc] Progress @ 2025-04-18 06:50:28 : 41020 steps taken, and 4312 accepted.
[1 : mcmc] Progress @ 2025-04-18 06:52:07 : 40079 steps taken, and 3889 accepted.
[3 : mcmc] Learn + convergence test @ 4320 samples accepted.
[0 : mcmc] Progress @ 2025-04-18 06:52:21 : 42023 steps taken, and 3969 accepted.
[2 : mcmc] Progress @ 2025-04-18 06:52:21 : 41158 steps taken, and 4037 accepted.
[3 : mcmc] Progress @ 2025-04-18 06:52:30 : 41095 steps taken, and 4321 accepted.
[1 : mcmc] Progress @ 2025-04-18 06:54:10 : 40182 steps taken, and 3893 accepted.
[2 : mcmc] Progress @ 2025-04-18 06:54:23 : 41196 steps taken, and 4039 accepted.
[0 : mcmc] Progress @ 2025-04-18 06:54:24 : 42118 steps taken, and 3977 accepted.
[3 : mcmc] Progress @ 2025-04-18 06:54:37 : 41188 steps taken, and 4330 accepted.
[1 : mcmc] Learn + convergence test @ 3900 samples accepted.
[1 : mcmc] Progress @ 2025-04-18 06:56:10 : 40258 steps taken, and 3901 accepted.
[0 : mcmc] Progress @ 2025-04-18 06:56:24 : 42180 steps taken, and 3985 accepted.
[2 : mcmc] Progress @ 2025-04-18 06:56:24 : 41234 steps taken, and 4041 accepted.
[3 : mcmc] Progress @ 2025-04-18 06:56:43 : 41256 steps taken, and 4340 accepted.
[1 : mcmc] Progress @ 2025-04-18 06:58:11 : 40335 steps taken, and 3907 accepted.
[0 : mcmc] Progress @ 2025-04-18 06:58:29 : 42263 steps taken, and 3991 accepted.
[2 : mcmc] Progress @ 2025-04-18 06:58:32 : 41287 steps taken, and 4044 accepted.
[3 : mcmc] Progress @ 2025-04-18 06:58:43 : 41307 steps taken, and 4348 accepted.
[1 : mcmc] Progress @ 2025-04-18 07:00:12 : 40405 steps taken, and 3918 accepted.
[0 : mcmc] Progress @ 2025-04-18 07:00:31 : 42332 steps taken, and 3997 accepted.
[2 : mcmc] Progress @ 2025-04-18 07:00:36 : 41338 steps taken, and 4049 accepted.
[3 : mcmc] Progress @ 2025-04-18 07:00:47 : 41352 steps taken, and 4354 accepted.
[1 : mcmc] Progress @ 2025-04-18 07:02:15 : 40476 steps taken, and 3927 accepted.
[0 : mcmc] Progress @ 2025-04-18 07:02:34 : 42395 steps taken, and 4007 accepted.
[2 : mcmc] Progress @ 2025-04-18 07:02:39 : 41420 steps taken, and 4054 accepted.
[3 : mcmc] Progress @ 2025-04-18 07:02:52 : 41429 steps taken, and 4361 accepted.
[1 : mcmc] Progress @ 2025-04-18 07:04:18 : 40573 steps taken, and 3935 accepted.
[0 : mcmc] Progress @ 2025-04-18 07:04:37 : 42481 steps taken, and 4013 accepted.
[2 : mcmc] Progress @ 2025-04-18 07:04:41 : 41487 steps taken, and 4059 accepted.
[3 : mcmc] Progress @ 2025-04-18 07:04:55 : 41543 steps taken, and 4367 accepted.
[0 : mcmc] Learn + convergence test @ 4020 samples accepted.
[1 : mcmc] Progress @ 2025-04-18 07:06:21 : 40660 steps taken, and 3944 accepted.
[0 : mcmc] Progress @ 2025-04-18 07:06:40 : 42568 steps taken, and 4027 accepted.
[2 : mcmc] Progress @ 2025-04-18 07:06:44 : 41518 steps taken, and 4063 accepted.
[3 : mcmc] Progress @ 2025-04-18 07:06:58 : 41620 steps taken, and 4378 accepted.
[3 : mcmc] Learn + convergence test @ 4380 samples accepted.
[1 : mcmc] Progress @ 2025-04-18 07:08:24 : 40728 steps taken, and 3949 accepted.
[0 : mcmc] Progress @ 2025-04-18 07:08:43 : 42617 steps taken, and 4032 accepted.
[2 : mcmc] Progress @ 2025-04-18 07:08:47 : 41566 steps taken, and 4067 accepted.
[3 : mcmc] Progress @ 2025-04-18 07:09:03 : 41699 steps taken, and 4384 accepted.
[1 : mcmc] Learn + convergence test @ 3960 samples accepted.
[1 : mcmc] Progress @ 2025-04-18 07:10:25 : 40785 steps taken, and 3961 accepted.
[0 : mcmc] Progress @ 2025-04-18 07:10:48 : 42668 steps taken, and 4034 accepted.
[2 : mcmc] Progress @ 2025-04-18 07:10:49 : 41603 steps taken, and 4072 accepted.
[3 : mcmc] Progress @ 2025-04-18 07:11:04 : 41778 steps taken, and 4396 accepted.
[1 : mcmc] Progress @ 2025-04-18 07:12:26 : 40873 steps taken, and 3967 accepted.
[0 : mcmc] Progress @ 2025-04-18 07:12:49 : 42713 steps taken, and 4038 accepted.
[2 : mcmc] Progress @ 2025-04-18 07:12:50 : 41665 steps taken, and 4074 accepted.
[3 : mcmc] Progress @ 2025-04-18 07:13:10 : 41872 steps taken, and 4401 accepted.
[1 : mcmc] Progress @ 2025-04-18 07:14:30 : 40954 steps taken, and 3971 accepted.
[0 : mcmc] Progress @ 2025-04-18 07:14:49 : 42780 steps taken, and 4046 accepted.
[2 : mcmc] Progress @ 2025-04-18 07:14:54 : 41719 steps taken, and 4076 accepted.
[3 : mcmc] Progress @ 2025-04-18 07:15:11 : 41935 steps taken, and 4410 accepted.
[1 : mcmc] Progress @ 2025-04-18 07:16:32 : 41037 steps taken, and 3977 accepted.
[0 : mcmc] Progress @ 2025-04-18 07:16:52 : 42827 steps taken, and 4049 accepted.
[2 : mcmc] Progress @ 2025-04-18 07:16:54 : 41777 steps taken, and 4077 accepted.
[3 : mcmc] Progress @ 2025-04-18 07:17:17 : 42001 steps taken, and 4415 accepted.
[1 : mcmc] Progress @ 2025-04-18 07:18:34 : 41148 steps taken, and 3988 accepted.
[0 : mcmc] Progress @ 2025-04-18 07:18:54 : 42885 steps taken, and 4058 accepted.
[2 : mcmc] Progress @ 2025-04-18 07:18:55 : 41842 steps taken, and 4077 accepted.
[3 : mcmc] Progress @ 2025-04-18 07:19:17 : 42114 steps taken, and 4423 accepted.
[1 : mcmc] Progress @ 2025-04-18 07:20:34 : 41271 steps taken, and 3996 accepted.
[2 : mcmc] Progress @ 2025-04-18 07:21:00 : 41882 steps taken, and 4078 accepted.
[0 : mcmc] Progress @ 2025-04-18 07:21:00 : 42943 steps taken, and 4066 accepted.
[3 : mcmc] Progress @ 2025-04-18 07:21:24 : 42194 steps taken, and 4428 accepted.
[1 : mcmc] Progress @ 2025-04-18 07:22:36 : 41380 steps taken, and 4008 accepted.
[0 : mcmc] Progress @ 2025-04-18 07:23:02 : 43033 steps taken, and 4074 accepted.
[2 : mcmc] Progress @ 2025-04-18 07:23:03 : 41933 steps taken, and 4078 accepted.
[3 : mcmc] Progress @ 2025-04-18 07:23:27 : 42265 steps taken, and 4434 accepted.
[1 : mcmc] Progress @ 2025-04-18 07:24:38 : 41478 steps taken, and 4020 accepted.
[1 : mcmc] Learn + convergence test @ 4020 samples accepted.
[3 : mcmc] Learn + convergence test @ 4440 samples accepted.
[0 : mcmc] Progress @ 2025-04-18 07:25:02 : 43109 steps taken, and 4079 accepted.
[2 : mcmc] Progress @ 2025-04-18 07:25:07 : 41987 steps taken, and 4079 accepted.
[0 : mcmc] Learn + convergence test @ 4080 samples accepted.
[3 : mcmc] Progress @ 2025-04-18 07:25:28 : 42330 steps taken, and 4441 accepted.
[2 : mcmc] Learn + convergence test @ 4080 samples accepted.
[2 : mcmc] Ready to check convergence and learn a new proposal covmat (waiting for the rest...)
[0 : mcmc] All chains are ready to check convergence and learn a new proposal covmat
[0 : mcmc]  - Acceptance rate: 0.088 = avg([0.0817, 0.0920, 0.0867, 0.0910])
[0 : mcmc]  - Convergence of means: R-1 = 0.053606 after 16632 accepted steps = sum([4084, 4025, 4080, 4443])
[0 : mcmc]  - Updated covariance matrix of proposal pdf.
[1 : mcmc] Progress @ 2025-04-18 07:26:40 : 41544 steps taken, and 4025 accepted.
[0 : mcmc] Progress @ 2025-04-18 07:27:04 : 43163 steps taken, and 4086 accepted.
[2 : mcmc] Progress @ 2025-04-18 07:27:09 : 42013 steps taken, and 4081 accepted.
[3 : mcmc] Progress @ 2025-04-18 07:27:34 : 42403 steps taken, and 4447 accepted.
[1 : mcmc] Progress @ 2025-04-18 07:28:46 : 41627 steps taken, and 4028 accepted.
[0 : mcmc] Progress @ 2025-04-18 07:29:04 : 43218 steps taken, and 4092 accepted.
[2 : mcmc] Progress @ 2025-04-18 07:29:11 : 42056 steps taken, and 4081 accepted.
[3 : mcmc] Progress @ 2025-04-18 07:29:35 : 42477 steps taken, and 4455 accepted.
[1 : mcmc] Progress @ 2025-04-18 07:30:46 : 41710 steps taken, and 4035 accepted.
[0 : mcmc] Progress @ 2025-04-18 07:31:04 : 43298 steps taken, and 4099 accepted.
[2 : mcmc] Progress @ 2025-04-18 07:31:15 : 42101 steps taken, and 4082 accepted.
[3 : mcmc] Progress @ 2025-04-18 07:31:36 : 42554 steps taken, and 4464 accepted.
[1 : mcmc] Progress @ 2025-04-18 07:32:51 : 41760 steps taken, and 4040 accepted.
[0 : mcmc] Progress @ 2025-04-18 07:33:05 : 43367 steps taken, and 4107 accepted.
[2 : mcmc] Progress @ 2025-04-18 07:33:18 : 42160 steps taken, and 4084 accepted.
[3 : mcmc] Progress @ 2025-04-18 07:33:37 : 42624 steps taken, and 4472 accepted.
[1 : mcmc] Progress @ 2025-04-18 07:34:52 : 41821 steps taken, and 4045 accepted.
[0 : mcmc] Progress @ 2025-04-18 07:35:06 : 43440 steps taken, and 4117 accepted.
[2 : mcmc] Progress @ 2025-04-18 07:35:22 : 42207 steps taken, and 4086 accepted.
[3 : mcmc] Progress @ 2025-04-18 07:35:39 : 42696 steps taken, and 4477 accepted.
[1 : mcmc] Progress @ 2025-04-18 07:36:54 : 41897 steps taken, and 4051 accepted.
[0 : mcmc] Progress @ 2025-04-18 07:37:09 : 43501 steps taken, and 4124 accepted.
[2 : mcmc] Progress @ 2025-04-18 07:37:24 : 42246 steps taken, and 4088 accepted.
[3 : mcmc] Progress @ 2025-04-18 07:37:42 : 42776 steps taken, and 4483 accepted.
[1 : mcmc] Progress @ 2025-04-18 07:38:55 : 41944 steps taken, and 4055 accepted.
[0 : mcmc] Progress @ 2025-04-18 07:39:12 : 43560 steps taken, and 4126 accepted.
[2 : mcmc] Progress @ 2025-04-18 07:39:28 : 42291 steps taken, and 4091 accepted.
[3 : mcmc] Progress @ 2025-04-18 07:39:42 : 42861 steps taken, and 4490 accepted.
[1 : mcmc] Progress @ 2025-04-18 07:40:56 : 42018 steps taken, and 4063 accepted.
[0 : mcmc] Progress @ 2025-04-18 07:41:15 : 43639 steps taken, and 4129 accepted.
[2 : mcmc] Progress @ 2025-04-18 07:41:31 : 42333 steps taken, and 4091 accepted.
[3 : mcmc] Progress @ 2025-04-18 07:41:46 : 42966 steps taken, and 4497 accepted.
[3 : mcmc] Learn + convergence test @ 4500 samples accepted.
[3 : mcmc] Ready to check convergence and learn a new proposal covmat (waiting for the rest...)
[1 : mcmc] Progress @ 2025-04-18 07:43:00 : 42114 steps taken, and 4069 accepted.
[0 : mcmc] Progress @ 2025-04-18 07:43:17 : 43736 steps taken, and 4136 accepted.
[2 : mcmc] Progress @ 2025-04-18 07:43:37 : 42369 steps taken, and 4091 accepted.
[3 : mcmc] Progress @ 2025-04-18 07:43:48 : 43049 steps taken, and 4505 accepted.
[0 : mcmc] Learn + convergence test @ 4140 samples accepted.
[0 : mcmc] Ready to check convergence and learn a new proposal covmat (waiting for the rest...)
[1 : mcmc] Progress @ 2025-04-18 07:45:03 : 42180 steps taken, and 4077 accepted.
[0 : mcmc] Progress @ 2025-04-18 07:45:18 : 43795 steps taken, and 4148 accepted.
[2 : mcmc] Progress @ 2025-04-18 07:45:40 : 42411 steps taken, and 4092 accepted.
[1 : mcmc] Learn + convergence test @ 4080 samples accepted.
[1 : mcmc] Ready to check convergence and learn a new proposal covmat (waiting for the rest...)
[3 : mcmc] Progress @ 2025-04-18 07:45:51 : 43110 steps taken, and 4515 accepted.
[1 : mcmc] Progress @ 2025-04-18 07:47:04 : 42267 steps taken, and 4086 accepted.
[0 : mcmc] Progress @ 2025-04-18 07:47:21 : 43877 steps taken, and 4157 accepted.
[2 : mcmc] Progress @ 2025-04-18 07:47:42 : 42456 steps taken, and 4092 accepted.
[3 : mcmc] Progress @ 2025-04-18 07:47:53 : 43163 steps taken, and 4519 accepted.
[1 : mcmc] Progress @ 2025-04-18 07:49:05 : 42369 steps taken, and 4102 accepted.
[0 : mcmc] Progress @ 2025-04-18 07:49:23 : 43937 steps taken, and 4169 accepted.
[2 : mcmc] Progress @ 2025-04-18 07:49:44 : 42500 steps taken, and 4096 accepted.
[3 : mcmc] Progress @ 2025-04-18 07:49:54 : 43218 steps taken, and 4525 accepted.
[1 : mcmc] Progress @ 2025-04-18 07:51:06 : 42416 steps taken, and 4112 accepted.
[0 : mcmc] Progress @ 2025-04-18 07:51:24 : 43988 steps taken, and 4175 accepted.
[2 : mcmc] Progress @ 2025-04-18 07:51:46 : 42555 steps taken, and 4100 accepted.
[3 : mcmc] Progress @ 2025-04-18 07:51:56 : 43287 steps taken, and 4534 accepted.
[1 : mcmc] Progress @ 2025-04-18 07:53:09 : 42475 steps taken, and 4116 accepted.
[0 : mcmc] Progress @ 2025-04-18 07:53:26 : 44039 steps taken, and 4179 accepted.
[2 : mcmc] Progress @ 2025-04-18 07:53:46 : 42639 steps taken, and 4107 accepted.
[3 : mcmc] Progress @ 2025-04-18 07:53:59 : 43352 steps taken, and 4540 accepted.
[1 : mcmc] Progress @ 2025-04-18 07:55:09 : 42548 steps taken, and 4116 accepted.
[0 : mcmc] Progress @ 2025-04-18 07:55:27 : 44114 steps taken, and 4184 accepted.
[2 : mcmc] Progress @ 2025-04-18 07:55:47 : 42737 steps taken, and 4113 accepted.
[3 : mcmc] Progress @ 2025-04-18 07:56:00 : 43427 steps taken, and 4545 accepted.
[1 : mcmc] Progress @ 2025-04-18 07:57:13 : 42603 steps taken, and 4117 accepted.
[0 : mcmc] Progress @ 2025-04-18 07:57:27 : 44180 steps taken, and 4189 accepted.
[2 : mcmc] Progress @ 2025-04-18 07:57:49 : 42832 steps taken, and 4124 accepted.
[3 : mcmc] Progress @ 2025-04-18 07:58:02 : 43520 steps taken, and 4554 accepted.
[1 : mcmc] Progress @ 2025-04-18 07:59:14 : 42672 steps taken, and 4121 accepted.
[0 : mcmc] Progress @ 2025-04-18 07:59:29 : 44266 steps taken, and 4197 accepted.
[2 : mcmc] Progress @ 2025-04-18 07:59:54 : 42902 steps taken, and 4127 accepted.
[3 : mcmc] Learn + convergence test @ 4560 samples accepted.
[3 : mcmc] Progress @ 2025-04-18 08:00:02 : 43599 steps taken, and 4560 accepted.
[1 : mcmc] Progress @ 2025-04-18 08:01:15 : 42716 steps taken, and 4124 accepted.
[0 : mcmc] Progress @ 2025-04-18 08:01:30 : 44315 steps taken, and 4199 accepted.
[2 : mcmc] Progress @ 2025-04-18 08:01:55 : 42952 steps taken, and 4132 accepted.
[3 : mcmc] Progress @ 2025-04-18 08:02:03 : 43686 steps taken, and 4571 accepted.
[0 : mcmc] Learn + convergence test @ 4200 samples accepted.
[1 : mcmc] Progress @ 2025-04-18 08:03:19 : 42758 steps taken, and 4127 accepted.
[0 : mcmc] Progress @ 2025-04-18 08:03:35 : 44390 steps taken, and 4201 accepted.
[2 : mcmc] Learn + convergence test @ 4140 samples accepted.
[2 : mcmc] Ready to check convergence and learn a new proposal covmat (waiting for the rest...)
[0 : mcmc] All chains are ready to check convergence and learn a new proposal covmat
[3 : mcmc] Progress @ 2025-04-18 08:04:03 : 43771 steps taken, and 4581 accepted.
[0 : mcmc]  - Acceptance rate: 0.087 = avg([0.0819, 0.0913, 0.0851, 0.0906])
[0 : mcmc]  - Convergence of means: R-1 = 0.055801 after 17059 accepted steps = sum([4205, 4132, 4140, 4582])
[0 : mcmc]  - Updated covariance matrix of proposal pdf.
[2 : mcmc] Progress @ 2025-04-18 08:04:19 : 43030 steps taken, and 4140 accepted.
[1 : mcmc] Progress @ 2025-04-18 08:05:19 : 42846 steps taken, and 4137 accepted.
[0 : mcmc] Progress @ 2025-04-18 08:05:35 : 44492 steps taken, and 4210 accepted.
[3 : mcmc] Progress @ 2025-04-18 08:06:05 : 43847 steps taken, and 4587 accepted.
[1 : mcmc] Learn + convergence test @ 4140 samples accepted.
[1 : mcmc] Ready to check convergence and learn a new proposal covmat (waiting for the rest...)
[2 : mcmc] Progress @ 2025-04-18 08:06:23 : 43075 steps taken, and 4146 accepted.
[1 : mcmc] Progress @ 2025-04-18 08:07:23 : 42899 steps taken, and 4143 accepted.
[0 : mcmc] Progress @ 2025-04-18 08:07:41 : 44539 steps taken, and 4211 accepted.
[3 : mcmc] Progress @ 2025-04-18 08:08:06 : 43907 steps taken, and 4596 accepted.
[2 : mcmc] Progress @ 2025-04-18 08:08:26 : 43179 steps taken, and 4153 accepted.
[1 : mcmc] Progress @ 2025-04-18 08:09:24 : 42990 steps taken, and 4151 accepted.
[0 : mcmc] Progress @ 2025-04-18 08:09:45 : 44672 steps taken, and 4218 accepted.
[3 : mcmc] Progress @ 2025-04-18 08:10:08 : 43982 steps taken, and 4602 accepted.
[2 : mcmc] Progress @ 2025-04-18 08:10:29 : 43249 steps taken, and 4158 accepted.
[1 : mcmc] Progress @ 2025-04-18 08:11:26 : 43061 steps taken, and 4159 accepted.
[0 : mcmc] Progress @ 2025-04-18 08:11:46 : 44750 steps taken, and 4227 accepted.
[3 : mcmc] Progress @ 2025-04-18 08:12:14 : 44029 steps taken, and 4609 accepted.
[2 : mcmc] Progress @ 2025-04-18 08:12:32 : 43322 steps taken, and 4170 accepted.
[1 : mcmc] Progress @ 2025-04-18 08:13:26 : 43120 steps taken, and 4163 accepted.
[0 : mcmc] Progress @ 2025-04-18 08:13:48 : 44799 steps taken, and 4232 accepted.
[3 : mcmc] Progress @ 2025-04-18 08:14:15 : 44077 steps taken, and 4612 accepted.
[2 : mcmc] Progress @ 2025-04-18 08:14:34 : 43389 steps taken, and 4177 accepted.
[1 : mcmc] Progress @ 2025-04-18 08:15:28 : 43193 steps taken, and 4166 accepted.
[0 : mcmc] Progress @ 2025-04-18 08:15:50 : 44846 steps taken, and 4238 accepted.
[3 : mcmc] Progress @ 2025-04-18 08:16:18 : 44125 steps taken, and 4618 accepted.
[2 : mcmc] Progress @ 2025-04-18 08:16:38 : 43438 steps taken, and 4180 accepted.
[1 : mcmc] Progress @ 2025-04-18 08:17:34 : 43263 steps taken, and 4178 accepted.
[0 : mcmc] Progress @ 2025-04-18 08:17:52 : 44930 steps taken, and 4242 accepted.
[3 : mcmc] Learn + convergence test @ 4620 samples accepted.
[3 : mcmc] Ready to check convergence and learn a new proposal covmat (waiting for the rest...)
[3 : mcmc] Progress @ 2025-04-18 08:18:20 : 44191 steps taken, and 4620 accepted.
[2 : mcmc] Progress @ 2025-04-18 08:18:40 : 43511 steps taken, and 4192 accepted.
[2 : mcmc] Learn + convergence test @ 4200 samples accepted.
[2 : mcmc] Ready to check convergence and learn a new proposal covmat (waiting for the rest...)
[1 : mcmc] Progress @ 2025-04-18 08:19:40 : 43314 steps taken, and 4185 accepted.
[0 : mcmc] Progress @ 2025-04-18 08:19:54 : 45003 steps taken, and 4248 accepted.
[3 : mcmc] Progress @ 2025-04-18 08:20:22 : 44267 steps taken, and 4628 accepted.
[2 : mcmc] Progress @ 2025-04-18 08:20:42 : 43612 steps taken, and 4203 accepted.
[1 : mcmc] Progress @ 2025-04-18 08:21:40 : 43370 steps taken, and 4189 accepted.
[0 : mcmc] Progress @ 2025-04-18 08:21:56 : 45066 steps taken, and 4253 accepted.
[3 : mcmc] Progress @ 2025-04-18 08:22:25 : 44327 steps taken, and 4635 accepted.
[2 : mcmc] Progress @ 2025-04-18 08:22:44 : 43658 steps taken, and 4209 accepted.
[0 : mcmc] Learn + convergence test @ 4260 samples accepted.
[0 : mcmc] Ready to check convergence and learn a new proposal covmat (waiting for the rest...)
[0 : mcmc] All chains are ready to check convergence and learn a new proposal covmat
[1 : mcmc] Progress @ 2025-04-18 08:23:44 : 43431 steps taken, and 4190 accepted.
[0 : mcmc]  - Acceptance rate: 0.087 = avg([0.0817, 0.0912, 0.0853, 0.0908])
[0 : mcmc]  - Convergence of means: R-1 = 0.056479 after 17300 accepted steps = sum([4260, 4191, 4211, 4638])
[0 : mcmc]  - Updated covariance matrix of proposal pdf.
[3 : mcmc] Progress @ 2025-04-18 08:24:25 : 44369 steps taken, and 4639 accepted.
[0 : mcmc] Progress @ 2025-04-18 08:24:26 : 45109 steps taken, and 4261 accepted.
[2 : mcmc] Progress @ 2025-04-18 08:24:47 : 43692 steps taken, and 4211 accepted.
[1 : mcmc] Progress @ 2025-04-18 08:25:44 : 43519 steps taken, and 4195 accepted.
[3 : mcmc] Progress @ 2025-04-18 08:26:26 : 44448 steps taken, and 4644 accepted.
[0 : mcmc] Progress @ 2025-04-18 08:26:27 : 45172 steps taken, and 4267 accepted.
[2 : mcmc] Progress @ 2025-04-18 08:26:52 : 43737 steps taken, and 4212 accepted.
[1 : mcmc] Learn + convergence test @ 4200 samples accepted.
[1 : mcmc] Ready to check convergence and learn a new proposal covmat (waiting for the rest...)
[1 : mcmc] Progress @ 2025-04-18 08:27:47 : 43594 steps taken, and 4202 accepted.
[3 : mcmc] Progress @ 2025-04-18 08:28:28 : 44518 steps taken, and 4653 accepted.
[0 : mcmc] Progress @ 2025-04-18 08:28:29 : 45258 steps taken, and 4279 accepted.
[2 : mcmc] Progress @ 2025-04-18 08:28:53 : 43792 steps taken, and 4214 accepted.
[1 : mcmc] Progress @ 2025-04-18 08:29:53 : 43652 steps taken, and 4206 accepted.
[0 : mcmc] Progress @ 2025-04-18 08:30:30 : 45329 steps taken, and 4284 accepted.
[3 : mcmc] Progress @ 2025-04-18 08:30:30 : 44590 steps taken, and 4661 accepted.
[2 : mcmc] Progress @ 2025-04-18 08:30:56 : 43841 steps taken, and 4217 accepted.
[1 : mcmc] Progress @ 2025-04-18 08:31:55 : 43717 steps taken, and 4209 accepted.
[3 : mcmc] Progress @ 2025-04-18 08:32:32 : 44645 steps taken, and 4667 accepted.
[0 : mcmc] Progress @ 2025-04-18 08:32:32 : 45407 steps taken, and 4287 accepted.
[2 : mcmc] Progress @ 2025-04-18 08:33:01 : 43901 steps taken, and 4217 accepted.
[1 : mcmc] Progress @ 2025-04-18 08:34:01 : 43769 steps taken, and 4209 accepted.
[3 : mcmc] Progress @ 2025-04-18 08:34:34 : 44735 steps taken, and 4677 accepted.
[0 : mcmc] Progress @ 2025-04-18 08:34:34 : 45477 steps taken, and 4290 accepted.
[3 : mcmc] Learn + convergence test @ 4680 samples accepted.
[3 : mcmc] Ready to check convergence and learn a new proposal covmat (waiting for the rest...)
[2 : mcmc] Progress @ 2025-04-18 08:35:01 : 43966 steps taken, and 4221 accepted.
[1 : mcmc] Progress @ 2025-04-18 08:36:01 : 43818 steps taken, and 4210 accepted.
[3 : mcmc] Progress @ 2025-04-18 08:36:35 : 44852 steps taken, and 4688 accepted.
[0 : mcmc] Progress @ 2025-04-18 08:36:36 : 45568 steps taken, and 4298 accepted.
[2 : mcmc] Progress @ 2025-04-18 08:37:04 : 44033 steps taken, and 4225 accepted.
[1 : mcmc] Progress @ 2025-04-18 08:38:03 : 43866 steps taken, and 4211 accepted.
[3 : mcmc] Progress @ 2025-04-18 08:38:37 : 44926 steps taken, and 4696 accepted.
[0 : mcmc] Progress @ 2025-04-18 08:38:41 : 45638 steps taken, and 4303 accepted.
[2 : mcmc] Progress @ 2025-04-18 08:39:04 : 44090 steps taken, and 4229 accepted.
[1 : mcmc] Progress @ 2025-04-18 08:40:05 : 43933 steps taken, and 4211 accepted.
[3 : mcmc] Progress @ 2025-04-18 08:40:39 : 44998 steps taken, and 4701 accepted.
[0 : mcmc] Progress @ 2025-04-18 08:40:44 : 45742 steps taken, and 4313 accepted.
[2 : mcmc] Progress @ 2025-04-18 08:41:06 : 44128 steps taken, and 4230 accepted.
[1 : mcmc] Progress @ 2025-04-18 08:42:06 : 43994 steps taken, and 4213 accepted.
[0 : mcmc] Learn + convergence test @ 4320 samples accepted.
[0 : mcmc] Ready to check convergence and learn a new proposal covmat (waiting for the rest...)
[3 : mcmc] Progress @ 2025-04-18 08:42:43 : 45100 steps taken, and 4707 accepted.
[0 : mcmc] Progress @ 2025-04-18 08:42:46 : 45851 steps taken, and 4320 accepted.
[2 : mcmc] Progress @ 2025-04-18 08:43:12 : 44188 steps taken, and 4233 accepted.
[1 : mcmc] Progress @ 2025-04-18 08:44:07 : 44059 steps taken, and 4218 accepted.
[0 : mcmc] Progress @ 2025-04-18 08:44:47 : 46005 steps taken, and 4328 accepted.
[3 : mcmc] Progress @ 2025-04-18 08:44:48 : 45168 steps taken, and 4716 accepted.
[2 : mcmc] Progress @ 2025-04-18 08:45:18 : 44250 steps taken, and 4238 accepted.
[1 : mcmc] Progress @ 2025-04-18 08:46:08 : 44111 steps taken, and 4220 accepted.
[0 : mcmc] Progress @ 2025-04-18 08:46:48 : 46132 steps taken, and 4333 accepted.
[3 : mcmc] Progress @ 2025-04-18 08:46:49 : 45242 steps taken, and 4727 accepted.
[2 : mcmc] Progress @ 2025-04-18 08:47:24 : 44297 steps taken, and 4245 accepted.
[1 : mcmc] Progress @ 2025-04-18 08:48:11 : 44171 steps taken, and 4229 accepted.
[0 : mcmc] Progress @ 2025-04-18 08:48:51 : 46275 steps taken, and 4339 accepted.
[3 : mcmc] Progress @ 2025-04-18 08:48:55 : 45335 steps taken, and 4731 accepted.
[2 : mcmc] Progress @ 2025-04-18 08:49:27 : 44351 steps taken, and 4247 accepted.
[1 : mcmc] Progress @ 2025-04-18 08:50:17 : 44214 steps taken, and 4231 accepted.
[0 : mcmc] Progress @ 2025-04-18 08:50:52 : 46455 steps taken, and 4343 accepted.
[3 : mcmc] Progress @ 2025-04-18 08:50:57 : 45418 steps taken, and 4737 accepted.
[3 : mcmc] Learn + convergence test @ 4740 samples accepted.
[2 : mcmc] Progress @ 2025-04-18 08:51:31 : 44443 steps taken, and 4252 accepted.
[1 : mcmc] Progress @ 2025-04-18 08:52:22 : 44296 steps taken, and 4235 accepted.
[0 : mcmc] Progress @ 2025-04-18 08:52:54 : 46562 steps taken, and 4346 accepted.
[3 : mcmc] Progress @ 2025-04-18 08:52:58 : 45476 steps taken, and 4746 accepted.
[2 : mcmc] Progress @ 2025-04-18 08:53:34 : 44515 steps taken, and 4255 accepted.
[1 : mcmc] Progress @ 2025-04-18 08:54:23 : 44367 steps taken, and 4243 accepted.
[0 : mcmc] Progress @ 2025-04-18 08:54:55 : 46684 steps taken, and 4348 accepted.
[3 : mcmc] Progress @ 2025-04-18 08:54:59 : 45526 steps taken, and 4752 accepted.
[2 : mcmc] Progress @ 2025-04-18 08:55:38 : 44597 steps taken, and 4259 accepted.
[1 : mcmc] Progress @ 2025-04-18 08:56:24 : 44418 steps taken, and 4249 accepted.
[2 : mcmc] Learn + convergence test @ 4260 samples accepted.
[2 : mcmc] Ready to check convergence and learn a new proposal covmat (waiting for the rest...)
[0 : mcmc] All chains are ready to check convergence and learn a new proposal covmat
[0 : mcmc]  - Acceptance rate: 0.086 = avg([0.0796, 0.0896, 0.0839, 0.0907])
[0 : mcmc]  - Convergence of means: R-1 = 0.076972 after 17621 accepted steps = sum([4351, 4250, 4260, 4760])
[0 : mcmc]  - Updated covariance matrix of proposal pdf.
[3 : mcmc] Progress @ 2025-04-18 08:58:21 : 45575 steps taken, and 4760 accepted.
[0 : mcmc] Progress @ 2025-04-18 08:58:21 : 46795 steps taken, and 4351 accepted.
[1 : mcmc] Progress @ 2025-04-18 08:58:25 : 44463 steps taken, and 4251 accepted.
[2 : mcmc] Progress @ 2025-04-18 08:58:25 : 44626 steps taken, and 4260 accepted.
[0 : mcmc] Progress @ 2025-04-18 09:00:22 : 46969 steps taken, and 4360 accepted.
[3 : mcmc] Progress @ 2025-04-18 09:00:23 : 45681 steps taken, and 4771 accepted.
[1 : mcmc] Progress @ 2025-04-18 09:00:27 : 44508 steps taken, and 4256 accepted.
[2 : mcmc] Progress @ 2025-04-18 09:00:33 : 44702 steps taken, and 4264 accepted.
[1 : mcmc] Learn + convergence test @ 4260 samples accepted.
[1 : mcmc] Ready to check convergence and learn a new proposal covmat (waiting for the rest...)
[0 : mcmc] Progress @ 2025-04-18 09:02:22 : 47082 steps taken, and 4366 accepted.
[1 : mcmc] Progress @ 2025-04-18 09:02:28 : 44558 steps taken, and 4265 accepted.
[3 : mcmc] Progress @ 2025-04-18 09:02:29 : 45749 steps taken, and 4776 accepted.
[2 : mcmc] Progress @ 2025-04-18 09:02:34 : 44776 steps taken, and 4264 accepted.
[0 : mcmc] Progress @ 2025-04-18 09:04:25 : 47143 steps taken, and 4372 accepted.
[3 : mcmc] Progress @ 2025-04-18 09:04:29 : 45817 steps taken, and 4777 accepted.
[1 : mcmc] Progress @ 2025-04-18 09:04:34 : 44648 steps taken, and 4274 accepted.
[2 : mcmc] Progress @ 2025-04-18 09:04:38 : 44831 steps taken, and 4266 accepted.
[0 : mcmc] Learn + convergence test @ 4380 samples accepted.
[0 : mcmc] Ready to check convergence and learn a new proposal covmat (waiting for the rest...)
[0 : mcmc] Progress @ 2025-04-18 09:06:26 : 47202 steps taken, and 4383 accepted.
[3 : mcmc] Progress @ 2025-04-18 09:06:33 : 45872 steps taken, and 4786 accepted.
[1 : mcmc] Progress @ 2025-04-18 09:06:37 : 44715 steps taken, and 4284 accepted.
[2 : mcmc] Progress @ 2025-04-18 09:06:41 : 44869 steps taken, and 4267 accepted.
[0 : mcmc] Progress @ 2025-04-18 09:08:28 : 47252 steps taken, and 4390 accepted.
[3 : mcmc] Progress @ 2025-04-18 09:08:37 : 45918 steps taken, and 4789 accepted.
[1 : mcmc] Progress @ 2025-04-18 09:08:39 : 44769 steps taken, and 4292 accepted.
[2 : mcmc] Progress @ 2025-04-18 09:08:45 : 44927 steps taken, and 4269 accepted.
[0 : mcmc] Progress @ 2025-04-18 09:10:29 : 47320 steps taken, and 4399 accepted.
[3 : mcmc] Progress @ 2025-04-18 09:10:37 : 45979 steps taken, and 4793 accepted.
[1 : mcmc] Progress @ 2025-04-18 09:10:42 : 44856 steps taken, and 4302 accepted.
[2 : mcmc] Progress @ 2025-04-18 09:10:47 : 45018 steps taken, and 4271 accepted.
[0 : mcmc] Progress @ 2025-04-18 09:12:31 : 47491 steps taken, and 4407 accepted.
[3 : mcmc] Progress @ 2025-04-18 09:12:41 : 46050 steps taken, and 4799 accepted.
[1 : mcmc] Progress @ 2025-04-18 09:12:43 : 44946 steps taken, and 4315 accepted.
[3 : mcmc] Learn + convergence test @ 4800 samples accepted.
[3 : mcmc] Ready to check convergence and learn a new proposal covmat (waiting for the rest...)
[2 : mcmc] Progress @ 2025-04-18 09:12:53 : 45077 steps taken, and 4274 accepted.
[1 : mcmc] Learn + convergence test @ 4320 samples accepted.
[0 : mcmc] Progress @ 2025-04-18 09:14:34 : 47572 steps taken, and 4416 accepted.
[3 : mcmc] Progress @ 2025-04-18 09:14:43 : 46108 steps taken, and 4807 accepted.
[1 : mcmc] Progress @ 2025-04-18 09:14:44 : 45092 steps taken, and 4326 accepted.
[2 : mcmc] Progress @ 2025-04-18 09:15:01 : 45127 steps taken, and 4278 accepted.
[0 : mcmc] Progress @ 2025-04-18 09:16:40 : 47662 steps taken, and 4428 accepted.
[1 : mcmc] Progress @ 2025-04-18 09:16:45 : 45153 steps taken, and 4332 accepted.
[3 : mcmc] Progress @ 2025-04-18 09:16:46 : 46186 steps taken, and 4817 accepted.
[2 : mcmc] Progress @ 2025-04-18 09:17:01 : 45177 steps taken, and 4278 accepted.
[0 : mcmc] Progress @ 2025-04-18 09:18:42 : 47739 steps taken, and 4434 accepted.
[1 : mcmc] Progress @ 2025-04-18 09:18:46 : 45196 steps taken, and 4334 accepted.
[3 : mcmc] Progress @ 2025-04-18 09:18:48 : 46262 steps taken, and 4826 accepted.
[2 : mcmc] Progress @ 2025-04-18 09:19:06 : 45224 steps taken, and 4283 accepted.
[0 : mcmc] Progress @ 2025-04-18 09:20:43 : 47831 steps taken, and 4437 accepted.
[1 : mcmc] Progress @ 2025-04-18 09:20:48 : 45237 steps taken, and 4336 accepted.
[3 : mcmc] Progress @ 2025-04-18 09:20:50 : 46346 steps taken, and 4830 accepted.
[2 : mcmc] Progress @ 2025-04-18 09:21:07 : 45262 steps taken, and 4288 accepted.
[0 : mcmc] Learn + convergence test @ 4440 samples accepted.
[0 : mcmc] Progress @ 2025-04-18 09:22:44 : 47897 steps taken, and 4443 accepted.
[1 : mcmc] Progress @ 2025-04-18 09:22:50 : 45289 steps taken, and 4336 accepted.
[3 : mcmc] Progress @ 2025-04-18 09:22:52 : 46433 steps taken, and 4839 accepted.
[2 : mcmc] Progress @ 2025-04-18 09:23:11 : 45301 steps taken, and 4290 accepted.
[0 : mcmc] Progress @ 2025-04-18 09:24:44 : 47959 steps taken, and 4445 accepted.
[1 : mcmc] Progress @ 2025-04-18 09:24:52 : 45340 steps taken, and 4338 accepted.
[3 : mcmc] Progress @ 2025-04-18 09:24:54 : 46519 steps taken, and 4849 accepted.
[2 : mcmc] Progress @ 2025-04-18 09:25:13 : 45349 steps taken, and 4298 accepted.
[0 : mcmc] Progress @ 2025-04-18 09:26:47 : 48057 steps taken, and 4448 accepted.
[1 : mcmc] Progress @ 2025-04-18 09:26:53 : 45383 steps taken, and 4346 accepted.
[3 : mcmc] Progress @ 2025-04-18 09:26:55 : 46595 steps taken, and 4857 accepted.
[2 : mcmc] Progress @ 2025-04-18 09:27:16 : 45403 steps taken, and 4301 accepted.
[3 : mcmc] Learn + convergence test @ 4860 samples accepted.
[0 : mcmc] Progress @ 2025-04-18 09:28:52 : 48102 steps taken, and 4452 accepted.
[1 : mcmc] Progress @ 2025-04-18 09:28:54 : 45428 steps taken, and 4351 accepted.
[3 : mcmc] Progress @ 2025-04-18 09:29:02 : 46681 steps taken, and 4860 accepted.
[2 : mcmc] Progress @ 2025-04-18 09:29:17 : 45466 steps taken, and 4308 accepted.
[0 : mcmc] Progress @ 2025-04-18 09:30:53 : 48198 steps taken, and 4459 accepted.
[1 : mcmc] Progress @ 2025-04-18 09:30:56 : 45469 steps taken, and 4352 accepted.
[3 : mcmc] Progress @ 2025-04-18 09:31:06 : 46751 steps taken, and 4869 accepted.
[2 : mcmc] Progress @ 2025-04-18 09:31:18 : 45524 steps taken, and 4316 accepted.
[2 : mcmc] Learn + convergence test @ 4320 samples accepted.
[2 : mcmc] Ready to check convergence and learn a new proposal covmat (waiting for the rest...)
[0 : mcmc] Progress @ 2025-04-18 09:32:54 : 48281 steps taken, and 4469 accepted.
[1 : mcmc] Progress @ 2025-04-18 09:32:57 : 45534 steps taken, and 4357 accepted.
[0 : mcmc] All chains are ready to check convergence and learn a new proposal covmat
[3 : mcmc] Progress @ 2025-04-18 09:33:13 : 46793 steps taken, and 4876 accepted.
[0 : mcmc]  - Acceptance rate: 0.086 = avg([0.0791, 0.0895, 0.0831, 0.0910])
[0 : mcmc]  - Convergence of means: R-1 = 0.084605 after 18024 accepted steps = sum([4470, 4357, 4320, 4877])
[0 : mcmc]  - Updated covariance matrix of proposal pdf.
[2 : mcmc] Progress @ 2025-04-18 09:33:32 : 45556 steps taken, and 4320 accepted.
[0 : mcmc] Progress @ 2025-04-18 09:34:54 : 48341 steps taken, and 4472 accepted.
[1 : mcmc] Progress @ 2025-04-18 09:34:58 : 45576 steps taken, and 4364 accepted.
[3 : mcmc] Progress @ 2025-04-18 09:35:16 : 46841 steps taken, and 4882 accepted.
[2 : mcmc] Progress @ 2025-04-18 09:35:35 : 45611 steps taken, and 4328 accepted.
[0 : mcmc] Progress @ 2025-04-18 09:36:54 : 48410 steps taken, and 4476 accepted.
[1 : mcmc] Progress @ 2025-04-18 09:37:01 : 45655 steps taken, and 4369 accepted.
[3 : mcmc] Progress @ 2025-04-18 09:37:17 : 46923 steps taken, and 4890 accepted.
[2 : mcmc] Progress @ 2025-04-18 09:37:37 : 45699 steps taken, and 4333 accepted.
[0 : mcmc] Progress @ 2025-04-18 09:38:57 : 48504 steps taken, and 4486 accepted.
[1 : mcmc] Progress @ 2025-04-18 09:39:04 : 45724 steps taken, and 4378 accepted.
[3 : mcmc] Progress @ 2025-04-18 09:39:20 : 47006 steps taken, and 4893 accepted.
[1 : mcmc] Learn + convergence test @ 4380 samples accepted.
[1 : mcmc] Ready to check convergence and learn a new proposal covmat (waiting for the rest...)
[2 : mcmc] Progress @ 2025-04-18 09:39:40 : 45766 steps taken, and 4337 accepted.
[0 : mcmc] Progress @ 2025-04-18 09:41:01 : 48566 steps taken, and 4496 accepted.
[1 : mcmc] Progress @ 2025-04-18 09:41:07 : 45803 steps taken, and 4390 accepted.
[3 : mcmc] Progress @ 2025-04-18 09:41:21 : 47063 steps taken, and 4895 accepted.
[2 : mcmc] Progress @ 2025-04-18 09:41:43 : 45859 steps taken, and 4347 accepted.
[0 : mcmc] Learn + convergence test @ 4500 samples accepted.
[0 : mcmc] Ready to check convergence and learn a new proposal covmat (waiting for the rest...)
[0 : mcmc] Progress @ 2025-04-18 09:43:02 : 48648 steps taken, and 4507 accepted.
[1 : mcmc] Progress @ 2025-04-18 09:43:09 : 45857 steps taken, and 4394 accepted.
[3 : mcmc] Progress @ 2025-04-18 09:43:22 : 47131 steps taken, and 4902 accepted.
[2 : mcmc] Progress @ 2025-04-18 09:43:43 : 45931 steps taken, and 4354 accepted.
[0 : mcmc] Progress @ 2025-04-18 09:45:02 : 48795 steps taken, and 4515 accepted.
[1 : mcmc] Progress @ 2025-04-18 09:45:12 : 45916 steps taken, and 4399 accepted.
[3 : mcmc] Progress @ 2025-04-18 09:45:25 : 47213 steps taken, and 4906 accepted.
[2 : mcmc] Progress @ 2025-04-18 09:45:47 : 45997 steps taken, and 4358 accepted.
[0 : mcmc] Progress @ 2025-04-18 09:47:08 : 48864 steps taken, and 4521 accepted.
[1 : mcmc] Progress @ 2025-04-18 09:47:17 : 45986 steps taken, and 4408 accepted.
[3 : mcmc] Progress @ 2025-04-18 09:47:26 : 47286 steps taken, and 4909 accepted.
[2 : mcmc] Progress @ 2025-04-18 09:47:49 : 46074 steps taken, and 4363 accepted.
[0 : mcmc] Progress @ 2025-04-18 09:49:10 : 48939 steps taken, and 4527 accepted.
[1 : mcmc] Progress @ 2025-04-18 09:49:23 : 46045 steps taken, and 4414 accepted.
[3 : mcmc] Progress @ 2025-04-18 09:49:27 : 47366 steps taken, and 4916 accepted.
[3 : mcmc] Learn + convergence test @ 4920 samples accepted.
[3 : mcmc] Ready to check convergence and learn a new proposal covmat (waiting for the rest...)
[2 : mcmc] Progress @ 2025-04-18 09:49:51 : 46130 steps taken, and 4366 accepted.
[0 : mcmc] Progress @ 2025-04-18 09:51:15 : 48991 steps taken, and 4532 accepted.
[1 : mcmc] Progress @ 2025-04-18 09:51:24 : 46091 steps taken, and 4422 accepted.
[3 : mcmc] Progress @ 2025-04-18 09:51:27 : 47439 steps taken, and 4927 accepted.
[2 : mcmc] Progress @ 2025-04-18 09:51:52 : 46198 steps taken, and 4371 accepted.
[0 : mcmc] Progress @ 2025-04-18 09:53:17 : 49032 steps taken, and 4536 accepted.
[1 : mcmc] Progress @ 2025-04-18 09:53:27 : 46142 steps taken, and 4428 accepted.
[3 : mcmc] Progress @ 2025-04-18 09:53:30 : 47496 steps taken, and 4930 accepted.
[2 : mcmc] Progress @ 2025-04-18 09:53:57 : 46272 steps taken, and 4374 accepted.
[0 : mcmc] Progress @ 2025-04-18 09:55:20 : 49084 steps taken, and 4538 accepted.
[1 : mcmc] Progress @ 2025-04-18 09:55:28 : 46233 steps taken, and 4436 accepted.
[3 : mcmc] Progress @ 2025-04-18 09:55:30 : 47555 steps taken, and 4938 accepted.
[2 : mcmc] Progress @ 2025-04-18 09:55:59 : 46328 steps taken, and 4378 accepted.
[1 : mcmc] Learn + convergence test @ 4440 samples accepted.
[2 : mcmc] Learn + convergence test @ 4380 samples accepted.
[2 : mcmc] Ready to check convergence and learn a new proposal covmat (waiting for the rest...)
[0 : mcmc] All chains are ready to check convergence and learn a new proposal covmat
[0 : mcmc]  - Acceptance rate: 0.086 = avg([0.0791, 0.0905, 0.0826, 0.0904])
[0 : mcmc]  - Convergence of means: R-1 = 0.091060 after 18308 accepted steps = sum([4543, 4443, 4380, 4942])
[0 : mcmc]  - Updated covariance matrix of proposal pdf.
[0 : mcmc] Progress @ 2025-04-18 09:57:23 : 49137 steps taken, and 4546 accepted.
[1 : mcmc] Progress @ 2025-04-18 09:57:29 : 46315 steps taken, and 4444 accepted.
[3 : mcmc] Progress @ 2025-04-18 09:57:33 : 47603 steps taken, and 4945 accepted.
[2 : mcmc] Progress @ 2025-04-18 09:58:02 : 46396 steps taken, and 4384 accepted.
[0 : mcmc] Progress @ 2025-04-18 09:59:24 : 49215 steps taken, and 4548 accepted.
[1 : mcmc] Progress @ 2025-04-18 09:59:29 : 46435 steps taken, and 4453 accepted.
[3 : mcmc] Progress @ 2025-04-18 09:59:33 : 47677 steps taken, and 4951 accepted.
[2 : mcmc] Progress @ 2025-04-18 10:00:04 : 46535 steps taken, and 4393 accepted.
[0 : mcmc] Progress @ 2025-04-18 10:01:26 : 49282 steps taken, and 4559 accepted.
[1 : mcmc] Progress @ 2025-04-18 10:01:29 : 46539 steps taken, and 4462 accepted.
[3 : mcmc] Progress @ 2025-04-18 10:01:34 : 47759 steps taken, and 4959 accepted.
[0 : mcmc] Learn + convergence test @ 4560 samples accepted.
[0 : mcmc] Ready to check convergence and learn a new proposal covmat (waiting for the rest...)
[2 : mcmc] Progress @ 2025-04-18 10:02:06 : 46629 steps taken, and 4401 accepted.
[0 : mcmc] Progress @ 2025-04-18 10:03:29 : 49348 steps taken, and 4567 accepted.
[1 : mcmc] Progress @ 2025-04-18 10:03:31 : 46587 steps taken, and 4470 accepted.
[3 : mcmc] Progress @ 2025-04-18 10:03:36 : 47816 steps taken, and 4972 accepted.
[2 : mcmc] Progress @ 2025-04-18 10:04:06 : 46704 steps taken, and 4406 accepted.
[3 : mcmc] Learn + convergence test @ 4980 samples accepted.
[3 : mcmc] Ready to check convergence and learn a new proposal covmat (waiting for the rest...)
[0 : mcmc] Progress @ 2025-04-18 10:05:31 : 49412 steps taken, and 4578 accepted.
[1 : mcmc] Progress @ 2025-04-18 10:05:34 : 46646 steps taken, and 4473 accepted.
[3 : mcmc] Progress @ 2025-04-18 10:05:39 : 47865 steps taken, and 4980 accepted.
[2 : mcmc] Progress @ 2025-04-18 10:06:08 : 46764 steps taken, and 4418 accepted.
[0 : mcmc] Progress @ 2025-04-18 10:07:34 : 49462 steps taken, and 4584 accepted.
[1 : mcmc] Progress @ 2025-04-18 10:07:38 : 46704 steps taken, and 4476 accepted.
[3 : mcmc] Progress @ 2025-04-18 10:07:46 : 47932 steps taken, and 4986 accepted.
[2 : mcmc] Progress @ 2025-04-18 10:08:09 : 46837 steps taken, and 4426 accepted.
[0 : mcmc] Progress @ 2025-04-18 10:09:36 : 49514 steps taken, and 4585 accepted.
[1 : mcmc] Progress @ 2025-04-18 10:09:39 : 46765 steps taken, and 4478 accepted.
[3 : mcmc] Progress @ 2025-04-18 10:09:49 : 48001 steps taken, and 4991 accepted.
[2 : mcmc] Progress @ 2025-04-18 10:10:10 : 46910 steps taken, and 4437 accepted.
[0 : mcmc] Progress @ 2025-04-18 10:11:36 : 49577 steps taken, and 4586 accepted.
[1 : mcmc] Progress @ 2025-04-18 10:11:42 : 46833 steps taken, and 4485 accepted.
[2 : mcmc] Learn + convergence test @ 4440 samples accepted.
[2 : mcmc] Ready to check convergence and learn a new proposal covmat (waiting for the rest...)
[3 : mcmc] Progress @ 2025-04-18 10:11:50 : 48065 steps taken, and 4998 accepted.
[2 : mcmc] Progress @ 2025-04-18 10:12:13 : 46970 steps taken, and 4441 accepted.
[0 : mcmc] Progress @ 2025-04-18 10:13:37 : 49625 steps taken, and 4590 accepted.
[1 : mcmc] Progress @ 2025-04-18 10:13:45 : 46902 steps taken, and 4492 accepted.
[3 : mcmc] Progress @ 2025-04-18 10:13:51 : 48110 steps taken, and 5002 accepted.
[2 : mcmc] Progress @ 2025-04-18 10:14:14 : 47025 steps taken, and 4447 accepted.
[0 : mcmc] Progress @ 2025-04-18 10:15:40 : 49679 steps taken, and 4593 accepted.
[1 : mcmc] Progress @ 2025-04-18 10:15:53 : 46986 steps taken, and 4497 accepted.
[3 : mcmc] Progress @ 2025-04-18 10:15:54 : 48166 steps taken, and 5010 accepted.
[2 : mcmc] Progress @ 2025-04-18 10:16:17 : 47097 steps taken, and 4457 accepted.
[1 : mcmc] Learn + convergence test @ 4500 samples accepted.
[1 : mcmc] Ready to check convergence and learn a new proposal covmat (waiting for the rest...)
[0 : mcmc] All chains are ready to check convergence and learn a new proposal covmat
[2 : mcmc] Progress @ 2025-04-18 10:18:19 : 47145 steps taken, and 4459 accepted.
[0 : mcmc]  - Acceptance rate: 0.086 = avg([0.0801, 0.0902, 0.0826, 0.0908])
[0 : mcmc]  - Convergence of means: R-1 = 0.093834 after 18564 accepted steps = sum([4594, 4500, 4459, 5011])
[0 : mcmc]  - Updated covariance matrix of proposal pdf.
[0 : mcmc] Progress @ 2025-04-18 10:18:19 : 49710 steps taken, and 4594 accepted.
[1 : mcmc] Progress @ 2025-04-18 10:18:22 : 47006 steps taken, and 4500 accepted.
[3 : mcmc] Progress @ 2025-04-18 10:18:23 : 48190 steps taken, and 5011 accepted.
[2 : mcmc] Progress @ 2025-04-18 10:20:20 : 47195 steps taken, and 4461 accepted.
[0 : mcmc] Progress @ 2025-04-18 10:20:23 : 49796 steps taken, and 4597 accepted.
[1 : mcmc] Progress @ 2025-04-18 10:20:23 : 47076 steps taken, and 4508 accepted.
[3 : mcmc] Progress @ 2025-04-18 10:20:24 : 48244 steps taken, and 5013 accepted.
[2 : mcmc] Progress @ 2025-04-18 10:22:22 : 47247 steps taken, and 4464 accepted.
[0 : mcmc] Progress @ 2025-04-18 10:22:24 : 49856 steps taken, and 4602 accepted.
[1 : mcmc] Progress @ 2025-04-18 10:22:25 : 47160 steps taken, and 4515 accepted.
[3 : mcmc] Progress @ 2025-04-18 10:22:27 : 48304 steps taken, and 5018 accepted.
[2 : mcmc] Progress @ 2025-04-18 10:24:23 : 47317 steps taken, and 4470 accepted.
[0 : mcmc] Progress @ 2025-04-18 10:24:25 : 49915 steps taken, and 4606 accepted.
[1 : mcmc] Progress @ 2025-04-18 10:24:26 : 47219 steps taken, and 4520 accepted.
[3 : mcmc] Progress @ 2025-04-18 10:24:27 : 48373 steps taken, and 5024 accepted.
[2 : mcmc] Progress @ 2025-04-18 10:26:27 : 47353 steps taken, and 4470 accepted.
[0 : mcmc] Progress @ 2025-04-18 10:26:27 : 50029 steps taken, and 4613 accepted.
[3 : mcmc] Progress @ 2025-04-18 10:26:29 : 48440 steps taken, and 5029 accepted.
[1 : mcmc] Progress @ 2025-04-18 10:26:31 : 47323 steps taken, and 4526 accepted.
[0 : mcmc] Learn + convergence test @ 4620 samples accepted.
[0 : mcmc] Ready to check convergence and learn a new proposal covmat (waiting for the rest...)
[3 : mcmc] Learn + convergence test @ 5040 samples accepted.
[3 : mcmc] Ready to check convergence and learn a new proposal covmat (waiting for the rest...)
[0 : mcmc] Progress @ 2025-04-18 10:28:29 : 50108 steps taken, and 4623 accepted.
[2 : mcmc] Progress @ 2025-04-18 10:28:30 : 47395 steps taken, and 4473 accepted.
[1 : mcmc] Progress @ 2025-04-18 10:28:31 : 47411 steps taken, and 4535 accepted.
[3 : mcmc] Progress @ 2025-04-18 10:28:32 : 48519 steps taken, and 5040 accepted.
[2 : mcmc] Progress @ 2025-04-18 10:30:31 : 47458 steps taken, and 4483 accepted.
[1 : mcmc] Progress @ 2025-04-18 10:30:32 : 47471 steps taken, and 4541 accepted.
[0 : mcmc] Progress @ 2025-04-18 10:30:33 : 50149 steps taken, and 4626 accepted.
[3 : mcmc] Progress @ 2025-04-18 10:30:36 : 48606 steps taken, and 5051 accepted.
[2 : mcmc] Progress @ 2025-04-18 10:32:31 : 47533 steps taken, and 4489 accepted.
[1 : mcmc] Progress @ 2025-04-18 10:32:32 : 47527 steps taken, and 4551 accepted.
[0 : mcmc] Progress @ 2025-04-18 10:32:36 : 50210 steps taken, and 4635 accepted.
[3 : mcmc] Progress @ 2025-04-18 10:32:39 : 48674 steps taken, and 5059 accepted.
[2 : mcmc] Progress @ 2025-04-18 10:34:33 : 47594 steps taken, and 4497 accepted.
[1 : mcmc] Progress @ 2025-04-18 10:34:34 : 47634 steps taken, and 4555 accepted.
[0 : mcmc] Progress @ 2025-04-18 10:34:38 : 50275 steps taken, and 4639 accepted.
[3 : mcmc] Progress @ 2025-04-18 10:34:40 : 48733 steps taken, and 5064 accepted.
[2 : mcmc] Learn + convergence test @ 4500 samples accepted.
[2 : mcmc] Ready to check convergence and learn a new proposal covmat (waiting for the rest...)
[1 : mcmc] Learn + convergence test @ 4560 samples accepted.
[1 : mcmc] Ready to check convergence and learn a new proposal covmat (waiting for the rest...)
[0 : mcmc] All chains are ready to check convergence and learn a new proposal covmat
[0 : mcmc]  - Acceptance rate: 0.086 = avg([0.0799, 0.0900, 0.0824, 0.0907])
[0 : mcmc]  - Convergence of means: R-1 = 0.089854 after 18775 accepted steps = sum([4642, 4560, 4503, 5070])
[0 : mcmc]  - Updated covariance matrix of proposal pdf.
[2 : mcmc] Progress @ 2025-04-18 10:36:34 : 47635 steps taken, and 4504 accepted.
[1 : mcmc] Progress @ 2025-04-18 10:36:36 : 47697 steps taken, and 4562 accepted.
[3 : mcmc] Progress @ 2025-04-18 10:36:42 : 48775 steps taken, and 5071 accepted.
[0 : mcmc] Progress @ 2025-04-18 10:36:43 : 50350 steps taken, and 4643 accepted.
[2 : mcmc] Progress @ 2025-04-18 10:38:35 : 47710 steps taken, and 4514 accepted.
[1 : mcmc] Progress @ 2025-04-18 10:38:39 : 47772 steps taken, and 4567 accepted.
[3 : mcmc] Progress @ 2025-04-18 10:38:46 : 48852 steps taken, and 5078 accepted.
[0 : mcmc] Progress @ 2025-04-18 10:38:48 : 50447 steps taken, and 4648 accepted.
[2 : mcmc] Progress @ 2025-04-18 10:40:36 : 47781 steps taken, and 4526 accepted.
[1 : mcmc] Progress @ 2025-04-18 10:40:40 : 47844 steps taken, and 4574 accepted.
[3 : mcmc] Progress @ 2025-04-18 10:40:48 : 48939 steps taken, and 5088 accepted.
[0 : mcmc] Progress @ 2025-04-18 10:40:51 : 50515 steps taken, and 4654 accepted.
[1 : mcmc] Progress @ 2025-04-18 10:42:40 : 47888 steps taken, and 4578 accepted.
[2 : mcmc] Progress @ 2025-04-18 10:42:42 : 47890 steps taken, and 4534 accepted.
[3 : mcmc] Progress @ 2025-04-18 10:42:50 : 49000 steps taken, and 5094 accepted.
[0 : mcmc] Progress @ 2025-04-18 10:42:52 : 50593 steps taken, and 4662 accepted.
[3 : mcmc] Learn + convergence test @ 5100 samples accepted.
[3 : mcmc] Ready to check convergence and learn a new proposal covmat (waiting for the rest...)
[1 : mcmc] Progress @ 2025-04-18 10:44:41 : 47946 steps taken, and 4587 accepted.
[2 : mcmc] Progress @ 2025-04-18 10:44:45 : 47982 steps taken, and 4538 accepted.
[3 : mcmc] Progress @ 2025-04-18 10:44:52 : 49058 steps taken, and 5102 accepted.
[0 : mcmc] Progress @ 2025-04-18 10:44:55 : 50665 steps taken, and 4669 accepted.
[1 : mcmc] Progress @ 2025-04-18 10:46:41 : 48008 steps taken, and 4595 accepted.
[2 : mcmc] Progress @ 2025-04-18 10:46:45 : 48045 steps taken, and 4544 accepted.
[3 : mcmc] Progress @ 2025-04-18 10:46:54 : 49108 steps taken, and 5109 accepted.
[0 : mcmc] Progress @ 2025-04-18 10:46:58 : 50745 steps taken, and 4674 accepted.
[1 : mcmc] Progress @ 2025-04-18 10:48:42 : 48062 steps taken, and 4599 accepted.
[2 : mcmc] Progress @ 2025-04-18 10:48:48 : 48128 steps taken, and 4548 accepted.
[3 : mcmc] Progress @ 2025-04-18 10:48:57 : 49146 steps taken, and 5114 accepted.
[0 : mcmc] Progress @ 2025-04-18 10:49:01 : 50796 steps taken, and 4677 accepted.
[1 : mcmc] Progress @ 2025-04-18 10:50:46 : 48137 steps taken, and 4611 accepted.
[2 : mcmc] Progress @ 2025-04-18 10:50:50 : 48181 steps taken, and 4552 accepted.
[3 : mcmc] Progress @ 2025-04-18 10:50:57 : 49189 steps taken, and 5119 accepted.
[0 : mcmc] Progress @ 2025-04-18 10:51:02 : 50844 steps taken, and 4679 accepted.
[0 : mcmc] Learn + convergence test @ 4680 samples accepted.
[0 : mcmc] Ready to check convergence and learn a new proposal covmat (waiting for the rest...)
[1 : mcmc] Progress @ 2025-04-18 10:52:47 : 48182 steps taken, and 4618 accepted.
[2 : mcmc] Progress @ 2025-04-18 10:52:51 : 48279 steps taken, and 4557 accepted.
[3 : mcmc] Progress @ 2025-04-18 10:52:59 : 49235 steps taken, and 5123 accepted.
[0 : mcmc] Progress @ 2025-04-18 10:53:05 : 50900 steps taken, and 4685 accepted.
[2 : mcmc] Learn + convergence test @ 4560 samples accepted.
[2 : mcmc] Ready to check convergence and learn a new proposal covmat (waiting for the rest...)
[1 : mcmc] Learn + convergence test @ 4620 samples accepted.
[1 : mcmc] Ready to check convergence and learn a new proposal covmat (waiting for the rest...)
[0 : mcmc] All chains are ready to check convergence and learn a new proposal covmat
[0 : mcmc]  - Acceptance rate: 0.086 = avg([0.0795, 0.0903, 0.0823, 0.0910])
[0 : mcmc]  - Convergence of means: R-1 = 0.076593 after 18999 accepted steps = sum([4690, 4620, 4564, 5125])
[0 : mcmc]  - Updated covariance matrix of proposal pdf.
[1 : mcmc] Progress @ 2025-04-18 10:54:47 : 48219 steps taken, and 4620 accepted.
[2 : mcmc] Progress @ 2025-04-18 10:54:54 : 48339 steps taken, and 4565 accepted.
[3 : mcmc] Progress @ 2025-04-18 10:54:59 : 49292 steps taken, and 5127 accepted.
[0 : mcmc] Progress @ 2025-04-18 10:55:05 : 50965 steps taken, and 4691 accepted.
[1 : mcmc] Progress @ 2025-04-18 10:56:51 : 48281 steps taken, and 4620 accepted.
[2 : mcmc] Progress @ 2025-04-18 10:56:57 : 48402 steps taken, and 4570 accepted.
[3 : mcmc] Progress @ 2025-04-18 10:57:01 : 49340 steps taken, and 5134 accepted.
[0 : mcmc] Progress @ 2025-04-18 10:57:07 : 51045 steps taken, and 4699 accepted.
[1 : mcmc] Progress @ 2025-04-18 10:58:53 : 48350 steps taken, and 4625 accepted.
[2 : mcmc] Progress @ 2025-04-18 10:58:57 : 48470 steps taken, and 4576 accepted.
[3 : mcmc] Progress @ 2025-04-18 10:59:02 : 49382 steps taken, and 5137 accepted.
[0 : mcmc] Progress @ 2025-04-18 10:59:09 : 51118 steps taken, and 4705 accepted.
[1 : mcmc] Progress @ 2025-04-18 11:00:56 : 48424 steps taken, and 4635 accepted.
[2 : mcmc] Progress @ 2025-04-18 11:00:58 : 48558 steps taken, and 4582 accepted.
[3 : mcmc] Progress @ 2025-04-18 11:01:07 : 49435 steps taken, and 5142 accepted.
[0 : mcmc] Progress @ 2025-04-18 11:01:09 : 51195 steps taken, and 4713 accepted.
[1 : mcmc] Progress @ 2025-04-18 11:02:58 : 48487 steps taken, and 4646 accepted.
[2 : mcmc] Progress @ 2025-04-18 11:02:59 : 48632 steps taken, and 4586 accepted.
[3 : mcmc] Progress @ 2025-04-18 11:03:09 : 49479 steps taken, and 5146 accepted.
[0 : mcmc] Progress @ 2025-04-18 11:03:10 : 51285 steps taken, and 4718 accepted.
[1 : mcmc] Progress @ 2025-04-18 11:04:59 : 48549 steps taken, and 4651 accepted.
[2 : mcmc] Progress @ 2025-04-18 11:05:00 : 48734 steps taken, and 4592 accepted.
[3 : mcmc] Progress @ 2025-04-18 11:05:13 : 49542 steps taken, and 5149 accepted.
[0 : mcmc] Progress @ 2025-04-18 11:05:17 : 51359 steps taken, and 4726 accepted.
[1 : mcmc] Progress @ 2025-04-18 11:06:59 : 48658 steps taken, and 4662 accepted.
[2 : mcmc] Progress @ 2025-04-18 11:07:04 : 48790 steps taken, and 4605 accepted.
[3 : mcmc] Progress @ 2025-04-18 11:07:13 : 49616 steps taken, and 5152 accepted.
[0 : mcmc] Progress @ 2025-04-18 11:07:21 : 51415 steps taken, and 4732 accepted.
[1 : mcmc] Progress @ 2025-04-18 11:09:04 : 48723 steps taken, and 4666 accepted.
[2 : mcmc] Progress @ 2025-04-18 11:09:09 : 48858 steps taken, and 4614 accepted.
[3 : mcmc] Progress @ 2025-04-18 11:09:15 : 49676 steps taken, and 5159 accepted.
[0 : mcmc] Progress @ 2025-04-18 11:09:23 : 51483 steps taken, and 4739 accepted.
[3 : mcmc] Learn + convergence test @ 5160 samples accepted.
[3 : mcmc] Ready to check convergence and learn a new proposal covmat (waiting for the rest...)
[0 : mcmc] Learn + convergence test @ 4740 samples accepted.
[0 : mcmc] Ready to check convergence and learn a new proposal covmat (waiting for the rest...)
[1 : mcmc] Progress @ 2025-04-18 11:11:06 : 48790 steps taken, and 4677 accepted.
[2 : mcmc] Progress @ 2025-04-18 11:11:15 : 48942 steps taken, and 4620 accepted.
[2 : mcmc] Learn + convergence test @ 4620 samples accepted.
[2 : mcmc] Ready to check convergence and learn a new proposal covmat (waiting for the rest...)
[3 : mcmc] Progress @ 2025-04-18 11:11:21 : 49739 steps taken, and 5166 accepted.
[0 : mcmc] Progress @ 2025-04-18 11:11:28 : 51592 steps taken, and 4746 accepted.
[1 : mcmc] Learn + convergence test @ 4680 samples accepted.
[1 : mcmc] Ready to check convergence and learn a new proposal covmat (waiting for the rest...)
[0 : mcmc] All chains are ready to check convergence and learn a new proposal covmat
[0 : mcmc]  - Acceptance rate: 0.086 = avg([0.0795, 0.0902, 0.0824, 0.0907])
[0 : mcmc]  - Convergence of means: R-1 = 0.072625 after 19225 accepted steps = sum([4749, 4680, 4626, 5170])
[0 : mcmc]  - Updated covariance matrix of proposal pdf.
[1 : mcmc] Progress @ 2025-04-18 11:13:10 : 48864 steps taken, and 4680 accepted.
[2 : mcmc] Progress @ 2025-04-18 11:13:16 : 48998 steps taken, and 4627 accepted.
[3 : mcmc] Progress @ 2025-04-18 11:13:22 : 49835 steps taken, and 5174 accepted.
[0 : mcmc] Progress @ 2025-04-18 11:13:29 : 51660 steps taken, and 4754 accepted.
[1 : mcmc] Progress @ 2025-04-18 11:15:11 : 48925 steps taken, and 4682 accepted.
[2 : mcmc] Progress @ 2025-04-18 11:15:17 : 49048 steps taken, and 4630 accepted.
[3 : mcmc] Progress @ 2025-04-18 11:15:27 : 49901 steps taken, and 5182 accepted.
[0 : mcmc] Progress @ 2025-04-18 11:15:30 : 51776 steps taken, and 4762 accepted.
[1 : mcmc] Progress @ 2025-04-18 11:17:11 : 48995 steps taken, and 4688 accepted.
[2 : mcmc] Progress @ 2025-04-18 11:17:20 : 49135 steps taken, and 4640 accepted.
[3 : mcmc] Progress @ 2025-04-18 11:17:28 : 49979 steps taken, and 5190 accepted.
[0 : mcmc] Progress @ 2025-04-18 11:17:32 : 51896 steps taken, and 4767 accepted.
[1 : mcmc] Progress @ 2025-04-18 11:19:12 : 49090 steps taken, and 4696 accepted.
[2 : mcmc] Progress @ 2025-04-18 11:19:23 : 49232 steps taken, and 4647 accepted.
[3 : mcmc] Progress @ 2025-04-18 11:19:30 : 50037 steps taken, and 5197 accepted.
[0 : mcmc] Progress @ 2025-04-18 11:19:33 : 52006 steps taken, and 4775 accepted.
[1 : mcmc] Progress @ 2025-04-18 11:21:14 : 49152 steps taken, and 4705 accepted.
[2 : mcmc] Progress @ 2025-04-18 11:21:27 : 49325 steps taken, and 4649 accepted.
[3 : mcmc] Progress @ 2025-04-18 11:21:34 : 50112 steps taken, and 5203 accepted.
[0 : mcmc] Progress @ 2025-04-18 11:21:35 : 52084 steps taken, and 4784 accepted.
[1 : mcmc] Progress @ 2025-04-18 11:23:16 : 49208 steps taken, and 4708 accepted.
[2 : mcmc] Progress @ 2025-04-18 11:23:33 : 49402 steps taken, and 4649 accepted.
[3 : mcmc] Progress @ 2025-04-18 11:23:36 : 50212 steps taken, and 5209 accepted.
[0 : mcmc] Progress @ 2025-04-18 11:23:37 : 52160 steps taken, and 4788 accepted.
[0 : mcmc] Learn + convergence test @ 4800 samples accepted.
[0 : mcmc] Ready to check convergence and learn a new proposal covmat (waiting for the rest...)
[1 : mcmc] Progress @ 2025-04-18 11:25:17 : 49266 steps taken, and 4714 accepted.
[2 : mcmc] Progress @ 2025-04-18 11:25:34 : 49482 steps taken, and 4652 accepted.
[3 : mcmc] Progress @ 2025-04-18 11:25:37 : 50288 steps taken, and 5219 accepted.
[0 : mcmc] Progress @ 2025-04-18 11:25:38 : 52246 steps taken, and 4801 accepted.
[3 : mcmc] Learn + convergence test @ 5220 samples accepted.
[3 : mcmc] Ready to check convergence and learn a new proposal covmat (waiting for the rest...)
[1 : mcmc] Progress @ 2025-04-18 11:27:20 : 49312 steps taken, and 4715 accepted.
[2 : mcmc] Progress @ 2025-04-18 11:27:36 : 49540 steps taken, and 4655 accepted.
[3 : mcmc] Progress @ 2025-04-18 11:27:38 : 50366 steps taken, and 5226 accepted.
[0 : mcmc] Progress @ 2025-04-18 11:27:40 : 52309 steps taken, and 4808 accepted.
[1 : mcmc] Progress @ 2025-04-18 11:29:21 : 49356 steps taken, and 4720 accepted.
[2 : mcmc] Progress @ 2025-04-18 11:29:36 : 49619 steps taken, and 4661 accepted.
[3 : mcmc] Progress @ 2025-04-18 11:29:41 : 50420 steps taken, and 5235 accepted.
[0 : mcmc] Progress @ 2025-04-18 11:29:42 : 52423 steps taken, and 4811 accepted.
[1 : mcmc] Progress @ 2025-04-18 11:31:22 : 49399 steps taken, and 4722 accepted.
[2 : mcmc] Progress @ 2025-04-18 11:31:37 : 49714 steps taken, and 4670 accepted.
[0 : mcmc] Progress @ 2025-04-18 11:31:42 : 52481 steps taken, and 4822 accepted.
[3 : mcmc] Progress @ 2025-04-18 11:31:44 : 50522 steps taken, and 5240 accepted.
[1 : mcmc] Progress @ 2025-04-18 11:33:23 : 49477 steps taken, and 4730 accepted.
[2 : mcmc] Progress @ 2025-04-18 11:33:40 : 49794 steps taken, and 4673 accepted.
[0 : mcmc] Progress @ 2025-04-18 11:33:44 : 52561 steps taken, and 4830 accepted.
[3 : mcmc] Progress @ 2025-04-18 11:33:47 : 50583 steps taken, and 5247 accepted.
[2 : mcmc] Learn + convergence test @ 4680 samples accepted.
[2 : mcmc] Ready to check convergence and learn a new proposal covmat (waiting for the rest...)
[1 : mcmc] Progress @ 2025-04-18 11:35:25 : 49630 steps taken, and 4739 accepted.
[2 : mcmc] Progress @ 2025-04-18 11:35:43 : 49926 steps taken, and 4683 accepted.
[0 : mcmc] Progress @ 2025-04-18 11:35:44 : 52623 steps taken, and 4834 accepted.
[3 : mcmc] Progress @ 2025-04-18 11:35:48 : 50645 steps taken, and 5254 accepted.
[1 : mcmc] Learn + convergence test @ 4740 samples accepted.
[1 : mcmc] Ready to check convergence and learn a new proposal covmat (waiting for the rest...)
[0 : mcmc] All chains are ready to check convergence and learn a new proposal covmat
[0 : mcmc]  - Acceptance rate: 0.086 = avg([0.0797, 0.0906, 0.0814, 0.0909])
[0 : mcmc]  - Convergence of means: R-1 = 0.075305 after 19516 accepted steps = sum([4835, 4740, 4685, 5256])
[0 : mcmc]  - Updated covariance matrix of proposal pdf.
[1 : mcmc] Progress @ 2025-04-18 11:37:27 : 49693 steps taken, and 4747 accepted.
[2 : mcmc] Progress @ 2025-04-18 11:37:46 : 49991 steps taken, and 4687 accepted.
[0 : mcmc] Progress @ 2025-04-18 11:37:46 : 52686 steps taken, and 4842 accepted.
[3 : mcmc] Progress @ 2025-04-18 11:37:51 : 50688 steps taken, and 5260 accepted.
[1 : mcmc] Progress @ 2025-04-18 11:39:28 : 49735 steps taken, and 4750 accepted.
[0 : mcmc] Progress @ 2025-04-18 11:39:48 : 52753 steps taken, and 4849 accepted.
[2 : mcmc] Progress @ 2025-04-18 11:39:49 : 50050 steps taken, and 4694 accepted.
[3 : mcmc] Progress @ 2025-04-18 11:39:53 : 50768 steps taken, and 5267 accepted.
[1 : mcmc] Progress @ 2025-04-18 11:41:28 : 49806 steps taken, and 4757 accepted.
[2 : mcmc] Progress @ 2025-04-18 11:41:50 : 50107 steps taken, and 4699 accepted.
[0 : mcmc] Progress @ 2025-04-18 11:41:50 : 52816 steps taken, and 4857 accepted.
[3 : mcmc] Progress @ 2025-04-18 11:41:54 : 50865 steps taken, and 5275 accepted.
[1 : mcmc] Progress @ 2025-04-18 11:43:29 : 49872 steps taken, and 4764 accepted.
[3 : mcmc] Learn + convergence test @ 5280 samples accepted.
[3 : mcmc] Ready to check convergence and learn a new proposal covmat (waiting for the rest...)
[0 : mcmc] Learn + convergence test @ 4860 samples accepted.
[0 : mcmc] Ready to check convergence and learn a new proposal covmat (waiting for the rest...)
[0 : mcmc] Progress @ 2025-04-18 11:43:52 : 52870 steps taken, and 4860 accepted.
[2 : mcmc] Progress @ 2025-04-18 11:43:53 : 50219 steps taken, and 4706 accepted.
[3 : mcmc] Progress @ 2025-04-18 11:43:54 : 50963 steps taken, and 5281 accepted.
[1 : mcmc] Progress @ 2025-04-18 11:45:32 : 49956 steps taken, and 4774 accepted.
[0 : mcmc] Progress @ 2025-04-18 11:45:54 : 52915 steps taken, and 4864 accepted.
[3 : mcmc] Progress @ 2025-04-18 11:45:56 : 51027 steps taken, and 5292 accepted.
[2 : mcmc] Progress @ 2025-04-18 11:45:57 : 50308 steps taken, and 4715 accepted.
[1 : mcmc] Progress @ 2025-04-18 11:47:33 : 50047 steps taken, and 4782 accepted.
[0 : mcmc] Progress @ 2025-04-18 11:47:57 : 52961 steps taken, and 4868 accepted.
[2 : mcmc] Progress @ 2025-04-18 11:47:58 : 50388 steps taken, and 4724 accepted.
[3 : mcmc] Progress @ 2025-04-18 11:47:59 : 51098 steps taken, and 5301 accepted.
[1 : mcmc] Progress @ 2025-04-18 11:49:34 : 50158 steps taken, and 4792 accepted.
[2 : mcmc] Progress @ 2025-04-18 11:50:00 : 50459 steps taken, and 4734 accepted.
[0 : mcmc] Progress @ 2025-04-18 11:50:01 : 53038 steps taken, and 4875 accepted.
[3 : mcmc] Progress @ 2025-04-18 11:50:02 : 51156 steps taken, and 5303 accepted.
[1 : mcmc] Progress @ 2025-04-18 11:51:37 : 50265 steps taken, and 4795 accepted.
[2 : mcmc] Learn + convergence test @ 4740 samples accepted.
[2 : mcmc] Ready to check convergence and learn a new proposal covmat (waiting for the rest...)
[2 : mcmc] Progress @ 2025-04-18 11:52:02 : 50504 steps taken, and 4740 accepted.
[0 : mcmc] Progress @ 2025-04-18 11:52:02 : 53092 steps taken, and 4881 accepted.
[3 : mcmc] Progress @ 2025-04-18 11:52:05 : 51214 steps taken, and 5308 accepted.
[1 : mcmc] Learn + convergence test @ 4800 samples accepted.
[1 : mcmc] Ready to check convergence and learn a new proposal covmat (waiting for the rest...)
[0 : mcmc] All chains are ready to check convergence and learn a new proposal covmat
[0 : mcmc]  - Acceptance rate: 0.086 = avg([0.0799, 0.0902, 0.0814, 0.0909])
[0 : mcmc]  - Convergence of means: R-1 = 0.071963 after 19747 accepted steps = sum([4884, 4800, 4750, 5313])
[0 : mcmc]  - Updated covariance matrix of proposal pdf.
[1 : mcmc] Progress @ 2025-04-18 11:53:40 : 50349 steps taken, and 4800 accepted.
[2 : mcmc] Progress @ 2025-04-18 11:54:03 : 50610 steps taken, and 4752 accepted.
[0 : mcmc] Progress @ 2025-04-18 11:54:04 : 53168 steps taken, and 4886 accepted.
[3 : mcmc] Progress @ 2025-04-18 11:54:09 : 51287 steps taken, and 5313 accepted.
[1 : mcmc] Progress @ 2025-04-18 11:55:41 : 50439 steps taken, and 4803 accepted.
[2 : mcmc] Progress @ 2025-04-18 11:56:04 : 50715 steps taken, and 4765 accepted.
[0 : mcmc] Progress @ 2025-04-18 11:56:05 : 53284 steps taken, and 4894 accepted.
[3 : mcmc] Progress @ 2025-04-18 11:56:10 : 51332 steps taken, and 5317 accepted.
[1 : mcmc] Progress @ 2025-04-18 11:57:44 : 50551 steps taken, and 4814 accepted.
[0 : mcmc] Progress @ 2025-04-18 11:58:07 : 53369 steps taken, and 4907 accepted.
[2 : mcmc] Progress @ 2025-04-18 11:58:07 : 50796 steps taken, and 4773 accepted.
[3 : mcmc] Progress @ 2025-04-18 11:58:13 : 51378 steps taken, and 5323 accepted.
[1 : mcmc] Progress @ 2025-04-18 11:59:47 : 50657 steps taken, and 4819 accepted.
[2 : mcmc] Progress @ 2025-04-18 12:00:09 : 50863 steps taken, and 4781 accepted.
[0 : mcmc] Progress @ 2025-04-18 12:00:09 : 53417 steps taken, and 4909 accepted.
[3 : mcmc] Progress @ 2025-04-18 12:00:13 : 51441 steps taken, and 5333 accepted.
[1 : mcmc] Progress @ 2025-04-18 12:01:49 : 50715 steps taken, and 4828 accepted.
[2 : mcmc] Progress @ 2025-04-18 12:02:10 : 50928 steps taken, and 4786 accepted.
[0 : mcmc] Progress @ 2025-04-18 12:02:12 : 53464 steps taken, and 4912 accepted.
[3 : mcmc] Progress @ 2025-04-18 12:02:14 : 51513 steps taken, and 5336 accepted.
[1 : mcmc] Progress @ 2025-04-18 12:03:52 : 50767 steps taken, and 4831 accepted.
[3 : mcmc] Learn + convergence test @ 5340 samples accepted.
[3 : mcmc] Ready to check convergence and learn a new proposal covmat (waiting for the rest...)
[2 : mcmc] Progress @ 2025-04-18 12:04:13 : 51005 steps taken, and 4787 accepted.
[3 : mcmc] Progress @ 2025-04-18 12:04:14 : 51589 steps taken, and 5341 accepted.
[0 : mcmc] Progress @ 2025-04-18 12:04:15 : 53513 steps taken, and 4918 accepted.
[0 : mcmc] Learn + convergence test @ 4920 samples accepted.
[0 : mcmc] Ready to check convergence and learn a new proposal covmat (waiting for the rest...)
[1 : mcmc] Progress @ 2025-04-18 12:05:55 : 50824 steps taken, and 4835 accepted.
[2 : mcmc] Progress @ 2025-04-18 12:06:14 : 51076 steps taken, and 4795 accepted.
[3 : mcmc] Progress @ 2025-04-18 12:06:15 : 51690 steps taken, and 5356 accepted.
[0 : mcmc] Progress @ 2025-04-18 12:06:17 : 53565 steps taken, and 4922 accepted.
[1 : mcmc] Progress @ 2025-04-18 12:07:57 : 50904 steps taken, and 4842 accepted.
[2 : mcmc] Progress @ 2025-04-18 12:08:14 : 51118 steps taken, and 4795 accepted.
[3 : mcmc] Progress @ 2025-04-18 12:08:17 : 51795 steps taken, and 5362 accepted.
[0 : mcmc] Progress @ 2025-04-18 12:08:24 : 53613 steps taken, and 4924 accepted.
[1 : mcmc] Progress @ 2025-04-18 12:10:03 : 50951 steps taken, and 4846 accepted.
[2 : mcmc] Progress @ 2025-04-18 12:10:16 : 51165 steps taken, and 4798 accepted.
[3 : mcmc] Progress @ 2025-04-18 12:10:20 : 51867 steps taken, and 5367 accepted.
[0 : mcmc] Progress @ 2025-04-18 12:10:26 : 53676 steps taken, and 4930 accepted.
[2 : mcmc] Learn + convergence test @ 4800 samples accepted.
[2 : mcmc] Ready to check convergence and learn a new proposal covmat (waiting for the rest...)
[1 : mcmc] Progress @ 2025-04-18 12:12:03 : 51011 steps taken, and 4855 accepted.
[3 : mcmc] Progress @ 2025-04-18 12:12:20 : 51968 steps taken, and 5375 accepted.
[2 : mcmc] Progress @ 2025-04-18 12:12:20 : 51226 steps taken, and 4804 accepted.
[0 : mcmc] Progress @ 2025-04-18 12:12:27 : 53749 steps taken, and 4939 accepted.
[1 : mcmc] Learn + convergence test @ 4860 samples accepted.
[1 : mcmc] Ready to check convergence and learn a new proposal covmat (waiting for the rest...)
[0 : mcmc] All chains are ready to check convergence and learn a new proposal covmat
[0 : mcmc]  - Acceptance rate: 0.086 = avg([0.0796, 0.0905, 0.0814, 0.0907])
[0 : mcmc]  - Convergence of means: R-1 = 0.068363 after 19993 accepted steps = sum([4941, 4860, 4813, 5379])
[0 : mcmc]  - Updated covariance matrix of proposal pdf.
[1 : mcmc] Progress @ 2025-04-18 12:14:06 : 51046 steps taken, and 4861 accepted.
[2 : mcmc] Progress @ 2025-04-18 12:14:20 : 51316 steps taken, and 4814 accepted.
[3 : mcmc] Progress @ 2025-04-18 12:14:23 : 52041 steps taken, and 5381 accepted.
[0 : mcmc] Progress @ 2025-04-18 12:14:28 : 53807 steps taken, and 4943 accepted.
[1 : mcmc] Progress @ 2025-04-18 12:16:06 : 51140 steps taken, and 4867 accepted.
[2 : mcmc] Progress @ 2025-04-18 12:16:24 : 51382 steps taken, and 4819 accepted.
[3 : mcmc] Progress @ 2025-04-18 12:16:25 : 52110 steps taken, and 5385 accepted.
[0 : mcmc] Progress @ 2025-04-18 12:16:29 : 53894 steps taken, and 4950 accepted.
[1 : mcmc] Progress @ 2025-04-18 12:18:09 : 51253 steps taken, and 4876 accepted.
[2 : mcmc] Progress @ 2025-04-18 12:18:24 : 51446 steps taken, and 4830 accepted.
[3 : mcmc] Progress @ 2025-04-18 12:18:27 : 52203 steps taken, and 5395 accepted.
[0 : mcmc] Progress @ 2025-04-18 12:18:32 : 53996 steps taken, and 4956 accepted.
[1 : mcmc] Progress @ 2025-04-18 12:20:11 : 51326 steps taken, and 4885 accepted.
[3 : mcmc] Progress @ 2025-04-18 12:20:27 : 52330 steps taken, and 5396 accepted.
[2 : mcmc] Progress @ 2025-04-18 12:20:28 : 51520 steps taken, and 4837 accepted.
[0 : mcmc] Progress @ 2025-04-18 12:20:32 : 54086 steps taken, and 4964 accepted.
[3 : mcmc] Learn + convergence test @ 5400 samples accepted.
[3 : mcmc] Ready to check convergence and learn a new proposal covmat (waiting for the rest...)
[1 : mcmc] Progress @ 2025-04-18 12:22:16 : 51411 steps taken, and 4896 accepted.
[3 : mcmc] Progress @ 2025-04-18 12:22:27 : 52435 steps taken, and 5403 accepted.
[2 : mcmc] Progress @ 2025-04-18 12:22:29 : 51581 steps taken, and 4840 accepted.
[0 : mcmc] Progress @ 2025-04-18 12:22:32 : 54170 steps taken, and 4969 accepted.
[1 : mcmc] Progress @ 2025-04-18 12:24:17 : 51470 steps taken, and 4902 accepted.
[3 : mcmc] Progress @ 2025-04-18 12:24:30 : 52559 steps taken, and 5407 accepted.
[2 : mcmc] Progress @ 2025-04-18 12:24:31 : 51635 steps taken, and 4844 accepted.
[0 : mcmc] Progress @ 2025-04-18 12:24:33 : 54271 steps taken, and 4980 accepted.
[0 : mcmc] Learn + convergence test @ 4980 samples accepted.
[0 : mcmc] Ready to check convergence and learn a new proposal covmat (waiting for the rest...)
[1 : mcmc] Progress @ 2025-04-18 12:26:20 : 51543 steps taken, and 4909 accepted.
[2 : mcmc] Progress @ 2025-04-18 12:26:31 : 51698 steps taken, and 4851 accepted.
[3 : mcmc] Progress @ 2025-04-18 12:26:32 : 52721 steps taken, and 5413 accepted.
[0 : mcmc] Progress @ 2025-04-18 12:26:35 : 54327 steps taken, and 4987 accepted.
[1 : mcmc] Progress @ 2025-04-18 12:28:20 : 51605 steps taken, and 4917 accepted.
[2 : mcmc] Learn + convergence test @ 4860 samples accepted.
[2 : mcmc] Ready to check convergence and learn a new proposal covmat (waiting for the rest...)
[2 : mcmc] Progress @ 2025-04-18 12:28:32 : 51789 steps taken, and 4861 accepted.
[3 : mcmc] Progress @ 2025-04-18 12:28:34 : 52840 steps taken, and 5418 accepted.
[0 : mcmc] Progress @ 2025-04-18 12:28:37 : 54403 steps taken, and 4993 accepted.
[1 : mcmc] Learn + convergence test @ 4920 samples accepted.
[1 : mcmc] Ready to check convergence and learn a new proposal covmat (waiting for the rest...)
[0 : mcmc] All chains are ready to check convergence and learn a new proposal covmat
[0 : mcmc]  - Acceptance rate: 0.085 = avg([0.0795, 0.0905, 0.0815, 0.0895])
[0 : mcmc]  - Convergence of means: R-1 = 0.068006 after 20204 accepted steps = sum([4998, 4920, 4865, 5421])
[0 : mcmc]  - Updated covariance matrix of proposal pdf.
[1 : mcmc] Progress @ 2025-04-18 12:30:20 : 51659 steps taken, and 4920 accepted.
[3 : mcmc] Progress @ 2025-04-18 12:30:34 : 52958 steps taken, and 5421 accepted.
[2 : mcmc] Progress @ 2025-04-18 12:30:36 : 51879 steps taken, and 4866 accepted.
[0 : mcmc] Progress @ 2025-04-18 12:30:39 : 54447 steps taken, and 4999 accepted.
[1 : mcmc] Progress @ 2025-04-18 12:32:22 : 51766 steps taken, and 4928 accepted.
[3 : mcmc] Progress @ 2025-04-18 12:32:35 : 53064 steps taken, and 5427 accepted.
[2 : mcmc] Progress @ 2025-04-18 12:32:36 : 51955 steps taken, and 4873 accepted.
[0 : mcmc] Progress @ 2025-04-18 12:32:42 : 54499 steps taken, and 5005 accepted.
[1 : mcmc] Progress @ 2025-04-18 12:34:22 : 51830 steps taken, and 4934 accepted.
[2 : mcmc] Progress @ 2025-04-18 12:34:37 : 52013 steps taken, and 4882 accepted.
[3 : mcmc] Progress @ 2025-04-18 12:34:37 : 53181 steps taken, and 5435 accepted.
[0 : mcmc] Progress @ 2025-04-18 12:34:45 : 54549 steps taken, and 5015 accepted.
[1 : mcmc] Progress @ 2025-04-18 12:36:25 : 51884 steps taken, and 4938 accepted.
[3 : mcmc] Progress @ 2025-04-18 12:36:37 : 53238 steps taken, and 5438 accepted.
[2 : mcmc] Progress @ 2025-04-18 12:36:40 : 52063 steps taken, and 4889 accepted.
[0 : mcmc] Progress @ 2025-04-18 12:36:48 : 54602 steps taken, and 5025 accepted.
[1 : mcmc] Progress @ 2025-04-18 12:38:26 : 51967 steps taken, and 4942 accepted.
[3 : mcmc] Progress @ 2025-04-18 12:38:38 : 53306 steps taken, and 5444 accepted.
[2 : mcmc] Progress @ 2025-04-18 12:38:41 : 52121 steps taken, and 4897 accepted.
[0 : mcmc] Progress @ 2025-04-18 12:38:52 : 54643 steps taken, and 5029 accepted.
[1 : mcmc] Progress @ 2025-04-18 12:40:29 : 52034 steps taken, and 4949 accepted.
[3 : mcmc] Progress @ 2025-04-18 12:40:40 : 53369 steps taken, and 5454 accepted.
[2 : mcmc] Progress @ 2025-04-18 12:40:44 : 52199 steps taken, and 4898 accepted.
[0 : mcmc] Progress @ 2025-04-18 12:40:55 : 54715 steps taken, and 5039 accepted.
[0 : mcmc] Learn + convergence test @ 5040 samples accepted.
[0 : mcmc] Ready to check convergence and learn a new proposal covmat (waiting for the rest...)
[1 : mcmc] Progress @ 2025-04-18 12:42:30 : 52082 steps taken, and 4951 accepted.
[3 : mcmc] Learn + convergence test @ 5460 samples accepted.
[3 : mcmc] Ready to check convergence and learn a new proposal covmat (waiting for the rest...)
[3 : mcmc] Progress @ 2025-04-18 12:42:41 : 53462 steps taken, and 5463 accepted.
[2 : mcmc] Progress @ 2025-04-18 12:42:51 : 52264 steps taken, and 4901 accepted.
[0 : mcmc] Progress @ 2025-04-18 12:42:56 : 54774 steps taken, and 5052 accepted.
[1 : mcmc] Progress @ 2025-04-18 12:44:36 : 52154 steps taken, and 4955 accepted.
[3 : mcmc] Progress @ 2025-04-18 12:44:43 : 53523 steps taken, and 5467 accepted.
[2 : mcmc] Progress @ 2025-04-18 12:44:55 : 52368 steps taken, and 4911 accepted.
[0 : mcmc] Progress @ 2025-04-18 12:45:03 : 54819 steps taken, and 5055 accepted.
[1 : mcmc] Progress @ 2025-04-18 12:46:38 : 52211 steps taken, and 4959 accepted.
[3 : mcmc] Progress @ 2025-04-18 12:46:44 : 53593 steps taken, and 5475 accepted.
[2 : mcmc] Progress @ 2025-04-18 12:46:57 : 52423 steps taken, and 4918 accepted.
[0 : mcmc] Progress @ 2025-04-18 12:47:03 : 54856 steps taken, and 5058 accepted.
[2 : mcmc] Learn + convergence test @ 4920 samples accepted.
[2 : mcmc] Ready to check convergence and learn a new proposal covmat (waiting for the rest...)
[1 : mcmc] Progress @ 2025-04-18 12:48:41 : 52275 steps taken, and 4964 accepted.
[3 : mcmc] Progress @ 2025-04-18 12:48:49 : 53690 steps taken, and 5481 accepted.
[2 : mcmc] Progress @ 2025-04-18 12:48:59 : 52483 steps taken, and 4927 accepted.
[0 : mcmc] Progress @ 2025-04-18 12:49:04 : 54893 steps taken, and 5063 accepted.
[1 : mcmc] Progress @ 2025-04-18 12:50:43 : 52383 steps taken, and 4974 accepted.
[3 : mcmc] Progress @ 2025-04-18 12:50:50 : 53764 steps taken, and 5486 accepted.
[2 : mcmc] Progress @ 2025-04-18 12:51:02 : 52527 steps taken, and 4929 accepted.
[0 : mcmc] Progress @ 2025-04-18 12:51:05 : 54946 steps taken, and 5071 accepted.
[1 : mcmc] Progress @ 2025-04-18 12:52:49 : 52501 steps taken, and 4977 accepted.
[3 : mcmc] Progress @ 2025-04-18 12:52:51 : 53832 steps taken, and 5491 accepted.
[2 : mcmc] Progress @ 2025-04-18 12:53:06 : 52595 steps taken, and 4937 accepted.
[0 : mcmc] Progress @ 2025-04-18 12:53:09 : 54990 steps taken, and 5073 accepted.
[1 : mcmc] Learn + convergence test @ 4980 samples accepted.
[1 : mcmc] Ready to check convergence and learn a new proposal covmat (waiting for the rest...)
[0 : mcmc] All chains are ready to check convergence and learn a new proposal covmat
[0 : mcmc]  - Acceptance rate: 0.086 = avg([0.0803, 0.0903, 0.0820, 0.0895])
[0 : mcmc]  - Convergence of means: R-1 = 0.071512 after 20499 accepted steps = sum([5075, 4980, 4944, 5500])
[0 : mcmc]  - Updated covariance matrix of proposal pdf.
[1 : mcmc] Progress @ 2025-04-18 12:54:49 : 52583 steps taken, and 4980 accepted.
[3 : mcmc] Progress @ 2025-04-18 12:54:53 : 53910 steps taken, and 5500 accepted.
[0 : mcmc] Progress @ 2025-04-18 12:55:09 : 55024 steps taken, and 5076 accepted.
[2 : mcmc] Progress @ 2025-04-18 12:55:09 : 52645 steps taken, and 4946 accepted.
[1 : mcmc] Progress @ 2025-04-18 12:56:50 : 52680 steps taken, and 4984 accepted.
[3 : mcmc] Progress @ 2025-04-18 12:56:59 : 53969 steps taken, and 5507 accepted.
[2 : mcmc] Progress @ 2025-04-18 12:57:11 : 52727 steps taken, and 4949 accepted.
[0 : mcmc] Progress @ 2025-04-18 12:57:12 : 55094 steps taken, and 5084 accepted.
[1 : mcmc] Progress @ 2025-04-18 12:58:52 : 52759 steps taken, and 4986 accepted.
[3 : mcmc] Progress @ 2025-04-18 12:59:01 : 54025 steps taken, and 5516 accepted.
[2 : mcmc] Progress @ 2025-04-18 12:59:12 : 52813 steps taken, and 4962 accepted.
[0 : mcmc] Progress @ 2025-04-18 12:59:14 : 55154 steps taken, and 5089 accepted.
[3 : mcmc] Learn + convergence test @ 5520 samples accepted.
[3 : mcmc] Ready to check convergence and learn a new proposal covmat (waiting for the rest...)
[1 : mcmc] Progress @ 2025-04-18 13:00:56 : 52839 steps taken, and 4998 accepted.
[3 : mcmc] Progress @ 2025-04-18 13:01:04 : 54092 steps taken, and 5523 accepted.
[2 : mcmc] Progress @ 2025-04-18 13:01:13 : 52920 steps taken, and 4972 accepted.
[0 : mcmc] Progress @ 2025-04-18 13:01:17 : 55239 steps taken, and 5096 accepted.
[1 : mcmc] Progress @ 2025-04-18 13:02:56 : 52901 steps taken, and 5003 accepted.
[3 : mcmc] Progress @ 2025-04-18 13:03:05 : 54150 steps taken, and 5534 accepted.
[2 : mcmc] Progress @ 2025-04-18 13:03:15 : 53007 steps taken, and 4977 accepted.
[0 : mcmc] Progress @ 2025-04-18 13:03:21 : 55303 steps taken, and 5099 accepted.
[0 : mcmc] Learn + convergence test @ 5100 samples accepted.
[0 : mcmc] Ready to check convergence and learn a new proposal covmat (waiting for the rest...)
[2 : mcmc] Learn + convergence test @ 4980 samples accepted.
[2 : mcmc] Ready to check convergence and learn a new proposal covmat (waiting for the rest...)
[1 : mcmc] Progress @ 2025-04-18 13:04:57 : 52945 steps taken, and 5007 accepted.
[3 : mcmc] Progress @ 2025-04-18 13:05:09 : 54220 steps taken, and 5548 accepted.
[2 : mcmc] Progress @ 2025-04-18 13:05:17 : 53103 steps taken, and 4986 accepted.
[0 : mcmc] Progress @ 2025-04-18 13:05:23 : 55379 steps taken, and 5109 accepted.
[1 : mcmc] Progress @ 2025-04-18 13:06:58 : 52986 steps taken, and 5010 accepted.
[3 : mcmc] Progress @ 2025-04-18 13:07:10 : 54264 steps taken, and 5552 accepted.
[2 : mcmc] Progress @ 2025-04-18 13:07:17 : 53178 steps taken, and 4993 accepted.
[0 : mcmc] Progress @ 2025-04-18 13:07:26 : 55458 steps taken, and 5114 accepted.
[1 : mcmc] Progress @ 2025-04-18 13:08:59 : 53039 steps taken, and 5010 accepted.
[3 : mcmc] Progress @ 2025-04-18 13:09:11 : 54341 steps taken, and 5562 accepted.
[2 : mcmc] Progress @ 2025-04-18 13:09:24 : 53243 steps taken, and 5006 accepted.
[0 : mcmc] Progress @ 2025-04-18 13:09:29 : 55525 steps taken, and 5121 accepted.
[1 : mcmc] Progress @ 2025-04-18 13:11:03 : 53091 steps taken, and 5016 accepted.
[3 : mcmc] Progress @ 2025-04-18 13:11:16 : 54375 steps taken, and 5568 accepted.
[2 : mcmc] Progress @ 2025-04-18 13:11:25 : 53346 steps taken, and 5017 accepted.
[0 : mcmc] Progress @ 2025-04-18 13:11:29 : 55626 steps taken, and 5129 accepted.
[1 : mcmc] Progress @ 2025-04-18 13:13:07 : 53154 steps taken, and 5025 accepted.
[3 : mcmc] Progress @ 2025-04-18 13:13:21 : 54431 steps taken, and 5573 accepted.
[2 : mcmc] Progress @ 2025-04-18 13:13:27 : 53396 steps taken, and 5027 accepted.
[0 : mcmc] Progress @ 2025-04-18 13:13:31 : 55769 steps taken, and 5133 accepted.
[1 : mcmc] Progress @ 2025-04-18 13:15:11 : 53261 steps taken, and 5031 accepted.
[3 : mcmc] Progress @ 2025-04-18 13:15:24 : 54486 steps taken, and 5577 accepted.
[2 : mcmc] Progress @ 2025-04-18 13:15:27 : 53494 steps taken, and 5032 accepted.
[0 : mcmc] Progress @ 2025-04-18 13:15:35 : 55897 steps taken, and 5139 accepted.
[3 : mcmc] Learn + convergence test @ 5580 samples accepted.
[1 : mcmc] Learn + convergence test @ 5040 samples accepted.
[1 : mcmc] Ready to check convergence and learn a new proposal covmat (waiting for the rest...)
[0 : mcmc] All chains are ready to check convergence and learn a new proposal covmat
[0 : mcmc]  - Acceptance rate: 0.086 = avg([0.0804, 0.0910, 0.0829, 0.0901])
[0 : mcmc]  - Convergence of means: R-1 = 0.062444 after 20809 accepted steps = sum([5147, 5040, 5037, 5585])
[0 : mcmc]  - Updated covariance matrix of proposal pdf.
[1 : mcmc] Progress @ 2025-04-18 13:17:17 : 53324 steps taken, and 5040 accepted.
[3 : mcmc] Progress @ 2025-04-18 13:17:24 : 54550 steps taken, and 5586 accepted.
[2 : mcmc] Progress @ 2025-04-18 13:17:27 : 53547 steps taken, and 5037 accepted.
[0 : mcmc] Progress @ 2025-04-18 13:17:37 : 55975 steps taken, and 5148 accepted.
[2 : mcmc] Learn + convergence test @ 5040 samples accepted.
[2 : mcmc] Ready to check convergence and learn a new proposal covmat (waiting for the rest...)
[1 : mcmc] Progress @ 2025-04-18 13:19:18 : 53397 steps taken, and 5049 accepted.
[3 : mcmc] Progress @ 2025-04-18 13:19:25 : 54619 steps taken, and 5599 accepted.
[2 : mcmc] Progress @ 2025-04-18 13:19:30 : 53612 steps taken, and 5046 accepted.
[0 : mcmc] Progress @ 2025-04-18 13:19:37 : 56041 steps taken, and 5154 accepted.
[1 : mcmc] Progress @ 2025-04-18 13:21:20 : 53452 steps taken, and 5052 accepted.
[3 : mcmc] Progress @ 2025-04-18 13:21:29 : 54672 steps taken, and 5603 accepted.
[2 : mcmc] Progress @ 2025-04-18 13:21:32 : 53710 steps taken, and 5060 accepted.
[0 : mcmc] Progress @ 2025-04-18 13:21:38 : 56096 steps taken, and 5159 accepted.
[0 : mcmc] Learn + convergence test @ 5160 samples accepted.
[0 : mcmc] Ready to check convergence and learn a new proposal covmat (waiting for the rest...)
[1 : mcmc] Progress @ 2025-04-18 13:23:22 : 53522 steps taken, and 5061 accepted.
[3 : mcmc] Progress @ 2025-04-18 13:23:29 : 54766 steps taken, and 5610 accepted.
[2 : mcmc] Progress @ 2025-04-18 13:23:34 : 53773 steps taken, and 5067 accepted.
[0 : mcmc] Progress @ 2025-04-18 13:23:38 : 56169 steps taken, and 5166 accepted.
[1 : mcmc] Progress @ 2025-04-18 13:25:24 : 53676 steps taken, and 5069 accepted.
[3 : mcmc] Progress @ 2025-04-18 13:25:33 : 54818 steps taken, and 5613 accepted.
[2 : mcmc] Progress @ 2025-04-18 13:25:35 : 53846 steps taken, and 5075 accepted.
[0 : mcmc] Progress @ 2025-04-18 13:25:40 : 56264 steps taken, and 5173 accepted.
[1 : mcmc] Progress @ 2025-04-18 13:27:24 : 53733 steps taken, and 5074 accepted.
[3 : mcmc] Progress @ 2025-04-18 13:27:35 : 54857 steps taken, and 5617 accepted.
[2 : mcmc] Progress @ 2025-04-18 13:27:37 : 53937 steps taken, and 5083 accepted.
[0 : mcmc] Progress @ 2025-04-18 13:27:43 : 56351 steps taken, and 5180 accepted.
[1 : mcmc] Progress @ 2025-04-18 13:29:24 : 53815 steps taken, and 5078 accepted.
[3 : mcmc] Progress @ 2025-04-18 13:29:36 : 54899 steps taken, and 5619 accepted.
[2 : mcmc] Progress @ 2025-04-18 13:29:38 : 54010 steps taken, and 5087 accepted.
[0 : mcmc] Progress @ 2025-04-18 13:29:45 : 56445 steps taken, and 5191 accepted.
[1 : mcmc] Progress @ 2025-04-18 13:31:26 : 53942 steps taken, and 5086 accepted.
[3 : mcmc] Progress @ 2025-04-18 13:31:37 : 54945 steps taken, and 5622 accepted.
[2 : mcmc] Progress @ 2025-04-18 13:31:43 : 54170 steps taken, and 5096 accepted.
[0 : mcmc] Progress @ 2025-04-18 13:31:46 : 56579 steps taken, and 5195 accepted.
[2 : mcmc] Learn + convergence test @ 5100 samples accepted.
[1 : mcmc] Progress @ 2025-04-18 13:33:27 : 54081 steps taken, and 5091 accepted.
[3 : mcmc] Progress @ 2025-04-18 13:33:41 : 55000 steps taken, and 5625 accepted.
[2 : mcmc] Progress @ 2025-04-18 13:33:46 : 54318 steps taken, and 5102 accepted.
[0 : mcmc] Progress @ 2025-04-18 13:33:52 : 56681 steps taken, and 5199 accepted.
[1 : mcmc] Learn + convergence test @ 5100 samples accepted.
[1 : mcmc] Ready to check convergence and learn a new proposal covmat (waiting for the rest...)
[1 : mcmc] Progress @ 2025-04-18 13:35:28 : 54171 steps taken, and 5100 accepted.
[3 : mcmc] Progress @ 2025-04-18 13:35:46 : 55057 steps taken, and 5631 accepted.
[2 : mcmc] Progress @ 2025-04-18 13:35:46 : 54452 steps taken, and 5111 accepted.
[0 : mcmc] Progress @ 2025-04-18 13:35:54 : 56800 steps taken, and 5207 accepted.
[1 : mcmc] Progress @ 2025-04-18 13:37:28 : 54241 steps taken, and 5108 accepted.
[3 : mcmc] Progress @ 2025-04-18 13:37:46 : 55123 steps taken, and 5636 accepted.
[2 : mcmc] Progress @ 2025-04-18 13:37:51 : 54558 steps taken, and 5116 accepted.
[0 : mcmc] Progress @ 2025-04-18 13:37:55 : 56891 steps taken, and 5215 accepted.
[0 : mcmc] Learn + convergence test @ 5220 samples accepted.
[3 : mcmc] Learn + convergence test @ 5640 samples accepted.
[3 : mcmc] Ready to check convergence and learn a new proposal covmat (waiting for the rest...)
[0 : mcmc] All chains are ready to check convergence and learn a new proposal covmat
[2 : mcmc] Progress @ 2025-04-18 13:39:56 : 54628 steps taken, and 5121 accepted.
[0 : mcmc]  - Acceptance rate: 0.086 = avg([0.0804, 0.0907, 0.0824, 0.0898])
[0 : mcmc]  - Convergence of means: R-1 = 0.055025 after 21102 accepted steps = sum([5222, 5118, 5122, 5640])
[0 : mcmc]  - Updated covariance matrix of proposal pdf.
[1 : mcmc] Progress @ 2025-04-18 13:41:45 : 54338 steps taken, and 5118 accepted.
[0 : mcmc] Progress @ 2025-04-18 13:41:48 : 56991 steps taken, and 5222 accepted.
[3 : mcmc] Progress @ 2025-04-18 13:41:48 : 55160 steps taken, and 5640 accepted.
[2 : mcmc] Progress @ 2025-04-18 13:41:58 : 54693 steps taken, and 5123 accepted.
[1 : mcmc] Progress @ 2025-04-18 13:43:46 : 54415 steps taken, and 5129 accepted.
[3 : mcmc] Progress @ 2025-04-18 13:43:50 : 55198 steps taken, and 5644 accepted.
[0 : mcmc] Progress @ 2025-04-18 13:43:50 : 57077 steps taken, and 5228 accepted.
[2 : mcmc] Progress @ 2025-04-18 13:43:59 : 54768 steps taken, and 5129 accepted.
[1 : mcmc] Progress @ 2025-04-18 13:45:47 : 54492 steps taken, and 5136 accepted.
[3 : mcmc] Progress @ 2025-04-18 13:45:50 : 55259 steps taken, and 5651 accepted.
[0 : mcmc] Progress @ 2025-04-18 13:45:51 : 57194 steps taken, and 5234 accepted.
[2 : mcmc] Progress @ 2025-04-18 13:46:01 : 54873 steps taken, and 5133 accepted.
[1 : mcmc] Progress @ 2025-04-18 13:47:50 : 54574 steps taken, and 5143 accepted.
[0 : mcmc] Progress @ 2025-04-18 13:47:51 : 57333 steps taken, and 5243 accepted.
[3 : mcmc] Progress @ 2025-04-18 13:47:52 : 55307 steps taken, and 5661 accepted.
[2 : mcmc] Progress @ 2025-04-18 13:48:01 : 55003 steps taken, and 5137 accepted.
[0 : mcmc] Progress @ 2025-04-18 13:49:51 : 57452 steps taken, and 5247 accepted.
[1 : mcmc] Progress @ 2025-04-18 13:49:52 : 54639 steps taken, and 5152 accepted.
[3 : mcmc] Progress @ 2025-04-18 13:49:59 : 55366 steps taken, and 5670 accepted.
[2 : mcmc] Progress @ 2025-04-18 13:50:02 : 55144 steps taken, and 5143 accepted.
[1 : mcmc] Progress @ 2025-04-18 13:51:52 : 54704 steps taken, and 5155 accepted.
[0 : mcmc] Progress @ 2025-04-18 13:51:54 : 57525 steps taken, and 5255 accepted.
[3 : mcmc] Progress @ 2025-04-18 13:52:00 : 55439 steps taken, and 5675 accepted.
[2 : mcmc] Progress @ 2025-04-18 13:52:04 : 55210 steps taken, and 5151 accepted.
[1 : mcmc] Learn + convergence test @ 5160 samples accepted.
[1 : mcmc] Ready to check convergence and learn a new proposal covmat (waiting for the rest...)
[1 : mcmc] Progress @ 2025-04-18 13:53:52 : 54777 steps taken, and 5162 accepted.
[0 : mcmc] Progress @ 2025-04-18 13:53:54 : 57604 steps taken, and 5261 accepted.
[3 : mcmc] Progress @ 2025-04-18 13:54:04 : 55504 steps taken, and 5678 accepted.
[2 : mcmc] Progress @ 2025-04-18 13:54:05 : 55279 steps taken, and 5157 accepted.
[2 : mcmc] Learn + convergence test @ 5160 samples accepted.
[2 : mcmc] Ready to check convergence and learn a new proposal covmat (waiting for the rest...)
[1 : mcmc] Progress @ 2025-04-18 13:55:56 : 54829 steps taken, and 5174 accepted.
[0 : mcmc] Progress @ 2025-04-18 13:55:59 : 57669 steps taken, and 5264 accepted.
[2 : mcmc] Progress @ 2025-04-18 13:56:06 : 55357 steps taken, and 5164 accepted.
[3 : mcmc] Progress @ 2025-04-18 13:56:07 : 55580 steps taken, and 5680 accepted.
[1 : mcmc] Progress @ 2025-04-18 13:57:57 : 54880 steps taken, and 5177 accepted.
[0 : mcmc] Progress @ 2025-04-18 13:58:03 : 57746 steps taken, and 5273 accepted.
[2 : mcmc] Progress @ 2025-04-18 13:58:06 : 55428 steps taken, and 5172 accepted.
[3 : mcmc] Progress @ 2025-04-18 13:58:11 : 55664 steps taken, and 5683 accepted.
[1 : mcmc] Progress @ 2025-04-18 14:00:02 : 54997 steps taken, and 5185 accepted.
[0 : mcmc] Progress @ 2025-04-18 14:00:07 : 57825 steps taken, and 5275 accepted.
[2 : mcmc] Progress @ 2025-04-18 14:00:10 : 55510 steps taken, and 5173 accepted.
[3 : mcmc] Progress @ 2025-04-18 14:00:13 : 55739 steps taken, and 5687 accepted.
[1 : mcmc] Progress @ 2025-04-18 14:02:02 : 55063 steps taken, and 5193 accepted.
[0 : mcmc] Progress @ 2025-04-18 14:02:10 : 57898 steps taken, and 5276 accepted.
[2 : mcmc] Progress @ 2025-04-18 14:02:14 : 55591 steps taken, and 5177 accepted.
[3 : mcmc] Progress @ 2025-04-18 14:02:14 : 55792 steps taken, and 5695 accepted.
[0 : mcmc] Learn + convergence test @ 5280 samples accepted.
[0 : mcmc] Ready to check convergence and learn a new proposal covmat (waiting for the rest...)
[1 : mcmc] Progress @ 2025-04-18 14:04:06 : 55129 steps taken, and 5200 accepted.
[3 : mcmc] Learn + convergence test @ 5700 samples accepted.
[3 : mcmc] Ready to check convergence and learn a new proposal covmat (waiting for the rest...)
[0 : mcmc] Progress @ 2025-04-18 14:04:12 : 57969 steps taken, and 5289 accepted.
[2 : mcmc] Progress @ 2025-04-18 14:04:15 : 55691 steps taken, and 5183 accepted.
[0 : mcmc] All chains are ready to check convergence and learn a new proposal covmat
[0 : mcmc]  - Acceptance rate: 0.086 = avg([0.0799, 0.0908, 0.0815, 0.0905])
[0 : mcmc]  - Convergence of means: R-1 = 0.059708 after 21375 accepted steps = sum([5290, 5202, 5183, 5700])
[0 : mcmc]  - Updated covariance matrix of proposal pdf.
[3 : mcmc] Progress @ 2025-04-18 14:04:48 : 55843 steps taken, and 5700 accepted.
[1 : mcmc] Progress @ 2025-04-18 14:06:10 : 55214 steps taken, and 5207 accepted.
[2 : mcmc] Progress @ 2025-04-18 14:06:16 : 55736 steps taken, and 5183 accepted.
[0 : mcmc] Progress @ 2025-04-18 14:06:19 : 58046 steps taken, and 5298 accepted.
[3 : mcmc] Progress @ 2025-04-18 14:06:49 : 55916 steps taken, and 5707 accepted.
[1 : mcmc] Progress @ 2025-04-18 14:08:10 : 55271 steps taken, and 5211 accepted.
[2 : mcmc] Progress @ 2025-04-18 14:08:17 : 55810 steps taken, and 5187 accepted.
[0 : mcmc] Progress @ 2025-04-18 14:08:22 : 58090 steps taken, and 5302 accepted.
[3 : mcmc] Progress @ 2025-04-18 14:08:54 : 55999 steps taken, and 5709 accepted.
[1 : mcmc] Progress @ 2025-04-18 14:10:13 : 55318 steps taken, and 5212 accepted.
[2 : mcmc] Progress @ 2025-04-18 14:10:20 : 55865 steps taken, and 5191 accepted.
[0 : mcmc] Progress @ 2025-04-18 14:10:24 : 58130 steps taken, and 5307 accepted.
[3 : mcmc] Progress @ 2025-04-18 14:10:57 : 56088 steps taken, and 5714 accepted.
[1 : mcmc] Progress @ 2025-04-18 14:12:14 : 55371 steps taken, and 5215 accepted.
[0 : mcmc] Progress @ 2025-04-18 14:12:24 : 58185 steps taken, and 5312 accepted.
[2 : mcmc] Progress @ 2025-04-18 14:12:25 : 55905 steps taken, and 5192 accepted.
[3 : mcmc] Progress @ 2025-04-18 14:12:59 : 56160 steps taken, and 5722 accepted.
[1 : mcmc] Progress @ 2025-04-18 14:14:15 : 55443 steps taken, and 5217 accepted.
[0 : mcmc] Progress @ 2025-04-18 14:14:26 : 58240 steps taken, and 5318 accepted.
[2 : mcmc] Progress @ 2025-04-18 14:14:30 : 55950 steps taken, and 5193 accepted.
[3 : mcmc] Progress @ 2025-04-18 14:15:01 : 56249 steps taken, and 5731 accepted.
[1 : mcmc] Progress @ 2025-04-18 14:16:16 : 55498 steps taken, and 5219 accepted.
[0 : mcmc] Progress @ 2025-04-18 14:16:31 : 58285 steps taken, and 5319 accepted.
[2 : mcmc] Progress @ 2025-04-18 14:16:31 : 56025 steps taken, and 5198 accepted.
[1 : mcmc] Learn + convergence test @ 5220 samples accepted.
[1 : mcmc] Ready to check convergence and learn a new proposal covmat (waiting for the rest...)
[3 : mcmc] Progress @ 2025-04-18 14:17:01 : 56333 steps taken, and 5744 accepted.
[1 : mcmc] Progress @ 2025-04-18 14:18:19 : 55560 steps taken, and 5223 accepted.
[2 : mcmc] Progress @ 2025-04-18 14:18:33 : 56109 steps taken, and 5207 accepted.
[0 : mcmc] Progress @ 2025-04-18 14:18:34 : 58320 steps taken, and 5323 accepted.
[3 : mcmc] Progress @ 2025-04-18 14:19:01 : 56397 steps taken, and 5753 accepted.
[1 : mcmc] Progress @ 2025-04-18 14:20:20 : 55632 steps taken, and 5231 accepted.
[0 : mcmc] Progress @ 2025-04-18 14:20:36 : 58361 steps taken, and 5327 accepted.
[2 : mcmc] Progress @ 2025-04-18 14:20:36 : 56171 steps taken, and 5215 accepted.
[3 : mcmc] Progress @ 2025-04-18 14:21:02 : 56485 steps taken, and 5759 accepted.
[3 : mcmc] Learn + convergence test @ 5760 samples accepted.
[3 : mcmc] Ready to check convergence and learn a new proposal covmat (waiting for the rest...)
[1 : mcmc] Progress @ 2025-04-18 14:22:21 : 55688 steps taken, and 5245 accepted.
[2 : mcmc] Learn + convergence test @ 5220 samples accepted.
[2 : mcmc] Ready to check convergence and learn a new proposal covmat (waiting for the rest...)
[0 : mcmc] Progress @ 2025-04-18 14:22:37 : 58416 steps taken, and 5334 accepted.
[2 : mcmc] Progress @ 2025-04-18 14:22:39 : 56218 steps taken, and 5222 accepted.
[3 : mcmc] Progress @ 2025-04-18 14:23:02 : 56544 steps taken, and 5767 accepted.
[0 : mcmc] Learn + convergence test @ 5340 samples accepted.
[0 : mcmc] Ready to check convergence and learn a new proposal covmat (waiting for the rest...)
[0 : mcmc] All chains are ready to check convergence and learn a new proposal covmat
[0 : mcmc]  - Acceptance rate: 0.086 = avg([0.0799, 0.0910, 0.0814, 0.0902])
[0 : mcmc]  - Convergence of means: R-1 = 0.061791 after 21585 accepted steps = sum([5340, 5249, 5225, 5771])
[0 : mcmc]  - Updated covariance matrix of proposal pdf.
[1 : mcmc] Progress @ 2025-04-18 14:24:24 : 55765 steps taken, and 5250 accepted.
[0 : mcmc] Progress @ 2025-04-18 14:24:39 : 58522 steps taken, and 5343 accepted.
[2 : mcmc] Progress @ 2025-04-18 14:24:39 : 56269 steps taken, and 5230 accepted.
[3 : mcmc] Progress @ 2025-04-18 14:25:06 : 56615 steps taken, and 5775 accepted.
[1 : mcmc] Progress @ 2025-04-18 14:26:27 : 55821 steps taken, and 5257 accepted.
[0 : mcmc] Progress @ 2025-04-18 14:26:40 : 58624 steps taken, and 5354 accepted.
[2 : mcmc] Progress @ 2025-04-18 14:26:46 : 56351 steps taken, and 5236 accepted.
[3 : mcmc] Progress @ 2025-04-18 14:27:07 : 56686 steps taken, and 5781 accepted.
[1 : mcmc] Progress @ 2025-04-18 14:28:30 : 55870 steps taken, and 5265 accepted.
[0 : mcmc] Progress @ 2025-04-18 14:28:46 : 58694 steps taken, and 5355 accepted.
[2 : mcmc] Progress @ 2025-04-18 14:28:48 : 56400 steps taken, and 5241 accepted.
[3 : mcmc] Progress @ 2025-04-18 14:29:09 : 56744 steps taken, and 5790 accepted.
[1 : mcmc] Progress @ 2025-04-18 14:30:33 : 55923 steps taken, and 5270 accepted.
[2 : mcmc] Progress @ 2025-04-18 14:30:49 : 56451 steps taken, and 5248 accepted.
[0 : mcmc] Progress @ 2025-04-18 14:30:49 : 58774 steps taken, and 5367 accepted.
[3 : mcmc] Progress @ 2025-04-18 14:31:12 : 56803 steps taken, and 5792 accepted.
[1 : mcmc] Progress @ 2025-04-18 14:32:36 : 55986 steps taken, and 5274 accepted.
[2 : mcmc] Progress @ 2025-04-18 14:32:52 : 56549 steps taken, and 5256 accepted.
[0 : mcmc] Progress @ 2025-04-18 14:32:55 : 58846 steps taken, and 5373 accepted.
[3 : mcmc] Progress @ 2025-04-18 14:33:16 : 56863 steps taken, and 5795 accepted.
[1 : mcmc] Learn + convergence test @ 5280 samples accepted.
[1 : mcmc] Ready to check convergence and learn a new proposal covmat (waiting for the rest...)
[1 : mcmc] Progress @ 2025-04-18 14:34:38 : 56078 steps taken, and 5280 accepted.
[0 : mcmc] Progress @ 2025-04-18 14:34:56 : 58927 steps taken, and 5382 accepted.
[2 : mcmc] Progress @ 2025-04-18 14:34:56 : 56617 steps taken, and 5259 accepted.
[3 : mcmc] Progress @ 2025-04-18 14:35:16 : 56908 steps taken, and 5800 accepted.
[1 : mcmc] Progress @ 2025-04-18 14:36:44 : 56171 steps taken, and 5287 accepted.
[2 : mcmc] Progress @ 2025-04-18 14:36:59 : 56658 steps taken, and 5260 accepted.
[0 : mcmc] Progress @ 2025-04-18 14:37:00 : 59010 steps taken, and 5391 accepted.
[3 : mcmc] Progress @ 2025-04-18 14:37:19 : 56975 steps taken, and 5811 accepted.
[1 : mcmc] Progress @ 2025-04-18 14:38:45 : 56243 steps taken, and 5295 accepted.
[2 : mcmc] Progress @ 2025-04-18 14:38:59 : 56712 steps taken, and 5265 accepted.
[0 : mcmc] Progress @ 2025-04-18 14:39:03 : 59064 steps taken, and 5398 accepted.
[0 : mcmc] Learn + convergence test @ 5400 samples accepted.
[0 : mcmc] Ready to check convergence and learn a new proposal covmat (waiting for the rest...)
[3 : mcmc] Progress @ 2025-04-18 14:39:20 : 57017 steps taken, and 5819 accepted.
[3 : mcmc] Learn + convergence test @ 5820 samples accepted.
[3 : mcmc] Ready to check convergence and learn a new proposal covmat (waiting for the rest...)
[1 : mcmc] Progress @ 2025-04-18 14:40:46 : 56326 steps taken, and 5302 accepted.
[2 : mcmc] Progress @ 2025-04-18 14:41:01 : 56783 steps taken, and 5275 accepted.
[0 : mcmc] Progress @ 2025-04-18 14:41:06 : 59119 steps taken, and 5404 accepted.
[3 : mcmc] Progress @ 2025-04-18 14:41:23 : 57091 steps taken, and 5825 accepted.
[1 : mcmc] Progress @ 2025-04-18 14:42:47 : 56401 steps taken, and 5313 accepted.
[2 : mcmc] Learn + convergence test @ 5280 samples accepted.
[2 : mcmc] Ready to check convergence and learn a new proposal covmat (waiting for the rest...)
[0 : mcmc] All chains are ready to check convergence and learn a new proposal covmat
[0 : mcmc]  - Acceptance rate: 0.086 = avg([0.0802, 0.0914, 0.0814, 0.0901])
[0 : mcmc]  - Convergence of means: R-1 = 0.060867 after 21835 accepted steps = sum([5412, 5315, 5280, 5828])
[0 : mcmc]  - Updated covariance matrix of proposal pdf.
[2 : mcmc] Progress @ 2025-04-18 14:43:39 : 56834 steps taken, and 5280 accepted.
[0 : mcmc] Progress @ 2025-04-18 14:43:39 : 59175 steps taken, and 5412 accepted.
[3 : mcmc] Progress @ 2025-04-18 14:43:43 : 57132 steps taken, and 5828 accepted.
[1 : mcmc] Progress @ 2025-04-18 14:44:50 : 56471 steps taken, and 5318 accepted.
[0 : mcmc] Progress @ 2025-04-18 14:45:42 : 59261 steps taken, and 5424 accepted.
[2 : mcmc] Progress @ 2025-04-18 14:45:42 : 56899 steps taken, and 5294 accepted.
[3 : mcmc] Progress @ 2025-04-18 14:45:43 : 57176 steps taken, and 5832 accepted.
[1 : mcmc] Progress @ 2025-04-18 14:46:51 : 56569 steps taken, and 5324 accepted.
[0 : mcmc] Progress @ 2025-04-18 14:47:42 : 59329 steps taken, and 5429 accepted.
[2 : mcmc] Progress @ 2025-04-18 14:47:44 : 56988 steps taken, and 5300 accepted.
[3 : mcmc] Progress @ 2025-04-18 14:47:46 : 57220 steps taken, and 5835 accepted.
[1 : mcmc] Progress @ 2025-04-18 14:48:53 : 56628 steps taken, and 5331 accepted.
[0 : mcmc] Progress @ 2025-04-18 14:49:43 : 59410 steps taken, and 5434 accepted.
[2 : mcmc] Progress @ 2025-04-18 14:49:46 : 57114 steps taken, and 5304 accepted.
[3 : mcmc] Progress @ 2025-04-18 14:49:50 : 57260 steps taken, and 5836 accepted.
[1 : mcmc] Learn + convergence test @ 5340 samples accepted.
[1 : mcmc] Ready to check convergence and learn a new proposal covmat (waiting for the rest...)
[1 : mcmc] Progress @ 2025-04-18 14:50:55 : 56739 steps taken, and 5342 accepted.
[0 : mcmc] Progress @ 2025-04-18 14:51:45 : 59493 steps taken, and 5444 accepted.
[2 : mcmc] Progress @ 2025-04-18 14:51:48 : 57230 steps taken, and 5310 accepted.
[3 : mcmc] Progress @ 2025-04-18 14:51:51 : 57303 steps taken, and 5839 accepted.
[1 : mcmc] Progress @ 2025-04-18 14:52:55 : 56823 steps taken, and 5353 accepted.
[0 : mcmc] Progress @ 2025-04-18 14:53:49 : 59565 steps taken, and 5453 accepted.
[2 : mcmc] Progress @ 2025-04-18 14:53:50 : 57286 steps taken, and 5313 accepted.
[3 : mcmc] Progress @ 2025-04-18 14:53:57 : 57345 steps taken, and 5841 accepted.
[1 : mcmc] Progress @ 2025-04-18 14:54:55 : 56892 steps taken, and 5359 accepted.
[2 : mcmc] Progress @ 2025-04-18 14:55:50 : 57341 steps taken, and 5319 accepted.
[0 : mcmc] Progress @ 2025-04-18 14:55:50 : 59632 steps taken, and 5460 accepted.
[0 : mcmc] Learn + convergence test @ 5460 samples accepted.
[0 : mcmc] Ready to check convergence and learn a new proposal covmat (waiting for the rest...)
[3 : mcmc] Progress @ 2025-04-18 14:55:58 : 57401 steps taken, and 5843 accepted.
[1 : mcmc] Progress @ 2025-04-18 14:57:01 : 56949 steps taken, and 5362 accepted.
[0 : mcmc] Progress @ 2025-04-18 14:57:50 : 59702 steps taken, and 5471 accepted.
[2 : mcmc] Progress @ 2025-04-18 14:57:52 : 57410 steps taken, and 5325 accepted.
[3 : mcmc] Progress @ 2025-04-18 14:58:04 : 57441 steps taken, and 5844 accepted.
[1 : mcmc] Progress @ 2025-04-18 14:59:02 : 57018 steps taken, and 5372 accepted.
[0 : mcmc] Progress @ 2025-04-18 14:59:51 : 59785 steps taken, and 5480 accepted.
[2 : mcmc] Progress @ 2025-04-18 14:59:54 : 57461 steps taken, and 5336 accepted.
[3 : mcmc] Progress @ 2025-04-18 15:00:06 : 57513 steps taken, and 5846 accepted.
[2 : mcmc] Learn + convergence test @ 5340 samples accepted.
[2 : mcmc] Ready to check convergence and learn a new proposal covmat (waiting for the rest...)
[1 : mcmc] Progress @ 2025-04-18 15:01:03 : 57063 steps taken, and 5377 accepted.
[0 : mcmc] Progress @ 2025-04-18 15:01:51 : 59842 steps taken, and 5486 accepted.
[2 : mcmc] Progress @ 2025-04-18 15:01:56 : 57545 steps taken, and 5350 accepted.
[3 : mcmc] Progress @ 2025-04-18 15:02:07 : 57589 steps taken, and 5852 accepted.
[1 : mcmc] Progress @ 2025-04-18 15:03:07 : 57115 steps taken, and 5382 accepted.
[0 : mcmc] Progress @ 2025-04-18 15:03:55 : 59903 steps taken, and 5490 accepted.
[2 : mcmc] Progress @ 2025-04-18 15:04:00 : 57618 steps taken, and 5362 accepted.
[3 : mcmc] Progress @ 2025-04-18 15:04:10 : 57661 steps taken, and 5861 accepted.
[1 : mcmc] Progress @ 2025-04-18 15:05:13 : 57166 steps taken, and 5387 accepted.
[0 : mcmc] Progress @ 2025-04-18 15:05:59 : 59949 steps taken, and 5495 accepted.
[2 : mcmc] Progress @ 2025-04-18 15:06:00 : 57660 steps taken, and 5364 accepted.
[3 : mcmc] Progress @ 2025-04-18 15:06:12 : 57723 steps taken, and 5867 accepted.
[1 : mcmc] Progress @ 2025-04-18 15:07:15 : 57210 steps taken, and 5391 accepted.
[2 : mcmc] Progress @ 2025-04-18 15:08:01 : 57743 steps taken, and 5374 accepted.
[0 : mcmc] Progress @ 2025-04-18 15:08:04 : 60001 steps taken, and 5500 accepted.
[3 : mcmc] Progress @ 2025-04-18 15:08:15 : 57772 steps taken, and 5874 accepted.
[1 : mcmc] Progress @ 2025-04-18 15:09:18 : 57264 steps taken, and 5399 accepted.
[1 : mcmc] Learn + convergence test @ 5400 samples accepted.
[2 : mcmc] Progress @ 2025-04-18 15:10:03 : 57839 steps taken, and 5382 accepted.
[0 : mcmc] Progress @ 2025-04-18 15:10:06 : 60056 steps taken, and 5506 accepted.
[3 : mcmc] Progress @ 2025-04-18 15:10:17 : 57845 steps taken, and 5877 accepted.
[3 : mcmc] Learn + convergence test @ 5880 samples accepted.
[3 : mcmc] Ready to check convergence and learn a new proposal covmat (waiting for the rest...)
[0 : mcmc] All chains are ready to check convergence and learn a new proposal covmat
[0 : mcmc]  - Acceptance rate: 0.086 = avg([0.0819, 0.0915, 0.0818, 0.0897])
[0 : mcmc]  - Convergence of means: R-1 = 0.049349 after 22179 accepted steps = sum([5509, 5405, 5385, 5880])
[0 : mcmc]  - Updated covariance matrix of proposal pdf.
[1 : mcmc] Progress @ 2025-04-18 15:11:48 : 57312 steps taken, and 5405 accepted.
[2 : mcmc] Progress @ 2025-04-18 15:12:06 : 57908 steps taken, and 5385 accepted.
[0 : mcmc] Progress @ 2025-04-18 15:12:07 : 60102 steps taken, and 5510 accepted.
[3 : mcmc] Progress @ 2025-04-18 15:12:19 : 57884 steps taken, and 5883 accepted.
[1 : mcmc] Progress @ 2025-04-18 15:13:53 : 57453 steps taken, and 5414 accepted.
[0 : mcmc] Progress @ 2025-04-18 15:14:08 : 60157 steps taken, and 5511 accepted.
[2 : mcmc] Progress @ 2025-04-18 15:14:08 : 57989 steps taken, and 5391 accepted.
[3 : mcmc] Progress @ 2025-04-18 15:14:21 : 57945 steps taken, and 5891 accepted.
[1 : mcmc] Progress @ 2025-04-18 15:15:55 : 57560 steps taken, and 5423 accepted.
[0 : mcmc] Progress @ 2025-04-18 15:16:12 : 60208 steps taken, and 5517 accepted.
[2 : mcmc] Progress @ 2025-04-18 15:16:12 : 58083 steps taken, and 5399 accepted.
[3 : mcmc] Progress @ 2025-04-18 15:16:22 : 57996 steps taken, and 5900 accepted.
[2 : mcmc] Learn + convergence test @ 5400 samples accepted.
[2 : mcmc] Ready to check convergence and learn a new proposal covmat (waiting for the rest...)
[0 : mcmc] Learn + convergence test @ 5520 samples accepted.
[0 : mcmc] Ready to check convergence and learn a new proposal covmat (waiting for the rest...)
[1 : mcmc] Progress @ 2025-04-18 15:17:58 : 57662 steps taken, and 5434 accepted.
[0 : mcmc] Progress @ 2025-04-18 15:18:12 : 60289 steps taken, and 5522 accepted.
[2 : mcmc] Progress @ 2025-04-18 15:18:16 : 58179 steps taken, and 5403 accepted.
[3 : mcmc] Progress @ 2025-04-18 15:18:24 : 58052 steps taken, and 5903 accepted.
[1 : mcmc] Progress @ 2025-04-18 15:20:01 : 57725 steps taken, and 5437 accepted.
[0 : mcmc] Progress @ 2025-04-18 15:20:14 : 60347 steps taken, and 5528 accepted.
[2 : mcmc] Progress @ 2025-04-18 15:20:16 : 58236 steps taken, and 5405 accepted.
[3 : mcmc] Progress @ 2025-04-18 15:20:30 : 58099 steps taken, and 5913 accepted.
[1 : mcmc] Progress @ 2025-04-18 15:22:02 : 57799 steps taken, and 5447 accepted.
[0 : mcmc] Progress @ 2025-04-18 15:22:15 : 60399 steps taken, and 5534 accepted.
[2 : mcmc] Progress @ 2025-04-18 15:22:16 : 58326 steps taken, and 5409 accepted.
[3 : mcmc] Progress @ 2025-04-18 15:22:35 : 58166 steps taken, and 5924 accepted.
[1 : mcmc] Progress @ 2025-04-18 15:24:03 : 57903 steps taken, and 5454 accepted.
[0 : mcmc] Progress @ 2025-04-18 15:24:17 : 60455 steps taken, and 5537 accepted.
[2 : mcmc] Progress @ 2025-04-18 15:24:18 : 58398 steps taken, and 5413 accepted.
[3 : mcmc] Progress @ 2025-04-18 15:24:37 : 58277 steps taken, and 5930 accepted.
[1 : mcmc] Progress @ 2025-04-18 15:26:04 : 57966 steps taken, and 5458 accepted.
[2 : mcmc] Progress @ 2025-04-18 15:26:19 : 58450 steps taken, and 5416 accepted.
[0 : mcmc] Progress @ 2025-04-18 15:26:20 : 60507 steps taken, and 5543 accepted.
[1 : mcmc] Learn + convergence test @ 5460 samples accepted.
[1 : mcmc] Ready to check convergence and learn a new proposal covmat (waiting for the rest...)
[3 : mcmc] Progress @ 2025-04-18 15:26:37 : 58386 steps taken, and 5937 accepted.
[1 : mcmc] Progress @ 2025-04-18 15:28:11 : 58046 steps taken, and 5465 accepted.
[0 : mcmc] Progress @ 2025-04-18 15:28:20 : 60581 steps taken, and 5551 accepted.
[2 : mcmc] Progress @ 2025-04-18 15:28:21 : 58531 steps taken, and 5427 accepted.
[3 : mcmc] Progress @ 2025-04-18 15:28:38 : 58421 steps taken, and 5938 accepted.
[3 : mcmc] Learn + convergence test @ 5940 samples accepted.
[3 : mcmc] Ready to check convergence and learn a new proposal covmat (waiting for the rest...)
[0 : mcmc] All chains are ready to check convergence and learn a new proposal covmat
[0 : mcmc]  - Acceptance rate: 0.086 = avg([0.0818, 0.0912, 0.0812, 0.0907])
[0 : mcmc]  - Convergence of means: R-1 = 0.047424 after 22391 accepted steps = sum([5553, 5467, 5431, 5940])
[0 : mcmc]  - Convergence of bounds: R-1 = 0.161296 after 22391 accepted steps = sum([5553, 5467, 5431, 5940])
[0 : mcmc] The run has converged!
[0 : mcmc] Sampling complete after 22391 accepted steps.
[0m[0m[0m[0m
------------------------------------------------------------
Sender: LSF System <lsfadmin@jlab07.ge.infn.it>
Subject: Job 336038: <w_desidr1> in cluster <infnge> Done

Job <w_desidr1> was submitted from host <farmuisl7.ge.infn.it> by user <mraveri> in cluster <infnge>.
Job was executed on host(s) <16*jlab07.ge.infn.it>, in queue <long>, as user <mraveri> in cluster <infnge>.
</home/mraveri> was used as the home directory.
</home/mraveri/projects/andrea/tesi_magistrale/w0wacdm/desidr1> was used as the working directory.
Started at Thu Apr 17 10:11:27 2025
Results reported on Fri Apr 18 15:29:54 2025

Your job looked like:

------------------------------------------------------------
# LSBATCH: User input
#!/bin/bash

#BSUB -J w_desidr1                 # Job name
#BSUB -M 64000                     # Memory limit (64GB)
#BSUB -R "rusage[mem=64000]"       # Resource request
#BSUB -q long                      # Queue
#BSUB -o desidr1.out               # Output log
#BSUB -e desidr1.err               # Error log
#BSUB -n 16                        # Total cores

# Set number of threads per chain (OMP = threads for linear algebra, etc.)
export OMP_NUM_THREADS=4

# Run Cobaya with MPI (4 chains using 4 threads each = 16 total cores)
mpirun -np 4 cobaya-run desidr1.yaml
------------------------------------------------------------

Successfully completed.

Resource usage summary:

    CPU time :                                   822297.75 sec.
    Max Memory :                                 711 MB
    Average Memory :                             698.22 MB
    Total Requested Memory :                     64000.00 MB
    Delta Memory :                               63289.00 MB
    Max Processes :                              8
    Max Threads :                                31

The output (if any) is above this job summary.



PS:

Read file <desidr1.err> for stderr output of this job.

