#        weight    minuslogpost              H0            logA              ns           ombh2           omch2             tau               A              As           DHBBN             YHe             Y_p             age           clamp        omega_de          omegam        omegamh2           rdrag            s8h5      S8_optimal     s8omegamp25      s8omegamp5          sigma8       thetastar            zrei       chi2__BAO   minuslogprior minuslogprior__0            chi2 chi2__bao.desi_dr2.desi_bao_all
              2       9.1836267       68.049831       3.0890293       0.9836288     0.022105195      0.12129194     0.069049156       2.1955755   2.1955755e-09       2.4971834      0.24576817      0.24709951       13.707949       1.9123749       0.6888685      0.31105346        0.144042       147.04571       1.0238522       0.8725558      0.63075335      0.47105143      0.84459948       1.0451926              10       14.971287       1.6979834        1.6979834       14.971287                       14.971287
              2       7.3856221       68.155149       3.0400244      0.95547231     0.022077469      0.11745152     0.067300716       2.0905753   2.0905753e-09        2.502317      0.24575598      0.24708728       13.803526       1.8272971      0.69815665      0.30176555      0.14017385       148.09818       0.9680743      0.80343657      0.59234598      0.43902865       0.7992047       1.0415346              10       11.375277       1.6979834        1.6979834       11.375277                       11.375277
              2       7.7819158       68.013442       3.0700446      0.95265019     0.022095313      0.11657824      0.06027713       2.1542864   2.1542864e-09       2.4990113      0.24576383      0.24709515       13.839839       1.9096219       0.6987468      0.30117507      0.13931842       148.31383       0.9774134      0.80891643      0.59714585       0.4423695      0.80607539        1.040126              10       12.167865       1.6979834        1.6979834       12.167865                       12.167865
              3       7.3986611       68.004225        3.032873      0.97560723     0.021589127      0.11920413     0.039945293       2.0756781   2.0756781e-09       2.5954139      0.24554065      0.24687116       13.782317       1.9163021      0.69408156      0.30584029      0.14143813       148.18077      0.98578183      0.82715111      0.60453637      0.44956874      0.81292177        1.044199              10       11.401355       1.6979834        1.6979834       11.401355                       11.401355
              1       7.4047456       68.019068        3.068748      0.99629598     0.021578639      0.11937976     0.041191874        2.151495    2.151495e-09       2.5974701      0.24553593      0.24686642       13.776493       1.9813515      0.69385812      0.30606377      0.14160327       148.14558       1.0126153      0.85031809      0.62117332      0.46202532      0.83514101       1.0444562              10       11.413524       1.6979834        1.6979834       11.413524                       11.413524
              1       8.5729598       67.862868       3.0855659      0.98840107     0.021171132      0.12266071     0.037924838       2.1879846   2.1879846e-09       2.6793093      0.24535107      0.24668089       13.712831       2.0281644      0.68620788      0.31371365      0.14447671       147.73603       1.0397916      0.89172995      0.64105569      0.47976561      0.85656911       1.0484603              10       13.749953       1.6979834        1.6979834       13.749953                       13.749953
              2       8.5425936       67.864344        3.115933       1.0430964     0.021153755      0.12262052     0.037515967       2.2554464   2.2554464e-09       2.6828852      0.24534316      0.24667295       13.714238       2.0924089      0.68634652      0.31357501      0.14441914       147.76644       1.0785537      0.92461463      0.66488717      0.49754609      0.88851056       1.0484681              10        13.68922       1.6979834        1.6979834        13.68922                        13.68922
              2       8.0052429       67.913661       3.2236089       1.0517104     0.020702023      0.11858677      0.10699272       2.5118608   2.5118608e-09       2.7784568        0.245133      0.24646202       13.831734       2.0279763        0.696527      0.30339464      0.13993366       149.36941       1.1218001      0.93388209      0.68611361      0.50921128      0.92447263       1.0455216              10       12.614519       1.6979834        1.6979834       12.614519                       12.614519
              3       7.2343219       68.322229       3.2193587       1.0204408     0.021707616       0.1198808       0.1146492       2.5012076   2.5012076e-09       2.5723527       0.2455935       0.2469242       13.732527       1.9886882      0.69521927      0.30470331      0.14223328       147.86544       1.1026885       0.9243026      0.67717846      0.50312098      0.91145208       1.0455587              10       11.072677       1.6979834        1.6979834       11.072677                       11.072677
              1        7.023802        68.36962        3.190025       1.0718293     0.021705594      0.11812546      0.10675716       2.4289035   2.4289035e-09       2.5727438       0.2455926       0.2469233       13.776148       1.9619239      0.69940119       0.3005215      0.14047592       148.33826       1.0983468      0.90959889      0.67241895      0.49786183      0.90817816       1.0438444              10       10.651637       1.6979834        1.6979834       10.651637                       10.651637
              4       7.7220233       68.194015       3.2020331       1.0926155     0.022267532      0.11753444      0.10862888       2.4582459   2.4582459e-09       2.4674348      0.24583867      0.24717027       13.792559       1.9782058       0.6979136      0.30200869      0.14044684       147.86174       1.1061841      0.91898603      0.67718199      0.50200757      0.91348315       1.0412539              10        12.04808       1.6979834        1.6979834        12.04808                        12.04808
              2       7.0496575       68.506247       3.1759075       1.0662608     0.022369035      0.11781987     0.095122036       2.3948543   2.3948543e-09       2.4491001      0.24588204      0.24721379       13.754256       1.9799634       0.6998365       0.3000865      0.14083377       147.67138       1.0799553      0.89409477      0.66158019      0.48965941      0.89386283       1.0422279              10       10.703348       1.6979834        1.6979834       10.703348                       10.703348
              3       6.9084942        68.71993       3.1249856       1.0682017     0.022254837      0.11859483     0.066316386       2.2759567   2.2759567e-09       2.4697424      0.24583323       0.2471648       13.717445       1.9932525       0.7003011      0.29962237      0.14149453       147.59235       1.0583579      0.87635806      0.64910874      0.48024297      0.87735205       1.0439785              10       10.421022       1.6979834        1.6979834       10.421022                       10.421022
              2       7.2449788       68.625107       3.0781279       1.0327634     0.022428854      0.12001151     0.053344097       2.1717706   2.1717706e-09       2.4383914       0.2459076      0.24723945       13.682964       1.9520002       0.6960946      0.30382866      0.14308523       147.02277       1.0261079      0.85978782      0.63109064      0.46854242      0.85003058       1.0447356              10       11.093991       1.6979834        1.6979834       11.093991                       11.093991
              1       6.8939772       68.592342       3.0643147        1.038004     0.022365705      0.11749842     0.048454851       2.1419779   2.1419779e-09       2.4496984      0.24588062      0.24721237       13.755504       1.9441404      0.70127983      0.29864336        0.140509       147.76117       1.0078117      0.83127676      0.61702876      0.45613524      0.83467459       1.0421495              10       10.391988       1.6979834        1.6979834       10.391988                       10.391988
              1       7.1376825       68.397746       3.0970819       1.0197961     0.021637924      0.11689997     0.058265468       2.2133269   2.2133269e-09       2.5858791      0.24556252      0.24689312       13.809249       1.9698667      0.70241254      0.29751021      0.13918276       148.74727       1.0205533      0.83772049      0.62335012      0.46037053      0.84402747       1.0427824              10       10.879398       1.6979834        1.6979834       10.879398                       10.879398
              1       7.3941821       68.214613       3.0801758       1.0393032      0.02166826      0.12027219      0.04515906       2.1762228   2.1762228e-09       2.5799782      0.24557604      0.24690668       13.732527       1.9882853      0.69350032      0.30642202      0.14258532       147.80572       1.0391774      0.87479692      0.63856983      0.47510367      0.85827883       1.0457498              10       11.392398       1.6979834        1.6979834       11.392398                       11.392398
              5       7.8731204       68.213903       3.1079855       1.0566481     0.021875652      0.12124525     0.054259944       2.2375923   2.2375923e-09       2.5401717      0.24566738      0.24699836       13.700881       2.0074806      0.69095705      0.30896529      0.14376577       147.31451        1.064795      0.90305051      0.65566179      0.48882937      0.87943238       1.0462272              10       12.350274       1.6979834        1.6979834       12.350274                       12.350274
              1       8.8031372       68.223723       3.1054184       1.0517984     0.021999243      0.12301989     0.043332616       2.2318556   2.2318556e-09       2.5168875      0.24572156      0.24705273       13.649643       2.0465759      0.68696771      0.31295465        0.145664        146.7117       1.0702468      0.91828138      0.66118348      0.49452966      0.88399873        1.047758              10       14.210308       1.6979834        1.6979834       14.210308                       14.210308
              2       10.501966        68.07063       3.1115071       1.0300414     0.022081571      0.12414638      0.04796572       2.2454861   2.2454861e-09       2.5015566      0.24575779      0.24708909       13.631297       2.0400832      0.68294928      0.31697272      0.14687282       146.32851       1.0702916      0.92788162       0.6625787      0.49715629      0.88304329       1.0482279              10       17.607965       1.6979834        1.6979834       17.607965                       17.607965
              1       10.863558       67.978256       3.1664064        1.021818     0.021854608      0.12509842     0.078165989       2.3722082   2.3722082e-09       2.5441688      0.24565816       0.2469891       13.620444       2.0288909      0.68051797      0.31940383      0.14759789       146.33387       1.1041569      0.96319183      0.68438557      0.51450058      0.91036554       1.0495027              10       18.331149       1.6979834        1.6979834       18.331149                       18.331149
              2       10.729271       67.998081       3.1350392      0.98447006     0.021913523      0.12476069     0.080716527       2.2989537   2.2989537e-09       2.5330024      0.24568397        0.247015       13.625978       1.9562337      0.68130723      0.31861461      0.14731908       146.35571       1.0687405      0.93035901      0.66212045      0.49745457      0.88129353       1.0490691              10       18.062576       1.6979834        1.6979834       18.062576                       18.062576
              2        10.45562       68.229346       3.1710579       1.0123282     0.022285564      0.12449997      0.11078602       2.3832683   2.3832683e-09       2.4641626      0.24584639      0.24717802       13.602936       1.9096133      0.68322487       0.3166975       0.1474304       146.01293       1.0945032      0.94923483      0.67820937      0.50877404      0.90407118       1.0485201              10       17.515272       1.6979834        1.6979834       17.515272                       17.515272
              1        9.909077       68.265581       3.1562555      0.93650879     0.021613412      0.12658216       0.1117796         2.34825     2.34825e-09       2.5906621      0.24555156      0.24688211       13.563355       1.8778193      0.68053537      0.31938709      0.14884044       146.21999        1.071363      0.93651342      0.66545219      0.50026048      0.88519208       1.0524666              10       16.422187       1.6979834        1.6979834       16.422187                       16.422187
              1       9.1276246       68.100308       3.1793011      0.92102418      0.02137452      0.12465933      0.13354582       2.4029953   2.4029953e-09       2.6379838       0.2454433      0.24677346       13.633783       1.8397402      0.68364409      0.31627798      0.14667872       146.98266       1.0700023      0.92600257      0.66218067      0.49658516      0.88299706       1.0506796              10       14.859282       1.6979834        1.6979834       14.859282                       14.859282
              2       9.0202582       68.169013       3.2284892      0.93343412     0.020918589       0.1232326       0.1604559       2.5241494   2.5241494e-09       2.7320042      0.24523455      0.24656394       13.677384       1.8312381      0.68833281      0.31158943      0.14479605        147.8726       1.0976212      0.93769438      0.67708264      0.50586817      0.90624579       1.0506147              10        14.64455       1.6979834        1.6979834        14.64455                        14.64455
              1       9.1702916       68.168618       3.2019343      0.94190343     0.020851192      0.12313517       0.1591312        2.458003    2.458003e-09       2.7463349      0.24520291      0.24653219       13.681795       1.7879806      0.68868389      0.31123834      0.14463123       147.97538       1.0866849      0.92740732      0.67014555      0.50054418      0.89721364       1.0506876              10       14.944617       1.6979834        1.6979834       14.944617                       14.944617
              2       7.5931278       67.812424       3.2114233       0.9429164     0.020747259      0.11820199      0.16710405        2.481438    2.481438e-09       2.7686563      0.24515416      0.24648327       13.850222       1.7764734      0.69635858      0.30356283      0.13959412       149.42167       1.0670262      0.88806407       0.6522166      0.48412108      0.87867789       1.0446893              10       11.790289       1.6979834        1.6979834       11.790289                       11.790289
              2       7.6761973       67.752145       3.2033712      0.92748177     0.020647408      0.11823915      0.16551619       2.4615373   2.4615373e-09       2.7903601      0.24510743      0.24643637        13.85738       1.7678316      0.69595463      0.30396664      0.13953142       149.52837        1.057999      0.88121323      0.64662618      0.48013102      0.87085691       1.0447996              10       11.956428       1.6979834        1.6979834       11.956428                       11.956428
              2       7.8222201       67.726787       3.2950505       0.9302831      0.02091745      0.12033879      0.18597279       2.6978777   2.6978777e-09       2.7322453      0.24523401      0.24656341       13.794407       1.8598947      0.69056072      0.30936049      0.14190111       148.64507        1.118773      0.94652359      0.68665474      0.51209983      0.92070862       1.0462815              10       12.248473       1.6979834        1.6979834       12.248473                       12.248473
              3       7.7831783       67.717477        3.262522      0.92696971     0.020894578      0.12017837      0.16738256       2.6115316   2.6115316e-09       2.7370965      0.24522329      0.24655264       13.800242       1.8685669      0.69087535      0.30904584      0.14171782       148.71462       1.0986952      0.92862228      0.67411399      0.50261919       0.9041232       1.0461423              10        12.17039       1.6979834        1.6979834        12.17039                        12.17039
              1       7.5910573       67.659435       3.1986697      0.94518838     0.020799701      0.11930094       0.1390067       2.4499916   2.4499916e-09       2.7573597      0.24517874      0.24650793       13.832111        1.855346      0.69246872      0.30745234       0.1407455       149.06152       1.0675906      0.89775907      0.65390305      0.48692022      0.87815042       1.0452767              10       11.786148       1.6979834        1.6979834       11.786148                       11.786148
              1       7.2478383       67.488939       3.2296064      0.90346742     0.020792402      0.11752212      0.14707646       2.5269708   2.5269708e-09        2.758928      0.24517531      0.24650449       13.897076        1.883004      0.69483437      0.30508629      0.13895939        149.5551       1.0584766      0.88281326      0.64625397      0.48029592      0.86955599       1.0428675              10        11.09971       1.6979834        1.6979834        11.09971                        11.09971
              1       8.1033194       67.543402       3.2241701      0.91349975     0.021522884      0.11648775      0.15169556       2.5132708   2.5132708e-09       2.6084426      0.24551072      0.24684112       13.900666       1.8555737      0.69599241      0.30392838       0.1386555        148.9916       1.0470377      0.87064033      0.63892017      0.47439424      0.86050576       1.0400691              10       12.810672       1.6979834        1.6979834       12.810672                       12.810672
              3       8.6692478       67.687964        3.146465      0.88878647     0.020592657      0.11007605      0.14991478       2.3253717   2.3253717e-09       2.8023719      0.24508177       0.2464106       14.099573       1.7229714      0.71331418      0.28660695      0.13131357        151.8875      0.96956727      0.76556591      0.58365384      0.42704833      0.79768913       1.0355631              10       13.942529       1.6979834        1.6979834       13.942529                       13.942529
              1       7.5239486       67.710448       3.1556073      0.87757115     0.020980865      0.11074515      0.15325174       2.3467285   2.3467285e-09       2.7188633      0.24526364      0.24659314       14.066165       1.7272296      0.71119838      0.28872279      0.13237088       151.23019      0.97068327      0.77166574      0.58549832      0.42918637      0.79873991       1.0354668              10       11.651931       1.6979834        1.6979834       11.651931                       11.651931
              3       6.8414794       67.646366       3.1769179      0.89321206     0.021050666      0.11435191      0.14123446       2.3972752   2.3972752e-09       2.7042493      0.24529596      0.24662558       13.965218       1.8073539      0.70261656      0.29730447      0.13604744       150.12953       1.0066755      0.82126613      0.61138123      0.45145292      0.82796455       1.0392047              10       10.286992       1.6979834        1.6979834       10.286992                       10.286992
              1       6.9347945       67.676129       3.1620545      0.90657293     0.021183374      0.11577925      0.14853447       2.3619073   2.3619073e-09       2.6767945      0.24535664      0.24668648       13.918151       1.7548801      0.69947189       0.3004492      0.13760749       149.57866       1.0107611      0.83262816      0.61561478      0.45577637      0.83150769       1.0405455              10       10.473622       1.6979834        1.6979834       10.473622                       10.473622
              1        7.321913       67.656195       3.1468528      0.89823185      0.02148796      0.11527593      0.15484999       2.3262736   2.3262736e-09       2.6153513      0.24549486      0.24682521       13.925578       1.7067102      0.69972894      0.30019211      0.13740876       149.36419      0.99492547      0.81883152      0.60575102      0.44837767      0.81835989       1.0391679              10       11.247859       1.6979834        1.6979834       11.247859                       11.247859
              1       6.9838571       67.664675       3.1098726      0.86617488     0.021070925      0.11237699      0.15802728       2.2418187   2.2418187e-09       2.7000305      0.24530528      0.24663493       14.019944         1.63433      0.70704668      0.29287439      0.13409278       150.65976      0.95333496      0.76741564      0.57689512      0.42439203      0.78419942       1.0369824              10       10.571748       1.6979834        1.6979834       10.571748                       10.571748
              1       6.9864045       67.663652       3.1690778      0.91622647     0.021064175      0.11237789      0.15776397       2.3785538   2.3785538e-09        2.701435      0.24530218      0.24663182       14.020207       1.7349259      0.70705061      0.29287046      0.13408693       150.66747       0.9996747      0.80470241      0.60493026      0.44501454       0.8223116        1.036997              10       10.576842       1.6979834        1.6979834       10.576842                       10.576842
              1       7.7740076       67.904765       3.1733614       0.9239842     0.021041591      0.11163463      0.13837642       2.3887645   2.3887645e-09       2.7061426      0.24529178      0.24662138        14.02041       1.8112613      0.71078817      0.28913346      0.13332109        150.9046       0.9994355      0.79668068       0.6039201      0.44284737       0.8235783       1.0369281              10       12.152049       1.6979834        1.6979834       12.152049                       12.152049
              1       7.9300908       67.791663       3.1187491      0.91876033     0.021690408      0.10904887      0.12720583        2.261807    2.261807e-09       2.5756828      0.24558587      0.24691655       14.087875        1.753743      0.71403701      0.28588435      0.13138415       150.87546      0.95129852      0.75001023      0.57273347      0.41879372      0.78325823        1.032004              10       12.464215       1.6979834        1.6979834       12.464215                       12.464215
              2       8.3692256        67.78541        3.135677      0.93880622     0.022015408      0.10974077      0.13196243       2.3004204   2.3004204e-09       2.5138661      0.24572867      0.24705987       14.058364       1.7667947      0.71177114      0.28815021      0.13240104       150.29858      0.96774561      0.76838211      0.58375963      0.42769955       0.7967633       1.0319944              10       13.342485       1.6979834        1.6979834       13.342485                       13.342485
              3        7.974174       67.799319        3.249068       0.9126016     0.021398901      0.10874435      0.19606978       2.5766314   2.5766314e-09       2.6330946      0.24545437      0.24678457       14.104922       1.7407974      0.71539823      0.28452316      0.13078812       151.30706        1.013713       0.7958375      0.60961701      0.44523211      0.83469473       1.0323798              10       12.552381       1.6979834        1.6979834       12.552381                       12.552381
              1       7.7761146        67.90817       3.2951776      0.95731923     0.021562509      0.10952102      0.20461066       2.6982206   2.6982206e-09       2.6006372      0.24552865      0.24685912        14.06691       1.7920696      0.71427089      0.28565074       0.1317284       150.89103       1.0572364      0.83363476      0.63693038      0.46564056      0.87123062       1.0332177              10       12.156262       1.6979834        1.6979834       12.156262                       12.156262
              5       8.1555861       67.907419       3.2833051      0.97386497     0.022033831        0.109602      0.20180747       2.6663754   2.6663754e-09       2.5104293      0.24573678        0.247068       14.050675       1.7808755      0.71306688      0.28685475       0.1322807       150.31637       1.0537573      0.83403818      0.63549879      0.46508276      0.86835881       1.0321541              10       12.915205       1.6979834        1.6979834       12.915205                       12.915205
              2       8.5845988       67.737453       3.2640411       1.0276463      0.02170904      0.10738872      0.18174115        2.615502    2.615502e-09       2.5720776      0.24559413      0.24692484       14.142043       1.8184305       0.7171567      0.28276454      0.12974262       151.33075       1.0541564      0.82260778       0.6326678      0.46135153       0.8675999       1.0298378              10       13.773231       1.6979834        1.6979834       13.773231                       13.773231
              1       8.4416207       67.734704       3.2700471       1.0471066     0.021724026      0.10779237        0.182897       2.6312578   2.6312578e-09       2.5691833      0.24560075      0.24693149       14.129698       1.8251606      0.71622128      0.28369995      0.13016126       151.19653        1.067761      0.83568743      0.64134908      0.46806837      0.87877898       1.0302724              10       13.487275       1.6979834        1.6979834       13.487275                       13.487275
              1       8.5310044       67.669219        3.287184       1.0022993     0.021658006      0.10745043      0.18220143        2.676738    2.676738e-09       2.5819706      0.24557148       0.2469021       14.148077       1.8592925      0.71656269      0.28335839       0.1297533        151.3733       1.0574752      0.82634066      0.63467267      0.46305633      0.86989289       1.0298294              10       13.666042       1.6979834        1.6979834       13.666042                       13.666042
              1       8.0478005       67.648084       3.1925767      0.82765436     0.021559149      0.10847641      0.16596588       2.4351091   2.4351091e-09       2.6012978      0.24552713       0.2468576       14.122176       1.7472791      0.71435962      0.28556141      0.13068042       151.19437      0.95481148      0.75121772      0.57407716      0.41965765       0.7853177         1.03122              10       12.699634       1.6979834        1.6979834       12.699634                       12.699634
              3       7.6380129       67.280688       3.1360944      0.83287181     0.021202625      0.11022713      0.11006397       2.3013809   2.3013809e-09       2.6728469      0.24536539      0.24669526       14.114741       1.8466652      0.70815159      0.29176858      0.13207462       151.11463      0.94399267      0.75516069      0.56908019      0.41824725      0.77430816       1.0330294              10       11.880059       1.6979834        1.6979834       11.880059                       11.880059
              2       8.0857527       66.855171       3.2428578      0.92322728     0.020851311      0.11009097      0.16663749       2.5606795   2.5606795e-09       2.7463095      0.24520297      0.24653225       14.169021       1.8349141      0.70551531      0.29440384      0.13158715       151.57235       1.0317866      0.82946371       0.6214315      0.45775082      0.84364045       1.0324372              10       12.775539       1.6979834        1.6979834       12.775539                       12.775539
              2       8.0782414       66.852834       3.4261688        1.070801     0.020845796      0.11031835      0.16998572       3.0758575   3.0758575e-09       2.7474871      0.24520038      0.24652965       14.162595       2.1893666       0.7049983      0.29492084      0.13180901       151.51359       1.1961077      0.96306589      0.72070342      0.53110813      0.97798055       1.0327089              10       12.760516       1.6979834        1.6979834       12.760516                       12.760516
              2       8.0284249       67.215665       3.4542847       1.1339381     0.021143782      0.11492472      0.16497061       3.1635651   3.1635651e-09       2.6849409      0.24533861      0.24666839       13.985512       2.2744957      0.69731928      0.30260074      0.13671337       149.86117       1.2731652        1.051947       0.7741721      0.57418919       1.0438066       1.0383145              10       12.660883       1.6979834        1.6979834       12.660883                       12.660883
              2       8.1484307       67.187901         3.29986       1.1073736     0.021112535      0.11528406      0.15909644       2.7108844   2.7108844e-09       2.6913967      0.24532435      0.24665407       13.978679       1.9720666      0.69634227      0.30357767      0.13704146       149.79805       1.1687695      0.96829595       0.7111183      0.52784853      0.95801961       1.0387069              10       12.900895       1.6979834        1.6979834       12.900895                       12.900895
              1       8.2903092       67.359769       3.3412476       1.1548663     0.021519658       0.1127949      0.13258873       2.8254354   2.8254354e-09       2.6090796      0.24550925      0.24683965       14.022787       2.1673062      0.70247854      0.29744182      0.13495942       150.01595        1.194038      0.97245865       0.7237173      0.53446524      0.97998279       1.0354305              10       13.184652       1.6979834        1.6979834       13.184652                       13.184652
              2       6.9799797       67.531601       3.1807659      0.91593402     0.021150292      0.11221514      0.10268581       2.4065178   2.4065178e-09       2.6835987      0.24534158      0.24667137       14.034571       1.9597348      0.70607184      0.29384892       0.1340103       150.61188       1.0043738      0.81012389      0.60768694       0.4474154      0.82537039        1.036202              10       10.563993       1.6979834        1.6979834       10.563993                       10.563993
              4       6.9134823       67.503479       3.0999611      0.81476671     0.021067101      0.11268966      0.10237782       2.2197089   2.2197089e-09        2.700826      0.24530352      0.24663317       14.025766       1.8087218       0.7049681       0.2949526      0.13440163       150.57606      0.93440089       0.7560738      0.56576278      0.41693891      0.76770845       1.0368621              10       10.430998       1.6979834        1.6979834       10.430998                       10.430998
              1       7.0538508       67.348904       3.2689982       0.8386654     0.020922727      0.11101147      0.12128432       2.6284994   2.6284994e-09       2.7311279      0.24523649      0.24656589       14.093457       2.0623466      0.70763038      0.29228995      0.13257907       151.22325       1.0174332      0.81563252      0.61393817      0.45141721      0.83497056       1.0348269              10       10.711735       1.6979834        1.6979834       10.711735                       10.711735
              1       7.0347939        67.34476       3.4301624      0.91728772     0.020907317      0.11110478      0.12068892       3.0881657   3.0881657e-09       2.7343931      0.24522926      0.24655864       14.091539       2.4258924      0.70742263      0.29249769      0.13265696       151.21498        1.134313      0.90988364      0.68456612      0.50343802      0.93086091       1.0349598              10       10.673621       1.6979834        1.6979834       10.673621                       10.673621
              2       7.1618429       67.404301       3.6754747       1.0521757     0.021116809      0.11420491      0.13574877       3.9467386   3.9467386e-09       2.6905122       0.2453263      0.24665603       13.989648       3.0083508      0.70065474      0.29926572      0.13596658       150.09289       1.3702448       1.1224942      0.83206302      0.61541838       1.1249727       1.0381477              10       10.927719       1.6979834        1.6979834       10.927719                       10.927719
              2       6.8812795       67.583934       3.6823574       1.1299547     0.020964704      0.11527475       0.1508162       3.9739968   3.9739968e-09        2.722264      0.24525611      0.24658559       13.947023       2.9392073      0.70023466      0.29968622      0.13688433       149.97353       1.4278729       1.1727414       0.8685163      0.64260584       1.1738464       1.0402575              10       10.366592       1.6979834        1.6979834       10.366592                       10.366592
              1       7.1638114       67.332151       3.5120142      0.99980779     0.020333237      0.11527005      0.10199822       3.3515708   3.3515708e-09       2.8603771      0.24495849      0.24628688       13.988172       2.7330896      0.69939181      0.30052848      0.13624815        150.7212       1.2535369        1.030235      0.76158746      0.56388585       1.0286044       1.0410586              10       10.931656       1.6979834        1.6979834       10.931656                       10.931656
              1       7.4755314       67.004244       3.5841578      0.95090113       0.0201242      0.11706515      0.11710693       3.6023006   3.6023006e-09       2.9084578        0.244857      0.24618502        13.97291       2.8501136      0.69290959      0.30700992      0.13783421       150.46942       1.2925553       1.0802601      0.78756859       0.5862414       1.0580356       1.0425704              10       11.555096       1.6979834        1.6979834       11.555096                       11.555096
              1        8.015076       67.073569       3.6497586       1.1325245     0.019770725      0.11748743      0.14162271       3.8465381   3.8465381e-09       2.9926431      0.24468307      0.24601045       13.964617       2.8977313      0.69339112      0.30652856      0.13790302       150.77474       1.4404946       1.2028239      0.87781919      0.65316485       1.1797428       1.0441167              10       12.634185       1.6979834        1.6979834       12.634185                       12.634185
              2       9.0583531        67.14295       3.7289468       1.0549754     0.019758919      0.12065004      0.13415674       4.1635237   4.1635237e-09       2.9955188       0.2446772      0.24600456       13.870079       3.1837135      0.68703536      0.31288448      0.14105382       149.91658       1.4776006       1.2574588      0.90553091      0.67725043       1.2107578       1.0477748              10        14.72074       1.6979834        1.6979834        14.72074                        14.72074
              2       8.5342937       67.257288       3.6732703       1.0548622     0.020092529      0.10904085      0.15578321       3.9380481   3.9380481e-09       2.9158518      0.24484155      0.24616951       14.185837       2.8838286      0.71302498      0.28689513      0.12977824       152.79712       1.3413464       1.0567016      0.80508439      0.58921284       1.1000454       1.0342394              10       13.672621       1.6979834        1.6979834       13.672621                       13.672621
              1       7.7450214        67.74715       3.7563227      0.97093465     0.020844687      0.11133406      0.17120978       4.2790783   4.2790783e-09        2.747724      0.24519986      0.24652913       14.049457       3.0383605      0.71052478      0.28939648      0.13282362       151.22423       1.3617415        1.085113      0.82207889      0.60295765       1.1208311       1.0365906              10       12.094076       1.6979834        1.6979834       12.094076                       12.094076
              1       7.2211337       67.817453       3.7416826       1.0359369     0.021003489      0.11314998      0.17139362       4.2168882   4.2168882e-09       2.7141133      0.24527415      0.24660369       13.985514       2.9931017      0.70683102       0.2930904      0.13479834       150.52151       1.3980669       1.1274337      0.84712812       0.6233034        1.151327       1.0384853              10       11.046301       1.6979834        1.6979834       11.046301                       11.046301
              5       7.1582798       67.796415       3.5564492      0.91366826     0.021084981      0.11251353      0.16028486       3.5038559   3.5038559e-09       2.6971093      0.24531173      0.24664141       14.003496       2.5428725      0.70785646      0.29206492      0.13424337       150.60462       1.2121972      0.97431406      0.73374726       0.5394067      0.99810594       1.0374996              10       10.920593       1.6979834        1.6979834       10.920593                       10.920593
              1       7.5705696       67.587212       3.4731631      0.81302389      0.02077145      0.11059746      0.11855749       3.2238555   3.2238555e-09       2.7634368      0.24516549      0.24649464       14.088109       2.5433015      0.71092597      0.28899491      0.13201378       151.52249       1.1144515      0.88590157      0.67176283      0.49253662      0.91620661       1.0354341              10       11.745172       1.6979834        1.6979834       11.745172                       11.745172
              1       9.1332775       67.535227       3.4214671       1.0044493     0.020732422      0.10672812      0.14020212       3.0614295   3.0614295e-09       2.7718651      0.24514722       0.2464763       14.210735       2.3128435      0.71904987       0.2808709      0.12810541       152.69484       1.1363422      0.88007815      0.67983103      0.49491164      0.93384393       1.0307809              10       14.870588       1.6979834        1.6979834       14.870588                       14.870588
              1       7.9184063       67.472626       3.3383536       1.0221467      0.02063681      0.10921338      0.16648884       2.8172705   2.8172705e-09        2.792679      0.24510247      0.24643138       14.144067       2.0193806      0.71327928      0.28664134      0.13049505       152.08402       1.1154634      0.87945767      0.67043061      0.49055594      0.91626084        1.033792              10       12.440846       1.6979834        1.6979834       12.440846                       12.440846
              6       7.6525902       67.543444       3.5105616       1.1977077     0.020679665      0.11045656      0.16370535       3.3467057   3.3467057e-09       2.7833203      0.24512253      0.24645152       14.099065       2.4122641      0.71106126      0.28885952      0.13178109        151.6731       1.3126488       1.0426752      0.79088222      0.57980704        1.078798       1.0353611              10       11.909214       1.6979834        1.6979834       11.909214                       11.909214
              1       7.0736398       67.279083       3.3473486       1.1666086     0.020939294      0.11157277      0.11421392       2.8427262   2.8427262e-09       2.7276244      0.24524424      0.24657367       14.082879       2.2621953       0.7057466      0.29417357      0.13315693       151.04358       1.2008398      0.96774129      0.72539746      0.53422836       0.9849748       1.0352229              10       10.751313       1.6979834        1.6979834       10.751313                       10.751313
              1       7.1244482       67.278345       3.3581978       1.0802552     0.020926879      0.11083235     0.093543067       2.8737355   2.8737355e-09       2.7302493      0.24523843      0.24656784       14.105183       2.3833966      0.70740336       0.2925168      0.13240409       151.26947       1.1613565      0.93117181      0.70055288      0.51520329      0.95258386       1.0343964              10        10.85293       1.6979834        1.6979834        10.85293                        10.85293
              1       7.4073541       67.575555       3.3391888       1.1522891     0.021384705      0.11039657      0.10717996       2.8196246   2.8196246e-09       2.6359396      0.24544792       0.2467781       14.076992       2.2756002      0.70992322      0.28999764      0.13242614       150.85095       1.1749564       0.9368336      0.70878608      0.52013227       0.9658653       1.0336699              10       11.418742       1.6979834        1.6979834       11.418742                       11.418742
              2        6.946245       67.663751       3.4992279       1.0417233      0.02118654      0.11244003       0.1042062       3.3089893   3.3089893e-09       2.6761447      0.24535808      0.24668792       14.014836       2.6864762      0.70664847       0.2932726      0.13427143       150.50568       1.2349359      0.99530841      0.74755016      0.55012098       1.0158333       1.0367664              10       10.496523       1.6979834        1.6979834       10.496523                       10.496523
              1       7.1820185       68.201531       3.5631172       1.0847269     0.022042211      0.11270954      0.11223717       3.5272977   3.5272977e-09       2.5088684      0.24574046      0.24707171        13.93339       2.8180854      0.70883749      0.29108482      0.13539661         149.435       1.2869637       1.0343603      0.78067139      0.57342041       1.0628289       1.0365586              10        10.96807       1.6979834        1.6979834        10.96807                        10.96807
              1        7.474717       68.189896       3.5357064       1.0814327     0.022115984      0.11152581      0.12369677        3.431925    3.431925e-09       2.4951899      0.24577291      0.24710427        13.96634       2.6797615      0.71112519      0.28879709      0.13428666       149.67978       1.2581272       1.0039428      0.76161022      0.55831714       1.0389259       1.0350031              10       11.553467       1.6979834        1.6979834       11.553467                       11.553467
              1       7.7477907        68.18556       3.6527451       1.1149059     0.022090604      0.11042821      0.11850807       3.8580427   3.8580427e-09       2.4998831      0.24576176      0.24709308       13.999308        3.043913      0.71350383      0.28641844      0.13316368       150.01707       1.3432147       1.0638573      0.81141287       0.5935976       1.1091535       1.0337998              10       12.099615       1.6979834        1.6979834       12.099615                       12.099615
              3       7.7683061       68.175756       3.6047497       1.0016759     0.022108385      0.11040233      0.11701481        3.677248    3.677248e-09       2.4965937      0.24576957      0.24710092        14.00044       2.9099474      0.71343885       0.2864834      0.13315558       150.00378       1.2542966      0.99356346      0.75768745      0.55432563       1.0356553       1.0336968              10       12.140645       1.6979834        1.6979834       12.140645                       12.140645
              1       8.5161937       68.715444       3.6382747      0.85111127      0.02270825      0.10978819      0.14296508       3.8026172   3.8026172e-09       2.3892868      0.24602704      0.24735932        13.95176       2.8569637       0.7179527      0.28197076       0.1331413       149.48655       1.1940998      0.93614332       0.7213048      0.52561753      0.98984639       1.0331153              10       13.636421       1.6979834        1.6979834       13.636421                       13.636421
              2       9.5436922       68.694996       3.6893612      0.84417155     0.023530896      0.11434975      0.17287195       4.0019274   4.0019274e-09       2.2529449      0.24636663      0.24770015       13.800987       2.8321388      0.70637513      0.29354829      0.13852551       147.31182       1.2463813       1.0130152       0.7603847      0.55969736       1.0330313        1.036083              10       15.691418       1.6979834        1.6979834       15.691418                       15.691418
              2       9.0667419       68.623561       3.6898541      0.93369417     0.023326993      0.11312241      0.17189132       4.0039006   4.0039006e-09       2.2856431      0.24628374      0.24761696        13.84729        2.839098      0.70880275      0.29112051      0.13709427       147.86919       1.2811595       1.0329903      0.77957525      0.57263283       1.0613041       1.0350439              10       14.737517       1.6979834        1.6979834       14.737517                       14.737517
              1       8.1870703         68.6588       3.7704046      0.97035746     0.023141263      0.11538471      0.14930572       4.3397621   4.3397621e-09       2.3160445      0.24620669      0.24753963       13.786354       3.2194421      0.70469651      0.29522683      0.13917084         147.464       1.3717939       1.1203871      0.83786864      0.61761082       1.1366768       1.0380915              10       12.978174       1.6979834        1.6979834       12.978174                       12.978174
              2       8.2438884       68.655621       3.6592298      0.82876623     0.023157059      0.11502421      0.15035038       3.8831422   3.8831422e-09       2.3134352      0.24621323      0.24754619       13.796162       2.8746873      0.70540047      0.29452286      0.13882613       147.54343       1.2296692       1.0021306      0.75059577      0.55295001       1.0188878       1.0376513              10        13.09181       1.6979834        1.6979834        13.09181                        13.09181
              1       10.208498       68.617051       3.6073517      0.87444388     0.023536339       0.1156282      0.11820932       3.6868285   3.6868285e-09       2.2520816      0.24636882      0.24770235       13.772479       2.9105672       0.7029808      0.29694245       0.1398094        146.9635       1.2183395      0.99995462      0.74499342      0.54994658       1.0092166       1.0372208              10       17.021029       1.6979834        1.6979834       17.021029                       17.021029
              1       10.457915       68.070154        3.366695      0.86987569     0.022868993      0.11469306     0.090616844       2.8982581   2.8982581e-09       2.3617008      0.24609433      0.24742685       13.865731       2.4178439      0.70164737      0.29827464      0.13820692       147.95354       1.0814188      0.88760117      0.65936574       0.4872821       0.8922207       1.0362832              10       17.519863       1.6979834        1.6979834       17.519863                       17.519863
              2       10.719274       68.739117       3.5076194      0.86809377      0.02342232      0.10719954      0.16693996       3.3368735   3.3368735e-09       2.2702705      0.24632283      0.24765619       14.004355       2.3896678      0.72211423      0.27780928      0.13126673       149.40216       1.1010667      0.85188023      0.66275388      0.48115939      0.91288399       1.0284228              10        18.04258       1.6979834        1.6979834        18.04258                        18.04258
              1       10.794582       68.633878       3.2284395      0.95354549     0.022542694      0.10590736      0.13961306       2.5240238   2.5240238e-09       2.4182069      0.24595641      0.24728844       14.078552        1.909093      0.72587185      0.27405143      0.12909492       150.78057      0.98711588      0.75383647      0.59169163       0.4281081      0.81778174       1.0287332              10       18.193197       1.6979834        1.6979834       18.193197                       18.193197
              2       10.510755       68.744004        3.144699       1.0063859      0.02267493      0.10657238      0.11918913       2.3212687   2.3212687e-09       2.3950665       0.2460129      0.24734514       14.044602       1.8289382      0.72506238      0.27486115      0.12989218       150.43596      0.96798936      0.74178985      0.58112068      0.42076991      0.80257938       1.0295311              10       17.625544       1.6979834        1.6979834       17.625544                       17.625544
              1       7.2480019       69.185419        3.097194      0.95493586     0.022897661       0.1153767     0.095830569       2.2135751   2.2135751e-09       2.3568323      0.24610618      0.24743875       13.746693       1.8274979      0.70970059      0.29022391      0.13891922        147.7369      0.97372182       0.7861274       0.5944639      0.43632368      0.80992012       1.0402639              10       11.100037       1.6979834        1.6979834       11.100037                       11.100037
              2         7.12688       68.808539       3.0535823       0.9602758     0.022294705      0.12068056     0.084843403       2.1191122   2.1191122e-09       2.4625065       0.2458503      0.24718195       13.652651       1.7883804      0.69658299      0.30334068      0.14362013       146.99557      0.98915985      0.82873581      0.60893412      0.45191106      0.82051712       1.0463229              10       10.857793       1.6979834        1.6979834       10.857793                       10.857793
              2       7.3657027       68.734226       3.2683933       1.1814483     0.021955131      0.12032563      0.11183864       2.6269099   2.6269099e-09       2.5251607       0.2457022       0.2470333       13.677674       2.1004066      0.69739659      0.30252692      0.14292563       147.46841       1.2061624       1.0075598      0.74162324      0.55001475      0.99998232       1.0466127              10       11.335439       1.6979834        1.6979834       11.335439                       11.335439
              2       7.3300222       68.774784       3.3620397       1.1175877     0.022171185       0.1152982      0.12571534       2.8847972   2.8847972e-09       2.4850273      0.24579705       0.2471285       13.805307       2.2434704      0.70792549       0.2919981      0.13811425       148.57538       1.1938342      0.96625452      0.72778591      0.53499368      0.99005344       1.0408104              10       11.264078       1.6979834        1.6979834       11.264078                       11.264078
              1       9.5311275       68.725145       3.1078859       1.0989202     0.021560512      0.11383759     0.075613298       2.2373695   2.2373695e-09       2.6010298      0.24552775      0.24685821       13.867816       1.9233612       0.7118888      0.28803469      0.13604297       149.67821        1.039971      0.83113244      0.63159728      0.46270208       0.8621425       1.0405894              10       15.666288       1.6979834        1.6979834       15.666288                       15.666288
              5        10.10679       68.777744       3.0040623      0.96141205     0.022552414      0.10752322     0.030463306       2.0167295   2.0167295e-09       2.4164949      0.24596058      0.24729262       14.016942       1.8975253        0.723581       0.2763426       0.1307205       150.30607      0.89330932      0.68804961      0.53714036      0.38944824       0.7408424       1.0310542              10       16.817613       1.6979834        1.6979834       16.817613                       16.817613
              3       10.670146       68.868607       3.2129946       1.0591771     0.022781944       0.1067484      0.03374378       2.4853402   2.4853402e-09       2.3765784      0.24605809      0.24739049       14.024791       2.3231453      0.72545962      0.27446419      0.13017521       150.26201       1.0218598      0.78276239      0.61379505      0.44426777      0.84801193       1.0298487              10       17.944324       1.6979834        1.6979834       17.944324                       17.944324
              3       7.9913724       70.031114        3.037073         1.07302     0.024782281      0.12063234      0.18231071       2.0844142   2.0844142e-09       2.0665298       0.2468574       0.2481927       13.483528       1.4475413      0.70211054      0.29781577      0.14605948       144.32749       1.0011903      0.83234995      0.61894076      0.45723136      0.83784206       1.0433537              10       12.586778       1.6979834        1.6979834       12.586778                       12.586778
              3       8.0437299       71.352978       3.4710795      0.92930232     0.025358416      0.13226745      0.19064516       3.2171451   3.2171451e-09       1.9881933      0.24707514      0.24841123       13.075956       2.1972444      0.68906075      0.31086827      0.15827073       140.89726       1.2338067       1.0761252      0.77821084      0.58108729       1.0422051       1.0567506              10       12.691493       1.6979834        1.6979834       12.691493                       12.691493
              1       7.6693484        72.69373       3.2005942       1.0198492     0.027448288      0.13439011      0.19791524       2.4547111   2.4547111e-09        1.737219      0.24781634      0.24915511       12.874482       1.6523171      0.69245313      0.30747848      0.16248326       138.38725       1.1077045      0.96559833      0.70327643      0.52369659      0.94443567       1.0566718              10        11.94273       1.6979834        1.6979834        11.94273                        11.94273
              2       7.7128014       70.942036       2.7834108      0.86552384     0.025811611      0.12394153      0.41829226       1.6174093   1.6174093e-09       1.9295598      0.24724189      0.24857858       13.297797      0.70064156       0.7010909       0.2988373      0.15039801       142.44368      0.81737991      0.68605348      0.50901957      0.37635109      0.68845535       1.0465381              10       12.029636       1.6979834        1.6979834       12.029636                       12.029636
              1       6.8639097       69.816739       3.2170782       1.0174344     0.023868667      0.11971885      0.39549615       2.4955099   2.4955099e-09       2.2002718       0.2465024      0.24783641        13.54927       1.1314509      0.70402675      0.29589911      0.14423238       145.52884       1.0742049      0.88651703      0.66199215      0.48824606       0.8975671       1.0441952              10       10.331853       1.6979834        1.6979834       10.331853                       10.331853
              1       6.9744783       69.728239       3.0526021      0.91527548     0.023887492       0.1184387       0.3848137        2.117036    2.117036e-09       2.1973902      0.24650981      0.24784385        13.59008      0.98058064      0.70586921      0.29405646      0.14297106       145.84108       0.9444288       0.7745547      0.58073935      0.42765045       0.7886305       1.0425615              10        10.55299       1.6979834        1.6979834        10.55299                        10.55299
              1       6.9550132       69.734696       3.5888562       1.0697458     0.023875873      0.11856179      0.38329622       3.6192656   3.6192656e-09       2.1991682      0.24650524      0.24783926       13.586575       1.6814873      0.70569445      0.29423123      0.14308253       145.82151       1.3131732       1.0775992      0.80764159      0.59482727       1.0965956       1.0427388              10        10.51406       1.6979834        1.6979834        10.51406                        10.51406
              3       7.1264948       69.102767       3.8474186       1.0572641     0.023157535      0.11962576      0.37719708       4.6871912   4.6871912e-09       2.3133566      0.24621343      0.24754639       13.632124       2.2043647      0.69956331      0.30036102      0.14342816       146.32217       1.5076622       1.2546478       0.9278177      0.68686841       1.2532905       1.0438561              10       10.857023       1.6979834        1.6979834       10.857023                       10.857023
              1       7.7845618       69.128825       3.2735998       1.1860529     0.023105128      0.12322278      0.33672921       2.6406225   2.6406225e-09         2.32203      0.24619173      0.24752462       13.537067       1.3465641      0.69237239      0.30755198      0.14697277       145.44856       1.2183001       1.0358609       0.7543337      0.56175008       1.0129404       1.0477429              10       12.173157       1.6979834        1.6979834       12.173157                       12.173157
              1       7.9372861       70.082576       2.6815638       1.0593889     0.024374216      0.12606697      0.33408418       1.4607919   1.4607919e-09       2.1247592      0.24669975      0.24803448       13.352223      0.74887016      0.69231373      0.30761269      0.15108605       143.39072      0.86057448      0.73686544      0.53653067      0.39957253      0.72043282       1.0499593              10       12.478606       1.6979834        1.6979834       12.478606                       12.478606
              3       7.6641377       70.483258       3.7199713      0.84192295     0.023956953      0.12615836      0.29082025       4.1263209   4.1263209e-09       2.1868056      0.24653705      0.24787118       13.326891       2.3065334        0.696458      0.30346926      0.15076018       143.80281       1.3300845       1.1282785      0.82880219      0.61514793       1.1166632       1.0523351              10       11.932309       1.6979834        1.6979834       11.932309                       11.932309
              1       9.4821625       64.825947       3.6543642      0.88234021     0.016924549      0.11411627      0.26379304       3.8642944   3.8642944e-09       3.8342333       0.2431321      0.24445379       14.359353       2.2800401      0.68655597      0.31335803      0.13168569       155.32937       1.3338726       1.1169054      0.80352426      0.60118648       1.0739617       1.0400734              10       15.568358       1.6979834        1.6979834       15.568358                       15.568358
              1        10.58977       64.281944       3.2741036      0.91278942     0.015870682      0.10657487      0.35360231       2.6419532   2.6419532e-09       4.2442012      0.24247489      0.24379416       14.687599       1.3025369      0.70202918      0.29788336      0.12309042       159.09041       1.0811237      0.86129593      0.64037072      0.47308919      0.86680199       1.0313598              10       17.783572       1.6979834        1.6979834       17.783572                       17.783572
              1       9.3581553       64.244741       3.0002407       1.0741752     0.016044976      0.10550392      0.36937641       2.0090372   2.0090372e-09        4.171693      0.24258734      0.24390702       14.721328      0.95973582      0.70385643      0.29605601      0.12219376        159.1882      0.99019202      0.78426994      0.58543904      0.43184227      0.79366679       1.0295194              10       15.320344       1.6979834        1.6979834       15.320344                       15.320344
              2       7.7319813       65.424369       2.3197061       1.0763232      0.01866808      0.11173053      0.13562391       1.0172684   1.0172684e-09       3.2808698      0.24411644      0.24544175       14.321312      0.77559347      0.69376413      0.30615144      0.13104347       153.78212      0.71194325       0.5864739      0.42835045      0.31862753      0.57585766       1.0351749              10       12.067996       1.6979834        1.6979834       12.067996                       12.067996
              2       7.1607244       65.000684        2.578614       1.0682752     0.018149292       0.1080729      0.12297291       1.3178859   1.3178859e-09       3.4316894      0.24383571      0.24515998       14.492996       1.0305401      0.69964373      0.30027073      0.12686705       155.54217      0.79537476      0.64177581      0.47468884      0.35138828        0.641255       1.0306475              10       10.925482       1.6979834        1.6979834       10.925482                       10.925482
              7       7.5047874       64.658295       2.1847898       1.1773849     0.017900203      0.10695777      0.14819515      0.88887797   8.8887797e-10       3.5079947      0.24369739      0.24502116       14.570693      0.66087827      0.69971747      0.30019609      0.12550284       156.20951      0.67871235      0.54607624      0.40397002      0.29902011      0.54575519        1.028756              10       11.613608       1.6979834        1.6979834       11.613608                       11.613608
              2       7.3948705       64.244826       2.0872791      0.90560795     0.016881595      0.10163536      0.13481199       0.8062947    8.062947e-10       3.8496878      0.24310632      0.24442791       14.824532      0.61574032       0.7112031      0.28870934      0.11916183       159.26937      0.57309988      0.44376702      0.33671666       0.2468197      0.45935601       1.0227528              10       11.393774       1.6979834        1.6979834       11.393774                       11.393774
              7       7.3101854       64.237215       1.6423727      0.98882195     0.016856887      0.10197052      0.13215262      0.51674158   5.1674158e-10       3.8586226      0.24309145      0.24441299       14.814609      0.39672275      0.71038232       0.2895301      0.11947227       159.19479       0.4729855      0.36716087       0.2780767      0.20398021      0.37908899        1.023226              10       11.224404       1.6979834        1.6979834       11.224404                       11.224404
              2       7.0662876       63.829024       1.6433581       1.0266543     0.016713563      0.10228092      0.21362369      0.51725099   5.1725099e-10        3.911106      0.24300468       0.2443259       14.850761      0.33740394      0.70625614      0.29365515      0.11963935       159.29323      0.48199368      0.37774192       0.2834718      0.20867444      0.38507954       1.0226473              10       10.736609       1.6979834        1.6979834       10.736609                       10.736609
              6        7.432051        61.72891       2.7674821      0.96486133      0.01359682     0.099224196      0.21246379       1.5918502   1.5918502e-09        5.413696       0.2408492      0.24216245         15.2961       1.0407789      0.70213026       0.2977749      0.11346588       164.92158      0.84393195      0.65863056      0.48980561      0.36182267      0.66305832       1.0172865              10       11.468135       1.6979834        1.6979834       11.468135                       11.468135
              2       8.0368239       65.364176       3.4628064       1.0838474     0.018029719      0.10364663      0.17017552       3.1906394   3.1906394e-09       3.4679915       0.2437696      0.24509364       14.604766       2.2702054      0.71361485      0.28630057      0.12232122       157.06772       1.2106737      0.93848612      0.71598272      0.52373078      0.97880683       1.0264648              10       12.677681       1.6979834        1.6979834       12.677681                       12.677681
              1        8.560151       65.653986       3.5152334       1.0681255      0.01936902       0.1037042       0.2624054       3.3623775   3.3623775e-09       3.0929413      0.24448107      0.24580771       14.530247       1.9894088      0.71289692      0.28701924      0.12371809       155.30463       1.2199675      0.94992562      0.72353005      0.52958336      0.98850489        1.024462              10       13.724335       1.6979834        1.6979834       13.724335                       13.724335
              2       8.4714375       65.428998       2.8978485       1.1513046     0.018770285      0.10168967      0.35014319       1.8135086   1.8135086e-09       3.2523797      0.24417063      0.24549613       14.638774      0.90030384      0.71702343      0.28289216      0.12110482       156.70588      0.91814645       0.7044445      0.54162951      0.39500951      0.74267207       1.0225078              10       13.546908       1.6979834        1.6979834       13.546908                       13.546908
              1       8.4871999       65.429815       3.5878913       1.1038822     0.018774038      0.10166312      0.35064531       3.6157749   3.6157749e-09        3.251341      0.24417261      0.24549812       14.639455       1.7932248      0.71708375      0.28283183      0.12108202       156.70932       1.2729817       0.9765092      0.75091725      0.54761351       1.0296983       1.0224674              10       13.578433       1.6979834        1.6979834       13.578433                       13.578433
              4       7.7636661        65.65478       3.3993308        1.073729     0.019138336      0.10465984      0.36267049       2.9944056   2.9944056e-09       3.1529066      0.24436284      0.24568905       14.506638       1.4497698      0.71122206       0.2886941      0.12444304       155.30659       1.1631325      0.91043168      0.69083105      0.50638557      0.94245879       1.0261948              10       12.131366       1.6979834        1.6979834       12.131366                       12.131366
              4       6.9735661       67.307035       3.5654793       1.1219081     0.020771278      0.11125706      0.30687396       3.5356396   3.5356396e-09       2.7634737      0.24516541      0.24649456       14.094557       1.9139062      0.70705873       0.2928615       0.1326732       151.33382       1.3145068       1.0553098      0.79333869      0.58361199       1.0784327       1.0353534              10       10.551165       1.6979834        1.6979834       10.551165                       10.551165
              6       7.0774403       67.432806       3.2690523       0.9018534     0.021066527      0.11474208      0.36893887       2.6286415   2.6286415e-09       2.7009455      0.24530326       0.2466329       13.973088       1.2568259      0.69983701      0.30008351      0.13645348       150.00223       1.0606635      0.87120838       0.6446497      0.47712736      0.87099017       1.0389577              10       10.758914       1.6979834        1.6979834       10.758914                       10.758914
              3       7.9986604       66.586581       2.6169267      0.89306888     0.019719723      0.11731853      0.42670027       1.3693575   1.3693575e-09       3.0050973      0.24465769      0.24598498       14.015565      0.58329694      0.68938585      0.31053264      0.13768312       150.88317      0.78546631      0.66116267      0.47846231      0.35716965      0.64094523       1.0425789              10       12.601354       1.6979834        1.6979834       12.601354                       12.601354
              2       7.8310944       68.340433        2.704539       1.1819541     0.021945348      0.12181589      0.52512281       1.4947424   1.4947424e-09       2.5270012      0.24569791        0.247029       13.672701      0.52293834      0.69072929      0.30919333      0.14440611       147.08643      0.91855007      0.78026059      0.56623828      0.42223745      0.75934947       1.0470126              10       12.266222       1.6979834        1.6979834       12.266222                       12.266222
              1       6.9419816       68.158978       2.7135399       1.1605433     0.021921504      0.11570515      0.39527012       1.5082571   1.5082571e-09       2.5314954      0.24568746      0.24701851       13.855946      0.68414494      0.70228543      0.29763678      0.13827152       148.74862      0.88437435      0.72494738      0.53928622      0.39832813      0.73012576       1.0400523              10       10.487997       1.6979834        1.6979834       10.487997                       10.487997
              1       6.8457978       67.823279       2.4730284        1.016018     0.021355889      0.11452754      0.42993147       1.1858305   1.1858305e-09       2.6417293      0.24543485      0.24676498       13.935403      0.50186727      0.70312061      0.29680082       0.1365283        149.7241      0.73936354      0.60305495       0.4494317      0.33172635      0.60890203       1.0391716              10       10.295629       1.6979834        1.6979834       10.295629                       10.295629
              2       6.8599308       69.582702       3.4767659        1.190977     0.023382868      0.11967921      0.37774597       3.2354913   3.2354913e-09       2.2766142      0.24630674      0.24764004       13.583198       1.5199674      0.70311764      0.29680772      0.14370695       146.06304       1.3207143       1.0911339      0.81316432      0.60020155       1.1016903       1.0447376              10       10.323895       1.6979834        1.6979834       10.323895                       10.323895
              2       7.4480872       69.100862       2.1865136       1.0492127     0.022453438      0.11688235      0.48790199       0.8904116    8.904116e-10       2.4340112      0.24591813      0.24725002        13.72507      0.33558653      0.70676676      0.29315756      0.13998066       147.82815      0.64874958      0.52820277      0.39682049      0.29199093       0.5392856       1.0427737              10       11.500208       1.6979834        1.6979834       11.500208                       11.500208
              8       6.9393786       67.898527       1.8378049       1.1282511     0.021271453      0.11389546      0.70667833      0.62827318   6.2827318e-10       2.6588046       0.2453966      0.24672659       13.949009      0.15287466      0.70533247      0.29458915      0.13581178       149.99826      0.56080742      0.45460045       0.3404459       0.2508143      0.46210847       1.0389032              10       10.482791       1.6979834        1.6979834       10.482791                       10.482791
              1       6.9458295        67.88466        1.892531       1.0245764     0.021254059      0.11379435      0.70548764      0.66361436   6.6361436e-10       2.6623427      0.24538872      0.24671867       13.953661      0.16185905      0.70546923      0.29445235      0.13569327       150.04679      0.55293898      0.44798908      0.33559601      0.24721257       0.4555783       1.0387917              10       10.495692       1.6979834        1.6979834       10.495692                       10.495692
              3       7.3119404       66.637721       1.8375611       1.0308084     0.019593384      0.10919415      0.69040477      0.62812002   6.2812002e-10        3.036294      0.24459449      0.24592155       14.254802      0.15789365      0.70844267      0.29147595       0.1294324       153.36955      0.53490224      0.42546889      0.32083753       0.2357414      0.43665103       1.0337207              10       11.227914       1.6979834        1.6979834       11.227914                       11.227914
              1       8.3242406        67.27533       1.8975738       1.0111749     0.020518981      0.10716983      0.69353438       0.6669693    6.669693e-10       2.8186627      0.24504709       0.2463758       14.228194      0.16661325       0.7163706      0.28354955      0.12833367       152.82487       0.5347546      0.41690719      0.32006611      0.23355917      0.43861396       1.0310362              10       13.252514       1.6979834        1.6979834       13.252514                       13.252514
              3       8.1863794       67.312874       2.7013556       1.1938802     0.020605641      0.10742598      0.75996033       1.4899917   1.4899917e-09        2.799516      0.24508786      0.24641672       14.214157      0.32590474      0.71593032      0.28398992      0.12867649       152.64379      0.85919772      0.67097399      0.51459779      0.37565887      0.70492382       1.0312525              10       12.976792       1.6979834        1.6979834       12.976792                       12.976792
              2       7.9226563       67.869114       2.1782186       1.0240609     0.021654084      0.10901566      0.69499443      0.88305615   8.8305615e-10       2.5827332      0.24556973      0.24690035       14.082783      0.21994993      0.71484028      0.28508127      0.13131461       150.92768      0.61783911      0.48615434      0.37192353      0.27176644      0.50899262       1.0322864              10       12.449346       1.6979834        1.6979834       12.449346                       12.449346
              1       7.5926566       69.082659        2.847279        1.029854     0.022957543      0.11329509      0.62379262       1.7240806   1.7240806e-09       2.3467107      0.24613086      0.24746352       13.811857      0.49515158      0.71307258       0.2868517       0.1368975       148.23461      0.87392819      0.69765839      0.53158734      0.38903528      0.72637396       1.0375298              10       11.789347       1.6979834        1.6979834       11.789347                       11.789347
              1       9.6597509       67.393481       3.0425705       1.0948422     0.020375291      0.10638447      0.67791998       2.0959048   2.0959048e-09       2.8508517      0.24497872      0.24630719       14.245651      0.54017906      0.71940974      0.28051069      0.12740463       153.23333      0.97465703      0.75319272      0.58230178      0.42377514      0.80013039       1.0307814              10       15.923535       1.6979834        1.6979834       15.923535                       15.923535
              4       8.8172883       65.789158       3.2467723       1.0851307     0.017958431      0.10974913      0.69130623       2.5707231   2.5707231e-09       3.4899211      0.24372993      0.24505382       14.369354      0.64505142      0.70336821       0.2965483      0.12835243       155.28319       1.1278312      0.90531147      0.67506426      0.49816014      0.91478968       1.0355568              10        14.23861       1.6979834        1.6979834        14.23861                        14.23861
              1       7.1285785       66.525331       2.1073035      0.85170611     0.019427505      0.11358226      0.73096928      0.82260297   8.2260297e-10       3.0780185      0.24451078      0.24583753       14.138359      0.19066827      0.69791626      0.30200208      0.13365463       152.29658      0.58971389      0.48387668      0.35656389      0.26432598      0.48098871       1.0389063              10        10.86119       1.6979834        1.6979834        10.86119                        10.86119
              1        6.871394       66.762835       2.2108452      0.83659142     0.019888901      0.11186861      0.69835513      0.91234245   9.1234245e-10       2.9640876       0.2447416       0.2460692       14.153305      0.22572223      0.70287119      0.29704774      0.13240238       152.22435      0.60893269      0.49314106      0.36731887      0.27117509      0.49754993       1.0365471              10       10.346821       1.6979834        1.6979834       10.346821                       10.346821
              1       6.8550628        66.71556       2.6064689      0.88257572     0.019862866      0.11182442      0.69763865       1.3551115   1.3551115e-09       2.9703426      0.24472874      0.24605629       14.159828      0.33574829      0.70260773      0.29731108      0.13233215       152.26892      0.75409477      0.61097065      0.45482284      0.33584976      0.61594154       1.0364146              10       10.314159       1.6979834        1.6979834       10.314159                       10.314159
              3        6.917015       66.208953       2.8468643       1.1241616     0.019152533      0.11103737      0.54844256       1.7233658   1.7233658e-09       3.1491643      0.24437016       0.2456964       14.252718       0.5754483      0.70145507      0.29846249      0.13083477       153.37639      0.93360937      0.75616263      0.56149514      0.41501944      0.75966753       1.0356356              10       10.438063       1.6979834        1.6979834       10.438063                       10.438063
              1       6.8908864       64.985197       2.7495721       1.1287946     0.017710511      0.10732787      0.53850339        1.563594    1.563594e-09       3.5679052      0.24359046      0.24491383       14.532489      0.53258127      0.70230376      0.29761067      0.12568324       156.34602      0.88593438      0.70906051       0.5274981      0.38961263       0.7141818       1.0306493              10       10.385806       1.6979834        1.6979834       10.385806                       10.385806
              5       6.8498702       65.599927       2.5294073       1.0101761     0.018560743      0.10825134      0.37548393       1.2546068   1.2546068e-09       3.3112119      0.24405915      0.24538424       14.415754      0.59206097      0.70373528      0.29618074      0.12745695       154.95579        0.755868      0.60518708      0.45163422      0.33317779      0.61220608       1.0317905              10       10.303774       1.6979834        1.6979834       10.303774                       10.303774
              2       7.3970926         67.3128       2.0334533       1.0241793     0.020636084      0.11752151      0.16415184      0.76404256   7.6404256e-10       2.7928379      0.24510213      0.24643104       13.917437       0.5502209      0.69358154       0.3063387      0.13880246       149.73823      0.61019036      0.51013688      0.37244714      0.27708633      0.50062689       1.0427283              10       11.398218       1.6979834        1.6979834       11.398218                       11.398218
              1       8.0730202       66.372981       2.2544651       1.1145154     0.019169279      0.11691269      0.26897202      0.95301941   9.5301941e-10       3.1447589       0.2443788      0.24570506       14.062784      0.55651338      0.68955414      0.31036383      0.13672683        151.6651      0.71474728       0.6003756      0.43462625      0.32440215      0.58230186       1.0428209              10       12.750074       1.6979834        1.6979834       12.750074                       12.750074
              3       7.1970845       63.917459       3.2942381       1.0763894     0.016291035       0.1065966      0.26676657       2.6956868   2.6956868e-09       4.0726459      0.24274344       0.2440637       14.709723       1.5810985      0.69753909      0.30237245       0.1235325       158.49665       1.1544029      0.92949281      0.68438853       0.5075026      0.92292661       1.0293974              10       10.998202       1.6979834        1.6979834       10.998202                       10.998202
              6       7.0043284       64.252625       3.5322833       1.0071141     0.016741745      0.10619859      0.20367816       3.4201973   3.4201973e-09       3.9006965      0.24302181       0.2443431       14.674122       2.2758234       0.7005587      0.29935376       0.1235852       158.00151       1.2583531       1.0067116      0.74609502      0.55187449       1.0086673       1.0290148              10        10.61269       1.6979834        1.6979834        10.61269                        10.61269
              9       8.3026686       65.776044       2.6385925      0.95305079     0.018044946       0.1106118      0.67044215       1.3993494   1.3993494e-09       3.4633352      0.24377805      0.24510211        14.34112      0.36608972      0.70105603      0.29886044      0.12930161       154.91133      0.79581039      0.64321467      0.47721116      0.35283991      0.64542158       1.0363593              10        13.20937       1.6979834        1.6979834        13.20937                        13.20937
              2       9.5931834       64.301041       2.5634705      0.93877533     0.016136866      0.11096458      0.62295207       1.2980789   1.2980789e-09       4.1342583      0.24264599      0.24396589       14.533965      0.37343222      0.69094541      0.30896718      0.12774631       157.34415       0.7820389      0.64394585      0.46753642      0.34857284      0.62710081       1.0363589              10         15.7904       1.6979834        1.6979834         15.7904                         15.7904
              3       8.4629108       66.507392       2.6872219      0.92429843     0.019043824      0.11717772      0.31373807       1.4690807   1.4690807e-09       3.1779957      0.24431391      0.24563994       14.046308      0.78439754      0.69049213      0.30942617      0.13686641       151.74404      0.82703653      0.69350861      0.50303582      0.37517869      0.67446536       1.0438283              10       13.529855       1.6979834        1.6979834       13.529855                       13.529855
              1       7.9472106       66.655652       2.7530899      0.84766885      0.01937898      0.11684794      0.32508591       1.5691041   1.5691041e-09       3.0903921      0.24448614       0.2458128       14.032452      0.81900342      0.69185536       0.3080633      0.13687178       151.42741      0.82751829      0.69193122      0.50333378      0.37498688      0.67561003       1.0431013              10       12.498455       1.6979834        1.6979834       12.498455                       12.498455
              1       8.2550325       68.958085       2.6719937       1.1504878     0.022174668      0.12496452      0.31513419       1.4468787   1.4468787e-09       2.4843883      0.24579857      0.24713002       13.530827      0.77038892      0.68914106      0.31078295      0.14778405       146.01536      0.90348432      0.77448952      0.56017988      0.41825564      0.75026246        1.051436              10       13.114098       1.6979834        1.6979834       13.114098                       13.114098
              1       8.7285265       69.281406       1.9735145      0.80368366     0.022235018      0.11804516      0.48675036      0.71959224   7.1959224e-10       2.4733513       0.2458247      0.24715625       13.683595      0.27183194      0.70632555      0.29359916      0.14092505       147.76143      0.53568065      0.43730506       0.3282109      0.24159709      0.44587621       1.0451114              10       14.061086       1.6979834        1.6979834       14.061086                       14.061086
              6       8.8506016       69.242319       2.1617724      0.81013784     0.022155924      0.11798323      0.48142343      0.86865199   8.6865199e-10       2.4878309       0.2457904      0.24712182       13.690829      0.33165515      0.70628805      0.29363657      0.14078402       147.86691       0.5901852      0.48171938      0.36151528      0.26612103      0.49110473       1.0451329              10       14.305237       1.6979834        1.6979834       14.305237                       14.305237
              3       8.6287809       69.928887       2.6071257      0.89378387     0.023045848      0.11999671      0.45910005        1.356002    1.356002e-09       2.3318985      0.24616725      0.24750004       13.553937      0.54136613      0.70608975      0.29383634      0.14368742       146.34716        0.760485      0.62417273      0.46821502      0.34472416      0.63594413       1.0469637              10       13.861595       1.6979834        1.6979834       13.861595                       13.861595
              1       7.2059536       71.279108       2.2253883       1.0711802     0.025238519      0.12830557      0.48002455      0.92570762   9.2570762e-10       2.0041361      0.24703038       0.2483663       13.178068      0.35442946      0.69644979      0.30347909      0.15418896       141.96047      0.68908007      0.58783789      0.43180037      0.32049053      0.58176932        1.053218              10       11.015941       1.6979834        1.6979834       11.015941                       11.015941
              3       7.3461374       72.421205        2.847536       1.1764738     0.026489884      0.13143608      0.60748631       1.7245238   1.7245238e-09       1.8463415      0.24748481      0.24882238       12.984059      0.51169748      0.69759374      0.30233735      0.15857083       139.98094      0.98824646      0.84689903      0.62362152      0.46242792      0.84100415       1.0559354              10       11.296308       1.6979834        1.6979834       11.296308                       11.296308
              3       7.5163292       72.874717       2.9010986       1.1460243     0.027005146      0.13400729      0.33821244       1.8194122   1.8194122e-09       1.7865044      0.24766462      0.24900284       12.878809      0.92504638      0.69553412      0.30439783       0.1616573        138.8936       1.0090347      0.87273584      0.63981575      0.47524255      0.86137951       1.0580793              10       11.636692       1.6979834        1.6979834       11.636692                       11.636692
              2       8.3033277       72.104105       3.5184323       1.0136222     0.026146257       0.1354327      0.27403974       3.3731507   3.3731507e-09       1.8878464      0.24736268      0.24869981       12.926285       1.9498799       0.6879017      0.31202879      0.16222382       139.39185       1.3166668       1.1583023      0.83561174      0.62452985       1.1180362       1.0595288              10       13.210689       1.6979834        1.6979834       13.210689                       13.210689
              1        8.361513       72.329627       3.0813391        1.071155     0.026449358      0.13637191      0.28816469       2.1787559   2.1787559e-09       1.8511682       0.2474705      0.24880802       12.880997       1.2243679      0.68747026      0.31246066      0.16346614       138.88684       1.0864173      0.95843235      0.69080205      0.51647875      0.92396343       1.0601401              10       13.327059       1.6979834        1.6979834       13.327059                       13.327059
              2       9.0594292       72.514457       2.2014814      0.86206005     0.026424355      0.13856564      0.28863764      0.90383934   9.0383934e-10       1.8541552      0.24746166      0.24879915       12.819033      0.50743892      0.68493708      0.31499419      0.16563486       138.41695      0.64723205      0.57588462      0.41290292       0.3093311      0.55115318       1.0626114              10       14.722892       1.6979834        1.6979834       14.722892                       14.722892
              1       7.4708731       76.028754       2.6398568      0.80124845     0.030983501       0.1447226      0.27290505       1.4011197   1.4011197e-09       1.4043844      0.24893634      0.25027915       12.337037      0.81176987      0.69485161      0.30508587      0.17635096        133.0091      0.77106381      0.68257442      0.49967173      0.37135588      0.67232499        1.064462              10        11.54578       1.6979834        1.6979834        11.54578                        11.54578
              6        7.932714       76.647707       3.8518392      0.93478112     0.031533223      0.14823366      0.14316993       4.7079574   4.7079574e-09       1.3606978      0.24909757      0.25044096       12.215028       3.5357105      0.69284792      0.30709057      0.18041175        131.8391       1.5094876       1.3496148      0.98377494      0.73233936       1.3215364       1.0672437              10       12.469461       1.6979834        1.6979834       12.469461                       12.469461
              7       6.9285999       78.270315        3.844858      0.89437698     0.034402166      0.14920025      0.10934558       4.6752044   4.6752044e-09       1.1600341       0.2498909      0.25123713       12.031986       3.7568534      0.69919012      0.30075089      0.18424728       129.33703       1.4472565       1.2832792       0.9481909      0.70217848       1.2803952       1.0641771              10       10.461233       1.6979834        1.6979834       10.461233                       10.461233
              1       6.9151008       78.162129       3.2978822      0.82734894     0.034214304      0.14881023     0.048026802       2.7055281   2.7055281e-09       1.1719182      0.24984119      0.25118725       12.049893       2.4577432      0.69930272      0.30063813       0.1836694       129.55954       1.0693372      0.94720371      0.70004166      0.51836408      0.94539406       1.0641359              10       10.434235       1.6979834        1.6979834       10.434235                       10.434235
              2       6.8879262       78.207888       3.2579583      0.86335692     0.034290588      0.14854006     0.049211694       2.5996406   2.5996406e-09       1.1670731      0.24986141      0.25120754       12.050341       2.3559636      0.69997149      0.29996942      0.18347551       129.55161       1.0625882      0.93961603      0.69543974      0.51466988      0.93970223       1.0638472              10       10.379886       1.6979834        1.6979834       10.379886                       10.379886
              1       7.6383449       81.350212       3.5839205       0.8690457     0.037458953      0.16023327      0.30276423       3.6014458   3.6014458e-09      0.98700455      0.25066005      0.25200904       11.588017       1.9656185      0.70024553      0.29969986      0.19833708       125.01735       1.2751673       1.1490933      0.85097765      0.62963635       1.1501289         1.07113              10       11.880723       1.6979834        1.6979834       11.880723                       11.880723
              3       7.5688627       79.835033        3.477469      0.87636318     0.035582802      0.15589097      0.47264544        3.237767    3.237767e-09         1.08886      0.25019687       0.2515442       11.788884       1.2580879      0.69851606      0.30142724      0.19211864       127.17632        1.212683       1.0881761      0.80285973      0.59488812       1.0835378       1.0696415              10       11.741759       1.6979834        1.6979834       11.741759                       11.741759
              1       7.4031398       78.952472       3.6002705      0.83444505      0.03465527      0.15451896      0.45012331       3.6608137   3.6608137e-09       1.1442738      0.24995743      0.25130391       11.886655       1.4880087       0.6954272      0.30451482       0.1898191       128.13497       1.2702806       1.1439867       0.8384644      0.62285469       1.1287104       1.0690198              10       11.410313       1.6979834        1.6979834       11.410313                       11.410313
              1       7.8712815       78.397016       2.6865082       1.1706013     0.033761081      0.15455887      0.51361318       1.4680326   1.4680326e-09       1.2012632      0.24972021      0.25106583       11.938639      0.52555353      0.69248596      0.30745524      0.18896482       128.82022       0.9490211       0.8590535      0.62570714      0.46592561      0.84028311       1.0701272              10       12.346596       1.6979834        1.6979834       12.346596                       12.346596
              2        7.965359       82.308081       3.6237751      0.94989018      0.03953604      0.16926154      0.78423905       3.7478786   3.7478786e-09      0.88806796      0.25114398      0.25249469       11.354018      0.78091567      0.69078918      0.30915748      0.20944245       122.03178       1.3779967       1.2844643      0.93221125      0.69511919       1.2501709       1.0733032              10       12.534751       1.6979834        1.6979834       12.534751                       12.534751
              1        7.957136       83.050319       3.4749095      0.92647863     0.040689923      0.17091148      0.64430335       3.2294907   3.2294907e-09      0.86770902      0.25124793      0.25259901       11.267304      0.89022392      0.69222637      0.30772123      0.21224627       120.98936       1.2610028       1.1757617      0.85590603      0.63747836       1.1491765       1.0729023              10       12.518305       1.6979834        1.6979834       12.518305                       12.518305
              1       7.9140852       82.885507        3.459412      0.92344356     0.040549147      0.16969653      0.65103644       3.1798274   3.1798274e-09      0.86770902      0.25124793      0.25259901        11.29741      0.86480955      0.69297459      0.30697281      0.21089054       121.27974       1.2453567       1.1574809      0.84393311      0.62817841       1.1337911       1.0721711              10       12.432204       1.6979834        1.6979834       12.432204                       12.432204
              1       7.9999957       82.908528       1.9468115      0.84928139     0.040587958       0.1700422        0.741033      0.70063125   7.0063125e-10      0.86770902      0.25124793      0.25259901       11.290266      0.15916091      0.69258572       0.3073617      0.21127503        121.1978       0.5648766      0.52568894      0.38297077      0.28515308      0.51434342       1.0723235              10       12.604025       1.6979834        1.6979834       12.604025                       12.604025
              5       7.9542498       82.835026       1.8450148      0.90695732     0.040508467      0.16950268      0.74344085      0.63281936   6.3281936e-10      0.86770902      0.25124793      0.25259901       11.303957       0.1430656      0.69294206      0.30700527      0.21065601       121.33835        0.550987      0.51200061      0.37328008      0.27785696      0.50147393       1.0720438              10       12.512533       1.6979834        1.6979834       12.512533                       12.512533
             11       7.4984423       82.079607       1.6615802       1.1702217     0.039894619      0.16148797      0.61523064      0.52676283   5.2676283e-10       0.8722813      0.25122448      0.25257548        11.48322      0.15389786      0.70007164      0.29987472      0.20202745       123.08793      0.55851681      0.50581374       0.3744457      0.27709189      0.50600392       1.0669737              10       11.600918       1.6979834        1.6979834       11.600918                       11.600918
              4       7.5149142       82.062024       1.6622535       1.1700452     0.039871456      0.16154316      0.62289879      0.52711761   5.2711761e-10      0.87329038      0.25121931      0.25257029       11.483796      0.15165771      0.69989555      0.30005079      0.20205948       123.09447      0.55888623      0.50636152      0.37470822      0.27732684      0.50628438       1.0670283              10       11.633862       1.6979834        1.6979834       11.633862                       11.633862
              2       8.2380853       82.714584       1.6777888       1.1805607     0.041075954      0.16330369      0.58247821      0.53537047   5.3537047e-10      0.86770902      0.25124793      0.25259901       11.397295      0.16700146      0.70027833      0.29966885      0.20502451       121.98042       0.5655483      0.51384136      0.38055825      0.28156687      0.51435237       1.0664417              10       13.080204       1.6979834        1.6979834       13.080204                       13.080204
              1       7.8572111       85.900037       1.9007119       1.0563397     0.045134244      0.17334972      0.77436987      0.66906556   6.6906556e-10      0.86770902      0.25124793      0.25259901       11.002588      0.14218689      0.70298086      0.29697016      0.21912883       117.77608      0.59777845       0.5489962       0.4089923      0.30192101      0.55403465       1.0690748              10       12.318456       1.6979834        1.6979834       12.318456                       12.318456
              5       7.2320559       90.863326       2.3391153      0.93336274     0.050590933      0.18824593      0.55996607       1.0372056   1.0372056e-09      0.86770902      0.25124793      0.25259901       10.470204      0.33844219      0.70989136      0.29006487      0.23948173       112.47088      0.70563618      0.65254677      0.49362704      0.36226195      0.67262833       1.0738713              10       11.068145       1.6979834        1.6979834       11.068145                       11.068145
              3       7.0794565       91.364982       2.8208126       1.0086227     0.051313099       0.1912742      0.54254402       1.6790489   1.6790489e-09      0.86770902      0.25124793      0.25259901       10.399639      0.56730368      0.70857555      0.29138116      0.24323217       111.67117      0.94016404      0.87538622      0.66025072      0.48509215      0.89865609       1.0745478              10       10.762946       1.6979834        1.6979834       10.762946                       10.762946
              5       7.3757711       85.585456       3.7911516       1.0026433     0.044332448      0.17425329      0.74704259       4.4307394   4.4307394e-09      0.86770902      0.25124793      0.25259901       11.018989      0.99449649      0.70065444      0.29929622       0.2192306       118.13155       1.5096141       1.3936314       1.0329784       0.7640408       1.3965804       1.0709908              10       11.355575       1.6979834        1.6979834       11.355575                       11.355575
              3       6.9500777       73.216762       3.2461952       1.0573206     0.028280953      0.12909835      0.27458037         2.56924     2.56924e-09        1.649669      0.24809446      0.24943424       12.934082       1.4835671      0.70514956      0.29478303      0.15802417       138.81198       1.1127257      0.93720908      0.70156676      0.51694534      0.95212372       1.0511653              10       10.504189       1.6979834        1.6979834       10.504189                       10.504189
              8       7.1506911       71.083255       3.1633553       1.0524949     0.025205655       0.1215629      0.17774712       2.3649815   2.3649815e-09       2.0085384      0.24701806      0.24835394       13.360506       1.6574428      0.70818415      0.29174433      0.14741342       143.65273       1.0554228      0.86776708      0.65397437      0.48063051      0.88983631       1.0462224              10       10.905416       1.6979834        1.6979834       10.905416                       10.905416
              5        6.878721       67.502351       3.1300732       1.0641316     0.020940205      0.11272805      0.49846914       2.2875653   2.2875653e-09        2.727432      0.24524467       0.2465741       14.028443      0.84412878      0.70515247      0.29476822      0.13431312       150.71516        1.040308      0.84128831      0.62978391      0.46404674      0.85471514       1.0372148              10       10.361475       1.6979834        1.6979834       10.361475                       10.361475
              6        7.015485       87.783793       3.7214185       1.0157779     0.046655182      0.17795238      0.64882874       4.1322971   4.1322971e-09      0.86770902      0.25124793      0.25259901       10.814156       1.1288235      0.70764504      0.29230807      0.22525243       116.16839       1.4602406       1.3365314       1.0059856       0.7396938       1.3681433       1.0719873              10       10.635003       1.6979834        1.6979834       10.635003                       10.635003
              1       6.8980309       85.235595       3.5837107        1.018083     0.043498823      0.16988144      0.64416803       3.6006903   3.6006903e-09      0.86770902      0.25124793      0.25259901       11.113186      0.99281543      0.70535702      0.29459324      0.21402513       119.33415       1.3564423       1.2319787      0.92260864      0.67970929       1.2523099       1.0699566              10       10.400095       1.6979834        1.6979834       10.400095                       10.400095
              3       6.8656336       85.890328       3.6413419       1.0423723     0.044170613      0.17299915      0.70402536       3.8142988   3.8142988e-09      0.86770902      0.25124793      0.25259901       11.021608      0.93305246      0.70469515      0.29525586      0.21781463       118.42518       1.4229967       1.3000066      0.97213291      0.71659748       1.3187911       1.0714827              10         10.3353       1.6979834        1.6979834         10.3353                         10.3353
              1       7.6818201       90.964977       3.7056062       1.0356576     0.051169402      0.19779035      0.57330695       4.0674696   4.0674696e-09      0.86770902      0.25124793      0.25259901       10.344932       1.2922788      0.69830573       0.3016506      0.24960462        110.8873       1.5218617       1.4586696        1.075693      0.79719469       1.4514842       1.0769969              10       11.967673       1.6979834        1.6979834       11.967673                       11.967673
             11       8.7025803       96.667165       3.8961577       1.1085571     0.059440287      0.20507475     0.073547002       4.9212995   4.9212995e-09      0.86770902      0.25124793      0.25259901       9.9020221       4.2481288      0.71620217      0.28375915       0.2651599       105.86785       1.6939945       1.5841534       1.2155951      0.88720998       1.6655262       1.0714622              10       14.009194       1.6979834        1.6979834       14.009194                       14.009194
              2       8.6932132       95.695478       2.9988484        1.097369     0.058223739      0.20140298     0.079766428       2.0062419   2.0062419e-09      0.86770902      0.25124793      0.25259901       9.9981012       1.7104054      0.71574754        0.284213      0.26027159       106.88224       1.0695357      0.99657826      0.76392721      0.55778003       1.0462633       1.0708884              10        13.99046       1.6979834        1.6979834        13.99046                        13.99046
              1       8.7378209       95.840874        3.025882       1.0968207     0.058388489      0.20138461      0.16462215       2.0612177   2.0612177e-09      0.86770902      0.25124793      0.25259901       9.9897838       1.4829786      0.71644998      0.28351068      0.26041797       106.80575       1.0824319       1.0071156      0.77324717      0.56423587        1.059683       1.0707846              10       14.079675       1.6979834        1.6979834       14.079675                       14.079675
              1       8.1730161       95.997819       2.8887723       1.0720779     0.058303523      0.20441232      0.18208891       1.7971234   1.7971234e-09      0.86770902      0.25124793      0.25259901       9.9514687       1.2485832      0.71418314      0.28577765      0.26336071         106.482       1.0067308      0.94419207      0.72119235      0.52730049      0.98637952       1.0725976              10       12.950065       1.6979834        1.6979834       12.950065                       12.950065
             11       8.4520831       96.846042       2.4213001      0.80585903     0.059636507      0.20835259      0.25341592        1.126049    1.126049e-09      0.86770902      0.25124793      0.25259901       9.8582393      0.67833309      0.71354554      0.28641593      0.26863397       105.39176       0.6888886      0.65024686      0.49595152      0.36281775      0.67793793        1.072673              10         13.5082       1.6979834        1.6979834         13.5082                         13.5082
              3       8.4277467       96.637283       2.6292396      0.93012107     0.059360838      0.20766427      0.28114861       1.3863224   1.3863224e-09      0.86770902      0.25124793      0.25259901       9.8775519      0.79006288      0.71333883      0.28662247      0.26766998       105.60016      0.81801176      0.77179505      0.58838211      0.43051375      0.80414044       1.0726388              10       13.459527       1.6979834        1.6979834       13.459527                       13.459527
              1       8.3930852       96.726826       2.3384019       1.0835137     0.059443284      0.20786155      0.26894578        1.036466    1.036466e-09      0.86770902      0.25124793      0.25259901       9.8706231      0.60527358      0.71357035      0.28639103      0.26794971       105.53871      0.77312599      0.72925276      0.55624176      0.40691476      0.76036784        1.072705              10       13.390204       1.6979834        1.6979834       13.390204                       13.390204
              1       8.8609812       96.773616        2.344726       1.0934397     0.059728287      0.20592389      0.22407702       1.0430414   1.0430414e-09      0.86770902      0.25124793      0.25259901       9.8854408       0.6663014      0.71561195      0.28434946      0.26629705       105.63352      0.77386063      0.72543629      0.55590982      0.40594523      0.76127443       1.0713134              10       14.325996       1.6979834        1.6979834       14.325996                       14.325996
              2       8.7925043       93.178604       1.8426609       1.0392442     0.055131661      0.19623018      0.15072161      0.63133148   6.3133148e-10      0.86770902      0.25124793      0.25259901       10.208287      0.46702735      0.70970338        0.290255      0.25200671       109.04073      0.58216777      0.54550516      0.41247837      0.30275834      0.56196111       1.0709519              10       14.189042       1.6979834        1.6979834       14.189042                       14.189042
              1       9.4734139       89.299542       2.9340482        0.975216     0.049289529      0.19568676      0.12944476       1.8803598   1.8803598e-09      0.86770902      0.25124793      0.25259901       10.476367       1.4514653      0.69194291      0.30801177      0.24562116       112.17755       1.0081783      0.97558117      0.70974736      0.52874419       0.9527127       1.0772192              10       15.550861       1.6979834        1.6979834       15.550861                       15.550861
              3       7.4018204       85.544611       2.8477331      0.94877498     0.043220829      0.18049984      0.19676539       1.7248636   1.7248636e-09      0.86770902      0.25124793      0.25259901       10.950133       1.1637147      0.69335155      0.30659907      0.22436553       117.87029      0.94405023      0.89042235      0.64973183      0.48347815      0.87315517       1.0773566              10       11.407674       1.6979834        1.6979834       11.407674                       11.407674
              1       7.0964433       94.598624       3.8302289      0.94604792     0.054597313      0.20921297      0.51581491       4.6073082   4.6073082e-09      0.86770902      0.25124793      0.25259901       10.004944       1.6421625      0.70444268      0.29551694      0.26445515       107.69843       1.5575296       1.4944925       1.1169258      0.82351197       1.5148817       1.0810523              10        10.79692       1.6979834        1.6979834        10.79692                        10.79692
              1        6.935341       96.085583       3.0893611       1.1350391     0.056774472       0.2147602      0.41467264       2.1963042   2.1963042e-09      0.86770902      0.25124793      0.25259901       9.8567689      0.95832412      0.70515303      0.29480783      0.27217954       105.98629       1.2045285       1.1623106      0.87002346      0.64108515       1.1807181       1.0808632              10       10.474715       1.6979834        1.6979834       10.474715                       10.474715
              3       7.5571235       93.431477       1.8119642      0.97590424     0.052782975      0.21519155      0.50607603      0.61224612   6.1224612e-10      0.86770902      0.25124793      0.25259901       10.015926      0.22251228        0.692242       0.3077166      0.26861939       107.87875      0.59522884      0.58865018      0.42851725      0.31915822      0.57534796       1.0856897              10        11.71828       1.6979834        1.6979834        11.71828                        11.71828
              4       7.2776409        94.29653       3.1281187       0.9744702     0.054589071      0.21541745      0.59587705       2.2830988   2.2830988e-09      0.86770902      0.25124793      0.25259901       9.9544322      0.69334993      0.69557746       0.3043819      0.27065138       106.96009       1.1365917       1.1182017      0.81979835      0.60892211       1.1037033       1.0828961              10       11.159315       1.6979834        1.6979834       11.159315                       11.159315
              3       7.7645019       95.770734       3.7523241       1.0368871     0.056832395      0.22221032      0.61118467       4.2620021   4.2620021e-09      0.86770902      0.25124793      0.25259901       9.7962729       1.2552938       0.6950254      0.30493519      0.27968758       105.10362       1.6197538       1.6085816       1.1779241      0.87532473        1.585132       1.0828702              10       12.133037       1.6979834        1.6979834       12.133037                       12.133037
              2       7.3024114       97.903371       3.3543249      0.93875506     0.060062097      0.22224849      0.27919393       2.8626271   2.8626271e-09      0.86770902      0.25124793      0.25259901       9.6701978       1.6377968      0.70475793      0.29520436      0.28295545       103.62208       1.2284212       1.1979743      0.89593566      0.66040069       1.2154753       1.0791859              10       11.208856       1.6979834        1.6979834       11.208856                       11.208856
              1       7.2258005       96.916208        2.211183       0.9509262     0.058701402      0.21900332      0.26695253      0.91265063   9.1265063e-10      0.86770902      0.25124793      0.25259901       9.7581619      0.53509703      0.70361642       0.2963451      0.27834959       104.60106      0.69792741      0.67954358      0.50694157      0.37403078      0.68708183        1.079324              10       11.055634       1.6979834        1.6979834       11.055634                       11.055634
              4       9.9090219       83.395867       2.3373227      0.87753472     0.040710699      0.17976714      0.10731966        1.035348    1.035348e-09      0.86770902      0.25124793      0.25259901       11.118036      0.83535233      0.68200869      0.31793935       0.2211227       119.57406      0.71918504      0.69201201      0.49317264      0.37032672       0.6567694       1.0787158              10       16.422077       1.6979834        1.6979834       16.422077                       16.422077
              2       11.061118       83.509318       2.3503196      0.96945965     0.042896687      0.16608838     0.086270532       1.0488921   1.0488921e-09      0.86770902      0.25124793      0.25259901       11.279141      0.88266759      0.69935203      0.30059615      0.20962993       120.32515      0.70974231      0.64974675      0.48024629      0.35559846      0.64858689       1.0651232              10        18.72627       1.6979834        1.6979834        18.72627                        18.72627
              1       10.961063       84.183431       2.4902322       1.0228571     0.043766217      0.16837047     0.076644252       1.2064077   1.2064077e-09      0.86770902      0.25124793      0.25259901       11.192483       1.0349556      0.69970059      0.30024842      0.21278155       119.40358      0.78333933      0.71926142      0.53202669      0.39382529      0.71872581       1.0657653              10       18.526159       1.6979834        1.6979834       18.526159                       18.526159
              1       10.303509       84.905208       2.5699611      0.95168091      0.04463746      0.16971118     0.043911829       1.3065316   1.3065316e-09      0.86770902      0.25124793      0.25259901       11.118266       1.1966815      0.70171619      0.29823368      0.21499351       118.64524      0.78512288      0.71960917      0.53461848      0.39507827       0.7234438       1.0659505              10       17.211051       1.6979834        1.6979834       17.211051                       17.211051
             12       10.281563       84.860554       2.4984677      0.91697655     0.044556532      0.16982313     0.021350486        1.216384    1.216384e-09      0.86770902      0.25124793      0.25259901       11.120399       1.1655366      0.70135911       0.2985907      0.21502453       118.67822      0.74549165      0.68384117      0.50765046      0.37526137      0.68674533       1.0661234              10        17.16716       1.6979834        1.6979834        17.16716                        17.16716
             12       11.181825       85.836227       3.8977155      0.93330353     0.046072785      0.17297493     0.082490509       4.9289717   4.9289717e-09      0.86770902      0.25124793      0.25259901        10.99831       4.1793234      0.70177394      0.29817701      0.21969258       117.26207       1.5133316       1.3943989       1.0360673      0.76560805       1.4020691       1.0661796              10       18.967684       1.6979834        1.6979834       18.967684                       18.967684
              4       10.530134       85.337827       2.6875113       1.1866405     0.045130015      0.17320121     0.055808966       1.4695059   1.4695059e-09      0.86770902      0.25124793      0.25259901       11.036652       1.3143053      0.69926415      0.30068623      0.21897609       117.80138       0.9505343       0.8798966      0.65022995      0.48149896      0.87808909       1.0676342              10       17.664302       1.6979834        1.6979834       17.664302                       17.664302
              2       10.307966        85.32933       2.2069894       0.9132065     0.044521821      0.17927611      0.29249084      0.90883138   9.0883138e-10      0.86770902      0.25124793      0.25259901       10.961183      0.50632457      0.69169617       0.3082542       0.2244428       117.25364      0.66561597      0.63005995      0.45814205      0.34137161      0.61485528        1.072574              10       17.219965       1.6979834        1.6979834       17.219965                       17.219965
              2       6.8909211       89.867558       2.2463687       1.0130538     0.049171598      0.19200154     0.029332192      0.94533456   9.4533456e-10      0.86770902      0.25124793      0.25259901       10.492939      0.89147243       0.7005339      0.29942135      0.24181801       112.73915      0.71993364      0.68130142      0.50485264      0.37345246       0.6824863       1.0771416              10       10.385876       1.6979834        1.6979834       10.385876                       10.385876
              5       6.9262342        89.91392       2.2912405        1.025473     0.049532278      0.18956265       0.1278491      0.98871954   9.8871954e-10      0.86770902      0.25124793      0.25259901       10.515854      0.76564034      0.70341326      0.29654204      0.23973979       112.87253      0.73339438      0.68820773      0.51318341      0.37869901      0.69542619       1.0751175              10       10.456502       1.6979834        1.6979834       10.456502                       10.456502
              3       6.9832407       93.570933       3.0934583        1.021612     0.054269963      0.20261634     0.051454229       2.2053212   2.2053212e-09      0.86770902      0.25124793      0.25259901          10.128       1.9896619      0.70582293      0.29413579      0.25753117       108.67165       1.1051548       1.0502134      0.78728241      0.57978572       1.0690391       1.0768484              10       10.570515       1.6979834        1.6979834       10.570515                       10.570515
              4       7.2388629       88.325613       2.8104191       0.9882084      0.04680385      0.19059883      0.10628957       1.6616881   1.6616881e-09      0.86770902      0.25124793      0.25259901       10.619751       1.3434687      0.69481983      0.30513385      0.23804754       114.26574      0.95317911      0.90959919      0.66579487        0.494838        0.895814       1.0792851              10       11.081759       1.6979834        1.6979834       11.081759                       11.081759
              6       8.0530425       87.321784       2.8060713      0.91430996     0.046730823      0.18296241     0.066921878       1.6544791   1.6544791e-09      0.86770902      0.25124793      0.25259901       10.772079       1.4472171      0.69787357      0.30207903       0.2303381        115.3924      0.89388041      0.84050463      0.61925691      0.45909336      0.83529661       1.0732802              10       12.710118       1.6979834        1.6979834       12.710118                       12.710118
              3       7.5271273       77.033242       3.6517597         1.16511     0.033590593      0.14098248      0.14858483       3.8542429   3.8542429e-09       1.2125552      0.24967429      0.25101975       12.287981       2.8633863      0.70466713      0.29527197      0.17521794       131.60414       1.4470553        1.252031        0.936224      0.69013702       1.2700599       1.0569893              10       11.658288       1.6979834        1.6979834       11.658288                       11.658288
              2        7.511467       78.572196       3.1556932      0.97751234     0.035577258      0.14427429      0.14320036       2.3469301   2.3469301e-09       1.0891807      0.25019546      0.25154278       12.080625       1.7624544      0.70757282      0.29236865      0.18049641       129.37164       1.0318235      0.89365207       0.6725469      0.49454439      0.91461828       1.0581039              10       11.626967       1.6979834        1.6979834       11.626967                       11.626967
              4       6.9960501       80.643903       3.0667944       0.9382308     0.037838049      0.15349941     0.088642061       2.1472958   2.1472958e-09      0.96793697      0.25075029      0.25209959       11.738885       1.7984499      0.70474319      0.29520124      0.19198233       125.94325      0.98851132      0.87491255      0.65433019      0.48231027      0.88770245       1.0637996              10       10.596133       1.6979834        1.6979834       10.596133                       10.596133
              1       8.1872883       94.902812       3.5243794      0.92440861     0.056920074      0.19983494      0.18002234        3.393271    3.393271e-09      0.86770902      0.25124793      0.25259901       10.066106       2.3672991      0.71416781      0.28579207      0.25739988       107.70354       1.2645941       1.1793066      0.90074784      0.65859097       1.2319432       1.0717864              10        12.97861       1.6979834        1.6979834        12.97861                        12.97861
              1       8.2096598       95.629345       2.2926976      0.91538318      0.05770566      0.20174343     0.087766719      0.99016122   9.9016122e-10      0.86770902      0.25124793      0.25259901       10.003073      0.83075451      0.71554849        0.284412      0.26009396       107.08945       0.6800235      0.63381645       0.4856311       0.3546447      0.66499674       1.0721994              10       13.023353       1.6979834        1.6979834       13.023353                       13.023353
              1       7.6580172       94.806934       2.6158419         1.12443     0.056462576      0.20196501      0.07955477       1.3678727   1.3678727e-09      0.86770902      0.25124793      0.25259901       10.052547       1.1666627      0.71172856      0.28823123      0.25907246       107.66523       0.9088661      0.85364591      0.64841823      0.47510596      0.88495249       1.0736484              10       11.920068       1.6979834        1.6979834       11.920068                       11.920068
              6       7.5456521       92.785692       2.5614721       1.1288368     0.053878988      0.19527476     0.080005466       1.2954874   1.2954874e-09      0.86770902      0.25124793      0.25259901       10.252493       1.1039295       0.7098044      0.29015362      0.24979861       109.79969        0.881334      0.82382904      0.62307171       0.4572935      0.84894789        1.072885              10       11.695338       1.6979834        1.6979834       11.695338                       11.695338
              3       7.4516006       89.965624       2.5454857       1.1335336     0.050226338      0.18532696      0.31716417       1.2749419   1.2749419e-09      0.86770902      0.25124793      0.25259901       10.556855      0.67609092      0.70812979      0.29182556      0.23619817       113.07203      0.86717766      0.80232116      0.60454302      0.44433246      0.82251983       1.0713348              10       11.507235       1.6979834        1.6979834       11.507235                       11.507235
              2       7.4786408       90.113015       3.0419413       0.9642226     0.050433386      0.18557051      0.31843007       2.0945866   2.0945866e-09      0.86770902      0.25124793      0.25259901       10.543607       1.1079329      0.70852889      0.29142661      0.23664876       112.92421       1.0125521      0.93643636      0.70622554       0.5188905      0.96119415       1.0712493              10       11.561315       1.6979834        1.6979834       11.561315                       11.561315
              4       7.4469764       96.415797       2.5711582       1.1238318      0.05839029      0.21098198      0.65166847       1.3080966   1.3080966e-09      0.86770902      0.25124793      0.25259901       9.8636773       0.3553103      0.70949536      0.29046576      0.27001714       105.66533      0.90417603       0.8623894      0.65177969      0.47849187      0.88782442       1.0759368              10       11.497986       1.6979834        1.6979834       11.497986                       11.497986
              2       7.4888218       96.447727       2.8086027        1.083405     0.058426515       0.2101577      0.64370806       1.6586725   1.6586725e-09      0.86770902      0.25124793      0.25259901       9.8702434      0.45776536      0.71053486      0.28942629      0.26922908       105.74458      0.99093794      0.94225296      0.71380067      0.52355396      0.97317838       1.0755883              10       11.581677       1.6979834        1.6979834       11.581677                       11.581677
              2       7.3853686       93.037431        2.684486       1.0896178      0.05404471      0.20037347      0.64784158       1.4650669   1.4650669e-09      0.86770902      0.25124793      0.25259901       10.180931      0.40100466      0.70529083      0.29466742      0.25506305       109.06617       0.9312907      0.88390157      0.66183107      0.48761851      0.89828495       1.0752688              10       11.374771       1.6979834        1.6979834       11.374771                       11.374771
             12       7.5351656       91.527225       1.7549727       1.1291014     0.052235873      0.19402839      0.61482309      0.57832898   5.7832898e-10      0.86770902      0.25124793      0.25259901       10.348157      0.16910109      0.70521857      0.29473829      0.24690913       110.81585      0.59297663      0.55833712      0.41799575      0.30798602      0.56729992       1.0737544              10       11.674364       1.6979834        1.6979834       11.674364                       11.674364
              1       7.4790692       91.406472       2.8941021      0.99240162     0.051966056      0.19516943      0.60558614       1.8067272   1.8067272e-09      0.86770902      0.25124793      0.25259901       10.344035      0.53812992      0.70339647      0.29656027      0.24778035       110.80855       0.9763137      0.92378393      0.68882056      0.50831666      0.93342163       1.0747095              10       11.562172       1.6979834        1.6979834       11.562172                       11.562172
              2       7.4620476       87.623201       2.7580543       1.0586937      0.04720737      0.17826498      0.25007262       1.5769131   1.5769131e-09      0.86770902      0.25124793      0.25259901       10.811385      0.95630725      0.70544608      0.29450686      0.22611722       115.79689      0.92143414       0.8483022      0.63540073      0.46808159       0.8625293       1.0702782              10       11.528128       1.6979834        1.6979834       11.528128                       11.528128
              3       6.9890476       78.172983       2.5307475      0.92916905     0.033970579      0.14918417      0.20949711       1.2562893   1.2562893e-09       1.1875785      0.24977632      0.25112215        12.04677      0.82627152      0.69917314      0.30076772      0.18379962       129.67966      0.76430733      0.67732225      0.50044249       0.3706056      0.67576605       1.0651218              10       10.582128       1.6979834        1.6979834       10.582128                       10.582128
              2       7.1061597       80.055747       2.7458617       1.1128891     0.036271014      0.15709273      0.18360925       1.5578032   1.5578032e-09       1.0499823       0.2503701      0.25171805       11.742375       1.0790253      0.69722719      0.30271642      0.19400861       126.44393      0.94108094      0.84888036       0.6245716      0.46327752      0.84202161       1.0690772              10       10.816353       1.6979834        1.6979834       10.816353                       10.816353
              1       8.0293971       75.520801       2.4961964      0.98251982     0.030061581       0.1440843      0.13813887       1.2136245   1.2136245e-09       1.4820317      0.24865916      0.25000097        12.40425      0.92065822      0.69346854       0.3064681      0.17479075       133.93011      0.77941419       0.6904611      0.50396215      0.37496803      0.67733202       1.0651927              10       12.662828       1.6979834        1.6979834       12.662828                       12.662828
              1       9.1053083       78.103552       2.4755095      0.98014754     0.033327474      0.15853025       0.1202876       1.1887763   1.1887763e-09        1.230261      0.24960291      0.25094812       11.896076      0.93458681      0.68437126       0.3155695      0.19250259         128.417      0.79489243      0.73522478      0.52652319      0.39463106      0.70249583       1.0733233              10        14.81465       1.6979834        1.6979834        14.81465                        14.81465
              3        10.12622       77.397998       1.9760355      0.98303213     0.032124269      0.15800015      0.31525435      0.72140863   7.2140863e-10       1.3157572      0.24926765      0.25061165       11.973708      0.38402092        0.681484      0.31845568      0.19076929       129.46522      0.62495094      0.58015729      0.41302186      0.31026678      0.54980766       1.0745626              10       16.856472       1.6979834        1.6979834       16.856472                       16.856472
              1       10.184442       69.992359       2.3093104       1.0487787     0.022815486      0.13004653      0.18135135        1.006748    1.006748e-09       2.3708287      0.24607211      0.24740456       13.300258      0.70048848      0.68657848      0.31334776      0.15350688       144.04457      0.73467691      0.63919962      0.45986288      0.34406065      0.61464126       1.0577021              10       16.972916       1.6979834        1.6979834       16.972916                       16.972916
              1        10.11962       70.072628       2.7025503       1.1348958     0.022924096      0.13022679      0.17987286       1.4917728   1.4917728e-09       2.3523562      0.24611708      0.24744969       13.286573       1.0410392      0.68670782      0.31321858      0.15379575       143.88491       0.9275303      0.80715314      0.58085026       0.4345363         0.77643       1.0578131              10       16.843273       1.6979834        1.6979834       16.843273                       16.843273
              6       10.080807       69.922109         2.70271       1.1350084     0.022741347      0.12957005      0.17963078       1.4920111   1.4920111e-09       2.3835665      0.24604102      0.24737336       13.319547       1.0417098       0.6870746      0.31285148      0.15295626       144.24127      0.92633605       0.8043982      0.57930914      0.43325635      0.77459703       1.0572451              10       16.765647       1.6979834        1.6979834       16.765647                       16.765647
              1       9.5190115       71.785524       2.6594593       1.1418645     0.025150783      0.13542186     0.011874414       1.4288561   1.4288561e-09       2.0159201      0.24699744      0.24833325       12.974008       1.3953222      0.68707821      0.31285166      0.16121751       140.36697      0.91389119      0.80409695      0.57909197      0.43309399      0.77430654       1.0613826              10       15.642056       1.6979834        1.6979834       15.642056                       15.642056
              7       9.6706729        85.61933       2.1464728       1.0448135     0.042714205      0.19018467     0.040156172      0.85546309   8.5546309e-10      0.86770902      0.25124793      0.25259901       10.823245      0.78944535      0.68136624      0.31858446      0.23354374       116.74832      0.72484482      0.70798483      0.50389158      0.37856743      0.67070409       1.0839924              10       15.945379       1.6979834        1.6979834       15.945379                       15.945379
              2       7.4705092       87.193111       2.2550754       1.0913183     0.045060315      0.18749642      0.59370265      0.95360119   9.5360119e-10      0.86770902      0.25124793      0.25259901       10.741833      0.29085948      0.69321475      0.30673772       0.2332016       115.72308       0.7645381      0.72831886      0.53129046       0.3953883      0.71390467       1.0798615              10       11.545052       1.6979834        1.6979834       11.545052                       11.545052
              5       7.2944503       86.879865       2.4852244       1.0141847     0.044703801      0.18475615      0.60780971       1.2003814   1.2003814e-09      0.86770902      0.25124793      0.25259901       10.799204      0.35594464      0.69510125      0.30485087      0.23010482       116.33309      0.81727475      0.77285357      0.56604311      0.42060204      0.76177664       1.0787042              10       11.192934       1.6979834        1.6979834       11.192934                       11.192934
              2       7.2385288         86.2231       3.6813495      0.93683963     0.043886404       0.1814485      0.63600932       3.9699934   3.9699934e-09      0.86770902      0.25124793      0.25259901       10.890306       1.1126514      0.69598729       0.3039641      0.22597977       117.31733       1.4202054       1.3344242      0.97919357      0.72706649       1.3187515       1.0776616              10       11.081091       1.6979834        1.6979834       11.081091                       11.081091
              1       6.8991436       89.903947       3.7306262      0.94333178     0.048931984      0.19309652      0.67036444       4.1705217   4.1705217e-09      0.86770902      0.25124793      0.25259901       10.480722       1.0912374      0.69971801      0.30023728      0.24267337       112.72297        1.463757       1.3888885       1.0273644      0.76048503       1.3879006       1.0783921              10        10.40232       1.6979834        1.6979834        10.40232                        10.40232
              4       7.0138603        81.18669       2.0872912      0.92528262     0.038453685      0.15378012      0.64425976       0.8063044    8.063044e-10      0.93796271       0.2508951      0.25224492       11.688915      0.22228088      0.70731808      0.29262709      0.19287867       125.44751      0.59937283      0.52809666      0.39720811      0.29214384      0.54005684       1.0636833              10       10.631754       1.6979834        1.6979834       10.631754                       10.631754
              3       7.1633021       93.560634       2.6966084      0.86497287     0.053688805      0.20117949      0.57595679       1.4829351   1.4829351e-09      0.86770902      0.25124793      0.25259901         10.1507      0.46865411      0.70806351      0.29189521      0.25551316        109.1453      0.82991634      0.78320605       0.5900484      0.43370495      0.80275107       1.0777349              10       10.930638       1.6979834        1.6979834       10.930638                       10.930638
              2       7.1069409       91.248447       2.3249098        1.012502     0.050409657      0.19509957      0.56863987       1.0225757   1.0225757e-09      0.86770902      0.25124793      0.25259901       10.370973      0.32793001      0.70432143      0.29563517      0.24615409       111.64757      0.74896291      0.70606456      0.52754812      0.38900134      0.71543973       1.0784632              10       10.817915       1.6979834        1.6979834       10.817915                       10.817915
              3       8.0110302       87.676078       2.2411958      0.84830967     0.045543487      0.17893023      0.63243022      0.94045704   9.4045704e-10      0.86770902      0.25124793      0.25259901       10.821829      0.26547098      0.70710036      0.29285262      0.22511858       116.68668      0.64611931      0.59200906      0.44505692      0.32739937      0.60499707       1.0752712              10       12.626094       1.6979834        1.6979834       12.626094                       12.626094
              4       7.7083624        88.17496       1.8203883       1.1111072      0.04643061      0.17980767      0.72459802      0.61742553   6.1742553e-10      0.86770902      0.25124793      0.25259901       10.771232      0.14494617      0.70813577      0.29181775      0.22688315       116.02818      0.59857911      0.54825878       0.4131161      0.30363375      0.56207491        1.074507              10       12.020758       1.6979834        1.6979834       12.020758                       12.020758
              1       7.8741329        90.43887       3.4423387       1.0631171     0.049389202      0.18707749      0.61943453        3.125998    3.125998e-09      0.86770902      0.25124793      0.25259901       10.521024      0.90563813      0.71005966      0.28989616      0.23711155       113.29396       1.3187529       1.2160462      0.92024103      0.67524629       1.2541254       1.0755278              10       12.352299       1.6979834        1.6979834       12.352299                       12.352299
              7       7.7155107        90.43543       3.4265902        1.060996     0.049274351      0.18869388      0.61028909        3.077154    3.077154e-09      0.86770902      0.25124793      0.25259901        10.50275      0.90794358      0.70820165      0.29175416       0.2386131       113.13464       1.3154273       1.2199509      0.91937017      0.67568562        1.250939       1.0766113              10       12.035055       1.6979834        1.6979834       12.035055                       12.035055
              4       7.8234298       90.493671       3.4217632       1.0592773     0.049264687      0.18913185      0.60081351       3.0623364   3.0623364e-09      0.86770902      0.25124793      0.25259901       10.494517      0.92085852      0.70805411      0.29190176       0.2390414       113.07977       1.3129726       1.2186211      0.91806612      0.67481253       1.2490067       1.0769845              10       12.250893       1.6979834        1.6979834       12.250893                       12.250893
              6       8.0075878       92.368619       2.1349491      0.94718997     0.051920987      0.19354914      0.69944744      0.84566156   8.4566156e-10      0.86770902      0.25124793      0.25259901       10.315509      0.20876816      0.71149527      0.28846237      0.24611499       111.04512      0.64646704       0.5997631      0.45533487      0.33369769      0.62131039       1.0762973              10       12.619209       1.6979834        1.6979834       12.619209                       12.619209
              3       8.2241451       96.845979       2.1061712      0.92473164     0.057183784      0.21393564      0.48211523       0.8216721    8.216721e-10      0.86770902      0.25124793      0.25259901       9.8265804      0.31328425      0.71020763      0.28975384      0.27176429        105.8885      0.64728207      0.61737854      0.46734939      0.34288539      0.63699258       1.0811473              10       13.052323       1.6979834        1.6979834       13.052323                       13.052323
              1       7.1332066       94.129223       3.4490747        0.850092     0.054434102      0.21331094      0.19057072       3.1471258   3.1471258e-09      0.86770902      0.25124793      0.25259901        9.985638       2.1497427      0.69704668      0.30291253      0.26838991       107.28614       1.2390817       1.2126587      0.89184933      0.66163855       1.2021597       1.0820937              10       10.870446       1.6979834        1.6979834       10.870446                       10.870446
              7       8.5464796         73.2307       2.3225139      0.83459962     0.027434062      0.13977504      0.22316912       1.0201287   1.0201287e-09       1.7387711      0.24781151      0.24915026        12.71642      0.65284902      0.68693196      0.31300065      0.16785397       137.20161      0.67683919      0.60174664      0.43322988      0.32404454      0.57920472       1.0628034              10       13.696992       1.6979834        1.6979834       13.696992                       13.696992
              1       8.7711665       68.040512       2.2887024      0.82658913     0.020638429      0.11958027      0.13653054      0.98621323   9.8621323e-10       2.7923244      0.24510323      0.24643215       13.794801      0.75055393      0.69564886      0.30427308      0.14086357       149.17326      0.64946203      0.54258228      0.39788122      0.29550805      0.53571962       1.0471264              10       14.146366       1.6979834        1.6979834       14.146366                       14.146366
              1       9.7137614       66.862159       2.2900991      0.81737178     0.019032923      0.11673184      0.16117957      0.98759162   9.8759162e-10       3.1809092      0.24430824      0.24563425       14.026701      0.71544887      0.69478962      0.30512954      0.13640963       151.88348      0.65052114      0.54010514      0.39534174      0.29382838      0.53192648       1.0444394              10       16.031556       1.6979834        1.6979834       16.031556                       16.031556
              8       9.4620977       65.989869       2.2805136      0.81480401     0.018071532      0.11457832      0.10428777      0.97817025   9.7817025e-10       3.4552293      0.24379278       0.2451169        14.19939      0.79401963      0.69382048      0.30609653      0.13329472       153.70572       0.6475378      0.53563284      0.39126262      0.29102679      0.52602182       1.0416115              10       15.528229       1.6979834        1.6979834       15.528229                       15.528229
              2       9.0191286       65.241004       2.7018113      0.83878759     0.017248929      0.10969827      0.20365851       1.4906708   1.4906708e-09        3.720624      0.24332432      0.24464672       14.446436      0.99194186      0.70014908      0.29976602      0.12759207       156.23153       0.7931376      0.64018263       0.4740285      0.35075192      0.64063233       1.0353741              10        14.64229       1.6979834        1.6979834        14.64229                        14.64229
              6       8.1086678        70.42874       2.0744565      0.92859631     0.025261131      0.11686995      0.16492512      0.79602192   7.9602192e-10       2.0011153      0.24703884       0.2483748       13.535106      0.57236477      0.71208445      0.28784269      0.14277595       144.79007       0.5690053      0.46006779        0.349768      0.25619395      0.47751968       1.0393969              10       12.821369       1.6979834        1.6979834       12.821369                       12.821369
              6       7.8178046       73.785177       1.7157028       1.0604754     0.029555916       0.1295031      0.19544519      0.55605822   5.5605822e-10       1.5271423      0.24850293      0.24984418       12.852003      0.37614798      0.70658962        0.293344      0.15970388       137.53815      0.51361955      0.43237091      0.32469112      0.23895423      0.44119045       1.0496465              10       12.239643       1.6979834        1.6979834       12.239643                       12.239643
              1       7.7932082       73.543508       1.7129808       1.0606003     0.029234874      0.12876318      0.19892173      0.55454667   5.5454667e-10       1.5567734      0.24840207      0.24974296       12.894583      0.37252625      0.70661971      0.29331347      0.15864292        138.0009      0.51258846      0.43075534      0.32349979      0.23807128      0.43958311       1.0491831              10        12.19045       1.6979834        1.6979834        12.19045                        12.19045
              1       7.6526517       85.101528       2.5196961       1.1166175     0.043200096      0.17812627      0.39057468        1.242482    1.242482e-09      0.86770902      0.25124793      0.25259901       11.008177      0.56890698       0.6934561        0.306494      0.22197123       118.24321       0.8679739      0.81629285      0.59577303      0.44328837      0.80071017       1.0750497              10       11.909337       1.6979834        1.6979834       11.909337                       11.909337
              3       7.0632536       85.431925       2.5524213       1.1796521     0.043365062      0.17714588      0.39752352       1.2838151   1.2838151e-09      0.86770902      0.25124793      0.25259901       11.000784      0.57971953      0.69693979       0.3030107       0.2211558       118.28991      0.90813483       0.8469611      0.62276603      0.46205046       0.8393835        1.074868              10       10.730541       1.6979834        1.6979834       10.730541                       10.730541
              5       7.1249676       77.345837       2.8109399       1.1103774     0.033402383      0.14675945       0.4403347       1.6625537   1.6625537e-09       1.2251854       0.2496233      0.25096857       12.159009      0.68913739      0.69770746      0.30223213       0.1808067       130.60441      0.95194245      0.84280403      0.62074656      0.46025602      0.83719989       1.0627361              10       10.853968       1.6979834        1.6979834       10.853968                       10.853968
              5       7.0153508       70.429512        3.538334      0.85946929     0.024812971      0.12034171      0.55232274       3.4409545   3.4409545e-09       2.0622447      0.24686916      0.24820451        13.45644       1.1400857      0.70599517      0.29393198      0.14579955       144.36925       1.1790022      0.97141535      0.72854042      0.53643284      0.98944564       1.0441387              10       10.634735       1.6979834        1.6979834       10.634735                       10.634735
              2       7.5647517       76.098354       3.4017624      0.91755595     0.032334952      0.13977132      0.33776791       3.0016955   3.0016955e-09       1.3002244      0.24932743      0.25067165       12.403379       1.5275139      0.70162582      0.29831177      0.17275114       132.88829       1.1476863      0.99610483      0.73990919      0.54682205       1.0011769       1.0569906              10       11.733537       1.6979834        1.6979834       11.733537                       11.733537
              5       8.6873672       94.337807        2.336341      0.97669746     0.055883227      0.21235612      0.67307772       1.0343321   1.0343321e-09      0.86770902      0.25124793      0.25259901        9.970782      0.26917338      0.69782946      0.30212993      0.26888421       106.69472      0.75381155      0.73683615      0.54281784      0.40244131      0.73215945       1.0783677              10       13.978768       1.6979834        1.6979834       13.978768                       13.978768
              2       10.559527       87.866588       2.6422842      0.92991051     0.047105839      0.19529548      0.61988698       1.4045249   1.4045249e-09      0.86770902      0.25124793      0.25259901       10.582072      0.40653922      0.68514844      0.31480476      0.24304619       113.44497      0.86293268      0.84472787      0.60589744      0.45384697      0.80888875       1.0796156              10       17.723087       1.6979834        1.6979834       17.723087                       17.723087
              1       8.8171771       90.269238        2.052512      0.96779706     0.050019566      0.20163222      0.59643159      0.77874387   7.7874387e-10      0.86770902      0.25124793      0.25259901       10.348714       0.2362331      0.69033356      0.30962209      0.25229665       110.99974      0.65483066      0.64008626      0.46409499      0.34619027      0.62215543        1.080199              10       14.238387       1.6979834        1.6979834       14.238387                       14.238387
              2       8.8605907       90.663185       2.0400942      0.96661158     0.050458554      0.20383892      0.57737909      0.76913337   7.6913337e-10      0.86770902      0.25124793      0.25259901       10.298781      0.24237987      0.68980015      0.31015588      0.25494234       110.48195      0.65285345       0.6405368      0.46390195      0.34619533      0.62162889       1.0808942              10       14.325215       1.6979834        1.6979834       14.325215                       14.325215
              7       7.8136079       73.110698       1.7535372       1.0867319     0.028417836      0.12403107     0.053121997      0.57749941   5.7749941e-10       1.6358722      0.24813933      0.24947927       13.056911      0.51929048      0.71351745      0.28641494      0.15309377       139.86693      0.51967623      0.42619691      0.32506651      0.23780509      0.44434809       1.0458212              10       12.231249       1.6979834        1.6979834       12.231249                       12.231249
              2       8.0460705       74.414037       1.8260413       0.9800757     0.030029969       0.1268737      0.11788355      0.62092571   6.2092571e-10       1.4847975      0.24864949      0.24999126       12.852055      0.49050936      0.71542008      0.28451465      0.15754853       137.70311      0.51416851      0.42288079      0.32393589      0.23658392      0.44354012       1.0477565              10       12.696174       1.6979834        1.6979834       12.696174                       12.696174
              1       7.0578438       86.736869       2.5845326       1.0073805     0.044819215      0.17676843      0.10073726       1.3257091   1.3257091e-09      0.86770902      0.25124793      0.25259901       10.912674       1.0837995      0.70455903      0.29539293      0.22223251       117.44933      0.83082566      0.76306711       0.5704424      0.42054437      0.77376979       1.0738329              10       10.719721       1.6979834        1.6979834       10.719721                       10.719721
              9       7.3372248       84.898753       2.5589564       1.0061606     0.042485936      0.17745626     0.056988434       1.2922324   1.2922324e-09      0.86770902      0.25124793      0.25259901       11.039049       1.1530313       0.6939104      0.30603946      0.22058707       118.79483      0.83719108      0.78535461      0.57374591      0.42674059      0.77139221       1.0761746              10       11.278483       1.6979834        1.6979834       11.278483                       11.278483
              3       7.3149845       81.749757       2.6492275       1.0165883     0.039111693      0.16268796      0.15642139       1.4143109   1.4143109e-09      0.90721872      0.25104738      0.25239775        11.49697       1.0343773      0.69702234      0.30292358      0.20244452       123.42439      0.85575392      0.78051774      0.57401786      0.42585199      0.77373481       1.0690667              10       11.234002       1.6979834        1.6979834       11.234002                       11.234002
              5       7.4514615       80.536804        3.194023       0.8922863     0.037713854      0.15785328      0.19032616       2.4386337   2.4386337e-09      0.97413124      0.25072082      0.25207003       11.674522          1.6666      0.69743634      0.30250795        0.196212       125.25379       1.0516737       0.9508942      0.69994258      0.51909472      0.94379619       1.0667696              10       11.506956       1.6979834        1.6979834       11.506956                       11.506956
              3       6.8537348       93.365922       2.6875702       0.9196062      0.05342119       0.2044285      0.55034433       1.4695925   1.4695925e-09      0.86770902      0.25124793      0.25259901       10.127281      0.48884809      0.70342446      0.29653408      0.25849455       108.87422       0.8616545      0.82392064      0.61439265      0.45338241      0.83258265       1.0793938              10       10.311503       1.6979834        1.6979834       10.311503                       10.311503
              4       7.4773727       91.040853       2.0872277       1.0723978      0.05153526      0.18762465      0.45829807      0.80625322   8.0625322e-10      0.86770902      0.25124793      0.25259901        10.45722      0.32240281      0.71063191      0.28932449      0.23980478         112.043      0.66573164      0.61482979      0.46586883      0.34167245      0.63521005       1.0714878              10       11.558779       1.6979834        1.6979834       11.558779                       11.558779
              1       7.9550944        93.08044       2.0182619      0.96842852     0.054308692      0.19248165      0.57795421      0.75252341   7.5252341e-10      0.86770902      0.25124793      0.25259901       10.265109       0.2368729      0.71436721      0.28559108      0.24743521       109.93988      0.60581423      0.55915181      0.42727241      0.31234964       0.5844787       1.0711794              10       12.514222       1.6979834        1.6979834       12.514222                       12.514222
              7       8.2103155       96.915096       2.0002692      0.97042005     0.059200287      0.20673459      0.54804959      0.73910457   7.3910457e-10      0.86770902      0.25124793      0.25259901       9.8761053      0.24698812      0.71614068      0.28382084      0.26657974       105.78416      0.60946544      0.57078891      0.43793119      0.31964428      0.59999109       1.0732787              10       13.024664       1.6979834        1.6979834       13.024664                       13.024664
              1       8.1439897       79.219676       1.7824561      0.86293266     0.035960954      0.14147779      0.22151401      0.59444384   5.9444384e-10       1.0672712      0.25029251      0.25164018       12.081699      0.38168598      0.71617807      0.28376435      0.17808361       129.61952      0.48473603      0.41036919      0.31489176      0.22982684      0.43144142       1.0566668              10       12.892013       1.6979834        1.6979834       12.892013                       12.892013
              7       7.1352023       74.857799       2.6898426       0.8726924     0.029734986      0.13940193      0.16860537       1.4729357   1.4729357e-09        1.510953      0.24855862      0.24990007       12.554199       1.0513202       0.6969534      0.30298211      0.16978178       135.20117      0.80586153      0.70346923      0.51728894      0.38378451      0.69723463       1.0605522              10       10.874438       1.6979834        1.6979834       10.874438                       10.874438
              3       7.2079668       76.153464       1.9095883       1.0238626     0.031369521      0.14441228      0.15967253      0.67503088   6.7503088e-10       1.3735126      0.24904986      0.25039308       12.326673      0.49049416      0.69571968        0.304218      0.17642667       132.74642      0.58648819      0.51827636      0.38010216      0.28229069      0.51180451       1.0634704              10       11.019967       1.6979834        1.6979834       11.019967                       11.019967
              1        7.138013       77.474885       2.6756106      0.96701849     0.033067789       0.1484949      0.16252927       1.4521214   1.4521214e-09       1.2480736      0.24953182      0.25087677       12.123889        1.049136      0.69637982      0.30355997      0.18220756       130.53324      0.84031745      0.74754059      0.54901597      0.40751735       0.7396459       1.0653059              10       10.880059       1.6979834        1.6979834       10.880059                       10.880059
              3       8.0518442       74.893986       3.7461778      0.86972791     0.029224635      0.14071897      0.44958626       4.2358866   4.2358866e-09       1.5577315      0.24839883      0.24973971       12.534894       1.7236086      0.69580801      0.30412756      0.17058847       135.37222        1.377817       1.2071357       0.8854804      0.65757137       1.1923809       1.0631587              10       12.707722       1.6979834        1.6979834       12.707722                       12.707722
              3       7.3389437       73.917082       2.9981081       1.0586671     0.029419569      0.12888631      0.46859143       2.0047574   2.0047574e-09       1.5396304      0.24846026      0.24980135       12.858731      0.78532328      0.70901429      0.29091957      0.15895074       137.80294      0.97188234      0.81277925      0.61366214      0.45068444      0.83557626       1.0498354              10       11.281921       1.6979834        1.6979834       11.281921                       11.281921
              1       7.6713344       79.163389       3.4155152      0.86629377     0.036226282      0.14326485      0.25812776       3.0432625   3.0432625e-09        1.052454      0.25035895      0.25170686       12.047194       1.8160696      0.71249932      0.28744301        0.180136        129.0662        1.105883      0.94680126      0.72045907      0.52753011      0.98394625       1.0571304              10       11.946702       1.6979834        1.6979834       11.946702                       11.946702
              2       7.6393127       94.628548       2.3644731       1.0300616     0.056082358       0.2004898      0.32426809       1.0638432   1.0638432e-09      0.86770902      0.25124793      0.25259901       10.081059       0.5561884      0.71271273      0.28724691      0.25721703       108.03353      0.75672162      0.70789351      0.53890358      0.39452535      0.73611765       1.0736032              10       11.882659       1.6979834        1.6979834       11.882659                       11.882659
              5       7.9790645       93.866312       3.4671654      0.85981987     0.055462823      0.19636665       0.3135659       3.2045778   3.2045778e-09      0.86770902      0.25124793      0.25259901       10.169759       1.7116341      0.71341075      0.28654824      0.25247434       108.85704       1.1851636       1.1017981      0.84010313      0.61465588       1.1482413       1.0717074              10       12.562162       1.6979834        1.6979834       12.562162                       12.562162
              6       7.9170695       96.679039       3.4588409      0.86312448     0.059011178      0.20849361      0.35651374       3.1780119   3.1780119e-09      0.86770902      0.25124793      0.25259901       9.8707496        1.557728       0.7130732      0.28688814      0.26814966       105.66592       1.1987006       1.1321634      0.86259124      0.63129623       1.1786284       1.0739456              10       12.438172       1.6979834        1.6979834       12.438172                       12.438172
              4        6.949024       90.118337        3.349369      0.88934634     0.049831358      0.19031453      0.27995326       2.8484755   2.8484755e-09      0.86770902      0.25124793      0.25259901       10.492501       1.6272272      0.70346317      0.29649233      0.24079075        112.6051       1.1583302       1.0880327      0.81141368      0.59875023       1.0996107       1.0751519              10       10.502081       1.6979834        1.6979834       10.502081                       10.502081
              2       7.1762919       94.573207       3.3563753      0.89641729     0.055812131      0.20590647      0.25193936       2.8685028   2.8685028e-09      0.86770902      0.25124793      0.25259901       10.028296       1.7330997       0.7066224      0.29333719      0.26236347        107.5025       1.1759346       1.1206978      0.84160639      0.61937092       1.1435818       1.0764548              10       10.956617       1.6979834        1.6979834       10.956617                       10.956617
              1       7.6729586       86.395515       3.3994876      0.88851113     0.045595399      0.16825798      0.14489692       2.9948751   2.9948751e-09      0.86770902      0.25124793      0.25259901       11.039994        2.241418      0.71258163      0.28736995      0.21449825       118.27845       1.1337697       1.0138146      0.77157967      0.56492542       1.0538297       1.0661815              10        11.94995       1.6979834        1.6979834        11.94995                        11.94995
              2       7.5673466       70.477434       3.4144259      0.94459747     0.024863995       0.1171296      0.37357999       3.0399491   3.0399491e-09       2.0551492      0.24688868      0.24822409       13.534565       1.4400542      0.71275896      0.28716828      0.14263846       145.14047       1.1237312      0.90698722      0.69059208      0.50554022      0.94338175       1.0408424              10       11.738727       1.6979834        1.6979834       11.738727                       11.738727
              2       7.6288596       71.368453       2.7017792      0.88834179     0.025964853      0.11940071      0.41967766       1.4906229   1.4906229e-09       1.9102962      0.24729744      0.24863433       13.372236      0.64393257      0.71326626      0.28666279      0.14601043       143.41698      0.77019417      0.62456613      0.47609782      0.34836862      0.65065889       1.0428673              10       11.861752       1.6979834        1.6979834       11.861752                       11.861752
             14       7.7006141       69.143793       2.0139549      0.82464463     0.022500581       0.1158975       0.3476022      0.74928928   7.4928928e-10       2.4256446      0.24593835      0.24727031       13.746963       0.3738747      0.70909216      0.29083225      0.13904295       148.04083      0.54355544      0.43953112      0.33191822      0.24374838      0.45198128       1.0417189              10       12.005261       1.6979834        1.6979834       12.005261                       12.005261
              1       7.5640039       70.063376       2.1375087       0.8664092     0.023603189      0.11948039      0.43437764      0.84782894   8.4782894e-10       2.2415162      0.24639573      0.24772936       13.541336      0.35564164      0.70713344      0.29279294      0.14372845       145.87631      0.59061243      0.48366374      0.36365391      0.26750285      0.49436545       1.0453672              10       11.732041       1.6979834        1.6979834       11.732041                       11.732041
              2       7.5287516       77.380235       2.0961302        1.043504     0.033098651      0.13949205      0.46705433      0.81346295   8.1346295e-10       1.2459388      0.24954031      0.25088529       12.302416      0.31963884      0.71062064      0.28931901      0.17323556       132.31094      0.62484339      0.53200577      0.40311638      0.29564782      0.54964996       1.0581176              10       11.661537       1.6979834        1.6979834       11.661537                       11.661537
              6       7.1073282       89.589573       3.2959235       1.1474923     0.048164678      0.19091454      0.38812303        2.700234    2.700234e-09      0.86770902      0.25124793      0.25259901       10.532837       1.2424589      0.70128145      0.29867353      0.23972408       113.44918       1.3142291       1.2389898      0.91960006      0.67982663       1.2439411       1.0787018              10        10.81869       1.6979834        1.6979834        10.81869                        10.81869
              4        7.110456       90.667416       2.0484005       1.0611929     0.049574154       0.1940697      0.36600661      0.77554862   7.7554862e-10      0.86770902      0.25124793      0.25259901       10.422372      0.37299218      0.70278879      0.29716724      0.24428872       112.23851      0.67171491      0.63416507       0.4722379      0.34866718      0.63960317       1.0788907              10       10.824945       1.6979834        1.6979834       10.824945                       10.824945
              5       7.9782988       88.380426       3.7848879       1.1771458     0.048532341      0.17695488      0.13220992       4.4030734   4.4030734e-09      0.86770902      0.25124793      0.25259901       10.770042       3.3800245      0.71045277      0.28950096      0.22613209        115.2174       1.6192854       1.4742711        1.116642      0.81908027       1.5223042        1.067855              10       12.560631       1.6979834        1.6979834       12.560631                       12.560631
              4       8.4575027       88.745074         3.78219       1.1828973     0.049222239      0.18057555      0.30488315       4.3912106   4.3912106e-09      0.86770902      0.25124793      0.25259901       10.694096       2.3865257      0.70735409      0.29260003      0.23044266       114.30109       1.6381859       1.5089439        1.135021      0.83478088       1.5432465        1.068758              10       13.519039       1.6979834        1.6979834       13.519039                       13.519039
              1       9.3274192       80.500542       3.0932664      0.90025438     0.038060614      0.16100359      0.25586684       2.2048982   2.2048982e-09      0.95696176      0.25080287      0.25215237       11.619187       1.3217382      0.69176726      0.30817698      0.19970907       124.45269       1.0145222      0.93254968      0.67820499      0.50531365      0.91025052       1.0677459              10       15.258872       1.6979834        1.6979834       15.258872                       15.258872
              4       9.1706786       67.087585       3.1503509      0.91495528     0.021308285      0.10678317      0.65777287       2.3344254   2.3344254e-09       2.6513356      0.24541328      0.24674333       14.233558      0.62639135      0.71388629      0.28603341      0.12873632       151.98355      0.95820266      0.75187287      0.57396135      0.41974626      0.78483516       1.0281192              10       14.945391       1.6979834        1.6979834       14.945391                       14.945391
              1       7.3908247       94.997019       3.1339154      0.81276892     0.055881694      0.21653291      0.45278498       2.2963716   2.2963716e-09      0.86770902      0.25124793      0.25259901       9.8975128      0.92844916        0.697382      0.30257796      0.27305947       106.20495       1.0372157        1.018752       0.7497792      0.55608695       1.0109369       1.0814835              10       11.385683       1.6979834        1.6979834       11.385683                       11.385683
              6       7.0226012        96.45361       3.1292886      0.88062264     0.057831137      0.21820854      0.47659392       2.2857712   2.2857712e-09      0.86770902      0.25124793      0.25259901        9.795187      0.88118793      0.70255639      0.29740477      0.27668455       105.09297       1.0647368       1.0375416      0.77221543      0.57026335       1.0456865       1.0802573              10       10.649236       1.6979834        1.6979834       10.649236                       10.649236
              3       7.0879719       94.885909       3.1363436      0.88281526     0.055938708      0.21145003      0.50642135       2.3019544   2.3019544e-09      0.86770902      0.25124793      0.25259901       9.9541622      0.83603551      0.70225508      0.29770478      0.26803361       106.77537       1.0623725       1.0277223       0.7644061      0.56463864       1.0348507       1.0790795              10       10.779977       1.6979834        1.6979834       10.779977                       10.779977
              4       7.1579985       94.575501       2.1081824      0.87312073     0.055583068       0.2105722      0.53943104       0.8233263    8.233263e-10      0.86770902      0.25124793      0.25259901       9.9814116      0.27991627      0.70167644      0.29828316      0.26680013       107.05219      0.63194437      0.61139926      0.45417723      0.33564682      0.61456549       1.0789647              10        10.92003       1.6979834        1.6979834        10.92003                        10.92003
              1        7.418332       94.341808         2.68246       1.1583005     0.055634293      0.20758613      0.58921284       1.4621017   1.4621017e-09      0.86770902      0.25124793      0.25259901       10.023211      0.44998062       0.7034941       0.2964653      0.26386529       107.38591      0.98225146      0.94393509      0.70399285      0.51947148        0.954058       1.0770937              10       11.440697       1.6979834        1.6979834       11.440697                       11.440697
              7       8.6202279       88.447356       3.3119244       1.1140231      0.04827978      0.18870003      0.51540832       2.7437877   2.7437877e-09      0.86770902      0.25124793      0.25259901       10.618611      0.97875168      0.69619993      0.30375388      0.23762468       113.69084       1.2919067       1.2286667      0.90199482      0.66962938       1.2149925       1.0746253              10       13.844489       1.6979834        1.6979834       13.844489                       13.844489
              1       8.4336028       85.756524       3.3140833        1.111333     0.044545002      0.18009191       0.5935561       2.7497177   2.7497177e-09      0.86770902      0.25124793      0.25259901       10.925759      0.83894179      0.69361932      0.30633154      0.22528178       117.11755       1.2852349        1.212773      0.88544995      0.65873683       1.1901894       1.0739854              10       13.471239       1.6979834        1.6979834       13.471239                       13.471239
              2       7.0396196       94.506422       3.3019064       1.1005769     0.054825302      0.21451978      0.47985636       2.7164376   2.7164376e-09      0.86770902      0.25124793      0.25259901       9.9515168       1.0404035      0.69766872      0.30229082      0.26998995       106.95121       1.3279416       1.2998193      0.95722908      0.70977732       1.2909507       1.0823834              10       10.683272       1.6979834        1.6979834       10.683272                       10.683272
              1       7.2740419       94.359928       3.7188741       1.1393102     0.055070651      0.20212171       0.5384571        4.121796    4.121796e-09      0.86770902      0.25124793      0.25259901       10.087048       1.4040695      0.71037818      0.28958123      0.25783722       108.33252       1.6053587       1.5106022       1.1439538       0.8391722         1.55943       1.0763183              10       11.152117       1.6979834        1.6979834       11.152117                       11.152117
              5       8.1392453       94.915003       3.5778817       1.1059184     0.055266827      0.22308178      0.10642228       3.5797629   3.5797629e-09      0.86770902      0.25124793      0.25259901       9.8417753       2.8934571      0.69027194      0.30968795      0.27899347       105.74271       1.5650907       1.5690244       1.1374649       0.8485337       1.5247792       1.0854353              10       12.882524       1.6979834        1.6979834       12.882524                       12.882524
              6       7.9759418       87.886513       3.7379087       1.1143039     0.046487973      0.19181354      0.13203992       4.2010042   4.2010042e-09      0.86770902      0.25124793      0.25259901       10.631751       3.2260025      0.69059903      0.30935418      0.23894638       114.27773       1.6345357       1.5752765       1.1427981      0.85228241       1.5323414          1.0797              10       12.555917       1.6979834        1.6979834       12.555917                       12.555917
              3       8.7289774       85.156742        1.636651       1.1073474     0.041749624      0.18293833     0.080786532      0.51379337   5.1379337e-10      0.86770902      0.25124793      0.25259901       10.958726      0.43713765      0.68921788      0.31073229      0.22533283        118.4233      0.57007358      0.54297402      0.39276884      0.29324703      0.52606624       1.0818446              10       14.061988       1.6979834        1.6979834       14.061988                       14.061988
              4       7.7955799       93.619359       1.7030379       1.1276371     0.053229171      0.20161459     0.086746009       0.5490602    5.490602e-10      0.86770902      0.25124793      0.25259901       10.148149      0.46160801      0.70845763      0.29150114      0.25548863        109.3247      0.58732636         0.55377      0.41756337      0.30681914      0.56827994       1.0792692              10       12.195193       1.6979834        1.6979834       12.195193                       12.195193
              5       7.0832364       95.444016       1.6922902       1.1342531      0.05614597      0.20932705      0.11620908      0.54319064   5.4319064e-10      0.86770902      0.25124793      0.25259901       9.9482442      0.43054084      0.70782999      0.29213033      0.26611789        106.9281      0.59062417      0.56337223      0.42420886      0.31187021      0.57701296       1.0789229              10       10.770506       1.6979834        1.6979834       10.770506                       10.770506
              8       6.9828516       96.567651       1.6946996       1.1675642     0.057733394      0.21461135      0.15701955      0.54450099   5.4450099e-10      0.86770902      0.25124793      0.25259901       9.8268234      0.39775278      0.70722077      0.29274048      0.27298961        105.5515      0.60801415      0.58446013      0.43949123       0.3232741      0.59748845       1.0793774              10       10.569737       1.6979834        1.6979834       10.569737                       10.569737
              9       7.3288564       89.666419       3.6688129      0.86668846     0.048767798      0.18430154      0.32648383       3.9205337   3.9205337e-09      0.86770902      0.25124793      0.25259901        10.60359       2.0406332      0.70926815       0.2906869       0.2337142       114.03027       1.3246234       1.2192173      0.92100866      0.67626993       1.2543171       1.0740181              10       11.261746       1.6979834        1.6979834       11.261746                       11.261746
              4       7.7757671       76.750057       3.5903151      0.84835806     0.032166759      0.14939116      0.26070946       3.6245494   3.6245494e-09       1.3126045      0.24927974      0.25062378       12.174101       2.1518137      0.69062606      0.30931259      0.18220279       131.08811       1.2761855       1.1492165      0.83378208      0.62180177       1.1180292        1.066573              10       12.155567       1.6979834        1.6979834       12.155567                       12.155567
              5        7.673981       74.096551       2.1752471       1.0142495     0.028455893      0.13855983      0.34309043      0.88043601   8.8043601e-10        1.632065      0.24815176      0.24949174       12.655191      0.44329541      0.69455811      0.30537607      0.16766059       136.52925      0.66700724      0.58340738      0.42681365      0.31728318      0.57415552       1.0613393              10       11.951995       1.6979834        1.6979834       11.951995                       11.951995
             11       7.7919799       81.404346       3.4219543      0.95121397     0.037775778      0.16642596      0.42408824       3.0629216   3.0629216e-09      0.97103641      0.25073552      0.25208478        11.48035       1.3115278      0.69082086      0.30912461       0.2048466       123.72196       1.2497381       1.1583876      0.84076806      0.62691636       1.1275682       1.0742749              10       12.187993       1.6979834        1.6979834       12.187993                       12.187993
              4       7.6535024       83.265785        2.945253      0.95528258     0.040267412      0.17297305      0.49271875       1.9015473   1.9015473e-09      0.86770902      0.25124793      0.25259901       11.230248      0.70980174      0.69145308      0.30849479      0.21388533       120.93722      0.99081036      0.92712385      0.67380742      0.50216651      0.90411532       1.0758247              10       11.911038       1.6979834        1.6979834       11.911038                       11.911038
              2       7.2433656       92.776794       3.5442013       1.0758558     0.053033772      0.20636626      0.40746964       3.4612029   3.4612029e-09      0.86770902      0.25124793      0.25259901        10.13864       1.5321575      0.69784487      0.30211314       0.2600449       108.82976       1.4577255       1.4129896       1.0409691      0.77175642       1.4040916       1.0799083              10       11.090765       1.6979834        1.6979834       11.090765                       11.090765
              2       6.9099142       94.626276       1.9030358       1.1454995     0.055443762      0.20867492       0.3555386      0.67062221   6.7062221e-10      0.86770902      0.25124793      0.25259901       10.000402      0.32935255      0.70427096      0.29568868      0.26476355       107.34764      0.66287486      0.63647232      0.47549516       0.3506346       0.6448184       1.0786716              10       10.423862       1.6979834        1.6979834       10.423862                       10.423862
              9       7.2781153       95.900828       2.7314176      0.95158023     0.057574791      0.20978092      0.53150717       1.5354639   1.5354639e-09      0.86770902      0.25124793      0.25259901       9.9077628      0.53036927      0.70855972      0.29140099      0.26800058        106.1902      0.88711734      0.84630135      0.63828553      0.46896211      0.86874485        1.076419              10       11.160264       1.6979834        1.6979834       11.160264                       11.160264
              1        7.435184       98.626842       3.1096977       1.1171353       0.0611733      0.22168616      0.64311263       2.2414268   2.2414268e-09      0.86770902      0.25124793      0.25259901       9.6335285      0.61933273      0.70850924      0.29145361      0.28350433       103.18931       1.1984645       1.1596478      0.87451064      0.64255078       1.1902076       1.0777173              10       11.474401       1.6979834        1.6979834       11.474401                       11.474401
              4       7.4069764       98.541014       1.9474572       1.0780961     0.061039126      0.22165618      0.64159034      0.70108375   7.0108375e-10      0.86770902      0.25124793      0.25259901       9.6387996      0.19430842       0.7081703      0.29179248      0.28334017         103.252      0.65496953      0.63414296       0.4778572      0.35120983      0.65017402       1.0778613              10       11.417986       1.6979834        1.6979834       11.417986                       11.417986
              2       7.2323644       99.367588       3.7681091      0.89343909     0.061828017      0.22494704      0.59370182       4.3298114   4.3298114e-09      0.86770902      0.25124793      0.25259901       9.5650593       1.3206451      0.70887334      0.29109006      0.28741993       102.54733       1.4653593        1.421615       1.0729348      0.78809791       1.4607184       1.0788236              10       11.068762       1.6979834        1.6979834       11.068762                       11.068762
              3       7.1820677       97.241831       1.9698544      0.86900271     0.059096719      0.21565661      0.61927758      0.71696322   7.1696322e-10      0.86770902      0.25124793      0.25259901       9.7726584      0.20777783      0.70871923      0.29124255      0.27539819       104.79906      0.58300706      0.55978415      0.42234182      0.31026143      0.57491068       1.0777502              10       10.968169       1.6979834        1.6979834       10.968169                       10.968169
              5       6.8503641       95.292504       2.8136379       1.0199476     0.056006058      0.21363381      0.60889009       1.6670454   1.6670454e-09      0.86770902      0.25124793      0.25259901       9.9122261      0.49325581      0.70231147      0.29764873      0.27028473       106.48482      0.98213928      0.95197809      0.70815522      0.52306356      0.95874354       1.0806747              10       10.304761       1.6979834        1.6979834       10.304761                       10.304761
              2       7.4551329       87.297392       3.1535114       1.1006458     0.046092417      0.18517599      0.66346174       2.3418151   2.3418151e-09      0.86770902      0.25124793      0.25259901       10.752874      0.62126524      0.69563778       0.3043148      0.23191328       115.44747       1.1870884         1.12348      0.82378614       0.6118504       1.1091332       1.0760915              10       11.514299       1.6979834        1.6979834       11.514299                       11.514299
              2       8.0409687       86.784645       1.7019449      0.84545125     0.045019597       0.1878834      0.64559266      0.54846041   5.4846041e-10      0.86770902      0.25124793      0.25259901       10.759485      0.15079628      0.68986034      0.31009168      0.23354786       115.69163      0.51142591      0.49083571      0.35553037      0.26530732      0.47643557       1.0791856              10       12.685971       1.6979834        1.6979834       12.685971                       12.685971
              5       6.8911719       96.800787       2.5296126       1.1460145     0.058092536      0.21882172      0.54152843       1.2548644   1.2548644e-09      0.86770902      0.25124793      0.25259901        9.771048      0.42484565      0.70375279      0.29620864      0.27755912       104.90221      0.92114652      0.89597726      0.66860188      0.49324992      0.90629203       1.0805728              10       10.386377       1.6979834        1.6979834       10.386377                       10.386377
              1       7.3281914       88.233805       1.8792928       1.1450501     0.047353542      0.18766745      0.42762821      0.65488716   6.5488716e-10      0.86770902      0.25124793      0.25259901       10.654561       0.2784411      0.69724367      0.30270991      0.23566586       114.36141      0.64335893      0.60923619      0.44825744      0.33249427      0.60432539        1.076126              10       11.260416       1.6979834        1.6979834       11.260416                       11.260416
              1       6.9769262       85.353318       3.4217346       1.0646243     0.043487649      0.17507669      0.51247092       3.0622487   3.0622487e-09      0.86770902      0.25124793      0.25259901       11.032488       1.0987879      0.69905332      0.30089708       0.2192092       118.53095       1.3073991       1.2111151      0.89458759      0.66256328       1.2078649       1.0731994              10       10.557886       1.6979834        1.6979834       10.557886                       10.557886
              3       7.1144463       87.317434       3.2623403       1.0494528     0.045405122      0.18515657      0.39854359       2.6110572   2.6110572e-09      0.86770902      0.25124793      0.25259901       10.760979        1.176646       0.6967044       0.3032482      0.23120656       115.85608       1.2237948       1.1546979      0.84861098      0.62973554       1.1435603       1.0780215              10       10.832926       1.6979834        1.6979834       10.832926                       10.832926
              2       8.4948099       88.647355       3.2003423       1.0355727     0.046859321      0.19879228      0.23867802        2.454093    2.454093e-09      0.86770902      0.25124793      0.25259901       10.501929       1.5225723      0.68653407      0.31341994      0.24629647       113.10935       1.2201894       1.1949919      0.85959087      0.64316655       1.1488416       1.0837807              10       13.593653       1.6979834        1.6979834       13.593653                       13.593653
              3       8.9372574       95.124191        3.664039       0.9898037     0.054253391      0.23045434      0.33868484       3.9018621   3.9018621e-09      0.86770902      0.25124793      0.25259901       9.7701856        1.981956      0.68460495      0.31535511       0.2853526       105.39015       1.5653906       1.5969046       1.1441111      0.85736975        1.526751       1.0913457              10       14.478548       1.6979834        1.6979834       14.478548                       14.478548
              4       8.7041146          94.852       3.5603207       1.1441792     0.053717532      0.22729875      0.39169199       3.5174476   3.5174476e-09      0.86770902      0.25124793      0.25259901       9.8183379       1.6069719      0.68689523       0.3130646      0.28166115        106.0035       1.6200051       1.6394609       1.1801796      0.88278838       1.5777552       1.0910269              10       14.012263       1.6979834        1.6979834       14.012263                       14.012263
              2       10.695219        83.43803       1.9363974      0.93417262     0.040149718      0.18354257      0.61127722      0.69337265   6.9337265e-10      0.86770902      0.25124793      0.25259901       11.070406      0.20418229      0.67771278      0.32223531      0.22433716       119.35511      0.61499458      0.59910093      0.42324963      0.31888924      0.56176323       1.0824721              10        17.99447       1.6979834        1.6979834        17.99447                        17.99447
              6       8.3284938       75.030609       3.2123643      0.90198585     0.029573699      0.14493435      0.14669359       2.4837741   2.4837741e-09       1.5255238      0.24850848      0.24984975       12.432478       1.8522331      0.68880686      0.31112895      0.17515291       134.17738       1.0863254      0.97233612      0.70277172      0.52486714      0.94097735       1.0658971              10       13.261021       1.6979834        1.6979834       13.261021                       13.261021
              1       6.9249203       77.087938       3.3090072      0.93289031     0.032807924      0.14176246      0.65198536       2.7357951   2.7357951e-09       1.2662417      0.24945999      0.25080468       12.284177      0.74263647       0.7050906      0.29484858      0.17521525       132.08731       1.1055476      0.95565399      0.71527069       0.5270723      0.97066789       1.0599141              10       10.453874       1.6979834        1.6979834       10.453874                       10.453874
              2        6.891354       83.586973        3.400055       1.1606656     0.041158778      0.16423916      0.56909276       2.9965749   2.9965749e-09      0.86770902      0.25124793      0.25259901       11.328946      0.96010216      0.70504455      0.29490373      0.20604281       121.76949       1.3261733        1.193913      0.89348992      0.65843017       1.2124661       1.0689743              10       10.386741       1.6979834        1.6979834       10.386741                       10.386741
              4       7.0021202       85.378303       2.8373038       1.0977313     0.043754404      0.16881277      0.67593734        1.706968    1.706968e-09      0.86770902      0.25124793      0.25259901       11.116734      0.44168604      0.70745662      0.29249381      0.21321204       119.34104        0.967393      0.87372061      0.65736393       0.4834316      0.89387481       1.0689954              10       10.608274       1.6979834        1.6979834       10.608274                       10.608274
              8       7.0999764       79.905814       2.7228527      0.98487775     0.036339751      0.15682598      0.77496962       1.5223688   1.5223688e-09       1.0461987      0.25038719      0.25173521        11.75542      0.32313934      0.69640003      0.30354337      0.19381059        126.4412      0.87320304      0.78884918      0.57937482       0.4300459      0.78055665       1.0683146              10       10.803986       1.6979834        1.6979834       10.803986                       10.803986
              2       7.2214023        88.90908       2.8497314      0.92696162     0.047357441      0.19283958      0.69580167       1.7283138   1.7283138e-09      0.86770902      0.25124793      0.25259901       10.554516      0.42979064      0.69527719      0.30467709      0.24084189       113.63936      0.94399251      0.90258538      0.66130462      0.49131667      0.89010575       1.0802268              10       11.046838       1.6979834        1.6979834       11.046838                       11.046838
              5        6.926911       98.617271       2.1687637      0.83342039     0.060427204      0.22520102      0.43032314      0.87474632   8.7474632e-10      0.86770902      0.25124793      0.25259901        9.607911      0.36992033      0.70560571      0.29435713      0.28627309       103.13576      0.64280908      0.62753285      0.47019405      0.34633451      0.63834945       1.0808616              10       10.457855       1.6979834        1.6979834       10.457855                       10.457855
              1       7.4804926       96.027894       2.8495493      0.94399143     0.057807196      0.20771297      0.42215835       1.7279992   1.7279992e-09      0.86770902      0.25124793      0.25259901        9.920877      0.74278215      0.71132103      0.28863978      0.26616503       106.32446      0.92954692      0.87979494       0.6676657      0.48938214      0.91089857       1.0752719              10       11.565018       1.6979834        1.6979834       11.565018                       11.565018
              7       7.4331661       95.830926       3.7683533       1.0027292     0.057482016      0.20701242      0.41514994       4.3308689   4.3308689e-09      0.86770902      0.25124793      0.25259901        9.940583       1.8879061      0.71125003      0.28871061      0.26513931       106.56254       1.5212854       1.4387021       1.0916395       0.8001933        1.489236       1.0753876              10       11.470365       1.6979834        1.6979834       11.470365                       11.470365
              1       7.1855602        81.08031       3.4406177       1.0410038     0.038329377      0.15183953      0.78691793       3.1206228   3.1206228e-09      0.94391878      0.25086602      0.25221575       11.730772      0.64674494      0.70969056      0.29025447      0.19081378       125.88726       1.2365006       1.0807965       0.8172346      0.59984836        1.113402       1.0624399              10       10.975154       1.6979834        1.6979834       10.975154                       10.975154
              7       6.8786903        78.91879       2.6463373       1.0891848     0.035389619        0.147694      0.75298641       1.4102292   1.4102292e-09       1.1001081      0.25014757      0.25149473       11.997681      0.31279083       0.7049463      0.29499568      0.18372849       128.85769      0.85641157      0.74937241      0.56069496      0.41321927      0.76080391       1.0620424              10       10.361414       1.6979834        1.6979834       10.361414                       10.361414
              2       8.0269898       92.279415       2.5346678       1.0938232     0.050711659      0.20887972      0.44901354        1.261224    1.261224e-09      0.86770902      0.25124793      0.25259901       10.160536      0.51378808      0.69435421      0.30560336      0.26023624       109.71056      0.90813178      0.88702215      0.64862072      0.48225901      0.87237114       1.0860866              10       12.658013       1.6979834        1.6979834       12.658013                       12.658013
              1       8.1611685       91.680884       1.7279651      0.87488809     0.049935527      0.20364698      0.40549597      0.56291874   5.6291874e-10      0.86770902      0.25124793      0.25259901       10.256514      0.25017066      0.69749924      0.30245776      0.25422738       110.78422      0.53124624      0.51241802      0.37722585      0.27974841      0.50866899       1.0845792              10        12.92637       1.6979834        1.6979834        12.92637                        12.92637
              1       7.6517205       94.307765       2.9600131       1.0740701     0.054737756      0.20084769      0.65041334       1.9298225   1.9298225e-09      0.86770902      0.25124793      0.25259901       10.107062      0.52550338      0.71186445      0.28809492      0.25623031       108.65739       1.0546441      0.98753511       0.7503494      0.54972747       1.0241879       1.0765246              10       11.907474       1.6979834        1.6979834       11.907474                       11.907474
              3       7.2370226       91.464932       3.1451092       1.0691567     0.051367844       0.1905847      0.60496892       2.3222211   2.3222211e-09      0.86770902      0.25124793      0.25259901       10.402152      0.69252306      0.70997087      0.28998593      0.24259741       111.73412        1.139972       1.0574299      0.80004742      0.58709714       1.0902385       1.0743104              10       11.078078       1.6979834        1.6979834       11.078078                       11.078078
              1       6.8569422       87.243248       3.1168028       1.0628565     0.045647505      0.18061611      0.54860586       2.2574091   2.2574091e-09      0.86770902      0.25124793      0.25259901       10.821617      0.75352433       0.7018353      0.29811723      0.22690848       116.37492       1.1258231       1.0456234      0.77702112      0.57415558       1.0515648       1.0748322              10       10.317918       1.6979834        1.6979834       10.317918                       10.317918
              2       7.2892087       95.066613       3.0856594       1.0531141     0.056549334      0.20820547      0.17067488       2.1881891   2.1881891e-09      0.86770902      0.25124793      0.25259901       9.9732153       1.5553872      0.70630032      0.29365969      0.26539967       106.86744       1.1248799       1.0758976      0.80738603      0.59435007       1.0967816       1.0765846              10       11.182451       1.6979834        1.6979834       11.182451                       11.182451
              8       8.3034883       82.126098       1.9867643      0.98816716      0.04052352      0.15264001      0.02746949      0.72919009   7.2919009e-10      0.86770902      0.25124793      0.25259901       11.613866       0.6902097      0.71259708      0.28734934      0.19380839       124.18644      0.57480838      0.50109923      0.38138731      0.27923431      0.52091119       1.0596582              10        13.21101       1.6979834        1.6979834        13.21101                        13.21101
              7       8.0480279       74.773302       2.4812397       1.0337721     0.029642417      0.13042646      0.26150554       1.1956077   1.1956077e-09       1.5192921      0.24852988      0.24987123        12.75402      0.70867626      0.71248695      0.28744841      0.16071375       137.25106       0.7450339      0.61993207      0.47172543      0.34540552      0.64424242       1.0529754              10       12.700089       1.6979834        1.6979834       12.700089                       12.700089
              4       8.4418045       99.924207       2.2640516      0.91221315     0.062625208      0.23910412      0.18351152      0.96219948   9.6219948e-10      0.86770902      0.25124793      0.25259901       9.4074185      0.66660573      0.69713073      0.30283307       0.3023742       100.72227      0.72339342      0.72926228      0.53642713      0.39793447      0.72311923       1.0828379              10       13.487642       1.6979834        1.6979834       13.487642                       13.487642
              2       8.1855383       86.087542       2.3529022      0.96582085     0.045197165      0.17827795      0.20755288       1.0516045   1.0516045e-09      0.86770902      0.25124793      0.25259901       10.923079      0.69434337      0.69753858      0.30241266      0.22411998       116.99273      0.72808301      0.68042754      0.50095768      0.37149334      0.67553997        1.072035              10        12.97511       1.6979834        1.6979834        12.97511                        12.97511
              8       7.4325083       81.639191       2.8030678       1.0666894     0.038866981      0.16361144      0.34732824       1.6495172   1.6495172e-09      0.91850066      0.25099108      0.25234125       11.493039      0.82351475      0.69518271      0.30476307      0.20312329        123.4371      0.95271696      0.87311252      0.63959318      0.47521967      0.86082177        1.070047              10        11.46905       1.6979834        1.6979834        11.46905                        11.46905
              8       7.3568454       82.709224       2.8148859       1.0677907     0.040461905       0.1654107      0.35898394       1.6691271   1.6691271e-09      0.86770902      0.25124793      0.25259901       11.374532      0.81410408      0.69805704      0.30189013      0.20651747       122.04252      0.95388223      0.87242203      0.64303403      0.47664626      0.86750448       1.0694105              10       11.317724       1.6979834        1.6979834       11.317724                       11.317724
              5       7.4439947       83.741602       3.8766862       0.8629689     0.041933715      0.16827009      0.31726303       4.8264014   4.8264014e-09      0.86770902      0.25124793      0.25259901        11.24711       2.5588939      0.69927969      0.30066878      0.21084867       120.59825       1.4660486       1.3442789      0.99343874      0.73563634       1.3415875       1.0696276              10       11.492023       1.6979834        1.6979834       11.492023                       11.492023
              6       7.9585542        96.26741        3.839152      0.87613214     0.056753244      0.22941238      0.46380891       4.6486037   4.6486037e-09      0.86770902      0.25124793      0.25259901       9.7053678       1.8384983      0.69047825      0.30948275      0.28681049       104.33538       1.5729475       1.5871484       1.1510998      0.85856284       1.5433125       1.0868152              10       12.521142       1.6979834        1.6979834       12.521142                       12.521142
              3       7.6588587       98.071112       3.8267696       0.8729422     0.059260485      0.23499986      0.33172423       4.5913976   4.5913976e-09      0.86770902      0.25124793      0.25259901       9.5518063       2.3649006      0.69334259      0.30661983      0.29490521       102.59932        1.558622       1.5741366       1.1485804      0.85469559       1.5435167       1.0861342              10       11.921751       1.6979834        1.6979834       11.921751                       11.921751
              1       9.8966126       95.917746       3.7833639      0.87818922     0.055259861      0.23805382      0.53097052       4.3963683   4.3963683e-09      0.86770902      0.25124793      0.25259901        9.653669       1.5201937      0.68044799      0.31951273      0.29395855        104.0806       1.5798137       1.6375161       1.1632616      0.87457978       1.5472317       1.0930879              10       16.397258       1.6979834        1.6979834       16.397258                       16.397258
              3       10.004593       99.818053       3.6912851      0.87514875     0.058970432      0.25660357      0.17563561       4.0096342   4.0096342e-09      0.86770902      0.25124793      0.25259901       9.2941805       2.8219519      0.68259101      0.31737272      0.31621887       100.51481       1.5361654       1.6145297       1.1519534      0.86462408       1.5347673       1.0976505              10       16.613219       1.6979834        1.6979834       16.613219                       16.613219
              4        9.448795       95.085743       3.7686629      0.88246453     0.053488147      0.22949506      0.46979688       4.3322099   4.3322099e-09      0.86770902      0.25124793      0.25259901       9.7886002       1.6929694      0.68625722      0.31370281      0.28362807        105.8645       1.5530661       1.5765403       1.1333844      0.84821675       1.5144246       1.0929812              10       15.501623       1.6979834        1.6979834       15.501623                       15.501623
              1       10.575062       97.383876       2.4099749       1.0131227     0.055705227      0.24308662      0.42322641       1.1133682   1.1133682e-09      0.86770902      0.25124793      0.25259901       9.5402683      0.47756118      0.68422092      0.31574097      0.29943672       103.33697      0.86705934      0.89594441      0.64139428      0.48079265       0.8556425       1.0968118              10       17.754158       1.6979834        1.6979834       17.754158                       17.754158
              1       11.010377       96.040221        2.384086        1.003055     0.054303315      0.24136738       0.2442336       1.0849142   1.0849142e-09      0.86770902      0.25124793      0.25259901       9.6265818      0.66566665      0.67870711      0.32125371      0.29631556       104.16661      0.85478264      0.89091542      0.63065858      0.47479523      0.83768796       1.0970925              10       18.624787       1.6979834        1.6979834       18.624787                       18.624787
              1       9.9707905       96.999485       3.3596356      0.97856041     0.055691126       0.2421955      0.26385295       2.8778701   2.8778701e-09      0.86770902      0.25124793      0.25259901       9.5648934       1.6978191      0.68267531      0.31728628      0.29853149         103.438       1.3634632       1.4122942       1.0078386      0.75640396        1.342852       1.0957123              10       16.545614       1.6979834        1.6979834       16.545614                       16.545614
             19        8.967435       98.765783       2.6881328        1.012552     0.058253805      0.24761366     0.078540208       1.4704194   1.4704194e-09      0.86770902      0.25124793      0.25259901       9.4196189       1.2566724      0.68574215       0.3142208      0.30651234       101.72779      0.99330338       1.0291709      0.73908417      0.55335347      0.98715459       1.0944722              10       14.538903       1.6979834        1.6979834       14.538903                       14.538903
              3       9.2362129       96.341213       2.5726143      0.91148698      0.05543993      0.23737166      0.10584134       1.3100027   1.3100027e-09      0.86770902      0.25124793      0.25259901       9.6398036       1.0600822      0.68379195      0.31616912      0.29345645       104.07122      0.87554633      0.90095595      0.64441412      0.48322001      0.85937989       1.0932944              10       15.076459       1.6979834        1.6979834       15.076459                       15.076459
              6       9.3533378       96.071697       2.8576499       1.1396025     0.055021916      0.23636028      0.14721701       1.7420538   1.7420538e-09      0.86770902      0.25124793      0.25259901       9.6648765       1.2977484      0.68356398      0.31639687      0.29202706       104.37512        1.156814       1.1894909      0.85039231      0.63778951       1.1338648       1.0934754              10       15.310709       1.6979834        1.6979834       15.310709                       15.310709
              1       9.0793877        94.31212       2.8674231        1.138942     0.052928734      0.22635826      0.13875194       1.7591629   1.7591629e-09      0.86770902      0.25124793      0.25259901       9.8599225       1.3328695      0.68524447       0.3147149      0.27993186       106.49377         1.14429       1.1602092      0.83233696      0.62341681       1.1112707       1.0916106              10       14.762809       1.6979834        1.6979834       14.762809                       14.762809
              3       9.0828583       93.075561       2.5453193       1.0118013     0.051763186      0.22135682     0.052692357       1.2747297   1.2747297e-09      0.86770902      0.25124793      0.25259901       9.9792857        1.147229      0.68394423      0.31601405      0.27376487       107.65383      0.89796399      0.90782759      0.64953619      0.48700111      0.86631684       1.0900918              10        14.76975       1.6979834        1.6979834        14.76975                        14.76975
              1       8.9652172       95.410903       2.5702428       1.0147022     0.055125422      0.23139305      0.17811085       1.3068998   1.3068998e-09      0.86770902      0.25124793      0.25259901       9.7399952      0.91524458      0.68450852      0.31545178      0.28716334       104.87341      0.91723194      0.93736499      0.67144651      0.50320467      0.89593845       1.0899751              10       14.534468       1.6979834        1.6979834       14.534468                       14.534468
              4       9.1101521       94.890294       2.5721317       1.0220647     0.054456279      0.22951915      0.18488557       1.3093707   1.3093707e-09      0.86770902      0.25124793      0.25259901       9.7877673       0.9046343      0.68386148      0.31609839      0.28462029       105.39866      0.92119954      0.94057954      0.67285297      0.50451693      0.89735566       1.0899391              10       14.824337       1.6979834        1.6979834       14.824337                       14.824337
              3       8.3529851       99.910189       3.3979904       1.0190953     0.060367488      0.25119857      0.17293713       2.9903946   2.9903946e-09      0.86770902      0.25124793      0.25259901       9.3238705       2.1160076      0.68719132      0.31277248      0.31221092       100.45699       1.4185902       1.4721714       1.0603982      0.79300532        1.417953       1.0924936              10       13.310004       1.6979834        1.6979834       13.310004                       13.310004
              4       8.0320542       92.673863       3.5043152       1.0018383     0.052734536      0.21117847      0.67812963        3.325866    3.325866e-09      0.86770902      0.25124793      0.25259901       10.094807       0.8568185       0.6919186      0.30803932      0.26455788       108.38907       1.3933511       1.3736485      0.99928815      0.74446156        1.341341       1.0824772              10       12.668142       1.6979834        1.6979834       12.668142                       12.668142
             19       7.0644193       96.423953       3.5284267      0.99243947      0.05700655      0.22415239      0.59398761       3.4070322   3.4070322e-09      0.86770902      0.25124793      0.25259901        9.746449       1.0385924      0.69686737      0.30309376      0.28180381        104.8036       1.4159375       1.4032877       1.0316463      0.76546451       1.3903898       1.0845703              10       10.732872       1.6979834        1.6979834       10.732872                       10.732872
              2       7.0490112       97.680507       3.0015948       1.1405759     0.058322221      0.22440122      0.76674173       2.0117595   2.0117595e-09      0.86770902      0.25124793      0.25259901       9.6760064      0.43410288      0.70297647      0.29698565      0.28336831        104.1704       1.1796435       1.1553339       0.8606738      0.63536377       1.1658823       1.0839675              10       10.702056       1.6979834        1.6979834       10.702056                       10.702056
              9       7.0147618       96.827577       3.3613725      0.99026112     0.057313093      0.22060223      0.76701825       2.8828731   2.8828731e-09      0.86770902      0.25124793      0.25259901        9.760047      0.62173018      0.70284896      0.29711249      0.27856018       105.06173       1.2840609       1.2525782      0.93285768      0.68872464       1.2635288       1.0833266              10       10.633557       1.6979834        1.6979834       10.633557                       10.633557
              5       6.9805099       96.399945       2.4618638       0.8391805     0.056903839      0.22307262      0.79867837       1.1726648   1.1726648e-09      0.86770902      0.25124793      0.25259901       9.7589925      0.23738357      0.69798881       0.3019723      0.28062133       104.97286      0.75941444      0.75002979      0.55272489      0.40973286      0.74561948        1.084386              10       10.565053       1.6979834        1.6979834       10.565053                       10.565053
              2       7.1679781       93.364177       2.4764676      0.83350958     0.053647444      0.20921361      0.75931507       1.1899157   1.1899157e-09      0.86770902      0.25124793      0.25259901        10.07319      0.26060546      0.69766434      0.30229421      0.26350592       108.17033      0.75051696      0.73017735      0.53772237      0.39871774      0.72518806       1.0807942              10        10.93999       1.6979834        1.6979834        10.93999                        10.93999
              1       7.8100064       96.243567       1.6600668        0.998135     0.057358116       0.2250297      0.74867561      0.52596621   5.2596621e-10      0.86770902      0.25124793      0.25259901       9.7425935       0.1176702      0.69440333      0.30555765      0.28303268       104.54274      0.55889307      0.55742867       0.4076504      0.30308271      0.54829538       1.0835791              10       12.224046       1.6979834        1.6979834       12.224046                       12.224046
              5       7.5733547        97.98398       1.6446375      0.99652295     0.059560486      0.23145949      0.64776072      0.51791322   5.1791322e-10      0.86770902      0.25124793      0.25259901       9.5851648      0.14178137      0.69617204      0.30379032      0.29166484       102.84402      0.55640757      0.55702922      0.40889712      0.30356908      0.55077037       1.0839426              10       11.750743       1.6979834        1.6979834       11.750743                       11.750743
              3       7.9006462       98.923981       1.6742607      0.99647621     0.059397499       0.2435236      0.75615348      0.53348495   5.3348495e-10      0.86770902      0.25124793      0.25259901        9.438631      0.11758058      0.68975727       0.3102058      0.30356597       101.64899      0.58299444      0.59757304      0.43274064      0.32295362      0.57984939       1.0904684              10       12.405326       1.6979834        1.6979834       12.405326                       12.405326
              2       7.9599701       99.525288       2.6372569      0.94642425     0.060072185      0.24690796         0.68627       1.3974817   1.3974817e-09      0.86770902      0.25124793      0.25259901       9.3785601      0.35420899      0.68939691      0.31056661      0.30762501       101.01294      0.91967153      0.94651961      0.68491732      0.51130123      0.91748603       1.0910867              10       12.523973       1.6979834        1.6979834       12.523973                       12.523973
              6       6.9583844        96.91541       2.5236162      0.92690515     0.057526187      0.22065897      0.33216661       1.2473622   1.2473622e-09      0.86770902      0.25124793      0.25259901       9.7535044      0.64191325      0.70310004      0.29686149      0.27883002       104.95624      0.81343809      0.79325034      0.59109787       0.4363127      0.80079421       1.0829846              10       10.520802       1.6979834        1.6979834       10.520802                       10.520802
              1       7.0523644       99.600918       2.5104114      0.90209688      0.06152626      0.22731496      0.48295779       1.2309993   1.2309993e-09      0.86770902      0.25124793      0.25259901       9.5360991      0.46856086      0.70815301      0.29181056      0.28948608       102.42441      0.79155431      0.77053818      0.58061418      0.42673955      0.78997325       1.0809216              10       10.708762       1.6979834        1.6979834       10.708762                       10.708762
              4       6.8892884       92.483953       2.3749564      0.99857859     0.052323769      0.20360436      0.70257418       1.0750545   1.0750545e-09      0.86770902      0.25124793      0.25259901       10.190991      0.26374382       0.6999875      0.29997025        0.256573       109.53826       0.7739224      0.74420373      0.55080789      0.40763334      0.74427017       1.0799569              10        10.38261       1.6979834        1.6979834        10.38261                        10.38261
             10       6.9197226       86.497155       3.4698626       0.9120954      0.04509819      0.17744928      0.56919561       3.2132327   3.2132327e-09      0.86770902      0.25124793      0.25259901       10.912895       1.0293075      0.70163633      0.29831537      0.22319234       117.17688       1.2338519       1.1417286      0.84807224       0.6267607       1.1475297       1.0728548              10       10.443478       1.6979834        1.6979834       10.443478                       10.443478
              5       7.4230345       85.253039       2.7438593       0.8132089     0.044121369      0.16979129      0.51274657       1.5546869   1.5546869e-09      0.86770902      0.25124793      0.25259901        11.10449      0.55754114      0.70474508       0.2952052      0.21455752       118.95551      0.80275203      0.73053129      0.54634547       0.4027155       0.7412016        1.068249              10       11.450102       1.6979834        1.6979834       11.450102                       11.450102
              1       7.5655637       87.417835       3.6900242       1.0680488     0.047013681      0.17732517      0.53211285       4.0045815   4.0045815e-09      0.86770902      0.25124793      0.25259901       10.837776       1.3815601      0.70554378      0.29440893      0.22498371        116.0491       1.4727818       1.3538956       1.0143228      0.74716054       1.3770142       1.0698119              10       11.735161       1.6979834        1.6979834       11.735161                       11.735161
              1       9.1059465       87.198812       3.3130665       1.0025277     0.047511973      0.17289567      0.67616376       2.7469232   2.7469232e-09      0.86770902      0.25124793      0.25259901       10.903183      0.71045755      0.70923286      0.29071961      0.22105251        116.4133       1.1555511       1.0489679      0.79234262      0.58181056       1.0790571       1.0655797              10       14.815926       1.6979834        1.6979834       14.815926                       14.815926
              6        10.60731       68.914898       3.3450924      0.97488477     0.023724882      0.12147778       0.6430773       2.8363196   2.8363196e-09       2.2224688      0.24644496      0.24777877       13.584721      0.78376403      0.69282884      0.30709506      0.14584753       145.22974       1.1421828      0.96834157      0.70584666      0.52544658      0.94818298       1.0437204              10       17.818654       1.6979834        1.6979834       17.818654                       17.818654
              8       6.9714692       63.036112       2.5045004       0.8262892     0.015723548      0.10082687      0.78489471       1.2237443   1.2237443e-09       4.3069955      0.24237873      0.24369765       15.019168      0.25464773      0.70497066      0.29493839      0.11719529       161.17493      0.69679017      0.54481088      0.40768952       0.3004432      0.55321853       1.0201129              10       10.546972       1.6979834        1.6979834       10.546972                       10.546972
             13       7.0120848       62.123954       2.0120286      0.93585446      0.01466186     0.098184092       0.6805016      0.74784732   7.4784732e-10       4.8082462         0.24165      0.24296622       15.252098      0.19175061      0.70584189      0.29406447      0.11349082       163.64329      0.56253393      0.43547922       0.3265043      0.24043603      0.44338221          1.0154              10       10.628203       1.6979834        1.6979834       10.628203                       10.628203
              7       7.1878764        60.14141       1.9921339      0.92346293     0.012340272     0.096725349      0.49292055       0.7331161    7.331161e-10       6.3059841      0.23979111      0.24110042       15.618822      0.27354413      0.69658017      0.30331992      0.10971049       167.84423      0.56762509      0.44458018       0.3266808      0.24243697      0.44019832       1.0101143              10       10.979786       1.6979834        1.6979834       10.979786                       10.979786
              4       11.723376       63.230677       1.6823242      0.88699027     0.015986116      0.11287465      0.52919789      0.53780412   5.3780412e-10       4.1959571      0.24254954      0.24386908       14.584488      0.18662451      0.67599317      0.32391644      0.12950563       156.96484      0.50284831      0.42843157      0.30165405      0.22757125       0.3998535       1.0356141              10       20.050785       1.6979834        1.6979834       20.050785                       20.050785
             11       12.082175       63.741798       3.1642182      0.89802213     0.016449177      0.11527764      0.57268769       2.3670232   2.3670232e-09       4.0109571       0.2428422      0.24416282       14.443974      0.75296069       0.6741145      0.32579655      0.13237169       155.61502        1.065591      0.91631628       0.6427459      0.48559694      0.85075144       1.0390796              10       20.768384       1.6979834        1.6979834       20.768384                       20.768384
              9       12.541438       63.262637       3.1611835       0.8957632     0.015952792      0.11418358      0.53998334       2.3598509   2.3598509e-09        4.209794      0.24252806      0.24384753       14.540932      0.80142151      0.67313317      0.32677654      0.13078124       156.61271       1.0639424      0.91392049      0.63981509      0.48374579      0.84623652       1.0373409              10        21.68691       1.6979834        1.6979834        21.68691                        21.68691
              7       8.0176862       62.737572       3.0926091      0.90216678     0.014838114        0.106224      0.41295287       2.2034494   2.2034494e-09        4.718691      0.24177538      0.24309206        14.89253       0.9647544      0.69069353      0.30921465      0.12170698        160.6813      0.99841761      0.81264527      0.58971354      0.43975027      0.79081716       1.0279894              10       12.639406       1.6979834        1.6979834       12.639406                       12.639406
              5        7.452553       62.557217        2.432641      0.93685197     0.014569986       0.1029497      0.37188008        1.138892    1.138892e-09         4.85603       0.2415839      0.24289987       15.035209      0.54134185       0.6979595      0.30194816      0.11816455       162.15808      0.71442833      0.56836509      0.41887118      0.31050141      0.56506366       1.0235517              10       11.509139       1.6979834        1.6979834       11.509139                       11.509139
              1       7.3262394       69.015862       2.4123541        0.946673     0.023120964      0.11988643      0.35352575       1.1160202   1.1160202e-09        2.319404      0.24619828      0.24753119       13.633735      0.55030506      0.69833573       0.3015884      0.14365226       146.29396      0.70581381      0.58915376       0.4345285      0.32201191      0.58636037       1.0439651              10       11.256512       1.6979834        1.6979834       11.256512                       11.256512
              5       7.4778126       83.057949        3.237735      0.95809169     0.040550948      0.16977824      0.44745498       2.5475952   2.5475952e-09      0.86770902      0.25124793      0.25259901       11.285857       1.0410605      0.69412708      0.30582054      0.21097406       121.26526        1.133406       1.0509619      0.76814426      0.57122795       1.0329425       1.0726473              10       11.559659       1.6979834        1.6979834       11.559659                       11.559659
              4       6.9731599       90.766426        3.237407      0.96752687     0.049938248      0.19805214      0.57079121         2.54676     2.54676e-09      0.86770902      0.25124793      0.25259901       10.366163      0.81321442        0.698161      0.30179514      0.24863526       111.51127       1.1691891          1.1199      0.82561092      0.61193246        1.113903       1.0799659              10       10.550353       1.6979834        1.6979834       10.550353                       10.550353
              1       7.2235375       92.970038       2.6291264      0.83859857     0.053269687      0.19683576      0.61795994       1.3861654   1.3861654e-09      0.86770902      0.25124793      0.25259901       10.232647      0.40277442      0.70985302      0.29010517      0.25075031       109.91292      0.78303756      0.73256284      0.55410614      0.40666035      0.75501243       1.0755947              10       11.051108       1.6979834        1.6979834       11.051108                       11.051108
              3       7.1833124       89.407314       2.5354854      0.81995009     0.049011459      0.18240205      0.53485058       1.2622556   1.2622556e-09      0.86770902      0.25124793      0.25259901       10.638216      0.43309382      0.70965204      0.29030275      0.23205838       114.16084      0.72881888      0.66905688      0.50584671      0.37130578      0.68913791       1.0718053              10       10.970658       1.6979834        1.6979834       10.970658                       10.970658
              1       7.5462831       89.852506       2.3714691        0.848971     0.049597266      0.18167237      0.51036379        1.071312    1.071312e-09      0.86770902      0.25124793      0.25259901       10.616605       0.3860287      0.71270029      0.28725495      0.23191451        113.9338      0.67623536       0.6164454      0.46927763      0.34355536      0.64100729       1.0709243              10       11.696599       1.6979834        1.6979834       11.696599                       11.696599
              9       7.3408339       90.702744       1.9115367      0.96089851     0.050203966      0.18768058      0.49344561      0.67634745   6.7634745e-10      0.86770902      0.25124793      0.25259901       10.490035      0.25209745      0.71002078      0.28993529      0.23852941       112.76013      0.57853189      0.53431746      0.40430842      0.29667986      0.55098213        1.074256              10       11.285701       1.6979834        1.6979834       11.285701                       11.285701
              4       7.6849559       94.904248       2.7565827       1.1818346     0.055307668      0.20416708      0.25828408       1.5745942   1.5745942e-09      0.86770902      0.25124793      0.25259901       10.036717      0.93934676      0.71115681      0.28880306      0.26011961       107.96268       1.0226904      0.96276322      0.73036079      0.53541175      0.99629283       1.0777818              10       11.973945       1.6979834        1.6979834       11.973945                       11.973945
              1       7.7729777       99.467689       3.2770452       1.1643023     0.061238098       0.2223091      0.24571205       2.6497363   2.6497363e-09      0.86770902      0.25124793      0.25259901       9.5908326       1.6209883      0.71272151      0.28724197      0.28419207       103.09256       1.3420231        1.287108      0.97985762      0.71733984       1.3384465       1.0795786              10       12.149989       1.6979834        1.6979834       12.149989                       12.149989
              2       7.1777326       96.004803       2.6915454      0.84845838        0.057406      0.20969116     0.014062962       1.4754461   1.4754461e-09      0.86770902      0.25124793      0.25259901       9.9056617       1.4345259      0.70947117      0.29048962      0.26774202       106.28088      0.82143164      0.78185521      0.59088173      0.43379368      0.80485548       1.0770464              10       10.959498       1.6979834        1.6979834       10.959498                       10.959498
              1       7.1779018       96.312168       3.4604338      0.85584812     0.057789611      0.21101797     0.012194571       3.1830781   3.1830781e-09      0.86770902      0.25124793      0.25259901       9.8741293       3.1063846      0.70947865       0.2904824      0.26945245       105.94326       1.2130552       1.1564313      0.87397917      0.64162465       1.1904773       1.0772634              10       10.959837       1.6979834        1.6979834       10.959837                       10.959837
              2       7.0682923       90.530865       3.0214912      0.86763651     0.050232072      0.19524283      0.11779264        2.052187    2.052187e-09      0.86770902      0.25124793      0.25259901        10.40758       1.6214499      0.69965741       0.3002985      0.24611977       111.72424      0.98514479      0.93818203       0.6938837      0.51365909      0.93734269       1.0773438              10       10.740618       1.6979834        1.6979834       10.740618                       10.740618
              1       7.0779804       90.649136       2.8700168       1.1045568     0.050594305      0.19356186      0.20487547       1.7637315   1.7637315e-09      0.86770902      0.25124793      0.25259901       10.417208       1.1707924      0.70204546      0.29791056      0.24480103       111.75243       1.0304451      0.97493327      0.72481668      0.53548789      0.98108515       1.0758708              10       10.759994       1.6979834        1.6979834       10.759994                       10.759994
              4         7.58036       98.075606       2.9340866       1.1008717     0.059756239      0.23128303        0.298064        1.880432    1.880432e-09      0.86770902      0.25124793      0.25259901       9.5810485       1.0360066      0.69671941      0.30324302      0.29168414       102.77628       1.1273346       1.1272908      0.82847815      0.61479279       1.1164348       1.0835733              10       11.764753       1.6979834        1.6979834       11.764753                       11.764753
              1       7.7776959        99.70769       2.9949403       1.0876661     0.062804587      0.22372649     0.058741036       1.9984168   1.9984168e-09      0.86770902      0.25124793      0.25259901       9.5528231       1.7769052      0.71110143      0.28886222      0.28717594       102.25493       1.1075721        1.068929      0.81079116      0.59440396       1.1059521       1.0766629              10       12.159425       1.6979834        1.6979834       12.159425                       12.159425
              6        7.832694       97.609658       2.4409055       0.9298488     0.060200711      0.21396994      0.14176117       1.1483435   1.1483435e-09      0.86770902      0.25124793      0.25259901       9.7620436      0.86484768      0.71152195      0.28844012      0.27481552       104.48645      0.75474893       0.7197636      0.54646559      0.40047622      0.74567383       1.0750992              10       12.269421       1.6979834        1.6979834       12.269421                       12.269421
              1       7.5624994       95.901913       2.2771596      0.96714463     0.057695842      0.20655451      0.10259471      0.97489498   9.7489498e-10      0.86770902      0.25124793      0.25259901       9.9398558      0.79404516      0.71194274      0.28801797      0.26489522       106.51519      0.70533087      0.66584787       0.5060127      0.37069465      0.69072715       1.0748103              10       11.729032       1.6979834        1.6979834       11.729032                       11.729032
              3       7.8948389       97.194753        2.143115      0.90206067     0.058770605       0.2103049      0.59986524      0.85259549   8.5259549e-10      0.86770902      0.25124793      0.25259901       9.8314752      0.25686605      0.71444729      0.28551446      0.26972037       105.56655      0.63794299      0.60153298       0.4597379       0.3360604      0.62893141       1.0764014              10       12.393711       1.6979834        1.6979834       12.393711                       12.393711
              2       7.7159354       90.331308       2.1314508      0.89943037      0.05016988      0.18275791      0.59550733      0.84270839   8.4270839e-10      0.86770902      0.25124793      0.25259901       10.570628      0.25610982      0.71370577      0.28624994      0.23357265       113.46098      0.61497141      0.56031959      0.42752393       0.3127136      0.58448595       1.0710704              10       12.035904       1.6979834        1.6979834       12.035904                       12.035904
              5       7.6158244       90.470649       1.7888586      0.95682653     0.050461868      0.18360917       0.5211692      0.59826201   5.9826201e-10      0.86770902      0.25124793      0.25259901       10.549086      0.21096461      0.71319021      0.28676564       0.2347159       113.18032      0.53456191      0.48822176       0.3720777       0.2722798      0.50845423       1.0710449              10       11.835682       1.6979834        1.6979834       11.835682                       11.835682
             11       7.2618646       89.843514       1.8115502      0.95297694      0.04988663      0.18500376      0.63178252      0.61199273   6.1199273e-10      0.86770902      0.25124793      0.25259901       10.571474      0.17297643      0.70815712      0.29179811      0.23553526         113.305      0.54503051      0.50388249      0.37969493      0.27906503      0.51661163       1.0717924              10       11.127763       1.6979834        1.6979834       11.127763                       11.127763
              5       7.5636076       99.127255       3.6448214       1.0994052     0.061451151      0.22006694      0.38007279       3.8275936   3.8275936e-09      0.86770902      0.25124793      0.25259901       9.6245835       1.7897765      0.71280991      0.28715331      0.28216295        103.2442       1.5378802       1.4720155         1.12085      0.82049506       1.5311546       1.0774962              10       11.731248       1.6979834        1.6979834       11.731248                       11.731248
              6        8.962641       85.422689       3.2796098       1.0330076     0.043507845      0.18441718      0.13544624       2.6565406   2.6565406e-09      0.86770902      0.25124793      0.25259901       10.899999       2.0261395      0.68671385      0.31323663      0.22856989       117.11052       1.2392771       1.1907791      0.85688627      0.64104914       1.1453944       1.0783223              10       14.529315       1.6979834        1.6979834       14.529315                       14.529315
              4       9.5994614       75.543019       2.9930126      0.80421218      0.03052344      0.15043931     0.063734661        1.994568    1.994568e-09       1.4424183      0.24879917      0.25014148       12.269987       1.7558589      0.68170355      0.31823312      0.18160762       132.24328      0.94829774      0.86916773      0.61905356      0.46495891       0.8242176       1.0687709              10       15.802956       1.6979834        1.6979834       15.802956                       15.802956
              2       7.9531372       81.411617       3.0219823       1.0550259     0.037726031      0.16714795      0.54176949       2.0531953   2.0531953e-09      0.97352166      0.25072372      0.25207293       11.469346      0.69479271       0.6898618      0.31008367      0.20551885       123.63443       1.0800279       1.0039222      0.72719001      0.54264728      0.97449177        1.074879              10       12.510308       1.6979834        1.6979834       12.510308                       12.510308
              5       7.7678112       75.813278       3.0170879      0.83262988     0.030652476       0.1455367      0.51900451       2.0431705   2.0431705e-09       1.4316106      0.24883786      0.25018031        12.34295      0.72360743      0.69227409      0.30766304      0.17683404        133.1239      0.94951713       0.8457346      0.61573561      0.45857788      0.82675236       1.0654404              10       12.139656       1.6979834        1.6979834       12.139656                       12.139656
              3       7.8932838       76.682939       2.9203578      0.84471782     0.031560326      0.14782321      0.56612572       1.8547923   1.8547923e-09       1.3585918      0.24910544      0.25044886       12.219848      0.59781212      0.69378201      0.30615653       0.1800284       131.89851      0.90941649      0.81105862      0.59237686      0.44064005      0.79636507       1.0669557              10       12.390601       1.6979834        1.6979834       12.390601                       12.390601
             13       7.2593038        77.16109       1.9549204      0.91452294     0.032605578      0.14816669      0.54274918      0.70633566   7.0633566e-10       1.2806328      0.24940356      0.25074805       12.160328      0.23855317      0.69523288      0.30470642      0.18141714       130.97154      0.57412337      0.51143296      0.37469233       0.2783846      0.50431792       1.0655306              10       11.122641       1.6979834        1.6979834       11.122641                       11.122641
              5       9.3701788       75.487249       3.2957835      0.96129085     0.029679486      0.14765879      0.65934138        2.699856    2.699856e-09       1.5159451      0.24854141      0.24988279       12.343797       0.7221775      0.68759366      0.31234292      0.17798314       133.52417       1.1730612       1.0568585      0.76193053      0.56960435       1.0191954       1.0689513              10       15.344391       1.6979834        1.6979834       15.344391                       15.344391
              3       9.4842214       75.386211       3.7341248       1.1907119      0.02952649      0.14749895      0.66379442       4.1851381   4.1851381e-09       1.5298255      0.24849374      0.24983496       12.357137       1.1095459      0.68730614      0.31263027      0.17767031       133.68928        1.625309       1.4645381       1.0552118      0.78903707       1.4111783       1.0689909              10       15.572476       1.6979834        1.6979834       15.572476                       15.572476
              4       8.9086687       69.701178        3.062747      0.80758866     0.024534224      0.12133677      0.34842116       2.1386225   2.1386225e-09       2.1016453      0.24676181      0.24809677       13.499864       1.0653673      0.69834431       0.3015813      0.14651586       144.40845      0.92208342      0.77347292      0.57048125      0.42275863      0.76982192       1.0437554              10       14.421371       1.6979834        1.6979834       14.421371                       14.421371
              4       7.7208402       69.537207       2.6026151       1.1178697     0.024007334      0.11527472      0.28661533       1.3498993   1.3498993e-09       2.1791751      0.24655673      0.24789094       13.688279       0.7609401       0.7105464      0.28937886      0.13992692       146.54398      0.80239144      0.64774773      0.49075147      0.35993851      0.66910597       1.0383474              10       12.045714       1.6979834        1.6979834       12.045714                       12.045714
              6       7.9296042        66.56086       1.8424435       1.0840199     0.020195149      0.10600684      0.28385369      0.63119424   6.3119424e-10       2.8919989      0.24489155       0.2462197       14.342216       0.3577757      0.71360491      0.28631352      0.12684685       153.56805      0.53386088      0.41762463      0.31860165      0.23305503      0.43554954       1.0282131              10       12.463242       1.6979834        1.6979834       12.463242                       12.463242
              9       8.1325905        59.64378       3.3292799      0.90425553     0.011245282     0.090647942      0.49291663       2.7918231   2.7918231e-09       7.3015497      0.23874569      0.24005109       15.974276       1.0417079      0.71165798      0.28824044      0.10253809       172.03317       1.0725032      0.79900859      0.60690385      0.44469128      0.82828761       1.0000044              10       12.869214       1.6979834        1.6979834       12.869214                       12.869214
              1       7.0485318       98.314337       2.5560166      0.96967311     0.058977548      0.22929366      0.30234721       1.2884391   1.2884391e-09      0.86770902      0.25124793      0.25259901       9.5963451       0.7037987       0.7010543      0.29890831      0.28891607       103.33728      0.86018691      0.85011234      0.63064616      0.46630519      0.85290617       1.0853993              10       10.701097       1.6979834        1.6979834       10.701097                       10.701097
              8       7.4835744       96.272354       2.7384057       1.0088621     0.057273568      0.20970618      0.18202612       1.5462313   1.5462313e-09      0.86770902      0.25124793      0.25259901       9.8946398       1.0744064      0.71121042      0.28875059      0.26762462       106.34209      0.92018553      0.87234375      0.66184595      0.48516295      0.90287202       1.0779825              10       11.571182       1.6979834        1.6979834       11.571182                       11.571182
              1       6.9852175       89.891671       3.7302786      0.99796528     0.049450527      0.18640258      0.35588867       4.1690721   4.1690721e-09      0.86770902      0.25124793      0.25259901       10.556975       2.0460603      0.70727834      0.29267694      0.23649797       113.35333       1.4676869       1.3609233       1.0235057      0.75281348       1.3915318       1.0737542              10       10.574468       1.6979834        1.6979834       10.574468                       10.574468
              6       8.0059491       89.027589        1.861701      0.90565899     0.048407119      0.17678897      0.39919245       0.6434673    6.434673e-10      0.86770902      0.25124793      0.25259901       10.739005      0.28959584      0.71501437      0.28494004      0.22584096       115.31424      0.53450765      0.48148774      0.36847209      0.26921111      0.50433166       1.0696357              10       12.615931       1.6979834        1.6979834       12.615931                       12.615931
              1       7.4959663       83.900035        3.554675       1.1327894     0.040778137      0.16832246      0.58666888        3.497645    3.497645e-09      0.86770902      0.25124793      0.25259901       11.254216       1.0819361      0.70198158      0.29796708      0.20974546       121.35129       1.4381796        1.309292      0.97327657      0.71908187       1.3173288        1.073263              10       11.595966       1.6979834        1.6979834       11.595966                       11.595966
              9       7.6568776       73.719362       3.5569734       1.1232115     0.028783677      0.12630237       0.7748228       3.5056934   3.5056934e-09       1.5997798      0.24825806      0.24959842       12.947389      0.74434007      0.71337607      0.28655744      0.15573091       138.98762       1.3112312       1.0803176       0.8237074      0.60266489       1.1258228        1.048663              10       11.917789       1.6979834        1.6979834       11.917789                       11.917789
              1       8.1107006       79.159173        3.545276       1.1300077     0.035677744      0.14190912       0.6512397       3.4649248   3.4649248e-09       1.0833868      0.25022099       0.2515684       12.083029      0.94196377      0.71550766      0.28443467      0.17823173       129.75549       1.3286057       1.1267352      0.86326146      0.63043162       1.1820796       1.0576086              10       12.825435       1.6979834        1.6979834       12.825435                       12.825435
              7       8.2662248       82.860355       3.5548464       1.1349836      0.03938579      0.16086863      0.69492715       3.4982446   3.4982446e-09      0.89478973      0.25110993      0.25246052       11.453151      0.87145332       0.7073403      0.29260707      0.20089928       123.54532       1.4115453       1.2563638      0.94501659      0.69504134       1.2848967       1.0699787              10       13.136483       1.6979834        1.6979834       13.136483                       13.136483
              4       8.0929065       86.308188       3.1848113      0.89745798     0.043743529      0.17420467      0.71071295       2.4162728   2.4162728e-09      0.86770902      0.25124793      0.25259901       10.987043      0.58321481      0.70650265      0.29344884      0.21859307       118.50606       1.0583423      0.96387826      0.72366116      0.53262109       0.9832233       1.0743461              10       12.789846       1.6979834        1.6979834       12.789846                       12.789846
              4        8.565362       94.917317       1.7441778      0.91139771     0.055311879      0.20085666      0.26879495      0.57211957   5.7211957e-10      0.86770902      0.25124793      0.25259901       10.071789      0.33420618      0.71490613      0.28505376       0.2568134       108.36953      0.52158771      0.48531649      0.37130583      0.27130854      0.50815953       1.0763983              10       13.734757       1.6979834        1.6979834       13.734757                       13.734757
              2       8.5104822       95.555411       1.7279551      0.87573848     0.056211528      0.20315705      0.24798837      0.56291312   5.6291312e-10      0.86770902      0.25124793      0.25259901       10.007378      0.34280047      0.71519632       0.2847641      0.26001344       107.64203      0.50799914      0.47382525      0.36275377      0.26499229       0.4965816       1.0764601              10       13.624998       1.6979834        1.6979834       13.624998                       13.624998
              3       7.0325158       79.124173       2.1746577      0.95575938     0.035359489      0.14773011      0.20274135      0.87991725   8.7991725e-10       1.1018761      0.25013986      0.25148698       11.983783      0.58660118       0.7064665      0.29347578      0.18373447       128.87407      0.63526886      0.55401059      0.41591562      0.30612464      0.56508289       1.0626933              10       10.669065       1.6979834        1.6979834       10.669065                       10.669065
             14       7.0480948       79.036461       2.3666751      0.92004631     0.035258733      0.14723388       0.2040003       1.0661884   1.0661884e-09        1.107815        0.250114      0.25146104       12.000536      0.70899231       0.7067703      0.29317185      0.18313748       129.04715      0.68721718      0.59842352      0.44956068      0.33080257      0.61095293       1.0623834              10       10.700223       1.6979834        1.6979834       10.700223                       10.700223
              3       7.1089273       80.687074       2.3640345      0.92147798     0.037491256      0.15171396      0.15984838       1.0633766   1.0633766e-09      0.98536111      0.25066778      0.25201679        11.77265      0.77240411      0.70833419       0.2916103      0.18985008       126.52174      0.68634606      0.60097801       0.4530497      0.33292512       0.6165171       1.0636551              10       10.821888       1.6979834        1.6979834       10.821888                       10.821888
              1       6.8846795       85.154028       2.0233115       1.0341289      0.04320586       0.1732531       0.1775432      0.75633296   7.5633296e-10      0.86770902      0.25124793      0.25259901       11.073681      0.53027477      0.70054652      0.29940364      0.21710382       118.99084      0.63638333      0.58619706      0.43439585      0.32132901      0.58724779       1.0724721              10       10.373392       1.6979834        1.6979834       10.373392                       10.373392
              3       6.8702754       90.060723       1.6981957      0.98428098     0.049395414       0.1894567      0.21824687      0.54640799   5.4640799e-10      0.86770902      0.25124793      0.25259901       10.511244      0.35314269      0.70467873      0.29527671      0.23949698       112.96269      0.53317529      0.49880968      0.37298814      0.27494911       0.5059851       1.0757772              10       10.344584       1.6979834        1.6979834       10.344584                       10.344584
              2       7.9109851       98.969624        3.057078        1.073205     0.059812995      0.22467227      0.53338095        2.126533    2.126533e-09      0.86770902      0.25124793      0.25259901       9.6034347      0.73178469      0.70886507      0.29109803      0.28513013       103.46708       1.1537801       1.1171211      0.84310922      0.61928942       1.1478206       1.0829989              10       12.426003       1.6979834        1.6979834       12.426003                       12.426003
              6        7.929613       96.953421       2.9327776       1.0962615     0.057241752      0.21635892      0.55273863        1.877972    1.877972e-09      0.86770902      0.25124793      0.25259901       9.7969582      0.62170797      0.70820992      0.29175163      0.27424554       105.58041        1.089377       1.0460744      0.78833912      0.57938387       1.0726542       1.0821722              10       12.463259       1.6979834        1.6979834       12.463259                       12.463259
              5       8.6939831       86.316158       3.4967106      0.80970736     0.044330648      0.18858399      0.29855433       3.3006702   3.3006702e-09      0.86770902      0.25124793      0.25259901       10.784838       1.8166913      0.68646897      0.31348252       0.2335595       116.00147        1.242298       1.2007558      0.86362492      0.64621718       1.1541755       1.0803257              10          13.992       1.6979834        1.6979834          13.992                          13.992
              3       8.2870304        84.31935       3.1236057      0.91079907     0.041803088      0.17924785      0.36897493       2.2728184   2.2728184e-09      0.86770902      0.25124793      0.25259901       11.056655       1.0866187      0.68812988      0.31181929      0.22169581        118.9526       1.0711095       1.0183593      0.73497615      0.54922335       0.9835524        1.077639              10       13.178094       1.6979834        1.6979834       13.178094                       13.178094
             16         8.68998       96.635974       3.1839841      0.91962412     0.059531919      0.20864382      0.69770876       2.4142749   2.4142749e-09      0.86770902      0.25124793      0.25259901       9.8658592      0.59808731      0.71209893      0.28786237       0.2688206       105.40626       1.0759496       1.0191042       0.7747428       0.5674842       1.0576971       1.0725942              10       13.983993       1.6979834        1.6979834       13.983993                       13.983993
              4        9.265248       98.224906       1.7843025      0.97009601     0.061803491       0.2112875      0.66755203      0.59554248   5.9554248e-10      0.86770902      0.25124793      0.25259901       9.7454259      0.15670557      0.71624353      0.28371901      0.27373586       104.06769      0.54630483      0.51491593      0.39515544      0.28839656      0.54143441       1.0713839              10       15.134529       1.6979834        1.6979834       15.134529                       15.134529
              7       9.2143314       77.544653       2.0373652       1.0246556     0.034899276      0.13744968      0.77155298       0.7670373    7.670373e-10       1.1293459       0.2500211       0.2513678       12.295589      0.16392835       0.7122485       0.2876914      0.17299382       131.26229      0.58786154      0.49851248      0.37912524       0.2776607      0.51766759       1.0520111              10       15.032696       1.6979834        1.6979834       15.032696                       15.032696
              5       8.6401003       96.403852       1.7801061       1.0454702     0.058654388      0.21934003      0.57032825      0.59304856   5.9304856e-10      0.86770902      0.25124793      0.25259901       9.7781759      0.18954373      0.70014597      0.29981515      0.27863928       104.58465      0.59589407      0.58475688      0.43294193      0.32036351      0.58508135       1.0784548              10       13.884234       1.6979834        1.6979834       13.884234                       13.884234
             18       7.1401906       93.081729       2.3040161      0.99065212      0.05352017      0.20596717      0.69775338       1.0014321   1.0014321e-09      0.86770902      0.25124793      0.25259901       10.123048      0.24806221      0.69972058      0.30023771      0.26013221       108.63318       0.7436924       0.7180177      0.53111905      0.39314991      0.71750605       1.0791402              10       10.884415       1.6979834        1.6979834       10.884415                       10.884415
             10       6.9242758       97.417939       3.2639765       1.0006545      0.05847955      0.22049784      0.64873969       2.6153329   2.6153329e-09      0.86770902      0.25124793      0.25259901       9.7235382      0.71456023      0.70532046      0.29464146      0.27962226       104.53447       1.2214968       1.1862252      0.88825014      0.65442329       1.2056238       1.0815472              10       10.452585       1.6979834        1.6979834       10.452585                       10.452585
              2       7.0809478       95.774738       2.6752129       1.1402523     0.056136547      0.21370089      0.57412888        1.451544    1.451544e-09      0.86770902      0.25124793      0.25259901        9.888127      0.46041367      0.70508631      0.29487429       0.2704823       106.41433      0.98265891       0.9468744      0.70865933      0.52221187      0.96167491       1.0814268              10       10.765929       1.6979834        1.6979834       10.765929                       10.765929
              5        7.134187       97.926803       2.3507151       1.0119139     0.059331576      0.21935849      0.44410774       1.0493071   1.0493071e-09      0.86770902      0.25124793      0.25259901       9.7039076      0.43167362      0.70867465      0.29128767      0.27933493       104.27329      0.77205761      0.74401425      0.56128188      0.41234577      0.76401255        1.080034              10       10.872407       1.6979834        1.6979834       10.872407                       10.872407
              5       7.0861115       97.734892       2.3608829       1.0055525     0.059035156      0.21918543      0.44860888       1.0600306   1.0600306e-09      0.86770902      0.25124793      0.25259901       9.7168948      0.43217702      0.70802093      0.29194124      0.27886545       104.42782      0.77412223      0.74677734      0.56254623      0.41350625      0.76530466       1.0803137              10       10.776256       1.6979834        1.6979834       10.776256                       10.776256
              2       7.0862824       97.739281       2.0834843       1.1395298     0.059041519      0.21919928      0.44836159      0.80324075   8.0324075e-10      0.86770902      0.25124793      0.25259901       9.7165054      0.32764519      0.70802599      0.29193618      0.27888567       104.42335      0.73035739      0.70456327      0.53075241      0.39013414      0.72205453        1.080312              10       10.776598       1.6979834        1.6979834       10.776598                       10.776598
              2       6.9648942       96.264908       2.0243834       1.1456333     0.057246784      0.21383467      0.45292092      0.75714411   7.5714411e-10      0.86770902      0.25124793      0.25259901       9.8532123      0.30603876      0.70673958      0.29322143      0.27172632       105.87049      0.70776493      0.68028366      0.51100125      0.37602861      0.69442131       1.0796691              10       10.533822       1.6979834        1.6979834       10.533822                       10.533822
              5       6.9095584       94.633908       2.7351399      0.91119969     0.054961497      0.20888812      0.47060074       1.5411899   1.5411899e-09      0.86770902      0.25124793      0.25259901        10.00288      0.60130879       0.7046191      0.29534054      0.26449448       107.55831      0.88092046      0.84497083       0.6317436      0.46571649      0.85695908       1.0800395              10        10.42315       1.6979834        1.6979834        10.42315                        10.42315
              4       6.8974754        93.61821       3.2560951      0.83794074     0.053952831       0.2033963      0.45456966       2.5948015   2.5948015e-09      0.86770902      0.25124793      0.25259901       10.120673       1.0453698      0.70559189      0.29436687        0.257994       108.73411        1.088263        1.035154      0.77559728      0.57129249       1.0529653       1.0781207              10       10.398984       1.6979834        1.6979834       10.398984                       10.398984
              1       7.1103387       97.534326        2.580497      0.96612655     0.058846682      0.21781146      0.51319938       1.3203698   1.3203698e-09      0.86770902      0.25124793      0.25259901       9.7409609      0.47308184      0.70846131       0.2915007        0.277303       104.66915      0.84169792      0.81003076      0.61079419      0.44880202      0.83125639       1.0798452              10       10.824711       1.6979834        1.6979834       10.824711                       10.824711
             12       7.1635435       95.344748       2.3401219      0.86254915      0.05597364      0.20847687      0.57082121       1.0382503   1.0382503e-09      0.86770902      0.25124793      0.25259901       9.9634993      0.33150726      0.70834609      0.29161416      0.26509538       107.11338       0.6980995      0.66448369      0.50091942      0.36810356      0.68165671       1.0788064              10        10.93112       1.6979834        1.6979834        10.93112                        10.93112
              1       7.5736425       94.542995         2.77047      0.94325697     0.055632899      0.20030747      0.47411358       1.5966136   1.5966136e-09      0.86770902      0.25124793      0.25259901       10.091999      0.61857162      0.71289939      0.28706018      0.25658524       108.27833      0.88459008      0.82665305      0.62957864      0.46083263      0.86011544       1.0744943              10       11.751318       1.6979834        1.6979834       11.751318                       11.751318
              1       7.3990992       92.305909       1.9086334      0.89555555     0.052886239      0.19231314      0.49920654      0.67438665   6.7438665e-10      0.86770902      0.25124793      0.25259901       10.321776        0.248487      0.71142089      0.28853669      0.24584425       110.69948      0.55647914      0.51622075      0.39184463       0.2871866       0.5346427       1.0730437              10       11.402232       1.6979834        1.6979834       11.402232                       11.402232
              4       7.9102091       97.120168       3.5246134      0.96573582     0.059448348      0.20961753      0.45385173       3.3940649   3.3940649e-09      0.86770902      0.25124793      0.25259901       9.8349318       1.3693345      0.71401873      0.28594295      0.26971074       105.33166       1.3125158       1.2388011       0.9458649      0.69167004       1.2934786       1.0742462              10       12.424451       1.6979834        1.6979834       12.424451                       12.424451
              3       7.8831489         97.4804       3.5274781      0.96601285       0.0598544      0.21117848       0.4647668       3.4038018   3.4038018e-09      0.86770902      0.25124793      0.25259901       9.7989758       1.3436091      0.71405848      0.28590349      0.27167774       104.96395       1.3174539        1.245611      0.95114982      0.69551067       1.3007507       1.0746149              10       12.370331       1.6979834        1.6979834       12.370331                       12.370331
              1       8.2241524       94.998861       2.0830255       1.1501269     0.055699172       0.2008992      0.24917364      0.80287227   8.0287227e-10      0.86770902      0.25124793      0.25259901       10.063273      0.48777213      0.71491906      0.28504089      0.25724324       108.17219      0.70690121      0.65799903      0.50343652      0.36785064      0.68899795       1.0755937              10       13.052338       1.6979834        1.6979834       13.052338                       13.052338
              1       8.3715945       92.243307       2.0719673       1.1487894     0.052416554      0.18830215      0.27109147      0.79404287   7.9404287e-10      0.86770902      0.25124793      0.25259901       10.377697      0.46171809      0.71629498      0.28366254      0.24136357       111.47967      0.68656638      0.62699291      0.48122753      0.35119714      0.65940156       1.0722646              10       13.347222       1.6979834        1.6979834       13.347222                       13.347222
              1       8.6722515       94.401918       3.4744945       1.0595988     0.055584795      0.19463872      0.23689839       3.2281506   3.2281506e-09      0.86770902      0.25124793      0.25259901        10.16196       2.0099556      0.71845563      0.28150382      0.25086838        109.0149       1.3172681       1.2086243      0.93225704       0.6790578       1.2798663       1.0718338              10       13.948536       1.6979834        1.6979834       13.948536                       13.948536
              5       8.8257791       92.861435       2.9792963       1.1795246     0.053469075      0.18837857     0.067558766       1.9673968   1.9673968e-09      0.86770902      0.25124793      0.25259901       10.333474       1.7187438      0.71875017      0.28120792      0.24249251         110.914       1.0929066      0.99361103      0.76693335      0.55848885       1.0531755       1.0709685              10       14.255591       1.6979834        1.6979834       14.255591                       14.255591
              6       7.4672018       87.824373       1.9328071       0.9049239     0.045928338      0.18040943      0.15099564      0.69088767   6.9088767e-10      0.86770902      0.25124793      0.25259901       10.788934      0.51080401      0.70567195       0.2942812      0.22698263       116.23786      0.57128081      0.52617995      0.39431908      0.29042796      0.53537386       1.0753519              10       11.538437       1.6979834        1.6979834       11.538437                       11.538437
              7       7.4422352       87.784285       2.1634214       1.0400027     0.045876171      0.18044443      0.14476629      0.87008562   8.7008562e-10      0.86770902      0.25124793      0.25259901       10.791341      0.65135775      0.70542534      0.29452776      0.22696547       116.26384      0.68819705      0.63419918         0.47501      0.34993253      0.64479431       1.0754168              10       11.488504       1.6979834        1.6979834       11.488504                       11.488504
              3        7.095266       84.863368       1.9133998      0.90726741     0.042946476      0.17375552     0.085417058      0.67760873   6.7760873e-10      0.86770902      0.25124793      0.25259901       11.086908        0.571198      0.69815426      0.30179556      0.21734686       119.07665      0.56746758      0.52557369      0.38746225      0.28718226       0.5227586        1.072755              10       10.794565       1.6979834        1.6979834       10.794565                       10.794565
             13       7.0801812       81.676948       1.6869135       1.0394312     0.038888499      0.16179103     0.053642201      0.54027794   5.4027794e-10      0.91750154      0.25099605      0.25234624       11.519343      0.48531556        0.698161      0.30178483       0.2013244       123.73338      0.53378954      0.48499621      0.35755608      0.26501382       0.4824139       1.0689419              10       10.764396       1.6979834        1.6979834       10.764396                       10.764396
             10       7.4766311       74.605712       2.8364435       1.0124255     0.029255051      0.14027302      0.15402517       1.7055001   1.7055001e-09       1.5548878      0.24840845      0.24974936       12.564729        1.253335      0.69419925      0.30573583      0.17017294       135.44044      0.92816049      0.81547695      0.59613648      0.44328423      0.80169489       1.0619135              10       11.557295       1.6979834        1.6979834       11.557295                       11.557295
             10       7.3338987       76.686899       3.2102556       1.0723839     0.032932155      0.14234872      0.36608397       2.4785421   2.4785421e-09       1.2575129      0.24949442      0.25083923        12.29862       1.1918451       0.7007899      0.29914864      0.17592574       131.86619       1.1241733      0.98193574       0.7280574      0.53844008      0.98445045       1.0589408              10       11.271831       1.6979834        1.6979834       11.271831                       11.271831
              5       6.9408944       70.333804       2.0483437        0.906903     0.024645863      0.12110968       0.3901476      0.77550458   7.7550458e-10       2.0857347      0.24680494      0.24814005       13.449121      0.35539104      0.70397986      0.29594709      0.14640041       144.34905      0.57311556      0.47479681      0.35450941      0.26147567       0.4806448       1.0450771              10       10.485822       1.6979834        1.6979834       10.485822                       10.485822
              6       7.1749428       87.117766       2.0694876      0.91720163      0.04500261      0.18395538      0.41250423      0.79207634   7.9207634e-10      0.86770902      0.25124793      0.25259901       10.792823      0.34711263       0.6974256      0.30252678      0.22960286       116.27079      0.62803084      0.59062612      0.43473568      0.32241575       0.5861845       1.0780382              10       10.953919       1.6979834        1.6979834       10.953919                       10.953919
              8       7.2934246       88.363169       2.6922088      0.99709713     0.046424412      0.18747037      0.64314024       1.4764251   1.4764251e-09      0.86770902      0.25124793      0.25259901       10.661963       0.4079312      0.69957185      0.30038186      0.23453965       114.92554      0.89472132      0.84201656      0.62264693      0.46095685      0.84105312       1.0788787              10       11.190883       1.6979834        1.6979834       11.190883                       11.190883
              3       7.3561219        90.50602       2.6272033      0.84540627     0.049251535      0.20071325      0.35955922       1.3835023   1.3835023e-09      0.86770902      0.25124793      0.25259901       10.356306      0.67401679      0.69401124      0.30594465      0.25060965       111.53276      0.81823318      0.79229198      0.57893064      0.43056354      0.77842329       1.0824272              10       11.316277       1.6979834        1.6979834       11.316277                       11.316277
              9       7.0583839       99.703474       1.8640913       1.0633771     0.062002612      0.23131247      0.73555844      0.64500718   6.4500718e-10      0.86770902      0.25124793      0.25259901       9.4911271      0.14813804      0.70425258      0.29571107      0.29395995       101.79387      0.63662256      0.62749297       0.4687638      0.34567738      0.63567798       1.0813248              10       10.720801       1.6979834        1.6979834       10.720801                       10.720801
              3       7.1626987       86.534348       3.5435042      0.83453483     0.045472657      0.17194276      0.75372402       3.4587911   3.4587911e-09      0.86770902      0.25124793      0.25259901       10.981767      0.76603386      0.70874627      0.29120547      0.21806029       117.78433       1.2043903        1.090767      0.82302194      0.60459046       1.1203701       1.0689197              10       10.929431       1.6979834        1.6979834       10.929431                       10.929431
              3       7.1964491       87.420436       2.8133621      0.82348425     0.046577708      0.17478551      0.76460669       1.6665856   1.6665856e-09      0.86770902      0.25124793      0.25259901       10.877862      0.36115922      0.70945491      0.29049781      0.22200809       116.68549      0.83269062      0.75632699      0.57157848      0.41962522      0.77855654       1.0696337              10       10.996932       1.6979834        1.6979834       10.996932                       10.996932
              3       7.2417566       76.244851       2.9153704        1.172698     0.031445086      0.13906668      0.75829541       1.8455647   1.8455647e-09        1.367577      0.24907191      0.25041521       12.424923      0.40502538      0.70551419      0.29442365      0.17115663       133.78723       1.0127275      0.86948914      0.65138993      0.47982648      0.88429642       1.0593007              10       11.087546       1.6979834        1.6979834       11.087546                       11.087546
              5       7.0759922        71.62705        3.725561      0.80364765       0.0259439      0.12327392      0.69404521       4.1494506   4.1494506e-09       1.9129139      0.24728986      0.24862673       13.254581       1.0355011       0.7078243      0.29210526      0.14986268       142.47425       1.2696179       1.0490299      0.78994418      0.58073934       1.0745127       1.0475066              10       10.756018       1.6979834        1.6979834       10.756018                       10.756018
              6        6.922126       70.805037       3.7317235       0.8023678     0.024981703      0.12172999      0.68218154       4.1751003   4.1751003e-09       2.0389152      0.24693352       0.2482691       13.385168       1.0669193      0.70599978      0.29392814      0.14735656       143.84236       1.2772198       1.0551292       0.7913307      0.58266416       1.0747259       1.0461786              10       10.448285       1.6979834        1.6979834       10.448285                       10.448285
              7       8.5759581       88.904934       3.3235234      0.89377994     0.048334837       0.1741249      0.13668963       2.7757982   2.7757982e-09      0.86770902      0.25124793      0.25259901       10.781944       2.1118389      0.71768943      0.28226485       0.2231046       115.74724       1.0932418      0.97580076      0.75135186      0.54765564       1.0308113       1.0681271              10        13.75595       1.6979834        1.6979834        13.75595                        13.75595
              1       10.681316       72.552951       3.3314773      0.88637443     0.027794989      0.11605468      0.24629303       2.7979645   2.7979645e-09       1.6999896      0.24793323      0.24927242       13.312622       1.7096798      0.72543203      0.27449932      0.14449454       142.41651       1.0146299      0.79783519      0.62556219      0.45279937      0.86424162       1.0380638              10       17.966665       1.6979834        1.6979834       17.966665                       17.966665
              1       6.9464964       76.208795       2.7937881       1.1096319     0.031746717      0.13831011      0.41616739       1.6342812   1.6342812e-09       1.3442278       0.2491594      0.25050301       12.436738      0.71096525      0.70601879      0.29391898      0.17070169       133.68879      0.91973145      0.78824155      0.59118103      0.43528871      0.80290393       1.0577545              10       10.497026       1.6979834        1.6979834       10.497026                       10.497026
              8       7.0096075       71.533336        2.216224      0.94200225     0.026218911      0.12504952      0.63393047      0.91726291   9.1726291e-10       1.8789605      0.24738866      0.24872588       13.212163      0.25814803      0.70305081      0.29687857       0.1519133       141.76506      0.63416386      0.53133394      0.39591362      0.29224369      0.53635919       1.0482126              10       10.623248       1.6979834        1.6979834       10.623248                       10.623248
              4       6.9865605       71.238157       3.6329617       1.0154701     0.025831102      0.12387873      0.65549439       3.7824676   3.7824676e-09       1.9270942      0.24724898       0.2485857        13.27443        1.019577      0.70365608      0.29627271       0.1503547       142.43942       1.3238807       1.1048887      0.82438124      0.60820644       1.1173911       1.0472783              10       10.577154       1.6979834        1.6979834       10.577154                       10.577154
              6       7.3152629       71.090373       3.6466332       1.0135236     0.025862785      0.12350512      0.71684691       3.8345347   3.8345347e-09        1.923096      0.24726048      0.24859724        13.29505      0.91425504      0.70309927      0.29682922      0.15001277       142.49928       1.3296452       1.1104219      0.82749965      0.61079361       1.1210917       1.0464048              10       11.234559       1.6979834        1.6979834       11.234559                       11.234559
              2       7.0272051       69.601895        3.681141        1.011032     0.023745804      0.12059553      0.75033765       3.9691657   3.9691657e-09       2.2192183      0.24645341      0.24778724       13.548006      0.88504271      0.70064069      0.29928471       0.1449862       145.43416       1.3601964       1.1323458      0.83933103      0.62080386       1.1347812       1.0447864              10       10.658444       1.6979834        1.6979834       10.658444                       10.658444
             12       6.8710348       68.652713       1.6291416       1.1934615     0.022396579      0.11769629      0.56927952      0.50994952   5.0994952e-10       2.4441602       0.2458938       0.2472256       13.743926      0.16332674      0.70131966      0.29860367      0.14073773       147.67359      0.52456802      0.43281983      0.32129535      0.23750799      0.43464097       1.0424608              10       10.346103       1.6979834        1.6979834       10.346103                       10.346103
              3       7.5181461       67.314781       3.4518942       1.0891153     0.021176195       0.1101322      0.54842904       3.1560118   3.1560118e-09       2.6782689      0.24535337       0.2466832       14.115178        1.053851      0.70871497      0.29120528      0.13195326       151.17312       1.2134069      0.96924118      0.73132678      0.53723128      0.99554677       1.0330862              10       11.640325       1.6979834        1.6979834       11.640325                       11.640325
              3       7.7324203        68.77694       3.1127161       1.1884376     0.023042401      0.11856354      0.49938246       2.2482025   2.2482025e-09       2.3324742      0.24616583      0.24749861       13.692033      0.82808962      0.69919894      0.30072466      0.14225081       146.72711       1.0983161      0.91283393      0.67451408      0.49949746      0.91085398       1.0420829              10       12.068874       1.6979834        1.6979834       12.068874                       12.068874
             13       8.8104531       64.820523       3.0941467       1.1659077     0.018489739      0.10629599      0.14524739         2.20684     2.20684e-09       3.3315255      0.24402102      0.24534598       14.556941       1.6504812      0.70139057      0.29852342      0.12543059       155.64184       1.0541817      0.84497372      0.62735933      0.46372548      0.84873431       1.0271273              10        14.22494       1.6979834        1.6979834        14.22494                        14.22494
             17       7.1255951       61.001031       3.0654875       1.1173387     0.013398118      0.09490827      0.14942424       2.1444915   2.1444915e-09       5.5404882       0.2406907      0.24200337       15.551376       1.5905088      0.70711178       0.2927911      0.10895125       166.77706       1.0070489      0.76950616      0.57857359      0.42559653      0.78653697       1.0089026              10       10.855223       1.6979834        1.6979834       10.855223                       10.855223
              8       7.5068051       75.774432       3.6861868      0.89736482     0.031638183       0.1418199       0.1834896       3.9892439   3.9892439e-09       1.3525667      0.24912802      0.25047152       12.399673       2.7638441      0.69671503      0.30322203      0.17410295        133.0512       1.3322157       1.1708775      0.86054998      0.63858143        1.159674        1.059667              10       11.617644       1.6979834        1.6979834       11.617644                       11.617644
              6       6.9122978       74.185841       3.6725973      0.90195668     0.029224904      0.13207055      0.20473962       3.9353986   3.9353986e-09       1.5577063      0.24839892      0.24973979       12.771694       2.6130887      0.70568672      0.29424762      0.16194032       137.26267       1.2957669        1.096781       0.8219883      0.60540203       1.1160596       1.0539277              10       10.428629       1.6979834        1.6979834       10.428629                       10.428629
              8       6.9390161        82.26115       2.4754824      0.84144682     0.039356601      0.16380783      0.21664792        1.188744    1.188744e-09      0.89610303       0.2511033      0.25245387        11.44393      0.77074435      0.69876083      0.30118576       0.2038093       123.06462      0.72278118       0.6578791      0.48563819       0.3597671      0.65554759       1.0703785              10       10.482065       1.6979834        1.6979834       10.482065                       10.482065
              1       8.0870868       77.774691       2.1609393       1.0028933     0.033150287      0.15415896      0.32686911      0.86792859   8.6792859e-10       1.2423779      0.24955448      0.25089951       11.998448      0.45140783      0.68921594      0.31072432      0.18795411       129.37598      0.67568683       0.6150256      0.44489591      0.33216374      0.59588795         1.06994              10       12.778207       1.6979834        1.6979834       12.778207                       12.778207
              1       8.7332281        87.45506       2.8854859       1.1308786     0.044944539      0.19468519      0.30745926       1.7912269   1.7912269e-09      0.86770902      0.25124793      0.25259901       10.638073      0.96848945      0.68580209      0.31415066       0.2402746       114.77241       1.0981683       1.0704747      0.76885753       0.5756127       1.0269786       1.0843507              10       14.070489       1.6979834        1.6979834       14.070489                       14.070489
              1       7.3624777       99.759928       2.9667493       1.0214504     0.061157938      0.24215521      0.56067117       1.9428661   1.9428661e-09      0.86770902      0.25124793      0.25259901       9.4004613      0.63306758      0.69454097      0.30542272      0.30395801       101.03215       1.1145091       1.1312635      0.82753625      0.61519438       1.1131705       1.0872342              10       11.328989       1.6979834        1.6979834       11.328989                       11.328989
              6       8.3435839       91.781526       3.1963229      0.86900766     0.052581917      0.20061191       0.6486118       2.4442488   2.4442488e-09      0.86770902      0.25124793      0.25259901       10.255949      0.66798753       0.6986237       0.3013334      0.25383869       109.78438       1.0776121         1.03651      0.76489517      0.56671373       1.0323812       1.0763682              10       13.291201       1.6979834        1.6979834       13.291201                       13.291201
              7       8.1198692       95.736721       1.7940321       1.0248378     0.057859041      0.21258322         0.58619       0.6013651    6.013651e-10      0.86770902      0.25124793      0.25259901       9.8837072      0.18620016      0.70419215      0.29576842      0.27108713       105.72782      0.58360036      0.56377047      0.42110731      0.31054943      0.57102461        1.076438              10       12.843772       1.6979834        1.6979834       12.843772                       12.843772
              7       9.9670936       86.768157        2.811537      0.94202427     0.046242483      0.18518769      0.26743397       1.6635467   1.6635467e-09      0.86770902      0.25124793      0.25259901       10.779507      0.97441687      0.69169873      0.30825327      0.23207504       115.35775      0.92033715      0.87848618      0.63878405      0.47597154      0.85728878        1.074416              10        16.53822       1.6979834        1.6979834        16.53822                        16.53822
              2       9.8425823       85.910871       2.4156705      0.87624358      0.04471352      0.18499236      0.20822747       1.1197276   1.1197276e-09      0.86770902      0.25124793      0.25259901       10.849174      0.73832623      0.68785131      0.31209972      0.23035075       116.29279      0.73806047      0.70887707      0.51131597      0.38217538      0.68409436       1.0764532              10       16.289198       1.6979834        1.6979834       16.289198                       16.289198
              4       9.1019636       87.031883       2.5071073      0.81686317     0.045797664      0.18986698      0.32675135       1.2269387   1.2269387e-09      0.86770902      0.25124793      0.25259901       10.710662      0.63827855      0.68797395      0.31197834      0.23630951       114.95098      0.75535949      0.72995442       0.5266523      0.39360001      0.70468151       1.0786117              10       14.807961       1.6979834        1.6979834       14.807961                       14.807961
              4       8.8099269       86.676183       2.4904454      0.81903628     0.045069665       0.1891481      0.19189184        1.206665    1.206665e-09      0.86770902      0.25124793      0.25259901       10.748403      0.82207525      0.68733362      0.31261828      0.23486263       115.48081      0.75199534      0.72655558      0.52350234      0.39144633        0.700108       1.0794178              10       14.223887       1.6979834        1.6979834       14.223887                       14.223887
              3       7.2414781       98.457531       3.6035511       1.1860796     0.058847367      0.23273398       0.2148858       3.6728428   3.6728428e-09      0.86770902      0.25124793      0.25259901       9.5597073       2.3897634      0.69850856      0.30145416      0.29222621       103.02437       1.6746715        1.668953       1.2312873      0.91235684       1.6617056       1.0872552              10        11.08699       1.6979834        1.6979834        11.08699                        11.08699
              5       8.2906963       95.271513       3.4733423       1.0943492     0.054176331      0.22275783      0.54680067       3.2244332   3.2244332e-09      0.86770902      0.25124793      0.25259901       9.8396289       1.0802104      0.69414396      0.30581623      0.27757903       106.30283       1.4807779       1.4705398       1.0748221      0.79928509       1.4453447       1.0890151              10       13.185426       1.6979834        1.6979834       13.185426                       13.185426
              7        8.422156       85.427441       3.8658977       1.1120128     0.042692182      0.18508447      0.68139761       4.7746114   4.7746114e-09      0.86770902      0.25124793      0.25259901       10.901725       1.2220348      0.68695201      0.31299847      0.22842151       117.51157       1.7451361       1.6757409       1.2064617      0.90240004       1.6129763       1.0809721              10       13.448345       1.6979834        1.6979834       13.448345                       13.448345
              5       8.5572331       82.125308       3.8378457      0.95532784     0.038824642      0.17208296      0.74936603       4.6425351   4.6425351e-09      0.92047067       0.2509813      0.25233143       11.333097       1.0372039      0.68628285      0.31366357      0.21155247       122.05183       1.5616953       1.4731378       1.0591338      0.79262334       1.4152554       1.0765253              10         13.7185       1.6979834        1.6979834         13.7185                         13.7185
              8       7.8159827       85.524232         3.83379      0.95920567     0.043002889      0.18278604      0.74185519       4.6237449   4.6237449e-09      0.86770902      0.25124793      0.25259901        10.92312       1.0486405      0.69037773      0.30957286      0.22643379       117.66192       1.5686742       1.4922954       1.0821017      0.80715844       1.4506991       1.0791302              10       12.235999       1.6979834        1.6979834       12.235999                       12.235999
              3       6.9648116       98.536268        3.555608      0.97727042     0.059639021      0.23263414      0.41126624       3.5009101   3.5009101e-09      0.86770902      0.25124793      0.25259901       9.5500254       1.5380117      0.69827767      0.30168511      0.29291803        102.6837       1.4327256        1.429389       1.0540217      0.78115642       1.4222013       1.0853357              10       10.533656       1.6979834        1.6979834       10.533656                       10.533656
              2        6.913911       84.586821        3.679325       1.0788606     0.042332866      0.17214479      0.14169265        3.961964    3.961964e-09      0.86770902      0.25124793      0.25259901       11.134833       2.9842682      0.69928616      0.30066333      0.21512252       119.72094       1.4941842       1.3769519       1.0175965      0.75352163       1.3742176       1.0728618              10       10.431855       1.6979834        1.6979834       10.431855                       10.431855
              2       7.8194985       75.223557       2.6983289       1.1746842     0.029725928      0.13918961      0.14222746       1.4854886   1.4854886e-09       1.5117662      0.24855582      0.24989725       12.531849       1.1177177      0.70028445      0.29965168      0.16956041       135.25456      0.92349805      0.80012682      0.59260743      0.43845121      0.80096385       1.0614133              10        12.24303       1.6979834        1.6979834        12.24303                        12.24303
              3       9.2912334       80.854652       1.7766157       1.0871742     0.037013027      0.14912958      0.41557153      0.59098221   5.9098221e-10       1.0100567       0.2505526       0.2519012       11.815041      0.25740298      0.71422664      0.28571808      0.18678748       127.35379      0.54857517      0.47208856      0.36063933      0.26366805      0.49327448       1.0636174              10         15.1865       1.6979834        1.6979834         15.1865                         15.1865
              2       8.0122607       86.269162       2.2223576       0.9381222     0.044048361      0.17099624      0.60173312      0.92290641   9.2290641e-10      0.86770902      0.25124793      0.25259901       11.030196      0.27701221       0.7101385      0.28981295      0.21568947       118.81272      0.65811004      0.59254751      0.44849308      0.32906765      0.61126046       1.0716182              10       12.628555       1.6979834        1.6979834       12.628555                       12.628555
              6       8.2457271       82.760512       1.6378336      0.99590349     0.039820851      0.15584554      0.66550889      0.51440136   5.1440136e-10      0.87549998      0.25120801      0.25255895       11.533068      0.13590907      0.71333228      0.28661496      0.19631126       124.11291      0.49268711      0.43017248      0.32794989      0.23995633      0.44821128       1.0652964              10       13.095488       1.6979834        1.6979834       13.095488                       13.095488
              4       7.8887222       76.181664       3.6807063       1.1839274     0.032018366      0.13279279      0.52482657       3.9674408   3.9674408e-09       1.3236599      0.24923743      0.25058132       12.547009       1.3888389      0.71484793       0.2850898      0.16545603        134.6292       1.4401366       1.2006137      0.91848979      0.67115024       1.2569816       1.0523863              10       12.381478       1.6979834        1.6979834       12.381478                       12.381478
              5       7.6056758       79.517293       1.8647103       1.0306632     0.036417035       0.1443001      0.20472822      0.64540659   6.4540659e-10       1.0419659      0.25040637      0.25175445       12.000723      0.42855713       0.7131138      0.28682904        0.181362       128.71917      0.54983804      0.47088761      0.35881564      0.26258937      0.49030416       1.0583015              10       11.815385       1.6979834        1.6979834       11.815385                       11.815385
              6       7.4302979       83.689703       1.8817716       1.0334316     0.041633447      0.15949743      0.31349886      0.65651253   6.5651253e-10      0.86770902      0.25124793      0.25259901       11.388872      0.35070452      0.71186057      0.28808783      0.20177575       122.24493      0.56801046      0.50102066      0.38069184      0.27890404      0.51962776       1.0650059              10       11.464629       1.6979834        1.6979834       11.464629                       11.464629
              7       7.2192958       75.519456       1.8916165       1.0254555     0.031407676      0.13430845      0.32479147      0.66300778   6.6300778e-10       1.3705112        0.249061      0.25040426       12.576708      0.34626479       0.7082384      0.29169823      0.16636099       134.83005      0.55526419      0.47050082      0.35461944      0.26061295      0.48253531       1.0535212              10       11.042625       1.6979834        1.6979834       11.042625                       11.042625
              1       7.0862475       87.612286         2.18397      0.85587453     0.046592517      0.18313616       0.3162581      0.88814956   8.8814956e-10      0.86770902      0.25124793      0.25259901        10.75587      0.47183246      0.69982764      0.30012528      0.23037354       115.44823      0.63624868      0.59576171      0.44079336      0.32625764       0.5955379       1.0744406              10       10.776528       1.6979834        1.6979834       10.776528                       10.776528
              4       6.9324929       86.192535       2.1434544        1.157913     0.044802694      0.17525952      0.29480932      0.85288488   8.5288488e-10      0.86770902      0.25124793      0.25259901       10.964111      0.47295769      0.70286894      0.29708242      0.22070708       117.68816      0.71892628      0.66160581      0.49276338      0.36379578      0.66745069       1.0717373              10       10.469019       1.6979834        1.6979834       10.469019                       10.469019
              5       7.1619947       87.323456       1.7670793      0.90762968     0.045894839      0.17571267      0.29135669      0.58537314   5.8537314e-10      0.86770902      0.25124793      0.25259901        10.87989      0.32686136      0.70848884      0.29146377      0.22225238       116.95597      0.51839513      0.47200148      0.35593649      0.26152828       0.4844248       1.0717466              10       10.928023       1.6979834        1.6979834       10.928023                       10.928023
              4       7.0419023       86.269387       1.8664362      0.87184208     0.044495702      0.17295627      0.22528473      0.64652145   6.4652145e-10      0.86770902      0.25124793      0.25259901       10.996186      0.41200559      0.70690534       0.2930461      0.21809684       118.22993      0.53576915       0.4872359      0.36613399      0.26938539      0.49762943        1.071494              10       10.687838       1.6979834        1.6979834       10.687838                       10.687838
              2       8.0450415       81.545012       3.7654827       1.0098311     0.037681369      0.16743853      0.27609666       4.3184548   4.3184548e-09      0.97575983       0.2507131      0.25206228       11.457278       2.4860729      0.69050583      0.30943982      0.20576476       123.61662       1.5331585       1.4236237       1.0325945      0.77014741        1.384477       1.0755256              10       12.694116       1.6979834        1.6979834       12.694116                       12.694116
              3       7.5233493        73.05645        2.699164        0.827665     0.028129315      0.13364167      0.40505269       1.4867298   1.4867298e-09       1.6651439      0.24804448      0.24938407        12.84787      0.66131404      0.69562575      0.30430654      0.16241585       137.91894      0.78900321      0.68309182      0.50088252      0.37201778      0.67438523       1.0551571              10       11.650732       1.6979834        1.6979834       11.650732                       11.650732
             10       7.5767733       65.141344       2.8485704      0.84440578     0.017900767      0.10358136      0.27420309       1.7263085   1.7263085e-09       3.5078189       0.2436977      0.24502147       14.633405      0.99758208      0.71210991      0.28780493      0.12212699       157.26003      0.82067399      0.63808466      0.48514726      0.35534331      0.66236752       1.0259689              10        11.75758       1.6979834        1.6979834        11.75758                        11.75758
              2        6.912432       72.240368       1.6375349      0.96610202     0.026795962      0.12932511      0.39967569      0.51424771   5.1424771e-10       1.8104594      0.24759208      0.24893004       13.040018      0.23121631      0.69953637      0.30039438      0.15676594        140.1773      0.48660844      0.41407891       0.3061911      0.22668121       0.4135896       1.0526652              10       10.428897       1.6979834        1.6979834       10.428897                       10.428897
              3         7.31711       74.712985       1.9276518       0.9807659     0.030488781      0.13243425      0.30909873       0.6873351    6.873351e-10       1.4453402      0.24878874      0.25013102       12.696334      0.37041518      0.70690943      0.29302583       0.1635679       136.04397      0.55445399      0.46921268      0.35260627       0.2594278      0.47925158       1.0522347              10       11.238253       1.6979834        1.6979834       11.238253                       11.238253
              1       9.0109844        68.79122       1.9899325      0.97414139     0.023532265      0.11492428      0.36535238      0.73150398   7.3150398e-10       2.2527278      0.24636718       0.2477007       13.776522      0.35226999      0.70597902      0.29394461      0.13910141       147.15613      0.56044548      0.45638325      0.34226796      0.25201862      0.46483613       1.0369875              10       14.626002       1.6979834        1.6979834       14.626002                       14.626002
              5        10.02466       71.463393       3.4818098      0.85256787     0.027054536      0.12591784     0.087275776       3.2518519   3.2518519e-09        1.780914      0.24768166      0.24901994       13.176779       2.7310144       0.6991328      0.30079644      0.15361724       140.73214       1.1514962      0.97575459      0.72089578      0.53387632      0.97342907       1.0465858              10       16.653354       1.6979834        1.6979834       16.653354                       16.653354
             14       8.1088772       95.735169       2.3798045       1.0525769     0.057303432      0.21933631      0.30021468       1.0802791   1.0802791e-09      0.86770902      0.25124793      0.25259901       9.8215722      0.59261525      0.69742061      0.30253996       0.2772846       105.21019      0.81409599      0.80261396      0.59075452      0.43812975      0.79654694       1.0804788              10       12.821788       1.6979834        1.6979834       12.821788                       12.821788
              4       9.1610786       90.405809       2.3878596       1.0593444     0.049416966      0.20752003      0.52733488        1.089016    1.089016e-09      0.86770902      0.25124793      0.25259901       10.281761      0.37931237      0.68480194      0.31515385      0.25758187       110.56448      0.83249987      0.82745344      0.59307961      0.44436889      0.79155727       1.0847329              10        14.92619       1.6979834        1.6979834        14.92619                        14.92619
              1        7.439087       74.938346       2.3400331       1.1560997      0.02995217      0.13244449      0.61789122        1.038158    1.038158e-09       1.4916346      0.24862563      0.24996732       12.690766      0.30169629      0.70960691      0.29032874      0.16304153       136.52085      0.73920681      0.62131223      0.46972158      0.34479664      0.63990869       1.0543395              10       11.482207       1.6979834        1.6979834       11.482207                       11.482207
             23       8.3497402       80.276154       2.3134955       1.1516696     0.037586448      0.14399355      0.37001478       1.0109701   1.0109701e-09      0.98053853       0.2506905       0.2520396       11.934366      0.48233366      0.71717316      0.28277076      0.18222486       127.89211      0.72134528       0.6127995      0.47129746      0.34367958      0.64630345       1.0568636              10       13.303514       1.6979834        1.6979834       13.303514                       13.303514
              2       8.1605182       80.462232       2.2912155      0.81105219     0.037594273      0.14540865       0.5126936      0.98869485   9.8869485e-10      0.98014344      0.25069237      0.25204147       11.896411      0.35460289      0.71628192      0.28366226      0.18364779         127.618      0.61278595      0.52265741      0.40114855      0.29275587      0.54967355       1.0583512              10        12.92507       1.6979834        1.6979834        12.92507                        12.92507
              1       8.1141984       80.065604       2.2899699      0.81151093     0.037029238      0.14435477      0.50654961      0.98746402   9.8746402e-10       1.0092066      0.25055653      0.25190515       11.951906      0.35854022      0.71598942      0.28395421      0.18202887       128.24298      0.61285303      0.52190767      0.40030536      0.29221566      0.54837713       1.0580984              10        12.83243       1.6979834        1.6979834        12.83243                        12.83243
              2       7.1249552       83.411637       2.2983977      0.81746269     0.040789789      0.16218474      0.40139025      0.99582135   9.9582135e-10      0.86770902      0.25124793      0.25259901       11.376901      0.44620897      0.70728639      0.29266167      0.20361939       122.36029      0.64173219      0.57317505      0.43108073      0.31706629      0.58609382       1.0682946              10       10.853944       1.6979834        1.6979834       10.853944                       10.853944
              2       7.9057128       91.421082       2.2839722      0.81835692     0.051130118      0.18778895      0.37173075      0.98155929   9.8155929e-10      0.86770902      0.25124793      0.25259901       10.440784      0.46669732      0.71332209      0.28663467      0.23956393       112.23976      0.64263363      0.58975732      0.44959224      0.32896598      0.61445011       1.0735144              10       12.415459       1.6979834        1.6979834       12.415459                       12.415459
             14       8.2079187        87.05093       2.2439531      0.82809662     0.044550187      0.17797009      0.04715333      0.94305378   9.4305378e-10      0.86770902      0.25124793      0.25259901       10.882538      0.85818239      0.70545623      0.29449608      0.22316514       117.43249      0.64333263      0.59031624      0.44217295      0.32573322      0.60023635       1.0759804              10       13.019871       1.6979834        1.6979834       13.019871                       13.019871
              5         7.33649        85.55318       1.8907254      0.95045073     0.043115657       0.1720897     0.074656641      0.66241721   6.6241721e-10      0.86770902      0.25124793      0.25259901       11.068702      0.57053945      0.70504695      0.29490368      0.21585023       119.22982      0.56781476      0.51716342      0.38703016      0.28521007      0.52520005       1.0730466              10       11.277013       1.6979834        1.6979834       11.277013                       11.277013
              8       7.4610016       86.158042       2.3625375        1.111098     0.044000534      0.17236415      0.40079975        1.061786    1.061786e-09      0.86770902      0.25124793      0.25259901       11.017793      0.47632869      0.70761201       0.2923393      0.21700955       118.62967      0.77687849      0.70451519      0.53024039      0.38989226      0.72110915       1.0722475              10       11.526036       1.6979834        1.6979834       11.526036                       11.526036
              3       7.8975094       89.451083       2.7761322       1.1958734     0.048371405      0.18151358      0.49206385       1.6056796   1.6056796e-09      0.86770902      0.25124793      0.25259901       10.655449      0.60014704      0.71184641      0.28810843      0.23052985       114.65164       1.0050858      0.91661543      0.69644194       0.5102393      0.95059587       1.0731719              10       12.399052       1.6979834        1.6979834       12.399052                       12.399052
              2       7.1055512       92.855995       3.4102198      0.96514627     0.052192441      0.20759165      0.75190168       3.0271898   3.0271898e-09      0.86770902      0.25124793      0.25259901       10.130649      0.67289321      0.69791466      0.30204342      0.26042896       109.10635       1.2908518        1.251511      0.92214392      0.68362204       1.2438882       1.0828523              10       10.815136       1.6979834        1.6979834       10.815136                       10.815136
              6       7.0308572        91.03056       3.3132049      0.93876146     0.050296896      0.19991453      0.67612821       2.7473033   2.7473033e-09      0.86770902      0.25124793      0.25259901        10.32719      0.71060639       0.6972298      0.30272659      0.25085629       111.07491       1.1998647         1.15415      0.84915801      0.62987033       1.1447901       1.0804461              10       10.665748       1.6979834        1.6979834       10.665748                       10.665748
              1       7.0126086        90.20172       3.3146318      0.93577868     0.049593185      0.19496172       0.6342315       2.7512262   2.7512262e-09      0.86770902      0.25124793      0.25259901       10.435212      0.77381975      0.69859224      0.30136334      0.24519977       112.10858       1.1863375       1.1313264      0.83481121      0.61853016       1.1267191       1.0781696              10        10.62925       1.6979834        1.6979834        10.62925                        10.62925
              3       6.9569466       74.413156        3.302853      0.93104689     0.029522468      0.13665281      0.69748462       2.7190103   2.7190103e-09       1.5301927      0.24849249       0.2498337       12.649255       0.6738813      0.69866948      0.30126526      0.16682015       135.98252       1.1111739      0.96217019      0.71014028      0.52611588       0.9585326       1.0576464              10       10.517926       1.6979834        1.6979834       10.517926                       10.517926
              8       6.9008111       72.497697       2.2049066      0.90087603     0.026966248      0.12995054      0.66672696      0.90694042   9.0694042e-10       1.7909247      0.24765117      0.24898935       13.001199      0.23903807      0.70015163      0.29977962      0.15756165       139.86619      0.62990401      0.53598081       0.3968597      0.29365509      0.53633542       1.0535007              10       10.405656       1.6979834        1.6979834       10.405656                       10.405656
              1        6.880753       71.235607       2.6663019       0.9916831     0.025471637      0.12596703      0.70130606       1.4386668   1.4386668e-09       1.9733064      0.24711716       0.2484534       13.232367      0.35384536      0.70022796      0.29970083      0.15208353       142.29179      0.81975386        0.691261      0.51192227      0.37877038        0.691882       1.0502479              10       10.365539       1.6979834        1.6979834       10.365539                       10.365539
              6       7.6551067       69.970503       2.6807597      0.99429998     0.023646793      0.12658865      0.55443732       1.4596178   1.4596178e-09       2.2346637      0.24641336      0.24774705       13.366704      0.48157177      0.69174752      0.30817867      0.15088031       144.02154       0.8449322         0.72409      0.52659897      0.39235632      0.70677204       1.0520897              10       11.914247       1.6979834        1.6979834       11.914247                       11.914247
              1        7.748852       57.983987       2.4515646      0.82632124    0.0099061483     0.085550771      0.48754475       1.1606492   1.1606492e-09       8.9281254      0.23725955      0.23855937       16.469294      0.43774884      0.71405757      0.28583494     0.096101786       176.60309      0.66893165      0.48767493      0.37244711      0.27232871      0.50937283      0.98625724              10       12.101737       1.6979834        1.6979834       12.101737                       12.101737
              1       8.6460769       57.287575       2.4616765      0.82466121    0.0090973092     0.082543163      0.61477806       1.1724452   1.1724452e-09       10.229335      0.23621693      0.23751283       16.744881      0.34284917      0.71869214      0.28119774     0.092285339        179.5196      0.66614429      0.47566374      0.36715673      0.26736493        0.504195      0.97819838              10       13.896187       1.6979834        1.6979834       13.896187                       13.896187
             20       7.3537981       59.842195       3.6388653      0.87591623      0.01209626     0.095969566       0.6441628       3.8048637   3.8048637e-09       6.5075834      0.23956905      0.24087754       15.693246        1.049123      0.69633022      0.30356887      0.10871069       168.53057       1.2739414      0.99603724      0.73150535      0.54297747      0.98549222       1.0082594              10       11.311629       1.6979834        1.6979834       11.311629                       11.311629
              2       7.3613974       59.981736       2.4508689       1.0032858     0.012216873     0.096633891      0.66162499       1.1598421   1.1598421e-09       6.4066239      0.23967954      0.24098844       15.645666      0.30882943      0.69555977      0.30433979      0.10949563       168.08351      0.73293057      0.57502414       0.4216111      0.31314949      0.56763916       1.0095874              10       11.326828       1.6979834        1.6979834       11.326828                       11.326828
              6       8.5165276       65.748068       3.6513964       1.0302708     0.019474638      0.11073844      0.79727139        3.852843    3.852843e-09       3.0660732      0.24453465      0.24586149       14.295947      0.78213223      0.69720128      0.30271512      0.13085795       153.06264        1.342747       1.0976333      0.80759613      0.59903577       1.0887689       1.0331136              10       13.637089       1.6979834        1.6979834       13.637089                       13.637089
              5       7.8884688        64.90611        2.564894      0.91463818     0.018280194      0.10840747      0.44901328        1.299928    1.299928e-09       3.3926252      0.24390746        0.245232       14.487461      0.52955529      0.69766289      0.30225133      0.12733253       155.27059      0.74863065      0.60720125      0.44720067      0.33158471      0.60312925       1.0304713              10       12.380971       1.6979834        1.6979834       12.380971                       12.380971
              5       7.2537599       62.511467       1.8179921       1.0533736     0.015278673     0.099794028      0.43805618      0.61594782   6.1594782e-10       4.5062648      0.24208096      0.24339878        15.12814      0.25647979      0.70377922       0.2961283      0.11571757       162.17086      0.53235925      0.41601351      0.31049501        0.229047      0.42090555       1.0178364              10       11.111553       1.6979834        1.6979834       11.111553                       11.111553
              7       7.1952793       62.293235       3.4578772      0.91804647     0.014991292     0.099779182      0.44301511       3.1749508   3.1749508e-09       4.6430349      0.24188286      0.24319994       15.162576       1.3089979      0.70247893      0.29742794      0.11541534       162.60128       1.1596017      0.90816286      0.67588797      0.49913745      0.91522796       1.0176269              10       10.994592       1.6979834        1.6979834       10.994592                       10.994592
              9       7.2541461       62.519979       3.2660812      0.95563828     0.015259429      0.10112129      0.44501553       2.6208432   2.6208432e-09       4.5152193      0.24206784       0.2433856       15.079891       1.0762309       0.7005135      0.29939405      0.11702558       161.75195        1.071608      0.84577541      0.62676701      0.46362508      0.84731587       1.0197279              10       11.112326       1.6979834        1.6979834       11.112326                       11.112326
              4       7.4159328       66.315499       3.4176005      0.81852405     0.019889888      0.11134969      0.48161566       3.0496152   3.0496152e-09       2.9638508      0.24474209      0.24606969       14.210884       1.1639089      0.70002679      0.29989104      0.13188444       152.37308       1.1058638      0.90025841      0.66642311      0.49316349      0.90055279       1.0345793              10       11.435899       1.6979834        1.6979834       11.435899                       11.435899
              5       7.1045382       65.419507       3.4110193      0.82242537     0.018064607      0.10967252      0.74896699       3.0296109   3.0296109e-09       3.4573377      0.24378894      0.24511305       14.404202      0.67739564      0.69993744      0.29997812      0.12838199       155.16836       1.1155421       0.9022172      0.66774708      0.49417913      0.90227641       1.0340841              10        10.81311       1.6979834        1.6979834        10.81311                        10.81311
              6       6.8470674       68.223535       3.3209167       1.0448584      0.02184073      0.11542819      0.67498554        2.768572    2.768572e-09       2.5468099      0.24565208        0.246983       13.860161      0.71774608      0.70361717      0.29630519      0.13791379       148.91662       1.1420731      0.93286161      0.69597852      0.51348841      0.94332429       1.0401462              10       10.298168       1.6979834        1.6979834       10.298168                       10.298168
              6       7.8601271       61.949022       3.3993765      0.85984115     0.013979845     0.095699973      0.66619314       2.9945423   2.9945423e-09       5.1823231      0.24114628      0.24246063       15.391691      0.79010069      0.71242838      0.28747745      0.11032468        165.5681       1.0898649       0.8255135      0.62811743      0.45993006      0.85780761       1.0123174              10       12.324287       1.6979834        1.6979834       12.324287                       12.324287
              1       7.6764929       64.832822       3.3262562      0.83334415     0.017909493      0.10195371      0.44172907       2.7833941   2.7833941e-09       3.5051015      0.24370259      0.24502638        14.71869       1.1505188      0.71321495      0.28669907      0.12050807       157.76396        1.029637      0.79589567      0.60664998      0.44390983      0.82905171       1.0228689              10       11.957019       1.6979834        1.6979834       11.957019                       11.957019
              4       7.4202849       98.623672       3.3281842      0.97665972     0.058975564      0.23121895      0.62384843       2.7887658   2.7887658e-09      0.86770902      0.25124793      0.25259901       9.5653157      0.80083708      0.70094929      0.29901356      0.29083938       103.13003       1.2768962       1.2643253      0.93771072       0.6934124       1.2680786       1.0867493              10       11.444603       1.6979834        1.6979834       11.444603                       11.444603
              3       7.2474941       97.657907       2.6447329       1.0323516     0.057966492      0.22631083      0.55047369       1.4079684   1.4079684e-09      0.86770902      0.25124793      0.25259901       9.6622343      0.46822817      0.70120967      0.29875243      0.28492219       104.12127       0.9307583      0.91635088      0.68001499      0.50274337      0.91979411       1.0855401              10       11.099021       1.6979834        1.6979834       11.099021                       11.099021
              7       6.9704298       96.093603       1.7437029      0.92418123     0.056369295      0.21940213      0.53367746      0.57184793   5.7184793e-10      0.86770902      0.25124793      0.25259901       9.8140197      0.19666823      0.70061402      0.29934684      0.27641629       105.64132      0.55210628      0.54015452      0.40032582      0.29611286      0.54121513       1.0837319              10       10.544893       1.6979834        1.6979834       10.544893                       10.544893
              2       9.0149676       86.000342       1.9338893      0.97733029     0.042702249      0.17801917      0.12753798       0.6916358    6.916358e-10      0.86770902      0.25124793      0.25259901       10.965785      0.53591928       0.7006481      0.29930304      0.22136629        118.5718      0.60213253      0.55722817      0.41301893      0.30549052      0.55839585        1.078583              10       14.633968       1.6979834        1.6979834       14.633968                       14.633968
              1       8.9457141       87.004632       1.9739322      0.97924022     0.044061101      0.18022746         0.12236      0.71989286   7.1989286e-10      0.86770902      0.25124793      0.25259901       10.861173       0.5636212      0.70280669      0.29714557      0.22493343       117.39287      0.61336984      0.56722688      0.42241168      0.31187333      0.57212853       1.0784273              10       14.495462       1.6979834        1.6979834       14.495462                       14.495462
              5       6.9223766       90.851608       2.2266722       1.1015381     0.050633931      0.19461913      0.36783697      0.92689694   9.2689694e-10      0.86770902      0.25124793      0.25259901       10.393977      0.44415271       0.7020431      0.29791312      0.24589793       111.59052      0.74797573      0.70847634      0.52671565      0.38913351      0.71294136       1.0767229              10       10.448787       1.6979834        1.6979834       10.448787                       10.448787
              1       7.7142178       92.826439       2.8609908      0.83336157     0.051579698      0.20975655      0.54511376       1.7478836   1.7478836e-09      0.86770902      0.25124793      0.25259901       10.115232      0.58753361      0.69592095      0.30403711      0.26198111       109.15194      0.92212088      0.89918388      0.65971347      0.48987695        0.888431       1.0853446              10       12.032469       1.6979834        1.6979834       12.032469                       12.032469
              4       7.8346088        87.19821       2.8160961      0.82808075     0.044729467      0.18098585      0.70194112       1.6711483   1.6711483e-09      0.86770902      0.25124793      0.25259901       10.831395      0.41050334      0.70224831      0.29770417      0.22636019       116.87252      0.86447215      0.80168191      0.59628107      0.44045064      0.80724394       1.0774432              10       12.273251       1.6979834        1.6979834       12.273251                       12.273251
              2       9.6297209       78.691156       2.9454818      0.82955159     0.035166718      0.15932063       0.4725662       1.9019824   1.9019824e-09       1.1132753      0.25009032      0.25143727       11.812021      0.73916385       0.6848208      0.31512084      0.19513222       126.86498      0.92935185      0.86171454       0.6176784      0.46278758      0.82440977       1.0701282              10       15.863475       1.6979834        1.6979834       15.863475                       15.863475
              1        8.840313        82.84041       2.9296208      0.82533716     0.040987615      0.16882308      0.17820843        1.872053    1.872053e-09      0.86770902      0.25124793      0.25259901       11.306652       1.3107754      0.69327407      0.30667327      0.21045556       121.13071      0.90700783      0.84203735      0.61432917      0.45716199      0.82552866       1.0703205              10       14.284659       1.6979834        1.6979834       14.284659                       14.284659
             10       7.3683617       95.930653       2.0711671       1.1999736     0.056645412      0.22323379      0.12884523      0.79340774   7.9340774e-10      0.86770902      0.25124793      0.25259901       9.7809084       0.6131728       0.6951324      0.30482833      0.28052407       105.07525      0.77410535      0.76916485      0.56336855      0.41860695      0.75819125       1.0840943              10       11.340757       1.6979834        1.6979834       11.340757                       11.340757
              4       8.1210373       85.862226       1.9815924       1.1854013     0.045215844      0.16506978     0.086437131      0.72542857   7.2542857e-10      0.86770902      0.25124793      0.25259901       11.122066      0.61026198      0.71383963      0.28611135      0.21093049       119.01496      0.64428355      0.57207182       0.4366283      0.31933436       0.5970052       1.0640634              10       12.846108       1.6979834        1.6979834       12.846108                       12.846108
             13       8.1158877       85.795565       3.4873065      0.99787851     0.045131563       0.1648865     0.084132695       3.2697758   3.2697758e-09      0.86770902      0.25124793      0.25259901       11.129827       2.7633841      0.71375827      0.28619264      0.21066293       119.09679       1.2395264       1.1004535      0.83975543      0.61421078       1.1481224       1.0640191              10       12.835809       1.6979834        1.6979834       12.835809                       12.835809
              6       8.0351741       85.380036        2.233858       1.1107689     0.044571622      0.16383826      0.08534084      0.93358145   9.3358145e-10      0.86770902      0.25124793      0.25259901        11.17762      0.78709309      0.71317141      0.28677902      0.20905475       119.61647      0.70208933      0.62295122       0.4747417      0.34741153      0.64873979        1.063886              10       12.674382       1.6979834        1.6979834       12.674382                       12.674382
              4       7.0534328       73.978255       3.0833369      0.91138715     0.029160561      0.12982974      0.29145034       2.1831129   2.1831129e-09       1.5637456      0.24837853      0.24971933        12.83867       1.2187809      0.70824472      0.29168924      0.15963517       137.82664      0.95929467      0.80449494      0.60636507       0.4456196      0.82509523       1.0515532              10       10.710899       1.6979834        1.6979834       10.710899                       10.710899
              8        8.154478       76.288361       2.1153854      0.99319068     0.032690255      0.13273338     0.046976569      0.82927816   8.2927816e-10        1.274584      0.24942723       0.2507718       12.526362      0.75491299      0.71459262      0.28534528       0.1660685       134.06785      0.60027526      0.50119194      0.38319714      0.28006893      0.52429967       1.0507972              10       12.912989       1.6979834        1.6979834       12.912989                       12.912989
              1        7.394659       79.004675       2.1325912      0.99286674     0.036069238       0.1468096      0.11642118         0.84367      8.4367e-10       1.0611917      0.25031969      0.25166746       11.995635      0.66842156      0.70591553      0.29402657      0.18352371       128.50472      0.62739812       0.5476567      0.41064473      0.30238685      0.55766014       1.0597436              10       11.393351       1.6979834        1.6979834       11.393351                       11.393351
              7       9.9710049       65.173953        2.052092       1.0591841     0.017250324      0.10374606      0.37214025      0.77841683   7.7841683e-10        3.720147      0.24332514      0.24464754       14.646325      0.36980715      0.71354147      0.28637345      0.12164125       158.08421      0.59755401      0.46264146      0.35289653      0.25815502      0.48240766       1.0276715              10       16.546043       1.6979834        1.6979834       16.546043                       16.546043
              3        9.996071       65.411064       3.6477045      0.98651704     0.017492228      0.10479341      0.38633269       3.8386449   3.8386449e-09       3.6388658      0.24346566      0.24478858       14.580011       1.7726118      0.71260125      0.28731429       0.1229305       157.42579       1.2968813        1.008877      0.76791853      0.56221762       1.0488801       1.0292446              10       16.596175       1.6979834        1.6979834       16.596175                       16.596175
              6       7.6114182       76.239687       3.3887732      0.93475725     0.031412009      0.13724421      0.30487901       2.9629582   2.9629582e-09       1.3701709      0.24906227      0.25040553       12.463042       1.6103155      0.70866663      0.29127119      0.16930109       134.19952       1.1417109       0.9707454      0.73235402      0.53801633      0.99688874       1.0579029              10        11.82687       1.6979834        1.6979834        11.82687                        11.82687
              6        7.907825       74.178433        1.839337      0.80538059     0.028750283      0.13015599      0.35383628       0.6292365    6.292365e-10       1.6030281      0.24824729      0.24958762        12.82517      0.31008133      0.70996997      0.28996435      0.15955114       138.13148      0.49563425      0.41400078      0.31324655      0.22986478      0.42687443        1.053525              10       12.419683       1.6979834        1.6979834       12.419683                       12.419683
              3       7.9983949       73.289784       2.6394882       0.9699361     0.027676897      0.12677865       0.3667421       1.4006033   1.4006033e-09        1.712543      0.24789359      0.24923264       12.995683      0.67261571      0.71118001      0.28875271      0.15510041       139.92602      0.78552444       0.6497492      0.49296143      0.36136364      0.67248318        1.050894              10       12.600823       1.6979834        1.6979834       12.600823                       12.600823
              4       8.3644587       80.955674       2.6825242      0.85924366       0.0366121      0.16076849      0.26287494       1.4621955   1.4621955e-09       1.0313802      0.25045456      0.25180281       11.617965       0.8643212      0.69779219      0.30215267      0.19802545        125.5363      0.81607862      0.73900999      0.54439266      0.40361646      0.73426977       1.0728601              10       13.332951       1.6979834        1.6979834       13.332951                       13.332951
              2        7.238377       77.082478       3.4209046      0.88723454     0.032403066      0.14330411      0.30649755       3.0597081   3.0597081e-09       1.2952557      0.24934666      0.25069095       12.262439       1.6575232      0.70313559      0.29680359      0.17635204       132.10911       1.1575967       1.0065799      0.75015743      0.55369386       1.0163309       1.0622229              10       11.080787       1.6979834        1.6979834       11.080787                       11.080787
              1       7.5570004       73.327528       2.4751693      0.92533618     0.027498563      0.13468647      0.36274894       1.1883719   1.1883719e-09       1.7317495      0.24783338      0.24917222       12.817827       0.5752712      0.69710197      0.30283082       0.1628299       138.27312        0.739778      0.63886026      0.46993193      0.34860609      0.63348295       1.0585764              10       11.718034       1.6979834        1.6979834       11.718034                       11.718034
              1        7.734085        76.87169       3.4411225       1.1260802     0.031812022      0.14681991      0.64778442       3.1221984   3.1221984e-09       1.3392438      0.24917822       0.2505219       12.220964      0.85467717      0.69655584        0.303383       0.1792768       131.89034       1.3307009       1.1785463      0.86588752      0.64262748        1.166712        1.065997              10       12.072203       1.6979834        1.6979834       12.072203                       12.072203
              1       7.3896079       82.634643       1.8846709       1.0647878     0.039203713       0.1650702       0.6138509      0.65841872   6.5841872e-10      0.90302185      0.25106844      0.25241889       11.403797      0.19289371      0.69985298       0.3000941      0.20491878       122.95683       0.6021236      0.54750654      0.40511758      0.29984406      0.54735202       1.0725328              10       11.383249       1.6979834        1.6979834       11.383249                       11.383249
              3       7.3913262       85.849315        3.852213      0.90161156     0.043245915      0.18021259      0.65219783       4.7097174   4.7097174e-09      0.86770902      0.25124793      0.25259901       10.936627       1.2779181      0.69588016       0.3040708      0.22410337       117.89807       1.5202228       1.4257513       1.0459703      0.77671738        1.408561        1.077878              10       11.386686       1.6979834        1.6979834       11.386686                       11.386686
              4       8.2953009       75.005536        3.892849      0.90436317     0.029599789      0.14492089      0.74092039       4.9050431   4.9050431e-09       1.5231537      0.24851661      0.24985791       12.434044       1.1145192      0.68857632      0.31135945      0.17516555       134.15752       1.5279212        1.368278      0.98846917      0.73837782       1.3232674       1.0657432              10       13.194635       1.6979834        1.6979834       13.194635                       13.194635
              1       9.2930233        77.49244       3.6710809      0.91500261     0.032341882      0.15612302      0.67699125       3.9294354   3.9294354e-09       1.2997178      0.24932939      0.25067361       11.996836       1.0146191       0.6850234      0.31491642      0.18910977        129.6462       1.4010165       1.2883669      0.92389312      0.69210272       1.2333119       1.0728848              10        15.19008       1.6979834        1.6979834        15.19008                        15.19008
              8       9.6809721       71.577432       2.4601815       1.0269754     0.024702666      0.13212302      0.62689739       1.1706936   1.1706936e-09       2.0777065      0.24682682      0.24816201       13.076559      0.33413894      0.69256962      0.30735984      0.15747055       141.58785      0.77750758      0.67230443      0.48978386      0.36468361      0.65779821       1.0590714              10       15.965977       1.6979834        1.6979834       15.965977                       15.965977
              5       9.8544142       71.465727       2.6423648       1.1160116     0.024525097      0.13176116        0.647709       1.4046381   1.4046381e-09       2.1029538      0.24675828      0.24809322       13.098116      0.38456658        0.692664      0.30726525      0.15693112        141.8537      0.88490435      0.76436045      0.55695948      0.41466937      0.74807517       1.0589084              10       16.312862       1.6979834        1.6979834       16.312862                       16.312862
              2       8.2124066       79.885306       2.6242618       1.1125707     0.035368015      0.15950304      0.63263851       1.3794387   1.3794387e-09       1.1013754      0.25014204      0.25148918       11.727935      0.38922396       0.6935719      0.30637147      0.19551592       126.68111      0.90006886       0.8198295       0.5985098      0.44528016      0.80446877       1.0728021              10       13.028847       1.6979834        1.6979834       13.028847                       13.028847
              2       7.8946299       80.893462       2.9094451       1.1738269     0.036819007      0.16346421      0.63573918       1.8346616   1.8346616e-09       1.0203038      0.25050533      0.25185376       11.574629      0.51446985      0.69289146      0.30705332      0.20092808       124.91325       1.0759947      0.98821198      0.72039431      0.53625793      0.96775813       1.0738375              10       12.393293       1.6979834        1.6979834       12.393293                       12.393293
              3       7.8873042       76.381492       3.6000421       1.0898691     0.031227083      0.14723769      0.51858123       3.6599774   3.6599774e-09       1.3847961      0.24900814       0.2503512       12.258558       1.2973121        0.692935      0.30700305      0.17910964       132.29381       1.4264186       1.2728005      0.92795459      0.69073649         1.24664       1.0666476              10       12.378642       1.6979834        1.6979834       12.378642                       12.378642
              2       7.9251316       76.874956       3.4889289      0.99772609     0.031839509      0.14922769      0.51766884       3.2750851   3.2750851e-09       1.3371535      0.24918613      0.25052984       12.174635       1.1630038      0.69246088      0.30747797      0.18171206       131.38865       1.2970276       1.1626932      0.84682789      0.63059229       1.1372126        1.067722              10       12.454296       1.6979834        1.6979834       12.454296                       12.454296
              1       7.3842605       83.635321       3.2770646      0.95707077     0.040679907      0.16477039       0.4974531       2.6497875   2.6497875e-09      0.86770902      0.25124793      0.25259901       11.325248      0.97978048      0.70531062      0.29463772      0.20609516       122.00219       1.1298947       1.0166775      0.76129843      0.56088913       1.0333153       1.0707444              10       11.372554       1.6979834        1.6979834       11.372554                       11.372554
              2       7.1447492       86.460089        3.074029       0.9657058     0.044325113      0.17648717      0.69986917       2.1628871   2.1628871e-09      0.86770902      0.25124793      0.25259901       10.938754      0.53350096      0.70370167      0.29624999      0.22145715       117.79499       1.0412946      0.95733701      0.71432534      0.52700003      0.96823654       1.0743662              10       10.893532       1.6979834        1.6979834       10.893532                       10.893532
             11        6.868295        81.60128       3.1173136      0.87752577     0.038479836      0.15958184      0.70779769       2.2585624   2.2585624e-09      0.93671578       0.2509012      0.25225105       11.566266      0.54833609      0.70153239      0.29841333      0.19870654       124.40298       1.0037803      0.90243188      0.67018039      0.49533187      0.90674915       1.0684849              10       10.340623       1.6979834        1.6979834       10.340623                       10.340623
              7        6.871316       81.692354       3.5679279        0.890785     0.038783258      0.15758845      0.58867859       3.5443076   3.5443076e-09      0.92240142      0.25097173      0.25232183        11.58814       1.0919725      0.70472981      0.29521604      0.19701657       124.53687       1.2520302       1.1153786      0.83414296      0.61485892       1.1316327       1.0665827              10       10.346665       1.6979834        1.6979834       10.346665                       10.346665
              4       6.9612755       75.222952       3.6053361       0.8897957     0.030765477      0.13784526      0.56873596       3.6794049   3.6794049e-09       1.4222365       0.2488716      0.25021418       12.538191       1.1797223       0.7008183      0.29911783       0.1692556       134.63045       1.2625025       1.0920849      0.80978183      0.59886455       1.0949832       1.0574081              10       10.526584       1.6979834        1.6979834       10.526584                       10.526584
              7       7.3748379       93.021064        2.079812      0.90965891     0.052163182      0.20602989      0.62857755       0.8002964    8.002964e-10      0.86770902      0.25124793      0.25259901       10.140078      0.22765403      0.70082454      0.29913369      0.25883794       109.31615      0.64038577      0.61603019      0.45677114      0.33780416      0.61763561        1.082646              10       11.353709       1.6979834        1.6979834       11.353709                       11.353709
              7       7.8858348       83.619918       1.7338186       1.0567076      0.04097364      0.15973696      0.64917338      0.56622345   5.6622345e-10      0.86770902      0.25124793      0.25259901        11.39969      0.15456922      0.71198051      0.28796781      0.20135546       122.64924      0.53656324       0.4729075      0.35942789      0.26329812       0.4906545       1.0667867              10       12.375703       1.6979834        1.6979834       12.375703                       12.375703
              9       8.0563945       61.018433       3.3331818      0.87523398     0.012639544     0.096530777      0.46440464       2.8027379   2.8027379e-09       6.0725005      0.24005569      0.24136599       15.515277       1.1071481      0.70495843       0.2949445      0.10981519        167.4203       1.0843504       0.8341753      0.62421651      0.46001324       0.8470327       1.0123478              10       12.716822       1.6979834        1.6979834       12.716822                       12.716822
              1        8.092096       71.072044       3.1406228      0.89252528     0.025222102      0.13123036      0.43465763       2.3118261   2.3118261e-09       2.0063335      0.24702422      0.24836013       13.125957      0.96920657      0.68892072      0.31100773      0.15709733       141.27791       1.0278592      0.89509265      0.64710663      0.48324642       0.8665289       1.0553743              10       12.788225       1.6979834        1.6979834       12.788225                       12.788225
              1       7.9296045       70.195187       3.1428218      0.89221498     0.024187507      0.12788172       0.4258269       2.3169153   2.3169153e-09       2.1522015      0.24662705      0.24796152       13.302771      0.98864782      0.68999608      0.30993058      0.15271409       143.13751       1.0240036      0.88345411      0.64013452      0.47762533      0.85793648       1.0525298              10       12.463242       1.6979834        1.6979834       12.463242                       12.463242
             10       7.1607093       67.018261       3.0915807      0.89305036      0.02001407      0.11153455      0.31381848       2.2011844   2.2011844e-09       2.9342943      0.24480317      0.24613099       14.135651       1.1751063      0.70559685      0.29432269      0.13219349       152.16801      0.96043923      0.77285623      0.57912512      0.42655825      0.78626051       1.0366343              10       10.925452       1.6979834        1.6979834       10.925452                       10.925452
             14        6.874076       70.327367       2.5527433      0.87629133     0.024277465      0.12187356     0.022750189       1.2842285   1.2842285e-09       2.1389156      0.24666211       0.2479967       13.439555       1.2271051      0.70312605      0.29680089      0.14679589       144.54219      0.73410065      0.60971563      0.45439557      0.33539021      0.61562718       1.0468011              10       10.352185       1.6979834        1.6979834       10.352185                       10.352185
              1       6.8566014       69.596039       2.3999464      0.94716867     0.023548554      0.11902286     0.044697609       1.1022585   1.1022585e-09       2.2501455      0.24637373      0.24770728       13.595001       1.0079979      0.70424443      0.29568096      0.14321628       146.05496      0.69425628      0.57166811      0.42708854      0.31493705      0.57917803       1.0436641              10       10.317236       1.6979834        1.6979834       10.317236                       10.317236
              1       6.8818065       68.723402       2.4020392      0.94725089     0.022428673      0.11610869      0.04125279       1.1045678   1.1045678e-09       2.4384237      0.24590753      0.24723937       13.780307        1.017093       0.7052273      0.29469618      0.13918223       148.06441      0.69269087      0.56509273      0.42309259      0.31173032      0.57423782       1.0408841              10       10.367646       1.6979834        1.6979834       10.367646                       10.367646
             13       6.8508723       68.916817       2.2341209      0.89658519     0.022654011      0.11723296     0.044656749       0.9338269    9.338269e-10       2.3987057      0.24600401      0.24733621       13.726245      0.85403963      0.70403799      0.29588592      0.14053184       147.51001      0.62719347       0.5142412      0.38401236      0.28322154      0.52067189       1.0420892              10       10.305778       1.6979834        1.6979834       10.305778                       10.305778
              2       7.4189117       65.067998        2.247733      0.89545469     0.018034773      0.10327515     0.026325974      0.94662511   9.4662511e-10        3.466445      0.24377241      0.24509645       14.646465      0.89807286      0.71186723      0.28804742      0.12195479       157.17788      0.61628927      0.47926618      0.36419529       0.2668089      0.49712811       1.0250553              10       11.441857       1.6979834        1.6979834       11.441857                       11.441857
              3       7.7973409       65.513723       3.0338948        1.185064     0.018622317      0.11306677      0.55392211       2.0778002   2.0778002e-09       3.2937528      0.24409206      0.24541728       14.273482      0.68623546      0.69159223      0.30832357      0.13233396       153.44825       1.0701149      0.88775572      0.64542864      0.48094998      0.86615686       1.0371188              10       12.198715       1.6979834        1.6979834       12.198715                       12.198715
              3       8.1465352       77.784565        2.945395       1.1882958     0.032952766       0.1536672      0.74577365       1.9018173   1.9018173e-09       1.2560724      0.24950012      0.25084495       12.010165      0.42795492      0.69043406      0.30950622      0.18726484       129.62623       1.0929281      0.99136048       0.7189615      0.53625701      0.96391401       1.0701854              10       12.897104       1.6979834        1.6979834       12.897104                       12.897104
              1       8.0686222       83.072166       2.2593203       1.0857612     0.039747675      0.17405789      0.77486192       0.9576578    9.576578e-10      0.87870759      0.25119162       0.2525425        11.23338      0.20331707      0.68919425      0.31075338      0.21445043        121.1088      0.75697344       0.7121534       0.5151247      0.38460625      0.68993536       1.0774347              10       12.741278       1.6979834        1.6979834       12.741278                       12.741278
             13       7.0802675        84.60238       1.9850994       1.1091477     0.042033953      0.17405363       0.7952179       0.7279771    7.279771e-10      0.86770902      0.25124793      0.25259901       11.110742      0.14838849      0.69714749      0.30280202      0.21673245       119.61228      0.65676872      0.60916861      0.44811909      0.33241693      0.60409293       1.0748129              10       10.764568       1.6979834        1.6979834       10.764568                       10.764568
              2       7.2889389       70.946507       2.1130364       1.0547233     0.025672963      0.12284586      0.55056718      0.82733245   8.2733245e-10         1.94723      0.24719128      0.24852779       13.328027      0.27508283      0.70358083      0.29634738      0.14916369       142.85423      0.62722129      0.52251427      0.38979528      0.28759865      0.52830692       1.0458526              10       11.181911       1.6979834        1.6979834       11.181911                       11.181911
              4       7.1406331       70.782952        2.099718       1.0550171     0.025370121      0.12122566      0.54426977      0.81638672   8.1638672e-10       1.9866467       0.2470795       0.2484156       13.389949      0.27488384      0.70604762      0.29388025      0.14724065       143.56789       0.6194595      0.51158933      0.38372478      0.28252862      0.52116741       1.0445808              10         10.8853       1.6979834        1.6979834         10.8853                         10.8853
              8       7.7720162       76.588916       2.6620713       1.0801173     0.032488351      0.13453416      0.40277858       1.4325932   1.4325932e-09       1.2890703      0.24937068      0.25071505       12.471295      0.64013834      0.71410253      0.28583586      0.16766737       133.85558      0.82824395      0.69396433      0.52999334      0.38752488      0.72483846       1.0536609              10       12.148066       1.6979834        1.6979834       12.148066                       12.148066
              4       7.7878196       75.734812       2.4347789      0.81091327     0.031701838      0.13170948      0.25073399       1.1413295   1.1413295e-09       1.3476674      0.24914644         0.25049       12.609564      0.69123586      0.71391363      0.28602337      0.16405619       135.13733      0.65534565      0.54634935      0.41707924      0.30501343      0.57031947       1.0511112              10       12.179672       1.6979834        1.6979834       12.179672                       12.179672
              1       7.5242566       83.304498       2.4322181      0.81118403     0.041621837      0.15855864      0.13003161       1.1384105   1.1384105e-09      0.86770902      0.25124793      0.25259901       11.427202      0.87771777      0.71055919      0.28938873      0.20082535       122.41152      0.67102054      0.59291763      0.44920072      0.32946619      0.61244916       1.0634829              10       11.652546       1.6979834        1.6979834       11.652546                       11.652546
              2       7.1255816       87.757314       3.2994257      0.90302374     0.047003018      0.17687223      0.21807991       2.7097072   2.7097072e-09      0.86770902      0.25124793      0.25259901       10.825404       1.7518647      0.70841948       0.2915336      0.22452012       116.12229       1.1090921        1.012558      0.76345147      0.56098802        1.038985       1.0704137              10       10.855196       1.6979834        1.6979834       10.855196                       10.855196
              4       8.3074178       82.493525       2.3806366       0.8788255     0.040259287       0.1681505      0.21460983       1.0811784   1.0811784e-09      0.86770902      0.25124793      0.25259901        11.34872      0.70386542      0.69274767      0.30719923      0.20905466       121.72619      0.70882947      0.65768915      0.47929922      0.35683032      0.64380107       1.0710789              10       13.218869       1.6979834        1.6979834       13.218869                       13.218869
              2        8.264022       81.956799        3.083501      0.98696124     0.039584671      0.16593151      0.21143428       2.1834713   2.1834713e-09      0.88590597      0.25115496      0.25250571       11.425835       1.4305334       0.6930181       0.3069281      0.20616105         122.551       1.0579525      0.97764801       0.7128823      0.53061191      0.95776436       1.0702715              10       13.132077       1.6979834        1.6979834       13.132077                       13.132077
              6        6.935473        80.73202       3.4300507       1.1827454     0.037827985      0.15327877      0.74331902       3.0878208   3.0878208e-09      0.96843702       0.2507479       0.2520972       11.737147      0.69825393      0.70574135      0.29420321      0.19175162        125.9905       1.3341706       1.1778983      0.88286868      0.65021646       1.1987656       1.0639057              10       10.474979       1.6979834        1.6979834       10.474979                       10.474979
             17       6.8979064       80.562504       3.4384832        1.182884     0.037580912      0.15370282      0.75786038        3.113969    3.113969e-09      0.98081815      0.25068918      0.25203827       11.745043      0.68398272      0.70422903      0.29571529       0.1919286       126.09382       1.3451145        1.191799      0.89031599      0.65654216       1.2073293       1.0644407              10       10.399846       1.6979834        1.6979834       10.399846                       10.399846
              4       7.0663392       99.892038       2.8218909      0.87250883     0.061428059      0.23069431      0.69492541       1.6808604   1.6808604e-09      0.86770902      0.25124793      0.25259901        9.493947      0.41872327      0.70656337      0.29340042      0.29276724       102.10713        0.917881      0.89920216      0.67517601      0.49691509      0.91738539       1.0829696              10       10.736712       1.6979834        1.6979834       10.736712                       10.736712
             18       7.5191388       99.921871       2.5934336       0.8019829      0.06279535      0.22513346      0.79861877        1.337562    1.337562e-09      0.86770902      0.25124793      0.25259901       9.5308609      0.27079614      0.71093868      0.28902513      0.28857368       102.10813      0.76924666       0.7435819      0.56380614      0.41339355       0.7689461       1.0776395              10       11.642311       1.6979834        1.6979834       11.642311                       11.642311
             14         7.09291       98.761054       2.6382939      0.81138937      0.06038082      0.23262805      0.45756841       1.3989316   1.3989316e-09      0.86770902      0.25124793      0.25259901        9.533757      0.56021871      0.69889529      0.30106766      0.29365374       102.35826      0.81965943      0.81717462      0.60338197      0.44694939      0.81456604       1.0839047              10       10.789853       1.6979834        1.6979834       10.789853                       10.789853
              1       7.2371963       97.333311       2.9951186      0.87909376     0.058506875      0.22801494       0.4703088       1.9987731   1.9987731e-09      0.86770902      0.25124793      0.25259901       9.6552102      0.78029436      0.69684432      0.30311754      0.28716668       103.68842       1.0177228       1.0134471      0.74501158      0.55279714       1.0040614       1.0840446              10       11.078426       1.6979834        1.6979834       11.078426                       11.078426
              5       6.9562473       96.313087       2.9194335      0.87525167     0.057391638      0.21391758      0.59806927       1.8530787   1.8530787e-09      0.86770902      0.25124793      0.25259901       9.8487318      0.56029599      0.70678736      0.29317368      0.27195408       105.79251      0.94582408       0.9091936      0.68302133      0.50259193      0.92822448       1.0794323              10       10.516528       1.6979834        1.6979834       10.516528                       10.516528
              1       6.9073194       96.246112       3.3867415      0.89241184     0.057217963      0.21465225      0.75524634       2.9569444   2.9569444e-09      0.86770902      0.25124793      0.25259901       9.8461122      0.65289677      0.70577353      0.29418745      0.27251508       105.78906       1.2102154       1.1665594      0.87440031      0.64397104        1.187283       1.0800217              10       10.418672       1.6979834        1.6979834       10.418672                       10.418672
             11       6.9612848       94.458063       2.1562381       1.0585629     0.054761692      0.21342475      0.74878981      0.86385787   8.6385787e-10      0.86770902      0.25124793      0.25259901       9.9657397      0.19321985      0.69865766      0.30130183      0.26883131        107.1122      0.72839632      0.71068922      0.52449059      0.38858689      0.70792501       1.0820076              10       10.526603       1.6979834        1.6979834       10.526603                       10.526603
             14        7.091923       95.511561       3.5506831      0.87120917     0.055670557      0.22054003      0.77476744       3.4837106   3.4837106e-09      0.86770902      0.25124793      0.25259901       9.8359433      0.73975453      0.69647262      0.30348777      0.27685545       105.84186       1.3338566       1.3172101      0.96754778      0.71813769       1.3035783       1.0847225              10       10.787879       1.6979834        1.6979834       10.787879                       10.787879
              3       7.0325843       91.474143       3.3764437      0.83616184     0.051682895       0.1929646      0.20376076       2.9266506   2.9266506e-09      0.86770902      0.25124793      0.25259901       10.369771       1.9470923      0.70680854      0.29314827      0.24529237       111.24868       1.1364984       1.0646025      0.79981552      0.58852059       1.0869711       1.0746048              10       10.669202       1.6979834        1.6979834       10.669202                       10.669202
              1       6.9545649       93.682501       2.8845466       1.1845658     0.053626096      0.20538335     0.069982095       1.7895452   1.7895452e-09      0.86770902      0.25124793      0.25259901       10.099528       1.5558116      0.70410404      0.29585478      0.25965431       108.65204       1.1084203       1.0594862      0.79123108      0.58354316       1.0728369       1.0799702              10       10.513163       1.6979834        1.6979834       10.513163                       10.513163
             13       8.5813731        96.26465       2.8186994       1.1797462     0.057507074      0.20400506     0.023377626       1.6755044   1.6755044e-09      0.86770902      0.25124793      0.25259901       9.9517967       1.5989689      0.71706436      0.28289664        0.262157       106.91116       1.0387736      0.96674116      0.74329511      0.54208604       1.0191881       1.0750479              10        13.76678       1.6979834        1.6979834        13.76678                        13.76678
              1       8.4863964        97.68014       3.1502672      0.96912688     0.060594674      0.20998111      0.10678098         2.33423     2.33423e-09      0.86770902      0.25124793      0.25259901       9.7946209       1.8853625      0.71570575      0.28425637      0.27122065       104.76305       1.0842071       1.0208112      0.78242538      0.57130823       1.0715572       1.0727179              10       13.576826       1.6979834        1.6979834       13.576826                       13.576826
              4       8.0103888       88.228799       2.6774802      0.98930355     0.048060239      0.18433353      0.59820303       1.4548388   1.4548388e-09      0.86770902      0.25124793      0.25259901       10.688272      0.43976669      0.70058432      0.29936925      0.23303864       114.42792      0.86704797      0.81287854      0.60242101       0.4456069      0.81441978       1.0725408              10       12.624811       1.6979834        1.6979834       12.624811                       12.624811
              1       7.9169198       88.059642       3.2833175       1.0561579     0.047785749      0.18386445      0.61175039       2.6664084   2.6664084e-09      0.86770902      0.25124793      0.25259901       10.706874      0.78445319      0.70039178      0.29956161      0.23229507       114.65182        1.216761        1.140308      0.84472489      0.62493785       1.1418098       1.0726429              10       12.437873       1.6979834        1.6979834       12.437873                       12.437873
              1       7.1858633       89.063538       2.1685453       1.0345611     0.047422031       0.1921815     0.031975146      0.87455525   8.7455525e-10      0.86770902      0.25124793      0.25259901       10.553751      0.82037797      0.69708141      0.30287303      0.24024839       113.69346       0.7091697      0.67503386      0.49649547      0.36832436      0.66926812       1.0800996              10        10.97576       1.6979834        1.6979834        10.97576                        10.97576
             12       7.2470176       96.796175       1.6180737       1.0925628       0.0571278       0.2193489       0.1221906      0.50433661   5.0433661e-10      0.86770902      0.25124793      0.25259901       9.7755534      0.39499089      0.70419155      0.29576988      0.27712157       105.29081      0.56899473      0.55269655      0.41283435      0.30444883      0.55980573       1.0832679              10       11.098068       1.6979834        1.6979834       11.098068                       11.098068
              5       7.2776667       97.112868       1.6185978       1.0927109     0.057494309      0.22073471      0.12750268      0.50460099   5.0460099e-10      0.86770902      0.25124793      0.25259901       9.7443092      0.39102154      0.70425966      0.29570202      0.27887389       104.96246      0.57026629      0.55472255      0.41440946      0.30559288      0.56197383       1.0835271              10       11.159367       1.6979834        1.6979834       11.159367                       11.159367
              3       7.1672905       96.930372       1.6224953       1.0922005     0.057362908      0.21996567      0.13326828      0.50657148   5.0657148e-10      0.86770902      0.25124793      0.25259901        9.761212      0.38804794      0.70410338      0.29585816      0.27797344       105.11081      0.57041287      0.55460697      0.41418097       0.3054647      0.56158986       1.0831816              10       10.938614       1.6979834        1.6979834       10.938614                       10.938614
              1       7.1566667        86.51568       1.6516859       1.0899943     0.044606044       0.1824825      0.10986095      0.52157655   5.2157655e-10      0.86770902      0.25124793      0.25259901       10.850591      0.41869141      0.69569716      0.30425456      0.22773341       116.72576      0.55716657      0.52485184      0.38489453      0.28585844      0.51824183       1.0769177              10       10.917367       1.6979834        1.6979834       10.917367                       10.917367
              1       7.2812334       88.650659       2.1737405       1.0429991     0.047753887      0.18996051      0.36443439      0.87911057   8.7911057e-10      0.86770902      0.25124793      0.25259901       10.598734       0.4241308      0.69665703      0.30329698      0.23835926       113.81279      0.70817502      0.67336996      0.49482155      0.36721096       0.6667785       1.0771459              10         11.1665       1.6979834        1.6979834         11.1665                         11.1665
              7       8.6724549       99.088281       2.1789496      0.96597703     0.062629209      0.21807812     0.079025522      0.88370186   8.8370186e-10      0.86770902      0.25124793      0.25259901       9.6339561      0.75451012      0.71340969       0.2865535      0.28135219       102.94474      0.67426391      0.64404628      0.49106897        0.359289      0.67118318       1.0737366              10       13.948943       1.6979834        1.6979834       13.948943                       13.948943
              3       8.5879612       96.041681       2.1818166      0.96528259     0.058717402      0.20697192      0.14618091      0.88623909   8.8623909e-10      0.86770902      0.25124793      0.25259901        9.918494      0.66157605      0.71122052       0.2887403      0.26633419       105.98236      0.66904658      0.63348126      0.48063245      0.35232214      0.65567139       1.0726846              10       13.779956       1.6979834        1.6979834       13.779956                       13.779956
              5       8.1064722       96.575335       2.0621423      0.95862155     0.059106899      0.21122656      0.20192512       0.7862796    7.862796e-10      0.86770902      0.25124793      0.25259901       9.8467134      0.52503357      0.70942381      0.29053744      0.27097832       105.30316      0.63439552      0.60571173      0.45771353      0.33604255      0.62343793       1.0745565              10       12.816978       1.6979834        1.6979834       12.816978                       12.816978
              4       8.9666057       97.821864       1.7716181      0.98541316     0.061178872      0.21410018     0.012815454      0.58803606   5.8803606e-10      0.86770902      0.25124793      0.25259901       9.7417351      0.57315568      0.71161388      0.28834835      0.27592392       104.02989       0.5549251      0.52962556       0.4021904      0.29472099      0.54884831       1.0731485              10       14.537245       1.6979834        1.6979834       14.537245                       14.537245
              4       10.264686       98.387365       3.0315236       1.0743767     0.062340262      0.21855227      0.28204266        2.072879    2.072879e-09      0.86770902      0.25124793      0.25259901       9.6626105       1.1792199      0.70912046      0.29084221       0.2815374       103.01917       1.1061639       1.0670179      0.80575589      0.59172218       1.0972084        1.073132              10       17.133406       1.6979834        1.6979834       17.133406                       17.133406
              1       9.7707423       98.278063       2.0529372        1.109039     0.062014804      0.21847088      0.27395417      0.77907502   7.7907502e-10      0.86770902      0.25124793      0.25259901       9.6712632      0.45042834      0.70889431      0.29106827      0.28113055       103.17118      0.69358144      0.66913232      0.50503848      0.37095667      0.68758399       1.0736786              10       16.145518       1.6979834        1.6979834       16.145518                       16.145518
              7        10.09476       94.684145       1.8074897       1.0805794     0.057653354      0.19671625      0.77286302      0.60951274   6.0951274e-10      0.86770902      0.25124793      0.25259901       10.102489      0.12992194      0.71550683      0.28445286      0.25501447       107.73155      0.57705675      0.53525077      0.41007164       0.2994762      0.56150956       1.0681012              10       16.793554       1.6979834        1.6979834       16.793554                       16.793554
              1       7.7057891        92.07379       1.7549425       1.0895479       0.0529083      0.18983061      0.63842297      0.57831152   5.7831152e-10      0.86770902      0.25124793      0.25259901       10.362225      0.16130012      0.71286636      0.28709101      0.24338378       111.01562      0.56833659      0.52418203      0.39918896      0.29220216      0.54534788        1.071307              10       12.015612       1.6979834        1.6979834       12.015612                       12.015612
              1       7.8043596       61.893662       2.5811339      0.98688137     0.014717849     0.099263285      0.64539829       1.3212111   1.3212111e-09       4.7795005      0.24169003       0.2430064       15.234829      0.36340122      0.70068556      0.29922011        0.114626       163.18668      0.76581191      0.60107377      0.44559766      0.32956463      0.60248357       1.0160937              10       12.212752       1.6979834        1.6979834       12.212752                       12.212752
             11       8.3100554       60.799169       1.9099159      0.95389638     0.013544898     0.093511294      0.50583236      0.67525211   6.7525211e-10       5.4463634      0.24080808      0.24212118       15.624281      0.24553055      0.70854576      0.29135648      0.10770106       167.05074      0.53024242      0.40271367      0.30375921      0.22316991      0.41345028       1.0059342              10       13.224144       1.6979834        1.6979834       13.224144                       13.224144
              6       9.0337417       61.166429       3.3742045        1.154464     0.014119619     0.094002597      0.52990716       2.9201046   2.9201046e-09        5.101879      0.24125205      0.24256679       15.540029       1.0118751      0.70918588      0.29071753      0.10876708       165.95836         1.17381      0.89242011      0.67409668      0.49498267      0.91802473       1.0070492              10       14.671517       1.6979834        1.6979834       14.671517                       14.671517
              1       7.0153184       67.227447       2.6544331       1.1636446     0.020536392      0.11545193      0.40721977       1.4216924   1.4216924e-09       2.8147996       0.2450553      0.24638404       13.986727      0.62964976      0.69760277      0.30231727      0.13663319       150.42901      0.87085213        0.718994      0.52946038      0.39259902      0.71403209        1.040443              10        10.63467       1.6979834        1.6979834        10.63467                        10.63467
              2       7.1659401        68.99336       3.3034929      0.98965423     0.022824387      0.12101691      0.41272338       2.7207507   2.7207507e-09       2.3693065      0.24607581      0.24740828       13.613638       1.1917956      0.69638705      0.30353703      0.14448617       146.32329       1.1300733      0.94861864      0.69672788       0.5171495      0.93866423       1.0458387              10       10.935913       1.6979834        1.6979834       10.935913                       10.935913
              4       7.1514167       68.951003       3.6515027      0.90962539     0.022772314      0.12081576      0.41339074       3.8532524   3.8532524e-09       2.3782331      0.24605405      0.24738643          13.624       1.6856244      0.69654654      0.30337745      0.14423295       146.43282       1.3036097       1.0934369      0.80336647       0.5962241        1.082475       1.0456419              10       10.906867       1.6979834        1.6979834       10.906867                       10.906867
              1       7.6587852       66.945132       3.7326149      0.91440951     0.020608561      0.11501146      0.52321118       4.1788238   4.1788238e-09       2.7988745      0.24508923      0.24641809       14.023225       1.4675692      0.69586869      0.30405067      0.13626489       150.46651       1.3533848       1.1207869       0.8222754      0.61059576       1.1073395       1.0389211              10       11.921604       1.6979834        1.6979834       11.921604                       11.921604
              3       7.7947565       67.414569       3.7320346      0.91438638     0.021207924      0.11664939      0.52008444       4.1763994   4.1763994e-09       2.6717617      0.24536779      0.24669767       13.916645       1.4759186      0.69516671      0.30475377      0.13850218       149.31095       1.3555974       1.1288927      0.82697979       0.6144438       1.1130319       1.0406507              10       12.193546       1.6979834        1.6979834       12.193546                       12.193546
              2       7.7968145       67.420493       2.0318744      0.90667045      0.02121682      0.11665883      0.52079249      0.76283718   7.6283718e-10       2.6699416      0.24537183      0.24670173       13.915591      0.26920136      0.69517993      0.30474056      0.13852052       149.29806      0.57770864      0.48109732      0.35244178      0.26186048      0.47435646       1.0406565              10       12.197662       1.6979834        1.6979834       12.197662                       12.197662
              1       9.1194323       68.257756       2.6525437      0.81253568     0.022324404      0.12205897      0.52946165       1.4190088   1.4190088e-09       2.4571367      0.24586299      0.24719468        13.66345      0.49215346      0.68864433       0.3112781      0.14502824       146.60179      0.77374838      0.66084611      0.47748848      0.35665642      0.63925739       1.0460312              10       14.842898       1.6979834        1.6979834       14.842898                       14.842898
              1       9.1394818       68.137234       3.8728577       1.0498865     0.022343433      0.12033115      0.32374406       4.8079585   4.8079585e-09       2.4537052      0.24587111      0.24720283       13.719598       2.5162871      0.69122252      0.30869964      0.14331945        147.0334       1.5436089       1.3073833      0.94975933      0.70794187       1.2741763       1.0438398              10       14.882997       1.6979834        1.6979834       14.882997                       14.882997
              2       8.3993234       66.416209       3.8770161       1.0516102     0.019891767       0.1162202      0.30772185       4.8279936   4.8279936e-09       2.9634002      0.24474302      0.24607062        14.05791       2.6090529      0.68989012      0.31002796      0.13675683       150.98347       1.5538486       1.3043598      0.94492201      0.70509263       1.2663267       1.0404249              10        13.40268       1.6979834        1.6979834        13.40268                        13.40268
              2       7.9445146       65.796778       3.8741278       1.0511278     0.019118469      0.11341485      0.34066541       4.8140689   4.8140689e-09        3.158155      0.24435258      0.24567875       14.221145       2.4356456      0.69228995      0.30762658      0.13317819       152.72656       1.5406569       1.2782641      0.93070962      0.69313873       1.2497071       1.0372238              10       12.493062       1.6979834        1.6979834       12.493062                       12.493062
              2       7.8483915       65.409941       3.5324426        1.132509     0.018547217       0.1126731      0.34343855        3.420742    3.420742e-09       3.3150668       0.2440519      0.24537697       14.297627       1.7211288      0.69170844      0.30820709      0.13186519        153.6582        1.342854        1.112756       0.8092102       0.6029371       1.0860522       1.0365157              10       12.300816       1.6979834        1.6979834       12.300816                       12.300816
              1       8.0576734       66.855497       2.9606197      0.89645269     0.020285815      0.11742971      0.32388954       1.9309934   1.9309934e-09       2.8711762      0.24493557      0.24626388       13.971593       1.0103083      0.69036436      0.30955478      0.13836039        150.1764      0.92894714      0.78129349      0.56655744      0.42259886      0.75955559       1.0421192              10        12.71938       1.6979834        1.6979834        12.71938                        12.71938
              4       7.4045497       66.183848       3.0474757      0.93148747     0.019549365      0.11296094      0.33716339       2.1062109   2.1062109e-09        3.047281      0.24457236      0.24589933        14.18525        1.073113      0.69593119      0.30398631      0.13315517       152.32546      0.96761321      0.79659446      0.58450913      0.43401507      0.78718679       1.0368591              10       11.413133       1.6979834        1.6979834       11.413133                       11.413133
              3       7.4247012       66.253434       3.0476496      0.93145253       0.0196291      0.11327624      0.34204496       2.1065772   2.1065772e-09       3.0274242       0.2446124      0.24593953        14.16695       1.0628718      0.69566963      0.30424804      0.13355021       152.13707      0.96844269      0.79831448      0.58544361      0.43480249      0.78827567       1.0372429              10       11.453436       1.6979834        1.6979834       11.453436                       11.453436
              3       7.1325237       67.916715       2.2629182       1.0976039      0.02165913      0.11656656      0.49672428      0.96110949   9.6110949e-10        2.581752      0.24557198       0.2469026       13.860982      0.35589644      0.69885905      0.30106261      0.13887055       148.81375      0.69340321      0.57326601      0.42329037      0.31354696      0.57144467       1.0409297              10       10.869081       1.6979834        1.6979834       10.869081                       10.869081
              2        7.161042       68.684285       1.7297183       1.1970083     0.022240208      0.12061395      0.66726362      0.56390654   5.6390654e-10       2.4724055      0.24582694      0.24715849       13.666731      0.14846679      0.69574091      0.30418248      0.14349903        147.0737      0.56224855      0.47181167      0.34605138      0.25699468      0.46596901       1.0460267              10       10.926117       1.6979834        1.6979834       10.926117                       10.926117
              3       8.2864374       72.984648       1.9384892        1.061051     0.027724455      0.13755767       0.6928633      0.69482459   6.9482459e-10       1.7074719      0.24790957      0.24924868       12.776546       0.1738048      0.68843506       0.3114971      0.16592699       137.42088       0.6073289      0.53670937      0.38761735      0.28957876      0.51884747       1.0594375              10       13.176908       1.6979834        1.6979834       13.176908                       13.176908
              5       8.2714548       73.320062       1.9768421       1.0597635     0.028187228      0.13845231      0.69300471      0.72199069   7.2199069e-10       1.6592099       0.2480636      0.24940327       12.721787      0.18054911      0.68875411      0.31117866       0.1672844       136.79786      0.61863799      0.54745408      0.39564023      0.29549688      0.52972198       1.0598339              10       13.146943       1.6979834        1.6979834       13.146943                       13.146943
              3       7.9368954       73.041389        3.540947      0.98023976      0.02782484      0.13663284      0.65782181       3.4499576   3.4499576e-09       1.6968369      0.24794322      0.24928245       12.790078       0.9256291      0.69046427      0.30946799      0.16510255       137.53289       1.2999798       1.1425262      0.82865749      0.61805766       1.1110181       1.0585327              10       12.477824       1.6979834        1.6979834       12.477824                       12.477824
              1        7.842448        72.03251       3.8989722      0.81561658     0.026532433      0.13320697      0.67551804       4.9351701   4.9351701e-09        1.841293       0.2474998      0.24883743       12.973389       1.2780699      0.69082632      0.30910404      0.16038427       139.52976       1.4512004       1.2652512      0.91837031      0.68476886       1.2316623       1.0562945              10       12.288929       1.6979834        1.6979834       12.288929                       12.288929
              2       7.5416198       68.426733       3.8368775      0.85915988     0.022611992      0.11585418       0.6546068       4.6380426   4.6380426e-09         2.40604      0.24598608      0.24731821        13.80865       1.2524214      0.70281779      0.29710503      0.13911104        147.9273       1.3721447       1.1251818      0.83799286      0.61868248       1.1350443       1.0392599              10       11.687273       1.6979834        1.6979834       11.687273                       11.687273
              2       7.7514541        72.78881       3.6400385      0.86886683     0.027584902      0.13489571       0.6409284       3.8093302   3.8093302e-09        1.722413      0.24786258      0.24920152       12.852879       1.0571711      0.69204393      0.30788787      0.16312548        138.1451       1.2977831        1.133388      0.82476945        0.614371       1.1072213       1.0569995              10       12.106941       1.6979834        1.6979834       12.106941                       12.106941
              2       6.8858371       79.030289       3.1520646      0.82607127     0.035493039      0.14786652      0.57805185       2.3384295   2.3384295e-09       1.0940678        0.250174      0.25152125        11.98518      0.73592713      0.70533645      0.29460569      0.18400442       128.74496      0.97791566      0.85527558      0.64048427      0.47186607      0.86935706       1.0621726              10       10.375707       1.6979834        1.6979834       10.375707                       10.375707
              2       6.8669041       81.725277       3.0518528      0.93662009     0.038651666       0.1602848      0.65168913       2.1154503   2.1154503e-09      0.92857507      0.25094121       0.2522912       11.544355      0.57458308      0.70112764      0.29881825      0.19958133       124.15944       1.0000348      0.90084611      0.66841334      0.49419334      0.90405183       1.0687718              10       10.337841       1.6979834        1.6979834       10.337841                       10.337841
              6       6.9403182       84.898169       2.5605466      0.92455023      0.04253971      0.17354698      0.54208999        1.294289    1.294289e-09      0.86770902      0.25124793      0.25259901       11.093696      0.43770135      0.69925535      0.30069451      0.21673156       119.36795      0.79215567      0.73141442      0.54049424       0.4002418      0.72989384       1.0738509              10        10.48467       1.6979834        1.6979834        10.48467                        10.48467
              1       6.9724257       80.199158       2.1059988      0.96508243     0.036851465       0.1511967      0.33106124      0.82153042   8.2153042e-10       1.0185802      0.25051326      0.25186172        11.82442      0.42370883      0.70657346      0.29337036      0.18869303       127.09041      0.61772842      0.54218558      0.40713322      0.29963366       0.5532004       1.0638083              10       10.548885       1.6979834        1.6979834       10.548885                       10.548885
              3       6.9043218       80.149098       2.8971032      0.94901689     0.036945634      0.15448388      0.25306989       1.8121574   1.8121574e-09       1.0136009      0.25053621      0.25188476       11.769261       1.0924013      0.70094307      0.29900067      0.19207438       126.41815      0.92330116      0.82411634      0.61123856      0.45198996      0.82659487       1.0656691              10       10.412677       1.6979834        1.6979834       10.412677                       10.412677
              5       7.0867202       84.979503       2.8710228      0.93017814     0.043305632      0.16647398      0.22784864       1.7655066   1.7655066e-09      0.86770902      0.25124793      0.25259901       11.180682       1.1193413      0.70856449      0.29138547      0.21042448       119.99978      0.89828447      0.80664595      0.60839825      0.44699733       0.8280775       1.0678783              10       10.777474       1.6979834        1.6979834       10.777474                       10.777474
              4       6.9931947        94.01831       2.4422322      0.83841903     0.054726073      0.20336105      0.17027076       1.1498679   1.1498679e-09      0.86770902      0.25124793      0.25259901       10.093553      0.81799877      0.70725742       0.2927017      0.25873198       108.35075      0.72081061       0.6835983      0.51408354      0.37812902      0.69891987       1.0769773              10       10.590423       1.6979834        1.6979834       10.590423                       10.590423
              1       7.1741585        86.14426       2.4503559      0.83747094      0.04507457      0.17334616      0.17928554       1.1592472   1.1592472e-09      0.86770902      0.25124793      0.25259901       10.989676      0.80993582      0.70474781      0.29520349       0.2190656       117.81328      0.70456218      0.64451452      0.48201758      0.35529839      0.65393187       1.0698285              10        10.95235       1.6979834        1.6979834        10.95235                        10.95235
              3       9.1993647       86.776396       2.9139572      0.89843204     0.046436318      0.18105269       0.1184178       1.8429584   1.8429584e-09      0.86770902      0.25124793      0.25259901       10.830916       1.4543172      0.69699112      0.30296089      0.22813388        115.8426      0.93256636      0.87643423      0.64450634      0.47816065      0.86872146       1.0717863              10       15.002763       1.6979834        1.6979834       15.002763                       15.002763
              2       9.9620211       85.967168        3.447415       1.1386105     0.044929644      0.18442335      0.27435215       3.1419069   3.1419069e-09      0.86770902      0.25124793      0.25259901       10.850741       1.8150728      0.68873751      0.31121359      0.22999786       116.24615       1.4130921       1.3541924      0.97859148      0.73091364       1.3101976       1.0756998              10       16.528075       1.6979834        1.6979834       16.528075                       16.528075
              5       9.5039915       89.796238       2.1682804       1.1719924     0.050075762      0.19645365      0.38073312      0.87432358   8.7432358e-10      0.86770902      0.25124793      0.25259901       10.432448      0.40829269       0.6934153      0.30653988      0.24717428       111.64811      0.76496777      0.73909688      0.53937891      0.40134301      0.72489017       1.0766121              10       15.612016       1.6979834        1.6979834       15.612016                       15.612016
              1       8.7328635       92.407546       2.9394773       1.0831052     0.053282977      0.20583968      0.35246587       1.8905961   1.8905961e-09      0.86770902      0.25124793      0.25259901       10.159473      0.93422351      0.69575013      0.30420755      0.25976753        108.7688       1.0794231       1.0507256      0.77061586      0.57230882        1.037637       1.0781871              10        14.06976       1.6979834        1.6979834        14.06976                        14.06976
              4       8.4145091       76.121235       3.4426019      0.90875609     0.031808485      0.13145422     0.074433907       3.1268209   3.1268209e-09       1.3395131      0.24917721      0.25052088       12.584171       2.6943284      0.71706733       0.2828703      0.16390757       135.10036       1.1246293      0.93064019      0.71558158      0.52186238      0.98121078       1.0516591              10       13.433052       1.6979834        1.6979834       13.433052                       13.433052
              5        8.817241       75.329393       2.4961472      0.90077621     0.030859201      0.12794735     0.040112034       1.2135647   1.2135647e-09       1.4145248      0.24889949      0.25024216       12.739781       1.1200104      0.71894077      0.28099555      0.15945142       136.71133      0.69273561      0.56685256      0.43774844      0.31871277       0.6012426       1.0490114              10       14.238515       1.6979834        1.6979834       14.238515                       14.238515
              6       7.5096202       71.535361        2.560693      0.90518779     0.025300172      0.12661159     0.028775161       1.2944784   1.2944784e-09       1.9959151      0.24705343      0.24838944       13.196434       1.2220839      0.70181047      0.29811891      0.15255662       142.30835      0.75370224       0.6338721      0.47103977      0.34806067      0.63747065       1.0521887              10       11.623274       1.6979834        1.6979834       11.623274                       11.623274
              2       9.2111242       92.425282       2.6533574      0.88927687     0.053911734      0.20103695      0.29970685       1.4201639   1.4201639e-09      0.86770902      0.25124793      0.25259901       10.204741      0.77985957      0.70075305      0.29920465      0.25559356       109.05008      0.82423367      0.79051136      0.58605426      0.43344092      0.79240233       1.0745175              10       15.026282       1.6979834        1.6979834       15.026282                       15.026282
             10       8.7561685       96.622434       3.6347241      0.86511159     0.059392137      0.20452106      0.46550381       3.7891398   3.7891398e-09      0.86770902      0.25124793      0.25259901       9.9103002       1.4935135      0.71658399       0.2833773      0.26455806        105.9559       1.2913859       1.2059087      0.92616055      0.67573676       1.2693898       1.0712608              10        14.11637       1.6979834        1.6979834        14.11637                        14.11637
              8       8.5550783       99.323448       3.8532789      0.87485245     0.062611505      0.21606956      0.50772636       4.7147403   4.7147403e-09      0.86770902      0.25124793      0.25259901       9.6430925         1.70786      0.71681916       0.2831442      0.27932593       103.17384       1.4680548       1.3888839       1.0672596        0.778524       1.4630803       1.0735388              10        13.71419       1.6979834        1.6979834        13.71419                        13.71419
              4       8.0692123       96.481086       3.4524589      0.90908018     0.056035873      0.22060734      0.24430679       3.1577943   3.1577943e-09      0.86770902      0.25124793      0.25259901       9.7880013       1.9372321      0.70207741      0.29788377      0.27728808       105.66076       1.2917753       1.2607851      0.93738881      0.69251865       1.2688435       1.0859202              10       12.742458       1.6979834        1.6979834       12.742458                       12.742458
              3       7.6912323        99.18816       3.8276628       1.0182187     0.059633986      0.23152263      0.21901481       4.5955005   4.5955005e-09      0.86770902      0.25124793      0.25259901       9.5324573       2.9655071      0.70336554      0.29659773      0.29180148        102.8047       1.6745867        1.650743       1.2307774      0.90828359       1.6677754       1.0863593              10       11.986498       1.6979834        1.6979834       11.986498                       11.986498
              1       7.7845975       99.633351       2.9909613       1.1582997     0.060118346      0.23360069      0.21003457       1.9904807   1.9904807e-09      0.86770902      0.25124793      0.25259901       9.4904431       1.3077486       0.7034292       0.2965344       0.2943639       102.37014       1.2051607       1.1904352      0.88769975      0.65506571       1.2029493       1.0867778              10       12.173228       1.6979834        1.6979834       12.173228                       12.173228
              3       7.9180741       98.130389       2.9377352      0.87120492     0.059197948      0.21782609      0.49433771       1.8873054   1.8873054e-09      0.86770902      0.25124793      0.25259901       9.7111008       0.7022082      0.71161231      0.28835016       0.2776689       104.50664      0.95041641      0.90852052      0.68991524      0.50556359      0.94148994       1.0802419              10       12.440181       1.6979834        1.6979834       12.440181                       12.440181
              2       7.1151111       96.819609       2.0128121      0.86636848     0.057960959       0.2145969       0.4784265      0.74843342   7.4843342e-10      0.86770902      0.25124793      0.25259901       9.8133527      0.28747309      0.70851526      0.29144619      0.27320273       105.44671      0.59686093      0.57220049      0.43151352      0.31705456      0.58729298       1.0793361              10       10.834255       1.6979834        1.6979834       10.834255                       10.834255
              2       7.2617489       76.313539        2.045944      0.87120371     0.032364104      0.14176865      0.15280051      0.77364579   7.7364579e-10       1.2980948      0.24933567      0.25067991        12.34767      0.56992975      0.69982645       0.3001115      0.17477762       132.45379      0.57600129      0.50334934      0.37243022      0.27565481      0.50318103       1.0590641              10       11.127531       1.6979834        1.6979834       11.127531                       11.127531
              1       7.3879254       77.220098       3.5736198      0.91042304     0.033544084      0.14536884      0.13437279       3.5645391   3.5645391e-09       1.2156601      0.24966172      0.25100713       12.191324       2.7245116      0.69881665      0.30112275      0.17955779       130.76464       1.2633849       1.1139378      0.82240692      0.60921789       1.1101991       1.0609648              10       11.379884       1.6979834        1.6979834       11.379884                       11.379884
              4       7.5334848       81.018825       3.5784299      0.90980104       0.0383205      0.16008306      0.16675118       3.5817262   3.5817262e-09      0.94434595      0.25086394      0.25221366       11.597251       2.5659852      0.69670468      0.30324026      0.19904843        124.4285        1.289588       1.1720415      0.86137183      0.63920091        1.160764       1.0677603              10       11.671003       1.6979834        1.6979834       11.671003                       11.671003
              3       7.4755604       78.021746       3.5778693      0.90971972     0.034549728      0.14876723         0.18266       3.5797187   3.5797187e-09       1.1508112      0.24992975      0.25127612       12.054074       2.4842337       0.6977393      0.30220133      0.18396182        129.3047       1.2725477       1.1314608       0.8334048      0.61791693       1.1240404       1.0627906              10       11.555154       1.6979834        1.6979834       11.555154                       11.555154
              8       7.3915584       77.905047       3.3677138      0.80113666     0.034367842      0.14822039      0.16232707       2.9012125   2.9012125e-09       1.1621934      0.24988184      0.25122804       12.075415       2.0969305      0.69803377      0.30190669       0.1832331       129.55256       1.0924859      0.96978392      0.71477085      0.52982813      0.96426998       1.0625934              10        11.38715       1.6979834        1.6979834        11.38715                        11.38715
              7       7.7636673       91.196033       3.6679017      0.90738294     0.049630719       0.1991208      0.34773276       3.9169628   3.9169628e-09      0.86770902      0.25124793      0.25259901       10.335788       1.9539462      0.70008292      0.29987362      0.24939639        111.5367       1.4094137       1.3454321      0.99600387       0.7370477       1.3459424       1.0822785              10       12.131368       1.6979834        1.6979834       12.131368                       12.131368
              2       8.3607008       90.941464       3.7728895      0.90446191     0.049749422      0.20821492      0.43057111       4.3505595   4.3505595e-09      0.86770902      0.25124793      0.25259901       10.243783       1.8388902       0.6872619      0.31269441      0.25860921       110.29971         1.52649       1.5110328       1.0885665      0.81401984       1.4557102       1.0853587              10       13.325435       1.6979834        1.6979834       13.325435                       13.325435
              4       7.7067872       88.490368       2.0003789       1.0493587     0.046834014      0.19440893      0.33924486      0.73918566   7.3918566e-10      0.86770902      0.25124793      0.25259901       10.563559      0.37505002      0.69105095       0.3089029      0.24188781       113.72066      0.66532454      0.64255779      0.46659173      0.34785042      0.62586626       1.0814248              10       12.017608       1.6979834        1.6979834       12.017608                       12.017608
              4       7.3639921       94.106644         3.45693      0.87092619     0.053859257      0.21677247      0.60333508       3.1719448   3.1719448e-09      0.86770902      0.25124793      0.25259901       9.9568097      0.94902015      0.69364174      0.30631746      0.27127659       107.15694       1.2749143       1.2601916      0.92009796       0.6845056       1.2367762        1.084949              10       11.332018       1.6979834        1.6979834       11.332018                       11.332018
              2       7.3064006       91.282028       3.4432073      0.86789401     0.050269202      0.20373017      0.53355687       3.1287144   3.1287144e-09      0.86770902      0.25124793      0.25259901       10.271477       1.0762776      0.69434964      0.30560699      0.25464424       110.59616       1.2474215       1.2118356      0.88612846      0.65885145       1.1918068       1.0827882              10       11.216834       1.6979834        1.6979834       11.216834                       11.216834
             11       7.0546233       93.266898       2.2293877       1.1546203     0.052758148      0.20870173      0.61449169      0.92941735   9.2941735e-10      0.86770902      0.25124793      0.25259901       10.092853      0.27193811      0.69864411      0.30131435      0.26210474       108.68099      0.79746424      0.77318547       0.5705976      0.42275124      0.77014941       1.0827322              10        10.71328       1.6979834        1.6979834        10.71328                        10.71328
              4       7.0909013       93.630219       3.4414929      0.84330013     0.053211996       0.2076311      0.57033763       3.1233551   3.1233551e-09      0.86770902      0.25124793      0.25259901       10.082204      0.99823409      0.70168187      0.29827691      0.26148797        108.5832       1.2180417       1.1725158      0.87101387      0.64369477       1.1786101        1.081895              10       10.785836       1.6979834        1.6979834       10.785836                       10.785836
              2       7.0602657       89.690985       3.2738048       1.0129122     0.048348784      0.19388751      0.67488632        2.641164    2.641164e-09      0.86770902      0.25124793      0.25259901       10.489166      0.68485172      0.69803205      0.30192303      0.24288116       112.93929       1.2170917       1.1592983      0.85442072        0.633353       1.1526507       1.0798515              10       10.724565       1.6979834        1.6979834       10.724565                       10.724565
              2       8.5812348        83.14266       2.5623678        1.018474     0.039320001      0.16665273      0.64347652       1.2966483   1.2966483e-09       0.8977532      0.25109497      0.25244551       11.346827      0.35801859      0.70105215      0.29889557      0.20661759       122.61141      0.82902759      0.75342381      0.55893436      0.41327647      0.75592889       1.0744548              10       13.766503       1.6979834        1.6979834       13.766503                       13.766503
              2        9.153536       75.317928       1.8021052       1.1357893     0.031497352       0.1268465      0.45233851      0.60623967   6.0623967e-10       1.3634919      0.24908714      0.25043049       12.750885      0.24532856      0.71967083      0.28026546      0.15898872       136.39085      0.53644705      0.43790463      0.33874153      0.24646817      0.46556041       1.0462825              10       14.911105       1.6979834        1.6979834       14.911105                       14.911105
              2        7.955707       73.210222       3.2169376      0.94603678     0.028717828      0.13189279      0.25767331       2.4951591   2.4951591e-09       1.6061938      0.24823681       0.2495771       12.861755       1.4903424      0.69906801      0.30086457      0.16125548       137.76782       1.0576523      0.90730559      0.67022641      0.49638003      0.90495874       1.0524386              10       12.515447       1.6979834        1.6979834       12.515447                       12.515447
              2       8.2272405       81.848291       2.8872818      0.99883372     0.039398447      0.16576263      0.35586416       1.7944466   1.7944466e-09      0.89422105      0.25111281      0.25246341       11.438006      0.88070581       0.6927337      0.30721235      0.20580594       122.70658      0.96543458      0.89230502      0.65026043      0.48411328       0.8734291       1.0704151              10       13.058514       1.6979834        1.6979834       13.058514                       13.058514
              1       8.1966604       81.939661       2.7292528       1.0794189     0.039517196      0.16598005      0.35468077       1.5321434   1.5321434e-09       0.8889075      0.25113972      0.25249041       11.427178       0.7537505      0.69291789      0.30702829      0.20614211       122.58893      0.92857151       0.8582501      0.62568686      0.46574868      0.84054784       1.0704467              10       12.997354       1.6979834        1.6979834       12.997354                       12.997354
             16       9.9163563       99.651681       3.0581361       1.1739468     0.061552602      0.24877522      0.13531706       2.1287842   2.1287842e-09      0.86770902      0.25124793      0.25259901       9.3448749       1.6240401       0.6868132      0.31315041      0.31097269       100.19897        1.304222       1.3532013      0.97393973      0.72856839       1.3019486       1.0881161              10       16.436746       1.6979834        1.6979834       16.436746                       16.436746
              3        10.56744       92.882786       3.0264106       1.1712808      0.05145011      0.22564429      0.55824707       2.0623076   2.0623076e-09      0.86770902      0.25124793      0.25259901       9.9477653      0.67525249      0.67802414      0.32193397      0.27773926       107.30616       1.2727753       1.3070746      0.92397679      0.69598963       1.2266463       1.0921696              10       17.738914       1.6979834        1.6979834       17.738914                       17.738914
             23       10.401857       94.738281       3.3364059       1.1178593     0.053737239      0.23404288       0.5946894       2.8117885   2.8117885e-09      0.86770902      0.25124793      0.25259901       9.7579815       0.8559374      0.67860709      0.32135264      0.28842498       105.23497       1.4528785       1.5044113       1.0647251      0.80164664       1.4141388       1.0931862              10       17.407748       1.6979834        1.6979834       17.407748                       17.407748
              1       12.396952       92.495084       3.3484566       1.1226617     0.050704246      0.22897958      0.54986363       2.8458776   2.8458776e-09      0.86770902      0.25124793      0.25259901       9.9397012      0.94756877      0.67229261      0.32766515       0.2803287       107.29058       1.4721707       1.5328357       1.0712111      0.81046196       1.4158509       1.0946176              10       21.397937       1.6979834        1.6979834       21.397937                       21.397937
             12       12.405373        93.44508       3.3564943       1.1225361     0.052134801      0.23310111      0.52966799       2.8688441   2.8688441e-09      0.86770902      0.25124793      0.25259901       9.8409846      0.99458791      0.67256358      0.32739503      0.28588078       106.11216       1.4822986       1.5501355       1.0838818      0.81987935       1.4328935       1.0943389              10       21.414779       1.6979834        1.6979834       21.414779                       21.414779
              7       12.330236       99.806544       3.3167376      0.82178662     0.061267177      0.25853865       0.6566117        2.757026    2.757026e-09      0.86770902      0.25124793      0.25259901       9.2598401      0.74150687      0.67826956      0.32169417      0.32045069       99.361835          1.2278       1.3061615      0.92377871       0.6957108       1.2266118       1.0921894              10       21.264505       1.6979834        1.6979834       21.264505                       21.264505
              2       11.102386       96.339096       2.9128698      0.97090832     0.056271992      0.24220522      0.49127404       1.8409555   1.8409555e-09      0.86770902      0.25124793      0.25259901       9.5880208      0.68917273      0.67767366       0.3222874      0.29912208        103.1728       1.0841268       1.1349879      0.80175595      0.60409192       1.0640973       1.0927164              10       18.808806       1.6979834        1.6979834       18.808806                       18.808806
              3       8.7602878       97.197797       2.8663303      0.96957936     0.056652913       0.2395128      0.52368343       1.7572414   1.7572414e-09      0.86770902      0.25124793      0.25259901       9.5719497      0.61654643      0.68579043      0.31417132      0.29681058       103.28612       1.0471448       1.0761571      0.77290581      0.57865299        1.032369       1.0926531              10       14.124609       1.6979834        1.6979834       14.124609                       14.124609
              4       7.1303363       92.061365       2.1231072      0.86240112     0.052573785      0.19656595      0.44484284      0.83570639   8.3570639e-10      0.86770902      0.25124793      0.25259901       10.288311      0.34329552      0.70523653      0.29472083       0.2497846       110.30816      0.61908144      0.58458425      0.43766236      0.32247192      0.59400006       1.0752357              10       10.864706       1.6979834        1.6979834       10.864706                       10.864706
             10       7.2404276       88.975134       2.3261851      0.83915156     0.048693105      0.18555016      0.49728375       1.0238807   1.0238807e-09      0.86770902      0.25124793      0.25259901       10.625141      0.37871645      0.70325009      0.29670426      0.23488814       113.89698      0.67226116      0.62784815      0.46800802      0.34540947      0.63412131       1.0732108              10       11.084888       1.6979834        1.6979834       11.084888                       11.084888
              9        6.923736       89.186387       3.5997405      0.82622433     0.048528454      0.18456364      0.72000935       3.6588739   3.6588739e-09      0.86770902      0.25124793      0.25259901        10.62855       0.8668726      0.70610149      0.29385308      0.23373696       114.12887       1.2586609       1.1667186       0.8751663      0.64435195        1.188661       1.0736614              10       10.451505       1.6979834        1.6979834       10.451505                       10.451505
              1       8.0215243       99.344138       3.5717051      0.83724844     0.060585084      0.22352099      0.62157187       3.5577203   3.5577203e-09      0.86770902      0.25124793      0.25259901       9.5908981       1.0263166      0.71144022      0.28852316      0.28475094       103.24903       1.2891357       1.2405756       0.9417051      0.69017638       1.2849013       1.0814109              10       12.647082       1.6979834        1.6979834       12.647082                       12.647082
              1       7.8834757       95.351319       3.1875779      0.84413652     0.055400631      0.20840481      0.55852245       2.4229671   2.4229671e-09      0.86770902      0.25124793      0.25259901       9.9699487      0.79290485      0.70909579      0.29086446       0.2644503       107.40129       1.0586002       1.0053281      0.75913324      0.55749461        1.033702       1.0802884              10       12.370985       1.6979834        1.6979834       12.370985                       12.370985
              1       6.9374953       90.829693       3.4991198       1.0055835     0.049987032      0.19756327      0.60563546       3.3086316   3.3086316e-09      0.86770902      0.25124793      0.25259901       10.368117      0.98537181      0.69911478      0.30084142      0.24819517       111.54938       1.3578536       1.2973633      0.95840986      0.70979949       1.2940971       1.0797587              10       10.479024       1.6979834        1.6979834       10.479024                       10.479024
              2       6.9457742       95.378766       3.1003814      0.87907322     0.055538152       0.2161163      0.62777967       2.2206419   2.2206419e-09      0.86770902      0.25124793      0.25259901        9.887747      0.63269738      0.70063516      0.29932511      0.27229932       106.41832       1.0568667       1.0300677      0.76345223      0.56469983       1.0321578       1.0830703              10       10.495582       1.6979834        1.6979834       10.495582                       10.495582
              6       6.8925855       96.378394       3.5946734      0.85688461     0.056941837      0.21888442      0.60962564       3.6403809   3.6403809e-09      0.86770902      0.25124793      0.25259901       9.8006715       1.0755552       0.7023217      0.29763939      0.27647113       105.43106       1.3343465       1.3006807      0.96756701      0.71466688       1.3099613       1.0826612              10       10.389204       1.6979834        1.6979834       10.389204                       10.389204
              2       7.1783276       92.257517       3.6100713      0.85763264     0.051616118      0.20689639      0.67268952       3.6968688   3.6968688e-09      0.86770902      0.25124793      0.25259901       10.173429       0.9628161      0.69547664       0.3044809      0.25915737       109.48962       1.3486754       1.3128141      0.96227305      0.71480624       1.2954132        1.082746              10       10.960688       1.6979834        1.6979834       10.960688                       10.960688
              2       7.6340817        89.04484       3.5628543       0.9374724     0.047395606      0.19642585      0.53146751       3.5263706   3.5263706e-09      0.86770902      0.25124793      0.25259901       10.503375        1.218151      0.69163454      0.30831988      0.24446632       113.12785        1.371292       1.3262535      0.96423899      0.71851373       1.2940001       1.0821359              10       11.872197       1.6979834        1.6979834       11.872197                       11.872197
             15       7.7467097       98.719859       3.6394199      0.93221349     0.059731725      0.24013289      0.50888009       3.8069748   3.8069748e-09      0.86770902      0.25124793      0.25259901       9.4740581        1.375854      0.69160924      0.30835368      0.30050948       101.85409       1.4836877       1.5110535       1.0985177      0.81859544       1.4741605       1.0880397              10       12.097453       1.6979834        1.6979834       12.097453                       12.097453
              4       7.9613324       98.081073       3.4872937       1.0499783     0.058235414      0.22521638      0.45114086        3.269734    3.269734e-09      0.86770902      0.25124793      0.25259901       9.6516122       1.3263449      0.70464049      0.29532194      0.28409666       104.11963        1.426291       1.3927006       1.0412971       0.7676241         1.41254       1.0853588              10       12.526698       1.6979834        1.6979834       12.526698                       12.526698
              4       7.8641573       97.084113       3.4873521       1.0494496     0.057124452      0.22007022      0.38918802       3.2699249   3.2699249e-09      0.86770902      0.25124793      0.25259901       9.7556848       1.5013894      0.70518187      0.29477979      0.27783954       105.21015       1.4143033       1.3716884       1.0268123      0.75659855       1.3935311       1.0841794              10       12.332348       1.6979834        1.6979834       12.332348                       12.332348
              2        7.137247       92.370261       2.6714978      0.98486895     0.051733865       0.2069308      0.34289694       1.4461614   1.4461614e-09      0.86770902      0.25124793      0.25259901       10.166298      0.72841733      0.69604124       0.3039164      0.25930953       109.42446      0.90338064      0.87842858      0.64465209      0.47864545      0.86823415       1.0827007              10       10.878527       1.6979834        1.6979834       10.878527                       10.878527
              8       8.3933755       82.692567       2.1433904       1.0764832     0.039483457      0.17384035      0.68726467      0.85283029   8.5283029e-10      0.89041309      0.25113208      0.25248275       11.263023      0.21573078      0.68703874      0.31290841      0.21396867       121.32068      0.71209527      0.67257036      0.48431246      0.36222628      0.64754706       1.0771055              10       13.390784       1.6979834        1.6979834       13.390784                       13.390784
              6       7.4300957       88.672361       2.1844955      0.85722864     0.048329597      0.18599451      0.71412743      0.88861641   8.8861641e-10      0.86770902      0.25124793      0.25259901       10.640119      0.21302527      0.70111731      0.29883673      0.23496898       114.04046      0.63493023       0.5958015      0.44205737      0.32684145      0.59788842       1.0736938              10       11.464225       1.6979834        1.6979834       11.464225                       11.464225
              1       6.9339126       92.119519       2.4877334      0.85379138     0.052335695      0.19681864       0.2120639       1.2033969   1.2033969e-09      0.86770902      0.25124793      0.25259901       10.285269      0.78743105      0.70559136      0.29436606      0.24979921       110.39967        0.740955      0.69912928      0.52382907       0.3858438      0.71116056       1.0761112              10       10.471859       1.6979834        1.6979834       10.471859                       10.471859
              9       7.3509483        96.38938       1.8045176       1.0228977     0.056732927      0.21558672      0.28503589      0.60770394   6.0770394e-10      0.86770902      0.25124793      0.25259901       9.8351177      0.34364737       0.7061638      0.29379731      0.27296451       105.90988      0.59405172      0.57236458      0.42938889      0.31612785      0.58322865       1.0819618              10        11.30593       1.6979834        1.6979834        11.30593                        11.30593
              1       7.2939656       98.063583       1.8158248       1.0303927     0.058468233      0.22737225      0.28201985      0.61461434   6.1461434e-10      0.86770902      0.25124793      0.25259901       9.6298548      0.34965792      0.70205117      0.29791125      0.28648535       103.77627      0.61431888      0.60452856      0.44943767       0.3320406      0.60834192       1.0854949              10       11.191965       1.6979834        1.6979834       11.191965                       11.191965
              2       7.2231212       98.534548       2.7515679       1.0157247     0.059135779      0.22904628      0.27287635       1.5667177   1.5667177e-09      0.86770902      0.25124793      0.25259901       9.5877011      0.90776486      0.70248083      0.29748195      0.28882692       103.29325      0.97294657      0.95849242      0.71326089      0.52676094      0.96579123       1.0853756              10       11.050276       1.6979834        1.6979834       11.050276                       11.050276
              2       7.3602884       81.893149       2.7464772       1.0003914     0.038420037       0.1594455      0.38020072       1.5587623   1.5587623e-09      0.93957019      0.25088724      0.25223703       11.551226      0.72868819      0.70394855      0.29599757      0.19851041        124.4691      0.88287892      0.78936003      0.58931429      0.43467935      0.79895981       1.0693108              10        11.32461       1.6979834        1.6979834        11.32461                        11.32461
              1       7.4729769       79.369088       2.7537826       1.0041745     0.035130754      0.15137576      0.29119596       1.5701914   1.5701914e-09       1.1154189      0.25008105      0.25142796       11.906129      0.87704726      0.70285111      0.29709153      0.18715138       128.35836      0.88263301      0.77946742      0.58053502      0.42859884      0.78633183       1.0665791              10       11.549987       1.6979834        1.6979834       11.549987                       11.549987
              8       7.2753416       81.420744        1.921008       1.0047361      0.03780154      0.15913143      0.31193709      0.68278372   6.8278372e-10      0.96975261      0.25074163      0.25209091       11.595999      0.36587947      0.70190992      0.29803556      0.19757784       124.96503      0.58789384      0.52734957      0.39195253      0.28960129      0.53047686        1.069633              10       11.154716       1.6979834        1.6979834       11.154716                       11.154716
              3       7.6993306       79.038791       1.9139144      0.99164644     0.034577421      0.15088634      0.79992741      0.67795746   6.7795746e-10       1.1490911      0.24993702      0.25128342       11.946678      0.13689712      0.70203157      0.29791058      0.18610862       128.87839      0.57803982      0.51067677      0.37966397      0.28049225      0.51389915       1.0669236              10       12.002694       1.6979834        1.6979834       12.002694                       12.002694
             10       7.7141387       79.152485       1.9100377      0.99138453     0.034713062      0.15128601      0.79985166      0.67533431   6.7533431e-10       1.1407149      0.24997255      0.25131908       11.929535      0.13638811      0.70203253      0.29790979      0.18664394       128.69741      0.57713453      0.51024235      0.37934165      0.28025394      0.51346321       1.0671236              10       12.032311       1.6979834        1.6979834       12.032311                       12.032311
              3       7.6723302       99.981704       1.6897878       1.0341937     0.062115537      0.22412183      0.41207327      0.54183306   5.4183306e-10      0.86770902      0.25124793      0.25259901        9.543892      0.23765295      0.71297661      0.28698723      0.28688223       102.51106      0.56046178      0.53848481      0.41017757      0.30021857      0.56041051       1.0791116              10       11.948694       1.6979834        1.6979834       11.948694                       11.948694
              3       9.1451612       74.122209       1.9301456        1.040941     0.029623289      0.14089148       0.4372924      0.68905136   6.8905136e-10       1.5210232      0.24852393      0.24986526       12.580164      0.28735863      0.68840079      0.31153343      0.17115964       134.98262      0.59853147      0.53309699      0.38497926       0.2876163      0.51530121       1.0600391              10       14.894356       1.6979834        1.6979834       14.894356                       14.894356
              4       8.1889134       72.187941       2.0935747        1.056951     0.026370218      0.13541756      0.20285913      0.81138681   8.1138681e-10       1.8606461      0.24744249      0.24877991       12.915047      0.54078761      0.68822549      0.31170517      0.16243264       139.17953       0.6565805      0.57740532      0.41682745      0.31145285      0.55785369       1.0591303              10        12.98186       1.6979834        1.6979834        12.98186                        12.98186
              1       8.6377977       72.399995       3.3516862       0.9718233     0.026654454      0.13733386      0.17781174       2.8550837   2.8550837e-09       1.8269241      0.24754265      0.24888044       12.849792       2.0006611      0.68585105      0.31408001      0.16463318       138.47445       1.1950663       1.0597134      0.76123957      0.56987739       1.0168603       1.0605927              10       13.879629       1.6979834        1.6979834       13.879629                       13.879629
             11       7.1975187       61.880911       2.8743995       1.0926399     0.013906441     0.098077652     0.099485693       1.7714784   1.7714784e-09       5.2253981      0.24109018      0.24240432       15.311026       1.4518565      0.70577742      0.29412821      0.11262896       164.84034      0.91926486      0.71038353      0.53254115      0.39218172      0.72313438       1.0156727              10       10.999071       1.6979834        1.6979834       10.999071                       10.999071
             12       6.9192935       66.200446       3.4161728       1.0024124     0.019234901      0.11181668     0.049785575       3.0452645   3.0452645e-09       3.1275877      0.24441254      0.24573893        14.22743       2.7566512      0.69941216      0.30050538      0.13169645       153.04569       1.1891754      0.96902343      0.71637339      0.53039877      0.96755661       1.0363304              10        10.44262       1.6979834        1.6979834        10.44262                        10.44262
              5       7.1117994       78.802244       2.7220452        1.079765      0.03533591      0.14470763     0.091576451       1.5211401   1.5211401e-09       1.1032622      0.25013381      0.25148092       12.061414       1.2665634      0.70896852      0.29097329      0.18068841       129.47524       0.8737985      0.75463903      0.56969691      0.41841491      0.77567642       1.0596989              10       10.827632       1.6979834        1.6979834       10.827632                       10.827632
              8       6.8750558       66.135805       2.8100588       1.0908049     0.019128705       0.1107886     0.075595841       1.6610895   1.6610895e-09       3.1554491      0.24435787      0.24568406       14.267973       1.4280103      0.70141756      0.29849982      0.13056217       153.47929      0.90380529      0.73170115      0.54328688      0.40157368      0.73500992        1.035174              10       10.354145       1.6979834        1.6979834       10.354145                       10.354145
              1       7.0053896        93.45381       3.5118221       1.0731948      0.05333983      0.21007578      0.38616123       3.3509269   3.3509269e-09      0.86770902      0.25124793      0.25259901       10.063016       1.5479238      0.69760903      0.30234959      0.26406048       108.21921       1.4445438       1.4063018       1.0355154      0.76786328       1.3964623       1.0821698              10       10.614812       1.6979834        1.6979834       10.614812                       10.614812
              1        6.993167       93.452102       2.1257806      0.91847656     0.053345125       0.2098995      0.38595701      0.83794363   8.3794363e-10      0.86770902      0.25124793      0.25259901       10.064921      0.38723696      0.69779377      0.30216485      0.26388949       108.23806      0.66170843      0.64383062      0.47426622      0.35162778      0.63967769       1.0820792              10       10.590367       1.6979834        1.6979834       10.590367                       10.590367
              3       7.1527393       94.830321       2.1388885      0.91805347     0.055627801      0.21438866      0.31927432      0.84899958   8.4899958e-10      0.86770902      0.25124793      0.25259901       9.9296375      0.44832125      0.69898388      0.30097593      0.27066133       106.57795      0.66499422      0.64947277      0.47964997      0.35526904       0.6475771       1.0809387              10       10.909512       1.6979834        1.6979834       10.909512                       10.909512
              4       6.9777941       97.927731       2.1368358      0.92200035     0.059336021      0.22760147      0.31872336      0.84725859   8.4725859e-10      0.86770902      0.25124793      0.25259901       9.6254653      0.44789518         0.70008      0.29988232      0.28758236       103.36063      0.67458714      0.66732524       0.4940019      0.36556645      0.66756092       1.0830364              10       10.559621       1.6979834        1.6979834       10.559621                       10.559621
              1       7.4437864       88.216393       2.0971145      0.91959321     0.046261363      0.19125228      0.28055143      0.81426408   8.1426408e-10      0.86770902      0.25124793      0.25259901       10.624136      0.46460235      0.69392109      0.30603247      0.23815851       114.48678      0.64714795      0.61881362      0.45208501      0.33624976      0.60782454       1.0808392              10       11.491606       1.6979834        1.6979834       11.491606                       11.491606
              3       7.9315223       76.531456        2.084873      0.89644026     0.032920313      0.13407289       0.2098283      0.80435699   8.0435699e-10       1.2583415      0.24949115      0.25083595       12.476065      0.52868172       0.7137231       0.2862152      0.16763807       133.58845      0.56954583       0.4775985      0.36443647      0.26656002      0.49825155       1.0519445              10       12.467078       1.6979834        1.6979834       12.467078                       12.467078
              3       6.9844283       62.515197       2.4997585      0.90012956     0.015045057      0.10178898     0.016858864       1.2179552   1.2179552e-09       4.6169424      0.24192027      0.24323749        15.06413       1.1775731      0.69930774      0.30059979       0.1174789       161.84313       0.7219388      0.57183912      0.42265923      0.31295906      0.57081212       1.0210094              10        10.57289       1.6979834        1.6979834        10.57289                        10.57289
              6       7.1337726       56.844376       3.2962767       1.1678238    0.0086282557     0.088863548      0.62648388       2.7011877   2.7011877e-09       11.135788      0.23554841      0.23684178       16.517944      0.77160988       0.6961801      0.30370806     0.098136671       177.76976       1.1766341      0.89698818       0.6585659      0.48889244      0.88712571      0.98749904              10       10.871579       1.6979834        1.6979834       10.871579                       10.871579
              3       7.1339917       56.823844       3.2964157       1.1678696    0.0086010177     0.088814324       0.6260133       2.7015633   2.7015633e-09       11.192545      0.23550794      0.23680115        16.52417      0.77244383      0.69619732      0.30369077     0.098060208       177.84664        1.176761        0.896877      0.65850865      0.48884298      0.88706121      0.98732005              10       10.872017       1.6979834        1.6979834       10.872017                       10.872017
             17       7.4726945       57.880154       3.2761829       1.1637032     0.010090999     0.088593714      0.60976753       2.6474523   2.6474523e-09       8.6692519      0.23748092      0.23878158       16.331825      0.78197128      0.70339585      0.29649627     0.099329579       174.98587       1.1382686       0.8568756      0.63901993      0.47154073      0.86598345      0.99113814              10       11.549422       1.6979834        1.6979834       11.549422                       11.549422
              4       7.4208636       57.717683       3.5986948        1.149582    0.0098978749     0.087986718       0.6103163       3.6550499   3.6550499e-09       8.9400105       0.2372495      0.23854929       16.389006       1.0783986      0.70412546      0.29576606     0.098529459       175.60527       1.3290141      0.99684673       0.7445967      0.54910853       1.0096806      0.98956329              10       11.445761       1.6979834        1.6979834       11.445761                       11.445761
              9       7.0931842        56.75988        3.203886      0.95806453    0.0086118603     0.084562295       0.6411506       2.4628049   2.4628049e-09       11.169893      0.23552407      0.23681734       16.737374      0.68317769       0.7086767      0.29121113     0.093819022       179.64746       1.0233063      0.75059286      0.56634149      0.41603548      0.77095031      0.97967481              10       10.790402       1.6979834        1.6979834       10.790402                       10.790402
              7        7.287763       57.272341       3.6618734       1.0739266    0.0093839444     0.087361434      0.66104483       3.8934213   3.8934213e-09       9.7338248       0.2366012      0.23789855       16.498558       1.0378992       0.7029793      0.29691053     0.097390245       176.87173       1.3432579       1.0071305      0.75039211      0.55391696       1.0165573      0.98687331              10       11.179559       1.6979834        1.6979834       11.179559                       11.179559
              2       7.0763634        57.04642       1.7659193       1.1332086     0.009025671     0.088149015      0.64215982       0.5846945    5.846945e-10       10.359719      0.23611814      0.23741366       16.507088      0.16186616      0.69930286      0.30058609     0.097819552       177.25955      0.53587704      0.40545458      0.29968953      0.22190332      0.40474301      0.98727566              10        10.75676       1.6979834        1.6979834        10.75676                        10.75676
              5       6.8826217       56.550335       2.1412574       1.1820347    0.0083097783     0.086746033      0.65270698       0.8510132    8.510132e-10       11.831505      0.23506264      0.23635416       16.672352       0.2306759      0.70062977      0.29925723     0.095700677       179.33762      0.65641428      0.49252317      0.36509575      0.27003368      0.49362326      0.98250053              10       10.369277       1.6979834        1.6979834       10.369277                       10.369277
             36        6.904747       56.864871       2.2121085       1.1582512    0.0087766073      0.08659086      0.66706624      0.91349573   9.1349573e-10       10.835033      0.23576556      0.23705974       16.616517       0.2406025      0.70296861      0.29691963     0.096012334       178.42785      0.66985586       0.5004599      0.37287487      0.27524716      0.50513026      0.98378238              10       10.413527       1.6979834        1.6979834       10.413527                       10.413527
             16        7.263848       57.425245       1.9028957       1.1646309    0.0095116865     0.088900151      0.66266521      0.67052827   6.7052827e-10       9.5257527      0.23676702        0.238065       16.401366      0.17816952      0.69950547      0.30038494     0.099056704       175.97993      0.57888075      0.43917919      0.32475816        0.240425      0.43867263      0.99005369              10       11.131729       1.6979834        1.6979834       11.131729                       11.131729
              1       8.5193088       58.665987       1.9013782       1.1648464     0.011072964     0.093599314       0.6717158      0.66951153   6.6951153e-10       7.4820581      0.23856861      0.23987336       15.971852      0.17470814      0.69389156      0.30600344      0.10531714       171.19532      0.58540162      0.45644837      0.33348683      0.24803346      0.44838091       1.0015615              10       13.642651       1.6979834        1.6979834       13.642651                       13.642651
             10        7.526206       56.062547       2.8130199       1.1126704    0.0081766158     0.083646544      0.77358392       1.6660154   1.6660154e-09       12.144544      0.23485104      0.23614176       16.897272      0.35461128       0.7056828      0.29420221     0.092468026       180.98075      0.88128683      0.64837447      0.48597639      0.35791233      0.65986287      0.97511137              10       11.656445       1.6979834        1.6979834       11.656445                       11.656445
             71       7.1446373       58.099925       1.6650369       1.0387868     0.010187209     0.090492858      0.60175998       0.5285868    5.285868e-10       8.5393945      0.23759392      0.23889501       16.214353      0.15864787      0.69972439      0.30016855      0.10132493       174.03504      0.49448026      0.37709979      0.27898319      0.20649966      0.37690921       0.9950211              10       10.893308       1.6979834        1.6979834       10.893308                       10.893308
              1       11.316738       64.626751       2.7953348       1.0110943     0.018118075      0.11357437      0.48981824       1.6368107   1.6368107e-09       3.4411091       0.2438185      0.24514271       14.358698      0.61453659       0.6830606      0.31685288      0.13233731       153.93945      0.89741196      0.75781078       0.5412681      0.40609425      0.72143634       1.0361368              10       19.237509       1.6979834        1.6979834       19.237509                       19.237509
             12       6.9248098       59.825627        2.784236       1.0032902      0.01199085     0.093943534      0.58748394       1.6187446   1.6187446e-09       6.5979814       0.2394713      0.24077942       15.782185      0.49991512      0.70211723       0.2977818      0.10657925       169.46503      0.85320704      0.65553709      0.48749773      0.36011991      0.65993029       1.0052231              10       10.453653       1.6979834        1.6979834       10.453653                       10.453653
             16       7.2558328       60.772697       3.0199919       1.0857226     0.013224635      0.09680272      0.58488513       2.0491125   2.0491125e-09       5.6552347      0.24054976      0.24186189       15.509303      0.63612292      0.70024709      0.29965506      0.11067222       166.37143      0.98888827      0.77010829      0.57037027      0.42199984      0.77090609       1.0112082              10       11.115699       1.6979834        1.6979834       11.115699                       11.115699
              3       6.9083041       59.429452        3.365241      0.81078862     0.011496712     0.091933416      0.55956803       2.8940472   2.8940472e-09        7.050845      0.23899747      0.24030382       15.933786      0.94508526      0.70522292      0.29467476      0.10407499       171.08715       1.0717374      0.81299669      0.60873041      0.44849823      0.82620774       1.0011859              10       10.420641       1.6979834        1.6979834       10.420641                       10.420641
              9       7.2309478       58.974946       2.5939412      0.88693062     0.011119935     0.089629886      0.53673455        1.338241    1.338241e-09       7.4321282      0.23861726      0.23992218       16.104482      0.45743842      0.70836821      0.29152788      0.10139469       172.65981      0.73742219      0.55189052      0.41612135      0.30576659      0.56630445       0.9962019              10       11.065929       1.6979834        1.6979834       11.065929                       11.065929
              1       8.1743628       81.546454       2.4861523        0.864871     0.039719706       0.1558431      0.42601728       1.2014957   1.2014957e-09      0.87993746      0.25118534      0.25253621       11.610607      0.51249344      0.70488873      0.29505693      0.19620767       124.18391      0.71132207      0.63281233      0.47341856      0.34891668      0.64234571       1.0624852              10       12.952759       1.6979834        1.6979834       12.952759                       12.952759
              3       7.2105202       84.167402       2.4639799      0.87672146      0.04126497      0.17207766      0.33072553       1.1751488   1.1751488e-09      0.86770902      0.25124793      0.25259901       11.175751      0.60649655      0.69788389       0.3020651      0.21398749       120.42372      0.74061804      0.68367172      0.50372254      0.37343629      0.67946368       1.0747583              10       11.025074       1.6979834        1.6979834       11.025074                       11.025074
              3       6.9996741       89.973009       1.7429267      0.91448638     0.048764467      0.19417541      0.34015555      0.57140423   5.7140423e-10      0.86770902      0.25124793      0.25259901       10.466206      0.28939305      0.69905301      0.30090235      0.24358474       112.66956      0.53593247      0.50972987      0.37650659      0.27885535      0.50835394       1.0795152              10       10.603382       1.6979834        1.6979834       10.603382                       10.603382
             18       6.9814475       91.287243       3.6072557      0.99634023     0.050503897      0.19644048      0.43232972       3.6864748   3.6864748e-09      0.86770902      0.25124793      0.25259901       10.352229       1.5527246      0.70285052      0.29710611      0.24758924       111.41934        1.415099       1.3403036      0.99820507      0.73696637       1.3520473       1.0789132              10       10.566928       1.6979834        1.6979834       10.566928                       10.566928
              3       6.9734337       91.053869       3.6074067      0.99639919     0.050217205      0.19556081      0.42991525       3.6870314   3.6870314e-09      0.86770902      0.25124793      0.25259901         10.3776       1.5604764      0.70273217      0.29722424      0.24642288       111.69005       1.4140088       1.3380366      0.99625926      0.73560289       1.3492776       1.0787425              10       10.550901       1.6979834        1.6979834       10.550901                       10.550901
              3       7.3409904       85.995392       3.5916615      0.99808363     0.043497185      0.17633553      0.33688836        3.629433    3.629433e-09      0.86770902      0.25124793      0.25259901       10.978387        1.850211      0.70181537      0.29813576      0.22047758        118.3315       1.3791266       1.2717603      0.94502925      0.69831081       1.2789151       1.0754374              10       11.286014       1.6979834        1.6979834       11.286014                       11.286014
              4       7.0248113       88.185906       3.2291964      0.97590804     0.046485312      0.18590098     0.098137484        2.525935    2.525935e-09      0.86770902      0.25124793      0.25259901        10.69066       2.0757786       0.7003026      0.29965093      0.23303116       115.11367       1.1508502       1.0796011      0.79959912      0.59159734        1.080733       1.0775047              10       10.653656       1.6979834        1.6979834       10.653656                       10.653656
              7       7.0960225       97.113331       3.7446327       1.0930195     0.057704434      0.22031012      0.23469573       4.2293469   4.2293469e-09      0.86770902      0.25124793      0.25259901        9.746379       2.6449605      0.70448989      0.29547179      0.27865942       104.91304       1.6474191       1.6013963       1.1969404      0.88247322       1.6234672       1.0828218              10       10.796078       1.6979834        1.6979834       10.796078                       10.796078
              1       7.2927803       96.173582       3.5950057       1.0166541     0.056344054      0.21634878      0.24528485       3.6415908   3.6415908e-09      0.86770902      0.25124793      0.25259901       9.8411259        2.229664      0.70444019      0.29552074       0.2733377       106.00591       1.4558423       1.4085175       1.0526626      0.77613309       1.4277173       1.0827994              10       11.189594       1.6979834        1.6979834       11.189594                       11.189594
              3       7.2727861       96.231692       2.6430599       1.1269337     0.056111605      0.22333541      0.47493715       1.4056148   1.4056148e-09      0.86770902      0.25124793      0.25259901       9.7716598      0.54367725      0.69750354      0.30245744      0.28009188         105.314      0.98765138      0.97600366      0.71850336      0.53283761      0.96886381       1.0861996              10       11.149605       1.6979834        1.6979834       11.149605                       11.149605
              1       7.4290026       79.583144       3.0729852       1.0841003     0.035402755      0.15255104      0.55478344       2.1606305   2.1606305e-09       1.0993385      0.25015093       0.2514981       11.866449      0.71236362      0.70216232      0.29778062      0.18859866       127.93003        1.078771      0.95595505      0.71090886      0.52515564      0.96236499       1.0671978              10       11.462038       1.6979834        1.6979834       11.462038                       11.462038
             10       7.3926715       81.017251       2.2430468       1.0369671     0.037380127      0.15521883      0.48597715       0.9421995    9.421995e-10      0.99102973      0.25064117      0.25199009       11.693572      0.35647451      0.70553625      0.29440869      0.19324383       125.96651      0.69259815      0.61293795      0.45920619      0.33825591      0.62340471       1.0671965              10       11.389376       1.6979834        1.6979834       11.389376                       11.389376
              5       7.6118694       78.947983       1.6905257      0.82237002     0.034766138      0.14679989      0.41736936      0.54223305   5.4223305e-10       1.1374592      0.24998642        0.251333        12.02345      0.23532256      0.70759932       0.2923427      0.18221089       129.51461      0.47035823      0.40831296      0.30730691      0.22596719      0.41792588       1.0632077              10       11.827772       1.6979834        1.6979834       11.827772                       11.827772
              2       7.4014635       91.905942       2.6146093      0.97394217     0.050766804      0.20619491      0.35713006       1.3661878   1.3661878e-09      0.86770902      0.25124793      0.25259901       10.207658      0.66882297      0.69497833      0.30497889      0.25760658       110.01981      0.87606185       0.8523937      0.62412849      0.46381143      0.83985935        1.083939              10        11.40696       1.6979834        1.6979834        11.40696                        11.40696
              3       7.2924899       92.349878       3.4161329       1.0801976     0.051491253       0.2080094      0.25216417       3.0451428   3.0451428e-09      0.86770902      0.25124793      0.25259901       10.158122       1.8389954      0.69492682      0.30503081      0.26014552       109.41488       1.3902985       1.3562084       0.9929152      0.73790097       1.3360608       1.0837649              10       11.189013       1.6979834        1.6979834       11.189013                       11.189013
             10       7.5289197       93.440904       3.4159849      0.90887529     0.052609049      0.21439633        0.243344       3.0446921   3.0446921e-09      0.86770902      0.25124793      0.25259901        10.02564       1.8714467      0.69341407      0.30654454      0.26765024       108.06172       1.2766579       1.2582825      0.91826164      0.68326604       1.2340792       1.0858596              10       11.661873       1.6979834        1.6979834       11.661873                       11.661873
             10        8.256147       96.538947       3.8030128      0.99147014     0.055929133      0.23312196     0.090266925       4.4836062   4.4836062e-09      0.86770902      0.25124793      0.25259901       9.6661868        3.743024      0.68912093       0.3108403      0.28969596       104.30813       1.6735236       1.6976868       1.2277712      0.91675181       1.6443078       1.0909228              10       13.116327       1.6979834        1.6979834       13.116327                       13.116327
              9        8.039988       97.732014       3.2217921      0.81648577     0.057491037      0.23781817     0.071713268       2.5073013   2.5073013e-09      0.86770902      0.25124793      0.25259901       9.5567948       2.1722869      0.69011279      0.30984937      0.29595407       103.08857       1.1341153       1.1542558      0.83649487      0.62409534       1.1211807        1.091006              10       12.684009       1.6979834        1.6979834       12.684009                       12.684009
             14       8.0556612       97.690884       2.0676004       1.1910605     0.057423767      0.23765737     0.075810612      0.79058294   7.9058294e-10      0.86770902      0.25124793      0.25259901       9.5606265      0.67935875      0.69009078      0.30987136        0.295726       103.13575      0.79656751      0.81059472      0.58741491      0.43826857      0.78731697       1.0910398              10       12.715356       1.6979834        1.6979834       12.715356                       12.715356
              4       7.3486246       99.661905        2.043844       1.1811847      0.06020384      0.23805421      0.01407821      0.77202287   7.7202287e-10      0.86770902      0.25124793      0.25259901       9.4487792      0.75058864      0.69902925      0.30093436      0.29890292       101.86506      0.77092831      0.77178096      0.57002845      0.42219635      0.76962397       1.0881294              10       11.301282       1.6979834        1.6979834       11.301282                       11.301282
              3       7.7148644       96.702408       3.7002936      0.86788279     0.057632307      0.22855502      0.41787105       4.0459181   4.0459181e-09      0.86770902      0.25124793      0.25259901       9.6859968       1.7541184      0.69323343      0.30672793       0.2868322       104.02647       1.4494169        1.454055       1.0607189      0.78938458       1.4253187       1.0851469              10       12.033762       1.6979834        1.6979834       12.033762                       12.033762
              2       8.4494885       96.396107       3.7153983      0.87688202     0.057183109      0.23069767      0.34820521       4.1074945   4.1074945e-09      0.86770902      0.25124793      0.25259901       9.6834612       2.0470563      0.68945837      0.31050274      0.28852565       103.99673       1.4809308       1.4997341       1.0853776       0.8102093       1.4540003       1.0864253              10        13.50301       1.6979834        1.6979834        13.50301                        13.50301
              2       8.5012365       96.981782       2.5204508      0.93733993     0.057973071      0.23325433      0.37165301         1.24342     1.24342e-09      0.86770902      0.25124793      0.25259901       9.6265772      0.59129493      0.68963961      0.31032197      0.29187227       103.36036      0.84507754      0.85795355      0.62114754      0.46360477      0.83222669       1.0865314              10       13.606506       1.6979834        1.6979834       13.606506                       13.606506
              6       9.4806778       95.932065       2.7251892       1.0613586     0.056617066      0.23189353      0.31190527         1.52593     1.52593e-09      0.86770902      0.25124793      0.25259901       9.6979653      0.81774357      0.68576244       0.3141983      0.28915547       104.12537       1.0120597       1.0333854      0.74214534      0.55563542      0.99126098       1.0873299              10       15.565389       1.6979834        1.6979834       15.565389                       15.565389
              3       9.5036259        95.22777       1.9055321       1.1592102     0.055935579      0.22755344       0.3413838      0.67229838   6.7229838e-10      0.86770902      0.25124793      0.25259901       9.7773161      0.33965644      0.68663461      0.31332554      0.28413388       104.92159      0.70685604      0.71729841       0.5160737      0.38610967      0.68978347       1.0860168              10       15.611285       1.6979834        1.6979834       15.611285                       15.611285
              2       7.6371783       94.602542       2.8436341       1.1080313     0.054794764      0.21974591     0.053393331       1.7178078   1.7178078e-09      0.86770902      0.25124793      0.25259901       9.8940999       1.5438238      0.69247741      0.30748221      0.27518554       106.35307       1.0778099       1.0718214        0.780636      0.58130435       1.0483193       1.0847228              10        11.87839       1.6979834        1.6979834        11.87839                        11.87839
              8       7.5103434       95.595023       2.9895609       1.0572692     0.056099535      0.22322354     0.035467358       1.9876952   1.9876952e-09      0.86770902      0.25124793      0.25259901       9.8014234       1.8515832      0.69359645        0.306364      0.27996794       105.33237         1.12737       1.1232824      0.82005611      0.61010278       1.1022602       1.0847883              10        11.62472       1.6979834        1.6979834        11.62472                        11.62472
              1       7.3985325       96.510272       1.6394157        0.977223     0.057439971      0.22563486     0.065510799      0.51521583   5.1521583e-10      0.86770902      0.25124793      0.25259901       9.7241494      0.45194672      0.69535243      0.30460877       0.2837197       104.43758      0.54688356      0.54467905      0.39913263      0.29651921      0.53725645       1.0841703              10       11.401098       1.6979834        1.6979834       11.401098                       11.401098
              7       7.7246566        99.33553        2.274242      0.82926137     0.060802973      0.24142258      0.12785329      0.97205484   9.7205484e-10      0.86770902      0.25124793      0.25259901       9.4275397      0.75272928      0.69302751      0.30693587      0.30287042       101.25863      0.70410521      0.71634727      0.52233819      0.38878875      0.70176203       1.0870076              10       12.053347       1.6979834        1.6979834       12.053347                       12.053347
             20       7.8666225       98.897742       2.2752488      0.82989933     0.060263055      0.24005416      0.12365066      0.97303393   9.7303393e-10      0.86770902      0.25124793      0.25259901       9.4625858      0.75984741      0.69225487      0.30770818      0.30096209       101.63183      0.70474992       0.7170414      0.52199096      0.38877447      0.70085508       1.0870165              10       12.337278       1.6979834        1.6979834       12.337278                       12.337278
              7       8.1469936       98.768395       1.9047634       1.1250069     0.060131831       0.2405524       0.1247412      0.67178182   6.7178182e-10      0.86770902      0.25124793      0.25259901       9.4647784      0.52345508      0.69107208      0.30889088       0.3013291       101.63706       0.7000891      0.71429524      0.51869682       0.3866917      0.69576457       1.0872455              10        12.89802       1.6979834        1.6979834        12.89802                        12.89802
              4       12.053763       86.848566       3.5215174       1.0433162     0.045972745      0.19306726      0.43002734       3.3835732   3.3835732e-09      0.86770902      0.25124793      0.25259901       10.677806       1.4317216      0.68218031      0.31777178      0.23968488       114.40013       1.4243288       1.3979326      0.99659891      0.74825433       1.3273687       1.0792503              10        20.71156       1.6979834        1.6979834        20.71156                        20.71156
              5        8.817436       83.851768       2.5870754      0.97535787     0.041521939       0.1777458      0.43252904       1.3290844   1.3290844e-09      0.86770902      0.25124793      0.25259901       11.108767      0.55958054      0.68717817      0.31277043      0.21991261       119.36455      0.84386261      0.80227239      0.57787549      0.43215615      0.77273015       1.0764458              10       14.238905       1.6979834        1.6979834       14.238905                       14.238905
              4       9.8795228       80.099138       3.1511027       1.0739651     0.037747145      0.15914451      0.77767987       2.3361812   2.3361812e-09      0.97246587      0.25072873      0.25207796       11.680467      0.49319921      0.69205642      0.30788725      0.19753652       125.00191       1.1294583       1.0347312      0.75297758      0.56089294        1.010844       1.0663892              10       16.363079       1.6979834        1.6979834       16.363079                       16.363079
             12       8.0383829       89.529715        3.055558       1.1634035     0.050001645      0.18493277      0.69041833       2.1233029   2.1233029e-09      0.86770902      0.25124793      0.25259901       10.587317      0.53373074      0.70605282       0.2939021      0.23557928       113.25105       1.1387516        1.057757       0.7933472      0.58413599       1.0774884       1.0707172              10       12.680799       1.6979834        1.6979834       12.680799                       12.680799
             16       7.7129182       90.447684       3.5886981       1.0511481     0.051012285      0.18520137      0.57387001       3.6186933   3.6186933e-09      0.86770902      0.25124793      0.25259901       10.523691       1.1484038      0.71042547      0.28953036      0.23685852       112.65765       1.3873411        1.277902      0.96784433      0.70995208       1.3194167       1.0703203              10        12.02987       1.6979834        1.6979834        12.02987                        12.02987
              5       8.8436804       87.662992       3.2733576       1.0505389     0.047380865      0.16772322      0.60428654        2.639983    2.639983e-09      0.86770902      0.25124793      0.25259901       10.950939      0.78835988      0.71920534      0.28074764      0.21574895       117.27552       1.1368687       1.0027526      0.77481401      0.56399661       1.0644333       1.0641837              10       14.291394       1.6979834        1.6979834       14.291394                       14.291394
              2       8.9167954       86.300335       3.5328124       1.0140923     0.045529383      0.16261042      0.53990051       3.4220071   3.4220071e-09      0.86770902      0.25124793      0.25259901        11.12832       1.1623296      0.71961886      0.28033262      0.20878467       119.21075        1.261416       1.1024572      0.85267396      0.62044232       1.1718299       1.0628506              10       14.437624       1.6979834        1.6979834       14.437624                       14.437624
              2       8.8268322       88.799148       3.5335333       1.0112757     0.047963252      0.17385492      0.65868813       3.4244752   3.4244752e-09      0.86770902      0.25124793      0.25259901       10.796272      0.91720157      0.71783003      0.28212414      0.22246303       116.00442       1.2919523       1.1519615      0.88728049      0.64665255       1.2174493        1.068719              10       14.257698       1.6979834        1.6979834       14.257698                       14.257698
              5       9.1942846         89.8893       3.5670405       1.0854475     0.049164836      0.17785167      0.73431093       3.5411636   3.5411636e-09      0.86770902      0.25124793      0.25259901       10.669248      0.81532662      0.71819915      0.28175612      0.22766137       114.72441       1.3756693       1.2326647      0.95024675      0.69231658       1.3042716       1.0702087              10       14.992602       1.6979834        1.6979834       14.992602                       14.992602
              4        8.657562       88.728898       2.7399929       1.0931623     0.047750388      0.17461162      0.64202401       1.5486876   1.5486876e-09      0.86770902      0.25124793      0.25259901       10.792787      0.42885339      0.71669226      0.28326184      0.22300688       116.01701      0.91182762      0.81565298      0.62660276      0.45712958      0.85890531       1.0695246              10       13.919157       1.6979834        1.6979834       13.919157                       13.919157
              2       7.6550579       81.119863       2.0810407      0.98077421     0.037747235      0.15215218      0.66378633      0.80128032   8.0128032e-10      0.97246136      0.25072875      0.25207798        11.73284      0.21243545      0.71038313      0.28956195      0.19054428       126.25401      0.61179209        0.533735      0.40420607      0.29650923      0.55102013       1.0643639              10       11.914149       1.6979834        1.6979834       11.914149                       11.914149
             14       7.6529583       81.699362       3.0221424       0.8228748     0.039223437      0.15136632     0.098585878        2.053524    2.053524e-09      0.90212544      0.25107295      0.25242341       11.684054       1.6860451      0.71344285      0.28650301      0.19123462       125.32979      0.89752857      0.77833177      0.59352623      0.43423239      0.81125543       1.0612531              10        11.90995       1.6979834        1.6979834        11.90995                        11.90995
              4       6.9379525       88.405911        2.232383       1.1325044     0.047482048      0.18122232      0.34807075      0.93220545   9.3220545e-10      0.86770902      0.25124793      0.25259901       10.726437      0.46470915      0.70650337      0.29345039      0.22934924       115.20609      0.74343111      0.68525699      0.51447592      0.37865939      0.69900677        1.072941              10       10.479938       1.6979834        1.6979834       10.479938                       10.479938
              3       6.9698294       89.552954        2.562007       1.1067617     0.049144001      0.18576182      0.35348062       1.2961805   1.2961805e-09      0.86770902      0.25124793      0.25259901       10.586458      0.63919905      0.70624101      0.29371393      0.23555069       113.61376      0.86863245      0.80648997      0.60514179      0.44549033      0.82200793       1.0734658              10       10.543692       1.6979834        1.6979834       10.543692                       10.543692
              1       8.1156626       89.554472       3.7668026      0.98081649     0.049079587      0.17839437      0.15734252       4.3241585   4.3241585e-09      0.86770902      0.25124793      0.25259901       10.681076       3.1567168      0.71551762      0.28443732      0.22811883       114.69479       1.4418811       1.3006243       0.9964826      0.72772344       1.3644985       1.0699273              10       12.835359       1.6979834        1.6979834       12.835359                       12.835359
              6        8.093036       91.149975       3.7710511      0.98432704     0.051461026       0.1838526     0.084699146       4.3425685   4.3425685e-09      0.86770902      0.25124793      0.25259901       10.498639       3.6658774      0.71595378      0.28400272      0.23595849        112.5986       1.4520716       1.3196156       1.0120383      0.73880115        1.386329       1.0701123              10       12.790105       1.6979834        1.6979834       12.790105                       12.790105
              2       8.1098587       91.169455       3.7522998       1.1031118     0.051485863       0.1838583     0.083715294       4.2618984   4.2618984e-09      0.86770902      0.25124793      0.25259901       10.497263       3.6048642      0.71603841      0.28391811      0.23598903       112.58429       1.5353474       1.3950699       1.0701129      0.78113819       1.4659911       1.0700951              10       12.823751       1.6979834        1.6979834       12.823751                       12.823751
              6       8.0910246       89.383995        3.213491       1.1030361     0.048519452      0.17923657      0.15048874       2.4865742   2.4865742e-09      0.86770902      0.25124793      0.25259901        10.68648       1.8402997      0.71407839      0.28587637      0.22840089        114.8941       1.1759836       1.0645902      0.81297224      0.59445678       1.1118115       1.0714513              10       12.786083       1.6979834        1.6979834       12.786083                       12.786083
              3       7.8707102       73.012263        3.373064       1.1484316     0.027404033      0.12578815      0.22905653       2.9167759   2.9167759e-09       1.7420538       0.2478013      0.24914002        13.04719       1.8447906      0.71135015      0.28858206      0.15383705       140.42334       1.2214432       1.0078698      0.76495963       0.5606681       1.0436892       1.0499265              10       12.345454       1.6979834        1.6979834       12.345454                       12.345454
              2       7.7035233       78.478053         2.68764       1.1158198     0.034146286      0.15519114      0.45345006       1.4696949   1.4696949e-09       1.1762607      0.24982313      0.25116913        11.91527      0.59342452      0.69146865      0.30847267       0.1899823       128.40215      0.92418725       0.8394986       0.6101523       0.4547183      0.81871752       1.0696805              10        12.01108       1.6979834        1.6979834        12.01108                        12.01108
              4       7.7482128       90.265706       2.6603491       1.1032433     0.048784107      0.19062308      0.38974552        1.430128    1.430128e-09      0.86770902      0.25124793      0.25259901       10.493909      0.65591302      0.70533724       0.2946184      0.24005206       113.14239      0.92740591      0.86687406      0.64915173      0.47825684      0.88111227       1.0784652              10       12.100459       1.6979834        1.6979834       12.100459                       12.100459
              4       6.9453619       90.797567       3.5572379       1.0811316     0.050274583      0.19147532       0.4256604       3.5066206   3.5066206e-09      0.86770902      0.25124793      0.25259901       10.438389       1.4968037      0.70593755      0.29401861      0.24239477       112.20549       1.4253442       1.3337826       1.0001164      0.73645169       1.3581785       1.0760952              10       10.494757       1.6979834        1.6979834       10.494757                       10.494757
              1       8.3887261       76.724463       3.0367658      0.99717352     0.031568247      0.15062892      0.25789277        2.083774    2.083774e-09       1.3579772      0.24910774      0.25045117       12.163912       1.2440786      0.68933369      0.31060492      0.18284204        131.3356        1.042975      0.94258209      0.68201338       0.5091491      0.91356786       1.0691214              10       13.381486       1.6979834        1.6979834       13.381486                       13.381486
              1       7.5370823       72.745805       3.0265444      0.99390285      0.02681251      0.13330441      0.21746568       2.0625835   2.0625835e-09       1.8085479      0.24759784      0.24893582       12.908892        1.335129      0.69614629      0.30378542      0.16076179       139.23823       1.0034736      0.86558762      0.63540652      0.47172989       0.8558742       1.0576308              10       11.678198       1.6979834        1.6979834       11.678198                       11.678198
              3       9.1897105       75.448284       2.9334596       1.0225577     0.029646245      0.13831662      0.22540575       1.8792533   1.8792533e-09        1.518946      0.24853107      0.24987243       12.535051       1.1972929      0.70374082       0.2961957      0.16860773        135.5124      0.96437247      0.82809704      0.61796542      0.45588874       0.8376633       1.0615409              10       14.983454       1.6979834        1.6979834       14.983454                       14.983454
             12       9.1158088       68.473436       1.7175248       1.0797261     0.021094877      0.11751724      0.43190551      0.55707226   5.5707226e-10       2.6950555      0.24531627      0.24664596       13.800454      0.23483519      0.70291177      0.29701115      0.13925699       149.20455      0.52835634      0.43328568      0.32276109      0.23827274      0.43720788       1.0450522              10       14.835651       1.6979834        1.6979834       14.835651                       14.835651
              3       9.3548326       66.177518       3.3074406       1.0262714     0.018377495      0.10907128      0.35771836       2.7315126   2.7315126e-09       3.3640376      0.24396039      0.24528512       14.340042        1.335651      0.70743045      0.29248703      0.12809364       154.94448       1.1266116      0.89581074       0.6739941      0.49565872      0.91649361       1.0349824              10       15.313698       1.6979834        1.6979834       15.313698                       15.313698
              2       7.6790976        83.68097       2.7266928        1.040956      0.04063228      0.16429157      0.46144402       1.5282262   1.5282262e-09      0.86770902      0.25124793      0.25259901       11.330582      0.60727089      0.70638385      0.29356455      0.20556871       122.11395      0.89307586       0.8011721       0.6013504       0.4426429      0.81696171       1.0706999              10       11.962228       1.6979834        1.6979834       11.962228                       11.962228
              2       8.1173998       85.515989       2.3021583       1.1999837     0.042547052      0.17377854      0.50292372      0.99957327   9.9957327e-10      0.86770902      0.25124793      0.25259901       11.054866      0.36557849       0.7032585      0.29669208      0.21697046         119.327      0.80347732      0.73563692      0.54837011       0.4047159      0.74301449       1.0754826              10       12.838833       1.6979834        1.6979834       12.838833                       12.838833
              3       7.5527142        90.35329       2.2389508       1.0116574     0.049136418      0.18956624      0.46358136      0.93834808   9.3834808e-10      0.86770902      0.25124793      0.25259901       10.497997      0.37128065      0.70677124      0.29318449      0.23934752       113.09135      0.70987158      0.66095143      0.49652032      0.36536107       0.6747638       1.0772109              10       11.709462       1.6979834        1.6979834       11.709462                       11.709462
              5       7.5474014       90.205275       1.6217916       1.0192336     0.048942288      0.18908474      0.45823185      0.50621513   5.0621513e-10      0.86770902      0.25124793      0.25259901       10.513891      0.20245103      0.70663847      0.29331712      0.23867189        113.2657      0.52340354      0.48713256      0.36583645      0.26922868      0.49711014       1.0771571              10       11.698836       1.6979834        1.6979834       11.698836                       11.698836
              4       8.3471465       87.121671       3.7594071       1.0536342     0.045854646      0.16888415      0.49139641       4.2922971   4.2922971e-09      0.86770902      0.25124793      0.25259901       10.986391       1.6064539      0.71618639        0.283766      0.21538366       118.02194       1.4742322       1.3088328        1.004313      0.73300875       1.3760334       1.0675998              10       13.298326       1.6979834        1.6979834       13.298326                       13.298326
              2       9.1922146       75.432834       2.8301189       1.0020931     0.030439649      0.12982253      0.10123027       1.6947476   1.6947476e-09       1.4494962      0.24877394      0.25011617       12.700021       1.3841321      0.71715289       0.2827836      0.16090705       136.66675      0.86506294      0.71240603       0.5478876      0.39953518      0.75132514       1.0520899              10       14.988462       1.6979834        1.6979834       14.988462                       14.988462
              1       7.6112483       80.974729       2.8418892       1.0159749     0.037010619      0.15861472      0.10014683       1.7148132   1.7148132e-09        1.010183      0.25055201      0.25190061       11.645701       1.4035581      0.70061135      0.29933353       0.1962702       125.62789      0.94067709      0.84478466      0.62611507      0.46311943       0.8464773       1.0703762              10        11.82653       1.6979834        1.6979834        11.82653                        11.82653
              3       7.0578784       95.785414       2.2407591      0.97482394     0.056395027      0.21205148       0.4925568      0.94004645   9.4004645e-10      0.86770902      0.25124793      0.25259901         9.90185      0.35101034      0.70666807      0.29329254      0.26909138       106.48469      0.71284365      0.68360584       0.5134158       0.3778283      0.69766025       1.0801224              10        10.71979       1.6979834        1.6979834        10.71979                        10.71979
              2       6.8490415       95.032148       3.3145592      0.96752259     0.055479218      0.21199123       0.4760855       2.7510265   2.7510265e-09      0.86770902      0.25124793      0.25259901       9.9465496       1.0616275      0.70308027      0.29687971      0.26811531       106.93343       1.2219953       1.1800982      0.87932605      0.64907528       1.1912552       1.0808236              10       10.302116       1.6979834        1.6979834       10.302116                       10.302116
              9       6.8616163       94.355186       3.4339449      0.83421582     0.054726909      0.20793705      0.47627455        3.099869    3.099869e-09      0.86770902      0.25124793      0.25259901       10.028485       1.1957944       0.7042032      0.29575621      0.26330883       107.78919       1.1968879       1.1478039      0.85737306      0.63227105       1.1626162       1.0796423              10       10.327266       1.6979834        1.6979834       10.327266                       10.327266
              4       6.8966041        98.42073       3.8347908        1.134198     0.059993323      0.22449443      0.17767297       4.6283746   4.6283746e-09      0.86770902      0.25124793      0.25259901       9.6270959       3.2441708      0.70560612      0.29435657      0.28513262       103.40597       1.7662552       1.7225585       1.2906699      0.95067836       1.7522527       1.0812931              10       10.397242       1.6979834        1.6979834       10.397242                       10.397242
              2         6.88425       98.078608       3.8330072        1.134767      0.05954197      0.22327185      0.15841021       4.6201267   4.6201267e-09      0.86770902      0.25124793      0.25259901        9.657769       3.3655847      0.70528886      0.29467357      0.28345869       103.74271       1.7634918       1.7185356       1.2867551      0.94804987       1.7464678       1.0812681              10       10.372533       1.6979834        1.6979834       10.372533                       10.372533
              8       7.2396568       90.097838       2.3460886       0.8691565     0.049287622       0.1972423       0.1064663       1.0444636   1.0444636e-09      0.86770902      0.25124793      0.25259901        10.41709      0.84414656       0.6954638      0.30449168      0.24717479       111.97126       0.7125171      0.68542705      0.50239619      0.37319876      0.67632038       1.0798057              10       11.083347       1.6979834        1.6979834       11.083347                       11.083347
              7       8.2239547       74.876288       3.7778422      0.80445954     0.029277863      0.13511157      0.71733822       4.3721596   4.3721596e-09       1.5527598      0.24841565      0.24975659       12.652594       1.0414153      0.70557093      0.29436461      0.16503429       136.53945       1.3282498       1.1298995      0.84659037      0.62358365        1.149349       1.0583133              10       13.051943       1.6979834        1.6979834       13.051943                       13.051943
              2       9.8894211       69.509012        1.637443       1.0612172     0.022446413      0.11600262      0.57968911      0.51420048   5.1420048e-10       2.4352617      0.24591512        0.247247       13.713455        0.161295       0.7120357      0.28788951       0.1390939       148.07333      0.49222067      0.39543447      0.30059854      0.22018783      0.41037453       1.0430518              10       16.382875       1.6979834        1.6979834       16.382875                       16.382875
              1       7.0893378       69.365727       2.4088115       1.0528913     0.022856241      0.12080583      0.36562761       1.1120736   1.1120736e-09       2.3638714      0.24608904      0.24742155       13.586126        0.535246      0.70001049       0.2999144      0.14430694       146.34346      0.73889523      0.61523891      0.45541221       0.3370187      0.61539694        1.046637              10       10.782709       1.6979834        1.6979834       10.782709                       10.782709
              5       7.0651035       92.051499       3.1442001       1.1067237     0.052179312      0.20127589      0.69032961       2.3201109   2.3201109e-09      0.86770902      0.25124793      0.25259901        10.23974      0.58330549      0.70008043      0.29987693      0.25410007       109.90821       1.2012802       1.1521244      0.85289491      0.63114811         1.15255       1.0783448              10        10.73424       1.6979834        1.6979834        10.73424                        10.73424
              6       7.5039785       71.078172       1.9425694       1.1088616     0.025946069      0.12130258      0.66858996      0.69766537   6.9766537e-10       1.9126427      0.24729065      0.24862752       13.348852      0.18319655      0.70719213      0.29273634      0.14789352       142.95996      0.58276835      0.48060017      0.36139591      0.26582902      0.49131959       1.0439836              10        11.61199       1.6979834        1.6979834        11.61199                        11.61199
              2       11.741994       71.283265       3.8435763       1.1806401     0.026900984      0.11272154      0.55029459        4.669216    4.669216e-09       1.7983761      0.24762857      0.24896666       13.528619       1.5533315      0.72388281      0.27604607      0.14026739       144.16629       1.4656481       1.1481477      0.89695134      0.65015106       1.2374381       1.0332655              10       20.088022       1.6979834        1.6979834       20.088022                       20.088022
              2       9.0993913       85.042065       2.9127199      0.95019212     0.043867463      0.15768936      0.70851648       1.8406796   1.8406796e-09      0.86770902      0.25124793      0.25259901       11.301207       0.4462401      0.72036289      0.27958714      0.20220169       121.07296      0.88959453      0.76995499      0.59653825      0.43377807      0.82036855       1.0612114              10       14.802816       1.6979834        1.6979834       14.802816                       14.802816
              1       10.031054       91.912237       2.8999403       0.9529967      0.05263197      0.18041465      0.50175344        1.817306    1.817306e-09      0.86770902      0.25124793      0.25259901       10.487608      0.66620908      0.72332917      0.27662805      0.23369149       112.43843       0.9039622      0.80562773      0.62850826      0.45581126      0.86663642        1.067132              10       16.666142       1.6979834        1.6979834       16.666142                       16.666142
              1       8.4336652       78.378116       2.8764604      0.97010562     0.034806885       0.1381281      0.26038064       1.7751329   1.7751329e-09        1.134968      0.24999705      0.25134366       12.225742       1.0545498      0.71738184      0.28255934      0.17357985       131.19888      0.87357925      0.73280646      0.56386759       0.4111067      0.77339208       1.0550172              10       13.471364       1.6979834        1.6979834       13.471364                       13.471364
              6       8.6033265       99.118711       2.5594524       0.9512018     0.059719441       0.2478111      0.43289728       1.2928735   1.2928735e-09      0.86770902      0.25124793      0.25259901       9.3906421      0.54393405      0.68628332      0.31367989      0.30817541       101.07276      0.89138255      0.92378486       0.6641461      0.49703308      0.88744603       1.0914327              10       13.810686       1.6979834        1.6979834       13.810686                       13.810686
              3       9.1599669       97.264599       3.3064756       0.9841457     0.057722291       0.2398663      0.37106543       2.7288779   2.7288779e-09      0.86770902      0.25124793      0.25259901       9.5562032       1.2992142      0.68471785      0.31524395      0.29823345       102.76765        1.310685       1.3516015      0.96858427      0.72577015       1.2926344       1.0900813              10       14.923967       1.6979834        1.6979834       14.923967                       14.923967
              2       7.7217112        97.94481       2.5471421      0.80714393     0.058876258      0.23588663      0.41164809       1.2770555   1.2770555e-09      0.86770902      0.25124793      0.25259901       9.5526442      0.56060474      0.69202734      0.30793499      0.29540776       102.67528      0.79531242      0.80580969      0.58633152      0.43677523       0.7870974       1.0871663              10       12.047456       1.6979834        1.6979834       12.047456                       12.047456
              2       7.8649682       97.190528       2.5468983      0.80708801     0.057913855      0.23319852       0.4152174       1.2767442   1.2767442e-09      0.86770902      0.25124793      0.25259901       9.6185802      0.55648138      0.69109314       0.3088686      0.29175724       103.39307      0.79496266      0.80453688       0.5842546      0.43555759      0.78371598       1.0871202              10        12.33397       1.6979834        1.6979834        12.33397                        12.33397
             10       7.7380081       90.891961        2.169809       1.1731207     0.050306575      0.20324736      0.26884468       0.8756611    8.756611e-10      0.86770902      0.25124793      0.25259901       10.295852      0.51147043      0.69225976       0.3076965       0.2541988       110.63837      0.78162372       0.7623627       0.5549976      0.41335362      0.74517876       1.0815754              10       12.080049       1.6979834        1.6979834       12.080049                       12.080049
              6       9.3045745       85.429745       1.8410867      0.94106315     0.043413785        0.185857       0.4845827      0.63033846   6.3033846e-10      0.86770902      0.25124793      0.25259901       10.881614      0.23915013      0.68492164      0.31502884      0.22991565       116.95392      0.57885024      0.55908383      0.40082828       0.3002935      0.53502093       1.0793487              10       15.213182       1.6979834        1.6979834       15.213182                       15.213182
              5        8.665982       92.848044       2.0513369      0.82520016     0.054197536      0.18812954      0.01521499      0.77782927   7.7782927e-10      0.86770902      0.25124793      0.25259901       10.328494      0.75451644       0.7181129      0.28184518      0.24297194       110.56689       0.5627501      0.51262807       0.3950978       0.2878772      0.54225299       1.0689379              10       13.935997       1.6979834        1.6979834       13.935997                       13.935997
              1       7.2164723       86.599089       2.0605013      0.84080458     0.045629178      0.17651295     0.067503038      0.78499038   7.8499038e-10      0.86770902      0.25124793      0.25259901       10.912757      0.68585442      0.70287881        0.297073      0.22278699       116.99599      0.58484548      0.53946781      0.40180339      0.29663978       0.5442492       1.0711505              10       11.036978       1.6979834        1.6979834       11.036978                       11.036978
              2       7.4392097       87.368388       1.6526118       1.1587841     0.045858838      0.17476746      0.38198744      0.52205972   5.2205972e-10      0.86770902      0.25124793      0.25259901       10.890797      0.24318126      0.71007404      0.28987862      0.22127116       117.11996       0.5568533      0.50466524      0.38191965      0.28023737      0.52049668       1.0714407              10       11.482453       1.6979834        1.6979834       11.482453                       11.482453
              2       8.0027108       89.249214        2.600026      0.94040854     0.048165231       0.1800246       0.3245985       1.3464088   1.3464088e-09      0.86770902      0.25124793      0.25259901       10.688027      0.70345168      0.71266955      0.28728508      0.22883469       114.98396      0.79740253      0.72452344      0.55151595      0.40377213      0.75332053       1.0724869              10       12.609455       1.6979834        1.6979834       12.609455                       12.609455
             16       8.1962691       89.681928       2.5985862      0.94109545     0.048438703      0.18278904      0.34876838       1.3444717   1.3444717e-09      0.86770902      0.25124793      0.25259901       10.626106      0.66929148      0.71165843      0.28829664      0.23187261       114.43146      0.80308045      0.73376673      0.55727738      0.40834883      0.76052155       1.0741811              10       12.996572       1.6979834        1.6979834       12.996572                       12.996572
              2       8.5866076        73.54094       2.6032473       1.1712515     0.028357761      0.12391477      0.58311128       1.3507529   1.3507529e-09       1.6419074      0.24811967      0.24945954       13.026992      0.42081567      0.71718582      0.28274736       0.1529174       139.95176       0.8238639      0.66983777       0.5151927      0.37568109      0.70651284       1.0470846              10       13.777249       1.6979834        1.6979834       13.777249                       13.777249
             14       9.1809588       88.503562       3.6372518       1.1566178     0.046952135      0.17519251      0.70143766       3.7987297   3.7987297e-09      0.86770902      0.25124793      0.25259901       10.807942       0.9340656      0.71552528      0.28442858      0.22278951       116.40178       1.4898346       1.3359346       1.0235563      0.74748941       1.4015817       1.0714387              10       14.965951       1.6979834        1.6979834       14.965951                       14.965951
              4       9.3195245       90.126249       3.6769287       1.1732062     0.049231787      0.17967454      0.76340121       3.9524814   3.9524814e-09      0.86770902      0.25124793      0.25259901       10.632375      0.85859424      0.71735238      0.28260313      0.22955119       114.42436       1.5360449       1.3819098       1.0632216      0.77520761       1.4582418       1.0715247              10       15.243082       1.6979834        1.6979834       15.243082                       15.243082
              7       8.2555274       89.131542       3.6882539        1.175696      0.04869556      0.17583074      0.72114136       3.9974985   3.9974985e-09      0.86770902      0.25124793      0.25259901       10.742259      0.94495882      0.71652182      0.28343269      0.22517117       115.28727       1.5312284       1.3735722       1.0547952      0.76962762       1.4456251       1.0686115              10       13.115088       1.6979834        1.6979834       13.115088                       13.115088
              2       8.0527635       74.297715       2.6479596       1.1650465     0.029544729      0.12675189       0.6480643       1.4125189   1.4125189e-09       1.5281616      0.24849944      0.24984068       12.874772      0.38644951      0.71562801      0.28430653      0.15694148       138.17596      0.84401576      0.69316609      0.53123294      0.38791065      0.72750886        1.048633              10        12.70956       1.6979834        1.6979834        12.70956                        12.70956
              2       8.6449746       74.336563       2.6379582       1.1672685     0.029805444      0.12501984      0.48561381       1.3984621   1.3984621e-09       1.5046481      0.24858042      0.24992195       12.905366      0.52948286      0.71858774      0.28134686      0.15547015       138.33526      0.83091036      0.67618284      0.52175417      0.37999374      0.71639973       1.0464538              10       13.893982       1.6979834        1.6979834       13.893982                       13.893982
              1       7.2762155        84.88965       3.8685105      0.94439885     0.042957538      0.16519689      0.28411528       4.7871029   4.7871029e-09      0.86770902      0.25124793      0.25259901       11.210065        2.712023      0.71020245       0.2897474       0.2087993       120.43008       1.4853661       1.3263842       1.0040741      0.73666605       1.3685507       1.0678519              10       11.156464       1.6979834        1.6979834       11.156464                       11.156464
              2       7.0216491       83.431379       2.5740947      0.84781846     0.040782165      0.16334999      0.28346745       1.3119435   1.3119435e-09      0.86770902      0.25124793      0.25259901       11.357768        0.744215      0.70576183      0.29418625      0.20477702       122.17016      0.75040293      0.67345757      0.50479474      0.37176664      0.68542388       1.0690826              10       10.647331       1.6979834        1.6979834       10.647331                       10.647331
              5       7.0082823        84.71063       2.5728545       1.0184681     0.042484908      0.16761195      0.45181347       1.3103174   1.3103174e-09      0.86770902      0.25124793      0.25259901       11.191695      0.53080659      0.70626941      0.29368023      0.21074173       120.34587      0.81712817      0.73779762      0.55364045      0.40756464      0.75207151       1.0701293              10       10.620598       1.6979834        1.6979834       10.620598                       10.620598
              4       7.0152123       84.842115       3.4315131       1.1345386      0.04323673       0.1678795      0.36003627       3.0923398   3.0923398e-09      0.86770902      0.25124793      0.25259901       11.168997       1.5050942      0.70576298      0.29418682       0.2117611       119.81883       1.3283625       1.2021927      0.90111069      0.66364212       1.2235517       1.0685489              10       10.634458       1.6979834        1.6979834       10.634458                       10.634458
             29       6.8687678       91.917102       3.4138365       1.1490164     0.051636446      0.19765026     0.075207791        3.038158    3.038158e-09      0.86770902      0.25124793      0.25259901       10.293759       2.6138803      0.70413658      0.29582064      0.24993157       110.65868       1.3959435       1.3215467      0.98701358       0.7279143       1.3383386       1.0778778              10       10.341569       1.6979834        1.6979834       10.341569                       10.341569
             10       6.9362939       95.105543       3.3003482      0.93383021     0.056104019      0.21052711      0.15450499       2.7122082   2.7122082e-09      0.86770902      0.25124793      0.25259901       9.9518548       1.9912312       0.7044663      0.29549375      0.26727599       106.80529       1.1811381       1.1362868      0.84926002      0.62614909       1.1518704       1.0787656              10       10.476621       1.6979834        1.6979834       10.476621                       10.476621
              7       6.9142991       93.973561       2.0518852       1.0675316     0.054611389      0.20666684      0.16454911      0.77825588   7.7825588e-10      0.86770902      0.25124793      0.25259901       10.061254       0.5600114      0.70336504      0.29659404      0.26192309       108.00123      0.68132968      0.65372817      0.48741709      0.35970076      0.66048073       1.0785647              10       10.432632       1.6979834        1.6979834       10.432632                       10.432632
              1       7.4291752       88.638107       1.9807867       1.0699378     0.047018545       0.1933897      0.28211781      0.72484429   7.2484429e-10      0.86770902      0.25124793      0.25259901       10.566076      0.41228763      0.69314239      0.30681161      0.24105311       113.75591      0.66312568      0.63706181      0.46464796      0.34581353      0.62431833       1.0807806              10       11.462384       1.6979834        1.6979834       11.462384                       11.462384
              5       7.6688142       92.960311       2.4499169        1.119398     0.052418245       0.2136176      0.64693222       1.1587384   1.1587384e-09      0.86770902      0.25124793      0.25259901       10.058574      0.31773657      0.69135779      0.30860039      0.26668071       108.25182      0.88775947      0.87799449      0.63795966      0.47549104      0.85594153       1.0849725              10       11.941662       1.6979834        1.6979834       11.941662                       11.941662
              4       7.7147731       93.480404       3.1846086       1.1401277     0.053131368      0.21604716      0.63599784        2.415783    2.415783e-09      0.86770902      0.25124793      0.25259901       10.001068      0.67707569      0.69118626      0.30877238       0.2698234       107.60268       1.3016159       1.2915422      0.93810781      0.69929813       1.2584708       1.0852052              10       12.033579       1.6979834        1.6979834       12.033579                       12.033579
              4       9.1528605       91.748324       3.3452309       1.0406894     0.052579757       0.2032739      0.75189826       2.8367125   2.8367125e-09      0.86770902      0.25124793      0.25259901       10.227701      0.63055763      0.69524575      0.30471132      0.25649852       109.44821       1.2862978       1.2494855      0.91540389      0.68011899       1.2320848       1.0774553              10       14.909754       1.6979834        1.6979834       14.909754                       14.909754
              2       7.0673933        84.99453       3.2714815       1.0330991     0.043351332      0.16677639      0.27638938       2.6350348   2.6350348e-09      0.86770902      0.25124793      0.25259901       11.174667       1.5160642      0.70818566      0.29176432      0.21077259       119.92196       1.1565548       1.0398759      0.78364569      0.57594073       1.0662565       1.0679682              10        10.73882       1.6979834        1.6979834        10.73882                        10.73882
              2       6.8965219       79.864456       3.2643668       1.0230582     0.036687327      0.15155637      0.27928554       2.6163538   2.6163538e-09       1.0273351      0.25047306      0.25182138       11.842896       1.4966221      0.70380231      0.29614103      0.18888856       127.14625       1.1371087       1.0044269       0.7496411       0.5530037       1.0161989       1.0636431              10       10.397077       1.6979834        1.6979834       10.397077                       10.397077
              3       7.7475791       77.876541       3.2593079        1.017697     0.034678673      0.13937186      0.21410263       2.6031515   2.6031515e-09       1.1428309      0.24996356      0.25131005       12.238984       1.6964156      0.71189022      0.28805019       0.1746954       131.05046       1.0903081      0.92760867       0.7048872      0.51640051       0.9621717       1.0550031              10       12.099192       1.6979834        1.6979834       12.099192                       12.099192
              6       7.7379574       77.894605       3.6723217      0.98136178     0.034700476      0.13948094      0.21457772       3.9343144   3.9343144e-09       1.1414887      0.24996926      0.25131578       12.235179       2.5614697      0.71180813      0.28813231      0.17482628       131.01103       1.3189776       1.1225734       0.8528823      0.62486628       1.1641022       1.0550762              10       12.079948       1.6979834        1.6979834       12.079948                       12.079948
              2       7.8542392       77.822594       3.2102338      0.96742503     0.034627215      0.13867326      0.19820238        2.478488    2.478488e-09       1.1460068      0.24995008      0.25129653       12.257381        1.667364      0.71272912      0.28721121      0.17394534       131.23279       1.0370822      0.87970718      0.66975561      0.49030544      0.91488396        1.054455              10       12.312512       1.6979834        1.6979834       12.312512                       12.312512
              9       7.9149745       82.819607       3.1640017      0.81069556      0.04087351      0.15406555      0.11230949       2.3665108   2.3665108e-09      0.86770902      0.25124793      0.25259901       11.541277       1.8904174      0.71480161       0.2851457      0.19558393       123.69391      0.95533267      0.83056233      0.63531326       0.4642529      0.86940315       1.0614072              10       12.433982       1.6979834        1.6979834       12.433982                       12.433982
              6       8.2088162       81.246973       3.1951373      0.81264615     0.039394325      0.15239953      0.31120681       2.4413526   2.4413526e-09      0.89440619      0.25111187      0.25246247       11.692497        1.310146      0.70841872      0.29152653      0.19243872       125.02274      0.97931601      0.86025577      0.64862841      0.47661257      0.88272707       1.0603258              10       13.021666       1.6979834        1.6979834       13.021666                       13.021666
              8        7.552172       83.849085        2.454868       1.0026534     0.042330098      0.16023603      0.36622147       1.1644896   1.1644896e-09      0.86770902      0.25124793      0.25259901       11.356878      0.55980875      0.71091353      0.28903507      0.20321099       121.65677      0.74379655       0.6586424      0.49939129      0.36616649      0.68108815       1.0639683              10       11.708377       1.6979834        1.6979834       11.708377                       11.708377
              8       8.3772892       86.669576       3.8467105      0.83646303     0.046300875      0.16658815      0.21911857       4.6838735   4.6838735e-09      0.86770902      0.25124793      0.25259901       11.038228       3.0219076      0.71568029       0.2842716      0.21353389       118.10562       1.3665113       1.2119859      0.92892349      0.67828672       1.2721742       1.0640088              10       13.358612       1.6979834        1.6979834       13.358612                       13.358612
              1       8.3945366       93.919656       2.1469326        1.012871     0.055378578      0.19339933      0.37967044      0.85585655   8.5585655e-10      0.86770902      0.25124793      0.25259901       10.201507      0.40051928      0.71719568      0.28276335      0.24942277       109.27688      0.65910906      0.60562975      0.46579123       0.3396621      0.63875678        1.070729              10       13.393106       1.6979834        1.6979834       13.393106                       13.393106
              8       8.1642582       94.967244       2.4006496      0.97228269     0.056576326      0.19870147      0.39537171       1.1030339   1.1030339e-09      0.86770902      0.25124793      0.25259901       10.079129      0.50023418      0.71619347      0.28376646      0.25592266         108.012      0.73863875      0.68465982      0.52536275      0.38344188      0.71981187       1.0723245              10        12.93255       1.6979834        1.6979834        12.93255                        12.93255
              1       7.8281879       93.778024       3.1026894      0.94401356     0.055247124      0.20387014       0.4221166        2.225773    2.225773e-09      0.86770902      0.25124793      0.25259901       10.093811       0.9568306      0.70458394      0.29537497      0.25976213       108.02909       1.0616367       1.0138032      0.75791395      0.55874458        1.028079       1.0752945              10       12.260409       1.6979834        1.6979834       12.260409                       12.260409
             11       7.7516386        93.76846       2.8726358      0.94906997     0.055171844      0.20421457      0.42153485       1.7683567   1.7683567e-09      0.86770902      0.25124793      0.25259901       10.091352      0.76107831      0.70421756      0.29574134      0.26003128       108.02401      0.95039361      0.90853905      0.67867196      0.50048137      0.92030525       1.0756136              10       12.107311       1.6979834        1.6979834       12.107311                       12.107311
              2       7.7829577       96.124847       2.8244489        1.106693       0.0581646      0.21439597       0.4065941       1.6851656   1.6851656e-09      0.86770902      0.25124793      0.25259901       9.8446595      0.74727326      0.70428357      0.29567732      0.27320544       105.37513       1.0288213      0.99559992      0.74381044      0.54848755       1.0086901       1.0772133              10       12.169949       1.6979834        1.6979834       12.169949                       12.169949
              3       7.1187164       98.501801       2.8930515       1.1077658      0.06063102       0.2247286      0.37619332       1.8048299   1.8048299e-09      0.86770902      0.25124793      0.25259901       9.6154064      0.85050901      0.70519192      0.29477084      0.28600449       103.09688       1.0824547       1.0574473      0.79159479      0.58327593       1.0743154       1.0799252              10       10.841466       1.6979834        1.6979834       10.841466                       10.841466
              2       7.0705274       90.031642       2.8873684       1.1016847     0.049652183      0.19275606      0.48332107        1.794602    1.794602e-09      0.86770902      0.25124793      0.25259901       10.469593      0.68259139      0.70010073      0.29985469      0.24305311       112.37261       1.0414309      0.98773097      0.73123295      0.54110739      0.98816176       1.0765851              10       10.745088       1.6979834        1.6979834       10.745088                       10.745088
              3       6.9870526       92.137243       3.7164491        1.052564     0.052239731      0.20116647      0.54876934       4.1118129   4.1118129e-09      0.86770902      0.25124793      0.25259901       10.236089       1.3720766      0.70069611      0.29926132      0.25405106       109.89085       1.5491896       1.4837427       1.0998535      0.81348114       1.4870384        1.078332              10       10.578139       1.6979834        1.6979834       10.578139                       10.578139
              2       7.1200273       93.372432       3.7291947       1.1214533     0.054000326      0.19904797      0.44780003       4.1645558   4.1645558e-09      0.86770902      0.25124793      0.25259901       10.179987       1.7006483        0.708973      0.29098555      0.25369316       109.25607       1.5916835       1.4963776        1.129624      0.82966306       1.5380344       1.0755657              10       10.844088       1.6979834        1.6979834       10.844088                       10.844088
              3       7.9597665       79.745932       3.7602125       1.1133276     0.037278817      0.15026382      0.79821496       4.2957554   4.2957554e-09      0.99623413      0.25061683      0.25196566       11.862962      0.87039991      0.70402359      0.29591958       0.1881875       126.94539       1.5079439       1.3301072      0.99319122      0.73253149       1.3466026       1.0607963              10       12.523566       1.6979834        1.6979834       12.523566                       12.523566
              4       7.9921422       79.571327       3.6843263      0.82921931     0.037077205      0.14936608      0.79410017       3.9818287   3.9818287e-09       1.0066965      0.25056816      0.25191682       11.893869      0.81345949      0.70445953      0.29548339      0.18708815       127.26178       1.2702607       1.1177426      0.83541917        0.615939       1.1331076       1.0602685              10       12.588318       1.6979834        1.6979834       12.588318                       12.588318
             11       7.5977923       95.644209       2.9241834       0.9829116     0.057002018      0.20481042      0.56682248       1.8619015   1.8619015e-09      0.86770902      0.25124793      0.25259901       9.9773239       0.5992678      0.71305339      0.28690711      0.26245731       107.05713      0.98189573      0.92247109      0.70279723      0.51435784      0.96027299       1.0753061              10       11.799618       1.6979834        1.6979834       11.799618                       11.799618
             35       7.4818215       95.070334        2.699956      0.95847018     0.056229045      0.20317352      0.54877218       1.4879076   1.4879076e-09      0.86770902      0.25124793      0.25259901       10.029697      0.49649916        0.712245      0.28771502      0.26004743       107.63145      0.86568256      0.81290225      0.61818977      0.45275415      0.84407527       1.0753439              10       11.567676       1.6979834        1.6979834       11.567676                       11.567676
              3       7.2131187       72.929897       3.1584416       1.0014918     0.028153089      0.12783027      0.54857131       2.3533892   2.3533892e-09       1.6627044      0.24805233      0.24939196       12.988621      0.78561682      0.70545001      0.29448204      0.15662822        139.2262        1.035103        0.869321      0.65118002      0.47969564      0.88396763        1.049553              10       11.030271       1.6979834        1.6979834       11.030271                       11.030271
              1       7.2220551       72.980595       3.7356449      0.85898844     0.028223855      0.12800743      0.54854344       4.1915049   4.1915049e-09       1.6554722      0.24807568      0.24941538        12.97891       1.3993012      0.70539362      0.29453853      0.15687615       139.11813       1.3041918       1.0958823      0.82078741      0.60466692       1.1141538       1.0496655              10       11.048143       1.6979834        1.6979834       11.048143                       11.048143
              4       7.2357497       73.386416       3.3999366       1.1584567     0.028746792      0.12889935      0.55836865         2.99622     2.99622e-09       1.6033682      0.24824616      0.24958649       12.914775      0.98080089      0.70601578      0.29391712      0.15829101       138.42196       1.2504271       1.0516216      0.78871924      0.58073588       1.0711893       1.0501928              10       11.075533       1.6979834        1.6979834       11.075533                       11.075533
              2       7.1549631       80.177204       2.7197071      0.99334999     0.036416316      0.15804491      0.59410512       1.5175876   1.5175876e-09       1.0420051      0.25040619      0.25175427        11.71604      0.46250947      0.69643657      0.30350721      0.19510609       126.16504      0.87865097      0.79503242      0.58396135      0.43343738      0.78675924       1.0696154              10       10.913959       1.6979834        1.6979834       10.913959                       10.913959
              3       7.1800133       77.706727         2.53213       1.0428649     0.033190669      0.14834108      0.56272888       1.2580274   1.2580274e-09       1.2396026      0.24956555      0.25091062       12.108534      0.40823478      0.69824009      0.30170006      0.18217662       130.46454      0.80815743      0.71603459      0.52798201      0.39130282      0.71240224       1.0654659              10        10.96406       1.6979834        1.6979834        10.96406                        10.96406
              1        8.978752       61.748001       2.4085052       1.1273376     0.013947845     0.092245384      0.34493252        1.111733    1.111733e-09       5.2010301      0.24112187      0.24243613        15.55159      0.55769393      0.71969735      0.28020787       0.1068381       166.86968      0.70810558      0.52327819       0.4048364      0.29454363      0.55642863       1.0065087              10       14.561537       1.6979834        1.6979834       14.561537                       14.561537
              9       7.4760814       71.719272       3.3512772      0.88404975     0.026550928      0.12830342      0.14296841       2.8539162   2.8539162e-09       1.8391047      0.24750631      0.24884396       13.111356        2.144176        0.697617      0.30231274      0.15549921       140.65699        1.107992      0.94483555      0.69577474      0.51592049      0.93832772       1.0509075              10       11.556196       1.6979834        1.6979834       11.556196                       11.556196
             10        6.851073       99.625812       3.1237666       1.0708202     0.061247333      0.23196509      0.75723248        2.273184    2.273184e-09      0.86770902      0.25124793      0.25259901       9.4953211      0.49993185      0.70389474      0.29606885      0.29385729       102.05108       1.2073578       1.1908752       0.8889352      0.65571978       1.2050968       1.0833028              10       10.306179       1.6979834        1.6979834       10.306179                       10.306179
              1       6.8495821       99.576283       3.6341351       1.0675594     0.061271796      0.23150193      0.75469309       3.7869087   3.7869087e-09      0.86770902      0.25124793      0.25259901       9.5013658      0.83707959      0.70404253      0.29592102      0.29341859       102.08942       1.5530822       1.5308107       1.1430529      0.84306351       1.5497883       1.0829755              10       10.303197       1.6979834        1.6979834       10.303197                       10.303197
             16       6.8410482       97.572621       3.5193566       0.9638032     0.058763242      0.22397786      0.75455628       3.3762699   3.3762699e-09      0.86770902      0.25124793      0.25259901       9.6805606      0.74651391      0.70230073      0.29766132      0.28338597       104.01664       1.3701837       1.3439522      0.99970851      0.73842091       1.3534518       1.0824367              10        10.28613       1.6979834        1.6979834        10.28613                        10.28613
              9       6.8625783       97.441613       3.5161669      0.96298415     0.058408402        0.222696      0.73062952       3.3655176   3.3655176e-09      0.86770902      0.25124793      0.25259901       9.7019738      0.78061182      0.70322346      0.29673848      0.28174926       104.32082        1.364905       1.3341419      0.99441606      0.73394175       1.3473321       1.0825992              10        10.32919       1.6979834        1.6979834        10.32919                        10.32919
              1       6.9561753        92.10275       3.2904099      0.81617114     0.051800304      0.20319193      0.64529004       2.6853867   2.6853867e-09      0.86770902      0.25124793      0.25259901       10.219987      0.73877984       0.6986022       0.3013552       0.2556371       109.86126       1.1111823       1.0707383      0.79011681      0.58541113       1.0664037       1.0803084              10       10.516384       1.6979834        1.6979834       10.516384                       10.516384
              3       6.9962445       92.987373        2.313829      0.98382034     0.053490236      0.20269982      0.67757341       1.0113073   1.0113073e-09      0.86770902      0.25124793      0.25259901       10.163716      0.26082569      0.70292423      0.29703397      0.25683492       109.05521      0.73687602      0.70424342      0.52457543      0.38726609      0.71056925       1.0776164              10       10.596522       1.6979834        1.6979834       10.596522                       10.596522
              8       7.0917873       88.874115       1.7877738       1.0428302     0.048033278       0.1895095       0.7643987      0.59761333   5.9761333e-10      0.86770902      0.25124793      0.25259901       10.589132      0.12956032      0.69839778      0.30155647      0.23818764       113.71755       0.5817008      0.55094717      0.40637732       0.3011422      0.54838719       1.0766953              10       10.787608       1.6979834        1.6979834       10.787608                       10.787608
              5       7.2259278       97.191631       3.5562395      0.88565635     0.058774108      0.21435874       0.6544551       3.5031213   3.5031213e-09      0.86770902      0.25124793      0.25259901       9.7909494      0.94624303      0.71013373      0.28982801      0.27377772       105.09615        1.297758        1.240296      0.93873551      0.68877652       1.2794053       1.0779673              10       11.055889       1.6979834        1.6979834       11.055889                       11.055889
              6       9.0923402       95.755325       3.5526877      0.87498895     0.057582231      0.19820155      0.46239181       3.4907011   3.4907011e-09      0.86770902      0.25124793      0.25259901        10.03654       1.3844722      0.72029394      0.27966665      0.25642865       107.58252       1.2341613       1.1337593      0.87824069       0.6386659       1.2076842        1.071295              10       14.788714       1.6979834        1.6979834       14.788714                       14.788714
              4       7.0434276       85.255826       3.8506761      0.88515709     0.043687729      0.16803537      0.13285394       4.7024847   4.7024847e-09      0.86770902      0.25124793      0.25259901       11.136091       3.6052212      0.70777675      0.29217353      0.21236796       119.50654       1.4386068        1.297095      0.97659466      0.71800019       1.3283243       1.0684275              10       10.690889       1.6979834        1.6979834       10.690889                       10.690889
              2       6.9865375       83.406865       3.5754638       1.0135441     0.041313656      0.16494147      0.17283452       3.5711179   3.5711179e-09      0.86770902      0.25124793      0.25259901       11.326632       2.5274469      0.70253715       0.2974109      0.20689999       121.55009       1.3455081       1.2192683      0.90745779      0.67014017        1.228817        1.068521              10       10.577108       1.6979834        1.6979834       10.577108                       10.577108
              3        7.193887       76.849994       3.3658349      0.94827416     0.033128791      0.13901465      0.17692364       2.8957664   2.8957664e-09       1.2438587      0.24954858      0.25089359       12.348857       2.0327764      0.70737091       0.2925679      0.17278831       132.38405       1.1288642      0.96751677      0.72781382      0.53527501      0.98960899       1.0562293              10       10.991807       1.6979834        1.6979834       10.991807                       10.991807
              8       7.3103729       76.375107        2.909913      0.97718575     0.032619475      0.13760928      0.18009061       1.8355202   1.8355202e-09       1.2796375      0.24940745      0.25075195        12.42126        1.280367      0.70700297      0.29293507      0.17087363       133.09891      0.90880203      0.77737453      0.58430291      0.42986382      0.79422802       1.0552279              10       11.224779       1.6979834        1.6979834       11.224779                       11.224779
              3       7.9715101       82.471916       2.4236733       1.0014394     0.040857694      0.15540053      0.44521792       1.1287245   1.1287245e-09      0.86770902      0.25124793      0.25259901       11.541334      0.46331523      0.71045234      0.28949452      0.19690309        123.4725      0.72626592      0.63872792      0.48379213      0.35486967      0.65955149       1.0614418              10       12.547053       1.6979834        1.6979834       12.547053                       12.547053
              3       7.8459785       98.073075        2.013605       1.1885671      0.06037314       0.2135644      0.34686836      0.74902709   7.4902709e-10      0.86770902      0.25124793      0.25259901       9.7438005      0.37429282      0.71448411      0.28547832      0.27458241       104.45421       0.7088307      0.67131152      0.51311026      0.37506279      0.70196816       1.0755106              10        12.29599       1.6979834        1.6979834        12.29599                        12.29599
             12       7.4104129       88.876303       2.0241942       1.1952247       0.0487805      0.18302895      0.27732654      0.75700083   7.5700083e-10      0.86770902      0.25124793      0.25259901       10.661271      0.43472397      0.70567092      0.29428333      0.23245432       114.20284      0.69301823      0.64212211      0.48120382      0.35442185       0.6533376       1.0714855              10       11.424859       1.6979834        1.6979834       11.424859                       11.424859
              1       7.4953959        88.03531       2.0254663       1.1949929     0.047760517      0.17976411      0.27642068      0.75796446   7.5796446e-10      0.86770902      0.25124793      0.25259901       10.761843      0.43606667      0.70554933      0.29440405      0.22816949       115.25557      0.68969964      0.63625135      0.47667722      0.35112386      0.64712541       1.0705579              10       11.594825       1.6979834        1.6979834       11.594825                       11.594825
              3       7.5916694        88.56913       2.1547553       1.1364708     0.048509332      0.18171229      0.26754227      0.86257794   8.6257794e-10      0.86770902      0.25124793      0.25259901       10.698021       0.5051427      0.70564995      0.29430399      0.23086649       114.54436      0.71364471      0.66013178      0.49467763      0.36435213      0.67161941       1.0708187              10       11.787372       1.6979834        1.6979834       11.787372                       11.787372
              4       7.5982371         88.6127       2.1547298       1.1364578     0.048570617      0.18183875      0.26653981      0.86255591   8.6255591e-10      0.86770902      0.25124793      0.25259901       10.693272      0.50614356      0.70570023      0.29425374      0.23105424       114.49136       0.7136644       0.6602109      0.49479183      0.36442068      0.67180312       1.0708223              10       11.800507       1.6979834        1.6979834       11.800507                       11.800507
              1       7.4013777       90.391799       2.3053146      0.98719552     0.050731896      0.18763167      0.26682108       1.0027333   1.0027333e-09      0.86770902      0.25124793      0.25259901       10.500159      0.58806803      0.70743604      0.29251973      0.23900843       112.47779      0.71286435      0.66252448      0.49843692      0.36656331      0.67775294       1.0721067              10       11.406789       1.6979834        1.6979834       11.406789                       11.406789
              7       7.8054589       89.785967       3.7469649       0.9244391     0.048743653      0.19959727      0.24866353       4.2392222   4.2392222e-09      0.86770902      0.25124793      0.25259901       10.411622       2.5781001      0.69109804      0.30885713      0.24898579       111.95607       1.4947968       1.4539823       1.0559073      0.78716395       1.4164015       1.0816336              10       12.214951       1.6979834        1.6979834       12.214951                       12.214951
              2       7.5552724       91.428347       2.4991076       1.0404205     0.050847742      0.20523423      0.25597206       1.2171627   1.2171627e-09      0.86770902      0.25124793      0.25259901       10.240848      0.72948122      0.69283575      0.30712101      0.25672684       110.09915      0.85614811      0.83610108      0.60942002      0.45367422      0.81863317         1.08221              10       11.714578       1.6979834        1.6979834       11.714578                       11.714578
              2       8.6641644       83.503109       1.6224504       1.1330301     0.040493703      0.17795575      0.20856608      0.50654875   5.0654875e-10      0.86770902      0.25124793      0.25259901       11.140686      0.33378211      0.68573396      0.31421421      0.21909432       119.99761      0.56962452      0.54266787       0.3897144      0.29177825      0.52052309       1.0785987              10       13.932362       1.6979834        1.6979834       13.932362                       13.932362
              2       8.7325206       83.239209       3.4897857       1.1478388     0.040202219       0.1770466      0.18484623       3.2778923   3.2778923e-09      0.86770902      0.25124793      0.25259901       11.173362       2.2648491      0.68547094       0.3144769      0.21789368       120.33163       1.4588326       1.3886416      0.99670497      0.74638657       1.3309736       1.0782585              10       14.069074       1.6979834        1.6979834       14.069074                       14.069074
              1       8.4912214       77.106662       3.5027852       1.1403956     0.032700761      0.15280337      0.35120554       3.3207815   3.3207815e-09       1.2738362      0.24943016      0.25077474       12.076514       1.6450801      0.68684366      0.31309555        0.186149       129.99273       1.4096637       1.2863571      0.92593543      0.69262781       1.2378313       1.0684798              10       13.586476       1.6979834        1.6979834       13.586476                       13.586476
              3       9.3858238       81.052279       2.3966736       1.1269081     0.039258964       0.1445616     0.091559318        1.098657    1.098657e-09      0.90051373      0.25108106      0.25243155       11.843133      0.91481802      0.71915312      0.28079187      0.18446543       126.55032      0.73517205      0.62360351      0.48180104      0.35072269      0.66186833       1.0547584              10       15.375681       1.6979834        1.6979834       15.375681                       15.375681
             11       8.7646617       97.958644        2.731007       1.0857813     0.060801179      0.20868401      0.73528117       1.5348335   1.5348335e-09      0.86770902      0.25124793      0.25259901       9.7931133      0.35269895      0.71845652      0.28150582      0.27013005       104.81828       0.9358246      0.87467225      0.67466423      0.49142758      0.92622359       1.0722955              10       14.133357       1.6979834        1.6979834       14.133357                       14.133357
             57       8.7654722       97.973752       1.6102463       1.1139763     0.060820416      0.20874395      0.73535404      0.50040435   5.0040435e-10      0.86770902      0.25124793      0.25259901       9.7916454      0.11497427      0.71846086      0.28150149      0.27020923        104.8026      0.54351734      0.50803282      0.39186678      0.28543592      0.53798265       1.0723039              10       14.134978       1.6979834        1.6979834       14.134978                       14.134978
              4       8.7995524       70.982823       1.6162607       1.1434756     0.025353926      0.13182558       0.4554764      0.50342307   5.0342307e-10       1.9887871      0.24707347      0.24840955       13.116139        0.202447      0.68669526      0.31323302      0.15782437       141.00585      0.53374323      0.46749897      0.33641542      0.25167656      0.44968563       1.0552981              10       14.203138       1.6979834        1.6979834       14.203138                       14.203138
              4       9.4515843       56.743778       2.0848673       1.0658537    0.0079093709     0.089153121      0.53812695       0.8043524    8.043524e-10       12.816235      0.23441008      0.23569913       16.551094      0.27417966      0.69643523      0.30345253     0.097707358       179.15922      0.62829887      0.47818722      0.35127569      0.26071786       0.4732879      0.98675181              10       15.507202       1.6979834        1.6979834       15.507202                       15.507202
              7       12.437395       77.984857       1.6234749       1.0934437     0.034192313      0.16227989      0.41057812      0.50706801   5.0706801e-10       1.1733198      0.24983536       0.2511814       11.824652      0.22307073      0.67582218       0.3241184      0.19711707       127.06661       0.5533499       0.5238768      0.36870659       0.2781998      0.48865796       1.0730147              10       21.478824       1.6979834        1.6979834       21.478824                       21.478824
              1       8.0987994       60.713914        3.140866       1.1072604     0.013388443     0.097087473      0.36876239       2.3123884   2.3123884e-09       5.5467863      0.24068291      0.24199554       15.498403       1.1060069       0.6984495      0.30145246      0.11112078       166.00717       1.0588155      0.82861393      0.61132072      0.45297457      0.82501986       1.0112113              10       12.801632       1.6979834        1.6979834       12.801632                       12.801632
              9       7.9327228       60.608293       2.8695799        1.032733     0.013224511     0.096865184      0.36789703        1.762961    1.762961e-09       5.6553182      0.24054965      0.24186179       15.525385      0.84467841      0.69844899      0.30145263      0.11073456       166.34899      0.90213864      0.70538684      0.52040814       0.3856105      0.70232692       1.0107648              10       12.469479       1.6979834        1.6979834       12.469479                       12.469479
              1       11.169048       63.182502       1.8971271       1.0470268     0.016741422      0.10529534      0.40641411      0.66667143   6.6667143e-10       3.9008157      0.24302162       0.2443429       14.813294      0.29573657      0.69259296      0.30731652      0.12268163       158.28768      0.56286216      0.45721308      0.33311711      0.24802383      0.44740462        1.024496              10       18.942128       1.6979834        1.6979834       18.942128                       18.942128
              1        11.81257       63.510372       3.1707299      0.97056223     0.016989144      0.10924695      0.48593553       2.3824868   2.3824868e-09       3.8111764      0.24317073      0.24449256       14.640764      0.90147204      0.68534777      0.31456264      0.12688096       156.71692       1.0565903      0.87873158      0.63060255      0.47226147      0.84203267       1.0299814              10       20.229172       1.6979834        1.6979834       20.229172                       20.229172
              2       10.137359       87.814085       3.1412475      0.97599609     0.046686421      0.19634426      0.36528742       2.3132707   2.3132707e-09      0.86770902      0.25124793      0.25259901       10.577127       1.1141453      0.68395568      0.31599745      0.24367554        113.5394       1.1413332       1.1207291      0.80189119      0.60122404       1.0695339       1.0811425              10       16.878752       1.6979834        1.6979834       16.878752                       16.878752
              1       6.9569405       94.619183       3.5619418      0.92132076     0.055129412      0.21318383       0.4817404       3.5231545   3.5231545e-09      0.86770902      0.25124793      0.25259901       9.9569479       1.3443034      0.69954142      0.30041821      0.26895811       106.96162       1.3562331       1.3208955      0.97668724      0.72308121       1.3192404       1.0813008              10       10.517914       1.6979834        1.6979834       10.517914                       10.517914
              5       7.2235627       86.424915       2.4370894      0.84817717     0.045351036      0.17679353      0.36955094       1.1439696   1.1439696e-09      0.86770902      0.25124793      0.25259901       10.922427      0.54629422      0.70167675      0.29827487      0.22278943       117.12207      0.71083696      0.65740855      0.48836401      0.36090908      0.66082959       1.0716369              10       11.051159       1.6979834        1.6979834       11.051159                       11.051159
              2       7.2440917        86.84162       2.9541558       1.0420571     0.045880733      0.17864275      0.37012421        1.918552    1.918552e-09      0.86770902      0.25124793      0.25259901       10.867001      0.91514048       0.7013784      0.29857368      0.22516835       116.52731       1.0185096       0.9450751      0.70160385      0.51862667       0.9491374       1.0721892              10       11.092217       1.6979834        1.6979834       11.092217                       11.092217
              7       6.9768938       91.966378       2.3921868       1.0017276     0.052026863      0.20029017      0.42158441       1.0937386   1.0937386e-09      0.86770902      0.25124793      0.25259901       10.256772      0.47068457      0.70087068       0.2990866       0.2529619       110.11347      0.77560782      0.74176246       0.5500548      0.40677589      0.74380094       1.0781235              10       10.557821       1.6979834        1.6979834       10.557821                       10.557821
              5       7.3327232        89.83266       2.4025403      0.99854706     0.049709343      0.19103306      0.54429045       1.1051215   1.1051215e-09      0.86770902      0.25124793      0.25259901       10.499964      0.37208772      0.70083495      0.29912026      0.24138726       112.57446      0.76751694      0.72553309      0.53798053      0.39785793      0.72745327       1.0751536              10        11.26948       1.6979834        1.6979834        11.26948                        11.26948
              3       7.3369599       89.842644       3.2318209      0.95649692     0.049720801      0.19112409      0.54402802        2.532573    2.532573e-09      0.86770902      0.25124793      0.25259901       10.498205      0.85314967      0.70077447      0.29918076      0.24148976       112.55581       1.1362366       1.0743387      0.79651408      0.58908352        1.076986       1.0751893              10       11.277953       1.6979834        1.6979834       11.277953                       11.277953
              7       7.3323023       89.753599       3.0797806      0.80807594     0.049603614      0.19077331      0.54960716       2.1753629   2.1753629e-09      0.86770902      0.25124793      0.25259901       10.508488      0.72468456      0.70076135      0.29919378      0.24102179       112.66792      0.97500032      0.92146506      0.68315435      0.50525076      0.92369947       1.0751291              10       11.268638       1.6979834        1.6979834       11.268638                       11.268638
              2       7.2061772        93.45381       2.8796371      0.99172165     0.053960809      0.20836876      0.75303961        1.780781    1.780781e-09      0.86770902      0.25124793      0.25259901       10.074622      0.39493772      0.69885256      0.30110607      0.26297444       108.11696       0.9968577      0.96687449      0.71385754      0.52879998       0.9636774       1.0798168              10       11.016388       1.6979834        1.6979834       11.016388                       11.016388
              2       7.2844973       92.212077       2.6995332       1.0428351     0.052339182       0.2041315      0.73599171       1.4872788   1.4872788e-09      0.86770902      0.25124793      0.25259901       10.198189      0.34128572      0.69757773      0.30237977      0.25711555        109.4639      0.93535906      0.90460834      0.66605553      0.49391091      0.89819836        1.079523              10       11.173028       1.6979834        1.6979834       11.173028                       11.173028
              2        7.984226       87.744881       2.8670042       1.0591591     0.046996409      0.18690538      0.78276896        1.758426    1.758426e-09      0.86770902      0.25124793      0.25259901       10.694868      0.36746808      0.69531395      0.30463911      0.23454666       114.67436       1.0058144      0.95527124      0.69996311      0.52002182      0.94216884        1.075558              10       12.572485       1.6979834        1.6979834       12.572485                       12.572485
              6       7.4133304       79.839584       2.8507772       1.0576188     0.035901252      0.15859255      0.61449999       1.7301223   1.7301223e-09       1.0706425      0.25027748       0.2516251       11.737235      0.50620786      0.69381266      0.30613065      0.19513867       126.44765      0.97405929       0.8863424      0.64739781      0.48155725      0.87035119         1.07056              10       11.430694       1.6979834        1.6979834       11.430694                       11.430694
              6       7.4782403        82.62919       3.6460089       1.1732751     0.039201174      0.16843285      0.67768266       3.8321414   3.8321414e-09      0.90313733      0.25106786      0.25241831       11.352359      0.98812946      0.69489198      0.30505509      0.20827889       122.39637       1.5576597       1.4373768       1.0522863       0.7820391        1.415922       1.0745664              10       11.560514       1.6979834        1.6979834       11.560514                       11.560514
              1        7.771473       80.613067       3.6456542        1.175915     0.036600803      0.16263684      0.63630235       3.8307827   3.8307827e-09       1.0319895      0.25045178      0.25180002       11.609245       1.0730064      0.69236027      0.30758412      0.19988251        125.2157       1.5544456       1.4273702       1.0393677      0.77403429       1.3956556        1.073209              10       12.146979       1.6979834        1.6979834       12.146979                       12.146979
              3       7.1521129       72.338637       3.3575167        1.168398       0.0265737      0.13130773      0.71796473       2.8717788   2.8717788e-09       1.8364155      0.24751432        0.248852       12.991599      0.68317936      0.69698811      0.30294283       0.1585263       139.92952       1.2692883       1.0890828      0.80091347      0.59419058       1.0795566       1.0553541              10       10.908259       1.6979834        1.6979834       10.908259                       10.908259
              2       7.7853126       88.184113       3.3321228       1.1685327     0.048126613      0.18015788      0.33097463       2.7997713   2.7997713e-09      0.86770902      0.25124793      0.25259901        10.74385       1.4442475      0.70556506      0.29438847      0.22892936       114.98697       1.3049235        1.204758      0.90263137      0.66487595       1.2254066        1.070134              10       12.174658       1.6979834        1.6979834       12.174658                       12.174658
              2       7.5748885       87.921423       3.3241462       1.1777698     0.047319454      0.18464136      0.17395133       2.7775274   2.7775274e-09      0.86770902      0.25124793      0.25259901       10.710289       1.9613999      0.69904721      0.30090604      0.23260568       114.80957       1.3356994       1.2558413      0.92760657      0.68702342       1.2524376       1.0739666              10        11.75381       1.6979834        1.6979834        11.75381                        11.75381
              1       8.2796941       87.323907       3.1848133       1.1348915     0.045932181      0.17062163      0.27131634       2.4162777   2.4162777e-09      0.86770902      0.25124793      0.25259901       10.949564       1.4043794      0.71511924      0.28483337      0.21719868       117.70656       1.1624195       1.0366977      0.79355528      0.57972884       1.0862492       1.0688546              10       13.163421       1.6979834        1.6979834       13.163421                       13.163421
              1       9.9414748       99.422579       2.1945363      0.93336639     0.061359986      0.21393638      0.56444855      0.89758382   8.9758382e-10      0.86770902      0.25124793      0.25259901       9.6713585      0.29026938      0.72080771      0.27915573      0.27594123       103.96713      0.66165078      0.61833539      0.47954898       0.3485737      0.65973776       1.0760718              10       16.486983       1.6979834        1.6979834       16.486983                       16.486983
              2       11.289601       98.995713        3.061149       1.1681508     0.061524542      0.20619114      0.52634328       2.1352077   2.1352077e-09      0.86770902      0.25124793      0.25259901       9.7647691       0.7451851      0.72613006      0.27383307      0.26836054        104.7773        1.144213       1.0486806      0.82354347       0.5957417       1.1384529       1.0717462              10       19.183235       1.6979834        1.6979834       19.183235                       19.183235
              3       10.356504       91.374232       2.2648269       1.1331189     0.053444284      0.18490261      0.61827784      0.96294575   9.6294575e-10      0.86770902      0.25124793      0.25259901       10.450094      0.27962276      0.71371334      0.28624338      0.23899176       111.39233      0.73690087      0.67526419      0.51523434      0.37686748      0.70440258       1.0659848              10       17.317042       1.6979834        1.6979834       17.317042                       17.317042
             11       9.9644029       97.285387       1.7742658       1.1806569     0.060872826      0.20468514      0.50569121      0.58959505   5.8959505e-10      0.86770902      0.25124793      0.25259901       9.8631847      0.21444505      0.71869568      0.28126614      0.26620283       105.25014      0.60647419      0.56445939      0.43562771      0.31724505      0.59818585       1.0690702              10       16.532839       1.6979834        1.6979834       16.532839                       16.532839
              5       9.6164385       97.399042       2.5771553        1.157406     0.060900575      0.20665507      0.48974874        1.315965    1.315965e-09      0.86770902      0.25124793      0.25259901       9.8376733      0.49414453      0.71724601      0.28271589      0.26820051       105.00775      0.89917157      0.84125175      0.64707924      0.47184029      0.88740099       1.0700347              10        15.83691       1.6979834        1.6979834        15.83691                        15.83691
              2       8.6322367        98.56259       3.5139233      0.87533019     0.061941091      0.21814621      0.70883272       3.3579751   3.3579751e-09      0.86770902      0.25124793      0.25259901       9.6626734      0.81356676      0.71098268      0.28898012      0.28073217       103.23948       1.2538125       1.2035404      0.91265287      0.66914867       1.2447686       1.0743523              10       13.868507       1.6979834        1.6979834       13.868507                       13.868507
              5       8.3649525       98.082624       3.4980339      0.87414452     0.061177667      0.21686182      0.68763418       3.3050409   3.3050409e-09      0.86770902      0.25124793      0.25259901        9.703355      0.83542099      0.71027582      0.28968662      0.27868435       103.72084       1.2444845        1.194296      0.90420654      0.66336072        1.232496       1.0747554              10       13.333938       1.6979834        1.6979834       13.333938                       13.333938
              4       8.3715889       98.704299        1.902274       1.0925664     0.061963296      0.21981353      0.71559955      0.67011152   6.7011152e-10      0.86770902      0.25124793      0.25259901       9.6404257      0.16017149      0.71007779      0.28988512      0.28242169       103.04624      0.63921265       0.6157545      0.46598279      0.34192146      0.63505801       1.0752137              10       13.347211       1.6979834        1.6979834       13.347211                       13.347211
              6       7.6803578        84.26502       2.2403146       1.1182666     0.042869747      0.16847333      0.47631492      0.93962865   9.3962865e-10      0.86770902      0.25124793      0.25259901       11.199385      0.36243854       0.7013995      0.29854961      0.21198794       119.95937       0.7302865      0.66745603      0.49553126      0.36629011      0.67037365       1.0684721              10       11.964749       1.6979834        1.6979834       11.964749                       11.964749
              4        7.453825       78.766924       1.9859072       1.0466416       0.0357499      0.14776185      0.23597152      0.72856539   7.2856539e-10       1.0792511      0.25023927      0.25158675       12.000112      0.45447111      0.70311738      0.29682438      0.18415662       128.56747      0.60219411      0.52935733      0.39448759      0.29117778      0.53445168       1.0606896              10       11.511683       1.6979834        1.6979834       11.511683                       11.511683
              1        7.247033       80.465594       2.8600138      0.85075186     0.037384993      0.15829356      0.11190604       1.7461768   1.7461768e-09      0.99078063      0.25064233      0.25199126       11.677211       1.3960079      0.69672849      0.30321569      0.19632342       125.41318      0.87693385      0.79421726      0.58372711      0.43315944      0.78663261       1.0677963              10       11.098099       1.6979834        1.6979834       11.098099                       11.098099
              2       6.8420055        86.04403       1.6212348      0.95581203     0.044233878      0.17581895      0.13003723      0.50593335   5.0593335e-10      0.86770902      0.25124793      0.25259901       10.972591      0.39007167      0.70185507      0.29809611      0.22069769       117.95299      0.50069979      0.46179512      0.34318386      0.25358055      0.46444873       1.0732403              10       10.288044       1.6979834        1.6979834       10.288044                       10.288044
              8       6.8382497       85.780084       3.2338734       1.1531937     0.043934834      0.17448286      0.11330279       2.5377764   2.5377764e-09      0.86770902      0.25124793      0.25259901       11.010308       2.0232046      0.70223965      0.29771124      0.21906257       118.34316       1.2404844       1.1410144      0.84865928      0.62687676       1.1489062       1.0726839              10       10.280533       1.6979834        1.6979834       10.280533                       10.280533
              3       7.2078615       77.904125       2.8417736       1.0109642     0.033880103      0.14206723      0.40475695       1.7146148   1.7146148e-09       1.1934629      0.24975213      0.25109787       12.200407      0.76313111      0.70896886       0.2909716       0.1765922       131.15107      0.89846482      0.77150316      0.58243029      0.42776633      0.79301482       1.0593573              10       11.019756       1.6979834        1.6979834       11.019756                       11.019756
              4       7.5743791       88.142757       2.8396002        1.009308     0.046529211      0.17918143      0.50055924       1.7108923   1.7108923e-09      0.86770902      0.25124793      0.25259901       10.779955      0.62869853      0.70860162      0.29135186      0.22635551       116.06186      0.94054094      0.86007815      0.64874716      0.47662841      0.88302098       1.0738343              10       11.752791       1.6979834        1.6979834       11.752791                       11.752791
              2       6.9123102       93.421331       3.3415109       1.1579952     0.053389829      0.20412735      0.25588068       2.8261795   2.8261795e-09      0.86770902      0.25124793      0.25259901       10.128261       1.6941217      0.70415715      0.29580144      0.25816204       108.92767       1.3675495       1.3051403      0.97480139      0.71889624        1.321801       1.0794742              10       10.428654       1.6979834        1.6979834       10.428654                       10.428654
              2       7.2659309       90.464429       1.8436237      0.86924353     0.049583455      0.18915432      0.26745661      0.63193964   6.3193964e-10      0.86770902      0.25124793      0.25259901       10.491854      0.37013976      0.70744838      0.29250746      0.23938264       112.90009      0.53790688       0.5001038      0.37625325       0.2767034      0.51161825         1.07607              10       11.135895       1.6979834        1.6979834       11.135895                       11.135895
              1       7.4664047       80.873295        1.852014      0.86802467     0.038499397      0.15121724      0.21834153      0.63726409   6.3726409e-10      0.93578448      0.25090577      0.25225563        11.75183      0.41178488      0.70889392      0.29105083       0.1903615       125.87713      0.51379157      0.44962699      0.33937649      0.24927227      0.46205061       1.0610143              10       11.536843       1.6979834        1.6979834       11.536843                       11.536843
              2       9.0756489       94.030479       1.8755211       0.8767219     0.056171329      0.20385878      0.46867449      0.65242183   6.5242183e-10      0.86770902      0.25124793      0.25259901       10.071966      0.25553065      0.70513567      0.29482346      0.26067497       107.57597      0.55104172      0.52603605       0.3937398       0.2901348      0.53434138       1.0734615              10       14.755331       1.6979834        1.6979834       14.755331                       14.755331
             25       8.8570213       97.910468        2.111804      0.85005611     0.061239903      0.21435499      0.38419838      0.82631349   8.2631349e-10      0.86770902      0.25124793      0.25259901       9.7347246      0.38320783      0.71180612      0.28815618      0.27623976       103.97389      0.60932552      0.58146014      0.44174426       0.3236517      0.60292588       1.0732837              10       14.318076       1.6979834        1.6979834       14.318076                       14.318076
              3       8.5435413        85.36934       2.1100006      0.84323086     0.044910334      0.16628716      0.37225707      0.82482462   8.2482462e-10      0.86770902      0.25124793      0.25259901       11.137198      0.39176284      0.70927455      0.29067586      0.21184236       119.01307      0.58202732      0.52270093      0.39486312      0.28993378      0.53776723       1.0643856              10       13.691116       1.6979834        1.6979834       13.691116                       13.691116
              6       8.1590644       87.044998       1.7530626      0.86384262     0.046909051      0.17301577      0.34559088      0.57722539   5.7722539e-10      0.86770902      0.25124793      0.25259901       10.918359       0.2891805      0.70884159      0.29111071      0.22056969       116.75346      0.49613093      0.45051728      0.34000301      0.24974529      0.46287978       1.0668823              10       12.922162       1.6979834        1.6979834       12.922162                       12.922162
              4       7.8801598       80.678716       3.0742607      0.91508379     0.038501218      0.15037979      0.44641279       2.1633881   2.1633881e-09      0.93569787      0.25090619      0.25225606       11.778788      0.88590106      0.70877185      0.29117263      0.18952587       126.02819      0.96413362       0.8430301      0.63614242      0.46729592      0.86599766        1.059933              10       12.364353       1.6979834        1.6979834       12.364353                       12.364353
              2       7.2100765       86.375281       1.8014858       1.1813034     0.045319703      0.17596785      0.44592742      0.60586429   6.0586429e-10      0.86770902      0.25124793      0.25259901       10.936955       0.2483406       0.7024825      0.29746906      0.22193242       117.26535      0.61340355      0.56575645      0.42101878      0.31092949      0.57008684       1.0711562              10       11.024186       1.6979834        1.6979834       11.024186                       11.024186
              2       6.9714559       88.304305       2.6472256       1.1035514     0.047593471      0.18150065      0.47339856       1.4114824   1.4114824e-09      0.86770902      0.25124793      0.25259901       10.726823      0.54762934      0.70532774      0.29462591      0.22973898       115.10133      0.90088406      0.83290325      0.62370263      0.45951037      0.84656409       1.0725415              10       10.546945       1.6979834        1.6979834       10.546945                       10.546945
              3        7.248948       90.116217       2.7086543      0.91125765     0.050013334      0.18470211      0.39251019       1.5009064   1.5009064e-09      0.86770902      0.25124793      0.25259901       10.559456      0.68457901      0.71013619      0.28981931      0.23536031       113.27662      0.83292739      0.76650339      0.58015021      0.42566925      0.79069432       1.0719449              10       11.101929       1.6979834        1.6979834       11.101929                       11.101929
              6        8.089328       87.016447       1.9525741      0.91808211     0.045711697      0.16937634      0.46610108      0.70468033   7.0468033e-10      0.86770902      0.25124793      0.25259901       10.987373      0.27742264      0.71503833      0.28491394       0.2157329       118.03334      0.55900998      0.49779833      0.38097691      0.27834093      0.52145908       1.0680071              10       12.782689       1.6979834        1.6979834       12.782689                       12.782689
              2       9.0234501       90.801635       3.2754589       1.0982279     0.052136197      0.18206707      0.35339926       2.6455364   2.6455364e-09      0.86770902      0.25124793      0.25259901       10.530313       1.3048333      0.71511695      0.28483922      0.23484814       112.47816       1.1947832       1.0865923      0.83173677       0.6076253       1.1385077       1.0666683              10       14.650933       1.6979834        1.6979834       14.650933                       14.650933
             12       9.3107649       94.710938       1.8049435        1.192904     0.057328775      0.19691708      0.72819259      0.60796277   6.0796277e-10      0.86770902      0.25124793      0.25259901       10.102575      0.14170231      0.71580573      0.28415398      0.25489072       107.86488      0.61715387      0.57198254      0.43851249      0.32016245      0.60061134       1.0690687              10       15.225563       1.6979834        1.6979834       15.225563                       15.225563
              3       8.2233675       87.915304       3.2011377      0.82525444     0.048045324      0.17746961      0.39192149       2.4560456   2.4560456e-09      0.86770902      0.25124793      0.25259901       10.794903       1.1215477      0.70734507      0.29260817       0.2261598       115.42419       1.0116988      0.92753891      0.69767807      0.51312915      0.94860074       1.0683143              10       13.050768       1.6979834        1.6979834       13.050768                       13.050768
              8       11.138017       78.948307       3.1353495       1.1860229     0.036942807      0.15031634     0.043381416       2.2996672   2.2996672e-09       1.0137499      0.25053553      0.25188407       11.920703       2.1085523      0.69846763      0.30147439      0.18790402       127.18539       1.1488459       1.0252965      0.75639005       0.5604778       1.0207825       1.0596778              10       18.880068       1.6979834        1.6979834       18.880068                       18.880068
              3       9.8143827       74.976594       3.0750417      0.93474847     0.031682643      0.12857281      0.13161667       2.1650784   2.1650784e-09       1.3491422      0.24914089      0.25048443       12.734532       1.6639982      0.71371208      0.28622363      0.16090032       135.84278      0.93718058      0.77787882       0.5935571      0.43414907      0.81149554       1.0463714              10       16.232799       1.6979834        1.6979834       16.232799                       16.232799
             13       8.3033976       78.825644       3.0612457      0.93130079     0.036060758       0.1403159     0.077122355       2.1354142   2.1354142e-09       1.0616662      0.25031757      0.25166533       12.128644       1.8301829      0.71504278      0.28489906      0.17702152       129.77051      0.94222503      0.79854828      0.61116877      0.44651279      0.83654325       1.0544753              10       13.210828       1.6979834        1.6979834       13.210828                       13.210828
              2       8.0013668       83.448358       3.2279355       1.0426996     0.041813963      0.15602235      0.30236908        2.522752    2.522752e-09      0.86770902      0.25124793      0.25259901         11.4557       1.3779712      0.71492259      0.28502551      0.19848118       122.71428       1.1012906      0.96072047      0.73507516      0.53709694       1.0060297       1.0617112              10       12.606767       1.6979834        1.6979834       12.606767                       12.606767
              8       7.7233423         89.6046       2.6168737       1.1954913     0.049714461      0.17989891      0.54387054       1.3692848   1.3692848e-09      0.86770902      0.25124793      0.25259901       10.650815      0.46141726      0.71317122      0.28678377      0.23025824       114.11941      0.91486813      0.83159839      0.63374172      0.46376817      0.86601149       1.0691345              10       12.050718       1.6979834        1.6979834       12.050718                       12.050718
             13       8.2939431        84.92394       2.5877152       1.1859492     0.044040657      0.16092794      0.32949968       1.3299351   1.3299351e-09      0.86770902      0.25124793      0.25259901       11.255977      0.68806688       0.7148538      0.28509609      0.20561346        120.4267      0.86489324      0.76130833       0.5824054      0.42557216      0.79703533       1.0624447              10        13.19192       1.6979834        1.6979834        13.19192                        13.19192
              2        8.250892       81.566163        3.715848      0.98801296     0.039522544      0.14895849      0.16438835        4.109342    4.109342e-09      0.88866912      0.25114092      0.25249163       11.728534       2.9579197      0.71567573      0.28426995       0.1891259       125.55152       1.3528055       1.1639628      0.89211967      0.65141215       1.2217726       1.0584512              10       13.105817       1.6979834        1.6979834       13.105817                       13.105817
              3       7.5599717       77.998847       3.7144806      0.99033677     0.034767454      0.14054755      0.20986379       4.1037268   4.1037268e-09       1.1373786      0.24998676      0.25133334       12.205991       2.6970753      0.71071465      0.28922595      0.17595987       130.74354       1.3584164       1.1608642      0.87980477      0.64520188        1.199712       1.0559948              10       11.723977       1.6979834        1.6979834       11.723977                       11.723977
              5       8.4157201       88.700739       2.3890305        1.096779     0.048382948      0.19101326      0.11547457       1.0902918   1.0902918e-09      0.86770902      0.25124793      0.25259901       10.575262      0.86545166      0.69486189      0.30509218      0.24004107       113.31295      0.81241721      0.77682211      0.56865715      0.42262801      0.76514322       1.0760631              10       13.435474       1.6979834        1.6979834       13.435474                       13.435474
              4       8.1575302       93.034606       2.2596387      0.93185091     0.053996389      0.20687408      0.15089446      0.95796275   9.5796275e-10      0.86770902      0.25124793      0.25259901       10.110304      0.70840784      0.69781833      0.30213992      0.26151533       108.28222      0.70443805      0.68382227      0.50375236      0.37348153      0.67946184       1.0781562              10       12.919094       1.6979834        1.6979834       12.919094                       12.919094
              5        7.437155        87.41686       2.6726865       1.1441017     0.046574841      0.18283296     0.071055573       1.4478814   1.4478814e-09      0.86770902      0.25124793      0.25259901       10.770653       1.2560731      0.69890393      0.30104878      0.23005267       115.50244      0.94492736      0.88625782      0.65441801      0.48474625      0.88347859       1.0738657              10       11.478343       1.6979834        1.6979834       11.478343                       11.478343
              3       7.4026485       87.636918       2.8084177       1.1322649     0.046876105       0.1832515      0.07226163       1.6583658   1.6583658e-09      0.86770902      0.25124793      0.25259901        10.74934       1.4352074      0.69947693      0.30047601      0.23077247        115.2659        1.004097      0.94132352      0.69593979      0.51525726       0.9399813       1.0737869              10        11.40933       1.6979834        1.6979834        11.40933                        11.40933
              3       7.4144653       87.334267       1.8461423      0.99618781     0.046497657      0.18206722     0.071673389      0.63353326   6.3353326e-10      0.86770902      0.25124793      0.25259901       10.786201      0.54892714      0.69943931      0.30051331      0.22920974       115.65873      0.57588627      0.53901056      0.39846942      0.29502643      0.53818187       1.0734842              10       11.432964       1.6979834        1.6979834       11.432964                       11.432964
              8       6.9324414       82.279375       3.2235088       1.0377876     0.039839161      0.15983161      0.62492443       2.5116093   2.5116093e-09      0.87469971       0.2512121      0.25256306       11.498177      0.71969688      0.70405485      0.29589176      0.20031564       123.40923       1.1319626       1.0141169       0.7572875      0.55852679       1.0267804       1.0665897              10       10.468916       1.6979834        1.6979834       10.468916                       10.468916
              5       6.8461986       90.388189       2.2691728      0.87280302      0.04983159      0.19145495      0.76919653      0.96713969   9.6713969e-10      0.86770902      0.25124793      0.25259901       10.464848      0.20766992      0.70383499      0.29612078       0.2419314       112.45017      0.67125539      0.63074888      0.47077224      0.34727864      0.63818064       1.0763214              10        10.29643       1.6979834        1.6979834        10.29643                        10.29643
              8       8.2218335       90.503669       2.2693401      0.88357033     0.048501442      0.20366068      0.75540065      0.96730159   9.6730159e-10      0.86770902      0.25124793      0.25259901       10.331098      0.21351542      0.69131269      0.30864319      0.25280699       111.55459        0.707311      0.69031198      0.50154243      0.37382803      0.67288912       1.0857935              10         13.0477       1.6979834        1.6979834         13.0477                         13.0477
              3       7.9533729       90.872419        3.092101       1.1412777      0.04905651      0.20324881      0.74588168       2.2023301   2.2023301e-09      0.86770902      0.25124793      0.25259901       10.311051      0.49547051      0.69363943       0.3063168      0.25295018       111.30735       1.2249814       1.1898443      0.86873683      0.64629521       1.1677383       1.0849405              10       12.510779       1.6979834        1.6979834       12.510779                       12.510779
              2       7.9149863       90.490347       3.3473182       1.1335918     0.048606424      0.20123692      0.74373624       2.8426397   2.8426397e-09      0.86770902      0.25124793      0.25259901       10.358501      0.64227457      0.69405355      0.30590232      0.25048821        111.8148       1.3805414       1.3364907      0.97666641      0.72634332       1.3132595       1.0843927              10       12.434006       1.6979834        1.6979834       12.434006                       12.434006
              2         8.20372       89.152312       3.4617177        1.144473     0.046797019       0.1960463      0.75029767       3.1871674   3.1871674e-09      0.86770902      0.25124793      0.25259901       10.509629      0.71072993       0.6936082      0.30634633      0.24348819       113.51738       1.4632243       1.4078601       1.0278515      0.76468673       1.3815837        1.083867              10       13.011473       1.6979834        1.6979834       13.011473                       13.011473
              1       7.7990077       88.494251       3.4599454        1.140332      0.04621728      0.18984568      0.69779944       3.1815239   3.1815239e-09      0.86770902      0.25124793      0.25259901       10.627626      0.78801465      0.69769259      0.30226127      0.23670782       114.70983       1.4337799        1.357923       1.0000821      0.74153434       1.3487766       1.0809352              10       12.202049       1.6979834        1.6979834       12.202049                       12.202049
              2        7.820311       89.962333        2.125206      0.83599758     0.048053538      0.19459767      0.71298174      0.83746227   8.3746227e-10      0.86770902      0.25124793      0.25259901       10.470223      0.20122279      0.69933824      0.30061711      0.24329608       113.00765      0.62618946      0.59503059       0.4397841       0.3256439      0.59393115       1.0816289              10       12.244655       1.6979834        1.6979834       12.244655                       12.244655
              1       8.0243167       99.852027       2.9748065      0.89214509     0.060684327      0.24854141      0.56036755       1.9585834   1.9585834e-09      0.86770902      0.25124793      0.25259901       9.3459951      0.63857659      0.68917406       0.3107897      0.30987061       100.58794         1.05493       1.0882105      0.78707975      0.58767253       1.0541492       1.0907086              10       12.652667       1.6979834        1.6979834       12.652667                       12.652667
             16       8.1318849       99.639908        1.824568      0.97927981     0.060351888      0.24822243      0.55919256       0.6200116    6.200116e-10      0.86770902      0.25124793      0.25259901       9.3602306      0.20262421      0.68850539      0.31145821      0.30921918       100.76108      0.62598843      0.64629924      0.46680222      0.34872482      0.62486035       1.0910219              10       12.867803       1.6979834        1.6979834       12.867803                       12.867803
              2       8.3406725       96.138669        2.310605        0.928175     0.056997635      0.22831865     0.063887963       1.0080521   1.0080521e-09      0.86770902      0.25124793      0.25259901       9.7191493      0.88713683      0.69056765      0.30939325      0.28596115       104.34357      0.75151686      0.75759727      0.54956048      0.40986723      0.73686475       1.0854946              10       13.285378       1.6979834        1.6979834       13.285378                       13.285378
              3       8.4329217       96.370508       3.5280519      0.88961397     0.057321609      0.22952101     0.017637552       3.4057556   3.4057556e-09      0.86770902      0.25124793      0.25259901        9.694398       3.2877115      0.69041121      0.30954988      0.28748748       104.06235       1.3530334       1.3662465      0.99074814      0.73900253       1.3282524       1.0855844              10       13.469877       1.6979834        1.6979834       13.469877                       13.469877
             11       8.4458169       96.197148       3.7308736      0.86562501     0.057106931      0.22876593     0.015609459       4.1715535   4.1715535e-09      0.86770902      0.25124793      0.25259901       9.7112569        4.043334      0.69034231      0.30961864      0.28651772        104.2439       1.4764114       1.4897855       1.0801778      0.80575317       1.4480664       1.0854972              10       13.495667       1.6979834        1.6979834       13.495667                       13.495667
              4       7.9815697       94.952364       3.7345705      0.86140794     0.054827423      0.22445626      0.23379116       4.1870037   4.1870037e-09      0.86770902      0.25124793      0.25259901       9.8308355       2.6232212      0.68947849      0.31048143      0.27992855       105.79513       1.4791016       1.4865306         1.07587      0.80309832       1.4412884       1.0872051              10       12.567173       1.6979834        1.6979834       12.567173                       12.567173
              2       7.4517657       96.627109       3.4005347      0.92104614     0.058017627      0.21033772      0.22327743       2.9980126   2.9980126e-09      0.86770902      0.25124793      0.25259901       9.8644318       1.9182144      0.71185373      0.28810756      0.26900022       105.91551       1.2155995       1.1522059      0.87544464      0.64138286       1.1949233        1.077099              10       11.507565       1.6979834        1.6979834       11.507565                       11.507565
              1       7.0276595       86.515236       3.3197145       1.0601586     0.044636808      0.18126038       0.4942095       2.7652456   2.7652456e-09      0.86770902      0.25124793      0.25259901       10.866557       1.0291266      0.69728572        0.302666      0.22654205       116.88798       1.2566423       1.1781921      0.86695964      0.64304267       1.1688478       1.0761917              10       10.659352       1.6979834        1.6979834       10.659352                       10.659352
              4       7.2681477       91.262885       3.3520041       0.9275324     0.051091716      0.20039381      0.62569488       2.8559913   2.8559913e-09      0.86770902      0.25124793      0.25259901       10.301002      0.81711881      0.69723961        0.302717      0.25213039       110.59055       1.2120559       1.1673303      0.85887301      0.63707147       1.1578965       1.0790548              10       11.140329       1.6979834        1.6979834       11.140329                       11.140329
              4       7.4494444       94.484311       3.5760338      0.88250106     0.054083502      0.21913817      0.66367889        3.573154    3.573154e-09      0.86770902      0.25124793      0.25259901       9.9128786      0.94751823      0.69318479      0.30677473      0.27386654       106.76871       1.3683347       1.3570651      0.98986756      0.73668527        1.330063       1.0861202              10       11.502922       1.6979834        1.6979834       11.502922                       11.502922
              4       7.3985004       92.952037       2.8213434      0.83154904     0.052965198      0.19688375      0.63543182       1.6799404   1.6799404e-09      0.86770902      0.25124793      0.25259901       10.236438      0.47137313      0.71003751      0.28992067      0.25049381       110.06371      0.86040197      0.80440171      0.60869628      0.44665319      0.82952763       1.0763765              10       11.401034       1.6979834        1.6979834       11.401034                       11.401034
              2       7.2120884       76.508725       3.0760257      0.92291082     0.031830758      0.14569922      0.11853104         2.16721     2.16721e-09       1.3378185      0.24918362      0.25052731       12.267573       1.7098037      0.69555242      0.30438584      0.17817484        132.0998       1.0061107      0.89160836      0.65366822      0.48552711      0.88003766       1.0641152              10        11.02821       1.6979834        1.6979834        11.02821                        11.02821
              3        7.285243       76.967965       3.1057148      0.92081366     0.032483669      0.14783907      0.11891956       2.2325172   2.2325172e-09       1.2894088      0.24936936      0.25071373       12.182184       1.7599592      0.69446036      0.30547863      0.18096761       131.13542       1.0236133      0.91277675      0.66763047      0.49634238       0.8980302       1.0651138              10       11.174519       1.6979834        1.6979834       11.174519                       11.174519
              2       7.3054676       78.020888       3.2507337      0.85273028     0.033700613      0.15153935      0.12600278        2.580927    2.580927e-09       1.2052522      0.24970395      0.25104951       12.019099       2.0060008      0.69457359      0.30536704      0.18588483       129.44032       1.0724333      0.96251291      0.70417611      0.52346401      0.94727427       1.0671731              10       11.214968       1.6979834        1.6979834       11.214968                       11.214968
             16         7.43807       74.555418       3.2574121       0.8521996      0.02917895       0.1397457      0.13642976        2.598221    2.598221e-09       1.5620163      0.24838436      0.24972519       12.580963       1.9777651      0.69487211      0.30506287      0.16956951       135.62123       1.0684736      0.93657957      0.68564723      0.50956321      0.92257863       1.0615586              10       11.480173       1.6979834        1.6979834       11.480173                       11.480173
              1       7.3788731       76.535757       2.2047352      0.88626835     0.031660731      0.14605495     0.086629611      0.90678505   9.0678505e-10       1.3508285      0.24913455      0.25047807       12.262092      0.76253332      0.69545041       0.3044879      0.17836055       132.16966      0.64223921      0.56942026      0.41737028      0.31003736      0.56186116       1.0649396              10        11.36178       1.6979834        1.6979834        11.36178                        11.36178
              6       7.1954078       73.115217       1.9377495       1.1404202     0.027693908       0.1277562     0.079696826      0.69431076   6.9431076e-10       1.7107267      0.24789931      0.24923838       12.986353      0.59201146      0.70793877      0.29199363      0.15609498       139.68034      0.59861592      0.49955011      0.37626645       0.2765915      0.51186112       1.0512568              10       10.994849       1.6979834        1.6979834       10.994849                       10.994849
              1       7.4135363       70.676454       1.9433209       1.1400761     0.024834478      0.11861782     0.064986384      0.69818985   6.9818985e-10       2.0592496      0.24687739      0.24821277       13.479508      0.61309401      0.71145414      0.28847351      0.14409717       144.78744      0.58778273      0.47702421      0.36214349      0.26540382      0.49414476       1.0430402              10       11.431106       1.6979834        1.6979834       11.431106                       11.431106
              7       6.8508978        75.37822       1.9940448      0.81121699     0.030765873      0.13671658     0.061050314      0.73451838   7.3451838e-10       1.4222038      0.24887172      0.25021429       12.550176      0.65009233      0.70403532      0.29590108      0.16812732         134.871       0.5430533      0.46568062      0.34773791      0.25647124      0.47148231       1.0569063              10       10.305829       1.6979834        1.6979834       10.305829                       10.305829
              7       6.8626041       77.144454       1.9913273      0.81283368     0.032867327      0.14424844     0.051324038      0.73252501   7.3252501e-10       1.2620579      0.24947647      0.25082122        12.23091      0.66106317      0.70124551      0.29869377      0.17776063       131.53673      0.54935333      0.48061634       0.3567062      0.26370429      0.48250755       1.0618103              10       10.329241       1.6979834        1.6979834       10.329241                       10.329241
             14        7.050024       75.426542       1.9916102      0.81295259     0.030706838      0.14096505     0.030502158      0.73273231   7.3273231e-10       1.4270905      0.24885411      0.25019662       12.460697      0.68936861      0.69705054      0.30288594      0.17231675       134.02296      0.55353839       0.4848997      0.35663965      0.26457536      0.48073954       1.0606498              10       10.704081       1.6979834        1.6979834       10.704081                       10.704081
              5       7.0404759       77.667135       1.9299813      0.85562536     0.033262817      0.14752203     0.025060835      0.68893816   6.8893816e-10       1.2346643      0.24958528      0.25093042       12.125168      0.65525852      0.69917056      0.30076953      0.18142971       130.56685      0.54768429      0.48378261      0.35744348      0.26470725      0.48266846       1.0645533              10       10.684985       1.6979834        1.6979834       10.684985                       10.684985
              4       7.0889416       90.659318       2.1826278      0.88992862     0.050595221      0.19390643      0.33100844      0.88695835   8.8695835e-10      0.86770902      0.25124793      0.25259901       10.412592      0.45750195      0.70169203        0.298264      0.24514652       111.70603      0.65082609      0.61645702      0.45795351      0.33843214      0.61968528       1.0760516              10       10.781916       1.6979834        1.6979834       10.781916                       10.781916
              9       6.9270075       91.415333       2.1762864      0.89297659     0.051161058      0.19872497      0.22692422      0.88135153   8.8135153e-10      0.86770902      0.25124793      0.25259901       10.311766      0.55981598      0.70016257      0.29979418      0.25053089       110.77007      0.65685855      0.62764364      0.46471552      0.34386896      0.62803143       1.0784769              10       10.458048       1.6979834        1.6979834       10.458048                       10.458048
              2       7.1996027       90.678985       2.8792602       1.0503087     0.049524302       0.1939027      0.35075522         1.78011     1.78011e-09      0.86770902      0.25124793      0.25259901       10.424367      0.88264226      0.70312835       0.2968277      0.24407187       112.28823       1.0111699      0.95372316      0.71072826       0.5246017      0.96289178       1.0789746              10       11.003239       1.6979834        1.6979834       11.003239                       11.003239
              4       7.2345868       64.454851        2.970879       1.0464987     0.017538735      0.10647281      0.73658452       1.9509061   1.9509061e-09       3.6235613      0.24349241      0.24481542       14.618543      0.44714375      0.69985626      0.30005675      0.12465641       156.83863      0.95789822      0.76916782      0.56917789      0.42125869      0.76903688       1.0283028              10       11.073207       1.6979834        1.6979834       11.073207                       11.073207
              6       6.8839929        62.29717        2.462595      0.99310941     0.014781716     0.099556865      0.79569491       1.1735225   1.1735225e-09       4.7470505      0.24173546      0.24305199       15.178005      0.23897893      0.70362937      0.29627752      0.11498345       162.99014       0.7228356      0.56414844      0.42091884      0.31054393       0.5705237       1.0176911              10       10.372019       1.6979834        1.6979834       10.372019                       10.372019
              2       7.0771762       64.889093       2.4543436      0.99362209     0.017832024      0.10885508      0.77509704       1.1638791   1.1638791e-09       3.5293444      0.24365912      0.24498274       14.489151      0.24698304      0.69750563      0.30240854      0.12733197       155.71871      0.73305862      0.59477139      0.43789811      0.32472938      0.59050633       1.0319676              10       10.758386       1.6979834        1.6979834       10.758386                       10.758386
              2       7.0857147       65.144359       2.6034554       1.0279194     0.018190214      0.10928083      0.77126182       1.3510341   1.3510341e-09       3.4194018      0.24385821      0.24518256       14.439338      0.28890617      0.69802435      0.30189049      0.12811591       155.12324       0.7983626      0.64802827      0.47764029      0.35404895      0.64437486       1.0324757              10       10.775463       1.6979834        1.6979834       10.775463                       10.775463
              4       7.0914225        66.07647       2.5983419       1.0280085     0.019210421      0.11244507      0.74445931       1.3441433   1.3441433e-09       3.1339764      0.24439996      0.24572631       14.220981       0.3032609      0.69689998      0.30301725      0.13230036       152.89329      0.80107488      0.65706453      0.48312929      0.35845134      0.65117322       1.0367409              10       10.786878       1.6979834        1.6979834       10.786878                       10.786878
              3       7.0216325       65.571143       2.5259455       1.0063259     0.018699942      0.11006673      0.78458626       1.2502711   1.2502711e-09       3.2719465      0.24413337      0.24545874        14.35745       0.2603282      0.69892912      0.30098683      0.12941154        154.2339      0.76078902      0.61788012      0.45630737      0.33798261       0.6160566        1.033578              10       10.647298       1.6979834        1.6979834       10.647298                       10.647298
              2       6.9559791       64.939531       2.6214986       1.0349085      0.01799705      0.10683913      0.62751312       1.3756324   1.3756324e-09       3.4780144      0.24375145      0.24507541       14.543529      0.39214927      0.70236439      0.29754992      0.12548105       156.11859       0.7979659      0.63831292       0.4749292      0.35076708      0.64304136       1.0292683              10       10.515991       1.6979834        1.6979834       10.515991                       10.515991
             25       7.2607096       61.864134       2.0643436       1.0136635     0.014025795     0.096440625      0.62343205      0.78801236   7.8801236e-10       5.1556519       0.2411812      0.24249568       15.370731      0.22647842      0.70958333      0.29032224      0.11111129       165.23245      0.58975642      0.45037606      0.34049616      0.24993801      0.46386558       1.0130629              10       11.125452       1.6979834        1.6979834       11.125452                       11.125452
              4         7.02785       65.471461       1.8610041      0.98753056     0.018407997      0.10616546      0.64530886      0.64301901   6.4301901e-10       3.3551536      0.24397691      0.24530171       14.499606      0.17689504      0.70779399       0.2921217      0.12521832       155.78807       0.5310009      0.41948805       0.3158728      0.23222191      0.42965639       1.0291612              10       10.659733       1.6979834        1.6979834       10.659733                       10.659733
             12       7.0484771       72.717902       2.3573286       1.1648149     0.027748825      0.12862916      0.71768086       1.0562696   1.0562696e-09       1.7048814      0.24791775      0.24925689       12.996229      0.25142307      0.70298381      0.29694785      0.15702285       139.42416      0.75048194      0.63410905      0.47242292      0.34873939      0.63997191       1.0507833              10       10.700987       1.6979834        1.6979834       10.700987                       10.700987
              2       7.0391163       68.127949       2.3638541       1.1639603      0.02167555      0.11317683      0.70561789       1.0631849   1.0631849e-09       2.5785633      0.24557928      0.24690993        13.93718      0.25924888      0.70799139      0.29193075      0.13549725       149.72825       0.7341349      0.59126376      0.44540849      0.32739983      0.60595242       1.0377782              10       10.682266       1.6979834        1.6979834       10.682266                       10.682266
              1       7.3160846       69.926444       2.3635553       1.1714021     0.023682956      0.12510915       0.5914653       1.0628672   1.0628672e-09       2.2290039        0.246428      0.24776175       13.406468      0.32564078      0.69431074      0.30561535      0.14943697       144.35312      0.77058637      0.65522516      0.47911066      0.35622929      0.64437999       1.0504227              10       11.236203       1.6979834        1.6979834       11.236203                       11.236203
              5       7.5825278       73.104829       2.3545462       1.1713354     0.027464858      0.13617639      0.59530383       1.0533348   1.0533348e-09       1.7354137      0.24782196      0.24916075       12.803003      0.32025217      0.69252893      0.30740345      0.16428612       137.97001      0.78188641      0.68335351      0.49778738      0.37065603      0.66852353       1.0593269              10       11.769089       1.6979834        1.6979834       11.769089                       11.769089
              1       8.0983657       90.745053       2.3000113        1.165544     0.049489868      0.18970594      0.60028177      0.99742956   9.9742956e-10      0.86770902      0.25124793      0.25259901       10.471893      0.30025076      0.70869875      0.29125737      0.23984067       112.87634      0.79592884      0.73828801      0.55699969      0.40918922      0.75820339       1.0772395              10       12.800765       1.6979834        1.6979834       12.800765                       12.800765
              1       8.0490195       91.339381       2.9681667       1.0054962     0.050245259       0.1922197      0.60669005       1.9456219   1.9456219e-09      0.86770902      0.25124793      0.25259901       10.402386      0.57822139       0.7085588      0.29139788      0.24310983       112.12119       1.0196108      0.94927512      0.71595392      0.52602534      0.97445878       1.0777792              10       12.702072       1.6979834        1.6979834       12.702072                       12.702072
              5       8.6580469       93.552312        1.770107        1.183117     0.052400372      0.20499585      0.42761089      0.58714817   5.8714817e-10      0.86770902      0.25124793      0.25259901       10.123311      0.24964887      0.70512319      0.29483552      0.25804109       109.32386      0.63773225      0.60726513      0.45452795      0.33493116      0.61683022       1.0827753              10       13.920127       1.6979834        1.6979834       13.920127                       13.920127
              3       8.1935812       93.112165       3.1901289       1.0692214      0.05183634      0.20614023      0.41632688       2.4291559   2.4291559e-09      0.86770902      0.25124793      0.25259901       10.138069       1.0564245       0.7016594      0.29829892      0.25862144       109.47062       1.2223858       1.1735156      0.87171481      0.64422466       1.1795368       1.0837784              10       12.991196       1.6979834        1.6979834       12.991196                       12.991196
              3        7.992909       93.049354       2.7430651       1.1128695     0.051861175      0.20572127      0.39316874       1.5534527   1.5534527e-09      0.86770902      0.25124793      0.25259901       10.145407      0.70761334       0.7017117      0.29824656      0.25822731       109.51039       1.0012259      0.96072155      0.71372782      0.52744416      0.96580348       1.0833906              10       12.589851       1.6979834        1.6979834       12.589851                       12.589851
              8       7.5137636        93.67136       3.8045829       1.0312138     0.052870598      0.20880395      0.44875575       4.4906515   4.4906515e-09      0.86770902      0.25124793      0.25259901       10.071319       1.8303117      0.70099627      0.29896255      0.26231942       108.61159       1.6294368       1.5721244       1.1661251      0.86228202       1.5770336       1.0833878              10       11.631561       1.6979834        1.6979834       11.631561                       11.631561
              5       8.6245417       91.494886       3.7920676       1.0172959     0.050912361      0.18728167      0.49691719       4.4348001   4.4348001e-09      0.86770902      0.25124793      0.25259901       10.445813       1.6415619      0.71465049      0.28530634       0.2388389       112.42716       1.5160464         1.38606       1.0598362      0.77458058       1.4501432       1.0740186              10       13.853117       1.6979834        1.6979834       13.853117                       13.853117
              1       10.833568       83.077401       3.7060358       1.0755634     0.038660601      0.18036352        0.501403       4.0692175   4.0692175e-09      0.92815422      0.25094329      0.25229329       11.157313       1.4927868      0.68167234       0.3182753      0.21966899       120.83123       1.5988341       1.5369451       1.0945751      0.82214102       1.4572862       1.0841281              10       18.271169       1.6979834        1.6979834       18.271169                       18.271169
              4       9.3930549       97.755147       2.6551058       1.0936666     0.058522288      0.24210157      0.40500321       1.4226492   1.4226492e-09      0.86770902      0.25124793      0.25259901       9.5080918       0.6328729      0.68469789      0.31526429      0.30126872       102.17875       1.0125716       1.0468724       0.7501779      0.56212508       1.0011417       1.0897849              10       15.390143       1.6979834        1.6979834       15.390143                       15.390143
              1       7.1625844       86.485492       2.4862383      0.80741368     0.044805706      0.18165899      0.55547468        1.201599    1.201599e-09      0.86770902      0.25124793      0.25259901       10.860594      0.39562195      0.69631873      0.30363295      0.22710956       116.72678      0.72892878      0.68526983      0.50320385      0.37353489       0.6778861       1.0758625              10       10.929202       1.6979834        1.6979834       10.929202                       10.929202
              1       6.8958145       94.794994        1.667547       1.0996316     0.054951235      0.21246647       0.4932224       0.5299153    5.299153e-10      0.86770902      0.25124793      0.25259901       9.9580741      0.19760545      0.70165146      0.29830833      0.26806257       107.13377      0.58170512      0.56348881      0.41856406      0.30933444      0.56636393       1.0818752              10       10.395662       1.6979834        1.6979834       10.395662                       10.395662
              8       6.9128806       94.565182        3.079333      0.83486291     0.054614702      0.21192584      0.49623589       2.1743893   2.1743893e-09      0.86770902      0.25124793      0.25259901        9.977871      0.80595778      0.70118049      0.29877909      0.26718541       107.36312       1.0150042      0.98342108       0.7297448      0.53952125      0.98703705       1.0820342              10       10.429794       1.6979834        1.6979834       10.429794                       10.429794
             14       6.8655234       95.463247       1.7466164      0.81607955     0.055867256      0.21573341      0.50361511      0.57351644   5.7351644e-10      0.86770902      0.25124793      0.25259901       9.8844321      0.20946494       0.7012238      0.29873655      0.27224553       106.30517       0.5173489      0.50356093      0.37370053      0.27627769      0.50547727       1.0822421              10        10.33508       1.6979834        1.6979834        10.33508                        10.33508
              4       6.9520887       94.955801       2.1338895      0.85874205     0.055009778      0.21509821      0.54900416      0.84476605   8.4476605e-10      0.86770902      0.25124793      0.25259901       9.9229164       0.2817588      0.69967741      0.30028251      0.27075285       106.79315      0.64507873      0.62913143      0.46532457      0.34445976      0.62859869       1.0831258              10       10.508211       1.6979834        1.6979834       10.508211                       10.508211
              3       7.1917385       87.591906       2.1570239      0.85191365     0.045931725      0.18715296      0.78001067      0.86453697   8.6453697e-10      0.86770902      0.25124793      0.25259901       10.713538      0.18166653      0.69531378      0.30463912      0.23372955       115.25833      0.63766612      0.60509464      0.44337556      0.32939588      0.59679521       1.0782349              10        10.98751       1.6979834        1.6979834        10.98751                        10.98751
              4       7.0969269       86.543883        2.003276      0.81331102     0.044759513      0.18184268      0.67129291      0.74133022   7.4133022e-10      0.86770902      0.25124793      0.25259901       10.855532      0.19361281      0.69654481      0.30340694      0.22724706        116.7275      0.57458274      0.53998861      0.39671365      0.29443099      0.53452838       1.0762276              10       10.797887       1.6979834        1.6979834       10.797887                       10.797887
             11       6.8637247       93.205909       1.9902653      0.81485404     0.053079583      0.20563823      0.67883668      0.73174746   7.3174746e-10      0.86770902      0.25124793      0.25259901       10.125474      0.18824835      0.70140599      0.29855241      0.25936268       108.89693      0.57828485      0.55586961        0.412685      0.30505197      0.55829474        1.080451              10       10.331483       1.6979834        1.6979834       10.331483                       10.331483
              1       7.5031585       85.285386       2.4653374       1.1376126     0.042571721      0.17250496      0.42974572       1.1767452   1.1767452e-09      0.86770902      0.25124793      0.25259901       11.085894      0.49820726      0.70336865      0.29658166      0.21572155       119.51111      0.83872348      0.76661418      0.57159995      0.42182106      0.77456186       1.0741283              10        11.61035       1.6979834        1.6979834        11.61035                        11.61035
              2       7.9241801       79.160854       2.5827563      0.99368363     0.035226647      0.15852007      0.15385276       1.3233564   1.3233564e-09       1.1097151      0.25010575      0.25145276       11.793934      0.97284133      0.68973181      0.31021052      0.19439159       126.96498      0.83105056      0.76201659      0.55181921      0.41182333      0.73940551       1.0706575              10       12.452393       1.6979834        1.6979834       12.452393                       12.452393
              1       7.9961997       79.380471       2.0103581      0.92114653     0.035470407      0.15964438      0.15935857      0.74659906   7.4659906e-10       1.0953859      0.25016822      0.25151545        11.75646      0.54283813      0.68927513      0.31066752      0.19575965       126.57913      0.60483731      0.55609955      0.40231791      0.30036085      0.53888415       1.0712838              10       12.596433       1.6979834        1.6979834       12.596433                       12.596433
              2       8.8621577       89.983058       1.8122309      0.92078623     0.048097599      0.18798855     0.060914062      0.61240946   6.1240946e-10      0.86770902      0.25124793      0.25259901       10.549332      0.54216641      0.70758479      0.29237057      0.23673101       113.89276      0.54690415      0.50690054      0.38148284      0.28051651      0.51878999        1.078392              10       14.328349       1.6979834        1.6979834       14.328349                       14.328349
              3       9.6637125       85.390523       2.4166739      0.80214928     0.042686301      0.16472122      0.45166623       1.1208517   1.1208517e-09      0.86770902      0.25124793      0.25259901       11.191916       0.4541882      0.71461655      0.28533388      0.20805239       120.68332      0.67007525      0.59188496      0.45255019      0.33075399      0.61919639       1.0695475              10       15.931458       1.6979834        1.6979834       15.931458                       15.931458
              3       9.5575597       87.809909       2.4204055      0.80221549     0.045598093      0.17514964      0.59121241        1.125042    1.125042e-09      0.86770902      0.25124793      0.25259901       10.864784      0.34486425       0.7128248      0.28712833       0.2213926       117.22001      0.68090316      0.61336138      0.46706371      0.34189688      0.63805353       1.0734194              10       15.719153       1.6979834        1.6979834       15.719153                       15.719153
              2       8.8815897       82.190591       3.2027251       1.1113769     0.038511941      0.15655387       0.5670488       2.4599475   2.4599475e-09      0.93518791      0.25090869      0.25225857       11.578374      0.79139536      0.71023195      0.28971456      0.19571068       124.91178       1.1560263       1.0156473      0.76890265      0.56411018       1.0480422       1.0679345              10       14.367213       1.6979834        1.6979834       14.367213                       14.367213
              3        9.674016       85.246649       2.7436815      0.99740595     0.041542623      0.17581704       0.5955829       1.5544106   1.5544106e-09      0.86770902      0.25124793      0.25259901       11.055581      0.47233379      0.69995743      0.29999284      0.21800453       119.65201      0.91270678      0.84267597      0.62365967      0.46155704      0.84269407       1.0787716              10       15.952065       1.6979834        1.6979834       15.952065                       15.952065
              3       9.0762728       98.746498       2.8961311      0.99874231     0.057989882       0.2461375      0.45521644       1.8103967   1.8103967e-09      0.86770902      0.25124793      0.25259901       9.4355254      0.72841316      0.68740393      0.31255901      0.30477225       101.99515       1.0902846        1.124166      0.81009089       0.6057128       1.0834297       1.0946508              10       14.756579       1.6979834        1.6979834       14.756579                       14.756579
              1       8.8026365       96.469006       2.9004768      0.99801164     0.055676619      0.23584407      0.40764025       1.8182812   1.8182812e-09      0.86770902      0.25124793      0.25259901       9.6461956      0.80461705      0.68601629      0.31394487      0.29216555        104.1277       1.0793195       1.1043402      0.79351894      0.59397839       1.0600929       1.0924052              10       14.209306       1.6979834        1.6979834       14.209306                       14.209306
              2       8.7051851       97.190405       1.8992253       1.0173067     0.056601884      0.23901917      0.42111407      0.66807169   6.6807169e-10      0.86770902      0.25124793      0.25259901        9.577217      0.28777167      0.68631923      0.31364251      0.29626592       103.36192      0.66355033      0.68087575      0.48954689      0.36635576      0.65416238       1.0926044              10       14.014404       1.6979834        1.6979834       14.014404                       14.014404
              3       7.9170877       90.903097       2.0005241      0.92963407     0.049352525      0.20571552      0.58394522      0.73929298   7.3929298e-10      0.86770902      0.25124793      0.25259901       10.278153      0.22993666      0.69050283      0.30945343      0.25571291        110.8296      0.63432751      0.62191285      0.45107806      0.33643451      0.60478761       1.0852806              10       12.438209       1.6979834        1.6979834       12.438209                       12.438209
              3       8.7199821       83.868278       2.0107611      0.92932476     0.040521083      0.17967573      0.44513159      0.74689998   7.4689998e-10      0.86770902      0.25124793      0.25259901       11.094646      0.30663806      0.68598048      0.31396815      0.22084168       119.71128       0.6261102      0.59736193      0.42921119      0.32128647      0.57338938       1.0803823              10       14.043997       1.6979834        1.6979834       14.043997                       14.043997
              7       8.5243153       93.423383       2.7712958      0.88246121     0.051822699      0.21576616      0.43841286       1.5979326   1.5979326e-09      0.86770902      0.25124793      0.25259901       10.020344      0.66490238      0.69263054      0.30732805      0.26823373       108.29257      0.91893434      0.90770584      0.66132178      0.49239471      0.88820308        1.088501              10       13.652664       1.6979834        1.6979834       13.652664                       13.652664
              3       7.9561451       99.956251       1.9254887       1.0436738     0.060028788      0.24230002      0.41518458      0.68584999   6.8584999e-10      0.86770902      0.25124793      0.25259901       9.4008788      0.29895402      0.69672488      0.30323895      0.30297368       101.50147      0.67479665      0.68120095      0.50063838      0.37150989      0.67464902       1.0906185              10       12.516323       1.6979834        1.6979834       12.516323                       12.516323
              5       8.0845747       98.958741       2.4691453       1.1896878     0.058751472      0.23783318      0.43531666       1.1812346   1.1812346e-09      0.86770902      0.25124793      0.25259901       9.4931692      0.49456674      0.69644568      0.30351741      0.29722951       102.52469      0.96565613      0.97074621      0.71300978      0.52922626      0.96061548       1.0903347              10       12.773183       1.6979834        1.6979834       12.773183                       12.773183
             17        8.096063       95.820412       3.3662061       1.1870036     0.055551915      0.22966632      0.77660409       2.8968416   2.8968416e-09      0.86770902      0.25124793      0.25259901       9.7342063      0.61287937      0.68861554       0.3113451       0.2858631       104.86543       1.5038475       1.5220942       1.0996218      0.82139838       1.4720848       1.0891125              10       12.796159       1.6979834        1.6979834       12.796159                       12.796159
              5       8.4973611       95.537551        3.365824       1.1776907     0.055170367      0.23032615      0.79843544       2.8957348   2.8957348e-09      0.86770902      0.25124793      0.25259901       9.7441298      0.58647104      0.68646407      0.31349634      0.28614139       104.97092       1.5011427       1.5265433        1.097911      0.82153349       1.4672666       1.0897482              10       13.598755       1.6979834        1.6979834       13.598755                       13.598755
              8       7.0782748       93.006162       1.7182643       1.0178003     0.053303437      0.20611796      0.64814284      0.55748437   5.5748437e-10      0.86770902      0.25124793      0.25259901       10.127389      0.15249759      0.69930866      0.30064956      0.26006627       108.72396      0.56443361      0.54539872      0.40307315      0.29846885       0.5443381        1.079607              10       10.760583       1.6979834        1.6979834       10.760583                       10.760583
              1       7.1835465       96.723134       2.1263348      0.83693981     0.058333864      0.21947864      0.67167746       0.8384081    8.384081e-10      0.86770902      0.25124793      0.25259901       9.7657048      0.21879824      0.70231677       0.2976446      0.27845737        104.7163      0.62971344      0.61493218      0.45743843      0.33787585      0.61931007       1.0800286              10       10.971126       1.6979834        1.6979834       10.971126                       10.971126
              1       7.2029355       91.561863       2.0433281       1.1737674     0.051773538      0.19843174      0.55011215      0.77162468   7.7162468e-10      0.86770902      0.25124793      0.25259901       10.300822      0.25679394      0.70074068      0.29921622      0.25085015       110.48526      0.71560082      0.68313357      0.50643583       0.3745594      0.68474385        1.077047              10       11.009904       1.6979834        1.6979834       11.009904                       11.009904
              2       8.7639015       90.468495         2.05682       1.1609222     0.051634221      0.18304151      0.63699196      0.78210592   7.8210592e-10      0.86770902      0.25124793      0.25259901       10.541669      0.21876678      0.71243773      0.28751811       0.2353206       112.61617      0.67787434      0.62056523      0.47213281      0.34572476      0.64475969       1.0676817              10       14.131836       1.6979834        1.6979834       14.131836                       14.131836
              5       9.0958163       88.494468       3.3635047        1.174639     0.049209818      0.17692181      0.64237588       2.8890266   2.8890266e-09      0.86770902      0.25124793      0.25259901       10.755372      0.79944933       0.7103757      0.28957815       0.2267765       114.83316       1.3043005       1.1885455      0.90007185      0.66026554        1.226975       1.0663155              10       14.795666       1.6979834        1.6979834       14.795666                       14.795666
              2        9.398883       89.882579       3.3422643       1.1863224     0.047240416      0.19638495      0.71946246       2.8283097   2.8283097e-09      0.86770902      0.25124793      0.25259901       10.462615      0.67082587      0.69759864      0.30235663      0.24427023       113.22066       1.4083507        1.344643      0.99009861      0.73418976       1.3352069       1.0845177              10       15.401799       1.6979834        1.6979834       15.401799                       15.401799
              4       11.180055       83.547842       3.5656578       1.1723637      0.03901875      0.18135304      0.37270787       3.5362707   3.5362707e-09      0.91148286      0.25102605      0.25237634       11.110718       1.6780912      0.68331643      0.31663179      0.22101665       120.43681       1.5699436       1.5064046       1.0764412      0.80747474       1.4349993       1.0848184              10       18.964144       1.6979834        1.6979834       18.964144                       18.964144
              5       11.089294       83.953531       1.9773824       1.1040708     0.039526722      0.18278315      0.38139546      0.72238089   7.2238089e-10      0.88848297      0.25114187      0.25249258       11.060034      0.33689174       0.6836199      0.31632883      0.22295474       119.87848      0.68494093      0.65824622      0.47066001      0.35297341      0.62758507       1.0851435              10       18.782621       1.6979834        1.6979834       18.782621                       18.782621
              3       7.4805102       84.598519        2.783857      0.98529187     0.041970795      0.17724451      0.53946462       1.6181312   1.6181312e-09      0.86770902      0.25124793      0.25259901       11.066461      0.55009883      0.69274962      0.30719989      0.21986018       119.15492      0.92971724      0.87357879      0.63663062       0.4739612      0.85513023        1.076759              10       11.565054       1.6979834        1.6979834       11.565054                       11.565054
              5       7.5552328       84.618677       3.5031671      0.90046732     0.041915688      0.17774835      0.54641835       3.3220498   3.3220498e-09      0.86770902      0.25124793      0.25259901       11.058979        1.113764       0.6922693      0.30768023       0.2203089       119.11209       1.2795003       1.2040763      0.87659383      0.65286488        1.176992       1.0772411              10       11.714499       1.6979834        1.6979834       11.714499                       11.714499
              5       8.0089121       64.072587       2.5569594      0.92195583     0.016386588      0.10992031      0.60802811       1.2896545   1.2896545e-09       4.0351922      0.24280326      0.24412373       14.582149      0.38224945      0.69067299      0.30923899      0.12695177       157.32497       0.7695902      0.63306944      0.45937697      0.34256484       0.6160212       1.0338456              10       12.621858       1.6979834        1.6979834       12.621858                       12.621858
              2       9.2815855       61.164411       2.5036558      0.88204657     0.012823418      0.10369087       0.5155962       1.2227113   1.2227113e-09        5.936057      0.24021417      0.24152506       15.220845      0.43599625      0.68673451       0.3131689      0.11715915       164.58954       0.7477231      0.60782957      0.43745648      0.32724989      0.58477688        1.022776              10       15.167204       1.6979834        1.6979834       15.167204                       15.167204
              3       9.4461816       60.458303       2.5070975      0.88180813     0.011966304       0.1015453      0.54596439       1.2269267   1.2269267e-09       6.6193283      0.23944838      0.24075642       15.410323      0.41171812      0.68758917      0.31231196      0.11415647       166.72741      0.74835806      0.60333433      0.43499531      0.32518591      0.58188534       1.0185304              10       15.496396       1.6979834        1.6979834       15.496396                       15.496396
              1       6.9240722       94.151554       2.1845058       1.0873078     0.054143264      0.20878596      0.51934339      0.88862561   8.8862561e-10      0.86770902      0.25124793      0.25259901       10.035242      0.31450162      0.70262307      0.29733616      0.26357409       107.97523      0.74310054      0.71527846      0.53244316      0.39317436      0.72104326        1.081075              10       10.452178       1.6979834        1.6979834       10.452178                       10.452178
              8       6.8936013       96.381393        2.249847      0.98860597     0.056923299      0.21927096      0.51093255      0.94862848   9.4862848e-10      0.86770902      0.25124793      0.25259901       9.7968989      0.34143323      0.70194408      0.29801702      0.27683912       105.39553      0.73506384      0.71734734      0.53318991      0.39395099      0.72164176       1.0828633              10       10.391236       1.6979834        1.6979834       10.391236                       10.391236
              1       7.0830768       93.964484       3.0454833      0.97247045     0.053744307      0.21338946      0.46941698       2.1020188   2.1020188e-09      0.86770902      0.25124793      0.25259901       9.9997145      0.82206506       0.6966758      0.30328327      0.26777863       107.61678        1.088068       1.0651049      0.78270848      0.58084753       1.0547218       1.0835891              10       10.770187       1.6979834        1.6979834       10.770187                       10.770187
              4       7.0856193       93.668301       2.5910271      0.88114157     0.053456298      0.21214316       0.4666821       1.3343469   1.3343469e-09      0.86770902      0.25124793      0.25259901       10.029728      0.52470335      0.69650327      0.30345554      0.26624433       107.90999      0.82273598      0.80451335      0.59099061      0.43863608      0.79626351       1.0831877              10       10.775272       1.6979834        1.6979834       10.775272                       10.775272
              1        7.050344       95.482892       3.4030092       1.0122423     0.055872308      0.21962552      0.40061068       3.0054404   3.0054404e-09      0.86770902      0.25124793      0.25259901       9.8443426        1.348783      0.69707211      0.30288825      0.27614269       105.85117        1.337448       1.3182104      0.96952786      0.71925171        1.306892       1.0837776              10       10.704721       1.6979834        1.6979834       10.704721                       10.704721
              2       6.9819613       83.005768       1.9172873       1.0658402     0.040078352      0.16422468      0.37700135      0.68024801   6.8024801e-10      0.86770902      0.25124793      0.25259901       11.380826       0.3200428      0.70248868      0.29745887       0.2049479       122.50004      0.60637743      0.54824195      0.40799411      0.30130797      0.55245532       1.0705019              10       10.567956       1.6979834        1.6979834       10.567956                       10.567956
              2       7.2369112       87.400542       2.1242003      0.94891421     0.045907049      0.17598598      0.37269227       0.8366204    8.366204e-10      0.86770902      0.25124793      0.25259901       10.871752       0.3970197      0.70862905      0.29132364       0.2225379       116.90759      0.63330496      0.57663232      0.43497459      0.31956398      0.59206577       1.0720459              10       11.077856       1.6979834        1.6979834       11.077856                       11.077856
              7       8.1227311       89.809842       1.7796362       1.1910103     0.049201064      0.18012122      0.46144956      0.59276995   5.9276995e-10      0.86770902      0.25124793      0.25259901       10.643711      0.23554624      0.71484159      0.28511361      0.22996716       114.37793      0.60244762      0.54536628      0.41719179      0.30485283       0.5709279       1.0710911              10       12.849496       1.6979834        1.6979834       12.849496                       12.849496
              2       7.4661247       76.947672       3.4040125      0.98166436      0.03316063       0.1367376      0.34397659       3.0084572   3.0084572e-09       1.2416664      0.24955732      0.25090236       12.386839       1.5120619      0.71190535      0.28803362       0.1705431        132.8284       1.1541214      0.97597561      0.74166883      0.54333893       1.0123932        1.054587              10       11.536283       1.6979834        1.6979834       11.536283                       11.536283
              7       7.6415194       77.924915       3.6696026       1.0849624     0.034381168      0.13900855       0.3621854       3.9236309   3.9236309e-09       1.1613545      0.24988535      0.25123157       12.248478       1.9015069      0.71333606      0.28660443      0.17403459       131.36308         1.38103       1.1700024      0.89199415      0.65265359       1.2191055       1.0556638              10       11.887072       1.6979834        1.6979834       11.887072                       11.887072
             17       6.9022066        78.59135       2.0016275       1.0313977     0.034606941      0.14966182      0.31892382      0.74010916   7.4010916e-10       1.1472613      0.24994477      0.25129119       11.998192      0.39109483      0.70056381      0.29937769      0.18491363       129.08866      0.61271028      0.54216427       0.4017884      0.29720236      0.54317846       1.0647841              10       10.408446       1.6979834        1.6979834       10.408446                       10.408446
              6       7.0340945       74.639688       2.0188426       1.0309956     0.029876912      0.13772453      0.43885375      0.75296053   7.5296053e-10         1.49829      0.24860247      0.24994408        12.60231      0.31303197      0.69793584      0.30199929      0.16824631       135.43537      0.61159595      0.53155195      0.39169767      0.29037049      0.52838382       1.0581764              10       10.672222       1.6979834        1.6979834       10.672222                       10.672222
              4       6.9829312       69.758761       2.2729979      0.99134709     0.023967387      0.11917159      0.45390715      0.97084624   9.7084624e-10       2.1852221      0.24654113      0.24787528       13.566015      0.39164421       0.7044563      0.29546943      0.14378384       145.56476      0.66074596      0.54435983      0.40687596      0.29997853      0.55186633       1.0432028              10       10.569896       1.6979834        1.6979834       10.569896                       10.569896
              1       7.1401931       90.115305       1.9714536       1.1213833     0.049253823       0.1967995      0.38409377      0.71811076   7.1811076e-10      0.86770902      0.25124793      0.25259901       10.421834      0.33309784      0.69616873      0.30378677      0.24669819       112.04858      0.67689524      0.64986564      0.47704896      0.35416461      0.64257043       1.0797351              10       10.884419       1.6979834        1.6979834       10.884419                       10.884419
              8       7.1180271       91.022851       1.9251813          1.1274     0.050163553      0.20092468      0.45453087      0.68563919   6.8563919e-10      0.86770902      0.25124793      0.25259901       10.317494      0.27624545      0.69612023      0.30383616       0.2517331       111.01464      0.66863581      0.64525478       0.4736142      0.35162891      0.63791799         1.08124              10       10.840088       1.6979834        1.6979834       10.840088                       10.840088
              1       7.5227288       75.485332       2.9367114      0.80452196     0.031099227      0.14221544      0.64434159       1.8853741   1.8853741e-09       1.3950316      0.24897052      0.25031345        12.42339      0.51967227      0.69463918      0.30529739      0.17395954       133.42645       0.8872213      0.78307779      0.57298601      0.42591682      0.77083823       1.0606995              10       11.649491       1.6979834        1.6979834       11.649491                       11.649491
             19       7.0315838       81.931088       2.9400631      0.80186337     0.039298512      0.16165141       0.7947985       1.8917041   1.8917041e-09      0.89872388      0.25109008       0.2524406       11.499276       0.3859224      0.69962783      0.30031834      0.20159478       123.47178       0.8894357      0.80584859      0.59598369      0.44119425      0.80507977       1.0683564              10       10.667201       1.6979834        1.6979834       10.667201                       10.667201
              2          7.7806       86.244231       2.0765131      0.86542204     0.044237811      0.18498201      0.73350893      0.79766066   7.9766066e-10      0.86770902      0.25124793      0.25259901       10.837226      0.18395026      0.69091323      0.30903818      0.22986468       116.58081      0.62057675      0.59191906      0.42969823      0.32038089       0.5763158       1.0785774              10       12.165233       1.6979834        1.6979834       12.165233                       12.165233
              3       7.7872094       86.234475       3.6835376      0.83748065     0.044229929      0.18495797      0.73385869       3.9786894   3.9786894e-09      0.86770902      0.25124793      0.25259901       10.838186      0.91689261      0.69088621      0.30906519      0.22983277       116.58909       1.3669998       1.3039018      0.94650179       0.7057225       1.2694305       1.0785633              10       12.178452       1.6979834        1.6979834       12.178452                       12.178452
              1       7.4751564       95.984365       3.4569053       1.1751752     0.056823042      0.22348689      0.65054109       3.1718664   3.1718664e-09      0.86770902      0.25124793      0.25259901       9.7743012      0.86349947      0.69500598      0.30495479       0.2809548        104.9638       1.5239927       1.5152557       1.1095376       0.8245194       1.4930802       1.0838406              10       11.554346       1.6979834        1.6979834       11.554346                       11.554346
              8       7.2505684       98.238672        3.777229      0.98099163     0.059509502      0.23300954      0.72874839       4.3694794   4.3694794e-09      0.86770902      0.25124793      0.25259901       9.5604978        1.017295      0.69619209      0.30377046      0.29316391        102.7009       1.6078738       1.6116661       1.1831222       0.8783467       1.5936509       1.0851622              10        11.10517       1.6979834        1.6979834        11.10517                        11.10517
              1       7.7749854       88.721014       2.2646319      0.99543766     0.047709351      0.19358988      0.33315362        0.962758     9.62758e-10      0.86770902      0.25124793      0.25259901       10.550821      0.49447414       0.6925837      0.30737039       0.2419441       113.33774      0.73146265      0.70419365      0.51300419       0.3819763      0.68897808        1.079175              10       12.154004       1.6979834        1.6979834       12.154004                       12.154004
              2       7.7496665       93.549324       2.2625904      0.99403462     0.054744844      0.20558435      0.33807203      0.96079455   9.6079455e-10      0.86770902      0.25124793      0.25259901       10.091591      0.48863536      0.70175294      0.29820577      0.26097406       108.06755      0.72354803       0.6960541       0.5171502      0.38216042      0.69982216       1.0768106              10       12.103366       1.6979834        1.6979834       12.103366                       12.103366
             10       7.1316527       97.019134       3.4497404       1.0154094     0.058821536      0.21646651      0.24531966       3.1492217   3.1492217e-09      0.86770902      0.25124793      0.25259901       9.7773117       1.9280633       0.7068124       0.2931492      0.27593291       104.83337       1.3344222       1.2873382      0.96715066      0.71164977       1.3143831       1.0782787              10       10.867339       1.6979834        1.6979834       10.867339                       10.867339
             10       7.2417635       98.362366       3.2008552       1.0471368     0.060637262      0.22208772      0.26580839        2.455352    2.455352e-09      0.86770902      0.25124793      0.25259901       9.6462701       1.4428976      0.70707861      0.29288404      0.28336985       103.38298       1.2074305       1.1719083      0.88094857      0.64807382       1.1975031       1.0786527              10        11.08756       1.6979834        1.6979834        11.08756                        11.08756
             19       8.6198234       79.629468        3.597965       1.0253946     0.036789256      0.15719609     0.014297905       3.6523834   3.6523834e-09       1.0218869      0.25049805      0.25184646       11.759414       3.5494197      0.69299655      0.30694645      0.19463021       126.04331       1.3781736       1.2554172      0.91539068      0.68135295        1.229818       1.0665763              10        13.84368       1.6979834        1.6979834        13.84368                        13.84368
              2       7.1443868       97.100445       3.5722197      0.90565803     0.057868024      0.21818674      0.48178593       3.5595517   3.5595517e-09      0.86770902      0.25124793      0.25259901       9.7661373       1.3580675      0.70649004      0.29347164      0.27669963       105.07832       1.3448443       1.2992209      0.97538069      0.71790287       1.3252036       1.0815669              10       10.892807       1.6979834        1.6979834       10.892807                       10.892807
              3       7.2250518       95.968375       2.3603074      0.96966567     0.056150538      0.21540741      0.45562194       1.0594207   1.0594207e-09      0.86770902      0.25124793      0.25259901       9.8618551      0.42591239      0.70440711      0.29555365      0.27220282       106.20775      0.76306369      0.73754484      0.55116793      0.40639001      0.74752351       1.0824876              10       11.054137       1.6979834        1.6979834       11.054137                       11.054137
              1       7.5579763       95.890694       3.3035623       1.0384224      0.05542702      0.22309956      0.65234533       2.7209394   2.7209394e-09      0.86770902      0.25124793      0.25259901       9.7959507      0.73807231       0.6963493       0.3036114      0.27917144       105.66442       1.3074714       1.2941886      0.95038582      0.70547149       1.2803256       1.0871739              10       11.719986       1.6979834        1.6979834       11.719986                       11.719986
              3         7.54784       95.626629       3.2721351       1.0128553     0.055115651      0.22151974      0.66703632       2.6367575   2.6367575e-09      0.86770902      0.25124793      0.25259901       9.8265179      0.69452808      0.69673809      0.30322239      0.27728026       105.99396       1.2646234       1.2486095      0.91767933      0.68097515       1.2366609        1.086821              10       11.699713       1.6979834        1.6979834       11.699713                       11.699713
              1       8.2438847         90.0646       3.6807478       1.0331478     0.048266466      0.20387969      0.76852958       3.9676052   3.9676052e-09      0.86770902      0.25124793      0.25259901       10.353304      0.85308468       0.6883153      0.31164015      0.25279103       111.65406       1.5584394       1.5305443       1.1050459       0.8256456       1.4789959        1.085516              10       13.091803       1.6979834        1.6979834       13.091803                       13.091803
              1       7.2997664       96.394002       3.8674394      0.94163035     0.057637968      0.22202214      0.76174185       4.7819782   4.7819782e-09      0.86770902      0.25124793      0.25259901        9.762337       1.0422383      0.69829204      0.30166906      0.28030497       104.75054       1.6138937       1.5924599       1.1743096      0.87029266       1.5845281       1.0820646              10       11.203566       1.6979834        1.6979834       11.203566                       11.203566
             28       7.3336088       96.499227       2.2022648       1.1164327     0.057754486       0.2228601       0.7565724      0.90454763   9.0454763e-10      0.86770902      0.25124793      0.25259901       9.7483758      0.19919618      0.69792467      0.30203652      0.28125945       104.60262      0.77945749      0.77036888      0.56763507      0.42080809      0.76569243       1.0823036              10       11.271251       1.6979834        1.6979834       11.271251                       11.271251
              5       7.1359085       99.151064       1.7503572       1.0778443     0.061456999      0.22768467      0.58846117      0.57566586   5.7566586e-10      0.86770902      0.25124793      0.25259901       9.5524707      0.17743513      0.70519313      0.29477011      0.28978653       102.41501       0.6024571      0.59047401      0.44202383      0.32569909      0.59989442       1.0802695              10        10.87585       1.6979834        1.6979834        10.87585                        10.87585
             10       7.1196096       99.323837       1.7272225      0.99552025     0.061401931      0.23249894      0.67071334      0.56250086   5.6250086e-10      0.86770902      0.25124793      0.25259901       9.5018503      0.14707843      0.70139364      0.29856972      0.29454574       101.92792       0.5745902      0.57018662      0.42329818      0.31290164      0.57264433       1.0824507              10       10.843253       1.6979834        1.6979834       10.843253                       10.843253
              7       8.3545916       95.413101       3.0320045       1.0243553     0.054313373      0.22308508      0.65098579       2.0738761   2.0738761e-09      0.86770902      0.25124793      0.25259901       9.8286096      0.56408395      0.69454103      0.30541928      0.27804332       106.19896       1.1393602       1.1310003      0.82734977      0.61505402       1.1129228       1.0890856              10       13.313216       1.6979834        1.6979834       13.313216                       13.313216
              2       8.4010597       95.520043       3.0302498       1.0252149     0.054412463      0.22419405      0.65164981       2.0702403   2.0702403e-09      0.86770902      0.25124793      0.25259901       9.8118467      0.56234769      0.69390058      0.30605981      0.27925138       106.02385       1.1418255       1.1362229      0.83003911      0.61737656       1.1159558       1.0894758              10       13.406153       1.6979834        1.6979834       13.406153                       13.406153
              1       7.7130541       94.193328       2.8051952      0.96736205     0.054220393      0.21856512      0.27739112       1.6530302   1.6530302e-09      0.86770902      0.25124793      0.25259901       9.9307376      0.94916543      0.69177783      0.30818144      0.27343038       106.76915      0.97442856      0.96889515      0.70463092      0.52500485      0.94571456       1.0848821              10       12.030142       1.6979834        1.6979834       12.030142                       12.030142
              5       6.9285966       93.982284       2.8135928      0.95896806     0.054160584      0.21090328      0.19360318       1.6669702   1.6669702e-09      0.86770902      0.25124793      0.25259901       10.020609        1.131791      0.69913415      0.30082493      0.26570873       107.70996      0.95218523      0.92537498      0.68363281      0.50629234      0.92309083       1.0815164              10       10.461226       1.6979834        1.6979834       10.461226                       10.461226
              2       7.1964765       94.751801       2.8228972      0.95916807     0.055831205      0.21143377      0.28434212       1.6825527   1.6825527e-09      0.86770902      0.25124793      0.25259901       9.9616618      0.95277917      0.70154951      0.29841024      0.26790984       106.82923      0.94848667      0.91885755      0.68238332      0.50434977      0.92326202       1.0790555              10       10.996986       1.6979834        1.6979834       10.996986                       10.996986
              9       7.3790661        94.63235       1.9420102       0.8664882     0.056050856      0.20724542     0.090797352      0.69727535   6.9727535e-10      0.86770902      0.25124793      0.25259901       10.008793      0.58148529      0.70522727      0.29473238      0.26394114       107.22401       0.5720655      0.54769844      0.41003651      0.30212001      0.55650051       1.0765188              10       11.362165       1.6979834        1.6979834       11.362165                       11.362165
              2       7.3258844        95.47616       1.9376243      0.86721518     0.057076884      0.21070473      0.07524558       0.6942239    6.942239e-10      0.86770902      0.25124793      0.25259901       9.9228668      0.59723064      0.70549414      0.29446622      0.26842648       106.31787      0.57289241      0.55048227      0.41236273      0.30376538      0.55978408       1.0771343              10       11.255802       1.6979834        1.6979834       11.255802                       11.255802
              1       6.8768067       93.585725       1.9272355      0.86237769     0.053518092       0.2067758      0.10685268      0.68704908   6.8704908e-10      0.86770902      0.25124793      0.25259901        10.09024      0.55485142      0.70202521      0.29793352      0.26093876       108.53433      0.57479151      0.55260328      0.41081377      0.30351128      0.55605167       1.0806234              10       10.357647       1.6979834        1.6979834       10.357647                       10.357647
              9       6.8804069       93.973534       1.9268964      0.86242042     0.054007818       0.2081044      0.11348309      0.68681613   6.8681613e-10      0.86770902      0.25124793      0.25259901       10.052336      0.54735656      0.70242048       0.2975386      0.26275708        108.1258       0.5750214       0.5533076      0.41169218      0.30405941      0.55742544       1.0807521              10       10.364847       1.6979834        1.6979834       10.364847                       10.364847
              1       6.8397097       97.294914       3.1478594      0.89630467     0.058297516      0.22316277       0.5029292       2.3286165   2.3286165e-09      0.86770902      0.25124793      0.25259901       9.7050106       0.8516462      0.70195189      0.29800994      0.28210516       104.31946       1.0951756       1.0738098      0.79815365      0.58971773       1.0802613       1.0827396              10       10.283453       1.6979834        1.6979834       10.283453                       10.283453
              4       6.8401944       98.002954       3.7891231      0.80958672     0.059146248      0.22615862      0.49978101        4.421761    4.421761e-09      0.86770902      0.25124793      0.25259901       9.6375168       1.6273876      0.70224007       0.2977223      0.28594973       103.60332       1.4408639       1.4166535       1.0536476      0.77830214        1.426404       1.0831704              10       10.284422       1.6979834        1.6979834       10.284422                       10.284422
              5       6.9218003       99.715128       3.4637523      0.87868992      0.06111546       0.2374172      0.55267633       3.1936589   3.1936589e-09      0.86770902      0.25124793      0.25259901       9.4441322       1.0574016      0.69907427      0.30088939      0.29917753       101.53752       1.2960172       1.2976224      0.95850195      0.70989598       1.2941699        1.085681              10       10.447634       1.6979834        1.6979834       10.447634                       10.447634
              3       7.4676619       99.771141       1.8191288      0.85602301     0.062298772      0.23401948      0.41160825      0.61664839   6.1664839e-10      0.86770902      0.25124793      0.25259901       9.4614128       0.2707193      0.70163664      0.29832705      0.29696312       101.38394      0.55381863      0.55040742      0.40883041      0.30214565      0.55318454       1.0816429              10       11.539357       1.6979834        1.6979834       11.539357                       11.539357
              1       9.1415404       98.431604       3.2741809       0.9559312     0.061923876       0.2202704      0.12407453       2.6421573   2.6421573e-09      0.86770902      0.25124793      0.25259901       9.6482963       2.0615264       0.7080383       0.2919244      0.28283914       103.01349       1.1728169       1.1353551      0.85529335      0.62868441       1.1635833       1.0748961              10       14.887114       1.6979834        1.6979834       14.887114                       14.887114
              6       8.8254418       93.937934       3.3002411      0.94500919     0.056145735      0.19756847       0.1211397       2.7119178   2.7119178e-09      0.86770902      0.25124793      0.25259901       10.145348        2.128413      0.71171177      0.28824728      0.25435907       108.36561       1.1420476       1.0677861      0.81104697      0.59427479       1.1068906       1.0706391              10       14.254917       1.6979834        1.6979834       14.254917                       14.254917
              3       7.0926262       86.284905        3.710033      0.94298948     0.045161588      0.17230685      0.20632059       4.0855153   4.0855153e-09      0.86770902      0.25124793      0.25259901       10.995079       2.7042015      0.70698864      0.29296282      0.21811331       117.91909       1.3862559       1.2604713      0.94735763      0.69697481       1.2876885       1.0693586              10       10.789286       1.6979834        1.6979834       10.789286                       10.789286
              5       7.8902331        87.49525       3.6834583      0.94109398     0.046781544      0.17082144      0.12111674       3.9783739   3.9783739e-09      0.86770902      0.25124793      0.25259901        10.92541       3.1225179      0.71486343      0.28508937      0.21824785       117.16201       1.3409574       1.1980668      0.91654224       0.6697269       1.2543168       1.0671007              10         12.3845       1.6979834        1.6979834         12.3845                         12.3845
              1       7.7521257       83.458456       3.6957111      0.93931571     0.041287158      0.15735662      0.24393921       4.0274199   4.0274199e-09      0.86770902      0.25124793      0.25259901       11.442197       2.4725439       0.7138323      0.28611582      0.19928865       122.84228        1.334932       1.1686188      0.89192795      0.65232683       1.2195351       1.0640188              10       12.108285       1.6979834        1.6979834       12.108285                       12.108285
             11       7.4245733       83.570376       3.8141223      0.98649842     0.041310586      0.15952496      0.23213848       4.5336949   4.5336949e-09      0.86770902      0.25124793      0.25259901       11.400728       2.8498327      0.71146001      0.28848825      0.20148042       122.45742       1.4619126       1.2901903      0.97944401      0.71781354       1.3364342       1.0656061              10        11.45318       1.6979834        1.6979834        11.45318                        11.45318
              3       7.4072998       78.872011       3.8185694      0.98743396     0.035604118      0.14316417      0.18719592       4.5539013   4.5539013e-09       1.0876281      0.25020229      0.25154964       12.080425       3.1317516      0.71153314      0.28840877      0.17941316       129.56703       1.4346108       1.2296854      0.93367915      0.68422632       1.2740766       1.0579953              10       11.418633       1.6979834        1.6979834       11.418633                       11.418633
              2        7.697909        84.59489       3.8045027       0.9891219     0.043355856      0.16208444      0.16537496       4.4902914   4.4902914e-09      0.86770902      0.25124793      0.25259901       11.268265       3.2257571      0.71197206      0.28797744      0.20608516       120.67933       1.4498662       1.2853265      0.97687635      0.71561463       1.3335214       1.0641753              10       11.999851       1.6979834        1.6979834       11.999851                       11.999851
              1       7.6638099       88.906648       3.1980708      0.83745646     0.049023697      0.18042486      0.79440542       2.4485248   2.4485248e-09      0.86770902      0.25124793      0.25259901       10.689988      0.49991103      0.70885862      0.29109567      0.23009343       114.43526       1.0182963      0.93446778      0.70526159      0.51803507      0.96015488         1.06959              10       11.931653       1.6979834        1.6979834       11.931653                       11.931653
              2       7.1823334       90.578213       3.2823281       1.0309996     0.050740907      0.19066122      0.78481496       2.6637717   2.6637717e-09      0.86770902      0.25124793      0.25259901       10.453745         0.55439      0.70493545       0.2950205      0.24204699       112.06206         1.20227       1.1271241      0.84328997      0.62149836       1.1442315       1.0739586              10         10.9687       1.6979834        1.6979834         10.9687                         10.9687
              7       8.8376797       95.080258       2.7421273       1.1366131     0.057170138      0.19647568       0.7857578       1.5519966   1.5519966e-09      0.86770902      0.25124793      0.25259901       10.091639      0.32239641      0.71867297      0.28128705      0.25429069       107.99735      0.95220092      0.87619226      0.67617827       0.4924347      0.92848261       1.0701018              10       14.279393       1.6979834        1.6979834       14.279393                       14.279393
              2       7.4550994       92.707087       2.0010197      0.93652306     0.053726666      0.19636546       0.7288479      0.73965943   7.3965943e-10      0.86770902      0.25124793      0.25259901       10.245659      0.17217201      0.70822027      0.29173769      0.25073699       109.73773      0.60073137      0.56405432      0.42509394      0.31241584      0.57841132        1.073591              10       11.514232       1.6979834        1.6979834       11.514232                       11.514232
              1       7.0972583       94.049285       2.0008244      0.93555353     0.054811743       0.2021251      0.54980626      0.73951502   7.3951502e-10      0.86770902      0.25124793      0.25259901       10.104599      0.24625857      0.70875066      0.29120848      0.25758171       108.46122      0.60649539      0.57263745      0.43207214      0.31740025      0.58817323       1.0762979              10        10.79855       1.6979834        1.6979834        10.79855                        10.79855
              4       7.9447925       96.347743       1.9884974      0.93555825     0.058594108      0.20680291      0.36229724        0.730455     7.30455e-10      0.86770902      0.25124793      0.25259901       9.9074985      0.35392079      0.71336718      0.28659389      0.26604189       106.06039      0.59685728      0.56224082      0.42865511      0.31363515      0.58585652       1.0736008              10       12.493618       1.6979834        1.6979834       12.493618                       12.493618
              1       7.9558484       95.834242       2.4147903      0.97625502     0.057985454        0.204949      0.35747978       1.1187424   1.1187424e-09      0.86770902      0.25124793      0.25259901       9.9567287      0.54730209      0.71296857      0.28699208      0.26357932       106.56904      0.75448526      0.70971651      0.54060318       0.3956818      0.73860309       1.0732663              10        12.51573       1.6979834        1.6979834        12.51573                        12.51573
              4       7.9676795       96.895723        2.830847      0.98413106     0.059334866      0.20934402      0.34664783       1.6959821   1.6959821e-09      0.86770902      0.25124793      0.25259901       9.8489809      0.84786513      0.71310451        0.286857      0.26932376       105.41607      0.93785611      0.88670323       0.6756237       0.4944487      0.92318452       1.0739362              10       12.539392       1.6979834        1.6979834       12.539392                       12.539392
              4       7.9722521       96.953714        2.532156       1.0487718     0.059407604      0.20952923      0.34520771       1.2580601   1.2580601e-09      0.86770902      0.25124793      0.25259901       9.8437458      0.63075075       0.7131732      0.28678835       0.2695817       105.36078      0.83877758      0.79309511      0.60439299      0.44229272      0.82590299        1.073952              10       12.548537       1.6979834        1.6979834       12.548537                       12.548537
              4       9.0358085       84.931824       1.9940019       1.1258614     0.044138779       0.1724354      0.42115079      0.73448686   7.3448686e-10      0.86770902      0.25124793      0.25259901       11.084795      0.31635674      0.69881785      0.30113205      0.21721904       118.53227       0.6526946      0.60355576      0.44558903      0.33008344      0.60151331       1.0689081              10        14.67565       1.6979834        1.6979834        14.67565                        14.67565
              3       9.4837386       77.773075       1.7063324      0.81047743     0.035099933      0.14549717       0.6102806      0.55087206   5.5087206e-10       1.1172603      0.25007309      0.25141998       12.121392      0.16254281      0.70029994      0.29964031      0.18124197       129.50601      0.47026073       0.4142709      0.30683395      0.22701443      0.41471844       1.0582089              10       15.571511       1.6979834        1.6979834       15.571511                       15.571511
              2       9.1455834       77.027367        3.118207       1.1432647     0.034119527      0.14163327      0.66189459       2.2605812   2.2605812e-09       1.1779751      0.24981602      0.25116199       12.265428      0.60159715      0.70263374      0.29730535      0.17639767        131.0451       1.0962173      0.95431663      0.71042764      0.52459063      0.96209767       1.0560158              10         14.8952       1.6979834        1.6979834         14.8952                         14.8952
              1       6.9516445       88.354842       2.1662009      0.88180481     0.047259728      0.18676851      0.58538891      0.87250735   8.7250735e-10      0.86770902      0.25124793      0.25259901        10.66071      0.27058688      0.69934427      0.30060944       0.2346731       114.54202      0.64316557       0.6056632      0.44765003      0.33146622      0.60455799       1.0762238              10       10.507322       1.6979834        1.6979834       10.507322                       10.507322
              3       7.7391856       91.952595       2.1343699      0.84482733       0.0524944      0.20148484       0.0553207      0.84517197   8.4517197e-10      0.86770902      0.25124793      0.25259901       10.238694      0.75664843      0.69881512      0.30114214      0.25462411       109.71854      0.62740586      0.60369255      0.44568031      0.33015382       0.6016315       1.0773725              10       12.082404       1.6979834        1.6979834       12.082404                       12.082404
              7       7.9651251       91.335729       2.2737894      0.86264752     0.051764153      0.19959077     0.059782291      0.97161498   9.7161498e-10      0.86770902      0.25124793      0.25259901       10.298879      0.86212048       0.6978789      0.30207778      0.25199979       110.34057      0.67868491      0.65265899      0.48085954      0.35649048      0.64861732       1.0770684              10       12.534283       1.6979834        1.6979834       12.534283                       12.534283
              1        7.208286       69.713955       2.1783583      0.92213533     0.023423856       0.1178165      0.19288661      0.88317953   8.8317953e-10       2.2700241      0.24632345      0.24765682       13.620173      0.60049558      0.70798287      0.29194277      0.14188522       146.50647      0.61179098      0.49845018      0.37548048      0.27600172      0.51081417        1.043073              10       11.020605       1.6979834        1.6979834       11.020605                       11.020605
              2       7.4973643       67.778102       2.4426164        1.001442     0.021069029      0.11099113      0.21601778       1.1503098   1.1503098e-09       2.7004248      0.24530441      0.24663406       14.050092      0.74676536      0.71104726      0.28887408      0.13270503       151.05507      0.71127711      0.56599439      0.42929979      0.31472977      0.58557636       1.0357394              10       11.598762       1.6979834        1.6979834       11.598762                       11.598762
              4       7.3357306       69.405086       2.1488069       1.0725714     0.023502125      0.12202441       0.0826386       0.8574622    8.574622e-10       2.2575171      0.24635506      0.24768854       13.534083       0.7268353       0.6964801      0.30344488       0.1461714       145.32911      0.65490241      0.55123266      0.40494141      0.30054682      0.54559733       1.0463018              10       11.275494       1.6979834        1.6979834       11.275494                       11.275494
              7       7.1304146       72.034541       2.1481227       1.0673659     0.026896838      0.12752065     0.074416735      0.85687576   8.5687576e-10       1.7988509      0.24762713      0.24896522        13.09633      0.73838064      0.70109994      0.29883041      0.15506236       140.50478      0.64933874      0.54918023      0.40747213      0.30126876      0.55111434       1.0501411              10       10.864862       1.6979834        1.6979834       10.864862                       10.864862
             35       7.1197839       72.047925       2.0214714      0.98440866     0.026904376      0.12759592      0.07164595       0.7549425    7.549425e-10       1.7979877      0.24762975      0.24896784       13.093305      0.65415851      0.70105147      0.29887891      0.15514516       140.47961      0.58879751       0.4980963       0.3695307      0.27322746       0.4997775       1.0502287              10       10.843601       1.6979834        1.6979834       10.843601                       10.843601
              2       8.3805296       79.800496       2.5028359      0.98561844     0.037243185      0.14272318      0.10814943       1.2217091   1.2217091e-09      0.99807294      0.25060825      0.25195706       11.995526      0.98408001      0.71632538      0.28361787      0.18061124       128.39377      0.73053342       0.6204317      0.47624045       0.3475439      0.65259371       1.0556252              10       13.365092       1.6979834        1.6979834       13.365092                       13.365092
              2       7.5153983       90.803719       3.0733947      0.93050035     0.051042474      0.18552941     0.062335884       2.1615156   2.1615156e-09      0.86770902      0.25124793      0.25259901       10.500936        1.908157      0.71225734      0.28769883      0.23721676        112.5961       1.0049109      0.92217751      0.70131624      0.51362768      0.95758949       1.0712277              10        11.63483       1.6979834        1.6979834        11.63483                        11.63483
              9       6.9632529       77.787877       1.9772018      0.81619239     0.033499167       0.1460293       0.2802563      0.72225044   7.2225044e-10       1.2186688      0.24964956      0.25099493       12.140399      0.41234458      0.70218005      0.29776022      0.18017334       130.67038      0.54675622      0.47898353      0.35621841      0.26313768      0.48222497       1.0631039              10       10.530539       1.6979834        1.6979834       10.530539                       10.530539
              1       6.9830351       77.155016       1.9780448       0.8156707     0.032696243      0.14348683      0.24357328      0.72285959   7.2285959e-10       1.2741578       0.2494289      0.25077348       12.248137       0.4441083      0.70289408      0.29704521      0.17682794       131.83013      0.54511927      0.47457492      0.35349173      0.26096658      0.47882147       1.0617366              10       10.570104       1.6979834        1.6979834       10.570104                       10.570104
              2       8.1792378       72.294151       2.3884197       1.0209467      0.02735774      0.13207769      0.22246933       1.0896261   1.0896261e-09       1.7471318      0.24778555      0.24912421       12.959669      0.69830169      0.69364174      0.30628911       0.1600803       138.99937       0.7315379       0.6337204      0.46272323      0.34423434      0.62199718       1.0537582              10       12.962509       1.6979834        1.6979834       12.962509                       12.962509
              3       11.185557       82.579921       2.9872986       1.0002654     0.037915827      0.17839011     0.078143214       1.9832035   1.9832035e-09      0.96408337      0.25076869      0.25211807       11.225886        1.696262      0.68181135      0.31813565       0.2169508       121.64877       1.0722359       1.0272344       0.7317802      0.54958357      0.97437822       1.0839282              10       18.975147       1.6979834        1.6979834       18.975147                       18.975147
              7       12.919354       74.593091       2.4828641       1.1712629     0.027760012       0.1392018      0.10000658       1.1975514   1.1975514e-09       1.7036942      0.24792151      0.24926066       12.619206      0.98045924       0.6987079      0.30122715      0.16760668       137.02597      0.84099212      0.72901556      0.53810218       0.3986468      0.72634212       1.0652185              10       22.442741       1.6979834        1.6979834       22.442741                       22.442741
              9       7.1376084       76.994424       3.1839793       0.8101705     0.033112265      0.13871103      0.33093426       2.4142634   2.4142634e-09       1.2449987      0.24954405      0.25088904        12.34495       1.2454859      0.70900778      0.29093126      0.17246816       132.46017      0.97047868      0.82835758      0.62540771      0.45931521      0.85156075       1.0564238              10        10.87925       1.6979834        1.6979834        10.87925                        10.87925
              7       7.4263471        74.52425       3.0504871      0.84006422      0.02974808       0.1297153      0.67819197       2.1125632   2.1125632e-09       1.5097786      0.24856268      0.24990414        12.78633      0.54417633      0.71165231      0.28828262      0.16010824       137.31507      0.91048334      0.75831265      0.57593759      0.42201709      0.78599686       1.0513682              10       11.456727       1.6979834        1.6979834       11.456727                       11.456727
              2       7.7823396       76.100272       2.1019487      0.86862487     0.032516201      0.13562285      0.71430199      0.81820991   8.1820991e-10        1.287059       0.2493785       0.2507229       12.483774      0.19607847      0.70849124      0.29144636      0.16878392       133.60212       0.5747767        0.488524      0.36841043      0.27068961      0.50140916       1.0531533              10       12.168712       1.6979834        1.6979834       12.168712                       12.168712
             22       7.7981911       76.071758       2.6282584      0.91463778      0.03248789      0.13559845      0.71415499       1.3849628   1.3849628e-09       1.2891036      0.24937055      0.25071492       12.486932      0.33199456      0.70836374      0.29157381      0.16873121       133.63078      0.76247765      0.64819156      0.48868158      0.35909809      0.66502633       1.0531334              10       12.200415       1.6979834        1.6979834       12.200415                       12.200415
              7       7.0279745       74.900008       2.6308945      0.91676391     0.030520009      0.13446809      0.66757731       1.3886186   1.3886186e-09       1.4427072      0.24879813      0.25014045       12.638068      0.36536984      0.70469025      0.29524533      0.16563296       135.57157      0.77412085      0.66039733      0.49385046      0.36403339      0.66996127       1.0543949              10       10.659982       1.6979834        1.6979834       10.659982                       10.659982
              3       6.8948251        83.49275       3.4621499      0.93605209      0.04089422      0.16493798      0.67839428       3.1885453   3.1885453e-09      0.86770902      0.25124793      0.25259901       11.327947       0.8210069       0.7037555      0.29619266      0.20647707       121.83056       1.2266026       1.1079904      0.82684071      0.60997976       1.1208004        1.069894              10       10.393683       1.6979834        1.6979834       10.393683                       10.393683
              2       8.1856443       76.002454       3.4634688      0.94791845     0.031908894      0.14528638      0.79916809       3.1927536   3.1927536e-09       1.3318968      0.24920607      0.25054985       12.309865      0.64567923      0.69206233      0.30787511      0.17784014       132.11809       1.2339076       1.1010941      0.80129071       0.5968755       1.0757131       1.0622081              10       12.975322       1.6979834        1.6979834       12.975322                       12.975322
              2       8.8339251        82.86479       3.5671211      0.93298588     0.041179538      0.16736461       0.7884171       3.5414493   3.5414493e-09      0.86770902      0.25124793      0.25259901       11.324328      0.73176331      0.69529903      0.30464834      0.20918902       121.24128        1.303616       1.2032185      0.88162604      0.65498916        1.186683        1.068985              10       14.271883       1.6979834        1.6979834       14.271883                       14.271883
              2       6.8602706       92.990968       3.6998006      0.81388433     0.053227842      0.20191525      0.68124788       4.0439241   4.0439241e-09      0.86770902      0.25124793      0.25259901       10.175128       1.0353295      0.70415795      0.29580026      0.25578796       109.28747       1.3427258       1.2784898       0.9548988      0.70421778        1.294815       1.0779796              10       10.324575       1.6979834        1.6979834       10.324575                       10.324575
              1       7.2016401       88.421959       2.6182887       1.1337304     0.047441629      0.18865337      0.36012129       1.3712237   1.3712237e-09      0.86770902      0.25124793      0.25259901       10.631046      0.66728436      0.69715708       0.3027967      0.23673986       114.17267      0.92757761      0.87954328       0.6470206      0.47996093       0.8722286       1.0768176              10       11.007313       1.6979834        1.6979834       11.007313                       11.007313
              2       7.5008722       88.992518       2.6241036       0.9371613     0.047937318      0.19399594      0.37848872       1.3792205   1.3792205e-09      0.86770902      0.25124793      0.25259901       10.528955      0.64696765      0.69365602      0.30629834      0.24257813       113.15447      0.84825137      0.81530926      0.59530219      0.44286733       0.8002051       1.0793841              10       11.605778       1.6979834        1.6979834       11.605778                       11.605778
              3       7.2987578       89.048894        2.626329      0.93593282     0.047813663      0.19380649      0.32918926       1.3822933   1.3822933e-09      0.86770902      0.25124793      0.25259901       10.529839      0.71559952      0.69443865      0.30551578      0.24226501       113.24952      0.84854121      0.81396992      0.59531334      0.44259248      0.80073204        1.079766              10       11.201549       1.6979834        1.6979834       11.201549                       11.201549
              1       9.0775469       82.415756        1.915473       1.0859811     0.038998445      0.17509954      0.23254535      0.67901499   6.7901499e-10      0.91241783      0.25102138      0.25237166       11.268065      0.42647447      0.68379314      0.31615366      0.21474285       121.44395      0.64383557       0.6127444      0.43828302      0.32864664      0.58449405       1.0785154              10       14.759127       1.6979834        1.6979834       14.759127                       14.759127
              1       9.3732939       84.231578       2.3400677       1.1652378      0.04123172      0.18331336      0.24388261        1.038194    1.038194e-09      0.86770902      0.25124793      0.25259901       11.013101      0.63744799      0.68255476       0.3173943      0.22518995       118.69505      0.84129772      0.81230151      0.57954473      0.43499748      0.77212422       1.0812313              10       15.350621       1.6979834        1.6979834       15.350621                       15.350621
              1       9.4991482        83.88529       1.9310132       1.0952633     0.040627693      0.18242589      0.29646105       0.6896494    6.896494e-10      0.86770902      0.25124793      0.25259901       11.053577      0.38117601      0.68204804       0.3179006      0.22369845        119.2175       0.6610785      0.63789475      0.45464119      0.34138278      0.60547462       1.0816174              10        15.60233       1.6979834        1.6979834        15.60233                        15.60233
              3       8.5083787       90.640109       3.5497433      0.90625616     0.048517349      0.20517086      0.15484746       3.4804383   3.4804383e-09      0.86770902      0.25124793      0.25259901       10.306852       2.5534958      0.69038378      0.30957224      0.25433308       111.34966       1.3637305       1.3355663      0.96845463      0.72238677        1.298341       1.0867325              10       13.620791       1.6979834        1.6979834       13.620791                       13.620791
              4       8.9797605       97.232257        3.540262      0.90479318     0.056317549      0.22825846      0.06309154        3.447595    3.447595e-09      0.86770902      0.25124793      0.25259901       9.6780179       3.0388946      0.69827201      0.30168977      0.28522088       104.66494       1.3718649       1.3596024       1.0025514      0.74301368       1.3527468       1.0896592              10       14.563554       1.6979834        1.6979834       14.563554                       14.563554
              2       8.9668806       99.623594       3.2772218      0.84861164     0.062944092      0.23241035      0.28390219       2.6502042   2.6502042e-09      0.86770902      0.25124793      0.25259901       9.4761906       1.5020522      0.70172332      0.29824027      0.29599931       101.27699        1.135226       1.1271039      0.83734611      0.61879469       1.1330875       1.0791594              10       14.537794       1.6979834        1.6979834       14.537794                       14.537794
              1       9.2189224       89.917601         2.90308      0.82093373     0.050699127      0.19079607      0.23515316       1.8230208   1.8230208e-09      0.86770902      0.25124793      0.25259901       10.486465       1.1390432      0.70046881      0.29948649      0.24214007       112.06649      0.89268647      0.84518482      0.62620368      0.46324413      0.84648897       1.0725978              10       15.041878       1.6979834        1.6979834       15.041878                       15.041878
              1       7.0809224       98.493275       3.3736136      0.90153042     0.060447229      0.22183371      0.22842967       2.9183795   2.9183795e-09      0.86770902      0.25124793      0.25259901       9.6447964       1.8481205      0.70831448      0.29164827       0.2829258       103.49562       1.2085212       1.1692891      0.88139871      0.64771993       1.1993821       1.0793238              10       10.765878       1.6979834        1.6979834       10.765878                       10.765878
              5       6.9012462       96.637017       1.9925459      0.94001517      0.05792709      0.21732081      0.18701256      0.73341821   7.3341821e-10      0.86770902      0.25124793      0.25259901       9.7947952      0.50456212      0.70453219      0.29542911      0.27589277       105.14969      0.62141246      0.60249097      0.45036542      0.33203079       0.6108741       1.0800721              10       10.406526       1.6979834        1.6979834       10.406526                       10.406526
             16       7.7258076       99.192157       3.3987613        1.021125     0.060421177      0.24180463      0.18571405       2.9927008   2.9927008e-09      0.86770902      0.25124793      0.25259901       9.4335122       2.0642111      0.69213922      0.30782405      0.30287067       101.38334       1.3878487       1.4146335       1.0295713      0.76688819       1.3822315       1.0878139              10       12.055648       1.6979834        1.6979834       12.055648                       12.055648
              9        7.628166       98.152201       3.2416183        1.040384     0.059181186      0.23613526      0.24634412       2.5575076   2.5575076e-09      0.86770902      0.25124793      0.25259901       9.5387753       1.5625904      0.69275283      0.30720966      0.29596132       102.51409       1.2880993       1.3037119      0.95007545      0.70732142       1.2761431       1.0869039              10       11.860365       1.6979834        1.6979834       11.860365                       11.860365
              3       7.2300657       99.187402       2.2903783      0.96499279     0.059768921      0.23502815     0.098767514      0.98786743   9.8786743e-10      0.86770902      0.25124793      0.25259901       9.4995451      0.81079356      0.69966065      0.30030261      0.29544194       102.37239      0.75907796      0.75667383      0.55963442      0.41428022      0.75598755       1.0872186              10       11.064165       1.6979834        1.6979834       11.064165                       11.064165
             12       7.4996882       99.814673       2.2792371       1.1539841     0.060241232      0.23939925      0.18194684       0.9769225    9.769225e-10      0.86770902      0.25124793      0.25259901       9.4302317      0.67892702      0.69856226      0.30140147      0.30028535       101.70907      0.85528354      0.85808243       0.6331311      0.46911572      0.85449063        1.088807              10        11.60341       1.6979834        1.6979834        11.60341                        11.60341
              6       9.3015816       79.787627       3.8911171       1.1342668     0.035134672      0.16461623     0.069262759       4.8965556   4.8965556e-09       1.1151851      0.25008206      0.25142898       11.653247       4.2631422      0.68515575      0.31478748      0.20039577       125.94318       1.7534086       1.6355261       1.1731546      0.87873844       1.5662133       1.0765398              10       15.207197       1.6979834        1.6979834       15.207197                       15.207197
              6       10.840406       83.255087       3.8851223       1.1380568      0.03888756      0.18123315     0.075522239       4.8672895   4.8672895e-09       0.9175451      0.25099583      0.25234602       11.131293       4.1849416       0.6814476      0.31850026      0.22076558       120.54271        1.809766       1.7426794       1.2405243      0.93192875        1.651307       1.0843979              10       18.284846       1.6979834        1.6979834       18.284846                       18.284846
              7       10.897716       83.192736       2.6899123      0.91103048     0.038776027       0.1808855     0.071345208       1.4730384   1.4730384e-09       0.9227393      0.25097005      0.25232015       11.141466       1.2771573      0.68163339      0.31831439      0.22030639       120.67172      0.88584038      0.85223565      0.60689316      0.45585457      0.80797547       1.0843726              10       18.399466       1.6979834        1.6979834       18.399466                       18.399466
              4       9.1978257       76.283842       3.4546711      0.85624373     0.032190842       0.1297314      0.56321015       3.1647879   3.1647879e-09       1.3108221      0.24928659      0.25063065       12.600763       1.0259979      0.72057574      0.27936216      0.16256711       135.14503       1.0937563      0.89593918      0.69451037      0.50491774      0.95529354       1.0495875              10       14.999685       1.6979834        1.6979834       14.999685                       14.999685
              1       7.5536621       68.764107       3.4464418      0.87591101     0.023024169      0.11726234      0.70162088       3.1388507   3.1388507e-09       2.3355225      0.24615831      0.24749107       13.728829      0.77152589      0.70187704      0.29804654      0.14093138       147.09169       1.1388192      0.93881975        0.697761      0.51555822      0.94435585        1.040717              10       11.711357       1.6979834        1.6979834       11.711357                       11.711357
              3       9.1970539       91.449565       3.3878526      0.94396067     0.052431028      0.19976656      0.43763737       2.9602316   2.9602316e-09      0.86770902      0.25124793      0.25259901       10.283626       1.2336691      0.69762298      0.30233381      0.25284246       109.97042       1.2331039       1.1874612      0.87440407      0.64838633       1.1792082       1.0756363              10       14.998141       1.6979834        1.6979834       14.998141                       14.998141
              1       7.4187191       96.846262       3.4899238       0.9455546      0.05866956       0.2201353      0.36749361        3.278345    3.278345e-09      0.86770902      0.25124793      0.25259901       9.7505359       1.5720044      0.70201519      0.29794628      0.27944973       104.48815       1.3236615       1.2945934      0.96239387      0.71102904       1.3026218       1.0796785              10       11.441471       1.6979834        1.6979834       11.441471                       11.441471
              5       8.7504192       68.885756       2.2062474       1.0036204     0.022249908      0.11179472      0.33916817      0.90815725   9.0815725e-10       2.4706392      0.24583111      0.24716268       13.891861      0.46085396      0.71608301      0.28384083       0.1346895       149.45074      0.62643444      0.49465066      0.37949762      0.27699873      0.51992457       1.0370487              10       14.104872       1.6979834        1.6979834       14.104872                       14.104872
              4       8.0525625       99.107506       2.1608158       1.0119907     0.061756146       0.2168696       0.5196565      0.86782148   8.6782148e-10      0.86770902      0.25124793      0.25259901       9.6529794      0.30694636      0.71564011       0.2843231      0.27927062       103.46259      0.68655368      0.65125276      0.49909223      0.36444655      0.68348309       1.0755071              10       12.709158       1.6979834        1.6979834       12.709158                       12.709158
              3       7.2358435       99.860438        1.622176       1.0403077     0.062236697      0.22616949      0.68865506      0.50640978   5.0640978e-10      0.86770902      0.25124793      0.25259901       9.5290853        0.127745      0.71010421      0.28985955      0.28905105       102.23853       0.5469932      0.52995426      0.40107497      0.29428794      0.54661137        1.079276              10        11.07572       1.6979834        1.6979834        11.07572                        11.07572
              7       6.8957452        86.52233       3.0663975      0.87379369      0.04507794       0.1776408      0.67584629       2.1464439   2.1464439e-09      0.86770902      0.25124793      0.25259901       10.909158      0.55550364      0.70158114      0.29837058      0.22336361       117.16042       0.9902392      0.91659079      0.68075873      0.50313232      0.92109456       1.0730741              10       10.395524       1.6979834        1.6979834       10.395524                       10.395524
              1       6.9497291       90.815386       3.0630961      0.87355723     0.050005663      0.19386195      0.71686885       2.1393692   2.1393692e-09      0.86770902      0.25124793      0.25259901       10.412209       0.5100601      0.70348522      0.29647096      0.24451248       112.03112       1.0046868      0.94729499      0.70648991      0.52131654      0.95743748       1.0779743              10       10.503492       1.6979834        1.6979834       10.503492                       10.503492
              5       6.9156004       89.690107       3.0667569      0.87327968      0.04860911      0.18980711      0.76553757       2.1472153   2.1472153e-09      0.86770902      0.25124793      0.25259901       10.535766      0.46444908      0.70277493      0.29718015      0.23906108       113.35232       1.0035503      0.94236708      0.70172406      0.51810921      0.95041092       1.0771987              10       10.435234       1.6979834        1.6979834       10.435234                       10.435234
              2       6.8919445       88.807471       1.7087144       1.1342869     0.047517346      0.18678856      0.76343166      0.55218582   5.5218582e-10      0.86770902      0.25124793      0.25259901       10.633203      0.11994356      0.70204912      0.29790506      0.23495078       114.39137      0.58413955      0.54701889      0.40668751       0.3004556      0.55047977       1.0766061              10       10.387922       1.6979834        1.6979834       10.387922                       10.387922
              5       7.3776914       84.906794       1.9173597       1.1328592     0.042392727      0.16839775      0.72927594      0.68029726   6.8029726e-10      0.86770902      0.25124793      0.25259901       11.170018      0.15821866      0.70666294      0.29328693      0.21143535       120.27921      0.62690983      0.56601848       0.4251082      0.31284027      0.57766533       1.0713285              10       11.359416       1.6979834        1.6979834       11.359416                       11.359416
              3       7.0600883       78.032559       3.7443833       1.1815349     0.034422408      0.14733604      0.63225844       4.2282921   4.2282921e-09       1.1587632      0.24989624      0.25124249       12.082032       1.1939669      0.70038258      0.29955807      0.18240331       129.68064       1.5622909       1.3782361       1.0209867      0.75533626       1.3800659       1.0621346              10        10.72421       1.6979834        1.6979834        10.72421                        10.72421
              8       6.9834184       78.535367       3.7479571       1.1799994     0.034404027      0.14964584      0.46794409       4.2434304   4.2434304e-09       1.1599172      0.24989139      0.25123762       12.005933       1.6644318      0.70049166      0.29944975      0.18469473       129.25018       1.5789715       1.3969773       1.0351134       0.7657181       1.3992874       1.0651953              10        10.57087       1.6979834        1.6979834        10.57087                        10.57087
             13       6.9540061       78.298442       3.6285951       1.1355944     0.034144645      0.14874916      0.46365065       3.7659872   3.7659872e-09       1.1763658       0.2498227      0.25116869       12.043037       1.4898996      0.70056205        0.299379      0.18353867       129.62616       1.4525379       1.2829039      0.95073477      0.70325805       1.2852986       1.0646497              10       10.512046       1.6979834        1.6979834       10.512046                       10.512046
              3        6.947552       78.220487       2.8217172       1.0971225     0.034056083      0.14847918      0.46239773       1.6805685   1.6805685e-09       1.1820529      0.24979913      0.25114504       12.054909      0.66653453       0.7005509      0.29939003      0.18318013       129.74821      0.95208361      0.84050407      0.62286608      0.46073798      0.84204509       1.0644956              10       10.499137       1.6979834        1.6979834       10.499137                       10.499137
             20       6.9382564       80.814721       2.8160019       1.0970211     0.037341599      0.15730762      0.45918865       1.6709909   1.6709909e-09      0.99300478      0.25063192      0.25198081       11.672104      0.66700317      0.70091923      0.29902544      0.19529408       125.62007      0.95943413      0.85998048      0.63780429      0.47164417      0.86250258       1.0681712              10       10.480546       1.6979834        1.6979834       10.480546                       10.480546
              1       6.9280472       80.567921       2.7125374      0.93627506     0.037048588       0.1560187      0.43879433       1.5067459   1.5067459e-09       1.0081931      0.25056122      0.25190986       11.714432      0.62648127      0.70152115      0.29842318      0.19371215       126.06486       0.8406417      0.75098657      0.55769936      0.41220028      0.75455692       1.0674992              10       10.460128       1.6979834        1.6979834       10.460128                       10.460128
              3       6.9049053       81.192699        2.580681      0.80893421     0.037911551      0.15726886        0.450671       1.3206129   1.3206129e-09      0.96429472      0.25076768      0.25211705       11.639264      0.53620106       0.7028916      0.29705358      0.19582527       125.21507      0.74091008      0.66170768      0.49287035      0.36386593      0.66761178       1.0675229              10       10.413844       1.6979834        1.6979834       10.413844                       10.413844
              4       7.2100785        86.20938       2.2584532       1.1784397     0.043850528      0.17736555      0.43887632      0.95682773   9.5682773e-10      0.86770902      0.25124793      0.25259901       10.947223      0.39776872      0.70143249      0.29851888      0.22186094       117.95457      0.78077936      0.72172389      0.53585654      0.39608782      0.72494588       1.0755426              10        11.02419       1.6979834        1.6979834        11.02419                        11.02419
              5       7.4124319       93.312093       2.2797952       1.0774958     0.053823002      0.19665075      0.34581722      0.97746781   9.7746781e-10      0.86770902      0.25124793      0.25259901       10.211813      0.48947379      0.71155332      0.28840518      0.25111862       109.65178      0.74628259      0.69577031      0.52829079      0.38714513      0.72089543       1.0748383              10       11.428897       1.6979834        1.6979834       11.428897                       11.428897
              2        7.408876       93.119793       2.5531117        1.099021     0.053610474      0.19580427      0.35175604       1.2847017   1.2847017e-09      0.86770902      0.25124793      0.25259901       10.233177      0.63572735      0.71158203      0.28837629      0.25005961       109.86956       0.8649449      0.80549697      0.61164486      0.44821792      0.83465969       1.0745811              10       11.421785       1.6979834        1.6979834       11.421785                       11.421785
